ISO-10303-21;
HEADER;
FILE_DESCRIPTION(('STEP AP242'),'1');
FILE_NAME('sbh11-nbpc-d03-st-bk.stp','2025-06-12T04:19:00',('TraceParts'),('TraceParts S.A.'),'Spatial InterOp 3D',' ',' ');
FILE_SCHEMA(('AP242_MANAGED_MODEL_BASED_3D_ENGINEERING_MIM_LF  {1 0 10303 442 1 1 4}'));
ENDSEC;
DATA;
#1=PRODUCT_DEFINITION_CONTEXT('',#9,'design');
#2=APPLICATION_PROTOCOL_DEFINITION('INTERNATIONAL STANDARD','ap242_managed_model_based_3d_engineering',2014,#9);
#3=PRODUCT_CATEGORY_RELATIONSHIP('NONE','NONE',#10,#11);
#4=SHAPE_DEFINITION_REPRESENTATION(#12,#13);
#5= (GEOMETRIC_REPRESENTATION_CONTEXT(3)GLOBAL_UNCERTAINTY_ASSIGNED_CONTEXT((#16))GLOBAL_UNIT_ASSIGNED_CONTEXT((#18,#19,#20))REPRESENTATION_CONTEXT('NONE','WORKSPACE'));
#9=APPLICATION_CONTEXT('managed model based 3d engineering');
#10=PRODUCT_CATEGORY('part','NONE');
#11=PRODUCT_RELATED_PRODUCT_CATEGORY('detail',' ',(#22));
#12=PRODUCT_DEFINITION_SHAPE('NONE','NONE',#23);
#13=ADVANCED_BREP_SHAPE_REPRESENTATION('Cut-Extrude3',(#24,#25),#5);
#16=UNCERTAINTY_MEASURE_WITH_UNIT(LENGTH_MEASURE(1.0E-06),#18,'','');
#18= (CONVERSION_BASED_UNIT('MILLIMETRE',#28)LENGTH_UNIT()NAMED_UNIT(#31));
#19= (NAMED_UNIT(#33)PLANE_ANGLE_UNIT()SI_UNIT($,.RADIAN.));
#20= (NAMED_UNIT(#33)SOLID_ANGLE_UNIT()SI_UNIT($,.STERADIAN.));
#22=PRODUCT('Cut-Extrude3','Cut-Extrude3','PART-Cut-Extrude3-DESC',(#39));
#23=PRODUCT_DEFINITION('','NONE',#40,#1);
#24=MANIFOLD_SOLID_BREP('Cut-Extrude3',#41);
#25=AXIS2_PLACEMENT_3D('',#42,#43,#44);
#28=LENGTH_MEASURE_WITH_UNIT(LENGTH_MEASURE(1.0),#45);
#31=DIMENSIONAL_EXPONENTS(1.0,0.0,0.0,0.0,0.0,0.0,0.0);
#33=DIMENSIONAL_EXPONENTS(0.0,0.0,0.0,0.0,0.0,0.0,0.0);
#39=PRODUCT_CONTEXT('',#9,'mechanical');
#40=PRODUCT_DEFINITION_FORMATION_WITH_SPECIFIED_SOURCE(' ','NONE',#22,.NOT_KNOWN.);
#41=CLOSED_SHELL('',(#46,#47,#48,#49,#50,#51,#52,#53,#54,#55,#56,#57,#58,#59,#60,#61,#62,#63,#64,#65,#66,#67,#68,#69,#70,#71,#72,#73,#74,#75,#76,#77,#78,#79,#80,#81,#82,#83,#84,#85,#86,#87,#88,#89,#90,#91,#92,#93,#94,#95,#96,#97,#98,#99,#100,#101,#102,#103,#104,#105,#106,#107,#108,#109,#110,#111,#112,#113,#114,#115,#116,#117,#118,#119,#120,#121,#122,#123,#124,#125,#126,#127,#128,#129,#130,#131,#132,#133,#134,#135,#136,#137,#138,#139,#140,#141,#142,#143,#144,#145,#146,#147,#148,#149,#150,#151,#152,#153,#154,#155,#156,#157,#158,#159,#160,#161,#162,#163,#164,#165,#166,#167,#168,#169,#170,#171,#172,#173,#174,#175,#176,#177,#178,#179,#180,#181,#182,#183,#184,#185,#186,#187,#188,#189,#190,#191,#192,#193,#194,#195,#196,#197,#198,#199,#200,#201,#202,#203,#204,#205,#206,#207,#208,#209,#210,#211,#212,#213,#214,#215,#216,#217,#218,#219,#220,#221,#222,#223,#224,#225,#226,#227,#228,#229,#230,#231,#232,#233,#234,#235,#236,#237,#238,#239,#240,#241,#242,#243,#244,#245));
#42=CARTESIAN_POINT('',(0.0,0.0,0.0));
#43=DIRECTION('',(0.0,0.0,1.0));
#44=DIRECTION('',(1.0,0.0,0.0));
#45= (NAMED_UNIT(#31)LENGTH_UNIT()SI_UNIT(.MILLI.,.METRE.));
#46=ADVANCED_FACE('NONE',(#247),#248,.T.);
#47=ADVANCED_FACE('NONE',(#249),#250,.T.);
#48=ADVANCED_FACE('NONE',(#251),#252,.T.);
#49=ADVANCED_FACE('NONE',(#253),#254,.T.);
#50=ADVANCED_FACE('NONE',(#255),#256,.T.);
#51=ADVANCED_FACE('NONE',(#257),#258,.T.);
#52=ADVANCED_FACE('NONE',(#259),#260,.T.);
#53=ADVANCED_FACE('NONE',(#261),#262,.T.);
#54=ADVANCED_FACE('NONE',(#263),#264,.T.);
#55=ADVANCED_FACE('NONE',(#265),#266,.T.);
#56=ADVANCED_FACE('NONE',(#267,#268,#269,#270,#271,#272,#273,#274,#275,#276,#277,#278,#279),#280,.T.);
#57=ADVANCED_FACE('NONE',(#281),#282,.T.);
#58=ADVANCED_FACE('NONE',(#283),#284,.T.);
#59=ADVANCED_FACE('NONE',(#285),#286,.T.);
#60=ADVANCED_FACE('NONE',(#287),#288,.T.);
#61=ADVANCED_FACE('NONE',(#289),#290,.F.);
#62=ADVANCED_FACE('NONE',(#291),#292,.T.);
#63=ADVANCED_FACE('NONE',(#293),#294,.T.);
#64=ADVANCED_FACE('NONE',(#295),#296,.T.);
#65=ADVANCED_FACE('NONE',(#297),#298,.T.);
#66=ADVANCED_FACE('NONE',(#299),#300,.T.);
#67=ADVANCED_FACE('NONE',(#301),#302,.T.);
#68=ADVANCED_FACE('NONE',(#303),#304,.F.);
#69=ADVANCED_FACE('NONE',(#305,#306),#307,.T.);
#70=ADVANCED_FACE('NONE',(#308),#309,.F.);
#71=ADVANCED_FACE('NONE',(#310),#311,.T.);
#72=ADVANCED_FACE('NONE',(#312),#313,.T.);
#73=ADVANCED_FACE('NONE',(#314),#315,.T.);
#74=ADVANCED_FACE('NONE',(#316),#317,.T.);
#75=ADVANCED_FACE('NONE',(#318),#319,.T.);
#76=ADVANCED_FACE('NONE',(#320),#321,.T.);
#77=ADVANCED_FACE('NONE',(#322),#323,.T.);
#78=ADVANCED_FACE('NONE',(#324),#325,.T.);
#79=ADVANCED_FACE('NONE',(#326),#327,.T.);
#80=ADVANCED_FACE('NONE',(#328),#329,.T.);
#81=ADVANCED_FACE('NONE',(#330),#331,.T.);
#82=ADVANCED_FACE('NONE',(#332),#333,.T.);
#83=ADVANCED_FACE('NONE',(#334),#335,.T.);
#84=ADVANCED_FACE('NONE',(#336),#337,.T.);
#85=ADVANCED_FACE('NONE',(#338),#339,.T.);
#86=ADVANCED_FACE('NONE',(#340),#341,.T.);
#87=ADVANCED_FACE('NONE',(#342),#343,.T.);
#88=ADVANCED_FACE('NONE',(#344),#345,.T.);
#89=ADVANCED_FACE('NONE',(#346),#347,.T.);
#90=ADVANCED_FACE('NONE',(#348),#349,.T.);
#91=ADVANCED_FACE('NONE',(#350),#351,.T.);
#92=ADVANCED_FACE('NONE',(#352),#353,.T.);
#93=ADVANCED_FACE('NONE',(#354),#355,.T.);
#94=ADVANCED_FACE('NONE',(#356),#357,.T.);
#95=ADVANCED_FACE('NONE',(#358),#359,.T.);
#96=ADVANCED_FACE('NONE',(#360),#361,.T.);
#97=ADVANCED_FACE('NONE',(#362),#363,.T.);
#98=ADVANCED_FACE('NONE',(#364),#365,.T.);
#99=ADVANCED_FACE('NONE',(#366),#367,.T.);
#100=ADVANCED_FACE('NONE',(#368),#369,.T.);
#101=ADVANCED_FACE('NONE',(#370),#371,.T.);
#102=ADVANCED_FACE('NONE',(#372),#373,.F.);
#103=ADVANCED_FACE('NONE',(#374),#375,.T.);
#104=ADVANCED_FACE('NONE',(#376),#377,.F.);
#105=ADVANCED_FACE('NONE',(#378),#379,.F.);
#106=ADVANCED_FACE('NONE',(#380),#381,.T.);
#107=ADVANCED_FACE('NONE',(#382),#383,.F.);
#108=ADVANCED_FACE('NONE',(#384),#385,.T.);
#109=ADVANCED_FACE('NONE',(#386),#387,.F.);
#110=ADVANCED_FACE('NONE',(#388),#389,.F.);
#111=ADVANCED_FACE('NONE',(#390),#391,.T.);
#112=ADVANCED_FACE('NONE',(#392),#393,.F.);
#113=ADVANCED_FACE('NONE',(#394),#395,.T.);
#114=ADVANCED_FACE('NONE',(#396,#397,#398,#399,#400,#401,#402),#403,.T.);
#115=ADVANCED_FACE('NONE',(#404),#405,.F.);
#116=ADVANCED_FACE('NONE',(#406),#407,.F.);
#117=ADVANCED_FACE('NONE',(#408),#409,.F.);
#118=ADVANCED_FACE('NONE',(#410),#411,.T.);
#119=ADVANCED_FACE('NONE',(#412),#413,.F.);
#120=ADVANCED_FACE('NONE',(#414),#415,.T.);
#121=ADVANCED_FACE('NONE',(#416),#417,.T.);
#122=ADVANCED_FACE('NONE',(#418),#419,.T.);
#123=ADVANCED_FACE('NONE',(#420),#421,.T.);
#124=ADVANCED_FACE('NONE',(#422),#423,.T.);
#125=ADVANCED_FACE('NONE',(#424),#425,.F.);
#126=ADVANCED_FACE('NONE',(#426),#427,.T.);
#127=ADVANCED_FACE('NONE',(#428),#429,.T.);
#128=ADVANCED_FACE('NONE',(#430),#431,.F.);
#129=ADVANCED_FACE('NONE',(#432),#433,.T.);
#130=ADVANCED_FACE('NONE',(#434),#435,.T.);
#131=ADVANCED_FACE('NONE',(#436),#437,.T.);
#132=ADVANCED_FACE('NONE',(#438),#439,.T.);
#133=ADVANCED_FACE('NONE',(#440),#441,.T.);
#134=ADVANCED_FACE('NONE',(#442),#443,.F.);
#135=ADVANCED_FACE('NONE',(#444),#445,.T.);
#136=ADVANCED_FACE('NONE',(#446),#447,.F.);
#137=ADVANCED_FACE('NONE',(#448),#449,.F.);
#138=ADVANCED_FACE('NONE',(#450),#451,.F.);
#139=ADVANCED_FACE('NONE',(#452),#453,.F.);
#140=ADVANCED_FACE('NONE',(#454),#455,.F.);
#141=ADVANCED_FACE('NONE',(#456),#457,.F.);
#142=ADVANCED_FACE('NONE',(#458),#459,.F.);
#143=ADVANCED_FACE('NONE',(#460),#461,.T.);
#144=ADVANCED_FACE('NONE',(#462),#463,.T.);
#145=ADVANCED_FACE('NONE',(#464),#465,.T.);
#146=ADVANCED_FACE('NONE',(#466),#467,.T.);
#147=ADVANCED_FACE('NONE',(#468),#469,.T.);
#148=ADVANCED_FACE('NONE',(#470),#471,.T.);
#149=ADVANCED_FACE('NONE',(#472),#473,.T.);
#150=ADVANCED_FACE('NONE',(#474),#475,.T.);
#151=ADVANCED_FACE('NONE',(#476),#477,.T.);
#152=ADVANCED_FACE('NONE',(#478),#479,.T.);
#153=ADVANCED_FACE('NONE',(#480),#481,.T.);
#154=ADVANCED_FACE('NONE',(#482),#483,.T.);
#155=ADVANCED_FACE('NONE',(#484),#485,.T.);
#156=ADVANCED_FACE('NONE',(#486),#487,.T.);
#157=ADVANCED_FACE('NONE',(#488),#489,.T.);
#158=ADVANCED_FACE('NONE',(#490),#491,.T.);
#159=ADVANCED_FACE('NONE',(#492),#493,.T.);
#160=ADVANCED_FACE('NONE',(#494),#495,.T.);
#161=ADVANCED_FACE('NONE',(#496),#497,.T.);
#162=ADVANCED_FACE('NONE',(#498),#499,.T.);
#163=ADVANCED_FACE('NONE',(#500),#501,.T.);
#164=ADVANCED_FACE('NONE',(#502),#503,.T.);
#165=ADVANCED_FACE('NONE',(#504),#505,.T.);
#166=ADVANCED_FACE('NONE',(#506),#507,.T.);
#167=ADVANCED_FACE('NONE',(#508),#509,.T.);
#168=ADVANCED_FACE('NONE',(#510),#511,.T.);
#169=ADVANCED_FACE('NONE',(#512),#513,.T.);
#170=ADVANCED_FACE('NONE',(#514),#515,.T.);
#171=ADVANCED_FACE('NONE',(#516),#517,.T.);
#172=ADVANCED_FACE('NONE',(#518),#519,.T.);
#173=ADVANCED_FACE('NONE',(#520),#521,.T.);
#174=ADVANCED_FACE('NONE',(#522),#523,.T.);
#175=ADVANCED_FACE('NONE',(#524),#525,.T.);
#176=ADVANCED_FACE('NONE',(#526),#527,.T.);
#177=ADVANCED_FACE('NONE',(#528),#529,.T.);
#178=ADVANCED_FACE('NONE',(#530),#531,.T.);
#179=ADVANCED_FACE('NONE',(#532),#533,.T.);
#180=ADVANCED_FACE('NONE',(#534),#535,.T.);
#181=ADVANCED_FACE('NONE',(#536),#537,.T.);
#182=ADVANCED_FACE('NONE',(#538),#539,.T.);
#183=ADVANCED_FACE('NONE',(#540),#541,.T.);
#184=ADVANCED_FACE('NONE',(#542),#543,.T.);
#185=ADVANCED_FACE('NONE',(#544),#545,.T.);
#186=ADVANCED_FACE('NONE',(#546),#547,.T.);
#187=ADVANCED_FACE('NONE',(#548),#549,.T.);
#188=ADVANCED_FACE('NONE',(#550),#551,.T.);
#189=ADVANCED_FACE('NONE',(#552),#553,.T.);
#190=ADVANCED_FACE('NONE',(#554),#555,.T.);
#191=ADVANCED_FACE('NONE',(#556),#557,.T.);
#192=ADVANCED_FACE('NONE',(#558),#559,.T.);
#193=ADVANCED_FACE('NONE',(#560),#561,.T.);
#194=ADVANCED_FACE('NONE',(#562),#563,.T.);
#195=ADVANCED_FACE('NONE',(#564),#565,.T.);
#196=ADVANCED_FACE('NONE',(#566),#567,.T.);
#197=ADVANCED_FACE('NONE',(#568),#569,.T.);
#198=ADVANCED_FACE('NONE',(#570),#571,.T.);
#199=ADVANCED_FACE('NONE',(#572),#573,.T.);
#200=ADVANCED_FACE('NONE',(#574),#575,.T.);
#201=ADVANCED_FACE('NONE',(#576),#577,.T.);
#202=ADVANCED_FACE('NONE',(#578),#579,.T.);
#203=ADVANCED_FACE('NONE',(#580),#581,.T.);
#204=ADVANCED_FACE('NONE',(#582),#583,.T.);
#205=ADVANCED_FACE('NONE',(#584),#585,.T.);
#206=ADVANCED_FACE('NONE',(#586),#587,.T.);
#207=ADVANCED_FACE('NONE',(#588),#589,.T.);
#208=ADVANCED_FACE('NONE',(#590),#591,.T.);
#209=ADVANCED_FACE('NONE',(#592),#593,.T.);
#210=ADVANCED_FACE('NONE',(#594),#595,.T.);
#211=ADVANCED_FACE('NONE',(#596),#597,.F.);
#212=ADVANCED_FACE('NONE',(#598),#599,.T.);
#213=ADVANCED_FACE('NONE',(#600),#601,.T.);
#214=ADVANCED_FACE('NONE',(#602),#603,.T.);
#215=ADVANCED_FACE('NONE',(#604),#605,.F.);
#216=ADVANCED_FACE('NONE',(#606),#607,.T.);
#217=ADVANCED_FACE('NONE',(#608),#609,.T.);
#218=ADVANCED_FACE('NONE',(#610),#611,.F.);
#219=ADVANCED_FACE('NONE',(#612),#613,.T.);
#220=ADVANCED_FACE('NONE',(#614),#615,.T.);
#221=ADVANCED_FACE('NONE',(#616),#617,.T.);
#222=ADVANCED_FACE('NONE',(#618),#619,.T.);
#223=ADVANCED_FACE('NONE',(#620),#621,.T.);
#224=ADVANCED_FACE('NONE',(#622),#623,.F.);
#225=ADVANCED_FACE('NONE',(#624),#625,.T.);
#226=ADVANCED_FACE('NONE',(#626),#627,.T.);
#227=ADVANCED_FACE('NONE',(#628),#629,.F.);
#228=ADVANCED_FACE('NONE',(#630),#631,.T.);
#229=ADVANCED_FACE('NONE',(#632),#633,.T.);
#230=ADVANCED_FACE('NONE',(#634),#635,.T.);
#231=ADVANCED_FACE('NONE',(#636),#637,.F.);
#232=ADVANCED_FACE('NONE',(#638),#639,.T.);
#233=ADVANCED_FACE('NONE',(#640),#641,.T.);
#234=ADVANCED_FACE('NONE',(#642),#643,.T.);
#235=ADVANCED_FACE('NONE',(#644),#645,.T.);
#236=ADVANCED_FACE('NONE',(#646),#647,.T.);
#237=ADVANCED_FACE('NONE',(#648),#649,.T.);
#238=ADVANCED_FACE('NONE',(#650),#651,.T.);
#239=ADVANCED_FACE('NONE',(#652),#653,.T.);
#240=ADVANCED_FACE('NONE',(#654),#655,.T.);
#241=ADVANCED_FACE('NONE',(#656),#657,.T.);
#242=ADVANCED_FACE('NONE',(#658),#659,.T.);
#243=ADVANCED_FACE('NONE',(#660),#661,.T.);
#244=ADVANCED_FACE('NONE',(#662),#663,.T.);
#245=ADVANCED_FACE('NONE',(#664),#665,.T.);
#247=FACE_OUTER_BOUND('',#666,.T.);
#248=(B_SPLINE_SURFACE(3,3,((#668,#669,#670,#671),(#672,#673,#674,#675),(#676,#677,#678,#679),(#680,#681,#682,#683)),.UNSPECIFIED.,.F.,.F.,.F.)B_SPLINE_SURFACE_WITH_KNOTS((4,4),(4,4),(0.0,1.0),(0.0,1.0),.UNSPECIFIED.)RATIONAL_B_SPLINE_SURFACE(((1.0,0.333333333333333,0.333333333333333,1.0),(0.804737854124496,0.268245951374832,0.268245951374832,0.804737854124496),(0.804737854124496,0.268245951374832,0.268245951374832,0.804737854124496),(1.0,0.333333333333333,0.333333333333333,1.0)))BOUNDED_SURFACE()REPRESENTATION_ITEM('')GEOMETRIC_REPRESENTATION_ITEM()SURFACE());
#249=FACE_OUTER_BOUND('',#690,.T.);
#250=(B_SPLINE_SURFACE(3,3,((#692,#693,#694,#695),(#696,#697,#698,#699),(#700,#701,#702,#703),(#704,#705,#706,#707)),.UNSPECIFIED.,.F.,.F.,.F.)B_SPLINE_SURFACE_WITH_KNOTS((4,4),(4,4),(0.0,1.0),(0.0,1.0),.UNSPECIFIED.)RATIONAL_B_SPLINE_SURFACE(((1.0,0.333333333333333,0.333333333333333,1.0),(0.80473785412447,0.268245951374823,0.268245951374823,0.80473785412447),(0.80473785412447,0.268245951374823,0.268245951374823,0.80473785412447),(1.0,0.333333333333333,0.333333333333333,1.0)))BOUNDED_SURFACE()REPRESENTATION_ITEM('')GEOMETRIC_REPRESENTATION_ITEM()SURFACE());
#251=FACE_OUTER_BOUND('',#714,.T.);
#252=TOROIDAL_SURFACE('',#715,0.19999999999989,0.300000000000065);
#253=FACE_OUTER_BOUND('',#716,.T.);
#254=TOROIDAL_SURFACE('',#717,0.199999999999949,0.300000000000069);
#255=FACE_OUTER_BOUND('',#718,.T.);
#256=TOROIDAL_SURFACE('',#719,0.199999999999896,0.299999999999991);
#257=FACE_OUTER_BOUND('',#720,.T.);
#258=TOROIDAL_SURFACE('',#721,0.199999999999918,0.300000000000006);
#259=FACE_OUTER_BOUND('',#722,.T.);
#260=PLANE('',#723);
#261=FACE_OUTER_BOUND('',#724,.T.);
#262=PLANE('',#725);
#263=FACE_OUTER_BOUND('',#726,.T.);
#264=PLANE('',#727);
#265=FACE_OUTER_BOUND('',#728,.T.);
#266=PLANE('',#729);
#267=FACE_OUTER_BOUND('',#730,.T.);
#268=FACE_BOUND('',#731,.T.);
#269=FACE_BOUND('',#732,.T.);
#270=FACE_BOUND('',#733,.T.);
#271=FACE_BOUND('',#734,.T.);
#272=FACE_BOUND('',#735,.T.);
#273=FACE_BOUND('',#736,.T.);
#274=FACE_BOUND('',#737,.T.);
#275=FACE_BOUND('',#738,.T.);
#276=FACE_BOUND('',#739,.T.);
#277=FACE_BOUND('',#740,.T.);
#278=FACE_BOUND('',#741,.T.);
#279=FACE_BOUND('',#742,.T.);
#280=PLANE('',#743);
#281=FACE_OUTER_BOUND('',#744,.T.);
#282=PLANE('',#745);
#283=FACE_OUTER_BOUND('',#746,.T.);
#284=PLANE('',#747);
#285=FACE_OUTER_BOUND('',#748,.T.);
#286=PLANE('',#749);
#287=FACE_OUTER_BOUND('',#750,.T.);
#288=PLANE('',#751);
#289=FACE_OUTER_BOUND('',#752,.T.);
#290=PLANE('',#753);
#291=FACE_OUTER_BOUND('',#754,.T.);
#292=PLANE('',#755);
#293=FACE_OUTER_BOUND('',#756,.T.);
#294=PLANE('',#757);
#295=FACE_OUTER_BOUND('',#758,.T.);
#296=PLANE('',#759);
#297=FACE_OUTER_BOUND('',#760,.T.);
#298=PLANE('',#761);
#299=FACE_OUTER_BOUND('',#762,.T.);
#300=CYLINDRICAL_SURFACE('',#763,0.250000000000028);
#301=FACE_OUTER_BOUND('',#764,.T.);
#302=CYLINDRICAL_SURFACE('',#765,0.250000000000028);
#303=FACE_OUTER_BOUND('',#766,.T.);
#304=PLANE('',#767);
#305=FACE_OUTER_BOUND('',#768,.T.);
#306=FACE_BOUND('',#769,.T.);
#307=PLANE('',#770);
#308=FACE_OUTER_BOUND('',#771,.T.);
#309=PLANE('',#772);
#310=FACE_OUTER_BOUND('',#773,.T.);
#311=PLANE('',#774);
#312=FACE_OUTER_BOUND('',#775,.T.);
#313=PLANE('',#776);
#314=FACE_OUTER_BOUND('',#777,.T.);
#315=PLANE('',#778);
#316=FACE_OUTER_BOUND('',#779,.T.);
#317=PLANE('',#780);
#318=FACE_OUTER_BOUND('',#781,.T.);
#319=PLANE('',#782);
#320=FACE_OUTER_BOUND('',#783,.T.);
#321=PLANE('',#784);
#322=FACE_OUTER_BOUND('',#785,.T.);
#323=PLANE('',#786);
#324=FACE_OUTER_BOUND('',#787,.T.);
#325=PLANE('',#788);
#326=FACE_OUTER_BOUND('',#789,.T.);
#327=TOROIDAL_SURFACE('',#790,0.19999999999989,0.300000000000065);
#328=FACE_OUTER_BOUND('',#791,.T.);
#329=TOROIDAL_SURFACE('',#792,0.199999999999949,0.300000000000069);
#330=FACE_OUTER_BOUND('',#793,.T.);
#331=(B_SPLINE_SURFACE(3,3,((#795,#796,#797,#798),(#799,#800,#801,#802),(#803,#804,#805,#806),(#807,#808,#809,#810)),.UNSPECIFIED.,.F.,.F.,.F.)B_SPLINE_SURFACE_WITH_KNOTS((4,4),(4,4),(0.0,1.0),(0.0,1.0),.UNSPECIFIED.)RATIONAL_B_SPLINE_SURFACE(((1.0,0.333333333333333,0.333333333333333,1.0),(0.804737854124496,0.268245951374832,0.268245951374832,0.804737854124496),(0.804737854124496,0.268245951374832,0.268245951374832,0.804737854124496),(1.0,0.333333333333333,0.333333333333333,1.0)))BOUNDED_SURFACE()REPRESENTATION_ITEM('')GEOMETRIC_REPRESENTATION_ITEM()SURFACE());
#332=FACE_OUTER_BOUND('',#817,.T.);
#333=PLANE('',#818);
#334=FACE_OUTER_BOUND('',#819,.T.);
#335=PLANE('',#820);
#336=FACE_OUTER_BOUND('',#821,.T.);
#337=PLANE('',#822);
#338=FACE_OUTER_BOUND('',#823,.T.);
#339=PLANE('',#824);
#340=FACE_OUTER_BOUND('',#825,.T.);
#341=PLANE('',#826);
#342=FACE_OUTER_BOUND('',#827,.T.);
#343=PLANE('',#828);
#344=FACE_OUTER_BOUND('',#829,.T.);
#345=PLANE('',#830);
#346=FACE_OUTER_BOUND('',#831,.T.);
#347=PLANE('',#832);
#348=FACE_OUTER_BOUND('',#833,.T.);
#349=(B_SPLINE_SURFACE(3,3,((#835,#836,#837,#838),(#839,#840,#841,#842),(#843,#844,#845,#846),(#847,#848,#849,#850)),.UNSPECIFIED.,.F.,.F.,.F.)B_SPLINE_SURFACE_WITH_KNOTS((4,4),(4,4),(0.0,1.0),(0.0,1.0),.UNSPECIFIED.)RATIONAL_B_SPLINE_SURFACE(((1.0,0.333333333333333,0.333333333333333,1.0),(0.80473785412447,0.268245951374823,0.268245951374823,0.80473785412447),(0.80473785412447,0.268245951374823,0.268245951374823,0.80473785412447),(1.0,0.333333333333333,0.333333333333333,1.0)))BOUNDED_SURFACE()REPRESENTATION_ITEM('')GEOMETRIC_REPRESENTATION_ITEM()SURFACE());
#350=FACE_OUTER_BOUND('',#857,.T.);
#351=PLANE('',#858);
#352=FACE_OUTER_BOUND('',#859,.T.);
#353=PLANE('',#860);
#354=FACE_OUTER_BOUND('',#861,.T.);
#355=PLANE('',#862);
#356=FACE_OUTER_BOUND('',#863,.T.);
#357=PLANE('',#864);
#358=FACE_OUTER_BOUND('',#865,.T.);
#359=PLANE('',#866);
#360=FACE_OUTER_BOUND('',#867,.T.);
#361=PLANE('',#868);
#362=FACE_OUTER_BOUND('',#869,.T.);
#363=PLANE('',#870);
#364=FACE_OUTER_BOUND('',#871,.T.);
#365=PLANE('',#872);
#366=FACE_OUTER_BOUND('',#873,.T.);
#367=TOROIDAL_SURFACE('',#874,0.199999999999896,0.299999999999991);
#368=FACE_OUTER_BOUND('',#875,.T.);
#369=TOROIDAL_SURFACE('',#876,0.199999999999918,0.300000000000006);
#370=FACE_OUTER_BOUND('',#877,.T.);
#371=CYLINDRICAL_SURFACE('',#878,0.25);
#372=FACE_OUTER_BOUND('',#879,.T.);
#373=PLANE('',#880);
#374=FACE_OUTER_BOUND('',#881,.T.);
#375=PLANE('',#882);
#376=FACE_OUTER_BOUND('',#883,.T.);
#377=PLANE('',#884);
#378=FACE_OUTER_BOUND('',#885,.T.);
#379=PLANE('',#886);
#380=FACE_OUTER_BOUND('',#887,.T.);
#381=PLANE('',#888);
#382=FACE_OUTER_BOUND('',#889,.T.);
#383=PLANE('',#890);
#384=FACE_OUTER_BOUND('',#891,.T.);
#385=PLANE('',#892);
#386=FACE_OUTER_BOUND('',#893,.T.);
#387=PLANE('',#894);
#388=FACE_OUTER_BOUND('',#895,.T.);
#389=PLANE('',#896);
#390=FACE_OUTER_BOUND('',#897,.T.);
#391=PLANE('',#898);
#392=FACE_OUTER_BOUND('',#899,.T.);
#393=PLANE('',#900);
#394=FACE_OUTER_BOUND('',#901,.T.);
#395=CYLINDRICAL_SURFACE('',#902,0.25);
#396=FACE_OUTER_BOUND('',#903,.T.);
#397=FACE_BOUND('',#904,.T.);
#398=FACE_BOUND('',#905,.T.);
#399=FACE_BOUND('',#906,.T.);
#400=FACE_BOUND('',#907,.T.);
#401=FACE_BOUND('',#908,.T.);
#402=FACE_BOUND('',#909,.T.);
#403=PLANE('',#910);
#404=FACE_OUTER_BOUND('',#911,.T.);
#405=PLANE('',#912);
#406=FACE_OUTER_BOUND('',#913,.T.);
#407=PLANE('',#914);
#408=FACE_OUTER_BOUND('',#915,.T.);
#409=PLANE('',#916);
#410=FACE_OUTER_BOUND('',#917,.T.);
#411=PLANE('',#918);
#412=FACE_OUTER_BOUND('',#919,.T.);
#413=PLANE('',#920);
#414=FACE_OUTER_BOUND('',#921,.T.);
#415=PLANE('',#922);
#416=FACE_OUTER_BOUND('',#923,.T.);
#417=PLANE('',#924);
#418=FACE_OUTER_BOUND('',#925,.T.);
#419=PLANE('',#926);
#420=FACE_OUTER_BOUND('',#927,.T.);
#421=PLANE('',#928);
#422=FACE_OUTER_BOUND('',#929,.T.);
#423=PLANE('',#930);
#424=FACE_OUTER_BOUND('',#931,.T.);
#425=PLANE('',#932);
#426=FACE_OUTER_BOUND('',#933,.T.);
#427=PLANE('',#934);
#428=FACE_OUTER_BOUND('',#935,.T.);
#429=PLANE('',#936);
#430=FACE_OUTER_BOUND('',#937,.T.);
#431=PLANE('',#938);
#432=FACE_OUTER_BOUND('',#939,.T.);
#433=PLANE('',#940);
#434=FACE_OUTER_BOUND('',#941,.T.);
#435=PLANE('',#942);
#436=FACE_OUTER_BOUND('',#943,.T.);
#437=PLANE('',#944);
#438=FACE_OUTER_BOUND('',#945,.T.);
#439=PLANE('',#946);
#440=FACE_OUTER_BOUND('',#947,.T.);
#441=PLANE('',#948);
#442=FACE_OUTER_BOUND('',#949,.T.);
#443=PLANE('',#950);
#444=FACE_OUTER_BOUND('',#951,.T.);
#445=PLANE('',#952);
#446=FACE_OUTER_BOUND('',#953,.T.);
#447=PLANE('',#954);
#448=FACE_OUTER_BOUND('',#955,.T.);
#449=PLANE('',#956);
#450=FACE_OUTER_BOUND('',#957,.T.);
#451=PLANE('',#958);
#452=FACE_OUTER_BOUND('',#959,.T.);
#453=PLANE('',#960);
#454=FACE_OUTER_BOUND('',#961,.T.);
#455=PLANE('',#962);
#456=FACE_OUTER_BOUND('',#963,.T.);
#457=PLANE('',#964);
#458=FACE_OUTER_BOUND('',#965,.T.);
#459=PLANE('',#966);
#460=FACE_OUTER_BOUND('',#967,.T.);
#461=PLANE('',#968);
#462=FACE_OUTER_BOUND('',#969,.T.);
#463=PLANE('',#970);
#464=FACE_OUTER_BOUND('',#971,.T.);
#465=PLANE('',#972);
#466=FACE_OUTER_BOUND('',#973,.T.);
#467=PLANE('',#974);
#468=FACE_OUTER_BOUND('',#975,.T.);
#469=PLANE('',#976);
#470=FACE_OUTER_BOUND('',#977,.T.);
#471=PLANE('',#978);
#472=FACE_OUTER_BOUND('',#979,.T.);
#473=PLANE('',#980);
#474=FACE_OUTER_BOUND('',#981,.T.);
#475=PLANE('',#982);
#476=FACE_OUTER_BOUND('',#983,.T.);
#477=PLANE('',#984);
#478=FACE_OUTER_BOUND('',#985,.T.);
#479=PLANE('',#986);
#480=FACE_OUTER_BOUND('',#987,.T.);
#481=PLANE('',#988);
#482=FACE_OUTER_BOUND('',#989,.T.);
#483=PLANE('',#990);
#484=FACE_OUTER_BOUND('',#991,.T.);
#485=PLANE('',#992);
#486=FACE_OUTER_BOUND('',#993,.T.);
#487=PLANE('',#994);
#488=FACE_OUTER_BOUND('',#995,.T.);
#489=PLANE('',#996);
#490=FACE_OUTER_BOUND('',#997,.T.);
#491=PLANE('',#998);
#492=FACE_OUTER_BOUND('',#999,.T.);
#493=PLANE('',#1000);
#494=FACE_OUTER_BOUND('',#1001,.T.);
#495=PLANE('',#1002);
#496=FACE_OUTER_BOUND('',#1003,.T.);
#497=PLANE('',#1004);
#498=FACE_OUTER_BOUND('',#1005,.T.);
#499=PLANE('',#1006);
#500=FACE_OUTER_BOUND('',#1007,.T.);
#501=PLANE('',#1008);
#502=FACE_OUTER_BOUND('',#1009,.T.);
#503=PLANE('',#1010);
#504=FACE_OUTER_BOUND('',#1011,.T.);
#505=PLANE('',#1012);
#506=FACE_OUTER_BOUND('',#1013,.T.);
#507=PLANE('',#1014);
#508=FACE_OUTER_BOUND('',#1015,.T.);
#509=PLANE('',#1016);
#510=FACE_OUTER_BOUND('',#1017,.T.);
#511=PLANE('',#1018);
#512=FACE_OUTER_BOUND('',#1019,.T.);
#513=PLANE('',#1020);
#514=FACE_OUTER_BOUND('',#1021,.T.);
#515=PLANE('',#1022);
#516=FACE_OUTER_BOUND('',#1023,.T.);
#517=PLANE('',#1024);
#518=FACE_OUTER_BOUND('',#1025,.T.);
#519=PLANE('',#1026);
#520=FACE_OUTER_BOUND('',#1027,.T.);
#521=PLANE('',#1028);
#522=FACE_OUTER_BOUND('',#1029,.T.);
#523=PLANE('',#1030);
#524=FACE_OUTER_BOUND('',#1031,.T.);
#525=PLANE('',#1032);
#526=FACE_OUTER_BOUND('',#1033,.T.);
#527=PLANE('',#1034);
#528=FACE_OUTER_BOUND('',#1035,.T.);
#529=PLANE('',#1036);
#530=FACE_OUTER_BOUND('',#1037,.T.);
#531=PLANE('',#1038);
#532=FACE_OUTER_BOUND('',#1039,.T.);
#533=PLANE('',#1040);
#534=FACE_OUTER_BOUND('',#1041,.T.);
#535=PLANE('',#1042);
#536=FACE_OUTER_BOUND('',#1043,.T.);
#537=PLANE('',#1044);
#538=FACE_OUTER_BOUND('',#1045,.T.);
#539=PLANE('',#1046);
#540=FACE_OUTER_BOUND('',#1047,.T.);
#541=PLANE('',#1048);
#542=FACE_OUTER_BOUND('',#1049,.T.);
#543=PLANE('',#1050);
#544=FACE_OUTER_BOUND('',#1051,.T.);
#545=PLANE('',#1052);
#546=FACE_OUTER_BOUND('',#1053,.T.);
#547=PLANE('',#1054);
#548=FACE_OUTER_BOUND('',#1055,.T.);
#549=PLANE('',#1056);
#550=FACE_OUTER_BOUND('',#1057,.T.);
#551=PLANE('',#1058);
#552=FACE_OUTER_BOUND('',#1059,.T.);
#553=PLANE('',#1060);
#554=FACE_OUTER_BOUND('',#1061,.T.);
#555=PLANE('',#1062);
#556=FACE_OUTER_BOUND('',#1063,.T.);
#557=PLANE('',#1064);
#558=FACE_OUTER_BOUND('',#1065,.T.);
#559=PLANE('',#1066);
#560=FACE_OUTER_BOUND('',#1067,.T.);
#561=PLANE('',#1068);
#562=FACE_OUTER_BOUND('',#1069,.T.);
#563=PLANE('',#1070);
#564=FACE_OUTER_BOUND('',#1071,.T.);
#565=PLANE('',#1072);
#566=FACE_OUTER_BOUND('',#1073,.T.);
#567=PLANE('',#1074);
#568=FACE_OUTER_BOUND('',#1075,.T.);
#569=PLANE('',#1076);
#570=FACE_OUTER_BOUND('',#1077,.T.);
#571=PLANE('',#1078);
#572=FACE_OUTER_BOUND('',#1079,.T.);
#573=PLANE('',#1080);
#574=FACE_OUTER_BOUND('',#1081,.T.);
#575=PLANE('',#1082);
#576=FACE_OUTER_BOUND('',#1083,.T.);
#577=PLANE('',#1084);
#578=FACE_OUTER_BOUND('',#1085,.T.);
#579=PLANE('',#1086);
#580=FACE_OUTER_BOUND('',#1087,.T.);
#581=PLANE('',#1088);
#582=FACE_OUTER_BOUND('',#1089,.T.);
#583=PLANE('',#1090);
#584=FACE_OUTER_BOUND('',#1091,.T.);
#585=PLANE('',#1092);
#586=FACE_OUTER_BOUND('',#1093,.T.);
#587=PLANE('',#1094);
#588=FACE_OUTER_BOUND('',#1095,.T.);
#589=PLANE('',#1096);
#590=FACE_OUTER_BOUND('',#1097,.T.);
#591=PLANE('',#1098);
#592=FACE_OUTER_BOUND('',#1099,.T.);
#593=PLANE('',#1100);
#594=FACE_OUTER_BOUND('',#1101,.T.);
#595=PLANE('',#1102);
#596=FACE_OUTER_BOUND('',#1103,.T.);
#597=PLANE('',#1104);
#598=FACE_OUTER_BOUND('',#1105,.T.);
#599=PLANE('',#1106);
#600=FACE_OUTER_BOUND('',#1107,.T.);
#601=PLANE('',#1108);
#602=FACE_OUTER_BOUND('',#1109,.T.);
#603=PLANE('',#1110);
#604=FACE_OUTER_BOUND('',#1111,.T.);
#605=PLANE('',#1112);
#606=FACE_OUTER_BOUND('',#1113,.T.);
#607=PLANE('',#1114);
#608=FACE_OUTER_BOUND('',#1115,.T.);
#609=PLANE('',#1116);
#610=FACE_OUTER_BOUND('',#1117,.T.);
#611=PLANE('',#1118);
#612=FACE_OUTER_BOUND('',#1119,.T.);
#613=PLANE('',#1120);
#614=FACE_OUTER_BOUND('',#1121,.T.);
#615=PLANE('',#1122);
#616=FACE_OUTER_BOUND('',#1123,.T.);
#617=PLANE('',#1124);
#618=FACE_OUTER_BOUND('',#1125,.T.);
#619=PLANE('',#1126);
#620=FACE_OUTER_BOUND('',#1127,.T.);
#621=PLANE('',#1128);
#622=FACE_OUTER_BOUND('',#1129,.T.);
#623=PLANE('',#1130);
#624=FACE_OUTER_BOUND('',#1131,.T.);
#625=PLANE('',#1132);
#626=FACE_OUTER_BOUND('',#1133,.T.);
#627=PLANE('',#1134);
#628=FACE_OUTER_BOUND('',#1135,.T.);
#629=PLANE('',#1136);
#630=FACE_OUTER_BOUND('',#1137,.T.);
#631=PLANE('',#1138);
#632=FACE_OUTER_BOUND('',#1139,.T.);
#633=PLANE('',#1140);
#634=FACE_OUTER_BOUND('',#1141,.T.);
#635=PLANE('',#1142);
#636=FACE_OUTER_BOUND('',#1143,.T.);
#637=PLANE('',#1144);
#638=FACE_OUTER_BOUND('',#1145,.T.);
#639=PLANE('',#1146);
#640=FACE_OUTER_BOUND('',#1147,.T.);
#641=PLANE('',#1148);
#642=FACE_OUTER_BOUND('',#1149,.T.);
#643=PLANE('',#1150);
#644=FACE_OUTER_BOUND('',#1151,.T.);
#645=PLANE('',#1152);
#646=FACE_OUTER_BOUND('',#1153,.T.);
#647=PLANE('',#1154);
#648=FACE_OUTER_BOUND('',#1155,.T.);
#649=PLANE('',#1156);
#650=FACE_OUTER_BOUND('',#1157,.T.);
#651=PLANE('',#1158);
#652=FACE_OUTER_BOUND('',#1159,.T.);
#653=PLANE('',#1160);
#654=FACE_OUTER_BOUND('',#1161,.T.);
#655=PLANE('',#1162);
#656=FACE_OUTER_BOUND('',#1163,.T.);
#657=PLANE('',#1164);
#658=FACE_OUTER_BOUND('',#1165,.T.);
#659=PLANE('',#1166);
#660=FACE_OUTER_BOUND('',#1167,.T.);
#661=PLANE('',#1168);
#662=FACE_OUTER_BOUND('',#1169,.T.);
#663=PLANE('',#1170);
#664=FACE_OUTER_BOUND('',#1171,.T.);
#665=PLANE('',#1172);
#666=EDGE_LOOP('',(#1173,#1174,#1175,#1176));
#668=CARTESIAN_POINT('',(0.500000000000089,3.90134368694199E-15,-7.29999999999997));
#669=CARTESIAN_POINT('',(0.500000000000089,4.40132351878363E-15,-8.30000000000011));
#670=CARTESIAN_POINT('',(-0.500000000000052,-1.88353956375884E-13,-8.30000000000011));
#671=CARTESIAN_POINT('',(-0.500000000000052,-1.88853936207726E-13,-7.29999999999997));
#672=CARTESIAN_POINT('',(0.500000000000026,-0.175735931288013,-7.29999999999996));
#673=CARTESIAN_POINT('',(0.500000000000026,-0.175735931288013,-8.29999999999992));
#674=CARTESIAN_POINT('',(-0.499999999999922,-0.175735931288205,-8.29999999999992));
#675=CARTESIAN_POINT('',(-0.499999999999922,-0.175735931288206,-7.29999999999996));
#676=CARTESIAN_POINT('',(0.375735931288127,-0.299999999999893,-7.29999999999996));
#677=CARTESIAN_POINT('',(0.375735931288127,-0.299999999999893,-8.05147186257607));
#678=CARTESIAN_POINT('',(-0.375735931287974,-0.300000000000038,-8.05147186257607));
#679=CARTESIAN_POINT('',(-0.375735931287974,-0.300000000000038,-7.29999999999996));
#680=CARTESIAN_POINT('',(0.20000000000011,-0.299999999999928,-7.29999999999997));
#681=CARTESIAN_POINT('',(0.20000000000011,-0.299999999999928,-7.70000000000003));
#682=CARTESIAN_POINT('',(-0.199999999999957,-0.300000000000005,-7.70000000000003));
#683=CARTESIAN_POINT('',(-0.199999999999957,-0.300000000000005,-7.29999999999997));
#690=EDGE_LOOP('',(#1177,#1178,#1179,#1180));
#692=CARTESIAN_POINT('',(0.500000000000074,3.9013436869419E-15,-1.50000000000002));
#693=CARTESIAN_POINT('',(0.500000000000074,5.70236612576616E-15,-2.50000000000013));
#694=CARTESIAN_POINT('',(-0.500000000000038,-1.89221318113873E-13,-2.50000000000013));
#695=CARTESIAN_POINT('',(-0.500000000000038,-1.91022340552697E-13,-1.50000000000002));
#696=CARTESIAN_POINT('',(0.500000000000029,-0.175735931288018,-1.50000000000002));
#697=CARTESIAN_POINT('',(0.500000000000029,-0.175735931288016,-2.49999999999998));
#698=CARTESIAN_POINT('',(-0.499999999999925,-0.175735931288211,-2.49999999999998));
#699=CARTESIAN_POINT('',(-0.499999999999925,-0.175735931288213,-1.50000000000002));
#700=CARTESIAN_POINT('',(0.375735931288132,-0.299999999999908,-1.50000000000002));
#701=CARTESIAN_POINT('',(0.375735931288132,-0.299999999999906,-2.25147186257613));
#702=CARTESIAN_POINT('',(-0.375735931287979,-0.300000000000053,-2.25147186257613));
#703=CARTESIAN_POINT('',(-0.375735931287979,-0.300000000000054,-1.50000000000002));
#704=CARTESIAN_POINT('',(0.20000000000011,-0.299999999999942,-1.50000000000002));
#705=CARTESIAN_POINT('',(0.20000000000011,-0.299999999999941,-1.90000000000009));
#706=CARTESIAN_POINT('',(-0.199999999999957,-0.300000000000019,-1.90000000000009));
#707=CARTESIAN_POINT('',(-0.199999999999957,-0.30000000000002,-1.50000000000002));
#714=EDGE_LOOP('',(#1181,#1182,#1183,#1184));
#715=AXIS2_PLACEMENT_3D('',#1185,#1186,#1187);
#716=EDGE_LOOP('',(#1188,#1189,#1190,#1191));
#717=AXIS2_PLACEMENT_3D('',#1192,#1193,#1194);
#718=EDGE_LOOP('',(#1195,#1196,#1197,#1198));
#719=AXIS2_PLACEMENT_3D('',#1199,#1200,#1201);
#720=EDGE_LOOP('',(#1202,#1203,#1204,#1205,#1206));
#721=AXIS2_PLACEMENT_3D('',#1207,#1208,#1209);
#722=EDGE_LOOP('',(#1210,#1211,#1212,#1213,#1214,#1215,#1216,#1217,#1218,#1219,#1220,#1221,#1222,#1223,#1224,#1225));
#723=AXIS2_PLACEMENT_3D('',#1226,#1227,#1228);
#724=EDGE_LOOP('',(#1229,#1230,#1231,#1232));
#725=AXIS2_PLACEMENT_3D('',#1233,#1234,#1235);
#726=EDGE_LOOP('',(#1236,#1237,#1238,#1239,#1240));
#727=AXIS2_PLACEMENT_3D('',#1241,#1242,#1243);
#728=EDGE_LOOP('',(#1244,#1245,#1246,#1247));
#729=AXIS2_PLACEMENT_3D('',#1248,#1249,#1250);
#730=EDGE_LOOP('',(#1251,#1252,#1253,#1254,#1255,#1256,#1257,#1258,#1259,#1260,#1261,#1262,#1263,#1264,#1265,#1266,#1267,#1268,#1269,#1270,#1271,#1272,#1273,#1274,#1275));
#731=EDGE_LOOP('',(#1276,#1277,#1278,#1279));
#732=EDGE_LOOP('',(#1280,#1281,#1282,#1283));
#733=EDGE_LOOP('',(#1284,#1285));
#734=EDGE_LOOP('',(#1286,#1287));
#735=EDGE_LOOP('',(#1288,#1289));
#736=EDGE_LOOP('',(#1290,#1291,#1292,#1293));
#737=EDGE_LOOP('',(#1294,#1295,#1296,#1297));
#738=EDGE_LOOP('',(#1298,#1299));
#739=EDGE_LOOP('',(#1300,#1301,#1302,#1303));
#740=EDGE_LOOP('',(#1304,#1305,#1306,#1307));
#741=EDGE_LOOP('',(#1308,#1309));
#742=EDGE_LOOP('',(#1310,#1311));
#743=AXIS2_PLACEMENT_3D('',#1312,#1313,#1314);
#744=EDGE_LOOP('',(#1315,#1316,#1317,#1318));
#745=AXIS2_PLACEMENT_3D('',#1319,#1320,#1321);
#746=EDGE_LOOP('',(#1322,#1323,#1324,#1325));
#747=AXIS2_PLACEMENT_3D('',#1326,#1327,#1328);
#748=EDGE_LOOP('',(#1329,#1330,#1331,#1332));
#749=AXIS2_PLACEMENT_3D('',#1333,#1334,#1335);
#750=EDGE_LOOP('',(#1336,#1337,#1338,#1339,#1340,#1341,#1342,#1343));
#751=AXIS2_PLACEMENT_3D('',#1344,#1345,#1346);
#752=EDGE_LOOP('',(#1347,#1348,#1349,#1350,#1351,#1352,#1353,#1354,#1355,#1356,#1357,#1358));
#753=AXIS2_PLACEMENT_3D('',#1359,#1360,#1361);
#754=EDGE_LOOP('',(#1362,#1363,#1364,#1365,#1366,#1367,#1368,#1369));
#755=AXIS2_PLACEMENT_3D('',#1370,#1371,#1372);
#756=EDGE_LOOP('',(#1373,#1374,#1375,#1376));
#757=AXIS2_PLACEMENT_3D('',#1377,#1378,#1379);
#758=EDGE_LOOP('',(#1380,#1381,#1382,#1383));
#759=AXIS2_PLACEMENT_3D('',#1384,#1385,#1386);
#760=EDGE_LOOP('',(#1387,#1388,#1389,#1390));
#761=AXIS2_PLACEMENT_3D('',#1391,#1392,#1393);
#762=EDGE_LOOP('',(#1394,#1395,#1396,#1397));
#763=AXIS2_PLACEMENT_3D('',#1398,#1399,#1400);
#764=EDGE_LOOP('',(#1401,#1402,#1403,#1404));
#765=AXIS2_PLACEMENT_3D('',#1405,#1406,#1407);
#766=EDGE_LOOP('',(#1408,#1409,#1410,#1411));
#767=AXIS2_PLACEMENT_3D('',#1412,#1413,#1414);
#768=EDGE_LOOP('',(#1415,#1416,#1417,#1418,#1419,#1420,#1421,#1422));
#769=EDGE_LOOP('',(#1423,#1424,#1425));
#770=AXIS2_PLACEMENT_3D('',#1426,#1427,#1428);
#771=EDGE_LOOP('',(#1429,#1430,#1431,#1432));
#772=AXIS2_PLACEMENT_3D('',#1433,#1434,#1435);
#773=EDGE_LOOP('',(#1436,#1437,#1438,#1439));
#774=AXIS2_PLACEMENT_3D('',#1440,#1441,#1442);
#775=EDGE_LOOP('',(#1443,#1444,#1445,#1446));
#776=AXIS2_PLACEMENT_3D('',#1447,#1448,#1449);
#777=EDGE_LOOP('',(#1450,#1451,#1452,#1453));
#778=AXIS2_PLACEMENT_3D('',#1454,#1455,#1456);
#779=EDGE_LOOP('',(#1457,#1458,#1459,#1460));
#780=AXIS2_PLACEMENT_3D('',#1461,#1462,#1463);
#781=EDGE_LOOP('',(#1464,#1465,#1466,#1467));
#782=AXIS2_PLACEMENT_3D('',#1468,#1469,#1470);
#783=EDGE_LOOP('',(#1471,#1472,#1473,#1474));
#784=AXIS2_PLACEMENT_3D('',#1475,#1476,#1477);
#785=EDGE_LOOP('',(#1478,#1479,#1480,#1481));
#786=AXIS2_PLACEMENT_3D('',#1482,#1483,#1484);
#787=EDGE_LOOP('',(#1485,#1486,#1487,#1488));
#788=AXIS2_PLACEMENT_3D('',#1489,#1490,#1491);
#789=EDGE_LOOP('',(#1492,#1493,#1494,#1495));
#790=AXIS2_PLACEMENT_3D('',#1496,#1497,#1498);
#791=EDGE_LOOP('',(#1499,#1500,#1501,#1502));
#792=AXIS2_PLACEMENT_3D('',#1503,#1504,#1505);
#793=EDGE_LOOP('',(#1506,#1507,#1508,#1509));
#795=CARTESIAN_POINT('',(-0.500000000000052,-1.88853936207726E-13,-7.29999999999997));
#796=CARTESIAN_POINT('',(-0.500000000000052,-1.89353916039568E-13,-6.29999999999983));
#797=CARTESIAN_POINT('',(0.500000000000089,3.40136385510036E-15,-6.29999999999983));
#798=CARTESIAN_POINT('',(0.500000000000089,3.901343686942E-15,-7.29999999999997));
#799=CARTESIAN_POINT('',(-0.499999999999922,-0.175735931288206,-7.29999999999996));
#800=CARTESIAN_POINT('',(-0.499999999999922,-0.175735931288206,-6.30000000000002));
#801=CARTESIAN_POINT('',(0.500000000000026,-0.175735931288014,-6.30000000000002));
#802=CARTESIAN_POINT('',(0.500000000000026,-0.175735931288013,-7.29999999999996));
#803=CARTESIAN_POINT('',(-0.375735931287974,-0.300000000000038,-7.29999999999996));
#804=CARTESIAN_POINT('',(-0.375735931287974,-0.300000000000038,-6.54852813742387));
#805=CARTESIAN_POINT('',(0.375735931288127,-0.299999999999894,-6.54852813742387));
#806=CARTESIAN_POINT('',(0.375735931288127,-0.299999999999893,-7.29999999999996));
#807=CARTESIAN_POINT('',(-0.199999999999957,-0.300000000000005,-7.29999999999997));
#808=CARTESIAN_POINT('',(-0.199999999999957,-0.300000000000005,-6.8999999999999));
#809=CARTESIAN_POINT('',(0.20000000000011,-0.299999999999928,-6.8999999999999));
#810=CARTESIAN_POINT('',(0.20000000000011,-0.299999999999928,-7.29999999999997));
#817=EDGE_LOOP('',(#1510,#1511,#1512,#1513));
#818=AXIS2_PLACEMENT_3D('',#1514,#1515,#1516);
#819=EDGE_LOOP('',(#1517,#1518,#1519,#1520));
#820=AXIS2_PLACEMENT_3D('',#1521,#1522,#1523);
#821=EDGE_LOOP('',(#1524,#1525,#1526,#1527));
#822=AXIS2_PLACEMENT_3D('',#1528,#1529,#1530);
#823=EDGE_LOOP('',(#1531,#1532,#1533,#1534));
#824=AXIS2_PLACEMENT_3D('',#1535,#1536,#1537);
#825=EDGE_LOOP('',(#1538,#1539,#1540,#1541));
#826=AXIS2_PLACEMENT_3D('',#1542,#1543,#1544);
#827=EDGE_LOOP('',(#1545,#1546,#1547,#1548));
#828=AXIS2_PLACEMENT_3D('',#1549,#1550,#1551);
#829=EDGE_LOOP('',(#1552,#1553,#1554,#1555));
#830=AXIS2_PLACEMENT_3D('',#1556,#1557,#1558);
#831=EDGE_LOOP('',(#1559,#1560,#1561,#1562));
#832=AXIS2_PLACEMENT_3D('',#1563,#1564,#1565);
#833=EDGE_LOOP('',(#1566,#1567,#1568,#1569));
#835=CARTESIAN_POINT('',(-0.500000000000038,-1.91022340552697E-13,-1.50000000000002));
#836=CARTESIAN_POINT('',(-0.500000000000038,-1.92823362991521E-13,-0.49999999999991));
#837=CARTESIAN_POINT('',(0.500000000000074,2.10032124811761E-15,-0.49999999999991));
#838=CARTESIAN_POINT('',(0.500000000000074,3.90134368694187E-15,-1.50000000000002));
#839=CARTESIAN_POINT('',(-0.499999999999925,-0.175735931288213,-1.50000000000002));
#840=CARTESIAN_POINT('',(-0.499999999999925,-0.175735931288215,-0.500000000000068));
#841=CARTESIAN_POINT('',(0.500000000000029,-0.17573593128802,-0.500000000000068));
#842=CARTESIAN_POINT('',(0.500000000000029,-0.175735931288018,-1.50000000000002));
#843=CARTESIAN_POINT('',(-0.375735931287979,-0.300000000000054,-1.50000000000002));
#844=CARTESIAN_POINT('',(-0.375735931287979,-0.300000000000056,-0.748528137423911));
#845=CARTESIAN_POINT('',(0.375735931288132,-0.299999999999909,-0.748528137423912));
#846=CARTESIAN_POINT('',(0.375735931288132,-0.299999999999908,-1.50000000000002));
#847=CARTESIAN_POINT('',(-0.199999999999957,-0.30000000000002,-1.50000000000002));
#848=CARTESIAN_POINT('',(-0.199999999999957,-0.30000000000002,-1.09999999999996));
#849=CARTESIAN_POINT('',(0.20000000000011,-0.299999999999942,-1.09999999999996));
#850=CARTESIAN_POINT('',(0.20000000000011,-0.299999999999942,-1.50000000000002));
#857=EDGE_LOOP('',(#1570,#1571,#1572,#1573));
#858=AXIS2_PLACEMENT_3D('',#1574,#1575,#1576);
#859=EDGE_LOOP('',(#1577,#1578,#1579,#1580));
#860=AXIS2_PLACEMENT_3D('',#1581,#1582,#1583);
#861=EDGE_LOOP('',(#1584,#1585,#1586,#1587));
#862=AXIS2_PLACEMENT_3D('',#1588,#1589,#1590);
#863=EDGE_LOOP('',(#1591,#1592,#1593,#1594));
#864=AXIS2_PLACEMENT_3D('',#1595,#1596,#1597);
#865=EDGE_LOOP('',(#1598,#1599,#1600,#1601));
#866=AXIS2_PLACEMENT_3D('',#1602,#1603,#1604);
#867=EDGE_LOOP('',(#1605,#1606,#1607,#1608));
#868=AXIS2_PLACEMENT_3D('',#1609,#1610,#1611);
#869=EDGE_LOOP('',(#1612,#1613,#1614,#1615));
#870=AXIS2_PLACEMENT_3D('',#1616,#1617,#1618);
#871=EDGE_LOOP('',(#1619,#1620,#1621,#1622));
#872=AXIS2_PLACEMENT_3D('',#1623,#1624,#1625);
#873=EDGE_LOOP('',(#1626,#1627,#1628,#1629));
#874=AXIS2_PLACEMENT_3D('',#1630,#1631,#1632);
#875=EDGE_LOOP('',(#1633,#1634,#1635,#1636,#1637));
#876=AXIS2_PLACEMENT_3D('',#1638,#1639,#1640);
#877=EDGE_LOOP('',(#1641,#1642,#1643,#1644));
#878=AXIS2_PLACEMENT_3D('',#1645,#1646,#1647);
#879=EDGE_LOOP('',(#1648,#1649,#1650,#1651,#1652,#1653));
#880=AXIS2_PLACEMENT_3D('',#1654,#1655,#1656);
#881=EDGE_LOOP('',(#1657,#1658,#1659,#1660));
#882=AXIS2_PLACEMENT_3D('',#1661,#1662,#1663);
#883=EDGE_LOOP('',(#1664,#1665,#1666,#1667,#1668,#1669));
#884=AXIS2_PLACEMENT_3D('',#1670,#1671,#1672);
#885=EDGE_LOOP('',(#1673,#1674,#1675,#1676));
#886=AXIS2_PLACEMENT_3D('',#1677,#1678,#1679);
#887=EDGE_LOOP('',(#1680,#1681,#1682,#1683));
#888=AXIS2_PLACEMENT_3D('',#1684,#1685,#1686);
#889=EDGE_LOOP('',(#1687,#1688,#1689,#1690));
#890=AXIS2_PLACEMENT_3D('',#1691,#1692,#1693);
#891=EDGE_LOOP('',(#1694,#1695,#1696,#1697));
#892=AXIS2_PLACEMENT_3D('',#1698,#1699,#1700);
#893=EDGE_LOOP('',(#1701,#1702,#1703,#1704));
#894=AXIS2_PLACEMENT_3D('',#1705,#1706,#1707);
#895=EDGE_LOOP('',(#1708,#1709,#1710,#1711,#1712,#1713));
#896=AXIS2_PLACEMENT_3D('',#1714,#1715,#1716);
#897=EDGE_LOOP('',(#1717,#1718,#1719,#1720));
#898=AXIS2_PLACEMENT_3D('',#1721,#1722,#1723);
#899=EDGE_LOOP('',(#1724,#1725,#1726,#1727,#1728,#1729));
#900=AXIS2_PLACEMENT_3D('',#1730,#1731,#1732);
#901=EDGE_LOOP('',(#1733,#1734,#1735,#1736));
#902=AXIS2_PLACEMENT_3D('',#1737,#1738,#1739);
#903=EDGE_LOOP('',(#1740,#1741,#1742,#1743,#1744,#1745,#1746,#1747,#1748,#1749,#1750,#1751,#1752,#1753,#1754,#1755,#1756,#1757));
#904=EDGE_LOOP('',(#1758,#1759,#1760,#1761));
#905=EDGE_LOOP('',(#1762,#1763,#1764,#1765));
#906=EDGE_LOOP('',(#1766,#1767,#1768,#1769));
#907=EDGE_LOOP('',(#1770,#1771,#1772,#1773));
#908=EDGE_LOOP('',(#1774,#1775,#1776,#1777));
#909=EDGE_LOOP('',(#1778,#1779,#1780,#1781));
#910=AXIS2_PLACEMENT_3D('',#1782,#1783,#1784);
#911=EDGE_LOOP('',(#1785,#1786,#1787,#1788));
#912=AXIS2_PLACEMENT_3D('',#1789,#1790,#1791);
#913=EDGE_LOOP('',(#1792,#1793,#1794,#1795));
#914=AXIS2_PLACEMENT_3D('',#1796,#1797,#1798);
#915=EDGE_LOOP('',(#1799,#1800,#1801,#1802));
#916=AXIS2_PLACEMENT_3D('',#1803,#1804,#1805);
#917=EDGE_LOOP('',(#1806,#1807,#1808,#1809,#1810,#1811));
#918=AXIS2_PLACEMENT_3D('',#1812,#1813,#1814);
#919=EDGE_LOOP('',(#1815,#1816,#1817,#1818,#1819,#1820,#1821,#1822));
#920=AXIS2_PLACEMENT_3D('',#1823,#1824,#1825);
#921=EDGE_LOOP('',(#1826,#1827,#1828,#1829,#1830,#1831));
#922=AXIS2_PLACEMENT_3D('',#1832,#1833,#1834);
#923=EDGE_LOOP('',(#1835,#1836,#1837,#1838));
#924=AXIS2_PLACEMENT_3D('',#1839,#1840,#1841);
#925=EDGE_LOOP('',(#1842,#1843,#1844,#1845));
#926=AXIS2_PLACEMENT_3D('',#1846,#1847,#1848);
#927=EDGE_LOOP('',(#1849,#1850));
#928=AXIS2_PLACEMENT_3D('',#1851,#1852,#1853);
#929=EDGE_LOOP('',(#1854,#1855));
#930=AXIS2_PLACEMENT_3D('',#1856,#1857,#1858);
#931=EDGE_LOOP('',(#1859,#1860));
#932=AXIS2_PLACEMENT_3D('',#1861,#1862,#1863);
#933=EDGE_LOOP('',(#1864,#1865,#1866,#1867));
#934=AXIS2_PLACEMENT_3D('',#1868,#1869,#1870);
#935=EDGE_LOOP('',(#1871,#1872,#1873,#1874));
#936=AXIS2_PLACEMENT_3D('',#1875,#1876,#1877);
#937=EDGE_LOOP('',(#1878,#1879));
#938=AXIS2_PLACEMENT_3D('',#1880,#1881,#1882);
#939=EDGE_LOOP('',(#1883,#1884,#1885,#1886));
#940=AXIS2_PLACEMENT_3D('',#1887,#1888,#1889);
#941=EDGE_LOOP('',(#1890,#1891,#1892,#1893));
#942=AXIS2_PLACEMENT_3D('',#1894,#1895,#1896);
#943=EDGE_LOOP('',(#1897,#1898));
#944=AXIS2_PLACEMENT_3D('',#1899,#1900,#1901);
#945=EDGE_LOOP('',(#1902,#1903,#1904,#1905));
#946=AXIS2_PLACEMENT_3D('',#1906,#1907,#1908);
#947=EDGE_LOOP('',(#1909,#1910,#1911,#1912,#1913,#1914,#1915,#1916));
#948=AXIS2_PLACEMENT_3D('',#1917,#1918,#1919);
#949=EDGE_LOOP('',(#1920,#1921,#1922,#1923));
#950=AXIS2_PLACEMENT_3D('',#1924,#1925,#1926);
#951=EDGE_LOOP('',(#1927,#1928,#1929,#1930,#1931,#1932,#1933,#1934));
#952=AXIS2_PLACEMENT_3D('',#1935,#1936,#1937);
#953=EDGE_LOOP('',(#1938,#1939,#1940,#1941));
#954=AXIS2_PLACEMENT_3D('',#1942,#1943,#1944);
#955=EDGE_LOOP('',(#1945,#1946,#1947,#1948));
#956=AXIS2_PLACEMENT_3D('',#1949,#1950,#1951);
#957=EDGE_LOOP('',(#1952,#1953,#1954,#1955));
#958=AXIS2_PLACEMENT_3D('',#1956,#1957,#1958);
#959=EDGE_LOOP('',(#1959,#1960,#1961,#1962));
#960=AXIS2_PLACEMENT_3D('',#1963,#1964,#1965);
#961=EDGE_LOOP('',(#1966,#1967,#1968,#1969));
#962=AXIS2_PLACEMENT_3D('',#1970,#1971,#1972);
#963=EDGE_LOOP('',(#1973,#1974,#1975,#1976));
#964=AXIS2_PLACEMENT_3D('',#1977,#1978,#1979);
#965=EDGE_LOOP('',(#1980,#1981,#1982,#1983));
#966=AXIS2_PLACEMENT_3D('',#1984,#1985,#1986);
#967=EDGE_LOOP('',(#1987,#1988,#1989,#1990));
#968=AXIS2_PLACEMENT_3D('',#1991,#1992,#1993);
#969=EDGE_LOOP('',(#1994,#1995,#1996,#1997));
#970=AXIS2_PLACEMENT_3D('',#1998,#1999,#2000);
#971=EDGE_LOOP('',(#2001,#2002,#2003,#2004));
#972=AXIS2_PLACEMENT_3D('',#2005,#2006,#2007);
#973=EDGE_LOOP('',(#2008,#2009,#2010,#2011));
#974=AXIS2_PLACEMENT_3D('',#2012,#2013,#2014);
#975=EDGE_LOOP('',(#2015,#2016,#2017,#2018));
#976=AXIS2_PLACEMENT_3D('',#2019,#2020,#2021);
#977=EDGE_LOOP('',(#2022,#2023,#2024,#2025));
#978=AXIS2_PLACEMENT_3D('',#2026,#2027,#2028);
#979=EDGE_LOOP('',(#2029,#2030,#2031));
#980=AXIS2_PLACEMENT_3D('',#2032,#2033,#2034);
#981=EDGE_LOOP('',(#2035,#2036,#2037,#2038));
#982=AXIS2_PLACEMENT_3D('',#2039,#2040,#2041);
#983=EDGE_LOOP('',(#2042,#2043,#2044,#2045));
#984=AXIS2_PLACEMENT_3D('',#2046,#2047,#2048);
#985=EDGE_LOOP('',(#2049,#2050,#2051,#2052));
#986=AXIS2_PLACEMENT_3D('',#2053,#2054,#2055);
#987=EDGE_LOOP('',(#2056,#2057,#2058,#2059));
#988=AXIS2_PLACEMENT_3D('',#2060,#2061,#2062);
#989=EDGE_LOOP('',(#2063,#2064,#2065,#2066));
#990=AXIS2_PLACEMENT_3D('',#2067,#2068,#2069);
#991=EDGE_LOOP('',(#2070,#2071,#2072,#2073));
#992=AXIS2_PLACEMENT_3D('',#2074,#2075,#2076);
#993=EDGE_LOOP('',(#2077,#2078,#2079,#2080));
#994=AXIS2_PLACEMENT_3D('',#2081,#2082,#2083);
#995=EDGE_LOOP('',(#2084,#2085,#2086,#2087));
#996=AXIS2_PLACEMENT_3D('',#2088,#2089,#2090);
#997=EDGE_LOOP('',(#2091,#2092,#2093,#2094));
#998=AXIS2_PLACEMENT_3D('',#2095,#2096,#2097);
#999=EDGE_LOOP('',(#2098,#2099,#2100,#2101));
#1000=AXIS2_PLACEMENT_3D('',#2102,#2103,#2104);
#1001=EDGE_LOOP('',(#2105,#2106,#2107,#2108));
#1002=AXIS2_PLACEMENT_3D('',#2109,#2110,#2111);
#1003=EDGE_LOOP('',(#2112,#2113,#2114,#2115));
#1004=AXIS2_PLACEMENT_3D('',#2116,#2117,#2118);
#1005=EDGE_LOOP('',(#2119,#2120,#2121,#2122));
#1006=AXIS2_PLACEMENT_3D('',#2123,#2124,#2125);
#1007=EDGE_LOOP('',(#2126,#2127,#2128,#2129));
#1008=AXIS2_PLACEMENT_3D('',#2130,#2131,#2132);
#1009=EDGE_LOOP('',(#2133,#2134,#2135,#2136));
#1010=AXIS2_PLACEMENT_3D('',#2137,#2138,#2139);
#1011=EDGE_LOOP('',(#2140,#2141,#2142,#2143));
#1012=AXIS2_PLACEMENT_3D('',#2144,#2145,#2146);
#1013=EDGE_LOOP('',(#2147,#2148,#2149,#2150));
#1014=AXIS2_PLACEMENT_3D('',#2151,#2152,#2153);
#1015=EDGE_LOOP('',(#2154,#2155,#2156,#2157));
#1016=AXIS2_PLACEMENT_3D('',#2158,#2159,#2160);
#1017=EDGE_LOOP('',(#2161,#2162,#2163,#2164));
#1018=AXIS2_PLACEMENT_3D('',#2165,#2166,#2167);
#1019=EDGE_LOOP('',(#2168,#2169,#2170,#2171));
#1020=AXIS2_PLACEMENT_3D('',#2172,#2173,#2174);
#1021=EDGE_LOOP('',(#2175,#2176,#2177,#2178));
#1022=AXIS2_PLACEMENT_3D('',#2179,#2180,#2181);
#1023=EDGE_LOOP('',(#2182,#2183,#2184,#2185));
#1024=AXIS2_PLACEMENT_3D('',#2186,#2187,#2188);
#1025=EDGE_LOOP('',(#2189,#2190,#2191,#2192));
#1026=AXIS2_PLACEMENT_3D('',#2193,#2194,#2195);
#1027=EDGE_LOOP('',(#2196,#2197,#2198,#2199));
#1028=AXIS2_PLACEMENT_3D('',#2200,#2201,#2202);
#1029=EDGE_LOOP('',(#2203,#2204,#2205,#2206));
#1030=AXIS2_PLACEMENT_3D('',#2207,#2208,#2209);
#1031=EDGE_LOOP('',(#2210,#2211,#2212,#2213));
#1032=AXIS2_PLACEMENT_3D('',#2214,#2215,#2216);
#1033=EDGE_LOOP('',(#2217,#2218,#2219,#2220));
#1034=AXIS2_PLACEMENT_3D('',#2221,#2222,#2223);
#1035=EDGE_LOOP('',(#2224,#2225,#2226,#2227));
#1036=AXIS2_PLACEMENT_3D('',#2228,#2229,#2230);
#1037=EDGE_LOOP('',(#2231,#2232,#2233,#2234));
#1038=AXIS2_PLACEMENT_3D('',#2235,#2236,#2237);
#1039=EDGE_LOOP('',(#2238,#2239,#2240,#2241));
#1040=AXIS2_PLACEMENT_3D('',#2242,#2243,#2244);
#1041=EDGE_LOOP('',(#2245,#2246,#2247,#2248));
#1042=AXIS2_PLACEMENT_3D('',#2249,#2250,#2251);
#1043=EDGE_LOOP('',(#2252,#2253,#2254,#2255));
#1044=AXIS2_PLACEMENT_3D('',#2256,#2257,#2258);
#1045=EDGE_LOOP('',(#2259,#2260,#2261,#2262));
#1046=AXIS2_PLACEMENT_3D('',#2263,#2264,#2265);
#1047=EDGE_LOOP('',(#2266,#2267,#2268,#2269));
#1048=AXIS2_PLACEMENT_3D('',#2270,#2271,#2272);
#1049=EDGE_LOOP('',(#2273,#2274,#2275,#2276));
#1050=AXIS2_PLACEMENT_3D('',#2277,#2278,#2279);
#1051=EDGE_LOOP('',(#2280,#2281,#2282,#2283));
#1052=AXIS2_PLACEMENT_3D('',#2284,#2285,#2286);
#1053=EDGE_LOOP('',(#2287,#2288,#2289,#2290));
#1054=AXIS2_PLACEMENT_3D('',#2291,#2292,#2293);
#1055=EDGE_LOOP('',(#2294,#2295,#2296,#2297));
#1056=AXIS2_PLACEMENT_3D('',#2298,#2299,#2300);
#1057=EDGE_LOOP('',(#2301,#2302,#2303,#2304));
#1058=AXIS2_PLACEMENT_3D('',#2305,#2306,#2307);
#1059=EDGE_LOOP('',(#2308,#2309,#2310,#2311));
#1060=AXIS2_PLACEMENT_3D('',#2312,#2313,#2314);
#1061=EDGE_LOOP('',(#2315,#2316,#2317,#2318));
#1062=AXIS2_PLACEMENT_3D('',#2319,#2320,#2321);
#1063=EDGE_LOOP('',(#2322,#2323,#2324,#2325));
#1064=AXIS2_PLACEMENT_3D('',#2326,#2327,#2328);
#1065=EDGE_LOOP('',(#2329,#2330,#2331,#2332));
#1066=AXIS2_PLACEMENT_3D('',#2333,#2334,#2335);
#1067=EDGE_LOOP('',(#2336,#2337,#2338,#2339));
#1068=AXIS2_PLACEMENT_3D('',#2340,#2341,#2342);
#1069=EDGE_LOOP('',(#2343,#2344,#2345,#2346));
#1070=AXIS2_PLACEMENT_3D('',#2347,#2348,#2349);
#1071=EDGE_LOOP('',(#2350,#2351,#2352,#2353));
#1072=AXIS2_PLACEMENT_3D('',#2354,#2355,#2356);
#1073=EDGE_LOOP('',(#2357,#2358,#2359,#2360));
#1074=AXIS2_PLACEMENT_3D('',#2361,#2362,#2363);
#1075=EDGE_LOOP('',(#2364,#2365,#2366,#2367));
#1076=AXIS2_PLACEMENT_3D('',#2368,#2369,#2370);
#1077=EDGE_LOOP('',(#2371,#2372,#2373,#2374));
#1078=AXIS2_PLACEMENT_3D('',#2375,#2376,#2377);
#1079=EDGE_LOOP('',(#2378,#2379,#2380,#2381));
#1080=AXIS2_PLACEMENT_3D('',#2382,#2383,#2384);
#1081=EDGE_LOOP('',(#2385,#2386,#2387,#2388));
#1082=AXIS2_PLACEMENT_3D('',#2389,#2390,#2391);
#1083=EDGE_LOOP('',(#2392,#2393,#2394,#2395));
#1084=AXIS2_PLACEMENT_3D('',#2396,#2397,#2398);
#1085=EDGE_LOOP('',(#2399,#2400,#2401,#2402));
#1086=AXIS2_PLACEMENT_3D('',#2403,#2404,#2405);
#1087=EDGE_LOOP('',(#2406,#2407,#2408,#2409));
#1088=AXIS2_PLACEMENT_3D('',#2410,#2411,#2412);
#1089=EDGE_LOOP('',(#2413,#2414,#2415,#2416));
#1090=AXIS2_PLACEMENT_3D('',#2417,#2418,#2419);
#1091=EDGE_LOOP('',(#2420,#2421,#2422,#2423));
#1092=AXIS2_PLACEMENT_3D('',#2424,#2425,#2426);
#1093=EDGE_LOOP('',(#2427,#2428,#2429,#2430));
#1094=AXIS2_PLACEMENT_3D('',#2431,#2432,#2433);
#1095=EDGE_LOOP('',(#2434,#2435,#2436,#2437));
#1096=AXIS2_PLACEMENT_3D('',#2438,#2439,#2440);
#1097=EDGE_LOOP('',(#2441,#2442,#2443,#2444));
#1098=AXIS2_PLACEMENT_3D('',#2445,#2446,#2447);
#1099=EDGE_LOOP('',(#2448,#2449,#2450,#2451));
#1100=AXIS2_PLACEMENT_3D('',#2452,#2453,#2454);
#1101=EDGE_LOOP('',(#2455,#2456,#2457,#2458));
#1102=AXIS2_PLACEMENT_3D('',#2459,#2460,#2461);
#1103=EDGE_LOOP('',(#2462,#2463,#2464,#2465));
#1104=AXIS2_PLACEMENT_3D('',#2466,#2467,#2468);
#1105=EDGE_LOOP('',(#2469,#2470,#2471,#2472));
#1106=AXIS2_PLACEMENT_3D('',#2473,#2474,#2475);
#1107=EDGE_LOOP('',(#2476,#2477,#2478,#2479));
#1108=AXIS2_PLACEMENT_3D('',#2480,#2481,#2482);
#1109=EDGE_LOOP('',(#2483,#2484,#2485,#2486));
#1110=AXIS2_PLACEMENT_3D('',#2487,#2488,#2489);
#1111=EDGE_LOOP('',(#2490,#2491,#2492,#2493));
#1112=AXIS2_PLACEMENT_3D('',#2494,#2495,#2496);
#1113=EDGE_LOOP('',(#2497,#2498,#2499,#2500));
#1114=AXIS2_PLACEMENT_3D('',#2501,#2502,#2503);
#1115=EDGE_LOOP('',(#2504,#2505,#2506,#2507));
#1116=AXIS2_PLACEMENT_3D('',#2508,#2509,#2510);
#1117=EDGE_LOOP('',(#2511,#2512,#2513,#2514));
#1118=AXIS2_PLACEMENT_3D('',#2515,#2516,#2517);
#1119=EDGE_LOOP('',(#2518,#2519,#2520,#2521));
#1120=AXIS2_PLACEMENT_3D('',#2522,#2523,#2524);
#1121=EDGE_LOOP('',(#2525,#2526,#2527,#2528));
#1122=AXIS2_PLACEMENT_3D('',#2529,#2530,#2531);
#1123=EDGE_LOOP('',(#2532,#2533,#2534,#2535));
#1124=AXIS2_PLACEMENT_3D('',#2536,#2537,#2538);
#1125=EDGE_LOOP('',(#2539,#2540,#2541,#2542));
#1126=AXIS2_PLACEMENT_3D('',#2543,#2544,#2545);
#1127=EDGE_LOOP('',(#2546,#2547,#2548,#2549));
#1128=AXIS2_PLACEMENT_3D('',#2550,#2551,#2552);
#1129=EDGE_LOOP('',(#2553,#2554,#2555,#2556));
#1130=AXIS2_PLACEMENT_3D('',#2557,#2558,#2559);
#1131=EDGE_LOOP('',(#2560,#2561,#2562,#2563));
#1132=AXIS2_PLACEMENT_3D('',#2564,#2565,#2566);
#1133=EDGE_LOOP('',(#2567,#2568,#2569,#2570));
#1134=AXIS2_PLACEMENT_3D('',#2571,#2572,#2573);
#1135=EDGE_LOOP('',(#2574,#2575,#2576,#2577));
#1136=AXIS2_PLACEMENT_3D('',#2578,#2579,#2580);
#1137=EDGE_LOOP('',(#2581,#2582,#2583,#2584));
#1138=AXIS2_PLACEMENT_3D('',#2585,#2586,#2587);
#1139=EDGE_LOOP('',(#2588,#2589,#2590,#2591));
#1140=AXIS2_PLACEMENT_3D('',#2592,#2593,#2594);
#1141=EDGE_LOOP('',(#2595,#2596,#2597,#2598));
#1142=AXIS2_PLACEMENT_3D('',#2599,#2600,#2601);
#1143=EDGE_LOOP('',(#2602,#2603,#2604,#2605));
#1144=AXIS2_PLACEMENT_3D('',#2606,#2607,#2608);
#1145=EDGE_LOOP('',(#2609,#2610,#2611,#2612));
#1146=AXIS2_PLACEMENT_3D('',#2613,#2614,#2615);
#1147=EDGE_LOOP('',(#2616,#2617,#2618,#2619));
#1148=AXIS2_PLACEMENT_3D('',#2620,#2621,#2622);
#1149=EDGE_LOOP('',(#2623,#2624,#2625,#2626));
#1150=AXIS2_PLACEMENT_3D('',#2627,#2628,#2629);
#1151=EDGE_LOOP('',(#2630,#2631,#2632,#2633));
#1152=AXIS2_PLACEMENT_3D('',#2634,#2635,#2636);
#1153=EDGE_LOOP('',(#2637,#2638,#2639,#2640));
#1154=AXIS2_PLACEMENT_3D('',#2641,#2642,#2643);
#1155=EDGE_LOOP('',(#2644,#2645,#2646,#2647));
#1156=AXIS2_PLACEMENT_3D('',#2648,#2649,#2650);
#1157=EDGE_LOOP('',(#2651,#2652,#2653,#2654));
#1158=AXIS2_PLACEMENT_3D('',#2655,#2656,#2657);
#1159=EDGE_LOOP('',(#2658,#2659,#2660,#2661));
#1160=AXIS2_PLACEMENT_3D('',#2662,#2663,#2664);
#1161=EDGE_LOOP('',(#2665,#2666,#2667,#2668));
#1162=AXIS2_PLACEMENT_3D('',#2669,#2670,#2671);
#1163=EDGE_LOOP('',(#2672,#2673,#2674,#2675));
#1164=AXIS2_PLACEMENT_3D('',#2676,#2677,#2678);
#1165=EDGE_LOOP('',(#2679,#2680,#2681,#2682));
#1166=AXIS2_PLACEMENT_3D('',#2683,#2684,#2685);
#1167=EDGE_LOOP('',(#2686,#2687,#2688,#2689));
#1168=AXIS2_PLACEMENT_3D('',#2690,#2691,#2692);
#1169=EDGE_LOOP('',(#2693,#2694,#2695,#2696));
#1170=AXIS2_PLACEMENT_3D('',#2697,#2698,#2699);
#1171=EDGE_LOOP('',(#2700,#2701,#2702,#2703));
#1172=AXIS2_PLACEMENT_3D('',#2704,#2705,#2706);
#1173=ORIENTED_EDGE('',*,*,#2707,.F.);
#1174=ORIENTED_EDGE('',*,*,#2708,.T.);
#1175=ORIENTED_EDGE('',*,*,#2709,.T.);
#1176=ORIENTED_EDGE('',*,*,#2710,.F.);
#1177=ORIENTED_EDGE('',*,*,#2711,.F.);
#1178=ORIENTED_EDGE('',*,*,#2712,.T.);
#1179=ORIENTED_EDGE('',*,*,#2713,.T.);
#1180=ORIENTED_EDGE('',*,*,#2714,.F.);
#1181=ORIENTED_EDGE('',*,*,#2715,.T.);
#1182=ORIENTED_EDGE('',*,*,#2716,.T.);
#1183=ORIENTED_EDGE('',*,*,#2717,.F.);
#1184=ORIENTED_EDGE('',*,*,#2718,.F.);
#1185=CARTESIAN_POINT('',(-5.66000000000001,4.10435075493739E-14,-7.29999999999994));
#1186=DIRECTION('',(-9.30827231011974E-15,1.0,1.36734156983049E-15));
#1187=DIRECTION('',(-1.0,-9.30827231011974E-15,0.0));
#1188=ORIENTED_EDGE('',*,*,#2719,.T.);
#1189=ORIENTED_EDGE('',*,*,#2720,.T.);
#1190=ORIENTED_EDGE('',*,*,#2721,.F.);
#1191=ORIENTED_EDGE('',*,*,#2722,.F.);
#1192=CARTESIAN_POINT('',(-5.65999999999995,4.40049947731635E-14,-1.49999999999998));
#1193=DIRECTION('',(-1.45124427380498E-14,1.0,1.36734156983008E-15));
#1194=DIRECTION('',(-1.0,-1.45124427380498E-14,4.3145692340899E-45));
#1195=ORIENTED_EDGE('',*,*,#2723,.T.);
#1196=ORIENTED_EDGE('',*,*,#2724,.T.);
#1197=ORIENTED_EDGE('',*,*,#2725,.F.);
#1198=ORIENTED_EDGE('',*,*,#2726,.F.);
#1199=CARTESIAN_POINT('',(5.65999999999993,-4.01025941807141E-14,-7.29999999999997));
#1200=DIRECTION('',(-9.30827231011952E-15,1.0,-3.67381906146716E-16));
#1201=DIRECTION('',(-1.0,-9.30827231011952E-15,-3.96229015881542E-45));
#1202=ORIENTED_EDGE('',*,*,#2727,.T.);
#1203=ORIENTED_EDGE('',*,*,#2728,.T.);
#1204=ORIENTED_EDGE('',*,*,#2729,.F.);
#1205=ORIENTED_EDGE('',*,*,#2730,.F.);
#1206=ORIENTED_EDGE('',*,*,#2731,.T.);
#1207=CARTESIAN_POINT('',(5.65999999999996,4.99458620317939E-14,-1.49999999999997));
#1208=DIRECTION('',(-9.7419531791138E-15,1.0,-2.53578625111805E-15));
#1209=DIRECTION('',(-1.0,-9.7419531791138E-15,-7.81399467775112E-45));
#1210=ORIENTED_EDGE('',*,*,#2732,.T.);
#1211=ORIENTED_EDGE('',*,*,#2733,.T.);
#1212=ORIENTED_EDGE('',*,*,#2734,.T.);
#1213=ORIENTED_EDGE('',*,*,#2735,.T.);
#1214=ORIENTED_EDGE('',*,*,#2736,.T.);
#1215=ORIENTED_EDGE('',*,*,#2737,.T.);
#1216=ORIENTED_EDGE('',*,*,#2738,.T.);
#1217=ORIENTED_EDGE('',*,*,#2739,.T.);
#1218=ORIENTED_EDGE('',*,*,#2740,.T.);
#1219=ORIENTED_EDGE('',*,*,#2741,.T.);
#1220=ORIENTED_EDGE('',*,*,#2742,.T.);
#1221=ORIENTED_EDGE('',*,*,#2743,.T.);
#1222=ORIENTED_EDGE('',*,*,#2744,.T.);
#1223=ORIENTED_EDGE('',*,*,#2745,.T.);
#1224=ORIENTED_EDGE('',*,*,#2746,.T.);
#1225=ORIENTED_EDGE('',*,*,#2747,.T.);
#1226=CARTESIAN_POINT('',(-7.53649999999993,-7.25173933013178E-14,-8.79999999999995));
#1227=DIRECTION('',(-4.4989821654674E-32,1.05926146941298E-30,-1.0));
#1228=DIRECTION('',(-1.0,0.0,4.4989821654674E-32));
#1229=ORIENTED_EDGE('',*,*,#2733,.F.);
#1230=ORIENTED_EDGE('',*,*,#2748,.T.);
#1231=ORIENTED_EDGE('',*,*,#2749,.T.);
#1232=ORIENTED_EDGE('',*,*,#2750,.T.);
#1233=CARTESIAN_POINT('',(-0.250380690431405,-0.583095189484586,-8.84999999999995));
#1234=DIRECTION('',(-1.0,-9.30827231011953E-15,0.0));
#1235=DIRECTION('',(-9.30827231011953E-15,1.0,0.0));
#1236=ORIENTED_EDGE('',*,*,#2732,.F.);
#1237=ORIENTED_EDGE('',*,*,#2751,.T.);
#1238=ORIENTED_EDGE('',*,*,#2752,.F.);
#1239=ORIENTED_EDGE('',*,*,#2753,.T.);
#1240=ORIENTED_EDGE('',*,*,#2748,.F.);
#1241=CARTESIAN_POINT('',(-0.00038069043151439,8.19999999999997,-8.84999999999995));
#1242=DIRECTION('',(-9.30827231011953E-15,1.0,-3.67381906146712E-16));
#1243=DIRECTION('',(1.0,9.30827231011953E-15,0.0));
#1244=ORIENTED_EDGE('',*,*,#2747,.F.);
#1245=ORIENTED_EDGE('',*,*,#2754,.T.);
#1246=ORIENTED_EDGE('',*,*,#2755,.T.);
#1247=ORIENTED_EDGE('',*,*,#2751,.F.);
#1248=CARTESIAN_POINT('',(0.250380690431452,-0.583095189484581,-8.84999999999995));
#1249=DIRECTION('',(1.0,9.30827231011953E-15,0.0));
#1250=DIRECTION('',(-9.30827231011953E-15,1.0,0.0));
#1251=ORIENTED_EDGE('',*,*,#2756,.T.);
#1252=ORIENTED_EDGE('',*,*,#2757,.T.);
#1253=ORIENTED_EDGE('',*,*,#2758,.T.);
#1254=ORIENTED_EDGE('',*,*,#2759,.T.);
#1255=ORIENTED_EDGE('',*,*,#2738,.F.);
#1256=ORIENTED_EDGE('',*,*,#2760,.T.);
#1257=ORIENTED_EDGE('',*,*,#2761,.F.);
#1258=ORIENTED_EDGE('',*,*,#2762,.T.);
#1259=ORIENTED_EDGE('',*,*,#2734,.F.);
#1260=ORIENTED_EDGE('',*,*,#2750,.F.);
#1261=ORIENTED_EDGE('',*,*,#2763,.T.);
#1262=ORIENTED_EDGE('',*,*,#2764,.T.);
#1263=ORIENTED_EDGE('',*,*,#2754,.F.);
#1264=ORIENTED_EDGE('',*,*,#2746,.F.);
#1265=ORIENTED_EDGE('',*,*,#2765,.T.);
#1266=ORIENTED_EDGE('',*,*,#2766,.F.);
#1267=ORIENTED_EDGE('',*,*,#2767,.T.);
#1268=ORIENTED_EDGE('',*,*,#2742,.F.);
#1269=ORIENTED_EDGE('',*,*,#2768,.T.);
#1270=ORIENTED_EDGE('',*,*,#2769,.T.);
#1271=ORIENTED_EDGE('',*,*,#2770,.T.);
#1272=ORIENTED_EDGE('',*,*,#2771,.T.);
#1273=ORIENTED_EDGE('',*,*,#2772,.T.);
#1274=ORIENTED_EDGE('',*,*,#2773,.T.);
#1275=ORIENTED_EDGE('',*,*,#2774,.T.);
#1276=ORIENTED_EDGE('',*,*,#2775,.T.);
#1277=ORIENTED_EDGE('',*,*,#2776,.T.);
#1278=ORIENTED_EDGE('',*,*,#2777,.T.);
#1279=ORIENTED_EDGE('',*,*,#2778,.T.);
#1280=ORIENTED_EDGE('',*,*,#2779,.T.);
#1281=ORIENTED_EDGE('',*,*,#2780,.T.);
#1282=ORIENTED_EDGE('',*,*,#2781,.T.);
#1283=ORIENTED_EDGE('',*,*,#2782,.T.);
#1284=ORIENTED_EDGE('',*,*,#2717,.T.);
#1285=ORIENTED_EDGE('',*,*,#2783,.T.);
#1286=ORIENTED_EDGE('',*,*,#2721,.T.);
#1287=ORIENTED_EDGE('',*,*,#2784,.T.);
#1288=ORIENTED_EDGE('',*,*,#2785,.T.);
#1289=ORIENTED_EDGE('',*,*,#2707,.T.);
#1290=ORIENTED_EDGE('',*,*,#2786,.T.);
#1291=ORIENTED_EDGE('',*,*,#2787,.T.);
#1292=ORIENTED_EDGE('',*,*,#2788,.T.);
#1293=ORIENTED_EDGE('',*,*,#2789,.T.);
#1294=ORIENTED_EDGE('',*,*,#2790,.T.);
#1295=ORIENTED_EDGE('',*,*,#2791,.T.);
#1296=ORIENTED_EDGE('',*,*,#2792,.T.);
#1297=ORIENTED_EDGE('',*,*,#2793,.T.);
#1298=ORIENTED_EDGE('',*,*,#2794,.T.);
#1299=ORIENTED_EDGE('',*,*,#2711,.T.);
#1300=ORIENTED_EDGE('',*,*,#2795,.T.);
#1301=ORIENTED_EDGE('',*,*,#2796,.T.);
#1302=ORIENTED_EDGE('',*,*,#2797,.T.);
#1303=ORIENTED_EDGE('',*,*,#2798,.T.);
#1304=ORIENTED_EDGE('',*,*,#2799,.T.);
#1305=ORIENTED_EDGE('',*,*,#2800,.T.);
#1306=ORIENTED_EDGE('',*,*,#2801,.T.);
#1307=ORIENTED_EDGE('',*,*,#2802,.T.);
#1308=ORIENTED_EDGE('',*,*,#2725,.T.);
#1309=ORIENTED_EDGE('',*,*,#2803,.T.);
#1310=ORIENTED_EDGE('',*,*,#2729,.T.);
#1311=ORIENTED_EDGE('',*,*,#2804,.T.);
#1312=CARTESIAN_POINT('',(21.5900000000001,2.00212806707363E-13,-4.40999999999998));
#1313=DIRECTION('',(9.30827231011953E-15,-1.0,-1.05926146941298E-30));
#1314=DIRECTION('',(0.0,1.05926146941298E-30,-1.0));
#1315=ORIENTED_EDGE('',*,*,#2805,.T.);
#1316=ORIENTED_EDGE('',*,*,#2765,.F.);
#1317=ORIENTED_EDGE('',*,*,#2745,.F.);
#1318=ORIENTED_EDGE('',*,*,#2806,.T.);
#1319=CARTESIAN_POINT('',(5.40999999999986,8.20000000000003,-8.79999999999996));
#1320=DIRECTION('',(-1.0,-9.30827231011953E-15,0.0));
#1321=DIRECTION('',(-9.30827231011953E-15,1.0,0.0));
#1322=ORIENTED_EDGE('',*,*,#2807,.T.);
#1323=ORIENTED_EDGE('',*,*,#2806,.F.);
#1324=ORIENTED_EDGE('',*,*,#2744,.F.);
#1325=ORIENTED_EDGE('',*,*,#2808,.T.);
#1326=CARTESIAN_POINT('',(5.90999999999991,8.20000000000004,-8.79999999999996));
#1327=DIRECTION('',(-9.30827231011953E-15,1.0,-1.83690953073356E-16));
#1328=DIRECTION('',(1.0,9.30827231011953E-15,0.0));
#1329=ORIENTED_EDGE('',*,*,#2809,.T.);
#1330=ORIENTED_EDGE('',*,*,#2808,.F.);
#1331=ORIENTED_EDGE('',*,*,#2743,.F.);
#1332=ORIENTED_EDGE('',*,*,#2767,.F.);
#1333=CARTESIAN_POINT('',(5.90999999999999,5.26462903167037E-14,-8.79999999999995));
#1334=DIRECTION('',(1.0,9.30827231011953E-15,1.22460635382238E-16));
#1335=DIRECTION('',(-9.30827231011953E-15,1.0,0.0));
#1336=ORIENTED_EDGE('',*,*,#2810,.T.);
#1337=ORIENTED_EDGE('',*,*,#2811,.T.);
#1338=ORIENTED_EDGE('',*,*,#2768,.F.);
#1339=ORIENTED_EDGE('',*,*,#2741,.F.);
#1340=ORIENTED_EDGE('',*,*,#2812,.T.);
#1341=ORIENTED_EDGE('',*,*,#2813,.T.);
#1342=ORIENTED_EDGE('',*,*,#2772,.F.);
#1343=ORIENTED_EDGE('',*,*,#2814,.T.);
#1344=CARTESIAN_POINT('',(7.55999999999997,7.12342265834303E-14,-0.00999999999998832));
#1345=DIRECTION('',(1.0,9.30827231011953E-15,1.22460635382238E-16));
#1346=DIRECTION('',(-9.30827231011953E-15,1.0,0.0));
#1347=ORIENTED_EDGE('',*,*,#2815,.F.);
#1348=ORIENTED_EDGE('',*,*,#2816,.F.);
#1349=ORIENTED_EDGE('',*,*,#2817,.F.);
#1350=ORIENTED_EDGE('',*,*,#2818,.F.);
#1351=ORIENTED_EDGE('',*,*,#2819,.F.);
#1352=ORIENTED_EDGE('',*,*,#2820,.F.);
#1353=ORIENTED_EDGE('',*,*,#2821,.F.);
#1354=ORIENTED_EDGE('',*,*,#2822,.F.);
#1355=ORIENTED_EDGE('',*,*,#2823,.F.);
#1356=ORIENTED_EDGE('',*,*,#2824,.F.);
#1357=ORIENTED_EDGE('',*,*,#2812,.F.);
#1358=ORIENTED_EDGE('',*,*,#2740,.F.);
#1359=CARTESIAN_POINT('',(50.7165,8.80000000000045,-8.80999999999998));
#1360=DIRECTION('',(9.30827231011953E-15,-1.0,-1.05926146941298E-30));
#1361=DIRECTION('',(0.0,1.05926146941298E-30,-1.0));
#1362=ORIENTED_EDGE('',*,*,#2825,.T.);
#1363=ORIENTED_EDGE('',*,*,#2826,.T.);
#1364=ORIENTED_EDGE('',*,*,#2774,.F.);
#1365=ORIENTED_EDGE('',*,*,#2827,.T.);
#1366=ORIENTED_EDGE('',*,*,#2815,.T.);
#1367=ORIENTED_EDGE('',*,*,#2739,.F.);
#1368=ORIENTED_EDGE('',*,*,#2759,.F.);
#1369=ORIENTED_EDGE('',*,*,#2828,.T.);
#1370=CARTESIAN_POINT('',(-7.55999999999994,-6.95068507455761E-14,-0.00999999999998832));
#1371=DIRECTION('',(-1.0,-9.30827231011953E-15,1.22460635382238E-16));
#1372=DIRECTION('',(-9.30827231011953E-15,1.0,0.0));
#1373=ORIENTED_EDGE('',*,*,#2829,.T.);
#1374=ORIENTED_EDGE('',*,*,#2760,.F.);
#1375=ORIENTED_EDGE('',*,*,#2737,.F.);
#1376=ORIENTED_EDGE('',*,*,#2830,.T.);
#1377=CARTESIAN_POINT('',(-5.90999999999995,-5.73774883889086E-14,-8.79999999999995));
#1378=DIRECTION('',(-1.0,-9.30827231011953E-15,1.22460635382238E-16));
#1379=DIRECTION('',(-9.30827231011953E-15,1.0,0.0));
#1380=ORIENTED_EDGE('',*,*,#2831,.T.);
#1381=ORIENTED_EDGE('',*,*,#2830,.F.);
#1382=ORIENTED_EDGE('',*,*,#2736,.F.);
#1383=ORIENTED_EDGE('',*,*,#2832,.T.);
#1384=CARTESIAN_POINT('',(-5.91000000000003,8.19999999999993,-8.79999999999996));
#1385=DIRECTION('',(-9.30827231011953E-15,1.0,-1.83690953073356E-16));
#1386=DIRECTION('',(1.0,9.30827231011953E-15,0.0));
#1387=ORIENTED_EDGE('',*,*,#2833,.T.);
#1388=ORIENTED_EDGE('',*,*,#2832,.F.);
#1389=ORIENTED_EDGE('',*,*,#2735,.F.);
#1390=ORIENTED_EDGE('',*,*,#2762,.F.);
#1391=CARTESIAN_POINT('',(-5.41000000000003,8.19999999999993,-8.79999999999996));
#1392=DIRECTION('',(1.0,9.30827231011953E-15,0.0));
#1393=DIRECTION('',(-9.30827231011953E-15,1.0,0.0));
#1394=ORIENTED_EDGE('',*,*,#2749,.F.);
#1395=ORIENTED_EDGE('',*,*,#2753,.F.);
#1396=ORIENTED_EDGE('',*,*,#2834,.T.);
#1397=ORIENTED_EDGE('',*,*,#2763,.F.);
#1398=CARTESIAN_POINT('',(-0.000380690431432634,-0.583095189484584,-8.84999999999995));
#1399=DIRECTION('',(9.10729824887722E-15,-1.0,3.67381906146712E-16));
#1400=DIRECTION('',(-1.0,-9.10729824887722E-15,0.0));
#1401=ORIENTED_EDGE('',*,*,#2755,.F.);
#1402=ORIENTED_EDGE('',*,*,#2764,.F.);
#1403=ORIENTED_EDGE('',*,*,#2834,.F.);
#1404=ORIENTED_EDGE('',*,*,#2752,.T.);
#1405=CARTESIAN_POINT('',(0.000380690431479919,-0.583095189484584,-8.84999999999995));
#1406=DIRECTION('',(9.10729824887722E-15,-1.0,3.67381906146712E-16));
#1407=DIRECTION('',(-1.0,-9.10729824887722E-15,0.0));
#1408=ORIENTED_EDGE('',*,*,#2757,.F.);
#1409=ORIENTED_EDGE('',*,*,#2835,.F.);
#1410=ORIENTED_EDGE('',*,*,#2836,.F.);
#1411=ORIENTED_EDGE('',*,*,#2837,.F.);
#1412=CARTESIAN_POINT('',(-6.23349999999993,-5.93784142393286E-14,-6.04999999999995));
#1413=DIRECTION('',(1.0,9.30827231011953E-15,0.0));
#1414=DIRECTION('',(-9.30827231011953E-15,1.0,0.0));
#1415=ORIENTED_EDGE('',*,*,#2838,.T.);
#1416=ORIENTED_EDGE('',*,*,#2816,.T.);
#1417=ORIENTED_EDGE('',*,*,#2827,.F.);
#1418=ORIENTED_EDGE('',*,*,#2773,.F.);
#1419=ORIENTED_EDGE('',*,*,#2813,.F.);
#1420=ORIENTED_EDGE('',*,*,#2824,.T.);
#1421=ORIENTED_EDGE('',*,*,#2839,.T.);
#1422=ORIENTED_EDGE('',*,*,#2840,.T.);
#1423=ORIENTED_EDGE('',*,*,#2841,.T.);
#1424=ORIENTED_EDGE('',*,*,#2842,.T.);
#1425=ORIENTED_EDGE('',*,*,#2843,.T.);
#1426=CARTESIAN_POINT('',(50.7165000000001,4.72950354354166E-13,-6.07153216591882E-15));
#1427=DIRECTION('',(1.22460635382238E-16,8.06354719951471E-32,1.0));
#1428=DIRECTION('',(1.0,0.0,-1.22460635382238E-16));
#1429=ORIENTED_EDGE('',*,*,#2844,.F.);
#1430=ORIENTED_EDGE('',*,*,#2845,.F.);
#1431=ORIENTED_EDGE('',*,*,#2770,.F.);
#1432=ORIENTED_EDGE('',*,*,#2846,.F.);
#1433=CARTESIAN_POINT('',(6.23349999999991,5.66678166509301E-14,-6.04999999999995));
#1434=DIRECTION('',(-1.0,-9.30827231011953E-15,0.0));
#1435=DIRECTION('',(-9.30827231011953E-15,1.0,0.0));
#1436=ORIENTED_EDGE('',*,*,#2847,.T.);
#1437=ORIENTED_EDGE('',*,*,#2848,.T.);
#1438=ORIENTED_EDGE('',*,*,#2776,.F.);
#1439=ORIENTED_EDGE('',*,*,#2849,.T.);
#1440=CARTESIAN_POINT('',(9.36500000000009,0.0500000000000694,-2.65999999999997));
#1441=DIRECTION('',(8.79187702116456E-15,-0.948683298050515,-0.316227766016835));
#1442=DIRECTION('',(0.0,0.316227766016835,-0.948683298050515));
#1443=ORIENTED_EDGE('',*,*,#2775,.F.);
#1444=ORIENTED_EDGE('',*,*,#2850,.T.);
#1445=ORIENTED_EDGE('',*,*,#2851,.F.);
#1446=ORIENTED_EDGE('',*,*,#2849,.F.);
#1447=CARTESIAN_POINT('',(-3.00999999999994,0.0499999999999538,-3.92499999999996));
#1448=DIRECTION('',(0.316227766016837,-0.948683298050514,-3.87254531519275E-17));
#1449=DIRECTION('',(0.0,4.08202117940792E-17,-1.0));
#1450=ORIENTED_EDGE('',*,*,#2778,.F.);
#1451=ORIENTED_EDGE('',*,*,#2852,.T.);
#1452=ORIENTED_EDGE('',*,*,#2853,.F.);
#1453=ORIENTED_EDGE('',*,*,#2850,.F.);
#1454=CARTESIAN_POINT('',(9.68500000000007,0.050000000000072,-3.59999999999994));
#1455=DIRECTION('',(8.86932792746841E-15,-0.948683298050515,0.316227766016835));
#1456=DIRECTION('',(-1.0,-9.34909252191361E-15,0.0));
#1457=ORIENTED_EDGE('',*,*,#2777,.F.);
#1458=ORIENTED_EDGE('',*,*,#2848,.F.);
#1459=ORIENTED_EDGE('',*,*,#2854,.F.);
#1460=ORIENTED_EDGE('',*,*,#2852,.F.);
#1461=CARTESIAN_POINT('',(-2.06999999999994,0.0499999999999626,-3.60499999999996));
#1462=DIRECTION('',(-0.316227766016819,-0.94868329805052,3.87254531519256E-17));
#1463=DIRECTION('',(-0.94868329805052,0.316227766016819,0.0));
#1464=ORIENTED_EDGE('',*,*,#2855,.T.);
#1465=ORIENTED_EDGE('',*,*,#2856,.T.);
#1466=ORIENTED_EDGE('',*,*,#2780,.F.);
#1467=ORIENTED_EDGE('',*,*,#2857,.T.);
#1468=CARTESIAN_POINT('',(9.36500000000009,0.0500000000000685,-5.19999999999993));
#1469=DIRECTION('',(8.79187702116454E-15,-0.948683298050514,-0.316227766016838));
#1470=DIRECTION('',(0.0,0.316227766016838,-0.948683298050514));
#1471=ORIENTED_EDGE('',*,*,#2779,.F.);
#1472=ORIENTED_EDGE('',*,*,#2858,.T.);
#1473=ORIENTED_EDGE('',*,*,#2859,.F.);
#1474=ORIENTED_EDGE('',*,*,#2857,.F.);
#1475=CARTESIAN_POINT('',(-3.00999999999994,0.0499999999999533,-5.19499999999997));
#1476=DIRECTION('',(0.316227766016836,-0.948683298050514,-3.87254531519272E-17));
#1477=DIRECTION('',(0.0,4.08202117940788E-17,-1.0));
#1478=ORIENTED_EDGE('',*,*,#2782,.F.);
#1479=ORIENTED_EDGE('',*,*,#2860,.T.);
#1480=ORIENTED_EDGE('',*,*,#2861,.F.);
#1481=ORIENTED_EDGE('',*,*,#2858,.F.);
#1482=CARTESIAN_POINT('',(9.68500000000007,0.0500000000000711,-6.13999999999993));
#1483=DIRECTION('',(8.86932792746839E-15,-0.948683298050513,0.316227766016841));
#1484=DIRECTION('',(-1.0,-9.34909252191361E-15,0.0));
#1485=ORIENTED_EDGE('',*,*,#2781,.F.);
#1486=ORIENTED_EDGE('',*,*,#2856,.F.);
#1487=ORIENTED_EDGE('',*,*,#2862,.F.);
#1488=ORIENTED_EDGE('',*,*,#2860,.F.);
#1489=CARTESIAN_POINT('',(-2.06999999999994,0.0499999999999622,-4.87499999999997));
#1490=DIRECTION('',(-0.316227766016819,-0.94868329805052,3.87254531519255E-17));
#1491=DIRECTION('',(-0.94868329805052,0.316227766016819,0.0));
#1492=ORIENTED_EDGE('',*,*,#2716,.F.);
#1493=ORIENTED_EDGE('',*,*,#2863,.T.);
#1494=ORIENTED_EDGE('',*,*,#2718,.T.);
#1495=ORIENTED_EDGE('',*,*,#2783,.F.);
#1496=CARTESIAN_POINT('',(-5.66000000000001,4.10435075493739E-14,-7.29999999999994));
#1497=DIRECTION('',(-9.30827231011974E-15,1.0,1.36734156983049E-15));
#1498=DIRECTION('',(-1.0,-9.30827231011974E-15,0.0));
#1499=ORIENTED_EDGE('',*,*,#2720,.F.);
#1500=ORIENTED_EDGE('',*,*,#2864,.T.);
#1501=ORIENTED_EDGE('',*,*,#2722,.T.);
#1502=ORIENTED_EDGE('',*,*,#2784,.F.);
#1503=CARTESIAN_POINT('',(-5.65999999999995,4.40049947731635E-14,-1.49999999999998));
#1504=DIRECTION('',(-1.45124427380498E-14,1.0,1.36734156983008E-15));
#1505=DIRECTION('',(-1.0,-1.45124427380498E-14,4.3145692340899E-45));
#1506=ORIENTED_EDGE('',*,*,#2708,.F.);
#1507=ORIENTED_EDGE('',*,*,#2785,.F.);
#1508=ORIENTED_EDGE('',*,*,#2710,.T.);
#1509=ORIENTED_EDGE('',*,*,#2865,.T.);
#1510=ORIENTED_EDGE('',*,*,#2787,.F.);
#1511=ORIENTED_EDGE('',*,*,#2866,.T.);
#1512=ORIENTED_EDGE('',*,*,#2867,.T.);
#1513=ORIENTED_EDGE('',*,*,#2868,.T.);
#1514=CARTESIAN_POINT('',(-0.470000000000008,0.0499999999999775,-3.60499999999996));
#1515=DIRECTION('',(0.316227766016837,-0.948683298050514,-3.87254531519274E-17));
#1516=DIRECTION('',(0.0,4.0820211794079E-17,-1.0));
#1517=ORIENTED_EDGE('',*,*,#2869,.F.);
#1518=ORIENTED_EDGE('',*,*,#2866,.F.);
#1519=ORIENTED_EDGE('',*,*,#2786,.F.);
#1520=ORIENTED_EDGE('',*,*,#2870,.T.);
#1521=CARTESIAN_POINT('',(-3.33499999999996,0.0499999999999509,-3.59999999999997));
#1522=DIRECTION('',(8.86932792746841E-15,-0.948683298050515,0.316227766016835));
#1523=DIRECTION('',(-1.0,-9.34909252191361E-15,0.0));
#1524=ORIENTED_EDGE('',*,*,#2789,.F.);
#1525=ORIENTED_EDGE('',*,*,#2871,.T.);
#1526=ORIENTED_EDGE('',*,*,#2872,.F.);
#1527=ORIENTED_EDGE('',*,*,#2870,.F.);
#1528=CARTESIAN_POINT('',(0.469999999999988,0.0499999999999863,-3.60499999999996));
#1529=DIRECTION('',(-0.316227766016819,-0.94868329805052,-3.87254531519274E-17));
#1530=DIRECTION('',(-0.94868329805052,0.316227766016819,0.0));
#1531=ORIENTED_EDGE('',*,*,#2788,.F.);
#1532=ORIENTED_EDGE('',*,*,#2868,.F.);
#1533=ORIENTED_EDGE('',*,*,#2873,.F.);
#1534=ORIENTED_EDGE('',*,*,#2871,.F.);
#1535=CARTESIAN_POINT('',(-3.01499999999997,0.0499999999999542,-2.65999999999997));
#1536=DIRECTION('',(8.79187702116456E-15,-0.948683298050515,-0.316227766016835));
#1537=DIRECTION('',(0.0,0.316227766016835,-0.948683298050515));
#1538=ORIENTED_EDGE('',*,*,#2791,.F.);
#1539=ORIENTED_EDGE('',*,*,#2874,.T.);
#1540=ORIENTED_EDGE('',*,*,#2875,.T.);
#1541=ORIENTED_EDGE('',*,*,#2876,.T.);
#1542=CARTESIAN_POINT('',(-3.01499999999997,0.0499999999999532,-5.19999999999996));
#1543=DIRECTION('',(8.79187702116454E-15,-0.948683298050514,-0.316227766016838));
#1544=DIRECTION('',(0.0,0.316227766016838,-0.948683298050514));
#1545=ORIENTED_EDGE('',*,*,#2790,.F.);
#1546=ORIENTED_EDGE('',*,*,#2877,.T.);
#1547=ORIENTED_EDGE('',*,*,#2878,.F.);
#1548=ORIENTED_EDGE('',*,*,#2874,.F.);
#1549=CARTESIAN_POINT('',(-0.470000000000008,0.049999999999977,-4.87499999999997));
#1550=DIRECTION('',(0.316227766016836,-0.948683298050514,-3.87254531519272E-17));
#1551=DIRECTION('',(0.0,4.08202117940788E-17,-1.0));
#1552=ORIENTED_EDGE('',*,*,#2879,.F.);
#1553=ORIENTED_EDGE('',*,*,#2877,.F.);
#1554=ORIENTED_EDGE('',*,*,#2793,.F.);
#1555=ORIENTED_EDGE('',*,*,#2880,.T.);
#1556=CARTESIAN_POINT('',(-3.33499999999996,0.0499999999999499,-6.13999999999996));
#1557=DIRECTION('',(8.86932792746839E-15,-0.948683298050513,0.316227766016841));
#1558=DIRECTION('',(-1.0,-9.34909252191361E-15,0.0));
#1559=ORIENTED_EDGE('',*,*,#2792,.F.);
#1560=ORIENTED_EDGE('',*,*,#2876,.F.);
#1561=ORIENTED_EDGE('',*,*,#2881,.F.);
#1562=ORIENTED_EDGE('',*,*,#2880,.F.);
#1563=CARTESIAN_POINT('',(0.469999999999988,0.0499999999999858,-4.87499999999997));
#1564=DIRECTION('',(-0.316227766016819,-0.94868329805052,-3.87254531519273E-17));
#1565=DIRECTION('',(-0.94868329805052,0.316227766016819,0.0));
#1566=ORIENTED_EDGE('',*,*,#2712,.F.);
#1567=ORIENTED_EDGE('',*,*,#2794,.F.);
#1568=ORIENTED_EDGE('',*,*,#2714,.T.);
#1569=ORIENTED_EDGE('',*,*,#2882,.T.);
#1570=ORIENTED_EDGE('',*,*,#2796,.F.);
#1571=ORIENTED_EDGE('',*,*,#2883,.T.);
#1572=ORIENTED_EDGE('',*,*,#2884,.T.);
#1573=ORIENTED_EDGE('',*,*,#2885,.T.);
#1574=CARTESIAN_POINT('',(-9.68500000000009,0.0499999999998917,-3.59999999999994));
#1575=DIRECTION('',(8.79187702116456E-15,-0.948683298050515,0.316227766016835));
#1576=DIRECTION('',(-1.0,-9.26745209832545E-15,0.0));
#1577=ORIENTED_EDGE('',*,*,#2795,.F.);
#1578=ORIENTED_EDGE('',*,*,#2886,.T.);
#1579=ORIENTED_EDGE('',*,*,#2887,.F.);
#1580=ORIENTED_EDGE('',*,*,#2883,.F.);
#1581=CARTESIAN_POINT('',(3.00999999999992,0.0500000000000098,-3.92499999999996));
#1582=DIRECTION('',(-0.316227766016819,-0.94868329805052,-3.87254531519276E-17));
#1583=DIRECTION('',(-0.94868329805052,0.316227766016819,0.0));
#1584=ORIENTED_EDGE('',*,*,#2888,.F.);
#1585=ORIENTED_EDGE('',*,*,#2886,.F.);
#1586=ORIENTED_EDGE('',*,*,#2798,.F.);
#1587=ORIENTED_EDGE('',*,*,#2889,.T.);
#1588=CARTESIAN_POINT('',(-9.36499999999999,0.0499999999998951,-2.65999999999997));
#1589=DIRECTION('',(8.86932792746841E-15,-0.948683298050515,-0.316227766016835));
#1590=DIRECTION('',(0.0,0.316227766016835,-0.948683298050515));
#1591=ORIENTED_EDGE('',*,*,#2797,.F.);
#1592=ORIENTED_EDGE('',*,*,#2885,.F.);
#1593=ORIENTED_EDGE('',*,*,#2890,.F.);
#1594=ORIENTED_EDGE('',*,*,#2889,.F.);
#1595=CARTESIAN_POINT('',(2.06999999999998,0.0500000000000012,-3.60499999999996));
#1596=DIRECTION('',(0.316227766016837,-0.948683298050514,3.87254531519256E-17));
#1597=DIRECTION('',(0.0,-4.08202117940771E-17,-1.0));
#1598=ORIENTED_EDGE('',*,*,#2800,.F.);
#1599=ORIENTED_EDGE('',*,*,#2891,.T.);
#1600=ORIENTED_EDGE('',*,*,#2892,.T.);
#1601=ORIENTED_EDGE('',*,*,#2893,.T.);
#1602=CARTESIAN_POINT('',(-9.68500000000009,0.0499999999998908,-6.13999999999993));
#1603=DIRECTION('',(8.79187702116453E-15,-0.948683298050513,0.316227766016841));
#1604=DIRECTION('',(-1.0,-9.26745209832545E-15,0.0));
#1605=ORIENTED_EDGE('',*,*,#2799,.F.);
#1606=ORIENTED_EDGE('',*,*,#2894,.T.);
#1607=ORIENTED_EDGE('',*,*,#2895,.F.);
#1608=ORIENTED_EDGE('',*,*,#2891,.F.);
#1609=CARTESIAN_POINT('',(3.00999999999992,0.0500000000000093,-5.19499999999997));
#1610=DIRECTION('',(-0.316227766016819,-0.94868329805052,-3.87254531519272E-17));
#1611=DIRECTION('',(-0.94868329805052,0.316227766016819,0.0));
#1612=ORIENTED_EDGE('',*,*,#2896,.F.);
#1613=ORIENTED_EDGE('',*,*,#2894,.F.);
#1614=ORIENTED_EDGE('',*,*,#2802,.F.);
#1615=ORIENTED_EDGE('',*,*,#2897,.T.);
#1616=CARTESIAN_POINT('',(-9.36499999999999,0.0499999999998941,-5.19999999999993));
#1617=DIRECTION('',(8.8693279274684E-15,-0.948683298050514,-0.316227766016838));
#1618=DIRECTION('',(0.0,0.316227766016838,-0.948683298050514));
#1619=ORIENTED_EDGE('',*,*,#2801,.F.);
#1620=ORIENTED_EDGE('',*,*,#2893,.F.);
#1621=ORIENTED_EDGE('',*,*,#2898,.F.);
#1622=ORIENTED_EDGE('',*,*,#2897,.F.);
#1623=CARTESIAN_POINT('',(2.06999999999998,0.0500000000000007,-4.87499999999997));
#1624=DIRECTION('',(0.316227766016836,-0.948683298050514,3.87254531519255E-17));
#1625=DIRECTION('',(1.94890407621922E-33,-4.08202117940771E-17,-1.0));
#1626=ORIENTED_EDGE('',*,*,#2724,.F.);
#1627=ORIENTED_EDGE('',*,*,#2899,.T.);
#1628=ORIENTED_EDGE('',*,*,#2726,.T.);
#1629=ORIENTED_EDGE('',*,*,#2803,.F.);
#1630=CARTESIAN_POINT('',(5.65999999999993,-4.01025941807141E-14,-7.29999999999997));
#1631=DIRECTION('',(-9.30827231011952E-15,1.0,-3.67381906146716E-16));
#1632=DIRECTION('',(-1.0,-9.30827231011952E-15,-3.96229015881542E-45));
#1633=ORIENTED_EDGE('',*,*,#2728,.F.);
#1634=ORIENTED_EDGE('',*,*,#2900,.T.);
#1635=ORIENTED_EDGE('',*,*,#2901,.T.);
#1636=ORIENTED_EDGE('',*,*,#2730,.T.);
#1637=ORIENTED_EDGE('',*,*,#2804,.F.);
#1638=CARTESIAN_POINT('',(5.65999999999996,4.99458620317939E-14,-1.49999999999997));
#1639=DIRECTION('',(-9.7419531791138E-15,1.0,-2.53578625111805E-15));
#1640=DIRECTION('',(-1.0,-9.7419531791138E-15,-7.81399467775112E-45));
#1641=ORIENTED_EDGE('',*,*,#2805,.F.);
#1642=ORIENTED_EDGE('',*,*,#2807,.F.);
#1643=ORIENTED_EDGE('',*,*,#2809,.F.);
#1644=ORIENTED_EDGE('',*,*,#2766,.T.);
#1645=CARTESIAN_POINT('',(5.65999999999992,4.10000000000004,-8.84999999999998));
#1646=DIRECTION('',(1.04083408558608E-14,-1.0,1.83690953073356E-16));
#1647=DIRECTION('',(-1.0,-1.04083408558608E-14,0.0));
#1648=ORIENTED_EDGE('',*,*,#2902,.F.);
#1649=ORIENTED_EDGE('',*,*,#2903,.F.);
#1650=ORIENTED_EDGE('',*,*,#2904,.F.);
#1651=ORIENTED_EDGE('',*,*,#2846,.T.);
#1652=ORIENTED_EDGE('',*,*,#2769,.F.);
#1653=ORIENTED_EDGE('',*,*,#2811,.F.);
#1654=CARTESIAN_POINT('',(7.55999999999997,6.90152398703042E-14,-6.04999999999995));
#1655=DIRECTION('',(1.16989015584456E-30,-1.22460635382237E-16,-1.0));
#1656=DIRECTION('',(0.0,-1.0,1.22460635382237E-16));
#1657=ORIENTED_EDGE('',*,*,#2902,.T.);
#1658=ORIENTED_EDGE('',*,*,#2810,.F.);
#1659=ORIENTED_EDGE('',*,*,#2905,.T.);
#1660=ORIENTED_EDGE('',*,*,#2906,.T.);
#1661=CARTESIAN_POINT('',(7.55999999999991,6.40000000000005,-2.74999999999997));
#1662=DIRECTION('',(9.30827231011953E-15,-1.0,1.22460635382237E-16));
#1663=DIRECTION('',(0.0,-1.22460635382237E-16,-1.0));
#1664=ORIENTED_EDGE('',*,*,#2907,.F.);
#1665=ORIENTED_EDGE('',*,*,#2908,.F.);
#1666=ORIENTED_EDGE('',*,*,#2905,.F.);
#1667=ORIENTED_EDGE('',*,*,#2814,.F.);
#1668=ORIENTED_EDGE('',*,*,#2771,.F.);
#1669=ORIENTED_EDGE('',*,*,#2845,.T.);
#1670=CARTESIAN_POINT('',(6.23349999999991,5.78801769412142E-14,-2.74999999999997));
#1671=DIRECTION('',(-1.22460635382239E-16,1.22460635382236E-16,1.0));
#1672=DIRECTION('',(1.0,-0.0,1.22460635382239E-16));
#1673=ORIENTED_EDGE('',*,*,#2909,.F.);
#1674=ORIENTED_EDGE('',*,*,#2910,.F.);
#1675=ORIENTED_EDGE('',*,*,#2911,.F.);
#1676=ORIENTED_EDGE('',*,*,#2818,.T.);
#1677=CARTESIAN_POINT('',(50.7165,8.80000000000045,-0.649999999999937));
#1678=DIRECTION('',(6.66853521732368E-15,-0.707106781186548,0.707106781186547));
#1679=DIRECTION('',(-1.0,-9.43073294550177E-15,0.0));
#1680=ORIENTED_EDGE('',*,*,#2912,.T.);
#1681=ORIENTED_EDGE('',*,*,#2819,.T.);
#1682=ORIENTED_EDGE('',*,*,#2911,.T.);
#1683=ORIENTED_EDGE('',*,*,#2913,.T.);
#1684=CARTESIAN_POINT('',(-6.96000000000009,8.79999999999991,-8.80999999999998));
#1685=DIRECTION('',(0.707106781186536,0.707106781186559,6.90253292068385E-31));
#1686=DIRECTION('',(9.76165567115804E-31,0.0,-1.0));
#1687=ORIENTED_EDGE('',*,*,#2914,.F.);
#1688=ORIENTED_EDGE('',*,*,#2915,.F.);
#1689=ORIENTED_EDGE('',*,*,#2820,.T.);
#1690=ORIENTED_EDGE('',*,*,#2912,.F.);
#1691=CARTESIAN_POINT('',(50.7165,8.80000000000045,-8.15));
#1692=DIRECTION('',(6.58194247161645E-15,-0.707106781186543,-0.707106781186552));
#1693=DIRECTION('',(0.0,-0.707106781186552,0.707106781186543));
#1694=ORIENTED_EDGE('',*,*,#2916,.T.);
#1695=ORIENTED_EDGE('',*,*,#2821,.T.);
#1696=ORIENTED_EDGE('',*,*,#2915,.T.);
#1697=ORIENTED_EDGE('',*,*,#2917,.T.);
#1698=CARTESIAN_POINT('',(6.95999999999996,8.80000000000004,-8.80999999999998));
#1699=DIRECTION('',(-0.707106781186549,0.707106781186546,6.90253292068385E-31));
#1700=DIRECTION('',(9.76165567115786E-31,0.0,1.0));
#1701=ORIENTED_EDGE('',*,*,#2918,.F.);
#1702=ORIENTED_EDGE('',*,*,#2822,.T.);
#1703=ORIENTED_EDGE('',*,*,#2916,.F.);
#1704=ORIENTED_EDGE('',*,*,#2919,.F.);
#1705=CARTESIAN_POINT('',(-5.16350000000005,8.79999999999993,-0.649999999999937));
#1706=DIRECTION('',(6.49534972590926E-15,-0.707106781186544,0.707106781186551));
#1707=DIRECTION('',(-1.0,-9.18581167473729E-15,0.0));
#1708=ORIENTED_EDGE('',*,*,#2920,.F.);
#1709=ORIENTED_EDGE('',*,*,#2921,.F.);
#1710=ORIENTED_EDGE('',*,*,#2922,.F.);
#1711=ORIENTED_EDGE('',*,*,#2835,.T.);
#1712=ORIENTED_EDGE('',*,*,#2756,.F.);
#1713=ORIENTED_EDGE('',*,*,#2826,.F.);
#1714=CARTESIAN_POINT('',(-6.23349999999993,-5.81660539490445E-14,-2.74999999999997));
#1715=DIRECTION('',(1.22460635382237E-16,1.22460635382238E-16,1.0));
#1716=DIRECTION('',(0.0,-1.0,1.22460635382238E-16));
#1717=ORIENTED_EDGE('',*,*,#2920,.T.);
#1718=ORIENTED_EDGE('',*,*,#2825,.F.);
#1719=ORIENTED_EDGE('',*,*,#2923,.T.);
#1720=ORIENTED_EDGE('',*,*,#2924,.T.);
#1721=CARTESIAN_POINT('',(-7.56,6.39999999999991,-2.74999999999997));
#1722=DIRECTION('',(9.30827231011953E-15,-1.0,1.22460635382237E-16));
#1723=DIRECTION('',(0.0,-1.22460635382237E-16,-1.0));
#1724=ORIENTED_EDGE('',*,*,#2925,.F.);
#1725=ORIENTED_EDGE('',*,*,#2926,.F.);
#1726=ORIENTED_EDGE('',*,*,#2923,.F.);
#1727=ORIENTED_EDGE('',*,*,#2828,.F.);
#1728=ORIENTED_EDGE('',*,*,#2758,.F.);
#1729=ORIENTED_EDGE('',*,*,#2837,.T.);
#1730=CARTESIAN_POINT('',(-7.55999999999994,-7.17258374587022E-14,-6.04999999999995));
#1731=DIRECTION('',(1.10990372697167E-30,-1.22460635382237E-16,-1.0));
#1732=DIRECTION('',(0.0,-1.0,1.22460635382237E-16));
#1733=ORIENTED_EDGE('',*,*,#2833,.F.);
#1734=ORIENTED_EDGE('',*,*,#2761,.T.);
#1735=ORIENTED_EDGE('',*,*,#2829,.F.);
#1736=ORIENTED_EDGE('',*,*,#2831,.F.);
#1737=CARTESIAN_POINT('',(-5.66000000000002,4.09999999999994,-8.84999999999998));
#1738=DIRECTION('',(1.04083408558608E-14,-1.0,1.83690953073356E-16));
#1739=DIRECTION('',(-1.0,-1.04083408558608E-14,0.0));
#1740=ORIENTED_EDGE('',*,*,#2927,.T.);
#1741=ORIENTED_EDGE('',*,*,#2928,.T.);
#1742=ORIENTED_EDGE('',*,*,#2925,.T.);
#1743=ORIENTED_EDGE('',*,*,#2836,.T.);
#1744=ORIENTED_EDGE('',*,*,#2922,.T.);
#1745=ORIENTED_EDGE('',*,*,#2929,.T.);
#1746=ORIENTED_EDGE('',*,*,#2930,.T.);
#1747=ORIENTED_EDGE('',*,*,#2931,.T.);
#1748=ORIENTED_EDGE('',*,*,#2932,.T.);
#1749=ORIENTED_EDGE('',*,*,#2933,.T.);
#1750=ORIENTED_EDGE('',*,*,#2934,.T.);
#1751=ORIENTED_EDGE('',*,*,#2935,.T.);
#1752=ORIENTED_EDGE('',*,*,#2936,.T.);
#1753=ORIENTED_EDGE('',*,*,#2937,.T.);
#1754=ORIENTED_EDGE('',*,*,#2907,.T.);
#1755=ORIENTED_EDGE('',*,*,#2844,.T.);
#1756=ORIENTED_EDGE('',*,*,#2904,.T.);
#1757=ORIENTED_EDGE('',*,*,#2938,.T.);
#1758=ORIENTED_EDGE('',*,*,#2939,.F.);
#1759=ORIENTED_EDGE('',*,*,#2940,.T.);
#1760=ORIENTED_EDGE('',*,*,#2941,.F.);
#1761=ORIENTED_EDGE('',*,*,#2942,.F.);
#1762=ORIENTED_EDGE('',*,*,#2943,.F.);
#1763=ORIENTED_EDGE('',*,*,#2944,.T.);
#1764=ORIENTED_EDGE('',*,*,#2945,.F.);
#1765=ORIENTED_EDGE('',*,*,#2946,.F.);
#1766=ORIENTED_EDGE('',*,*,#2947,.F.);
#1767=ORIENTED_EDGE('',*,*,#2948,.T.);
#1768=ORIENTED_EDGE('',*,*,#2949,.F.);
#1769=ORIENTED_EDGE('',*,*,#2950,.F.);
#1770=ORIENTED_EDGE('',*,*,#2951,.F.);
#1771=ORIENTED_EDGE('',*,*,#2952,.T.);
#1772=ORIENTED_EDGE('',*,*,#2953,.F.);
#1773=ORIENTED_EDGE('',*,*,#2954,.F.);
#1774=ORIENTED_EDGE('',*,*,#2955,.F.);
#1775=ORIENTED_EDGE('',*,*,#2956,.T.);
#1776=ORIENTED_EDGE('',*,*,#2957,.F.);
#1777=ORIENTED_EDGE('',*,*,#2958,.F.);
#1778=ORIENTED_EDGE('',*,*,#2959,.F.);
#1779=ORIENTED_EDGE('',*,*,#2960,.T.);
#1780=ORIENTED_EDGE('',*,*,#2961,.F.);
#1781=ORIENTED_EDGE('',*,*,#2962,.F.);
#1782=CARTESIAN_POINT('',(49.5665000000002,2.40000000000044,-1.16));
#1783=DIRECTION('',(-9.30827231011953E-15,1.0,1.05926146941298E-30));
#1784=DIRECTION('',(1.0,9.30827231011953E-15,-0.0));
#1785=ORIENTED_EDGE('',*,*,#2842,.F.);
#1786=ORIENTED_EDGE('',*,*,#2963,.F.);
#1787=ORIENTED_EDGE('',*,*,#2964,.F.);
#1788=ORIENTED_EDGE('',*,*,#2965,.F.);
#1789=CARTESIAN_POINT('',(-2.43299999999996,7.79999999999996,-0.0889000000000118));
#1790=DIRECTION('',(-1.20838298716824E-14,1.0,1.39629920968076E-30));
#1791=DIRECTION('',(1.0,1.20838298716824E-14,-0.0));
#1792=ORIENTED_EDGE('',*,*,#2841,.F.);
#1793=ORIENTED_EDGE('',*,*,#2966,.F.);
#1794=ORIENTED_EDGE('',*,*,#2967,.F.);
#1795=ORIENTED_EDGE('',*,*,#2963,.T.);
#1796=CARTESIAN_POINT('',(-4.93299999999996,7.79999999999993,-0.0889000000000118));
#1797=DIRECTION('',(-0.894427190999916,-0.447213595499958,1.09532122113E-16));
#1798=DIRECTION('',(-0.447213595499958,0.894427190999916,0.0));
#1799=ORIENTED_EDGE('',*,*,#2843,.F.);
#1800=ORIENTED_EDGE('',*,*,#2965,.T.);
#1801=ORIENTED_EDGE('',*,*,#2968,.F.);
#1802=ORIENTED_EDGE('',*,*,#2966,.T.);
#1803=CARTESIAN_POINT('',(-3.68299999999997,5.29999999999994,-0.0889000000000109));
#1804=DIRECTION('',(0.894427190999917,-0.447213595499956,-1.09532122113E-16));
#1805=DIRECTION('',(0.0,2.44921270764476E-16,-1.0));
#1806=ORIENTED_EDGE('',*,*,#2969,.T.);
#1807=ORIENTED_EDGE('',*,*,#2909,.T.);
#1808=ORIENTED_EDGE('',*,*,#2817,.T.);
#1809=ORIENTED_EDGE('',*,*,#2838,.F.);
#1810=ORIENTED_EDGE('',*,*,#2970,.T.);
#1811=ORIENTED_EDGE('',*,*,#2971,.T.);
#1812=CARTESIAN_POINT('',(-2.25000000000007,11.8499999999999,0.628000000000022));
#1813=DIRECTION('',(1.0,9.30827231011953E-15,-1.22460635382238E-16));
#1814=DIRECTION('',(-9.30827231011953E-15,1.0,0.0));
#1815=ORIENTED_EDGE('',*,*,#2972,.F.);
#1816=ORIENTED_EDGE('',*,*,#2973,.F.);
#1817=ORIENTED_EDGE('',*,*,#2974,.F.);
#1818=ORIENTED_EDGE('',*,*,#2975,.F.);
#1819=ORIENTED_EDGE('',*,*,#2976,.F.);
#1820=ORIENTED_EDGE('',*,*,#2977,.F.);
#1821=ORIENTED_EDGE('',*,*,#2970,.F.);
#1822=ORIENTED_EDGE('',*,*,#2840,.F.);
#1823=CARTESIAN_POINT('',(-6.34999999999997,2.04999999999992,2.09309105421093E-14));
#1824=DIRECTION('',(9.30827231011953E-15,-1.0,1.22460635382237E-16));
#1825=DIRECTION('',(0.0,-1.22460635382237E-16,-1.0));
#1826=ORIENTED_EDGE('',*,*,#2972,.T.);
#1827=ORIENTED_EDGE('',*,*,#2839,.F.);
#1828=ORIENTED_EDGE('',*,*,#2823,.T.);
#1829=ORIENTED_EDGE('',*,*,#2918,.T.);
#1830=ORIENTED_EDGE('',*,*,#2978,.T.);
#1831=ORIENTED_EDGE('',*,*,#2979,.T.);
#1832=CARTESIAN_POINT('',(2.24999999999988,11.85,0.628000000000022));
#1833=DIRECTION('',(-1.0,-9.30827231011953E-15,1.22460635382238E-16));
#1834=DIRECTION('',(-9.30827231011953E-15,1.0,0.0));
#1835=ORIENTED_EDGE('',*,*,#2980,.T.);
#1836=ORIENTED_EDGE('',*,*,#2981,.T.);
#1837=ORIENTED_EDGE('',*,*,#2982,.T.);
#1838=ORIENTED_EDGE('',*,*,#2847,.F.);
#1839=CARTESIAN_POINT('',(-2.86000000000003,8.19999999999995,-2.81));
#1840=DIRECTION('',(1.22460635382235E-16,2.44921270764476E-16,1.0));
#1841=DIRECTION('',(0.0,-1.0,2.44921270764476E-16));
#1842=ORIENTED_EDGE('',*,*,#2983,.T.);
#1843=ORIENTED_EDGE('',*,*,#2984,.T.);
#1844=ORIENTED_EDGE('',*,*,#2985,.T.);
#1845=ORIENTED_EDGE('',*,*,#2855,.F.);
#1846=CARTESIAN_POINT('',(-2.86000000000002,7.19999999999995,-5.35));
#1847=DIRECTION('',(1.22460635382235E-16,2.44921270764476E-16,1.0));
#1848=DIRECTION('',(0.0,-1.0,2.44921270764476E-16));
#1849=ORIENTED_EDGE('',*,*,#2715,.F.);
#1850=ORIENTED_EDGE('',*,*,#2863,.F.);
#1851=CARTESIAN_POINT('',(-6.15999999999998,-0.300000000000071,-7.29999999999997));
#1852=DIRECTION('',(9.30827231011953E-15,-1.0,1.22460635382237E-16));
#1853=DIRECTION('',(0.0,-1.22460635382237E-16,-1.0));
#1854=ORIENTED_EDGE('',*,*,#2719,.F.);
#1855=ORIENTED_EDGE('',*,*,#2864,.F.);
#1856=CARTESIAN_POINT('',(-6.15999999999998,-0.300000000000069,-1.49999999999998));
#1857=DIRECTION('',(9.30827231011953E-15,-1.0,1.22460635382237E-16));
#1858=DIRECTION('',(0.0,-1.22460635382237E-16,-1.0));
#1859=ORIENTED_EDGE('',*,*,#2709,.F.);
#1860=ORIENTED_EDGE('',*,*,#2865,.F.);
#1861=CARTESIAN_POINT('',(7.65182294220501E-14,-0.299999999999991,-7.29999999999997));
#1862=DIRECTION('',(-1.94345443080975E-13,1.0,-3.67381906146712E-16));
#1863=DIRECTION('',(1.0,1.94345443080975E-13,0.0));
#1864=ORIENTED_EDGE('',*,*,#2986,.T.);
#1865=ORIENTED_EDGE('',*,*,#2987,.T.);
#1866=ORIENTED_EDGE('',*,*,#2988,.T.);
#1867=ORIENTED_EDGE('',*,*,#2867,.F.);
#1868=CARTESIAN_POINT('',(-0.320000000000045,8.19999999999998,-3.44999999999998));
#1869=DIRECTION('',(-1.0,-9.30827231011953E-15,1.22460635382238E-16));
#1870=DIRECTION('',(-9.30827231011953E-15,1.0,0.0));
#1871=ORIENTED_EDGE('',*,*,#2989,.T.);
#1872=ORIENTED_EDGE('',*,*,#2990,.T.);
#1873=ORIENTED_EDGE('',*,*,#2991,.T.);
#1874=ORIENTED_EDGE('',*,*,#2875,.F.);
#1875=CARTESIAN_POINT('',(-0.320000000000036,7.19999999999998,-5.34999999999999));
#1876=DIRECTION('',(1.22460635382235E-16,2.44921270764476E-16,1.0));
#1877=DIRECTION('',(0.0,-1.0,2.44921270764476E-16));
#1878=ORIENTED_EDGE('',*,*,#2713,.F.);
#1879=ORIENTED_EDGE('',*,*,#2882,.F.);
#1880=CARTESIAN_POINT('',(7.65182294220501E-14,-0.299999999999991,-1.50000000000003));
#1881=DIRECTION('',(-1.94345443080975E-13,1.0,3.6738190614676E-16));
#1882=DIRECTION('',(1.0,1.94345443080975E-13,-0.0));
#1883=ORIENTED_EDGE('',*,*,#2992,.T.);
#1884=ORIENTED_EDGE('',*,*,#2993,.T.);
#1885=ORIENTED_EDGE('',*,*,#2994,.T.);
#1886=ORIENTED_EDGE('',*,*,#2884,.F.);
#1887=CARTESIAN_POINT('',(2.85999999999997,8.20000000000001,-3.44999999999998));
#1888=DIRECTION('',(2.26479727559802E-30,-2.44921270764474E-16,-1.0));
#1889=DIRECTION('',(0.0,-1.0,2.44921270764474E-16));
#1890=ORIENTED_EDGE('',*,*,#2995,.T.);
#1891=ORIENTED_EDGE('',*,*,#2996,.T.);
#1892=ORIENTED_EDGE('',*,*,#2997,.T.);
#1893=ORIENTED_EDGE('',*,*,#2892,.F.);
#1894=CARTESIAN_POINT('',(2.85999999999998,7.20000000000001,-5.98999999999999));
#1895=DIRECTION('',(2.26479727559802E-30,-2.44921270764474E-16,-1.0));
#1896=DIRECTION('',(0.0,-1.0,2.44921270764474E-16));
#1897=ORIENTED_EDGE('',*,*,#2723,.F.);
#1898=ORIENTED_EDGE('',*,*,#2899,.F.);
#1899=CARTESIAN_POINT('',(6.15999999999996,-0.299999999999956,-7.29999999999997));
#1900=DIRECTION('',(9.30827231011953E-15,-1.0,1.22460635382237E-16));
#1901=DIRECTION('',(0.0,-1.22460635382237E-16,-1.0));
#1902=ORIENTED_EDGE('',*,*,#2901,.F.);
#1903=ORIENTED_EDGE('',*,*,#2900,.F.);
#1904=ORIENTED_EDGE('',*,*,#2727,.F.);
#1905=ORIENTED_EDGE('',*,*,#2731,.F.);
#1906=CARTESIAN_POINT('',(6.15999999999996,-0.299999999999954,-1.49999999999998));
#1907=DIRECTION('',(9.30827231011953E-15,-1.0,1.22460635382237E-16));
#1908=DIRECTION('',(0.0,-1.22460635382237E-16,-1.0));
#1909=ORIENTED_EDGE('',*,*,#2908,.T.);
#1910=ORIENTED_EDGE('',*,*,#2937,.F.);
#1911=ORIENTED_EDGE('',*,*,#2998,.T.);
#1912=ORIENTED_EDGE('',*,*,#2917,.F.);
#1913=ORIENTED_EDGE('',*,*,#2999,.T.);
#1914=ORIENTED_EDGE('',*,*,#2938,.F.);
#1915=ORIENTED_EDGE('',*,*,#2903,.T.);
#1916=ORIENTED_EDGE('',*,*,#2906,.F.);
#1917=CARTESIAN_POINT('',(6.4599999999999,8.80000000000004,-1.14999999999997));
#1918=DIRECTION('',(-1.0,-9.30827231011953E-15,0.0));
#1919=DIRECTION('',(-9.30827231011953E-15,1.0,0.0));
#1920=ORIENTED_EDGE('',*,*,#2969,.F.);
#1921=ORIENTED_EDGE('',*,*,#2930,.F.);
#1922=ORIENTED_EDGE('',*,*,#3000,.F.);
#1923=ORIENTED_EDGE('',*,*,#2910,.T.);
#1924=CARTESIAN_POINT('',(-6.38650000000002,8.79999999999992,-1.14999999999998));
#1925=DIRECTION('',(1.22460635382238E-16,8.06354719951471E-32,1.0));
#1926=DIRECTION('',(1.0,0.0,-1.22460635382238E-16));
#1927=ORIENTED_EDGE('',*,*,#2926,.T.);
#1928=ORIENTED_EDGE('',*,*,#2928,.F.);
#1929=ORIENTED_EDGE('',*,*,#3001,.T.);
#1930=ORIENTED_EDGE('',*,*,#2913,.F.);
#1931=ORIENTED_EDGE('',*,*,#3000,.T.);
#1932=ORIENTED_EDGE('',*,*,#2929,.F.);
#1933=ORIENTED_EDGE('',*,*,#2921,.T.);
#1934=ORIENTED_EDGE('',*,*,#2924,.F.);
#1935=CARTESIAN_POINT('',(-6.46000000000003,8.79999999999992,-1.14999999999997));
#1936=DIRECTION('',(1.0,9.30827231011953E-15,0.0));
#1937=DIRECTION('',(-9.30827231011953E-15,1.0,0.0));
#1938=ORIENTED_EDGE('',*,*,#2927,.F.);
#1939=ORIENTED_EDGE('',*,*,#2999,.F.);
#1940=ORIENTED_EDGE('',*,*,#2914,.T.);
#1941=ORIENTED_EDGE('',*,*,#3001,.F.);
#1942=CARTESIAN_POINT('',(49.5665000000001,8.80000000000044,-7.64999999999996));
#1943=DIRECTION('',(-4.4989821654674E-32,1.05926146941298E-30,-1.0));
#1944=DIRECTION('',(-1.0,0.0,4.4989821654674E-32));
#1945=ORIENTED_EDGE('',*,*,#2978,.F.);
#1946=ORIENTED_EDGE('',*,*,#2919,.T.);
#1947=ORIENTED_EDGE('',*,*,#2998,.F.);
#1948=ORIENTED_EDGE('',*,*,#2936,.F.);
#1949=CARTESIAN_POINT('',(6.38649999999984,8.80000000000004,-1.14999999999998));
#1950=DIRECTION('',(-1.22460635382238E-16,-2.19915841082111E-30,1.0));
#1951=DIRECTION('',(1.0,0.0,1.22460635382238E-16));
#1952=ORIENTED_EDGE('',*,*,#2935,.F.);
#1953=ORIENTED_EDGE('',*,*,#3002,.F.);
#1954=ORIENTED_EDGE('',*,*,#2973,.T.);
#1955=ORIENTED_EDGE('',*,*,#2979,.F.);
#1956=CARTESIAN_POINT('',(-406.39056786232,11.8499999999962,-1.14999999999998));
#1957=DIRECTION('',(3.41969082422437E-30,-3.67381906146712E-16,-1.0));
#1958=DIRECTION('',(0.0,-1.0,3.67381906146712E-16));
#1959=ORIENTED_EDGE('',*,*,#2974,.T.);
#1960=ORIENTED_EDGE('',*,*,#3002,.T.);
#1961=ORIENTED_EDGE('',*,*,#2934,.F.);
#1962=ORIENTED_EDGE('',*,*,#3003,.F.);
#1963=CARTESIAN_POINT('',(1.27000000000004,-3.30010307764123,-9.4679343388349));
#1964=DIRECTION('',(1.0,9.30827231011953E-15,0.0));
#1965=DIRECTION('',(-9.30827231011953E-15,1.0,0.0));
#1966=ORIENTED_EDGE('',*,*,#2975,.T.);
#1967=ORIENTED_EDGE('',*,*,#3003,.T.);
#1968=ORIENTED_EDGE('',*,*,#2933,.F.);
#1969=ORIENTED_EDGE('',*,*,#3004,.F.);
#1970=CARTESIAN_POINT('',(-2.24999999999993,-2.81543934295765,-1.84999999999993));
#1971=DIRECTION('',(3.41969082422437E-30,-3.67381906146712E-16,-1.0));
#1972=DIRECTION('',(0.0,-1.0,3.67381906146712E-16));
#1973=ORIENTED_EDGE('',*,*,#2932,.F.);
#1974=ORIENTED_EDGE('',*,*,#3005,.F.);
#1975=ORIENTED_EDGE('',*,*,#2976,.T.);
#1976=ORIENTED_EDGE('',*,*,#3004,.T.);
#1977=CARTESIAN_POINT('',(-1.26999999999994,-3.30010307764125,-9.4679343388349));
#1978=DIRECTION('',(-1.0,-9.30827231011953E-15,0.0));
#1979=DIRECTION('',(-9.30827231011953E-15,1.0,0.0));
#1980=ORIENTED_EDGE('',*,*,#2931,.F.);
#1981=ORIENTED_EDGE('',*,*,#2971,.F.);
#1982=ORIENTED_EDGE('',*,*,#2977,.T.);
#1983=ORIENTED_EDGE('',*,*,#3005,.T.);
#1984=CARTESIAN_POINT('',(-406.39056786232,11.8499999999962,-1.14999999999998));
#1985=DIRECTION('',(3.41969082422437E-30,-3.67381906146712E-16,-1.0));
#1986=DIRECTION('',(0.0,-1.0,3.67381906146712E-16));
#1987=ORIENTED_EDGE('',*,*,#3006,.T.);
#1988=ORIENTED_EDGE('',*,*,#3007,.T.);
#1989=ORIENTED_EDGE('',*,*,#3008,.T.);
#1990=ORIENTED_EDGE('',*,*,#2940,.F.);
#1991=CARTESIAN_POINT('',(-2.22000000000006,8.19999999999996,-2.81));
#1992=DIRECTION('',(1.0,9.30827231011953E-15,0.0));
#1993=DIRECTION('',(-9.30827231011953E-15,1.0,0.0));
#1994=ORIENTED_EDGE('',*,*,#3009,.T.);
#1995=ORIENTED_EDGE('',*,*,#3010,.T.);
#1996=ORIENTED_EDGE('',*,*,#3011,.T.);
#1997=ORIENTED_EDGE('',*,*,#2944,.F.);
#1998=CARTESIAN_POINT('',(-2.22000000000005,7.19999999999996,-5.35));
#1999=DIRECTION('',(1.0,9.30827231011953E-15,0.0));
#2000=DIRECTION('',(-9.30827231011953E-15,1.0,0.0));
#2001=ORIENTED_EDGE('',*,*,#3012,.T.);
#2002=ORIENTED_EDGE('',*,*,#3013,.T.);
#2003=ORIENTED_EDGE('',*,*,#3014,.T.);
#2004=ORIENTED_EDGE('',*,*,#2948,.F.);
#2005=CARTESIAN_POINT('',(-0.320000000000036,7.19999999999998,-5.98999999999999));
#2006=DIRECTION('',(-1.0,-9.30827231011953E-15,1.22460635382238E-16));
#2007=DIRECTION('',(-9.30827231011953E-15,1.0,0.0));
#2008=ORIENTED_EDGE('',*,*,#3015,.T.);
#2009=ORIENTED_EDGE('',*,*,#3016,.T.);
#2010=ORIENTED_EDGE('',*,*,#3017,.T.);
#2011=ORIENTED_EDGE('',*,*,#2952,.F.);
#2012=CARTESIAN_POINT('',(0.319999999999984,8.19999999999998,-3.44999999999998));
#2013=DIRECTION('',(2.26479727559802E-30,-2.44921270764474E-16,-1.0));
#2014=DIRECTION('',(0.0,-1.0,2.44921270764474E-16));
#2015=ORIENTED_EDGE('',*,*,#3018,.T.);
#2016=ORIENTED_EDGE('',*,*,#3019,.T.);
#2017=ORIENTED_EDGE('',*,*,#3020,.T.);
#2018=ORIENTED_EDGE('',*,*,#2956,.F.);
#2019=CARTESIAN_POINT('',(2.85999999999992,8.20000000000001,-3.44999999999998));
#2020=DIRECTION('',(1.0,9.30827231011953E-15,1.22460635382238E-16));
#2021=DIRECTION('',(-9.30827231011953E-15,1.0,0.0));
#2022=ORIENTED_EDGE('',*,*,#3021,.T.);
#2023=ORIENTED_EDGE('',*,*,#3022,.T.);
#2024=ORIENTED_EDGE('',*,*,#3023,.T.);
#2025=ORIENTED_EDGE('',*,*,#2960,.F.);
#2026=CARTESIAN_POINT('',(2.85999999999992,7.20000000000001,-5.98999999999999));
#2027=DIRECTION('',(1.0,9.30827231011953E-15,1.22460635382238E-16));
#2028=DIRECTION('',(-9.30827231011953E-15,1.0,0.0));
#2029=ORIENTED_EDGE('',*,*,#2964,.T.);
#2030=ORIENTED_EDGE('',*,*,#2967,.T.);
#2031=ORIENTED_EDGE('',*,*,#2968,.T.);
#2032=CARTESIAN_POINT('',(-406.39056786232,11.8499999999962,-0.0889000000000133));
#2033=DIRECTION('',(-3.41969082422437E-30,3.67381906146712E-16,1.0));
#2034=DIRECTION('',(0.0,-1.0,3.67381906146712E-16));
#2035=ORIENTED_EDGE('',*,*,#2981,.F.);
#2036=ORIENTED_EDGE('',*,*,#3024,.T.);
#2037=ORIENTED_EDGE('',*,*,#3025,.T.);
#2038=ORIENTED_EDGE('',*,*,#3026,.T.);
#2039=CARTESIAN_POINT('',(-2.53999999999994,-3.15000000000004,-2.86000000000002));
#2040=DIRECTION('',(3.0597105175613E-15,-0.316227766016841,0.948683298050513));
#2041=DIRECTION('',(-1.0,-9.67565421626624E-15,0.0));
#2042=ORIENTED_EDGE('',*,*,#3027,.T.);
#2043=ORIENTED_EDGE('',*,*,#3028,.T.);
#2044=ORIENTED_EDGE('',*,*,#2980,.F.);
#2045=ORIENTED_EDGE('',*,*,#2851,.T.);
#2046=CARTESIAN_POINT('',(-2.86000000000003,8.19999999999995,-3.44999999999999));
#2047=DIRECTION('',(-1.0,-9.30827231011953E-15,1.22460635382238E-16));
#2048=DIRECTION('',(-9.30827231011953E-15,1.0,0.0));
#2049=ORIENTED_EDGE('',*,*,#2982,.F.);
#2050=ORIENTED_EDGE('',*,*,#3029,.T.);
#2051=ORIENTED_EDGE('',*,*,#3030,.T.);
#2052=ORIENTED_EDGE('',*,*,#2854,.T.);
#2053=CARTESIAN_POINT('',(-2.22000000000006,8.19999999999996,-2.81));
#2054=DIRECTION('',(1.0,9.30827231011953E-15,0.0));
#2055=DIRECTION('',(-9.30827231011953E-15,1.0,0.0));
#2056=ORIENTED_EDGE('',*,*,#2984,.F.);
#2057=ORIENTED_EDGE('',*,*,#3031,.T.);
#2058=ORIENTED_EDGE('',*,*,#3032,.T.);
#2059=ORIENTED_EDGE('',*,*,#3033,.T.);
#2060=CARTESIAN_POINT('',(-2.53999999999994,-3.15000000000004,-5.40000000000001));
#2061=DIRECTION('',(3.0597105175613E-15,-0.316227766016841,0.948683298050513));
#2062=DIRECTION('',(-1.0,-9.67565421626624E-15,0.0));
#2063=ORIENTED_EDGE('',*,*,#3034,.T.);
#2064=ORIENTED_EDGE('',*,*,#3035,.T.);
#2065=ORIENTED_EDGE('',*,*,#2983,.F.);
#2066=ORIENTED_EDGE('',*,*,#2859,.T.);
#2067=CARTESIAN_POINT('',(-2.86000000000002,7.19999999999995,-5.99));
#2068=DIRECTION('',(-1.0,-9.30827231011953E-15,1.22460635382238E-16));
#2069=DIRECTION('',(-9.30827231011953E-15,1.0,0.0));
#2070=ORIENTED_EDGE('',*,*,#2985,.F.);
#2071=ORIENTED_EDGE('',*,*,#3036,.T.);
#2072=ORIENTED_EDGE('',*,*,#3037,.T.);
#2073=ORIENTED_EDGE('',*,*,#2862,.T.);
#2074=CARTESIAN_POINT('',(-2.22000000000005,7.19999999999996,-5.35));
#2075=DIRECTION('',(1.0,9.30827231011953E-15,0.0));
#2076=DIRECTION('',(-9.30827231011953E-15,1.0,0.0));
#2077=ORIENTED_EDGE('',*,*,#3038,.T.);
#2078=ORIENTED_EDGE('',*,*,#3039,.T.);
#2079=ORIENTED_EDGE('',*,*,#3040,.T.);
#2080=ORIENTED_EDGE('',*,*,#2987,.F.);
#2081=CARTESIAN_POINT('',(-0.269999999999945,-3.15000000000002,-3.44999999999997));
#2082=DIRECTION('',(-0.94868329805049,-0.316227766016911,1.93627265759651E-16));
#2083=DIRECTION('',(-0.316227766016911,0.94868329805049,0.0));
#2084=ORIENTED_EDGE('',*,*,#3041,.T.);
#2085=ORIENTED_EDGE('',*,*,#3042,.T.);
#2086=ORIENTED_EDGE('',*,*,#2986,.F.);
#2087=ORIENTED_EDGE('',*,*,#2869,.T.);
#2088=CARTESIAN_POINT('',(0.319999999999984,8.19999999999998,-3.44999999999998));
#2089=DIRECTION('',(2.26479727559802E-30,-2.44921270764474E-16,-1.0));
#2090=DIRECTION('',(0.0,-1.0,2.44921270764474E-16));
#2091=ORIENTED_EDGE('',*,*,#2988,.F.);
#2092=ORIENTED_EDGE('',*,*,#3043,.T.);
#2093=ORIENTED_EDGE('',*,*,#3044,.T.);
#2094=ORIENTED_EDGE('',*,*,#2873,.T.);
#2095=CARTESIAN_POINT('',(-0.320000000000045,8.19999999999998,-2.80999999999999));
#2096=DIRECTION('',(1.22460635382235E-16,2.44921270764476E-16,1.0));
#2097=DIRECTION('',(0.0,-1.0,2.44921270764476E-16));
#2098=ORIENTED_EDGE('',*,*,#2990,.F.);
#2099=ORIENTED_EDGE('',*,*,#3045,.T.);
#2100=ORIENTED_EDGE('',*,*,#3046,.T.);
#2101=ORIENTED_EDGE('',*,*,#3047,.T.);
#2102=CARTESIAN_POINT('',(-7.97549695662469E-15,-3.15000000000002,-5.39999999999999));
#2103=DIRECTION('',(3.0597105175613E-15,-0.316227766016841,0.948683298050513));
#2104=DIRECTION('',(-1.0,-9.67565421626624E-15,0.0));
#2105=ORIENTED_EDGE('',*,*,#3048,.T.);
#2106=ORIENTED_EDGE('',*,*,#3049,.T.);
#2107=ORIENTED_EDGE('',*,*,#2989,.F.);
#2108=ORIENTED_EDGE('',*,*,#2878,.T.);
#2109=CARTESIAN_POINT('',(-0.320000000000036,7.19999999999998,-5.98999999999999));
#2110=DIRECTION('',(-1.0,-9.30827231011953E-15,1.22460635382238E-16));
#2111=DIRECTION('',(-9.30827231011953E-15,1.0,0.0));
#2112=ORIENTED_EDGE('',*,*,#2991,.F.);
#2113=ORIENTED_EDGE('',*,*,#3050,.T.);
#2114=ORIENTED_EDGE('',*,*,#3051,.T.);
#2115=ORIENTED_EDGE('',*,*,#2881,.T.);
#2116=CARTESIAN_POINT('',(0.319999999999994,7.19999999999998,-5.98999999999999));
#2117=DIRECTION('',(1.0,9.30827231011953E-15,1.22460635382238E-16));
#2118=DIRECTION('',(-9.30827231011953E-15,1.0,0.0));
#2119=ORIENTED_EDGE('',*,*,#3052,.T.);
#2120=ORIENTED_EDGE('',*,*,#3053,.T.);
#2121=ORIENTED_EDGE('',*,*,#2993,.F.);
#2122=ORIENTED_EDGE('',*,*,#3054,.T.);
#2123=CARTESIAN_POINT('',(2.86000000000008,-3.14999999999999,-3.39999999999999));
#2124=DIRECTION('',(2.82735779864974E-15,-0.316227766016842,-0.948683298050513));
#2125=DIRECTION('',(0.0,-0.948683298050513,0.316227766016842));
#2126=ORIENTED_EDGE('',*,*,#3055,.T.);
#2127=ORIENTED_EDGE('',*,*,#3056,.T.);
#2128=ORIENTED_EDGE('',*,*,#2992,.F.);
#2129=ORIENTED_EDGE('',*,*,#2887,.T.);
#2130=CARTESIAN_POINT('',(2.85999999999992,8.20000000000001,-3.44999999999998));
#2131=DIRECTION('',(1.0,9.30827231011953E-15,1.22460635382238E-16));
#2132=DIRECTION('',(-9.30827231011953E-15,1.0,0.0));
#2133=ORIENTED_EDGE('',*,*,#2994,.F.);
#2134=ORIENTED_EDGE('',*,*,#3057,.T.);
#2135=ORIENTED_EDGE('',*,*,#3058,.T.);
#2136=ORIENTED_EDGE('',*,*,#2890,.T.);
#2137=CARTESIAN_POINT('',(2.21999999999989,8.2,-3.44999999999998));
#2138=DIRECTION('',(-1.0,-9.30827231011953E-15,1.22460635382238E-16));
#2139=DIRECTION('',(-9.30827231011953E-15,1.0,0.0));
#2140=ORIENTED_EDGE('',*,*,#3059,.T.);
#2141=ORIENTED_EDGE('',*,*,#3060,.T.);
#2142=ORIENTED_EDGE('',*,*,#2996,.F.);
#2143=ORIENTED_EDGE('',*,*,#3061,.T.);
#2144=CARTESIAN_POINT('',(2.86000000000008,-3.14999999999999,-5.93999999999998));
#2145=DIRECTION('',(2.82735779864974E-15,-0.316227766016842,-0.948683298050513));
#2146=DIRECTION('',(0.0,-0.948683298050513,0.316227766016842));
#2147=ORIENTED_EDGE('',*,*,#3062,.T.);
#2148=ORIENTED_EDGE('',*,*,#3063,.T.);
#2149=ORIENTED_EDGE('',*,*,#2995,.F.);
#2150=ORIENTED_EDGE('',*,*,#2895,.T.);
#2151=CARTESIAN_POINT('',(2.85999999999992,7.20000000000001,-5.98999999999999));
#2152=DIRECTION('',(1.0,9.30827231011953E-15,1.22460635382238E-16));
#2153=DIRECTION('',(-9.30827231011953E-15,1.0,0.0));
#2154=ORIENTED_EDGE('',*,*,#2997,.F.);
#2155=ORIENTED_EDGE('',*,*,#3064,.T.);
#2156=ORIENTED_EDGE('',*,*,#3065,.T.);
#2157=ORIENTED_EDGE('',*,*,#2898,.T.);
#2158=CARTESIAN_POINT('',(2.2199999999999,7.2,-5.98999999999999));
#2159=DIRECTION('',(-1.0,-9.30827231011953E-15,1.22460635382238E-16));
#2160=DIRECTION('',(-9.30827231011953E-15,1.0,0.0));
#2161=ORIENTED_EDGE('',*,*,#3066,.T.);
#2162=ORIENTED_EDGE('',*,*,#3007,.F.);
#2163=ORIENTED_EDGE('',*,*,#3067,.T.);
#2164=ORIENTED_EDGE('',*,*,#3068,.T.);
#2165=CARTESIAN_POINT('',(-2.27000000000005,8.14999999999997,-2.97000000000001));
#2166=DIRECTION('',(0.948683298050516,0.316227766016831,-1.93627265759634E-16));
#2167=DIRECTION('',(0.0,-6.12303176911191E-16,-1.0));
#2168=ORIENTED_EDGE('',*,*,#3069,.T.);
#2169=ORIENTED_EDGE('',*,*,#3070,.T.);
#2170=ORIENTED_EDGE('',*,*,#3006,.F.);
#2171=ORIENTED_EDGE('',*,*,#2939,.T.);
#2172=CARTESIAN_POINT('',(-2.22000000000006,8.19999999999996,-3.44999999999999));
#2173=DIRECTION('',(2.26479727559802E-30,-2.44921270764474E-16,-1.0));
#2174=DIRECTION('',(0.0,-1.0,2.44921270764474E-16));
#2175=ORIENTED_EDGE('',*,*,#3008,.F.);
#2176=ORIENTED_EDGE('',*,*,#3071,.T.);
#2177=ORIENTED_EDGE('',*,*,#3072,.T.);
#2178=ORIENTED_EDGE('',*,*,#2941,.T.);
#2179=CARTESIAN_POINT('',(-2.86000000000003,8.19999999999995,-2.81));
#2180=DIRECTION('',(1.22460635382235E-16,2.44921270764476E-16,1.0));
#2181=DIRECTION('',(0.0,-1.0,2.44921270764476E-16));
#2182=ORIENTED_EDGE('',*,*,#3073,.T.);
#2183=ORIENTED_EDGE('',*,*,#3010,.F.);
#2184=ORIENTED_EDGE('',*,*,#3074,.T.);
#2185=ORIENTED_EDGE('',*,*,#3075,.T.);
#2186=CARTESIAN_POINT('',(-2.27000000000005,8.14999999999997,-5.51));
#2187=DIRECTION('',(0.948683298050516,0.316227766016831,-1.93627265759634E-16));
#2188=DIRECTION('',(0.0,-6.12303176911191E-16,-1.0));
#2189=ORIENTED_EDGE('',*,*,#3076,.T.);
#2190=ORIENTED_EDGE('',*,*,#3077,.T.);
#2191=ORIENTED_EDGE('',*,*,#3009,.F.);
#2192=ORIENTED_EDGE('',*,*,#2943,.T.);
#2193=CARTESIAN_POINT('',(-2.22000000000005,7.19999999999996,-5.99));
#2194=DIRECTION('',(2.26479727559802E-30,-2.44921270764474E-16,-1.0));
#2195=DIRECTION('',(0.0,-1.0,2.44921270764474E-16));
#2196=ORIENTED_EDGE('',*,*,#3011,.F.);
#2197=ORIENTED_EDGE('',*,*,#3078,.T.);
#2198=ORIENTED_EDGE('',*,*,#3079,.T.);
#2199=ORIENTED_EDGE('',*,*,#2945,.T.);
#2200=CARTESIAN_POINT('',(-2.86000000000002,7.19999999999995,-5.35));
#2201=DIRECTION('',(1.22460635382235E-16,2.44921270764476E-16,1.0));
#2202=DIRECTION('',(0.0,-1.0,2.44921270764476E-16));
#2203=ORIENTED_EDGE('',*,*,#3080,.T.);
#2204=ORIENTED_EDGE('',*,*,#3081,.T.);
#2205=ORIENTED_EDGE('',*,*,#3082,.T.);
#2206=ORIENTED_EDGE('',*,*,#3013,.F.);
#2207=CARTESIAN_POINT('',(-0.27000000000005,8.14999999999999,-5.82999999999998));
#2208=DIRECTION('',(-0.948683298050522,0.316227766016813,3.87254531519326E-17));
#2209=DIRECTION('',(4.08202117940841E-17,0.0,1.0));
#2210=ORIENTED_EDGE('',*,*,#3083,.T.);
#2211=ORIENTED_EDGE('',*,*,#3084,.T.);
#2212=ORIENTED_EDGE('',*,*,#3012,.F.);
#2213=ORIENTED_EDGE('',*,*,#2947,.T.);
#2214=CARTESIAN_POINT('',(-0.320000000000036,7.19999999999998,-5.34999999999999));
#2215=DIRECTION('',(1.22460635382235E-16,2.44921270764476E-16,1.0));
#2216=DIRECTION('',(0.0,-1.0,2.44921270764476E-16));
#2217=ORIENTED_EDGE('',*,*,#3014,.F.);
#2218=ORIENTED_EDGE('',*,*,#3085,.T.);
#2219=ORIENTED_EDGE('',*,*,#3086,.T.);
#2220=ORIENTED_EDGE('',*,*,#2949,.T.);
#2221=CARTESIAN_POINT('',(0.319999999999994,7.19999999999998,-5.98999999999999));
#2222=DIRECTION('',(2.26479727559802E-30,-2.44921270764474E-16,-1.0));
#2223=DIRECTION('',(0.0,-1.0,2.44921270764474E-16));
#2224=ORIENTED_EDGE('',*,*,#3016,.F.);
#2225=ORIENTED_EDGE('',*,*,#3087,.T.);
#2226=ORIENTED_EDGE('',*,*,#3088,.T.);
#2227=ORIENTED_EDGE('',*,*,#3089,.T.);
#2228=CARTESIAN_POINT('',(0.159999999999991,8.14999999999999,-3.39999999999998));
#2229=DIRECTION('',(-3.05971051756131E-15,0.316227766016842,-0.948683298050513));
#2230=DIRECTION('',(-1.0,0.0,3.22521807208879E-15));
#2231=ORIENTED_EDGE('',*,*,#3090,.T.);
#2232=ORIENTED_EDGE('',*,*,#3091,.T.);
#2233=ORIENTED_EDGE('',*,*,#3015,.F.);
#2234=ORIENTED_EDGE('',*,*,#2951,.T.);
#2235=CARTESIAN_POINT('',(-0.320000000000045,8.19999999999998,-3.44999999999998));
#2236=DIRECTION('',(-1.0,-9.30827231011953E-15,1.22460635382238E-16));
#2237=DIRECTION('',(-9.30827231011953E-15,1.0,0.0));
#2238=ORIENTED_EDGE('',*,*,#3017,.F.);
#2239=ORIENTED_EDGE('',*,*,#3092,.T.);
#2240=ORIENTED_EDGE('',*,*,#3093,.T.);
#2241=ORIENTED_EDGE('',*,*,#2953,.T.);
#2242=CARTESIAN_POINT('',(0.319999999999984,8.19999999999998,-3.44999999999998));
#2243=DIRECTION('',(1.0,9.30827231011953E-15,1.22460635382238E-16));
#2244=DIRECTION('',(-9.30827231011953E-15,1.0,0.0));
#2245=ORIENTED_EDGE('',*,*,#3094,.T.);
#2246=ORIENTED_EDGE('',*,*,#3019,.F.);
#2247=ORIENTED_EDGE('',*,*,#3095,.T.);
#2248=ORIENTED_EDGE('',*,*,#3096,.T.);
#2249=CARTESIAN_POINT('',(2.80999999999992,8.15000000000002,-3.28999999999998));
#2250=DIRECTION('',(0.948683298050516,0.316227766016831,3.87254531519326E-17));
#2251=DIRECTION('',(0.0,1.22460635382256E-16,-1.0));
#2252=ORIENTED_EDGE('',*,*,#3097,.T.);
#2253=ORIENTED_EDGE('',*,*,#3098,.T.);
#2254=ORIENTED_EDGE('',*,*,#3018,.F.);
#2255=ORIENTED_EDGE('',*,*,#2955,.T.);
#2256=CARTESIAN_POINT('',(2.85999999999997,8.20000000000001,-3.44999999999998));
#2257=DIRECTION('',(2.26479727559802E-30,-2.44921270764474E-16,-1.0));
#2258=DIRECTION('',(0.0,-1.0,2.44921270764474E-16));
#2259=ORIENTED_EDGE('',*,*,#3020,.F.);
#2260=ORIENTED_EDGE('',*,*,#3099,.T.);
#2261=ORIENTED_EDGE('',*,*,#3100,.T.);
#2262=ORIENTED_EDGE('',*,*,#2957,.T.);
#2263=CARTESIAN_POINT('',(2.21999999999989,8.2,-2.80999999999999));
#2264=DIRECTION('',(1.22460635382235E-16,2.44921270764476E-16,1.0));
#2265=DIRECTION('',(0.0,-1.0,2.44921270764476E-16));
#2266=ORIENTED_EDGE('',*,*,#3101,.T.);
#2267=ORIENTED_EDGE('',*,*,#3022,.F.);
#2268=ORIENTED_EDGE('',*,*,#3102,.T.);
#2269=ORIENTED_EDGE('',*,*,#3103,.T.);
#2270=CARTESIAN_POINT('',(2.80999999999992,8.15000000000002,-5.82999999999998));
#2271=DIRECTION('',(0.948683298050516,0.316227766016831,3.87254531519326E-17));
#2272=DIRECTION('',(0.0,1.22460635382256E-16,-1.0));
#2273=ORIENTED_EDGE('',*,*,#3104,.T.);
#2274=ORIENTED_EDGE('',*,*,#3105,.T.);
#2275=ORIENTED_EDGE('',*,*,#3021,.F.);
#2276=ORIENTED_EDGE('',*,*,#2959,.T.);
#2277=CARTESIAN_POINT('',(2.85999999999998,7.20000000000001,-5.98999999999999));
#2278=DIRECTION('',(2.26479727559802E-30,-2.44921270764474E-16,-1.0));
#2279=DIRECTION('',(0.0,-1.0,2.44921270764474E-16));
#2280=ORIENTED_EDGE('',*,*,#3023,.F.);
#2281=ORIENTED_EDGE('',*,*,#3106,.T.);
#2282=ORIENTED_EDGE('',*,*,#3107,.T.);
#2283=ORIENTED_EDGE('',*,*,#2961,.T.);
#2284=CARTESIAN_POINT('',(2.2199999999999,7.2,-5.34999999999999));
#2285=DIRECTION('',(1.22460635382235E-16,2.44921270764476E-16,1.0));
#2286=DIRECTION('',(0.0,-1.0,2.44921270764476E-16));
#2287=ORIENTED_EDGE('',*,*,#3108,.T.);
#2288=ORIENTED_EDGE('',*,*,#3109,.T.);
#2289=ORIENTED_EDGE('',*,*,#3024,.F.);
#2290=ORIENTED_EDGE('',*,*,#3028,.F.);
#2291=CARTESIAN_POINT('',(-2.80999999999993,-3.15000000000004,-3.44999999999999));
#2292=DIRECTION('',(-0.94868329805049,-0.316227766016911,1.93627265759651E-16));
#2293=DIRECTION('',(-0.316227766016911,0.94868329805049,0.0));
#2294=ORIENTED_EDGE('',*,*,#3110,.T.);
#2295=ORIENTED_EDGE('',*,*,#3029,.F.);
#2296=ORIENTED_EDGE('',*,*,#3026,.F.);
#2297=ORIENTED_EDGE('',*,*,#3111,.T.);
#2298=CARTESIAN_POINT('',(-2.26999999999995,-3.15000000000004,-3.13000000000001));
#2299=DIRECTION('',(0.948683298050495,-0.316227766016893,-3.87254531519097E-17));
#2300=DIRECTION('',(0.0,1.2246063538216E-16,-1.0));
#2301=ORIENTED_EDGE('',*,*,#3112,.T.);
#2302=ORIENTED_EDGE('',*,*,#3111,.F.);
#2303=ORIENTED_EDGE('',*,*,#3025,.F.);
#2304=ORIENTED_EDGE('',*,*,#3109,.F.);
#2305=CARTESIAN_POINT('',(-2.21999999999995,-3.30000000000004,-3.44999999999999));
#2306=DIRECTION('',(9.30827231011953E-15,-1.0,2.44921270764474E-16));
#2307=DIRECTION('',(0.0,-2.44921270764474E-16,-1.0));
#2308=ORIENTED_EDGE('',*,*,#3030,.F.);
#2309=ORIENTED_EDGE('',*,*,#3113,.T.);
#2310=ORIENTED_EDGE('',*,*,#3027,.F.);
#2311=ORIENTED_EDGE('',*,*,#2853,.T.);
#2312=CARTESIAN_POINT('',(-2.22000000000006,8.19999999999996,-3.44999999999999));
#2313=DIRECTION('',(2.26479727559802E-30,-2.44921270764474E-16,-1.0));
#2314=DIRECTION('',(0.0,-1.0,2.44921270764474E-16));
#2315=ORIENTED_EDGE('',*,*,#3114,.T.);
#2316=ORIENTED_EDGE('',*,*,#3115,.T.);
#2317=ORIENTED_EDGE('',*,*,#3031,.F.);
#2318=ORIENTED_EDGE('',*,*,#3035,.F.);
#2319=CARTESIAN_POINT('',(-2.80999999999993,-3.15000000000004,-5.99000000000001));
#2320=DIRECTION('',(-0.94868329805049,-0.316227766016911,1.93627265759651E-16));
#2321=DIRECTION('',(-0.316227766016911,0.94868329805049,0.0));
#2322=ORIENTED_EDGE('',*,*,#3116,.T.);
#2323=ORIENTED_EDGE('',*,*,#3036,.F.);
#2324=ORIENTED_EDGE('',*,*,#3033,.F.);
#2325=ORIENTED_EDGE('',*,*,#3117,.T.);
#2326=CARTESIAN_POINT('',(-2.26999999999995,-3.15000000000004,-5.67000000000001));
#2327=DIRECTION('',(0.948683298050495,-0.316227766016893,-3.87254531519097E-17));
#2328=DIRECTION('',(0.0,1.2246063538216E-16,-1.0));
#2329=ORIENTED_EDGE('',*,*,#3118,.T.);
#2330=ORIENTED_EDGE('',*,*,#3117,.F.);
#2331=ORIENTED_EDGE('',*,*,#3032,.F.);
#2332=ORIENTED_EDGE('',*,*,#3115,.F.);
#2333=CARTESIAN_POINT('',(-2.21999999999995,-3.30000000000004,-5.99000000000001));
#2334=DIRECTION('',(9.30827231011953E-15,-1.0,2.44921270764474E-16));
#2335=DIRECTION('',(0.0,-2.44921270764474E-16,-1.0));
#2336=ORIENTED_EDGE('',*,*,#3037,.F.);
#2337=ORIENTED_EDGE('',*,*,#3119,.T.);
#2338=ORIENTED_EDGE('',*,*,#3034,.F.);
#2339=ORIENTED_EDGE('',*,*,#2861,.T.);
#2340=CARTESIAN_POINT('',(-2.22000000000005,7.19999999999996,-5.99));
#2341=DIRECTION('',(2.26479727559802E-30,-2.44921270764474E-16,-1.0));
#2342=DIRECTION('',(0.0,-1.0,2.44921270764474E-16));
#2343=ORIENTED_EDGE('',*,*,#3120,.T.);
#2344=ORIENTED_EDGE('',*,*,#3039,.F.);
#2345=ORIENTED_EDGE('',*,*,#3121,.T.);
#2346=ORIENTED_EDGE('',*,*,#3122,.T.);
#2347=CARTESIAN_POINT('',(0.320000000000091,-3.30000000000002,-3.44999999999997));
#2348=DIRECTION('',(9.30827231011953E-15,-1.0,2.44921270764474E-16));
#2349=DIRECTION('',(0.0,-2.44921270764474E-16,-1.0));
#2350=ORIENTED_EDGE('',*,*,#3121,.F.);
#2351=ORIENTED_EDGE('',*,*,#3038,.F.);
#2352=ORIENTED_EDGE('',*,*,#3042,.F.);
#2353=ORIENTED_EDGE('',*,*,#3123,.T.);
#2354=CARTESIAN_POINT('',(0.32000000000009,-3.15000000000001,-3.39999999999999));
#2355=DIRECTION('',(2.82735779864974E-15,-0.316227766016842,-0.948683298050513));
#2356=DIRECTION('',(0.0,-0.948683298050513,0.316227766016842));
#2357=ORIENTED_EDGE('',*,*,#3043,.F.);
#2358=ORIENTED_EDGE('',*,*,#3040,.F.);
#2359=ORIENTED_EDGE('',*,*,#3120,.F.);
#2360=ORIENTED_EDGE('',*,*,#3124,.T.);
#2361=CARTESIAN_POINT('',(-7.9754969566247E-15,-3.15000000000001,-2.86000000000001));
#2362=DIRECTION('',(3.0597105175613E-15,-0.316227766016841,0.948683298050513));
#2363=DIRECTION('',(-1.0,-9.67565421626624E-15,0.0));
#2364=ORIENTED_EDGE('',*,*,#3044,.F.);
#2365=ORIENTED_EDGE('',*,*,#3125,.T.);
#2366=ORIENTED_EDGE('',*,*,#3041,.F.);
#2367=ORIENTED_EDGE('',*,*,#2872,.T.);
#2368=CARTESIAN_POINT('',(0.319999999999984,8.19999999999998,-3.44999999999998));
#2369=DIRECTION('',(1.0,9.30827231011953E-15,1.22460635382238E-16));
#2370=DIRECTION('',(-9.30827231011953E-15,1.0,0.0));
#2371=ORIENTED_EDGE('',*,*,#3126,.T.);
#2372=ORIENTED_EDGE('',*,*,#3127,.T.);
#2373=ORIENTED_EDGE('',*,*,#3045,.F.);
#2374=ORIENTED_EDGE('',*,*,#3049,.F.);
#2375=CARTESIAN_POINT('',(-0.269999999999945,-3.15000000000002,-5.99));
#2376=DIRECTION('',(-0.94868329805049,-0.316227766016911,1.93627265759651E-16));
#2377=DIRECTION('',(-0.316227766016911,0.94868329805049,0.0));
#2378=ORIENTED_EDGE('',*,*,#3128,.T.);
#2379=ORIENTED_EDGE('',*,*,#3050,.F.);
#2380=ORIENTED_EDGE('',*,*,#3047,.F.);
#2381=ORIENTED_EDGE('',*,*,#3129,.T.);
#2382=CARTESIAN_POINT('',(0.270000000000095,-3.15000000000001,-5.99));
#2383=DIRECTION('',(0.948683298050495,-0.316227766016893,1.93627265759651E-16));
#2384=DIRECTION('',(0.0,-6.12303176911122E-16,-1.0));
#2385=ORIENTED_EDGE('',*,*,#3046,.F.);
#2386=ORIENTED_EDGE('',*,*,#3127,.F.);
#2387=ORIENTED_EDGE('',*,*,#3130,.T.);
#2388=ORIENTED_EDGE('',*,*,#3129,.F.);
#2389=CARTESIAN_POINT('',(0.320000000000091,-3.30000000000002,-5.99));
#2390=DIRECTION('',(9.30827231011953E-15,-1.0,2.44921270764474E-16));
#2391=DIRECTION('',(0.0,-2.44921270764474E-16,-1.0));
#2392=ORIENTED_EDGE('',*,*,#3051,.F.);
#2393=ORIENTED_EDGE('',*,*,#3131,.T.);
#2394=ORIENTED_EDGE('',*,*,#3048,.F.);
#2395=ORIENTED_EDGE('',*,*,#2879,.T.);
#2396=CARTESIAN_POINT('',(0.319999999999994,7.19999999999998,-5.98999999999999));
#2397=DIRECTION('',(2.26479727559802E-30,-2.44921270764474E-16,-1.0));
#2398=DIRECTION('',(0.0,-1.0,2.44921270764474E-16));
#2399=ORIENTED_EDGE('',*,*,#3053,.F.);
#2400=ORIENTED_EDGE('',*,*,#3132,.T.);
#2401=ORIENTED_EDGE('',*,*,#3133,.T.);
#2402=ORIENTED_EDGE('',*,*,#3057,.F.);
#2403=CARTESIAN_POINT('',(2.26999999999999,-3.14999999999999,-3.44999999999997));
#2404=DIRECTION('',(-0.94868329805049,-0.316227766016911,1.93627265759651E-16));
#2405=DIRECTION('',(-0.316227766016911,0.94868329805049,0.0));
#2406=ORIENTED_EDGE('',*,*,#3134,.T.);
#2407=ORIENTED_EDGE('',*,*,#3132,.F.);
#2408=ORIENTED_EDGE('',*,*,#3052,.F.);
#2409=ORIENTED_EDGE('',*,*,#3135,.T.);
#2410=CARTESIAN_POINT('',(2.86000000000008,-3.29999999999999,-3.44999999999997));
#2411=DIRECTION('',(9.30827231011953E-15,-1.0,2.44921270764474E-16));
#2412=DIRECTION('',(0.0,-2.44921270764474E-16,-1.0));
#2413=ORIENTED_EDGE('',*,*,#3054,.F.);
#2414=ORIENTED_EDGE('',*,*,#3056,.F.);
#2415=ORIENTED_EDGE('',*,*,#3136,.T.);
#2416=ORIENTED_EDGE('',*,*,#3135,.F.);
#2417=CARTESIAN_POINT('',(2.81000000000003,-3.14999999999999,-3.44999999999997));
#2418=DIRECTION('',(0.948683298050495,-0.316227766016893,1.93627265759651E-16));
#2419=DIRECTION('',(0.0,-6.12303176911122E-16,-1.0));
#2420=ORIENTED_EDGE('',*,*,#3058,.F.);
#2421=ORIENTED_EDGE('',*,*,#3137,.T.);
#2422=ORIENTED_EDGE('',*,*,#3055,.F.);
#2423=ORIENTED_EDGE('',*,*,#2888,.T.);
#2424=CARTESIAN_POINT('',(2.21999999999989,8.2,-2.80999999999999));
#2425=DIRECTION('',(1.22460635382235E-16,2.44921270764476E-16,1.0));
#2426=DIRECTION('',(0.0,-1.0,2.44921270764476E-16));
#2427=ORIENTED_EDGE('',*,*,#3060,.F.);
#2428=ORIENTED_EDGE('',*,*,#3138,.T.);
#2429=ORIENTED_EDGE('',*,*,#3139,.T.);
#2430=ORIENTED_EDGE('',*,*,#3064,.F.);
#2431=CARTESIAN_POINT('',(2.26999999999999,-3.14999999999999,-5.99));
#2432=DIRECTION('',(-0.94868329805049,-0.316227766016911,1.93627265759651E-16));
#2433=DIRECTION('',(-0.316227766016911,0.94868329805049,0.0));
#2434=ORIENTED_EDGE('',*,*,#3140,.T.);
#2435=ORIENTED_EDGE('',*,*,#3138,.F.);
#2436=ORIENTED_EDGE('',*,*,#3059,.F.);
#2437=ORIENTED_EDGE('',*,*,#3141,.T.);
#2438=CARTESIAN_POINT('',(2.86000000000008,-3.29999999999999,-5.99));
#2439=DIRECTION('',(9.30827231011953E-15,-1.0,2.44921270764474E-16));
#2440=DIRECTION('',(0.0,-2.44921270764474E-16,-1.0));
#2441=ORIENTED_EDGE('',*,*,#3061,.F.);
#2442=ORIENTED_EDGE('',*,*,#3063,.F.);
#2443=ORIENTED_EDGE('',*,*,#3142,.T.);
#2444=ORIENTED_EDGE('',*,*,#3141,.F.);
#2445=CARTESIAN_POINT('',(2.81000000000003,-3.14999999999999,-5.99));
#2446=DIRECTION('',(0.948683298050495,-0.316227766016893,1.93627265759651E-16));
#2447=DIRECTION('',(0.0,-6.12303176911122E-16,-1.0));
#2448=ORIENTED_EDGE('',*,*,#3065,.F.);
#2449=ORIENTED_EDGE('',*,*,#3143,.T.);
#2450=ORIENTED_EDGE('',*,*,#3062,.F.);
#2451=ORIENTED_EDGE('',*,*,#2896,.T.);
#2452=CARTESIAN_POINT('',(2.2199999999999,7.2,-5.34999999999999));
#2453=DIRECTION('',(1.22460635382235E-16,2.44921270764476E-16,1.0));
#2454=DIRECTION('',(0.0,-1.0,2.44921270764476E-16));
#2455=ORIENTED_EDGE('',*,*,#3144,.T.);
#2456=ORIENTED_EDGE('',*,*,#3145,.T.);
#2457=ORIENTED_EDGE('',*,*,#3071,.F.);
#2458=ORIENTED_EDGE('',*,*,#3066,.F.);
#2459=CARTESIAN_POINT('',(-2.70000000000004,8.14999999999997,-2.86000000000001));
#2460=DIRECTION('',(-2.82735779864975E-15,0.316227766016842,0.948683298050512));
#2461=DIRECTION('',(1.0,8.94089040397282E-15,0.0));
#2462=ORIENTED_EDGE('',*,*,#3146,.F.);
#2463=ORIENTED_EDGE('',*,*,#3147,.F.);
#2464=ORIENTED_EDGE('',*,*,#3144,.F.);
#2465=ORIENTED_EDGE('',*,*,#3068,.F.);
#2466=CARTESIAN_POINT('',(-2.54000000000005,8.29999999999996,-3.13));
#2467=DIRECTION('',(9.30827231011953E-15,-1.0,2.44921270764474E-16));
#2468=DIRECTION('',(0.0,-2.44921270764474E-16,-1.0));
#2469=ORIENTED_EDGE('',*,*,#3146,.T.);
#2470=ORIENTED_EDGE('',*,*,#3067,.F.);
#2471=ORIENTED_EDGE('',*,*,#3070,.F.);
#2472=ORIENTED_EDGE('',*,*,#3148,.T.);
#2473=CARTESIAN_POINT('',(-2.38,8.14999999999997,-3.4));
#2474=DIRECTION('',(-3.05971051756131E-15,0.316227766016842,-0.948683298050513));
#2475=DIRECTION('',(-1.0,0.0,3.22521807208879E-15));
#2476=ORIENTED_EDGE('',*,*,#3072,.F.);
#2477=ORIENTED_EDGE('',*,*,#3149,.T.);
#2478=ORIENTED_EDGE('',*,*,#3069,.F.);
#2479=ORIENTED_EDGE('',*,*,#2942,.T.);
#2480=CARTESIAN_POINT('',(-2.86000000000003,8.19999999999995,-3.44999999999999));
#2481=DIRECTION('',(-1.0,-9.30827231011953E-15,1.22460635382238E-16));
#2482=DIRECTION('',(-9.30827231011953E-15,1.0,0.0));
#2483=ORIENTED_EDGE('',*,*,#3150,.T.);
#2484=ORIENTED_EDGE('',*,*,#3151,.T.);
#2485=ORIENTED_EDGE('',*,*,#3078,.F.);
#2486=ORIENTED_EDGE('',*,*,#3073,.F.);
#2487=CARTESIAN_POINT('',(-2.70000000000004,8.14999999999997,-5.4));
#2488=DIRECTION('',(-2.82735779864975E-15,0.316227766016842,0.948683298050512));
#2489=DIRECTION('',(1.0,8.94089040397282E-15,0.0));
#2490=ORIENTED_EDGE('',*,*,#3152,.F.);
#2491=ORIENTED_EDGE('',*,*,#3153,.F.);
#2492=ORIENTED_EDGE('',*,*,#3150,.F.);
#2493=ORIENTED_EDGE('',*,*,#3075,.F.);
#2494=CARTESIAN_POINT('',(-2.54000000000005,8.29999999999996,-5.67));
#2495=DIRECTION('',(9.30827231011953E-15,-1.0,2.44921270764474E-16));
#2496=DIRECTION('',(0.0,-2.44921270764474E-16,-1.0));
#2497=ORIENTED_EDGE('',*,*,#3152,.T.);
#2498=ORIENTED_EDGE('',*,*,#3074,.F.);
#2499=ORIENTED_EDGE('',*,*,#3077,.F.);
#2500=ORIENTED_EDGE('',*,*,#3154,.T.);
#2501=CARTESIAN_POINT('',(-2.38,8.14999999999997,-5.94));
#2502=DIRECTION('',(-3.05971051756131E-15,0.316227766016842,-0.948683298050513));
#2503=DIRECTION('',(-1.0,0.0,3.22521807208879E-15));
#2504=ORIENTED_EDGE('',*,*,#3079,.F.);
#2505=ORIENTED_EDGE('',*,*,#3155,.T.);
#2506=ORIENTED_EDGE('',*,*,#3076,.F.);
#2507=ORIENTED_EDGE('',*,*,#2946,.T.);
#2508=CARTESIAN_POINT('',(-2.86000000000002,7.19999999999995,-5.99));
#2509=DIRECTION('',(-1.0,-9.30827231011953E-15,1.22460635382238E-16));
#2510=DIRECTION('',(-9.30827231011953E-15,1.0,0.0));
#2511=ORIENTED_EDGE('',*,*,#3156,.F.);
#2512=ORIENTED_EDGE('',*,*,#3157,.F.);
#2513=ORIENTED_EDGE('',*,*,#3081,.F.);
#2514=ORIENTED_EDGE('',*,*,#3158,.F.);
#2515=CARTESIAN_POINT('',(-1.14555214907493E-13,8.29999999999998,-5.66999999999999));
#2516=DIRECTION('',(9.30827231011953E-15,-1.0,2.44921270764474E-16));
#2517=DIRECTION('',(0.0,-2.44921270764474E-16,-1.0));
#2518=ORIENTED_EDGE('',*,*,#3158,.T.);
#2519=ORIENTED_EDGE('',*,*,#3080,.F.);
#2520=ORIENTED_EDGE('',*,*,#3084,.F.);
#2521=ORIENTED_EDGE('',*,*,#3159,.T.);
#2522=CARTESIAN_POINT('',(-0.160000000000051,8.14999999999999,-5.39999999999998));
#2523=DIRECTION('',(-2.82735779864975E-15,0.316227766016842,0.948683298050512));
#2524=DIRECTION('',(1.0,8.94089040397282E-15,0.0));
#2525=ORIENTED_EDGE('',*,*,#3085,.F.);
#2526=ORIENTED_EDGE('',*,*,#3082,.F.);
#2527=ORIENTED_EDGE('',*,*,#3157,.T.);
#2528=ORIENTED_EDGE('',*,*,#3160,.T.);
#2529=CARTESIAN_POINT('',(0.159999999999991,8.14999999999999,-5.93999999999998));
#2530=DIRECTION('',(-3.05971051756131E-15,0.316227766016842,-0.948683298050513));
#2531=DIRECTION('',(-1.0,0.0,3.22521807208879E-15));
#2532=ORIENTED_EDGE('',*,*,#3086,.F.);
#2533=ORIENTED_EDGE('',*,*,#3161,.T.);
#2534=ORIENTED_EDGE('',*,*,#3083,.F.);
#2535=ORIENTED_EDGE('',*,*,#2950,.T.);
#2536=CARTESIAN_POINT('',(0.319999999999994,7.19999999999998,-5.98999999999999));
#2537=DIRECTION('',(1.0,9.30827231011953E-15,1.22460635382238E-16));
#2538=DIRECTION('',(-9.30827231011953E-15,1.0,0.0));
#2539=ORIENTED_EDGE('',*,*,#3162,.T.);
#2540=ORIENTED_EDGE('',*,*,#3163,.T.);
#2541=ORIENTED_EDGE('',*,*,#3087,.F.);
#2542=ORIENTED_EDGE('',*,*,#3091,.F.);
#2543=CARTESIAN_POINT('',(-0.27000000000005,8.14999999999999,-3.28999999999998));
#2544=DIRECTION('',(-0.948683298050522,0.316227766016813,3.87254531519326E-17));
#2545=DIRECTION('',(4.08202117940841E-17,0.0,1.0));
#2546=ORIENTED_EDGE('',*,*,#3164,.T.);
#2547=ORIENTED_EDGE('',*,*,#3092,.F.);
#2548=ORIENTED_EDGE('',*,*,#3089,.F.);
#2549=ORIENTED_EDGE('',*,*,#3165,.T.);
#2550=CARTESIAN_POINT('',(0.26999999999999,8.14999999999999,-3.28999999999998));
#2551=DIRECTION('',(0.948683298050516,0.316227766016831,3.87254531519326E-17));
#2552=DIRECTION('',(0.0,1.22460635382256E-16,-1.0));
#2553=ORIENTED_EDGE('',*,*,#3165,.F.);
#2554=ORIENTED_EDGE('',*,*,#3088,.F.);
#2555=ORIENTED_EDGE('',*,*,#3163,.F.);
#2556=ORIENTED_EDGE('',*,*,#3166,.F.);
#2557=CARTESIAN_POINT('',(-1.14555214907493E-13,8.29999999999998,-3.12999999999999));
#2558=DIRECTION('',(9.30827231011953E-15,-1.0,2.44921270764474E-16));
#2559=DIRECTION('',(0.0,-2.44921270764474E-16,-1.0));
#2560=ORIENTED_EDGE('',*,*,#3093,.F.);
#2561=ORIENTED_EDGE('',*,*,#3167,.T.);
#2562=ORIENTED_EDGE('',*,*,#3090,.F.);
#2563=ORIENTED_EDGE('',*,*,#2954,.T.);
#2564=CARTESIAN_POINT('',(-0.320000000000045,8.19999999999998,-2.80999999999999));
#2565=DIRECTION('',(1.22460635382235E-16,2.44921270764476E-16,1.0));
#2566=DIRECTION('',(0.0,-1.0,2.44921270764476E-16));
#2567=ORIENTED_EDGE('',*,*,#3168,.T.);
#2568=ORIENTED_EDGE('',*,*,#3169,.T.);
#2569=ORIENTED_EDGE('',*,*,#3099,.F.);
#2570=ORIENTED_EDGE('',*,*,#3094,.F.);
#2571=CARTESIAN_POINT('',(2.37999999999994,8.15000000000001,-2.86));
#2572=DIRECTION('',(-2.82735779864975E-15,0.316227766016842,0.948683298050512));
#2573=DIRECTION('',(1.0,8.94089040397282E-15,0.0));
#2574=ORIENTED_EDGE('',*,*,#3096,.F.);
#2575=ORIENTED_EDGE('',*,*,#3170,.F.);
#2576=ORIENTED_EDGE('',*,*,#3171,.F.);
#2577=ORIENTED_EDGE('',*,*,#3168,.F.);
#2578=CARTESIAN_POINT('',(2.53999999999987,8.30000000000001,-3.12999999999999));
#2579=DIRECTION('',(9.30827231011953E-15,-1.0,2.44921270764474E-16));
#2580=DIRECTION('',(0.0,-2.44921270764474E-16,-1.0));
#2581=ORIENTED_EDGE('',*,*,#3098,.F.);
#2582=ORIENTED_EDGE('',*,*,#3172,.T.);
#2583=ORIENTED_EDGE('',*,*,#3170,.T.);
#2584=ORIENTED_EDGE('',*,*,#3095,.F.);
#2585=CARTESIAN_POINT('',(2.69999999999992,8.15000000000002,-3.39999999999998));
#2586=DIRECTION('',(-3.05971051756131E-15,0.316227766016842,-0.948683298050513));
#2587=DIRECTION('',(-1.0,0.0,3.22521807208879E-15));
#2588=ORIENTED_EDGE('',*,*,#3100,.F.);
#2589=ORIENTED_EDGE('',*,*,#3173,.T.);
#2590=ORIENTED_EDGE('',*,*,#3097,.F.);
#2591=ORIENTED_EDGE('',*,*,#2958,.T.);
#2592=CARTESIAN_POINT('',(2.21999999999989,8.2,-3.44999999999998));
#2593=DIRECTION('',(-1.0,-9.30827231011953E-15,1.22460635382238E-16));
#2594=DIRECTION('',(-9.30827231011953E-15,1.0,0.0));
#2595=ORIENTED_EDGE('',*,*,#3174,.T.);
#2596=ORIENTED_EDGE('',*,*,#3175,.T.);
#2597=ORIENTED_EDGE('',*,*,#3106,.F.);
#2598=ORIENTED_EDGE('',*,*,#3101,.F.);
#2599=CARTESIAN_POINT('',(2.37999999999994,8.15000000000001,-5.39999999999998));
#2600=DIRECTION('',(-2.82735779864975E-15,0.316227766016842,0.948683298050512));
#2601=DIRECTION('',(1.0,8.94089040397282E-15,0.0));
#2602=ORIENTED_EDGE('',*,*,#3103,.F.);
#2603=ORIENTED_EDGE('',*,*,#3176,.F.);
#2604=ORIENTED_EDGE('',*,*,#3177,.F.);
#2605=ORIENTED_EDGE('',*,*,#3174,.F.);
#2606=CARTESIAN_POINT('',(2.53999999999987,8.30000000000001,-5.66999999999999));
#2607=DIRECTION('',(9.30827231011953E-15,-1.0,2.44921270764474E-16));
#2608=DIRECTION('',(0.0,-2.44921270764474E-16,-1.0));
#2609=ORIENTED_EDGE('',*,*,#3105,.F.);
#2610=ORIENTED_EDGE('',*,*,#3178,.T.);
#2611=ORIENTED_EDGE('',*,*,#3176,.T.);
#2612=ORIENTED_EDGE('',*,*,#3102,.F.);
#2613=CARTESIAN_POINT('',(2.69999999999992,8.15000000000001,-5.93999999999998));
#2614=DIRECTION('',(-3.05971051756131E-15,0.316227766016842,-0.948683298050513));
#2615=DIRECTION('',(-1.0,0.0,3.22521807208879E-15));
#2616=ORIENTED_EDGE('',*,*,#3107,.F.);
#2617=ORIENTED_EDGE('',*,*,#3179,.T.);
#2618=ORIENTED_EDGE('',*,*,#3104,.F.);
#2619=ORIENTED_EDGE('',*,*,#2962,.T.);
#2620=CARTESIAN_POINT('',(2.2199999999999,7.2,-5.98999999999999));
#2621=DIRECTION('',(-1.0,-9.30827231011953E-15,1.22460635382238E-16));
#2622=DIRECTION('',(-9.30827231011953E-15,1.0,0.0));
#2623=ORIENTED_EDGE('',*,*,#3113,.F.);
#2624=ORIENTED_EDGE('',*,*,#3110,.F.);
#2625=ORIENTED_EDGE('',*,*,#3112,.F.);
#2626=ORIENTED_EDGE('',*,*,#3108,.F.);
#2627=CARTESIAN_POINT('',(-2.21999999999995,-3.15000000000004,-3.4));
#2628=DIRECTION('',(2.82735779864974E-15,-0.316227766016842,-0.948683298050513));
#2629=DIRECTION('',(0.0,-0.948683298050513,0.316227766016842));
#2630=ORIENTED_EDGE('',*,*,#3119,.F.);
#2631=ORIENTED_EDGE('',*,*,#3116,.F.);
#2632=ORIENTED_EDGE('',*,*,#3118,.F.);
#2633=ORIENTED_EDGE('',*,*,#3114,.F.);
#2634=CARTESIAN_POINT('',(-2.21999999999995,-3.15000000000004,-5.93999999999999));
#2635=DIRECTION('',(2.82735779864974E-15,-0.316227766016842,-0.948683298050513));
#2636=DIRECTION('',(0.0,-0.948683298050513,0.316227766016842));
#2637=ORIENTED_EDGE('',*,*,#3123,.F.);
#2638=ORIENTED_EDGE('',*,*,#3125,.F.);
#2639=ORIENTED_EDGE('',*,*,#3124,.F.);
#2640=ORIENTED_EDGE('',*,*,#3122,.F.);
#2641=CARTESIAN_POINT('',(0.270000000000095,-3.15000000000001,-3.44999999999997));
#2642=DIRECTION('',(0.948683298050495,-0.316227766016893,1.93627265759651E-16));
#2643=DIRECTION('',(0.0,-6.12303176911122E-16,-1.0));
#2644=ORIENTED_EDGE('',*,*,#3130,.F.);
#2645=ORIENTED_EDGE('',*,*,#3126,.F.);
#2646=ORIENTED_EDGE('',*,*,#3131,.F.);
#2647=ORIENTED_EDGE('',*,*,#3128,.F.);
#2648=CARTESIAN_POINT('',(0.32000000000009,-3.15000000000001,-5.93999999999998));
#2649=DIRECTION('',(2.82735779864974E-15,-0.316227766016842,-0.948683298050513));
#2650=DIRECTION('',(0.0,-0.948683298050513,0.316227766016842));
#2651=ORIENTED_EDGE('',*,*,#3137,.F.);
#2652=ORIENTED_EDGE('',*,*,#3133,.F.);
#2653=ORIENTED_EDGE('',*,*,#3134,.F.);
#2654=ORIENTED_EDGE('',*,*,#3136,.F.);
#2655=CARTESIAN_POINT('',(2.53999999999998,-3.14999999999999,-2.86000000000001));
#2656=DIRECTION('',(3.0597105175613E-15,-0.316227766016841,0.948683298050513));
#2657=DIRECTION('',(-1.0,-9.67565421626624E-15,0.0));
#2658=ORIENTED_EDGE('',*,*,#3143,.F.);
#2659=ORIENTED_EDGE('',*,*,#3139,.F.);
#2660=ORIENTED_EDGE('',*,*,#3140,.F.);
#2661=ORIENTED_EDGE('',*,*,#3142,.F.);
#2662=CARTESIAN_POINT('',(2.53999999999998,-3.14999999999999,-5.39999999999999));
#2663=DIRECTION('',(3.0597105175613E-15,-0.316227766016841,0.948683298050513));
#2664=DIRECTION('',(-1.0,-9.67565421626624E-15,0.0));
#2665=ORIENTED_EDGE('',*,*,#3145,.F.);
#2666=ORIENTED_EDGE('',*,*,#3147,.T.);
#2667=ORIENTED_EDGE('',*,*,#3148,.F.);
#2668=ORIENTED_EDGE('',*,*,#3149,.F.);
#2669=CARTESIAN_POINT('',(-2.81000000000004,8.14999999999997,-3.29));
#2670=DIRECTION('',(-0.948683298050522,0.316227766016813,3.87254531519326E-17));
#2671=DIRECTION('',(4.08202117940841E-17,0.0,1.0));
#2672=ORIENTED_EDGE('',*,*,#3151,.F.);
#2673=ORIENTED_EDGE('',*,*,#3153,.T.);
#2674=ORIENTED_EDGE('',*,*,#3154,.F.);
#2675=ORIENTED_EDGE('',*,*,#3155,.F.);
#2676=CARTESIAN_POINT('',(-2.81000000000004,8.14999999999997,-5.83));
#2677=DIRECTION('',(-0.948683298050522,0.316227766016813,3.87254531519326E-17));
#2678=DIRECTION('',(4.08202117940841E-17,0.0,1.0));
#2679=ORIENTED_EDGE('',*,*,#3159,.F.);
#2680=ORIENTED_EDGE('',*,*,#3161,.F.);
#2681=ORIENTED_EDGE('',*,*,#3160,.F.);
#2682=ORIENTED_EDGE('',*,*,#3156,.T.);
#2683=CARTESIAN_POINT('',(0.26999999999999,8.14999999999999,-5.82999999999998));
#2684=DIRECTION('',(0.948683298050516,0.316227766016831,3.87254531519326E-17));
#2685=DIRECTION('',(0.0,1.22460635382256E-16,-1.0));
#2686=ORIENTED_EDGE('',*,*,#3166,.T.);
#2687=ORIENTED_EDGE('',*,*,#3162,.F.);
#2688=ORIENTED_EDGE('',*,*,#3167,.F.);
#2689=ORIENTED_EDGE('',*,*,#3164,.F.);
#2690=CARTESIAN_POINT('',(-0.160000000000051,8.14999999999999,-2.86));
#2691=DIRECTION('',(-2.82735779864975E-15,0.316227766016842,0.948683298050512));
#2692=DIRECTION('',(1.0,8.94089040397282E-15,0.0));
#2693=ORIENTED_EDGE('',*,*,#3169,.F.);
#2694=ORIENTED_EDGE('',*,*,#3171,.T.);
#2695=ORIENTED_EDGE('',*,*,#3172,.F.);
#2696=ORIENTED_EDGE('',*,*,#3173,.F.);
#2697=CARTESIAN_POINT('',(2.26999999999988,8.15000000000001,-3.28999999999998));
#2698=DIRECTION('',(-0.948683298050522,0.316227766016813,3.87254531519326E-17));
#2699=DIRECTION('',(4.08202117940841E-17,0.0,1.0));
#2700=ORIENTED_EDGE('',*,*,#3175,.F.);
#2701=ORIENTED_EDGE('',*,*,#3177,.T.);
#2702=ORIENTED_EDGE('',*,*,#3178,.F.);
#2703=ORIENTED_EDGE('',*,*,#3179,.F.);
#2704=CARTESIAN_POINT('',(2.26999999999988,8.15000000000001,-5.82999999999998));
#2705=DIRECTION('',(-0.948683298050522,0.316227766016813,3.87254531519326E-17));
#2706=DIRECTION('',(4.08202117940841E-17,0.0,1.0));
#2707=EDGE_CURVE('NONE',#3180,#3181,#3182,.T.);
#2708=EDGE_CURVE('NONE',#3180,#3183,#3184,.T.);
#2709=EDGE_CURVE('NONE',#3183,#3185,#3186,.T.);
#2710=EDGE_CURVE('NONE',#3181,#3185,#3187,.T.);
#2711=EDGE_CURVE('NONE',#3188,#3189,#3190,.T.);
#2712=EDGE_CURVE('NONE',#3188,#3191,#3192,.T.);
#2713=EDGE_CURVE('NONE',#3191,#3193,#3194,.T.);
#2714=EDGE_CURVE('NONE',#3189,#3193,#3195,.T.);
#2715=EDGE_CURVE('NONE',#3196,#3197,#3198,.T.);
#2716=EDGE_CURVE('NONE',#3197,#3199,#3200,.T.);
#2717=EDGE_CURVE('NONE',#3201,#3199,#3202,.T.);
#2718=EDGE_CURVE('NONE',#3196,#3201,#3203,.T.);
#2719=EDGE_CURVE('NONE',#3204,#3205,#3206,.T.);
#2720=EDGE_CURVE('NONE',#3205,#3207,#3208,.T.);
#2721=EDGE_CURVE('NONE',#3209,#3207,#3210,.T.);
#2722=EDGE_CURVE('NONE',#3204,#3209,#3211,.T.);
#2723=EDGE_CURVE('NONE',#3212,#3213,#3214,.T.);
#2724=EDGE_CURVE('NONE',#3213,#3215,#3216,.T.);
#2725=EDGE_CURVE('NONE',#3217,#3215,#3218,.T.);
#2726=EDGE_CURVE('NONE',#3212,#3217,#3219,.T.);
#2727=EDGE_CURVE('NONE',#3220,#3221,#3222,.T.);
#2728=EDGE_CURVE('NONE',#3221,#3223,#3224,.T.);
#2729=EDGE_CURVE('NONE',#3225,#3223,#3226,.T.);
#2730=EDGE_CURVE('NONE',#3227,#3225,#3228,.T.);
#2731=EDGE_CURVE('NONE',#3227,#3220,#3229,.T.);
#2732=EDGE_CURVE('NONE',#3230,#3231,#3232,.T.);
#2733=EDGE_CURVE('NONE',#3231,#3233,#3234,.T.);
#2734=EDGE_CURVE('NONE',#3233,#3235,#3236,.T.);
#2735=EDGE_CURVE('NONE',#3235,#3237,#3238,.T.);
#2736=EDGE_CURVE('NONE',#3237,#3239,#3240,.T.);
#2737=EDGE_CURVE('NONE',#3239,#3241,#3242,.T.);
#2738=EDGE_CURVE('NONE',#3241,#3243,#3244,.T.);
#2739=EDGE_CURVE('NONE',#3243,#3245,#3246,.T.);
#2740=EDGE_CURVE('NONE',#3245,#3247,#3248,.T.);
#2741=EDGE_CURVE('NONE',#3247,#3249,#3250,.T.);
#2742=EDGE_CURVE('NONE',#3249,#3251,#3252,.T.);
#2743=EDGE_CURVE('NONE',#3251,#3253,#3254,.T.);
#2744=EDGE_CURVE('NONE',#3253,#3255,#3256,.T.);
#2745=EDGE_CURVE('NONE',#3255,#3257,#3258,.T.);
#2746=EDGE_CURVE('NONE',#3257,#3259,#3260,.T.);
#2747=EDGE_CURVE('NONE',#3259,#3230,#3261,.T.);
#2748=EDGE_CURVE('NONE',#3231,#3262,#3263,.T.);
#2749=EDGE_CURVE('NONE',#3262,#3264,#3265,.T.);
#2750=EDGE_CURVE('NONE',#3264,#3233,#3266,.T.);
#2751=EDGE_CURVE('NONE',#3230,#3267,#3268,.T.);
#2752=EDGE_CURVE('NONE',#3269,#3267,#3270,.T.);
#2753=EDGE_CURVE('NONE',#3269,#3262,#3271,.T.);
#2754=EDGE_CURVE('NONE',#3259,#3272,#3273,.T.);
#2755=EDGE_CURVE('NONE',#3272,#3267,#3274,.T.);
#2756=EDGE_CURVE('NONE',#3275,#3276,#3277,.T.);
#2757=EDGE_CURVE('NONE',#3276,#3278,#3279,.T.);
#2758=EDGE_CURVE('NONE',#3278,#3280,#3281,.T.);
#2759=EDGE_CURVE('NONE',#3280,#3243,#3282,.T.);
#2760=EDGE_CURVE('NONE',#3241,#3283,#3284,.T.);
#2761=EDGE_CURVE('NONE',#3285,#3283,#3286,.T.);
#2762=EDGE_CURVE('NONE',#3285,#3235,#3287,.T.);
#2763=EDGE_CURVE('NONE',#3264,#3288,#3289,.T.);
#2764=EDGE_CURVE('NONE',#3288,#3272,#3290,.T.);
#2765=EDGE_CURVE('NONE',#3257,#3291,#3292,.T.);
#2766=EDGE_CURVE('NONE',#3293,#3291,#3294,.T.);
#2767=EDGE_CURVE('NONE',#3293,#3251,#3295,.T.);
#2768=EDGE_CURVE('NONE',#3249,#3296,#3297,.T.);
#2769=EDGE_CURVE('NONE',#3296,#3298,#3299,.T.);
#2770=EDGE_CURVE('NONE',#3298,#3300,#3301,.T.);
#2771=EDGE_CURVE('NONE',#3300,#3302,#3303,.T.);
#2772=EDGE_CURVE('NONE',#3302,#3304,#3305,.T.);
#2773=EDGE_CURVE('NONE',#3304,#3306,#3307,.T.);
#2774=EDGE_CURVE('NONE',#3306,#3275,#3308,.T.);
#2775=EDGE_CURVE('NONE',#3309,#3310,#3311,.T.);
#2776=EDGE_CURVE('NONE',#3310,#3312,#3313,.T.);
#2777=EDGE_CURVE('NONE',#3312,#3314,#3315,.T.);
#2778=EDGE_CURVE('NONE',#3314,#3309,#3316,.T.);
#2779=EDGE_CURVE('NONE',#3317,#3318,#3319,.T.);
#2780=EDGE_CURVE('NONE',#3318,#3320,#3321,.T.);
#2781=EDGE_CURVE('NONE',#3320,#3322,#3323,.T.);
#2782=EDGE_CURVE('NONE',#3322,#3317,#3324,.T.);
#2783=EDGE_CURVE('NONE',#3199,#3201,#3325,.T.);
#2784=EDGE_CURVE('NONE',#3207,#3209,#3326,.T.);
#2785=EDGE_CURVE('NONE',#3181,#3180,#3327,.T.);
#2786=EDGE_CURVE('NONE',#3328,#3329,#3330,.T.);
#2787=EDGE_CURVE('NONE',#3329,#3331,#3332,.T.);
#2788=EDGE_CURVE('NONE',#3331,#3333,#3334,.T.);
#2789=EDGE_CURVE('NONE',#3333,#3328,#3335,.T.);
#2790=EDGE_CURVE('NONE',#3336,#3337,#3338,.T.);
#2791=EDGE_CURVE('NONE',#3337,#3339,#3340,.T.);
#2792=EDGE_CURVE('NONE',#3339,#3341,#3342,.T.);
#2793=EDGE_CURVE('NONE',#3341,#3336,#3343,.T.);
#2794=EDGE_CURVE('NONE',#3189,#3188,#3344,.T.);
#2795=EDGE_CURVE('NONE',#3345,#3346,#3347,.T.);
#2796=EDGE_CURVE('NONE',#3346,#3348,#3349,.T.);
#2797=EDGE_CURVE('NONE',#3348,#3350,#3351,.T.);
#2798=EDGE_CURVE('NONE',#3350,#3345,#3352,.T.);
#2799=EDGE_CURVE('NONE',#3353,#3354,#3355,.T.);
#2800=EDGE_CURVE('NONE',#3354,#3356,#3357,.T.);
#2801=EDGE_CURVE('NONE',#3356,#3358,#3359,.T.);
#2802=EDGE_CURVE('NONE',#3358,#3353,#3360,.T.);
#2803=EDGE_CURVE('NONE',#3215,#3217,#3361,.T.);
#2804=EDGE_CURVE('NONE',#3223,#3225,#3362,.T.);
#2805=EDGE_CURVE('NONE',#3363,#3291,#3364,.T.);
#2806=EDGE_CURVE('NONE',#3255,#3363,#3365,.T.);
#2807=EDGE_CURVE('NONE',#3366,#3363,#3367,.T.);
#2808=EDGE_CURVE('NONE',#3253,#3366,#3368,.T.);
#2809=EDGE_CURVE('NONE',#3293,#3366,#3369,.T.);
#2810=EDGE_CURVE('NONE',#3370,#3371,#3372,.T.);
#2811=EDGE_CURVE('NONE',#3371,#3296,#3373,.T.);
#2812=EDGE_CURVE('NONE',#3247,#3374,#3375,.T.);
#2813=EDGE_CURVE('NONE',#3374,#3304,#3376,.T.);
#2814=EDGE_CURVE('NONE',#3302,#3370,#3377,.T.);
#2815=EDGE_CURVE('NONE',#3378,#3245,#3379,.T.);
#2816=EDGE_CURVE('NONE',#3380,#3378,#3381,.T.);
#2817=EDGE_CURVE('NONE',#3382,#3380,#3383,.T.);
#2818=EDGE_CURVE('NONE',#3384,#3382,#3385,.T.);
#2819=EDGE_CURVE('NONE',#3386,#3384,#3387,.T.);
#2820=EDGE_CURVE('NONE',#3388,#3386,#3389,.T.);
#2821=EDGE_CURVE('NONE',#3390,#3388,#3391,.T.);
#2822=EDGE_CURVE('NONE',#3392,#3390,#3393,.T.);
#2823=EDGE_CURVE('NONE',#3394,#3392,#3395,.T.);
#2824=EDGE_CURVE('NONE',#3374,#3394,#3396,.T.);
#2825=EDGE_CURVE('NONE',#3397,#3398,#3399,.T.);
#2826=EDGE_CURVE('NONE',#3398,#3275,#3400,.T.);
#2827=EDGE_CURVE('NONE',#3306,#3378,#3401,.T.);
#2828=EDGE_CURVE('NONE',#3280,#3397,#3402,.T.);
#2829=EDGE_CURVE('NONE',#3403,#3283,#3404,.T.);
#2830=EDGE_CURVE('NONE',#3239,#3403,#3405,.T.);
#2831=EDGE_CURVE('NONE',#3406,#3403,#3407,.T.);
#2832=EDGE_CURVE('NONE',#3237,#3406,#3408,.T.);
#2833=EDGE_CURVE('NONE',#3285,#3406,#3409,.T.);
#2834=EDGE_CURVE('NONE',#3269,#3288,#3410,.T.);
#2835=EDGE_CURVE('NONE',#3411,#3276,#3412,.T.);
#2836=EDGE_CURVE('NONE',#3413,#3411,#3414,.T.);
#2837=EDGE_CURVE('NONE',#3278,#3413,#3415,.T.);
#2838=EDGE_CURVE('NONE',#3416,#3380,#3417,.T.);
#2839=EDGE_CURVE('NONE',#3394,#3418,#3419,.T.);
#2840=EDGE_CURVE('NONE',#3418,#3416,#3420,.T.);
#2841=EDGE_CURVE('NONE',#3421,#3422,#3423,.T.);
#2842=EDGE_CURVE('NONE',#3422,#3424,#3425,.T.);
#2843=EDGE_CURVE('NONE',#3424,#3421,#3426,.T.);
#2844=EDGE_CURVE('NONE',#3427,#3428,#3429,.T.);
#2845=EDGE_CURVE('NONE',#3300,#3427,#3430,.T.);
#2846=EDGE_CURVE('NONE',#3428,#3298,#3431,.T.);
#2847=EDGE_CURVE('NONE',#3432,#3433,#3434,.T.);
#2848=EDGE_CURVE('NONE',#3433,#3312,#3435,.T.);
#2849=EDGE_CURVE('NONE',#3310,#3432,#3436,.T.);
#2850=EDGE_CURVE('NONE',#3309,#3437,#3438,.T.);
#2851=EDGE_CURVE('NONE',#3432,#3437,#3439,.T.);
#2852=EDGE_CURVE('NONE',#3314,#3440,#3441,.T.);
#2853=EDGE_CURVE('NONE',#3437,#3440,#3442,.T.);
#2854=EDGE_CURVE('NONE',#3440,#3433,#3443,.T.);
#2855=EDGE_CURVE('NONE',#3444,#3445,#3446,.T.);
#2856=EDGE_CURVE('NONE',#3445,#3320,#3447,.T.);
#2857=EDGE_CURVE('NONE',#3318,#3444,#3448,.T.);
#2858=EDGE_CURVE('NONE',#3317,#3449,#3450,.T.);
#2859=EDGE_CURVE('NONE',#3444,#3449,#3451,.T.);
#2860=EDGE_CURVE('NONE',#3322,#3452,#3453,.T.);
#2861=EDGE_CURVE('NONE',#3449,#3452,#3454,.T.);
#2862=EDGE_CURVE('NONE',#3452,#3445,#3455,.T.);
#2863=EDGE_CURVE('NONE',#3197,#3196,#3456,.T.);
#2864=EDGE_CURVE('NONE',#3205,#3204,#3457,.T.);
#2865=EDGE_CURVE('NONE',#3185,#3183,#3458,.T.);
#2866=EDGE_CURVE('NONE',#3329,#3459,#3460,.T.);
#2867=EDGE_CURVE('NONE',#3459,#3461,#3462,.T.);
#2868=EDGE_CURVE('NONE',#3461,#3331,#3463,.T.);
#2869=EDGE_CURVE('NONE',#3459,#3464,#3465,.T.);
#2870=EDGE_CURVE('NONE',#3328,#3464,#3466,.T.);
#2871=EDGE_CURVE('NONE',#3333,#3467,#3468,.T.);
#2872=EDGE_CURVE('NONE',#3464,#3467,#3469,.T.);
#2873=EDGE_CURVE('NONE',#3467,#3461,#3470,.T.);
#2874=EDGE_CURVE('NONE',#3337,#3471,#3472,.T.);
#2875=EDGE_CURVE('NONE',#3471,#3473,#3474,.T.);
#2876=EDGE_CURVE('NONE',#3473,#3339,#3475,.T.);
#2877=EDGE_CURVE('NONE',#3336,#3476,#3477,.T.);
#2878=EDGE_CURVE('NONE',#3471,#3476,#3478,.T.);
#2879=EDGE_CURVE('NONE',#3476,#3479,#3480,.T.);
#2880=EDGE_CURVE('NONE',#3341,#3479,#3481,.T.);
#2881=EDGE_CURVE('NONE',#3479,#3473,#3482,.T.);
#2882=EDGE_CURVE('NONE',#3193,#3191,#3483,.T.);
#2883=EDGE_CURVE('NONE',#3346,#3484,#3485,.T.);
#2884=EDGE_CURVE('NONE',#3484,#3486,#3487,.T.);
#2885=EDGE_CURVE('NONE',#3486,#3348,#3488,.T.);
#2886=EDGE_CURVE('NONE',#3345,#3489,#3490,.T.);
#2887=EDGE_CURVE('NONE',#3484,#3489,#3491,.T.);
#2888=EDGE_CURVE('NONE',#3489,#3492,#3493,.T.);
#2889=EDGE_CURVE('NONE',#3350,#3492,#3494,.T.);
#2890=EDGE_CURVE('NONE',#3492,#3486,#3495,.T.);
#2891=EDGE_CURVE('NONE',#3354,#3496,#3497,.T.);
#2892=EDGE_CURVE('NONE',#3496,#3498,#3499,.T.);
#2893=EDGE_CURVE('NONE',#3498,#3356,#3500,.T.);
#2894=EDGE_CURVE('NONE',#3353,#3501,#3502,.T.);
#2895=EDGE_CURVE('NONE',#3496,#3501,#3503,.T.);
#2896=EDGE_CURVE('NONE',#3501,#3504,#3505,.T.);
#2897=EDGE_CURVE('NONE',#3358,#3504,#3506,.T.);
#2898=EDGE_CURVE('NONE',#3504,#3498,#3507,.T.);
#2899=EDGE_CURVE('NONE',#3213,#3212,#3508,.T.);
#2900=EDGE_CURVE('NONE',#3221,#3509,#3510,.T.);
#2901=EDGE_CURVE('NONE',#3509,#3227,#3511,.T.);
#2902=EDGE_CURVE('NONE',#3512,#3371,#3513,.T.);
#2903=EDGE_CURVE('NONE',#3514,#3512,#3515,.T.);
#2904=EDGE_CURVE('NONE',#3428,#3514,#3516,.T.);
#2905=EDGE_CURVE('NONE',#3370,#3517,#3518,.T.);
#2906=EDGE_CURVE('NONE',#3517,#3512,#3519,.T.);
#2907=EDGE_CURVE('NONE',#3520,#3427,#3521,.T.);
#2908=EDGE_CURVE('NONE',#3517,#3520,#3522,.T.);
#2909=EDGE_CURVE('NONE',#3523,#3382,#3524,.T.);
#2910=EDGE_CURVE('NONE',#3525,#3523,#3526,.T.);
#2911=EDGE_CURVE('NONE',#3384,#3525,#3527,.T.);
#2912=EDGE_CURVE('NONE',#3528,#3386,#3529,.T.);
#2913=EDGE_CURVE('NONE',#3525,#3528,#3530,.T.);
#2914=EDGE_CURVE('NONE',#3531,#3528,#3532,.T.);
#2915=EDGE_CURVE('NONE',#3388,#3531,#3533,.T.);
#2916=EDGE_CURVE('NONE',#3534,#3390,#3535,.T.);
#2917=EDGE_CURVE('NONE',#3531,#3534,#3536,.T.);
#2918=EDGE_CURVE('NONE',#3392,#3537,#3538,.T.);
#2919=EDGE_CURVE('NONE',#3537,#3534,#3539,.T.);
#2920=EDGE_CURVE('NONE',#3540,#3398,#3541,.T.);
#2921=EDGE_CURVE('NONE',#3542,#3540,#3543,.T.);
#2922=EDGE_CURVE('NONE',#3411,#3542,#3544,.T.);
#2923=EDGE_CURVE('NONE',#3397,#3545,#3546,.T.);
#2924=EDGE_CURVE('NONE',#3545,#3540,#3547,.T.);
#2925=EDGE_CURVE('NONE',#3548,#3413,#3549,.T.);
#2926=EDGE_CURVE('NONE',#3545,#3548,#3550,.T.);
#2927=EDGE_CURVE('NONE',#3551,#3552,#3553,.T.);
#2928=EDGE_CURVE('NONE',#3552,#3548,#3554,.T.);
#2929=EDGE_CURVE('NONE',#3542,#3555,#3556,.T.);
#2930=EDGE_CURVE('NONE',#3555,#3557,#3558,.T.);
#2931=EDGE_CURVE('NONE',#3557,#3559,#3560,.T.);
#2932=EDGE_CURVE('NONE',#3559,#3561,#3562,.T.);
#2933=EDGE_CURVE('NONE',#3561,#3563,#3564,.T.);
#2934=EDGE_CURVE('NONE',#3563,#3565,#3566,.T.);
#2935=EDGE_CURVE('NONE',#3565,#3567,#3568,.T.);
#2936=EDGE_CURVE('NONE',#3567,#3569,#3570,.T.);
#2937=EDGE_CURVE('NONE',#3569,#3520,#3571,.T.);
#2938=EDGE_CURVE('NONE',#3514,#3551,#3572,.T.);
#2939=EDGE_CURVE('NONE',#3573,#3574,#3575,.T.);
#2940=EDGE_CURVE('NONE',#3573,#3576,#3577,.T.);
#2941=EDGE_CURVE('NONE',#3578,#3576,#3579,.T.);
#2942=EDGE_CURVE('NONE',#3574,#3578,#3580,.T.);
#2943=EDGE_CURVE('NONE',#3581,#3582,#3583,.T.);
#2944=EDGE_CURVE('NONE',#3581,#3584,#3585,.T.);
#2945=EDGE_CURVE('NONE',#3586,#3584,#3587,.T.);
#2946=EDGE_CURVE('NONE',#3582,#3586,#3588,.T.);
#2947=EDGE_CURVE('NONE',#3589,#3590,#3591,.T.);
#2948=EDGE_CURVE('NONE',#3589,#3592,#3593,.T.);
#2949=EDGE_CURVE('NONE',#3594,#3592,#3595,.T.);
#2950=EDGE_CURVE('NONE',#3590,#3594,#3596,.T.);
#2951=EDGE_CURVE('NONE',#3597,#3598,#3599,.T.);
#2952=EDGE_CURVE('NONE',#3597,#3600,#3601,.T.);
#2953=EDGE_CURVE('NONE',#3602,#3600,#3603,.T.);
#2954=EDGE_CURVE('NONE',#3598,#3602,#3604,.T.);
#2955=EDGE_CURVE('NONE',#3605,#3606,#3607,.T.);
#2956=EDGE_CURVE('NONE',#3605,#3608,#3609,.T.);
#2957=EDGE_CURVE('NONE',#3610,#3608,#3611,.T.);
#2958=EDGE_CURVE('NONE',#3606,#3610,#3612,.T.);
#2959=EDGE_CURVE('NONE',#3613,#3614,#3615,.T.);
#2960=EDGE_CURVE('NONE',#3613,#3616,#3617,.T.);
#2961=EDGE_CURVE('NONE',#3618,#3616,#3619,.T.);
#2962=EDGE_CURVE('NONE',#3614,#3618,#3620,.T.);
#2963=EDGE_CURVE('NONE',#3621,#3422,#3622,.T.);
#2964=EDGE_CURVE('NONE',#3623,#3621,#3624,.T.);
#2965=EDGE_CURVE('NONE',#3424,#3623,#3625,.T.);
#2966=EDGE_CURVE('NONE',#3626,#3421,#3627,.T.);
#2967=EDGE_CURVE('NONE',#3621,#3626,#3628,.T.);
#2968=EDGE_CURVE('NONE',#3626,#3623,#3629,.T.);
#2969=EDGE_CURVE('NONE',#3557,#3523,#3630,.T.);
#2970=EDGE_CURVE('NONE',#3416,#3631,#3632,.T.);
#2971=EDGE_CURVE('NONE',#3631,#3557,#3633,.T.);
#2972=EDGE_CURVE('NONE',#3634,#3418,#3635,.T.);
#2973=EDGE_CURVE('NONE',#3636,#3634,#3637,.T.);
#2974=EDGE_CURVE('NONE',#3638,#3636,#3639,.T.);
#2975=EDGE_CURVE('NONE',#3640,#3638,#3641,.T.);
#2976=EDGE_CURVE('NONE',#3642,#3640,#3643,.T.);
#2977=EDGE_CURVE('NONE',#3631,#3642,#3644,.T.);
#2978=EDGE_CURVE('NONE',#3537,#3567,#3645,.T.);
#2979=EDGE_CURVE('NONE',#3567,#3634,#3646,.T.);
#2980=EDGE_CURVE('NONE',#3432,#3647,#3648,.T.);
#2981=EDGE_CURVE('NONE',#3647,#3649,#3650,.T.);
#2982=EDGE_CURVE('NONE',#3649,#3433,#3651,.T.);
#2983=EDGE_CURVE('NONE',#3444,#3652,#3653,.T.);
#2984=EDGE_CURVE('NONE',#3652,#3654,#3655,.T.);
#2985=EDGE_CURVE('NONE',#3654,#3445,#3656,.T.);
#2986=EDGE_CURVE('NONE',#3459,#3657,#3658,.T.);
#2987=EDGE_CURVE('NONE',#3657,#3659,#3660,.T.);
#2988=EDGE_CURVE('NONE',#3659,#3461,#3661,.T.);
#2989=EDGE_CURVE('NONE',#3471,#3662,#3663,.T.);
#2990=EDGE_CURVE('NONE',#3662,#3664,#3665,.T.);
#2991=EDGE_CURVE('NONE',#3664,#3473,#3666,.T.);
#2992=EDGE_CURVE('NONE',#3484,#3667,#3668,.T.);
#2993=EDGE_CURVE('NONE',#3667,#3669,#3670,.T.);
#2994=EDGE_CURVE('NONE',#3669,#3486,#3671,.T.);
#2995=EDGE_CURVE('NONE',#3496,#3672,#3673,.T.);
#2996=EDGE_CURVE('NONE',#3672,#3674,#3675,.T.);
#2997=EDGE_CURVE('NONE',#3674,#3498,#3676,.T.);
#2998=EDGE_CURVE('NONE',#3569,#3534,#3677,.T.);
#2999=EDGE_CURVE('NONE',#3531,#3551,#3678,.T.);
#3000=EDGE_CURVE('NONE',#3525,#3555,#3679,.T.);
#3001=EDGE_CURVE('NONE',#3552,#3528,#3680,.T.);
#3002=EDGE_CURVE('NONE',#3636,#3565,#3681,.T.);
#3003=EDGE_CURVE('NONE',#3638,#3563,#3682,.T.);
#3004=EDGE_CURVE('NONE',#3640,#3561,#3683,.T.);
#3005=EDGE_CURVE('NONE',#3642,#3559,#3684,.T.);
#3006=EDGE_CURVE('NONE',#3573,#3685,#3686,.T.);
#3007=EDGE_CURVE('NONE',#3685,#3687,#3688,.T.);
#3008=EDGE_CURVE('NONE',#3687,#3576,#3689,.T.);
#3009=EDGE_CURVE('NONE',#3581,#3690,#3691,.T.);
#3010=EDGE_CURVE('NONE',#3690,#3692,#3693,.T.);
#3011=EDGE_CURVE('NONE',#3692,#3584,#3694,.T.);
#3012=EDGE_CURVE('NONE',#3589,#3695,#3696,.T.);
#3013=EDGE_CURVE('NONE',#3695,#3697,#3698,.T.);
#3014=EDGE_CURVE('NONE',#3697,#3592,#3699,.T.);
#3015=EDGE_CURVE('NONE',#3597,#3700,#3701,.T.);
#3016=EDGE_CURVE('NONE',#3700,#3702,#3703,.T.);
#3017=EDGE_CURVE('NONE',#3702,#3600,#3704,.T.);
#3018=EDGE_CURVE('NONE',#3605,#3705,#3706,.T.);
#3019=EDGE_CURVE('NONE',#3705,#3707,#3708,.T.);
#3020=EDGE_CURVE('NONE',#3707,#3608,#3709,.T.);
#3021=EDGE_CURVE('NONE',#3613,#3710,#3711,.T.);
#3022=EDGE_CURVE('NONE',#3710,#3712,#3713,.T.);
#3023=EDGE_CURVE('NONE',#3712,#3616,#3714,.T.);
#3024=EDGE_CURVE('NONE',#3647,#3715,#3716,.T.);
#3025=EDGE_CURVE('NONE',#3715,#3717,#3718,.T.);
#3026=EDGE_CURVE('NONE',#3717,#3649,#3719,.T.);
#3027=EDGE_CURVE('NONE',#3437,#3720,#3721,.T.);
#3028=EDGE_CURVE('NONE',#3720,#3647,#3722,.T.);
#3029=EDGE_CURVE('NONE',#3649,#3723,#3724,.T.);
#3030=EDGE_CURVE('NONE',#3723,#3440,#3725,.T.);
#3031=EDGE_CURVE('NONE',#3652,#3726,#3727,.T.);
#3032=EDGE_CURVE('NONE',#3726,#3728,#3729,.T.);
#3033=EDGE_CURVE('NONE',#3728,#3654,#3730,.T.);
#3034=EDGE_CURVE('NONE',#3449,#3731,#3732,.T.);
#3035=EDGE_CURVE('NONE',#3731,#3652,#3733,.T.);
#3036=EDGE_CURVE('NONE',#3654,#3734,#3735,.T.);
#3037=EDGE_CURVE('NONE',#3734,#3452,#3736,.T.);
#3038=EDGE_CURVE('NONE',#3657,#3737,#3738,.T.);
#3039=EDGE_CURVE('NONE',#3737,#3739,#3740,.T.);
#3040=EDGE_CURVE('NONE',#3739,#3659,#3741,.T.);
#3041=EDGE_CURVE('NONE',#3464,#3742,#3743,.T.);
#3042=EDGE_CURVE('NONE',#3742,#3657,#3744,.T.);
#3043=EDGE_CURVE('NONE',#3659,#3745,#3746,.T.);
#3044=EDGE_CURVE('NONE',#3745,#3467,#3747,.T.);
#3045=EDGE_CURVE('NONE',#3662,#3748,#3749,.T.);
#3046=EDGE_CURVE('NONE',#3748,#3750,#3751,.T.);
#3047=EDGE_CURVE('NONE',#3750,#3664,#3752,.T.);
#3048=EDGE_CURVE('NONE',#3476,#3753,#3754,.T.);
#3049=EDGE_CURVE('NONE',#3753,#3662,#3755,.T.);
#3050=EDGE_CURVE('NONE',#3664,#3756,#3757,.T.);
#3051=EDGE_CURVE('NONE',#3756,#3479,#3758,.T.);
#3052=EDGE_CURVE('NONE',#3759,#3760,#3761,.T.);
#3053=EDGE_CURVE('NONE',#3760,#3669,#3762,.T.);
#3054=EDGE_CURVE('NONE',#3667,#3759,#3763,.T.);
#3055=EDGE_CURVE('NONE',#3489,#3764,#3765,.T.);
#3056=EDGE_CURVE('NONE',#3764,#3667,#3766,.T.);
#3057=EDGE_CURVE('NONE',#3669,#3767,#3768,.T.);
#3058=EDGE_CURVE('NONE',#3767,#3492,#3769,.T.);
#3059=EDGE_CURVE('NONE',#3770,#3771,#3772,.T.);
#3060=EDGE_CURVE('NONE',#3771,#3674,#3773,.T.);
#3061=EDGE_CURVE('NONE',#3672,#3770,#3774,.T.);
#3062=EDGE_CURVE('NONE',#3501,#3775,#3776,.T.);
#3063=EDGE_CURVE('NONE',#3775,#3672,#3777,.T.);
#3064=EDGE_CURVE('NONE',#3674,#3778,#3779,.T.);
#3065=EDGE_CURVE('NONE',#3778,#3504,#3780,.T.);
#3066=EDGE_CURVE('NONE',#3781,#3687,#3782,.T.);
#3067=EDGE_CURVE('NONE',#3685,#3783,#3784,.T.);
#3068=EDGE_CURVE('NONE',#3783,#3781,#3785,.T.);
#3069=EDGE_CURVE('NONE',#3574,#3786,#3787,.T.);
#3070=EDGE_CURVE('NONE',#3786,#3685,#3788,.T.);
#3071=EDGE_CURVE('NONE',#3687,#3789,#3790,.T.);
#3072=EDGE_CURVE('NONE',#3789,#3578,#3791,.T.);
#3073=EDGE_CURVE('NONE',#3792,#3692,#3793,.T.);
#3074=EDGE_CURVE('NONE',#3690,#3794,#3795,.T.);
#3075=EDGE_CURVE('NONE',#3794,#3792,#3796,.T.);
#3076=EDGE_CURVE('NONE',#3582,#3797,#3798,.T.);
#3077=EDGE_CURVE('NONE',#3797,#3690,#3799,.T.);
#3078=EDGE_CURVE('NONE',#3692,#3800,#3801,.T.);
#3079=EDGE_CURVE('NONE',#3800,#3586,#3802,.T.);
#3080=EDGE_CURVE('NONE',#3695,#3803,#3804,.T.);
#3081=EDGE_CURVE('NONE',#3803,#3805,#3806,.T.);
#3082=EDGE_CURVE('NONE',#3805,#3697,#3807,.T.);
#3083=EDGE_CURVE('NONE',#3590,#3808,#3809,.T.);
#3084=EDGE_CURVE('NONE',#3808,#3695,#3810,.T.);
#3085=EDGE_CURVE('NONE',#3697,#3811,#3812,.T.);
#3086=EDGE_CURVE('NONE',#3811,#3594,#3813,.T.);
#3087=EDGE_CURVE('NONE',#3700,#3814,#3815,.T.);
#3088=EDGE_CURVE('NONE',#3814,#3816,#3817,.T.);
#3089=EDGE_CURVE('NONE',#3816,#3702,#3818,.T.);
#3090=EDGE_CURVE('NONE',#3598,#3819,#3820,.T.);
#3091=EDGE_CURVE('NONE',#3819,#3700,#3821,.T.);
#3092=EDGE_CURVE('NONE',#3702,#3822,#3823,.T.);
#3093=EDGE_CURVE('NONE',#3822,#3602,#3824,.T.);
#3094=EDGE_CURVE('NONE',#3825,#3707,#3826,.T.);
#3095=EDGE_CURVE('NONE',#3705,#3827,#3828,.T.);
#3096=EDGE_CURVE('NONE',#3827,#3825,#3829,.T.);
#3097=EDGE_CURVE('NONE',#3606,#3830,#3831,.T.);
#3098=EDGE_CURVE('NONE',#3830,#3705,#3832,.T.);
#3099=EDGE_CURVE('NONE',#3707,#3833,#3834,.T.);
#3100=EDGE_CURVE('NONE',#3833,#3610,#3835,.T.);
#3101=EDGE_CURVE('NONE',#3836,#3712,#3837,.T.);
#3102=EDGE_CURVE('NONE',#3710,#3838,#3839,.T.);
#3103=EDGE_CURVE('NONE',#3838,#3836,#3840,.T.);
#3104=EDGE_CURVE('NONE',#3614,#3841,#3842,.T.);
#3105=EDGE_CURVE('NONE',#3841,#3710,#3843,.T.);
#3106=EDGE_CURVE('NONE',#3712,#3844,#3845,.T.);
#3107=EDGE_CURVE('NONE',#3844,#3618,#3846,.T.);
#3108=EDGE_CURVE('NONE',#3720,#3847,#3848,.T.);
#3109=EDGE_CURVE('NONE',#3847,#3715,#3849,.T.);
#3110=EDGE_CURVE('NONE',#3850,#3723,#3851,.T.);
#3111=EDGE_CURVE('NONE',#3717,#3850,#3852,.T.);
#3112=EDGE_CURVE('NONE',#3847,#3850,#3853,.T.);
#3113=EDGE_CURVE('NONE',#3723,#3720,#3854,.T.);
#3114=EDGE_CURVE('NONE',#3731,#3855,#3856,.T.);
#3115=EDGE_CURVE('NONE',#3855,#3726,#3857,.T.);
#3116=EDGE_CURVE('NONE',#3858,#3734,#3859,.T.);
#3117=EDGE_CURVE('NONE',#3728,#3858,#3860,.T.);
#3118=EDGE_CURVE('NONE',#3855,#3858,#3861,.T.);
#3119=EDGE_CURVE('NONE',#3734,#3731,#3862,.T.);
#3120=EDGE_CURVE('NONE',#3863,#3739,#3864,.T.);
#3121=EDGE_CURVE('NONE',#3737,#3865,#3866,.T.);
#3122=EDGE_CURVE('NONE',#3865,#3863,#3867,.T.);
#3123=EDGE_CURVE('NONE',#3742,#3865,#3868,.T.);
#3124=EDGE_CURVE('NONE',#3863,#3745,#3869,.T.);
#3125=EDGE_CURVE('NONE',#3745,#3742,#3870,.T.);
#3126=EDGE_CURVE('NONE',#3753,#3871,#3872,.T.);
#3127=EDGE_CURVE('NONE',#3871,#3748,#3873,.T.);
#3128=EDGE_CURVE('NONE',#3874,#3756,#3875,.T.);
#3129=EDGE_CURVE('NONE',#3750,#3874,#3876,.T.);
#3130=EDGE_CURVE('NONE',#3871,#3874,#3877,.T.);
#3131=EDGE_CURVE('NONE',#3756,#3753,#3878,.T.);
#3132=EDGE_CURVE('NONE',#3760,#3879,#3880,.T.);
#3133=EDGE_CURVE('NONE',#3879,#3767,#3881,.T.);
#3134=EDGE_CURVE('NONE',#3882,#3879,#3883,.T.);
#3135=EDGE_CURVE('NONE',#3759,#3882,#3884,.T.);
#3136=EDGE_CURVE('NONE',#3764,#3882,#3885,.T.);
#3137=EDGE_CURVE('NONE',#3767,#3764,#3886,.T.);
#3138=EDGE_CURVE('NONE',#3771,#3887,#3888,.T.);
#3139=EDGE_CURVE('NONE',#3887,#3778,#3889,.T.);
#3140=EDGE_CURVE('NONE',#3890,#3887,#3891,.T.);
#3141=EDGE_CURVE('NONE',#3770,#3890,#3892,.T.);
#3142=EDGE_CURVE('NONE',#3775,#3890,#3893,.T.);
#3143=EDGE_CURVE('NONE',#3778,#3775,#3894,.T.);
#3144=EDGE_CURVE('NONE',#3781,#3895,#3896,.T.);
#3145=EDGE_CURVE('NONE',#3895,#3789,#3897,.T.);
#3146=EDGE_CURVE('NONE',#3898,#3783,#3899,.T.);
#3147=EDGE_CURVE('NONE',#3895,#3898,#3900,.T.);
#3148=EDGE_CURVE('NONE',#3786,#3898,#3901,.T.);
#3149=EDGE_CURVE('NONE',#3789,#3786,#3902,.T.);
#3150=EDGE_CURVE('NONE',#3792,#3903,#3904,.T.);
#3151=EDGE_CURVE('NONE',#3903,#3800,#3905,.T.);
#3152=EDGE_CURVE('NONE',#3906,#3794,#3907,.T.);
#3153=EDGE_CURVE('NONE',#3903,#3906,#3908,.T.);
#3154=EDGE_CURVE('NONE',#3797,#3906,#3909,.T.);
#3155=EDGE_CURVE('NONE',#3800,#3797,#3910,.T.);
#3156=EDGE_CURVE('NONE',#3911,#3912,#3913,.T.);
#3157=EDGE_CURVE('NONE',#3805,#3911,#3914,.T.);
#3158=EDGE_CURVE('NONE',#3912,#3803,#3915,.T.);
#3159=EDGE_CURVE('NONE',#3808,#3912,#3916,.T.);
#3160=EDGE_CURVE('NONE',#3911,#3811,#3917,.T.);
#3161=EDGE_CURVE('NONE',#3811,#3808,#3918,.T.);
#3162=EDGE_CURVE('NONE',#3819,#3919,#3920,.T.);
#3163=EDGE_CURVE('NONE',#3919,#3814,#3921,.T.);
#3164=EDGE_CURVE('NONE',#3922,#3822,#3923,.T.);
#3165=EDGE_CURVE('NONE',#3816,#3922,#3924,.T.);
#3166=EDGE_CURVE('NONE',#3922,#3919,#3925,.T.);
#3167=EDGE_CURVE('NONE',#3822,#3819,#3926,.T.);
#3168=EDGE_CURVE('NONE',#3825,#3927,#3928,.T.);
#3169=EDGE_CURVE('NONE',#3927,#3833,#3929,.T.);
#3170=EDGE_CURVE('NONE',#3930,#3827,#3931,.T.);
#3171=EDGE_CURVE('NONE',#3927,#3930,#3932,.T.);
#3172=EDGE_CURVE('NONE',#3830,#3930,#3933,.T.);
#3173=EDGE_CURVE('NONE',#3833,#3830,#3934,.T.);
#3174=EDGE_CURVE('NONE',#3836,#3935,#3936,.T.);
#3175=EDGE_CURVE('NONE',#3935,#3844,#3937,.T.);
#3176=EDGE_CURVE('NONE',#3938,#3838,#3939,.T.);
#3177=EDGE_CURVE('NONE',#3935,#3938,#3940,.T.);
#3178=EDGE_CURVE('NONE',#3841,#3938,#3941,.T.);
#3179=EDGE_CURVE('NONE',#3844,#3841,#3942,.T.);
#3180=VERTEX_POINT('NONE',#3943);
#3181=VERTEX_POINT('NONE',#3944);
#3182=CIRCLE('',#3945,0.50000000000007);
#3183=VERTEX_POINT('NONE',#3946);
#3184=CIRCLE('',#3947,0.300000000000039);
#3185=VERTEX_POINT('NONE',#3948);
#3186=(B_SPLINE_CURVE(3,(#3950,#3951,#3952,#3953),.UNSPECIFIED.,.F.,.F.)B_SPLINE_CURVE_WITH_KNOTS((4,4),(0.0,1.0),.UNSPECIFIED.)RATIONAL_B_SPLINE_CURVE((1.0,0.333333333333333,0.333333333333333,1.0))BOUNDED_CURVE()REPRESENTATION_ITEM('')GEOMETRIC_REPRESENTATION_ITEM()CURVE());
#3187=CIRCLE('',#3960,0.300000000000039);
#3188=VERTEX_POINT('NONE',#3961);
#3189=VERTEX_POINT('NONE',#3962);
#3190=CIRCLE('',#3963,0.500000000000056);
#3191=VERTEX_POINT('NONE',#3964);
#3192=CIRCLE('',#3965,0.300000000000022);
#3193=VERTEX_POINT('NONE',#3966);
#3194=(B_SPLINE_CURVE(3,(#3968,#3969,#3970,#3971),.UNSPECIFIED.,.F.,.F.)B_SPLINE_CURVE_WITH_KNOTS((4,4),(0.0,1.0),.UNSPECIFIED.)RATIONAL_B_SPLINE_CURVE((1.0,0.333333333333334,0.333333333333334,1.0))BOUNDED_CURVE()REPRESENTATION_ITEM('')GEOMETRIC_REPRESENTATION_ITEM()CURVE());
#3195=CIRCLE('',#3978,0.300000000000022);
#3196=VERTEX_POINT('NONE',#3979);
#3197=VERTEX_POINT('NONE',#3980);
#3198=CIRCLE('',#3981,0.199999999999896);
#3199=VERTEX_POINT('NONE',#3982);
#3200=CIRCLE('',#3983,0.300000000000065);
#3201=VERTEX_POINT('NONE',#3984);
#3202=CIRCLE('',#3985,0.499999999999955);
#3203=CIRCLE('',#3986,0.300000000000065);
#3204=VERTEX_POINT('NONE',#3987);
#3205=VERTEX_POINT('NONE',#3988);
#3206=CIRCLE('',#3989,0.199999999999951);
#3207=VERTEX_POINT('NONE',#3990);
#3208=CIRCLE('',#3991,0.300000000000069);
#3209=VERTEX_POINT('NONE',#3992);
#3210=CIRCLE('',#3993,0.500000000000018);
#3211=CIRCLE('',#3994,0.300000000000069);
#3212=VERTEX_POINT('NONE',#3995);
#3213=VERTEX_POINT('NONE',#3996);
#3214=CIRCLE('',#3997,0.19999999996972);
#3215=VERTEX_POINT('NONE',#3998);
#3216=CIRCLE('',#3999,0.299999999999991);
#3217=VERTEX_POINT('NONE',#4000);
#3218=CIRCLE('',#4001,0.499999999999887);
#3219=CIRCLE('',#4002,0.299999999999991);
#3220=VERTEX_POINT('NONE',#4003);
#3221=VERTEX_POINT('NONE',#4004);
#3222=B_SPLINE_CURVE_WITH_KNOTS('',3,(#4005,#4006,#4007,#4008,#4009,#4010,#4011,#4012,#4013,#4014,#4015,#4016,#4017,#4018,#4019,#4020,#4021,#4022),.UNSPECIFIED.,.F.,.F.,(4,2,2,2,2,2,2,2,4),(0.0,0.250000000000002,0.281250000000008,0.312500000000014,0.375000000000013,0.437500000000012,0.5,0.750000000000005,1.0),.UNSPECIFIED.);
#3223=VERTEX_POINT('NONE',#4023);
#3224=CIRCLE('',#4024,0.300000000000006);
#3225=VERTEX_POINT('NONE',#4025);
#3226=CIRCLE('',#4026,0.499999999999924);
#3227=VERTEX_POINT('NONE',#4027);
#3228=CIRCLE('',#4028,0.300000000000006);
#3229=CIRCLE('',#4029,0.199999999991898);
#3230=VERTEX_POINT('NONE',#4030);
#3231=VERTEX_POINT('NONE',#4031);
#3232=LINE('',#4032,#4033);
#3233=VERTEX_POINT('NONE',#4034);
#3234=LINE('',#4035,#4036);
#3235=VERTEX_POINT('NONE',#4037);
#3236=LINE('',#4038,#4039);
#3237=VERTEX_POINT('NONE',#4040);
#3238=LINE('',#4041,#4042);
#3239=VERTEX_POINT('NONE',#4043);
#3240=LINE('',#4044,#4045);
#3241=VERTEX_POINT('NONE',#4046);
#3242=LINE('',#4047,#4048);
#3243=VERTEX_POINT('NONE',#4049);
#3244=LINE('',#4050,#4051);
#3245=VERTEX_POINT('NONE',#4052);
#3246=LINE('',#4053,#4054);
#3247=VERTEX_POINT('NONE',#4055);
#3248=LINE('',#4056,#4057);
#3249=VERTEX_POINT('NONE',#4058);
#3250=LINE('',#4059,#4060);
#3251=VERTEX_POINT('NONE',#4061);
#3252=LINE('',#4062,#4063);
#3253=VERTEX_POINT('NONE',#4064);
#3254=LINE('',#4065,#4066);
#3255=VERTEX_POINT('NONE',#4067);
#3256=LINE('',#4068,#4069);
#3257=VERTEX_POINT('NONE',#4070);
#3258=LINE('',#4071,#4072);
#3259=VERTEX_POINT('NONE',#4073);
#3260=LINE('',#4074,#4075);
#3261=LINE('',#4076,#4077);
#3262=VERTEX_POINT('NONE',#4078);
#3263=LINE('',#4079,#4080);
#3264=VERTEX_POINT('NONE',#4081);
#3265=LINE('',#4082,#4083);
#3266=LINE('',#4084,#4085);
#3267=VERTEX_POINT('NONE',#4086);
#3268=LINE('',#4087,#4088);
#3269=VERTEX_POINT('NONE',#4089);
#3270=CIRCLE('',#4090,0.250000000000028);
#3271=CIRCLE('',#4091,0.250000000000028);
#3272=VERTEX_POINT('NONE',#4092);
#3273=LINE('',#4093,#4094);
#3274=LINE('',#4095,#4096);
#3275=VERTEX_POINT('NONE',#4097);
#3276=VERTEX_POINT('NONE',#4098);
#3277=LINE('',#4099,#4100);
#3278=VERTEX_POINT('NONE',#4101);
#3279=LINE('',#4102,#4103);
#3280=VERTEX_POINT('NONE',#4104);
#3281=LINE('',#4105,#4106);
#3282=LINE('',#4107,#4108);
#3283=VERTEX_POINT('NONE',#4109);
#3284=LINE('',#4110,#4111);
#3285=VERTEX_POINT('NONE',#4112);
#3286=CIRCLE('',#4113,0.25);
#3287=LINE('',#4114,#4115);
#3288=VERTEX_POINT('NONE',#4116);
#3289=CIRCLE('',#4117,0.250000000000028);
#3290=CIRCLE('',#4118,0.250000000000028);
#3291=VERTEX_POINT('NONE',#4119);
#3292=LINE('',#4120,#4121);
#3293=VERTEX_POINT('NONE',#4122);
#3294=CIRCLE('',#4123,0.25);
#3295=LINE('',#4124,#4125);
#3296=VERTEX_POINT('NONE',#4126);
#3297=LINE('',#4127,#4128);
#3298=VERTEX_POINT('NONE',#4129);
#3299=LINE('',#4130,#4131);
#3300=VERTEX_POINT('NONE',#4132);
#3301=LINE('',#4133,#4134);
#3302=VERTEX_POINT('NONE',#4135);
#3303=LINE('',#4136,#4137);
#3304=VERTEX_POINT('NONE',#4138);
#3305=LINE('',#4139,#4140);
#3306=VERTEX_POINT('NONE',#4141);
#3307=LINE('',#4142,#4143);
#3308=LINE('',#4144,#4145);
#3309=VERTEX_POINT('NONE',#4146);
#3310=VERTEX_POINT('NONE',#4147);
#3311=LINE('',#4148,#4149);
#3312=VERTEX_POINT('NONE',#4150);
#3313=LINE('',#4151,#4152);
#3314=VERTEX_POINT('NONE',#4153);
#3315=LINE('',#4154,#4155);
#3316=LINE('',#4156,#4157);
#3317=VERTEX_POINT('NONE',#4158);
#3318=VERTEX_POINT('NONE',#4159);
#3319=LINE('',#4160,#4161);
#3320=VERTEX_POINT('NONE',#4162);
#3321=LINE('',#4163,#4164);
#3322=VERTEX_POINT('NONE',#4165);
#3323=LINE('',#4166,#4167);
#3324=LINE('',#4168,#4169);
#3325=CIRCLE('',#4170,0.499999999999955);
#3326=CIRCLE('',#4171,0.500000000000018);
#3327=CIRCLE('',#4172,0.50000000000007);
#3328=VERTEX_POINT('NONE',#4173);
#3329=VERTEX_POINT('NONE',#4174);
#3330=LINE('',#4175,#4176);
#3331=VERTEX_POINT('NONE',#4177);
#3332=LINE('',#4178,#4179);
#3333=VERTEX_POINT('NONE',#4180);
#3334=LINE('',#4181,#4182);
#3335=LINE('',#4183,#4184);
#3336=VERTEX_POINT('NONE',#4185);
#3337=VERTEX_POINT('NONE',#4186);
#3338=LINE('',#4187,#4188);
#3339=VERTEX_POINT('NONE',#4189);
#3340=LINE('',#4190,#4191);
#3341=VERTEX_POINT('NONE',#4192);
#3342=LINE('',#4193,#4194);
#3343=LINE('',#4195,#4196);
#3344=CIRCLE('',#4197,0.500000000000056);
#3345=VERTEX_POINT('NONE',#4198);
#3346=VERTEX_POINT('NONE',#4199);
#3347=LINE('',#4200,#4201);
#3348=VERTEX_POINT('NONE',#4202);
#3349=LINE('',#4203,#4204);
#3350=VERTEX_POINT('NONE',#4205);
#3351=LINE('',#4206,#4207);
#3352=LINE('',#4208,#4209);
#3353=VERTEX_POINT('NONE',#4210);
#3354=VERTEX_POINT('NONE',#4211);
#3355=LINE('',#4212,#4213);
#3356=VERTEX_POINT('NONE',#4214);
#3357=LINE('',#4215,#4216);
#3358=VERTEX_POINT('NONE',#4217);
#3359=LINE('',#4218,#4219);
#3360=LINE('',#4220,#4221);
#3361=CIRCLE('',#4222,0.499999999999887);
#3362=CIRCLE('',#4223,0.499999999999924);
#3363=VERTEX_POINT('NONE',#4224);
#3364=LINE('',#4225,#4226);
#3365=LINE('',#4227,#4228);
#3366=VERTEX_POINT('NONE',#4229);
#3367=CIRCLE('',#4230,0.25);
#3368=LINE('',#4231,#4232);
#3369=LINE('',#4233,#4234);
#3370=VERTEX_POINT('NONE',#4235);
#3371=VERTEX_POINT('NONE',#4236);
#3372=LINE('',#4237,#4238);
#3373=LINE('',#4239,#4240);
#3374=VERTEX_POINT('NONE',#4241);
#3375=LINE('',#4242,#4243);
#3376=LINE('',#4244,#4245);
#3377=LINE('',#4246,#4247);
#3378=VERTEX_POINT('NONE',#4248);
#3379=LINE('',#4249,#4250);
#3380=VERTEX_POINT('NONE',#4251);
#3381=LINE('',#4252,#4253);
#3382=VERTEX_POINT('NONE',#4254);
#3383=LINE('',#4255,#4256);
#3384=VERTEX_POINT('NONE',#4257);
#3385=LINE('',#4258,#4259);
#3386=VERTEX_POINT('NONE',#4260);
#3387=LINE('',#4261,#4262);
#3388=VERTEX_POINT('NONE',#4263);
#3389=LINE('',#4264,#4265);
#3390=VERTEX_POINT('NONE',#4266);
#3391=LINE('',#4267,#4268);
#3392=VERTEX_POINT('NONE',#4269);
#3393=LINE('',#4270,#4271);
#3394=VERTEX_POINT('NONE',#4272);
#3395=LINE('',#4273,#4274);
#3396=LINE('',#4275,#4276);
#3397=VERTEX_POINT('NONE',#4277);
#3398=VERTEX_POINT('NONE',#4278);
#3399=LINE('',#4279,#4280);
#3400=LINE('',#4281,#4282);
#3401=LINE('',#4283,#4284);
#3402=LINE('',#4285,#4286);
#3403=VERTEX_POINT('NONE',#4287);
#3404=LINE('',#4288,#4289);
#3405=LINE('',#4290,#4291);
#3406=VERTEX_POINT('NONE',#4292);
#3407=CIRCLE('',#4293,0.25);
#3408=LINE('',#4294,#4295);
#3409=LINE('',#4296,#4297);
#3410=LINE('',#4298,#4299);
#3411=VERTEX_POINT('NONE',#4300);
#3412=LINE('',#4301,#4302);
#3413=VERTEX_POINT('NONE',#4303);
#3414=LINE('',#4304,#4305);
#3415=LINE('',#4306,#4307);
#3416=VERTEX_POINT('NONE',#4308);
#3417=LINE('',#4309,#4310);
#3418=VERTEX_POINT('NONE',#4311);
#3419=LINE('',#4312,#4313);
#3420=LINE('',#4314,#4315);
#3421=VERTEX_POINT('NONE',#4316);
#3422=VERTEX_POINT('NONE',#4317);
#3423=LINE('',#4318,#4319);
#3424=VERTEX_POINT('NONE',#4320);
#3425=LINE('',#4321,#4322);
#3426=LINE('',#4323,#4324);
#3427=VERTEX_POINT('NONE',#4325);
#3428=VERTEX_POINT('NONE',#4326);
#3429=LINE('',#4327,#4328);
#3430=LINE('',#4329,#4330);
#3431=LINE('',#4331,#4332);
#3432=VERTEX_POINT('NONE',#4333);
#3433=VERTEX_POINT('NONE',#4334);
#3434=LINE('',#4335,#4336);
#3435=LINE('',#4337,#4338);
#3436=LINE('',#4339,#4340);
#3437=VERTEX_POINT('NONE',#4341);
#3438=LINE('',#4342,#4343);
#3439=LINE('',#4344,#4345);
#3440=VERTEX_POINT('NONE',#4346);
#3441=LINE('',#4347,#4348);
#3442=LINE('',#4349,#4350);
#3443=LINE('',#4351,#4352);
#3444=VERTEX_POINT('NONE',#4353);
#3445=VERTEX_POINT('NONE',#4354);
#3446=LINE('',#4355,#4356);
#3447=LINE('',#4357,#4358);
#3448=LINE('',#4359,#4360);
#3449=VERTEX_POINT('NONE',#4361);
#3450=LINE('',#4362,#4363);
#3451=LINE('',#4364,#4365);
#3452=VERTEX_POINT('NONE',#4366);
#3453=LINE('',#4367,#4368);
#3454=LINE('',#4369,#4370);
#3455=LINE('',#4371,#4372);
#3456=CIRCLE('',#4373,0.199999999999896);
#3457=CIRCLE('',#4374,0.199999999999951);
#3458=(B_SPLINE_CURVE(3,(#4376,#4377,#4378,#4379),.UNSPECIFIED.,.F.,.F.)B_SPLINE_CURVE_WITH_KNOTS((4,4),(0.0,1.0),.UNSPECIFIED.)RATIONAL_B_SPLINE_CURVE((1.0,0.333333333333333,0.333333333333333,1.0))BOUNDED_CURVE()REPRESENTATION_ITEM('')GEOMETRIC_REPRESENTATION_ITEM()CURVE());
#3459=VERTEX_POINT('NONE',#4386);
#3460=LINE('',#4387,#4388);
#3461=VERTEX_POINT('NONE',#4389);
#3462=LINE('',#4390,#4391);
#3463=LINE('',#4392,#4393);
#3464=VERTEX_POINT('NONE',#4394);
#3465=LINE('',#4395,#4396);
#3466=LINE('',#4397,#4398);
#3467=VERTEX_POINT('NONE',#4399);
#3468=LINE('',#4400,#4401);
#3469=LINE('',#4402,#4403);
#3470=LINE('',#4404,#4405);
#3471=VERTEX_POINT('NONE',#4406);
#3472=LINE('',#4407,#4408);
#3473=VERTEX_POINT('NONE',#4409);
#3474=LINE('',#4410,#4411);
#3475=LINE('',#4412,#4413);
#3476=VERTEX_POINT('NONE',#4414);
#3477=LINE('',#4415,#4416);
#3478=LINE('',#4417,#4418);
#3479=VERTEX_POINT('NONE',#4419);
#3480=LINE('',#4420,#4421);
#3481=LINE('',#4422,#4423);
#3482=LINE('',#4424,#4425);
#3483=(B_SPLINE_CURVE(3,(#4427,#4428,#4429,#4430),.UNSPECIFIED.,.F.,.F.)B_SPLINE_CURVE_WITH_KNOTS((4,4),(0.0,1.0),.UNSPECIFIED.)RATIONAL_B_SPLINE_CURVE((1.0,0.333333333333333,0.333333333333333,1.0))BOUNDED_CURVE()REPRESENTATION_ITEM('')GEOMETRIC_REPRESENTATION_ITEM()CURVE());
#3484=VERTEX_POINT('NONE',#4437);
#3485=LINE('',#4438,#4439);
#3486=VERTEX_POINT('NONE',#4440);
#3487=LINE('',#4441,#4442);
#3488=LINE('',#4443,#4444);
#3489=VERTEX_POINT('NONE',#4445);
#3490=LINE('',#4446,#4447);
#3491=LINE('',#4448,#4449);
#3492=VERTEX_POINT('NONE',#4450);
#3493=LINE('',#4451,#4452);
#3494=LINE('',#4453,#4454);
#3495=LINE('',#4455,#4456);
#3496=VERTEX_POINT('NONE',#4457);
#3497=LINE('',#4458,#4459);
#3498=VERTEX_POINT('NONE',#4460);
#3499=LINE('',#4461,#4462);
#3500=LINE('',#4463,#4464);
#3501=VERTEX_POINT('NONE',#4465);
#3502=LINE('',#4466,#4467);
#3503=LINE('',#4468,#4469);
#3504=VERTEX_POINT('NONE',#4470);
#3505=LINE('',#4471,#4472);
#3506=LINE('',#4473,#4474);
#3507=LINE('',#4475,#4476);
#3508=CIRCLE('',#4477,0.19999999996972);
#3509=VERTEX_POINT('NONE',#4478);
#3510=B_SPLINE_CURVE_WITH_KNOTS('',3,(#4479,#4480,#4481,#4482,#4483,#4484,#4485,#4486,#4487,#4488,#4489,#4490,#4491,#4492,#4493,#4494,#4495,#4496),.UNSPECIFIED.,.F.,.F.,(4,2,2,2,2,2,2,2,4),(0.0,0.250000000000005,0.281250000000004,0.312500000000004,0.375000000000003,0.437500000000003,0.5,0.750000000000001,1.0),.UNSPECIFIED.);
#3511=CIRCLE('',#4497,0.199999999991898);
#3512=VERTEX_POINT('NONE',#4498);
#3513=LINE('',#4499,#4500);
#3514=VERTEX_POINT('NONE',#4501);
#3515=LINE('',#4502,#4503);
#3516=LINE('',#4504,#4505);
#3517=VERTEX_POINT('NONE',#4506);
#3518=LINE('',#4507,#4508);
#3519=LINE('',#4509,#4510);
#3520=VERTEX_POINT('NONE',#4511);
#3521=LINE('',#4512,#4513);
#3522=LINE('',#4514,#4515);
#3523=VERTEX_POINT('NONE',#4516);
#3524=LINE('',#4517,#4518);
#3525=VERTEX_POINT('NONE',#4519);
#3526=LINE('',#4520,#4521);
#3527=LINE('',#4522,#4523);
#3528=VERTEX_POINT('NONE',#4524);
#3529=LINE('',#4525,#4526);
#3530=LINE('',#4527,#4528);
#3531=VERTEX_POINT('NONE',#4529);
#3532=LINE('',#4530,#4531);
#3533=LINE('',#4532,#4533);
#3534=VERTEX_POINT('NONE',#4534);
#3535=LINE('',#4535,#4536);
#3536=LINE('',#4537,#4538);
#3537=VERTEX_POINT('NONE',#4539);
#3538=LINE('',#4540,#4541);
#3539=LINE('',#4542,#4543);
#3540=VERTEX_POINT('NONE',#4544);
#3541=LINE('',#4545,#4546);
#3542=VERTEX_POINT('NONE',#4547);
#3543=LINE('',#4548,#4549);
#3544=LINE('',#4550,#4551);
#3545=VERTEX_POINT('NONE',#4552);
#3546=LINE('',#4553,#4554);
#3547=LINE('',#4555,#4556);
#3548=VERTEX_POINT('NONE',#4557);
#3549=LINE('',#4558,#4559);
#3550=LINE('',#4560,#4561);
#3551=VERTEX_POINT('NONE',#4562);
#3552=VERTEX_POINT('NONE',#4563);
#3553=LINE('',#4564,#4565);
#3554=LINE('',#4566,#4567);
#3555=VERTEX_POINT('NONE',#4568);
#3556=LINE('',#4569,#4570);
#3557=VERTEX_POINT('NONE',#4571);
#3558=LINE('',#4572,#4573);
#3559=VERTEX_POINT('NONE',#4574);
#3560=LINE('',#4575,#4576);
#3561=VERTEX_POINT('NONE',#4577);
#3562=LINE('',#4578,#4579);
#3563=VERTEX_POINT('NONE',#4580);
#3564=LINE('',#4581,#4582);
#3565=VERTEX_POINT('NONE',#4583);
#3566=LINE('',#4584,#4585);
#3567=VERTEX_POINT('NONE',#4586);
#3568=LINE('',#4587,#4588);
#3569=VERTEX_POINT('NONE',#4589);
#3570=LINE('',#4590,#4591);
#3571=LINE('',#4592,#4593);
#3572=LINE('',#4594,#4595);
#3573=VERTEX_POINT('NONE',#4596);
#3574=VERTEX_POINT('NONE',#4597);
#3575=LINE('',#4598,#4599);
#3576=VERTEX_POINT('NONE',#4600);
#3577=LINE('',#4601,#4602);
#3578=VERTEX_POINT('NONE',#4603);
#3579=LINE('',#4604,#4605);
#3580=LINE('',#4606,#4607);
#3581=VERTEX_POINT('NONE',#4608);
#3582=VERTEX_POINT('NONE',#4609);
#3583=LINE('',#4610,#4611);
#3584=VERTEX_POINT('NONE',#4612);
#3585=LINE('',#4613,#4614);
#3586=VERTEX_POINT('NONE',#4615);
#3587=LINE('',#4616,#4617);
#3588=LINE('',#4618,#4619);
#3589=VERTEX_POINT('NONE',#4620);
#3590=VERTEX_POINT('NONE',#4621);
#3591=LINE('',#4622,#4623);
#3592=VERTEX_POINT('NONE',#4624);
#3593=LINE('',#4625,#4626);
#3594=VERTEX_POINT('NONE',#4627);
#3595=LINE('',#4628,#4629);
#3596=LINE('',#4630,#4631);
#3597=VERTEX_POINT('NONE',#4632);
#3598=VERTEX_POINT('NONE',#4633);
#3599=LINE('',#4634,#4635);
#3600=VERTEX_POINT('NONE',#4636);
#3601=LINE('',#4637,#4638);
#3602=VERTEX_POINT('NONE',#4639);
#3603=LINE('',#4640,#4641);
#3604=LINE('',#4642,#4643);
#3605=VERTEX_POINT('NONE',#4644);
#3606=VERTEX_POINT('NONE',#4645);
#3607=LINE('',#4646,#4647);
#3608=VERTEX_POINT('NONE',#4648);
#3609=LINE('',#4649,#4650);
#3610=VERTEX_POINT('NONE',#4651);
#3611=LINE('',#4652,#4653);
#3612=LINE('',#4654,#4655);
#3613=VERTEX_POINT('NONE',#4656);
#3614=VERTEX_POINT('NONE',#4657);
#3615=LINE('',#4658,#4659);
#3616=VERTEX_POINT('NONE',#4660);
#3617=LINE('',#4661,#4662);
#3618=VERTEX_POINT('NONE',#4663);
#3619=LINE('',#4664,#4665);
#3620=LINE('',#4666,#4667);
#3621=VERTEX_POINT('NONE',#4668);
#3622=LINE('',#4669,#4670);
#3623=VERTEX_POINT('NONE',#4671);
#3624=LINE('',#4672,#4673);
#3625=LINE('',#4674,#4675);
#3626=VERTEX_POINT('NONE',#4676);
#3627=LINE('',#4677,#4678);
#3628=LINE('',#4679,#4680);
#3629=LINE('',#4681,#4682);
#3630=LINE('',#4683,#4684);
#3631=VERTEX_POINT('NONE',#4685);
#3632=LINE('',#4686,#4687);
#3633=LINE('',#4688,#4689);
#3634=VERTEX_POINT('NONE',#4690);
#3635=LINE('',#4691,#4692);
#3636=VERTEX_POINT('NONE',#4693);
#3637=LINE('',#4694,#4695);
#3638=VERTEX_POINT('NONE',#4696);
#3639=LINE('',#4697,#4698);
#3640=VERTEX_POINT('NONE',#4699);
#3641=LINE('',#4700,#4701);
#3642=VERTEX_POINT('NONE',#4702);
#3643=LINE('',#4703,#4704);
#3644=LINE('',#4705,#4706);
#3645=LINE('',#4707,#4708);
#3646=LINE('',#4709,#4710);
#3647=VERTEX_POINT('NONE',#4711);
#3648=LINE('',#4712,#4713);
#3649=VERTEX_POINT('NONE',#4714);
#3650=LINE('',#4715,#4716);
#3651=LINE('',#4717,#4718);
#3652=VERTEX_POINT('NONE',#4719);
#3653=LINE('',#4720,#4721);
#3654=VERTEX_POINT('NONE',#4722);
#3655=LINE('',#4723,#4724);
#3656=LINE('',#4725,#4726);
#3657=VERTEX_POINT('NONE',#4727);
#3658=LINE('',#4728,#4729);
#3659=VERTEX_POINT('NONE',#4730);
#3660=LINE('',#4731,#4732);
#3661=LINE('',#4733,#4734);
#3662=VERTEX_POINT('NONE',#4735);
#3663=LINE('',#4736,#4737);
#3664=VERTEX_POINT('NONE',#4738);
#3665=LINE('',#4739,#4740);
#3666=LINE('',#4741,#4742);
#3667=VERTEX_POINT('NONE',#4743);
#3668=LINE('',#4744,#4745);
#3669=VERTEX_POINT('NONE',#4746);
#3670=LINE('',#4747,#4748);
#3671=LINE('',#4749,#4750);
#3672=VERTEX_POINT('NONE',#4751);
#3673=LINE('',#4752,#4753);
#3674=VERTEX_POINT('NONE',#4754);
#3675=LINE('',#4755,#4756);
#3676=LINE('',#4757,#4758);
#3677=LINE('',#4759,#4760);
#3678=LINE('',#4761,#4762);
#3679=LINE('',#4763,#4764);
#3680=LINE('',#4765,#4766);
#3681=LINE('',#4767,#4768);
#3682=LINE('',#4769,#4770);
#3683=LINE('',#4771,#4772);
#3684=LINE('',#4773,#4774);
#3685=VERTEX_POINT('NONE',#4775);
#3686=LINE('',#4776,#4777);
#3687=VERTEX_POINT('NONE',#4778);
#3688=LINE('',#4779,#4780);
#3689=LINE('',#4781,#4782);
#3690=VERTEX_POINT('NONE',#4783);
#3691=LINE('',#4784,#4785);
#3692=VERTEX_POINT('NONE',#4786);
#3693=LINE('',#4787,#4788);
#3694=LINE('',#4789,#4790);
#3695=VERTEX_POINT('NONE',#4791);
#3696=LINE('',#4792,#4793);
#3697=VERTEX_POINT('NONE',#4794);
#3698=LINE('',#4795,#4796);
#3699=LINE('',#4797,#4798);
#3700=VERTEX_POINT('NONE',#4799);
#3701=LINE('',#4800,#4801);
#3702=VERTEX_POINT('NONE',#4802);
#3703=LINE('',#4803,#4804);
#3704=LINE('',#4805,#4806);
#3705=VERTEX_POINT('NONE',#4807);
#3706=LINE('',#4808,#4809);
#3707=VERTEX_POINT('NONE',#4810);
#3708=LINE('',#4811,#4812);
#3709=LINE('',#4813,#4814);
#3710=VERTEX_POINT('NONE',#4815);
#3711=LINE('',#4816,#4817);
#3712=VERTEX_POINT('NONE',#4818);
#3713=LINE('',#4819,#4820);
#3714=LINE('',#4821,#4822);
#3715=VERTEX_POINT('NONE',#4823);
#3716=LINE('',#4824,#4825);
#3717=VERTEX_POINT('NONE',#4826);
#3718=LINE('',#4827,#4828);
#3719=LINE('',#4829,#4830);
#3720=VERTEX_POINT('NONE',#4831);
#3721=LINE('',#4832,#4833);
#3722=LINE('',#4834,#4835);
#3723=VERTEX_POINT('NONE',#4836);
#3724=LINE('',#4837,#4838);
#3725=LINE('',#4839,#4840);
#3726=VERTEX_POINT('NONE',#4841);
#3727=LINE('',#4842,#4843);
#3728=VERTEX_POINT('NONE',#4844);
#3729=LINE('',#4845,#4846);
#3730=LINE('',#4847,#4848);
#3731=VERTEX_POINT('NONE',#4849);
#3732=LINE('',#4850,#4851);
#3733=LINE('',#4852,#4853);
#3734=VERTEX_POINT('NONE',#4854);
#3735=LINE('',#4855,#4856);
#3736=LINE('',#4857,#4858);
#3737=VERTEX_POINT('NONE',#4859);
#3738=LINE('',#4860,#4861);
#3739=VERTEX_POINT('NONE',#4862);
#3740=LINE('',#4863,#4864);
#3741=LINE('',#4865,#4866);
#3742=VERTEX_POINT('NONE',#4867);
#3743=LINE('',#4868,#4869);
#3744=LINE('',#4870,#4871);
#3745=VERTEX_POINT('NONE',#4872);
#3746=LINE('',#4873,#4874);
#3747=LINE('',#4875,#4876);
#3748=VERTEX_POINT('NONE',#4877);
#3749=LINE('',#4878,#4879);
#3750=VERTEX_POINT('NONE',#4880);
#3751=LINE('',#4881,#4882);
#3752=LINE('',#4883,#4884);
#3753=VERTEX_POINT('NONE',#4885);
#3754=LINE('',#4886,#4887);
#3755=LINE('',#4888,#4889);
#3756=VERTEX_POINT('NONE',#4890);
#3757=LINE('',#4891,#4892);
#3758=LINE('',#4893,#4894);
#3759=VERTEX_POINT('NONE',#4895);
#3760=VERTEX_POINT('NONE',#4896);
#3761=LINE('',#4897,#4898);
#3762=LINE('',#4899,#4900);
#3763=LINE('',#4901,#4902);
#3764=VERTEX_POINT('NONE',#4903);
#3765=LINE('',#4904,#4905);
#3766=LINE('',#4906,#4907);
#3767=VERTEX_POINT('NONE',#4908);
#3768=LINE('',#4909,#4910);
#3769=LINE('',#4911,#4912);
#3770=VERTEX_POINT('NONE',#4913);
#3771=VERTEX_POINT('NONE',#4914);
#3772=LINE('',#4915,#4916);
#3773=LINE('',#4917,#4918);
#3774=LINE('',#4919,#4920);
#3775=VERTEX_POINT('NONE',#4921);
#3776=LINE('',#4922,#4923);
#3777=LINE('',#4924,#4925);
#3778=VERTEX_POINT('NONE',#4926);
#3779=LINE('',#4927,#4928);
#3780=LINE('',#4929,#4930);
#3781=VERTEX_POINT('NONE',#4931);
#3782=LINE('',#4932,#4933);
#3783=VERTEX_POINT('NONE',#4934);
#3784=LINE('',#4935,#4936);
#3785=LINE('',#4937,#4938);
#3786=VERTEX_POINT('NONE',#4939);
#3787=LINE('',#4940,#4941);
#3788=LINE('',#4942,#4943);
#3789=VERTEX_POINT('NONE',#4944);
#3790=LINE('',#4945,#4946);
#3791=LINE('',#4947,#4948);
#3792=VERTEX_POINT('NONE',#4949);
#3793=LINE('',#4950,#4951);
#3794=VERTEX_POINT('NONE',#4952);
#3795=LINE('',#4953,#4954);
#3796=LINE('',#4955,#4956);
#3797=VERTEX_POINT('NONE',#4957);
#3798=LINE('',#4958,#4959);
#3799=LINE('',#4960,#4961);
#3800=VERTEX_POINT('NONE',#4962);
#3801=LINE('',#4963,#4964);
#3802=LINE('',#4965,#4966);
#3803=VERTEX_POINT('NONE',#4967);
#3804=LINE('',#4968,#4969);
#3805=VERTEX_POINT('NONE',#4970);
#3806=LINE('',#4971,#4972);
#3807=LINE('',#4973,#4974);
#3808=VERTEX_POINT('NONE',#4975);
#3809=LINE('',#4976,#4977);
#3810=LINE('',#4978,#4979);
#3811=VERTEX_POINT('NONE',#4980);
#3812=LINE('',#4981,#4982);
#3813=LINE('',#4983,#4984);
#3814=VERTEX_POINT('NONE',#4985);
#3815=LINE('',#4986,#4987);
#3816=VERTEX_POINT('NONE',#4988);
#3817=LINE('',#4989,#4990);
#3818=LINE('',#4991,#4992);
#3819=VERTEX_POINT('NONE',#4993);
#3820=LINE('',#4994,#4995);
#3821=LINE('',#4996,#4997);
#3822=VERTEX_POINT('NONE',#4998);
#3823=LINE('',#4999,#5000);
#3824=LINE('',#5001,#5002);
#3825=VERTEX_POINT('NONE',#5003);
#3826=LINE('',#5004,#5005);
#3827=VERTEX_POINT('NONE',#5006);
#3828=LINE('',#5007,#5008);
#3829=LINE('',#5009,#5010);
#3830=VERTEX_POINT('NONE',#5011);
#3831=LINE('',#5012,#5013);
#3832=LINE('',#5014,#5015);
#3833=VERTEX_POINT('NONE',#5016);
#3834=LINE('',#5017,#5018);
#3835=LINE('',#5019,#5020);
#3836=VERTEX_POINT('NONE',#5021);
#3837=LINE('',#5022,#5023);
#3838=VERTEX_POINT('NONE',#5024);
#3839=LINE('',#5025,#5026);
#3840=LINE('',#5027,#5028);
#3841=VERTEX_POINT('NONE',#5029);
#3842=LINE('',#5030,#5031);
#3843=LINE('',#5032,#5033);
#3844=VERTEX_POINT('NONE',#5034);
#3845=LINE('',#5035,#5036);
#3846=LINE('',#5037,#5038);
#3847=VERTEX_POINT('NONE',#5039);
#3848=LINE('',#5040,#5041);
#3849=LINE('',#5042,#5043);
#3850=VERTEX_POINT('NONE',#5044);
#3851=LINE('',#5045,#5046);
#3852=LINE('',#5047,#5048);
#3853=LINE('',#5049,#5050);
#3854=LINE('',#5051,#5052);
#3855=VERTEX_POINT('NONE',#5053);
#3856=LINE('',#5054,#5055);
#3857=LINE('',#5056,#5057);
#3858=VERTEX_POINT('NONE',#5058);
#3859=LINE('',#5059,#5060);
#3860=LINE('',#5061,#5062);
#3861=LINE('',#5063,#5064);
#3862=LINE('',#5065,#5066);
#3863=VERTEX_POINT('NONE',#5067);
#3864=LINE('',#5068,#5069);
#3865=VERTEX_POINT('NONE',#5070);
#3866=LINE('',#5071,#5072);
#3867=LINE('',#5073,#5074);
#3868=LINE('',#5075,#5076);
#3869=LINE('',#5077,#5078);
#3870=LINE('',#5079,#5080);
#3871=VERTEX_POINT('NONE',#5081);
#3872=LINE('',#5082,#5083);
#3873=LINE('',#5084,#5085);
#3874=VERTEX_POINT('NONE',#5086);
#3875=LINE('',#5087,#5088);
#3876=LINE('',#5089,#5090);
#3877=LINE('',#5091,#5092);
#3878=LINE('',#5093,#5094);
#3879=VERTEX_POINT('NONE',#5095);
#3880=LINE('',#5096,#5097);
#3881=LINE('',#5098,#5099);
#3882=VERTEX_POINT('NONE',#5100);
#3883=LINE('',#5101,#5102);
#3884=LINE('',#5103,#5104);
#3885=LINE('',#5105,#5106);
#3886=LINE('',#5107,#5108);
#3887=VERTEX_POINT('NONE',#5109);
#3888=LINE('',#5110,#5111);
#3889=LINE('',#5112,#5113);
#3890=VERTEX_POINT('NONE',#5114);
#3891=LINE('',#5115,#5116);
#3892=LINE('',#5117,#5118);
#3893=LINE('',#5119,#5120);
#3894=LINE('',#5121,#5122);
#3895=VERTEX_POINT('NONE',#5123);
#3896=LINE('',#5124,#5125);
#3897=LINE('',#5126,#5127);
#3898=VERTEX_POINT('NONE',#5128);
#3899=LINE('',#5129,#5130);
#3900=LINE('',#5131,#5132);
#3901=LINE('',#5133,#5134);
#3902=LINE('',#5135,#5136);
#3903=VERTEX_POINT('NONE',#5137);
#3904=LINE('',#5138,#5139);
#3905=LINE('',#5140,#5141);
#3906=VERTEX_POINT('NONE',#5142);
#3907=LINE('',#5143,#5144);
#3908=LINE('',#5145,#5146);
#3909=LINE('',#5147,#5148);
#3910=LINE('',#5149,#5150);
#3911=VERTEX_POINT('NONE',#5151);
#3912=VERTEX_POINT('NONE',#5152);
#3913=LINE('',#5153,#5154);
#3914=LINE('',#5155,#5156);
#3915=LINE('',#5157,#5158);
#3916=LINE('',#5159,#5160);
#3917=LINE('',#5161,#5162);
#3918=LINE('',#5163,#5164);
#3919=VERTEX_POINT('NONE',#5165);
#3920=LINE('',#5166,#5167);
#3921=LINE('',#5168,#5169);
#3922=VERTEX_POINT('NONE',#5170);
#3923=LINE('',#5171,#5172);
#3924=LINE('',#5173,#5174);
#3925=LINE('',#5175,#5176);
#3926=LINE('',#5177,#5178);
#3927=VERTEX_POINT('NONE',#5179);
#3928=LINE('',#5180,#5181);
#3929=LINE('',#5182,#5183);
#3930=VERTEX_POINT('NONE',#5184);
#3931=LINE('',#5185,#5186);
#3932=LINE('',#5187,#5188);
#3933=LINE('',#5189,#5190);
#3934=LINE('',#5191,#5192);
#3935=VERTEX_POINT('NONE',#5193);
#3936=LINE('',#5194,#5195);
#3937=LINE('',#5196,#5197);
#3938=VERTEX_POINT('NONE',#5198);
#3939=LINE('',#5199,#5200);
#3940=LINE('',#5201,#5202);
#3941=LINE('',#5203,#5204);
#3942=LINE('',#5205,#5206);
#3943=CARTESIAN_POINT('',(0.500000000000089,3.90134368694199E-15,-7.29999999999997));
#3944=CARTESIAN_POINT('',(-0.500000000000052,-1.88853936207726E-13,-7.29999999999997));
#3945=AXIS2_PLACEMENT_3D('',#5207,#5208,#5209);
#3946=CARTESIAN_POINT('',(0.20000000000011,-0.299999999999938,-7.29999999999997));
#3947=AXIS2_PLACEMENT_3D('',#5210,#5211,#5212);
#3948=CARTESIAN_POINT('',(-0.199999999999957,-0.300000000000015,-7.29999999999997));
#3950=CARTESIAN_POINT('',(0.20000000000011,-0.299999999999938,-7.29999999999997));
#3951=CARTESIAN_POINT('',(0.20000000000011,-0.299999999999928,-7.70000000000003));
#3952=CARTESIAN_POINT('',(-0.199999999999957,-0.300000000000005,-7.70000000000003));
#3953=CARTESIAN_POINT('',(-0.199999999999957,-0.300000000000015,-7.29999999999997));
#3960=AXIS2_PLACEMENT_3D('',#5213,#5214,#5215);
#3961=CARTESIAN_POINT('',(0.500000000000074,3.90134368694183E-15,-1.50000000000002));
#3962=CARTESIAN_POINT('',(-0.500000000000038,-1.91022340552697E-13,-1.50000000000002));
#3963=AXIS2_PLACEMENT_3D('',#5216,#5217,#5218);
#3964=CARTESIAN_POINT('',(0.20000000000011,-0.299999999999946,-1.50000000000002));
#3965=AXIS2_PLACEMENT_3D('',#5219,#5220,#5221);
#3966=CARTESIAN_POINT('',(-0.199999999999957,-0.300000000000024,-1.50000000000002));
#3968=CARTESIAN_POINT('',(0.20000000000011,-0.299999999999946,-1.50000000000002));
#3969=CARTESIAN_POINT('',(0.20000000000011,-0.299999999999941,-1.90000000000009));
#3970=CARTESIAN_POINT('',(-0.199999999999957,-0.300000000000019,-1.90000000000009));
#3971=CARTESIAN_POINT('',(-0.199999999999957,-0.300000000000024,-1.50000000000002));
#3978=AXIS2_PLACEMENT_3D('',#5222,#5223,#5224);
#3979=CARTESIAN_POINT('',(-5.8599999999999,-0.300000000000026,-7.29999999999994));
#3980=CARTESIAN_POINT('',(-5.46000000000011,-0.300000000000022,-7.29999999999994));
#3981=AXIS2_PLACEMENT_3D('',#5225,#5226,#5227);
#3982=CARTESIAN_POINT('',(-5.16000000000005,-4.80998068034209E-14,-7.29999999999994));
#3983=AXIS2_PLACEMENT_3D('',#5228,#5229,#5230);
#3984=CARTESIAN_POINT('',(-6.15999999999996,-5.74080791135398E-14,-7.29999999999994));
#3985=AXIS2_PLACEMENT_3D('',#5231,#5232,#5233);
#3986=AXIS2_PLACEMENT_3D('',#5234,#5235,#5236);
#3987=CARTESIAN_POINT('',(-5.8599999999999,-0.300000000000028,-1.49999999999998));
#3988=CARTESIAN_POINT('',(-5.46,-0.300000000000022,-1.49999999999998));
#3989=AXIS2_PLACEMENT_3D('',#5237,#5238,#5239);
#3990=CARTESIAN_POINT('',(-5.15999999999994,-4.87834775883349E-14,-1.49999999999998));
#3991=AXIS2_PLACEMENT_3D('',#5240,#5241,#5242);
#3992=CARTESIAN_POINT('',(-6.15999999999997,-6.32959203263852E-14,-1.49999999999998));
#3993=AXIS2_PLACEMENT_3D('',#5243,#5244,#5245);
#3994=AXIS2_PLACEMENT_3D('',#5246,#5247,#5248);
#3995=CARTESIAN_POINT('',(5.46000000003022,-0.300000000000033,-7.29999999999997));
#3996=CARTESIAN_POINT('',(5.85999999996966,-0.30000000000003,-7.29999999999997));
#3997=AXIS2_PLACEMENT_3D('',#5249,#5250,#5251);
#3998=CARTESIAN_POINT('',(6.15999999999982,5.65861649622169E-14,-7.29999999999997));
#3999=AXIS2_PLACEMENT_3D('',#5252,#5253,#5254);
#4000=CARTESIAN_POINT('',(5.16000000000005,4.72778926520995E-14,-7.29999999999997));
#4001=AXIS2_PLACEMENT_3D('',#5255,#5256,#5257);
#4002=AXIS2_PLACEMENT_3D('',#5258,#5259,#5260);
#4003=CARTESIAN_POINT('',(5.65999999999996,-0.299999999999956,-1.30000000000257));
#4004=CARTESIAN_POINT('',(5.85999999997873,-0.299999999999954,-1.50000001594134));
#4005=CARTESIAN_POINT('',(5.65999999999996,-0.299999999999956,-1.30000000000257));
#4006=CARTESIAN_POINT('',(5.68615989949905,-0.299999999999956,-1.30000000000107));
#4007=CARTESIAN_POINT('',(5.71231247483751,-0.300000168189093,-1.30500040146158));
#4008=CARTESIAN_POINT('',(5.73973688982195,-0.299999411337341,-1.31590338838435));
#4009=CARTESIAN_POINT('',(5.74275645914697,-0.29999931151603,-1.31718734904836));
#4010=CARTESIAN_POINT('',(5.74873383765904,-0.299999072043486,-1.31989777090627));
#4011=CARTESIAN_POINT('',(5.74811385068619,-0.299999115482563,-1.31963816093581));
#4012=CARTESIAN_POINT('',(5.75234817550435,-0.299999168914975,-1.32177309282283));
#4013=CARTESIAN_POINT('',(5.75722601625392,-0.299999304978309,-1.32430311186386));
#4014=CARTESIAN_POINT('',(5.770482033172,-0.299999651676187,-1.33254420279517));
#4015=CARTESIAN_POINT('',(5.78114358262072,-0.29999987905102,-1.34033850326059));
#4016=CARTESIAN_POINT('',(5.79237394522907,-0.299999996512049,-1.34976126713825));
#4017=CARTESIAN_POINT('',(5.79753266547093,-0.299999997750734,-1.3545755582694));
#4018=CARTESIAN_POINT('',(5.82123844236408,-0.300000005779871,-1.37873938609584));
#4019=CARTESIAN_POINT('',(5.83534239159542,-0.299999848411703,-1.39972568084516));
#4020=CARTESIAN_POINT('',(5.85520670925214,-0.299999791978799,-1.44789543727775));
#4021=CARTESIAN_POINT('',(5.86024474210802,-0.299999999999972,-1.47399035680678));
#4022=CARTESIAN_POINT('',(5.85999999997873,-0.299999999999954,-1.50000001594134));
#4023=CARTESIAN_POINT('',(6.15999999999989,5.55351122711549E-14,-1.49999999999997));
#4024=AXIS2_PLACEMENT_3D('',#5261,#5262,#5263);
#4025=CARTESIAN_POINT('',(5.16000000000004,4.57931590920426E-14,-1.49999999999997));
#4026=AXIS2_PLACEMENT_3D('',#5264,#5265,#5266);
#4027=CARTESIAN_POINT('',(5.46000000000406,-0.299999999999958,-1.49999999999997));
#4028=AXIS2_PLACEMENT_3D('',#5267,#5268,#5269);
#4029=AXIS2_PLACEMENT_3D('',#5270,#5271,#5272);
#4030=CARTESIAN_POINT('',(0.250380690431408,8.19999999999997,-8.79999999999995));
#4031=CARTESIAN_POINT('',(-0.250380690431487,8.19999999999997,-8.79999999999995));
#4032=CARTESIAN_POINT('',(-7.53649999999993,8.19999999999997,-8.79999999999995));
#4033=VECTOR('',#5273,1000.0);
#4034=CARTESIAN_POINT('',(-0.250380690431449,-2.73430241395421E-15,-8.79999999999995));
#4035=CARTESIAN_POINT('',(-0.250380690431487,-7.25173933013178E-14,-8.79999999999995));
#4036=VECTOR('',#5274,1000.0);
#4037=CARTESIAN_POINT('',(-5.40999999999995,-2.71749158811077E-14,-8.79999999999995));
#4038=CARTESIAN_POINT('',(-7.53649999999993,-3.23928609635063E-15,-8.79999999999995));
#4039=VECTOR('',#5275,1000.0);
#4040=CARTESIAN_POINT('',(-5.41,8.19999999999993,-8.79999999999995));
#4041=CARTESIAN_POINT('',(-5.40999999999995,-7.25173933013178E-14,-8.79999999999995));
#4042=VECTOR('',#5276,1000.0);
#4043=CARTESIAN_POINT('',(-5.91000000000003,8.19999999999993,-8.79999999999995));
#4044=CARTESIAN_POINT('',(-7.53649999999993,8.19999999999993,-8.79999999999995));
#4045=VECTOR('',#5277,1000.0);
#4046=CARTESIAN_POINT('',(-5.90999999999995,-5.57646818209246E-14,-8.79999999999995));
#4047=CARTESIAN_POINT('',(-5.91000000000003,-7.25173933013178E-14,-8.79999999999995));
#4048=VECTOR('',#5278,1000.0);
#4049=CARTESIAN_POINT('',(-7.55999999999994,-6.73768494084468E-14,-8.79999999999995));
#4050=CARTESIAN_POINT('',(-7.53649999999993,-5.57646818209246E-14,-8.79999999999995));
#4051=VECTOR('',#5279,1000.0);
#4052=CARTESIAN_POINT('',(-7.56,8.79999999999991,-8.79999999999995));
#4053=CARTESIAN_POINT('',(-7.55999999999994,-7.25173933013178E-14,-8.79999999999995));
#4054=VECTOR('',#5280,1000.0);
#4055=CARTESIAN_POINT('',(7.55999999999989,8.80000000000001,-8.79999999999995));
#4056=CARTESIAN_POINT('',(-7.53649999999993,8.79999999999991,-8.79999999999995));
#4057=VECTOR('',#5281,1000.0);
#4058=CARTESIAN_POINT('',(7.55999999999995,6.91165101469197E-14,-8.79999999999995));
#4059=CARTESIAN_POINT('',(7.55999999999989,-7.25173933013178E-14,-8.79999999999995));
#4060=VECTOR('',#5282,1000.0);
#4061=CARTESIAN_POINT('',(5.90999999999999,5.42590968846877E-14,-8.79999999999995));
#4062=CARTESIAN_POINT('',(-7.53649999999993,6.85165614876453E-14,-8.79999999999995));
#4063=VECTOR('',#5283,1000.0);
#4064=CARTESIAN_POINT('',(5.90999999999994,8.20000000000004,-8.79999999999995));
#4065=CARTESIAN_POINT('',(5.90999999999999,-7.25173933013178E-14,-8.79999999999995));
#4066=VECTOR('',#5284,1000.0);
#4067=CARTESIAN_POINT('',(5.40999999999986,8.20000000000003,-8.79999999999995));
#4068=CARTESIAN_POINT('',(-7.53649999999993,8.20000000000004,-8.79999999999995));
#4069=VECTOR('',#5285,1000.0);
#4070=CARTESIAN_POINT('',(5.40999999999992,4.96049607296274E-14,-8.79999999999995));
#4071=CARTESIAN_POINT('',(5.40999999999986,-7.25173933013178E-14,-8.79999999999995));
#4072=VECTOR('',#5286,1000.0);
#4073=CARTESIAN_POINT('',(0.25038069043146,7.74703969437258E-15,-8.79999999999995));
#4074=CARTESIAN_POINT('',(-7.53649999999993,4.96049607296274E-14,-8.79999999999995));
#4075=VECTOR('',#5287,1000.0);
#4076=CARTESIAN_POINT('',(0.250380690431473,-7.25173933013178E-14,-8.79999999999995));
#4077=VECTOR('',#5288,1000.0);
#4078=CARTESIAN_POINT('',(-0.250380690431487,8.19999999999997,-8.84999999999995));
#4079=CARTESIAN_POINT('',(-0.250380690431487,8.19999999999997,-8.84999999999995));
#4080=VECTOR('',#5289,1000.0);
#4081=CARTESIAN_POINT('',(-0.250380690431411,-2.51878675437169E-15,-8.84999999999995));
#4082=CARTESIAN_POINT('',(-0.250380690431405,-0.583095189484586,-8.84999999999995));
#4083=VECTOR('',#5290,1000.0);
#4084=CARTESIAN_POINT('',(-0.250380690431411,-2.49366499671666E-15,-8.84999999999995));
#4085=VECTOR('',#5291,1000.0);
#4086=CARTESIAN_POINT('',(0.25038069043139,8.19999999999997,-8.84999999999995));
#4087=CARTESIAN_POINT('',(0.25038069043141,8.19999999999997,-8.84999999999995));
#4088=VECTOR('',#5292,1000.0);
#4089=CARTESIAN_POINT('',(-5.80634732595718E-14,8.19999999999997,-9.0999997101494));
#4090=AXIS2_PLACEMENT_3D('',#5293,#5294,#5295);
#4091=AXIS2_PLACEMENT_3D('',#5296,#5297,#5298);
#4092=CARTESIAN_POINT('',(0.250380690431447,2.03089577675322E-15,-8.84999999999995));
#4093=CARTESIAN_POINT('',(0.250380690431447,1.84314369322536E-15,-8.84999999999995));
#4094=VECTOR('',#5299,1000.0);
#4095=CARTESIAN_POINT('',(0.250380690431452,-0.583095189484581,-8.84999999999995));
#4096=VECTOR('',#5300,1000.0);
#4097=CARTESIAN_POINT('',(-7.55999999999999,-7.07802882777574E-14,-2.74999999999997));
#4098=CARTESIAN_POINT('',(-6.23349999999993,-6.46065766680705E-14,-2.74999999999997));
#4099=CARTESIAN_POINT('',(-6.23349999999993,-7.06659406594693E-14,-2.74999999999997));
#4100=VECTOR('',#5301,1000.0);
#4101=CARTESIAN_POINT('',(-6.23349999999994,-5.88875001672401E-14,-6.04999999999995));
#4102=CARTESIAN_POINT('',(-6.23349999999993,-5.8775907913248E-14,-4.40999999999998));
#4103=VECTOR('',#5302,1000.0);
#4104=CARTESIAN_POINT('',(-7.55999999999994,-6.52687399989645E-14,-6.04999999999995));
#4105=CARTESIAN_POINT('',(-7.55999999999994,-5.92277876578085E-14,-6.04999999999995));
#4106=VECTOR('',#5303,1000.0);
#4107=CARTESIAN_POINT('',(-7.55999999999994,-7.11233311326216E-14,-4.40999999999998));
#4108=VECTOR('',#5304,1000.0);
#4109=CARTESIAN_POINT('',(-5.90999999999995,-5.63677696958618E-14,-8.84999999999998));
#4110=CARTESIAN_POINT('',(-5.90999999999995,-5.57646818209246E-14,-4.40999999999998));
#4111=VECTOR('',#5305,1000.0);
#4112=CARTESIAN_POINT('',(-5.40999999999995,-5.15127423251677E-14,-8.84999999999998));
#4113=AXIS2_PLACEMENT_3D('',#5306,#5307,#5308);
#4114=CARTESIAN_POINT('',(-5.40999999999995,-5.11105456658648E-14,-4.40999999999998));
#4115=VECTOR('',#5309,1000.0);
#4116=CARTESIAN_POINT('',(1.82643596834077E-14,-2.89868173834654E-16,-9.0999997101494));
#4117=AXIS2_PLACEMENT_3D('',#5310,#5311,#5312);
#4118=AXIS2_PLACEMENT_3D('',#5313,#5314,#5315);
#4119=CARTESIAN_POINT('',(5.40999999999993,4.91434467645623E-14,-8.84999999999998));
#4120=CARTESIAN_POINT('',(5.40999999999993,4.96049607296274E-14,-4.40999999999998));
#4121=VECTOR('',#5316,1000.0);
#4122=CARTESIAN_POINT('',(5.90999999999999,5.35014106188459E-14,-8.84999999999998));
#4123=AXIS2_PLACEMENT_3D('',#5317,#5318,#5319);
#4124=CARTESIAN_POINT('',(5.90999999999999,5.42590968846877E-14,-4.40999999999998));
#4125=VECTOR('',#5320,1000.0);
#4126=CARTESIAN_POINT('',(7.55999999999994,6.92788363879645E-14,-6.04999999999995));
#4127=CARTESIAN_POINT('',(7.55999999999997,6.96177461963848E-14,-4.40999999999998));
#4128=VECTOR('',#5321,1000.0);
#4129=CARTESIAN_POINT('',(6.23349999999991,6.31051247782774E-14,-6.04999999999995));
#4130=CARTESIAN_POINT('',(7.55999999999997,6.91658664518244E-14,-6.04999999999995));
#4131=VECTOR('',#5322,1000.0);
#4132=CARTESIAN_POINT('',(6.2334999999999,5.73860482774469E-14,-2.74999999999997));
#4133=CARTESIAN_POINT('',(6.23349999999991,5.72703229770107E-14,-4.40999999999998));
#4134=VECTOR('',#5323,1000.0);
#4135=CARTESIAN_POINT('',(7.55999999999997,6.37867733567342E-14,-2.74999999999997));
#4136=CARTESIAN_POINT('',(6.23349999999991,5.77277134501633E-14,-2.74999999999997));
#4137=VECTOR('',#5324,1000.0);
#4138=CARTESIAN_POINT('',(7.55999999999997,3.49101327360741E-14,7.92555899246017E-15));
#4139=CARTESIAN_POINT('',(7.55999999999997,6.96177461963848E-14,-4.40999999999998));
#4140=VECTOR('',#5325,1000.0);
#4141=CARTESIAN_POINT('',(-7.56,-7.05098459042921E-14,5.43599625762223E-15));
#4142=CARTESIAN_POINT('',(21.5900000000001,2.00212806707363E-13,1.21430643318376E-14));
#4143=VECTOR('',#5326,1000.0);
#4144=CARTESIAN_POINT('',(-7.55999999999997,-7.11233311326219E-14,-4.40999999999998));
#4145=VECTOR('',#5327,1000.0);
#4146=CARTESIAN_POINT('',(-3.15999999999992,-4.28569982140958E-14,-3.74999999999995));
#4147=CARTESIAN_POINT('',(-3.15999999999993,-4.05486729009864E-14,-2.50999999999996));
#4148=CARTESIAN_POINT('',(-3.15999999999992,-3.01669329680956E-14,-4.40999999999998));
#4149=VECTOR('',#5328,1000.0);
#4150=CARTESIAN_POINT('',(-1.91999999999991,-3.66455734377576E-14,-2.50999999999996));
#4151=CARTESIAN_POINT('',(21.5900000000001,2.00212806707363E-13,-2.50999999999996));
#4152=VECTOR('',#5329,1000.0);
#4153=CARTESIAN_POINT('',(-1.91999999999991,-3.71389664271143E-14,-3.74999999999995));
#4154=CARTESIAN_POINT('',(-1.91999999999991,-1.86246753035473E-14,-4.40999999999998));
#4155=VECTOR('',#5330,1000.0);
#4156=CARTESIAN_POINT('',(21.5900000000001,2.00212806707363E-13,-3.74999999999995));
#4157=VECTOR('',#5331,1000.0);
#4158=CARTESIAN_POINT('',(-3.15999999999993,-4.77607106121737E-14,-6.28999999999996));
#4159=CARTESIAN_POINT('',(-3.15999999999992,-3.83310672467274E-14,-5.04999999999995));
#4160=CARTESIAN_POINT('',(-3.15999999999993,-3.01669329680956E-14,-4.40999999999998));
#4161=VECTOR('',#5332,1000.0);
#4162=CARTESIAN_POINT('',(-1.91999999999991,-3.55195676407367E-14,-5.04999999999995));
#4163=CARTESIAN_POINT('',(21.5900000000001,2.00212806707363E-13,-5.04999999999995));
#4164=VECTOR('',#5333,1000.0);
#4165=CARTESIAN_POINT('',(-1.91999999999991,-4.00276896596872E-14,-6.28999999999996));
#4166=CARTESIAN_POINT('',(-1.9199999999999,-1.86246753035472E-14,-4.40999999999998));
#4167=VECTOR('',#5334,1000.0);
#4168=CARTESIAN_POINT('',(21.5900000000001,2.00212806707363E-13,-6.28999999999997));
#4169=VECTOR('',#5335,1000.0);
#4170=AXIS2_PLACEMENT_3D('',#5336,#5337,#5338);
#4171=AXIS2_PLACEMENT_3D('',#5339,#5340,#5341);
#4172=AXIS2_PLACEMENT_3D('',#5342,#5343,#5344);
#4173=CARTESIAN_POINT('',(0.620000000000073,-1.97960074365147E-14,-3.74999999999997));
#4174=CARTESIAN_POINT('',(-0.619999999999992,-1.65978057229052E-14,-3.74999999999997));
#4175=CARTESIAN_POINT('',(21.5900000000001,2.00212806707363E-13,-3.74999999999997));
#4176=VECTOR('',#5345,1000.0);
#4177=CARTESIAN_POINT('',(-0.619999999999993,-1.87943929697957E-14,-2.50999999999996));
#4178=CARTESIAN_POINT('',(-0.619999999999992,-6.52392130039262E-15,-4.40999999999998));
#4179=VECTOR('',#5346,1000.0);
#4180=CARTESIAN_POINT('',(0.620000000000078,-1.55819063004576E-14,-2.50999999999996));
#4181=CARTESIAN_POINT('',(21.5900000000001,2.00212806707363E-13,-2.50999999999996));
#4182=VECTOR('',#5347,1000.0);
#4183=CARTESIAN_POINT('',(0.620000000000082,5.01833636415629E-15,-4.40999999999998));
#4184=VECTOR('',#5348,1000.0);
#4185=CARTESIAN_POINT('',(-0.61999999999999,-1.93048496239828E-14,-6.28999999999996));
#4186=CARTESIAN_POINT('',(-0.619999999999992,-1.40858583977439E-14,-5.04999999999999));
#4187=CARTESIAN_POINT('',(-0.619999999999992,-6.52392130039262E-15,-4.40999999999998));
#4188=VECTOR('',#5349,1000.0);
#4189=CARTESIAN_POINT('',(0.620000000000074,-1.91444114699903E-14,-5.04999999999999));
#4190=CARTESIAN_POINT('',(21.5900000000001,2.00212806707363E-13,-5.04999999999999));
#4191=VECTOR('',#5350,1000.0);
#4192=CARTESIAN_POINT('',(0.620000000000073,-2.19271580948222E-14,-6.28999999999997));
#4193=CARTESIAN_POINT('',(0.620000000000079,5.01833636415627E-15,-4.40999999999998));
#4194=VECTOR('',#5351,1000.0);
#4195=CARTESIAN_POINT('',(21.5900000000001,2.00212806707363E-13,-6.28999999999997));
#4196=VECTOR('',#5352,1000.0);
#4197=AXIS2_PLACEMENT_3D('',#5353,#5354,#5355);
#4198=CARTESIAN_POINT('',(3.15999999999991,1.69415413447881E-14,-2.50999999999997));
#4199=CARTESIAN_POINT('',(3.15999999999991,1.77336525473677E-14,-3.74999999999995));
#4200=CARTESIAN_POINT('',(3.15999999999991,2.86613480318583E-14,-4.40999999999998));
#4201=VECTOR('',#5356,1000.0);
#4202=CARTESIAN_POINT('',(1.91999999999995,-7.10982383877172E-16,-3.74999999999995));
#4203=CARTESIAN_POINT('',(21.5900000000001,2.00212806707363E-13,-3.74999999999995));
#4204=VECTOR('',#5357,1000.0);
#4205=CARTESIAN_POINT('',(1.91999999999995,2.35588317266962E-16,-2.50999999999997));
#4206=CARTESIAN_POINT('',(1.91999999999995,1.71190903673104E-14,-4.40999999999998));
#4207=VECTOR('',#5358,1000.0);
#4208=CARTESIAN_POINT('',(21.5900000000001,2.00212806707363E-13,-2.50999999999996));
#4209=VECTOR('',#5359,1000.0);
#4210=CARTESIAN_POINT('',(3.1599999999999,2.01543661313894E-14,-5.04999999999995));
#4211=CARTESIAN_POINT('',(3.15999999999991,1.48957197655985E-14,-6.28999999999996));
#4212=CARTESIAN_POINT('',(3.15999999999991,2.86613480318583E-14,-4.40999999999998));
#4213=VECTOR('',#5360,1000.0);
#4214=CARTESIAN_POINT('',(1.91999999999995,-3.63366033268757E-15,-6.28999999999996));
#4215=CARTESIAN_POINT('',(21.5900000000001,2.00212806707363E-13,-6.28999999999997));
#4216=VECTOR('',#5361,1000.0);
#4217=CARTESIAN_POINT('',(1.91999999999995,1.26907343729569E-15,-5.04999999999995));
#4218=CARTESIAN_POINT('',(1.91999999999995,1.71190903673104E-14,-4.40999999999998));
#4219=VECTOR('',#5362,1000.0);
#4220=CARTESIAN_POINT('',(21.5900000000001,2.00212806707363E-13,-5.04999999999995));
#4221=VECTOR('',#5363,1000.0);
#4222=AXIS2_PLACEMENT_3D('',#5364,#5365,#5366);
#4223=AXIS2_PLACEMENT_3D('',#5367,#5368,#5369);
#4224=CARTESIAN_POINT('',(5.40999999999986,8.20000000000003,-8.84999999999998));
#4225=CARTESIAN_POINT('',(5.40999999999986,8.20000000000003,-8.84999999999998));
#4226=VECTOR('',#5370,1000.0);
#4227=CARTESIAN_POINT('',(5.40999999999986,8.20000000000003,-8.79999999999996));
#4228=VECTOR('',#5371,1000.0);
#4229=CARTESIAN_POINT('',(5.90999999999991,8.20000000000004,-8.84999999999998));
#4230=AXIS2_PLACEMENT_3D('',#5372,#5373,#5374);
#4231=CARTESIAN_POINT('',(5.9099999999999,8.20000000000004,-8.79999999999996));
#4232=VECTOR('',#5375,1000.0);
#4233=CARTESIAN_POINT('',(5.90999999999999,5.26462903167037E-14,-8.84999999999998));
#4234=VECTOR('',#5376,1000.0);
#4235=CARTESIAN_POINT('',(7.55999999999994,6.40000000000005,-2.74999999999997));
#4236=CARTESIAN_POINT('',(7.55999999999992,6.40000000000005,-6.04999999999995));
#4237=CARTESIAN_POINT('',(7.55999999999991,6.40000000000005,-0.00999999999998832));
#4238=VECTOR('',#5377,1000.0);
#4239=CARTESIAN_POINT('',(7.55999999999997,7.12342265834303E-14,-6.04999999999995));
#4240=VECTOR('',#5378,1000.0);
#4241=CARTESIAN_POINT('',(7.55999999999991,8.80000000000005,7.55074691330014E-15));
#4242=CARTESIAN_POINT('',(7.55999999999989,8.80000000000005,-0.00999999999998832));
#4243=VECTOR('',#5379,1000.0);
#4244=CARTESIAN_POINT('',(7.55999999999997,7.12342265834303E-14,1.01728656965241E-14));
#4245=VECTOR('',#5380,1000.0);
#4246=CARTESIAN_POINT('',(7.55999999999997,7.12342265834303E-14,-2.74999999999997));
#4247=VECTOR('',#5381,1000.0);
#4248=CARTESIAN_POINT('',(-7.56000000000004,8.79999999999993,5.00231538862803E-15));
#4249=CARTESIAN_POINT('',(-7.56000000000005,8.7999999999999,-8.80999999999998));
#4250=VECTOR('',#5382,1000.0);
#4251=CARTESIAN_POINT('',(-2.25000000000003,8.79999999999996,8.07258073728207E-15));
#4252=CARTESIAN_POINT('',(50.7165,8.80000000000045,1.04083408558608E-14));
#4253=VECTOR('',#5383,1000.0);
#4254=CARTESIAN_POINT('',(-2.25000000000004,8.79999999999995,-0.649999999999933));
#4255=CARTESIAN_POINT('',(-2.25000000000004,8.79999999999996,0.628000000000022));
#4256=VECTOR('',#5384,1000.0);
#4257=CARTESIAN_POINT('',(-6.96000000000015,8.79999999999995,-0.649999999999918));
#4258=CARTESIAN_POINT('',(50.7165,8.80000000000045,-0.649999999999928));
#4259=VECTOR('',#5385,1000.0);
#4260=CARTESIAN_POINT('',(-6.96000000000017,8.79999999999993,-8.15000000000001));
#4261=CARTESIAN_POINT('',(-6.96000000000018,8.79999999999991,-8.80999999999998));
#4262=VECTOR('',#5386,1000.0);
#4263=CARTESIAN_POINT('',(6.95999999999994,8.80000000000003,-8.14999999999999));
#4264=CARTESIAN_POINT('',(50.7165,8.80000000000045,-8.15));
#4265=VECTOR('',#5387,1000.0);
#4266=CARTESIAN_POINT('',(6.95999999999997,8.80000000000004,-0.649999999999934));
#4267=CARTESIAN_POINT('',(6.95999999999996,8.80000000000004,-8.80999999999998));
#4268=VECTOR('',#5388,1000.0);
#4269=CARTESIAN_POINT('',(2.24999999999991,8.80000000000001,-0.64999999999993));
#4270=CARTESIAN_POINT('',(50.7165,8.80000000000045,-0.649999999999935));
#4271=VECTOR('',#5389,1000.0);
#4272=CARTESIAN_POINT('',(2.24999999999991,8.80000000000001,6.16447858199907E-16));
#4273=CARTESIAN_POINT('',(2.24999999999991,8.8,0.628000000000022));
#4274=VECTOR('',#5390,1000.0);
#4275=CARTESIAN_POINT('',(50.7165,8.80000000000045,1.04083408558608E-14));
#4276=VECTOR('',#5391,1000.0);
#4277=CARTESIAN_POINT('',(-7.55999999999997,6.39999999999991,-6.04999999999995));
#4278=CARTESIAN_POINT('',(-7.56000000000002,6.39999999999991,-2.74999999999997));
#4279=CARTESIAN_POINT('',(-7.56,6.39999999999991,-0.00999999999998832));
#4280=VECTOR('',#5392,1000.0);
#4281=CARTESIAN_POINT('',(-7.55999999999994,-6.95068507455761E-14,-2.74999999999997));
#4282=VECTOR('',#5393,1000.0);
#4283=CARTESIAN_POINT('',(-7.55999999999994,-6.95068507455761E-14,7.47083059478293E-15));
#4284=VECTOR('',#5394,1000.0);
#4285=CARTESIAN_POINT('',(-7.55999999999994,-6.95068507455761E-14,-6.04999999999995));
#4286=VECTOR('',#5395,1000.0);
#4287=CARTESIAN_POINT('',(-5.91000000000003,8.19999999999993,-8.84999999999998));
#4288=CARTESIAN_POINT('',(-5.90999999999995,-5.73774883889086E-14,-8.84999999999998));
#4289=VECTOR('',#5396,1000.0);
#4290=CARTESIAN_POINT('',(-5.91000000000003,8.19999999999993,-8.79999999999995));
#4291=VECTOR('',#5397,1000.0);
#4292=CARTESIAN_POINT('',(-5.41000000000003,8.19999999999993,-8.84999999999998));
#4293=AXIS2_PLACEMENT_3D('',#5398,#5399,#5400);
#4294=CARTESIAN_POINT('',(-5.41000000000003,8.19999999999993,-8.79999999999996));
#4295=VECTOR('',#5401,1000.0);
#4296=CARTESIAN_POINT('',(-5.41000000000003,8.19999999999993,-8.84999999999998));
#4297=VECTOR('',#5402,1000.0);
#4298=CARTESIAN_POINT('',(2.37422276324196E-14,-0.583095189484584,-9.0999997101494));
#4299=VECTOR('',#5403,1000.0);
#4300=CARTESIAN_POINT('',(-6.23349999999995,2.39999999999992,-2.74999999999997));
#4301=CARTESIAN_POINT('',(-6.23349999999993,-5.93784142393286E-14,-2.74999999999997));
#4302=VECTOR('',#5404,1000.0);
#4303=CARTESIAN_POINT('',(-6.23349999999995,2.39999999999992,-6.04999999999995));
#4304=CARTESIAN_POINT('',(-6.23349999999995,2.39999999999992,-6.04999999999995));
#4305=VECTOR('',#5405,1000.0);
#4306=CARTESIAN_POINT('',(-6.23349999999993,-5.93784142393286E-14,-6.04999999999995));
#4307=VECTOR('',#5406,1000.0);
#4308=CARTESIAN_POINT('',(-2.24999999999997,2.04999999999997,8.61330324691002E-16));
#4309=CARTESIAN_POINT('',(-2.24999999999997,4.72950354354166E-13,4.14779078054473E-16));
#4310=VECTOR('',#5407,1000.0);
#4311=CARTESIAN_POINT('',(2.24999999999996,2.05,-2.94851976662742E-15));
#4312=CARTESIAN_POINT('',(2.24999999999991,4.72950354354166E-13,-1.36293781165583E-16));
#4313=VECTOR('',#5408,1000.0);
#4314=CARTESIAN_POINT('',(50.7165000000001,2.05,-6.07153216591882E-15));
#4315=VECTOR('',#5409,1000.0);
#4316=CARTESIAN_POINT('',(-3.68299999999997,5.29999999999994,-3.18974352004264E-15));
#4317=CARTESIAN_POINT('',(-4.93299999999997,7.79999999999994,-3.07354754033829E-15));
#4318=CARTESIAN_POINT('',(-3.68299999999996,5.29999999999994,5.90265168557218E-16));
#4319=VECTOR('',#5410,1000.0);
#4320=CARTESIAN_POINT('',(-2.43299999999997,7.79999999999995,-3.40080718983947E-15));
#4321=CARTESIAN_POINT('',(50.7165000000001,7.79999999999993,-6.07153216591883E-15));
#4322=VECTOR('',#5411,1000.0);
#4323=CARTESIAN_POINT('',(-2.43299999999996,7.79999999999996,4.3718937432942E-16));
#4324=VECTOR('',#5412,1000.0);
#4325=CARTESIAN_POINT('',(6.23349999999989,2.40000000000004,-2.74999999999997));
#4326=CARTESIAN_POINT('',(6.23349999999989,2.40000000000003,-6.04999999999995));
#4327=CARTESIAN_POINT('',(6.23349999999989,2.40000000000003,-6.04999999999995));
#4328=VECTOR('',#5413,1000.0);
#4329=CARTESIAN_POINT('',(6.23349999999991,5.66678166509301E-14,-2.74999999999997));
#4330=VECTOR('',#5414,1000.0);
#4331=CARTESIAN_POINT('',(6.23349999999991,5.66678166509301E-14,-6.04999999999995));
#4332=VECTOR('',#5415,1000.0);
#4333=CARTESIAN_POINT('',(-2.85999999999996,0.0999999999999573,-2.81000000000001));
#4334=CARTESIAN_POINT('',(-2.21999999999997,0.0999999999999658,-2.81));
#4335=CARTESIAN_POINT('',(9.36500000000009,0.100000000000067,-2.80999999999997));
#4336=VECTOR('',#5416,1000.0);
#4337=CARTESIAN_POINT('',(-2.21999999999998,0.0999999999999715,-2.81));
#4338=VECTOR('',#5417,1000.0);
#4339=CARTESIAN_POINT('',(-3.15999999999993,-4.88884399113358E-14,-2.50999999999997));
#4340=VECTOR('',#5418,1000.0);
#4341=CARTESIAN_POINT('',(-2.85999999999995,0.0999999999999502,-3.44999999999998));
#4342=CARTESIAN_POINT('',(-3.15999999999992,-4.09553899854195E-14,-3.74999999999995));
#4343=VECTOR('',#5419,1000.0);
#4344=CARTESIAN_POINT('',(-2.85999999999996,0.0999999999999578,-3.44999999999999));
#4345=VECTOR('',#5420,1000.0);
#4346=CARTESIAN_POINT('',(-2.21999999999998,0.0999999999999576,-3.44999999999999));
#4347=CARTESIAN_POINT('',(-1.91999999999991,-3.89099441507245E-14,-3.74999999999995));
#4348=VECTOR('',#5421,1000.0);
#4349=CARTESIAN_POINT('',(-2.22000000000006,0.0999999999999543,-3.44999999999999));
#4350=VECTOR('',#5422,1000.0);
#4351=CARTESIAN_POINT('',(-2.21999999999998,0.099999999999963,-2.81));
#4352=VECTOR('',#5423,1000.0);
#4353=CARTESIAN_POINT('',(-2.85999999999996,0.0999999999999593,-5.35));
#4354=CARTESIAN_POINT('',(-2.21999999999997,0.0999999999999666,-5.35));
#4355=CARTESIAN_POINT('',(9.36500000000009,0.100000000000077,-5.34999999999996));
#4356=VECTOR('',#5424,1000.0);
#4357=CARTESIAN_POINT('',(-2.21999999999998,0.0999999999999817,-5.34999999999999));
#4358=VECTOR('',#5425,1000.0);
#4359=CARTESIAN_POINT('',(-3.15999999999992,-4.21257288604572E-14,-5.04999999999995));
#4360=VECTOR('',#5426,1000.0);
#4361=CARTESIAN_POINT('',(-2.85999999999996,0.099999999999949,-5.98999999999999));
#4362=CARTESIAN_POINT('',(-3.15999999999993,-4.17625416941712E-14,-6.28999999999996));
#4363=VECTOR('',#5427,1000.0);
#4364=CARTESIAN_POINT('',(-2.85999999999996,0.0999999999999595,-5.99));
#4365=VECTOR('',#5428,1000.0);
#4366=CARTESIAN_POINT('',(-2.21999999999998,0.0999999999999569,-5.99));
#4367=CARTESIAN_POINT('',(-1.91999999999991,-4.94470340145676E-14,-6.28999999999996));
#4368=VECTOR('',#5429,1000.0);
#4369=CARTESIAN_POINT('',(-2.22000000000005,0.0999999999999552,-5.99));
#4370=VECTOR('',#5430,1000.0);
#4371=CARTESIAN_POINT('',(-2.21999999999998,0.0999999999999621,-5.35));
#4372=VECTOR('',#5431,1000.0);
#4373=AXIS2_PLACEMENT_3D('',#5432,#5433,#5434);
#4374=AXIS2_PLACEMENT_3D('',#5435,#5436,#5437);
#4376=CARTESIAN_POINT('',(-0.199999999999957,-0.300000000000015,-7.29999999999997));
#4377=CARTESIAN_POINT('',(-0.199999999999957,-0.300000000000005,-6.8999999999999));
#4378=CARTESIAN_POINT('',(0.20000000000011,-0.299999999999928,-6.8999999999999));
#4379=CARTESIAN_POINT('',(0.20000000000011,-0.299999999999938,-7.29999999999997));
#4386=CARTESIAN_POINT('',(-0.319999999999961,0.0999999999999821,-3.44999999999997));
#4387=CARTESIAN_POINT('',(-0.619999999999992,-1.6765925317996E-14,-3.74999999999997));
#4388=VECTOR('',#5438,1000.0);
#4389=CARTESIAN_POINT('',(-0.31999999999997,0.0999999999999831,-2.80999999999999));
#4390=CARTESIAN_POINT('',(-0.319999999999975,0.0999999999999884,-3.60499999999996));
#4391=VECTOR('',#5439,1000.0);
#4392=CARTESIAN_POINT('',(-0.319999999999972,0.0999999999999893,-2.80999999999999));
#4393=VECTOR('',#5440,1000.0);
#4394=CARTESIAN_POINT('',(0.320000000000057,0.0999999999999771,-3.44999999999998));
#4395=CARTESIAN_POINT('',(0.319999999999984,0.099999999999982,-3.44999999999997));
#4396=VECTOR('',#5441,1000.0);
#4397=CARTESIAN_POINT('',(0.620000000000075,-1.05846593088649E-14,-3.74999999999997));
#4398=VECTOR('',#5442,1000.0);
#4399=CARTESIAN_POINT('',(0.320000000000067,0.0999999999999812,-2.80999999999999));
#4400=CARTESIAN_POINT('',(0.620000000000074,-3.90511777374671E-14,-2.50999999999996));
#4401=VECTOR('',#5443,1000.0);
#4402=CARTESIAN_POINT('',(0.32000000000006,0.0999999999999838,-3.44999999999998));
#4403=VECTOR('',#5444,1000.0);
#4404=CARTESIAN_POINT('',(-0.320000000000045,0.099999999999982,-2.80999999999999));
#4405=VECTOR('',#5445,1000.0);
#4406=CARTESIAN_POINT('',(-0.31999999999997,0.0999999999999822,-5.34999999999999));
#4407=CARTESIAN_POINT('',(-0.619999999999993,-1.56197195774744E-14,-5.04999999999999));
#4408=VECTOR('',#5446,1000.0);
#4409=CARTESIAN_POINT('',(0.320000000000067,0.0999999999999794,-5.34999999999998));
#4410=CARTESIAN_POINT('',(-3.01499999999997,0.0999999999999644,-5.35));
#4411=VECTOR('',#5447,1000.0);
#4412=CARTESIAN_POINT('',(0.320000000000059,0.0999999999999905,-5.34999999999998));
#4413=VECTOR('',#5448,1000.0);
#4414=CARTESIAN_POINT('',(-0.319999999999964,0.0999999999999806,-5.98999999999999));
#4415=CARTESIAN_POINT('',(-0.619999999999991,-1.67599253973836E-14,-6.28999999999996));
#4416=VECTOR('',#5449,1000.0);
#4417=CARTESIAN_POINT('',(-0.31999999999997,0.0999999999999803,-5.98999999999999));
#4418=VECTOR('',#5450,1000.0);
#4419=CARTESIAN_POINT('',(0.320000000000059,0.0999999999999782,-5.98999999999999));
#4420=CARTESIAN_POINT('',(0.319999999999994,0.099999999999982,-5.98999999999999));
#4421=VECTOR('',#5451,1000.0);
#4422=CARTESIAN_POINT('',(0.620000000000077,-1.76658547479109E-14,-6.28999999999997));
#4423=VECTOR('',#5452,1000.0);
#4424=CARTESIAN_POINT('',(0.32000000000006,0.0999999999999803,-5.98999999999999));
#4425=VECTOR('',#5453,1000.0);
#4427=CARTESIAN_POINT('',(-0.199999999999957,-0.300000000000024,-1.50000000000002));
#4428=CARTESIAN_POINT('',(-0.199999999999957,-0.30000000000002,-1.09999999999996));
#4429=CARTESIAN_POINT('',(0.20000000000011,-0.299999999999942,-1.09999999999996));
#4430=CARTESIAN_POINT('',(0.20000000000011,-0.299999999999946,-1.50000000000002));
#4437=CARTESIAN_POINT('',(2.85999999999999,0.099999999999998,-3.44999999999998));
#4438=CARTESIAN_POINT('',(3.15999999999991,8.76536162036619E-15,-3.74999999999995));
#4439=VECTOR('',#5454,1000.0);
#4440=CARTESIAN_POINT('',(2.21999999999997,0.0999999999999987,-3.44999999999998));
#4441=CARTESIAN_POINT('',(-9.68500000000009,0.099999999999892,-3.44999999999994));
#4442=VECTOR('',#5455,1000.0);
#4443=CARTESIAN_POINT('',(2.21999999999996,0.0999999999999915,-3.44999999999997));
#4444=VECTOR('',#5456,1000.0);
#4445=CARTESIAN_POINT('',(2.86,0.0999999999999999,-2.80999999999999));
#4446=CARTESIAN_POINT('',(3.15999999999991,1.60958515667362E-14,-2.50999999999997));
#4447=VECTOR('',#5457,1000.0);
#4448=CARTESIAN_POINT('',(2.85999999999999,0.100000000000001,-3.44999999999998));
#4449=VECTOR('',#5458,1000.0);
#4450=CARTESIAN_POINT('',(2.21999999999996,0.100000000000001,-2.80999999999999));
#4451=CARTESIAN_POINT('',(2.21999999999989,0.100000000000001,-2.80999999999999));
#4452=VECTOR('',#5459,1000.0);
#4453=CARTESIAN_POINT('',(1.91999999999995,-1.66868416037731E-15,-2.50999999999997));
#4454=VECTOR('',#5460,1000.0);
#4455=CARTESIAN_POINT('',(2.21999999999996,0.100000000000001,-3.44999999999998));
#4456=VECTOR('',#5461,1000.0);
#4457=CARTESIAN_POINT('',(2.85999999999999,0.0999999999999975,-5.98999999999998));
#4458=CARTESIAN_POINT('',(3.15999999999991,-1.35837616521765E-15,-6.28999999999996));
#4459=VECTOR('',#5462,1000.0);
#4460=CARTESIAN_POINT('',(2.21999999999997,0.099999999999999,-5.98999999999998));
#4461=CARTESIAN_POINT('',(-9.68500000000009,0.0999999999998868,-5.98999999999994));
#4462=VECTOR('',#5463,1000.0);
#4463=CARTESIAN_POINT('',(2.21999999999997,0.0999999999999855,-5.98999999999998));
#4464=VECTOR('',#5464,1000.0);
#4465=CARTESIAN_POINT('',(2.85999999999999,0.100000000000004,-5.34999999999998));
#4466=CARTESIAN_POINT('',(3.1599999999999,1.80398628706665E-14,-5.04999999999995));
#4467=VECTOR('',#5465,1000.0);
#4468=CARTESIAN_POINT('',(2.85999999999999,0.100000000000001,-5.98999999999999));
#4469=VECTOR('',#5466,1000.0);
#4470=CARTESIAN_POINT('',(2.21999999999996,0.100000000000004,-5.34999999999999));
#4471=CARTESIAN_POINT('',(2.2199999999999,0.100000000000002,-5.34999999999999));
#4472=VECTOR('',#5467,1000.0);
#4473=CARTESIAN_POINT('',(1.91999999999994,4.82297634737945E-15,-5.04999999999995));
#4474=VECTOR('',#5468,1000.0);
#4475=CARTESIAN_POINT('',(2.21999999999996,0.100000000000003,-5.98999999999999));
#4476=VECTOR('',#5469,1000.0);
#4477=AXIS2_PLACEMENT_3D('',#5470,#5471,#5472);
#4478=CARTESIAN_POINT('',(5.66000000237174,-0.299999999999957,-1.69999999999387));
#4479=CARTESIAN_POINT('',(5.85999999997873,-0.299999999999954,-1.50000001594134));
#4480=CARTESIAN_POINT('',(5.85999999997874,-0.299999999999954,-1.52615989889025));
#4481=CARTESIAN_POINT('',(5.85499959871819,-0.30000016818903,-1.55231247362033));
#4482=CARTESIAN_POINT('',(5.8440966122292,-0.299999411337642,-1.57973688801815));
#4483=CARTESIAN_POINT('',(5.84281265161626,-0.299999311516379,-1.58275645727935));
#4484=CARTESIAN_POINT('',(5.84010222986608,-0.299999072043948,-1.5887338356668));
#4485=CARTESIAN_POINT('',(5.84036183975482,-0.299999115483002,-1.58811384886091));
#4486=CARTESIAN_POINT('',(5.83822690785374,-0.29999916891542,-1.59234817378962));
#4487=CARTESIAN_POINT('',(5.83569688887938,-0.299999304978751,-1.59722601447711));
#4488=CARTESIAN_POINT('',(5.82745579831028,-0.299999651676559,-1.61048203105198));
#4489=CARTESIAN_POINT('',(5.81966149837601,-0.299999879051276,-1.62114358002583));
#4490=CARTESIAN_POINT('',(5.81023873469364,-0.299999996512161,-1.63237394268292));
#4491=CARTESIAN_POINT('',(5.80542444368989,-0.299999997750786,-1.63753266290916));
#4492=CARTESIAN_POINT('',(5.78126061670789,-0.300000005779785,-1.66123843957534));
#4493=CARTESIAN_POINT('',(5.76027432253348,-0.299999848412308,-1.67534238895359));
#4494=CARTESIAN_POINT('',(5.71210456695788,-0.299999791979377,-1.69520670759728));
#4495=CARTESIAN_POINT('',(5.68600964780696,-0.299999999999963,-1.70024474119141));
#4496=CARTESIAN_POINT('',(5.66000000237174,-0.299999999999957,-1.69999999999387));
#4497=AXIS2_PLACEMENT_3D('',#5473,#5474,#5475);
#4498=CARTESIAN_POINT('',(6.45999999999993,6.40000000000004,-6.04999999999995));
#4499=CARTESIAN_POINT('',(7.55999999999997,6.40000000000004,-6.04999999999995));
#4500=VECTOR('',#5476,1000.0);
#4501=CARTESIAN_POINT('',(6.45999999999996,2.40000000000004,-6.04999999999995));
#4502=CARTESIAN_POINT('',(6.45999999999996,6.90152398703042E-14,-6.04999999999995));
#4503=VECTOR('',#5477,1000.0);
#4504=CARTESIAN_POINT('',(7.55999999999997,2.40000000000003,-6.04999999999995));
#4505=VECTOR('',#5478,1000.0);
#4506=CARTESIAN_POINT('',(6.45999999999992,6.40000000000004,-2.74999999999997));
#4507=CARTESIAN_POINT('',(7.55999999999991,6.40000000000005,-2.74999999999997));
#4508=VECTOR('',#5479,1000.0);
#4509=CARTESIAN_POINT('',(6.45999999999992,6.40000000000004,-2.74999999999997));
#4510=VECTOR('',#5480,1000.0);
#4511=CARTESIAN_POINT('',(6.45999999999995,2.40000000000004,-2.74999999999997));
#4512=CARTESIAN_POINT('',(6.23349999999991,2.40000000000004,-2.74999999999997));
#4513=VECTOR('',#5481,1000.0);
#4514=CARTESIAN_POINT('',(6.45999999999992,5.78801769412142E-14,-2.74999999999997));
#4515=VECTOR('',#5482,1000.0);
#4516=CARTESIAN_POINT('',(-2.25000000000001,8.29999999999992,-1.14999999999998));
#4517=CARTESIAN_POINT('',(-2.25000000000004,8.8000000000002,-0.649999999999687));
#4518=VECTOR('',#5483,1000.0);
#4519=CARTESIAN_POINT('',(-6.46000000000003,8.29999999999989,-1.14999999999997));
#4520=CARTESIAN_POINT('',(50.7165,8.30000000000015,-1.15000000000024));
#4521=VECTOR('',#5484,1000.0);
#4522=CARTESIAN_POINT('',(-6.96000000000015,8.79999999999993,-0.649999999999918));
#4523=VECTOR('',#5485,1000.0);
#4524=CARTESIAN_POINT('',(-6.46,8.29999999999989,-7.64999999999997));
#4525=CARTESIAN_POINT('',(-6.46000000000004,8.29999999999989,-7.64999999999996));
#4526=VECTOR('',#5486,1000.0);
#4527=CARTESIAN_POINT('',(-6.46000000000004,8.29999999999989,-8.80999999999998));
#4528=VECTOR('',#5487,1000.0);
#4529=CARTESIAN_POINT('',(6.45999999999991,8.29999999999998,-7.64999999999996));
#4530=CARTESIAN_POINT('',(50.7165,8.3000000000002,-7.64999999999976));
#4531=VECTOR('',#5488,1000.0);
#4532=CARTESIAN_POINT('',(6.95999999999995,8.80000000000004,-8.15));
#4533=VECTOR('',#5489,1000.0);
#4534=CARTESIAN_POINT('',(6.45999999999993,8.29999999999999,-1.14999999999998));
#4535=CARTESIAN_POINT('',(6.45999999999991,8.29999999999999,-1.14999999999997));
#4536=VECTOR('',#5490,1000.0);
#4537=CARTESIAN_POINT('',(6.45999999999991,8.29999999999999,-8.80999999999998));
#4538=VECTOR('',#5491,1000.0);
#4539=CARTESIAN_POINT('',(2.24999999999992,8.29999999999996,-1.14999999999998));
#4540=CARTESIAN_POINT('',(2.24999999999992,8.79999999999997,-0.649999999999971));
#4541=VECTOR('',#5492,1000.0);
#4542=CARTESIAN_POINT('',(-5.16350000000005,8.29999999999992,-1.14999999999994));
#4543=VECTOR('',#5493,1000.0);
#4544=CARTESIAN_POINT('',(-6.46,6.39999999999992,-2.74999999999997));
#4545=CARTESIAN_POINT('',(-6.23349999999993,6.39999999999992,-2.74999999999997));
#4546=VECTOR('',#5494,1000.0);
#4547=CARTESIAN_POINT('',(-6.45999999999997,2.39999999999992,-2.74999999999997));
#4548=CARTESIAN_POINT('',(-6.45999999999997,-5.81660539490445E-14,-2.74999999999997));
#4549=VECTOR('',#5495,1000.0);
#4550=CARTESIAN_POINT('',(-6.23349999999993,2.39999999999992,-2.74999999999997));
#4551=VECTOR('',#5496,1000.0);
#4552=CARTESIAN_POINT('',(-6.46000000000001,6.39999999999991,-6.04999999999995));
#4553=CARTESIAN_POINT('',(-7.56,6.39999999999991,-6.04999999999995));
#4554=VECTOR('',#5497,1000.0);
#4555=CARTESIAN_POINT('',(-6.46000000000001,6.39999999999992,-2.74999999999997));
#4556=VECTOR('',#5498,1000.0);
#4557=CARTESIAN_POINT('',(-6.45999999999998,2.39999999999992,-6.04999999999995));
#4558=CARTESIAN_POINT('',(-7.55999999999994,2.39999999999992,-6.04999999999995));
#4559=VECTOR('',#5499,1000.0);
#4560=CARTESIAN_POINT('',(-6.46000000000001,-7.17258374587022E-14,-6.04999999999995));
#4561=VECTOR('',#5500,1000.0);
#4562=CARTESIAN_POINT('',(6.45999999999995,2.40000000000004,-7.64999999999996));
#4563=CARTESIAN_POINT('',(-6.45999999999997,2.39999999999998,-7.64999999999996));
#4564=CARTESIAN_POINT('',(49.5665000000002,2.40000000000044,-7.64999999999996));
#4565=VECTOR('',#5501,1000.0);
#4566=CARTESIAN_POINT('',(-6.45999999999996,2.39999999999992,-1.16));
#4567=VECTOR('',#5502,1000.0);
#4568=CARTESIAN_POINT('',(-6.45999999999999,2.39999999999992,-1.14999999999997));
#4569=CARTESIAN_POINT('',(-6.45999999999997,2.39999999999992,-1.16));
#4570=VECTOR('',#5503,1000.0);
#4571=CARTESIAN_POINT('',(-2.24999999999998,2.39999999999995,-1.14999999999998));
#4572=CARTESIAN_POINT('',(49.5665000000002,2.40000000000044,-1.14999999999997));
#4573=VECTOR('',#5504,1000.0);
#4574=CARTESIAN_POINT('',(-1.27,2.39999999999996,-1.14999999999998));
#4575=CARTESIAN_POINT('',(49.5665000000002,2.40000000000044,-1.14999999999997));
#4576=VECTOR('',#5505,1000.0);
#4577=CARTESIAN_POINT('',(-1.27,2.39999999999997,-1.84999999999993));
#4578=CARTESIAN_POINT('',(-1.27000000000001,2.39999999999997,-1.16));
#4579=VECTOR('',#5506,1000.0);
#4580=CARTESIAN_POINT('',(1.26999999999999,2.39999999999998,-1.84999999999993));
#4581=CARTESIAN_POINT('',(49.5665000000002,2.40000000000044,-1.84999999999993));
#4582=VECTOR('',#5507,1000.0);
#4583=CARTESIAN_POINT('',(1.26999999999999,2.39999999999999,-1.14999999999998));
#4584=CARTESIAN_POINT('',(1.26999999999999,2.39999999999999,-1.16));
#4585=VECTOR('',#5508,1000.0);
#4586=CARTESIAN_POINT('',(2.24999999999996,2.4,-1.14999999999998));
#4587=CARTESIAN_POINT('',(49.5665000000002,2.40000000000044,-1.14999999999998));
#4588=VECTOR('',#5509,1000.0);
#4589=CARTESIAN_POINT('',(6.45999999999996,2.40000000000002,-1.14999999999998));
#4590=CARTESIAN_POINT('',(49.5665000000002,2.40000000000044,-1.14999999999998));
#4591=VECTOR('',#5510,1000.0);
#4592=CARTESIAN_POINT('',(6.45999999999996,2.40000000000004,-1.16));
#4593=VECTOR('',#5511,1000.0);
#4594=CARTESIAN_POINT('',(6.45999999999996,2.40000000000004,-1.16));
#4595=VECTOR('',#5512,1000.0);
#4596=CARTESIAN_POINT('',(-2.22000000000003,2.39999999999996,-3.44999999999999));
#4597=CARTESIAN_POINT('',(-2.85999999999998,2.39999999999995,-3.44999999999999));
#4598=CARTESIAN_POINT('',(-2.22000000000006,2.39999999999996,-3.44999999999999));
#4599=VECTOR('',#5513,1000.0);
#4600=CARTESIAN_POINT('',(-2.22,2.39999999999995,-2.81));
#4601=CARTESIAN_POINT('',(-2.22000000000001,2.39999999999996,-1.16));
#4602=VECTOR('',#5514,1000.0);
#4603=CARTESIAN_POINT('',(-2.85999999999999,2.39999999999995,-2.81));
#4604=CARTESIAN_POINT('',(-2.86000000000003,2.39999999999995,-2.81));
#4605=VECTOR('',#5515,1000.0);
#4606=CARTESIAN_POINT('',(-2.85999999999998,2.39999999999995,-3.44999999999999));
#4607=VECTOR('',#5516,1000.0);
#4608=CARTESIAN_POINT('',(-2.22000000000003,2.39999999999996,-5.99));
#4609=CARTESIAN_POINT('',(-2.85999999999998,2.39999999999995,-5.99));
#4610=CARTESIAN_POINT('',(-2.22000000000005,2.39999999999996,-5.99));
#4611=VECTOR('',#5517,1000.0);
#4612=CARTESIAN_POINT('',(-2.22,2.39999999999995,-5.35));
#4613=CARTESIAN_POINT('',(-2.22000000000001,2.39999999999996,-1.16));
#4614=VECTOR('',#5518,1000.0);
#4615=CARTESIAN_POINT('',(-2.85999999999999,2.39999999999995,-5.35));
#4616=CARTESIAN_POINT('',(-2.86000000000002,2.39999999999995,-5.35));
#4617=VECTOR('',#5519,1000.0);
#4618=CARTESIAN_POINT('',(-2.85999999999998,2.39999999999995,-5.99));
#4619=VECTOR('',#5520,1000.0);
#4620=CARTESIAN_POINT('',(-0.320000000000019,2.39999999999997,-5.34999999999999));
#4621=CARTESIAN_POINT('',(0.320000000000041,2.39999999999998,-5.34999999999998));
#4622=CARTESIAN_POINT('',(-0.320000000000036,2.39999999999997,-5.34999999999999));
#4623=VECTOR('',#5521,1000.0);
#4624=CARTESIAN_POINT('',(-0.319999999999991,2.39999999999998,-5.98999999999999));
#4625=CARTESIAN_POINT('',(-0.319999999999994,2.39999999999997,-1.16));
#4626=VECTOR('',#5522,1000.0);
#4627=CARTESIAN_POINT('',(0.320000000000027,2.39999999999998,-5.98999999999999));
#4628=CARTESIAN_POINT('',(0.319999999999994,2.39999999999998,-5.98999999999999));
#4629=VECTOR('',#5523,1000.0);
#4630=CARTESIAN_POINT('',(0.320000000000038,2.39999999999998,-5.98999999999999));
#4631=VECTOR('',#5524,1000.0);
#4632=CARTESIAN_POINT('',(-0.319999999999992,2.39999999999998,-3.44999999999998));
#4633=CARTESIAN_POINT('',(-0.320000000000006,2.39999999999997,-2.80999999999999));
#4634=CARTESIAN_POINT('',(-0.319999999999991,2.39999999999997,-3.44999999999998));
#4635=VECTOR('',#5525,1000.0);
#4636=CARTESIAN_POINT('',(0.320000000000027,2.39999999999998,-3.44999999999998));
#4637=CARTESIAN_POINT('',(49.5665000000002,2.40000000000044,-3.44999999999998));
#4638=VECTOR('',#5526,1000.0);
#4639=CARTESIAN_POINT('',(0.32000000000004,2.39999999999998,-2.80999999999999));
#4640=CARTESIAN_POINT('',(0.320000000000038,2.39999999999998,-3.44999999999998));
#4641=VECTOR('',#5527,1000.0);
#4642=CARTESIAN_POINT('',(-0.320000000000045,2.39999999999997,-2.80999999999999));
#4643=VECTOR('',#5528,1000.0);
#4644=CARTESIAN_POINT('',(2.85999999999994,2.4,-3.44999999999998));
#4645=CARTESIAN_POINT('',(2.21999999999994,2.4,-3.44999999999998));
#4646=CARTESIAN_POINT('',(2.85999999999997,2.4,-3.44999999999997));
#4647=VECTOR('',#5529,1000.0);
#4648=CARTESIAN_POINT('',(2.85999999999997,2.4,-2.80999999999999));
#4649=CARTESIAN_POINT('',(2.85999999999997,2.4,-1.16));
#4650=VECTOR('',#5530,1000.0);
#4651=CARTESIAN_POINT('',(2.21999999999993,2.4,-2.80999999999999));
#4652=CARTESIAN_POINT('',(2.21999999999989,2.4,-2.80999999999999));
#4653=VECTOR('',#5531,1000.0);
#4654=CARTESIAN_POINT('',(2.21999999999994,2.4,-3.44999999999998));
#4655=VECTOR('',#5532,1000.0);
#4656=CARTESIAN_POINT('',(2.85999999999994,2.4,-5.98999999999999));
#4657=CARTESIAN_POINT('',(2.21999999999994,2.4,-5.98999999999999));
#4658=CARTESIAN_POINT('',(2.85999999999998,2.4,-5.98999999999999));
#4659=VECTOR('',#5533,1000.0);
#4660=CARTESIAN_POINT('',(2.85999999999997,2.4,-5.34999999999998));
#4661=CARTESIAN_POINT('',(2.85999999999997,2.4,-1.16));
#4662=VECTOR('',#5534,1000.0);
#4663=CARTESIAN_POINT('',(2.21999999999993,2.4,-5.34999999999998));
#4664=CARTESIAN_POINT('',(2.2199999999999,2.4,-5.34999999999999));
#4665=VECTOR('',#5535,1000.0);
#4666=CARTESIAN_POINT('',(2.21999999999994,2.4,-5.98999999999999));
#4667=VECTOR('',#5536,1000.0);
#4668=CARTESIAN_POINT('',(-4.93299999999997,7.79999999999995,-0.0889000000000118));
#4669=CARTESIAN_POINT('',(-4.93299999999998,7.79999999999993,-0.0889000000000118));
#4670=VECTOR('',#5537,1000.0);
#4671=CARTESIAN_POINT('',(-2.43299999999996,7.79999999999996,-0.0889000000000116));
#4672=CARTESIAN_POINT('',(-2.43299999999996,7.79999999999996,-0.0889000000000118));
#4673=VECTOR('',#5538,1000.0);
#4674=CARTESIAN_POINT('',(-2.43299999999996,7.79999999999996,-0.0889000000000118));
#4675=VECTOR('',#5539,1000.0);
#4676=CARTESIAN_POINT('',(-3.68299999999998,5.29999999999994,-0.0889000000000111));
#4677=CARTESIAN_POINT('',(-3.68299999999997,5.29999999999994,-0.0889000000000118));
#4678=VECTOR('',#5540,1000.0);
#4679=CARTESIAN_POINT('',(-4.93299999999996,7.79999999999993,-0.0889000000000118));
#4680=VECTOR('',#5541,1000.0);
#4681=CARTESIAN_POINT('',(-3.68299999999997,5.29999999999994,-0.0889000000000109));
#4682=VECTOR('',#5542,1000.0);
#4683=CARTESIAN_POINT('',(-2.25000000000007,11.8499999999999,-1.14999999999997));
#4684=VECTOR('',#5543,1000.0);
#4685=CARTESIAN_POINT('',(-2.24999999999997,2.04999999999996,-1.14999999999998));
#4686=CARTESIAN_POINT('',(-2.24999999999998,2.04999999999996,0.628000000000022));
#4687=VECTOR('',#5544,1000.0);
#4688=CARTESIAN_POINT('',(-2.25000000000007,11.8499999999999,-1.14999999999998));
#4689=VECTOR('',#5545,1000.0);
#4690=CARTESIAN_POINT('',(2.24999999999997,2.05,-1.14999999999998));
#4691=CARTESIAN_POINT('',(2.24999999999996,2.05,2.09309105421093E-14));
#4692=VECTOR('',#5546,1000.0);
#4693=CARTESIAN_POINT('',(1.26999999999999,2.05,-1.14999999999998));
#4694=CARTESIAN_POINT('',(-6.34999999999997,2.04999999999992,-1.14999999999998));
#4695=VECTOR('',#5547,1000.0);
#4696=CARTESIAN_POINT('',(1.26999999999999,2.04999999999999,-1.84999999999993));
#4697=CARTESIAN_POINT('',(1.26999999999999,2.05,2.09309105421093E-14));
#4698=VECTOR('',#5548,1000.0);
#4699=CARTESIAN_POINT('',(-1.27,2.04999999999998,-1.84999999999993));
#4700=CARTESIAN_POINT('',(-6.34999999999997,2.04999999999992,-1.84999999999993));
#4701=VECTOR('',#5549,1000.0);
#4702=CARTESIAN_POINT('',(-1.27,2.04999999999997,-1.14999999999998));
#4703=CARTESIAN_POINT('',(-1.27,2.04999999999997,2.09309105421093E-14));
#4704=VECTOR('',#5550,1000.0);
#4705=CARTESIAN_POINT('',(-6.34999999999997,2.04999999999992,-1.14999999999998));
#4706=VECTOR('',#5551,1000.0);
#4707=CARTESIAN_POINT('',(2.24999999999988,11.85,-1.14999999999998));
#4708=VECTOR('',#5552,1000.0);
#4709=CARTESIAN_POINT('',(2.24999999999988,11.85,-1.14999999999998));
#4710=VECTOR('',#5553,1000.0);
#4711=CARTESIAN_POINT('',(-2.85999999999994,-3.00000000000005,-2.81000000000001));
#4712=CARTESIAN_POINT('',(-2.85999999999996,8.19999999999995,-2.81));
#4713=VECTOR('',#5554,1000.0);
#4714=CARTESIAN_POINT('',(-2.21999999999995,-3.00000000000005,-2.81000000000001));
#4715=CARTESIAN_POINT('',(-2.86000000000003,-3.00000000000005,-2.81));
#4716=VECTOR('',#5555,1000.0);
#4717=CARTESIAN_POINT('',(-2.21999999999995,8.19999999999995,-2.81));
#4718=VECTOR('',#5556,1000.0);
#4719=CARTESIAN_POINT('',(-2.85999999999994,-3.00000000000005,-5.35));
#4720=CARTESIAN_POINT('',(-2.85999999999996,7.19999999999995,-5.35));
#4721=VECTOR('',#5557,1000.0);
#4722=CARTESIAN_POINT('',(-2.21999999999995,-3.00000000000005,-5.35));
#4723=CARTESIAN_POINT('',(-2.86000000000002,-3.00000000000005,-5.35));
#4724=VECTOR('',#5558,1000.0);
#4725=CARTESIAN_POINT('',(-2.21999999999995,7.19999999999995,-5.35));
#4726=VECTOR('',#5559,1000.0);
#4727=CARTESIAN_POINT('',(-0.319999999999948,-3.00000000000003,-3.44999999999998));
#4728=CARTESIAN_POINT('',(-0.320000000000045,8.19999999999998,-3.44999999999997));
#4729=VECTOR('',#5560,1000.0);
#4730=CARTESIAN_POINT('',(-0.319999999999954,-3.00000000000002,-2.81));
#4731=CARTESIAN_POINT('',(-0.319999999999941,-3.00000000000003,-3.44999999999998));
#4732=VECTOR('',#5561,1000.0);
#4733=CARTESIAN_POINT('',(-0.320000000000045,8.19999999999998,-2.80999999999999));
#4734=VECTOR('',#5562,1000.0);
#4735=CARTESIAN_POINT('',(-0.319999999999952,-3.00000000000003,-5.34999999999999));
#4736=CARTESIAN_POINT('',(-0.31999999999997,7.19999999999998,-5.34999999999999));
#4737=VECTOR('',#5563,1000.0);
#4738=CARTESIAN_POINT('',(0.320000000000096,-3.00000000000002,-5.34999999999999));
#4739=CARTESIAN_POINT('',(-0.320000000000036,-3.00000000000003,-5.34999999999999));
#4740=VECTOR('',#5564,1000.0);
#4741=CARTESIAN_POINT('',(0.320000000000095,7.19999999999998,-5.34999999999999));
#4742=VECTOR('',#5565,1000.0);
#4743=CARTESIAN_POINT('',(2.86000000000002,-3.0,-3.44999999999998));
#4744=CARTESIAN_POINT('',(2.85999999999999,8.20000000000001,-3.44999999999998));
#4745=VECTOR('',#5566,1000.0);
#4746=CARTESIAN_POINT('',(2.21999999999998,-3.0,-3.44999999999998));
#4747=CARTESIAN_POINT('',(2.85999999999997,-3.0,-3.44999999999997));
#4748=VECTOR('',#5567,1000.0);
#4749=CARTESIAN_POINT('',(2.21999999999998,8.20000000000001,-3.44999999999998));
#4750=VECTOR('',#5568,1000.0);
#4751=CARTESIAN_POINT('',(2.86000000000002,-3.0,-5.98999999999998));
#4752=CARTESIAN_POINT('',(2.85999999999999,7.20000000000001,-5.98999999999999));
#4753=VECTOR('',#5569,1000.0);
#4754=CARTESIAN_POINT('',(2.21999999999998,-3.0,-5.98999999999998));
#4755=CARTESIAN_POINT('',(2.85999999999998,-3.0,-5.98999999999999));
#4756=VECTOR('',#5570,1000.0);
#4757=CARTESIAN_POINT('',(2.21999999999998,7.20000000000001,-5.98999999999999));
#4758=VECTOR('',#5571,1000.0);
#4759=CARTESIAN_POINT('',(6.4599999999999,8.80000000000004,-1.14999999999998));
#4760=VECTOR('',#5572,1000.0);
#4761=CARTESIAN_POINT('',(6.4599999999999,8.80000000000004,-7.64999999999996));
#4762=VECTOR('',#5573,1000.0);
#4763=CARTESIAN_POINT('',(-6.46000000000004,8.79999999999992,-1.14999999999998));
#4764=VECTOR('',#5574,1000.0);
#4765=CARTESIAN_POINT('',(-6.46000000000003,8.79999999999992,-7.64999999999996));
#4766=VECTOR('',#5575,1000.0);
#4767=CARTESIAN_POINT('',(1.26999999999999,11.8499999999962,-1.14999999999998));
#4768=VECTOR('',#5576,1000.0);
#4769=CARTESIAN_POINT('',(1.27000000000004,-3.30010307764123,-1.84999999999993));
#4770=VECTOR('',#5577,1000.0);
#4771=CARTESIAN_POINT('',(-1.26999999999999,-2.81543934295765,-1.84999999999993));
#4772=VECTOR('',#5578,1000.0);
#4773=CARTESIAN_POINT('',(-1.26999999999994,-3.30010307764125,-1.14999999999998));
#4774=VECTOR('',#5579,1000.0);
#4775=CARTESIAN_POINT('',(-2.22000000000005,7.99999999999996,-3.44999999999999));
#4776=CARTESIAN_POINT('',(-2.22000000000006,8.19999999999996,-3.44999999999999));
#4777=VECTOR('',#5580,1000.0);
#4778=CARTESIAN_POINT('',(-2.22000000000004,7.99999999999996,-2.81));
#4779=CARTESIAN_POINT('',(-2.22000000000006,7.99999999999997,-2.81));
#4780=VECTOR('',#5581,1000.0);
#4781=CARTESIAN_POINT('',(-2.22000000000006,8.19999999999996,-2.81));
#4782=VECTOR('',#5582,1000.0);
#4783=CARTESIAN_POINT('',(-2.22000000000005,7.99999999999996,-5.99));
#4784=CARTESIAN_POINT('',(-2.22000000000005,7.19999999999996,-5.99));
#4785=VECTOR('',#5583,1000.0);
#4786=CARTESIAN_POINT('',(-2.22000000000004,7.99999999999996,-5.35));
#4787=CARTESIAN_POINT('',(-2.22000000000006,7.99999999999997,-5.35));
#4788=VECTOR('',#5584,1000.0);
#4789=CARTESIAN_POINT('',(-2.22000000000005,7.19999999999996,-5.35));
#4790=VECTOR('',#5585,1000.0);
#4791=CARTESIAN_POINT('',(-0.320000000000045,7.99999999999998,-5.34999999999998));
#4792=CARTESIAN_POINT('',(-0.320000000000036,7.19999999999998,-5.34999999999998));
#4793=VECTOR('',#5586,1000.0);
#4794=CARTESIAN_POINT('',(-0.320000000000031,7.99999999999998,-5.98999999999999));
#4795=CARTESIAN_POINT('',(-0.320000000000043,7.99999999999998,-5.98999999999999));
#4796=VECTOR('',#5587,1000.0);
#4797=CARTESIAN_POINT('',(-0.320000000000036,7.19999999999998,-5.98999999999999));
#4798=VECTOR('',#5588,1000.0);
#4799=CARTESIAN_POINT('',(-0.320000000000038,7.99999999999999,-3.44999999999998));
#4800=CARTESIAN_POINT('',(-0.31999999999999,8.19999999999998,-3.44999999999998));
#4801=VECTOR('',#5589,1000.0);
#4802=CARTESIAN_POINT('',(0.319999999999989,7.99999999999999,-3.44999999999998));
#4803=CARTESIAN_POINT('',(0.319999999999984,7.99999999999999,-3.44999999999998));
#4804=VECTOR('',#5590,1000.0);
#4805=CARTESIAN_POINT('',(0.319999999999988,8.19999999999998,-3.44999999999998));
#4806=VECTOR('',#5591,1000.0);
#4807=CARTESIAN_POINT('',(2.85999999999992,8.00000000000001,-3.44999999999998));
#4808=CARTESIAN_POINT('',(2.85999999999992,8.20000000000001,-3.44999999999998));
#4809=VECTOR('',#5592,1000.0);
#4810=CARTESIAN_POINT('',(2.85999999999993,8.00000000000001,-2.80999999999999));
#4811=CARTESIAN_POINT('',(2.85999999999992,8.00000000000001,-3.44999999999998));
#4812=VECTOR('',#5593,1000.0);
#4813=CARTESIAN_POINT('',(2.85999999999992,8.20000000000001,-2.80999999999999));
#4814=VECTOR('',#5594,1000.0);
#4815=CARTESIAN_POINT('',(2.85999999999992,8.00000000000001,-5.98999999999999));
#4816=CARTESIAN_POINT('',(2.85999999999992,7.20000000000001,-5.98999999999999));
#4817=VECTOR('',#5595,1000.0);
#4818=CARTESIAN_POINT('',(2.85999999999993,8.00000000000001,-5.34999999999998));
#4819=CARTESIAN_POINT('',(2.85999999999992,8.00000000000001,-5.98999999999999));
#4820=VECTOR('',#5596,1000.0);
#4821=CARTESIAN_POINT('',(2.85999999999992,7.20000000000001,-5.34999999999998));
#4822=VECTOR('',#5597,1000.0);
#4823=CARTESIAN_POINT('',(-2.75999999999993,-3.30000000000004,-2.91000000000003));
#4824=CARTESIAN_POINT('',(-2.85999999999994,-3.00000000000005,-2.81000000000002));
#4825=VECTOR('',#5598,1000.0);
#4826=CARTESIAN_POINT('',(-2.31999999999995,-3.30000000000004,-2.91000000000003));
#4827=CARTESIAN_POINT('',(-2.53999999999994,-3.30000000000004,-2.91000000000002));
#4828=VECTOR('',#5599,1000.0);
#4829=CARTESIAN_POINT('',(-2.31999999999995,-3.30000000000004,-2.91000000000002));
#4830=VECTOR('',#5600,1000.0);
#4831=CARTESIAN_POINT('',(-2.85999999999994,-3.00000000000006,-3.44999999999999));
#4832=CARTESIAN_POINT('',(-2.86000000000003,8.19999999999995,-3.44999999999998));
#4833=VECTOR('',#5601,1000.0);
#4834=CARTESIAN_POINT('',(-2.85999999999993,-3.00000000000006,-3.44999999999999));
#4835=VECTOR('',#5602,1000.0);
#4836=CARTESIAN_POINT('',(-2.21999999999996,-3.00000000000005,-3.44999999999999));
#4837=CARTESIAN_POINT('',(-2.21999999999995,-3.00000000000004,-2.81));
#4838=VECTOR('',#5603,1000.0);
#4839=CARTESIAN_POINT('',(-2.22000000000006,8.19999999999996,-3.44999999999999));
#4840=VECTOR('',#5604,1000.0);
#4841=CARTESIAN_POINT('',(-2.75999999999993,-3.30000000000004,-5.45000000000001));
#4842=CARTESIAN_POINT('',(-2.85999999999993,-3.00000000000005,-5.35000000000001));
#4843=VECTOR('',#5605,1000.0);
#4844=CARTESIAN_POINT('',(-2.31999999999995,-3.30000000000004,-5.45000000000001));
#4845=CARTESIAN_POINT('',(-2.53999999999994,-3.30000000000004,-5.45000000000001));
#4846=VECTOR('',#5606,1000.0);
#4847=CARTESIAN_POINT('',(-2.31999999999995,-3.30000000000004,-5.45000000000001));
#4848=VECTOR('',#5607,1000.0);
#4849=CARTESIAN_POINT('',(-2.85999999999994,-3.00000000000005,-5.98999999999999));
#4850=CARTESIAN_POINT('',(-2.86000000000002,7.19999999999995,-5.98999999999999));
#4851=VECTOR('',#5608,1000.0);
#4852=CARTESIAN_POINT('',(-2.85999999999993,-3.00000000000005,-5.99));
#4853=VECTOR('',#5609,1000.0);
#4854=CARTESIAN_POINT('',(-2.21999999999996,-3.00000000000005,-5.98999999999999));
#4855=CARTESIAN_POINT('',(-2.21999999999995,-3.00000000000005,-5.35));
#4856=VECTOR('',#5610,1000.0);
#4857=CARTESIAN_POINT('',(-2.22000000000005,7.19999999999996,-5.98999999999999));
#4858=VECTOR('',#5611,1000.0);
#4859=CARTESIAN_POINT('',(-0.219999999999938,-3.30000000000002,-3.34999999999999));
#4860=CARTESIAN_POINT('',(-0.319999999999953,-3.00000000000003,-3.44999999999998));
#4861=VECTOR('',#5612,1000.0);
#4862=CARTESIAN_POINT('',(-0.219999999999939,-3.30000000000002,-2.91000000000001));
#4863=CARTESIAN_POINT('',(-0.219999999999931,-3.30000000000002,-3.44999999999997));
#4864=VECTOR('',#5613,1000.0);
#4865=CARTESIAN_POINT('',(-0.219999999999933,-3.30000000000002,-2.91000000000001));
#4866=VECTOR('',#5614,1000.0);
#4867=CARTESIAN_POINT('',(0.32000000000009,-3.00000000000003,-3.44999999999998));
#4868=CARTESIAN_POINT('',(0.320000000000058,8.19999999999998,-3.44999999999998));
#4869=VECTOR('',#5615,1000.0);
#4870=CARTESIAN_POINT('',(0.319999999999984,-3.00000000000003,-3.44999999999997));
#4871=VECTOR('',#5616,1000.0);
#4872=CARTESIAN_POINT('',(0.320000000000095,-3.00000000000003,-2.80999999999999));
#4873=CARTESIAN_POINT('',(-0.320000000000045,-3.00000000000003,-2.80999999999999));
#4874=VECTOR('',#5617,1000.0);
#4875=CARTESIAN_POINT('',(0.320000000000094,8.19999999999998,-2.80999999999999));
#4876=VECTOR('',#5618,1000.0);
#4877=CARTESIAN_POINT('',(-0.219999999999939,-3.30000000000002,-5.45));
#4878=CARTESIAN_POINT('',(-0.319999999999948,-3.00000000000003,-5.35));
#4879=VECTOR('',#5619,1000.0);
#4880=CARTESIAN_POINT('',(0.22000000000004,-3.30000000000002,-5.45));
#4881=CARTESIAN_POINT('',(-7.97549695662469E-15,-3.30000000000002,-5.45));
#4882=VECTOR('',#5620,1000.0);
#4883=CARTESIAN_POINT('',(0.220000000000029,-3.30000000000002,-5.45));
#4884=VECTOR('',#5621,1000.0);
#4885=CARTESIAN_POINT('',(-0.319999999999948,-3.00000000000003,-5.98999999999998));
#4886=CARTESIAN_POINT('',(-0.320000000000036,7.19999999999998,-5.98999999999999));
#4887=VECTOR('',#5622,1000.0);
#4888=CARTESIAN_POINT('',(-0.319999999999941,-3.00000000000003,-5.98999999999999));
#4889=VECTOR('',#5623,1000.0);
#4890=CARTESIAN_POINT('',(0.320000000000085,-3.00000000000002,-5.98999999999998));
#4891=CARTESIAN_POINT('',(0.320000000000089,-3.00000000000002,-5.98999999999999));
#4892=VECTOR('',#5624,1000.0);
#4893=CARTESIAN_POINT('',(0.319999999999994,7.19999999999998,-5.98999999999998));
#4894=VECTOR('',#5625,1000.0);
#4895=CARTESIAN_POINT('',(2.76000000000002,-3.29999999999999,-3.34999999999999));
#4896=CARTESIAN_POINT('',(2.32000000000001,-3.3,-3.34999999999999));
#4897=CARTESIAN_POINT('',(2.86000000000008,-3.29999999999999,-3.34999999999999));
#4898=VECTOR('',#5626,1000.0);
#4899=CARTESIAN_POINT('',(2.32000000000002,-3.3,-3.34999999999999));
#4900=VECTOR('',#5627,1000.0);
#4901=CARTESIAN_POINT('',(2.86000000000002,-3.0,-3.44999999999999));
#4902=VECTOR('',#5628,1000.0);
#4903=CARTESIAN_POINT('',(2.86000000000003,-3.0,-2.81));
#4904=CARTESIAN_POINT('',(2.85999999999992,8.20000000000001,-2.80999999999999));
#4905=VECTOR('',#5629,1000.0);
#4906=CARTESIAN_POINT('',(2.86000000000002,-3.0,-3.44999999999998));
#4907=VECTOR('',#5630,1000.0);
#4908=CARTESIAN_POINT('',(2.21999999999998,-3.0,-2.81));
#4909=CARTESIAN_POINT('',(2.21999999999999,-3.00000000000001,-3.44999999999998));
#4910=VECTOR('',#5631,1000.0);
#4911=CARTESIAN_POINT('',(2.21999999999989,8.2,-2.81));
#4912=VECTOR('',#5632,1000.0);
#4913=CARTESIAN_POINT('',(2.76000000000002,-3.29999999999999,-5.88999999999998));
#4914=CARTESIAN_POINT('',(2.32,-3.3,-5.88999999999998));
#4915=CARTESIAN_POINT('',(2.86000000000008,-3.29999999999999,-5.88999999999998));
#4916=VECTOR('',#5633,1000.0);
#4917=CARTESIAN_POINT('',(2.32,-3.3,-5.88999999999998));
#4918=VECTOR('',#5634,1000.0);
#4919=CARTESIAN_POINT('',(2.86000000000003,-3.0,-5.98999999999998));
#4920=VECTOR('',#5635,1000.0);
#4921=CARTESIAN_POINT('',(2.86000000000003,-3.0,-5.34999999999999));
#4922=CARTESIAN_POINT('',(2.85999999999992,7.20000000000001,-5.34999999999998));
#4923=VECTOR('',#5636,1000.0);
#4924=CARTESIAN_POINT('',(2.86000000000002,-3.0,-5.98999999999999));
#4925=VECTOR('',#5637,1000.0);
#4926=CARTESIAN_POINT('',(2.21999999999998,-3.0,-5.34999999999999));
#4927=CARTESIAN_POINT('',(2.21999999999999,-3.0,-5.98999999999999));
#4928=VECTOR('',#5638,1000.0);
#4929=CARTESIAN_POINT('',(2.2199999999999,7.2,-5.34999999999999));
#4930=VECTOR('',#5639,1000.0);
#4931=CARTESIAN_POINT('',(-2.32000000000005,8.29999999999996,-2.91000000000001));
#4932=CARTESIAN_POINT('',(-2.32000000000005,8.29999999999996,-2.91000000000001));
#4933=VECTOR('',#5640,1000.0);
#4934=CARTESIAN_POINT('',(-2.32000000000005,8.29999999999996,-3.35));
#4935=CARTESIAN_POINT('',(-2.22000000000005,7.99999999999997,-3.44999999999999));
#4936=VECTOR('',#5641,1000.0);
#4937=CARTESIAN_POINT('',(-2.32000000000005,8.29999999999996,-2.97000000000001));
#4938=VECTOR('',#5642,1000.0);
#4939=CARTESIAN_POINT('',(-2.86000000000002,7.99999999999996,-3.44999999999999));
#4940=CARTESIAN_POINT('',(-2.85999999999998,8.19999999999996,-3.44999999999999));
#4941=VECTOR('',#5643,1000.0);
#4942=CARTESIAN_POINT('',(-2.22000000000006,7.99999999999996,-3.44999999999999));
#4943=VECTOR('',#5644,1000.0);
#4944=CARTESIAN_POINT('',(-2.86000000000003,7.99999999999996,-2.81));
#4945=CARTESIAN_POINT('',(-2.86000000000003,7.99999999999996,-2.81));
#4946=VECTOR('',#5645,1000.0);
#4947=CARTESIAN_POINT('',(-2.86000000000003,8.19999999999995,-2.81));
#4948=VECTOR('',#5646,1000.0);
#4949=CARTESIAN_POINT('',(-2.32000000000005,8.29999999999996,-5.44999999999999));
#4950=CARTESIAN_POINT('',(-2.32000000000005,8.29999999999996,-5.44999999999999));
#4951=VECTOR('',#5647,1000.0);
#4952=CARTESIAN_POINT('',(-2.32000000000005,8.29999999999996,-5.89));
#4953=CARTESIAN_POINT('',(-2.22000000000005,7.99999999999997,-5.99));
#4954=VECTOR('',#5648,1000.0);
#4955=CARTESIAN_POINT('',(-2.32000000000005,8.29999999999996,-5.51));
#4956=VECTOR('',#5649,1000.0);
#4957=CARTESIAN_POINT('',(-2.86000000000003,7.99999999999996,-5.99));
#4958=CARTESIAN_POINT('',(-2.85999999999998,7.19999999999996,-5.99));
#4959=VECTOR('',#5650,1000.0);
#4960=CARTESIAN_POINT('',(-2.22000000000005,7.99999999999996,-5.99));
#4961=VECTOR('',#5651,1000.0);
#4962=CARTESIAN_POINT('',(-2.86000000000003,7.99999999999996,-5.35));
#4963=CARTESIAN_POINT('',(-2.86000000000002,7.99999999999997,-5.35));
#4964=VECTOR('',#5652,1000.0);
#4965=CARTESIAN_POINT('',(-2.86000000000003,7.19999999999995,-5.35));
#4966=VECTOR('',#5653,1000.0);
#4967=CARTESIAN_POINT('',(-0.220000000000052,8.3,-5.44999999999999));
#4968=CARTESIAN_POINT('',(-0.320000000000048,7.99999999999998,-5.34999999999998));
#4969=VECTOR('',#5654,1000.0);
#4970=CARTESIAN_POINT('',(-0.220000000000055,8.29999999999998,-5.88999999999998));
#4971=CARTESIAN_POINT('',(-0.220000000000054,8.29999999999999,-5.82999999999998));
#4972=VECTOR('',#5655,1000.0);
#4973=CARTESIAN_POINT('',(-0.220000000000055,8.29999999999998,-5.88999999999998));
#4974=VECTOR('',#5656,1000.0);
#4975=CARTESIAN_POINT('',(0.319999999999995,7.99999999999999,-5.34999999999998));
#4976=CARTESIAN_POINT('',(0.320000000000039,7.19999999999998,-5.34999999999999));
#4977=VECTOR('',#5657,1000.0);
#4978=CARTESIAN_POINT('',(-0.320000000000036,7.99999999999999,-5.34999999999999));
#4979=VECTOR('',#5658,1000.0);
#4980=CARTESIAN_POINT('',(0.319999999999989,7.99999999999999,-5.98999999999999));
#4981=CARTESIAN_POINT('',(0.319999999999994,7.99999999999998,-5.98999999999999));
#4982=VECTOR('',#5659,1000.0);
#4983=CARTESIAN_POINT('',(0.319999999999989,7.19999999999998,-5.98999999999999));
#4984=VECTOR('',#5660,1000.0);
#4985=CARTESIAN_POINT('',(-0.220000000000055,8.29999999999998,-3.34999999999998));
#4986=CARTESIAN_POINT('',(-0.320000000000044,7.99999999999999,-3.44999999999998));
#4987=VECTOR('',#5661,1000.0);
#4988=CARTESIAN_POINT('',(0.219999999999943,8.29999999999999,-3.34999999999998));
#4989=CARTESIAN_POINT('',(0.159999999999991,8.29999999999998,-3.34999999999998));
#4990=VECTOR('',#5662,1000.0);
#4991=CARTESIAN_POINT('',(0.219999999999928,8.29999999999999,-3.34999999999998));
#4992=VECTOR('',#5663,1000.0);
#4993=CARTESIAN_POINT('',(-0.320000000000045,7.99999999999998,-2.80999999999999));
#4994=CARTESIAN_POINT('',(-0.320000000000045,8.19999999999998,-2.80999999999999));
#4995=VECTOR('',#5664,1000.0);
#4996=CARTESIAN_POINT('',(-0.320000000000043,7.99999999999998,-3.44999999999998));
#4997=VECTOR('',#5665,1000.0);
#4998=CARTESIAN_POINT('',(0.320000000000002,7.99999999999999,-2.80999999999999));
#4999=CARTESIAN_POINT('',(0.319999999999986,7.99999999999999,-3.44999999999998));
#5000=VECTOR('',#5666,1000.0);
#5001=CARTESIAN_POINT('',(0.319999999999984,8.19999999999998,-2.80999999999999));
#5002=VECTOR('',#5667,1000.0);
#5003=CARTESIAN_POINT('',(2.75999999999992,8.30000000000001,-2.90999999999999));
#5004=CARTESIAN_POINT('',(2.75999999999992,8.30000000000001,-2.90999999999999));
#5005=VECTOR('',#5668,1000.0);
#5006=CARTESIAN_POINT('',(2.75999999999992,8.30000000000001,-3.34999999999998));
#5007=CARTESIAN_POINT('',(2.85999999999992,8.00000000000001,-3.44999999999998));
#5008=VECTOR('',#5669,1000.0);
#5009=CARTESIAN_POINT('',(2.75999999999992,8.30000000000001,-3.28999999999998));
#5010=VECTOR('',#5670,1000.0);
#5011=CARTESIAN_POINT('',(2.21999999999989,8.00000000000001,-3.44999999999998));
#5012=CARTESIAN_POINT('',(2.21999999999994,8.20000000000001,-3.44999999999998));
#5013=VECTOR('',#5671,1000.0);
#5014=CARTESIAN_POINT('',(2.85999999999997,8.00000000000001,-3.44999999999998));
#5015=VECTOR('',#5672,1000.0);
#5016=CARTESIAN_POINT('',(2.21999999999989,8.00000000000001,-2.80999999999999));
#5017=CARTESIAN_POINT('',(2.21999999999989,8.00000000000001,-2.80999999999999));
#5018=VECTOR('',#5673,1000.0);
#5019=CARTESIAN_POINT('',(2.21999999999989,8.2,-2.80999999999999));
#5020=VECTOR('',#5674,1000.0);
#5021=CARTESIAN_POINT('',(2.75999999999992,8.30000000000001,-5.44999999999999));
#5022=CARTESIAN_POINT('',(2.75999999999992,8.30000000000001,-5.44999999999999));
#5023=VECTOR('',#5675,1000.0);
#5024=CARTESIAN_POINT('',(2.75999999999992,8.30000000000001,-5.88999999999998));
#5025=CARTESIAN_POINT('',(2.85999999999992,8.00000000000001,-5.98999999999999));
#5026=VECTOR('',#5676,1000.0);
#5027=CARTESIAN_POINT('',(2.75999999999992,8.30000000000001,-5.82999999999998));
#5028=VECTOR('',#5677,1000.0);
#5029=CARTESIAN_POINT('',(2.21999999999989,8.00000000000001,-5.98999999999999));
#5030=CARTESIAN_POINT('',(2.21999999999994,7.20000000000001,-5.98999999999999));
#5031=VECTOR('',#5678,1000.0);
#5032=CARTESIAN_POINT('',(2.85999999999998,8.00000000000001,-5.98999999999999));
#5033=VECTOR('',#5679,1000.0);
#5034=CARTESIAN_POINT('',(2.21999999999989,8.00000000000001,-5.34999999999998));
#5035=CARTESIAN_POINT('',(2.2199999999999,8.00000000000001,-5.34999999999999));
#5036=VECTOR('',#5680,1000.0);
#5037=CARTESIAN_POINT('',(2.21999999999989,7.2,-5.34999999999999));
#5038=VECTOR('',#5681,1000.0);
#5039=CARTESIAN_POINT('',(-2.75999999999993,-3.30000000000004,-3.35));
#5040=CARTESIAN_POINT('',(-2.85999999999994,-3.00000000000006,-3.44999999999999));
#5041=VECTOR('',#5682,1000.0);
#5042=CARTESIAN_POINT('',(-2.75999999999992,-3.30000000000004,-3.44999999999999));
#5043=VECTOR('',#5683,1000.0);
#5044=CARTESIAN_POINT('',(-2.31999999999995,-3.30000000000004,-3.35));
#5045=CARTESIAN_POINT('',(-2.31999999999996,-3.30000000000003,-3.35));
#5046=VECTOR('',#5684,1000.0);
#5047=CARTESIAN_POINT('',(-2.31999999999996,-3.30000000000004,-3.13000000000001));
#5048=VECTOR('',#5685,1000.0);
#5049=CARTESIAN_POINT('',(-2.21999999999995,-3.30000000000004,-3.35));
#5050=VECTOR('',#5686,1000.0);
#5051=CARTESIAN_POINT('',(-2.22000000000006,-3.00000000000005,-3.44999999999999));
#5052=VECTOR('',#5687,1000.0);
#5053=CARTESIAN_POINT('',(-2.75999999999993,-3.30000000000004,-5.88999999999999));
#5054=CARTESIAN_POINT('',(-2.85999999999994,-3.00000000000006,-5.98999999999999));
#5055=VECTOR('',#5688,1000.0);
#5056=CARTESIAN_POINT('',(-2.75999999999992,-3.30000000000004,-5.99000000000001));
#5057=VECTOR('',#5689,1000.0);
#5058=CARTESIAN_POINT('',(-2.31999999999995,-3.30000000000004,-5.88999999999999));
#5059=CARTESIAN_POINT('',(-2.31999999999996,-3.30000000000004,-5.88999999999999));
#5060=VECTOR('',#5690,1000.0);
#5061=CARTESIAN_POINT('',(-2.31999999999996,-3.30000000000004,-5.67000000000001));
#5062=VECTOR('',#5691,1000.0);
#5063=CARTESIAN_POINT('',(-2.21999999999995,-3.30000000000004,-5.89));
#5064=VECTOR('',#5692,1000.0);
#5065=CARTESIAN_POINT('',(-2.22000000000005,-3.00000000000005,-5.99));
#5066=VECTOR('',#5693,1000.0);
#5067=CARTESIAN_POINT('',(0.220000000000057,-3.30000000000002,-2.91));
#5068=CARTESIAN_POINT('',(0.320000000000091,-3.30000000000002,-2.91));
#5069=VECTOR('',#5694,1000.0);
#5070=CARTESIAN_POINT('',(0.220000000000041,-3.30000000000003,-3.34999999999999));
#5071=CARTESIAN_POINT('',(0.320000000000091,-3.30000000000002,-3.34999999999999));
#5072=VECTOR('',#5695,1000.0);
#5073=CARTESIAN_POINT('',(0.220000000000028,-3.30000000000002,-3.44999999999997));
#5074=VECTOR('',#5696,1000.0);
#5075=CARTESIAN_POINT('',(0.320000000000093,-3.00000000000003,-3.44999999999999));
#5076=VECTOR('',#5697,1000.0);
#5077=CARTESIAN_POINT('',(0.220000000000041,-3.30000000000002,-2.91000000000001));
#5078=VECTOR('',#5698,1000.0);
#5079=CARTESIAN_POINT('',(0.320000000000089,-3.00000000000002,-3.44999999999998));
#5080=VECTOR('',#5699,1000.0);
#5081=CARTESIAN_POINT('',(-0.219999999999938,-3.30000000000002,-5.88999999999998));
#5082=CARTESIAN_POINT('',(-0.319999999999954,-3.00000000000003,-5.98999999999998));
#5083=VECTOR('',#5700,1000.0);
#5084=CARTESIAN_POINT('',(-0.219999999999931,-3.30000000000002,-5.99));
#5085=VECTOR('',#5701,1000.0);
#5086=CARTESIAN_POINT('',(0.220000000000039,-3.30000000000002,-5.88999999999998));
#5087=CARTESIAN_POINT('',(0.220000000000076,-3.30000000000004,-5.88999999999998));
#5088=VECTOR('',#5702,1000.0);
#5089=CARTESIAN_POINT('',(0.220000000000077,-3.30000000000004,-5.99));
#5090=VECTOR('',#5703,1000.0);
#5091=CARTESIAN_POINT('',(0.320000000000091,-3.30000000000002,-5.88999999999998));
#5092=VECTOR('',#5704,1000.0);
#5093=CARTESIAN_POINT('',(0.319999999999994,-3.00000000000002,-5.98999999999999));
#5094=VECTOR('',#5705,1000.0);
#5095=CARTESIAN_POINT('',(2.32000000000001,-3.3,-2.91000000000001));
#5096=CARTESIAN_POINT('',(2.32,-3.30000000000001,-3.44999999999997));
#5097=VECTOR('',#5706,1000.0);
#5098=CARTESIAN_POINT('',(2.32000000000001,-3.30000000000001,-2.91000000000001));
#5099=VECTOR('',#5707,1000.0);
#5100=CARTESIAN_POINT('',(2.76000000000002,-3.3,-2.91000000000001));
#5101=CARTESIAN_POINT('',(2.86000000000008,-3.29999999999999,-2.91000000000001));
#5102=VECTOR('',#5708,1000.0);
#5103=CARTESIAN_POINT('',(2.76000000000002,-3.29999999999999,-3.44999999999997));
#5104=VECTOR('',#5709,1000.0);
#5105=CARTESIAN_POINT('',(2.86000000000003,-3.0,-2.81));
#5106=VECTOR('',#5710,1000.0);
#5107=CARTESIAN_POINT('',(2.21999999999989,-3.0,-2.80999999999999));
#5108=VECTOR('',#5711,1000.0);
#5109=CARTESIAN_POINT('',(2.32,-3.3,-5.44999999999999));
#5110=CARTESIAN_POINT('',(2.32,-3.3,-5.99));
#5111=VECTOR('',#5712,1000.0);
#5112=CARTESIAN_POINT('',(2.32,-3.3,-5.45));
#5113=VECTOR('',#5713,1000.0);
#5114=CARTESIAN_POINT('',(2.76000000000002,-3.29999999999999,-5.44999999999999));
#5115=CARTESIAN_POINT('',(2.86000000000008,-3.29999999999999,-5.44999999999999));
#5116=VECTOR('',#5714,1000.0);
#5117=CARTESIAN_POINT('',(2.76000000000002,-3.29999999999999,-5.99));
#5118=VECTOR('',#5715,1000.0);
#5119=CARTESIAN_POINT('',(2.86000000000003,-3.0,-5.34999999999999));
#5120=VECTOR('',#5716,1000.0);
#5121=CARTESIAN_POINT('',(2.2199999999999,-3.0,-5.34999999999999));
#5122=VECTOR('',#5717,1000.0);
#5123=CARTESIAN_POINT('',(-2.76000000000004,8.29999999999996,-2.91000000000001));
#5124=CARTESIAN_POINT('',(-2.70000000000004,8.29999999999996,-2.91000000000001));
#5125=VECTOR('',#5718,1000.0);
#5126=CARTESIAN_POINT('',(-2.76000000000004,8.29999999999995,-2.91000000000001));
#5127=VECTOR('',#5719,1000.0);
#5128=CARTESIAN_POINT('',(-2.76000000000004,8.29999999999995,-3.35));
#5129=CARTESIAN_POINT('',(-2.54000000000005,8.29999999999996,-3.35));
#5130=VECTOR('',#5720,1000.0);
#5131=CARTESIAN_POINT('',(-2.76000000000004,8.29999999999996,-3.13));
#5132=VECTOR('',#5721,1000.0);
#5133=CARTESIAN_POINT('',(-2.86000000000003,7.99999999999996,-3.45));
#5134=VECTOR('',#5722,1000.0);
#5135=CARTESIAN_POINT('',(-2.86000000000003,7.99999999999996,-3.44999999999999));
#5136=VECTOR('',#5723,1000.0);
#5137=CARTESIAN_POINT('',(-2.76000000000004,8.29999999999995,-5.44999999999999));
#5138=CARTESIAN_POINT('',(-2.70000000000004,8.29999999999996,-5.45));
#5139=VECTOR('',#5724,1000.0);
#5140=CARTESIAN_POINT('',(-2.76000000000004,8.29999999999995,-5.44999999999999));
#5141=VECTOR('',#5725,1000.0);
#5142=CARTESIAN_POINT('',(-2.76000000000004,8.29999999999995,-5.89));
#5143=CARTESIAN_POINT('',(-2.54000000000005,8.29999999999996,-5.89));
#5144=VECTOR('',#5726,1000.0);
#5145=CARTESIAN_POINT('',(-2.76000000000004,8.29999999999995,-5.67));
#5146=VECTOR('',#5727,1000.0);
#5147=CARTESIAN_POINT('',(-2.86000000000003,7.99999999999996,-5.99));
#5148=VECTOR('',#5728,1000.0);
#5149=CARTESIAN_POINT('',(-2.86000000000003,7.99999999999996,-5.99));
#5150=VECTOR('',#5729,1000.0);
#5151=CARTESIAN_POINT('',(0.219999999999958,8.29999999999999,-5.88999999999998));
#5152=CARTESIAN_POINT('',(0.219999999999966,8.3,-5.44999999999999));
#5153=CARTESIAN_POINT('',(0.219999999999947,8.29999999999998,-5.66999999999999));
#5154=VECTOR('',#5730,1000.0);
#5155=CARTESIAN_POINT('',(-1.14555214907493E-13,8.29999999999998,-5.88999999999998));
#5156=VECTOR('',#5731,1000.0);
#5157=CARTESIAN_POINT('',(-1.14555214907493E-13,8.29999999999998,-5.44999999999999));
#5158=VECTOR('',#5732,1000.0);
#5159=CARTESIAN_POINT('',(0.319999999999988,7.99999999999999,-5.34999999999998));
#5160=VECTOR('',#5733,1000.0);
#5161=CARTESIAN_POINT('',(0.219999999999947,8.29999999999999,-5.88999999999998));
#5162=VECTOR('',#5734,1000.0);
#5163=CARTESIAN_POINT('',(0.319999999999986,7.99999999999999,-5.98999999999999));
#5164=VECTOR('',#5735,1000.0);
#5165=CARTESIAN_POINT('',(-0.220000000000053,8.29999999999999,-2.91));
#5166=CARTESIAN_POINT('',(-0.320000000000048,7.99999999999998,-2.80999999999999));
#5167=VECTOR('',#5736,1000.0);
#5168=CARTESIAN_POINT('',(-0.220000000000055,8.29999999999998,-3.28999999999998));
#5169=VECTOR('',#5737,1000.0);
#5170=CARTESIAN_POINT('',(0.219999999999942,8.3,-2.91));
#5171=CARTESIAN_POINT('',(0.219999999999984,8.30000000000002,-2.91));
#5172=VECTOR('',#5738,1000.0);
#5173=CARTESIAN_POINT('',(0.219999999999986,8.30000000000001,-3.28999999999998));
#5174=VECTOR('',#5739,1000.0);
#5175=CARTESIAN_POINT('',(-1.14555214907493E-13,8.29999999999998,-2.91));
#5176=VECTOR('',#5740,1000.0);
#5177=CARTESIAN_POINT('',(-0.320000000000045,7.99999999999999,-2.80999999999999));
#5178=VECTOR('',#5741,1000.0);
#5179=CARTESIAN_POINT('',(2.3199999999999,8.30000000000001,-2.90999999999999));
#5180=CARTESIAN_POINT('',(2.37999999999994,8.30000000000001,-2.91));
#5181=VECTOR('',#5742,1000.0);
#5182=CARTESIAN_POINT('',(2.31999999999991,8.30000000000001,-2.91));
#5183=VECTOR('',#5743,1000.0);
#5184=CARTESIAN_POINT('',(2.31999999999989,8.30000000000001,-3.34999999999998));
#5185=CARTESIAN_POINT('',(2.53999999999987,8.30000000000001,-3.34999999999998));
#5186=VECTOR('',#5744,1000.0);
#5187=CARTESIAN_POINT('',(2.31999999999991,8.30000000000001,-3.12999999999999));
#5188=VECTOR('',#5745,1000.0);
#5189=CARTESIAN_POINT('',(2.21999999999989,8.00000000000001,-3.44999999999998));
#5190=VECTOR('',#5746,1000.0);
#5191=CARTESIAN_POINT('',(2.21999999999989,8.00000000000001,-3.44999999999998));
#5192=VECTOR('',#5747,1000.0);
#5193=CARTESIAN_POINT('',(2.3199999999999,8.30000000000001,-5.44999999999999));
#5194=CARTESIAN_POINT('',(2.37999999999994,8.30000000000001,-5.44999999999998));
#5195=VECTOR('',#5748,1000.0);
#5196=CARTESIAN_POINT('',(2.31999999999991,8.30000000000001,-5.44999999999998));
#5197=VECTOR('',#5749,1000.0);
#5198=CARTESIAN_POINT('',(2.31999999999989,8.30000000000001,-5.88999999999998));
#5199=CARTESIAN_POINT('',(2.53999999999987,8.30000000000001,-5.88999999999999));
#5200=VECTOR('',#5750,1000.0);
#5201=CARTESIAN_POINT('',(2.31999999999991,8.3,-5.66999999999999));
#5202=VECTOR('',#5751,1000.0);
#5203=CARTESIAN_POINT('',(2.21999999999989,8.00000000000001,-5.98999999999998));
#5204=VECTOR('',#5752,1000.0);
#5205=CARTESIAN_POINT('',(2.21999999999989,8.00000000000001,-5.98999999999999));
#5206=VECTOR('',#5753,1000.0);
#5207=CARTESIAN_POINT('',(1.85398571495332E-14,-9.2476296260392E-14,-7.29999999999997));
#5208=DIRECTION('',(-1.92755279894641E-13,1.0,4.99979831841569E-16));
#5209=DIRECTION('',(-1.0,-1.92755279894641E-13,-1.26212653676395E-44));
#5210=CARTESIAN_POINT('',(0.20000000000005,1.10558510237466E-13,-7.29999999999997));
#5211=DIRECTION('',(-9.63737524282971E-29,4.99979831841569E-16,-1.0));
#5212=DIRECTION('',(1.0,1.92755279894641E-13,1.86839795243285E-44));
#5213=CARTESIAN_POINT('',(-0.200000000000013,3.34563982795978E-14,-7.29999999999997));
#5214=DIRECTION('',(9.63737524282971E-29,-4.99979831841569E-16,1.0));
#5215=DIRECTION('',(-1.0,-1.92755279894641E-13,0.0));
#5216=CARTESIAN_POINT('',(1.79977560632853E-14,-9.35604984328777E-14,-1.50000000000002));
#5217=DIRECTION('',(-1.94923684239617E-13,1.0,1.80102243882406E-15));
#5218=DIRECTION('',(-1.0,-1.94923684239617E-13,4.54641981252461E-44));
#5219=CARTESIAN_POINT('',(0.200000000000052,8.01578117281516E-14,-1.50000000000002));
#5220=DIRECTION('',(-3.51061929173806E-28,1.80102243882406E-15,-1.0));
#5221=DIRECTION('',(1.0,1.94923684239617E-13,7.47359180973181E-44));
#5222=CARTESIAN_POINT('',(-0.200000000000016,2.18833803229137E-15,-1.50000000000002));
#5223=DIRECTION('',(3.51061929173806E-28,-1.80102243882406E-15,1.0));
#5224=DIRECTION('',(-1.0,-1.94923684239617E-13,0.0));
#5225=CARTESIAN_POINT('',(-5.66,-0.300000000000024,-7.29999999999994));
#5226=DIRECTION('',(-9.21571846613156E-15,1.0,1.36734156983049E-15));
#5227=DIRECTION('',(-1.0,-9.21571846613156E-15,0.0));
#5228=CARTESIAN_POINT('',(-5.46000000000012,4.29051620113969E-14,-7.29999999999994));
#5229=DIRECTION('',(-1.22464679914723E-16,0.0,1.0));
#5230=DIRECTION('',(0.0,-1.0,0.0));
#5231=CARTESIAN_POINT('',(-5.66000000000001,-5.27539429584803E-14,-7.29999999999994));
#5232=DIRECTION('',(-9.30827231011975E-15,1.0,1.36734156983049E-15));
#5233=DIRECTION('',(-1.0,-9.30827231011975E-15,2.15728461704579E-45));
#5234=CARTESIAN_POINT('',(-5.8599999999999,3.9181853087351E-14,-7.29999999999994));
#5235=DIRECTION('',(-1.27275876729288E-29,0.0,-1.0));
#5236=DIRECTION('',(0.0,1.0,0.0));
#5237=CARTESIAN_POINT('',(-5.65999999999995,-0.300000000000025,-1.49999999999998));
#5238=DIRECTION('',(-1.46367293285579E-14,1.0,1.36734156983008E-15));
#5239=DIRECTION('',(-1.0,-1.46367293285579E-14,0.0));
#5240=CARTESIAN_POINT('',(-5.46,4.69074833207727E-14,-1.49999999999998));
#5241=DIRECTION('',(-1.22464679914715E-16,-1.44560289664701E-15,1.0));
#5242=DIRECTION('',(0.0,-1.0,-1.44560289664701E-15));
#5243=CARTESIAN_POINT('',(-5.65999999999995,-5.603969895736E-14,-1.49999999999998));
#5244=DIRECTION('',(-1.45124427380498E-14,1.0,1.36734156983008E-15));
#5245=DIRECTION('',(-1.0,-1.45124427380498E-14,4.31456923408975E-45));
#5246=CARTESIAN_POINT('',(-5.8599999999999,4.11025062255543E-14,-1.49999999999998));
#5247=DIRECTION('',(-1.98434662355142E-29,1.44560289664701E-15,-1.0));
#5248=DIRECTION('',(0.0,1.0,1.44560289664701E-15));
#5249=CARTESIAN_POINT('',(5.65999999999994,-0.300000000000032,-7.29999999999997));
#5250=DIRECTION('',(-9.21571846752205E-15,1.0,-3.67381906146716E-16));
#5251=DIRECTION('',(-1.0,-9.21571846752204E-15,0.0));
#5252=CARTESIAN_POINT('',(5.85999999999983,-3.82409397186911E-14,-7.29999999999997));
#5253=DIRECTION('',(-1.22464679914739E-16,0.0,1.0));
#5254=DIRECTION('',(0.0,-1.0,0.0));
#5255=CARTESIAN_POINT('',(5.65999999999993,5.19320288071582E-14,-7.29999999999997));
#5256=DIRECTION('',(-9.30827231011952E-15,1.0,-3.67381906146716E-16));
#5257=DIRECTION('',(-1.0,-9.30827231011953E-15,-5.79626446089569E-46));
#5258=CARTESIAN_POINT('',(5.46000000000004,-4.1964248642737E-14,-7.29999999999997));
#5259=DIRECTION('',(3.4196908242244E-30,0.0,-1.0));
#5260=DIRECTION('',(0.0,1.0,0.0));
#5261=CARTESIAN_POINT('',(5.85999999999988,5.18942526676159E-14,-1.49999999999997));
#5262=DIRECTION('',(-1.2246467991476E-16,2.89120579329462E-15,1.0));
#5263=DIRECTION('',(-4.02531659396488E-47,-1.0,2.89120579329462E-15));
#5264=CARTESIAN_POINT('',(5.65999999999996,5.06641356815987E-14,-1.49999999999997));
#5265=DIRECTION('',(-9.7419531791138E-15,1.0,-2.53578625111805E-15));
#5266=DIRECTION('',(-1.0,-9.7419531791138E-15,0.0));
#5267=CARTESIAN_POINT('',(5.46000000000004,4.79974713959719E-14,-1.49999999999997));
#5268=DIRECTION('',(2.47035109306326E-29,-2.89120579329462E-15,-1.0));
#5269=DIRECTION('',(8.11984749786482E-60,1.0,-2.89120579329462E-15));
#5270=CARTESIAN_POINT('',(5.65999999999996,-0.299999999999956,-1.49999999999997));
#5271=DIRECTION('',(-9.75781955276485E-15,1.0,-2.53578625111805E-15));
#5272=DIRECTION('',(-1.0,-9.75781955276485E-15,0.0));
#5273=DIRECTION('',(-1.0,-4.76559845945578E-62,4.4989821654674E-32));
#5274=DIRECTION('',(-0.0,-1.0,-1.05926146941298E-30));
#5275=DIRECTION('',(-1.0,-4.76559845945578E-62,4.4989821654674E-32));
#5276=DIRECTION('',(0.0,1.0,1.05926146941298E-30));
#5277=DIRECTION('',(-1.0,-4.76559845945578E-62,4.4989821654674E-32));
#5278=DIRECTION('',(-0.0,-1.0,-1.05926146941298E-30));
#5279=DIRECTION('',(-1.0,-4.76559845945578E-62,4.4989821654674E-32));
#5280=DIRECTION('',(0.0,1.0,1.05926146941298E-30));
#5281=DIRECTION('',(1.0,4.76559845945578E-62,-4.4989821654674E-32));
#5282=DIRECTION('',(-0.0,-1.0,-1.05926146941298E-30));
#5283=DIRECTION('',(-1.0,-4.76559845945578E-62,4.4989821654674E-32));
#5284=DIRECTION('',(0.0,1.0,1.05926146941298E-30));
#5285=DIRECTION('',(-1.0,-4.76559845945578E-62,4.4989821654674E-32));
#5286=DIRECTION('',(-0.0,-1.0,-1.05926146941298E-30));
#5287=DIRECTION('',(-1.0,-4.76559845945578E-62,4.4989821654674E-32));
#5288=DIRECTION('',(0.0,1.0,1.05926146941298E-30));
#5289=DIRECTION('',(-0.0,-0.0,-1.0));
#5290=DIRECTION('',(9.30827231011953E-15,-1.0,0.0));
#5291=DIRECTION('',(0.0,0.0,1.0));
#5292=DIRECTION('',(3.41969082422437E-30,-3.67381906146712E-16,-1.0));
#5293=CARTESIAN_POINT('',(0.000380690431398163,8.19999999999997,-8.84999999999995));
#5294=DIRECTION('',(6.93889390390645E-15,-1.0,3.67381906146712E-16));
#5295=DIRECTION('',(-1.0,-6.93889390390645E-15,-2.89813223044684E-46));
#5296=CARTESIAN_POINT('',(-0.00038069043151439,8.19999999999997,-8.84999999999995));
#5297=DIRECTION('',(-6.93889390390645E-15,1.0,-3.67381906146712E-16));
#5298=DIRECTION('',(-1.0,-6.93889390390645E-15,-2.89813223044684E-46));
#5299=DIRECTION('',(-0.0,0.0,-1.0));
#5300=DIRECTION('',(-9.30827231011953E-15,1.0,0.0));
#5301=DIRECTION('',(1.0,-1.49966072182212E-32,-1.22460635382237E-16));
#5302=DIRECTION('',(-9.85989420491336E-45,1.05926146941298E-30,-1.0));
#5303=DIRECTION('',(-1.0,-1.35919515618064E-46,-1.10990372697167E-30));
#5304=DIRECTION('',(-9.85989420491336E-45,1.05926146941298E-30,-1.0));
#5305=DIRECTION('',(-9.85989420491336E-45,1.05926146941298E-30,-1.0));
#5306=CARTESIAN_POINT('',(-5.65999999999998,-5.46437894932694E-14,-8.84999999999998));
#5307=DIRECTION('',(-9.30827231011951E-15,1.0,-1.83690953073356E-16));
#5308=DIRECTION('',(-1.0,-9.30827231011951E-15,0.0));
#5309=DIRECTION('',(9.85989420491336E-45,-1.05926146941298E-30,1.0));
#5310=CARTESIAN_POINT('',(-0.000380690431438062,-2.16840434497101E-16,-8.84999999999995));
#5311=DIRECTION('',(9.30827231011952E-15,-1.0,3.67381906146712E-16));
#5312=DIRECTION('',(-1.0,-9.30827231011953E-15,-5.79626446089367E-46));
#5313=CARTESIAN_POINT('',(0.000380690431474491,-1.0842021724855E-16,-8.84999999999995));
#5314=DIRECTION('',(9.30827231011952E-15,-1.0,3.67381906146712E-16));
#5315=DIRECTION('',(-1.0,-9.30827231011953E-15,-5.79626446089367E-46));
#5316=DIRECTION('',(-9.85989420491336E-45,1.05926146941298E-30,-1.0));
#5317=CARTESIAN_POINT('',(5.65999999999996,5.11743425413158E-14,-8.84999999999998));
#5318=DIRECTION('',(-9.30827231011953E-15,1.0,-1.83690953073356E-16));
#5319=DIRECTION('',(-1.0,-9.30827231011953E-15,0.0));
#5320=DIRECTION('',(9.85989420491336E-45,-1.05926146941298E-30,1.0));
#5321=DIRECTION('',(9.85989420491336E-45,-1.05926146941298E-30,1.0));
#5322=DIRECTION('',(-1.0,-1.43265491812149E-46,-1.16989015584456E-30));
#5323=DIRECTION('',(9.85989420491336E-45,-1.05926146941298E-30,1.0));
#5324=DIRECTION('',(1.0,0.0,1.22460635382239E-16));
#5325=DIRECTION('',(9.85989420491336E-45,-1.05926146941298E-30,1.0));
#5326=DIRECTION('',(-1.0,-9.30827231011953E-15,-0.0));
#5327=DIRECTION('',(-9.85989420491336E-45,1.05926146941298E-30,-1.0));
#5328=DIRECTION('',(9.85989420491336E-45,-1.05926146941298E-30,1.0));
#5329=DIRECTION('',(1.0,9.30827231011953E-15,0.0));
#5330=DIRECTION('',(-9.85989420491336E-45,1.05926146941298E-30,-1.0));
#5331=DIRECTION('',(-1.0,-9.30827231011953E-15,-0.0));
#5332=DIRECTION('',(9.85989420491336E-45,-1.05926146941298E-30,1.0));
#5333=DIRECTION('',(1.0,9.30827231011953E-15,0.0));
#5334=DIRECTION('',(-9.85989420491336E-45,1.05926146941298E-30,-1.0));
#5335=DIRECTION('',(-1.0,-9.30827231011953E-15,-0.0));
#5336=CARTESIAN_POINT('',(-5.66000000000001,-5.27539429584803E-14,-7.29999999999994));
#5337=DIRECTION('',(-9.30827231011975E-15,1.0,1.36734156983049E-15));
#5338=DIRECTION('',(-1.0,-9.30827231011975E-15,2.15728461704579E-45));
#5339=CARTESIAN_POINT('',(-5.65999999999995,-5.603969895736E-14,-1.49999999999998));
#5340=DIRECTION('',(-1.45124427380498E-14,1.0,1.36734156983008E-15));
#5341=DIRECTION('',(-1.0,-1.45124427380498E-14,4.31456923408975E-45));
#5342=CARTESIAN_POINT('',(1.85398571495332E-14,-9.2476296260392E-14,-7.29999999999997));
#5343=DIRECTION('',(-1.92755279894641E-13,1.0,4.99979831841569E-16));
#5344=DIRECTION('',(-1.0,-1.92755279894641E-13,-1.26212653676395E-44));
#5345=DIRECTION('',(-1.0,-9.30827231011953E-15,-0.0));
#5346=DIRECTION('',(9.85989420491336E-45,-1.05926146941298E-30,1.0));
#5347=DIRECTION('',(1.0,9.30827231011953E-15,0.0));
#5348=DIRECTION('',(-9.85989420491336E-45,1.05926146941298E-30,-1.0));
#5349=DIRECTION('',(9.85989420491336E-45,-1.05926146941298E-30,1.0));
#5350=DIRECTION('',(1.0,9.30827231011953E-15,0.0));
#5351=DIRECTION('',(-9.85989420491336E-45,1.05926146941298E-30,-1.0));
#5352=DIRECTION('',(-1.0,-9.30827231011953E-15,-0.0));
#5353=CARTESIAN_POINT('',(1.79977560632853E-14,-9.35604984328777E-14,-1.50000000000002));
#5354=DIRECTION('',(-1.94923684239617E-13,1.0,1.80102243882406E-15));
#5355=DIRECTION('',(-1.0,-1.94923684239617E-13,4.54641981252461E-44));
#5356=DIRECTION('',(-9.85989420491336E-45,1.05926146941298E-30,-1.0));
#5357=DIRECTION('',(-1.0,-9.30827231011953E-15,-0.0));
#5358=DIRECTION('',(9.85989420491336E-45,-1.05926146941298E-30,1.0));
#5359=DIRECTION('',(1.0,9.30827231011953E-15,0.0));
#5360=DIRECTION('',(-9.85989420491336E-45,1.05926146941298E-30,-1.0));
#5361=DIRECTION('',(-1.0,-9.30827231011953E-15,-0.0));
#5362=DIRECTION('',(9.85989420491336E-45,-1.05926146941298E-30,1.0));
#5363=DIRECTION('',(1.0,9.30827231011953E-15,0.0));
#5364=CARTESIAN_POINT('',(5.65999999999993,5.19320288071582E-14,-7.29999999999997));
#5365=DIRECTION('',(-9.30827231011952E-15,1.0,-3.67381906146716E-16));
#5366=DIRECTION('',(-1.0,-9.30827231011953E-15,-5.79626446089569E-46));
#5367=CARTESIAN_POINT('',(5.65999999999996,5.06641356815987E-14,-1.49999999999997));
#5368=DIRECTION('',(-9.7419531791138E-15,1.0,-2.53578625111805E-15));
#5369=DIRECTION('',(-1.0,-9.7419531791138E-15,0.0));
#5370=DIRECTION('',(9.30827231011953E-15,-1.0,0.0));
#5371=DIRECTION('',(-0.0,-0.0,-1.0));
#5372=CARTESIAN_POINT('',(5.65999999999988,8.20000000000003,-8.84999999999998));
#5373=DIRECTION('',(-6.93889390390722E-15,1.0,-1.83690953073356E-16));
#5374=DIRECTION('',(-1.0,-6.93889390390722E-15,0.0));
#5375=DIRECTION('',(1.70984541211218E-30,-1.83690953073356E-16,-1.0));
#5376=DIRECTION('',(-9.30827231011953E-15,1.0,0.0));
#5377=DIRECTION('',(1.22460635382238E-16,1.13989694140813E-30,-1.0));
#5378=DIRECTION('',(9.30827231011953E-15,-1.0,-0.0));
#5379=DIRECTION('',(-1.22460635382238E-16,-1.13989694140813E-30,1.0));
#5380=DIRECTION('',(9.30827231011953E-15,-1.0,-0.0));
#5381=DIRECTION('',(-9.30827231011953E-15,1.0,0.0));
#5382=DIRECTION('',(-9.85989420491336E-45,1.05926146941298E-30,-1.0));
#5383=DIRECTION('',(-1.0,-9.30827231011953E-15,-0.0));
#5384=DIRECTION('',(1.22460635382238E-16,1.13989694140813E-30,1.0));
#5385=DIRECTION('',(1.0,9.30827231011953E-15,0.0));
#5386=DIRECTION('',(9.85989420491336E-45,-1.05926146941298E-30,1.0));
#5387=DIRECTION('',(-1.0,-9.30827231011953E-15,-0.0));
#5388=DIRECTION('',(-9.85989420491336E-45,1.05926146941298E-30,-1.0));
#5389=DIRECTION('',(1.0,9.30827231011953E-15,0.0));
#5390=DIRECTION('',(-1.22460635382238E-16,-1.13989694140813E-30,-1.0));
#5391=DIRECTION('',(-1.0,-9.30827231011953E-15,-0.0));
#5392=DIRECTION('',(1.22460635382238E-16,1.13989694140813E-30,1.0));
#5393=DIRECTION('',(9.30827231011953E-15,-1.0,0.0));
#5394=DIRECTION('',(-9.30827231011953E-15,1.0,-0.0));
#5395=DIRECTION('',(-9.30827231011953E-15,1.0,-0.0));
#5396=DIRECTION('',(9.30827231011953E-15,-1.0,0.0));
#5397=DIRECTION('',(-1.22460635382238E-16,-1.13989694140813E-30,-1.0));
#5398=CARTESIAN_POINT('',(-5.66000000000006,8.19999999999993,-8.84999999999998));
#5399=DIRECTION('',(-6.93889390390722E-15,1.0,-1.83690953073356E-16));
#5400=DIRECTION('',(-1.0,-6.93889390390722E-15,0.0));
#5401=DIRECTION('',(1.70984541211218E-30,-1.83690953073356E-16,-1.0));
#5402=DIRECTION('',(-9.30827231011953E-15,1.0,0.0));
#5403=DIRECTION('',(9.30827231011953E-15,-1.0,3.67381906146712E-16));
#5404=DIRECTION('',(9.30827231011953E-15,-1.0,-0.0));
#5405=DIRECTION('',(0.0,-0.0,1.0));
#5406=DIRECTION('',(-9.30827231011953E-15,1.0,0.0));
#5407=DIRECTION('',(-9.87467113487235E-48,1.0,-8.06354719951471E-32));
#5408=DIRECTION('',(9.87467113487235E-48,-1.0,8.06354719951471E-32));
#5409=DIRECTION('',(-1.0,-0.0,1.22460635382238E-16));
#5410=DIRECTION('',(-0.447213595499963,0.894427190999913,5.47660610565004E-17));
#5411=DIRECTION('',(1.0,0.0,-1.22460635382238E-16));
#5412=DIRECTION('',(-0.447213595499955,-0.894427190999917,5.47660610564997E-17));
#5413=DIRECTION('',(-0.0,-0.0,-1.0));
#5414=DIRECTION('',(-9.30827231011953E-15,1.0,-0.0));
#5415=DIRECTION('',(9.30827231011953E-15,-1.0,0.0));
#5416=DIRECTION('',(1.0,8.34070688849292E-15,2.78023562949761E-15));
#5417=DIRECTION('',(0.688247201611724,-0.229415733870542,0.688247201611653));
#5418=DIRECTION('',(0.6882472016116,0.229415733870591,-0.688247201611761));
#5419=DIRECTION('',(0.688247201611682,0.22941573387056,0.688247201611689));
#5420=DIRECTION('',(-1.22460635382238E-16,-1.13989694140813E-30,-1.0));
#5421=DIRECTION('',(-0.688247201611815,0.229415733870515,0.688247201611571));
#5422=DIRECTION('',(1.0,5.54697026763388E-46,2.26479727559802E-30));
#5423=DIRECTION('',(0.0,-0.0,1.0));
#5424=DIRECTION('',(1.0,8.3407068884929E-15,2.78023562949764E-15));
#5425=DIRECTION('',(0.68824720161172,-0.229415733870546,0.688247201611656));
#5426=DIRECTION('',(0.688247201611591,0.229415733870596,-0.688247201611768));
#5427=DIRECTION('',(0.688247201611686,0.229415733870561,0.688247201611686));
#5428=DIRECTION('',(-1.22460635382238E-16,-1.13989694140813E-30,-1.0));
#5429=DIRECTION('',(-0.688247201611815,0.229415733870519,0.68824720161157));
#5430=DIRECTION('',(1.0,5.54697026763388E-46,2.26479727559802E-30));
#5431=DIRECTION('',(0.0,-0.0,1.0));
#5432=CARTESIAN_POINT('',(-5.66,-0.300000000000024,-7.29999999999994));
#5433=DIRECTION('',(-9.21571846613156E-15,1.0,1.36734156983049E-15));
#5434=DIRECTION('',(-1.0,-9.21571846613156E-15,0.0));
#5435=CARTESIAN_POINT('',(-5.65999999999995,-0.300000000000025,-1.49999999999998));
#5436=DIRECTION('',(-1.46367293285579E-14,1.0,1.36734156983008E-15));
#5437=DIRECTION('',(-1.0,-1.46367293285579E-14,0.0));
#5438=DIRECTION('',(0.68824720161171,0.229415733870569,0.688247201611659));
#5439=DIRECTION('',(1.22460635382237E-17,-3.67381906146711E-17,1.0));
#5440=DIRECTION('',(-0.688247201611678,-0.229415733870558,0.688247201611694));
#5441=DIRECTION('',(1.0,5.54697026763388E-46,2.26479727559802E-30));
#5442=DIRECTION('',(-0.688247201611721,0.229415733870543,0.688247201611656));
#5443=DIRECTION('',(-0.688247201611684,0.229415733870546,-0.688247201611692));
#5444=DIRECTION('',(-1.22460635382238E-16,-1.13989694140813E-30,1.0));
#5445=DIRECTION('',(-1.0,2.99932144364422E-32,1.22460635382235E-16));
#5446=DIRECTION('',(0.688247201611713,0.22941573387056,-0.688247201611659));
#5447=DIRECTION('',(1.0,8.3407068884929E-15,2.78023562949764E-15));
#5448=DIRECTION('',(0.688247201611714,-0.229415733870547,0.688247201611661));
#5449=DIRECTION('',(0.688247201611728,0.229415733870575,0.688247201611638));
#5450=DIRECTION('',(-1.22460635382238E-16,-1.13989694140813E-30,-1.0));
#5451=DIRECTION('',(1.0,5.54697026763388E-46,2.26479727559802E-30));
#5452=DIRECTION('',(-0.688247201611722,0.229415733870547,0.688247201611654));
#5453=DIRECTION('',(-1.22460635382238E-16,-1.13989694140813E-30,1.0));
#5454=DIRECTION('',(-0.688247201611616,0.229415733870575,0.68824720161175));
#5455=DIRECTION('',(-1.0,-8.34070688849292E-15,2.78023562949761E-15));
#5456=DIRECTION('',(-0.688247201611728,-0.229415733870553,-0.688247201611646));
#5457=DIRECTION('',(-0.688247201611586,0.229415733870513,-0.688247201611801));
#5458=DIRECTION('',(-1.22460635382238E-16,-1.13989694140813E-30,1.0));
#5459=DIRECTION('',(-1.0,2.99932144364422E-32,1.22460635382235E-16));
#5460=DIRECTION('',(0.688247201611677,0.229415733870568,-0.688247201611692));
#5461=DIRECTION('',(-1.22460635382238E-16,-1.13989694140813E-30,-1.0));
#5462=DIRECTION('',(-0.688247201611603,0.229415733870583,0.68824720161176));
#5463=DIRECTION('',(-1.0,-8.34070688849289E-15,2.78023562949766E-15));
#5464=DIRECTION('',(-0.688247201611723,-0.229415733870558,-0.688247201611649));
#5465=DIRECTION('',(-0.688247201611565,0.229415733870506,-0.688247201611824));
#5466=DIRECTION('',(-1.22460635382238E-16,-1.13989694140813E-30,1.0));
#5467=DIRECTION('',(-1.0,2.99932144364422E-32,1.22460635382235E-16));
#5468=DIRECTION('',(0.68824720161166,0.229415733870575,-0.688247201611706));
#5469=DIRECTION('',(-1.22460635382238E-16,-1.13989694140813E-30,-1.0));
#5470=CARTESIAN_POINT('',(5.65999999999994,-0.300000000000032,-7.29999999999997));
#5471=DIRECTION('',(-9.21571846752205E-15,1.0,-3.67381906146716E-16));
#5472=DIRECTION('',(-1.0,-9.21571846752204E-15,0.0));
#5473=CARTESIAN_POINT('',(5.65999999999996,-0.299999999999956,-1.49999999999997));
#5474=DIRECTION('',(-9.75781955276485E-15,1.0,-2.53578625111805E-15));
#5475=DIRECTION('',(-1.0,-9.75781955276485E-15,0.0));
#5476=DIRECTION('',(1.0,1.43265491812149E-46,1.16989015584456E-30));
#5477=DIRECTION('',(0.0,1.0,-1.22460635382237E-16));
#5478=DIRECTION('',(1.0,1.43265491812149E-46,1.16989015584456E-30));
#5479=DIRECTION('',(-1.0,-9.30827231011953E-15,-0.0));
#5480=DIRECTION('',(1.13989694140812E-30,-1.22460635382237E-16,-1.0));
#5481=DIRECTION('',(-1.0,-0.0,-1.22460635382239E-16));
#5482=DIRECTION('',(-1.49966072182212E-32,-1.0,1.22460635382236E-16));
#5483=DIRECTION('',(-0.0,0.707106781186547,0.707106781186548));
#5484=DIRECTION('',(1.0,4.71536647275089E-15,-4.71536647275088E-15));
#5485=DIRECTION('',(0.577350269189671,-0.5773502691896,-0.577350269189606));
#5486=DIRECTION('',(-0.577350269189654,0.577350269189634,-0.577350269189588));
#5487=DIRECTION('',(4.88082783557886E-31,4.88082783557902E-31,-1.0));
#5488=DIRECTION('',(-1.0,-4.6541361550597E-15,-4.65413615505977E-15));
#5489=DIRECTION('',(-0.57735026918963,-0.577350269189632,0.577350269189616));
#5490=DIRECTION('',(0.577350269189629,0.57735026918963,0.577350269189618));
#5491=DIRECTION('',(4.88082783557895E-31,-4.88082783557893E-31,1.0));
#5492=DIRECTION('',(0.0,-0.707106781186551,-0.707106781186544));
#5493=DIRECTION('',(1.0,4.59290583736859E-15,-4.59290583736864E-15));
#5494=DIRECTION('',(-1.0,1.49966072182212E-32,1.22460635382237E-16));
#5495=DIRECTION('',(-0.0,1.0,-1.22460635382238E-16));
#5496=DIRECTION('',(-1.0,1.49966072182212E-32,1.22460635382237E-16));
#5497=DIRECTION('',(1.0,9.30827231011953E-15,0.0));
#5498=DIRECTION('',(-1.13989694140812E-30,1.22460635382237E-16,1.0));
#5499=DIRECTION('',(1.0,1.35919515618064E-46,1.10990372697167E-30));
#5500=DIRECTION('',(-0.0,-1.0,1.22460635382237E-16));
#5501=DIRECTION('',(-1.0,-9.30827231011953E-15,0.0));
#5502=DIRECTION('',(9.85989420491336E-45,-1.05926146941298E-30,1.0));
#5503=DIRECTION('',(9.85989420491336E-45,-1.05926146941298E-30,1.0));
#5504=DIRECTION('',(1.0,9.30827231011953E-15,-0.0));
#5505=DIRECTION('',(1.0,9.30827231011953E-15,-0.0));
#5506=DIRECTION('',(-9.85989420491336E-45,1.05926146941298E-30,-1.0));
#5507=DIRECTION('',(1.0,9.30827231011953E-15,-0.0));
#5508=DIRECTION('',(9.85989420491336E-45,-1.05926146941298E-30,1.0));
#5509=DIRECTION('',(1.0,9.30827231011953E-15,-0.0));
#5510=DIRECTION('',(1.0,9.30827231011953E-15,-0.0));
#5511=DIRECTION('',(-9.85989420491336E-45,1.05926146941298E-30,-1.0));
#5512=DIRECTION('',(-9.85989420491336E-45,1.05926146941298E-30,-1.0));
#5513=DIRECTION('',(-1.0,-5.54697026763388E-46,-2.26479727559802E-30));
#5514=DIRECTION('',(9.85989420491336E-45,-1.05926146941298E-30,1.0));
#5515=DIRECTION('',(1.0,-2.99932144364422E-32,-1.22460635382235E-16));
#5516=DIRECTION('',(1.22460635382238E-16,1.13989694140813E-30,1.0));
#5517=DIRECTION('',(-1.0,-5.54697026763388E-46,-2.26479727559802E-30));
#5518=DIRECTION('',(9.85989420491336E-45,-1.05926146941298E-30,1.0));
#5519=DIRECTION('',(1.0,-2.99932144364422E-32,-1.22460635382235E-16));
#5520=DIRECTION('',(1.22460635382238E-16,1.13989694140813E-30,1.0));
#5521=DIRECTION('',(1.0,-2.99932144364422E-32,-1.22460635382235E-16));
#5522=DIRECTION('',(-9.85989420491336E-45,1.05926146941298E-30,-1.0));
#5523=DIRECTION('',(-1.0,-5.54697026763388E-46,-2.26479727559802E-30));
#5524=DIRECTION('',(1.22460635382238E-16,1.13989694140813E-30,-1.0));
#5525=DIRECTION('',(1.22460635382238E-16,1.13989694140813E-30,1.0));
#5526=DIRECTION('',(1.0,9.30827231011953E-15,-0.0));
#5527=DIRECTION('',(1.22460635382238E-16,1.13989694140813E-30,-1.0));
#5528=DIRECTION('',(1.0,-2.99932144364422E-32,-1.22460635382235E-16));
#5529=DIRECTION('',(-1.0,-5.54697026763388E-46,-2.26479727559802E-30));
#5530=DIRECTION('',(9.85989420491336E-45,-1.05926146941298E-30,1.0));
#5531=DIRECTION('',(1.0,-2.99932144364422E-32,-1.22460635382235E-16));
#5532=DIRECTION('',(1.22460635382238E-16,1.13989694140813E-30,1.0));
#5533=DIRECTION('',(-1.0,-5.54697026763388E-46,-2.26479727559802E-30));
#5534=DIRECTION('',(9.85989420491336E-45,-1.05926146941298E-30,1.0));
#5535=DIRECTION('',(1.0,-2.99932144364422E-32,-1.22460635382235E-16));
#5536=DIRECTION('',(1.22460635382238E-16,1.13989694140813E-30,1.0));
#5537=DIRECTION('',(1.68726420997469E-44,-1.39629920968076E-30,1.0));
#5538=DIRECTION('',(-1.0,-1.20838298716824E-14,0.0));
#5539=DIRECTION('',(-1.68726420997469E-44,1.39629920968076E-30,-1.0));
#5540=DIRECTION('',(9.79685083057901E-17,4.89842541528951E-17,1.0));
#5541=DIRECTION('',(0.447213595499958,-0.894427190999916,0.0));
#5542=DIRECTION('',(0.447213595499956,0.894427190999917,0.0));
#5543=DIRECTION('',(-9.30827231011953E-15,1.0,0.0));
#5544=DIRECTION('',(-1.22460635382238E-16,-1.13989694140813E-30,-1.0));
#5545=DIRECTION('',(-9.30827231011953E-15,1.0,0.0));
#5546=DIRECTION('',(-1.13989694140812E-30,1.22460635382237E-16,1.0));
#5547=DIRECTION('',(1.0,9.30827231011953E-15,0.0));
#5548=DIRECTION('',(-1.13989694140812E-30,1.22460635382237E-16,1.0));
#5549=DIRECTION('',(1.0,9.30827231011953E-15,0.0));
#5550=DIRECTION('',(1.13989694140812E-30,-1.22460635382237E-16,-1.0));
#5551=DIRECTION('',(1.0,9.30827231011953E-15,0.0));
#5552=DIRECTION('',(9.30827231011953E-15,-1.0,0.0));
#5553=DIRECTION('',(9.30827231011953E-15,-1.0,0.0));
#5554=DIRECTION('',(0.0,-1.0,2.44921270764476E-16));
#5555=DIRECTION('',(1.0,-2.99932144364422E-32,-1.22460635382235E-16));
#5556=DIRECTION('',(-0.0,1.0,-2.44921270764476E-16));
#5557=DIRECTION('',(0.0,-1.0,2.44921270764476E-16));
#5558=DIRECTION('',(1.0,-2.99932144364422E-32,-1.22460635382235E-16));
#5559=DIRECTION('',(-0.0,1.0,-2.44921270764476E-16));
#5560=DIRECTION('',(9.30827231011953E-15,-1.0,0.0));
#5561=DIRECTION('',(1.22460635382238E-16,1.13989694140813E-30,1.0));
#5562=DIRECTION('',(-9.30827231011953E-15,1.0,-0.0));
#5563=DIRECTION('',(0.0,-1.0,2.44921270764476E-16));
#5564=DIRECTION('',(1.0,-2.99932144364422E-32,-1.22460635382235E-16));
#5565=DIRECTION('',(-0.0,1.0,-2.44921270764476E-16));
#5566=DIRECTION('',(-0.0,-1.0,2.44921270764474E-16));
#5567=DIRECTION('',(-1.0,-5.54697026763388E-46,-2.26479727559802E-30));
#5568=DIRECTION('',(0.0,1.0,-2.44921270764474E-16));
#5569=DIRECTION('',(-0.0,-1.0,2.44921270764474E-16));
#5570=DIRECTION('',(-1.0,-5.54697026763388E-46,-2.26479727559802E-30));
#5571=DIRECTION('',(0.0,1.0,-2.44921270764474E-16));
#5572=DIRECTION('',(-9.30827231011953E-15,1.0,-0.0));
#5573=DIRECTION('',(9.30827231011953E-15,-1.0,0.0));
#5574=DIRECTION('',(9.87467113487235E-48,-1.0,8.06354719951471E-32));
#5575=DIRECTION('',(-9.30827231011953E-15,1.0,0.0));
#5576=DIRECTION('',(0.0,1.0,-3.67381906146712E-16));
#5577=DIRECTION('',(-9.30827231011953E-15,1.0,0.0));
#5578=DIRECTION('',(0.0,1.0,-3.67381906146712E-16));
#5579=DIRECTION('',(-9.30827231011953E-15,1.0,-0.0));
#5580=DIRECTION('',(-9.30827231011953E-15,1.0,0.0));
#5581=DIRECTION('',(0.0,-0.0,1.0));
#5582=DIRECTION('',(9.30827231011953E-15,-1.0,-0.0));
#5583=DIRECTION('',(-9.30827231011953E-15,1.0,0.0));
#5584=DIRECTION('',(0.0,-0.0,1.0));
#5585=DIRECTION('',(9.30827231011953E-15,-1.0,-0.0));
#5586=DIRECTION('',(-9.30827231011953E-15,1.0,-0.0));
#5587=DIRECTION('',(-1.22460635382238E-16,-1.13989694140813E-30,-1.0));
#5588=DIRECTION('',(9.30827231011953E-15,-1.0,0.0));
#5589=DIRECTION('',(0.0,1.0,-2.44921270764474E-16));
#5590=DIRECTION('',(1.0,5.54697026763388E-46,2.26479727559802E-30));
#5591=DIRECTION('',(-0.0,-1.0,2.44921270764474E-16));
#5592=DIRECTION('',(-9.30827231011953E-15,1.0,0.0));
#5593=DIRECTION('',(-1.22460635382238E-16,-1.13989694140813E-30,1.0));
#5594=DIRECTION('',(9.30827231011953E-15,-1.0,-0.0));
#5595=DIRECTION('',(-9.30827231011953E-15,1.0,0.0));
#5596=DIRECTION('',(-1.22460635382238E-16,-1.13989694140813E-30,1.0));
#5597=DIRECTION('',(9.30827231011953E-15,-1.0,-0.0));
#5598=DIRECTION('',(0.301511344577784,-0.904534033733283,-0.301511344577766));
#5599=DIRECTION('',(1.0,9.67565421626643E-16,-2.9026962648799E-15));
#5600=DIRECTION('',(0.30151134457777,0.904534033733288,0.301511344577765));
#5601=DIRECTION('',(9.30827231011953E-15,-1.0,0.0));
#5602=DIRECTION('',(1.22460635382238E-16,1.13989694140813E-30,1.0));
#5603=DIRECTION('',(-0.0,0.0,-1.0));
#5604=DIRECTION('',(-9.30827231011953E-15,1.0,0.0));
#5605=DIRECTION('',(0.301511344577781,-0.904534033733284,-0.301511344577767));
#5606=DIRECTION('',(1.0,9.67565421626643E-16,-2.9026962648799E-15));
#5607=DIRECTION('',(0.301511344577773,0.904534033733287,0.301511344577765));
#5608=DIRECTION('',(9.30827231011953E-15,-1.0,0.0));
#5609=DIRECTION('',(1.22460635382238E-16,1.13989694140813E-30,1.0));
#5610=DIRECTION('',(-0.0,0.0,-1.0));
#5611=DIRECTION('',(-9.30827231011953E-15,1.0,0.0));
#5612=DIRECTION('',(0.301511344577836,-0.904534033733276,0.301511344577736));
#5613=DIRECTION('',(1.83690953073364E-16,6.1230317691137E-17,1.0));
#5614=DIRECTION('',(-0.301511344577829,0.904534033733257,0.3015113445778));
#5615=DIRECTION('',(-0.0,-1.0,2.44921270764474E-16));
#5616=DIRECTION('',(-1.0,-5.54697026763388E-46,-2.26479727559802E-30));
#5617=DIRECTION('',(1.0,-2.99932144364422E-32,-1.22460635382235E-16));
#5618=DIRECTION('',(-0.0,1.0,-2.44921270764476E-16));
#5619=DIRECTION('',(0.301511344577785,-0.904534033733283,-0.301511344577765));
#5620=DIRECTION('',(1.0,9.67565421626643E-16,-2.9026962648799E-15));
#5621=DIRECTION('',(0.301511344577936,0.904534033733238,0.30151134457775));
#5622=DIRECTION('',(9.30827231011953E-15,-1.0,0.0));
#5623=DIRECTION('',(1.22460635382238E-16,1.13989694140813E-30,1.0));
#5624=DIRECTION('',(1.22460635382238E-16,1.13989694140813E-30,-1.0));
#5625=DIRECTION('',(-9.30827231011953E-15,1.0,0.0));
#5626=DIRECTION('',(-1.0,-8.94089040397303E-16,-2.68226712119187E-15));
#5627=DIRECTION('',(-0.301511344577854,0.904534033733262,-0.30151134457776));
#5628=DIRECTION('',(-0.301511344577777,-0.904534033733286,0.301511344577765));
#5629=DIRECTION('',(9.30827231011953E-15,-1.0,-0.0));
#5630=DIRECTION('',(1.22460635382238E-16,1.13989694140813E-30,-1.0));
#5631=DIRECTION('',(1.22460635382238E-16,1.13989694140813E-30,1.0));
#5632=DIRECTION('',(-9.30827231011953E-15,1.0,-0.0));
#5633=DIRECTION('',(-1.0,-8.94089040397303E-16,-2.68226712119187E-15));
#5634=DIRECTION('',(-0.301511344577807,0.904534033733277,-0.301511344577762));
#5635=DIRECTION('',(-0.301511344577778,-0.904534033733285,0.301511344577765));
#5636=DIRECTION('',(9.30827231011953E-15,-1.0,-0.0));
#5637=DIRECTION('',(1.22460635382238E-16,1.13989694140813E-30,-1.0));
#5638=DIRECTION('',(1.22460635382238E-16,1.13989694140813E-30,1.0));
#5639=DIRECTION('',(-9.30827231011953E-15,1.0,-0.0));
#5640=DIRECTION('',(0.301511344577756,-0.90453403373329,0.301511344577773));
#5641=DIRECTION('',(-0.301511344577758,0.904534033733295,0.301511344577756));
#5642=DIRECTION('',(1.83690953073354E-16,6.12303176911163E-17,1.0));
#5643=DIRECTION('',(0.0,1.0,-2.44921270764474E-16));
#5644=DIRECTION('',(1.0,5.54697026763388E-46,2.26479727559802E-30));
#5645=DIRECTION('',(-1.0,2.99932144364422E-32,1.22460635382235E-16));
#5646=DIRECTION('',(0.0,-1.0,2.44921270764476E-16));
#5647=DIRECTION('',(0.301511344577758,-0.904534033733296,0.301511344577755));
#5648=DIRECTION('',(-0.301511344577755,0.904534033733289,0.301511344577776));
#5649=DIRECTION('',(1.83690953073354E-16,6.12303176911163E-17,1.0));
#5650=DIRECTION('',(0.0,1.0,-2.44921270764474E-16));
#5651=DIRECTION('',(1.0,5.54697026763388E-46,2.26479727559802E-30));
#5652=DIRECTION('',(-1.0,2.99932144364422E-32,1.22460635382235E-16));
#5653=DIRECTION('',(0.0,-1.0,2.44921270764476E-16));
#5654=DIRECTION('',(0.301511344577738,0.904534033733295,-0.301511344577777));
#5655=DIRECTION('',(-3.67381906146764E-17,1.22460635382244E-17,-1.0));
#5656=DIRECTION('',(-0.301511344577739,-0.904534033733296,-0.301511344577773));
#5657=DIRECTION('',(-0.0,1.0,-2.44921270764476E-16));
#5658=DIRECTION('',(-1.0,2.99932144364422E-32,1.22460635382235E-16));
#5659=DIRECTION('',(1.0,5.54697026763388E-46,2.26479727559802E-30));
#5660=DIRECTION('',(-0.0,-1.0,2.44921270764474E-16));
#5661=DIRECTION('',(0.301511344577734,0.904534033733298,0.30151134457777));
#5662=DIRECTION('',(1.0,9.67565421626648E-16,-2.9026962648799E-15));
#5663=DIRECTION('',(0.30151134457793,-0.904534033733239,-0.301511344577752));
#5664=DIRECTION('',(-9.30827231011953E-15,1.0,-0.0));
#5665=DIRECTION('',(-1.22460635382238E-16,-1.13989694140813E-30,-1.0));
#5666=DIRECTION('',(-1.22460635382238E-16,-1.13989694140813E-30,1.0));
#5667=DIRECTION('',(9.30827231011953E-15,-1.0,-0.0));
#5668=DIRECTION('',(0.301511344577756,-0.904534033733291,0.301511344577771));
#5669=DIRECTION('',(-0.301511344577757,0.904534033733295,0.301511344577758));
#5670=DIRECTION('',(-3.67381906146762E-17,-1.22460635382251E-17,1.0));
#5671=DIRECTION('',(0.0,1.0,-2.44921270764474E-16));
#5672=DIRECTION('',(1.0,5.54697026763388E-46,2.26479727559802E-30));
#5673=DIRECTION('',(-1.0,2.99932144364422E-32,1.22460635382235E-16));
#5674=DIRECTION('',(0.0,-1.0,2.44921270764476E-16));
#5675=DIRECTION('',(0.301511344577756,-0.904534033733288,0.301511344577779));
#5676=DIRECTION('',(-0.301511344577756,0.904534033733291,0.301511344577772));
#5677=DIRECTION('',(-3.67381906146762E-17,-1.22460635382251E-17,1.0));
#5678=DIRECTION('',(0.0,1.0,-2.44921270764474E-16));
#5679=DIRECTION('',(1.0,5.54697026763388E-46,2.26479727559802E-30));
#5680=DIRECTION('',(-1.0,2.99932144364422E-32,1.22460635382235E-16));
#5681=DIRECTION('',(0.0,-1.0,2.44921270764476E-16));
#5682=DIRECTION('',(0.301511344577835,-0.904534033733273,0.301511344577745));
#5683=DIRECTION('',(1.83690953073364E-16,6.1230317691137E-17,1.0));
#5684=DIRECTION('',(0.301511344577818,0.904534033733276,-0.301511344577755));
#5685=DIRECTION('',(-3.67381906146536E-17,1.22460635382202E-17,-1.0));
#5686=DIRECTION('',(1.0,9.30827231011953E-15,0.0));
#5687=DIRECTION('',(-1.0,-5.54697026763388E-46,-2.26479727559802E-30));
#5688=DIRECTION('',(0.301511344577832,-0.904534033733266,0.301511344577769));
#5689=DIRECTION('',(1.83690953073364E-16,6.1230317691137E-17,1.0));
#5690=DIRECTION('',(0.301511344577815,0.90453403373327,-0.301511344577775));
#5691=DIRECTION('',(-3.67381906146536E-17,1.22460635382202E-17,-1.0));
#5692=DIRECTION('',(1.0,9.30827231011953E-15,0.0));
#5693=DIRECTION('',(-1.0,-5.54697026763388E-46,-2.26479727559802E-30));
#5694=DIRECTION('',(-1.0,-9.30827231011953E-15,-0.0));
#5695=DIRECTION('',(1.0,9.30827231011953E-15,0.0));
#5696=DIRECTION('',(-2.27979388281624E-30,2.44921270764474E-16,1.0));
#5697=DIRECTION('',(-0.301511344577944,-0.904534033733236,0.301511344577748));
#5698=DIRECTION('',(0.301511344577905,0.904534033733248,0.301511344577751));
#5699=DIRECTION('',(1.22460635382238E-16,1.13989694140813E-30,-1.0));
#5700=DIRECTION('',(0.301511344577832,-0.904534033733265,0.301511344577773));
#5701=DIRECTION('',(1.83690953073364E-16,6.1230317691137E-17,1.0));
#5702=DIRECTION('',(0.301511344577818,0.904534033733279,-0.301511344577744));
#5703=DIRECTION('',(1.83690953073365E-16,-6.12303176911336E-17,-1.0));
#5704=DIRECTION('',(1.0,9.30827231011953E-15,0.0));
#5705=DIRECTION('',(-1.0,-5.54697026763388E-46,-2.26479727559802E-30));
#5706=DIRECTION('',(1.83690953073364E-16,6.1230317691137E-17,1.0));
#5707=DIRECTION('',(-0.301511344577831,0.904534033733263,0.30151134457778));
#5708=DIRECTION('',(-1.0,-9.30827231011953E-15,-0.0));
#5709=DIRECTION('',(-2.27979388281624E-30,2.44921270764474E-16,1.0));
#5710=DIRECTION('',(-0.301511344577813,-0.904534033733265,-0.301511344577791));
#5711=DIRECTION('',(1.0,-2.99932144364422E-32,-1.22460635382235E-16));
#5712=DIRECTION('',(1.83690953073364E-16,6.1230317691137E-17,1.0));
#5713=DIRECTION('',(-0.301511344577832,0.904534033733265,0.301511344577773));
#5714=DIRECTION('',(-1.0,-9.30827231011953E-15,-0.0));
#5715=DIRECTION('',(-2.27979388281624E-30,2.44921270764474E-16,1.0));
#5716=DIRECTION('',(-0.301511344577815,-0.90453403373327,-0.301511344577777));
#5717=DIRECTION('',(1.0,-2.99932144364422E-32,-1.22460635382235E-16));
#5718=DIRECTION('',(-1.0,-8.94089040397307E-16,-2.68226712119188E-15));
#5719=DIRECTION('',(-0.301511344577732,-0.904534033733299,0.30151134457777));
#5720=DIRECTION('',(1.0,9.30827231011953E-15,0.0));
#5721=DIRECTION('',(2.27979388281624E-30,-2.44921270764474E-16,-1.0));
#5722=DIRECTION('',(0.301511344577737,0.904534033733297,0.301511344577771));
#5723=DIRECTION('',(-1.22460635382238E-16,-1.13989694140813E-30,-1.0));
#5724=DIRECTION('',(-1.0,-8.94089040397307E-16,-2.68226712119188E-15));
#5725=DIRECTION('',(-0.301511344577739,-0.904534033733297,0.301511344577771));
#5726=DIRECTION('',(1.0,9.30827231011953E-15,0.0));
#5727=DIRECTION('',(2.27979388281624E-30,-2.44921270764474E-16,-1.0));
#5728=DIRECTION('',(0.301511344577731,0.9045340337333,0.301511344577768));
#5729=DIRECTION('',(-1.22460635382238E-16,-1.13989694140813E-30,-1.0));
#5730=DIRECTION('',(-2.27979388281624E-30,2.44921270764474E-16,1.0));
#5731=DIRECTION('',(1.0,9.30827231011953E-15,0.0));
#5732=DIRECTION('',(-1.0,-9.30827231011953E-15,-0.0));
#5733=DIRECTION('',(-0.301511344577867,0.904534033733259,-0.301511344577757));
#5734=DIRECTION('',(0.301511344577871,-0.904534033733256,-0.301511344577761));
#5735=DIRECTION('',(-1.22460635382238E-16,-1.13989694140813E-30,1.0));
#5736=DIRECTION('',(0.301511344577737,0.90453403373329,-0.301511344577793));
#5737=DIRECTION('',(-3.67381906146764E-17,1.22460635382244E-17,-1.0));
#5738=DIRECTION('',(0.301511344577756,-0.904534033733292,0.301511344577769));
#5739=DIRECTION('',(-3.67381906146762E-17,-1.22460635382251E-17,1.0));
#5740=DIRECTION('',(-1.0,-9.30827231011953E-15,-0.0));
#5741=DIRECTION('',(-1.0,2.99932144364422E-32,1.22460635382235E-16));
#5742=DIRECTION('',(-1.0,-8.94089040397307E-16,-2.68226712119188E-15));
#5743=DIRECTION('',(-0.301511344577817,-0.904534033733274,0.301511344577761));
#5744=DIRECTION('',(1.0,9.30827231011953E-15,0.0));
#5745=DIRECTION('',(2.27979388281624E-30,-2.44921270764474E-16,-1.0));
#5746=DIRECTION('',(0.301511344577809,0.904534033733276,0.301511344577763));
#5747=DIRECTION('',(-1.22460635382238E-16,-1.13989694140813E-30,-1.0));
#5748=DIRECTION('',(-1.0,-8.94089040397307E-16,-2.68226712119188E-15));
#5749=DIRECTION('',(-0.301511344577815,-0.904534033733274,0.301511344577763));
#5750=DIRECTION('',(1.0,9.30827231011953E-15,0.0));
#5751=DIRECTION('',(2.27979388281624E-30,-2.44921270764474E-16,-1.0));
#5752=DIRECTION('',(0.301511344577813,0.904534033733275,0.301511344577761));
#5753=DIRECTION('',(-1.22460635382238E-16,-1.13989694140813E-30,-1.0));
#5754=PRESENTATION_LAYER_ASSIGNMENT('','',(#24,#46,#47,#48,#49,#50,#51,#52,#53,#54,#55,#56,#57,#58,#59,#60,#61,#62,#63,#64,#65,#66,#67,#68,#69,#70,#71,#72,#73,#74,#75,#76,#77,#78,#79,#80,#81,#82,#83,#84,#85,#86,#87,#88,#89,#90,#91,#92,#93,#94,#95,#96,#97,#98,#99,#100,#101,#102,#103,#104,#105,#106,#107,#108,#109,#110,#111,#112,#113,#114,#115,#116,#117,#118,#119,#120,#121,#122,#123,#124,#125,#126,#127,#128,#129,#130,#131,#132,#133,#134,#135,#136,#137,#138,#139,#140,#141,#142,#143,#144,#145,#146,#147,#148,#149,#150,#151,#152,#153,#154,#155,#156,#157,#158,#159,#160,#161,#162,#163,#164,#165,#166,#167,#168,#169,#170,#171,#172,#173,#174,#175,#176,#177,#178,#179,#180,#181,#182,#183,#184,#185,#186,#187,#188,#189,#190,#191,#192,#193,#194,#195,#196,#197,#198,#199,#200,#201,#202,#203,#204,#205,#206,#207,#208,#209,#210,#211,#212,#213,#214,#215,#216,#217,#218,#219,#220,#221,#222,#223,#224,#225,#226,#227,#228,#229,#230,#231,#232,#233,#234,#235,#236,#237,#238,#239,#240,#241,#242,#243,#244,#245,#2707,#2708,#2709,#2710,#2711,#2712,#2713,#2714,#2715,#2716,#2717,#2718,#2719,#2720,#2721,#2722,#2723,#2724,#2725,#2726,#2727,#2728,#2729,#2730,#2731,#2732,#2733,#2734,#2735,#2736,#2737,#2738,#2739,#2740,#2741,#2742,#2743,#2744,#2745,#2746,#2747,#2748,#2749,#2750,#2751,#2752,#2753,#2754,#2755,#2756,#2757,#2758,#2759,#2760,#2761,#2762,#2763,#2764,#2765,#2766,#2767,#2768,#2769,#2770,#2771,#2772,#2773,#2774,#2775,#2776,#2777,#2778,#2779,#2780,#2781,#2782,#2783,#2784,#2785,#2786,#2787,#2788,#2789,#2790,#2791,#2792,#2793,#2794,#2795,#2796,#2797,#2798,#2799,#2800,#2801,#2802,#2803,#2804,#2805,#2806,#2807,#2808,#2809,#2810,#2811,#2812,#2813,#2814,#2815,#2816,#2817,#2818,#2819,#2820,#2821,#2822,#2823,#2824,#2825,#2826,#2827,#2828,#2829,#2830,#2831,#2832,#2833,#2834,#2835,#2836,#2837,#2838,#2839,#2840,#2841,#2842,#2843,#2844,#2845,#2846,#2847,#2848,#2849,#2850,#2851,#2852,#2853,#2854,#2855,#2856,#2857,#2858,#2859,#2860,#2861,#2862,#2863,#2864,#2865,#2866,#2867,#2868,#2869,#2870,#2871,#2872,#2873,#2874,#2875,#2876,#2877,#2878,#2879,#2880,#2881,#2882,#2883,#2884,#2885,#2886,#2887,#2888,#2889,#2890,#2891,#2892,#2893,#2894,#2895,#2896,#2897,#2898,#2899,#2900,#2901,#2902,#2903,#2904,#2905,#2906,#2907,#2908,#2909,#2910,#2911,#2912,#2913,#2914,#2915,#2916,#2917,#2918,#2919,#2920,#2921,#2922,#2923,#2924,#2925,#2926,#2927,#2928,#2929,#2930,#2931,#2932,#2933,#2934,#2935,#2936,#2937,#2938,#2939,#2940,#2941,#2942,#2943,#2944,#2945,#2946,#2947,#2948,#2949,#2950,#2951,#2952,#2953,#2954,#2955,#2956,#2957,#2958,#2959,#2960,#2961,#2962,#2963,#2964,#2965,#2966,#2967,#2968,#2969,#2970,#2971,#2972,#2973,#2974,#2975,#2976,#2977,#2978,#2979,#2980,#2981,#2982,#2983,#2984,#2985,#2986,#2987,#2988,#2989,#2990,#2991,#2992,#2993,#2994,#2995,#2996,#2997,#2998,#2999,#3000,#3001,#3002,#3003,#3004,#3005,#3006,#3007,#3008,#3009,#3010,#3011,#3012,#3013,#3014,#3015,#3016,#3017,#3018,#3019,#3020,#3021,#3022,#3023,#3024,#3025,#3026,#3027,#3028,#3029,#3030,#3031,#3032,#3033,#3034,#3035,#3036,#3037,#3038,#3039,#3040,#3041,#3042,#3043,#3044,#3045,#3046,#3047,#3048,#3049,#3050,#3051,#3052,#3053,#3054,#3055,#3056,#3057,#3058,#3059,#3060,#3061,#3062,#3063,#3064,#3065,#3066,#3067,#3068,#3069,#3070,#3071,#3072,#3073,#3074,#3075,#3076,#3077,#3078,#3079,#3080,#3081,#3082,#3083,#3084,#3085,#3086,#3087,#3088,#3089,#3090,#3091,#3092,#3093,#3094,#3095,#3096,#3097,#3098,#3099,#3100,#3101,#3102,#3103,#3104,#3105,#3106,#3107,#3108,#3109,#3110,#3111,#3112,#3113,#3114,#3115,#3116,#3117,#3118,#3119,#3120,#3121,#3122,#3123,#3124,#3125,#3126,#3127,#3128,#3129,#3130,#3131,#3132,#3133,#3134,#3135,#3136,#3137,#3138,#3139,#3140,#3141,#3142,#3143,#3144,#3145,#3146,#3147,#3148,#3149,#3150,#3151,#3152,#3153,#3154,#3155,#3156,#3157,#3158,#3159,#3160,#3161,#3162,#3163,#3164,#3165,#3166,#3167,#3168,#3169,#3170,#3171,#3172,#3173,#3174,#3175,#3176,#3177,#3178,#3179,#3180,#3181,#3183,#3185,#3188,#3189,#3191,#3193,#3196,#3197,#3199,#3201,#3204,#3205,#3207,#3209,#3212,#3213,#3215,#3217,#3220,#3221,#3223,#3225,#3227,#3230,#3231,#3233,#3235,#3237,#3239,#3241,#3243,#3245,#3247,#3249,#3251,#3253,#3255,#3257,#3259,#3262,#3264,#3267,#3269,#3272,#3275,#3276,#3278,#3280,#3283,#3285,#3288,#3291,#3293,#3296,#3298,#3300,#3302,#3304,#3306,#3309,#3310,#3312,#3314,#3317,#3318,#3320,#3322,#3328,#3329,#3331,#3333,#3336,#3337,#3339,#3341,#3345,#3346,#3348,#3350,#3353,#3354,#3356,#3358,#3363,#3366,#3370,#3371,#3374,#3378,#3380,#3382,#3384,#3386,#3388,#3390,#3392,#3394,#3397,#3398,#3403,#3406,#3411,#3413,#3416,#3418,#3421,#3422,#3424,#3427,#3428,#3432,#3433,#3437,#3440,#3444,#3445,#3449,#3452,#3459,#3461,#3464,#3467,#3471,#3473,#3476,#3479,#3484,#3486,#3489,#3492,#3496,#3498,#3501,#3504,#3509,#3512,#3514,#3517,#3520,#3523,#3525,#3528,#3531,#3534,#3537,#3540,#3542,#3545,#3548,#3551,#3552,#3555,#3557,#3559,#3561,#3563,#3565,#3567,#3569,#3573,#3574,#3576,#3578,#3581,#3582,#3584,#3586,#3589,#3590,#3592,#3594,#3597,#3598,#3600,#3602,#3605,#3606,#3608,#3610,#3613,#3614,#3616,#3618,#3621,#3623,#3626,#3631,#3634,#3636,#3638,#3640,#3642,#3647,#3649,#3652,#3654,#3657,#3659,#3662,#3664,#3667,#3669,#3672,#3674,#3685,#3687,#3690,#3692,#3695,#3697,#3700,#3702,#3705,#3707,#3710,#3712,#3715,#3717,#3720,#3723,#3726,#3728,#3731,#3734,#3737,#3739,#3742,#3745,#3748,#3750,#3753,#3756,#3759,#3760,#3764,#3767,#3770,#3771,#3775,#3778,#3781,#3783,#3786,#3789,#3792,#3794,#3797,#3800,#3803,#3805,#3808,#3811,#3814,#3816,#3819,#3822,#3825,#3827,#3830,#3833,#3836,#3838,#3841,#3844,#3847,#3850,#3855,#3858,#3863,#3865,#3871,#3874,#3879,#3882,#3887,#3890,#3895,#3898,#3903,#3906,#3911,#3912,#3919,#3922,#3927,#3930,#3935,#3938));
ENDSEC;
END-ISO-10303-21;
