ISO-10303-21;
HEADER;
/* Generated by software containing ST-Developer
 * from STEP Tools, Inc. (www.steptools.com) 
 */
/* OPTION: using custom renumber hook */

FILE_DESCRIPTION(
/* description */ ('STEP AP214'),
/* implementation_level */ '2;1');

FILE_NAME(
/* name */ 'SSW-115-22-S-T-RA',
/* time_stamp */ '2025-09-12T14:23:35+02:00',
/* author */ ('License CC BY-ND 4.0'),
/* organization */ ('CADENAS'),
/* preprocessor_version */ 'ST-DEVELOPER v19.3',
/* originating_system */ 'PARTsolutions',
/* authorisation */ '  ');

FILE_SCHEMA (('AUTOMOTIVE_DESIGN {1 0 10303 214 3 1 1}'));
ENDSEC;

DATA;
#10=PROPERTY_DEFINITION_REPRESENTATION(#14,#12);
#11=PROPERTY_DEFINITION_REPRESENTATION(#15,#13);
#12=REPRESENTATION('',(#16),#23945);
#13=REPRESENTATION('',(#17),#23945);
#14=PROPERTY_DEFINITION('pmi validation property','',#23957);
#15=PROPERTY_DEFINITION('pmi validation property','',#23957);
#16=VALUE_REPRESENTATION_ITEM('number of annotations',COUNT_MEASURE(0.));
#17=VALUE_REPRESENTATION_ITEM('number of views',COUNT_MEASURE(0.));
#18=CYLINDRICAL_SURFACE('',#15685,0.032);
#19=CYLINDRICAL_SURFACE('',#15686,0.032);
#20=CYLINDRICAL_SURFACE('',#15687,0.032);
#21=CYLINDRICAL_SURFACE('',#15688,0.032);
#22=CYLINDRICAL_SURFACE('',#15689,0.032);
#23=CYLINDRICAL_SURFACE('',#15690,0.032);
#24=CYLINDRICAL_SURFACE('',#15691,0.032);
#25=CYLINDRICAL_SURFACE('',#15692,0.032);
#26=CYLINDRICAL_SURFACE('',#15693,0.032);
#27=CYLINDRICAL_SURFACE('',#15694,0.032);
#28=CYLINDRICAL_SURFACE('',#15695,0.032);
#29=CYLINDRICAL_SURFACE('',#15696,0.032);
#30=CYLINDRICAL_SURFACE('',#15697,0.032);
#31=CYLINDRICAL_SURFACE('',#15698,0.032);
#32=CYLINDRICAL_SURFACE('',#15699,0.032);
#33=CYLINDRICAL_SURFACE('',#15700,0.016);
#34=CYLINDRICAL_SURFACE('',#15701,0.016);
#35=CYLINDRICAL_SURFACE('',#15702,0.016);
#36=CYLINDRICAL_SURFACE('',#15703,0.016);
#37=CYLINDRICAL_SURFACE('',#15704,0.016);
#38=CYLINDRICAL_SURFACE('',#15705,0.016);
#39=CYLINDRICAL_SURFACE('',#15706,0.016);
#40=CYLINDRICAL_SURFACE('',#15707,0.016);
#41=CYLINDRICAL_SURFACE('',#15708,0.016);
#42=CYLINDRICAL_SURFACE('',#15709,0.016);
#43=CYLINDRICAL_SURFACE('',#15710,0.016);
#44=CYLINDRICAL_SURFACE('',#15711,0.016);
#45=CYLINDRICAL_SURFACE('',#15712,0.016);
#46=CYLINDRICAL_SURFACE('',#15713,0.016);
#47=CYLINDRICAL_SURFACE('',#15714,0.016);
#48=CYLINDRICAL_SURFACE('',#15745,0.032);
#49=CYLINDRICAL_SURFACE('',#15746,0.032);
#50=CYLINDRICAL_SURFACE('',#15747,0.032);
#51=CYLINDRICAL_SURFACE('',#15748,0.032);
#52=CYLINDRICAL_SURFACE('',#15749,0.032);
#53=CYLINDRICAL_SURFACE('',#15750,0.032);
#54=CYLINDRICAL_SURFACE('',#15751,0.032);
#55=CYLINDRICAL_SURFACE('',#15752,0.032);
#56=CYLINDRICAL_SURFACE('',#15753,0.032);
#57=CYLINDRICAL_SURFACE('',#15754,0.032);
#58=CYLINDRICAL_SURFACE('',#15755,0.032);
#59=CYLINDRICAL_SURFACE('',#15756,0.032);
#60=CYLINDRICAL_SURFACE('',#15757,0.032);
#61=CYLINDRICAL_SURFACE('',#15758,0.032);
#62=CYLINDRICAL_SURFACE('',#15759,0.032);
#63=CYLINDRICAL_SURFACE('',#15760,0.016);
#64=CYLINDRICAL_SURFACE('',#15761,0.016);
#65=CYLINDRICAL_SURFACE('',#15762,0.016);
#66=CYLINDRICAL_SURFACE('',#15763,0.016);
#67=CYLINDRICAL_SURFACE('',#15764,0.016);
#68=CYLINDRICAL_SURFACE('',#15765,0.016);
#69=CYLINDRICAL_SURFACE('',#15766,0.016);
#70=CYLINDRICAL_SURFACE('',#15767,0.016);
#71=CYLINDRICAL_SURFACE('',#15768,0.016);
#72=CYLINDRICAL_SURFACE('',#15769,0.016);
#73=CYLINDRICAL_SURFACE('',#15770,0.016);
#74=CYLINDRICAL_SURFACE('',#15771,0.016);
#75=CYLINDRICAL_SURFACE('',#15772,0.016);
#76=CYLINDRICAL_SURFACE('',#15773,0.016);
#77=CYLINDRICAL_SURFACE('',#15774,0.016);
#78=CYLINDRICAL_SURFACE('',#15805,0.032);
#79=CYLINDRICAL_SURFACE('',#15806,0.032);
#80=CYLINDRICAL_SURFACE('',#15807,0.032);
#81=CYLINDRICAL_SURFACE('',#15808,0.032);
#82=CYLINDRICAL_SURFACE('',#15809,0.032);
#83=CYLINDRICAL_SURFACE('',#15810,0.032);
#84=CYLINDRICAL_SURFACE('',#15811,0.032);
#85=CYLINDRICAL_SURFACE('',#15812,0.032);
#86=CYLINDRICAL_SURFACE('',#15813,0.032);
#87=CYLINDRICAL_SURFACE('',#15814,0.032);
#88=CYLINDRICAL_SURFACE('',#15815,0.032);
#89=CYLINDRICAL_SURFACE('',#15816,0.032);
#90=CYLINDRICAL_SURFACE('',#15817,0.032);
#91=CYLINDRICAL_SURFACE('',#15818,0.032);
#92=CYLINDRICAL_SURFACE('',#15819,0.032);
#93=CYLINDRICAL_SURFACE('',#15820,0.016);
#94=CYLINDRICAL_SURFACE('',#15821,0.016);
#95=CYLINDRICAL_SURFACE('',#15822,0.016);
#96=CYLINDRICAL_SURFACE('',#15823,0.016);
#97=CYLINDRICAL_SURFACE('',#15824,0.016);
#98=CYLINDRICAL_SURFACE('',#15825,0.016);
#99=CYLINDRICAL_SURFACE('',#15826,0.016);
#100=CYLINDRICAL_SURFACE('',#15827,0.016);
#101=CYLINDRICAL_SURFACE('',#15828,0.016);
#102=CYLINDRICAL_SURFACE('',#15829,0.016);
#103=CYLINDRICAL_SURFACE('',#15830,0.016);
#104=CYLINDRICAL_SURFACE('',#15831,0.016);
#105=CYLINDRICAL_SURFACE('',#15832,0.016);
#106=CYLINDRICAL_SURFACE('',#15833,0.016);
#107=CYLINDRICAL_SURFACE('',#15834,0.016);
#108=CIRCLE('',#15384,0.016);
#109=CIRCLE('',#15385,0.032);
#110=CIRCLE('',#15387,0.016);
#111=CIRCLE('',#15388,0.032);
#112=CIRCLE('',#15390,0.032);
#113=CIRCLE('',#15391,0.016);
#114=CIRCLE('',#15393,0.016);
#115=CIRCLE('',#15394,0.032);
#116=CIRCLE('',#15396,0.032);
#117=CIRCLE('',#15397,0.016);
#118=CIRCLE('',#15399,0.016);
#119=CIRCLE('',#15400,0.032);
#120=CIRCLE('',#15402,0.032);
#121=CIRCLE('',#15403,0.016);
#122=CIRCLE('',#15405,0.016);
#123=CIRCLE('',#15406,0.032);
#124=CIRCLE('',#15408,0.032);
#125=CIRCLE('',#15409,0.016);
#126=CIRCLE('',#15411,0.016);
#127=CIRCLE('',#15412,0.032);
#128=CIRCLE('',#15414,0.032);
#129=CIRCLE('',#15415,0.016);
#130=CIRCLE('',#15417,0.016);
#131=CIRCLE('',#15418,0.032);
#132=CIRCLE('',#15420,0.032);
#133=CIRCLE('',#15421,0.016);
#134=CIRCLE('',#15423,0.016);
#135=CIRCLE('',#15424,0.032);
#136=CIRCLE('',#15426,0.032);
#137=CIRCLE('',#15427,0.016);
#138=CIRCLE('',#15429,0.016);
#139=CIRCLE('',#15430,0.032);
#140=CIRCLE('',#15432,0.032);
#141=CIRCLE('',#15433,0.016);
#142=CIRCLE('',#15435,0.016);
#143=CIRCLE('',#15436,0.032);
#144=CIRCLE('',#15438,0.032);
#145=CIRCLE('',#15439,0.016);
#146=CIRCLE('',#15441,0.016);
#147=CIRCLE('',#15442,0.032);
#148=CIRCLE('',#15444,0.032);
#149=CIRCLE('',#15445,0.016);
#150=CIRCLE('',#15447,0.016);
#151=CIRCLE('',#15448,0.032);
#152=CIRCLE('',#15450,0.032);
#153=CIRCLE('',#15451,0.016);
#154=CIRCLE('',#15453,0.016);
#155=CIRCLE('',#15454,0.032);
#156=CIRCLE('',#15456,0.032);
#157=CIRCLE('',#15457,0.016);
#158=CIRCLE('',#15459,0.016);
#159=CIRCLE('',#15460,0.032);
#160=CIRCLE('',#15462,0.032);
#161=CIRCLE('',#15463,0.016);
#162=CIRCLE('',#15465,0.016);
#163=CIRCLE('',#15466,0.032);
#164=CIRCLE('',#15468,0.032);
#165=CIRCLE('',#15469,0.016);
#166=CIRCLE('',#15471,0.032);
#167=CIRCLE('',#15472,0.016);
#168=CIRCLE('',#15474,0.016);
#169=CIRCLE('',#15475,0.032);
#170=CIRCLE('',#15477,0.016);
#171=CIRCLE('',#15478,0.032);
#172=CIRCLE('',#15480,0.032);
#173=CIRCLE('',#15481,0.016);
#174=CIRCLE('',#15483,0.016);
#175=CIRCLE('',#15484,0.032);
#176=CIRCLE('',#15486,0.032);
#177=CIRCLE('',#15487,0.016);
#178=CIRCLE('',#15489,0.016);
#179=CIRCLE('',#15490,0.032);
#180=CIRCLE('',#15492,0.032);
#181=CIRCLE('',#15493,0.016);
#182=CIRCLE('',#15495,0.016);
#183=CIRCLE('',#15496,0.032);
#184=CIRCLE('',#15498,0.032);
#185=CIRCLE('',#15499,0.016);
#186=CIRCLE('',#15501,0.016);
#187=CIRCLE('',#15502,0.032);
#188=CIRCLE('',#15504,0.032);
#189=CIRCLE('',#15505,0.016);
#190=CIRCLE('',#15507,0.016);
#191=CIRCLE('',#15508,0.032);
#192=CIRCLE('',#15510,0.032);
#193=CIRCLE('',#15511,0.016);
#194=CIRCLE('',#15513,0.016);
#195=CIRCLE('',#15514,0.032);
#196=CIRCLE('',#15516,0.032);
#197=CIRCLE('',#15517,0.016);
#198=CIRCLE('',#15519,0.016);
#199=CIRCLE('',#15520,0.032);
#200=CIRCLE('',#15522,0.032);
#201=CIRCLE('',#15523,0.016);
#202=CIRCLE('',#15525,0.016);
#203=CIRCLE('',#15526,0.032);
#204=CIRCLE('',#15528,0.032);
#205=CIRCLE('',#15529,0.016);
#206=CIRCLE('',#15531,0.016);
#207=CIRCLE('',#15532,0.032);
#208=CIRCLE('',#15534,0.032);
#209=CIRCLE('',#15535,0.016);
#210=CIRCLE('',#15537,0.016);
#211=CIRCLE('',#15538,0.032);
#212=CIRCLE('',#15540,0.032);
#213=CIRCLE('',#15541,0.016);
#214=CIRCLE('',#15543,0.016);
#215=CIRCLE('',#15544,0.032);
#216=CIRCLE('',#15546,0.032);
#217=CIRCLE('',#15547,0.016);
#218=CIRCLE('',#15549,0.016);
#219=CIRCLE('',#15550,0.032);
#220=CIRCLE('',#15552,0.032);
#221=CIRCLE('',#15553,0.016);
#222=CIRCLE('',#15555,0.016);
#223=CIRCLE('',#15556,0.032);
#224=CIRCLE('',#15558,0.032);
#225=CIRCLE('',#15559,0.016);
#226=CIRCLE('',#15561,0.032);
#227=CIRCLE('',#15562,0.016);
#228=CIRCLE('',#15564,0.016);
#229=CIRCLE('',#15565,0.032);
#230=CIRCLE('',#15567,0.016);
#231=CIRCLE('',#15568,0.032);
#232=CIRCLE('',#15570,0.032);
#233=CIRCLE('',#15571,0.016);
#234=CIRCLE('',#15573,0.016);
#235=CIRCLE('',#15574,0.032);
#236=CIRCLE('',#15576,0.032);
#237=CIRCLE('',#15577,0.016);
#238=CIRCLE('',#15579,0.016);
#239=CIRCLE('',#15580,0.032);
#240=CIRCLE('',#15582,0.032);
#241=CIRCLE('',#15583,0.016);
#242=CIRCLE('',#15585,0.016);
#243=CIRCLE('',#15586,0.032);
#244=CIRCLE('',#15588,0.032);
#245=CIRCLE('',#15589,0.016);
#246=CIRCLE('',#15591,0.016);
#247=CIRCLE('',#15592,0.032);
#248=CIRCLE('',#15594,0.032);
#249=CIRCLE('',#15595,0.016);
#250=CIRCLE('',#15597,0.016);
#251=CIRCLE('',#15598,0.032);
#252=CIRCLE('',#15600,0.032);
#253=CIRCLE('',#15601,0.016);
#254=CIRCLE('',#15603,0.016);
#255=CIRCLE('',#15604,0.032);
#256=CIRCLE('',#15606,0.032);
#257=CIRCLE('',#15607,0.016);
#258=CIRCLE('',#15609,0.016);
#259=CIRCLE('',#15610,0.032);
#260=CIRCLE('',#15612,0.032);
#261=CIRCLE('',#15613,0.016);
#262=CIRCLE('',#15615,0.016);
#263=CIRCLE('',#15616,0.032);
#264=CIRCLE('',#15618,0.032);
#265=CIRCLE('',#15619,0.016);
#266=CIRCLE('',#15621,0.016);
#267=CIRCLE('',#15622,0.032);
#268=CIRCLE('',#15624,0.032);
#269=CIRCLE('',#15625,0.016);
#270=CIRCLE('',#15627,0.016);
#271=CIRCLE('',#15628,0.032);
#272=CIRCLE('',#15630,0.032);
#273=CIRCLE('',#15631,0.016);
#274=CIRCLE('',#15633,0.016);
#275=CIRCLE('',#15634,0.032);
#276=CIRCLE('',#15636,0.032);
#277=CIRCLE('',#15637,0.016);
#278=CIRCLE('',#15639,0.016);
#279=CIRCLE('',#15640,0.032);
#280=CIRCLE('',#15642,0.032);
#281=CIRCLE('',#15643,0.016);
#282=CIRCLE('',#15645,0.016);
#283=CIRCLE('',#15646,0.032);
#284=CIRCLE('',#15648,0.032);
#285=CIRCLE('',#15649,0.016);
#286=CIRCLE('',#15651,0.032);
#287=CIRCLE('',#15652,0.016);
#288=DRAUGHTING_PRE_DEFINED_COLOUR('yellow');
#289=CONTEXT_DEPENDENT_SHAPE_REPRESENTATION(#293,#23959);
#290=CONTEXT_DEPENDENT_SHAPE_REPRESENTATION(#294,#23961);
#291=NEXT_ASSEMBLY_USAGE_OCCURRENCE('NAUO1','T1SSW-115-22-S-T-RA',
'T1SSW-115-22-S-T-RA',#23962,#23963,'');
#292=NEXT_ASSEMBLY_USAGE_OCCURRENCE('NAUO2','P2SSW-115-22-S-T-RA',
'P2SSW-115-22-S-T-RA',#23962,#23964,'');
#293=(
REPRESENTATION_RELATIONSHIP(' ',' ',#14998,#14997)
REPRESENTATION_RELATIONSHIP_WITH_TRANSFORMATION(#295)
SHAPE_REPRESENTATION_RELATIONSHIP()
);
#294=(
REPRESENTATION_RELATIONSHIP(' ',' ',#14999,#14997)
REPRESENTATION_RELATIONSHIP_WITH_TRANSFORMATION(#296)
SHAPE_REPRESENTATION_RELATIONSHIP()
);
#295=ITEM_DEFINED_TRANSFORMATION(' ',' ',#15000,#15247);
#296=ITEM_DEFINED_TRANSFORMATION(' ',' ',#15000,#15929);
#297=SHAPE_REPRESENTATION_RELATIONSHIP('','',#14998,#299);
#298=SHAPE_REPRESENTATION_RELATIONSHIP('','',#14999,#300);
#299=ADVANCED_BREP_SHAPE_REPRESENTATION('',(#14992),#23946);
#300=ADVANCED_BREP_SHAPE_REPRESENTATION('',(#14993),#23947);
#301=ORIENTED_EDGE('',*,*,#4489,.F.);
#302=ORIENTED_EDGE('',*,*,#4490,.F.);
#303=ORIENTED_EDGE('',*,*,#4491,.F.);
#304=ORIENTED_EDGE('',*,*,#4492,.T.);
#305=ORIENTED_EDGE('',*,*,#4493,.F.);
#306=ORIENTED_EDGE('',*,*,#4494,.F.);
#307=ORIENTED_EDGE('',*,*,#4495,.F.);
#308=ORIENTED_EDGE('',*,*,#4496,.T.);
#309=ORIENTED_EDGE('',*,*,#4497,.F.);
#310=ORIENTED_EDGE('',*,*,#4498,.F.);
#311=ORIENTED_EDGE('',*,*,#4499,.F.);
#312=ORIENTED_EDGE('',*,*,#4500,.T.);
#313=ORIENTED_EDGE('',*,*,#4501,.F.);
#314=ORIENTED_EDGE('',*,*,#4502,.F.);
#315=ORIENTED_EDGE('',*,*,#4503,.F.);
#316=ORIENTED_EDGE('',*,*,#4504,.T.);
#317=ORIENTED_EDGE('',*,*,#4505,.F.);
#318=ORIENTED_EDGE('',*,*,#4506,.F.);
#319=ORIENTED_EDGE('',*,*,#4507,.F.);
#320=ORIENTED_EDGE('',*,*,#4508,.T.);
#321=ORIENTED_EDGE('',*,*,#4509,.F.);
#322=ORIENTED_EDGE('',*,*,#4510,.F.);
#323=ORIENTED_EDGE('',*,*,#4511,.F.);
#324=ORIENTED_EDGE('',*,*,#4512,.T.);
#325=ORIENTED_EDGE('',*,*,#4513,.F.);
#326=ORIENTED_EDGE('',*,*,#4514,.F.);
#327=ORIENTED_EDGE('',*,*,#4515,.F.);
#328=ORIENTED_EDGE('',*,*,#4516,.T.);
#329=ORIENTED_EDGE('',*,*,#4517,.F.);
#330=ORIENTED_EDGE('',*,*,#4518,.F.);
#331=ORIENTED_EDGE('',*,*,#4519,.F.);
#332=ORIENTED_EDGE('',*,*,#4520,.T.);
#333=ORIENTED_EDGE('',*,*,#4521,.F.);
#334=ORIENTED_EDGE('',*,*,#4522,.F.);
#335=ORIENTED_EDGE('',*,*,#4523,.F.);
#336=ORIENTED_EDGE('',*,*,#4524,.T.);
#337=ORIENTED_EDGE('',*,*,#4525,.F.);
#338=ORIENTED_EDGE('',*,*,#4526,.F.);
#339=ORIENTED_EDGE('',*,*,#4527,.F.);
#340=ORIENTED_EDGE('',*,*,#4528,.T.);
#341=ORIENTED_EDGE('',*,*,#4529,.F.);
#342=ORIENTED_EDGE('',*,*,#4530,.F.);
#343=ORIENTED_EDGE('',*,*,#4531,.F.);
#344=ORIENTED_EDGE('',*,*,#4532,.T.);
#345=ORIENTED_EDGE('',*,*,#4533,.F.);
#346=ORIENTED_EDGE('',*,*,#4534,.F.);
#347=ORIENTED_EDGE('',*,*,#4535,.F.);
#348=ORIENTED_EDGE('',*,*,#4536,.T.);
#349=ORIENTED_EDGE('',*,*,#4537,.F.);
#350=ORIENTED_EDGE('',*,*,#4538,.F.);
#351=ORIENTED_EDGE('',*,*,#4539,.F.);
#352=ORIENTED_EDGE('',*,*,#4540,.T.);
#353=ORIENTED_EDGE('',*,*,#4541,.F.);
#354=ORIENTED_EDGE('',*,*,#4542,.F.);
#355=ORIENTED_EDGE('',*,*,#4543,.F.);
#356=ORIENTED_EDGE('',*,*,#4544,.T.);
#357=ORIENTED_EDGE('',*,*,#4545,.F.);
#358=ORIENTED_EDGE('',*,*,#4546,.F.);
#359=ORIENTED_EDGE('',*,*,#4547,.F.);
#360=ORIENTED_EDGE('',*,*,#4548,.T.);
#361=ORIENTED_EDGE('',*,*,#4549,.F.);
#362=ORIENTED_EDGE('',*,*,#4550,.F.);
#363=ORIENTED_EDGE('',*,*,#4551,.T.);
#364=ORIENTED_EDGE('',*,*,#4552,.T.);
#365=ORIENTED_EDGE('',*,*,#4553,.F.);
#366=ORIENTED_EDGE('',*,*,#4554,.T.);
#367=ORIENTED_EDGE('',*,*,#4555,.F.);
#368=ORIENTED_EDGE('',*,*,#4556,.F.);
#369=ORIENTED_EDGE('',*,*,#4557,.T.);
#370=ORIENTED_EDGE('',*,*,#4558,.T.);
#371=ORIENTED_EDGE('',*,*,#4559,.F.);
#372=ORIENTED_EDGE('',*,*,#4560,.F.);
#373=ORIENTED_EDGE('',*,*,#4561,.F.);
#374=ORIENTED_EDGE('',*,*,#4562,.T.);
#375=ORIENTED_EDGE('',*,*,#4563,.F.);
#376=ORIENTED_EDGE('',*,*,#4564,.F.);
#377=ORIENTED_EDGE('',*,*,#4565,.F.);
#378=ORIENTED_EDGE('',*,*,#4566,.T.);
#379=ORIENTED_EDGE('',*,*,#4567,.F.);
#380=ORIENTED_EDGE('',*,*,#4568,.F.);
#381=ORIENTED_EDGE('',*,*,#4569,.F.);
#382=ORIENTED_EDGE('',*,*,#4570,.T.);
#383=ORIENTED_EDGE('',*,*,#4571,.F.);
#384=ORIENTED_EDGE('',*,*,#4572,.F.);
#385=ORIENTED_EDGE('',*,*,#4573,.F.);
#386=ORIENTED_EDGE('',*,*,#4574,.T.);
#387=ORIENTED_EDGE('',*,*,#4575,.F.);
#388=ORIENTED_EDGE('',*,*,#4576,.F.);
#389=ORIENTED_EDGE('',*,*,#4577,.F.);
#390=ORIENTED_EDGE('',*,*,#4578,.T.);
#391=ORIENTED_EDGE('',*,*,#4579,.F.);
#392=ORIENTED_EDGE('',*,*,#4580,.F.);
#393=ORIENTED_EDGE('',*,*,#4581,.F.);
#394=ORIENTED_EDGE('',*,*,#4582,.T.);
#395=ORIENTED_EDGE('',*,*,#4583,.F.);
#396=ORIENTED_EDGE('',*,*,#4584,.F.);
#397=ORIENTED_EDGE('',*,*,#4585,.F.);
#398=ORIENTED_EDGE('',*,*,#4586,.T.);
#399=ORIENTED_EDGE('',*,*,#4587,.F.);
#400=ORIENTED_EDGE('',*,*,#4588,.F.);
#401=ORIENTED_EDGE('',*,*,#4589,.F.);
#402=ORIENTED_EDGE('',*,*,#4590,.T.);
#403=ORIENTED_EDGE('',*,*,#4591,.F.);
#404=ORIENTED_EDGE('',*,*,#4592,.F.);
#405=ORIENTED_EDGE('',*,*,#4593,.F.);
#406=ORIENTED_EDGE('',*,*,#4594,.T.);
#407=ORIENTED_EDGE('',*,*,#4595,.F.);
#408=ORIENTED_EDGE('',*,*,#4596,.F.);
#409=ORIENTED_EDGE('',*,*,#4597,.F.);
#410=ORIENTED_EDGE('',*,*,#4598,.T.);
#411=ORIENTED_EDGE('',*,*,#4599,.F.);
#412=ORIENTED_EDGE('',*,*,#4600,.F.);
#413=ORIENTED_EDGE('',*,*,#4601,.F.);
#414=ORIENTED_EDGE('',*,*,#4602,.T.);
#415=ORIENTED_EDGE('',*,*,#4603,.F.);
#416=ORIENTED_EDGE('',*,*,#4604,.F.);
#417=ORIENTED_EDGE('',*,*,#4605,.F.);
#418=ORIENTED_EDGE('',*,*,#4606,.T.);
#419=ORIENTED_EDGE('',*,*,#4607,.F.);
#420=ORIENTED_EDGE('',*,*,#4608,.F.);
#421=ORIENTED_EDGE('',*,*,#4609,.F.);
#422=ORIENTED_EDGE('',*,*,#4610,.T.);
#423=ORIENTED_EDGE('',*,*,#4611,.F.);
#424=ORIENTED_EDGE('',*,*,#4612,.F.);
#425=ORIENTED_EDGE('',*,*,#4613,.F.);
#426=ORIENTED_EDGE('',*,*,#4614,.T.);
#427=ORIENTED_EDGE('',*,*,#4615,.F.);
#428=ORIENTED_EDGE('',*,*,#4616,.F.);
#429=ORIENTED_EDGE('',*,*,#4617,.T.);
#430=ORIENTED_EDGE('',*,*,#4618,.T.);
#431=ORIENTED_EDGE('',*,*,#4619,.F.);
#432=ORIENTED_EDGE('',*,*,#4620,.T.);
#433=ORIENTED_EDGE('',*,*,#4619,.T.);
#434=ORIENTED_EDGE('',*,*,#4621,.T.);
#435=ORIENTED_EDGE('',*,*,#4622,.F.);
#436=ORIENTED_EDGE('',*,*,#4623,.T.);
#437=ORIENTED_EDGE('',*,*,#4622,.T.);
#438=ORIENTED_EDGE('',*,*,#4624,.T.);
#439=ORIENTED_EDGE('',*,*,#4625,.F.);
#440=ORIENTED_EDGE('',*,*,#4626,.T.);
#441=ORIENTED_EDGE('',*,*,#4627,.T.);
#442=ORIENTED_EDGE('',*,*,#4628,.T.);
#443=ORIENTED_EDGE('',*,*,#4629,.F.);
#444=ORIENTED_EDGE('',*,*,#4630,.T.);
#445=ORIENTED_EDGE('',*,*,#4629,.T.);
#446=ORIENTED_EDGE('',*,*,#4631,.T.);
#447=ORIENTED_EDGE('',*,*,#4632,.F.);
#448=ORIENTED_EDGE('',*,*,#4633,.T.);
#449=ORIENTED_EDGE('',*,*,#4632,.T.);
#450=ORIENTED_EDGE('',*,*,#4634,.T.);
#451=ORIENTED_EDGE('',*,*,#4635,.F.);
#452=ORIENTED_EDGE('',*,*,#4636,.T.);
#453=ORIENTED_EDGE('',*,*,#4637,.T.);
#454=ORIENTED_EDGE('',*,*,#4638,.T.);
#455=ORIENTED_EDGE('',*,*,#4639,.F.);
#456=ORIENTED_EDGE('',*,*,#4640,.T.);
#457=ORIENTED_EDGE('',*,*,#4639,.T.);
#458=ORIENTED_EDGE('',*,*,#4641,.T.);
#459=ORIENTED_EDGE('',*,*,#4642,.F.);
#460=ORIENTED_EDGE('',*,*,#4643,.T.);
#461=ORIENTED_EDGE('',*,*,#4642,.T.);
#462=ORIENTED_EDGE('',*,*,#4644,.T.);
#463=ORIENTED_EDGE('',*,*,#4645,.F.);
#464=ORIENTED_EDGE('',*,*,#4646,.T.);
#465=ORIENTED_EDGE('',*,*,#4647,.T.);
#466=ORIENTED_EDGE('',*,*,#4648,.T.);
#467=ORIENTED_EDGE('',*,*,#4649,.F.);
#468=ORIENTED_EDGE('',*,*,#4650,.T.);
#469=ORIENTED_EDGE('',*,*,#4649,.T.);
#470=ORIENTED_EDGE('',*,*,#4651,.T.);
#471=ORIENTED_EDGE('',*,*,#4652,.F.);
#472=ORIENTED_EDGE('',*,*,#4653,.T.);
#473=ORIENTED_EDGE('',*,*,#4652,.T.);
#474=ORIENTED_EDGE('',*,*,#4654,.T.);
#475=ORIENTED_EDGE('',*,*,#4655,.F.);
#476=ORIENTED_EDGE('',*,*,#4656,.T.);
#477=ORIENTED_EDGE('',*,*,#4657,.T.);
#478=ORIENTED_EDGE('',*,*,#4658,.T.);
#479=ORIENTED_EDGE('',*,*,#4659,.F.);
#480=ORIENTED_EDGE('',*,*,#4660,.T.);
#481=ORIENTED_EDGE('',*,*,#4659,.T.);
#482=ORIENTED_EDGE('',*,*,#4661,.T.);
#483=ORIENTED_EDGE('',*,*,#4662,.F.);
#484=ORIENTED_EDGE('',*,*,#4663,.T.);
#485=ORIENTED_EDGE('',*,*,#4662,.T.);
#486=ORIENTED_EDGE('',*,*,#4664,.T.);
#487=ORIENTED_EDGE('',*,*,#4665,.F.);
#488=ORIENTED_EDGE('',*,*,#4666,.T.);
#489=ORIENTED_EDGE('',*,*,#4667,.T.);
#490=ORIENTED_EDGE('',*,*,#4668,.T.);
#491=ORIENTED_EDGE('',*,*,#4669,.F.);
#492=ORIENTED_EDGE('',*,*,#4670,.T.);
#493=ORIENTED_EDGE('',*,*,#4669,.T.);
#494=ORIENTED_EDGE('',*,*,#4671,.T.);
#495=ORIENTED_EDGE('',*,*,#4672,.F.);
#496=ORIENTED_EDGE('',*,*,#4673,.T.);
#497=ORIENTED_EDGE('',*,*,#4672,.T.);
#498=ORIENTED_EDGE('',*,*,#4674,.T.);
#499=ORIENTED_EDGE('',*,*,#4675,.F.);
#500=ORIENTED_EDGE('',*,*,#4676,.T.);
#501=ORIENTED_EDGE('',*,*,#4677,.T.);
#502=ORIENTED_EDGE('',*,*,#4678,.T.);
#503=ORIENTED_EDGE('',*,*,#4679,.F.);
#504=ORIENTED_EDGE('',*,*,#4680,.T.);
#505=ORIENTED_EDGE('',*,*,#4679,.T.);
#506=ORIENTED_EDGE('',*,*,#4681,.T.);
#507=ORIENTED_EDGE('',*,*,#4682,.F.);
#508=ORIENTED_EDGE('',*,*,#4683,.T.);
#509=ORIENTED_EDGE('',*,*,#4682,.T.);
#510=ORIENTED_EDGE('',*,*,#4684,.T.);
#511=ORIENTED_EDGE('',*,*,#4685,.F.);
#512=ORIENTED_EDGE('',*,*,#4686,.T.);
#513=ORIENTED_EDGE('',*,*,#4687,.T.);
#514=ORIENTED_EDGE('',*,*,#4688,.T.);
#515=ORIENTED_EDGE('',*,*,#4689,.F.);
#516=ORIENTED_EDGE('',*,*,#4690,.T.);
#517=ORIENTED_EDGE('',*,*,#4689,.T.);
#518=ORIENTED_EDGE('',*,*,#4691,.T.);
#519=ORIENTED_EDGE('',*,*,#4692,.F.);
#520=ORIENTED_EDGE('',*,*,#4693,.T.);
#521=ORIENTED_EDGE('',*,*,#4692,.T.);
#522=ORIENTED_EDGE('',*,*,#4694,.T.);
#523=ORIENTED_EDGE('',*,*,#4695,.F.);
#524=ORIENTED_EDGE('',*,*,#4696,.T.);
#525=ORIENTED_EDGE('',*,*,#4697,.T.);
#526=ORIENTED_EDGE('',*,*,#4698,.T.);
#527=ORIENTED_EDGE('',*,*,#4699,.F.);
#528=ORIENTED_EDGE('',*,*,#4700,.T.);
#529=ORIENTED_EDGE('',*,*,#4699,.T.);
#530=ORIENTED_EDGE('',*,*,#4701,.T.);
#531=ORIENTED_EDGE('',*,*,#4702,.F.);
#532=ORIENTED_EDGE('',*,*,#4703,.T.);
#533=ORIENTED_EDGE('',*,*,#4702,.T.);
#534=ORIENTED_EDGE('',*,*,#4704,.T.);
#535=ORIENTED_EDGE('',*,*,#4705,.F.);
#536=ORIENTED_EDGE('',*,*,#4706,.T.);
#537=ORIENTED_EDGE('',*,*,#4707,.T.);
#538=ORIENTED_EDGE('',*,*,#4708,.T.);
#539=ORIENTED_EDGE('',*,*,#4709,.F.);
#540=ORIENTED_EDGE('',*,*,#4710,.T.);
#541=ORIENTED_EDGE('',*,*,#4709,.T.);
#542=ORIENTED_EDGE('',*,*,#4711,.T.);
#543=ORIENTED_EDGE('',*,*,#4712,.F.);
#544=ORIENTED_EDGE('',*,*,#4713,.T.);
#545=ORIENTED_EDGE('',*,*,#4712,.T.);
#546=ORIENTED_EDGE('',*,*,#4714,.T.);
#547=ORIENTED_EDGE('',*,*,#4715,.F.);
#548=ORIENTED_EDGE('',*,*,#4716,.T.);
#549=ORIENTED_EDGE('',*,*,#4717,.T.);
#550=ORIENTED_EDGE('',*,*,#4718,.T.);
#551=ORIENTED_EDGE('',*,*,#4719,.F.);
#552=ORIENTED_EDGE('',*,*,#4720,.T.);
#553=ORIENTED_EDGE('',*,*,#4719,.T.);
#554=ORIENTED_EDGE('',*,*,#4721,.T.);
#555=ORIENTED_EDGE('',*,*,#4722,.F.);
#556=ORIENTED_EDGE('',*,*,#4723,.T.);
#557=ORIENTED_EDGE('',*,*,#4722,.T.);
#558=ORIENTED_EDGE('',*,*,#4724,.T.);
#559=ORIENTED_EDGE('',*,*,#4725,.F.);
#560=ORIENTED_EDGE('',*,*,#4726,.T.);
#561=ORIENTED_EDGE('',*,*,#4727,.T.);
#562=ORIENTED_EDGE('',*,*,#4728,.T.);
#563=ORIENTED_EDGE('',*,*,#4729,.F.);
#564=ORIENTED_EDGE('',*,*,#4730,.T.);
#565=ORIENTED_EDGE('',*,*,#4729,.T.);
#566=ORIENTED_EDGE('',*,*,#4731,.T.);
#567=ORIENTED_EDGE('',*,*,#4732,.F.);
#568=ORIENTED_EDGE('',*,*,#4733,.T.);
#569=ORIENTED_EDGE('',*,*,#4732,.T.);
#570=ORIENTED_EDGE('',*,*,#4734,.T.);
#571=ORIENTED_EDGE('',*,*,#4735,.F.);
#572=ORIENTED_EDGE('',*,*,#4736,.T.);
#573=ORIENTED_EDGE('',*,*,#4737,.T.);
#574=ORIENTED_EDGE('',*,*,#4738,.T.);
#575=ORIENTED_EDGE('',*,*,#4739,.F.);
#576=ORIENTED_EDGE('',*,*,#4740,.T.);
#577=ORIENTED_EDGE('',*,*,#4739,.T.);
#578=ORIENTED_EDGE('',*,*,#4741,.T.);
#579=ORIENTED_EDGE('',*,*,#4742,.F.);
#580=ORIENTED_EDGE('',*,*,#4743,.T.);
#581=ORIENTED_EDGE('',*,*,#4742,.T.);
#582=ORIENTED_EDGE('',*,*,#4744,.T.);
#583=ORIENTED_EDGE('',*,*,#4745,.F.);
#584=ORIENTED_EDGE('',*,*,#4746,.T.);
#585=ORIENTED_EDGE('',*,*,#4747,.T.);
#586=ORIENTED_EDGE('',*,*,#4748,.T.);
#587=ORIENTED_EDGE('',*,*,#4749,.F.);
#588=ORIENTED_EDGE('',*,*,#4750,.T.);
#589=ORIENTED_EDGE('',*,*,#4749,.T.);
#590=ORIENTED_EDGE('',*,*,#4751,.T.);
#591=ORIENTED_EDGE('',*,*,#4752,.F.);
#592=ORIENTED_EDGE('',*,*,#4753,.T.);
#593=ORIENTED_EDGE('',*,*,#4752,.T.);
#594=ORIENTED_EDGE('',*,*,#4754,.T.);
#595=ORIENTED_EDGE('',*,*,#4755,.F.);
#596=ORIENTED_EDGE('',*,*,#4756,.T.);
#597=ORIENTED_EDGE('',*,*,#4757,.T.);
#598=ORIENTED_EDGE('',*,*,#4758,.T.);
#599=ORIENTED_EDGE('',*,*,#4759,.F.);
#600=ORIENTED_EDGE('',*,*,#4760,.T.);
#601=ORIENTED_EDGE('',*,*,#4759,.T.);
#602=ORIENTED_EDGE('',*,*,#4761,.T.);
#603=ORIENTED_EDGE('',*,*,#4762,.F.);
#604=ORIENTED_EDGE('',*,*,#4763,.T.);
#605=ORIENTED_EDGE('',*,*,#4762,.T.);
#606=ORIENTED_EDGE('',*,*,#4764,.T.);
#607=ORIENTED_EDGE('',*,*,#4765,.F.);
#608=ORIENTED_EDGE('',*,*,#4766,.T.);
#609=ORIENTED_EDGE('',*,*,#4767,.T.);
#610=ORIENTED_EDGE('',*,*,#4768,.T.);
#611=ORIENTED_EDGE('',*,*,#4769,.F.);
#612=ORIENTED_EDGE('',*,*,#4770,.T.);
#613=ORIENTED_EDGE('',*,*,#4769,.T.);
#614=ORIENTED_EDGE('',*,*,#4771,.T.);
#615=ORIENTED_EDGE('',*,*,#4772,.F.);
#616=ORIENTED_EDGE('',*,*,#4773,.T.);
#617=ORIENTED_EDGE('',*,*,#4772,.T.);
#618=ORIENTED_EDGE('',*,*,#4774,.T.);
#619=ORIENTED_EDGE('',*,*,#4775,.F.);
#620=ORIENTED_EDGE('',*,*,#4776,.T.);
#621=ORIENTED_EDGE('',*,*,#4777,.T.);
#622=ORIENTED_EDGE('',*,*,#4778,.T.);
#623=ORIENTED_EDGE('',*,*,#4779,.F.);
#624=ORIENTED_EDGE('',*,*,#4780,.T.);
#625=ORIENTED_EDGE('',*,*,#4779,.T.);
#626=ORIENTED_EDGE('',*,*,#4781,.T.);
#627=ORIENTED_EDGE('',*,*,#4782,.F.);
#628=ORIENTED_EDGE('',*,*,#4783,.T.);
#629=ORIENTED_EDGE('',*,*,#4782,.T.);
#630=ORIENTED_EDGE('',*,*,#4784,.T.);
#631=ORIENTED_EDGE('',*,*,#4785,.F.);
#632=ORIENTED_EDGE('',*,*,#4786,.T.);
#633=ORIENTED_EDGE('',*,*,#4787,.T.);
#634=ORIENTED_EDGE('',*,*,#4788,.T.);
#635=ORIENTED_EDGE('',*,*,#4789,.F.);
#636=ORIENTED_EDGE('',*,*,#4790,.T.);
#637=ORIENTED_EDGE('',*,*,#4789,.T.);
#638=ORIENTED_EDGE('',*,*,#4791,.T.);
#639=ORIENTED_EDGE('',*,*,#4792,.F.);
#640=ORIENTED_EDGE('',*,*,#4793,.T.);
#641=ORIENTED_EDGE('',*,*,#4792,.T.);
#642=ORIENTED_EDGE('',*,*,#4794,.T.);
#643=ORIENTED_EDGE('',*,*,#4795,.F.);
#644=ORIENTED_EDGE('',*,*,#4796,.T.);
#645=ORIENTED_EDGE('',*,*,#4797,.T.);
#646=ORIENTED_EDGE('',*,*,#4798,.T.);
#647=ORIENTED_EDGE('',*,*,#4799,.F.);
#648=ORIENTED_EDGE('',*,*,#4800,.T.);
#649=ORIENTED_EDGE('',*,*,#4799,.T.);
#650=ORIENTED_EDGE('',*,*,#4801,.T.);
#651=ORIENTED_EDGE('',*,*,#4802,.F.);
#652=ORIENTED_EDGE('',*,*,#4803,.T.);
#653=ORIENTED_EDGE('',*,*,#4802,.T.);
#654=ORIENTED_EDGE('',*,*,#4804,.T.);
#655=ORIENTED_EDGE('',*,*,#4805,.F.);
#656=ORIENTED_EDGE('',*,*,#4806,.T.);
#657=ORIENTED_EDGE('',*,*,#4807,.T.);
#658=ORIENTED_EDGE('',*,*,#4808,.T.);
#659=ORIENTED_EDGE('',*,*,#4809,.F.);
#660=ORIENTED_EDGE('',*,*,#4810,.T.);
#661=ORIENTED_EDGE('',*,*,#4809,.T.);
#662=ORIENTED_EDGE('',*,*,#4811,.T.);
#663=ORIENTED_EDGE('',*,*,#4812,.F.);
#664=ORIENTED_EDGE('',*,*,#4813,.T.);
#665=ORIENTED_EDGE('',*,*,#4812,.T.);
#666=ORIENTED_EDGE('',*,*,#4814,.T.);
#667=ORIENTED_EDGE('',*,*,#4815,.F.);
#668=ORIENTED_EDGE('',*,*,#4816,.T.);
#669=ORIENTED_EDGE('',*,*,#4817,.T.);
#670=ORIENTED_EDGE('',*,*,#4818,.T.);
#671=ORIENTED_EDGE('',*,*,#4819,.F.);
#672=ORIENTED_EDGE('',*,*,#4820,.T.);
#673=ORIENTED_EDGE('',*,*,#4819,.T.);
#674=ORIENTED_EDGE('',*,*,#4821,.T.);
#675=ORIENTED_EDGE('',*,*,#4822,.F.);
#676=ORIENTED_EDGE('',*,*,#4823,.T.);
#677=ORIENTED_EDGE('',*,*,#4822,.T.);
#678=ORIENTED_EDGE('',*,*,#4824,.T.);
#679=ORIENTED_EDGE('',*,*,#4825,.F.);
#680=ORIENTED_EDGE('',*,*,#4826,.T.);
#681=ORIENTED_EDGE('',*,*,#4827,.T.);
#682=ORIENTED_EDGE('',*,*,#4828,.T.);
#683=ORIENTED_EDGE('',*,*,#4829,.F.);
#684=ORIENTED_EDGE('',*,*,#4830,.T.);
#685=ORIENTED_EDGE('',*,*,#4829,.T.);
#686=ORIENTED_EDGE('',*,*,#4831,.T.);
#687=ORIENTED_EDGE('',*,*,#4832,.F.);
#688=ORIENTED_EDGE('',*,*,#4833,.T.);
#689=ORIENTED_EDGE('',*,*,#4832,.T.);
#690=ORIENTED_EDGE('',*,*,#4834,.T.);
#691=ORIENTED_EDGE('',*,*,#4835,.F.);
#692=ORIENTED_EDGE('',*,*,#4836,.T.);
#693=ORIENTED_EDGE('',*,*,#4837,.T.);
#694=ORIENTED_EDGE('',*,*,#4838,.T.);
#695=ORIENTED_EDGE('',*,*,#4839,.F.);
#696=ORIENTED_EDGE('',*,*,#4840,.T.);
#697=ORIENTED_EDGE('',*,*,#4839,.T.);
#698=ORIENTED_EDGE('',*,*,#4841,.T.);
#699=ORIENTED_EDGE('',*,*,#4842,.F.);
#700=ORIENTED_EDGE('',*,*,#4843,.T.);
#701=ORIENTED_EDGE('',*,*,#4842,.T.);
#702=ORIENTED_EDGE('',*,*,#4844,.T.);
#703=ORIENTED_EDGE('',*,*,#4845,.F.);
#704=ORIENTED_EDGE('',*,*,#4846,.T.);
#705=ORIENTED_EDGE('',*,*,#4847,.T.);
#706=ORIENTED_EDGE('',*,*,#4848,.T.);
#707=ORIENTED_EDGE('',*,*,#4849,.F.);
#708=ORIENTED_EDGE('',*,*,#4850,.T.);
#709=ORIENTED_EDGE('',*,*,#4849,.T.);
#710=ORIENTED_EDGE('',*,*,#4851,.T.);
#711=ORIENTED_EDGE('',*,*,#4852,.F.);
#712=ORIENTED_EDGE('',*,*,#4853,.T.);
#713=ORIENTED_EDGE('',*,*,#4852,.T.);
#714=ORIENTED_EDGE('',*,*,#4854,.T.);
#715=ORIENTED_EDGE('',*,*,#4855,.F.);
#716=ORIENTED_EDGE('',*,*,#4856,.T.);
#717=ORIENTED_EDGE('',*,*,#4857,.T.);
#718=ORIENTED_EDGE('',*,*,#4858,.T.);
#719=ORIENTED_EDGE('',*,*,#4859,.F.);
#720=ORIENTED_EDGE('',*,*,#4860,.T.);
#721=ORIENTED_EDGE('',*,*,#4859,.T.);
#722=ORIENTED_EDGE('',*,*,#4861,.T.);
#723=ORIENTED_EDGE('',*,*,#4862,.F.);
#724=ORIENTED_EDGE('',*,*,#4863,.T.);
#725=ORIENTED_EDGE('',*,*,#4862,.T.);
#726=ORIENTED_EDGE('',*,*,#4864,.T.);
#727=ORIENTED_EDGE('',*,*,#4865,.F.);
#728=ORIENTED_EDGE('',*,*,#4866,.T.);
#729=ORIENTED_EDGE('',*,*,#4867,.T.);
#730=ORIENTED_EDGE('',*,*,#4868,.T.);
#731=ORIENTED_EDGE('',*,*,#4869,.F.);
#732=ORIENTED_EDGE('',*,*,#4870,.T.);
#733=ORIENTED_EDGE('',*,*,#4869,.T.);
#734=ORIENTED_EDGE('',*,*,#4871,.T.);
#735=ORIENTED_EDGE('',*,*,#4872,.F.);
#736=ORIENTED_EDGE('',*,*,#4873,.T.);
#737=ORIENTED_EDGE('',*,*,#4872,.T.);
#738=ORIENTED_EDGE('',*,*,#4874,.T.);
#739=ORIENTED_EDGE('',*,*,#4875,.F.);
#740=ORIENTED_EDGE('',*,*,#4876,.T.);
#741=ORIENTED_EDGE('',*,*,#4877,.T.);
#742=ORIENTED_EDGE('',*,*,#4878,.T.);
#743=ORIENTED_EDGE('',*,*,#4879,.F.);
#744=ORIENTED_EDGE('',*,*,#4880,.T.);
#745=ORIENTED_EDGE('',*,*,#4879,.T.);
#746=ORIENTED_EDGE('',*,*,#4881,.T.);
#747=ORIENTED_EDGE('',*,*,#4882,.F.);
#748=ORIENTED_EDGE('',*,*,#4883,.T.);
#749=ORIENTED_EDGE('',*,*,#4882,.T.);
#750=ORIENTED_EDGE('',*,*,#4884,.T.);
#751=ORIENTED_EDGE('',*,*,#4885,.F.);
#752=ORIENTED_EDGE('',*,*,#4886,.T.);
#753=ORIENTED_EDGE('',*,*,#4887,.T.);
#754=ORIENTED_EDGE('',*,*,#4888,.T.);
#755=ORIENTED_EDGE('',*,*,#4889,.F.);
#756=ORIENTED_EDGE('',*,*,#4890,.T.);
#757=ORIENTED_EDGE('',*,*,#4889,.T.);
#758=ORIENTED_EDGE('',*,*,#4891,.T.);
#759=ORIENTED_EDGE('',*,*,#4892,.F.);
#760=ORIENTED_EDGE('',*,*,#4893,.T.);
#761=ORIENTED_EDGE('',*,*,#4892,.T.);
#762=ORIENTED_EDGE('',*,*,#4894,.T.);
#763=ORIENTED_EDGE('',*,*,#4895,.F.);
#764=ORIENTED_EDGE('',*,*,#4896,.T.);
#765=ORIENTED_EDGE('',*,*,#4897,.T.);
#766=ORIENTED_EDGE('',*,*,#4898,.T.);
#767=ORIENTED_EDGE('',*,*,#4899,.F.);
#768=ORIENTED_EDGE('',*,*,#4900,.T.);
#769=ORIENTED_EDGE('',*,*,#4899,.T.);
#770=ORIENTED_EDGE('',*,*,#4901,.T.);
#771=ORIENTED_EDGE('',*,*,#4902,.F.);
#772=ORIENTED_EDGE('',*,*,#4903,.T.);
#773=ORIENTED_EDGE('',*,*,#4902,.T.);
#774=ORIENTED_EDGE('',*,*,#4904,.T.);
#775=ORIENTED_EDGE('',*,*,#4905,.F.);
#776=ORIENTED_EDGE('',*,*,#4906,.T.);
#777=ORIENTED_EDGE('',*,*,#4907,.T.);
#778=ORIENTED_EDGE('',*,*,#4908,.T.);
#779=ORIENTED_EDGE('',*,*,#4909,.F.);
#780=ORIENTED_EDGE('',*,*,#4910,.T.);
#781=ORIENTED_EDGE('',*,*,#4909,.T.);
#782=ORIENTED_EDGE('',*,*,#4911,.T.);
#783=ORIENTED_EDGE('',*,*,#4912,.F.);
#784=ORIENTED_EDGE('',*,*,#4913,.T.);
#785=ORIENTED_EDGE('',*,*,#4912,.T.);
#786=ORIENTED_EDGE('',*,*,#4914,.T.);
#787=ORIENTED_EDGE('',*,*,#4915,.F.);
#788=ORIENTED_EDGE('',*,*,#4916,.T.);
#789=ORIENTED_EDGE('',*,*,#4917,.T.);
#790=ORIENTED_EDGE('',*,*,#4918,.T.);
#791=ORIENTED_EDGE('',*,*,#4919,.F.);
#792=ORIENTED_EDGE('',*,*,#4920,.T.);
#793=ORIENTED_EDGE('',*,*,#4919,.T.);
#794=ORIENTED_EDGE('',*,*,#4921,.T.);
#795=ORIENTED_EDGE('',*,*,#4922,.F.);
#796=ORIENTED_EDGE('',*,*,#4923,.T.);
#797=ORIENTED_EDGE('',*,*,#4922,.T.);
#798=ORIENTED_EDGE('',*,*,#4924,.T.);
#799=ORIENTED_EDGE('',*,*,#4925,.F.);
#800=ORIENTED_EDGE('',*,*,#4926,.T.);
#801=ORIENTED_EDGE('',*,*,#4927,.T.);
#802=ORIENTED_EDGE('',*,*,#4928,.T.);
#803=ORIENTED_EDGE('',*,*,#4929,.F.);
#804=ORIENTED_EDGE('',*,*,#4930,.T.);
#805=ORIENTED_EDGE('',*,*,#4929,.T.);
#806=ORIENTED_EDGE('',*,*,#4931,.T.);
#807=ORIENTED_EDGE('',*,*,#4932,.F.);
#808=ORIENTED_EDGE('',*,*,#4933,.T.);
#809=ORIENTED_EDGE('',*,*,#4932,.T.);
#810=ORIENTED_EDGE('',*,*,#4934,.T.);
#811=ORIENTED_EDGE('',*,*,#4935,.F.);
#812=ORIENTED_EDGE('',*,*,#4936,.T.);
#813=ORIENTED_EDGE('',*,*,#4937,.T.);
#814=ORIENTED_EDGE('',*,*,#4938,.T.);
#815=ORIENTED_EDGE('',*,*,#4939,.F.);
#816=ORIENTED_EDGE('',*,*,#4940,.T.);
#817=ORIENTED_EDGE('',*,*,#4939,.T.);
#818=ORIENTED_EDGE('',*,*,#4941,.T.);
#819=ORIENTED_EDGE('',*,*,#4942,.F.);
#820=ORIENTED_EDGE('',*,*,#4943,.T.);
#821=ORIENTED_EDGE('',*,*,#4942,.T.);
#822=ORIENTED_EDGE('',*,*,#4944,.T.);
#823=ORIENTED_EDGE('',*,*,#4945,.F.);
#824=ORIENTED_EDGE('',*,*,#4946,.T.);
#825=ORIENTED_EDGE('',*,*,#4947,.T.);
#826=ORIENTED_EDGE('',*,*,#4948,.T.);
#827=ORIENTED_EDGE('',*,*,#4949,.F.);
#828=ORIENTED_EDGE('',*,*,#4950,.T.);
#829=ORIENTED_EDGE('',*,*,#4949,.T.);
#830=ORIENTED_EDGE('',*,*,#4951,.T.);
#831=ORIENTED_EDGE('',*,*,#4952,.F.);
#832=ORIENTED_EDGE('',*,*,#4953,.T.);
#833=ORIENTED_EDGE('',*,*,#4952,.T.);
#834=ORIENTED_EDGE('',*,*,#4954,.T.);
#835=ORIENTED_EDGE('',*,*,#4955,.F.);
#836=ORIENTED_EDGE('',*,*,#4956,.T.);
#837=ORIENTED_EDGE('',*,*,#4957,.T.);
#838=ORIENTED_EDGE('',*,*,#4958,.T.);
#839=ORIENTED_EDGE('',*,*,#4959,.F.);
#840=ORIENTED_EDGE('',*,*,#4960,.T.);
#841=ORIENTED_EDGE('',*,*,#4959,.T.);
#842=ORIENTED_EDGE('',*,*,#4961,.T.);
#843=ORIENTED_EDGE('',*,*,#4962,.F.);
#844=ORIENTED_EDGE('',*,*,#4963,.T.);
#845=ORIENTED_EDGE('',*,*,#4962,.T.);
#846=ORIENTED_EDGE('',*,*,#4964,.T.);
#847=ORIENTED_EDGE('',*,*,#4965,.F.);
#848=ORIENTED_EDGE('',*,*,#4966,.T.);
#849=ORIENTED_EDGE('',*,*,#4967,.T.);
#850=ORIENTED_EDGE('',*,*,#4968,.T.);
#851=ORIENTED_EDGE('',*,*,#4969,.F.);
#852=ORIENTED_EDGE('',*,*,#4970,.T.);
#853=ORIENTED_EDGE('',*,*,#4969,.T.);
#854=ORIENTED_EDGE('',*,*,#4971,.T.);
#855=ORIENTED_EDGE('',*,*,#4972,.F.);
#856=ORIENTED_EDGE('',*,*,#4973,.T.);
#857=ORIENTED_EDGE('',*,*,#4972,.T.);
#858=ORIENTED_EDGE('',*,*,#4974,.T.);
#859=ORIENTED_EDGE('',*,*,#4975,.F.);
#860=ORIENTED_EDGE('',*,*,#4976,.T.);
#861=ORIENTED_EDGE('',*,*,#4977,.T.);
#862=ORIENTED_EDGE('',*,*,#4978,.T.);
#863=ORIENTED_EDGE('',*,*,#4979,.F.);
#864=ORIENTED_EDGE('',*,*,#4980,.T.);
#865=ORIENTED_EDGE('',*,*,#4979,.T.);
#866=ORIENTED_EDGE('',*,*,#4981,.T.);
#867=ORIENTED_EDGE('',*,*,#4982,.F.);
#868=ORIENTED_EDGE('',*,*,#4983,.T.);
#869=ORIENTED_EDGE('',*,*,#4982,.T.);
#870=ORIENTED_EDGE('',*,*,#4984,.T.);
#871=ORIENTED_EDGE('',*,*,#4985,.F.);
#872=ORIENTED_EDGE('',*,*,#4986,.T.);
#873=ORIENTED_EDGE('',*,*,#4987,.T.);
#874=ORIENTED_EDGE('',*,*,#4988,.T.);
#875=ORIENTED_EDGE('',*,*,#4989,.F.);
#876=ORIENTED_EDGE('',*,*,#4990,.T.);
#877=ORIENTED_EDGE('',*,*,#4989,.T.);
#878=ORIENTED_EDGE('',*,*,#4991,.T.);
#879=ORIENTED_EDGE('',*,*,#4992,.F.);
#880=ORIENTED_EDGE('',*,*,#4993,.T.);
#881=ORIENTED_EDGE('',*,*,#4992,.T.);
#882=ORIENTED_EDGE('',*,*,#4994,.T.);
#883=ORIENTED_EDGE('',*,*,#4995,.F.);
#884=ORIENTED_EDGE('',*,*,#4996,.T.);
#885=ORIENTED_EDGE('',*,*,#4997,.T.);
#886=ORIENTED_EDGE('',*,*,#4998,.T.);
#887=ORIENTED_EDGE('',*,*,#4999,.F.);
#888=ORIENTED_EDGE('',*,*,#5000,.T.);
#889=ORIENTED_EDGE('',*,*,#4999,.T.);
#890=ORIENTED_EDGE('',*,*,#5001,.T.);
#891=ORIENTED_EDGE('',*,*,#5002,.F.);
#892=ORIENTED_EDGE('',*,*,#5003,.T.);
#893=ORIENTED_EDGE('',*,*,#5002,.T.);
#894=ORIENTED_EDGE('',*,*,#5004,.T.);
#895=ORIENTED_EDGE('',*,*,#5005,.F.);
#896=ORIENTED_EDGE('',*,*,#5006,.T.);
#897=ORIENTED_EDGE('',*,*,#5007,.T.);
#898=ORIENTED_EDGE('',*,*,#5008,.T.);
#899=ORIENTED_EDGE('',*,*,#5009,.F.);
#900=ORIENTED_EDGE('',*,*,#5010,.T.);
#901=ORIENTED_EDGE('',*,*,#5009,.T.);
#902=ORIENTED_EDGE('',*,*,#5011,.T.);
#903=ORIENTED_EDGE('',*,*,#5012,.F.);
#904=ORIENTED_EDGE('',*,*,#5013,.T.);
#905=ORIENTED_EDGE('',*,*,#5012,.T.);
#906=ORIENTED_EDGE('',*,*,#5014,.T.);
#907=ORIENTED_EDGE('',*,*,#5015,.F.);
#908=ORIENTED_EDGE('',*,*,#5016,.T.);
#909=ORIENTED_EDGE('',*,*,#5017,.T.);
#910=ORIENTED_EDGE('',*,*,#5018,.T.);
#911=ORIENTED_EDGE('',*,*,#5019,.F.);
#912=ORIENTED_EDGE('',*,*,#5020,.T.);
#913=ORIENTED_EDGE('',*,*,#5019,.T.);
#914=ORIENTED_EDGE('',*,*,#5021,.T.);
#915=ORIENTED_EDGE('',*,*,#5022,.F.);
#916=ORIENTED_EDGE('',*,*,#5023,.T.);
#917=ORIENTED_EDGE('',*,*,#5022,.T.);
#918=ORIENTED_EDGE('',*,*,#5024,.T.);
#919=ORIENTED_EDGE('',*,*,#5025,.F.);
#920=ORIENTED_EDGE('',*,*,#5026,.T.);
#921=ORIENTED_EDGE('',*,*,#5027,.T.);
#922=ORIENTED_EDGE('',*,*,#5028,.T.);
#923=ORIENTED_EDGE('',*,*,#5029,.F.);
#924=ORIENTED_EDGE('',*,*,#5030,.T.);
#925=ORIENTED_EDGE('',*,*,#5029,.T.);
#926=ORIENTED_EDGE('',*,*,#5031,.T.);
#927=ORIENTED_EDGE('',*,*,#5032,.F.);
#928=ORIENTED_EDGE('',*,*,#5033,.T.);
#929=ORIENTED_EDGE('',*,*,#5032,.T.);
#930=ORIENTED_EDGE('',*,*,#5034,.T.);
#931=ORIENTED_EDGE('',*,*,#5035,.F.);
#932=ORIENTED_EDGE('',*,*,#5036,.T.);
#933=ORIENTED_EDGE('',*,*,#5037,.T.);
#934=ORIENTED_EDGE('',*,*,#5038,.T.);
#935=ORIENTED_EDGE('',*,*,#5039,.F.);
#936=ORIENTED_EDGE('',*,*,#5040,.T.);
#937=ORIENTED_EDGE('',*,*,#5039,.T.);
#938=ORIENTED_EDGE('',*,*,#5041,.T.);
#939=ORIENTED_EDGE('',*,*,#5042,.F.);
#940=ORIENTED_EDGE('',*,*,#5043,.T.);
#941=ORIENTED_EDGE('',*,*,#5042,.T.);
#942=ORIENTED_EDGE('',*,*,#5044,.T.);
#943=ORIENTED_EDGE('',*,*,#5045,.F.);
#944=ORIENTED_EDGE('',*,*,#5046,.T.);
#945=ORIENTED_EDGE('',*,*,#5047,.T.);
#946=ORIENTED_EDGE('',*,*,#5048,.T.);
#947=ORIENTED_EDGE('',*,*,#5049,.F.);
#948=ORIENTED_EDGE('',*,*,#5050,.T.);
#949=ORIENTED_EDGE('',*,*,#5049,.T.);
#950=ORIENTED_EDGE('',*,*,#5051,.T.);
#951=ORIENTED_EDGE('',*,*,#5052,.F.);
#952=ORIENTED_EDGE('',*,*,#5053,.T.);
#953=ORIENTED_EDGE('',*,*,#5052,.T.);
#954=ORIENTED_EDGE('',*,*,#5054,.T.);
#955=ORIENTED_EDGE('',*,*,#5055,.F.);
#956=ORIENTED_EDGE('',*,*,#5056,.T.);
#957=ORIENTED_EDGE('',*,*,#5057,.T.);
#958=ORIENTED_EDGE('',*,*,#5058,.T.);
#959=ORIENTED_EDGE('',*,*,#5059,.F.);
#960=ORIENTED_EDGE('',*,*,#5060,.T.);
#961=ORIENTED_EDGE('',*,*,#5059,.T.);
#962=ORIENTED_EDGE('',*,*,#5061,.T.);
#963=ORIENTED_EDGE('',*,*,#5062,.F.);
#964=ORIENTED_EDGE('',*,*,#5063,.T.);
#965=ORIENTED_EDGE('',*,*,#5062,.T.);
#966=ORIENTED_EDGE('',*,*,#5064,.T.);
#967=ORIENTED_EDGE('',*,*,#5065,.F.);
#968=ORIENTED_EDGE('',*,*,#5066,.T.);
#969=ORIENTED_EDGE('',*,*,#4625,.T.);
#970=ORIENTED_EDGE('',*,*,#5067,.T.);
#971=ORIENTED_EDGE('',*,*,#4617,.F.);
#972=ORIENTED_EDGE('',*,*,#5068,.T.);
#973=ORIENTED_EDGE('',*,*,#4635,.T.);
#974=ORIENTED_EDGE('',*,*,#5069,.T.);
#975=ORIENTED_EDGE('',*,*,#4627,.F.);
#976=ORIENTED_EDGE('',*,*,#5070,.T.);
#977=ORIENTED_EDGE('',*,*,#4645,.T.);
#978=ORIENTED_EDGE('',*,*,#5071,.T.);
#979=ORIENTED_EDGE('',*,*,#4637,.F.);
#980=ORIENTED_EDGE('',*,*,#5072,.T.);
#981=ORIENTED_EDGE('',*,*,#4655,.T.);
#982=ORIENTED_EDGE('',*,*,#5073,.T.);
#983=ORIENTED_EDGE('',*,*,#4647,.F.);
#984=ORIENTED_EDGE('',*,*,#5074,.T.);
#985=ORIENTED_EDGE('',*,*,#4665,.T.);
#986=ORIENTED_EDGE('',*,*,#5075,.T.);
#987=ORIENTED_EDGE('',*,*,#4657,.F.);
#988=ORIENTED_EDGE('',*,*,#5076,.T.);
#989=ORIENTED_EDGE('',*,*,#4675,.T.);
#990=ORIENTED_EDGE('',*,*,#5077,.T.);
#991=ORIENTED_EDGE('',*,*,#4667,.F.);
#992=ORIENTED_EDGE('',*,*,#5078,.T.);
#993=ORIENTED_EDGE('',*,*,#4685,.T.);
#994=ORIENTED_EDGE('',*,*,#5079,.T.);
#995=ORIENTED_EDGE('',*,*,#4677,.F.);
#996=ORIENTED_EDGE('',*,*,#5080,.T.);
#997=ORIENTED_EDGE('',*,*,#4695,.T.);
#998=ORIENTED_EDGE('',*,*,#5081,.T.);
#999=ORIENTED_EDGE('',*,*,#4687,.F.);
#1000=ORIENTED_EDGE('',*,*,#5082,.T.);
#1001=ORIENTED_EDGE('',*,*,#4705,.T.);
#1002=ORIENTED_EDGE('',*,*,#5083,.T.);
#1003=ORIENTED_EDGE('',*,*,#4697,.F.);
#1004=ORIENTED_EDGE('',*,*,#5084,.T.);
#1005=ORIENTED_EDGE('',*,*,#4715,.T.);
#1006=ORIENTED_EDGE('',*,*,#5085,.T.);
#1007=ORIENTED_EDGE('',*,*,#4707,.F.);
#1008=ORIENTED_EDGE('',*,*,#5086,.T.);
#1009=ORIENTED_EDGE('',*,*,#4725,.T.);
#1010=ORIENTED_EDGE('',*,*,#5087,.T.);
#1011=ORIENTED_EDGE('',*,*,#4717,.F.);
#1012=ORIENTED_EDGE('',*,*,#5088,.T.);
#1013=ORIENTED_EDGE('',*,*,#4735,.T.);
#1014=ORIENTED_EDGE('',*,*,#5089,.T.);
#1015=ORIENTED_EDGE('',*,*,#4727,.F.);
#1016=ORIENTED_EDGE('',*,*,#5090,.T.);
#1017=ORIENTED_EDGE('',*,*,#4745,.T.);
#1018=ORIENTED_EDGE('',*,*,#5091,.T.);
#1019=ORIENTED_EDGE('',*,*,#4737,.F.);
#1020=ORIENTED_EDGE('',*,*,#5092,.T.);
#1021=ORIENTED_EDGE('',*,*,#4755,.T.);
#1022=ORIENTED_EDGE('',*,*,#5093,.T.);
#1023=ORIENTED_EDGE('',*,*,#4747,.F.);
#1024=ORIENTED_EDGE('',*,*,#5094,.T.);
#1025=ORIENTED_EDGE('',*,*,#4765,.T.);
#1026=ORIENTED_EDGE('',*,*,#5095,.T.);
#1027=ORIENTED_EDGE('',*,*,#4757,.F.);
#1028=ORIENTED_EDGE('',*,*,#5096,.T.);
#1029=ORIENTED_EDGE('',*,*,#4775,.T.);
#1030=ORIENTED_EDGE('',*,*,#5097,.T.);
#1031=ORIENTED_EDGE('',*,*,#4767,.F.);
#1032=ORIENTED_EDGE('',*,*,#5098,.T.);
#1033=ORIENTED_EDGE('',*,*,#4785,.T.);
#1034=ORIENTED_EDGE('',*,*,#5099,.T.);
#1035=ORIENTED_EDGE('',*,*,#4777,.F.);
#1036=ORIENTED_EDGE('',*,*,#5100,.T.);
#1037=ORIENTED_EDGE('',*,*,#4795,.T.);
#1038=ORIENTED_EDGE('',*,*,#5101,.T.);
#1039=ORIENTED_EDGE('',*,*,#4787,.F.);
#1040=ORIENTED_EDGE('',*,*,#5102,.T.);
#1041=ORIENTED_EDGE('',*,*,#4805,.T.);
#1042=ORIENTED_EDGE('',*,*,#5103,.T.);
#1043=ORIENTED_EDGE('',*,*,#4797,.F.);
#1044=ORIENTED_EDGE('',*,*,#5104,.T.);
#1045=ORIENTED_EDGE('',*,*,#4815,.T.);
#1046=ORIENTED_EDGE('',*,*,#5105,.T.);
#1047=ORIENTED_EDGE('',*,*,#4807,.F.);
#1048=ORIENTED_EDGE('',*,*,#5106,.T.);
#1049=ORIENTED_EDGE('',*,*,#4825,.T.);
#1050=ORIENTED_EDGE('',*,*,#5107,.T.);
#1051=ORIENTED_EDGE('',*,*,#4817,.F.);
#1052=ORIENTED_EDGE('',*,*,#5108,.T.);
#1053=ORIENTED_EDGE('',*,*,#4835,.T.);
#1054=ORIENTED_EDGE('',*,*,#5109,.T.);
#1055=ORIENTED_EDGE('',*,*,#4827,.F.);
#1056=ORIENTED_EDGE('',*,*,#5110,.T.);
#1057=ORIENTED_EDGE('',*,*,#4845,.T.);
#1058=ORIENTED_EDGE('',*,*,#5111,.T.);
#1059=ORIENTED_EDGE('',*,*,#4837,.F.);
#1060=ORIENTED_EDGE('',*,*,#5112,.T.);
#1061=ORIENTED_EDGE('',*,*,#4855,.T.);
#1062=ORIENTED_EDGE('',*,*,#5113,.T.);
#1063=ORIENTED_EDGE('',*,*,#4847,.F.);
#1064=ORIENTED_EDGE('',*,*,#5114,.T.);
#1065=ORIENTED_EDGE('',*,*,#4865,.T.);
#1066=ORIENTED_EDGE('',*,*,#5115,.T.);
#1067=ORIENTED_EDGE('',*,*,#4857,.F.);
#1068=ORIENTED_EDGE('',*,*,#5116,.T.);
#1069=ORIENTED_EDGE('',*,*,#4875,.T.);
#1070=ORIENTED_EDGE('',*,*,#5117,.T.);
#1071=ORIENTED_EDGE('',*,*,#4867,.F.);
#1072=ORIENTED_EDGE('',*,*,#5118,.T.);
#1073=ORIENTED_EDGE('',*,*,#4885,.T.);
#1074=ORIENTED_EDGE('',*,*,#5119,.T.);
#1075=ORIENTED_EDGE('',*,*,#4877,.F.);
#1076=ORIENTED_EDGE('',*,*,#5120,.T.);
#1077=ORIENTED_EDGE('',*,*,#4895,.T.);
#1078=ORIENTED_EDGE('',*,*,#5121,.T.);
#1079=ORIENTED_EDGE('',*,*,#4887,.F.);
#1080=ORIENTED_EDGE('',*,*,#5122,.T.);
#1081=ORIENTED_EDGE('',*,*,#4905,.T.);
#1082=ORIENTED_EDGE('',*,*,#5123,.T.);
#1083=ORIENTED_EDGE('',*,*,#4897,.F.);
#1084=ORIENTED_EDGE('',*,*,#5124,.T.);
#1085=ORIENTED_EDGE('',*,*,#4915,.T.);
#1086=ORIENTED_EDGE('',*,*,#5125,.T.);
#1087=ORIENTED_EDGE('',*,*,#4907,.F.);
#1088=ORIENTED_EDGE('',*,*,#5126,.T.);
#1089=ORIENTED_EDGE('',*,*,#4925,.T.);
#1090=ORIENTED_EDGE('',*,*,#5127,.T.);
#1091=ORIENTED_EDGE('',*,*,#4917,.F.);
#1092=ORIENTED_EDGE('',*,*,#5128,.T.);
#1093=ORIENTED_EDGE('',*,*,#4935,.T.);
#1094=ORIENTED_EDGE('',*,*,#5129,.T.);
#1095=ORIENTED_EDGE('',*,*,#4927,.F.);
#1096=ORIENTED_EDGE('',*,*,#5130,.T.);
#1097=ORIENTED_EDGE('',*,*,#4945,.T.);
#1098=ORIENTED_EDGE('',*,*,#5131,.T.);
#1099=ORIENTED_EDGE('',*,*,#4937,.F.);
#1100=ORIENTED_EDGE('',*,*,#5132,.T.);
#1101=ORIENTED_EDGE('',*,*,#4955,.T.);
#1102=ORIENTED_EDGE('',*,*,#5133,.T.);
#1103=ORIENTED_EDGE('',*,*,#4947,.F.);
#1104=ORIENTED_EDGE('',*,*,#5134,.T.);
#1105=ORIENTED_EDGE('',*,*,#4965,.T.);
#1106=ORIENTED_EDGE('',*,*,#5135,.T.);
#1107=ORIENTED_EDGE('',*,*,#4957,.F.);
#1108=ORIENTED_EDGE('',*,*,#5136,.T.);
#1109=ORIENTED_EDGE('',*,*,#4975,.T.);
#1110=ORIENTED_EDGE('',*,*,#5137,.T.);
#1111=ORIENTED_EDGE('',*,*,#4967,.F.);
#1112=ORIENTED_EDGE('',*,*,#5138,.T.);
#1113=ORIENTED_EDGE('',*,*,#4985,.T.);
#1114=ORIENTED_EDGE('',*,*,#5139,.T.);
#1115=ORIENTED_EDGE('',*,*,#4977,.F.);
#1116=ORIENTED_EDGE('',*,*,#5140,.T.);
#1117=ORIENTED_EDGE('',*,*,#4995,.T.);
#1118=ORIENTED_EDGE('',*,*,#5141,.T.);
#1119=ORIENTED_EDGE('',*,*,#4987,.F.);
#1120=ORIENTED_EDGE('',*,*,#5142,.T.);
#1121=ORIENTED_EDGE('',*,*,#5005,.T.);
#1122=ORIENTED_EDGE('',*,*,#5143,.T.);
#1123=ORIENTED_EDGE('',*,*,#4997,.F.);
#1124=ORIENTED_EDGE('',*,*,#5144,.T.);
#1125=ORIENTED_EDGE('',*,*,#5015,.T.);
#1126=ORIENTED_EDGE('',*,*,#5145,.T.);
#1127=ORIENTED_EDGE('',*,*,#5007,.F.);
#1128=ORIENTED_EDGE('',*,*,#5146,.T.);
#1129=ORIENTED_EDGE('',*,*,#5025,.T.);
#1130=ORIENTED_EDGE('',*,*,#5147,.T.);
#1131=ORIENTED_EDGE('',*,*,#5017,.F.);
#1132=ORIENTED_EDGE('',*,*,#5148,.T.);
#1133=ORIENTED_EDGE('',*,*,#5035,.T.);
#1134=ORIENTED_EDGE('',*,*,#5149,.T.);
#1135=ORIENTED_EDGE('',*,*,#5027,.F.);
#1136=ORIENTED_EDGE('',*,*,#5150,.T.);
#1137=ORIENTED_EDGE('',*,*,#5045,.T.);
#1138=ORIENTED_EDGE('',*,*,#5151,.T.);
#1139=ORIENTED_EDGE('',*,*,#5037,.F.);
#1140=ORIENTED_EDGE('',*,*,#5152,.T.);
#1141=ORIENTED_EDGE('',*,*,#5055,.T.);
#1142=ORIENTED_EDGE('',*,*,#5153,.T.);
#1143=ORIENTED_EDGE('',*,*,#5047,.F.);
#1144=ORIENTED_EDGE('',*,*,#5154,.T.);
#1145=ORIENTED_EDGE('',*,*,#5065,.T.);
#1146=ORIENTED_EDGE('',*,*,#5155,.T.);
#1147=ORIENTED_EDGE('',*,*,#5057,.F.);
#1148=ORIENTED_EDGE('',*,*,#5156,.T.);
#1149=ORIENTED_EDGE('',*,*,#5157,.F.);
#1150=ORIENTED_EDGE('',*,*,#4558,.F.);
#1151=ORIENTED_EDGE('',*,*,#5158,.F.);
#1152=ORIENTED_EDGE('',*,*,#4548,.F.);
#1153=ORIENTED_EDGE('',*,*,#5159,.F.);
#1154=ORIENTED_EDGE('',*,*,#4552,.F.);
#1155=ORIENTED_EDGE('',*,*,#5160,.F.);
#1156=ORIENTED_EDGE('',*,*,#4554,.F.);
#1157=ORIENTED_EDGE('',*,*,#5161,.F.);
#1158=ORIENTED_EDGE('',*,*,#4614,.F.);
#1159=ORIENTED_EDGE('',*,*,#5162,.F.);
#1160=ORIENTED_EDGE('',*,*,#4492,.F.);
#1161=ORIENTED_EDGE('',*,*,#5163,.F.);
#1162=ORIENTED_EDGE('',*,*,#4610,.F.);
#1163=ORIENTED_EDGE('',*,*,#5164,.F.);
#1164=ORIENTED_EDGE('',*,*,#4496,.F.);
#1165=ORIENTED_EDGE('',*,*,#5165,.F.);
#1166=ORIENTED_EDGE('',*,*,#4606,.F.);
#1167=ORIENTED_EDGE('',*,*,#5166,.F.);
#1168=ORIENTED_EDGE('',*,*,#4500,.F.);
#1169=ORIENTED_EDGE('',*,*,#5167,.F.);
#1170=ORIENTED_EDGE('',*,*,#4602,.F.);
#1171=ORIENTED_EDGE('',*,*,#5168,.F.);
#1172=ORIENTED_EDGE('',*,*,#4504,.F.);
#1173=ORIENTED_EDGE('',*,*,#5169,.F.);
#1174=ORIENTED_EDGE('',*,*,#4598,.F.);
#1175=ORIENTED_EDGE('',*,*,#5170,.F.);
#1176=ORIENTED_EDGE('',*,*,#4508,.F.);
#1177=ORIENTED_EDGE('',*,*,#5171,.F.);
#1178=ORIENTED_EDGE('',*,*,#4594,.F.);
#1179=ORIENTED_EDGE('',*,*,#5172,.F.);
#1180=ORIENTED_EDGE('',*,*,#4512,.F.);
#1181=ORIENTED_EDGE('',*,*,#5173,.F.);
#1182=ORIENTED_EDGE('',*,*,#4590,.F.);
#1183=ORIENTED_EDGE('',*,*,#5174,.F.);
#1184=ORIENTED_EDGE('',*,*,#4516,.F.);
#1185=ORIENTED_EDGE('',*,*,#5175,.F.);
#1186=ORIENTED_EDGE('',*,*,#4586,.F.);
#1187=ORIENTED_EDGE('',*,*,#5176,.F.);
#1188=ORIENTED_EDGE('',*,*,#4520,.F.);
#1189=ORIENTED_EDGE('',*,*,#5177,.F.);
#1190=ORIENTED_EDGE('',*,*,#4582,.F.);
#1191=ORIENTED_EDGE('',*,*,#5178,.F.);
#1192=ORIENTED_EDGE('',*,*,#4524,.F.);
#1193=ORIENTED_EDGE('',*,*,#5179,.F.);
#1194=ORIENTED_EDGE('',*,*,#4578,.F.);
#1195=ORIENTED_EDGE('',*,*,#5180,.F.);
#1196=ORIENTED_EDGE('',*,*,#4528,.F.);
#1197=ORIENTED_EDGE('',*,*,#5181,.F.);
#1198=ORIENTED_EDGE('',*,*,#4574,.F.);
#1199=ORIENTED_EDGE('',*,*,#5182,.F.);
#1200=ORIENTED_EDGE('',*,*,#4532,.F.);
#1201=ORIENTED_EDGE('',*,*,#5183,.F.);
#1202=ORIENTED_EDGE('',*,*,#4570,.F.);
#1203=ORIENTED_EDGE('',*,*,#5184,.F.);
#1204=ORIENTED_EDGE('',*,*,#4536,.F.);
#1205=ORIENTED_EDGE('',*,*,#5185,.F.);
#1206=ORIENTED_EDGE('',*,*,#4566,.F.);
#1207=ORIENTED_EDGE('',*,*,#5186,.F.);
#1208=ORIENTED_EDGE('',*,*,#4540,.F.);
#1209=ORIENTED_EDGE('',*,*,#5187,.F.);
#1210=ORIENTED_EDGE('',*,*,#4562,.F.);
#1211=ORIENTED_EDGE('',*,*,#5188,.F.);
#1212=ORIENTED_EDGE('',*,*,#4544,.F.);
#1213=ORIENTED_EDGE('',*,*,#5158,.T.);
#1214=ORIENTED_EDGE('',*,*,#4557,.F.);
#1215=ORIENTED_EDGE('',*,*,#5189,.F.);
#1216=ORIENTED_EDGE('',*,*,#4549,.T.);
#1217=ORIENTED_EDGE('',*,*,#5160,.T.);
#1218=ORIENTED_EDGE('',*,*,#4551,.F.);
#1219=ORIENTED_EDGE('',*,*,#5190,.F.);
#1220=ORIENTED_EDGE('',*,*,#4555,.T.);
#1221=ORIENTED_EDGE('',*,*,#5060,.F.);
#1222=ORIENTED_EDGE('',*,*,#5063,.F.);
#1223=ORIENTED_EDGE('',*,*,#5066,.F.);
#1224=ORIENTED_EDGE('',*,*,#5156,.F.);
#1225=ORIENTED_EDGE('',*,*,#5050,.F.);
#1226=ORIENTED_EDGE('',*,*,#5053,.F.);
#1227=ORIENTED_EDGE('',*,*,#5056,.F.);
#1228=ORIENTED_EDGE('',*,*,#5154,.F.);
#1229=ORIENTED_EDGE('',*,*,#5040,.F.);
#1230=ORIENTED_EDGE('',*,*,#5043,.F.);
#1231=ORIENTED_EDGE('',*,*,#5046,.F.);
#1232=ORIENTED_EDGE('',*,*,#5152,.F.);
#1233=ORIENTED_EDGE('',*,*,#5030,.F.);
#1234=ORIENTED_EDGE('',*,*,#5033,.F.);
#1235=ORIENTED_EDGE('',*,*,#5036,.F.);
#1236=ORIENTED_EDGE('',*,*,#5150,.F.);
#1237=ORIENTED_EDGE('',*,*,#5020,.F.);
#1238=ORIENTED_EDGE('',*,*,#5023,.F.);
#1239=ORIENTED_EDGE('',*,*,#5026,.F.);
#1240=ORIENTED_EDGE('',*,*,#5148,.F.);
#1241=ORIENTED_EDGE('',*,*,#5010,.F.);
#1242=ORIENTED_EDGE('',*,*,#5013,.F.);
#1243=ORIENTED_EDGE('',*,*,#5016,.F.);
#1244=ORIENTED_EDGE('',*,*,#5146,.F.);
#1245=ORIENTED_EDGE('',*,*,#5000,.F.);
#1246=ORIENTED_EDGE('',*,*,#5003,.F.);
#1247=ORIENTED_EDGE('',*,*,#5006,.F.);
#1248=ORIENTED_EDGE('',*,*,#5144,.F.);
#1249=ORIENTED_EDGE('',*,*,#4990,.F.);
#1250=ORIENTED_EDGE('',*,*,#4993,.F.);
#1251=ORIENTED_EDGE('',*,*,#4996,.F.);
#1252=ORIENTED_EDGE('',*,*,#5142,.F.);
#1253=ORIENTED_EDGE('',*,*,#4980,.F.);
#1254=ORIENTED_EDGE('',*,*,#4983,.F.);
#1255=ORIENTED_EDGE('',*,*,#4986,.F.);
#1256=ORIENTED_EDGE('',*,*,#5140,.F.);
#1257=ORIENTED_EDGE('',*,*,#4970,.F.);
#1258=ORIENTED_EDGE('',*,*,#4973,.F.);
#1259=ORIENTED_EDGE('',*,*,#4976,.F.);
#1260=ORIENTED_EDGE('',*,*,#5138,.F.);
#1261=ORIENTED_EDGE('',*,*,#4960,.F.);
#1262=ORIENTED_EDGE('',*,*,#4963,.F.);
#1263=ORIENTED_EDGE('',*,*,#4966,.F.);
#1264=ORIENTED_EDGE('',*,*,#5136,.F.);
#1265=ORIENTED_EDGE('',*,*,#4950,.F.);
#1266=ORIENTED_EDGE('',*,*,#4953,.F.);
#1267=ORIENTED_EDGE('',*,*,#4956,.F.);
#1268=ORIENTED_EDGE('',*,*,#5134,.F.);
#1269=ORIENTED_EDGE('',*,*,#4940,.F.);
#1270=ORIENTED_EDGE('',*,*,#4943,.F.);
#1271=ORIENTED_EDGE('',*,*,#4946,.F.);
#1272=ORIENTED_EDGE('',*,*,#5132,.F.);
#1273=ORIENTED_EDGE('',*,*,#4930,.F.);
#1274=ORIENTED_EDGE('',*,*,#4933,.F.);
#1275=ORIENTED_EDGE('',*,*,#4936,.F.);
#1276=ORIENTED_EDGE('',*,*,#5130,.F.);
#1277=ORIENTED_EDGE('',*,*,#4920,.F.);
#1278=ORIENTED_EDGE('',*,*,#4923,.F.);
#1279=ORIENTED_EDGE('',*,*,#4926,.F.);
#1280=ORIENTED_EDGE('',*,*,#5128,.F.);
#1281=ORIENTED_EDGE('',*,*,#4910,.F.);
#1282=ORIENTED_EDGE('',*,*,#4913,.F.);
#1283=ORIENTED_EDGE('',*,*,#4916,.F.);
#1284=ORIENTED_EDGE('',*,*,#5126,.F.);
#1285=ORIENTED_EDGE('',*,*,#4900,.F.);
#1286=ORIENTED_EDGE('',*,*,#4903,.F.);
#1287=ORIENTED_EDGE('',*,*,#4906,.F.);
#1288=ORIENTED_EDGE('',*,*,#5124,.F.);
#1289=ORIENTED_EDGE('',*,*,#4890,.F.);
#1290=ORIENTED_EDGE('',*,*,#4893,.F.);
#1291=ORIENTED_EDGE('',*,*,#4896,.F.);
#1292=ORIENTED_EDGE('',*,*,#5122,.F.);
#1293=ORIENTED_EDGE('',*,*,#4880,.F.);
#1294=ORIENTED_EDGE('',*,*,#4883,.F.);
#1295=ORIENTED_EDGE('',*,*,#4886,.F.);
#1296=ORIENTED_EDGE('',*,*,#5120,.F.);
#1297=ORIENTED_EDGE('',*,*,#4870,.F.);
#1298=ORIENTED_EDGE('',*,*,#4873,.F.);
#1299=ORIENTED_EDGE('',*,*,#4876,.F.);
#1300=ORIENTED_EDGE('',*,*,#5118,.F.);
#1301=ORIENTED_EDGE('',*,*,#4860,.F.);
#1302=ORIENTED_EDGE('',*,*,#4863,.F.);
#1303=ORIENTED_EDGE('',*,*,#4866,.F.);
#1304=ORIENTED_EDGE('',*,*,#5116,.F.);
#1305=ORIENTED_EDGE('',*,*,#4850,.F.);
#1306=ORIENTED_EDGE('',*,*,#4853,.F.);
#1307=ORIENTED_EDGE('',*,*,#4856,.F.);
#1308=ORIENTED_EDGE('',*,*,#5114,.F.);
#1309=ORIENTED_EDGE('',*,*,#4840,.F.);
#1310=ORIENTED_EDGE('',*,*,#4843,.F.);
#1311=ORIENTED_EDGE('',*,*,#4846,.F.);
#1312=ORIENTED_EDGE('',*,*,#5112,.F.);
#1313=ORIENTED_EDGE('',*,*,#4830,.F.);
#1314=ORIENTED_EDGE('',*,*,#4833,.F.);
#1315=ORIENTED_EDGE('',*,*,#4836,.F.);
#1316=ORIENTED_EDGE('',*,*,#5110,.F.);
#1317=ORIENTED_EDGE('',*,*,#4820,.F.);
#1318=ORIENTED_EDGE('',*,*,#4823,.F.);
#1319=ORIENTED_EDGE('',*,*,#4826,.F.);
#1320=ORIENTED_EDGE('',*,*,#5108,.F.);
#1321=ORIENTED_EDGE('',*,*,#4810,.F.);
#1322=ORIENTED_EDGE('',*,*,#4813,.F.);
#1323=ORIENTED_EDGE('',*,*,#4816,.F.);
#1324=ORIENTED_EDGE('',*,*,#5106,.F.);
#1325=ORIENTED_EDGE('',*,*,#4800,.F.);
#1326=ORIENTED_EDGE('',*,*,#4803,.F.);
#1327=ORIENTED_EDGE('',*,*,#4806,.F.);
#1328=ORIENTED_EDGE('',*,*,#5104,.F.);
#1329=ORIENTED_EDGE('',*,*,#4790,.F.);
#1330=ORIENTED_EDGE('',*,*,#4793,.F.);
#1331=ORIENTED_EDGE('',*,*,#4796,.F.);
#1332=ORIENTED_EDGE('',*,*,#5102,.F.);
#1333=ORIENTED_EDGE('',*,*,#4780,.F.);
#1334=ORIENTED_EDGE('',*,*,#4783,.F.);
#1335=ORIENTED_EDGE('',*,*,#4786,.F.);
#1336=ORIENTED_EDGE('',*,*,#5100,.F.);
#1337=ORIENTED_EDGE('',*,*,#4770,.F.);
#1338=ORIENTED_EDGE('',*,*,#4773,.F.);
#1339=ORIENTED_EDGE('',*,*,#4776,.F.);
#1340=ORIENTED_EDGE('',*,*,#5098,.F.);
#1341=ORIENTED_EDGE('',*,*,#4760,.F.);
#1342=ORIENTED_EDGE('',*,*,#4763,.F.);
#1343=ORIENTED_EDGE('',*,*,#4766,.F.);
#1344=ORIENTED_EDGE('',*,*,#5096,.F.);
#1345=ORIENTED_EDGE('',*,*,#4750,.F.);
#1346=ORIENTED_EDGE('',*,*,#4753,.F.);
#1347=ORIENTED_EDGE('',*,*,#4756,.F.);
#1348=ORIENTED_EDGE('',*,*,#5094,.F.);
#1349=ORIENTED_EDGE('',*,*,#4740,.F.);
#1350=ORIENTED_EDGE('',*,*,#4743,.F.);
#1351=ORIENTED_EDGE('',*,*,#4746,.F.);
#1352=ORIENTED_EDGE('',*,*,#5092,.F.);
#1353=ORIENTED_EDGE('',*,*,#4730,.F.);
#1354=ORIENTED_EDGE('',*,*,#4733,.F.);
#1355=ORIENTED_EDGE('',*,*,#4736,.F.);
#1356=ORIENTED_EDGE('',*,*,#5090,.F.);
#1357=ORIENTED_EDGE('',*,*,#4720,.F.);
#1358=ORIENTED_EDGE('',*,*,#4723,.F.);
#1359=ORIENTED_EDGE('',*,*,#4726,.F.);
#1360=ORIENTED_EDGE('',*,*,#5088,.F.);
#1361=ORIENTED_EDGE('',*,*,#4710,.F.);
#1362=ORIENTED_EDGE('',*,*,#4713,.F.);
#1363=ORIENTED_EDGE('',*,*,#4716,.F.);
#1364=ORIENTED_EDGE('',*,*,#5086,.F.);
#1365=ORIENTED_EDGE('',*,*,#4700,.F.);
#1366=ORIENTED_EDGE('',*,*,#4703,.F.);
#1367=ORIENTED_EDGE('',*,*,#4706,.F.);
#1368=ORIENTED_EDGE('',*,*,#5084,.F.);
#1369=ORIENTED_EDGE('',*,*,#4690,.F.);
#1370=ORIENTED_EDGE('',*,*,#4693,.F.);
#1371=ORIENTED_EDGE('',*,*,#4696,.F.);
#1372=ORIENTED_EDGE('',*,*,#5082,.F.);
#1373=ORIENTED_EDGE('',*,*,#4680,.F.);
#1374=ORIENTED_EDGE('',*,*,#4683,.F.);
#1375=ORIENTED_EDGE('',*,*,#4686,.F.);
#1376=ORIENTED_EDGE('',*,*,#5080,.F.);
#1377=ORIENTED_EDGE('',*,*,#4670,.F.);
#1378=ORIENTED_EDGE('',*,*,#4673,.F.);
#1379=ORIENTED_EDGE('',*,*,#4676,.F.);
#1380=ORIENTED_EDGE('',*,*,#5078,.F.);
#1381=ORIENTED_EDGE('',*,*,#4660,.F.);
#1382=ORIENTED_EDGE('',*,*,#4663,.F.);
#1383=ORIENTED_EDGE('',*,*,#4666,.F.);
#1384=ORIENTED_EDGE('',*,*,#5076,.F.);
#1385=ORIENTED_EDGE('',*,*,#4650,.F.);
#1386=ORIENTED_EDGE('',*,*,#4653,.F.);
#1387=ORIENTED_EDGE('',*,*,#4656,.F.);
#1388=ORIENTED_EDGE('',*,*,#5074,.F.);
#1389=ORIENTED_EDGE('',*,*,#4640,.F.);
#1390=ORIENTED_EDGE('',*,*,#4643,.F.);
#1391=ORIENTED_EDGE('',*,*,#4646,.F.);
#1392=ORIENTED_EDGE('',*,*,#5072,.F.);
#1393=ORIENTED_EDGE('',*,*,#4630,.F.);
#1394=ORIENTED_EDGE('',*,*,#4633,.F.);
#1395=ORIENTED_EDGE('',*,*,#4636,.F.);
#1396=ORIENTED_EDGE('',*,*,#5070,.F.);
#1397=ORIENTED_EDGE('',*,*,#4620,.F.);
#1398=ORIENTED_EDGE('',*,*,#4623,.F.);
#1399=ORIENTED_EDGE('',*,*,#4626,.F.);
#1400=ORIENTED_EDGE('',*,*,#5068,.F.);
#1401=ORIENTED_EDGE('',*,*,#4550,.T.);
#1402=ORIENTED_EDGE('',*,*,#5189,.T.);
#1403=ORIENTED_EDGE('',*,*,#4556,.T.);
#1404=ORIENTED_EDGE('',*,*,#5190,.T.);
#1405=ORIENTED_EDGE('',*,*,#4545,.T.);
#1406=ORIENTED_EDGE('',*,*,#5188,.T.);
#1407=ORIENTED_EDGE('',*,*,#4561,.T.);
#1408=ORIENTED_EDGE('',*,*,#5191,.T.);
#1409=ORIENTED_EDGE('',*,*,#4547,.T.);
#1410=ORIENTED_EDGE('',*,*,#5192,.F.);
#1411=ORIENTED_EDGE('',*,*,#4559,.T.);
#1412=ORIENTED_EDGE('',*,*,#5157,.T.);
#1413=ORIENTED_EDGE('',*,*,#5151,.F.);
#1414=ORIENTED_EDGE('',*,*,#5044,.F.);
#1415=ORIENTED_EDGE('',*,*,#5041,.F.);
#1416=ORIENTED_EDGE('',*,*,#5038,.F.);
#1417=ORIENTED_EDGE('',*,*,#5153,.F.);
#1418=ORIENTED_EDGE('',*,*,#5054,.F.);
#1419=ORIENTED_EDGE('',*,*,#5051,.F.);
#1420=ORIENTED_EDGE('',*,*,#5048,.F.);
#1421=ORIENTED_EDGE('',*,*,#5155,.F.);
#1422=ORIENTED_EDGE('',*,*,#5064,.F.);
#1423=ORIENTED_EDGE('',*,*,#5061,.F.);
#1424=ORIENTED_EDGE('',*,*,#5058,.F.);
#1425=ORIENTED_EDGE('',*,*,#4546,.T.);
#1426=ORIENTED_EDGE('',*,*,#5191,.F.);
#1427=ORIENTED_EDGE('',*,*,#4560,.T.);
#1428=ORIENTED_EDGE('',*,*,#5192,.T.);
#1429=ORIENTED_EDGE('',*,*,#4541,.T.);
#1430=ORIENTED_EDGE('',*,*,#5186,.T.);
#1431=ORIENTED_EDGE('',*,*,#4565,.T.);
#1432=ORIENTED_EDGE('',*,*,#5193,.T.);
#1433=ORIENTED_EDGE('',*,*,#4543,.T.);
#1434=ORIENTED_EDGE('',*,*,#5194,.F.);
#1435=ORIENTED_EDGE('',*,*,#4563,.T.);
#1436=ORIENTED_EDGE('',*,*,#5187,.T.);
#1437=ORIENTED_EDGE('',*,*,#5145,.F.);
#1438=ORIENTED_EDGE('',*,*,#5014,.F.);
#1439=ORIENTED_EDGE('',*,*,#5011,.F.);
#1440=ORIENTED_EDGE('',*,*,#5008,.F.);
#1441=ORIENTED_EDGE('',*,*,#5147,.F.);
#1442=ORIENTED_EDGE('',*,*,#5024,.F.);
#1443=ORIENTED_EDGE('',*,*,#5021,.F.);
#1444=ORIENTED_EDGE('',*,*,#5018,.F.);
#1445=ORIENTED_EDGE('',*,*,#5149,.F.);
#1446=ORIENTED_EDGE('',*,*,#5034,.F.);
#1447=ORIENTED_EDGE('',*,*,#5031,.F.);
#1448=ORIENTED_EDGE('',*,*,#5028,.F.);
#1449=ORIENTED_EDGE('',*,*,#4542,.T.);
#1450=ORIENTED_EDGE('',*,*,#5193,.F.);
#1451=ORIENTED_EDGE('',*,*,#4564,.T.);
#1452=ORIENTED_EDGE('',*,*,#5194,.T.);
#1453=ORIENTED_EDGE('',*,*,#4537,.T.);
#1454=ORIENTED_EDGE('',*,*,#5184,.T.);
#1455=ORIENTED_EDGE('',*,*,#4569,.T.);
#1456=ORIENTED_EDGE('',*,*,#5195,.T.);
#1457=ORIENTED_EDGE('',*,*,#4539,.T.);
#1458=ORIENTED_EDGE('',*,*,#5196,.F.);
#1459=ORIENTED_EDGE('',*,*,#4567,.T.);
#1460=ORIENTED_EDGE('',*,*,#5185,.T.);
#1461=ORIENTED_EDGE('',*,*,#5139,.F.);
#1462=ORIENTED_EDGE('',*,*,#4984,.F.);
#1463=ORIENTED_EDGE('',*,*,#4981,.F.);
#1464=ORIENTED_EDGE('',*,*,#4978,.F.);
#1465=ORIENTED_EDGE('',*,*,#5141,.F.);
#1466=ORIENTED_EDGE('',*,*,#4994,.F.);
#1467=ORIENTED_EDGE('',*,*,#4991,.F.);
#1468=ORIENTED_EDGE('',*,*,#4988,.F.);
#1469=ORIENTED_EDGE('',*,*,#5143,.F.);
#1470=ORIENTED_EDGE('',*,*,#5004,.F.);
#1471=ORIENTED_EDGE('',*,*,#5001,.F.);
#1472=ORIENTED_EDGE('',*,*,#4998,.F.);
#1473=ORIENTED_EDGE('',*,*,#4538,.T.);
#1474=ORIENTED_EDGE('',*,*,#5195,.F.);
#1475=ORIENTED_EDGE('',*,*,#4568,.T.);
#1476=ORIENTED_EDGE('',*,*,#5196,.T.);
#1477=ORIENTED_EDGE('',*,*,#4533,.T.);
#1478=ORIENTED_EDGE('',*,*,#5182,.T.);
#1479=ORIENTED_EDGE('',*,*,#4573,.T.);
#1480=ORIENTED_EDGE('',*,*,#5197,.T.);
#1481=ORIENTED_EDGE('',*,*,#4535,.T.);
#1482=ORIENTED_EDGE('',*,*,#5198,.F.);
#1483=ORIENTED_EDGE('',*,*,#4571,.T.);
#1484=ORIENTED_EDGE('',*,*,#5183,.T.);
#1485=ORIENTED_EDGE('',*,*,#5133,.F.);
#1486=ORIENTED_EDGE('',*,*,#4954,.F.);
#1487=ORIENTED_EDGE('',*,*,#4951,.F.);
#1488=ORIENTED_EDGE('',*,*,#4948,.F.);
#1489=ORIENTED_EDGE('',*,*,#5135,.F.);
#1490=ORIENTED_EDGE('',*,*,#4964,.F.);
#1491=ORIENTED_EDGE('',*,*,#4961,.F.);
#1492=ORIENTED_EDGE('',*,*,#4958,.F.);
#1493=ORIENTED_EDGE('',*,*,#5137,.F.);
#1494=ORIENTED_EDGE('',*,*,#4974,.F.);
#1495=ORIENTED_EDGE('',*,*,#4971,.F.);
#1496=ORIENTED_EDGE('',*,*,#4968,.F.);
#1497=ORIENTED_EDGE('',*,*,#4534,.T.);
#1498=ORIENTED_EDGE('',*,*,#5197,.F.);
#1499=ORIENTED_EDGE('',*,*,#4572,.T.);
#1500=ORIENTED_EDGE('',*,*,#5198,.T.);
#1501=ORIENTED_EDGE('',*,*,#4529,.T.);
#1502=ORIENTED_EDGE('',*,*,#5180,.T.);
#1503=ORIENTED_EDGE('',*,*,#4577,.T.);
#1504=ORIENTED_EDGE('',*,*,#5199,.T.);
#1505=ORIENTED_EDGE('',*,*,#4531,.T.);
#1506=ORIENTED_EDGE('',*,*,#5200,.F.);
#1507=ORIENTED_EDGE('',*,*,#4575,.T.);
#1508=ORIENTED_EDGE('',*,*,#5181,.T.);
#1509=ORIENTED_EDGE('',*,*,#5127,.F.);
#1510=ORIENTED_EDGE('',*,*,#4924,.F.);
#1511=ORIENTED_EDGE('',*,*,#4921,.F.);
#1512=ORIENTED_EDGE('',*,*,#4918,.F.);
#1513=ORIENTED_EDGE('',*,*,#5129,.F.);
#1514=ORIENTED_EDGE('',*,*,#4934,.F.);
#1515=ORIENTED_EDGE('',*,*,#4931,.F.);
#1516=ORIENTED_EDGE('',*,*,#4928,.F.);
#1517=ORIENTED_EDGE('',*,*,#5131,.F.);
#1518=ORIENTED_EDGE('',*,*,#4944,.F.);
#1519=ORIENTED_EDGE('',*,*,#4941,.F.);
#1520=ORIENTED_EDGE('',*,*,#4938,.F.);
#1521=ORIENTED_EDGE('',*,*,#4530,.T.);
#1522=ORIENTED_EDGE('',*,*,#5199,.F.);
#1523=ORIENTED_EDGE('',*,*,#4576,.T.);
#1524=ORIENTED_EDGE('',*,*,#5200,.T.);
#1525=ORIENTED_EDGE('',*,*,#4525,.T.);
#1526=ORIENTED_EDGE('',*,*,#5178,.T.);
#1527=ORIENTED_EDGE('',*,*,#4581,.T.);
#1528=ORIENTED_EDGE('',*,*,#5201,.T.);
#1529=ORIENTED_EDGE('',*,*,#4527,.T.);
#1530=ORIENTED_EDGE('',*,*,#5202,.F.);
#1531=ORIENTED_EDGE('',*,*,#4579,.T.);
#1532=ORIENTED_EDGE('',*,*,#5179,.T.);
#1533=ORIENTED_EDGE('',*,*,#5121,.F.);
#1534=ORIENTED_EDGE('',*,*,#4894,.F.);
#1535=ORIENTED_EDGE('',*,*,#4891,.F.);
#1536=ORIENTED_EDGE('',*,*,#4888,.F.);
#1537=ORIENTED_EDGE('',*,*,#5123,.F.);
#1538=ORIENTED_EDGE('',*,*,#4904,.F.);
#1539=ORIENTED_EDGE('',*,*,#4901,.F.);
#1540=ORIENTED_EDGE('',*,*,#4898,.F.);
#1541=ORIENTED_EDGE('',*,*,#5125,.F.);
#1542=ORIENTED_EDGE('',*,*,#4914,.F.);
#1543=ORIENTED_EDGE('',*,*,#4911,.F.);
#1544=ORIENTED_EDGE('',*,*,#4908,.F.);
#1545=ORIENTED_EDGE('',*,*,#4526,.T.);
#1546=ORIENTED_EDGE('',*,*,#5201,.F.);
#1547=ORIENTED_EDGE('',*,*,#4580,.T.);
#1548=ORIENTED_EDGE('',*,*,#5202,.T.);
#1549=ORIENTED_EDGE('',*,*,#4521,.T.);
#1550=ORIENTED_EDGE('',*,*,#5176,.T.);
#1551=ORIENTED_EDGE('',*,*,#4585,.T.);
#1552=ORIENTED_EDGE('',*,*,#5203,.T.);
#1553=ORIENTED_EDGE('',*,*,#4523,.T.);
#1554=ORIENTED_EDGE('',*,*,#5204,.F.);
#1555=ORIENTED_EDGE('',*,*,#4583,.T.);
#1556=ORIENTED_EDGE('',*,*,#5177,.T.);
#1557=ORIENTED_EDGE('',*,*,#5115,.F.);
#1558=ORIENTED_EDGE('',*,*,#4864,.F.);
#1559=ORIENTED_EDGE('',*,*,#4861,.F.);
#1560=ORIENTED_EDGE('',*,*,#4858,.F.);
#1561=ORIENTED_EDGE('',*,*,#5117,.F.);
#1562=ORIENTED_EDGE('',*,*,#4874,.F.);
#1563=ORIENTED_EDGE('',*,*,#4871,.F.);
#1564=ORIENTED_EDGE('',*,*,#4868,.F.);
#1565=ORIENTED_EDGE('',*,*,#5119,.F.);
#1566=ORIENTED_EDGE('',*,*,#4884,.F.);
#1567=ORIENTED_EDGE('',*,*,#4881,.F.);
#1568=ORIENTED_EDGE('',*,*,#4878,.F.);
#1569=ORIENTED_EDGE('',*,*,#4522,.T.);
#1570=ORIENTED_EDGE('',*,*,#5203,.F.);
#1571=ORIENTED_EDGE('',*,*,#4584,.T.);
#1572=ORIENTED_EDGE('',*,*,#5204,.T.);
#1573=ORIENTED_EDGE('',*,*,#4517,.T.);
#1574=ORIENTED_EDGE('',*,*,#5174,.T.);
#1575=ORIENTED_EDGE('',*,*,#4589,.T.);
#1576=ORIENTED_EDGE('',*,*,#5205,.T.);
#1577=ORIENTED_EDGE('',*,*,#4519,.T.);
#1578=ORIENTED_EDGE('',*,*,#5206,.F.);
#1579=ORIENTED_EDGE('',*,*,#4587,.T.);
#1580=ORIENTED_EDGE('',*,*,#5175,.T.);
#1581=ORIENTED_EDGE('',*,*,#5109,.F.);
#1582=ORIENTED_EDGE('',*,*,#4834,.F.);
#1583=ORIENTED_EDGE('',*,*,#4831,.F.);
#1584=ORIENTED_EDGE('',*,*,#4828,.F.);
#1585=ORIENTED_EDGE('',*,*,#5111,.F.);
#1586=ORIENTED_EDGE('',*,*,#4844,.F.);
#1587=ORIENTED_EDGE('',*,*,#4841,.F.);
#1588=ORIENTED_EDGE('',*,*,#4838,.F.);
#1589=ORIENTED_EDGE('',*,*,#5113,.F.);
#1590=ORIENTED_EDGE('',*,*,#4854,.F.);
#1591=ORIENTED_EDGE('',*,*,#4851,.F.);
#1592=ORIENTED_EDGE('',*,*,#4848,.F.);
#1593=ORIENTED_EDGE('',*,*,#4518,.T.);
#1594=ORIENTED_EDGE('',*,*,#5205,.F.);
#1595=ORIENTED_EDGE('',*,*,#4588,.T.);
#1596=ORIENTED_EDGE('',*,*,#5206,.T.);
#1597=ORIENTED_EDGE('',*,*,#4513,.T.);
#1598=ORIENTED_EDGE('',*,*,#5172,.T.);
#1599=ORIENTED_EDGE('',*,*,#4593,.T.);
#1600=ORIENTED_EDGE('',*,*,#5207,.T.);
#1601=ORIENTED_EDGE('',*,*,#4515,.T.);
#1602=ORIENTED_EDGE('',*,*,#5208,.F.);
#1603=ORIENTED_EDGE('',*,*,#4591,.T.);
#1604=ORIENTED_EDGE('',*,*,#5173,.T.);
#1605=ORIENTED_EDGE('',*,*,#5103,.F.);
#1606=ORIENTED_EDGE('',*,*,#4804,.F.);
#1607=ORIENTED_EDGE('',*,*,#4801,.F.);
#1608=ORIENTED_EDGE('',*,*,#4798,.F.);
#1609=ORIENTED_EDGE('',*,*,#5105,.F.);
#1610=ORIENTED_EDGE('',*,*,#4814,.F.);
#1611=ORIENTED_EDGE('',*,*,#4811,.F.);
#1612=ORIENTED_EDGE('',*,*,#4808,.F.);
#1613=ORIENTED_EDGE('',*,*,#5107,.F.);
#1614=ORIENTED_EDGE('',*,*,#4824,.F.);
#1615=ORIENTED_EDGE('',*,*,#4821,.F.);
#1616=ORIENTED_EDGE('',*,*,#4818,.F.);
#1617=ORIENTED_EDGE('',*,*,#4514,.T.);
#1618=ORIENTED_EDGE('',*,*,#5207,.F.);
#1619=ORIENTED_EDGE('',*,*,#4592,.T.);
#1620=ORIENTED_EDGE('',*,*,#5208,.T.);
#1621=ORIENTED_EDGE('',*,*,#4509,.T.);
#1622=ORIENTED_EDGE('',*,*,#5170,.T.);
#1623=ORIENTED_EDGE('',*,*,#4597,.T.);
#1624=ORIENTED_EDGE('',*,*,#5209,.T.);
#1625=ORIENTED_EDGE('',*,*,#4511,.T.);
#1626=ORIENTED_EDGE('',*,*,#5210,.F.);
#1627=ORIENTED_EDGE('',*,*,#4595,.T.);
#1628=ORIENTED_EDGE('',*,*,#5171,.T.);
#1629=ORIENTED_EDGE('',*,*,#5097,.F.);
#1630=ORIENTED_EDGE('',*,*,#4774,.F.);
#1631=ORIENTED_EDGE('',*,*,#4771,.F.);
#1632=ORIENTED_EDGE('',*,*,#4768,.F.);
#1633=ORIENTED_EDGE('',*,*,#5099,.F.);
#1634=ORIENTED_EDGE('',*,*,#4784,.F.);
#1635=ORIENTED_EDGE('',*,*,#4781,.F.);
#1636=ORIENTED_EDGE('',*,*,#4778,.F.);
#1637=ORIENTED_EDGE('',*,*,#5101,.F.);
#1638=ORIENTED_EDGE('',*,*,#4794,.F.);
#1639=ORIENTED_EDGE('',*,*,#4791,.F.);
#1640=ORIENTED_EDGE('',*,*,#4788,.F.);
#1641=ORIENTED_EDGE('',*,*,#4510,.T.);
#1642=ORIENTED_EDGE('',*,*,#5209,.F.);
#1643=ORIENTED_EDGE('',*,*,#4596,.T.);
#1644=ORIENTED_EDGE('',*,*,#5210,.T.);
#1645=ORIENTED_EDGE('',*,*,#4505,.T.);
#1646=ORIENTED_EDGE('',*,*,#5168,.T.);
#1647=ORIENTED_EDGE('',*,*,#4601,.T.);
#1648=ORIENTED_EDGE('',*,*,#5211,.T.);
#1649=ORIENTED_EDGE('',*,*,#4507,.T.);
#1650=ORIENTED_EDGE('',*,*,#5212,.F.);
#1651=ORIENTED_EDGE('',*,*,#4599,.T.);
#1652=ORIENTED_EDGE('',*,*,#5169,.T.);
#1653=ORIENTED_EDGE('',*,*,#5091,.F.);
#1654=ORIENTED_EDGE('',*,*,#4744,.F.);
#1655=ORIENTED_EDGE('',*,*,#4741,.F.);
#1656=ORIENTED_EDGE('',*,*,#4738,.F.);
#1657=ORIENTED_EDGE('',*,*,#5093,.F.);
#1658=ORIENTED_EDGE('',*,*,#4754,.F.);
#1659=ORIENTED_EDGE('',*,*,#4751,.F.);
#1660=ORIENTED_EDGE('',*,*,#4748,.F.);
#1661=ORIENTED_EDGE('',*,*,#5095,.F.);
#1662=ORIENTED_EDGE('',*,*,#4764,.F.);
#1663=ORIENTED_EDGE('',*,*,#4761,.F.);
#1664=ORIENTED_EDGE('',*,*,#4758,.F.);
#1665=ORIENTED_EDGE('',*,*,#4506,.T.);
#1666=ORIENTED_EDGE('',*,*,#5211,.F.);
#1667=ORIENTED_EDGE('',*,*,#4600,.T.);
#1668=ORIENTED_EDGE('',*,*,#5212,.T.);
#1669=ORIENTED_EDGE('',*,*,#4501,.T.);
#1670=ORIENTED_EDGE('',*,*,#5166,.T.);
#1671=ORIENTED_EDGE('',*,*,#4605,.T.);
#1672=ORIENTED_EDGE('',*,*,#5213,.T.);
#1673=ORIENTED_EDGE('',*,*,#4503,.T.);
#1674=ORIENTED_EDGE('',*,*,#5214,.F.);
#1675=ORIENTED_EDGE('',*,*,#4603,.T.);
#1676=ORIENTED_EDGE('',*,*,#5167,.T.);
#1677=ORIENTED_EDGE('',*,*,#5085,.F.);
#1678=ORIENTED_EDGE('',*,*,#4714,.F.);
#1679=ORIENTED_EDGE('',*,*,#4711,.F.);
#1680=ORIENTED_EDGE('',*,*,#4708,.F.);
#1681=ORIENTED_EDGE('',*,*,#5087,.F.);
#1682=ORIENTED_EDGE('',*,*,#4724,.F.);
#1683=ORIENTED_EDGE('',*,*,#4721,.F.);
#1684=ORIENTED_EDGE('',*,*,#4718,.F.);
#1685=ORIENTED_EDGE('',*,*,#5089,.F.);
#1686=ORIENTED_EDGE('',*,*,#4734,.F.);
#1687=ORIENTED_EDGE('',*,*,#4731,.F.);
#1688=ORIENTED_EDGE('',*,*,#4728,.F.);
#1689=ORIENTED_EDGE('',*,*,#4502,.T.);
#1690=ORIENTED_EDGE('',*,*,#5213,.F.);
#1691=ORIENTED_EDGE('',*,*,#4604,.T.);
#1692=ORIENTED_EDGE('',*,*,#5214,.T.);
#1693=ORIENTED_EDGE('',*,*,#4497,.T.);
#1694=ORIENTED_EDGE('',*,*,#5164,.T.);
#1695=ORIENTED_EDGE('',*,*,#4609,.T.);
#1696=ORIENTED_EDGE('',*,*,#5215,.T.);
#1697=ORIENTED_EDGE('',*,*,#4499,.T.);
#1698=ORIENTED_EDGE('',*,*,#5216,.F.);
#1699=ORIENTED_EDGE('',*,*,#4607,.T.);
#1700=ORIENTED_EDGE('',*,*,#5165,.T.);
#1701=ORIENTED_EDGE('',*,*,#5079,.F.);
#1702=ORIENTED_EDGE('',*,*,#4684,.F.);
#1703=ORIENTED_EDGE('',*,*,#4681,.F.);
#1704=ORIENTED_EDGE('',*,*,#4678,.F.);
#1705=ORIENTED_EDGE('',*,*,#5081,.F.);
#1706=ORIENTED_EDGE('',*,*,#4694,.F.);
#1707=ORIENTED_EDGE('',*,*,#4691,.F.);
#1708=ORIENTED_EDGE('',*,*,#4688,.F.);
#1709=ORIENTED_EDGE('',*,*,#5083,.F.);
#1710=ORIENTED_EDGE('',*,*,#4704,.F.);
#1711=ORIENTED_EDGE('',*,*,#4701,.F.);
#1712=ORIENTED_EDGE('',*,*,#4698,.F.);
#1713=ORIENTED_EDGE('',*,*,#4498,.T.);
#1714=ORIENTED_EDGE('',*,*,#5215,.F.);
#1715=ORIENTED_EDGE('',*,*,#4608,.T.);
#1716=ORIENTED_EDGE('',*,*,#5216,.T.);
#1717=ORIENTED_EDGE('',*,*,#4493,.T.);
#1718=ORIENTED_EDGE('',*,*,#5162,.T.);
#1719=ORIENTED_EDGE('',*,*,#4613,.T.);
#1720=ORIENTED_EDGE('',*,*,#5217,.T.);
#1721=ORIENTED_EDGE('',*,*,#4495,.T.);
#1722=ORIENTED_EDGE('',*,*,#5218,.F.);
#1723=ORIENTED_EDGE('',*,*,#4611,.T.);
#1724=ORIENTED_EDGE('',*,*,#5163,.T.);
#1725=ORIENTED_EDGE('',*,*,#5073,.F.);
#1726=ORIENTED_EDGE('',*,*,#4654,.F.);
#1727=ORIENTED_EDGE('',*,*,#4651,.F.);
#1728=ORIENTED_EDGE('',*,*,#4648,.F.);
#1729=ORIENTED_EDGE('',*,*,#5075,.F.);
#1730=ORIENTED_EDGE('',*,*,#4664,.F.);
#1731=ORIENTED_EDGE('',*,*,#4661,.F.);
#1732=ORIENTED_EDGE('',*,*,#4658,.F.);
#1733=ORIENTED_EDGE('',*,*,#5077,.F.);
#1734=ORIENTED_EDGE('',*,*,#4674,.F.);
#1735=ORIENTED_EDGE('',*,*,#4671,.F.);
#1736=ORIENTED_EDGE('',*,*,#4668,.F.);
#1737=ORIENTED_EDGE('',*,*,#4494,.T.);
#1738=ORIENTED_EDGE('',*,*,#5217,.F.);
#1739=ORIENTED_EDGE('',*,*,#4612,.T.);
#1740=ORIENTED_EDGE('',*,*,#5218,.T.);
#1741=ORIENTED_EDGE('',*,*,#5067,.F.);
#1742=ORIENTED_EDGE('',*,*,#4624,.F.);
#1743=ORIENTED_EDGE('',*,*,#4621,.F.);
#1744=ORIENTED_EDGE('',*,*,#4618,.F.);
#1745=ORIENTED_EDGE('',*,*,#5069,.F.);
#1746=ORIENTED_EDGE('',*,*,#4634,.F.);
#1747=ORIENTED_EDGE('',*,*,#4631,.F.);
#1748=ORIENTED_EDGE('',*,*,#4628,.F.);
#1749=ORIENTED_EDGE('',*,*,#5071,.F.);
#1750=ORIENTED_EDGE('',*,*,#4644,.F.);
#1751=ORIENTED_EDGE('',*,*,#4641,.F.);
#1752=ORIENTED_EDGE('',*,*,#4638,.F.);
#1753=ORIENTED_EDGE('',*,*,#4490,.T.);
#1754=ORIENTED_EDGE('',*,*,#5219,.F.);
#1755=ORIENTED_EDGE('',*,*,#4616,.T.);
#1756=ORIENTED_EDGE('',*,*,#5220,.T.);
#1757=ORIENTED_EDGE('',*,*,#4489,.T.);
#1758=ORIENTED_EDGE('',*,*,#5159,.T.);
#1759=ORIENTED_EDGE('',*,*,#4553,.T.);
#1760=ORIENTED_EDGE('',*,*,#5219,.T.);
#1761=ORIENTED_EDGE('',*,*,#4491,.T.);
#1762=ORIENTED_EDGE('',*,*,#5220,.F.);
#1763=ORIENTED_EDGE('',*,*,#4615,.T.);
#1764=ORIENTED_EDGE('',*,*,#5161,.T.);
#1765=ORIENTED_EDGE('',*,*,#5221,.F.);
#1766=ORIENTED_EDGE('',*,*,#5222,.F.);
#1767=ORIENTED_EDGE('',*,*,#5223,.T.);
#1768=ORIENTED_EDGE('',*,*,#5224,.F.);
#1769=ORIENTED_EDGE('',*,*,#5225,.F.);
#1770=ORIENTED_EDGE('',*,*,#5226,.F.);
#1771=ORIENTED_EDGE('',*,*,#5227,.F.);
#1772=ORIENTED_EDGE('',*,*,#5228,.F.);
#1773=ORIENTED_EDGE('',*,*,#5229,.T.);
#1774=ORIENTED_EDGE('',*,*,#5230,.F.);
#1775=ORIENTED_EDGE('',*,*,#5231,.F.);
#1776=ORIENTED_EDGE('',*,*,#5232,.F.);
#1777=ORIENTED_EDGE('',*,*,#5233,.F.);
#1778=ORIENTED_EDGE('',*,*,#5234,.F.);
#1779=ORIENTED_EDGE('',*,*,#5235,.T.);
#1780=ORIENTED_EDGE('',*,*,#5236,.F.);
#1781=ORIENTED_EDGE('',*,*,#5237,.F.);
#1782=ORIENTED_EDGE('',*,*,#5238,.F.);
#1783=ORIENTED_EDGE('',*,*,#5239,.F.);
#1784=ORIENTED_EDGE('',*,*,#5240,.F.);
#1785=ORIENTED_EDGE('',*,*,#5241,.T.);
#1786=ORIENTED_EDGE('',*,*,#5242,.F.);
#1787=ORIENTED_EDGE('',*,*,#5243,.F.);
#1788=ORIENTED_EDGE('',*,*,#5244,.F.);
#1789=ORIENTED_EDGE('',*,*,#5245,.F.);
#1790=ORIENTED_EDGE('',*,*,#5246,.F.);
#1791=ORIENTED_EDGE('',*,*,#5247,.T.);
#1792=ORIENTED_EDGE('',*,*,#5248,.F.);
#1793=ORIENTED_EDGE('',*,*,#5249,.F.);
#1794=ORIENTED_EDGE('',*,*,#5250,.F.);
#1795=ORIENTED_EDGE('',*,*,#5251,.F.);
#1796=ORIENTED_EDGE('',*,*,#5252,.F.);
#1797=ORIENTED_EDGE('',*,*,#5253,.T.);
#1798=ORIENTED_EDGE('',*,*,#5254,.F.);
#1799=ORIENTED_EDGE('',*,*,#5255,.F.);
#1800=ORIENTED_EDGE('',*,*,#5256,.F.);
#1801=ORIENTED_EDGE('',*,*,#5257,.F.);
#1802=ORIENTED_EDGE('',*,*,#5258,.F.);
#1803=ORIENTED_EDGE('',*,*,#5259,.T.);
#1804=ORIENTED_EDGE('',*,*,#5260,.F.);
#1805=ORIENTED_EDGE('',*,*,#5261,.F.);
#1806=ORIENTED_EDGE('',*,*,#5262,.F.);
#1807=ORIENTED_EDGE('',*,*,#5263,.F.);
#1808=ORIENTED_EDGE('',*,*,#5264,.F.);
#1809=ORIENTED_EDGE('',*,*,#5265,.T.);
#1810=ORIENTED_EDGE('',*,*,#5266,.F.);
#1811=ORIENTED_EDGE('',*,*,#5267,.F.);
#1812=ORIENTED_EDGE('',*,*,#5268,.F.);
#1813=ORIENTED_EDGE('',*,*,#5269,.F.);
#1814=ORIENTED_EDGE('',*,*,#5270,.F.);
#1815=ORIENTED_EDGE('',*,*,#5271,.T.);
#1816=ORIENTED_EDGE('',*,*,#5272,.F.);
#1817=ORIENTED_EDGE('',*,*,#5273,.F.);
#1818=ORIENTED_EDGE('',*,*,#5274,.F.);
#1819=ORIENTED_EDGE('',*,*,#5275,.F.);
#1820=ORIENTED_EDGE('',*,*,#5276,.F.);
#1821=ORIENTED_EDGE('',*,*,#5277,.T.);
#1822=ORIENTED_EDGE('',*,*,#5278,.F.);
#1823=ORIENTED_EDGE('',*,*,#5279,.F.);
#1824=ORIENTED_EDGE('',*,*,#5280,.F.);
#1825=ORIENTED_EDGE('',*,*,#5281,.F.);
#1826=ORIENTED_EDGE('',*,*,#5282,.F.);
#1827=ORIENTED_EDGE('',*,*,#5283,.T.);
#1828=ORIENTED_EDGE('',*,*,#5284,.F.);
#1829=ORIENTED_EDGE('',*,*,#5285,.F.);
#1830=ORIENTED_EDGE('',*,*,#5286,.F.);
#1831=ORIENTED_EDGE('',*,*,#5287,.F.);
#1832=ORIENTED_EDGE('',*,*,#5288,.F.);
#1833=ORIENTED_EDGE('',*,*,#5289,.T.);
#1834=ORIENTED_EDGE('',*,*,#5290,.F.);
#1835=ORIENTED_EDGE('',*,*,#5291,.F.);
#1836=ORIENTED_EDGE('',*,*,#5292,.F.);
#1837=ORIENTED_EDGE('',*,*,#5293,.F.);
#1838=ORIENTED_EDGE('',*,*,#5294,.F.);
#1839=ORIENTED_EDGE('',*,*,#5295,.T.);
#1840=ORIENTED_EDGE('',*,*,#5296,.F.);
#1841=ORIENTED_EDGE('',*,*,#5297,.F.);
#1842=ORIENTED_EDGE('',*,*,#5298,.F.);
#1843=ORIENTED_EDGE('',*,*,#5299,.F.);
#1844=ORIENTED_EDGE('',*,*,#5300,.F.);
#1845=ORIENTED_EDGE('',*,*,#5301,.T.);
#1846=ORIENTED_EDGE('',*,*,#5302,.F.);
#1847=ORIENTED_EDGE('',*,*,#5303,.F.);
#1848=ORIENTED_EDGE('',*,*,#5304,.F.);
#1849=ORIENTED_EDGE('',*,*,#5305,.F.);
#1850=ORIENTED_EDGE('',*,*,#5306,.F.);
#1851=ORIENTED_EDGE('',*,*,#5307,.T.);
#1852=ORIENTED_EDGE('',*,*,#5308,.F.);
#1853=ORIENTED_EDGE('',*,*,#5309,.F.);
#1854=ORIENTED_EDGE('',*,*,#5310,.F.);
#1855=ORIENTED_EDGE('',*,*,#5311,.F.);
#1856=ORIENTED_EDGE('',*,*,#5226,.T.);
#1857=ORIENTED_EDGE('',*,*,#5312,.F.);
#1858=ORIENTED_EDGE('',*,*,#5313,.F.);
#1859=ORIENTED_EDGE('',*,*,#5314,.F.);
#1860=ORIENTED_EDGE('',*,*,#5232,.T.);
#1861=ORIENTED_EDGE('',*,*,#5315,.F.);
#1862=ORIENTED_EDGE('',*,*,#5316,.F.);
#1863=ORIENTED_EDGE('',*,*,#5317,.F.);
#1864=ORIENTED_EDGE('',*,*,#5238,.T.);
#1865=ORIENTED_EDGE('',*,*,#5318,.F.);
#1866=ORIENTED_EDGE('',*,*,#5319,.F.);
#1867=ORIENTED_EDGE('',*,*,#5320,.F.);
#1868=ORIENTED_EDGE('',*,*,#5244,.T.);
#1869=ORIENTED_EDGE('',*,*,#5321,.F.);
#1870=ORIENTED_EDGE('',*,*,#5322,.F.);
#1871=ORIENTED_EDGE('',*,*,#5323,.F.);
#1872=ORIENTED_EDGE('',*,*,#5250,.T.);
#1873=ORIENTED_EDGE('',*,*,#5324,.F.);
#1874=ORIENTED_EDGE('',*,*,#5325,.F.);
#1875=ORIENTED_EDGE('',*,*,#5326,.F.);
#1876=ORIENTED_EDGE('',*,*,#5256,.T.);
#1877=ORIENTED_EDGE('',*,*,#5327,.F.);
#1878=ORIENTED_EDGE('',*,*,#5328,.F.);
#1879=ORIENTED_EDGE('',*,*,#5329,.F.);
#1880=ORIENTED_EDGE('',*,*,#5262,.T.);
#1881=ORIENTED_EDGE('',*,*,#5330,.F.);
#1882=ORIENTED_EDGE('',*,*,#5331,.F.);
#1883=ORIENTED_EDGE('',*,*,#5332,.F.);
#1884=ORIENTED_EDGE('',*,*,#5268,.T.);
#1885=ORIENTED_EDGE('',*,*,#5333,.F.);
#1886=ORIENTED_EDGE('',*,*,#5334,.F.);
#1887=ORIENTED_EDGE('',*,*,#5335,.F.);
#1888=ORIENTED_EDGE('',*,*,#5274,.T.);
#1889=ORIENTED_EDGE('',*,*,#5336,.F.);
#1890=ORIENTED_EDGE('',*,*,#5337,.F.);
#1891=ORIENTED_EDGE('',*,*,#5338,.F.);
#1892=ORIENTED_EDGE('',*,*,#5280,.T.);
#1893=ORIENTED_EDGE('',*,*,#5339,.F.);
#1894=ORIENTED_EDGE('',*,*,#5340,.F.);
#1895=ORIENTED_EDGE('',*,*,#5341,.F.);
#1896=ORIENTED_EDGE('',*,*,#5286,.T.);
#1897=ORIENTED_EDGE('',*,*,#5342,.F.);
#1898=ORIENTED_EDGE('',*,*,#5343,.F.);
#1899=ORIENTED_EDGE('',*,*,#5344,.F.);
#1900=ORIENTED_EDGE('',*,*,#5292,.T.);
#1901=ORIENTED_EDGE('',*,*,#5345,.F.);
#1902=ORIENTED_EDGE('',*,*,#5346,.F.);
#1903=ORIENTED_EDGE('',*,*,#5347,.F.);
#1904=ORIENTED_EDGE('',*,*,#5298,.T.);
#1905=ORIENTED_EDGE('',*,*,#5348,.F.);
#1906=ORIENTED_EDGE('',*,*,#5349,.F.);
#1907=ORIENTED_EDGE('',*,*,#5350,.F.);
#1908=ORIENTED_EDGE('',*,*,#5304,.T.);
#1909=ORIENTED_EDGE('',*,*,#5351,.F.);
#1910=ORIENTED_EDGE('',*,*,#5352,.F.);
#1911=ORIENTED_EDGE('',*,*,#5353,.F.);
#1912=ORIENTED_EDGE('',*,*,#5310,.T.);
#1913=ORIENTED_EDGE('',*,*,#5354,.F.);
#1914=ORIENTED_EDGE('',*,*,#5355,.F.);
#1915=ORIENTED_EDGE('',*,*,#5356,.F.);
#1916=ORIENTED_EDGE('',*,*,#5313,.T.);
#1917=ORIENTED_EDGE('',*,*,#5357,.F.);
#1918=ORIENTED_EDGE('',*,*,#5358,.F.);
#1919=ORIENTED_EDGE('',*,*,#5359,.F.);
#1920=ORIENTED_EDGE('',*,*,#5360,.F.);
#1921=ORIENTED_EDGE('',*,*,#5361,.F.);
#1922=ORIENTED_EDGE('',*,*,#5316,.T.);
#1923=ORIENTED_EDGE('',*,*,#5362,.F.);
#1924=ORIENTED_EDGE('',*,*,#5363,.F.);
#1925=ORIENTED_EDGE('',*,*,#5364,.F.);
#1926=ORIENTED_EDGE('',*,*,#5365,.F.);
#1927=ORIENTED_EDGE('',*,*,#5366,.F.);
#1928=ORIENTED_EDGE('',*,*,#5319,.T.);
#1929=ORIENTED_EDGE('',*,*,#5367,.F.);
#1930=ORIENTED_EDGE('',*,*,#5368,.F.);
#1931=ORIENTED_EDGE('',*,*,#5369,.F.);
#1932=ORIENTED_EDGE('',*,*,#5370,.F.);
#1933=ORIENTED_EDGE('',*,*,#5371,.F.);
#1934=ORIENTED_EDGE('',*,*,#5322,.T.);
#1935=ORIENTED_EDGE('',*,*,#5372,.F.);
#1936=ORIENTED_EDGE('',*,*,#5373,.F.);
#1937=ORIENTED_EDGE('',*,*,#5374,.F.);
#1938=ORIENTED_EDGE('',*,*,#5375,.F.);
#1939=ORIENTED_EDGE('',*,*,#5376,.F.);
#1940=ORIENTED_EDGE('',*,*,#5325,.T.);
#1941=ORIENTED_EDGE('',*,*,#5377,.F.);
#1942=ORIENTED_EDGE('',*,*,#5378,.F.);
#1943=ORIENTED_EDGE('',*,*,#5379,.F.);
#1944=ORIENTED_EDGE('',*,*,#5380,.F.);
#1945=ORIENTED_EDGE('',*,*,#5381,.F.);
#1946=ORIENTED_EDGE('',*,*,#5328,.T.);
#1947=ORIENTED_EDGE('',*,*,#5382,.F.);
#1948=ORIENTED_EDGE('',*,*,#5383,.F.);
#1949=ORIENTED_EDGE('',*,*,#5384,.F.);
#1950=ORIENTED_EDGE('',*,*,#5385,.F.);
#1951=ORIENTED_EDGE('',*,*,#5386,.F.);
#1952=ORIENTED_EDGE('',*,*,#5331,.T.);
#1953=ORIENTED_EDGE('',*,*,#5387,.F.);
#1954=ORIENTED_EDGE('',*,*,#5388,.F.);
#1955=ORIENTED_EDGE('',*,*,#5389,.F.);
#1956=ORIENTED_EDGE('',*,*,#5390,.F.);
#1957=ORIENTED_EDGE('',*,*,#5391,.F.);
#1958=ORIENTED_EDGE('',*,*,#5334,.T.);
#1959=ORIENTED_EDGE('',*,*,#5392,.F.);
#1960=ORIENTED_EDGE('',*,*,#5393,.F.);
#1961=ORIENTED_EDGE('',*,*,#5394,.F.);
#1962=ORIENTED_EDGE('',*,*,#5395,.F.);
#1963=ORIENTED_EDGE('',*,*,#5396,.F.);
#1964=ORIENTED_EDGE('',*,*,#5337,.T.);
#1965=ORIENTED_EDGE('',*,*,#5397,.F.);
#1966=ORIENTED_EDGE('',*,*,#5398,.F.);
#1967=ORIENTED_EDGE('',*,*,#5399,.F.);
#1968=ORIENTED_EDGE('',*,*,#5400,.F.);
#1969=ORIENTED_EDGE('',*,*,#5401,.F.);
#1970=ORIENTED_EDGE('',*,*,#5340,.T.);
#1971=ORIENTED_EDGE('',*,*,#5402,.F.);
#1972=ORIENTED_EDGE('',*,*,#5403,.F.);
#1973=ORIENTED_EDGE('',*,*,#5404,.F.);
#1974=ORIENTED_EDGE('',*,*,#5405,.F.);
#1975=ORIENTED_EDGE('',*,*,#5406,.F.);
#1976=ORIENTED_EDGE('',*,*,#5343,.T.);
#1977=ORIENTED_EDGE('',*,*,#5407,.F.);
#1978=ORIENTED_EDGE('',*,*,#5408,.F.);
#1979=ORIENTED_EDGE('',*,*,#5409,.F.);
#1980=ORIENTED_EDGE('',*,*,#5410,.F.);
#1981=ORIENTED_EDGE('',*,*,#5411,.F.);
#1982=ORIENTED_EDGE('',*,*,#5346,.T.);
#1983=ORIENTED_EDGE('',*,*,#5412,.F.);
#1984=ORIENTED_EDGE('',*,*,#5413,.F.);
#1985=ORIENTED_EDGE('',*,*,#5414,.F.);
#1986=ORIENTED_EDGE('',*,*,#5415,.F.);
#1987=ORIENTED_EDGE('',*,*,#5416,.F.);
#1988=ORIENTED_EDGE('',*,*,#5349,.T.);
#1989=ORIENTED_EDGE('',*,*,#5417,.F.);
#1990=ORIENTED_EDGE('',*,*,#5418,.F.);
#1991=ORIENTED_EDGE('',*,*,#5419,.F.);
#1992=ORIENTED_EDGE('',*,*,#5420,.F.);
#1993=ORIENTED_EDGE('',*,*,#5421,.F.);
#1994=ORIENTED_EDGE('',*,*,#5352,.T.);
#1995=ORIENTED_EDGE('',*,*,#5422,.F.);
#1996=ORIENTED_EDGE('',*,*,#5423,.F.);
#1997=ORIENTED_EDGE('',*,*,#5424,.F.);
#1998=ORIENTED_EDGE('',*,*,#5425,.F.);
#1999=ORIENTED_EDGE('',*,*,#5426,.F.);
#2000=ORIENTED_EDGE('',*,*,#5355,.T.);
#2001=ORIENTED_EDGE('',*,*,#5427,.F.);
#2002=ORIENTED_EDGE('',*,*,#5428,.F.);
#2003=ORIENTED_EDGE('',*,*,#5429,.F.);
#2004=ORIENTED_EDGE('',*,*,#5430,.F.);
#2005=ORIENTED_EDGE('',*,*,#5431,.F.);
#2006=ORIENTED_EDGE('',*,*,#5432,.F.);
#2007=ORIENTED_EDGE('',*,*,#5433,.T.);
#2008=ORIENTED_EDGE('',*,*,#5434,.F.);
#2009=ORIENTED_EDGE('',*,*,#5435,.F.);
#2010=ORIENTED_EDGE('',*,*,#5436,.F.);
#2011=ORIENTED_EDGE('',*,*,#5437,.F.);
#2012=ORIENTED_EDGE('',*,*,#5438,.F.);
#2013=ORIENTED_EDGE('',*,*,#5439,.T.);
#2014=ORIENTED_EDGE('',*,*,#5440,.F.);
#2015=ORIENTED_EDGE('',*,*,#5441,.F.);
#2016=ORIENTED_EDGE('',*,*,#5442,.F.);
#2017=ORIENTED_EDGE('',*,*,#5443,.F.);
#2018=ORIENTED_EDGE('',*,*,#5444,.F.);
#2019=ORIENTED_EDGE('',*,*,#5445,.T.);
#2020=ORIENTED_EDGE('',*,*,#5446,.F.);
#2021=ORIENTED_EDGE('',*,*,#5447,.F.);
#2022=ORIENTED_EDGE('',*,*,#5448,.F.);
#2023=ORIENTED_EDGE('',*,*,#5449,.F.);
#2024=ORIENTED_EDGE('',*,*,#5450,.F.);
#2025=ORIENTED_EDGE('',*,*,#5451,.T.);
#2026=ORIENTED_EDGE('',*,*,#5452,.F.);
#2027=ORIENTED_EDGE('',*,*,#5453,.F.);
#2028=ORIENTED_EDGE('',*,*,#5454,.F.);
#2029=ORIENTED_EDGE('',*,*,#5455,.F.);
#2030=ORIENTED_EDGE('',*,*,#5456,.F.);
#2031=ORIENTED_EDGE('',*,*,#5457,.T.);
#2032=ORIENTED_EDGE('',*,*,#5458,.F.);
#2033=ORIENTED_EDGE('',*,*,#5459,.F.);
#2034=ORIENTED_EDGE('',*,*,#5460,.F.);
#2035=ORIENTED_EDGE('',*,*,#5461,.F.);
#2036=ORIENTED_EDGE('',*,*,#5462,.F.);
#2037=ORIENTED_EDGE('',*,*,#5463,.T.);
#2038=ORIENTED_EDGE('',*,*,#5464,.F.);
#2039=ORIENTED_EDGE('',*,*,#5465,.F.);
#2040=ORIENTED_EDGE('',*,*,#5466,.F.);
#2041=ORIENTED_EDGE('',*,*,#5467,.F.);
#2042=ORIENTED_EDGE('',*,*,#5468,.F.);
#2043=ORIENTED_EDGE('',*,*,#5469,.T.);
#2044=ORIENTED_EDGE('',*,*,#5470,.F.);
#2045=ORIENTED_EDGE('',*,*,#5471,.F.);
#2046=ORIENTED_EDGE('',*,*,#5472,.F.);
#2047=ORIENTED_EDGE('',*,*,#5473,.F.);
#2048=ORIENTED_EDGE('',*,*,#5474,.F.);
#2049=ORIENTED_EDGE('',*,*,#5475,.T.);
#2050=ORIENTED_EDGE('',*,*,#5476,.F.);
#2051=ORIENTED_EDGE('',*,*,#5477,.F.);
#2052=ORIENTED_EDGE('',*,*,#5478,.F.);
#2053=ORIENTED_EDGE('',*,*,#5479,.F.);
#2054=ORIENTED_EDGE('',*,*,#5480,.F.);
#2055=ORIENTED_EDGE('',*,*,#5481,.T.);
#2056=ORIENTED_EDGE('',*,*,#5482,.F.);
#2057=ORIENTED_EDGE('',*,*,#5483,.F.);
#2058=ORIENTED_EDGE('',*,*,#5484,.F.);
#2059=ORIENTED_EDGE('',*,*,#5485,.F.);
#2060=ORIENTED_EDGE('',*,*,#5486,.F.);
#2061=ORIENTED_EDGE('',*,*,#5487,.T.);
#2062=ORIENTED_EDGE('',*,*,#5488,.F.);
#2063=ORIENTED_EDGE('',*,*,#5489,.F.);
#2064=ORIENTED_EDGE('',*,*,#5490,.F.);
#2065=ORIENTED_EDGE('',*,*,#5491,.F.);
#2066=ORIENTED_EDGE('',*,*,#5492,.F.);
#2067=ORIENTED_EDGE('',*,*,#5493,.T.);
#2068=ORIENTED_EDGE('',*,*,#5494,.F.);
#2069=ORIENTED_EDGE('',*,*,#5495,.F.);
#2070=ORIENTED_EDGE('',*,*,#5496,.F.);
#2071=ORIENTED_EDGE('',*,*,#5497,.F.);
#2072=ORIENTED_EDGE('',*,*,#5498,.F.);
#2073=ORIENTED_EDGE('',*,*,#5499,.T.);
#2074=ORIENTED_EDGE('',*,*,#5500,.F.);
#2075=ORIENTED_EDGE('',*,*,#5501,.F.);
#2076=ORIENTED_EDGE('',*,*,#5502,.F.);
#2077=ORIENTED_EDGE('',*,*,#5503,.F.);
#2078=ORIENTED_EDGE('',*,*,#5504,.F.);
#2079=ORIENTED_EDGE('',*,*,#5505,.T.);
#2080=ORIENTED_EDGE('',*,*,#5506,.F.);
#2081=ORIENTED_EDGE('',*,*,#5507,.F.);
#2082=ORIENTED_EDGE('',*,*,#5508,.F.);
#2083=ORIENTED_EDGE('',*,*,#5509,.F.);
#2084=ORIENTED_EDGE('',*,*,#5510,.F.);
#2085=ORIENTED_EDGE('',*,*,#5511,.T.);
#2086=ORIENTED_EDGE('',*,*,#5512,.F.);
#2087=ORIENTED_EDGE('',*,*,#5513,.F.);
#2088=ORIENTED_EDGE('',*,*,#5514,.F.);
#2089=ORIENTED_EDGE('',*,*,#5515,.F.);
#2090=ORIENTED_EDGE('',*,*,#5516,.F.);
#2091=ORIENTED_EDGE('',*,*,#5517,.T.);
#2092=ORIENTED_EDGE('',*,*,#5518,.F.);
#2093=ORIENTED_EDGE('',*,*,#5519,.F.);
#2094=ORIENTED_EDGE('',*,*,#5520,.F.);
#2095=ORIENTED_EDGE('',*,*,#5521,.F.);
#2096=ORIENTED_EDGE('',*,*,#5436,.T.);
#2097=ORIENTED_EDGE('',*,*,#5522,.F.);
#2098=ORIENTED_EDGE('',*,*,#5523,.F.);
#2099=ORIENTED_EDGE('',*,*,#5524,.F.);
#2100=ORIENTED_EDGE('',*,*,#5442,.T.);
#2101=ORIENTED_EDGE('',*,*,#5525,.F.);
#2102=ORIENTED_EDGE('',*,*,#5526,.F.);
#2103=ORIENTED_EDGE('',*,*,#5527,.F.);
#2104=ORIENTED_EDGE('',*,*,#5448,.T.);
#2105=ORIENTED_EDGE('',*,*,#5528,.F.);
#2106=ORIENTED_EDGE('',*,*,#5529,.F.);
#2107=ORIENTED_EDGE('',*,*,#5530,.F.);
#2108=ORIENTED_EDGE('',*,*,#5454,.T.);
#2109=ORIENTED_EDGE('',*,*,#5531,.F.);
#2110=ORIENTED_EDGE('',*,*,#5532,.F.);
#2111=ORIENTED_EDGE('',*,*,#5533,.F.);
#2112=ORIENTED_EDGE('',*,*,#5460,.T.);
#2113=ORIENTED_EDGE('',*,*,#5534,.F.);
#2114=ORIENTED_EDGE('',*,*,#5535,.F.);
#2115=ORIENTED_EDGE('',*,*,#5536,.F.);
#2116=ORIENTED_EDGE('',*,*,#5466,.T.);
#2117=ORIENTED_EDGE('',*,*,#5537,.F.);
#2118=ORIENTED_EDGE('',*,*,#5538,.F.);
#2119=ORIENTED_EDGE('',*,*,#5539,.F.);
#2120=ORIENTED_EDGE('',*,*,#5472,.T.);
#2121=ORIENTED_EDGE('',*,*,#5540,.F.);
#2122=ORIENTED_EDGE('',*,*,#5541,.F.);
#2123=ORIENTED_EDGE('',*,*,#5542,.F.);
#2124=ORIENTED_EDGE('',*,*,#5478,.T.);
#2125=ORIENTED_EDGE('',*,*,#5543,.F.);
#2126=ORIENTED_EDGE('',*,*,#5544,.F.);
#2127=ORIENTED_EDGE('',*,*,#5545,.F.);
#2128=ORIENTED_EDGE('',*,*,#5484,.T.);
#2129=ORIENTED_EDGE('',*,*,#5546,.F.);
#2130=ORIENTED_EDGE('',*,*,#5547,.F.);
#2131=ORIENTED_EDGE('',*,*,#5548,.F.);
#2132=ORIENTED_EDGE('',*,*,#5490,.T.);
#2133=ORIENTED_EDGE('',*,*,#5549,.F.);
#2134=ORIENTED_EDGE('',*,*,#5550,.F.);
#2135=ORIENTED_EDGE('',*,*,#5551,.F.);
#2136=ORIENTED_EDGE('',*,*,#5496,.T.);
#2137=ORIENTED_EDGE('',*,*,#5552,.F.);
#2138=ORIENTED_EDGE('',*,*,#5553,.F.);
#2139=ORIENTED_EDGE('',*,*,#5554,.F.);
#2140=ORIENTED_EDGE('',*,*,#5502,.T.);
#2141=ORIENTED_EDGE('',*,*,#5555,.F.);
#2142=ORIENTED_EDGE('',*,*,#5556,.F.);
#2143=ORIENTED_EDGE('',*,*,#5557,.F.);
#2144=ORIENTED_EDGE('',*,*,#5508,.T.);
#2145=ORIENTED_EDGE('',*,*,#5558,.F.);
#2146=ORIENTED_EDGE('',*,*,#5559,.F.);
#2147=ORIENTED_EDGE('',*,*,#5560,.F.);
#2148=ORIENTED_EDGE('',*,*,#5514,.T.);
#2149=ORIENTED_EDGE('',*,*,#5561,.F.);
#2150=ORIENTED_EDGE('',*,*,#5562,.F.);
#2151=ORIENTED_EDGE('',*,*,#5563,.F.);
#2152=ORIENTED_EDGE('',*,*,#5520,.T.);
#2153=ORIENTED_EDGE('',*,*,#5564,.F.);
#2154=ORIENTED_EDGE('',*,*,#5565,.F.);
#2155=ORIENTED_EDGE('',*,*,#5566,.F.);
#2156=ORIENTED_EDGE('',*,*,#5523,.T.);
#2157=ORIENTED_EDGE('',*,*,#5567,.F.);
#2158=ORIENTED_EDGE('',*,*,#5568,.F.);
#2159=ORIENTED_EDGE('',*,*,#5569,.F.);
#2160=ORIENTED_EDGE('',*,*,#5570,.F.);
#2161=ORIENTED_EDGE('',*,*,#5571,.F.);
#2162=ORIENTED_EDGE('',*,*,#5526,.T.);
#2163=ORIENTED_EDGE('',*,*,#5572,.F.);
#2164=ORIENTED_EDGE('',*,*,#5573,.F.);
#2165=ORIENTED_EDGE('',*,*,#5574,.F.);
#2166=ORIENTED_EDGE('',*,*,#5575,.F.);
#2167=ORIENTED_EDGE('',*,*,#5576,.F.);
#2168=ORIENTED_EDGE('',*,*,#5529,.T.);
#2169=ORIENTED_EDGE('',*,*,#5577,.F.);
#2170=ORIENTED_EDGE('',*,*,#5578,.F.);
#2171=ORIENTED_EDGE('',*,*,#5579,.F.);
#2172=ORIENTED_EDGE('',*,*,#5580,.F.);
#2173=ORIENTED_EDGE('',*,*,#5581,.F.);
#2174=ORIENTED_EDGE('',*,*,#5532,.T.);
#2175=ORIENTED_EDGE('',*,*,#5582,.F.);
#2176=ORIENTED_EDGE('',*,*,#5583,.F.);
#2177=ORIENTED_EDGE('',*,*,#5584,.F.);
#2178=ORIENTED_EDGE('',*,*,#5585,.F.);
#2179=ORIENTED_EDGE('',*,*,#5586,.F.);
#2180=ORIENTED_EDGE('',*,*,#5535,.T.);
#2181=ORIENTED_EDGE('',*,*,#5587,.F.);
#2182=ORIENTED_EDGE('',*,*,#5588,.F.);
#2183=ORIENTED_EDGE('',*,*,#5589,.F.);
#2184=ORIENTED_EDGE('',*,*,#5590,.F.);
#2185=ORIENTED_EDGE('',*,*,#5591,.F.);
#2186=ORIENTED_EDGE('',*,*,#5538,.T.);
#2187=ORIENTED_EDGE('',*,*,#5592,.F.);
#2188=ORIENTED_EDGE('',*,*,#5593,.F.);
#2189=ORIENTED_EDGE('',*,*,#5594,.F.);
#2190=ORIENTED_EDGE('',*,*,#5595,.F.);
#2191=ORIENTED_EDGE('',*,*,#5596,.F.);
#2192=ORIENTED_EDGE('',*,*,#5541,.T.);
#2193=ORIENTED_EDGE('',*,*,#5597,.F.);
#2194=ORIENTED_EDGE('',*,*,#5598,.F.);
#2195=ORIENTED_EDGE('',*,*,#5599,.F.);
#2196=ORIENTED_EDGE('',*,*,#5600,.F.);
#2197=ORIENTED_EDGE('',*,*,#5601,.F.);
#2198=ORIENTED_EDGE('',*,*,#5544,.T.);
#2199=ORIENTED_EDGE('',*,*,#5602,.F.);
#2200=ORIENTED_EDGE('',*,*,#5603,.F.);
#2201=ORIENTED_EDGE('',*,*,#5604,.F.);
#2202=ORIENTED_EDGE('',*,*,#5605,.F.);
#2203=ORIENTED_EDGE('',*,*,#5606,.F.);
#2204=ORIENTED_EDGE('',*,*,#5547,.T.);
#2205=ORIENTED_EDGE('',*,*,#5607,.F.);
#2206=ORIENTED_EDGE('',*,*,#5608,.F.);
#2207=ORIENTED_EDGE('',*,*,#5609,.F.);
#2208=ORIENTED_EDGE('',*,*,#5610,.F.);
#2209=ORIENTED_EDGE('',*,*,#5611,.F.);
#2210=ORIENTED_EDGE('',*,*,#5550,.T.);
#2211=ORIENTED_EDGE('',*,*,#5612,.F.);
#2212=ORIENTED_EDGE('',*,*,#5613,.F.);
#2213=ORIENTED_EDGE('',*,*,#5614,.F.);
#2214=ORIENTED_EDGE('',*,*,#5615,.F.);
#2215=ORIENTED_EDGE('',*,*,#5616,.F.);
#2216=ORIENTED_EDGE('',*,*,#5553,.T.);
#2217=ORIENTED_EDGE('',*,*,#5617,.F.);
#2218=ORIENTED_EDGE('',*,*,#5618,.F.);
#2219=ORIENTED_EDGE('',*,*,#5619,.F.);
#2220=ORIENTED_EDGE('',*,*,#5620,.F.);
#2221=ORIENTED_EDGE('',*,*,#5621,.F.);
#2222=ORIENTED_EDGE('',*,*,#5556,.T.);
#2223=ORIENTED_EDGE('',*,*,#5622,.F.);
#2224=ORIENTED_EDGE('',*,*,#5623,.F.);
#2225=ORIENTED_EDGE('',*,*,#5624,.F.);
#2226=ORIENTED_EDGE('',*,*,#5625,.F.);
#2227=ORIENTED_EDGE('',*,*,#5626,.F.);
#2228=ORIENTED_EDGE('',*,*,#5559,.T.);
#2229=ORIENTED_EDGE('',*,*,#5627,.F.);
#2230=ORIENTED_EDGE('',*,*,#5628,.F.);
#2231=ORIENTED_EDGE('',*,*,#5629,.F.);
#2232=ORIENTED_EDGE('',*,*,#5630,.F.);
#2233=ORIENTED_EDGE('',*,*,#5631,.F.);
#2234=ORIENTED_EDGE('',*,*,#5562,.T.);
#2235=ORIENTED_EDGE('',*,*,#5632,.F.);
#2236=ORIENTED_EDGE('',*,*,#5633,.F.);
#2237=ORIENTED_EDGE('',*,*,#5634,.F.);
#2238=ORIENTED_EDGE('',*,*,#5635,.F.);
#2239=ORIENTED_EDGE('',*,*,#5636,.F.);
#2240=ORIENTED_EDGE('',*,*,#5565,.T.);
#2241=ORIENTED_EDGE('',*,*,#5637,.F.);
#2242=ORIENTED_EDGE('',*,*,#5638,.F.);
#2243=ORIENTED_EDGE('',*,*,#5639,.F.);
#2244=ORIENTED_EDGE('',*,*,#5640,.F.);
#2245=ORIENTED_EDGE('',*,*,#5641,.F.);
#2246=ORIENTED_EDGE('',*,*,#5642,.F.);
#2247=ORIENTED_EDGE('',*,*,#5643,.T.);
#2248=ORIENTED_EDGE('',*,*,#5644,.F.);
#2249=ORIENTED_EDGE('',*,*,#5645,.F.);
#2250=ORIENTED_EDGE('',*,*,#5646,.F.);
#2251=ORIENTED_EDGE('',*,*,#5647,.F.);
#2252=ORIENTED_EDGE('',*,*,#5648,.F.);
#2253=ORIENTED_EDGE('',*,*,#5649,.T.);
#2254=ORIENTED_EDGE('',*,*,#5650,.F.);
#2255=ORIENTED_EDGE('',*,*,#5651,.F.);
#2256=ORIENTED_EDGE('',*,*,#5652,.F.);
#2257=ORIENTED_EDGE('',*,*,#5653,.F.);
#2258=ORIENTED_EDGE('',*,*,#5654,.F.);
#2259=ORIENTED_EDGE('',*,*,#5655,.T.);
#2260=ORIENTED_EDGE('',*,*,#5656,.F.);
#2261=ORIENTED_EDGE('',*,*,#5657,.F.);
#2262=ORIENTED_EDGE('',*,*,#5658,.F.);
#2263=ORIENTED_EDGE('',*,*,#5659,.F.);
#2264=ORIENTED_EDGE('',*,*,#5660,.F.);
#2265=ORIENTED_EDGE('',*,*,#5661,.T.);
#2266=ORIENTED_EDGE('',*,*,#5662,.F.);
#2267=ORIENTED_EDGE('',*,*,#5663,.F.);
#2268=ORIENTED_EDGE('',*,*,#5664,.F.);
#2269=ORIENTED_EDGE('',*,*,#5665,.F.);
#2270=ORIENTED_EDGE('',*,*,#5666,.F.);
#2271=ORIENTED_EDGE('',*,*,#5667,.T.);
#2272=ORIENTED_EDGE('',*,*,#5668,.F.);
#2273=ORIENTED_EDGE('',*,*,#5669,.F.);
#2274=ORIENTED_EDGE('',*,*,#5670,.F.);
#2275=ORIENTED_EDGE('',*,*,#5671,.F.);
#2276=ORIENTED_EDGE('',*,*,#5672,.F.);
#2277=ORIENTED_EDGE('',*,*,#5673,.T.);
#2278=ORIENTED_EDGE('',*,*,#5674,.F.);
#2279=ORIENTED_EDGE('',*,*,#5675,.F.);
#2280=ORIENTED_EDGE('',*,*,#5676,.F.);
#2281=ORIENTED_EDGE('',*,*,#5677,.F.);
#2282=ORIENTED_EDGE('',*,*,#5678,.F.);
#2283=ORIENTED_EDGE('',*,*,#5679,.T.);
#2284=ORIENTED_EDGE('',*,*,#5680,.F.);
#2285=ORIENTED_EDGE('',*,*,#5681,.F.);
#2286=ORIENTED_EDGE('',*,*,#5682,.F.);
#2287=ORIENTED_EDGE('',*,*,#5683,.F.);
#2288=ORIENTED_EDGE('',*,*,#5684,.F.);
#2289=ORIENTED_EDGE('',*,*,#5685,.T.);
#2290=ORIENTED_EDGE('',*,*,#5686,.F.);
#2291=ORIENTED_EDGE('',*,*,#5687,.F.);
#2292=ORIENTED_EDGE('',*,*,#5688,.F.);
#2293=ORIENTED_EDGE('',*,*,#5689,.F.);
#2294=ORIENTED_EDGE('',*,*,#5690,.F.);
#2295=ORIENTED_EDGE('',*,*,#5691,.T.);
#2296=ORIENTED_EDGE('',*,*,#5692,.F.);
#2297=ORIENTED_EDGE('',*,*,#5693,.F.);
#2298=ORIENTED_EDGE('',*,*,#5694,.F.);
#2299=ORIENTED_EDGE('',*,*,#5695,.F.);
#2300=ORIENTED_EDGE('',*,*,#5696,.F.);
#2301=ORIENTED_EDGE('',*,*,#5697,.T.);
#2302=ORIENTED_EDGE('',*,*,#5698,.F.);
#2303=ORIENTED_EDGE('',*,*,#5699,.F.);
#2304=ORIENTED_EDGE('',*,*,#5700,.F.);
#2305=ORIENTED_EDGE('',*,*,#5701,.F.);
#2306=ORIENTED_EDGE('',*,*,#5702,.F.);
#2307=ORIENTED_EDGE('',*,*,#5703,.T.);
#2308=ORIENTED_EDGE('',*,*,#5704,.F.);
#2309=ORIENTED_EDGE('',*,*,#5705,.F.);
#2310=ORIENTED_EDGE('',*,*,#5706,.F.);
#2311=ORIENTED_EDGE('',*,*,#5707,.F.);
#2312=ORIENTED_EDGE('',*,*,#5708,.F.);
#2313=ORIENTED_EDGE('',*,*,#5709,.T.);
#2314=ORIENTED_EDGE('',*,*,#5710,.F.);
#2315=ORIENTED_EDGE('',*,*,#5711,.F.);
#2316=ORIENTED_EDGE('',*,*,#5712,.F.);
#2317=ORIENTED_EDGE('',*,*,#5713,.F.);
#2318=ORIENTED_EDGE('',*,*,#5714,.F.);
#2319=ORIENTED_EDGE('',*,*,#5715,.T.);
#2320=ORIENTED_EDGE('',*,*,#5716,.F.);
#2321=ORIENTED_EDGE('',*,*,#5717,.F.);
#2322=ORIENTED_EDGE('',*,*,#5718,.F.);
#2323=ORIENTED_EDGE('',*,*,#5719,.F.);
#2324=ORIENTED_EDGE('',*,*,#5720,.F.);
#2325=ORIENTED_EDGE('',*,*,#5721,.T.);
#2326=ORIENTED_EDGE('',*,*,#5722,.F.);
#2327=ORIENTED_EDGE('',*,*,#5723,.F.);
#2328=ORIENTED_EDGE('',*,*,#5724,.F.);
#2329=ORIENTED_EDGE('',*,*,#5725,.F.);
#2330=ORIENTED_EDGE('',*,*,#5726,.F.);
#2331=ORIENTED_EDGE('',*,*,#5727,.T.);
#2332=ORIENTED_EDGE('',*,*,#5728,.F.);
#2333=ORIENTED_EDGE('',*,*,#5729,.F.);
#2334=ORIENTED_EDGE('',*,*,#5730,.F.);
#2335=ORIENTED_EDGE('',*,*,#5731,.F.);
#2336=ORIENTED_EDGE('',*,*,#5646,.T.);
#2337=ORIENTED_EDGE('',*,*,#5732,.F.);
#2338=ORIENTED_EDGE('',*,*,#5733,.F.);
#2339=ORIENTED_EDGE('',*,*,#5734,.F.);
#2340=ORIENTED_EDGE('',*,*,#5652,.T.);
#2341=ORIENTED_EDGE('',*,*,#5735,.F.);
#2342=ORIENTED_EDGE('',*,*,#5736,.F.);
#2343=ORIENTED_EDGE('',*,*,#5737,.F.);
#2344=ORIENTED_EDGE('',*,*,#5658,.T.);
#2345=ORIENTED_EDGE('',*,*,#5738,.F.);
#2346=ORIENTED_EDGE('',*,*,#5739,.F.);
#2347=ORIENTED_EDGE('',*,*,#5740,.F.);
#2348=ORIENTED_EDGE('',*,*,#5664,.T.);
#2349=ORIENTED_EDGE('',*,*,#5741,.F.);
#2350=ORIENTED_EDGE('',*,*,#5742,.F.);
#2351=ORIENTED_EDGE('',*,*,#5743,.F.);
#2352=ORIENTED_EDGE('',*,*,#5670,.T.);
#2353=ORIENTED_EDGE('',*,*,#5744,.F.);
#2354=ORIENTED_EDGE('',*,*,#5745,.F.);
#2355=ORIENTED_EDGE('',*,*,#5746,.F.);
#2356=ORIENTED_EDGE('',*,*,#5676,.T.);
#2357=ORIENTED_EDGE('',*,*,#5747,.F.);
#2358=ORIENTED_EDGE('',*,*,#5748,.F.);
#2359=ORIENTED_EDGE('',*,*,#5749,.F.);
#2360=ORIENTED_EDGE('',*,*,#5682,.T.);
#2361=ORIENTED_EDGE('',*,*,#5750,.F.);
#2362=ORIENTED_EDGE('',*,*,#5751,.F.);
#2363=ORIENTED_EDGE('',*,*,#5752,.F.);
#2364=ORIENTED_EDGE('',*,*,#5688,.T.);
#2365=ORIENTED_EDGE('',*,*,#5753,.F.);
#2366=ORIENTED_EDGE('',*,*,#5754,.F.);
#2367=ORIENTED_EDGE('',*,*,#5755,.F.);
#2368=ORIENTED_EDGE('',*,*,#5694,.T.);
#2369=ORIENTED_EDGE('',*,*,#5756,.F.);
#2370=ORIENTED_EDGE('',*,*,#5757,.F.);
#2371=ORIENTED_EDGE('',*,*,#5758,.F.);
#2372=ORIENTED_EDGE('',*,*,#5700,.T.);
#2373=ORIENTED_EDGE('',*,*,#5759,.F.);
#2374=ORIENTED_EDGE('',*,*,#5760,.F.);
#2375=ORIENTED_EDGE('',*,*,#5761,.F.);
#2376=ORIENTED_EDGE('',*,*,#5706,.T.);
#2377=ORIENTED_EDGE('',*,*,#5762,.F.);
#2378=ORIENTED_EDGE('',*,*,#5763,.F.);
#2379=ORIENTED_EDGE('',*,*,#5764,.F.);
#2380=ORIENTED_EDGE('',*,*,#5712,.T.);
#2381=ORIENTED_EDGE('',*,*,#5765,.F.);
#2382=ORIENTED_EDGE('',*,*,#5766,.F.);
#2383=ORIENTED_EDGE('',*,*,#5767,.F.);
#2384=ORIENTED_EDGE('',*,*,#5718,.T.);
#2385=ORIENTED_EDGE('',*,*,#5768,.F.);
#2386=ORIENTED_EDGE('',*,*,#5769,.F.);
#2387=ORIENTED_EDGE('',*,*,#5770,.F.);
#2388=ORIENTED_EDGE('',*,*,#5724,.T.);
#2389=ORIENTED_EDGE('',*,*,#5771,.F.);
#2390=ORIENTED_EDGE('',*,*,#5772,.F.);
#2391=ORIENTED_EDGE('',*,*,#5773,.F.);
#2392=ORIENTED_EDGE('',*,*,#5730,.T.);
#2393=ORIENTED_EDGE('',*,*,#5774,.F.);
#2394=ORIENTED_EDGE('',*,*,#5775,.F.);
#2395=ORIENTED_EDGE('',*,*,#5776,.F.);
#2396=ORIENTED_EDGE('',*,*,#5733,.T.);
#2397=ORIENTED_EDGE('',*,*,#5777,.F.);
#2398=ORIENTED_EDGE('',*,*,#5778,.F.);
#2399=ORIENTED_EDGE('',*,*,#5779,.F.);
#2400=ORIENTED_EDGE('',*,*,#5780,.F.);
#2401=ORIENTED_EDGE('',*,*,#5781,.F.);
#2402=ORIENTED_EDGE('',*,*,#5736,.T.);
#2403=ORIENTED_EDGE('',*,*,#5782,.F.);
#2404=ORIENTED_EDGE('',*,*,#5783,.F.);
#2405=ORIENTED_EDGE('',*,*,#5784,.F.);
#2406=ORIENTED_EDGE('',*,*,#5785,.F.);
#2407=ORIENTED_EDGE('',*,*,#5786,.F.);
#2408=ORIENTED_EDGE('',*,*,#5739,.T.);
#2409=ORIENTED_EDGE('',*,*,#5787,.F.);
#2410=ORIENTED_EDGE('',*,*,#5788,.F.);
#2411=ORIENTED_EDGE('',*,*,#5789,.F.);
#2412=ORIENTED_EDGE('',*,*,#5790,.F.);
#2413=ORIENTED_EDGE('',*,*,#5791,.F.);
#2414=ORIENTED_EDGE('',*,*,#5742,.T.);
#2415=ORIENTED_EDGE('',*,*,#5792,.F.);
#2416=ORIENTED_EDGE('',*,*,#5793,.F.);
#2417=ORIENTED_EDGE('',*,*,#5794,.F.);
#2418=ORIENTED_EDGE('',*,*,#5795,.F.);
#2419=ORIENTED_EDGE('',*,*,#5796,.F.);
#2420=ORIENTED_EDGE('',*,*,#5745,.T.);
#2421=ORIENTED_EDGE('',*,*,#5797,.F.);
#2422=ORIENTED_EDGE('',*,*,#5798,.F.);
#2423=ORIENTED_EDGE('',*,*,#5799,.F.);
#2424=ORIENTED_EDGE('',*,*,#5800,.F.);
#2425=ORIENTED_EDGE('',*,*,#5801,.F.);
#2426=ORIENTED_EDGE('',*,*,#5748,.T.);
#2427=ORIENTED_EDGE('',*,*,#5802,.F.);
#2428=ORIENTED_EDGE('',*,*,#5803,.F.);
#2429=ORIENTED_EDGE('',*,*,#5804,.F.);
#2430=ORIENTED_EDGE('',*,*,#5805,.F.);
#2431=ORIENTED_EDGE('',*,*,#5806,.F.);
#2432=ORIENTED_EDGE('',*,*,#5751,.T.);
#2433=ORIENTED_EDGE('',*,*,#5807,.F.);
#2434=ORIENTED_EDGE('',*,*,#5808,.F.);
#2435=ORIENTED_EDGE('',*,*,#5809,.F.);
#2436=ORIENTED_EDGE('',*,*,#5810,.F.);
#2437=ORIENTED_EDGE('',*,*,#5811,.F.);
#2438=ORIENTED_EDGE('',*,*,#5754,.T.);
#2439=ORIENTED_EDGE('',*,*,#5812,.F.);
#2440=ORIENTED_EDGE('',*,*,#5813,.F.);
#2441=ORIENTED_EDGE('',*,*,#5814,.F.);
#2442=ORIENTED_EDGE('',*,*,#5815,.F.);
#2443=ORIENTED_EDGE('',*,*,#5816,.F.);
#2444=ORIENTED_EDGE('',*,*,#5757,.T.);
#2445=ORIENTED_EDGE('',*,*,#5817,.F.);
#2446=ORIENTED_EDGE('',*,*,#5818,.F.);
#2447=ORIENTED_EDGE('',*,*,#5819,.F.);
#2448=ORIENTED_EDGE('',*,*,#5820,.F.);
#2449=ORIENTED_EDGE('',*,*,#5821,.F.);
#2450=ORIENTED_EDGE('',*,*,#5760,.T.);
#2451=ORIENTED_EDGE('',*,*,#5822,.F.);
#2452=ORIENTED_EDGE('',*,*,#5823,.F.);
#2453=ORIENTED_EDGE('',*,*,#5824,.F.);
#2454=ORIENTED_EDGE('',*,*,#5825,.F.);
#2455=ORIENTED_EDGE('',*,*,#5826,.F.);
#2456=ORIENTED_EDGE('',*,*,#5763,.T.);
#2457=ORIENTED_EDGE('',*,*,#5827,.F.);
#2458=ORIENTED_EDGE('',*,*,#5828,.F.);
#2459=ORIENTED_EDGE('',*,*,#5829,.F.);
#2460=ORIENTED_EDGE('',*,*,#5830,.F.);
#2461=ORIENTED_EDGE('',*,*,#5831,.F.);
#2462=ORIENTED_EDGE('',*,*,#5766,.T.);
#2463=ORIENTED_EDGE('',*,*,#5832,.F.);
#2464=ORIENTED_EDGE('',*,*,#5833,.F.);
#2465=ORIENTED_EDGE('',*,*,#5834,.F.);
#2466=ORIENTED_EDGE('',*,*,#5835,.F.);
#2467=ORIENTED_EDGE('',*,*,#5836,.F.);
#2468=ORIENTED_EDGE('',*,*,#5769,.T.);
#2469=ORIENTED_EDGE('',*,*,#5837,.F.);
#2470=ORIENTED_EDGE('',*,*,#5838,.F.);
#2471=ORIENTED_EDGE('',*,*,#5839,.F.);
#2472=ORIENTED_EDGE('',*,*,#5840,.F.);
#2473=ORIENTED_EDGE('',*,*,#5841,.F.);
#2474=ORIENTED_EDGE('',*,*,#5772,.T.);
#2475=ORIENTED_EDGE('',*,*,#5842,.F.);
#2476=ORIENTED_EDGE('',*,*,#5843,.F.);
#2477=ORIENTED_EDGE('',*,*,#5844,.F.);
#2478=ORIENTED_EDGE('',*,*,#5845,.F.);
#2479=ORIENTED_EDGE('',*,*,#5846,.F.);
#2480=ORIENTED_EDGE('',*,*,#5775,.T.);
#2481=ORIENTED_EDGE('',*,*,#5847,.F.);
#2482=ORIENTED_EDGE('',*,*,#5848,.F.);
#2483=ORIENTED_EDGE('',*,*,#5849,.F.);
#2484=ORIENTED_EDGE('',*,*,#5850,.F.);
#2485=ORIENTED_EDGE('',*,*,#5848,.T.);
#2486=ORIENTED_EDGE('',*,*,#5851,.F.);
#2487=ORIENTED_EDGE('',*,*,#5728,.T.);
#2488=ORIENTED_EDGE('',*,*,#5852,.F.);
#2489=ORIENTED_EDGE('',*,*,#5853,.T.);
#2490=ORIENTED_EDGE('',*,*,#5854,.T.);
#2491=ORIENTED_EDGE('',*,*,#5855,.T.);
#2492=ORIENTED_EDGE('',*,*,#5856,.T.);
#2493=ORIENTED_EDGE('',*,*,#5843,.T.);
#2494=ORIENTED_EDGE('',*,*,#5857,.F.);
#2495=ORIENTED_EDGE('',*,*,#5722,.T.);
#2496=ORIENTED_EDGE('',*,*,#5858,.F.);
#2497=ORIENTED_EDGE('',*,*,#5859,.T.);
#2498=ORIENTED_EDGE('',*,*,#5860,.T.);
#2499=ORIENTED_EDGE('',*,*,#5861,.T.);
#2500=ORIENTED_EDGE('',*,*,#5862,.T.);
#2501=ORIENTED_EDGE('',*,*,#5850,.T.);
#2502=ORIENTED_EDGE('',*,*,#5863,.T.);
#2503=ORIENTED_EDGE('',*,*,#5864,.T.);
#2504=ORIENTED_EDGE('',*,*,#5865,.F.);
#2505=ORIENTED_EDGE('',*,*,#5866,.T.);
#2506=ORIENTED_EDGE('',*,*,#5867,.F.);
#2507=ORIENTED_EDGE('',*,*,#5726,.T.);
#2508=ORIENTED_EDGE('',*,*,#5868,.T.);
#2509=ORIENTED_EDGE('',*,*,#5838,.T.);
#2510=ORIENTED_EDGE('',*,*,#5869,.F.);
#2511=ORIENTED_EDGE('',*,*,#5716,.T.);
#2512=ORIENTED_EDGE('',*,*,#5870,.F.);
#2513=ORIENTED_EDGE('',*,*,#5871,.T.);
#2514=ORIENTED_EDGE('',*,*,#5872,.T.);
#2515=ORIENTED_EDGE('',*,*,#5873,.T.);
#2516=ORIENTED_EDGE('',*,*,#5874,.T.);
#2517=ORIENTED_EDGE('',*,*,#5845,.T.);
#2518=ORIENTED_EDGE('',*,*,#5875,.T.);
#2519=ORIENTED_EDGE('',*,*,#5876,.T.);
#2520=ORIENTED_EDGE('',*,*,#5877,.F.);
#2521=ORIENTED_EDGE('',*,*,#5878,.T.);
#2522=ORIENTED_EDGE('',*,*,#5879,.F.);
#2523=ORIENTED_EDGE('',*,*,#5720,.T.);
#2524=ORIENTED_EDGE('',*,*,#5880,.T.);
#2525=ORIENTED_EDGE('',*,*,#5833,.T.);
#2526=ORIENTED_EDGE('',*,*,#5881,.F.);
#2527=ORIENTED_EDGE('',*,*,#5710,.T.);
#2528=ORIENTED_EDGE('',*,*,#5882,.F.);
#2529=ORIENTED_EDGE('',*,*,#5883,.T.);
#2530=ORIENTED_EDGE('',*,*,#5884,.T.);
#2531=ORIENTED_EDGE('',*,*,#5885,.T.);
#2532=ORIENTED_EDGE('',*,*,#5886,.T.);
#2533=ORIENTED_EDGE('',*,*,#5840,.T.);
#2534=ORIENTED_EDGE('',*,*,#5887,.T.);
#2535=ORIENTED_EDGE('',*,*,#5888,.T.);
#2536=ORIENTED_EDGE('',*,*,#5889,.F.);
#2537=ORIENTED_EDGE('',*,*,#5890,.T.);
#2538=ORIENTED_EDGE('',*,*,#5891,.F.);
#2539=ORIENTED_EDGE('',*,*,#5714,.T.);
#2540=ORIENTED_EDGE('',*,*,#5892,.T.);
#2541=ORIENTED_EDGE('',*,*,#5828,.T.);
#2542=ORIENTED_EDGE('',*,*,#5893,.F.);
#2543=ORIENTED_EDGE('',*,*,#5704,.T.);
#2544=ORIENTED_EDGE('',*,*,#5894,.F.);
#2545=ORIENTED_EDGE('',*,*,#5895,.T.);
#2546=ORIENTED_EDGE('',*,*,#5896,.T.);
#2547=ORIENTED_EDGE('',*,*,#5897,.T.);
#2548=ORIENTED_EDGE('',*,*,#5898,.T.);
#2549=ORIENTED_EDGE('',*,*,#5835,.T.);
#2550=ORIENTED_EDGE('',*,*,#5899,.T.);
#2551=ORIENTED_EDGE('',*,*,#5900,.T.);
#2552=ORIENTED_EDGE('',*,*,#5901,.F.);
#2553=ORIENTED_EDGE('',*,*,#5902,.T.);
#2554=ORIENTED_EDGE('',*,*,#5903,.F.);
#2555=ORIENTED_EDGE('',*,*,#5708,.T.);
#2556=ORIENTED_EDGE('',*,*,#5904,.T.);
#2557=ORIENTED_EDGE('',*,*,#5823,.T.);
#2558=ORIENTED_EDGE('',*,*,#5905,.F.);
#2559=ORIENTED_EDGE('',*,*,#5698,.T.);
#2560=ORIENTED_EDGE('',*,*,#5906,.F.);
#2561=ORIENTED_EDGE('',*,*,#5907,.T.);
#2562=ORIENTED_EDGE('',*,*,#5908,.T.);
#2563=ORIENTED_EDGE('',*,*,#5909,.T.);
#2564=ORIENTED_EDGE('',*,*,#5910,.T.);
#2565=ORIENTED_EDGE('',*,*,#5830,.T.);
#2566=ORIENTED_EDGE('',*,*,#5911,.T.);
#2567=ORIENTED_EDGE('',*,*,#5912,.T.);
#2568=ORIENTED_EDGE('',*,*,#5913,.F.);
#2569=ORIENTED_EDGE('',*,*,#5914,.T.);
#2570=ORIENTED_EDGE('',*,*,#5915,.F.);
#2571=ORIENTED_EDGE('',*,*,#5702,.T.);
#2572=ORIENTED_EDGE('',*,*,#5916,.T.);
#2573=ORIENTED_EDGE('',*,*,#5818,.T.);
#2574=ORIENTED_EDGE('',*,*,#5917,.F.);
#2575=ORIENTED_EDGE('',*,*,#5692,.T.);
#2576=ORIENTED_EDGE('',*,*,#5918,.F.);
#2577=ORIENTED_EDGE('',*,*,#5919,.T.);
#2578=ORIENTED_EDGE('',*,*,#5920,.T.);
#2579=ORIENTED_EDGE('',*,*,#5921,.T.);
#2580=ORIENTED_EDGE('',*,*,#5922,.T.);
#2581=ORIENTED_EDGE('',*,*,#5825,.T.);
#2582=ORIENTED_EDGE('',*,*,#5923,.T.);
#2583=ORIENTED_EDGE('',*,*,#5924,.T.);
#2584=ORIENTED_EDGE('',*,*,#5925,.F.);
#2585=ORIENTED_EDGE('',*,*,#5926,.T.);
#2586=ORIENTED_EDGE('',*,*,#5927,.F.);
#2587=ORIENTED_EDGE('',*,*,#5696,.T.);
#2588=ORIENTED_EDGE('',*,*,#5928,.T.);
#2589=ORIENTED_EDGE('',*,*,#5813,.T.);
#2590=ORIENTED_EDGE('',*,*,#5929,.F.);
#2591=ORIENTED_EDGE('',*,*,#5686,.T.);
#2592=ORIENTED_EDGE('',*,*,#5930,.F.);
#2593=ORIENTED_EDGE('',*,*,#5931,.T.);
#2594=ORIENTED_EDGE('',*,*,#5932,.T.);
#2595=ORIENTED_EDGE('',*,*,#5933,.T.);
#2596=ORIENTED_EDGE('',*,*,#5934,.T.);
#2597=ORIENTED_EDGE('',*,*,#5820,.T.);
#2598=ORIENTED_EDGE('',*,*,#5935,.T.);
#2599=ORIENTED_EDGE('',*,*,#5936,.T.);
#2600=ORIENTED_EDGE('',*,*,#5937,.F.);
#2601=ORIENTED_EDGE('',*,*,#5938,.T.);
#2602=ORIENTED_EDGE('',*,*,#5939,.F.);
#2603=ORIENTED_EDGE('',*,*,#5690,.T.);
#2604=ORIENTED_EDGE('',*,*,#5940,.T.);
#2605=ORIENTED_EDGE('',*,*,#5808,.T.);
#2606=ORIENTED_EDGE('',*,*,#5941,.F.);
#2607=ORIENTED_EDGE('',*,*,#5680,.T.);
#2608=ORIENTED_EDGE('',*,*,#5942,.F.);
#2609=ORIENTED_EDGE('',*,*,#5943,.T.);
#2610=ORIENTED_EDGE('',*,*,#5944,.T.);
#2611=ORIENTED_EDGE('',*,*,#5945,.T.);
#2612=ORIENTED_EDGE('',*,*,#5946,.T.);
#2613=ORIENTED_EDGE('',*,*,#5815,.T.);
#2614=ORIENTED_EDGE('',*,*,#5947,.T.);
#2615=ORIENTED_EDGE('',*,*,#5948,.T.);
#2616=ORIENTED_EDGE('',*,*,#5949,.F.);
#2617=ORIENTED_EDGE('',*,*,#5950,.T.);
#2618=ORIENTED_EDGE('',*,*,#5951,.F.);
#2619=ORIENTED_EDGE('',*,*,#5684,.T.);
#2620=ORIENTED_EDGE('',*,*,#5952,.T.);
#2621=ORIENTED_EDGE('',*,*,#5803,.T.);
#2622=ORIENTED_EDGE('',*,*,#5953,.F.);
#2623=ORIENTED_EDGE('',*,*,#5674,.T.);
#2624=ORIENTED_EDGE('',*,*,#5954,.F.);
#2625=ORIENTED_EDGE('',*,*,#5955,.T.);
#2626=ORIENTED_EDGE('',*,*,#5956,.T.);
#2627=ORIENTED_EDGE('',*,*,#5957,.T.);
#2628=ORIENTED_EDGE('',*,*,#5958,.T.);
#2629=ORIENTED_EDGE('',*,*,#5810,.T.);
#2630=ORIENTED_EDGE('',*,*,#5959,.T.);
#2631=ORIENTED_EDGE('',*,*,#5960,.T.);
#2632=ORIENTED_EDGE('',*,*,#5961,.F.);
#2633=ORIENTED_EDGE('',*,*,#5962,.T.);
#2634=ORIENTED_EDGE('',*,*,#5963,.F.);
#2635=ORIENTED_EDGE('',*,*,#5678,.T.);
#2636=ORIENTED_EDGE('',*,*,#5964,.T.);
#2637=ORIENTED_EDGE('',*,*,#5798,.T.);
#2638=ORIENTED_EDGE('',*,*,#5965,.F.);
#2639=ORIENTED_EDGE('',*,*,#5668,.T.);
#2640=ORIENTED_EDGE('',*,*,#5966,.F.);
#2641=ORIENTED_EDGE('',*,*,#5967,.T.);
#2642=ORIENTED_EDGE('',*,*,#5968,.T.);
#2643=ORIENTED_EDGE('',*,*,#5969,.T.);
#2644=ORIENTED_EDGE('',*,*,#5970,.T.);
#2645=ORIENTED_EDGE('',*,*,#5805,.T.);
#2646=ORIENTED_EDGE('',*,*,#5971,.T.);
#2647=ORIENTED_EDGE('',*,*,#5972,.T.);
#2648=ORIENTED_EDGE('',*,*,#5973,.F.);
#2649=ORIENTED_EDGE('',*,*,#5974,.T.);
#2650=ORIENTED_EDGE('',*,*,#5975,.F.);
#2651=ORIENTED_EDGE('',*,*,#5672,.T.);
#2652=ORIENTED_EDGE('',*,*,#5976,.T.);
#2653=ORIENTED_EDGE('',*,*,#5793,.T.);
#2654=ORIENTED_EDGE('',*,*,#5977,.F.);
#2655=ORIENTED_EDGE('',*,*,#5662,.T.);
#2656=ORIENTED_EDGE('',*,*,#5978,.F.);
#2657=ORIENTED_EDGE('',*,*,#5979,.T.);
#2658=ORIENTED_EDGE('',*,*,#5980,.T.);
#2659=ORIENTED_EDGE('',*,*,#5981,.T.);
#2660=ORIENTED_EDGE('',*,*,#5982,.T.);
#2661=ORIENTED_EDGE('',*,*,#5800,.T.);
#2662=ORIENTED_EDGE('',*,*,#5983,.T.);
#2663=ORIENTED_EDGE('',*,*,#5984,.T.);
#2664=ORIENTED_EDGE('',*,*,#5985,.F.);
#2665=ORIENTED_EDGE('',*,*,#5986,.T.);
#2666=ORIENTED_EDGE('',*,*,#5987,.F.);
#2667=ORIENTED_EDGE('',*,*,#5666,.T.);
#2668=ORIENTED_EDGE('',*,*,#5988,.T.);
#2669=ORIENTED_EDGE('',*,*,#5788,.T.);
#2670=ORIENTED_EDGE('',*,*,#5989,.F.);
#2671=ORIENTED_EDGE('',*,*,#5656,.T.);
#2672=ORIENTED_EDGE('',*,*,#5990,.F.);
#2673=ORIENTED_EDGE('',*,*,#5991,.T.);
#2674=ORIENTED_EDGE('',*,*,#5992,.T.);
#2675=ORIENTED_EDGE('',*,*,#5993,.T.);
#2676=ORIENTED_EDGE('',*,*,#5994,.T.);
#2677=ORIENTED_EDGE('',*,*,#5795,.T.);
#2678=ORIENTED_EDGE('',*,*,#5995,.T.);
#2679=ORIENTED_EDGE('',*,*,#5996,.T.);
#2680=ORIENTED_EDGE('',*,*,#5997,.F.);
#2681=ORIENTED_EDGE('',*,*,#5998,.T.);
#2682=ORIENTED_EDGE('',*,*,#5999,.F.);
#2683=ORIENTED_EDGE('',*,*,#5660,.T.);
#2684=ORIENTED_EDGE('',*,*,#6000,.T.);
#2685=ORIENTED_EDGE('',*,*,#5783,.T.);
#2686=ORIENTED_EDGE('',*,*,#6001,.F.);
#2687=ORIENTED_EDGE('',*,*,#5650,.T.);
#2688=ORIENTED_EDGE('',*,*,#6002,.F.);
#2689=ORIENTED_EDGE('',*,*,#6003,.T.);
#2690=ORIENTED_EDGE('',*,*,#6004,.T.);
#2691=ORIENTED_EDGE('',*,*,#6005,.T.);
#2692=ORIENTED_EDGE('',*,*,#6006,.T.);
#2693=ORIENTED_EDGE('',*,*,#5790,.T.);
#2694=ORIENTED_EDGE('',*,*,#6007,.T.);
#2695=ORIENTED_EDGE('',*,*,#6008,.T.);
#2696=ORIENTED_EDGE('',*,*,#6009,.F.);
#2697=ORIENTED_EDGE('',*,*,#6010,.T.);
#2698=ORIENTED_EDGE('',*,*,#6011,.F.);
#2699=ORIENTED_EDGE('',*,*,#5654,.T.);
#2700=ORIENTED_EDGE('',*,*,#6012,.T.);
#2701=ORIENTED_EDGE('',*,*,#5778,.T.);
#2702=ORIENTED_EDGE('',*,*,#6013,.F.);
#2703=ORIENTED_EDGE('',*,*,#5644,.T.);
#2704=ORIENTED_EDGE('',*,*,#6014,.F.);
#2705=ORIENTED_EDGE('',*,*,#6015,.T.);
#2706=ORIENTED_EDGE('',*,*,#6016,.T.);
#2707=ORIENTED_EDGE('',*,*,#6017,.T.);
#2708=ORIENTED_EDGE('',*,*,#6018,.T.);
#2709=ORIENTED_EDGE('',*,*,#5785,.T.);
#2710=ORIENTED_EDGE('',*,*,#6019,.T.);
#2711=ORIENTED_EDGE('',*,*,#6020,.T.);
#2712=ORIENTED_EDGE('',*,*,#6021,.F.);
#2713=ORIENTED_EDGE('',*,*,#6022,.T.);
#2714=ORIENTED_EDGE('',*,*,#6023,.F.);
#2715=ORIENTED_EDGE('',*,*,#5648,.T.);
#2716=ORIENTED_EDGE('',*,*,#6024,.T.);
#2717=ORIENTED_EDGE('',*,*,#5642,.T.);
#2718=ORIENTED_EDGE('',*,*,#6025,.T.);
#2719=ORIENTED_EDGE('',*,*,#5780,.T.);
#2720=ORIENTED_EDGE('',*,*,#6026,.T.);
#2721=ORIENTED_EDGE('',*,*,#6027,.T.);
#2722=ORIENTED_EDGE('',*,*,#6028,.F.);
#2723=ORIENTED_EDGE('',*,*,#6029,.T.);
#2724=ORIENTED_EDGE('',*,*,#6030,.F.);
#2725=ORIENTED_EDGE('',*,*,#5638,.T.);
#2726=ORIENTED_EDGE('',*,*,#6031,.F.);
#2727=ORIENTED_EDGE('',*,*,#5518,.T.);
#2728=ORIENTED_EDGE('',*,*,#6032,.F.);
#2729=ORIENTED_EDGE('',*,*,#6033,.T.);
#2730=ORIENTED_EDGE('',*,*,#6034,.T.);
#2731=ORIENTED_EDGE('',*,*,#6035,.T.);
#2732=ORIENTED_EDGE('',*,*,#6036,.T.);
#2733=ORIENTED_EDGE('',*,*,#5633,.T.);
#2734=ORIENTED_EDGE('',*,*,#6037,.F.);
#2735=ORIENTED_EDGE('',*,*,#5512,.T.);
#2736=ORIENTED_EDGE('',*,*,#6038,.F.);
#2737=ORIENTED_EDGE('',*,*,#6039,.T.);
#2738=ORIENTED_EDGE('',*,*,#6040,.T.);
#2739=ORIENTED_EDGE('',*,*,#6041,.T.);
#2740=ORIENTED_EDGE('',*,*,#6042,.T.);
#2741=ORIENTED_EDGE('',*,*,#5640,.T.);
#2742=ORIENTED_EDGE('',*,*,#6043,.T.);
#2743=ORIENTED_EDGE('',*,*,#6044,.T.);
#2744=ORIENTED_EDGE('',*,*,#6045,.F.);
#2745=ORIENTED_EDGE('',*,*,#6046,.T.);
#2746=ORIENTED_EDGE('',*,*,#6047,.F.);
#2747=ORIENTED_EDGE('',*,*,#5516,.T.);
#2748=ORIENTED_EDGE('',*,*,#6048,.T.);
#2749=ORIENTED_EDGE('',*,*,#5628,.T.);
#2750=ORIENTED_EDGE('',*,*,#6049,.F.);
#2751=ORIENTED_EDGE('',*,*,#5506,.T.);
#2752=ORIENTED_EDGE('',*,*,#6050,.F.);
#2753=ORIENTED_EDGE('',*,*,#6051,.T.);
#2754=ORIENTED_EDGE('',*,*,#6052,.T.);
#2755=ORIENTED_EDGE('',*,*,#6053,.T.);
#2756=ORIENTED_EDGE('',*,*,#6054,.T.);
#2757=ORIENTED_EDGE('',*,*,#5635,.T.);
#2758=ORIENTED_EDGE('',*,*,#6055,.T.);
#2759=ORIENTED_EDGE('',*,*,#6056,.T.);
#2760=ORIENTED_EDGE('',*,*,#6057,.F.);
#2761=ORIENTED_EDGE('',*,*,#6058,.T.);
#2762=ORIENTED_EDGE('',*,*,#6059,.F.);
#2763=ORIENTED_EDGE('',*,*,#5510,.T.);
#2764=ORIENTED_EDGE('',*,*,#6060,.T.);
#2765=ORIENTED_EDGE('',*,*,#5623,.T.);
#2766=ORIENTED_EDGE('',*,*,#6061,.F.);
#2767=ORIENTED_EDGE('',*,*,#5500,.T.);
#2768=ORIENTED_EDGE('',*,*,#6062,.F.);
#2769=ORIENTED_EDGE('',*,*,#6063,.T.);
#2770=ORIENTED_EDGE('',*,*,#6064,.T.);
#2771=ORIENTED_EDGE('',*,*,#6065,.T.);
#2772=ORIENTED_EDGE('',*,*,#6066,.T.);
#2773=ORIENTED_EDGE('',*,*,#5630,.T.);
#2774=ORIENTED_EDGE('',*,*,#6067,.T.);
#2775=ORIENTED_EDGE('',*,*,#6068,.T.);
#2776=ORIENTED_EDGE('',*,*,#6069,.F.);
#2777=ORIENTED_EDGE('',*,*,#6070,.T.);
#2778=ORIENTED_EDGE('',*,*,#6071,.F.);
#2779=ORIENTED_EDGE('',*,*,#5504,.T.);
#2780=ORIENTED_EDGE('',*,*,#6072,.T.);
#2781=ORIENTED_EDGE('',*,*,#5618,.T.);
#2782=ORIENTED_EDGE('',*,*,#6073,.F.);
#2783=ORIENTED_EDGE('',*,*,#5494,.T.);
#2784=ORIENTED_EDGE('',*,*,#6074,.F.);
#2785=ORIENTED_EDGE('',*,*,#6075,.T.);
#2786=ORIENTED_EDGE('',*,*,#6076,.T.);
#2787=ORIENTED_EDGE('',*,*,#6077,.T.);
#2788=ORIENTED_EDGE('',*,*,#6078,.T.);
#2789=ORIENTED_EDGE('',*,*,#5625,.T.);
#2790=ORIENTED_EDGE('',*,*,#6079,.T.);
#2791=ORIENTED_EDGE('',*,*,#6080,.T.);
#2792=ORIENTED_EDGE('',*,*,#6081,.F.);
#2793=ORIENTED_EDGE('',*,*,#6082,.T.);
#2794=ORIENTED_EDGE('',*,*,#6083,.F.);
#2795=ORIENTED_EDGE('',*,*,#5498,.T.);
#2796=ORIENTED_EDGE('',*,*,#6084,.T.);
#2797=ORIENTED_EDGE('',*,*,#5613,.T.);
#2798=ORIENTED_EDGE('',*,*,#6085,.F.);
#2799=ORIENTED_EDGE('',*,*,#5488,.T.);
#2800=ORIENTED_EDGE('',*,*,#6086,.F.);
#2801=ORIENTED_EDGE('',*,*,#6087,.T.);
#2802=ORIENTED_EDGE('',*,*,#6088,.T.);
#2803=ORIENTED_EDGE('',*,*,#6089,.T.);
#2804=ORIENTED_EDGE('',*,*,#6090,.T.);
#2805=ORIENTED_EDGE('',*,*,#5620,.T.);
#2806=ORIENTED_EDGE('',*,*,#6091,.T.);
#2807=ORIENTED_EDGE('',*,*,#6092,.T.);
#2808=ORIENTED_EDGE('',*,*,#6093,.F.);
#2809=ORIENTED_EDGE('',*,*,#6094,.T.);
#2810=ORIENTED_EDGE('',*,*,#6095,.F.);
#2811=ORIENTED_EDGE('',*,*,#5492,.T.);
#2812=ORIENTED_EDGE('',*,*,#6096,.T.);
#2813=ORIENTED_EDGE('',*,*,#5608,.T.);
#2814=ORIENTED_EDGE('',*,*,#6097,.F.);
#2815=ORIENTED_EDGE('',*,*,#5482,.T.);
#2816=ORIENTED_EDGE('',*,*,#6098,.F.);
#2817=ORIENTED_EDGE('',*,*,#6099,.T.);
#2818=ORIENTED_EDGE('',*,*,#6100,.T.);
#2819=ORIENTED_EDGE('',*,*,#6101,.T.);
#2820=ORIENTED_EDGE('',*,*,#6102,.T.);
#2821=ORIENTED_EDGE('',*,*,#5615,.T.);
#2822=ORIENTED_EDGE('',*,*,#6103,.T.);
#2823=ORIENTED_EDGE('',*,*,#6104,.T.);
#2824=ORIENTED_EDGE('',*,*,#6105,.F.);
#2825=ORIENTED_EDGE('',*,*,#6106,.T.);
#2826=ORIENTED_EDGE('',*,*,#6107,.F.);
#2827=ORIENTED_EDGE('',*,*,#5486,.T.);
#2828=ORIENTED_EDGE('',*,*,#6108,.T.);
#2829=ORIENTED_EDGE('',*,*,#5603,.T.);
#2830=ORIENTED_EDGE('',*,*,#6109,.F.);
#2831=ORIENTED_EDGE('',*,*,#5476,.T.);
#2832=ORIENTED_EDGE('',*,*,#6110,.F.);
#2833=ORIENTED_EDGE('',*,*,#6111,.T.);
#2834=ORIENTED_EDGE('',*,*,#6112,.T.);
#2835=ORIENTED_EDGE('',*,*,#6113,.T.);
#2836=ORIENTED_EDGE('',*,*,#6114,.T.);
#2837=ORIENTED_EDGE('',*,*,#5610,.T.);
#2838=ORIENTED_EDGE('',*,*,#6115,.T.);
#2839=ORIENTED_EDGE('',*,*,#6116,.T.);
#2840=ORIENTED_EDGE('',*,*,#6117,.F.);
#2841=ORIENTED_EDGE('',*,*,#6118,.T.);
#2842=ORIENTED_EDGE('',*,*,#6119,.F.);
#2843=ORIENTED_EDGE('',*,*,#5480,.T.);
#2844=ORIENTED_EDGE('',*,*,#6120,.T.);
#2845=ORIENTED_EDGE('',*,*,#5598,.T.);
#2846=ORIENTED_EDGE('',*,*,#6121,.F.);
#2847=ORIENTED_EDGE('',*,*,#5470,.T.);
#2848=ORIENTED_EDGE('',*,*,#6122,.F.);
#2849=ORIENTED_EDGE('',*,*,#6123,.T.);
#2850=ORIENTED_EDGE('',*,*,#6124,.T.);
#2851=ORIENTED_EDGE('',*,*,#6125,.T.);
#2852=ORIENTED_EDGE('',*,*,#6126,.T.);
#2853=ORIENTED_EDGE('',*,*,#5605,.T.);
#2854=ORIENTED_EDGE('',*,*,#6127,.T.);
#2855=ORIENTED_EDGE('',*,*,#6128,.T.);
#2856=ORIENTED_EDGE('',*,*,#6129,.F.);
#2857=ORIENTED_EDGE('',*,*,#6130,.T.);
#2858=ORIENTED_EDGE('',*,*,#6131,.F.);
#2859=ORIENTED_EDGE('',*,*,#5474,.T.);
#2860=ORIENTED_EDGE('',*,*,#6132,.T.);
#2861=ORIENTED_EDGE('',*,*,#5593,.T.);
#2862=ORIENTED_EDGE('',*,*,#6133,.F.);
#2863=ORIENTED_EDGE('',*,*,#5464,.T.);
#2864=ORIENTED_EDGE('',*,*,#6134,.F.);
#2865=ORIENTED_EDGE('',*,*,#6135,.T.);
#2866=ORIENTED_EDGE('',*,*,#6136,.T.);
#2867=ORIENTED_EDGE('',*,*,#6137,.T.);
#2868=ORIENTED_EDGE('',*,*,#6138,.T.);
#2869=ORIENTED_EDGE('',*,*,#5600,.T.);
#2870=ORIENTED_EDGE('',*,*,#6139,.T.);
#2871=ORIENTED_EDGE('',*,*,#6140,.T.);
#2872=ORIENTED_EDGE('',*,*,#6141,.F.);
#2873=ORIENTED_EDGE('',*,*,#6142,.T.);
#2874=ORIENTED_EDGE('',*,*,#6143,.F.);
#2875=ORIENTED_EDGE('',*,*,#5468,.T.);
#2876=ORIENTED_EDGE('',*,*,#6144,.T.);
#2877=ORIENTED_EDGE('',*,*,#5588,.T.);
#2878=ORIENTED_EDGE('',*,*,#6145,.F.);
#2879=ORIENTED_EDGE('',*,*,#5458,.T.);
#2880=ORIENTED_EDGE('',*,*,#6146,.F.);
#2881=ORIENTED_EDGE('',*,*,#6147,.T.);
#2882=ORIENTED_EDGE('',*,*,#6148,.T.);
#2883=ORIENTED_EDGE('',*,*,#6149,.T.);
#2884=ORIENTED_EDGE('',*,*,#6150,.T.);
#2885=ORIENTED_EDGE('',*,*,#5595,.T.);
#2886=ORIENTED_EDGE('',*,*,#6151,.T.);
#2887=ORIENTED_EDGE('',*,*,#6152,.T.);
#2888=ORIENTED_EDGE('',*,*,#6153,.F.);
#2889=ORIENTED_EDGE('',*,*,#6154,.T.);
#2890=ORIENTED_EDGE('',*,*,#6155,.F.);
#2891=ORIENTED_EDGE('',*,*,#5462,.T.);
#2892=ORIENTED_EDGE('',*,*,#6156,.T.);
#2893=ORIENTED_EDGE('',*,*,#5583,.T.);
#2894=ORIENTED_EDGE('',*,*,#6157,.F.);
#2895=ORIENTED_EDGE('',*,*,#5452,.T.);
#2896=ORIENTED_EDGE('',*,*,#6158,.F.);
#2897=ORIENTED_EDGE('',*,*,#6159,.T.);
#2898=ORIENTED_EDGE('',*,*,#6160,.T.);
#2899=ORIENTED_EDGE('',*,*,#6161,.T.);
#2900=ORIENTED_EDGE('',*,*,#6162,.T.);
#2901=ORIENTED_EDGE('',*,*,#5590,.T.);
#2902=ORIENTED_EDGE('',*,*,#6163,.T.);
#2903=ORIENTED_EDGE('',*,*,#6164,.T.);
#2904=ORIENTED_EDGE('',*,*,#6165,.F.);
#2905=ORIENTED_EDGE('',*,*,#6166,.T.);
#2906=ORIENTED_EDGE('',*,*,#6167,.F.);
#2907=ORIENTED_EDGE('',*,*,#5456,.T.);
#2908=ORIENTED_EDGE('',*,*,#6168,.T.);
#2909=ORIENTED_EDGE('',*,*,#5578,.T.);
#2910=ORIENTED_EDGE('',*,*,#6169,.F.);
#2911=ORIENTED_EDGE('',*,*,#5446,.T.);
#2912=ORIENTED_EDGE('',*,*,#6170,.F.);
#2913=ORIENTED_EDGE('',*,*,#6171,.T.);
#2914=ORIENTED_EDGE('',*,*,#6172,.T.);
#2915=ORIENTED_EDGE('',*,*,#6173,.T.);
#2916=ORIENTED_EDGE('',*,*,#6174,.T.);
#2917=ORIENTED_EDGE('',*,*,#5585,.T.);
#2918=ORIENTED_EDGE('',*,*,#6175,.T.);
#2919=ORIENTED_EDGE('',*,*,#6176,.T.);
#2920=ORIENTED_EDGE('',*,*,#6177,.F.);
#2921=ORIENTED_EDGE('',*,*,#6178,.T.);
#2922=ORIENTED_EDGE('',*,*,#6179,.F.);
#2923=ORIENTED_EDGE('',*,*,#5450,.T.);
#2924=ORIENTED_EDGE('',*,*,#6180,.T.);
#2925=ORIENTED_EDGE('',*,*,#5573,.T.);
#2926=ORIENTED_EDGE('',*,*,#6181,.F.);
#2927=ORIENTED_EDGE('',*,*,#5440,.T.);
#2928=ORIENTED_EDGE('',*,*,#6182,.F.);
#2929=ORIENTED_EDGE('',*,*,#6183,.T.);
#2930=ORIENTED_EDGE('',*,*,#6184,.T.);
#2931=ORIENTED_EDGE('',*,*,#6185,.T.);
#2932=ORIENTED_EDGE('',*,*,#6186,.T.);
#2933=ORIENTED_EDGE('',*,*,#5580,.T.);
#2934=ORIENTED_EDGE('',*,*,#6187,.T.);
#2935=ORIENTED_EDGE('',*,*,#6188,.T.);
#2936=ORIENTED_EDGE('',*,*,#6189,.F.);
#2937=ORIENTED_EDGE('',*,*,#6190,.T.);
#2938=ORIENTED_EDGE('',*,*,#6191,.F.);
#2939=ORIENTED_EDGE('',*,*,#5444,.T.);
#2940=ORIENTED_EDGE('',*,*,#6192,.T.);
#2941=ORIENTED_EDGE('',*,*,#5568,.T.);
#2942=ORIENTED_EDGE('',*,*,#6193,.F.);
#2943=ORIENTED_EDGE('',*,*,#5434,.T.);
#2944=ORIENTED_EDGE('',*,*,#6194,.F.);
#2945=ORIENTED_EDGE('',*,*,#6195,.T.);
#2946=ORIENTED_EDGE('',*,*,#6196,.T.);
#2947=ORIENTED_EDGE('',*,*,#6197,.T.);
#2948=ORIENTED_EDGE('',*,*,#6198,.T.);
#2949=ORIENTED_EDGE('',*,*,#5575,.T.);
#2950=ORIENTED_EDGE('',*,*,#6199,.T.);
#2951=ORIENTED_EDGE('',*,*,#6200,.T.);
#2952=ORIENTED_EDGE('',*,*,#6201,.F.);
#2953=ORIENTED_EDGE('',*,*,#6202,.T.);
#2954=ORIENTED_EDGE('',*,*,#6203,.F.);
#2955=ORIENTED_EDGE('',*,*,#5438,.T.);
#2956=ORIENTED_EDGE('',*,*,#6204,.T.);
#2957=ORIENTED_EDGE('',*,*,#5432,.T.);
#2958=ORIENTED_EDGE('',*,*,#6205,.T.);
#2959=ORIENTED_EDGE('',*,*,#5570,.T.);
#2960=ORIENTED_EDGE('',*,*,#6206,.T.);
#2961=ORIENTED_EDGE('',*,*,#6207,.T.);
#2962=ORIENTED_EDGE('',*,*,#6208,.F.);
#2963=ORIENTED_EDGE('',*,*,#6209,.T.);
#2964=ORIENTED_EDGE('',*,*,#6210,.F.);
#2965=ORIENTED_EDGE('',*,*,#5428,.T.);
#2966=ORIENTED_EDGE('',*,*,#6211,.F.);
#2967=ORIENTED_EDGE('',*,*,#5308,.T.);
#2968=ORIENTED_EDGE('',*,*,#6212,.F.);
#2969=ORIENTED_EDGE('',*,*,#6213,.T.);
#2970=ORIENTED_EDGE('',*,*,#6214,.T.);
#2971=ORIENTED_EDGE('',*,*,#6215,.T.);
#2972=ORIENTED_EDGE('',*,*,#6216,.T.);
#2973=ORIENTED_EDGE('',*,*,#5423,.T.);
#2974=ORIENTED_EDGE('',*,*,#6217,.F.);
#2975=ORIENTED_EDGE('',*,*,#5302,.T.);
#2976=ORIENTED_EDGE('',*,*,#6218,.F.);
#2977=ORIENTED_EDGE('',*,*,#6219,.T.);
#2978=ORIENTED_EDGE('',*,*,#6220,.T.);
#2979=ORIENTED_EDGE('',*,*,#6221,.T.);
#2980=ORIENTED_EDGE('',*,*,#6222,.T.);
#2981=ORIENTED_EDGE('',*,*,#5430,.T.);
#2982=ORIENTED_EDGE('',*,*,#6223,.T.);
#2983=ORIENTED_EDGE('',*,*,#6224,.T.);
#2984=ORIENTED_EDGE('',*,*,#6225,.F.);
#2985=ORIENTED_EDGE('',*,*,#6226,.T.);
#2986=ORIENTED_EDGE('',*,*,#6227,.F.);
#2987=ORIENTED_EDGE('',*,*,#5306,.T.);
#2988=ORIENTED_EDGE('',*,*,#6228,.T.);
#2989=ORIENTED_EDGE('',*,*,#5418,.T.);
#2990=ORIENTED_EDGE('',*,*,#6229,.F.);
#2991=ORIENTED_EDGE('',*,*,#5296,.T.);
#2992=ORIENTED_EDGE('',*,*,#6230,.F.);
#2993=ORIENTED_EDGE('',*,*,#6231,.T.);
#2994=ORIENTED_EDGE('',*,*,#6232,.T.);
#2995=ORIENTED_EDGE('',*,*,#6233,.T.);
#2996=ORIENTED_EDGE('',*,*,#6234,.T.);
#2997=ORIENTED_EDGE('',*,*,#5425,.T.);
#2998=ORIENTED_EDGE('',*,*,#6235,.T.);
#2999=ORIENTED_EDGE('',*,*,#6236,.T.);
#3000=ORIENTED_EDGE('',*,*,#6237,.F.);
#3001=ORIENTED_EDGE('',*,*,#6238,.T.);
#3002=ORIENTED_EDGE('',*,*,#6239,.F.);
#3003=ORIENTED_EDGE('',*,*,#5300,.T.);
#3004=ORIENTED_EDGE('',*,*,#6240,.T.);
#3005=ORIENTED_EDGE('',*,*,#5413,.T.);
#3006=ORIENTED_EDGE('',*,*,#6241,.F.);
#3007=ORIENTED_EDGE('',*,*,#5290,.T.);
#3008=ORIENTED_EDGE('',*,*,#6242,.F.);
#3009=ORIENTED_EDGE('',*,*,#6243,.T.);
#3010=ORIENTED_EDGE('',*,*,#6244,.T.);
#3011=ORIENTED_EDGE('',*,*,#6245,.T.);
#3012=ORIENTED_EDGE('',*,*,#6246,.T.);
#3013=ORIENTED_EDGE('',*,*,#5420,.T.);
#3014=ORIENTED_EDGE('',*,*,#6247,.T.);
#3015=ORIENTED_EDGE('',*,*,#6248,.T.);
#3016=ORIENTED_EDGE('',*,*,#6249,.F.);
#3017=ORIENTED_EDGE('',*,*,#6250,.T.);
#3018=ORIENTED_EDGE('',*,*,#6251,.F.);
#3019=ORIENTED_EDGE('',*,*,#5294,.T.);
#3020=ORIENTED_EDGE('',*,*,#6252,.T.);
#3021=ORIENTED_EDGE('',*,*,#5408,.T.);
#3022=ORIENTED_EDGE('',*,*,#6253,.F.);
#3023=ORIENTED_EDGE('',*,*,#5284,.T.);
#3024=ORIENTED_EDGE('',*,*,#6254,.F.);
#3025=ORIENTED_EDGE('',*,*,#6255,.T.);
#3026=ORIENTED_EDGE('',*,*,#6256,.T.);
#3027=ORIENTED_EDGE('',*,*,#6257,.T.);
#3028=ORIENTED_EDGE('',*,*,#6258,.T.);
#3029=ORIENTED_EDGE('',*,*,#5415,.T.);
#3030=ORIENTED_EDGE('',*,*,#6259,.T.);
#3031=ORIENTED_EDGE('',*,*,#6260,.T.);
#3032=ORIENTED_EDGE('',*,*,#6261,.F.);
#3033=ORIENTED_EDGE('',*,*,#6262,.T.);
#3034=ORIENTED_EDGE('',*,*,#6263,.F.);
#3035=ORIENTED_EDGE('',*,*,#5288,.T.);
#3036=ORIENTED_EDGE('',*,*,#6264,.T.);
#3037=ORIENTED_EDGE('',*,*,#5403,.T.);
#3038=ORIENTED_EDGE('',*,*,#6265,.F.);
#3039=ORIENTED_EDGE('',*,*,#5278,.T.);
#3040=ORIENTED_EDGE('',*,*,#6266,.F.);
#3041=ORIENTED_EDGE('',*,*,#6267,.T.);
#3042=ORIENTED_EDGE('',*,*,#6268,.T.);
#3043=ORIENTED_EDGE('',*,*,#6269,.T.);
#3044=ORIENTED_EDGE('',*,*,#6270,.T.);
#3045=ORIENTED_EDGE('',*,*,#5410,.T.);
#3046=ORIENTED_EDGE('',*,*,#6271,.T.);
#3047=ORIENTED_EDGE('',*,*,#6272,.T.);
#3048=ORIENTED_EDGE('',*,*,#6273,.F.);
#3049=ORIENTED_EDGE('',*,*,#6274,.T.);
#3050=ORIENTED_EDGE('',*,*,#6275,.F.);
#3051=ORIENTED_EDGE('',*,*,#5282,.T.);
#3052=ORIENTED_EDGE('',*,*,#6276,.T.);
#3053=ORIENTED_EDGE('',*,*,#5398,.T.);
#3054=ORIENTED_EDGE('',*,*,#6277,.F.);
#3055=ORIENTED_EDGE('',*,*,#5272,.T.);
#3056=ORIENTED_EDGE('',*,*,#6278,.F.);
#3057=ORIENTED_EDGE('',*,*,#6279,.T.);
#3058=ORIENTED_EDGE('',*,*,#6280,.T.);
#3059=ORIENTED_EDGE('',*,*,#6281,.T.);
#3060=ORIENTED_EDGE('',*,*,#6282,.T.);
#3061=ORIENTED_EDGE('',*,*,#5405,.T.);
#3062=ORIENTED_EDGE('',*,*,#6283,.T.);
#3063=ORIENTED_EDGE('',*,*,#6284,.T.);
#3064=ORIENTED_EDGE('',*,*,#6285,.F.);
#3065=ORIENTED_EDGE('',*,*,#6286,.T.);
#3066=ORIENTED_EDGE('',*,*,#6287,.F.);
#3067=ORIENTED_EDGE('',*,*,#5276,.T.);
#3068=ORIENTED_EDGE('',*,*,#6288,.T.);
#3069=ORIENTED_EDGE('',*,*,#5393,.T.);
#3070=ORIENTED_EDGE('',*,*,#6289,.F.);
#3071=ORIENTED_EDGE('',*,*,#5266,.T.);
#3072=ORIENTED_EDGE('',*,*,#6290,.F.);
#3073=ORIENTED_EDGE('',*,*,#6291,.T.);
#3074=ORIENTED_EDGE('',*,*,#6292,.T.);
#3075=ORIENTED_EDGE('',*,*,#6293,.T.);
#3076=ORIENTED_EDGE('',*,*,#6294,.T.);
#3077=ORIENTED_EDGE('',*,*,#5400,.T.);
#3078=ORIENTED_EDGE('',*,*,#6295,.T.);
#3079=ORIENTED_EDGE('',*,*,#6296,.T.);
#3080=ORIENTED_EDGE('',*,*,#6297,.F.);
#3081=ORIENTED_EDGE('',*,*,#6298,.T.);
#3082=ORIENTED_EDGE('',*,*,#6299,.F.);
#3083=ORIENTED_EDGE('',*,*,#5270,.T.);
#3084=ORIENTED_EDGE('',*,*,#6300,.T.);
#3085=ORIENTED_EDGE('',*,*,#5388,.T.);
#3086=ORIENTED_EDGE('',*,*,#6301,.F.);
#3087=ORIENTED_EDGE('',*,*,#5260,.T.);
#3088=ORIENTED_EDGE('',*,*,#6302,.F.);
#3089=ORIENTED_EDGE('',*,*,#6303,.T.);
#3090=ORIENTED_EDGE('',*,*,#6304,.T.);
#3091=ORIENTED_EDGE('',*,*,#6305,.T.);
#3092=ORIENTED_EDGE('',*,*,#6306,.T.);
#3093=ORIENTED_EDGE('',*,*,#5395,.T.);
#3094=ORIENTED_EDGE('',*,*,#6307,.T.);
#3095=ORIENTED_EDGE('',*,*,#6308,.T.);
#3096=ORIENTED_EDGE('',*,*,#6309,.F.);
#3097=ORIENTED_EDGE('',*,*,#6310,.T.);
#3098=ORIENTED_EDGE('',*,*,#6311,.F.);
#3099=ORIENTED_EDGE('',*,*,#5264,.T.);
#3100=ORIENTED_EDGE('',*,*,#6312,.T.);
#3101=ORIENTED_EDGE('',*,*,#5383,.T.);
#3102=ORIENTED_EDGE('',*,*,#6313,.F.);
#3103=ORIENTED_EDGE('',*,*,#5254,.T.);
#3104=ORIENTED_EDGE('',*,*,#6314,.F.);
#3105=ORIENTED_EDGE('',*,*,#6315,.T.);
#3106=ORIENTED_EDGE('',*,*,#6316,.T.);
#3107=ORIENTED_EDGE('',*,*,#6317,.T.);
#3108=ORIENTED_EDGE('',*,*,#6318,.T.);
#3109=ORIENTED_EDGE('',*,*,#5390,.T.);
#3110=ORIENTED_EDGE('',*,*,#6319,.T.);
#3111=ORIENTED_EDGE('',*,*,#6320,.T.);
#3112=ORIENTED_EDGE('',*,*,#6321,.F.);
#3113=ORIENTED_EDGE('',*,*,#6322,.T.);
#3114=ORIENTED_EDGE('',*,*,#6323,.F.);
#3115=ORIENTED_EDGE('',*,*,#5258,.T.);
#3116=ORIENTED_EDGE('',*,*,#6324,.T.);
#3117=ORIENTED_EDGE('',*,*,#5378,.T.);
#3118=ORIENTED_EDGE('',*,*,#6325,.F.);
#3119=ORIENTED_EDGE('',*,*,#5248,.T.);
#3120=ORIENTED_EDGE('',*,*,#6326,.F.);
#3121=ORIENTED_EDGE('',*,*,#6327,.T.);
#3122=ORIENTED_EDGE('',*,*,#6328,.T.);
#3123=ORIENTED_EDGE('',*,*,#6329,.T.);
#3124=ORIENTED_EDGE('',*,*,#6330,.T.);
#3125=ORIENTED_EDGE('',*,*,#5385,.T.);
#3126=ORIENTED_EDGE('',*,*,#6331,.T.);
#3127=ORIENTED_EDGE('',*,*,#6332,.T.);
#3128=ORIENTED_EDGE('',*,*,#6333,.F.);
#3129=ORIENTED_EDGE('',*,*,#6334,.T.);
#3130=ORIENTED_EDGE('',*,*,#6335,.F.);
#3131=ORIENTED_EDGE('',*,*,#5252,.T.);
#3132=ORIENTED_EDGE('',*,*,#6336,.T.);
#3133=ORIENTED_EDGE('',*,*,#5373,.T.);
#3134=ORIENTED_EDGE('',*,*,#6337,.F.);
#3135=ORIENTED_EDGE('',*,*,#5242,.T.);
#3136=ORIENTED_EDGE('',*,*,#6338,.F.);
#3137=ORIENTED_EDGE('',*,*,#6339,.T.);
#3138=ORIENTED_EDGE('',*,*,#6340,.T.);
#3139=ORIENTED_EDGE('',*,*,#6341,.T.);
#3140=ORIENTED_EDGE('',*,*,#6342,.T.);
#3141=ORIENTED_EDGE('',*,*,#5380,.T.);
#3142=ORIENTED_EDGE('',*,*,#6343,.T.);
#3143=ORIENTED_EDGE('',*,*,#6344,.T.);
#3144=ORIENTED_EDGE('',*,*,#6345,.F.);
#3145=ORIENTED_EDGE('',*,*,#6346,.T.);
#3146=ORIENTED_EDGE('',*,*,#6347,.F.);
#3147=ORIENTED_EDGE('',*,*,#5246,.T.);
#3148=ORIENTED_EDGE('',*,*,#6348,.T.);
#3149=ORIENTED_EDGE('',*,*,#5368,.T.);
#3150=ORIENTED_EDGE('',*,*,#6349,.F.);
#3151=ORIENTED_EDGE('',*,*,#5236,.T.);
#3152=ORIENTED_EDGE('',*,*,#6350,.F.);
#3153=ORIENTED_EDGE('',*,*,#6351,.T.);
#3154=ORIENTED_EDGE('',*,*,#6352,.T.);
#3155=ORIENTED_EDGE('',*,*,#6353,.T.);
#3156=ORIENTED_EDGE('',*,*,#6354,.T.);
#3157=ORIENTED_EDGE('',*,*,#5375,.T.);
#3158=ORIENTED_EDGE('',*,*,#6355,.T.);
#3159=ORIENTED_EDGE('',*,*,#6356,.T.);
#3160=ORIENTED_EDGE('',*,*,#6357,.F.);
#3161=ORIENTED_EDGE('',*,*,#6358,.T.);
#3162=ORIENTED_EDGE('',*,*,#6359,.F.);
#3163=ORIENTED_EDGE('',*,*,#5240,.T.);
#3164=ORIENTED_EDGE('',*,*,#6360,.T.);
#3165=ORIENTED_EDGE('',*,*,#5363,.T.);
#3166=ORIENTED_EDGE('',*,*,#6361,.F.);
#3167=ORIENTED_EDGE('',*,*,#5230,.T.);
#3168=ORIENTED_EDGE('',*,*,#6362,.F.);
#3169=ORIENTED_EDGE('',*,*,#6363,.T.);
#3170=ORIENTED_EDGE('',*,*,#6364,.T.);
#3171=ORIENTED_EDGE('',*,*,#6365,.T.);
#3172=ORIENTED_EDGE('',*,*,#6366,.T.);
#3173=ORIENTED_EDGE('',*,*,#5370,.T.);
#3174=ORIENTED_EDGE('',*,*,#6367,.T.);
#3175=ORIENTED_EDGE('',*,*,#6368,.T.);
#3176=ORIENTED_EDGE('',*,*,#6369,.F.);
#3177=ORIENTED_EDGE('',*,*,#6370,.T.);
#3178=ORIENTED_EDGE('',*,*,#6371,.F.);
#3179=ORIENTED_EDGE('',*,*,#5234,.T.);
#3180=ORIENTED_EDGE('',*,*,#6372,.T.);
#3181=ORIENTED_EDGE('',*,*,#5358,.T.);
#3182=ORIENTED_EDGE('',*,*,#6373,.F.);
#3183=ORIENTED_EDGE('',*,*,#5224,.T.);
#3184=ORIENTED_EDGE('',*,*,#6374,.F.);
#3185=ORIENTED_EDGE('',*,*,#6375,.T.);
#3186=ORIENTED_EDGE('',*,*,#6376,.T.);
#3187=ORIENTED_EDGE('',*,*,#6377,.T.);
#3188=ORIENTED_EDGE('',*,*,#6378,.T.);
#3189=ORIENTED_EDGE('',*,*,#5365,.T.);
#3190=ORIENTED_EDGE('',*,*,#6379,.T.);
#3191=ORIENTED_EDGE('',*,*,#6380,.T.);
#3192=ORIENTED_EDGE('',*,*,#6381,.F.);
#3193=ORIENTED_EDGE('',*,*,#6382,.T.);
#3194=ORIENTED_EDGE('',*,*,#6383,.F.);
#3195=ORIENTED_EDGE('',*,*,#5228,.T.);
#3196=ORIENTED_EDGE('',*,*,#6384,.T.);
#3197=ORIENTED_EDGE('',*,*,#5222,.T.);
#3198=ORIENTED_EDGE('',*,*,#6385,.T.);
#3199=ORIENTED_EDGE('',*,*,#5360,.T.);
#3200=ORIENTED_EDGE('',*,*,#6386,.T.);
#3201=ORIENTED_EDGE('',*,*,#6387,.T.);
#3202=ORIENTED_EDGE('',*,*,#6388,.F.);
#3203=ORIENTED_EDGE('',*,*,#6389,.T.);
#3204=ORIENTED_EDGE('',*,*,#6390,.F.);
#3205=ORIENTED_EDGE('',*,*,#6391,.T.);
#3206=ORIENTED_EDGE('',*,*,#6392,.F.);
#3207=ORIENTED_EDGE('',*,*,#6393,.F.);
#3208=ORIENTED_EDGE('',*,*,#6394,.T.);
#3209=ORIENTED_EDGE('',*,*,#6395,.T.);
#3210=ORIENTED_EDGE('',*,*,#6396,.F.);
#3211=ORIENTED_EDGE('',*,*,#6397,.F.);
#3212=ORIENTED_EDGE('',*,*,#6398,.T.);
#3213=ORIENTED_EDGE('',*,*,#6387,.F.);
#3214=ORIENTED_EDGE('',*,*,#6399,.T.);
#3215=ORIENTED_EDGE('',*,*,#6377,.F.);
#3216=ORIENTED_EDGE('',*,*,#6400,.T.);
#3217=ORIENTED_EDGE('',*,*,#6380,.F.);
#3218=ORIENTED_EDGE('',*,*,#6401,.T.);
#3219=ORIENTED_EDGE('',*,*,#6365,.F.);
#3220=ORIENTED_EDGE('',*,*,#6402,.T.);
#3221=ORIENTED_EDGE('',*,*,#6368,.F.);
#3222=ORIENTED_EDGE('',*,*,#6403,.T.);
#3223=ORIENTED_EDGE('',*,*,#6353,.F.);
#3224=ORIENTED_EDGE('',*,*,#6404,.T.);
#3225=ORIENTED_EDGE('',*,*,#6356,.F.);
#3226=ORIENTED_EDGE('',*,*,#6405,.T.);
#3227=ORIENTED_EDGE('',*,*,#6341,.F.);
#3228=ORIENTED_EDGE('',*,*,#6406,.T.);
#3229=ORIENTED_EDGE('',*,*,#6344,.F.);
#3230=ORIENTED_EDGE('',*,*,#6407,.T.);
#3231=ORIENTED_EDGE('',*,*,#6329,.F.);
#3232=ORIENTED_EDGE('',*,*,#6408,.T.);
#3233=ORIENTED_EDGE('',*,*,#6332,.F.);
#3234=ORIENTED_EDGE('',*,*,#6409,.T.);
#3235=ORIENTED_EDGE('',*,*,#6317,.F.);
#3236=ORIENTED_EDGE('',*,*,#6410,.T.);
#3237=ORIENTED_EDGE('',*,*,#6320,.F.);
#3238=ORIENTED_EDGE('',*,*,#6411,.T.);
#3239=ORIENTED_EDGE('',*,*,#6305,.F.);
#3240=ORIENTED_EDGE('',*,*,#6412,.T.);
#3241=ORIENTED_EDGE('',*,*,#6308,.F.);
#3242=ORIENTED_EDGE('',*,*,#6413,.T.);
#3243=ORIENTED_EDGE('',*,*,#6293,.F.);
#3244=ORIENTED_EDGE('',*,*,#6414,.T.);
#3245=ORIENTED_EDGE('',*,*,#6296,.F.);
#3246=ORIENTED_EDGE('',*,*,#6415,.T.);
#3247=ORIENTED_EDGE('',*,*,#6281,.F.);
#3248=ORIENTED_EDGE('',*,*,#6416,.T.);
#3249=ORIENTED_EDGE('',*,*,#6284,.F.);
#3250=ORIENTED_EDGE('',*,*,#6417,.T.);
#3251=ORIENTED_EDGE('',*,*,#6269,.F.);
#3252=ORIENTED_EDGE('',*,*,#6418,.T.);
#3253=ORIENTED_EDGE('',*,*,#6272,.F.);
#3254=ORIENTED_EDGE('',*,*,#6419,.T.);
#3255=ORIENTED_EDGE('',*,*,#6257,.F.);
#3256=ORIENTED_EDGE('',*,*,#6420,.T.);
#3257=ORIENTED_EDGE('',*,*,#6260,.F.);
#3258=ORIENTED_EDGE('',*,*,#6421,.T.);
#3259=ORIENTED_EDGE('',*,*,#6245,.F.);
#3260=ORIENTED_EDGE('',*,*,#6422,.T.);
#3261=ORIENTED_EDGE('',*,*,#6248,.F.);
#3262=ORIENTED_EDGE('',*,*,#6423,.T.);
#3263=ORIENTED_EDGE('',*,*,#6233,.F.);
#3264=ORIENTED_EDGE('',*,*,#6424,.T.);
#3265=ORIENTED_EDGE('',*,*,#6236,.F.);
#3266=ORIENTED_EDGE('',*,*,#6425,.T.);
#3267=ORIENTED_EDGE('',*,*,#6221,.F.);
#3268=ORIENTED_EDGE('',*,*,#6426,.T.);
#3269=ORIENTED_EDGE('',*,*,#6224,.F.);
#3270=ORIENTED_EDGE('',*,*,#6427,.T.);
#3271=ORIENTED_EDGE('',*,*,#6215,.F.);
#3272=ORIENTED_EDGE('',*,*,#6428,.T.);
#3273=ORIENTED_EDGE('',*,*,#6389,.F.);
#3274=ORIENTED_EDGE('',*,*,#6429,.T.);
#3275=ORIENTED_EDGE('',*,*,#6375,.F.);
#3276=ORIENTED_EDGE('',*,*,#6430,.F.);
#3277=ORIENTED_EDGE('',*,*,#6382,.F.);
#3278=ORIENTED_EDGE('',*,*,#6431,.T.);
#3279=ORIENTED_EDGE('',*,*,#6363,.F.);
#3280=ORIENTED_EDGE('',*,*,#6432,.F.);
#3281=ORIENTED_EDGE('',*,*,#6370,.F.);
#3282=ORIENTED_EDGE('',*,*,#6433,.T.);
#3283=ORIENTED_EDGE('',*,*,#6351,.F.);
#3284=ORIENTED_EDGE('',*,*,#6434,.F.);
#3285=ORIENTED_EDGE('',*,*,#6358,.F.);
#3286=ORIENTED_EDGE('',*,*,#6435,.T.);
#3287=ORIENTED_EDGE('',*,*,#6339,.F.);
#3288=ORIENTED_EDGE('',*,*,#6436,.F.);
#3289=ORIENTED_EDGE('',*,*,#6346,.F.);
#3290=ORIENTED_EDGE('',*,*,#6437,.T.);
#3291=ORIENTED_EDGE('',*,*,#6327,.F.);
#3292=ORIENTED_EDGE('',*,*,#6438,.F.);
#3293=ORIENTED_EDGE('',*,*,#6334,.F.);
#3294=ORIENTED_EDGE('',*,*,#6439,.T.);
#3295=ORIENTED_EDGE('',*,*,#6315,.F.);
#3296=ORIENTED_EDGE('',*,*,#6440,.F.);
#3297=ORIENTED_EDGE('',*,*,#6322,.F.);
#3298=ORIENTED_EDGE('',*,*,#6441,.T.);
#3299=ORIENTED_EDGE('',*,*,#6303,.F.);
#3300=ORIENTED_EDGE('',*,*,#6442,.F.);
#3301=ORIENTED_EDGE('',*,*,#6310,.F.);
#3302=ORIENTED_EDGE('',*,*,#6443,.T.);
#3303=ORIENTED_EDGE('',*,*,#6291,.F.);
#3304=ORIENTED_EDGE('',*,*,#6444,.F.);
#3305=ORIENTED_EDGE('',*,*,#6298,.F.);
#3306=ORIENTED_EDGE('',*,*,#6445,.T.);
#3307=ORIENTED_EDGE('',*,*,#6279,.F.);
#3308=ORIENTED_EDGE('',*,*,#6446,.F.);
#3309=ORIENTED_EDGE('',*,*,#6286,.F.);
#3310=ORIENTED_EDGE('',*,*,#6447,.T.);
#3311=ORIENTED_EDGE('',*,*,#6267,.F.);
#3312=ORIENTED_EDGE('',*,*,#6448,.F.);
#3313=ORIENTED_EDGE('',*,*,#6274,.F.);
#3314=ORIENTED_EDGE('',*,*,#6449,.T.);
#3315=ORIENTED_EDGE('',*,*,#6255,.F.);
#3316=ORIENTED_EDGE('',*,*,#6450,.F.);
#3317=ORIENTED_EDGE('',*,*,#6262,.F.);
#3318=ORIENTED_EDGE('',*,*,#6451,.T.);
#3319=ORIENTED_EDGE('',*,*,#6243,.F.);
#3320=ORIENTED_EDGE('',*,*,#6452,.F.);
#3321=ORIENTED_EDGE('',*,*,#6250,.F.);
#3322=ORIENTED_EDGE('',*,*,#6453,.T.);
#3323=ORIENTED_EDGE('',*,*,#6231,.F.);
#3324=ORIENTED_EDGE('',*,*,#6454,.F.);
#3325=ORIENTED_EDGE('',*,*,#6238,.F.);
#3326=ORIENTED_EDGE('',*,*,#6455,.T.);
#3327=ORIENTED_EDGE('',*,*,#6219,.F.);
#3328=ORIENTED_EDGE('',*,*,#6456,.F.);
#3329=ORIENTED_EDGE('',*,*,#6226,.F.);
#3330=ORIENTED_EDGE('',*,*,#6457,.T.);
#3331=ORIENTED_EDGE('',*,*,#6213,.F.);
#3332=ORIENTED_EDGE('',*,*,#6458,.F.);
#3333=ORIENTED_EDGE('',*,*,#6386,.F.);
#3334=ORIENTED_EDGE('',*,*,#5359,.T.);
#3335=ORIENTED_EDGE('',*,*,#6378,.F.);
#3336=ORIENTED_EDGE('',*,*,#6399,.F.);
#3337=ORIENTED_EDGE('',*,*,#6379,.F.);
#3338=ORIENTED_EDGE('',*,*,#5364,.T.);
#3339=ORIENTED_EDGE('',*,*,#6366,.F.);
#3340=ORIENTED_EDGE('',*,*,#6401,.F.);
#3341=ORIENTED_EDGE('',*,*,#6367,.F.);
#3342=ORIENTED_EDGE('',*,*,#5369,.T.);
#3343=ORIENTED_EDGE('',*,*,#6354,.F.);
#3344=ORIENTED_EDGE('',*,*,#6403,.F.);
#3345=ORIENTED_EDGE('',*,*,#6355,.F.);
#3346=ORIENTED_EDGE('',*,*,#5374,.T.);
#3347=ORIENTED_EDGE('',*,*,#6342,.F.);
#3348=ORIENTED_EDGE('',*,*,#6405,.F.);
#3349=ORIENTED_EDGE('',*,*,#6343,.F.);
#3350=ORIENTED_EDGE('',*,*,#5379,.T.);
#3351=ORIENTED_EDGE('',*,*,#6330,.F.);
#3352=ORIENTED_EDGE('',*,*,#6407,.F.);
#3353=ORIENTED_EDGE('',*,*,#6331,.F.);
#3354=ORIENTED_EDGE('',*,*,#5384,.T.);
#3355=ORIENTED_EDGE('',*,*,#6318,.F.);
#3356=ORIENTED_EDGE('',*,*,#6409,.F.);
#3357=ORIENTED_EDGE('',*,*,#6319,.F.);
#3358=ORIENTED_EDGE('',*,*,#5389,.T.);
#3359=ORIENTED_EDGE('',*,*,#6306,.F.);
#3360=ORIENTED_EDGE('',*,*,#6411,.F.);
#3361=ORIENTED_EDGE('',*,*,#6307,.F.);
#3362=ORIENTED_EDGE('',*,*,#5394,.T.);
#3363=ORIENTED_EDGE('',*,*,#6294,.F.);
#3364=ORIENTED_EDGE('',*,*,#6413,.F.);
#3365=ORIENTED_EDGE('',*,*,#6295,.F.);
#3366=ORIENTED_EDGE('',*,*,#5399,.T.);
#3367=ORIENTED_EDGE('',*,*,#6282,.F.);
#3368=ORIENTED_EDGE('',*,*,#6415,.F.);
#3369=ORIENTED_EDGE('',*,*,#6283,.F.);
#3370=ORIENTED_EDGE('',*,*,#5404,.T.);
#3371=ORIENTED_EDGE('',*,*,#6270,.F.);
#3372=ORIENTED_EDGE('',*,*,#6417,.F.);
#3373=ORIENTED_EDGE('',*,*,#6271,.F.);
#3374=ORIENTED_EDGE('',*,*,#5409,.T.);
#3375=ORIENTED_EDGE('',*,*,#6258,.F.);
#3376=ORIENTED_EDGE('',*,*,#6419,.F.);
#3377=ORIENTED_EDGE('',*,*,#6259,.F.);
#3378=ORIENTED_EDGE('',*,*,#5414,.T.);
#3379=ORIENTED_EDGE('',*,*,#6246,.F.);
#3380=ORIENTED_EDGE('',*,*,#6421,.F.);
#3381=ORIENTED_EDGE('',*,*,#6247,.F.);
#3382=ORIENTED_EDGE('',*,*,#5419,.T.);
#3383=ORIENTED_EDGE('',*,*,#6234,.F.);
#3384=ORIENTED_EDGE('',*,*,#6423,.F.);
#3385=ORIENTED_EDGE('',*,*,#6235,.F.);
#3386=ORIENTED_EDGE('',*,*,#5424,.T.);
#3387=ORIENTED_EDGE('',*,*,#6222,.F.);
#3388=ORIENTED_EDGE('',*,*,#6425,.F.);
#3389=ORIENTED_EDGE('',*,*,#6223,.F.);
#3390=ORIENTED_EDGE('',*,*,#5429,.T.);
#3391=ORIENTED_EDGE('',*,*,#6216,.F.);
#3392=ORIENTED_EDGE('',*,*,#6427,.F.);
#3393=ORIENTED_EDGE('',*,*,#5223,.F.);
#3394=ORIENTED_EDGE('',*,*,#6390,.T.);
#3395=ORIENTED_EDGE('',*,*,#6430,.T.);
#3396=ORIENTED_EDGE('',*,*,#6374,.T.);
#3397=ORIENTED_EDGE('',*,*,#5229,.F.);
#3398=ORIENTED_EDGE('',*,*,#6383,.T.);
#3399=ORIENTED_EDGE('',*,*,#6432,.T.);
#3400=ORIENTED_EDGE('',*,*,#6362,.T.);
#3401=ORIENTED_EDGE('',*,*,#5235,.F.);
#3402=ORIENTED_EDGE('',*,*,#6371,.T.);
#3403=ORIENTED_EDGE('',*,*,#6434,.T.);
#3404=ORIENTED_EDGE('',*,*,#6350,.T.);
#3405=ORIENTED_EDGE('',*,*,#5241,.F.);
#3406=ORIENTED_EDGE('',*,*,#6359,.T.);
#3407=ORIENTED_EDGE('',*,*,#6436,.T.);
#3408=ORIENTED_EDGE('',*,*,#6338,.T.);
#3409=ORIENTED_EDGE('',*,*,#5247,.F.);
#3410=ORIENTED_EDGE('',*,*,#6347,.T.);
#3411=ORIENTED_EDGE('',*,*,#6438,.T.);
#3412=ORIENTED_EDGE('',*,*,#6326,.T.);
#3413=ORIENTED_EDGE('',*,*,#5253,.F.);
#3414=ORIENTED_EDGE('',*,*,#6335,.T.);
#3415=ORIENTED_EDGE('',*,*,#6440,.T.);
#3416=ORIENTED_EDGE('',*,*,#6314,.T.);
#3417=ORIENTED_EDGE('',*,*,#5259,.F.);
#3418=ORIENTED_EDGE('',*,*,#6323,.T.);
#3419=ORIENTED_EDGE('',*,*,#6442,.T.);
#3420=ORIENTED_EDGE('',*,*,#6302,.T.);
#3421=ORIENTED_EDGE('',*,*,#5265,.F.);
#3422=ORIENTED_EDGE('',*,*,#6311,.T.);
#3423=ORIENTED_EDGE('',*,*,#6444,.T.);
#3424=ORIENTED_EDGE('',*,*,#6290,.T.);
#3425=ORIENTED_EDGE('',*,*,#5271,.F.);
#3426=ORIENTED_EDGE('',*,*,#6299,.T.);
#3427=ORIENTED_EDGE('',*,*,#6446,.T.);
#3428=ORIENTED_EDGE('',*,*,#6278,.T.);
#3429=ORIENTED_EDGE('',*,*,#5277,.F.);
#3430=ORIENTED_EDGE('',*,*,#6287,.T.);
#3431=ORIENTED_EDGE('',*,*,#6448,.T.);
#3432=ORIENTED_EDGE('',*,*,#6266,.T.);
#3433=ORIENTED_EDGE('',*,*,#5283,.F.);
#3434=ORIENTED_EDGE('',*,*,#6275,.T.);
#3435=ORIENTED_EDGE('',*,*,#6450,.T.);
#3436=ORIENTED_EDGE('',*,*,#6254,.T.);
#3437=ORIENTED_EDGE('',*,*,#5289,.F.);
#3438=ORIENTED_EDGE('',*,*,#6263,.T.);
#3439=ORIENTED_EDGE('',*,*,#6452,.T.);
#3440=ORIENTED_EDGE('',*,*,#6242,.T.);
#3441=ORIENTED_EDGE('',*,*,#5295,.F.);
#3442=ORIENTED_EDGE('',*,*,#6251,.T.);
#3443=ORIENTED_EDGE('',*,*,#6454,.T.);
#3444=ORIENTED_EDGE('',*,*,#6230,.T.);
#3445=ORIENTED_EDGE('',*,*,#5301,.F.);
#3446=ORIENTED_EDGE('',*,*,#6239,.T.);
#3447=ORIENTED_EDGE('',*,*,#6456,.T.);
#3448=ORIENTED_EDGE('',*,*,#6218,.T.);
#3449=ORIENTED_EDGE('',*,*,#5307,.F.);
#3450=ORIENTED_EDGE('',*,*,#6227,.T.);
#3451=ORIENTED_EDGE('',*,*,#6458,.T.);
#3452=ORIENTED_EDGE('',*,*,#6212,.T.);
#3453=ORIENTED_EDGE('',*,*,#6207,.F.);
#3454=ORIENTED_EDGE('',*,*,#6459,.T.);
#3455=ORIENTED_EDGE('',*,*,#6197,.F.);
#3456=ORIENTED_EDGE('',*,*,#6460,.T.);
#3457=ORIENTED_EDGE('',*,*,#6200,.F.);
#3458=ORIENTED_EDGE('',*,*,#6461,.T.);
#3459=ORIENTED_EDGE('',*,*,#6185,.F.);
#3460=ORIENTED_EDGE('',*,*,#6462,.T.);
#3461=ORIENTED_EDGE('',*,*,#6188,.F.);
#3462=ORIENTED_EDGE('',*,*,#6463,.T.);
#3463=ORIENTED_EDGE('',*,*,#6173,.F.);
#3464=ORIENTED_EDGE('',*,*,#6464,.T.);
#3465=ORIENTED_EDGE('',*,*,#6176,.F.);
#3466=ORIENTED_EDGE('',*,*,#6465,.T.);
#3467=ORIENTED_EDGE('',*,*,#6161,.F.);
#3468=ORIENTED_EDGE('',*,*,#6466,.T.);
#3469=ORIENTED_EDGE('',*,*,#6164,.F.);
#3470=ORIENTED_EDGE('',*,*,#6467,.T.);
#3471=ORIENTED_EDGE('',*,*,#6149,.F.);
#3472=ORIENTED_EDGE('',*,*,#6468,.T.);
#3473=ORIENTED_EDGE('',*,*,#6152,.F.);
#3474=ORIENTED_EDGE('',*,*,#6469,.T.);
#3475=ORIENTED_EDGE('',*,*,#6137,.F.);
#3476=ORIENTED_EDGE('',*,*,#6470,.T.);
#3477=ORIENTED_EDGE('',*,*,#6140,.F.);
#3478=ORIENTED_EDGE('',*,*,#6471,.T.);
#3479=ORIENTED_EDGE('',*,*,#6125,.F.);
#3480=ORIENTED_EDGE('',*,*,#6472,.T.);
#3481=ORIENTED_EDGE('',*,*,#6128,.F.);
#3482=ORIENTED_EDGE('',*,*,#6473,.T.);
#3483=ORIENTED_EDGE('',*,*,#6113,.F.);
#3484=ORIENTED_EDGE('',*,*,#6474,.T.);
#3485=ORIENTED_EDGE('',*,*,#6116,.F.);
#3486=ORIENTED_EDGE('',*,*,#6475,.T.);
#3487=ORIENTED_EDGE('',*,*,#6101,.F.);
#3488=ORIENTED_EDGE('',*,*,#6476,.T.);
#3489=ORIENTED_EDGE('',*,*,#6104,.F.);
#3490=ORIENTED_EDGE('',*,*,#6477,.T.);
#3491=ORIENTED_EDGE('',*,*,#6089,.F.);
#3492=ORIENTED_EDGE('',*,*,#6478,.T.);
#3493=ORIENTED_EDGE('',*,*,#6092,.F.);
#3494=ORIENTED_EDGE('',*,*,#6479,.T.);
#3495=ORIENTED_EDGE('',*,*,#6077,.F.);
#3496=ORIENTED_EDGE('',*,*,#6480,.T.);
#3497=ORIENTED_EDGE('',*,*,#6080,.F.);
#3498=ORIENTED_EDGE('',*,*,#6481,.T.);
#3499=ORIENTED_EDGE('',*,*,#6065,.F.);
#3500=ORIENTED_EDGE('',*,*,#6482,.T.);
#3501=ORIENTED_EDGE('',*,*,#6068,.F.);
#3502=ORIENTED_EDGE('',*,*,#6483,.T.);
#3503=ORIENTED_EDGE('',*,*,#6053,.F.);
#3504=ORIENTED_EDGE('',*,*,#6484,.T.);
#3505=ORIENTED_EDGE('',*,*,#6056,.F.);
#3506=ORIENTED_EDGE('',*,*,#6485,.T.);
#3507=ORIENTED_EDGE('',*,*,#6041,.F.);
#3508=ORIENTED_EDGE('',*,*,#6486,.T.);
#3509=ORIENTED_EDGE('',*,*,#6044,.F.);
#3510=ORIENTED_EDGE('',*,*,#6487,.T.);
#3511=ORIENTED_EDGE('',*,*,#6035,.F.);
#3512=ORIENTED_EDGE('',*,*,#6488,.T.);
#3513=ORIENTED_EDGE('',*,*,#6209,.F.);
#3514=ORIENTED_EDGE('',*,*,#6489,.T.);
#3515=ORIENTED_EDGE('',*,*,#6195,.F.);
#3516=ORIENTED_EDGE('',*,*,#6490,.F.);
#3517=ORIENTED_EDGE('',*,*,#6202,.F.);
#3518=ORIENTED_EDGE('',*,*,#6491,.T.);
#3519=ORIENTED_EDGE('',*,*,#6183,.F.);
#3520=ORIENTED_EDGE('',*,*,#6492,.F.);
#3521=ORIENTED_EDGE('',*,*,#6190,.F.);
#3522=ORIENTED_EDGE('',*,*,#6493,.T.);
#3523=ORIENTED_EDGE('',*,*,#6171,.F.);
#3524=ORIENTED_EDGE('',*,*,#6494,.F.);
#3525=ORIENTED_EDGE('',*,*,#6178,.F.);
#3526=ORIENTED_EDGE('',*,*,#6495,.T.);
#3527=ORIENTED_EDGE('',*,*,#6159,.F.);
#3528=ORIENTED_EDGE('',*,*,#6496,.F.);
#3529=ORIENTED_EDGE('',*,*,#6166,.F.);
#3530=ORIENTED_EDGE('',*,*,#6497,.T.);
#3531=ORIENTED_EDGE('',*,*,#6147,.F.);
#3532=ORIENTED_EDGE('',*,*,#6498,.F.);
#3533=ORIENTED_EDGE('',*,*,#6154,.F.);
#3534=ORIENTED_EDGE('',*,*,#6499,.T.);
#3535=ORIENTED_EDGE('',*,*,#6135,.F.);
#3536=ORIENTED_EDGE('',*,*,#6500,.F.);
#3537=ORIENTED_EDGE('',*,*,#6142,.F.);
#3538=ORIENTED_EDGE('',*,*,#6501,.T.);
#3539=ORIENTED_EDGE('',*,*,#6123,.F.);
#3540=ORIENTED_EDGE('',*,*,#6502,.F.);
#3541=ORIENTED_EDGE('',*,*,#6130,.F.);
#3542=ORIENTED_EDGE('',*,*,#6503,.T.);
#3543=ORIENTED_EDGE('',*,*,#6111,.F.);
#3544=ORIENTED_EDGE('',*,*,#6504,.F.);
#3545=ORIENTED_EDGE('',*,*,#6118,.F.);
#3546=ORIENTED_EDGE('',*,*,#6505,.T.);
#3547=ORIENTED_EDGE('',*,*,#6099,.F.);
#3548=ORIENTED_EDGE('',*,*,#6506,.F.);
#3549=ORIENTED_EDGE('',*,*,#6106,.F.);
#3550=ORIENTED_EDGE('',*,*,#6507,.T.);
#3551=ORIENTED_EDGE('',*,*,#6087,.F.);
#3552=ORIENTED_EDGE('',*,*,#6508,.F.);
#3553=ORIENTED_EDGE('',*,*,#6094,.F.);
#3554=ORIENTED_EDGE('',*,*,#6509,.T.);
#3555=ORIENTED_EDGE('',*,*,#6075,.F.);
#3556=ORIENTED_EDGE('',*,*,#6510,.F.);
#3557=ORIENTED_EDGE('',*,*,#6082,.F.);
#3558=ORIENTED_EDGE('',*,*,#6511,.T.);
#3559=ORIENTED_EDGE('',*,*,#6063,.F.);
#3560=ORIENTED_EDGE('',*,*,#6512,.F.);
#3561=ORIENTED_EDGE('',*,*,#6070,.F.);
#3562=ORIENTED_EDGE('',*,*,#6513,.T.);
#3563=ORIENTED_EDGE('',*,*,#6051,.F.);
#3564=ORIENTED_EDGE('',*,*,#6514,.F.);
#3565=ORIENTED_EDGE('',*,*,#6058,.F.);
#3566=ORIENTED_EDGE('',*,*,#6515,.T.);
#3567=ORIENTED_EDGE('',*,*,#6039,.F.);
#3568=ORIENTED_EDGE('',*,*,#6516,.F.);
#3569=ORIENTED_EDGE('',*,*,#6046,.F.);
#3570=ORIENTED_EDGE('',*,*,#6517,.T.);
#3571=ORIENTED_EDGE('',*,*,#6033,.F.);
#3572=ORIENTED_EDGE('',*,*,#6518,.F.);
#3573=ORIENTED_EDGE('',*,*,#6206,.F.);
#3574=ORIENTED_EDGE('',*,*,#5569,.T.);
#3575=ORIENTED_EDGE('',*,*,#6198,.F.);
#3576=ORIENTED_EDGE('',*,*,#6459,.F.);
#3577=ORIENTED_EDGE('',*,*,#6199,.F.);
#3578=ORIENTED_EDGE('',*,*,#5574,.T.);
#3579=ORIENTED_EDGE('',*,*,#6186,.F.);
#3580=ORIENTED_EDGE('',*,*,#6461,.F.);
#3581=ORIENTED_EDGE('',*,*,#6187,.F.);
#3582=ORIENTED_EDGE('',*,*,#5579,.T.);
#3583=ORIENTED_EDGE('',*,*,#6174,.F.);
#3584=ORIENTED_EDGE('',*,*,#6463,.F.);
#3585=ORIENTED_EDGE('',*,*,#6175,.F.);
#3586=ORIENTED_EDGE('',*,*,#5584,.T.);
#3587=ORIENTED_EDGE('',*,*,#6162,.F.);
#3588=ORIENTED_EDGE('',*,*,#6465,.F.);
#3589=ORIENTED_EDGE('',*,*,#6163,.F.);
#3590=ORIENTED_EDGE('',*,*,#5589,.T.);
#3591=ORIENTED_EDGE('',*,*,#6150,.F.);
#3592=ORIENTED_EDGE('',*,*,#6467,.F.);
#3593=ORIENTED_EDGE('',*,*,#6151,.F.);
#3594=ORIENTED_EDGE('',*,*,#5594,.T.);
#3595=ORIENTED_EDGE('',*,*,#6138,.F.);
#3596=ORIENTED_EDGE('',*,*,#6469,.F.);
#3597=ORIENTED_EDGE('',*,*,#6139,.F.);
#3598=ORIENTED_EDGE('',*,*,#5599,.T.);
#3599=ORIENTED_EDGE('',*,*,#6126,.F.);
#3600=ORIENTED_EDGE('',*,*,#6471,.F.);
#3601=ORIENTED_EDGE('',*,*,#6127,.F.);
#3602=ORIENTED_EDGE('',*,*,#5604,.T.);
#3603=ORIENTED_EDGE('',*,*,#6114,.F.);
#3604=ORIENTED_EDGE('',*,*,#6473,.F.);
#3605=ORIENTED_EDGE('',*,*,#6115,.F.);
#3606=ORIENTED_EDGE('',*,*,#5609,.T.);
#3607=ORIENTED_EDGE('',*,*,#6102,.F.);
#3608=ORIENTED_EDGE('',*,*,#6475,.F.);
#3609=ORIENTED_EDGE('',*,*,#6103,.F.);
#3610=ORIENTED_EDGE('',*,*,#5614,.T.);
#3611=ORIENTED_EDGE('',*,*,#6090,.F.);
#3612=ORIENTED_EDGE('',*,*,#6477,.F.);
#3613=ORIENTED_EDGE('',*,*,#6091,.F.);
#3614=ORIENTED_EDGE('',*,*,#5619,.T.);
#3615=ORIENTED_EDGE('',*,*,#6078,.F.);
#3616=ORIENTED_EDGE('',*,*,#6479,.F.);
#3617=ORIENTED_EDGE('',*,*,#6079,.F.);
#3618=ORIENTED_EDGE('',*,*,#5624,.T.);
#3619=ORIENTED_EDGE('',*,*,#6066,.F.);
#3620=ORIENTED_EDGE('',*,*,#6481,.F.);
#3621=ORIENTED_EDGE('',*,*,#6067,.F.);
#3622=ORIENTED_EDGE('',*,*,#5629,.T.);
#3623=ORIENTED_EDGE('',*,*,#6054,.F.);
#3624=ORIENTED_EDGE('',*,*,#6483,.F.);
#3625=ORIENTED_EDGE('',*,*,#6055,.F.);
#3626=ORIENTED_EDGE('',*,*,#5634,.T.);
#3627=ORIENTED_EDGE('',*,*,#6042,.F.);
#3628=ORIENTED_EDGE('',*,*,#6485,.F.);
#3629=ORIENTED_EDGE('',*,*,#6043,.F.);
#3630=ORIENTED_EDGE('',*,*,#5639,.T.);
#3631=ORIENTED_EDGE('',*,*,#6036,.F.);
#3632=ORIENTED_EDGE('',*,*,#6487,.F.);
#3633=ORIENTED_EDGE('',*,*,#5433,.F.);
#3634=ORIENTED_EDGE('',*,*,#6210,.T.);
#3635=ORIENTED_EDGE('',*,*,#6490,.T.);
#3636=ORIENTED_EDGE('',*,*,#6194,.T.);
#3637=ORIENTED_EDGE('',*,*,#5439,.F.);
#3638=ORIENTED_EDGE('',*,*,#6203,.T.);
#3639=ORIENTED_EDGE('',*,*,#6492,.T.);
#3640=ORIENTED_EDGE('',*,*,#6182,.T.);
#3641=ORIENTED_EDGE('',*,*,#5445,.F.);
#3642=ORIENTED_EDGE('',*,*,#6191,.T.);
#3643=ORIENTED_EDGE('',*,*,#6494,.T.);
#3644=ORIENTED_EDGE('',*,*,#6170,.T.);
#3645=ORIENTED_EDGE('',*,*,#5451,.F.);
#3646=ORIENTED_EDGE('',*,*,#6179,.T.);
#3647=ORIENTED_EDGE('',*,*,#6496,.T.);
#3648=ORIENTED_EDGE('',*,*,#6158,.T.);
#3649=ORIENTED_EDGE('',*,*,#5457,.F.);
#3650=ORIENTED_EDGE('',*,*,#6167,.T.);
#3651=ORIENTED_EDGE('',*,*,#6498,.T.);
#3652=ORIENTED_EDGE('',*,*,#6146,.T.);
#3653=ORIENTED_EDGE('',*,*,#5463,.F.);
#3654=ORIENTED_EDGE('',*,*,#6155,.T.);
#3655=ORIENTED_EDGE('',*,*,#6500,.T.);
#3656=ORIENTED_EDGE('',*,*,#6134,.T.);
#3657=ORIENTED_EDGE('',*,*,#5469,.F.);
#3658=ORIENTED_EDGE('',*,*,#6143,.T.);
#3659=ORIENTED_EDGE('',*,*,#6502,.T.);
#3660=ORIENTED_EDGE('',*,*,#6122,.T.);
#3661=ORIENTED_EDGE('',*,*,#5475,.F.);
#3662=ORIENTED_EDGE('',*,*,#6131,.T.);
#3663=ORIENTED_EDGE('',*,*,#6504,.T.);
#3664=ORIENTED_EDGE('',*,*,#6110,.T.);
#3665=ORIENTED_EDGE('',*,*,#5481,.F.);
#3666=ORIENTED_EDGE('',*,*,#6119,.T.);
#3667=ORIENTED_EDGE('',*,*,#6506,.T.);
#3668=ORIENTED_EDGE('',*,*,#6098,.T.);
#3669=ORIENTED_EDGE('',*,*,#5487,.F.);
#3670=ORIENTED_EDGE('',*,*,#6107,.T.);
#3671=ORIENTED_EDGE('',*,*,#6508,.T.);
#3672=ORIENTED_EDGE('',*,*,#6086,.T.);
#3673=ORIENTED_EDGE('',*,*,#5493,.F.);
#3674=ORIENTED_EDGE('',*,*,#6095,.T.);
#3675=ORIENTED_EDGE('',*,*,#6510,.T.);
#3676=ORIENTED_EDGE('',*,*,#6074,.T.);
#3677=ORIENTED_EDGE('',*,*,#5499,.F.);
#3678=ORIENTED_EDGE('',*,*,#6083,.T.);
#3679=ORIENTED_EDGE('',*,*,#6512,.T.);
#3680=ORIENTED_EDGE('',*,*,#6062,.T.);
#3681=ORIENTED_EDGE('',*,*,#5505,.F.);
#3682=ORIENTED_EDGE('',*,*,#6071,.T.);
#3683=ORIENTED_EDGE('',*,*,#6514,.T.);
#3684=ORIENTED_EDGE('',*,*,#6050,.T.);
#3685=ORIENTED_EDGE('',*,*,#5511,.F.);
#3686=ORIENTED_EDGE('',*,*,#6059,.T.);
#3687=ORIENTED_EDGE('',*,*,#6516,.T.);
#3688=ORIENTED_EDGE('',*,*,#6038,.T.);
#3689=ORIENTED_EDGE('',*,*,#5517,.F.);
#3690=ORIENTED_EDGE('',*,*,#6047,.T.);
#3691=ORIENTED_EDGE('',*,*,#6518,.T.);
#3692=ORIENTED_EDGE('',*,*,#6032,.T.);
#3693=ORIENTED_EDGE('',*,*,#6027,.F.);
#3694=ORIENTED_EDGE('',*,*,#6519,.T.);
#3695=ORIENTED_EDGE('',*,*,#6017,.F.);
#3696=ORIENTED_EDGE('',*,*,#6520,.T.);
#3697=ORIENTED_EDGE('',*,*,#6020,.F.);
#3698=ORIENTED_EDGE('',*,*,#6521,.T.);
#3699=ORIENTED_EDGE('',*,*,#6005,.F.);
#3700=ORIENTED_EDGE('',*,*,#6522,.T.);
#3701=ORIENTED_EDGE('',*,*,#6008,.F.);
#3702=ORIENTED_EDGE('',*,*,#6523,.T.);
#3703=ORIENTED_EDGE('',*,*,#5993,.F.);
#3704=ORIENTED_EDGE('',*,*,#6524,.T.);
#3705=ORIENTED_EDGE('',*,*,#5996,.F.);
#3706=ORIENTED_EDGE('',*,*,#6525,.T.);
#3707=ORIENTED_EDGE('',*,*,#5981,.F.);
#3708=ORIENTED_EDGE('',*,*,#6526,.T.);
#3709=ORIENTED_EDGE('',*,*,#5984,.F.);
#3710=ORIENTED_EDGE('',*,*,#6527,.T.);
#3711=ORIENTED_EDGE('',*,*,#5969,.F.);
#3712=ORIENTED_EDGE('',*,*,#6528,.T.);
#3713=ORIENTED_EDGE('',*,*,#5972,.F.);
#3714=ORIENTED_EDGE('',*,*,#6529,.T.);
#3715=ORIENTED_EDGE('',*,*,#5957,.F.);
#3716=ORIENTED_EDGE('',*,*,#6530,.T.);
#3717=ORIENTED_EDGE('',*,*,#5960,.F.);
#3718=ORIENTED_EDGE('',*,*,#6531,.T.);
#3719=ORIENTED_EDGE('',*,*,#5945,.F.);
#3720=ORIENTED_EDGE('',*,*,#6532,.T.);
#3721=ORIENTED_EDGE('',*,*,#5948,.F.);
#3722=ORIENTED_EDGE('',*,*,#6533,.T.);
#3723=ORIENTED_EDGE('',*,*,#5933,.F.);
#3724=ORIENTED_EDGE('',*,*,#6534,.T.);
#3725=ORIENTED_EDGE('',*,*,#5936,.F.);
#3726=ORIENTED_EDGE('',*,*,#6535,.T.);
#3727=ORIENTED_EDGE('',*,*,#5921,.F.);
#3728=ORIENTED_EDGE('',*,*,#6536,.T.);
#3729=ORIENTED_EDGE('',*,*,#5924,.F.);
#3730=ORIENTED_EDGE('',*,*,#6537,.T.);
#3731=ORIENTED_EDGE('',*,*,#5909,.F.);
#3732=ORIENTED_EDGE('',*,*,#6538,.T.);
#3733=ORIENTED_EDGE('',*,*,#5912,.F.);
#3734=ORIENTED_EDGE('',*,*,#6539,.T.);
#3735=ORIENTED_EDGE('',*,*,#5897,.F.);
#3736=ORIENTED_EDGE('',*,*,#6540,.T.);
#3737=ORIENTED_EDGE('',*,*,#5900,.F.);
#3738=ORIENTED_EDGE('',*,*,#6541,.T.);
#3739=ORIENTED_EDGE('',*,*,#5885,.F.);
#3740=ORIENTED_EDGE('',*,*,#6542,.T.);
#3741=ORIENTED_EDGE('',*,*,#5888,.F.);
#3742=ORIENTED_EDGE('',*,*,#6543,.T.);
#3743=ORIENTED_EDGE('',*,*,#5873,.F.);
#3744=ORIENTED_EDGE('',*,*,#6544,.T.);
#3745=ORIENTED_EDGE('',*,*,#5876,.F.);
#3746=ORIENTED_EDGE('',*,*,#6545,.T.);
#3747=ORIENTED_EDGE('',*,*,#5861,.F.);
#3748=ORIENTED_EDGE('',*,*,#6546,.T.);
#3749=ORIENTED_EDGE('',*,*,#5864,.F.);
#3750=ORIENTED_EDGE('',*,*,#6547,.T.);
#3751=ORIENTED_EDGE('',*,*,#5855,.F.);
#3752=ORIENTED_EDGE('',*,*,#6548,.T.);
#3753=ORIENTED_EDGE('',*,*,#6029,.F.);
#3754=ORIENTED_EDGE('',*,*,#6549,.T.);
#3755=ORIENTED_EDGE('',*,*,#6015,.F.);
#3756=ORIENTED_EDGE('',*,*,#6550,.F.);
#3757=ORIENTED_EDGE('',*,*,#6022,.F.);
#3758=ORIENTED_EDGE('',*,*,#6551,.T.);
#3759=ORIENTED_EDGE('',*,*,#6003,.F.);
#3760=ORIENTED_EDGE('',*,*,#6552,.F.);
#3761=ORIENTED_EDGE('',*,*,#6010,.F.);
#3762=ORIENTED_EDGE('',*,*,#6553,.T.);
#3763=ORIENTED_EDGE('',*,*,#5991,.F.);
#3764=ORIENTED_EDGE('',*,*,#6554,.F.);
#3765=ORIENTED_EDGE('',*,*,#5998,.F.);
#3766=ORIENTED_EDGE('',*,*,#6555,.T.);
#3767=ORIENTED_EDGE('',*,*,#5979,.F.);
#3768=ORIENTED_EDGE('',*,*,#6556,.F.);
#3769=ORIENTED_EDGE('',*,*,#5986,.F.);
#3770=ORIENTED_EDGE('',*,*,#6557,.T.);
#3771=ORIENTED_EDGE('',*,*,#5967,.F.);
#3772=ORIENTED_EDGE('',*,*,#6558,.F.);
#3773=ORIENTED_EDGE('',*,*,#5974,.F.);
#3774=ORIENTED_EDGE('',*,*,#6559,.T.);
#3775=ORIENTED_EDGE('',*,*,#5955,.F.);
#3776=ORIENTED_EDGE('',*,*,#6560,.F.);
#3777=ORIENTED_EDGE('',*,*,#5962,.F.);
#3778=ORIENTED_EDGE('',*,*,#6561,.T.);
#3779=ORIENTED_EDGE('',*,*,#5943,.F.);
#3780=ORIENTED_EDGE('',*,*,#6562,.F.);
#3781=ORIENTED_EDGE('',*,*,#5950,.F.);
#3782=ORIENTED_EDGE('',*,*,#6563,.T.);
#3783=ORIENTED_EDGE('',*,*,#5931,.F.);
#3784=ORIENTED_EDGE('',*,*,#6564,.F.);
#3785=ORIENTED_EDGE('',*,*,#5938,.F.);
#3786=ORIENTED_EDGE('',*,*,#6565,.T.);
#3787=ORIENTED_EDGE('',*,*,#5919,.F.);
#3788=ORIENTED_EDGE('',*,*,#6566,.F.);
#3789=ORIENTED_EDGE('',*,*,#5926,.F.);
#3790=ORIENTED_EDGE('',*,*,#6567,.T.);
#3791=ORIENTED_EDGE('',*,*,#5907,.F.);
#3792=ORIENTED_EDGE('',*,*,#6568,.F.);
#3793=ORIENTED_EDGE('',*,*,#5914,.F.);
#3794=ORIENTED_EDGE('',*,*,#6569,.T.);
#3795=ORIENTED_EDGE('',*,*,#5895,.F.);
#3796=ORIENTED_EDGE('',*,*,#6570,.F.);
#3797=ORIENTED_EDGE('',*,*,#5902,.F.);
#3798=ORIENTED_EDGE('',*,*,#6571,.T.);
#3799=ORIENTED_EDGE('',*,*,#5883,.F.);
#3800=ORIENTED_EDGE('',*,*,#6572,.F.);
#3801=ORIENTED_EDGE('',*,*,#5890,.F.);
#3802=ORIENTED_EDGE('',*,*,#6573,.T.);
#3803=ORIENTED_EDGE('',*,*,#5871,.F.);
#3804=ORIENTED_EDGE('',*,*,#6574,.F.);
#3805=ORIENTED_EDGE('',*,*,#5878,.F.);
#3806=ORIENTED_EDGE('',*,*,#6575,.T.);
#3807=ORIENTED_EDGE('',*,*,#5859,.F.);
#3808=ORIENTED_EDGE('',*,*,#6576,.F.);
#3809=ORIENTED_EDGE('',*,*,#5866,.F.);
#3810=ORIENTED_EDGE('',*,*,#6577,.T.);
#3811=ORIENTED_EDGE('',*,*,#5853,.F.);
#3812=ORIENTED_EDGE('',*,*,#6578,.F.);
#3813=ORIENTED_EDGE('',*,*,#6026,.F.);
#3814=ORIENTED_EDGE('',*,*,#5779,.T.);
#3815=ORIENTED_EDGE('',*,*,#6018,.F.);
#3816=ORIENTED_EDGE('',*,*,#6519,.F.);
#3817=ORIENTED_EDGE('',*,*,#6019,.F.);
#3818=ORIENTED_EDGE('',*,*,#5784,.T.);
#3819=ORIENTED_EDGE('',*,*,#6006,.F.);
#3820=ORIENTED_EDGE('',*,*,#6521,.F.);
#3821=ORIENTED_EDGE('',*,*,#6007,.F.);
#3822=ORIENTED_EDGE('',*,*,#5789,.T.);
#3823=ORIENTED_EDGE('',*,*,#5994,.F.);
#3824=ORIENTED_EDGE('',*,*,#6523,.F.);
#3825=ORIENTED_EDGE('',*,*,#5995,.F.);
#3826=ORIENTED_EDGE('',*,*,#5794,.T.);
#3827=ORIENTED_EDGE('',*,*,#5982,.F.);
#3828=ORIENTED_EDGE('',*,*,#6525,.F.);
#3829=ORIENTED_EDGE('',*,*,#5983,.F.);
#3830=ORIENTED_EDGE('',*,*,#5799,.T.);
#3831=ORIENTED_EDGE('',*,*,#5970,.F.);
#3832=ORIENTED_EDGE('',*,*,#6527,.F.);
#3833=ORIENTED_EDGE('',*,*,#5971,.F.);
#3834=ORIENTED_EDGE('',*,*,#5804,.T.);
#3835=ORIENTED_EDGE('',*,*,#5958,.F.);
#3836=ORIENTED_EDGE('',*,*,#6529,.F.);
#3837=ORIENTED_EDGE('',*,*,#5959,.F.);
#3838=ORIENTED_EDGE('',*,*,#5809,.T.);
#3839=ORIENTED_EDGE('',*,*,#5946,.F.);
#3840=ORIENTED_EDGE('',*,*,#6531,.F.);
#3841=ORIENTED_EDGE('',*,*,#5947,.F.);
#3842=ORIENTED_EDGE('',*,*,#5814,.T.);
#3843=ORIENTED_EDGE('',*,*,#5934,.F.);
#3844=ORIENTED_EDGE('',*,*,#6533,.F.);
#3845=ORIENTED_EDGE('',*,*,#5935,.F.);
#3846=ORIENTED_EDGE('',*,*,#5819,.T.);
#3847=ORIENTED_EDGE('',*,*,#5922,.F.);
#3848=ORIENTED_EDGE('',*,*,#6535,.F.);
#3849=ORIENTED_EDGE('',*,*,#5923,.F.);
#3850=ORIENTED_EDGE('',*,*,#5824,.T.);
#3851=ORIENTED_EDGE('',*,*,#5910,.F.);
#3852=ORIENTED_EDGE('',*,*,#6537,.F.);
#3853=ORIENTED_EDGE('',*,*,#5911,.F.);
#3854=ORIENTED_EDGE('',*,*,#5829,.T.);
#3855=ORIENTED_EDGE('',*,*,#5898,.F.);
#3856=ORIENTED_EDGE('',*,*,#6539,.F.);
#3857=ORIENTED_EDGE('',*,*,#5899,.F.);
#3858=ORIENTED_EDGE('',*,*,#5834,.T.);
#3859=ORIENTED_EDGE('',*,*,#5886,.F.);
#3860=ORIENTED_EDGE('',*,*,#6541,.F.);
#3861=ORIENTED_EDGE('',*,*,#5887,.F.);
#3862=ORIENTED_EDGE('',*,*,#5839,.T.);
#3863=ORIENTED_EDGE('',*,*,#5874,.F.);
#3864=ORIENTED_EDGE('',*,*,#6543,.F.);
#3865=ORIENTED_EDGE('',*,*,#5875,.F.);
#3866=ORIENTED_EDGE('',*,*,#5844,.T.);
#3867=ORIENTED_EDGE('',*,*,#5862,.F.);
#3868=ORIENTED_EDGE('',*,*,#6545,.F.);
#3869=ORIENTED_EDGE('',*,*,#5863,.F.);
#3870=ORIENTED_EDGE('',*,*,#5849,.T.);
#3871=ORIENTED_EDGE('',*,*,#5856,.F.);
#3872=ORIENTED_EDGE('',*,*,#6547,.F.);
#3873=ORIENTED_EDGE('',*,*,#5643,.F.);
#3874=ORIENTED_EDGE('',*,*,#6030,.T.);
#3875=ORIENTED_EDGE('',*,*,#6550,.T.);
#3876=ORIENTED_EDGE('',*,*,#6014,.T.);
#3877=ORIENTED_EDGE('',*,*,#5649,.F.);
#3878=ORIENTED_EDGE('',*,*,#6023,.T.);
#3879=ORIENTED_EDGE('',*,*,#6552,.T.);
#3880=ORIENTED_EDGE('',*,*,#6002,.T.);
#3881=ORIENTED_EDGE('',*,*,#5655,.F.);
#3882=ORIENTED_EDGE('',*,*,#6011,.T.);
#3883=ORIENTED_EDGE('',*,*,#6554,.T.);
#3884=ORIENTED_EDGE('',*,*,#5990,.T.);
#3885=ORIENTED_EDGE('',*,*,#5661,.F.);
#3886=ORIENTED_EDGE('',*,*,#5999,.T.);
#3887=ORIENTED_EDGE('',*,*,#6556,.T.);
#3888=ORIENTED_EDGE('',*,*,#5978,.T.);
#3889=ORIENTED_EDGE('',*,*,#5667,.F.);
#3890=ORIENTED_EDGE('',*,*,#5987,.T.);
#3891=ORIENTED_EDGE('',*,*,#6558,.T.);
#3892=ORIENTED_EDGE('',*,*,#5966,.T.);
#3893=ORIENTED_EDGE('',*,*,#5673,.F.);
#3894=ORIENTED_EDGE('',*,*,#5975,.T.);
#3895=ORIENTED_EDGE('',*,*,#6560,.T.);
#3896=ORIENTED_EDGE('',*,*,#5954,.T.);
#3897=ORIENTED_EDGE('',*,*,#5679,.F.);
#3898=ORIENTED_EDGE('',*,*,#5963,.T.);
#3899=ORIENTED_EDGE('',*,*,#6562,.T.);
#3900=ORIENTED_EDGE('',*,*,#5942,.T.);
#3901=ORIENTED_EDGE('',*,*,#5685,.F.);
#3902=ORIENTED_EDGE('',*,*,#5951,.T.);
#3903=ORIENTED_EDGE('',*,*,#6564,.T.);
#3904=ORIENTED_EDGE('',*,*,#5930,.T.);
#3905=ORIENTED_EDGE('',*,*,#5691,.F.);
#3906=ORIENTED_EDGE('',*,*,#5939,.T.);
#3907=ORIENTED_EDGE('',*,*,#6566,.T.);
#3908=ORIENTED_EDGE('',*,*,#5918,.T.);
#3909=ORIENTED_EDGE('',*,*,#5697,.F.);
#3910=ORIENTED_EDGE('',*,*,#5927,.T.);
#3911=ORIENTED_EDGE('',*,*,#6568,.T.);
#3912=ORIENTED_EDGE('',*,*,#5906,.T.);
#3913=ORIENTED_EDGE('',*,*,#5703,.F.);
#3914=ORIENTED_EDGE('',*,*,#5915,.T.);
#3915=ORIENTED_EDGE('',*,*,#6570,.T.);
#3916=ORIENTED_EDGE('',*,*,#5894,.T.);
#3917=ORIENTED_EDGE('',*,*,#5709,.F.);
#3918=ORIENTED_EDGE('',*,*,#5903,.T.);
#3919=ORIENTED_EDGE('',*,*,#6572,.T.);
#3920=ORIENTED_EDGE('',*,*,#5882,.T.);
#3921=ORIENTED_EDGE('',*,*,#5715,.F.);
#3922=ORIENTED_EDGE('',*,*,#5891,.T.);
#3923=ORIENTED_EDGE('',*,*,#6574,.T.);
#3924=ORIENTED_EDGE('',*,*,#5870,.T.);
#3925=ORIENTED_EDGE('',*,*,#5721,.F.);
#3926=ORIENTED_EDGE('',*,*,#5879,.T.);
#3927=ORIENTED_EDGE('',*,*,#6576,.T.);
#3928=ORIENTED_EDGE('',*,*,#5858,.T.);
#3929=ORIENTED_EDGE('',*,*,#5727,.F.);
#3930=ORIENTED_EDGE('',*,*,#5867,.T.);
#3931=ORIENTED_EDGE('',*,*,#6578,.T.);
#3932=ORIENTED_EDGE('',*,*,#5852,.T.);
#3933=ORIENTED_EDGE('',*,*,#6391,.F.);
#3934=ORIENTED_EDGE('',*,*,#6579,.F.);
#3935=ORIENTED_EDGE('',*,*,#6395,.F.);
#3936=ORIENTED_EDGE('',*,*,#6580,.F.);
#3937=ORIENTED_EDGE('',*,*,#6028,.T.);
#3938=ORIENTED_EDGE('',*,*,#6520,.F.);
#3939=ORIENTED_EDGE('',*,*,#6016,.F.);
#3940=ORIENTED_EDGE('',*,*,#6549,.F.);
#3941=ORIENTED_EDGE('',*,*,#6021,.T.);
#3942=ORIENTED_EDGE('',*,*,#6522,.F.);
#3943=ORIENTED_EDGE('',*,*,#6004,.F.);
#3944=ORIENTED_EDGE('',*,*,#6551,.F.);
#3945=ORIENTED_EDGE('',*,*,#6009,.T.);
#3946=ORIENTED_EDGE('',*,*,#6524,.F.);
#3947=ORIENTED_EDGE('',*,*,#5992,.F.);
#3948=ORIENTED_EDGE('',*,*,#6553,.F.);
#3949=ORIENTED_EDGE('',*,*,#5997,.T.);
#3950=ORIENTED_EDGE('',*,*,#6526,.F.);
#3951=ORIENTED_EDGE('',*,*,#5980,.F.);
#3952=ORIENTED_EDGE('',*,*,#6555,.F.);
#3953=ORIENTED_EDGE('',*,*,#5985,.T.);
#3954=ORIENTED_EDGE('',*,*,#6528,.F.);
#3955=ORIENTED_EDGE('',*,*,#5968,.F.);
#3956=ORIENTED_EDGE('',*,*,#6557,.F.);
#3957=ORIENTED_EDGE('',*,*,#5973,.T.);
#3958=ORIENTED_EDGE('',*,*,#6530,.F.);
#3959=ORIENTED_EDGE('',*,*,#5956,.F.);
#3960=ORIENTED_EDGE('',*,*,#6559,.F.);
#3961=ORIENTED_EDGE('',*,*,#5961,.T.);
#3962=ORIENTED_EDGE('',*,*,#6532,.F.);
#3963=ORIENTED_EDGE('',*,*,#5944,.F.);
#3964=ORIENTED_EDGE('',*,*,#6561,.F.);
#3965=ORIENTED_EDGE('',*,*,#5949,.T.);
#3966=ORIENTED_EDGE('',*,*,#6534,.F.);
#3967=ORIENTED_EDGE('',*,*,#5932,.F.);
#3968=ORIENTED_EDGE('',*,*,#6563,.F.);
#3969=ORIENTED_EDGE('',*,*,#5937,.T.);
#3970=ORIENTED_EDGE('',*,*,#6536,.F.);
#3971=ORIENTED_EDGE('',*,*,#5920,.F.);
#3972=ORIENTED_EDGE('',*,*,#6565,.F.);
#3973=ORIENTED_EDGE('',*,*,#5925,.T.);
#3974=ORIENTED_EDGE('',*,*,#6538,.F.);
#3975=ORIENTED_EDGE('',*,*,#5908,.F.);
#3976=ORIENTED_EDGE('',*,*,#6567,.F.);
#3977=ORIENTED_EDGE('',*,*,#5913,.T.);
#3978=ORIENTED_EDGE('',*,*,#6540,.F.);
#3979=ORIENTED_EDGE('',*,*,#5896,.F.);
#3980=ORIENTED_EDGE('',*,*,#6569,.F.);
#3981=ORIENTED_EDGE('',*,*,#5901,.T.);
#3982=ORIENTED_EDGE('',*,*,#6542,.F.);
#3983=ORIENTED_EDGE('',*,*,#5884,.F.);
#3984=ORIENTED_EDGE('',*,*,#6571,.F.);
#3985=ORIENTED_EDGE('',*,*,#5889,.T.);
#3986=ORIENTED_EDGE('',*,*,#6544,.F.);
#3987=ORIENTED_EDGE('',*,*,#5872,.F.);
#3988=ORIENTED_EDGE('',*,*,#6573,.F.);
#3989=ORIENTED_EDGE('',*,*,#5877,.T.);
#3990=ORIENTED_EDGE('',*,*,#6546,.F.);
#3991=ORIENTED_EDGE('',*,*,#5860,.F.);
#3992=ORIENTED_EDGE('',*,*,#6575,.F.);
#3993=ORIENTED_EDGE('',*,*,#5865,.T.);
#3994=ORIENTED_EDGE('',*,*,#6548,.F.);
#3995=ORIENTED_EDGE('',*,*,#5854,.F.);
#3996=ORIENTED_EDGE('',*,*,#6577,.F.);
#3997=ORIENTED_EDGE('',*,*,#6208,.T.);
#3998=ORIENTED_EDGE('',*,*,#6460,.F.);
#3999=ORIENTED_EDGE('',*,*,#6196,.F.);
#4000=ORIENTED_EDGE('',*,*,#6489,.F.);
#4001=ORIENTED_EDGE('',*,*,#6201,.T.);
#4002=ORIENTED_EDGE('',*,*,#6462,.F.);
#4003=ORIENTED_EDGE('',*,*,#6184,.F.);
#4004=ORIENTED_EDGE('',*,*,#6491,.F.);
#4005=ORIENTED_EDGE('',*,*,#6189,.T.);
#4006=ORIENTED_EDGE('',*,*,#6464,.F.);
#4007=ORIENTED_EDGE('',*,*,#6172,.F.);
#4008=ORIENTED_EDGE('',*,*,#6493,.F.);
#4009=ORIENTED_EDGE('',*,*,#6177,.T.);
#4010=ORIENTED_EDGE('',*,*,#6466,.F.);
#4011=ORIENTED_EDGE('',*,*,#6160,.F.);
#4012=ORIENTED_EDGE('',*,*,#6495,.F.);
#4013=ORIENTED_EDGE('',*,*,#6165,.T.);
#4014=ORIENTED_EDGE('',*,*,#6468,.F.);
#4015=ORIENTED_EDGE('',*,*,#6148,.F.);
#4016=ORIENTED_EDGE('',*,*,#6497,.F.);
#4017=ORIENTED_EDGE('',*,*,#6153,.T.);
#4018=ORIENTED_EDGE('',*,*,#6470,.F.);
#4019=ORIENTED_EDGE('',*,*,#6136,.F.);
#4020=ORIENTED_EDGE('',*,*,#6499,.F.);
#4021=ORIENTED_EDGE('',*,*,#6141,.T.);
#4022=ORIENTED_EDGE('',*,*,#6472,.F.);
#4023=ORIENTED_EDGE('',*,*,#6124,.F.);
#4024=ORIENTED_EDGE('',*,*,#6501,.F.);
#4025=ORIENTED_EDGE('',*,*,#6129,.T.);
#4026=ORIENTED_EDGE('',*,*,#6474,.F.);
#4027=ORIENTED_EDGE('',*,*,#6112,.F.);
#4028=ORIENTED_EDGE('',*,*,#6503,.F.);
#4029=ORIENTED_EDGE('',*,*,#6117,.T.);
#4030=ORIENTED_EDGE('',*,*,#6476,.F.);
#4031=ORIENTED_EDGE('',*,*,#6100,.F.);
#4032=ORIENTED_EDGE('',*,*,#6505,.F.);
#4033=ORIENTED_EDGE('',*,*,#6105,.T.);
#4034=ORIENTED_EDGE('',*,*,#6478,.F.);
#4035=ORIENTED_EDGE('',*,*,#6088,.F.);
#4036=ORIENTED_EDGE('',*,*,#6507,.F.);
#4037=ORIENTED_EDGE('',*,*,#6093,.T.);
#4038=ORIENTED_EDGE('',*,*,#6480,.F.);
#4039=ORIENTED_EDGE('',*,*,#6076,.F.);
#4040=ORIENTED_EDGE('',*,*,#6509,.F.);
#4041=ORIENTED_EDGE('',*,*,#6081,.T.);
#4042=ORIENTED_EDGE('',*,*,#6482,.F.);
#4043=ORIENTED_EDGE('',*,*,#6064,.F.);
#4044=ORIENTED_EDGE('',*,*,#6511,.F.);
#4045=ORIENTED_EDGE('',*,*,#6069,.T.);
#4046=ORIENTED_EDGE('',*,*,#6484,.F.);
#4047=ORIENTED_EDGE('',*,*,#6052,.F.);
#4048=ORIENTED_EDGE('',*,*,#6513,.F.);
#4049=ORIENTED_EDGE('',*,*,#6057,.T.);
#4050=ORIENTED_EDGE('',*,*,#6486,.F.);
#4051=ORIENTED_EDGE('',*,*,#6040,.F.);
#4052=ORIENTED_EDGE('',*,*,#6515,.F.);
#4053=ORIENTED_EDGE('',*,*,#6045,.T.);
#4054=ORIENTED_EDGE('',*,*,#6488,.F.);
#4055=ORIENTED_EDGE('',*,*,#6034,.F.);
#4056=ORIENTED_EDGE('',*,*,#6517,.F.);
#4057=ORIENTED_EDGE('',*,*,#6388,.T.);
#4058=ORIENTED_EDGE('',*,*,#6400,.F.);
#4059=ORIENTED_EDGE('',*,*,#6376,.F.);
#4060=ORIENTED_EDGE('',*,*,#6429,.F.);
#4061=ORIENTED_EDGE('',*,*,#6381,.T.);
#4062=ORIENTED_EDGE('',*,*,#6402,.F.);
#4063=ORIENTED_EDGE('',*,*,#6364,.F.);
#4064=ORIENTED_EDGE('',*,*,#6431,.F.);
#4065=ORIENTED_EDGE('',*,*,#6369,.T.);
#4066=ORIENTED_EDGE('',*,*,#6404,.F.);
#4067=ORIENTED_EDGE('',*,*,#6352,.F.);
#4068=ORIENTED_EDGE('',*,*,#6433,.F.);
#4069=ORIENTED_EDGE('',*,*,#6357,.T.);
#4070=ORIENTED_EDGE('',*,*,#6406,.F.);
#4071=ORIENTED_EDGE('',*,*,#6340,.F.);
#4072=ORIENTED_EDGE('',*,*,#6435,.F.);
#4073=ORIENTED_EDGE('',*,*,#6345,.T.);
#4074=ORIENTED_EDGE('',*,*,#6408,.F.);
#4075=ORIENTED_EDGE('',*,*,#6328,.F.);
#4076=ORIENTED_EDGE('',*,*,#6437,.F.);
#4077=ORIENTED_EDGE('',*,*,#6333,.T.);
#4078=ORIENTED_EDGE('',*,*,#6410,.F.);
#4079=ORIENTED_EDGE('',*,*,#6316,.F.);
#4080=ORIENTED_EDGE('',*,*,#6439,.F.);
#4081=ORIENTED_EDGE('',*,*,#6321,.T.);
#4082=ORIENTED_EDGE('',*,*,#6412,.F.);
#4083=ORIENTED_EDGE('',*,*,#6304,.F.);
#4084=ORIENTED_EDGE('',*,*,#6441,.F.);
#4085=ORIENTED_EDGE('',*,*,#6309,.T.);
#4086=ORIENTED_EDGE('',*,*,#6414,.F.);
#4087=ORIENTED_EDGE('',*,*,#6292,.F.);
#4088=ORIENTED_EDGE('',*,*,#6443,.F.);
#4089=ORIENTED_EDGE('',*,*,#6297,.T.);
#4090=ORIENTED_EDGE('',*,*,#6416,.F.);
#4091=ORIENTED_EDGE('',*,*,#6280,.F.);
#4092=ORIENTED_EDGE('',*,*,#6445,.F.);
#4093=ORIENTED_EDGE('',*,*,#6285,.T.);
#4094=ORIENTED_EDGE('',*,*,#6418,.F.);
#4095=ORIENTED_EDGE('',*,*,#6268,.F.);
#4096=ORIENTED_EDGE('',*,*,#6447,.F.);
#4097=ORIENTED_EDGE('',*,*,#6273,.T.);
#4098=ORIENTED_EDGE('',*,*,#6420,.F.);
#4099=ORIENTED_EDGE('',*,*,#6256,.F.);
#4100=ORIENTED_EDGE('',*,*,#6449,.F.);
#4101=ORIENTED_EDGE('',*,*,#6261,.T.);
#4102=ORIENTED_EDGE('',*,*,#6422,.F.);
#4103=ORIENTED_EDGE('',*,*,#6244,.F.);
#4104=ORIENTED_EDGE('',*,*,#6451,.F.);
#4105=ORIENTED_EDGE('',*,*,#6249,.T.);
#4106=ORIENTED_EDGE('',*,*,#6424,.F.);
#4107=ORIENTED_EDGE('',*,*,#6232,.F.);
#4108=ORIENTED_EDGE('',*,*,#6453,.F.);
#4109=ORIENTED_EDGE('',*,*,#6237,.T.);
#4110=ORIENTED_EDGE('',*,*,#6426,.F.);
#4111=ORIENTED_EDGE('',*,*,#6220,.F.);
#4112=ORIENTED_EDGE('',*,*,#6455,.F.);
#4113=ORIENTED_EDGE('',*,*,#6225,.T.);
#4114=ORIENTED_EDGE('',*,*,#6428,.F.);
#4115=ORIENTED_EDGE('',*,*,#6214,.F.);
#4116=ORIENTED_EDGE('',*,*,#6457,.F.);
#4117=ORIENTED_EDGE('',*,*,#6579,.T.);
#4118=ORIENTED_EDGE('',*,*,#6394,.F.);
#4119=ORIENTED_EDGE('',*,*,#6581,.F.);
#4120=ORIENTED_EDGE('',*,*,#6396,.T.);
#4121=ORIENTED_EDGE('',*,*,#6580,.T.);
#4122=ORIENTED_EDGE('',*,*,#6398,.F.);
#4123=ORIENTED_EDGE('',*,*,#6582,.F.);
#4124=ORIENTED_EDGE('',*,*,#6392,.T.);
#4125=ORIENTED_EDGE('',*,*,#6397,.T.);
#4126=ORIENTED_EDGE('',*,*,#6581,.T.);
#4127=ORIENTED_EDGE('',*,*,#6393,.T.);
#4128=ORIENTED_EDGE('',*,*,#6582,.T.);
#4129=ORIENTED_EDGE('',*,*,#5221,.T.);
#4130=ORIENTED_EDGE('',*,*,#5311,.T.);
#4131=ORIENTED_EDGE('',*,*,#5356,.T.);
#4132=ORIENTED_EDGE('',*,*,#6385,.F.);
#4133=ORIENTED_EDGE('',*,*,#5227,.T.);
#4134=ORIENTED_EDGE('',*,*,#5314,.T.);
#4135=ORIENTED_EDGE('',*,*,#5361,.T.);
#4136=ORIENTED_EDGE('',*,*,#6384,.F.);
#4137=ORIENTED_EDGE('',*,*,#5225,.T.);
#4138=ORIENTED_EDGE('',*,*,#6373,.T.);
#4139=ORIENTED_EDGE('',*,*,#5357,.T.);
#4140=ORIENTED_EDGE('',*,*,#5312,.T.);
#4141=ORIENTED_EDGE('',*,*,#5233,.T.);
#4142=ORIENTED_EDGE('',*,*,#5317,.T.);
#4143=ORIENTED_EDGE('',*,*,#5366,.T.);
#4144=ORIENTED_EDGE('',*,*,#6372,.F.);
#4145=ORIENTED_EDGE('',*,*,#5231,.T.);
#4146=ORIENTED_EDGE('',*,*,#6361,.T.);
#4147=ORIENTED_EDGE('',*,*,#5362,.T.);
#4148=ORIENTED_EDGE('',*,*,#5315,.T.);
#4149=ORIENTED_EDGE('',*,*,#5239,.T.);
#4150=ORIENTED_EDGE('',*,*,#5320,.T.);
#4151=ORIENTED_EDGE('',*,*,#5371,.T.);
#4152=ORIENTED_EDGE('',*,*,#6360,.F.);
#4153=ORIENTED_EDGE('',*,*,#5237,.T.);
#4154=ORIENTED_EDGE('',*,*,#6349,.T.);
#4155=ORIENTED_EDGE('',*,*,#5367,.T.);
#4156=ORIENTED_EDGE('',*,*,#5318,.T.);
#4157=ORIENTED_EDGE('',*,*,#5245,.T.);
#4158=ORIENTED_EDGE('',*,*,#5323,.T.);
#4159=ORIENTED_EDGE('',*,*,#5376,.T.);
#4160=ORIENTED_EDGE('',*,*,#6348,.F.);
#4161=ORIENTED_EDGE('',*,*,#5243,.T.);
#4162=ORIENTED_EDGE('',*,*,#6337,.T.);
#4163=ORIENTED_EDGE('',*,*,#5372,.T.);
#4164=ORIENTED_EDGE('',*,*,#5321,.T.);
#4165=ORIENTED_EDGE('',*,*,#5251,.T.);
#4166=ORIENTED_EDGE('',*,*,#5326,.T.);
#4167=ORIENTED_EDGE('',*,*,#5381,.T.);
#4168=ORIENTED_EDGE('',*,*,#6336,.F.);
#4169=ORIENTED_EDGE('',*,*,#5249,.T.);
#4170=ORIENTED_EDGE('',*,*,#6325,.T.);
#4171=ORIENTED_EDGE('',*,*,#5377,.T.);
#4172=ORIENTED_EDGE('',*,*,#5324,.T.);
#4173=ORIENTED_EDGE('',*,*,#5257,.T.);
#4174=ORIENTED_EDGE('',*,*,#5329,.T.);
#4175=ORIENTED_EDGE('',*,*,#5386,.T.);
#4176=ORIENTED_EDGE('',*,*,#6324,.F.);
#4177=ORIENTED_EDGE('',*,*,#5255,.T.);
#4178=ORIENTED_EDGE('',*,*,#6313,.T.);
#4179=ORIENTED_EDGE('',*,*,#5382,.T.);
#4180=ORIENTED_EDGE('',*,*,#5327,.T.);
#4181=ORIENTED_EDGE('',*,*,#5263,.T.);
#4182=ORIENTED_EDGE('',*,*,#5332,.T.);
#4183=ORIENTED_EDGE('',*,*,#5391,.T.);
#4184=ORIENTED_EDGE('',*,*,#6312,.F.);
#4185=ORIENTED_EDGE('',*,*,#5261,.T.);
#4186=ORIENTED_EDGE('',*,*,#6301,.T.);
#4187=ORIENTED_EDGE('',*,*,#5387,.T.);
#4188=ORIENTED_EDGE('',*,*,#5330,.T.);
#4189=ORIENTED_EDGE('',*,*,#5269,.T.);
#4190=ORIENTED_EDGE('',*,*,#5335,.T.);
#4191=ORIENTED_EDGE('',*,*,#5396,.T.);
#4192=ORIENTED_EDGE('',*,*,#6300,.F.);
#4193=ORIENTED_EDGE('',*,*,#5267,.T.);
#4194=ORIENTED_EDGE('',*,*,#6289,.T.);
#4195=ORIENTED_EDGE('',*,*,#5392,.T.);
#4196=ORIENTED_EDGE('',*,*,#5333,.T.);
#4197=ORIENTED_EDGE('',*,*,#5275,.T.);
#4198=ORIENTED_EDGE('',*,*,#5338,.T.);
#4199=ORIENTED_EDGE('',*,*,#5401,.T.);
#4200=ORIENTED_EDGE('',*,*,#6288,.F.);
#4201=ORIENTED_EDGE('',*,*,#5273,.T.);
#4202=ORIENTED_EDGE('',*,*,#6277,.T.);
#4203=ORIENTED_EDGE('',*,*,#5397,.T.);
#4204=ORIENTED_EDGE('',*,*,#5336,.T.);
#4205=ORIENTED_EDGE('',*,*,#5281,.T.);
#4206=ORIENTED_EDGE('',*,*,#5341,.T.);
#4207=ORIENTED_EDGE('',*,*,#5406,.T.);
#4208=ORIENTED_EDGE('',*,*,#6276,.F.);
#4209=ORIENTED_EDGE('',*,*,#5279,.T.);
#4210=ORIENTED_EDGE('',*,*,#6265,.T.);
#4211=ORIENTED_EDGE('',*,*,#5402,.T.);
#4212=ORIENTED_EDGE('',*,*,#5339,.T.);
#4213=ORIENTED_EDGE('',*,*,#5287,.T.);
#4214=ORIENTED_EDGE('',*,*,#5344,.T.);
#4215=ORIENTED_EDGE('',*,*,#5411,.T.);
#4216=ORIENTED_EDGE('',*,*,#6264,.F.);
#4217=ORIENTED_EDGE('',*,*,#5285,.T.);
#4218=ORIENTED_EDGE('',*,*,#6253,.T.);
#4219=ORIENTED_EDGE('',*,*,#5407,.T.);
#4220=ORIENTED_EDGE('',*,*,#5342,.T.);
#4221=ORIENTED_EDGE('',*,*,#5293,.T.);
#4222=ORIENTED_EDGE('',*,*,#5347,.T.);
#4223=ORIENTED_EDGE('',*,*,#5416,.T.);
#4224=ORIENTED_EDGE('',*,*,#6252,.F.);
#4225=ORIENTED_EDGE('',*,*,#5291,.T.);
#4226=ORIENTED_EDGE('',*,*,#6241,.T.);
#4227=ORIENTED_EDGE('',*,*,#5412,.T.);
#4228=ORIENTED_EDGE('',*,*,#5345,.T.);
#4229=ORIENTED_EDGE('',*,*,#5299,.T.);
#4230=ORIENTED_EDGE('',*,*,#5350,.T.);
#4231=ORIENTED_EDGE('',*,*,#5421,.T.);
#4232=ORIENTED_EDGE('',*,*,#6240,.F.);
#4233=ORIENTED_EDGE('',*,*,#5297,.T.);
#4234=ORIENTED_EDGE('',*,*,#6229,.T.);
#4235=ORIENTED_EDGE('',*,*,#5417,.T.);
#4236=ORIENTED_EDGE('',*,*,#5348,.T.);
#4237=ORIENTED_EDGE('',*,*,#5305,.T.);
#4238=ORIENTED_EDGE('',*,*,#5353,.T.);
#4239=ORIENTED_EDGE('',*,*,#5426,.T.);
#4240=ORIENTED_EDGE('',*,*,#6228,.F.);
#4241=ORIENTED_EDGE('',*,*,#5303,.T.);
#4242=ORIENTED_EDGE('',*,*,#6217,.T.);
#4243=ORIENTED_EDGE('',*,*,#5422,.T.);
#4244=ORIENTED_EDGE('',*,*,#5351,.T.);
#4245=ORIENTED_EDGE('',*,*,#5309,.T.);
#4246=ORIENTED_EDGE('',*,*,#6211,.T.);
#4247=ORIENTED_EDGE('',*,*,#5427,.T.);
#4248=ORIENTED_EDGE('',*,*,#5354,.T.);
#4249=ORIENTED_EDGE('',*,*,#5431,.T.);
#4250=ORIENTED_EDGE('',*,*,#5521,.T.);
#4251=ORIENTED_EDGE('',*,*,#5566,.T.);
#4252=ORIENTED_EDGE('',*,*,#6205,.F.);
#4253=ORIENTED_EDGE('',*,*,#5437,.T.);
#4254=ORIENTED_EDGE('',*,*,#5524,.T.);
#4255=ORIENTED_EDGE('',*,*,#5571,.T.);
#4256=ORIENTED_EDGE('',*,*,#6204,.F.);
#4257=ORIENTED_EDGE('',*,*,#5435,.T.);
#4258=ORIENTED_EDGE('',*,*,#6193,.T.);
#4259=ORIENTED_EDGE('',*,*,#5567,.T.);
#4260=ORIENTED_EDGE('',*,*,#5522,.T.);
#4261=ORIENTED_EDGE('',*,*,#5443,.T.);
#4262=ORIENTED_EDGE('',*,*,#5527,.T.);
#4263=ORIENTED_EDGE('',*,*,#5576,.T.);
#4264=ORIENTED_EDGE('',*,*,#6192,.F.);
#4265=ORIENTED_EDGE('',*,*,#5441,.T.);
#4266=ORIENTED_EDGE('',*,*,#6181,.T.);
#4267=ORIENTED_EDGE('',*,*,#5572,.T.);
#4268=ORIENTED_EDGE('',*,*,#5525,.T.);
#4269=ORIENTED_EDGE('',*,*,#5449,.T.);
#4270=ORIENTED_EDGE('',*,*,#5530,.T.);
#4271=ORIENTED_EDGE('',*,*,#5581,.T.);
#4272=ORIENTED_EDGE('',*,*,#6180,.F.);
#4273=ORIENTED_EDGE('',*,*,#5447,.T.);
#4274=ORIENTED_EDGE('',*,*,#6169,.T.);
#4275=ORIENTED_EDGE('',*,*,#5577,.T.);
#4276=ORIENTED_EDGE('',*,*,#5528,.T.);
#4277=ORIENTED_EDGE('',*,*,#5455,.T.);
#4278=ORIENTED_EDGE('',*,*,#5533,.T.);
#4279=ORIENTED_EDGE('',*,*,#5586,.T.);
#4280=ORIENTED_EDGE('',*,*,#6168,.F.);
#4281=ORIENTED_EDGE('',*,*,#5453,.T.);
#4282=ORIENTED_EDGE('',*,*,#6157,.T.);
#4283=ORIENTED_EDGE('',*,*,#5582,.T.);
#4284=ORIENTED_EDGE('',*,*,#5531,.T.);
#4285=ORIENTED_EDGE('',*,*,#5461,.T.);
#4286=ORIENTED_EDGE('',*,*,#5536,.T.);
#4287=ORIENTED_EDGE('',*,*,#5591,.T.);
#4288=ORIENTED_EDGE('',*,*,#6156,.F.);
#4289=ORIENTED_EDGE('',*,*,#5459,.T.);
#4290=ORIENTED_EDGE('',*,*,#6145,.T.);
#4291=ORIENTED_EDGE('',*,*,#5587,.T.);
#4292=ORIENTED_EDGE('',*,*,#5534,.T.);
#4293=ORIENTED_EDGE('',*,*,#5467,.T.);
#4294=ORIENTED_EDGE('',*,*,#5539,.T.);
#4295=ORIENTED_EDGE('',*,*,#5596,.T.);
#4296=ORIENTED_EDGE('',*,*,#6144,.F.);
#4297=ORIENTED_EDGE('',*,*,#5465,.T.);
#4298=ORIENTED_EDGE('',*,*,#6133,.T.);
#4299=ORIENTED_EDGE('',*,*,#5592,.T.);
#4300=ORIENTED_EDGE('',*,*,#5537,.T.);
#4301=ORIENTED_EDGE('',*,*,#5473,.T.);
#4302=ORIENTED_EDGE('',*,*,#5542,.T.);
#4303=ORIENTED_EDGE('',*,*,#5601,.T.);
#4304=ORIENTED_EDGE('',*,*,#6132,.F.);
#4305=ORIENTED_EDGE('',*,*,#5471,.T.);
#4306=ORIENTED_EDGE('',*,*,#6121,.T.);
#4307=ORIENTED_EDGE('',*,*,#5597,.T.);
#4308=ORIENTED_EDGE('',*,*,#5540,.T.);
#4309=ORIENTED_EDGE('',*,*,#5479,.T.);
#4310=ORIENTED_EDGE('',*,*,#5545,.T.);
#4311=ORIENTED_EDGE('',*,*,#5606,.T.);
#4312=ORIENTED_EDGE('',*,*,#6120,.F.);
#4313=ORIENTED_EDGE('',*,*,#5477,.T.);
#4314=ORIENTED_EDGE('',*,*,#6109,.T.);
#4315=ORIENTED_EDGE('',*,*,#5602,.T.);
#4316=ORIENTED_EDGE('',*,*,#5543,.T.);
#4317=ORIENTED_EDGE('',*,*,#5485,.T.);
#4318=ORIENTED_EDGE('',*,*,#5548,.T.);
#4319=ORIENTED_EDGE('',*,*,#5611,.T.);
#4320=ORIENTED_EDGE('',*,*,#6108,.F.);
#4321=ORIENTED_EDGE('',*,*,#5483,.T.);
#4322=ORIENTED_EDGE('',*,*,#6097,.T.);
#4323=ORIENTED_EDGE('',*,*,#5607,.T.);
#4324=ORIENTED_EDGE('',*,*,#5546,.T.);
#4325=ORIENTED_EDGE('',*,*,#5491,.T.);
#4326=ORIENTED_EDGE('',*,*,#5551,.T.);
#4327=ORIENTED_EDGE('',*,*,#5616,.T.);
#4328=ORIENTED_EDGE('',*,*,#6096,.F.);
#4329=ORIENTED_EDGE('',*,*,#5489,.T.);
#4330=ORIENTED_EDGE('',*,*,#6085,.T.);
#4331=ORIENTED_EDGE('',*,*,#5612,.T.);
#4332=ORIENTED_EDGE('',*,*,#5549,.T.);
#4333=ORIENTED_EDGE('',*,*,#5497,.T.);
#4334=ORIENTED_EDGE('',*,*,#5554,.T.);
#4335=ORIENTED_EDGE('',*,*,#5621,.T.);
#4336=ORIENTED_EDGE('',*,*,#6084,.F.);
#4337=ORIENTED_EDGE('',*,*,#5495,.T.);
#4338=ORIENTED_EDGE('',*,*,#6073,.T.);
#4339=ORIENTED_EDGE('',*,*,#5617,.T.);
#4340=ORIENTED_EDGE('',*,*,#5552,.T.);
#4341=ORIENTED_EDGE('',*,*,#5503,.T.);
#4342=ORIENTED_EDGE('',*,*,#5557,.T.);
#4343=ORIENTED_EDGE('',*,*,#5626,.T.);
#4344=ORIENTED_EDGE('',*,*,#6072,.F.);
#4345=ORIENTED_EDGE('',*,*,#5501,.T.);
#4346=ORIENTED_EDGE('',*,*,#6061,.T.);
#4347=ORIENTED_EDGE('',*,*,#5622,.T.);
#4348=ORIENTED_EDGE('',*,*,#5555,.T.);
#4349=ORIENTED_EDGE('',*,*,#5509,.T.);
#4350=ORIENTED_EDGE('',*,*,#5560,.T.);
#4351=ORIENTED_EDGE('',*,*,#5631,.T.);
#4352=ORIENTED_EDGE('',*,*,#6060,.F.);
#4353=ORIENTED_EDGE('',*,*,#5507,.T.);
#4354=ORIENTED_EDGE('',*,*,#6049,.T.);
#4355=ORIENTED_EDGE('',*,*,#5627,.T.);
#4356=ORIENTED_EDGE('',*,*,#5558,.T.);
#4357=ORIENTED_EDGE('',*,*,#5515,.T.);
#4358=ORIENTED_EDGE('',*,*,#5563,.T.);
#4359=ORIENTED_EDGE('',*,*,#5636,.T.);
#4360=ORIENTED_EDGE('',*,*,#6048,.F.);
#4361=ORIENTED_EDGE('',*,*,#5513,.T.);
#4362=ORIENTED_EDGE('',*,*,#6037,.T.);
#4363=ORIENTED_EDGE('',*,*,#5632,.T.);
#4364=ORIENTED_EDGE('',*,*,#5561,.T.);
#4365=ORIENTED_EDGE('',*,*,#5519,.T.);
#4366=ORIENTED_EDGE('',*,*,#6031,.T.);
#4367=ORIENTED_EDGE('',*,*,#5637,.T.);
#4368=ORIENTED_EDGE('',*,*,#5564,.T.);
#4369=ORIENTED_EDGE('',*,*,#5641,.T.);
#4370=ORIENTED_EDGE('',*,*,#5731,.T.);
#4371=ORIENTED_EDGE('',*,*,#5776,.T.);
#4372=ORIENTED_EDGE('',*,*,#6025,.F.);
#4373=ORIENTED_EDGE('',*,*,#5647,.T.);
#4374=ORIENTED_EDGE('',*,*,#5734,.T.);
#4375=ORIENTED_EDGE('',*,*,#5781,.T.);
#4376=ORIENTED_EDGE('',*,*,#6024,.F.);
#4377=ORIENTED_EDGE('',*,*,#5645,.T.);
#4378=ORIENTED_EDGE('',*,*,#6013,.T.);
#4379=ORIENTED_EDGE('',*,*,#5777,.T.);
#4380=ORIENTED_EDGE('',*,*,#5732,.T.);
#4381=ORIENTED_EDGE('',*,*,#5653,.T.);
#4382=ORIENTED_EDGE('',*,*,#5737,.T.);
#4383=ORIENTED_EDGE('',*,*,#5786,.T.);
#4384=ORIENTED_EDGE('',*,*,#6012,.F.);
#4385=ORIENTED_EDGE('',*,*,#5651,.T.);
#4386=ORIENTED_EDGE('',*,*,#6001,.T.);
#4387=ORIENTED_EDGE('',*,*,#5782,.T.);
#4388=ORIENTED_EDGE('',*,*,#5735,.T.);
#4389=ORIENTED_EDGE('',*,*,#5659,.T.);
#4390=ORIENTED_EDGE('',*,*,#5740,.T.);
#4391=ORIENTED_EDGE('',*,*,#5791,.T.);
#4392=ORIENTED_EDGE('',*,*,#6000,.F.);
#4393=ORIENTED_EDGE('',*,*,#5657,.T.);
#4394=ORIENTED_EDGE('',*,*,#5989,.T.);
#4395=ORIENTED_EDGE('',*,*,#5787,.T.);
#4396=ORIENTED_EDGE('',*,*,#5738,.T.);
#4397=ORIENTED_EDGE('',*,*,#5665,.T.);
#4398=ORIENTED_EDGE('',*,*,#5743,.T.);
#4399=ORIENTED_EDGE('',*,*,#5796,.T.);
#4400=ORIENTED_EDGE('',*,*,#5988,.F.);
#4401=ORIENTED_EDGE('',*,*,#5663,.T.);
#4402=ORIENTED_EDGE('',*,*,#5977,.T.);
#4403=ORIENTED_EDGE('',*,*,#5792,.T.);
#4404=ORIENTED_EDGE('',*,*,#5741,.T.);
#4405=ORIENTED_EDGE('',*,*,#5671,.T.);
#4406=ORIENTED_EDGE('',*,*,#5746,.T.);
#4407=ORIENTED_EDGE('',*,*,#5801,.T.);
#4408=ORIENTED_EDGE('',*,*,#5976,.F.);
#4409=ORIENTED_EDGE('',*,*,#5669,.T.);
#4410=ORIENTED_EDGE('',*,*,#5965,.T.);
#4411=ORIENTED_EDGE('',*,*,#5797,.T.);
#4412=ORIENTED_EDGE('',*,*,#5744,.T.);
#4413=ORIENTED_EDGE('',*,*,#5677,.T.);
#4414=ORIENTED_EDGE('',*,*,#5749,.T.);
#4415=ORIENTED_EDGE('',*,*,#5806,.T.);
#4416=ORIENTED_EDGE('',*,*,#5964,.F.);
#4417=ORIENTED_EDGE('',*,*,#5675,.T.);
#4418=ORIENTED_EDGE('',*,*,#5953,.T.);
#4419=ORIENTED_EDGE('',*,*,#5802,.T.);
#4420=ORIENTED_EDGE('',*,*,#5747,.T.);
#4421=ORIENTED_EDGE('',*,*,#5683,.T.);
#4422=ORIENTED_EDGE('',*,*,#5752,.T.);
#4423=ORIENTED_EDGE('',*,*,#5811,.T.);
#4424=ORIENTED_EDGE('',*,*,#5952,.F.);
#4425=ORIENTED_EDGE('',*,*,#5681,.T.);
#4426=ORIENTED_EDGE('',*,*,#5941,.T.);
#4427=ORIENTED_EDGE('',*,*,#5807,.T.);
#4428=ORIENTED_EDGE('',*,*,#5750,.T.);
#4429=ORIENTED_EDGE('',*,*,#5689,.T.);
#4430=ORIENTED_EDGE('',*,*,#5755,.T.);
#4431=ORIENTED_EDGE('',*,*,#5816,.T.);
#4432=ORIENTED_EDGE('',*,*,#5940,.F.);
#4433=ORIENTED_EDGE('',*,*,#5687,.T.);
#4434=ORIENTED_EDGE('',*,*,#5929,.T.);
#4435=ORIENTED_EDGE('',*,*,#5812,.T.);
#4436=ORIENTED_EDGE('',*,*,#5753,.T.);
#4437=ORIENTED_EDGE('',*,*,#5695,.T.);
#4438=ORIENTED_EDGE('',*,*,#5758,.T.);
#4439=ORIENTED_EDGE('',*,*,#5821,.T.);
#4440=ORIENTED_EDGE('',*,*,#5928,.F.);
#4441=ORIENTED_EDGE('',*,*,#5693,.T.);
#4442=ORIENTED_EDGE('',*,*,#5917,.T.);
#4443=ORIENTED_EDGE('',*,*,#5817,.T.);
#4444=ORIENTED_EDGE('',*,*,#5756,.T.);
#4445=ORIENTED_EDGE('',*,*,#5701,.T.);
#4446=ORIENTED_EDGE('',*,*,#5761,.T.);
#4447=ORIENTED_EDGE('',*,*,#5826,.T.);
#4448=ORIENTED_EDGE('',*,*,#5916,.F.);
#4449=ORIENTED_EDGE('',*,*,#5699,.T.);
#4450=ORIENTED_EDGE('',*,*,#5905,.T.);
#4451=ORIENTED_EDGE('',*,*,#5822,.T.);
#4452=ORIENTED_EDGE('',*,*,#5759,.T.);
#4453=ORIENTED_EDGE('',*,*,#5707,.T.);
#4454=ORIENTED_EDGE('',*,*,#5764,.T.);
#4455=ORIENTED_EDGE('',*,*,#5831,.T.);
#4456=ORIENTED_EDGE('',*,*,#5904,.F.);
#4457=ORIENTED_EDGE('',*,*,#5705,.T.);
#4458=ORIENTED_EDGE('',*,*,#5893,.T.);
#4459=ORIENTED_EDGE('',*,*,#5827,.T.);
#4460=ORIENTED_EDGE('',*,*,#5762,.T.);
#4461=ORIENTED_EDGE('',*,*,#5713,.T.);
#4462=ORIENTED_EDGE('',*,*,#5767,.T.);
#4463=ORIENTED_EDGE('',*,*,#5836,.T.);
#4464=ORIENTED_EDGE('',*,*,#5892,.F.);
#4465=ORIENTED_EDGE('',*,*,#5711,.T.);
#4466=ORIENTED_EDGE('',*,*,#5881,.T.);
#4467=ORIENTED_EDGE('',*,*,#5832,.T.);
#4468=ORIENTED_EDGE('',*,*,#5765,.T.);
#4469=ORIENTED_EDGE('',*,*,#5719,.T.);
#4470=ORIENTED_EDGE('',*,*,#5770,.T.);
#4471=ORIENTED_EDGE('',*,*,#5841,.T.);
#4472=ORIENTED_EDGE('',*,*,#5880,.F.);
#4473=ORIENTED_EDGE('',*,*,#5717,.T.);
#4474=ORIENTED_EDGE('',*,*,#5869,.T.);
#4475=ORIENTED_EDGE('',*,*,#5837,.T.);
#4476=ORIENTED_EDGE('',*,*,#5768,.T.);
#4477=ORIENTED_EDGE('',*,*,#5725,.T.);
#4478=ORIENTED_EDGE('',*,*,#5773,.T.);
#4479=ORIENTED_EDGE('',*,*,#5846,.T.);
#4480=ORIENTED_EDGE('',*,*,#5868,.F.);
#4481=ORIENTED_EDGE('',*,*,#5723,.T.);
#4482=ORIENTED_EDGE('',*,*,#5857,.T.);
#4483=ORIENTED_EDGE('',*,*,#5842,.T.);
#4484=ORIENTED_EDGE('',*,*,#5771,.T.);
#4485=ORIENTED_EDGE('',*,*,#5729,.T.);
#4486=ORIENTED_EDGE('',*,*,#5851,.T.);
#4487=ORIENTED_EDGE('',*,*,#5847,.T.);
#4488=ORIENTED_EDGE('',*,*,#5774,.T.);
#4489=EDGE_CURVE('',#6583,#6584,#7979,.T.);
#4490=EDGE_CURVE('',#6585,#6583,#7980,.T.);
#4491=EDGE_CURVE('',#6586,#6585,#7981,.T.);
#4492=EDGE_CURVE('',#6586,#6587,#7982,.T.);
#4493=EDGE_CURVE('',#6588,#6587,#7983,.T.);
#4494=EDGE_CURVE('',#6589,#6588,#7984,.T.);
#4495=EDGE_CURVE('',#6590,#6589,#7985,.T.);
#4496=EDGE_CURVE('',#6590,#6591,#7986,.T.);
#4497=EDGE_CURVE('',#6592,#6591,#7987,.T.);
#4498=EDGE_CURVE('',#6593,#6592,#7988,.T.);
#4499=EDGE_CURVE('',#6594,#6593,#7989,.T.);
#4500=EDGE_CURVE('',#6594,#6595,#7990,.T.);
#4501=EDGE_CURVE('',#6596,#6595,#7991,.T.);
#4502=EDGE_CURVE('',#6597,#6596,#7992,.T.);
#4503=EDGE_CURVE('',#6598,#6597,#7993,.T.);
#4504=EDGE_CURVE('',#6598,#6599,#7994,.T.);
#4505=EDGE_CURVE('',#6600,#6599,#7995,.T.);
#4506=EDGE_CURVE('',#6601,#6600,#7996,.T.);
#4507=EDGE_CURVE('',#6602,#6601,#7997,.T.);
#4508=EDGE_CURVE('',#6602,#6603,#7998,.T.);
#4509=EDGE_CURVE('',#6604,#6603,#7999,.T.);
#4510=EDGE_CURVE('',#6605,#6604,#8000,.T.);
#4511=EDGE_CURVE('',#6606,#6605,#8001,.T.);
#4512=EDGE_CURVE('',#6606,#6607,#8002,.T.);
#4513=EDGE_CURVE('',#6608,#6607,#8003,.T.);
#4514=EDGE_CURVE('',#6609,#6608,#8004,.T.);
#4515=EDGE_CURVE('',#6610,#6609,#8005,.T.);
#4516=EDGE_CURVE('',#6610,#6611,#8006,.T.);
#4517=EDGE_CURVE('',#6612,#6611,#8007,.T.);
#4518=EDGE_CURVE('',#6613,#6612,#8008,.T.);
#4519=EDGE_CURVE('',#6614,#6613,#8009,.T.);
#4520=EDGE_CURVE('',#6614,#6615,#8010,.T.);
#4521=EDGE_CURVE('',#6616,#6615,#8011,.T.);
#4522=EDGE_CURVE('',#6617,#6616,#8012,.T.);
#4523=EDGE_CURVE('',#6618,#6617,#8013,.T.);
#4524=EDGE_CURVE('',#6618,#6619,#8014,.T.);
#4525=EDGE_CURVE('',#6620,#6619,#8015,.T.);
#4526=EDGE_CURVE('',#6621,#6620,#8016,.T.);
#4527=EDGE_CURVE('',#6622,#6621,#8017,.T.);
#4528=EDGE_CURVE('',#6622,#6623,#8018,.T.);
#4529=EDGE_CURVE('',#6624,#6623,#8019,.T.);
#4530=EDGE_CURVE('',#6625,#6624,#8020,.T.);
#4531=EDGE_CURVE('',#6626,#6625,#8021,.T.);
#4532=EDGE_CURVE('',#6626,#6627,#8022,.T.);
#4533=EDGE_CURVE('',#6628,#6627,#8023,.T.);
#4534=EDGE_CURVE('',#6629,#6628,#8024,.T.);
#4535=EDGE_CURVE('',#6630,#6629,#8025,.T.);
#4536=EDGE_CURVE('',#6630,#6631,#8026,.T.);
#4537=EDGE_CURVE('',#6632,#6631,#8027,.T.);
#4538=EDGE_CURVE('',#6633,#6632,#8028,.T.);
#4539=EDGE_CURVE('',#6634,#6633,#8029,.T.);
#4540=EDGE_CURVE('',#6634,#6635,#8030,.T.);
#4541=EDGE_CURVE('',#6636,#6635,#8031,.T.);
#4542=EDGE_CURVE('',#6637,#6636,#8032,.T.);
#4543=EDGE_CURVE('',#6638,#6637,#8033,.T.);
#4544=EDGE_CURVE('',#6638,#6639,#8034,.T.);
#4545=EDGE_CURVE('',#6640,#6639,#8035,.T.);
#4546=EDGE_CURVE('',#6641,#6640,#8036,.T.);
#4547=EDGE_CURVE('',#6642,#6641,#8037,.T.);
#4548=EDGE_CURVE('',#6642,#6643,#8038,.T.);
#4549=EDGE_CURVE('',#6644,#6643,#8039,.T.);
#4550=EDGE_CURVE('',#6645,#6644,#8040,.T.);
#4551=EDGE_CURVE('',#6645,#6646,#8041,.T.);
#4552=EDGE_CURVE('',#6646,#6584,#8042,.T.);
#4553=EDGE_CURVE('',#6647,#6648,#8043,.T.);
#4554=EDGE_CURVE('',#6647,#6649,#8044,.T.);
#4555=EDGE_CURVE('',#6650,#6649,#8045,.T.);
#4556=EDGE_CURVE('',#6651,#6650,#8046,.T.);
#4557=EDGE_CURVE('',#6651,#6652,#8047,.T.);
#4558=EDGE_CURVE('',#6652,#6653,#8048,.T.);
#4559=EDGE_CURVE('',#6654,#6653,#8049,.T.);
#4560=EDGE_CURVE('',#6655,#6654,#8050,.T.);
#4561=EDGE_CURVE('',#6656,#6655,#8051,.T.);
#4562=EDGE_CURVE('',#6656,#6657,#8052,.T.);
#4563=EDGE_CURVE('',#6658,#6657,#8053,.T.);
#4564=EDGE_CURVE('',#6659,#6658,#8054,.T.);
#4565=EDGE_CURVE('',#6660,#6659,#8055,.T.);
#4566=EDGE_CURVE('',#6660,#6661,#8056,.T.);
#4567=EDGE_CURVE('',#6662,#6661,#8057,.T.);
#4568=EDGE_CURVE('',#6663,#6662,#8058,.T.);
#4569=EDGE_CURVE('',#6664,#6663,#8059,.T.);
#4570=EDGE_CURVE('',#6664,#6665,#8060,.T.);
#4571=EDGE_CURVE('',#6666,#6665,#8061,.T.);
#4572=EDGE_CURVE('',#6667,#6666,#8062,.T.);
#4573=EDGE_CURVE('',#6668,#6667,#8063,.T.);
#4574=EDGE_CURVE('',#6668,#6669,#8064,.T.);
#4575=EDGE_CURVE('',#6670,#6669,#8065,.T.);
#4576=EDGE_CURVE('',#6671,#6670,#8066,.T.);
#4577=EDGE_CURVE('',#6672,#6671,#8067,.T.);
#4578=EDGE_CURVE('',#6672,#6673,#8068,.T.);
#4579=EDGE_CURVE('',#6674,#6673,#8069,.T.);
#4580=EDGE_CURVE('',#6675,#6674,#8070,.T.);
#4581=EDGE_CURVE('',#6676,#6675,#8071,.T.);
#4582=EDGE_CURVE('',#6676,#6677,#8072,.T.);
#4583=EDGE_CURVE('',#6678,#6677,#8073,.T.);
#4584=EDGE_CURVE('',#6679,#6678,#8074,.T.);
#4585=EDGE_CURVE('',#6680,#6679,#8075,.T.);
#4586=EDGE_CURVE('',#6680,#6681,#8076,.T.);
#4587=EDGE_CURVE('',#6682,#6681,#8077,.T.);
#4588=EDGE_CURVE('',#6683,#6682,#8078,.T.);
#4589=EDGE_CURVE('',#6684,#6683,#8079,.T.);
#4590=EDGE_CURVE('',#6684,#6685,#8080,.T.);
#4591=EDGE_CURVE('',#6686,#6685,#8081,.T.);
#4592=EDGE_CURVE('',#6687,#6686,#8082,.T.);
#4593=EDGE_CURVE('',#6688,#6687,#8083,.T.);
#4594=EDGE_CURVE('',#6688,#6689,#8084,.T.);
#4595=EDGE_CURVE('',#6690,#6689,#8085,.T.);
#4596=EDGE_CURVE('',#6691,#6690,#8086,.T.);
#4597=EDGE_CURVE('',#6692,#6691,#8087,.T.);
#4598=EDGE_CURVE('',#6692,#6693,#8088,.T.);
#4599=EDGE_CURVE('',#6694,#6693,#8089,.T.);
#4600=EDGE_CURVE('',#6695,#6694,#8090,.T.);
#4601=EDGE_CURVE('',#6696,#6695,#8091,.T.);
#4602=EDGE_CURVE('',#6696,#6697,#8092,.T.);
#4603=EDGE_CURVE('',#6698,#6697,#8093,.T.);
#4604=EDGE_CURVE('',#6699,#6698,#8094,.T.);
#4605=EDGE_CURVE('',#6700,#6699,#8095,.T.);
#4606=EDGE_CURVE('',#6700,#6701,#8096,.T.);
#4607=EDGE_CURVE('',#6702,#6701,#8097,.T.);
#4608=EDGE_CURVE('',#6703,#6702,#8098,.T.);
#4609=EDGE_CURVE('',#6704,#6703,#8099,.T.);
#4610=EDGE_CURVE('',#6704,#6705,#8100,.T.);
#4611=EDGE_CURVE('',#6706,#6705,#8101,.T.);
#4612=EDGE_CURVE('',#6707,#6706,#8102,.T.);
#4613=EDGE_CURVE('',#6708,#6707,#8103,.T.);
#4614=EDGE_CURVE('',#6708,#6709,#8104,.T.);
#4615=EDGE_CURVE('',#6710,#6709,#8105,.T.);
#4616=EDGE_CURVE('',#6648,#6710,#8106,.T.);
#4617=EDGE_CURVE('',#6711,#6712,#8107,.T.);
#4618=EDGE_CURVE('',#6712,#6713,#8108,.T.);
#4619=EDGE_CURVE('',#6714,#6713,#8109,.T.);
#4620=EDGE_CURVE('',#6714,#6711,#8110,.T.);
#4621=EDGE_CURVE('',#6713,#6715,#8111,.T.);
#4622=EDGE_CURVE('',#6716,#6715,#8112,.T.);
#4623=EDGE_CURVE('',#6716,#6714,#8113,.T.);
#4624=EDGE_CURVE('',#6715,#6717,#8114,.T.);
#4625=EDGE_CURVE('',#6718,#6717,#8115,.T.);
#4626=EDGE_CURVE('',#6718,#6716,#8116,.T.);
#4627=EDGE_CURVE('',#6719,#6720,#8117,.T.);
#4628=EDGE_CURVE('',#6720,#6721,#8118,.T.);
#4629=EDGE_CURVE('',#6722,#6721,#8119,.T.);
#4630=EDGE_CURVE('',#6722,#6719,#8120,.T.);
#4631=EDGE_CURVE('',#6721,#6723,#8121,.T.);
#4632=EDGE_CURVE('',#6724,#6723,#8122,.T.);
#4633=EDGE_CURVE('',#6724,#6722,#8123,.T.);
#4634=EDGE_CURVE('',#6723,#6725,#8124,.T.);
#4635=EDGE_CURVE('',#6726,#6725,#8125,.T.);
#4636=EDGE_CURVE('',#6726,#6724,#8126,.T.);
#4637=EDGE_CURVE('',#6727,#6728,#8127,.T.);
#4638=EDGE_CURVE('',#6728,#6729,#8128,.T.);
#4639=EDGE_CURVE('',#6730,#6729,#8129,.T.);
#4640=EDGE_CURVE('',#6730,#6727,#8130,.T.);
#4641=EDGE_CURVE('',#6729,#6731,#8131,.T.);
#4642=EDGE_CURVE('',#6732,#6731,#8132,.T.);
#4643=EDGE_CURVE('',#6732,#6730,#8133,.T.);
#4644=EDGE_CURVE('',#6731,#6733,#8134,.T.);
#4645=EDGE_CURVE('',#6734,#6733,#8135,.T.);
#4646=EDGE_CURVE('',#6734,#6732,#8136,.T.);
#4647=EDGE_CURVE('',#6735,#6736,#8137,.T.);
#4648=EDGE_CURVE('',#6736,#6737,#8138,.T.);
#4649=EDGE_CURVE('',#6738,#6737,#8139,.T.);
#4650=EDGE_CURVE('',#6738,#6735,#8140,.T.);
#4651=EDGE_CURVE('',#6737,#6739,#8141,.T.);
#4652=EDGE_CURVE('',#6740,#6739,#8142,.T.);
#4653=EDGE_CURVE('',#6740,#6738,#8143,.T.);
#4654=EDGE_CURVE('',#6739,#6741,#8144,.T.);
#4655=EDGE_CURVE('',#6742,#6741,#8145,.T.);
#4656=EDGE_CURVE('',#6742,#6740,#8146,.T.);
#4657=EDGE_CURVE('',#6743,#6744,#8147,.T.);
#4658=EDGE_CURVE('',#6744,#6745,#8148,.T.);
#4659=EDGE_CURVE('',#6746,#6745,#8149,.T.);
#4660=EDGE_CURVE('',#6746,#6743,#8150,.T.);
#4661=EDGE_CURVE('',#6745,#6747,#8151,.T.);
#4662=EDGE_CURVE('',#6748,#6747,#8152,.T.);
#4663=EDGE_CURVE('',#6748,#6746,#8153,.T.);
#4664=EDGE_CURVE('',#6747,#6749,#8154,.T.);
#4665=EDGE_CURVE('',#6750,#6749,#8155,.T.);
#4666=EDGE_CURVE('',#6750,#6748,#8156,.T.);
#4667=EDGE_CURVE('',#6751,#6752,#8157,.T.);
#4668=EDGE_CURVE('',#6752,#6753,#8158,.T.);
#4669=EDGE_CURVE('',#6754,#6753,#8159,.T.);
#4670=EDGE_CURVE('',#6754,#6751,#8160,.T.);
#4671=EDGE_CURVE('',#6753,#6755,#8161,.T.);
#4672=EDGE_CURVE('',#6756,#6755,#8162,.T.);
#4673=EDGE_CURVE('',#6756,#6754,#8163,.T.);
#4674=EDGE_CURVE('',#6755,#6757,#8164,.T.);
#4675=EDGE_CURVE('',#6758,#6757,#8165,.T.);
#4676=EDGE_CURVE('',#6758,#6756,#8166,.T.);
#4677=EDGE_CURVE('',#6759,#6760,#8167,.T.);
#4678=EDGE_CURVE('',#6760,#6761,#8168,.T.);
#4679=EDGE_CURVE('',#6762,#6761,#8169,.T.);
#4680=EDGE_CURVE('',#6762,#6759,#8170,.T.);
#4681=EDGE_CURVE('',#6761,#6763,#8171,.T.);
#4682=EDGE_CURVE('',#6764,#6763,#8172,.T.);
#4683=EDGE_CURVE('',#6764,#6762,#8173,.T.);
#4684=EDGE_CURVE('',#6763,#6765,#8174,.T.);
#4685=EDGE_CURVE('',#6766,#6765,#8175,.T.);
#4686=EDGE_CURVE('',#6766,#6764,#8176,.T.);
#4687=EDGE_CURVE('',#6767,#6768,#8177,.T.);
#4688=EDGE_CURVE('',#6768,#6769,#8178,.T.);
#4689=EDGE_CURVE('',#6770,#6769,#8179,.T.);
#4690=EDGE_CURVE('',#6770,#6767,#8180,.T.);
#4691=EDGE_CURVE('',#6769,#6771,#8181,.T.);
#4692=EDGE_CURVE('',#6772,#6771,#8182,.T.);
#4693=EDGE_CURVE('',#6772,#6770,#8183,.T.);
#4694=EDGE_CURVE('',#6771,#6773,#8184,.T.);
#4695=EDGE_CURVE('',#6774,#6773,#8185,.T.);
#4696=EDGE_CURVE('',#6774,#6772,#8186,.T.);
#4697=EDGE_CURVE('',#6775,#6776,#8187,.T.);
#4698=EDGE_CURVE('',#6776,#6777,#8188,.T.);
#4699=EDGE_CURVE('',#6778,#6777,#8189,.T.);
#4700=EDGE_CURVE('',#6778,#6775,#8190,.T.);
#4701=EDGE_CURVE('',#6777,#6779,#8191,.T.);
#4702=EDGE_CURVE('',#6780,#6779,#8192,.T.);
#4703=EDGE_CURVE('',#6780,#6778,#8193,.T.);
#4704=EDGE_CURVE('',#6779,#6781,#8194,.T.);
#4705=EDGE_CURVE('',#6782,#6781,#8195,.T.);
#4706=EDGE_CURVE('',#6782,#6780,#8196,.T.);
#4707=EDGE_CURVE('',#6783,#6784,#8197,.T.);
#4708=EDGE_CURVE('',#6784,#6785,#8198,.T.);
#4709=EDGE_CURVE('',#6786,#6785,#8199,.T.);
#4710=EDGE_CURVE('',#6786,#6783,#8200,.T.);
#4711=EDGE_CURVE('',#6785,#6787,#8201,.T.);
#4712=EDGE_CURVE('',#6788,#6787,#8202,.T.);
#4713=EDGE_CURVE('',#6788,#6786,#8203,.T.);
#4714=EDGE_CURVE('',#6787,#6789,#8204,.T.);
#4715=EDGE_CURVE('',#6790,#6789,#8205,.T.);
#4716=EDGE_CURVE('',#6790,#6788,#8206,.T.);
#4717=EDGE_CURVE('',#6791,#6792,#8207,.T.);
#4718=EDGE_CURVE('',#6792,#6793,#8208,.T.);
#4719=EDGE_CURVE('',#6794,#6793,#8209,.T.);
#4720=EDGE_CURVE('',#6794,#6791,#8210,.T.);
#4721=EDGE_CURVE('',#6793,#6795,#8211,.T.);
#4722=EDGE_CURVE('',#6796,#6795,#8212,.T.);
#4723=EDGE_CURVE('',#6796,#6794,#8213,.T.);
#4724=EDGE_CURVE('',#6795,#6797,#8214,.T.);
#4725=EDGE_CURVE('',#6798,#6797,#8215,.T.);
#4726=EDGE_CURVE('',#6798,#6796,#8216,.T.);
#4727=EDGE_CURVE('',#6799,#6800,#8217,.T.);
#4728=EDGE_CURVE('',#6800,#6801,#8218,.T.);
#4729=EDGE_CURVE('',#6802,#6801,#8219,.T.);
#4730=EDGE_CURVE('',#6802,#6799,#8220,.T.);
#4731=EDGE_CURVE('',#6801,#6803,#8221,.T.);
#4732=EDGE_CURVE('',#6804,#6803,#8222,.T.);
#4733=EDGE_CURVE('',#6804,#6802,#8223,.T.);
#4734=EDGE_CURVE('',#6803,#6805,#8224,.T.);
#4735=EDGE_CURVE('',#6806,#6805,#8225,.T.);
#4736=EDGE_CURVE('',#6806,#6804,#8226,.T.);
#4737=EDGE_CURVE('',#6807,#6808,#8227,.T.);
#4738=EDGE_CURVE('',#6808,#6809,#8228,.T.);
#4739=EDGE_CURVE('',#6810,#6809,#8229,.T.);
#4740=EDGE_CURVE('',#6810,#6807,#8230,.T.);
#4741=EDGE_CURVE('',#6809,#6811,#8231,.T.);
#4742=EDGE_CURVE('',#6812,#6811,#8232,.T.);
#4743=EDGE_CURVE('',#6812,#6810,#8233,.T.);
#4744=EDGE_CURVE('',#6811,#6813,#8234,.T.);
#4745=EDGE_CURVE('',#6814,#6813,#8235,.T.);
#4746=EDGE_CURVE('',#6814,#6812,#8236,.T.);
#4747=EDGE_CURVE('',#6815,#6816,#8237,.T.);
#4748=EDGE_CURVE('',#6816,#6817,#8238,.T.);
#4749=EDGE_CURVE('',#6818,#6817,#8239,.T.);
#4750=EDGE_CURVE('',#6818,#6815,#8240,.T.);
#4751=EDGE_CURVE('',#6817,#6819,#8241,.T.);
#4752=EDGE_CURVE('',#6820,#6819,#8242,.T.);
#4753=EDGE_CURVE('',#6820,#6818,#8243,.T.);
#4754=EDGE_CURVE('',#6819,#6821,#8244,.T.);
#4755=EDGE_CURVE('',#6822,#6821,#8245,.T.);
#4756=EDGE_CURVE('',#6822,#6820,#8246,.T.);
#4757=EDGE_CURVE('',#6823,#6824,#8247,.T.);
#4758=EDGE_CURVE('',#6824,#6825,#8248,.T.);
#4759=EDGE_CURVE('',#6826,#6825,#8249,.T.);
#4760=EDGE_CURVE('',#6826,#6823,#8250,.T.);
#4761=EDGE_CURVE('',#6825,#6827,#8251,.T.);
#4762=EDGE_CURVE('',#6828,#6827,#8252,.T.);
#4763=EDGE_CURVE('',#6828,#6826,#8253,.T.);
#4764=EDGE_CURVE('',#6827,#6829,#8254,.T.);
#4765=EDGE_CURVE('',#6830,#6829,#8255,.T.);
#4766=EDGE_CURVE('',#6830,#6828,#8256,.T.);
#4767=EDGE_CURVE('',#6831,#6832,#8257,.T.);
#4768=EDGE_CURVE('',#6832,#6833,#8258,.T.);
#4769=EDGE_CURVE('',#6834,#6833,#8259,.T.);
#4770=EDGE_CURVE('',#6834,#6831,#8260,.T.);
#4771=EDGE_CURVE('',#6833,#6835,#8261,.T.);
#4772=EDGE_CURVE('',#6836,#6835,#8262,.T.);
#4773=EDGE_CURVE('',#6836,#6834,#8263,.T.);
#4774=EDGE_CURVE('',#6835,#6837,#8264,.T.);
#4775=EDGE_CURVE('',#6838,#6837,#8265,.T.);
#4776=EDGE_CURVE('',#6838,#6836,#8266,.T.);
#4777=EDGE_CURVE('',#6839,#6840,#8267,.T.);
#4778=EDGE_CURVE('',#6840,#6841,#8268,.T.);
#4779=EDGE_CURVE('',#6842,#6841,#8269,.T.);
#4780=EDGE_CURVE('',#6842,#6839,#8270,.T.);
#4781=EDGE_CURVE('',#6841,#6843,#8271,.T.);
#4782=EDGE_CURVE('',#6844,#6843,#8272,.T.);
#4783=EDGE_CURVE('',#6844,#6842,#8273,.T.);
#4784=EDGE_CURVE('',#6843,#6845,#8274,.T.);
#4785=EDGE_CURVE('',#6846,#6845,#8275,.T.);
#4786=EDGE_CURVE('',#6846,#6844,#8276,.T.);
#4787=EDGE_CURVE('',#6847,#6848,#8277,.T.);
#4788=EDGE_CURVE('',#6848,#6849,#8278,.T.);
#4789=EDGE_CURVE('',#6850,#6849,#8279,.T.);
#4790=EDGE_CURVE('',#6850,#6847,#8280,.T.);
#4791=EDGE_CURVE('',#6849,#6851,#8281,.T.);
#4792=EDGE_CURVE('',#6852,#6851,#8282,.T.);
#4793=EDGE_CURVE('',#6852,#6850,#8283,.T.);
#4794=EDGE_CURVE('',#6851,#6853,#8284,.T.);
#4795=EDGE_CURVE('',#6854,#6853,#8285,.T.);
#4796=EDGE_CURVE('',#6854,#6852,#8286,.T.);
#4797=EDGE_CURVE('',#6855,#6856,#8287,.T.);
#4798=EDGE_CURVE('',#6856,#6857,#8288,.T.);
#4799=EDGE_CURVE('',#6858,#6857,#8289,.T.);
#4800=EDGE_CURVE('',#6858,#6855,#8290,.T.);
#4801=EDGE_CURVE('',#6857,#6859,#8291,.T.);
#4802=EDGE_CURVE('',#6860,#6859,#8292,.T.);
#4803=EDGE_CURVE('',#6860,#6858,#8293,.T.);
#4804=EDGE_CURVE('',#6859,#6861,#8294,.T.);
#4805=EDGE_CURVE('',#6862,#6861,#8295,.T.);
#4806=EDGE_CURVE('',#6862,#6860,#8296,.T.);
#4807=EDGE_CURVE('',#6863,#6864,#8297,.T.);
#4808=EDGE_CURVE('',#6864,#6865,#8298,.T.);
#4809=EDGE_CURVE('',#6866,#6865,#8299,.T.);
#4810=EDGE_CURVE('',#6866,#6863,#8300,.T.);
#4811=EDGE_CURVE('',#6865,#6867,#8301,.T.);
#4812=EDGE_CURVE('',#6868,#6867,#8302,.T.);
#4813=EDGE_CURVE('',#6868,#6866,#8303,.T.);
#4814=EDGE_CURVE('',#6867,#6869,#8304,.T.);
#4815=EDGE_CURVE('',#6870,#6869,#8305,.T.);
#4816=EDGE_CURVE('',#6870,#6868,#8306,.T.);
#4817=EDGE_CURVE('',#6871,#6872,#8307,.T.);
#4818=EDGE_CURVE('',#6872,#6873,#8308,.T.);
#4819=EDGE_CURVE('',#6874,#6873,#8309,.T.);
#4820=EDGE_CURVE('',#6874,#6871,#8310,.T.);
#4821=EDGE_CURVE('',#6873,#6875,#8311,.T.);
#4822=EDGE_CURVE('',#6876,#6875,#8312,.T.);
#4823=EDGE_CURVE('',#6876,#6874,#8313,.T.);
#4824=EDGE_CURVE('',#6875,#6877,#8314,.T.);
#4825=EDGE_CURVE('',#6878,#6877,#8315,.T.);
#4826=EDGE_CURVE('',#6878,#6876,#8316,.T.);
#4827=EDGE_CURVE('',#6879,#6880,#8317,.T.);
#4828=EDGE_CURVE('',#6880,#6881,#8318,.T.);
#4829=EDGE_CURVE('',#6882,#6881,#8319,.T.);
#4830=EDGE_CURVE('',#6882,#6879,#8320,.T.);
#4831=EDGE_CURVE('',#6881,#6883,#8321,.T.);
#4832=EDGE_CURVE('',#6884,#6883,#8322,.T.);
#4833=EDGE_CURVE('',#6884,#6882,#8323,.T.);
#4834=EDGE_CURVE('',#6883,#6885,#8324,.T.);
#4835=EDGE_CURVE('',#6886,#6885,#8325,.T.);
#4836=EDGE_CURVE('',#6886,#6884,#8326,.T.);
#4837=EDGE_CURVE('',#6887,#6888,#8327,.T.);
#4838=EDGE_CURVE('',#6888,#6889,#8328,.T.);
#4839=EDGE_CURVE('',#6890,#6889,#8329,.T.);
#4840=EDGE_CURVE('',#6890,#6887,#8330,.T.);
#4841=EDGE_CURVE('',#6889,#6891,#8331,.T.);
#4842=EDGE_CURVE('',#6892,#6891,#8332,.T.);
#4843=EDGE_CURVE('',#6892,#6890,#8333,.T.);
#4844=EDGE_CURVE('',#6891,#6893,#8334,.T.);
#4845=EDGE_CURVE('',#6894,#6893,#8335,.T.);
#4846=EDGE_CURVE('',#6894,#6892,#8336,.T.);
#4847=EDGE_CURVE('',#6895,#6896,#8337,.T.);
#4848=EDGE_CURVE('',#6896,#6897,#8338,.T.);
#4849=EDGE_CURVE('',#6898,#6897,#8339,.T.);
#4850=EDGE_CURVE('',#6898,#6895,#8340,.T.);
#4851=EDGE_CURVE('',#6897,#6899,#8341,.T.);
#4852=EDGE_CURVE('',#6900,#6899,#8342,.T.);
#4853=EDGE_CURVE('',#6900,#6898,#8343,.T.);
#4854=EDGE_CURVE('',#6899,#6901,#8344,.T.);
#4855=EDGE_CURVE('',#6902,#6901,#8345,.T.);
#4856=EDGE_CURVE('',#6902,#6900,#8346,.T.);
#4857=EDGE_CURVE('',#6903,#6904,#8347,.T.);
#4858=EDGE_CURVE('',#6904,#6905,#8348,.T.);
#4859=EDGE_CURVE('',#6906,#6905,#8349,.T.);
#4860=EDGE_CURVE('',#6906,#6903,#8350,.T.);
#4861=EDGE_CURVE('',#6905,#6907,#8351,.T.);
#4862=EDGE_CURVE('',#6908,#6907,#8352,.T.);
#4863=EDGE_CURVE('',#6908,#6906,#8353,.T.);
#4864=EDGE_CURVE('',#6907,#6909,#8354,.T.);
#4865=EDGE_CURVE('',#6910,#6909,#8355,.T.);
#4866=EDGE_CURVE('',#6910,#6908,#8356,.T.);
#4867=EDGE_CURVE('',#6911,#6912,#8357,.T.);
#4868=EDGE_CURVE('',#6912,#6913,#8358,.T.);
#4869=EDGE_CURVE('',#6914,#6913,#8359,.T.);
#4870=EDGE_CURVE('',#6914,#6911,#8360,.T.);
#4871=EDGE_CURVE('',#6913,#6915,#8361,.T.);
#4872=EDGE_CURVE('',#6916,#6915,#8362,.T.);
#4873=EDGE_CURVE('',#6916,#6914,#8363,.T.);
#4874=EDGE_CURVE('',#6915,#6917,#8364,.T.);
#4875=EDGE_CURVE('',#6918,#6917,#8365,.T.);
#4876=EDGE_CURVE('',#6918,#6916,#8366,.T.);
#4877=EDGE_CURVE('',#6919,#6920,#8367,.T.);
#4878=EDGE_CURVE('',#6920,#6921,#8368,.T.);
#4879=EDGE_CURVE('',#6922,#6921,#8369,.T.);
#4880=EDGE_CURVE('',#6922,#6919,#8370,.T.);
#4881=EDGE_CURVE('',#6921,#6923,#8371,.T.);
#4882=EDGE_CURVE('',#6924,#6923,#8372,.T.);
#4883=EDGE_CURVE('',#6924,#6922,#8373,.T.);
#4884=EDGE_CURVE('',#6923,#6925,#8374,.T.);
#4885=EDGE_CURVE('',#6926,#6925,#8375,.T.);
#4886=EDGE_CURVE('',#6926,#6924,#8376,.T.);
#4887=EDGE_CURVE('',#6927,#6928,#8377,.T.);
#4888=EDGE_CURVE('',#6928,#6929,#8378,.T.);
#4889=EDGE_CURVE('',#6930,#6929,#8379,.T.);
#4890=EDGE_CURVE('',#6930,#6927,#8380,.T.);
#4891=EDGE_CURVE('',#6929,#6931,#8381,.T.);
#4892=EDGE_CURVE('',#6932,#6931,#8382,.T.);
#4893=EDGE_CURVE('',#6932,#6930,#8383,.T.);
#4894=EDGE_CURVE('',#6931,#6933,#8384,.T.);
#4895=EDGE_CURVE('',#6934,#6933,#8385,.T.);
#4896=EDGE_CURVE('',#6934,#6932,#8386,.T.);
#4897=EDGE_CURVE('',#6935,#6936,#8387,.T.);
#4898=EDGE_CURVE('',#6936,#6937,#8388,.T.);
#4899=EDGE_CURVE('',#6938,#6937,#8389,.T.);
#4900=EDGE_CURVE('',#6938,#6935,#8390,.T.);
#4901=EDGE_CURVE('',#6937,#6939,#8391,.T.);
#4902=EDGE_CURVE('',#6940,#6939,#8392,.T.);
#4903=EDGE_CURVE('',#6940,#6938,#8393,.T.);
#4904=EDGE_CURVE('',#6939,#6941,#8394,.T.);
#4905=EDGE_CURVE('',#6942,#6941,#8395,.T.);
#4906=EDGE_CURVE('',#6942,#6940,#8396,.T.);
#4907=EDGE_CURVE('',#6943,#6944,#8397,.T.);
#4908=EDGE_CURVE('',#6944,#6945,#8398,.T.);
#4909=EDGE_CURVE('',#6946,#6945,#8399,.T.);
#4910=EDGE_CURVE('',#6946,#6943,#8400,.T.);
#4911=EDGE_CURVE('',#6945,#6947,#8401,.T.);
#4912=EDGE_CURVE('',#6948,#6947,#8402,.T.);
#4913=EDGE_CURVE('',#6948,#6946,#8403,.T.);
#4914=EDGE_CURVE('',#6947,#6949,#8404,.T.);
#4915=EDGE_CURVE('',#6950,#6949,#8405,.T.);
#4916=EDGE_CURVE('',#6950,#6948,#8406,.T.);
#4917=EDGE_CURVE('',#6951,#6952,#8407,.T.);
#4918=EDGE_CURVE('',#6952,#6953,#8408,.T.);
#4919=EDGE_CURVE('',#6954,#6953,#8409,.T.);
#4920=EDGE_CURVE('',#6954,#6951,#8410,.T.);
#4921=EDGE_CURVE('',#6953,#6955,#8411,.T.);
#4922=EDGE_CURVE('',#6956,#6955,#8412,.T.);
#4923=EDGE_CURVE('',#6956,#6954,#8413,.T.);
#4924=EDGE_CURVE('',#6955,#6957,#8414,.T.);
#4925=EDGE_CURVE('',#6958,#6957,#8415,.T.);
#4926=EDGE_CURVE('',#6958,#6956,#8416,.T.);
#4927=EDGE_CURVE('',#6959,#6960,#8417,.T.);
#4928=EDGE_CURVE('',#6960,#6961,#8418,.T.);
#4929=EDGE_CURVE('',#6962,#6961,#8419,.T.);
#4930=EDGE_CURVE('',#6962,#6959,#8420,.T.);
#4931=EDGE_CURVE('',#6961,#6963,#8421,.T.);
#4932=EDGE_CURVE('',#6964,#6963,#8422,.T.);
#4933=EDGE_CURVE('',#6964,#6962,#8423,.T.);
#4934=EDGE_CURVE('',#6963,#6965,#8424,.T.);
#4935=EDGE_CURVE('',#6966,#6965,#8425,.T.);
#4936=EDGE_CURVE('',#6966,#6964,#8426,.T.);
#4937=EDGE_CURVE('',#6967,#6968,#8427,.T.);
#4938=EDGE_CURVE('',#6968,#6969,#8428,.T.);
#4939=EDGE_CURVE('',#6970,#6969,#8429,.T.);
#4940=EDGE_CURVE('',#6970,#6967,#8430,.T.);
#4941=EDGE_CURVE('',#6969,#6971,#8431,.T.);
#4942=EDGE_CURVE('',#6972,#6971,#8432,.T.);
#4943=EDGE_CURVE('',#6972,#6970,#8433,.T.);
#4944=EDGE_CURVE('',#6971,#6973,#8434,.T.);
#4945=EDGE_CURVE('',#6974,#6973,#8435,.T.);
#4946=EDGE_CURVE('',#6974,#6972,#8436,.T.);
#4947=EDGE_CURVE('',#6975,#6976,#8437,.T.);
#4948=EDGE_CURVE('',#6976,#6977,#8438,.T.);
#4949=EDGE_CURVE('',#6978,#6977,#8439,.T.);
#4950=EDGE_CURVE('',#6978,#6975,#8440,.T.);
#4951=EDGE_CURVE('',#6977,#6979,#8441,.T.);
#4952=EDGE_CURVE('',#6980,#6979,#8442,.T.);
#4953=EDGE_CURVE('',#6980,#6978,#8443,.T.);
#4954=EDGE_CURVE('',#6979,#6981,#8444,.T.);
#4955=EDGE_CURVE('',#6982,#6981,#8445,.T.);
#4956=EDGE_CURVE('',#6982,#6980,#8446,.T.);
#4957=EDGE_CURVE('',#6983,#6984,#8447,.T.);
#4958=EDGE_CURVE('',#6984,#6985,#8448,.T.);
#4959=EDGE_CURVE('',#6986,#6985,#8449,.T.);
#4960=EDGE_CURVE('',#6986,#6983,#8450,.T.);
#4961=EDGE_CURVE('',#6985,#6987,#8451,.T.);
#4962=EDGE_CURVE('',#6988,#6987,#8452,.T.);
#4963=EDGE_CURVE('',#6988,#6986,#8453,.T.);
#4964=EDGE_CURVE('',#6987,#6989,#8454,.T.);
#4965=EDGE_CURVE('',#6990,#6989,#8455,.T.);
#4966=EDGE_CURVE('',#6990,#6988,#8456,.T.);
#4967=EDGE_CURVE('',#6991,#6992,#8457,.T.);
#4968=EDGE_CURVE('',#6992,#6993,#8458,.T.);
#4969=EDGE_CURVE('',#6994,#6993,#8459,.T.);
#4970=EDGE_CURVE('',#6994,#6991,#8460,.T.);
#4971=EDGE_CURVE('',#6993,#6995,#8461,.T.);
#4972=EDGE_CURVE('',#6996,#6995,#8462,.T.);
#4973=EDGE_CURVE('',#6996,#6994,#8463,.T.);
#4974=EDGE_CURVE('',#6995,#6997,#8464,.T.);
#4975=EDGE_CURVE('',#6998,#6997,#8465,.T.);
#4976=EDGE_CURVE('',#6998,#6996,#8466,.T.);
#4977=EDGE_CURVE('',#6999,#7000,#8467,.T.);
#4978=EDGE_CURVE('',#7000,#7001,#8468,.T.);
#4979=EDGE_CURVE('',#7002,#7001,#8469,.T.);
#4980=EDGE_CURVE('',#7002,#6999,#8470,.T.);
#4981=EDGE_CURVE('',#7001,#7003,#8471,.T.);
#4982=EDGE_CURVE('',#7004,#7003,#8472,.T.);
#4983=EDGE_CURVE('',#7004,#7002,#8473,.T.);
#4984=EDGE_CURVE('',#7003,#7005,#8474,.T.);
#4985=EDGE_CURVE('',#7006,#7005,#8475,.T.);
#4986=EDGE_CURVE('',#7006,#7004,#8476,.T.);
#4987=EDGE_CURVE('',#7007,#7008,#8477,.T.);
#4988=EDGE_CURVE('',#7008,#7009,#8478,.T.);
#4989=EDGE_CURVE('',#7010,#7009,#8479,.T.);
#4990=EDGE_CURVE('',#7010,#7007,#8480,.T.);
#4991=EDGE_CURVE('',#7009,#7011,#8481,.T.);
#4992=EDGE_CURVE('',#7012,#7011,#8482,.T.);
#4993=EDGE_CURVE('',#7012,#7010,#8483,.T.);
#4994=EDGE_CURVE('',#7011,#7013,#8484,.T.);
#4995=EDGE_CURVE('',#7014,#7013,#8485,.T.);
#4996=EDGE_CURVE('',#7014,#7012,#8486,.T.);
#4997=EDGE_CURVE('',#7015,#7016,#8487,.T.);
#4998=EDGE_CURVE('',#7016,#7017,#8488,.T.);
#4999=EDGE_CURVE('',#7018,#7017,#8489,.T.);
#5000=EDGE_CURVE('',#7018,#7015,#8490,.T.);
#5001=EDGE_CURVE('',#7017,#7019,#8491,.T.);
#5002=EDGE_CURVE('',#7020,#7019,#8492,.T.);
#5003=EDGE_CURVE('',#7020,#7018,#8493,.T.);
#5004=EDGE_CURVE('',#7019,#7021,#8494,.T.);
#5005=EDGE_CURVE('',#7022,#7021,#8495,.T.);
#5006=EDGE_CURVE('',#7022,#7020,#8496,.T.);
#5007=EDGE_CURVE('',#7023,#7024,#8497,.T.);
#5008=EDGE_CURVE('',#7024,#7025,#8498,.T.);
#5009=EDGE_CURVE('',#7026,#7025,#8499,.T.);
#5010=EDGE_CURVE('',#7026,#7023,#8500,.T.);
#5011=EDGE_CURVE('',#7025,#7027,#8501,.T.);
#5012=EDGE_CURVE('',#7028,#7027,#8502,.T.);
#5013=EDGE_CURVE('',#7028,#7026,#8503,.T.);
#5014=EDGE_CURVE('',#7027,#7029,#8504,.T.);
#5015=EDGE_CURVE('',#7030,#7029,#8505,.T.);
#5016=EDGE_CURVE('',#7030,#7028,#8506,.T.);
#5017=EDGE_CURVE('',#7031,#7032,#8507,.T.);
#5018=EDGE_CURVE('',#7032,#7033,#8508,.T.);
#5019=EDGE_CURVE('',#7034,#7033,#8509,.T.);
#5020=EDGE_CURVE('',#7034,#7031,#8510,.T.);
#5021=EDGE_CURVE('',#7033,#7035,#8511,.T.);
#5022=EDGE_CURVE('',#7036,#7035,#8512,.T.);
#5023=EDGE_CURVE('',#7036,#7034,#8513,.T.);
#5024=EDGE_CURVE('',#7035,#7037,#8514,.T.);
#5025=EDGE_CURVE('',#7038,#7037,#8515,.T.);
#5026=EDGE_CURVE('',#7038,#7036,#8516,.T.);
#5027=EDGE_CURVE('',#7039,#7040,#8517,.T.);
#5028=EDGE_CURVE('',#7040,#7041,#8518,.T.);
#5029=EDGE_CURVE('',#7042,#7041,#8519,.T.);
#5030=EDGE_CURVE('',#7042,#7039,#8520,.T.);
#5031=EDGE_CURVE('',#7041,#7043,#8521,.T.);
#5032=EDGE_CURVE('',#7044,#7043,#8522,.T.);
#5033=EDGE_CURVE('',#7044,#7042,#8523,.T.);
#5034=EDGE_CURVE('',#7043,#7045,#8524,.T.);
#5035=EDGE_CURVE('',#7046,#7045,#8525,.T.);
#5036=EDGE_CURVE('',#7046,#7044,#8526,.T.);
#5037=EDGE_CURVE('',#7047,#7048,#8527,.T.);
#5038=EDGE_CURVE('',#7048,#7049,#8528,.T.);
#5039=EDGE_CURVE('',#7050,#7049,#8529,.T.);
#5040=EDGE_CURVE('',#7050,#7047,#8530,.T.);
#5041=EDGE_CURVE('',#7049,#7051,#8531,.T.);
#5042=EDGE_CURVE('',#7052,#7051,#8532,.T.);
#5043=EDGE_CURVE('',#7052,#7050,#8533,.T.);
#5044=EDGE_CURVE('',#7051,#7053,#8534,.T.);
#5045=EDGE_CURVE('',#7054,#7053,#8535,.T.);
#5046=EDGE_CURVE('',#7054,#7052,#8536,.T.);
#5047=EDGE_CURVE('',#7055,#7056,#8537,.T.);
#5048=EDGE_CURVE('',#7056,#7057,#8538,.T.);
#5049=EDGE_CURVE('',#7058,#7057,#8539,.T.);
#5050=EDGE_CURVE('',#7058,#7055,#8540,.T.);
#5051=EDGE_CURVE('',#7057,#7059,#8541,.T.);
#5052=EDGE_CURVE('',#7060,#7059,#8542,.T.);
#5053=EDGE_CURVE('',#7060,#7058,#8543,.T.);
#5054=EDGE_CURVE('',#7059,#7061,#8544,.T.);
#5055=EDGE_CURVE('',#7062,#7061,#8545,.T.);
#5056=EDGE_CURVE('',#7062,#7060,#8546,.T.);
#5057=EDGE_CURVE('',#7063,#7064,#8547,.T.);
#5058=EDGE_CURVE('',#7064,#7065,#8548,.T.);
#5059=EDGE_CURVE('',#7066,#7065,#8549,.T.);
#5060=EDGE_CURVE('',#7066,#7063,#8550,.T.);
#5061=EDGE_CURVE('',#7065,#7067,#8551,.T.);
#5062=EDGE_CURVE('',#7068,#7067,#8552,.T.);
#5063=EDGE_CURVE('',#7068,#7066,#8553,.T.);
#5064=EDGE_CURVE('',#7067,#7069,#8554,.T.);
#5065=EDGE_CURVE('',#7070,#7069,#8555,.T.);
#5066=EDGE_CURVE('',#7070,#7068,#8556,.T.);
#5067=EDGE_CURVE('',#6717,#6712,#8557,.T.);
#5068=EDGE_CURVE('',#6711,#6718,#8558,.T.);
#5069=EDGE_CURVE('',#6725,#6720,#8559,.T.);
#5070=EDGE_CURVE('',#6719,#6726,#8560,.T.);
#5071=EDGE_CURVE('',#6733,#6728,#8561,.T.);
#5072=EDGE_CURVE('',#6727,#6734,#8562,.T.);
#5073=EDGE_CURVE('',#6741,#6736,#8563,.T.);
#5074=EDGE_CURVE('',#6735,#6742,#8564,.T.);
#5075=EDGE_CURVE('',#6749,#6744,#8565,.T.);
#5076=EDGE_CURVE('',#6743,#6750,#8566,.T.);
#5077=EDGE_CURVE('',#6757,#6752,#8567,.T.);
#5078=EDGE_CURVE('',#6751,#6758,#8568,.T.);
#5079=EDGE_CURVE('',#6765,#6760,#8569,.T.);
#5080=EDGE_CURVE('',#6759,#6766,#8570,.T.);
#5081=EDGE_CURVE('',#6773,#6768,#8571,.T.);
#5082=EDGE_CURVE('',#6767,#6774,#8572,.T.);
#5083=EDGE_CURVE('',#6781,#6776,#8573,.T.);
#5084=EDGE_CURVE('',#6775,#6782,#8574,.T.);
#5085=EDGE_CURVE('',#6789,#6784,#8575,.T.);
#5086=EDGE_CURVE('',#6783,#6790,#8576,.T.);
#5087=EDGE_CURVE('',#6797,#6792,#8577,.T.);
#5088=EDGE_CURVE('',#6791,#6798,#8578,.T.);
#5089=EDGE_CURVE('',#6805,#6800,#8579,.T.);
#5090=EDGE_CURVE('',#6799,#6806,#8580,.T.);
#5091=EDGE_CURVE('',#6813,#6808,#8581,.T.);
#5092=EDGE_CURVE('',#6807,#6814,#8582,.T.);
#5093=EDGE_CURVE('',#6821,#6816,#8583,.T.);
#5094=EDGE_CURVE('',#6815,#6822,#8584,.T.);
#5095=EDGE_CURVE('',#6829,#6824,#8585,.T.);
#5096=EDGE_CURVE('',#6823,#6830,#8586,.T.);
#5097=EDGE_CURVE('',#6837,#6832,#8587,.T.);
#5098=EDGE_CURVE('',#6831,#6838,#8588,.T.);
#5099=EDGE_CURVE('',#6845,#6840,#8589,.T.);
#5100=EDGE_CURVE('',#6839,#6846,#8590,.T.);
#5101=EDGE_CURVE('',#6853,#6848,#8591,.T.);
#5102=EDGE_CURVE('',#6847,#6854,#8592,.T.);
#5103=EDGE_CURVE('',#6861,#6856,#8593,.T.);
#5104=EDGE_CURVE('',#6855,#6862,#8594,.T.);
#5105=EDGE_CURVE('',#6869,#6864,#8595,.T.);
#5106=EDGE_CURVE('',#6863,#6870,#8596,.T.);
#5107=EDGE_CURVE('',#6877,#6872,#8597,.T.);
#5108=EDGE_CURVE('',#6871,#6878,#8598,.T.);
#5109=EDGE_CURVE('',#6885,#6880,#8599,.T.);
#5110=EDGE_CURVE('',#6879,#6886,#8600,.T.);
#5111=EDGE_CURVE('',#6893,#6888,#8601,.T.);
#5112=EDGE_CURVE('',#6887,#6894,#8602,.T.);
#5113=EDGE_CURVE('',#6901,#6896,#8603,.T.);
#5114=EDGE_CURVE('',#6895,#6902,#8604,.T.);
#5115=EDGE_CURVE('',#6909,#6904,#8605,.T.);
#5116=EDGE_CURVE('',#6903,#6910,#8606,.T.);
#5117=EDGE_CURVE('',#6917,#6912,#8607,.T.);
#5118=EDGE_CURVE('',#6911,#6918,#8608,.T.);
#5119=EDGE_CURVE('',#6925,#6920,#8609,.T.);
#5120=EDGE_CURVE('',#6919,#6926,#8610,.T.);
#5121=EDGE_CURVE('',#6933,#6928,#8611,.T.);
#5122=EDGE_CURVE('',#6927,#6934,#8612,.T.);
#5123=EDGE_CURVE('',#6941,#6936,#8613,.T.);
#5124=EDGE_CURVE('',#6935,#6942,#8614,.T.);
#5125=EDGE_CURVE('',#6949,#6944,#8615,.T.);
#5126=EDGE_CURVE('',#6943,#6950,#8616,.T.);
#5127=EDGE_CURVE('',#6957,#6952,#8617,.T.);
#5128=EDGE_CURVE('',#6951,#6958,#8618,.T.);
#5129=EDGE_CURVE('',#6965,#6960,#8619,.T.);
#5130=EDGE_CURVE('',#6959,#6966,#8620,.T.);
#5131=EDGE_CURVE('',#6973,#6968,#8621,.T.);
#5132=EDGE_CURVE('',#6967,#6974,#8622,.T.);
#5133=EDGE_CURVE('',#6981,#6976,#8623,.T.);
#5134=EDGE_CURVE('',#6975,#6982,#8624,.T.);
#5135=EDGE_CURVE('',#6989,#6984,#8625,.T.);
#5136=EDGE_CURVE('',#6983,#6990,#8626,.T.);
#5137=EDGE_CURVE('',#6997,#6992,#8627,.T.);
#5138=EDGE_CURVE('',#6991,#6998,#8628,.T.);
#5139=EDGE_CURVE('',#7005,#7000,#8629,.T.);
#5140=EDGE_CURVE('',#6999,#7006,#8630,.T.);
#5141=EDGE_CURVE('',#7013,#7008,#8631,.T.);
#5142=EDGE_CURVE('',#7007,#7014,#8632,.T.);
#5143=EDGE_CURVE('',#7021,#7016,#8633,.T.);
#5144=EDGE_CURVE('',#7015,#7022,#8634,.T.);
#5145=EDGE_CURVE('',#7029,#7024,#8635,.T.);
#5146=EDGE_CURVE('',#7023,#7030,#8636,.T.);
#5147=EDGE_CURVE('',#7037,#7032,#8637,.T.);
#5148=EDGE_CURVE('',#7031,#7038,#8638,.T.);
#5149=EDGE_CURVE('',#7045,#7040,#8639,.T.);
#5150=EDGE_CURVE('',#7039,#7046,#8640,.T.);
#5151=EDGE_CURVE('',#7053,#7048,#8641,.T.);
#5152=EDGE_CURVE('',#7047,#7054,#8642,.T.);
#5153=EDGE_CURVE('',#7061,#7056,#8643,.T.);
#5154=EDGE_CURVE('',#7055,#7062,#8644,.T.);
#5155=EDGE_CURVE('',#7069,#7064,#8645,.T.);
#5156=EDGE_CURVE('',#7063,#7070,#8646,.T.);
#5157=EDGE_CURVE('',#6653,#6642,#8647,.T.);
#5158=EDGE_CURVE('',#6643,#6652,#8648,.T.);
#5159=EDGE_CURVE('',#6584,#6647,#8649,.T.);
#5160=EDGE_CURVE('',#6649,#6646,#8650,.T.);
#5161=EDGE_CURVE('',#6709,#6586,#8651,.T.);
#5162=EDGE_CURVE('',#6587,#6708,#8652,.T.);
#5163=EDGE_CURVE('',#6705,#6590,#8653,.T.);
#5164=EDGE_CURVE('',#6591,#6704,#8654,.T.);
#5165=EDGE_CURVE('',#6701,#6594,#8655,.T.);
#5166=EDGE_CURVE('',#6595,#6700,#8656,.T.);
#5167=EDGE_CURVE('',#6697,#6598,#8657,.T.);
#5168=EDGE_CURVE('',#6599,#6696,#8658,.T.);
#5169=EDGE_CURVE('',#6693,#6602,#8659,.T.);
#5170=EDGE_CURVE('',#6603,#6692,#8660,.T.);
#5171=EDGE_CURVE('',#6689,#6606,#8661,.T.);
#5172=EDGE_CURVE('',#6607,#6688,#8662,.T.);
#5173=EDGE_CURVE('',#6685,#6610,#8663,.T.);
#5174=EDGE_CURVE('',#6611,#6684,#8664,.T.);
#5175=EDGE_CURVE('',#6681,#6614,#8665,.T.);
#5176=EDGE_CURVE('',#6615,#6680,#8666,.T.);
#5177=EDGE_CURVE('',#6677,#6618,#8667,.T.);
#5178=EDGE_CURVE('',#6619,#6676,#8668,.T.);
#5179=EDGE_CURVE('',#6673,#6622,#8669,.T.);
#5180=EDGE_CURVE('',#6623,#6672,#8670,.T.);
#5181=EDGE_CURVE('',#6669,#6626,#8671,.T.);
#5182=EDGE_CURVE('',#6627,#6668,#8672,.T.);
#5183=EDGE_CURVE('',#6665,#6630,#8673,.T.);
#5184=EDGE_CURVE('',#6631,#6664,#8674,.T.);
#5185=EDGE_CURVE('',#6661,#6634,#8675,.T.);
#5186=EDGE_CURVE('',#6635,#6660,#8676,.T.);
#5187=EDGE_CURVE('',#6657,#6638,#8677,.T.);
#5188=EDGE_CURVE('',#6639,#6656,#8678,.T.);
#5189=EDGE_CURVE('',#6644,#6651,#8679,.T.);
#5190=EDGE_CURVE('',#6650,#6645,#8680,.T.);
#5191=EDGE_CURVE('',#6655,#6640,#8681,.T.);
#5192=EDGE_CURVE('',#6654,#6641,#8682,.T.);
#5193=EDGE_CURVE('',#6659,#6636,#8683,.T.);
#5194=EDGE_CURVE('',#6658,#6637,#8684,.T.);
#5195=EDGE_CURVE('',#6663,#6632,#8685,.T.);
#5196=EDGE_CURVE('',#6662,#6633,#8686,.T.);
#5197=EDGE_CURVE('',#6667,#6628,#8687,.T.);
#5198=EDGE_CURVE('',#6666,#6629,#8688,.T.);
#5199=EDGE_CURVE('',#6671,#6624,#8689,.T.);
#5200=EDGE_CURVE('',#6670,#6625,#8690,.T.);
#5201=EDGE_CURVE('',#6675,#6620,#8691,.T.);
#5202=EDGE_CURVE('',#6674,#6621,#8692,.T.);
#5203=EDGE_CURVE('',#6679,#6616,#8693,.T.);
#5204=EDGE_CURVE('',#6678,#6617,#8694,.T.);
#5205=EDGE_CURVE('',#6683,#6612,#8695,.T.);
#5206=EDGE_CURVE('',#6682,#6613,#8696,.T.);
#5207=EDGE_CURVE('',#6687,#6608,#8697,.T.);
#5208=EDGE_CURVE('',#6686,#6609,#8698,.T.);
#5209=EDGE_CURVE('',#6691,#6604,#8699,.T.);
#5210=EDGE_CURVE('',#6690,#6605,#8700,.T.);
#5211=EDGE_CURVE('',#6695,#6600,#8701,.T.);
#5212=EDGE_CURVE('',#6694,#6601,#8702,.T.);
#5213=EDGE_CURVE('',#6699,#6596,#8703,.T.);
#5214=EDGE_CURVE('',#6698,#6597,#8704,.T.);
#5215=EDGE_CURVE('',#6703,#6592,#8705,.T.);
#5216=EDGE_CURVE('',#6702,#6593,#8706,.T.);
#5217=EDGE_CURVE('',#6707,#6588,#8707,.T.);
#5218=EDGE_CURVE('',#6706,#6589,#8708,.T.);
#5219=EDGE_CURVE('',#6648,#6583,#8709,.T.);
#5220=EDGE_CURVE('',#6710,#6585,#8710,.T.);
#5221=EDGE_CURVE('',#7071,#7072,#8711,.T.);
#5222=EDGE_CURVE('',#7073,#7071,#8712,.T.);
#5223=EDGE_CURVE('',#7073,#7074,#8713,.T.);
#5224=EDGE_CURVE('',#7075,#7074,#8714,.T.);
#5225=EDGE_CURVE('',#7076,#7075,#8715,.T.);
#5226=EDGE_CURVE('',#7072,#7076,#8716,.T.);
#5227=EDGE_CURVE('',#7077,#7078,#8717,.T.);
#5228=EDGE_CURVE('',#7079,#7077,#8718,.T.);
#5229=EDGE_CURVE('',#7079,#7080,#8719,.T.);
#5230=EDGE_CURVE('',#7081,#7080,#8720,.T.);
#5231=EDGE_CURVE('',#7082,#7081,#8721,.T.);
#5232=EDGE_CURVE('',#7078,#7082,#8722,.T.);
#5233=EDGE_CURVE('',#7083,#7084,#8723,.T.);
#5234=EDGE_CURVE('',#7085,#7083,#8724,.T.);
#5235=EDGE_CURVE('',#7085,#7086,#8725,.T.);
#5236=EDGE_CURVE('',#7087,#7086,#8726,.T.);
#5237=EDGE_CURVE('',#7088,#7087,#8727,.T.);
#5238=EDGE_CURVE('',#7084,#7088,#8728,.T.);
#5239=EDGE_CURVE('',#7089,#7090,#8729,.T.);
#5240=EDGE_CURVE('',#7091,#7089,#8730,.T.);
#5241=EDGE_CURVE('',#7091,#7092,#8731,.T.);
#5242=EDGE_CURVE('',#7093,#7092,#8732,.T.);
#5243=EDGE_CURVE('',#7094,#7093,#8733,.T.);
#5244=EDGE_CURVE('',#7090,#7094,#8734,.T.);
#5245=EDGE_CURVE('',#7095,#7096,#8735,.T.);
#5246=EDGE_CURVE('',#7097,#7095,#8736,.T.);
#5247=EDGE_CURVE('',#7097,#7098,#8737,.T.);
#5248=EDGE_CURVE('',#7099,#7098,#8738,.T.);
#5249=EDGE_CURVE('',#7100,#7099,#8739,.T.);
#5250=EDGE_CURVE('',#7096,#7100,#8740,.T.);
#5251=EDGE_CURVE('',#7101,#7102,#8741,.T.);
#5252=EDGE_CURVE('',#7103,#7101,#8742,.T.);
#5253=EDGE_CURVE('',#7103,#7104,#8743,.T.);
#5254=EDGE_CURVE('',#7105,#7104,#8744,.T.);
#5255=EDGE_CURVE('',#7106,#7105,#8745,.T.);
#5256=EDGE_CURVE('',#7102,#7106,#8746,.T.);
#5257=EDGE_CURVE('',#7107,#7108,#8747,.T.);
#5258=EDGE_CURVE('',#7109,#7107,#8748,.T.);
#5259=EDGE_CURVE('',#7109,#7110,#8749,.T.);
#5260=EDGE_CURVE('',#7111,#7110,#8750,.T.);
#5261=EDGE_CURVE('',#7112,#7111,#8751,.T.);
#5262=EDGE_CURVE('',#7108,#7112,#8752,.T.);
#5263=EDGE_CURVE('',#7113,#7114,#8753,.T.);
#5264=EDGE_CURVE('',#7115,#7113,#8754,.T.);
#5265=EDGE_CURVE('',#7115,#7116,#8755,.T.);
#5266=EDGE_CURVE('',#7117,#7116,#8756,.T.);
#5267=EDGE_CURVE('',#7118,#7117,#8757,.T.);
#5268=EDGE_CURVE('',#7114,#7118,#8758,.T.);
#5269=EDGE_CURVE('',#7119,#7120,#8759,.T.);
#5270=EDGE_CURVE('',#7121,#7119,#8760,.T.);
#5271=EDGE_CURVE('',#7121,#7122,#8761,.T.);
#5272=EDGE_CURVE('',#7123,#7122,#8762,.T.);
#5273=EDGE_CURVE('',#7124,#7123,#8763,.T.);
#5274=EDGE_CURVE('',#7120,#7124,#8764,.T.);
#5275=EDGE_CURVE('',#7125,#7126,#8765,.T.);
#5276=EDGE_CURVE('',#7127,#7125,#8766,.T.);
#5277=EDGE_CURVE('',#7127,#7128,#8767,.T.);
#5278=EDGE_CURVE('',#7129,#7128,#8768,.T.);
#5279=EDGE_CURVE('',#7130,#7129,#8769,.T.);
#5280=EDGE_CURVE('',#7126,#7130,#8770,.T.);
#5281=EDGE_CURVE('',#7131,#7132,#8771,.T.);
#5282=EDGE_CURVE('',#7133,#7131,#8772,.T.);
#5283=EDGE_CURVE('',#7133,#7134,#8773,.T.);
#5284=EDGE_CURVE('',#7135,#7134,#8774,.T.);
#5285=EDGE_CURVE('',#7136,#7135,#8775,.T.);
#5286=EDGE_CURVE('',#7132,#7136,#8776,.T.);
#5287=EDGE_CURVE('',#7137,#7138,#8777,.T.);
#5288=EDGE_CURVE('',#7139,#7137,#8778,.T.);
#5289=EDGE_CURVE('',#7139,#7140,#8779,.T.);
#5290=EDGE_CURVE('',#7141,#7140,#8780,.T.);
#5291=EDGE_CURVE('',#7142,#7141,#8781,.T.);
#5292=EDGE_CURVE('',#7138,#7142,#8782,.T.);
#5293=EDGE_CURVE('',#7143,#7144,#8783,.T.);
#5294=EDGE_CURVE('',#7145,#7143,#8784,.T.);
#5295=EDGE_CURVE('',#7145,#7146,#8785,.T.);
#5296=EDGE_CURVE('',#7147,#7146,#8786,.T.);
#5297=EDGE_CURVE('',#7148,#7147,#8787,.T.);
#5298=EDGE_CURVE('',#7144,#7148,#8788,.T.);
#5299=EDGE_CURVE('',#7149,#7150,#8789,.T.);
#5300=EDGE_CURVE('',#7151,#7149,#8790,.T.);
#5301=EDGE_CURVE('',#7151,#7152,#8791,.T.);
#5302=EDGE_CURVE('',#7153,#7152,#8792,.T.);
#5303=EDGE_CURVE('',#7154,#7153,#8793,.T.);
#5304=EDGE_CURVE('',#7150,#7154,#8794,.T.);
#5305=EDGE_CURVE('',#7155,#7156,#8795,.T.);
#5306=EDGE_CURVE('',#7157,#7155,#8796,.T.);
#5307=EDGE_CURVE('',#7157,#7158,#8797,.T.);
#5308=EDGE_CURVE('',#7159,#7158,#8798,.T.);
#5309=EDGE_CURVE('',#7160,#7159,#8799,.T.);
#5310=EDGE_CURVE('',#7156,#7160,#8800,.T.);
#5311=EDGE_CURVE('',#7072,#7161,#8801,.T.);
#5312=EDGE_CURVE('',#7162,#7076,#8802,.T.);
#5313=EDGE_CURVE('',#7161,#7162,#8803,.T.);
#5314=EDGE_CURVE('',#7078,#7163,#8804,.T.);
#5315=EDGE_CURVE('',#7164,#7082,#8805,.T.);
#5316=EDGE_CURVE('',#7163,#7164,#8806,.T.);
#5317=EDGE_CURVE('',#7084,#7165,#8807,.T.);
#5318=EDGE_CURVE('',#7166,#7088,#8808,.T.);
#5319=EDGE_CURVE('',#7165,#7166,#8809,.T.);
#5320=EDGE_CURVE('',#7090,#7167,#8810,.T.);
#5321=EDGE_CURVE('',#7168,#7094,#8811,.T.);
#5322=EDGE_CURVE('',#7167,#7168,#8812,.T.);
#5323=EDGE_CURVE('',#7096,#7169,#8813,.T.);
#5324=EDGE_CURVE('',#7170,#7100,#8814,.T.);
#5325=EDGE_CURVE('',#7169,#7170,#8815,.T.);
#5326=EDGE_CURVE('',#7102,#7171,#8816,.T.);
#5327=EDGE_CURVE('',#7172,#7106,#8817,.T.);
#5328=EDGE_CURVE('',#7171,#7172,#8818,.T.);
#5329=EDGE_CURVE('',#7108,#7173,#8819,.T.);
#5330=EDGE_CURVE('',#7174,#7112,#8820,.T.);
#5331=EDGE_CURVE('',#7173,#7174,#8821,.T.);
#5332=EDGE_CURVE('',#7114,#7175,#8822,.T.);
#5333=EDGE_CURVE('',#7176,#7118,#8823,.T.);
#5334=EDGE_CURVE('',#7175,#7176,#8824,.T.);
#5335=EDGE_CURVE('',#7120,#7177,#8825,.T.);
#5336=EDGE_CURVE('',#7178,#7124,#8826,.T.);
#5337=EDGE_CURVE('',#7177,#7178,#8827,.T.);
#5338=EDGE_CURVE('',#7126,#7179,#8828,.T.);
#5339=EDGE_CURVE('',#7180,#7130,#8829,.T.);
#5340=EDGE_CURVE('',#7179,#7180,#8830,.T.);
#5341=EDGE_CURVE('',#7132,#7181,#8831,.T.);
#5342=EDGE_CURVE('',#7182,#7136,#8832,.T.);
#5343=EDGE_CURVE('',#7181,#7182,#8833,.T.);
#5344=EDGE_CURVE('',#7138,#7183,#8834,.T.);
#5345=EDGE_CURVE('',#7184,#7142,#8835,.T.);
#5346=EDGE_CURVE('',#7183,#7184,#8836,.T.);
#5347=EDGE_CURVE('',#7144,#7185,#8837,.T.);
#5348=EDGE_CURVE('',#7186,#7148,#8838,.T.);
#5349=EDGE_CURVE('',#7185,#7186,#8839,.T.);
#5350=EDGE_CURVE('',#7150,#7187,#8840,.T.);
#5351=EDGE_CURVE('',#7188,#7154,#8841,.T.);
#5352=EDGE_CURVE('',#7187,#7188,#8842,.T.);
#5353=EDGE_CURVE('',#7156,#7189,#8843,.T.);
#5354=EDGE_CURVE('',#7190,#7160,#8844,.T.);
#5355=EDGE_CURVE('',#7189,#7190,#8845,.T.);
#5356=EDGE_CURVE('',#7161,#7191,#8846,.T.);
#5357=EDGE_CURVE('',#7192,#7162,#8847,.T.);
#5358=EDGE_CURVE('',#7193,#7192,#8848,.T.);
#5359=EDGE_CURVE('',#7194,#7193,#8849,.T.);
#5360=EDGE_CURVE('',#7191,#7194,#8850,.T.);
#5361=EDGE_CURVE('',#7163,#7195,#8851,.T.);
#5362=EDGE_CURVE('',#7196,#7164,#8852,.T.);
#5363=EDGE_CURVE('',#7197,#7196,#8853,.T.);
#5364=EDGE_CURVE('',#7198,#7197,#8854,.T.);
#5365=EDGE_CURVE('',#7195,#7198,#8855,.T.);
#5366=EDGE_CURVE('',#7165,#7199,#8856,.T.);
#5367=EDGE_CURVE('',#7200,#7166,#8857,.T.);
#5368=EDGE_CURVE('',#7201,#7200,#8858,.T.);
#5369=EDGE_CURVE('',#7202,#7201,#8859,.T.);
#5370=EDGE_CURVE('',#7199,#7202,#8860,.T.);
#5371=EDGE_CURVE('',#7167,#7203,#8861,.T.);
#5372=EDGE_CURVE('',#7204,#7168,#8862,.T.);
#5373=EDGE_CURVE('',#7205,#7204,#8863,.T.);
#5374=EDGE_CURVE('',#7206,#7205,#8864,.T.);
#5375=EDGE_CURVE('',#7203,#7206,#8865,.T.);
#5376=EDGE_CURVE('',#7169,#7207,#8866,.T.);
#5377=EDGE_CURVE('',#7208,#7170,#8867,.T.);
#5378=EDGE_CURVE('',#7209,#7208,#8868,.T.);
#5379=EDGE_CURVE('',#7210,#7209,#8869,.T.);
#5380=EDGE_CURVE('',#7207,#7210,#8870,.T.);
#5381=EDGE_CURVE('',#7171,#7211,#8871,.T.);
#5382=EDGE_CURVE('',#7212,#7172,#8872,.T.);
#5383=EDGE_CURVE('',#7213,#7212,#8873,.T.);
#5384=EDGE_CURVE('',#7214,#7213,#8874,.T.);
#5385=EDGE_CURVE('',#7211,#7214,#8875,.T.);
#5386=EDGE_CURVE('',#7173,#7215,#8876,.T.);
#5387=EDGE_CURVE('',#7216,#7174,#8877,.T.);
#5388=EDGE_CURVE('',#7217,#7216,#8878,.T.);
#5389=EDGE_CURVE('',#7218,#7217,#8879,.T.);
#5390=EDGE_CURVE('',#7215,#7218,#8880,.T.);
#5391=EDGE_CURVE('',#7175,#7219,#8881,.T.);
#5392=EDGE_CURVE('',#7220,#7176,#8882,.T.);
#5393=EDGE_CURVE('',#7221,#7220,#8883,.T.);
#5394=EDGE_CURVE('',#7222,#7221,#8884,.T.);
#5395=EDGE_CURVE('',#7219,#7222,#8885,.T.);
#5396=EDGE_CURVE('',#7177,#7223,#8886,.T.);
#5397=EDGE_CURVE('',#7224,#7178,#8887,.T.);
#5398=EDGE_CURVE('',#7225,#7224,#8888,.T.);
#5399=EDGE_CURVE('',#7226,#7225,#8889,.T.);
#5400=EDGE_CURVE('',#7223,#7226,#8890,.T.);
#5401=EDGE_CURVE('',#7179,#7227,#8891,.T.);
#5402=EDGE_CURVE('',#7228,#7180,#8892,.T.);
#5403=EDGE_CURVE('',#7229,#7228,#8893,.T.);
#5404=EDGE_CURVE('',#7230,#7229,#8894,.T.);
#5405=EDGE_CURVE('',#7227,#7230,#8895,.T.);
#5406=EDGE_CURVE('',#7181,#7231,#8896,.T.);
#5407=EDGE_CURVE('',#7232,#7182,#8897,.T.);
#5408=EDGE_CURVE('',#7233,#7232,#8898,.T.);
#5409=EDGE_CURVE('',#7234,#7233,#8899,.T.);
#5410=EDGE_CURVE('',#7231,#7234,#8900,.T.);
#5411=EDGE_CURVE('',#7183,#7235,#8901,.T.);
#5412=EDGE_CURVE('',#7236,#7184,#8902,.T.);
#5413=EDGE_CURVE('',#7237,#7236,#8903,.T.);
#5414=EDGE_CURVE('',#7238,#7237,#8904,.T.);
#5415=EDGE_CURVE('',#7235,#7238,#8905,.T.);
#5416=EDGE_CURVE('',#7185,#7239,#8906,.T.);
#5417=EDGE_CURVE('',#7240,#7186,#8907,.T.);
#5418=EDGE_CURVE('',#7241,#7240,#8908,.T.);
#5419=EDGE_CURVE('',#7242,#7241,#8909,.T.);
#5420=EDGE_CURVE('',#7239,#7242,#8910,.T.);
#5421=EDGE_CURVE('',#7187,#7243,#8911,.T.);
#5422=EDGE_CURVE('',#7244,#7188,#8912,.T.);
#5423=EDGE_CURVE('',#7245,#7244,#8913,.T.);
#5424=EDGE_CURVE('',#7246,#7245,#8914,.T.);
#5425=EDGE_CURVE('',#7243,#7246,#8915,.T.);
#5426=EDGE_CURVE('',#7189,#7247,#8916,.T.);
#5427=EDGE_CURVE('',#7248,#7190,#8917,.T.);
#5428=EDGE_CURVE('',#7249,#7248,#8918,.T.);
#5429=EDGE_CURVE('',#7250,#7249,#8919,.T.);
#5430=EDGE_CURVE('',#7247,#7250,#8920,.T.);
#5431=EDGE_CURVE('',#7251,#7252,#8921,.T.);
#5432=EDGE_CURVE('',#7253,#7251,#8922,.T.);
#5433=EDGE_CURVE('',#7253,#7254,#8923,.T.);
#5434=EDGE_CURVE('',#7255,#7254,#8924,.T.);
#5435=EDGE_CURVE('',#7256,#7255,#8925,.T.);
#5436=EDGE_CURVE('',#7252,#7256,#8926,.T.);
#5437=EDGE_CURVE('',#7257,#7258,#8927,.T.);
#5438=EDGE_CURVE('',#7259,#7257,#8928,.T.);
#5439=EDGE_CURVE('',#7259,#7260,#8929,.T.);
#5440=EDGE_CURVE('',#7261,#7260,#8930,.T.);
#5441=EDGE_CURVE('',#7262,#7261,#8931,.T.);
#5442=EDGE_CURVE('',#7258,#7262,#8932,.T.);
#5443=EDGE_CURVE('',#7263,#7264,#8933,.T.);
#5444=EDGE_CURVE('',#7265,#7263,#8934,.T.);
#5445=EDGE_CURVE('',#7265,#7266,#8935,.T.);
#5446=EDGE_CURVE('',#7267,#7266,#8936,.T.);
#5447=EDGE_CURVE('',#7268,#7267,#8937,.T.);
#5448=EDGE_CURVE('',#7264,#7268,#8938,.T.);
#5449=EDGE_CURVE('',#7269,#7270,#8939,.T.);
#5450=EDGE_CURVE('',#7271,#7269,#8940,.T.);
#5451=EDGE_CURVE('',#7271,#7272,#8941,.T.);
#5452=EDGE_CURVE('',#7273,#7272,#8942,.T.);
#5453=EDGE_CURVE('',#7274,#7273,#8943,.T.);
#5454=EDGE_CURVE('',#7270,#7274,#8944,.T.);
#5455=EDGE_CURVE('',#7275,#7276,#8945,.T.);
#5456=EDGE_CURVE('',#7277,#7275,#8946,.T.);
#5457=EDGE_CURVE('',#7277,#7278,#8947,.T.);
#5458=EDGE_CURVE('',#7279,#7278,#8948,.T.);
#5459=EDGE_CURVE('',#7280,#7279,#8949,.T.);
#5460=EDGE_CURVE('',#7276,#7280,#8950,.T.);
#5461=EDGE_CURVE('',#7281,#7282,#8951,.T.);
#5462=EDGE_CURVE('',#7283,#7281,#8952,.T.);
#5463=EDGE_CURVE('',#7283,#7284,#8953,.T.);
#5464=EDGE_CURVE('',#7285,#7284,#8954,.T.);
#5465=EDGE_CURVE('',#7286,#7285,#8955,.T.);
#5466=EDGE_CURVE('',#7282,#7286,#8956,.T.);
#5467=EDGE_CURVE('',#7287,#7288,#8957,.T.);
#5468=EDGE_CURVE('',#7289,#7287,#8958,.T.);
#5469=EDGE_CURVE('',#7289,#7290,#8959,.T.);
#5470=EDGE_CURVE('',#7291,#7290,#8960,.T.);
#5471=EDGE_CURVE('',#7292,#7291,#8961,.T.);
#5472=EDGE_CURVE('',#7288,#7292,#8962,.T.);
#5473=EDGE_CURVE('',#7293,#7294,#8963,.T.);
#5474=EDGE_CURVE('',#7295,#7293,#8964,.T.);
#5475=EDGE_CURVE('',#7295,#7296,#8965,.T.);
#5476=EDGE_CURVE('',#7297,#7296,#8966,.T.);
#5477=EDGE_CURVE('',#7298,#7297,#8967,.T.);
#5478=EDGE_CURVE('',#7294,#7298,#8968,.T.);
#5479=EDGE_CURVE('',#7299,#7300,#8969,.T.);
#5480=EDGE_CURVE('',#7301,#7299,#8970,.T.);
#5481=EDGE_CURVE('',#7301,#7302,#8971,.T.);
#5482=EDGE_CURVE('',#7303,#7302,#8972,.T.);
#5483=EDGE_CURVE('',#7304,#7303,#8973,.T.);
#5484=EDGE_CURVE('',#7300,#7304,#8974,.T.);
#5485=EDGE_CURVE('',#7305,#7306,#8975,.T.);
#5486=EDGE_CURVE('',#7307,#7305,#8976,.T.);
#5487=EDGE_CURVE('',#7307,#7308,#8977,.T.);
#5488=EDGE_CURVE('',#7309,#7308,#8978,.T.);
#5489=EDGE_CURVE('',#7310,#7309,#8979,.T.);
#5490=EDGE_CURVE('',#7306,#7310,#8980,.T.);
#5491=EDGE_CURVE('',#7311,#7312,#8981,.T.);
#5492=EDGE_CURVE('',#7313,#7311,#8982,.T.);
#5493=EDGE_CURVE('',#7313,#7314,#8983,.T.);
#5494=EDGE_CURVE('',#7315,#7314,#8984,.T.);
#5495=EDGE_CURVE('',#7316,#7315,#8985,.T.);
#5496=EDGE_CURVE('',#7312,#7316,#8986,.T.);
#5497=EDGE_CURVE('',#7317,#7318,#8987,.T.);
#5498=EDGE_CURVE('',#7319,#7317,#8988,.T.);
#5499=EDGE_CURVE('',#7319,#7320,#8989,.T.);
#5500=EDGE_CURVE('',#7321,#7320,#8990,.T.);
#5501=EDGE_CURVE('',#7322,#7321,#8991,.T.);
#5502=EDGE_CURVE('',#7318,#7322,#8992,.T.);
#5503=EDGE_CURVE('',#7323,#7324,#8993,.T.);
#5504=EDGE_CURVE('',#7325,#7323,#8994,.T.);
#5505=EDGE_CURVE('',#7325,#7326,#8995,.T.);
#5506=EDGE_CURVE('',#7327,#7326,#8996,.T.);
#5507=EDGE_CURVE('',#7328,#7327,#8997,.T.);
#5508=EDGE_CURVE('',#7324,#7328,#8998,.T.);
#5509=EDGE_CURVE('',#7329,#7330,#8999,.T.);
#5510=EDGE_CURVE('',#7331,#7329,#9000,.T.);
#5511=EDGE_CURVE('',#7331,#7332,#9001,.T.);
#5512=EDGE_CURVE('',#7333,#7332,#9002,.T.);
#5513=EDGE_CURVE('',#7334,#7333,#9003,.T.);
#5514=EDGE_CURVE('',#7330,#7334,#9004,.T.);
#5515=EDGE_CURVE('',#7335,#7336,#9005,.T.);
#5516=EDGE_CURVE('',#7337,#7335,#9006,.T.);
#5517=EDGE_CURVE('',#7337,#7338,#9007,.T.);
#5518=EDGE_CURVE('',#7339,#7338,#9008,.T.);
#5519=EDGE_CURVE('',#7340,#7339,#9009,.T.);
#5520=EDGE_CURVE('',#7336,#7340,#9010,.T.);
#5521=EDGE_CURVE('',#7252,#7341,#9011,.T.);
#5522=EDGE_CURVE('',#7342,#7256,#9012,.T.);
#5523=EDGE_CURVE('',#7341,#7342,#9013,.T.);
#5524=EDGE_CURVE('',#7258,#7343,#9014,.T.);
#5525=EDGE_CURVE('',#7344,#7262,#9015,.T.);
#5526=EDGE_CURVE('',#7343,#7344,#9016,.T.);
#5527=EDGE_CURVE('',#7264,#7345,#9017,.T.);
#5528=EDGE_CURVE('',#7346,#7268,#9018,.T.);
#5529=EDGE_CURVE('',#7345,#7346,#9019,.T.);
#5530=EDGE_CURVE('',#7270,#7347,#9020,.T.);
#5531=EDGE_CURVE('',#7348,#7274,#9021,.T.);
#5532=EDGE_CURVE('',#7347,#7348,#9022,.T.);
#5533=EDGE_CURVE('',#7276,#7349,#9023,.T.);
#5534=EDGE_CURVE('',#7350,#7280,#9024,.T.);
#5535=EDGE_CURVE('',#7349,#7350,#9025,.T.);
#5536=EDGE_CURVE('',#7282,#7351,#9026,.T.);
#5537=EDGE_CURVE('',#7352,#7286,#9027,.T.);
#5538=EDGE_CURVE('',#7351,#7352,#9028,.T.);
#5539=EDGE_CURVE('',#7288,#7353,#9029,.T.);
#5540=EDGE_CURVE('',#7354,#7292,#9030,.T.);
#5541=EDGE_CURVE('',#7353,#7354,#9031,.T.);
#5542=EDGE_CURVE('',#7294,#7355,#9032,.T.);
#5543=EDGE_CURVE('',#7356,#7298,#9033,.T.);
#5544=EDGE_CURVE('',#7355,#7356,#9034,.T.);
#5545=EDGE_CURVE('',#7300,#7357,#9035,.T.);
#5546=EDGE_CURVE('',#7358,#7304,#9036,.T.);
#5547=EDGE_CURVE('',#7357,#7358,#9037,.T.);
#5548=EDGE_CURVE('',#7306,#7359,#9038,.T.);
#5549=EDGE_CURVE('',#7360,#7310,#9039,.T.);
#5550=EDGE_CURVE('',#7359,#7360,#9040,.T.);
#5551=EDGE_CURVE('',#7312,#7361,#9041,.T.);
#5552=EDGE_CURVE('',#7362,#7316,#9042,.T.);
#5553=EDGE_CURVE('',#7361,#7362,#9043,.T.);
#5554=EDGE_CURVE('',#7318,#7363,#9044,.T.);
#5555=EDGE_CURVE('',#7364,#7322,#9045,.T.);
#5556=EDGE_CURVE('',#7363,#7364,#9046,.T.);
#5557=EDGE_CURVE('',#7324,#7365,#9047,.T.);
#5558=EDGE_CURVE('',#7366,#7328,#9048,.T.);
#5559=EDGE_CURVE('',#7365,#7366,#9049,.T.);
#5560=EDGE_CURVE('',#7330,#7367,#9050,.T.);
#5561=EDGE_CURVE('',#7368,#7334,#9051,.T.);
#5562=EDGE_CURVE('',#7367,#7368,#9052,.T.);
#5563=EDGE_CURVE('',#7336,#7369,#9053,.T.);
#5564=EDGE_CURVE('',#7370,#7340,#9054,.T.);
#5565=EDGE_CURVE('',#7369,#7370,#9055,.T.);
#5566=EDGE_CURVE('',#7341,#7371,#9056,.T.);
#5567=EDGE_CURVE('',#7372,#7342,#9057,.T.);
#5568=EDGE_CURVE('',#7373,#7372,#9058,.T.);
#5569=EDGE_CURVE('',#7374,#7373,#9059,.T.);
#5570=EDGE_CURVE('',#7371,#7374,#9060,.T.);
#5571=EDGE_CURVE('',#7343,#7375,#9061,.T.);
#5572=EDGE_CURVE('',#7376,#7344,#9062,.T.);
#5573=EDGE_CURVE('',#7377,#7376,#9063,.T.);
#5574=EDGE_CURVE('',#7378,#7377,#9064,.T.);
#5575=EDGE_CURVE('',#7375,#7378,#9065,.T.);
#5576=EDGE_CURVE('',#7345,#7379,#9066,.T.);
#5577=EDGE_CURVE('',#7380,#7346,#9067,.T.);
#5578=EDGE_CURVE('',#7381,#7380,#9068,.T.);
#5579=EDGE_CURVE('',#7382,#7381,#9069,.T.);
#5580=EDGE_CURVE('',#7379,#7382,#9070,.T.);
#5581=EDGE_CURVE('',#7347,#7383,#9071,.T.);
#5582=EDGE_CURVE('',#7384,#7348,#9072,.T.);
#5583=EDGE_CURVE('',#7385,#7384,#9073,.T.);
#5584=EDGE_CURVE('',#7386,#7385,#9074,.T.);
#5585=EDGE_CURVE('',#7383,#7386,#9075,.T.);
#5586=EDGE_CURVE('',#7349,#7387,#9076,.T.);
#5587=EDGE_CURVE('',#7388,#7350,#9077,.T.);
#5588=EDGE_CURVE('',#7389,#7388,#9078,.T.);
#5589=EDGE_CURVE('',#7390,#7389,#9079,.T.);
#5590=EDGE_CURVE('',#7387,#7390,#9080,.T.);
#5591=EDGE_CURVE('',#7351,#7391,#9081,.T.);
#5592=EDGE_CURVE('',#7392,#7352,#9082,.T.);
#5593=EDGE_CURVE('',#7393,#7392,#9083,.T.);
#5594=EDGE_CURVE('',#7394,#7393,#9084,.T.);
#5595=EDGE_CURVE('',#7391,#7394,#9085,.T.);
#5596=EDGE_CURVE('',#7353,#7395,#9086,.T.);
#5597=EDGE_CURVE('',#7396,#7354,#9087,.T.);
#5598=EDGE_CURVE('',#7397,#7396,#9088,.T.);
#5599=EDGE_CURVE('',#7398,#7397,#9089,.T.);
#5600=EDGE_CURVE('',#7395,#7398,#9090,.T.);
#5601=EDGE_CURVE('',#7355,#7399,#9091,.T.);
#5602=EDGE_CURVE('',#7400,#7356,#9092,.T.);
#5603=EDGE_CURVE('',#7401,#7400,#9093,.T.);
#5604=EDGE_CURVE('',#7402,#7401,#9094,.T.);
#5605=EDGE_CURVE('',#7399,#7402,#9095,.T.);
#5606=EDGE_CURVE('',#7357,#7403,#9096,.T.);
#5607=EDGE_CURVE('',#7404,#7358,#9097,.T.);
#5608=EDGE_CURVE('',#7405,#7404,#9098,.T.);
#5609=EDGE_CURVE('',#7406,#7405,#9099,.T.);
#5610=EDGE_CURVE('',#7403,#7406,#9100,.T.);
#5611=EDGE_CURVE('',#7359,#7407,#9101,.T.);
#5612=EDGE_CURVE('',#7408,#7360,#9102,.T.);
#5613=EDGE_CURVE('',#7409,#7408,#9103,.T.);
#5614=EDGE_CURVE('',#7410,#7409,#9104,.T.);
#5615=EDGE_CURVE('',#7407,#7410,#9105,.T.);
#5616=EDGE_CURVE('',#7361,#7411,#9106,.T.);
#5617=EDGE_CURVE('',#7412,#7362,#9107,.T.);
#5618=EDGE_CURVE('',#7413,#7412,#9108,.T.);
#5619=EDGE_CURVE('',#7414,#7413,#9109,.T.);
#5620=EDGE_CURVE('',#7411,#7414,#9110,.T.);
#5621=EDGE_CURVE('',#7363,#7415,#9111,.T.);
#5622=EDGE_CURVE('',#7416,#7364,#9112,.T.);
#5623=EDGE_CURVE('',#7417,#7416,#9113,.T.);
#5624=EDGE_CURVE('',#7418,#7417,#9114,.T.);
#5625=EDGE_CURVE('',#7415,#7418,#9115,.T.);
#5626=EDGE_CURVE('',#7365,#7419,#9116,.T.);
#5627=EDGE_CURVE('',#7420,#7366,#9117,.T.);
#5628=EDGE_CURVE('',#7421,#7420,#9118,.T.);
#5629=EDGE_CURVE('',#7422,#7421,#9119,.T.);
#5630=EDGE_CURVE('',#7419,#7422,#9120,.T.);
#5631=EDGE_CURVE('',#7367,#7423,#9121,.T.);
#5632=EDGE_CURVE('',#7424,#7368,#9122,.T.);
#5633=EDGE_CURVE('',#7425,#7424,#9123,.T.);
#5634=EDGE_CURVE('',#7426,#7425,#9124,.T.);
#5635=EDGE_CURVE('',#7423,#7426,#9125,.T.);
#5636=EDGE_CURVE('',#7369,#7427,#9126,.T.);
#5637=EDGE_CURVE('',#7428,#7370,#9127,.T.);
#5638=EDGE_CURVE('',#7429,#7428,#9128,.T.);
#5639=EDGE_CURVE('',#7430,#7429,#9129,.T.);
#5640=EDGE_CURVE('',#7427,#7430,#9130,.T.);
#5641=EDGE_CURVE('',#7431,#7432,#9131,.T.);
#5642=EDGE_CURVE('',#7433,#7431,#9132,.T.);
#5643=EDGE_CURVE('',#7433,#7434,#9133,.T.);
#5644=EDGE_CURVE('',#7435,#7434,#9134,.T.);
#5645=EDGE_CURVE('',#7436,#7435,#9135,.T.);
#5646=EDGE_CURVE('',#7432,#7436,#9136,.T.);
#5647=EDGE_CURVE('',#7437,#7438,#9137,.T.);
#5648=EDGE_CURVE('',#7439,#7437,#9138,.T.);
#5649=EDGE_CURVE('',#7439,#7440,#9139,.T.);
#5650=EDGE_CURVE('',#7441,#7440,#9140,.T.);
#5651=EDGE_CURVE('',#7442,#7441,#9141,.T.);
#5652=EDGE_CURVE('',#7438,#7442,#9142,.T.);
#5653=EDGE_CURVE('',#7443,#7444,#9143,.T.);
#5654=EDGE_CURVE('',#7445,#7443,#9144,.T.);
#5655=EDGE_CURVE('',#7445,#7446,#9145,.T.);
#5656=EDGE_CURVE('',#7447,#7446,#9146,.T.);
#5657=EDGE_CURVE('',#7448,#7447,#9147,.T.);
#5658=EDGE_CURVE('',#7444,#7448,#9148,.T.);
#5659=EDGE_CURVE('',#7449,#7450,#9149,.T.);
#5660=EDGE_CURVE('',#7451,#7449,#9150,.T.);
#5661=EDGE_CURVE('',#7451,#7452,#9151,.T.);
#5662=EDGE_CURVE('',#7453,#7452,#9152,.T.);
#5663=EDGE_CURVE('',#7454,#7453,#9153,.T.);
#5664=EDGE_CURVE('',#7450,#7454,#9154,.T.);
#5665=EDGE_CURVE('',#7455,#7456,#9155,.T.);
#5666=EDGE_CURVE('',#7457,#7455,#9156,.T.);
#5667=EDGE_CURVE('',#7457,#7458,#9157,.T.);
#5668=EDGE_CURVE('',#7459,#7458,#9158,.T.);
#5669=EDGE_CURVE('',#7460,#7459,#9159,.T.);
#5670=EDGE_CURVE('',#7456,#7460,#9160,.T.);
#5671=EDGE_CURVE('',#7461,#7462,#9161,.T.);
#5672=EDGE_CURVE('',#7463,#7461,#9162,.T.);
#5673=EDGE_CURVE('',#7463,#7464,#9163,.T.);
#5674=EDGE_CURVE('',#7465,#7464,#9164,.T.);
#5675=EDGE_CURVE('',#7466,#7465,#9165,.T.);
#5676=EDGE_CURVE('',#7462,#7466,#9166,.T.);
#5677=EDGE_CURVE('',#7467,#7468,#9167,.T.);
#5678=EDGE_CURVE('',#7469,#7467,#9168,.T.);
#5679=EDGE_CURVE('',#7469,#7470,#9169,.T.);
#5680=EDGE_CURVE('',#7471,#7470,#9170,.T.);
#5681=EDGE_CURVE('',#7472,#7471,#9171,.T.);
#5682=EDGE_CURVE('',#7468,#7472,#9172,.T.);
#5683=EDGE_CURVE('',#7473,#7474,#9173,.T.);
#5684=EDGE_CURVE('',#7475,#7473,#9174,.T.);
#5685=EDGE_CURVE('',#7475,#7476,#9175,.T.);
#5686=EDGE_CURVE('',#7477,#7476,#9176,.T.);
#5687=EDGE_CURVE('',#7478,#7477,#9177,.T.);
#5688=EDGE_CURVE('',#7474,#7478,#9178,.T.);
#5689=EDGE_CURVE('',#7479,#7480,#9179,.T.);
#5690=EDGE_CURVE('',#7481,#7479,#9180,.T.);
#5691=EDGE_CURVE('',#7481,#7482,#9181,.T.);
#5692=EDGE_CURVE('',#7483,#7482,#9182,.T.);
#5693=EDGE_CURVE('',#7484,#7483,#9183,.T.);
#5694=EDGE_CURVE('',#7480,#7484,#9184,.T.);
#5695=EDGE_CURVE('',#7485,#7486,#9185,.T.);
#5696=EDGE_CURVE('',#7487,#7485,#9186,.T.);
#5697=EDGE_CURVE('',#7487,#7488,#9187,.T.);
#5698=EDGE_CURVE('',#7489,#7488,#9188,.T.);
#5699=EDGE_CURVE('',#7490,#7489,#9189,.T.);
#5700=EDGE_CURVE('',#7486,#7490,#9190,.T.);
#5701=EDGE_CURVE('',#7491,#7492,#9191,.T.);
#5702=EDGE_CURVE('',#7493,#7491,#9192,.T.);
#5703=EDGE_CURVE('',#7493,#7494,#9193,.T.);
#5704=EDGE_CURVE('',#7495,#7494,#9194,.T.);
#5705=EDGE_CURVE('',#7496,#7495,#9195,.T.);
#5706=EDGE_CURVE('',#7492,#7496,#9196,.T.);
#5707=EDGE_CURVE('',#7497,#7498,#9197,.T.);
#5708=EDGE_CURVE('',#7499,#7497,#9198,.T.);
#5709=EDGE_CURVE('',#7499,#7500,#9199,.T.);
#5710=EDGE_CURVE('',#7501,#7500,#9200,.T.);
#5711=EDGE_CURVE('',#7502,#7501,#9201,.T.);
#5712=EDGE_CURVE('',#7498,#7502,#9202,.T.);
#5713=EDGE_CURVE('',#7503,#7504,#9203,.T.);
#5714=EDGE_CURVE('',#7505,#7503,#9204,.T.);
#5715=EDGE_CURVE('',#7505,#7506,#9205,.T.);
#5716=EDGE_CURVE('',#7507,#7506,#9206,.T.);
#5717=EDGE_CURVE('',#7508,#7507,#9207,.T.);
#5718=EDGE_CURVE('',#7504,#7508,#9208,.T.);
#5719=EDGE_CURVE('',#7509,#7510,#9209,.T.);
#5720=EDGE_CURVE('',#7511,#7509,#9210,.T.);
#5721=EDGE_CURVE('',#7511,#7512,#9211,.T.);
#5722=EDGE_CURVE('',#7513,#7512,#9212,.T.);
#5723=EDGE_CURVE('',#7514,#7513,#9213,.T.);
#5724=EDGE_CURVE('',#7510,#7514,#9214,.T.);
#5725=EDGE_CURVE('',#7515,#7516,#9215,.T.);
#5726=EDGE_CURVE('',#7517,#7515,#9216,.T.);
#5727=EDGE_CURVE('',#7517,#7518,#9217,.T.);
#5728=EDGE_CURVE('',#7519,#7518,#9218,.T.);
#5729=EDGE_CURVE('',#7520,#7519,#9219,.T.);
#5730=EDGE_CURVE('',#7516,#7520,#9220,.T.);
#5731=EDGE_CURVE('',#7432,#7521,#9221,.T.);
#5732=EDGE_CURVE('',#7522,#7436,#9222,.T.);
#5733=EDGE_CURVE('',#7521,#7522,#9223,.T.);
#5734=EDGE_CURVE('',#7438,#7523,#9224,.T.);
#5735=EDGE_CURVE('',#7524,#7442,#9225,.T.);
#5736=EDGE_CURVE('',#7523,#7524,#9226,.T.);
#5737=EDGE_CURVE('',#7444,#7525,#9227,.T.);
#5738=EDGE_CURVE('',#7526,#7448,#9228,.T.);
#5739=EDGE_CURVE('',#7525,#7526,#9229,.T.);
#5740=EDGE_CURVE('',#7450,#7527,#9230,.T.);
#5741=EDGE_CURVE('',#7528,#7454,#9231,.T.);
#5742=EDGE_CURVE('',#7527,#7528,#9232,.T.);
#5743=EDGE_CURVE('',#7456,#7529,#9233,.T.);
#5744=EDGE_CURVE('',#7530,#7460,#9234,.T.);
#5745=EDGE_CURVE('',#7529,#7530,#9235,.T.);
#5746=EDGE_CURVE('',#7462,#7531,#9236,.T.);
#5747=EDGE_CURVE('',#7532,#7466,#9237,.T.);
#5748=EDGE_CURVE('',#7531,#7532,#9238,.T.);
#5749=EDGE_CURVE('',#7468,#7533,#9239,.T.);
#5750=EDGE_CURVE('',#7534,#7472,#9240,.T.);
#5751=EDGE_CURVE('',#7533,#7534,#9241,.T.);
#5752=EDGE_CURVE('',#7474,#7535,#9242,.T.);
#5753=EDGE_CURVE('',#7536,#7478,#9243,.T.);
#5754=EDGE_CURVE('',#7535,#7536,#9244,.T.);
#5755=EDGE_CURVE('',#7480,#7537,#9245,.T.);
#5756=EDGE_CURVE('',#7538,#7484,#9246,.T.);
#5757=EDGE_CURVE('',#7537,#7538,#9247,.T.);
#5758=EDGE_CURVE('',#7486,#7539,#9248,.T.);
#5759=EDGE_CURVE('',#7540,#7490,#9249,.T.);
#5760=EDGE_CURVE('',#7539,#7540,#9250,.T.);
#5761=EDGE_CURVE('',#7492,#7541,#9251,.T.);
#5762=EDGE_CURVE('',#7542,#7496,#9252,.T.);
#5763=EDGE_CURVE('',#7541,#7542,#9253,.T.);
#5764=EDGE_CURVE('',#7498,#7543,#9254,.T.);
#5765=EDGE_CURVE('',#7544,#7502,#9255,.T.);
#5766=EDGE_CURVE('',#7543,#7544,#9256,.T.);
#5767=EDGE_CURVE('',#7504,#7545,#9257,.T.);
#5768=EDGE_CURVE('',#7546,#7508,#9258,.T.);
#5769=EDGE_CURVE('',#7545,#7546,#9259,.T.);
#5770=EDGE_CURVE('',#7510,#7547,#9260,.T.);
#5771=EDGE_CURVE('',#7548,#7514,#9261,.T.);
#5772=EDGE_CURVE('',#7547,#7548,#9262,.T.);
#5773=EDGE_CURVE('',#7516,#7549,#9263,.T.);
#5774=EDGE_CURVE('',#7550,#7520,#9264,.T.);
#5775=EDGE_CURVE('',#7549,#7550,#9265,.T.);
#5776=EDGE_CURVE('',#7521,#7551,#9266,.T.);
#5777=EDGE_CURVE('',#7552,#7522,#9267,.T.);
#5778=EDGE_CURVE('',#7553,#7552,#9268,.T.);
#5779=EDGE_CURVE('',#7554,#7553,#9269,.T.);
#5780=EDGE_CURVE('',#7551,#7554,#9270,.T.);
#5781=EDGE_CURVE('',#7523,#7555,#9271,.T.);
#5782=EDGE_CURVE('',#7556,#7524,#9272,.T.);
#5783=EDGE_CURVE('',#7557,#7556,#9273,.T.);
#5784=EDGE_CURVE('',#7558,#7557,#9274,.T.);
#5785=EDGE_CURVE('',#7555,#7558,#9275,.T.);
#5786=EDGE_CURVE('',#7525,#7559,#9276,.T.);
#5787=EDGE_CURVE('',#7560,#7526,#9277,.T.);
#5788=EDGE_CURVE('',#7561,#7560,#9278,.T.);
#5789=EDGE_CURVE('',#7562,#7561,#9279,.T.);
#5790=EDGE_CURVE('',#7559,#7562,#9280,.T.);
#5791=EDGE_CURVE('',#7527,#7563,#9281,.T.);
#5792=EDGE_CURVE('',#7564,#7528,#9282,.T.);
#5793=EDGE_CURVE('',#7565,#7564,#9283,.T.);
#5794=EDGE_CURVE('',#7566,#7565,#9284,.T.);
#5795=EDGE_CURVE('',#7563,#7566,#9285,.T.);
#5796=EDGE_CURVE('',#7529,#7567,#9286,.T.);
#5797=EDGE_CURVE('',#7568,#7530,#9287,.T.);
#5798=EDGE_CURVE('',#7569,#7568,#9288,.T.);
#5799=EDGE_CURVE('',#7570,#7569,#9289,.T.);
#5800=EDGE_CURVE('',#7567,#7570,#9290,.T.);
#5801=EDGE_CURVE('',#7531,#7571,#9291,.T.);
#5802=EDGE_CURVE('',#7572,#7532,#9292,.T.);
#5803=EDGE_CURVE('',#7573,#7572,#9293,.T.);
#5804=EDGE_CURVE('',#7574,#7573,#9294,.T.);
#5805=EDGE_CURVE('',#7571,#7574,#9295,.T.);
#5806=EDGE_CURVE('',#7533,#7575,#9296,.T.);
#5807=EDGE_CURVE('',#7576,#7534,#9297,.T.);
#5808=EDGE_CURVE('',#7577,#7576,#9298,.T.);
#5809=EDGE_CURVE('',#7578,#7577,#9299,.T.);
#5810=EDGE_CURVE('',#7575,#7578,#9300,.T.);
#5811=EDGE_CURVE('',#7535,#7579,#9301,.T.);
#5812=EDGE_CURVE('',#7580,#7536,#9302,.T.);
#5813=EDGE_CURVE('',#7581,#7580,#9303,.T.);
#5814=EDGE_CURVE('',#7582,#7581,#9304,.T.);
#5815=EDGE_CURVE('',#7579,#7582,#9305,.T.);
#5816=EDGE_CURVE('',#7537,#7583,#9306,.T.);
#5817=EDGE_CURVE('',#7584,#7538,#9307,.T.);
#5818=EDGE_CURVE('',#7585,#7584,#9308,.T.);
#5819=EDGE_CURVE('',#7586,#7585,#9309,.T.);
#5820=EDGE_CURVE('',#7583,#7586,#9310,.T.);
#5821=EDGE_CURVE('',#7539,#7587,#9311,.T.);
#5822=EDGE_CURVE('',#7588,#7540,#9312,.T.);
#5823=EDGE_CURVE('',#7589,#7588,#9313,.T.);
#5824=EDGE_CURVE('',#7590,#7589,#9314,.T.);
#5825=EDGE_CURVE('',#7587,#7590,#9315,.T.);
#5826=EDGE_CURVE('',#7541,#7591,#9316,.T.);
#5827=EDGE_CURVE('',#7592,#7542,#9317,.T.);
#5828=EDGE_CURVE('',#7593,#7592,#9318,.T.);
#5829=EDGE_CURVE('',#7594,#7593,#9319,.T.);
#5830=EDGE_CURVE('',#7591,#7594,#9320,.T.);
#5831=EDGE_CURVE('',#7543,#7595,#9321,.T.);
#5832=EDGE_CURVE('',#7596,#7544,#9322,.T.);
#5833=EDGE_CURVE('',#7597,#7596,#9323,.T.);
#5834=EDGE_CURVE('',#7598,#7597,#9324,.T.);
#5835=EDGE_CURVE('',#7595,#7598,#9325,.T.);
#5836=EDGE_CURVE('',#7545,#7599,#9326,.T.);
#5837=EDGE_CURVE('',#7600,#7546,#9327,.T.);
#5838=EDGE_CURVE('',#7601,#7600,#9328,.T.);
#5839=EDGE_CURVE('',#7602,#7601,#9329,.T.);
#5840=EDGE_CURVE('',#7599,#7602,#9330,.T.);
#5841=EDGE_CURVE('',#7547,#7603,#9331,.T.);
#5842=EDGE_CURVE('',#7604,#7548,#9332,.T.);
#5843=EDGE_CURVE('',#7605,#7604,#9333,.T.);
#5844=EDGE_CURVE('',#7606,#7605,#9334,.T.);
#5845=EDGE_CURVE('',#7603,#7606,#9335,.T.);
#5846=EDGE_CURVE('',#7549,#7607,#9336,.T.);
#5847=EDGE_CURVE('',#7608,#7550,#9337,.T.);
#5848=EDGE_CURVE('',#7609,#7608,#9338,.T.);
#5849=EDGE_CURVE('',#7610,#7609,#9339,.T.);
#5850=EDGE_CURVE('',#7607,#7610,#9340,.T.);
#5851=EDGE_CURVE('',#7519,#7608,#9341,.T.);
#5852=EDGE_CURVE('',#7611,#7518,#108,.T.);
#5853=EDGE_CURVE('',#7611,#7612,#9342,.T.);
#5854=EDGE_CURVE('',#7612,#7613,#9343,.T.);
#5855=EDGE_CURVE('',#7613,#7614,#9344,.T.);
#5856=EDGE_CURVE('',#7614,#7609,#109,.T.);
#5857=EDGE_CURVE('',#7513,#7604,#9345,.T.);
#5858=EDGE_CURVE('',#7615,#7512,#110,.T.);
#5859=EDGE_CURVE('',#7615,#7616,#9346,.T.);
#5860=EDGE_CURVE('',#7616,#7617,#9347,.T.);
#5861=EDGE_CURVE('',#7617,#7618,#9348,.T.);
#5862=EDGE_CURVE('',#7618,#7605,#111,.T.);
#5863=EDGE_CURVE('',#7610,#7619,#112,.T.);
#5864=EDGE_CURVE('',#7619,#7620,#9349,.T.);
#5865=EDGE_CURVE('',#7621,#7620,#9350,.T.);
#5866=EDGE_CURVE('',#7621,#7622,#9351,.T.);
#5867=EDGE_CURVE('',#7517,#7622,#113,.T.);
#5868=EDGE_CURVE('',#7515,#7607,#9352,.T.);
#5869=EDGE_CURVE('',#7507,#7600,#9353,.T.);
#5870=EDGE_CURVE('',#7623,#7506,#114,.T.);
#5871=EDGE_CURVE('',#7623,#7624,#9354,.T.);
#5872=EDGE_CURVE('',#7624,#7625,#9355,.T.);
#5873=EDGE_CURVE('',#7625,#7626,#9356,.T.);
#5874=EDGE_CURVE('',#7626,#7601,#115,.T.);
#5875=EDGE_CURVE('',#7606,#7627,#116,.T.);
#5876=EDGE_CURVE('',#7627,#7628,#9357,.T.);
#5877=EDGE_CURVE('',#7629,#7628,#9358,.T.);
#5878=EDGE_CURVE('',#7629,#7630,#9359,.T.);
#5879=EDGE_CURVE('',#7511,#7630,#117,.T.);
#5880=EDGE_CURVE('',#7509,#7603,#9360,.T.);
#5881=EDGE_CURVE('',#7501,#7596,#9361,.T.);
#5882=EDGE_CURVE('',#7631,#7500,#118,.T.);
#5883=EDGE_CURVE('',#7631,#7632,#9362,.T.);
#5884=EDGE_CURVE('',#7632,#7633,#9363,.T.);
#5885=EDGE_CURVE('',#7633,#7634,#9364,.T.);
#5886=EDGE_CURVE('',#7634,#7597,#119,.T.);
#5887=EDGE_CURVE('',#7602,#7635,#120,.T.);
#5888=EDGE_CURVE('',#7635,#7636,#9365,.T.);
#5889=EDGE_CURVE('',#7637,#7636,#9366,.T.);
#5890=EDGE_CURVE('',#7637,#7638,#9367,.T.);
#5891=EDGE_CURVE('',#7505,#7638,#121,.T.);
#5892=EDGE_CURVE('',#7503,#7599,#9368,.T.);
#5893=EDGE_CURVE('',#7495,#7592,#9369,.T.);
#5894=EDGE_CURVE('',#7639,#7494,#122,.T.);
#5895=EDGE_CURVE('',#7639,#7640,#9370,.T.);
#5896=EDGE_CURVE('',#7640,#7641,#9371,.T.);
#5897=EDGE_CURVE('',#7641,#7642,#9372,.T.);
#5898=EDGE_CURVE('',#7642,#7593,#123,.T.);
#5899=EDGE_CURVE('',#7598,#7643,#124,.T.);
#5900=EDGE_CURVE('',#7643,#7644,#9373,.T.);
#5901=EDGE_CURVE('',#7645,#7644,#9374,.T.);
#5902=EDGE_CURVE('',#7645,#7646,#9375,.T.);
#5903=EDGE_CURVE('',#7499,#7646,#125,.T.);
#5904=EDGE_CURVE('',#7497,#7595,#9376,.T.);
#5905=EDGE_CURVE('',#7489,#7588,#9377,.T.);
#5906=EDGE_CURVE('',#7647,#7488,#126,.T.);
#5907=EDGE_CURVE('',#7647,#7648,#9378,.T.);
#5908=EDGE_CURVE('',#7648,#7649,#9379,.T.);
#5909=EDGE_CURVE('',#7649,#7650,#9380,.T.);
#5910=EDGE_CURVE('',#7650,#7589,#127,.T.);
#5911=EDGE_CURVE('',#7594,#7651,#128,.T.);
#5912=EDGE_CURVE('',#7651,#7652,#9381,.T.);
#5913=EDGE_CURVE('',#7653,#7652,#9382,.T.);
#5914=EDGE_CURVE('',#7653,#7654,#9383,.T.);
#5915=EDGE_CURVE('',#7493,#7654,#129,.T.);
#5916=EDGE_CURVE('',#7491,#7591,#9384,.T.);
#5917=EDGE_CURVE('',#7483,#7584,#9385,.T.);
#5918=EDGE_CURVE('',#7655,#7482,#130,.T.);
#5919=EDGE_CURVE('',#7655,#7656,#9386,.T.);
#5920=EDGE_CURVE('',#7656,#7657,#9387,.T.);
#5921=EDGE_CURVE('',#7657,#7658,#9388,.T.);
#5922=EDGE_CURVE('',#7658,#7585,#131,.T.);
#5923=EDGE_CURVE('',#7590,#7659,#132,.T.);
#5924=EDGE_CURVE('',#7659,#7660,#9389,.T.);
#5925=EDGE_CURVE('',#7661,#7660,#9390,.T.);
#5926=EDGE_CURVE('',#7661,#7662,#9391,.T.);
#5927=EDGE_CURVE('',#7487,#7662,#133,.T.);
#5928=EDGE_CURVE('',#7485,#7587,#9392,.T.);
#5929=EDGE_CURVE('',#7477,#7580,#9393,.T.);
#5930=EDGE_CURVE('',#7663,#7476,#134,.T.);
#5931=EDGE_CURVE('',#7663,#7664,#9394,.T.);
#5932=EDGE_CURVE('',#7664,#7665,#9395,.T.);
#5933=EDGE_CURVE('',#7665,#7666,#9396,.T.);
#5934=EDGE_CURVE('',#7666,#7581,#135,.T.);
#5935=EDGE_CURVE('',#7586,#7667,#136,.T.);
#5936=EDGE_CURVE('',#7667,#7668,#9397,.T.);
#5937=EDGE_CURVE('',#7669,#7668,#9398,.T.);
#5938=EDGE_CURVE('',#7669,#7670,#9399,.T.);
#5939=EDGE_CURVE('',#7481,#7670,#137,.T.);
#5940=EDGE_CURVE('',#7479,#7583,#9400,.T.);
#5941=EDGE_CURVE('',#7471,#7576,#9401,.T.);
#5942=EDGE_CURVE('',#7671,#7470,#138,.T.);
#5943=EDGE_CURVE('',#7671,#7672,#9402,.T.);
#5944=EDGE_CURVE('',#7672,#7673,#9403,.T.);
#5945=EDGE_CURVE('',#7673,#7674,#9404,.T.);
#5946=EDGE_CURVE('',#7674,#7577,#139,.T.);
#5947=EDGE_CURVE('',#7582,#7675,#140,.T.);
#5948=EDGE_CURVE('',#7675,#7676,#9405,.T.);
#5949=EDGE_CURVE('',#7677,#7676,#9406,.T.);
#5950=EDGE_CURVE('',#7677,#7678,#9407,.T.);
#5951=EDGE_CURVE('',#7475,#7678,#141,.T.);
#5952=EDGE_CURVE('',#7473,#7579,#9408,.T.);
#5953=EDGE_CURVE('',#7465,#7572,#9409,.T.);
#5954=EDGE_CURVE('',#7679,#7464,#142,.T.);
#5955=EDGE_CURVE('',#7679,#7680,#9410,.T.);
#5956=EDGE_CURVE('',#7680,#7681,#9411,.T.);
#5957=EDGE_CURVE('',#7681,#7682,#9412,.T.);
#5958=EDGE_CURVE('',#7682,#7573,#143,.T.);
#5959=EDGE_CURVE('',#7578,#7683,#144,.T.);
#5960=EDGE_CURVE('',#7683,#7684,#9413,.T.);
#5961=EDGE_CURVE('',#7685,#7684,#9414,.T.);
#5962=EDGE_CURVE('',#7685,#7686,#9415,.T.);
#5963=EDGE_CURVE('',#7469,#7686,#145,.T.);
#5964=EDGE_CURVE('',#7467,#7575,#9416,.T.);
#5965=EDGE_CURVE('',#7459,#7568,#9417,.T.);
#5966=EDGE_CURVE('',#7687,#7458,#146,.T.);
#5967=EDGE_CURVE('',#7687,#7688,#9418,.T.);
#5968=EDGE_CURVE('',#7688,#7689,#9419,.T.);
#5969=EDGE_CURVE('',#7689,#7690,#9420,.T.);
#5970=EDGE_CURVE('',#7690,#7569,#147,.T.);
#5971=EDGE_CURVE('',#7574,#7691,#148,.T.);
#5972=EDGE_CURVE('',#7691,#7692,#9421,.T.);
#5973=EDGE_CURVE('',#7693,#7692,#9422,.T.);
#5974=EDGE_CURVE('',#7693,#7694,#9423,.T.);
#5975=EDGE_CURVE('',#7463,#7694,#149,.T.);
#5976=EDGE_CURVE('',#7461,#7571,#9424,.T.);
#5977=EDGE_CURVE('',#7453,#7564,#9425,.T.);
#5978=EDGE_CURVE('',#7695,#7452,#150,.T.);
#5979=EDGE_CURVE('',#7695,#7696,#9426,.T.);
#5980=EDGE_CURVE('',#7696,#7697,#9427,.T.);
#5981=EDGE_CURVE('',#7697,#7698,#9428,.T.);
#5982=EDGE_CURVE('',#7698,#7565,#151,.T.);
#5983=EDGE_CURVE('',#7570,#7699,#152,.T.);
#5984=EDGE_CURVE('',#7699,#7700,#9429,.T.);
#5985=EDGE_CURVE('',#7701,#7700,#9430,.T.);
#5986=EDGE_CURVE('',#7701,#7702,#9431,.T.);
#5987=EDGE_CURVE('',#7457,#7702,#153,.T.);
#5988=EDGE_CURVE('',#7455,#7567,#9432,.T.);
#5989=EDGE_CURVE('',#7447,#7560,#9433,.T.);
#5990=EDGE_CURVE('',#7703,#7446,#154,.T.);
#5991=EDGE_CURVE('',#7703,#7704,#9434,.T.);
#5992=EDGE_CURVE('',#7704,#7705,#9435,.T.);
#5993=EDGE_CURVE('',#7705,#7706,#9436,.T.);
#5994=EDGE_CURVE('',#7706,#7561,#155,.T.);
#5995=EDGE_CURVE('',#7566,#7707,#156,.T.);
#5996=EDGE_CURVE('',#7707,#7708,#9437,.T.);
#5997=EDGE_CURVE('',#7709,#7708,#9438,.T.);
#5998=EDGE_CURVE('',#7709,#7710,#9439,.T.);
#5999=EDGE_CURVE('',#7451,#7710,#157,.T.);
#6000=EDGE_CURVE('',#7449,#7563,#9440,.T.);
#6001=EDGE_CURVE('',#7441,#7556,#9441,.T.);
#6002=EDGE_CURVE('',#7711,#7440,#158,.T.);
#6003=EDGE_CURVE('',#7711,#7712,#9442,.T.);
#6004=EDGE_CURVE('',#7712,#7713,#9443,.T.);
#6005=EDGE_CURVE('',#7713,#7714,#9444,.T.);
#6006=EDGE_CURVE('',#7714,#7557,#159,.T.);
#6007=EDGE_CURVE('',#7562,#7715,#160,.T.);
#6008=EDGE_CURVE('',#7715,#7716,#9445,.T.);
#6009=EDGE_CURVE('',#7717,#7716,#9446,.T.);
#6010=EDGE_CURVE('',#7717,#7718,#9447,.T.);
#6011=EDGE_CURVE('',#7445,#7718,#161,.T.);
#6012=EDGE_CURVE('',#7443,#7559,#9448,.T.);
#6013=EDGE_CURVE('',#7435,#7552,#9449,.T.);
#6014=EDGE_CURVE('',#7719,#7434,#162,.T.);
#6015=EDGE_CURVE('',#7719,#7720,#9450,.T.);
#6016=EDGE_CURVE('',#7720,#7721,#9451,.T.);
#6017=EDGE_CURVE('',#7721,#7722,#9452,.T.);
#6018=EDGE_CURVE('',#7722,#7553,#163,.T.);
#6019=EDGE_CURVE('',#7558,#7723,#164,.T.);
#6020=EDGE_CURVE('',#7723,#7724,#9453,.T.);
#6021=EDGE_CURVE('',#7725,#7724,#9454,.T.);
#6022=EDGE_CURVE('',#7725,#7726,#9455,.T.);
#6023=EDGE_CURVE('',#7439,#7726,#165,.T.);
#6024=EDGE_CURVE('',#7437,#7555,#9456,.T.);
#6025=EDGE_CURVE('',#7431,#7551,#9457,.T.);
#6026=EDGE_CURVE('',#7554,#7727,#166,.T.);
#6027=EDGE_CURVE('',#7727,#7728,#9458,.T.);
#6028=EDGE_CURVE('',#7729,#7728,#9459,.T.);
#6029=EDGE_CURVE('',#7729,#7730,#9460,.T.);
#6030=EDGE_CURVE('',#7433,#7730,#167,.T.);
#6031=EDGE_CURVE('',#7339,#7428,#9461,.T.);
#6032=EDGE_CURVE('',#7731,#7338,#168,.T.);
#6033=EDGE_CURVE('',#7731,#7732,#9462,.T.);
#6034=EDGE_CURVE('',#7732,#7733,#9463,.T.);
#6035=EDGE_CURVE('',#7733,#7734,#9464,.T.);
#6036=EDGE_CURVE('',#7734,#7429,#169,.T.);
#6037=EDGE_CURVE('',#7333,#7424,#9465,.T.);
#6038=EDGE_CURVE('',#7735,#7332,#170,.T.);
#6039=EDGE_CURVE('',#7735,#7736,#9466,.T.);
#6040=EDGE_CURVE('',#7736,#7737,#9467,.T.);
#6041=EDGE_CURVE('',#7737,#7738,#9468,.T.);
#6042=EDGE_CURVE('',#7738,#7425,#171,.T.);
#6043=EDGE_CURVE('',#7430,#7739,#172,.T.);
#6044=EDGE_CURVE('',#7739,#7740,#9469,.T.);
#6045=EDGE_CURVE('',#7741,#7740,#9470,.T.);
#6046=EDGE_CURVE('',#7741,#7742,#9471,.T.);
#6047=EDGE_CURVE('',#7337,#7742,#173,.T.);
#6048=EDGE_CURVE('',#7335,#7427,#9472,.T.);
#6049=EDGE_CURVE('',#7327,#7420,#9473,.T.);
#6050=EDGE_CURVE('',#7743,#7326,#174,.T.);
#6051=EDGE_CURVE('',#7743,#7744,#9474,.T.);
#6052=EDGE_CURVE('',#7744,#7745,#9475,.T.);
#6053=EDGE_CURVE('',#7745,#7746,#9476,.T.);
#6054=EDGE_CURVE('',#7746,#7421,#175,.T.);
#6055=EDGE_CURVE('',#7426,#7747,#176,.T.);
#6056=EDGE_CURVE('',#7747,#7748,#9477,.T.);
#6057=EDGE_CURVE('',#7749,#7748,#9478,.T.);
#6058=EDGE_CURVE('',#7749,#7750,#9479,.T.);
#6059=EDGE_CURVE('',#7331,#7750,#177,.T.);
#6060=EDGE_CURVE('',#7329,#7423,#9480,.T.);
#6061=EDGE_CURVE('',#7321,#7416,#9481,.T.);
#6062=EDGE_CURVE('',#7751,#7320,#178,.T.);
#6063=EDGE_CURVE('',#7751,#7752,#9482,.T.);
#6064=EDGE_CURVE('',#7752,#7753,#9483,.T.);
#6065=EDGE_CURVE('',#7753,#7754,#9484,.T.);
#6066=EDGE_CURVE('',#7754,#7417,#179,.T.);
#6067=EDGE_CURVE('',#7422,#7755,#180,.T.);
#6068=EDGE_CURVE('',#7755,#7756,#9485,.T.);
#6069=EDGE_CURVE('',#7757,#7756,#9486,.T.);
#6070=EDGE_CURVE('',#7757,#7758,#9487,.T.);
#6071=EDGE_CURVE('',#7325,#7758,#181,.T.);
#6072=EDGE_CURVE('',#7323,#7419,#9488,.T.);
#6073=EDGE_CURVE('',#7315,#7412,#9489,.T.);
#6074=EDGE_CURVE('',#7759,#7314,#182,.T.);
#6075=EDGE_CURVE('',#7759,#7760,#9490,.T.);
#6076=EDGE_CURVE('',#7760,#7761,#9491,.T.);
#6077=EDGE_CURVE('',#7761,#7762,#9492,.T.);
#6078=EDGE_CURVE('',#7762,#7413,#183,.T.);
#6079=EDGE_CURVE('',#7418,#7763,#184,.T.);
#6080=EDGE_CURVE('',#7763,#7764,#9493,.T.);
#6081=EDGE_CURVE('',#7765,#7764,#9494,.T.);
#6082=EDGE_CURVE('',#7765,#7766,#9495,.T.);
#6083=EDGE_CURVE('',#7319,#7766,#185,.T.);
#6084=EDGE_CURVE('',#7317,#7415,#9496,.T.);
#6085=EDGE_CURVE('',#7309,#7408,#9497,.T.);
#6086=EDGE_CURVE('',#7767,#7308,#186,.T.);
#6087=EDGE_CURVE('',#7767,#7768,#9498,.T.);
#6088=EDGE_CURVE('',#7768,#7769,#9499,.T.);
#6089=EDGE_CURVE('',#7769,#7770,#9500,.T.);
#6090=EDGE_CURVE('',#7770,#7409,#187,.T.);
#6091=EDGE_CURVE('',#7414,#7771,#188,.T.);
#6092=EDGE_CURVE('',#7771,#7772,#9501,.T.);
#6093=EDGE_CURVE('',#7773,#7772,#9502,.T.);
#6094=EDGE_CURVE('',#7773,#7774,#9503,.T.);
#6095=EDGE_CURVE('',#7313,#7774,#189,.T.);
#6096=EDGE_CURVE('',#7311,#7411,#9504,.T.);
#6097=EDGE_CURVE('',#7303,#7404,#9505,.T.);
#6098=EDGE_CURVE('',#7775,#7302,#190,.T.);
#6099=EDGE_CURVE('',#7775,#7776,#9506,.T.);
#6100=EDGE_CURVE('',#7776,#7777,#9507,.T.);
#6101=EDGE_CURVE('',#7777,#7778,#9508,.T.);
#6102=EDGE_CURVE('',#7778,#7405,#191,.T.);
#6103=EDGE_CURVE('',#7410,#7779,#192,.T.);
#6104=EDGE_CURVE('',#7779,#7780,#9509,.T.);
#6105=EDGE_CURVE('',#7781,#7780,#9510,.T.);
#6106=EDGE_CURVE('',#7781,#7782,#9511,.T.);
#6107=EDGE_CURVE('',#7307,#7782,#193,.T.);
#6108=EDGE_CURVE('',#7305,#7407,#9512,.T.);
#6109=EDGE_CURVE('',#7297,#7400,#9513,.T.);
#6110=EDGE_CURVE('',#7783,#7296,#194,.T.);
#6111=EDGE_CURVE('',#7783,#7784,#9514,.T.);
#6112=EDGE_CURVE('',#7784,#7785,#9515,.T.);
#6113=EDGE_CURVE('',#7785,#7786,#9516,.T.);
#6114=EDGE_CURVE('',#7786,#7401,#195,.T.);
#6115=EDGE_CURVE('',#7406,#7787,#196,.T.);
#6116=EDGE_CURVE('',#7787,#7788,#9517,.T.);
#6117=EDGE_CURVE('',#7789,#7788,#9518,.T.);
#6118=EDGE_CURVE('',#7789,#7790,#9519,.T.);
#6119=EDGE_CURVE('',#7301,#7790,#197,.T.);
#6120=EDGE_CURVE('',#7299,#7403,#9520,.T.);
#6121=EDGE_CURVE('',#7291,#7396,#9521,.T.);
#6122=EDGE_CURVE('',#7791,#7290,#198,.T.);
#6123=EDGE_CURVE('',#7791,#7792,#9522,.T.);
#6124=EDGE_CURVE('',#7792,#7793,#9523,.T.);
#6125=EDGE_CURVE('',#7793,#7794,#9524,.T.);
#6126=EDGE_CURVE('',#7794,#7397,#199,.T.);
#6127=EDGE_CURVE('',#7402,#7795,#200,.T.);
#6128=EDGE_CURVE('',#7795,#7796,#9525,.T.);
#6129=EDGE_CURVE('',#7797,#7796,#9526,.T.);
#6130=EDGE_CURVE('',#7797,#7798,#9527,.T.);
#6131=EDGE_CURVE('',#7295,#7798,#201,.T.);
#6132=EDGE_CURVE('',#7293,#7399,#9528,.T.);
#6133=EDGE_CURVE('',#7285,#7392,#9529,.T.);
#6134=EDGE_CURVE('',#7799,#7284,#202,.T.);
#6135=EDGE_CURVE('',#7799,#7800,#9530,.T.);
#6136=EDGE_CURVE('',#7800,#7801,#9531,.T.);
#6137=EDGE_CURVE('',#7801,#7802,#9532,.T.);
#6138=EDGE_CURVE('',#7802,#7393,#203,.T.);
#6139=EDGE_CURVE('',#7398,#7803,#204,.T.);
#6140=EDGE_CURVE('',#7803,#7804,#9533,.T.);
#6141=EDGE_CURVE('',#7805,#7804,#9534,.T.);
#6142=EDGE_CURVE('',#7805,#7806,#9535,.T.);
#6143=EDGE_CURVE('',#7289,#7806,#205,.T.);
#6144=EDGE_CURVE('',#7287,#7395,#9536,.T.);
#6145=EDGE_CURVE('',#7279,#7388,#9537,.T.);
#6146=EDGE_CURVE('',#7807,#7278,#206,.T.);
#6147=EDGE_CURVE('',#7807,#7808,#9538,.T.);
#6148=EDGE_CURVE('',#7808,#7809,#9539,.T.);
#6149=EDGE_CURVE('',#7809,#7810,#9540,.T.);
#6150=EDGE_CURVE('',#7810,#7389,#207,.T.);
#6151=EDGE_CURVE('',#7394,#7811,#208,.T.);
#6152=EDGE_CURVE('',#7811,#7812,#9541,.T.);
#6153=EDGE_CURVE('',#7813,#7812,#9542,.T.);
#6154=EDGE_CURVE('',#7813,#7814,#9543,.T.);
#6155=EDGE_CURVE('',#7283,#7814,#209,.T.);
#6156=EDGE_CURVE('',#7281,#7391,#9544,.T.);
#6157=EDGE_CURVE('',#7273,#7384,#9545,.T.);
#6158=EDGE_CURVE('',#7815,#7272,#210,.T.);
#6159=EDGE_CURVE('',#7815,#7816,#9546,.T.);
#6160=EDGE_CURVE('',#7816,#7817,#9547,.T.);
#6161=EDGE_CURVE('',#7817,#7818,#9548,.T.);
#6162=EDGE_CURVE('',#7818,#7385,#211,.T.);
#6163=EDGE_CURVE('',#7390,#7819,#212,.T.);
#6164=EDGE_CURVE('',#7819,#7820,#9549,.T.);
#6165=EDGE_CURVE('',#7821,#7820,#9550,.T.);
#6166=EDGE_CURVE('',#7821,#7822,#9551,.T.);
#6167=EDGE_CURVE('',#7277,#7822,#213,.T.);
#6168=EDGE_CURVE('',#7275,#7387,#9552,.T.);
#6169=EDGE_CURVE('',#7267,#7380,#9553,.T.);
#6170=EDGE_CURVE('',#7823,#7266,#214,.T.);
#6171=EDGE_CURVE('',#7823,#7824,#9554,.T.);
#6172=EDGE_CURVE('',#7824,#7825,#9555,.T.);
#6173=EDGE_CURVE('',#7825,#7826,#9556,.T.);
#6174=EDGE_CURVE('',#7826,#7381,#215,.T.);
#6175=EDGE_CURVE('',#7386,#7827,#216,.T.);
#6176=EDGE_CURVE('',#7827,#7828,#9557,.T.);
#6177=EDGE_CURVE('',#7829,#7828,#9558,.T.);
#6178=EDGE_CURVE('',#7829,#7830,#9559,.T.);
#6179=EDGE_CURVE('',#7271,#7830,#217,.T.);
#6180=EDGE_CURVE('',#7269,#7383,#9560,.T.);
#6181=EDGE_CURVE('',#7261,#7376,#9561,.T.);
#6182=EDGE_CURVE('',#7831,#7260,#218,.T.);
#6183=EDGE_CURVE('',#7831,#7832,#9562,.T.);
#6184=EDGE_CURVE('',#7832,#7833,#9563,.T.);
#6185=EDGE_CURVE('',#7833,#7834,#9564,.T.);
#6186=EDGE_CURVE('',#7834,#7377,#219,.T.);
#6187=EDGE_CURVE('',#7382,#7835,#220,.T.);
#6188=EDGE_CURVE('',#7835,#7836,#9565,.T.);
#6189=EDGE_CURVE('',#7837,#7836,#9566,.T.);
#6190=EDGE_CURVE('',#7837,#7838,#9567,.T.);
#6191=EDGE_CURVE('',#7265,#7838,#221,.T.);
#6192=EDGE_CURVE('',#7263,#7379,#9568,.T.);
#6193=EDGE_CURVE('',#7255,#7372,#9569,.T.);
#6194=EDGE_CURVE('',#7839,#7254,#222,.T.);
#6195=EDGE_CURVE('',#7839,#7840,#9570,.T.);
#6196=EDGE_CURVE('',#7840,#7841,#9571,.T.);
#6197=EDGE_CURVE('',#7841,#7842,#9572,.T.);
#6198=EDGE_CURVE('',#7842,#7373,#223,.T.);
#6199=EDGE_CURVE('',#7378,#7843,#224,.T.);
#6200=EDGE_CURVE('',#7843,#7844,#9573,.T.);
#6201=EDGE_CURVE('',#7845,#7844,#9574,.T.);
#6202=EDGE_CURVE('',#7845,#7846,#9575,.T.);
#6203=EDGE_CURVE('',#7259,#7846,#225,.T.);
#6204=EDGE_CURVE('',#7257,#7375,#9576,.T.);
#6205=EDGE_CURVE('',#7251,#7371,#9577,.T.);
#6206=EDGE_CURVE('',#7374,#7847,#226,.T.);
#6207=EDGE_CURVE('',#7847,#7848,#9578,.T.);
#6208=EDGE_CURVE('',#7849,#7848,#9579,.T.);
#6209=EDGE_CURVE('',#7849,#7850,#9580,.T.);
#6210=EDGE_CURVE('',#7253,#7850,#227,.T.);
#6211=EDGE_CURVE('',#7159,#7248,#9581,.T.);
#6212=EDGE_CURVE('',#7851,#7158,#228,.T.);
#6213=EDGE_CURVE('',#7851,#7852,#9582,.T.);
#6214=EDGE_CURVE('',#7852,#7853,#9583,.T.);
#6215=EDGE_CURVE('',#7853,#7854,#9584,.T.);
#6216=EDGE_CURVE('',#7854,#7249,#229,.T.);
#6217=EDGE_CURVE('',#7153,#7244,#9585,.T.);
#6218=EDGE_CURVE('',#7855,#7152,#230,.T.);
#6219=EDGE_CURVE('',#7855,#7856,#9586,.T.);
#6220=EDGE_CURVE('',#7856,#7857,#9587,.T.);
#6221=EDGE_CURVE('',#7857,#7858,#9588,.T.);
#6222=EDGE_CURVE('',#7858,#7245,#231,.T.);
#6223=EDGE_CURVE('',#7250,#7859,#232,.T.);
#6224=EDGE_CURVE('',#7859,#7860,#9589,.T.);
#6225=EDGE_CURVE('',#7861,#7860,#9590,.T.);
#6226=EDGE_CURVE('',#7861,#7862,#9591,.T.);
#6227=EDGE_CURVE('',#7157,#7862,#233,.T.);
#6228=EDGE_CURVE('',#7155,#7247,#9592,.T.);
#6229=EDGE_CURVE('',#7147,#7240,#9593,.T.);
#6230=EDGE_CURVE('',#7863,#7146,#234,.T.);
#6231=EDGE_CURVE('',#7863,#7864,#9594,.T.);
#6232=EDGE_CURVE('',#7864,#7865,#9595,.T.);
#6233=EDGE_CURVE('',#7865,#7866,#9596,.T.);
#6234=EDGE_CURVE('',#7866,#7241,#235,.T.);
#6235=EDGE_CURVE('',#7246,#7867,#236,.T.);
#6236=EDGE_CURVE('',#7867,#7868,#9597,.T.);
#6237=EDGE_CURVE('',#7869,#7868,#9598,.T.);
#6238=EDGE_CURVE('',#7869,#7870,#9599,.T.);
#6239=EDGE_CURVE('',#7151,#7870,#237,.T.);
#6240=EDGE_CURVE('',#7149,#7243,#9600,.T.);
#6241=EDGE_CURVE('',#7141,#7236,#9601,.T.);
#6242=EDGE_CURVE('',#7871,#7140,#238,.T.);
#6243=EDGE_CURVE('',#7871,#7872,#9602,.T.);
#6244=EDGE_CURVE('',#7872,#7873,#9603,.T.);
#6245=EDGE_CURVE('',#7873,#7874,#9604,.T.);
#6246=EDGE_CURVE('',#7874,#7237,#239,.T.);
#6247=EDGE_CURVE('',#7242,#7875,#240,.T.);
#6248=EDGE_CURVE('',#7875,#7876,#9605,.T.);
#6249=EDGE_CURVE('',#7877,#7876,#9606,.T.);
#6250=EDGE_CURVE('',#7877,#7878,#9607,.T.);
#6251=EDGE_CURVE('',#7145,#7878,#241,.T.);
#6252=EDGE_CURVE('',#7143,#7239,#9608,.T.);
#6253=EDGE_CURVE('',#7135,#7232,#9609,.T.);
#6254=EDGE_CURVE('',#7879,#7134,#242,.T.);
#6255=EDGE_CURVE('',#7879,#7880,#9610,.T.);
#6256=EDGE_CURVE('',#7880,#7881,#9611,.T.);
#6257=EDGE_CURVE('',#7881,#7882,#9612,.T.);
#6258=EDGE_CURVE('',#7882,#7233,#243,.T.);
#6259=EDGE_CURVE('',#7238,#7883,#244,.T.);
#6260=EDGE_CURVE('',#7883,#7884,#9613,.T.);
#6261=EDGE_CURVE('',#7885,#7884,#9614,.T.);
#6262=EDGE_CURVE('',#7885,#7886,#9615,.T.);
#6263=EDGE_CURVE('',#7139,#7886,#245,.T.);
#6264=EDGE_CURVE('',#7137,#7235,#9616,.T.);
#6265=EDGE_CURVE('',#7129,#7228,#9617,.T.);
#6266=EDGE_CURVE('',#7887,#7128,#246,.T.);
#6267=EDGE_CURVE('',#7887,#7888,#9618,.T.);
#6268=EDGE_CURVE('',#7888,#7889,#9619,.T.);
#6269=EDGE_CURVE('',#7889,#7890,#9620,.T.);
#6270=EDGE_CURVE('',#7890,#7229,#247,.T.);
#6271=EDGE_CURVE('',#7234,#7891,#248,.T.);
#6272=EDGE_CURVE('',#7891,#7892,#9621,.T.);
#6273=EDGE_CURVE('',#7893,#7892,#9622,.T.);
#6274=EDGE_CURVE('',#7893,#7894,#9623,.T.);
#6275=EDGE_CURVE('',#7133,#7894,#249,.T.);
#6276=EDGE_CURVE('',#7131,#7231,#9624,.T.);
#6277=EDGE_CURVE('',#7123,#7224,#9625,.T.);
#6278=EDGE_CURVE('',#7895,#7122,#250,.T.);
#6279=EDGE_CURVE('',#7895,#7896,#9626,.T.);
#6280=EDGE_CURVE('',#7896,#7897,#9627,.T.);
#6281=EDGE_CURVE('',#7897,#7898,#9628,.T.);
#6282=EDGE_CURVE('',#7898,#7225,#251,.T.);
#6283=EDGE_CURVE('',#7230,#7899,#252,.T.);
#6284=EDGE_CURVE('',#7899,#7900,#9629,.T.);
#6285=EDGE_CURVE('',#7901,#7900,#9630,.T.);
#6286=EDGE_CURVE('',#7901,#7902,#9631,.T.);
#6287=EDGE_CURVE('',#7127,#7902,#253,.T.);
#6288=EDGE_CURVE('',#7125,#7227,#9632,.T.);
#6289=EDGE_CURVE('',#7117,#7220,#9633,.T.);
#6290=EDGE_CURVE('',#7903,#7116,#254,.T.);
#6291=EDGE_CURVE('',#7903,#7904,#9634,.T.);
#6292=EDGE_CURVE('',#7904,#7905,#9635,.T.);
#6293=EDGE_CURVE('',#7905,#7906,#9636,.T.);
#6294=EDGE_CURVE('',#7906,#7221,#255,.T.);
#6295=EDGE_CURVE('',#7226,#7907,#256,.T.);
#6296=EDGE_CURVE('',#7907,#7908,#9637,.T.);
#6297=EDGE_CURVE('',#7909,#7908,#9638,.T.);
#6298=EDGE_CURVE('',#7909,#7910,#9639,.T.);
#6299=EDGE_CURVE('',#7121,#7910,#257,.T.);
#6300=EDGE_CURVE('',#7119,#7223,#9640,.T.);
#6301=EDGE_CURVE('',#7111,#7216,#9641,.T.);
#6302=EDGE_CURVE('',#7911,#7110,#258,.T.);
#6303=EDGE_CURVE('',#7911,#7912,#9642,.T.);
#6304=EDGE_CURVE('',#7912,#7913,#9643,.T.);
#6305=EDGE_CURVE('',#7913,#7914,#9644,.T.);
#6306=EDGE_CURVE('',#7914,#7217,#259,.T.);
#6307=EDGE_CURVE('',#7222,#7915,#260,.T.);
#6308=EDGE_CURVE('',#7915,#7916,#9645,.T.);
#6309=EDGE_CURVE('',#7917,#7916,#9646,.T.);
#6310=EDGE_CURVE('',#7917,#7918,#9647,.T.);
#6311=EDGE_CURVE('',#7115,#7918,#261,.T.);
#6312=EDGE_CURVE('',#7113,#7219,#9648,.T.);
#6313=EDGE_CURVE('',#7105,#7212,#9649,.T.);
#6314=EDGE_CURVE('',#7919,#7104,#262,.T.);
#6315=EDGE_CURVE('',#7919,#7920,#9650,.T.);
#6316=EDGE_CURVE('',#7920,#7921,#9651,.T.);
#6317=EDGE_CURVE('',#7921,#7922,#9652,.T.);
#6318=EDGE_CURVE('',#7922,#7213,#263,.T.);
#6319=EDGE_CURVE('',#7218,#7923,#264,.T.);
#6320=EDGE_CURVE('',#7923,#7924,#9653,.T.);
#6321=EDGE_CURVE('',#7925,#7924,#9654,.T.);
#6322=EDGE_CURVE('',#7925,#7926,#9655,.T.);
#6323=EDGE_CURVE('',#7109,#7926,#265,.T.);
#6324=EDGE_CURVE('',#7107,#7215,#9656,.T.);
#6325=EDGE_CURVE('',#7099,#7208,#9657,.T.);
#6326=EDGE_CURVE('',#7927,#7098,#266,.T.);
#6327=EDGE_CURVE('',#7927,#7928,#9658,.T.);
#6328=EDGE_CURVE('',#7928,#7929,#9659,.T.);
#6329=EDGE_CURVE('',#7929,#7930,#9660,.T.);
#6330=EDGE_CURVE('',#7930,#7209,#267,.T.);
#6331=EDGE_CURVE('',#7214,#7931,#268,.T.);
#6332=EDGE_CURVE('',#7931,#7932,#9661,.T.);
#6333=EDGE_CURVE('',#7933,#7932,#9662,.T.);
#6334=EDGE_CURVE('',#7933,#7934,#9663,.T.);
#6335=EDGE_CURVE('',#7103,#7934,#269,.T.);
#6336=EDGE_CURVE('',#7101,#7211,#9664,.T.);
#6337=EDGE_CURVE('',#7093,#7204,#9665,.T.);
#6338=EDGE_CURVE('',#7935,#7092,#270,.T.);
#6339=EDGE_CURVE('',#7935,#7936,#9666,.T.);
#6340=EDGE_CURVE('',#7936,#7937,#9667,.T.);
#6341=EDGE_CURVE('',#7937,#7938,#9668,.T.);
#6342=EDGE_CURVE('',#7938,#7205,#271,.T.);
#6343=EDGE_CURVE('',#7210,#7939,#272,.T.);
#6344=EDGE_CURVE('',#7939,#7940,#9669,.T.);
#6345=EDGE_CURVE('',#7941,#7940,#9670,.T.);
#6346=EDGE_CURVE('',#7941,#7942,#9671,.T.);
#6347=EDGE_CURVE('',#7097,#7942,#273,.T.);
#6348=EDGE_CURVE('',#7095,#7207,#9672,.T.);
#6349=EDGE_CURVE('',#7087,#7200,#9673,.T.);
#6350=EDGE_CURVE('',#7943,#7086,#274,.T.);
#6351=EDGE_CURVE('',#7943,#7944,#9674,.T.);
#6352=EDGE_CURVE('',#7944,#7945,#9675,.T.);
#6353=EDGE_CURVE('',#7945,#7946,#9676,.T.);
#6354=EDGE_CURVE('',#7946,#7201,#275,.T.);
#6355=EDGE_CURVE('',#7206,#7947,#276,.T.);
#6356=EDGE_CURVE('',#7947,#7948,#9677,.T.);
#6357=EDGE_CURVE('',#7949,#7948,#9678,.T.);
#6358=EDGE_CURVE('',#7949,#7950,#9679,.T.);
#6359=EDGE_CURVE('',#7091,#7950,#277,.T.);
#6360=EDGE_CURVE('',#7089,#7203,#9680,.T.);
#6361=EDGE_CURVE('',#7081,#7196,#9681,.T.);
#6362=EDGE_CURVE('',#7951,#7080,#278,.T.);
#6363=EDGE_CURVE('',#7951,#7952,#9682,.T.);
#6364=EDGE_CURVE('',#7952,#7953,#9683,.T.);
#6365=EDGE_CURVE('',#7953,#7954,#9684,.T.);
#6366=EDGE_CURVE('',#7954,#7197,#279,.T.);
#6367=EDGE_CURVE('',#7202,#7955,#280,.T.);
#6368=EDGE_CURVE('',#7955,#7956,#9685,.T.);
#6369=EDGE_CURVE('',#7957,#7956,#9686,.T.);
#6370=EDGE_CURVE('',#7957,#7958,#9687,.T.);
#6371=EDGE_CURVE('',#7085,#7958,#281,.T.);
#6372=EDGE_CURVE('',#7083,#7199,#9688,.T.);
#6373=EDGE_CURVE('',#7075,#7192,#9689,.T.);
#6374=EDGE_CURVE('',#7959,#7074,#282,.T.);
#6375=EDGE_CURVE('',#7959,#7960,#9690,.T.);
#6376=EDGE_CURVE('',#7960,#7961,#9691,.T.);
#6377=EDGE_CURVE('',#7961,#7962,#9692,.T.);
#6378=EDGE_CURVE('',#7962,#7193,#283,.T.);
#6379=EDGE_CURVE('',#7198,#7963,#284,.T.);
#6380=EDGE_CURVE('',#7963,#7964,#9693,.T.);
#6381=EDGE_CURVE('',#7965,#7964,#9694,.T.);
#6382=EDGE_CURVE('',#7965,#7966,#9695,.T.);
#6383=EDGE_CURVE('',#7079,#7966,#285,.T.);
#6384=EDGE_CURVE('',#7077,#7195,#9696,.T.);
#6385=EDGE_CURVE('',#7071,#7191,#9697,.T.);
#6386=EDGE_CURVE('',#7194,#7967,#286,.T.);
#6387=EDGE_CURVE('',#7967,#7968,#9698,.T.);
#6388=EDGE_CURVE('',#7969,#7968,#9699,.T.);
#6389=EDGE_CURVE('',#7969,#7970,#9700,.T.);
#6390=EDGE_CURVE('',#7073,#7970,#287,.T.);
#6391=EDGE_CURVE('',#7971,#7972,#9701,.T.);
#6392=EDGE_CURVE('',#7973,#7972,#9702,.T.);
#6393=EDGE_CURVE('',#7974,#7973,#9703,.T.);
#6394=EDGE_CURVE('',#7974,#7971,#9704,.T.);
#6395=EDGE_CURVE('',#7975,#7976,#9705,.T.);
#6396=EDGE_CURVE('',#7977,#7976,#9706,.T.);
#6397=EDGE_CURVE('',#7978,#7977,#9707,.T.);
#6398=EDGE_CURVE('',#7978,#7975,#9708,.T.);
#6399=EDGE_CURVE('',#7967,#7962,#9709,.T.);
#6400=EDGE_CURVE('',#7961,#7968,#9710,.T.);
#6401=EDGE_CURVE('',#7963,#7954,#9711,.T.);
#6402=EDGE_CURVE('',#7953,#7964,#9712,.T.);
#6403=EDGE_CURVE('',#7955,#7946,#9713,.T.);
#6404=EDGE_CURVE('',#7945,#7956,#9714,.T.);
#6405=EDGE_CURVE('',#7947,#7938,#9715,.T.);
#6406=EDGE_CURVE('',#7937,#7948,#9716,.T.);
#6407=EDGE_CURVE('',#7939,#7930,#9717,.T.);
#6408=EDGE_CURVE('',#7929,#7940,#9718,.T.);
#6409=EDGE_CURVE('',#7931,#7922,#9719,.T.);
#6410=EDGE_CURVE('',#7921,#7932,#9720,.T.);
#6411=EDGE_CURVE('',#7923,#7914,#9721,.T.);
#6412=EDGE_CURVE('',#7913,#7924,#9722,.T.);
#6413=EDGE_CURVE('',#7915,#7906,#9723,.T.);
#6414=EDGE_CURVE('',#7905,#7916,#9724,.T.);
#6415=EDGE_CURVE('',#7907,#7898,#9725,.T.);
#6416=EDGE_CURVE('',#7897,#7908,#9726,.T.);
#6417=EDGE_CURVE('',#7899,#7890,#9727,.T.);
#6418=EDGE_CURVE('',#7889,#7900,#9728,.T.);
#6419=EDGE_CURVE('',#7891,#7882,#9729,.T.);
#6420=EDGE_CURVE('',#7881,#7892,#9730,.T.);
#6421=EDGE_CURVE('',#7883,#7874,#9731,.T.);
#6422=EDGE_CURVE('',#7873,#7884,#9732,.T.);
#6423=EDGE_CURVE('',#7875,#7866,#9733,.T.);
#6424=EDGE_CURVE('',#7865,#7876,#9734,.T.);
#6425=EDGE_CURVE('',#7867,#7858,#9735,.T.);
#6426=EDGE_CURVE('',#7857,#7868,#9736,.T.);
#6427=EDGE_CURVE('',#7859,#7854,#9737,.T.);
#6428=EDGE_CURVE('',#7853,#7860,#9738,.T.);
#6429=EDGE_CURVE('',#7969,#7960,#9739,.T.);
#6430=EDGE_CURVE('',#7970,#7959,#9740,.T.);
#6431=EDGE_CURVE('',#7965,#7952,#9741,.T.);
#6432=EDGE_CURVE('',#7966,#7951,#9742,.T.);
#6433=EDGE_CURVE('',#7957,#7944,#9743,.T.);
#6434=EDGE_CURVE('',#7958,#7943,#9744,.T.);
#6435=EDGE_CURVE('',#7949,#7936,#9745,.T.);
#6436=EDGE_CURVE('',#7950,#7935,#9746,.T.);
#6437=EDGE_CURVE('',#7941,#7928,#9747,.T.);
#6438=EDGE_CURVE('',#7942,#7927,#9748,.T.);
#6439=EDGE_CURVE('',#7933,#7920,#9749,.T.);
#6440=EDGE_CURVE('',#7934,#7919,#9750,.T.);
#6441=EDGE_CURVE('',#7925,#7912,#9751,.T.);
#6442=EDGE_CURVE('',#7926,#7911,#9752,.T.);
#6443=EDGE_CURVE('',#7917,#7904,#9753,.T.);
#6444=EDGE_CURVE('',#7918,#7903,#9754,.T.);
#6445=EDGE_CURVE('',#7909,#7896,#9755,.T.);
#6446=EDGE_CURVE('',#7910,#7895,#9756,.T.);
#6447=EDGE_CURVE('',#7901,#7888,#9757,.T.);
#6448=EDGE_CURVE('',#7902,#7887,#9758,.T.);
#6449=EDGE_CURVE('',#7893,#7880,#9759,.T.);
#6450=EDGE_CURVE('',#7894,#7879,#9760,.T.);
#6451=EDGE_CURVE('',#7885,#7872,#9761,.T.);
#6452=EDGE_CURVE('',#7886,#7871,#9762,.T.);
#6453=EDGE_CURVE('',#7877,#7864,#9763,.T.);
#6454=EDGE_CURVE('',#7878,#7863,#9764,.T.);
#6455=EDGE_CURVE('',#7869,#7856,#9765,.T.);
#6456=EDGE_CURVE('',#7870,#7855,#9766,.T.);
#6457=EDGE_CURVE('',#7861,#7852,#9767,.T.);
#6458=EDGE_CURVE('',#7862,#7851,#9768,.T.);
#6459=EDGE_CURVE('',#7847,#7842,#9769,.T.);
#6460=EDGE_CURVE('',#7841,#7848,#9770,.T.);
#6461=EDGE_CURVE('',#7843,#7834,#9771,.T.);
#6462=EDGE_CURVE('',#7833,#7844,#9772,.T.);
#6463=EDGE_CURVE('',#7835,#7826,#9773,.T.);
#6464=EDGE_CURVE('',#7825,#7836,#9774,.T.);
#6465=EDGE_CURVE('',#7827,#7818,#9775,.T.);
#6466=EDGE_CURVE('',#7817,#7828,#9776,.T.);
#6467=EDGE_CURVE('',#7819,#7810,#9777,.T.);
#6468=EDGE_CURVE('',#7809,#7820,#9778,.T.);
#6469=EDGE_CURVE('',#7811,#7802,#9779,.T.);
#6470=EDGE_CURVE('',#7801,#7812,#9780,.T.);
#6471=EDGE_CURVE('',#7803,#7794,#9781,.T.);
#6472=EDGE_CURVE('',#7793,#7804,#9782,.T.);
#6473=EDGE_CURVE('',#7795,#7786,#9783,.T.);
#6474=EDGE_CURVE('',#7785,#7796,#9784,.T.);
#6475=EDGE_CURVE('',#7787,#7778,#9785,.T.);
#6476=EDGE_CURVE('',#7777,#7788,#9786,.T.);
#6477=EDGE_CURVE('',#7779,#7770,#9787,.T.);
#6478=EDGE_CURVE('',#7769,#7780,#9788,.T.);
#6479=EDGE_CURVE('',#7771,#7762,#9789,.T.);
#6480=EDGE_CURVE('',#7761,#7772,#9790,.T.);
#6481=EDGE_CURVE('',#7763,#7754,#9791,.T.);
#6482=EDGE_CURVE('',#7753,#7764,#9792,.T.);
#6483=EDGE_CURVE('',#7755,#7746,#9793,.T.);
#6484=EDGE_CURVE('',#7745,#7756,#9794,.T.);
#6485=EDGE_CURVE('',#7747,#7738,#9795,.T.);
#6486=EDGE_CURVE('',#7737,#7748,#9796,.T.);
#6487=EDGE_CURVE('',#7739,#7734,#9797,.T.);
#6488=EDGE_CURVE('',#7733,#7740,#9798,.T.);
#6489=EDGE_CURVE('',#7849,#7840,#9799,.T.);
#6490=EDGE_CURVE('',#7850,#7839,#9800,.T.);
#6491=EDGE_CURVE('',#7845,#7832,#9801,.T.);
#6492=EDGE_CURVE('',#7846,#7831,#9802,.T.);
#6493=EDGE_CURVE('',#7837,#7824,#9803,.T.);
#6494=EDGE_CURVE('',#7838,#7823,#9804,.T.);
#6495=EDGE_CURVE('',#7829,#7816,#9805,.T.);
#6496=EDGE_CURVE('',#7830,#7815,#9806,.T.);
#6497=EDGE_CURVE('',#7821,#7808,#9807,.T.);
#6498=EDGE_CURVE('',#7822,#7807,#9808,.T.);
#6499=EDGE_CURVE('',#7813,#7800,#9809,.T.);
#6500=EDGE_CURVE('',#7814,#7799,#9810,.T.);
#6501=EDGE_CURVE('',#7805,#7792,#9811,.T.);
#6502=EDGE_CURVE('',#7806,#7791,#9812,.T.);
#6503=EDGE_CURVE('',#7797,#7784,#9813,.T.);
#6504=EDGE_CURVE('',#7798,#7783,#9814,.T.);
#6505=EDGE_CURVE('',#7789,#7776,#9815,.T.);
#6506=EDGE_CURVE('',#7790,#7775,#9816,.T.);
#6507=EDGE_CURVE('',#7781,#7768,#9817,.T.);
#6508=EDGE_CURVE('',#7782,#7767,#9818,.T.);
#6509=EDGE_CURVE('',#7773,#7760,#9819,.T.);
#6510=EDGE_CURVE('',#7774,#7759,#9820,.T.);
#6511=EDGE_CURVE('',#7765,#7752,#9821,.T.);
#6512=EDGE_CURVE('',#7766,#7751,#9822,.T.);
#6513=EDGE_CURVE('',#7757,#7744,#9823,.T.);
#6514=EDGE_CURVE('',#7758,#7743,#9824,.T.);
#6515=EDGE_CURVE('',#7749,#7736,#9825,.T.);
#6516=EDGE_CURVE('',#7750,#7735,#9826,.T.);
#6517=EDGE_CURVE('',#7741,#7732,#9827,.T.);
#6518=EDGE_CURVE('',#7742,#7731,#9828,.T.);
#6519=EDGE_CURVE('',#7727,#7722,#9829,.T.);
#6520=EDGE_CURVE('',#7721,#7728,#9830,.T.);
#6521=EDGE_CURVE('',#7723,#7714,#9831,.T.);
#6522=EDGE_CURVE('',#7713,#7724,#9832,.T.);
#6523=EDGE_CURVE('',#7715,#7706,#9833,.T.);
#6524=EDGE_CURVE('',#7705,#7716,#9834,.T.);
#6525=EDGE_CURVE('',#7707,#7698,#9835,.T.);
#6526=EDGE_CURVE('',#7697,#7708,#9836,.T.);
#6527=EDGE_CURVE('',#7699,#7690,#9837,.T.);
#6528=EDGE_CURVE('',#7689,#7700,#9838,.T.);
#6529=EDGE_CURVE('',#7691,#7682,#9839,.T.);
#6530=EDGE_CURVE('',#7681,#7692,#9840,.T.);
#6531=EDGE_CURVE('',#7683,#7674,#9841,.T.);
#6532=EDGE_CURVE('',#7673,#7684,#9842,.T.);
#6533=EDGE_CURVE('',#7675,#7666,#9843,.T.);
#6534=EDGE_CURVE('',#7665,#7676,#9844,.T.);
#6535=EDGE_CURVE('',#7667,#7658,#9845,.T.);
#6536=EDGE_CURVE('',#7657,#7668,#9846,.T.);
#6537=EDGE_CURVE('',#7659,#7650,#9847,.T.);
#6538=EDGE_CURVE('',#7649,#7660,#9848,.T.);
#6539=EDGE_CURVE('',#7651,#7642,#9849,.T.);
#6540=EDGE_CURVE('',#7641,#7652,#9850,.T.);
#6541=EDGE_CURVE('',#7643,#7634,#9851,.T.);
#6542=EDGE_CURVE('',#7633,#7644,#9852,.T.);
#6543=EDGE_CURVE('',#7635,#7626,#9853,.T.);
#6544=EDGE_CURVE('',#7625,#7636,#9854,.T.);
#6545=EDGE_CURVE('',#7627,#7618,#9855,.T.);
#6546=EDGE_CURVE('',#7617,#7628,#9856,.T.);
#6547=EDGE_CURVE('',#7619,#7614,#9857,.T.);
#6548=EDGE_CURVE('',#7613,#7620,#9858,.T.);
#6549=EDGE_CURVE('',#7729,#7720,#9859,.T.);
#6550=EDGE_CURVE('',#7730,#7719,#9860,.T.);
#6551=EDGE_CURVE('',#7725,#7712,#9861,.T.);
#6552=EDGE_CURVE('',#7726,#7711,#9862,.T.);
#6553=EDGE_CURVE('',#7717,#7704,#9863,.T.);
#6554=EDGE_CURVE('',#7718,#7703,#9864,.T.);
#6555=EDGE_CURVE('',#7709,#7696,#9865,.T.);
#6556=EDGE_CURVE('',#7710,#7695,#9866,.T.);
#6557=EDGE_CURVE('',#7701,#7688,#9867,.T.);
#6558=EDGE_CURVE('',#7702,#7687,#9868,.T.);
#6559=EDGE_CURVE('',#7693,#7680,#9869,.T.);
#6560=EDGE_CURVE('',#7694,#7679,#9870,.T.);
#6561=EDGE_CURVE('',#7685,#7672,#9871,.T.);
#6562=EDGE_CURVE('',#7686,#7671,#9872,.T.);
#6563=EDGE_CURVE('',#7677,#7664,#9873,.T.);
#6564=EDGE_CURVE('',#7678,#7663,#9874,.T.);
#6565=EDGE_CURVE('',#7669,#7656,#9875,.T.);
#6566=EDGE_CURVE('',#7670,#7655,#9876,.T.);
#6567=EDGE_CURVE('',#7661,#7648,#9877,.T.);
#6568=EDGE_CURVE('',#7662,#7647,#9878,.T.);
#6569=EDGE_CURVE('',#7653,#7640,#9879,.T.);
#6570=EDGE_CURVE('',#7654,#7639,#9880,.T.);
#6571=EDGE_CURVE('',#7645,#7632,#9881,.T.);
#6572=EDGE_CURVE('',#7646,#7631,#9882,.T.);
#6573=EDGE_CURVE('',#7637,#7624,#9883,.T.);
#6574=EDGE_CURVE('',#7638,#7623,#9884,.T.);
#6575=EDGE_CURVE('',#7629,#7616,#9885,.T.);
#6576=EDGE_CURVE('',#7630,#7615,#9886,.T.);
#6577=EDGE_CURVE('',#7621,#7612,#9887,.T.);
#6578=EDGE_CURVE('',#7622,#7611,#9888,.T.);
#6579=EDGE_CURVE('',#7976,#7971,#9889,.T.);
#6580=EDGE_CURVE('',#7972,#7975,#9890,.T.);
#6581=EDGE_CURVE('',#7977,#7974,#9891,.T.);
#6582=EDGE_CURVE('',#7973,#7978,#9892,.T.);
#6583=VERTEX_POINT('',#19707);
#6584=VERTEX_POINT('',#19708);
#6585=VERTEX_POINT('',#19710);
#6586=VERTEX_POINT('',#19712);
#6587=VERTEX_POINT('',#19714);
#6588=VERTEX_POINT('',#19716);
#6589=VERTEX_POINT('',#19718);
#6590=VERTEX_POINT('',#19720);
#6591=VERTEX_POINT('',#19722);
#6592=VERTEX_POINT('',#19724);
#6593=VERTEX_POINT('',#19726);
#6594=VERTEX_POINT('',#19728);
#6595=VERTEX_POINT('',#19730);
#6596=VERTEX_POINT('',#19732);
#6597=VERTEX_POINT('',#19734);
#6598=VERTEX_POINT('',#19736);
#6599=VERTEX_POINT('',#19738);
#6600=VERTEX_POINT('',#19740);
#6601=VERTEX_POINT('',#19742);
#6602=VERTEX_POINT('',#19744);
#6603=VERTEX_POINT('',#19746);
#6604=VERTEX_POINT('',#19748);
#6605=VERTEX_POINT('',#19750);
#6606=VERTEX_POINT('',#19752);
#6607=VERTEX_POINT('',#19754);
#6608=VERTEX_POINT('',#19756);
#6609=VERTEX_POINT('',#19758);
#6610=VERTEX_POINT('',#19760);
#6611=VERTEX_POINT('',#19762);
#6612=VERTEX_POINT('',#19764);
#6613=VERTEX_POINT('',#19766);
#6614=VERTEX_POINT('',#19768);
#6615=VERTEX_POINT('',#19770);
#6616=VERTEX_POINT('',#19772);
#6617=VERTEX_POINT('',#19774);
#6618=VERTEX_POINT('',#19776);
#6619=VERTEX_POINT('',#19778);
#6620=VERTEX_POINT('',#19780);
#6621=VERTEX_POINT('',#19782);
#6622=VERTEX_POINT('',#19784);
#6623=VERTEX_POINT('',#19786);
#6624=VERTEX_POINT('',#19788);
#6625=VERTEX_POINT('',#19790);
#6626=VERTEX_POINT('',#19792);
#6627=VERTEX_POINT('',#19794);
#6628=VERTEX_POINT('',#19796);
#6629=VERTEX_POINT('',#19798);
#6630=VERTEX_POINT('',#19800);
#6631=VERTEX_POINT('',#19802);
#6632=VERTEX_POINT('',#19804);
#6633=VERTEX_POINT('',#19806);
#6634=VERTEX_POINT('',#19808);
#6635=VERTEX_POINT('',#19810);
#6636=VERTEX_POINT('',#19812);
#6637=VERTEX_POINT('',#19814);
#6638=VERTEX_POINT('',#19816);
#6639=VERTEX_POINT('',#19818);
#6640=VERTEX_POINT('',#19820);
#6641=VERTEX_POINT('',#19822);
#6642=VERTEX_POINT('',#19824);
#6643=VERTEX_POINT('',#19826);
#6644=VERTEX_POINT('',#19828);
#6645=VERTEX_POINT('',#19830);
#6646=VERTEX_POINT('',#19832);
#6647=VERTEX_POINT('',#19836);
#6648=VERTEX_POINT('',#19837);
#6649=VERTEX_POINT('',#19839);
#6650=VERTEX_POINT('',#19841);
#6651=VERTEX_POINT('',#19843);
#6652=VERTEX_POINT('',#19845);
#6653=VERTEX_POINT('',#19847);
#6654=VERTEX_POINT('',#19849);
#6655=VERTEX_POINT('',#19851);
#6656=VERTEX_POINT('',#19853);
#6657=VERTEX_POINT('',#19855);
#6658=VERTEX_POINT('',#19857);
#6659=VERTEX_POINT('',#19859);
#6660=VERTEX_POINT('',#19861);
#6661=VERTEX_POINT('',#19863);
#6662=VERTEX_POINT('',#19865);
#6663=VERTEX_POINT('',#19867);
#6664=VERTEX_POINT('',#19869);
#6665=VERTEX_POINT('',#19871);
#6666=VERTEX_POINT('',#19873);
#6667=VERTEX_POINT('',#19875);
#6668=VERTEX_POINT('',#19877);
#6669=VERTEX_POINT('',#19879);
#6670=VERTEX_POINT('',#19881);
#6671=VERTEX_POINT('',#19883);
#6672=VERTEX_POINT('',#19885);
#6673=VERTEX_POINT('',#19887);
#6674=VERTEX_POINT('',#19889);
#6675=VERTEX_POINT('',#19891);
#6676=VERTEX_POINT('',#19893);
#6677=VERTEX_POINT('',#19895);
#6678=VERTEX_POINT('',#19897);
#6679=VERTEX_POINT('',#19899);
#6680=VERTEX_POINT('',#19901);
#6681=VERTEX_POINT('',#19903);
#6682=VERTEX_POINT('',#19905);
#6683=VERTEX_POINT('',#19907);
#6684=VERTEX_POINT('',#19909);
#6685=VERTEX_POINT('',#19911);
#6686=VERTEX_POINT('',#19913);
#6687=VERTEX_POINT('',#19915);
#6688=VERTEX_POINT('',#19917);
#6689=VERTEX_POINT('',#19919);
#6690=VERTEX_POINT('',#19921);
#6691=VERTEX_POINT('',#19923);
#6692=VERTEX_POINT('',#19925);
#6693=VERTEX_POINT('',#19927);
#6694=VERTEX_POINT('',#19929);
#6695=VERTEX_POINT('',#19931);
#6696=VERTEX_POINT('',#19933);
#6697=VERTEX_POINT('',#19935);
#6698=VERTEX_POINT('',#19937);
#6699=VERTEX_POINT('',#19939);
#6700=VERTEX_POINT('',#19941);
#6701=VERTEX_POINT('',#19943);
#6702=VERTEX_POINT('',#19945);
#6703=VERTEX_POINT('',#19947);
#6704=VERTEX_POINT('',#19949);
#6705=VERTEX_POINT('',#19951);
#6706=VERTEX_POINT('',#19953);
#6707=VERTEX_POINT('',#19955);
#6708=VERTEX_POINT('',#19957);
#6709=VERTEX_POINT('',#19959);
#6710=VERTEX_POINT('',#19961);
#6711=VERTEX_POINT('',#19965);
#6712=VERTEX_POINT('',#19966);
#6713=VERTEX_POINT('',#19968);
#6714=VERTEX_POINT('',#19970);
#6715=VERTEX_POINT('',#19974);
#6716=VERTEX_POINT('',#19976);
#6717=VERTEX_POINT('',#19980);
#6718=VERTEX_POINT('',#19982);
#6719=VERTEX_POINT('',#19986);
#6720=VERTEX_POINT('',#19987);
#6721=VERTEX_POINT('',#19989);
#6722=VERTEX_POINT('',#19991);
#6723=VERTEX_POINT('',#19995);
#6724=VERTEX_POINT('',#19997);
#6725=VERTEX_POINT('',#20001);
#6726=VERTEX_POINT('',#20003);
#6727=VERTEX_POINT('',#20007);
#6728=VERTEX_POINT('',#20008);
#6729=VERTEX_POINT('',#20010);
#6730=VERTEX_POINT('',#20012);
#6731=VERTEX_POINT('',#20016);
#6732=VERTEX_POINT('',#20018);
#6733=VERTEX_POINT('',#20022);
#6734=VERTEX_POINT('',#20024);
#6735=VERTEX_POINT('',#20028);
#6736=VERTEX_POINT('',#20029);
#6737=VERTEX_POINT('',#20031);
#6738=VERTEX_POINT('',#20033);
#6739=VERTEX_POINT('',#20037);
#6740=VERTEX_POINT('',#20039);
#6741=VERTEX_POINT('',#20043);
#6742=VERTEX_POINT('',#20045);
#6743=VERTEX_POINT('',#20049);
#6744=VERTEX_POINT('',#20050);
#6745=VERTEX_POINT('',#20052);
#6746=VERTEX_POINT('',#20054);
#6747=VERTEX_POINT('',#20058);
#6748=VERTEX_POINT('',#20060);
#6749=VERTEX_POINT('',#20064);
#6750=VERTEX_POINT('',#20066);
#6751=VERTEX_POINT('',#20070);
#6752=VERTEX_POINT('',#20071);
#6753=VERTEX_POINT('',#20073);
#6754=VERTEX_POINT('',#20075);
#6755=VERTEX_POINT('',#20079);
#6756=VERTEX_POINT('',#20081);
#6757=VERTEX_POINT('',#20085);
#6758=VERTEX_POINT('',#20087);
#6759=VERTEX_POINT('',#20091);
#6760=VERTEX_POINT('',#20092);
#6761=VERTEX_POINT('',#20094);
#6762=VERTEX_POINT('',#20096);
#6763=VERTEX_POINT('',#20100);
#6764=VERTEX_POINT('',#20102);
#6765=VERTEX_POINT('',#20106);
#6766=VERTEX_POINT('',#20108);
#6767=VERTEX_POINT('',#20112);
#6768=VERTEX_POINT('',#20113);
#6769=VERTEX_POINT('',#20115);
#6770=VERTEX_POINT('',#20117);
#6771=VERTEX_POINT('',#20121);
#6772=VERTEX_POINT('',#20123);
#6773=VERTEX_POINT('',#20127);
#6774=VERTEX_POINT('',#20129);
#6775=VERTEX_POINT('',#20133);
#6776=VERTEX_POINT('',#20134);
#6777=VERTEX_POINT('',#20136);
#6778=VERTEX_POINT('',#20138);
#6779=VERTEX_POINT('',#20142);
#6780=VERTEX_POINT('',#20144);
#6781=VERTEX_POINT('',#20148);
#6782=VERTEX_POINT('',#20150);
#6783=VERTEX_POINT('',#20154);
#6784=VERTEX_POINT('',#20155);
#6785=VERTEX_POINT('',#20157);
#6786=VERTEX_POINT('',#20159);
#6787=VERTEX_POINT('',#20163);
#6788=VERTEX_POINT('',#20165);
#6789=VERTEX_POINT('',#20169);
#6790=VERTEX_POINT('',#20171);
#6791=VERTEX_POINT('',#20175);
#6792=VERTEX_POINT('',#20176);
#6793=VERTEX_POINT('',#20178);
#6794=VERTEX_POINT('',#20180);
#6795=VERTEX_POINT('',#20184);
#6796=VERTEX_POINT('',#20186);
#6797=VERTEX_POINT('',#20190);
#6798=VERTEX_POINT('',#20192);
#6799=VERTEX_POINT('',#20196);
#6800=VERTEX_POINT('',#20197);
#6801=VERTEX_POINT('',#20199);
#6802=VERTEX_POINT('',#20201);
#6803=VERTEX_POINT('',#20205);
#6804=VERTEX_POINT('',#20207);
#6805=VERTEX_POINT('',#20211);
#6806=VERTEX_POINT('',#20213);
#6807=VERTEX_POINT('',#20217);
#6808=VERTEX_POINT('',#20218);
#6809=VERTEX_POINT('',#20220);
#6810=VERTEX_POINT('',#20222);
#6811=VERTEX_POINT('',#20226);
#6812=VERTEX_POINT('',#20228);
#6813=VERTEX_POINT('',#20232);
#6814=VERTEX_POINT('',#20234);
#6815=VERTEX_POINT('',#20238);
#6816=VERTEX_POINT('',#20239);
#6817=VERTEX_POINT('',#20241);
#6818=VERTEX_POINT('',#20243);
#6819=VERTEX_POINT('',#20247);
#6820=VERTEX_POINT('',#20249);
#6821=VERTEX_POINT('',#20253);
#6822=VERTEX_POINT('',#20255);
#6823=VERTEX_POINT('',#20259);
#6824=VERTEX_POINT('',#20260);
#6825=VERTEX_POINT('',#20262);
#6826=VERTEX_POINT('',#20264);
#6827=VERTEX_POINT('',#20268);
#6828=VERTEX_POINT('',#20270);
#6829=VERTEX_POINT('',#20274);
#6830=VERTEX_POINT('',#20276);
#6831=VERTEX_POINT('',#20280);
#6832=VERTEX_POINT('',#20281);
#6833=VERTEX_POINT('',#20283);
#6834=VERTEX_POINT('',#20285);
#6835=VERTEX_POINT('',#20289);
#6836=VERTEX_POINT('',#20291);
#6837=VERTEX_POINT('',#20295);
#6838=VERTEX_POINT('',#20297);
#6839=VERTEX_POINT('',#20301);
#6840=VERTEX_POINT('',#20302);
#6841=VERTEX_POINT('',#20304);
#6842=VERTEX_POINT('',#20306);
#6843=VERTEX_POINT('',#20310);
#6844=VERTEX_POINT('',#20312);
#6845=VERTEX_POINT('',#20316);
#6846=VERTEX_POINT('',#20318);
#6847=VERTEX_POINT('',#20322);
#6848=VERTEX_POINT('',#20323);
#6849=VERTEX_POINT('',#20325);
#6850=VERTEX_POINT('',#20327);
#6851=VERTEX_POINT('',#20331);
#6852=VERTEX_POINT('',#20333);
#6853=VERTEX_POINT('',#20337);
#6854=VERTEX_POINT('',#20339);
#6855=VERTEX_POINT('',#20343);
#6856=VERTEX_POINT('',#20344);
#6857=VERTEX_POINT('',#20346);
#6858=VERTEX_POINT('',#20348);
#6859=VERTEX_POINT('',#20352);
#6860=VERTEX_POINT('',#20354);
#6861=VERTEX_POINT('',#20358);
#6862=VERTEX_POINT('',#20360);
#6863=VERTEX_POINT('',#20364);
#6864=VERTEX_POINT('',#20365);
#6865=VERTEX_POINT('',#20367);
#6866=VERTEX_POINT('',#20369);
#6867=VERTEX_POINT('',#20373);
#6868=VERTEX_POINT('',#20375);
#6869=VERTEX_POINT('',#20379);
#6870=VERTEX_POINT('',#20381);
#6871=VERTEX_POINT('',#20385);
#6872=VERTEX_POINT('',#20386);
#6873=VERTEX_POINT('',#20388);
#6874=VERTEX_POINT('',#20390);
#6875=VERTEX_POINT('',#20394);
#6876=VERTEX_POINT('',#20396);
#6877=VERTEX_POINT('',#20400);
#6878=VERTEX_POINT('',#20402);
#6879=VERTEX_POINT('',#20406);
#6880=VERTEX_POINT('',#20407);
#6881=VERTEX_POINT('',#20409);
#6882=VERTEX_POINT('',#20411);
#6883=VERTEX_POINT('',#20415);
#6884=VERTEX_POINT('',#20417);
#6885=VERTEX_POINT('',#20421);
#6886=VERTEX_POINT('',#20423);
#6887=VERTEX_POINT('',#20427);
#6888=VERTEX_POINT('',#20428);
#6889=VERTEX_POINT('',#20430);
#6890=VERTEX_POINT('',#20432);
#6891=VERTEX_POINT('',#20436);
#6892=VERTEX_POINT('',#20438);
#6893=VERTEX_POINT('',#20442);
#6894=VERTEX_POINT('',#20444);
#6895=VERTEX_POINT('',#20448);
#6896=VERTEX_POINT('',#20449);
#6897=VERTEX_POINT('',#20451);
#6898=VERTEX_POINT('',#20453);
#6899=VERTEX_POINT('',#20457);
#6900=VERTEX_POINT('',#20459);
#6901=VERTEX_POINT('',#20463);
#6902=VERTEX_POINT('',#20465);
#6903=VERTEX_POINT('',#20469);
#6904=VERTEX_POINT('',#20470);
#6905=VERTEX_POINT('',#20472);
#6906=VERTEX_POINT('',#20474);
#6907=VERTEX_POINT('',#20478);
#6908=VERTEX_POINT('',#20480);
#6909=VERTEX_POINT('',#20484);
#6910=VERTEX_POINT('',#20486);
#6911=VERTEX_POINT('',#20490);
#6912=VERTEX_POINT('',#20491);
#6913=VERTEX_POINT('',#20493);
#6914=VERTEX_POINT('',#20495);
#6915=VERTEX_POINT('',#20499);
#6916=VERTEX_POINT('',#20501);
#6917=VERTEX_POINT('',#20505);
#6918=VERTEX_POINT('',#20507);
#6919=VERTEX_POINT('',#20511);
#6920=VERTEX_POINT('',#20512);
#6921=VERTEX_POINT('',#20514);
#6922=VERTEX_POINT('',#20516);
#6923=VERTEX_POINT('',#20520);
#6924=VERTEX_POINT('',#20522);
#6925=VERTEX_POINT('',#20526);
#6926=VERTEX_POINT('',#20528);
#6927=VERTEX_POINT('',#20532);
#6928=VERTEX_POINT('',#20533);
#6929=VERTEX_POINT('',#20535);
#6930=VERTEX_POINT('',#20537);
#6931=VERTEX_POINT('',#20541);
#6932=VERTEX_POINT('',#20543);
#6933=VERTEX_POINT('',#20547);
#6934=VERTEX_POINT('',#20549);
#6935=VERTEX_POINT('',#20553);
#6936=VERTEX_POINT('',#20554);
#6937=VERTEX_POINT('',#20556);
#6938=VERTEX_POINT('',#20558);
#6939=VERTEX_POINT('',#20562);
#6940=VERTEX_POINT('',#20564);
#6941=VERTEX_POINT('',#20568);
#6942=VERTEX_POINT('',#20570);
#6943=VERTEX_POINT('',#20574);
#6944=VERTEX_POINT('',#20575);
#6945=VERTEX_POINT('',#20577);
#6946=VERTEX_POINT('',#20579);
#6947=VERTEX_POINT('',#20583);
#6948=VERTEX_POINT('',#20585);
#6949=VERTEX_POINT('',#20589);
#6950=VERTEX_POINT('',#20591);
#6951=VERTEX_POINT('',#20595);
#6952=VERTEX_POINT('',#20596);
#6953=VERTEX_POINT('',#20598);
#6954=VERTEX_POINT('',#20600);
#6955=VERTEX_POINT('',#20604);
#6956=VERTEX_POINT('',#20606);
#6957=VERTEX_POINT('',#20610);
#6958=VERTEX_POINT('',#20612);
#6959=VERTEX_POINT('',#20616);
#6960=VERTEX_POINT('',#20617);
#6961=VERTEX_POINT('',#20619);
#6962=VERTEX_POINT('',#20621);
#6963=VERTEX_POINT('',#20625);
#6964=VERTEX_POINT('',#20627);
#6965=VERTEX_POINT('',#20631);
#6966=VERTEX_POINT('',#20633);
#6967=VERTEX_POINT('',#20637);
#6968=VERTEX_POINT('',#20638);
#6969=VERTEX_POINT('',#20640);
#6970=VERTEX_POINT('',#20642);
#6971=VERTEX_POINT('',#20646);
#6972=VERTEX_POINT('',#20648);
#6973=VERTEX_POINT('',#20652);
#6974=VERTEX_POINT('',#20654);
#6975=VERTEX_POINT('',#20658);
#6976=VERTEX_POINT('',#20659);
#6977=VERTEX_POINT('',#20661);
#6978=VERTEX_POINT('',#20663);
#6979=VERTEX_POINT('',#20667);
#6980=VERTEX_POINT('',#20669);
#6981=VERTEX_POINT('',#20673);
#6982=VERTEX_POINT('',#20675);
#6983=VERTEX_POINT('',#20679);
#6984=VERTEX_POINT('',#20680);
#6985=VERTEX_POINT('',#20682);
#6986=VERTEX_POINT('',#20684);
#6987=VERTEX_POINT('',#20688);
#6988=VERTEX_POINT('',#20690);
#6989=VERTEX_POINT('',#20694);
#6990=VERTEX_POINT('',#20696);
#6991=VERTEX_POINT('',#20700);
#6992=VERTEX_POINT('',#20701);
#6993=VERTEX_POINT('',#20703);
#6994=VERTEX_POINT('',#20705);
#6995=VERTEX_POINT('',#20709);
#6996=VERTEX_POINT('',#20711);
#6997=VERTEX_POINT('',#20715);
#6998=VERTEX_POINT('',#20717);
#6999=VERTEX_POINT('',#20721);
#7000=VERTEX_POINT('',#20722);
#7001=VERTEX_POINT('',#20724);
#7002=VERTEX_POINT('',#20726);
#7003=VERTEX_POINT('',#20730);
#7004=VERTEX_POINT('',#20732);
#7005=VERTEX_POINT('',#20736);
#7006=VERTEX_POINT('',#20738);
#7007=VERTEX_POINT('',#20742);
#7008=VERTEX_POINT('',#20743);
#7009=VERTEX_POINT('',#20745);
#7010=VERTEX_POINT('',#20747);
#7011=VERTEX_POINT('',#20751);
#7012=VERTEX_POINT('',#20753);
#7013=VERTEX_POINT('',#20757);
#7014=VERTEX_POINT('',#20759);
#7015=VERTEX_POINT('',#20763);
#7016=VERTEX_POINT('',#20764);
#7017=VERTEX_POINT('',#20766);
#7018=VERTEX_POINT('',#20768);
#7019=VERTEX_POINT('',#20772);
#7020=VERTEX_POINT('',#20774);
#7021=VERTEX_POINT('',#20778);
#7022=VERTEX_POINT('',#20780);
#7023=VERTEX_POINT('',#20784);
#7024=VERTEX_POINT('',#20785);
#7025=VERTEX_POINT('',#20787);
#7026=VERTEX_POINT('',#20789);
#7027=VERTEX_POINT('',#20793);
#7028=VERTEX_POINT('',#20795);
#7029=VERTEX_POINT('',#20799);
#7030=VERTEX_POINT('',#20801);
#7031=VERTEX_POINT('',#20805);
#7032=VERTEX_POINT('',#20806);
#7033=VERTEX_POINT('',#20808);
#7034=VERTEX_POINT('',#20810);
#7035=VERTEX_POINT('',#20814);
#7036=VERTEX_POINT('',#20816);
#7037=VERTEX_POINT('',#20820);
#7038=VERTEX_POINT('',#20822);
#7039=VERTEX_POINT('',#20826);
#7040=VERTEX_POINT('',#20827);
#7041=VERTEX_POINT('',#20829);
#7042=VERTEX_POINT('',#20831);
#7043=VERTEX_POINT('',#20835);
#7044=VERTEX_POINT('',#20837);
#7045=VERTEX_POINT('',#20841);
#7046=VERTEX_POINT('',#20843);
#7047=VERTEX_POINT('',#20847);
#7048=VERTEX_POINT('',#20848);
#7049=VERTEX_POINT('',#20850);
#7050=VERTEX_POINT('',#20852);
#7051=VERTEX_POINT('',#20856);
#7052=VERTEX_POINT('',#20858);
#7053=VERTEX_POINT('',#20862);
#7054=VERTEX_POINT('',#20864);
#7055=VERTEX_POINT('',#20868);
#7056=VERTEX_POINT('',#20869);
#7057=VERTEX_POINT('',#20871);
#7058=VERTEX_POINT('',#20873);
#7059=VERTEX_POINT('',#20877);
#7060=VERTEX_POINT('',#20879);
#7061=VERTEX_POINT('',#20883);
#7062=VERTEX_POINT('',#20885);
#7063=VERTEX_POINT('',#20889);
#7064=VERTEX_POINT('',#20890);
#7065=VERTEX_POINT('',#20892);
#7066=VERTEX_POINT('',#20894);
#7067=VERTEX_POINT('',#20898);
#7068=VERTEX_POINT('',#20900);
#7069=VERTEX_POINT('',#20904);
#7070=VERTEX_POINT('',#20906);
#7071=VERTEX_POINT('',#21174);
#7072=VERTEX_POINT('',#21175);
#7073=VERTEX_POINT('',#21177);
#7074=VERTEX_POINT('',#21179);
#7075=VERTEX_POINT('',#21181);
#7076=VERTEX_POINT('',#21183);
#7077=VERTEX_POINT('',#21187);
#7078=VERTEX_POINT('',#21188);
#7079=VERTEX_POINT('',#21190);
#7080=VERTEX_POINT('',#21192);
#7081=VERTEX_POINT('',#21194);
#7082=VERTEX_POINT('',#21196);
#7083=VERTEX_POINT('',#21200);
#7084=VERTEX_POINT('',#21201);
#7085=VERTEX_POINT('',#21203);
#7086=VERTEX_POINT('',#21205);
#7087=VERTEX_POINT('',#21207);
#7088=VERTEX_POINT('',#21209);
#7089=VERTEX_POINT('',#21213);
#7090=VERTEX_POINT('',#21214);
#7091=VERTEX_POINT('',#21216);
#7092=VERTEX_POINT('',#21218);
#7093=VERTEX_POINT('',#21220);
#7094=VERTEX_POINT('',#21222);
#7095=VERTEX_POINT('',#21226);
#7096=VERTEX_POINT('',#21227);
#7097=VERTEX_POINT('',#21229);
#7098=VERTEX_POINT('',#21231);
#7099=VERTEX_POINT('',#21233);
#7100=VERTEX_POINT('',#21235);
#7101=VERTEX_POINT('',#21239);
#7102=VERTEX_POINT('',#21240);
#7103=VERTEX_POINT('',#21242);
#7104=VERTEX_POINT('',#21244);
#7105=VERTEX_POINT('',#21246);
#7106=VERTEX_POINT('',#21248);
#7107=VERTEX_POINT('',#21252);
#7108=VERTEX_POINT('',#21253);
#7109=VERTEX_POINT('',#21255);
#7110=VERTEX_POINT('',#21257);
#7111=VERTEX_POINT('',#21259);
#7112=VERTEX_POINT('',#21261);
#7113=VERTEX_POINT('',#21265);
#7114=VERTEX_POINT('',#21266);
#7115=VERTEX_POINT('',#21268);
#7116=VERTEX_POINT('',#21270);
#7117=VERTEX_POINT('',#21272);
#7118=VERTEX_POINT('',#21274);
#7119=VERTEX_POINT('',#21278);
#7120=VERTEX_POINT('',#21279);
#7121=VERTEX_POINT('',#21281);
#7122=VERTEX_POINT('',#21283);
#7123=VERTEX_POINT('',#21285);
#7124=VERTEX_POINT('',#21287);
#7125=VERTEX_POINT('',#21291);
#7126=VERTEX_POINT('',#21292);
#7127=VERTEX_POINT('',#21294);
#7128=VERTEX_POINT('',#21296);
#7129=VERTEX_POINT('',#21298);
#7130=VERTEX_POINT('',#21300);
#7131=VERTEX_POINT('',#21304);
#7132=VERTEX_POINT('',#21305);
#7133=VERTEX_POINT('',#21307);
#7134=VERTEX_POINT('',#21309);
#7135=VERTEX_POINT('',#21311);
#7136=VERTEX_POINT('',#21313);
#7137=VERTEX_POINT('',#21317);
#7138=VERTEX_POINT('',#21318);
#7139=VERTEX_POINT('',#21320);
#7140=VERTEX_POINT('',#21322);
#7141=VERTEX_POINT('',#21324);
#7142=VERTEX_POINT('',#21326);
#7143=VERTEX_POINT('',#21330);
#7144=VERTEX_POINT('',#21331);
#7145=VERTEX_POINT('',#21333);
#7146=VERTEX_POINT('',#21335);
#7147=VERTEX_POINT('',#21337);
#7148=VERTEX_POINT('',#21339);
#7149=VERTEX_POINT('',#21343);
#7150=VERTEX_POINT('',#21344);
#7151=VERTEX_POINT('',#21346);
#7152=VERTEX_POINT('',#21348);
#7153=VERTEX_POINT('',#21350);
#7154=VERTEX_POINT('',#21352);
#7155=VERTEX_POINT('',#21356);
#7156=VERTEX_POINT('',#21357);
#7157=VERTEX_POINT('',#21359);
#7158=VERTEX_POINT('',#21361);
#7159=VERTEX_POINT('',#21363);
#7160=VERTEX_POINT('',#21365);
#7161=VERTEX_POINT('',#21369);
#7162=VERTEX_POINT('',#21371);
#7163=VERTEX_POINT('',#21375);
#7164=VERTEX_POINT('',#21377);
#7165=VERTEX_POINT('',#21381);
#7166=VERTEX_POINT('',#21383);
#7167=VERTEX_POINT('',#21387);
#7168=VERTEX_POINT('',#21389);
#7169=VERTEX_POINT('',#21393);
#7170=VERTEX_POINT('',#21395);
#7171=VERTEX_POINT('',#21399);
#7172=VERTEX_POINT('',#21401);
#7173=VERTEX_POINT('',#21405);
#7174=VERTEX_POINT('',#21407);
#7175=VERTEX_POINT('',#21411);
#7176=VERTEX_POINT('',#21413);
#7177=VERTEX_POINT('',#21417);
#7178=VERTEX_POINT('',#21419);
#7179=VERTEX_POINT('',#21423);
#7180=VERTEX_POINT('',#21425);
#7181=VERTEX_POINT('',#21429);
#7182=VERTEX_POINT('',#21431);
#7183=VERTEX_POINT('',#21435);
#7184=VERTEX_POINT('',#21437);
#7185=VERTEX_POINT('',#21441);
#7186=VERTEX_POINT('',#21443);
#7187=VERTEX_POINT('',#21447);
#7188=VERTEX_POINT('',#21449);
#7189=VERTEX_POINT('',#21453);
#7190=VERTEX_POINT('',#21455);
#7191=VERTEX_POINT('',#21459);
#7192=VERTEX_POINT('',#21461);
#7193=VERTEX_POINT('',#21463);
#7194=VERTEX_POINT('',#21465);
#7195=VERTEX_POINT('',#21469);
#7196=VERTEX_POINT('',#21471);
#7197=VERTEX_POINT('',#21473);
#7198=VERTEX_POINT('',#21475);
#7199=VERTEX_POINT('',#21479);
#7200=VERTEX_POINT('',#21481);
#7201=VERTEX_POINT('',#21483);
#7202=VERTEX_POINT('',#21485);
#7203=VERTEX_POINT('',#21489);
#7204=VERTEX_POINT('',#21491);
#7205=VERTEX_POINT('',#21493);
#7206=VERTEX_POINT('',#21495);
#7207=VERTEX_POINT('',#21499);
#7208=VERTEX_POINT('',#21501);
#7209=VERTEX_POINT('',#21503);
#7210=VERTEX_POINT('',#21505);
#7211=VERTEX_POINT('',#21509);
#7212=VERTEX_POINT('',#21511);
#7213=VERTEX_POINT('',#21513);
#7214=VERTEX_POINT('',#21515);
#7215=VERTEX_POINT('',#21519);
#7216=VERTEX_POINT('',#21521);
#7217=VERTEX_POINT('',#21523);
#7218=VERTEX_POINT('',#21525);
#7219=VERTEX_POINT('',#21529);
#7220=VERTEX_POINT('',#21531);
#7221=VERTEX_POINT('',#21533);
#7222=VERTEX_POINT('',#21535);
#7223=VERTEX_POINT('',#21539);
#7224=VERTEX_POINT('',#21541);
#7225=VERTEX_POINT('',#21543);
#7226=VERTEX_POINT('',#21545);
#7227=VERTEX_POINT('',#21549);
#7228=VERTEX_POINT('',#21551);
#7229=VERTEX_POINT('',#21553);
#7230=VERTEX_POINT('',#21555);
#7231=VERTEX_POINT('',#21559);
#7232=VERTEX_POINT('',#21561);
#7233=VERTEX_POINT('',#21563);
#7234=VERTEX_POINT('',#21565);
#7235=VERTEX_POINT('',#21569);
#7236=VERTEX_POINT('',#21571);
#7237=VERTEX_POINT('',#21573);
#7238=VERTEX_POINT('',#21575);
#7239=VERTEX_POINT('',#21579);
#7240=VERTEX_POINT('',#21581);
#7241=VERTEX_POINT('',#21583);
#7242=VERTEX_POINT('',#21585);
#7243=VERTEX_POINT('',#21589);
#7244=VERTEX_POINT('',#21591);
#7245=VERTEX_POINT('',#21593);
#7246=VERTEX_POINT('',#21595);
#7247=VERTEX_POINT('',#21599);
#7248=VERTEX_POINT('',#21601);
#7249=VERTEX_POINT('',#21603);
#7250=VERTEX_POINT('',#21605);
#7251=VERTEX_POINT('',#21609);
#7252=VERTEX_POINT('',#21610);
#7253=VERTEX_POINT('',#21612);
#7254=VERTEX_POINT('',#21614);
#7255=VERTEX_POINT('',#21616);
#7256=VERTEX_POINT('',#21618);
#7257=VERTEX_POINT('',#21622);
#7258=VERTEX_POINT('',#21623);
#7259=VERTEX_POINT('',#21625);
#7260=VERTEX_POINT('',#21627);
#7261=VERTEX_POINT('',#21629);
#7262=VERTEX_POINT('',#21631);
#7263=VERTEX_POINT('',#21635);
#7264=VERTEX_POINT('',#21636);
#7265=VERTEX_POINT('',#21638);
#7266=VERTEX_POINT('',#21640);
#7267=VERTEX_POINT('',#21642);
#7268=VERTEX_POINT('',#21644);
#7269=VERTEX_POINT('',#21648);
#7270=VERTEX_POINT('',#21649);
#7271=VERTEX_POINT('',#21651);
#7272=VERTEX_POINT('',#21653);
#7273=VERTEX_POINT('',#21655);
#7274=VERTEX_POINT('',#21657);
#7275=VERTEX_POINT('',#21661);
#7276=VERTEX_POINT('',#21662);
#7277=VERTEX_POINT('',#21664);
#7278=VERTEX_POINT('',#21666);
#7279=VERTEX_POINT('',#21668);
#7280=VERTEX_POINT('',#21670);
#7281=VERTEX_POINT('',#21674);
#7282=VERTEX_POINT('',#21675);
#7283=VERTEX_POINT('',#21677);
#7284=VERTEX_POINT('',#21679);
#7285=VERTEX_POINT('',#21681);
#7286=VERTEX_POINT('',#21683);
#7287=VERTEX_POINT('',#21687);
#7288=VERTEX_POINT('',#21688);
#7289=VERTEX_POINT('',#21690);
#7290=VERTEX_POINT('',#21692);
#7291=VERTEX_POINT('',#21694);
#7292=VERTEX_POINT('',#21696);
#7293=VERTEX_POINT('',#21700);
#7294=VERTEX_POINT('',#21701);
#7295=VERTEX_POINT('',#21703);
#7296=VERTEX_POINT('',#21705);
#7297=VERTEX_POINT('',#21707);
#7298=VERTEX_POINT('',#21709);
#7299=VERTEX_POINT('',#21713);
#7300=VERTEX_POINT('',#21714);
#7301=VERTEX_POINT('',#21716);
#7302=VERTEX_POINT('',#21718);
#7303=VERTEX_POINT('',#21720);
#7304=VERTEX_POINT('',#21722);
#7305=VERTEX_POINT('',#21726);
#7306=VERTEX_POINT('',#21727);
#7307=VERTEX_POINT('',#21729);
#7308=VERTEX_POINT('',#21731);
#7309=VERTEX_POINT('',#21733);
#7310=VERTEX_POINT('',#21735);
#7311=VERTEX_POINT('',#21739);
#7312=VERTEX_POINT('',#21740);
#7313=VERTEX_POINT('',#21742);
#7314=VERTEX_POINT('',#21744);
#7315=VERTEX_POINT('',#21746);
#7316=VERTEX_POINT('',#21748);
#7317=VERTEX_POINT('',#21752);
#7318=VERTEX_POINT('',#21753);
#7319=VERTEX_POINT('',#21755);
#7320=VERTEX_POINT('',#21757);
#7321=VERTEX_POINT('',#21759);
#7322=VERTEX_POINT('',#21761);
#7323=VERTEX_POINT('',#21765);
#7324=VERTEX_POINT('',#21766);
#7325=VERTEX_POINT('',#21768);
#7326=VERTEX_POINT('',#21770);
#7327=VERTEX_POINT('',#21772);
#7328=VERTEX_POINT('',#21774);
#7329=VERTEX_POINT('',#21778);
#7330=VERTEX_POINT('',#21779);
#7331=VERTEX_POINT('',#21781);
#7332=VERTEX_POINT('',#21783);
#7333=VERTEX_POINT('',#21785);
#7334=VERTEX_POINT('',#21787);
#7335=VERTEX_POINT('',#21791);
#7336=VERTEX_POINT('',#21792);
#7337=VERTEX_POINT('',#21794);
#7338=VERTEX_POINT('',#21796);
#7339=VERTEX_POINT('',#21798);
#7340=VERTEX_POINT('',#21800);
#7341=VERTEX_POINT('',#21804);
#7342=VERTEX_POINT('',#21806);
#7343=VERTEX_POINT('',#21810);
#7344=VERTEX_POINT('',#21812);
#7345=VERTEX_POINT('',#21816);
#7346=VERTEX_POINT('',#21818);
#7347=VERTEX_POINT('',#21822);
#7348=VERTEX_POINT('',#21824);
#7349=VERTEX_POINT('',#21828);
#7350=VERTEX_POINT('',#21830);
#7351=VERTEX_POINT('',#21834);
#7352=VERTEX_POINT('',#21836);
#7353=VERTEX_POINT('',#21840);
#7354=VERTEX_POINT('',#21842);
#7355=VERTEX_POINT('',#21846);
#7356=VERTEX_POINT('',#21848);
#7357=VERTEX_POINT('',#21852);
#7358=VERTEX_POINT('',#21854);
#7359=VERTEX_POINT('',#21858);
#7360=VERTEX_POINT('',#21860);
#7361=VERTEX_POINT('',#21864);
#7362=VERTEX_POINT('',#21866);
#7363=VERTEX_POINT('',#21870);
#7364=VERTEX_POINT('',#21872);
#7365=VERTEX_POINT('',#21876);
#7366=VERTEX_POINT('',#21878);
#7367=VERTEX_POINT('',#21882);
#7368=VERTEX_POINT('',#21884);
#7369=VERTEX_POINT('',#21888);
#7370=VERTEX_POINT('',#21890);
#7371=VERTEX_POINT('',#21894);
#7372=VERTEX_POINT('',#21896);
#7373=VERTEX_POINT('',#21898);
#7374=VERTEX_POINT('',#21900);
#7375=VERTEX_POINT('',#21904);
#7376=VERTEX_POINT('',#21906);
#7377=VERTEX_POINT('',#21908);
#7378=VERTEX_POINT('',#21910);
#7379=VERTEX_POINT('',#21914);
#7380=VERTEX_POINT('',#21916);
#7381=VERTEX_POINT('',#21918);
#7382=VERTEX_POINT('',#21920);
#7383=VERTEX_POINT('',#21924);
#7384=VERTEX_POINT('',#21926);
#7385=VERTEX_POINT('',#21928);
#7386=VERTEX_POINT('',#21930);
#7387=VERTEX_POINT('',#21934);
#7388=VERTEX_POINT('',#21936);
#7389=VERTEX_POINT('',#21938);
#7390=VERTEX_POINT('',#21940);
#7391=VERTEX_POINT('',#21944);
#7392=VERTEX_POINT('',#21946);
#7393=VERTEX_POINT('',#21948);
#7394=VERTEX_POINT('',#21950);
#7395=VERTEX_POINT('',#21954);
#7396=VERTEX_POINT('',#21956);
#7397=VERTEX_POINT('',#21958);
#7398=VERTEX_POINT('',#21960);
#7399=VERTEX_POINT('',#21964);
#7400=VERTEX_POINT('',#21966);
#7401=VERTEX_POINT('',#21968);
#7402=VERTEX_POINT('',#21970);
#7403=VERTEX_POINT('',#21974);
#7404=VERTEX_POINT('',#21976);
#7405=VERTEX_POINT('',#21978);
#7406=VERTEX_POINT('',#21980);
#7407=VERTEX_POINT('',#21984);
#7408=VERTEX_POINT('',#21986);
#7409=VERTEX_POINT('',#21988);
#7410=VERTEX_POINT('',#21990);
#7411=VERTEX_POINT('',#21994);
#7412=VERTEX_POINT('',#21996);
#7413=VERTEX_POINT('',#21998);
#7414=VERTEX_POINT('',#22000);
#7415=VERTEX_POINT('',#22004);
#7416=VERTEX_POINT('',#22006);
#7417=VERTEX_POINT('',#22008);
#7418=VERTEX_POINT('',#22010);
#7419=VERTEX_POINT('',#22014);
#7420=VERTEX_POINT('',#22016);
#7421=VERTEX_POINT('',#22018);
#7422=VERTEX_POINT('',#22020);
#7423=VERTEX_POINT('',#22024);
#7424=VERTEX_POINT('',#22026);
#7425=VERTEX_POINT('',#22028);
#7426=VERTEX_POINT('',#22030);
#7427=VERTEX_POINT('',#22034);
#7428=VERTEX_POINT('',#22036);
#7429=VERTEX_POINT('',#22038);
#7430=VERTEX_POINT('',#22040);
#7431=VERTEX_POINT('',#22044);
#7432=VERTEX_POINT('',#22045);
#7433=VERTEX_POINT('',#22047);
#7434=VERTEX_POINT('',#22049);
#7435=VERTEX_POINT('',#22051);
#7436=VERTEX_POINT('',#22053);
#7437=VERTEX_POINT('',#22057);
#7438=VERTEX_POINT('',#22058);
#7439=VERTEX_POINT('',#22060);
#7440=VERTEX_POINT('',#22062);
#7441=VERTEX_POINT('',#22064);
#7442=VERTEX_POINT('',#22066);
#7443=VERTEX_POINT('',#22070);
#7444=VERTEX_POINT('',#22071);
#7445=VERTEX_POINT('',#22073);
#7446=VERTEX_POINT('',#22075);
#7447=VERTEX_POINT('',#22077);
#7448=VERTEX_POINT('',#22079);
#7449=VERTEX_POINT('',#22083);
#7450=VERTEX_POINT('',#22084);
#7451=VERTEX_POINT('',#22086);
#7452=VERTEX_POINT('',#22088);
#7453=VERTEX_POINT('',#22090);
#7454=VERTEX_POINT('',#22092);
#7455=VERTEX_POINT('',#22096);
#7456=VERTEX_POINT('',#22097);
#7457=VERTEX_POINT('',#22099);
#7458=VERTEX_POINT('',#22101);
#7459=VERTEX_POINT('',#22103);
#7460=VERTEX_POINT('',#22105);
#7461=VERTEX_POINT('',#22109);
#7462=VERTEX_POINT('',#22110);
#7463=VERTEX_POINT('',#22112);
#7464=VERTEX_POINT('',#22114);
#7465=VERTEX_POINT('',#22116);
#7466=VERTEX_POINT('',#22118);
#7467=VERTEX_POINT('',#22122);
#7468=VERTEX_POINT('',#22123);
#7469=VERTEX_POINT('',#22125);
#7470=VERTEX_POINT('',#22127);
#7471=VERTEX_POINT('',#22129);
#7472=VERTEX_POINT('',#22131);
#7473=VERTEX_POINT('',#22135);
#7474=VERTEX_POINT('',#22136);
#7475=VERTEX_POINT('',#22138);
#7476=VERTEX_POINT('',#22140);
#7477=VERTEX_POINT('',#22142);
#7478=VERTEX_POINT('',#22144);
#7479=VERTEX_POINT('',#22148);
#7480=VERTEX_POINT('',#22149);
#7481=VERTEX_POINT('',#22151);
#7482=VERTEX_POINT('',#22153);
#7483=VERTEX_POINT('',#22155);
#7484=VERTEX_POINT('',#22157);
#7485=VERTEX_POINT('',#22161);
#7486=VERTEX_POINT('',#22162);
#7487=VERTEX_POINT('',#22164);
#7488=VERTEX_POINT('',#22166);
#7489=VERTEX_POINT('',#22168);
#7490=VERTEX_POINT('',#22170);
#7491=VERTEX_POINT('',#22174);
#7492=VERTEX_POINT('',#22175);
#7493=VERTEX_POINT('',#22177);
#7494=VERTEX_POINT('',#22179);
#7495=VERTEX_POINT('',#22181);
#7496=VERTEX_POINT('',#22183);
#7497=VERTEX_POINT('',#22187);
#7498=VERTEX_POINT('',#22188);
#7499=VERTEX_POINT('',#22190);
#7500=VERTEX_POINT('',#22192);
#7501=VERTEX_POINT('',#22194);
#7502=VERTEX_POINT('',#22196);
#7503=VERTEX_POINT('',#22200);
#7504=VERTEX_POINT('',#22201);
#7505=VERTEX_POINT('',#22203);
#7506=VERTEX_POINT('',#22205);
#7507=VERTEX_POINT('',#22207);
#7508=VERTEX_POINT('',#22209);
#7509=VERTEX_POINT('',#22213);
#7510=VERTEX_POINT('',#22214);
#7511=VERTEX_POINT('',#22216);
#7512=VERTEX_POINT('',#22218);
#7513=VERTEX_POINT('',#22220);
#7514=VERTEX_POINT('',#22222);
#7515=VERTEX_POINT('',#22226);
#7516=VERTEX_POINT('',#22227);
#7517=VERTEX_POINT('',#22229);
#7518=VERTEX_POINT('',#22231);
#7519=VERTEX_POINT('',#22233);
#7520=VERTEX_POINT('',#22235);
#7521=VERTEX_POINT('',#22239);
#7522=VERTEX_POINT('',#22241);
#7523=VERTEX_POINT('',#22245);
#7524=VERTEX_POINT('',#22247);
#7525=VERTEX_POINT('',#22251);
#7526=VERTEX_POINT('',#22253);
#7527=VERTEX_POINT('',#22257);
#7528=VERTEX_POINT('',#22259);
#7529=VERTEX_POINT('',#22263);
#7530=VERTEX_POINT('',#22265);
#7531=VERTEX_POINT('',#22269);
#7532=VERTEX_POINT('',#22271);
#7533=VERTEX_POINT('',#22275);
#7534=VERTEX_POINT('',#22277);
#7535=VERTEX_POINT('',#22281);
#7536=VERTEX_POINT('',#22283);
#7537=VERTEX_POINT('',#22287);
#7538=VERTEX_POINT('',#22289);
#7539=VERTEX_POINT('',#22293);
#7540=VERTEX_POINT('',#22295);
#7541=VERTEX_POINT('',#22299);
#7542=VERTEX_POINT('',#22301);
#7543=VERTEX_POINT('',#22305);
#7544=VERTEX_POINT('',#22307);
#7545=VERTEX_POINT('',#22311);
#7546=VERTEX_POINT('',#22313);
#7547=VERTEX_POINT('',#22317);
#7548=VERTEX_POINT('',#22319);
#7549=VERTEX_POINT('',#22323);
#7550=VERTEX_POINT('',#22325);
#7551=VERTEX_POINT('',#22329);
#7552=VERTEX_POINT('',#22331);
#7553=VERTEX_POINT('',#22333);
#7554=VERTEX_POINT('',#22335);
#7555=VERTEX_POINT('',#22339);
#7556=VERTEX_POINT('',#22341);
#7557=VERTEX_POINT('',#22343);
#7558=VERTEX_POINT('',#22345);
#7559=VERTEX_POINT('',#22349);
#7560=VERTEX_POINT('',#22351);
#7561=VERTEX_POINT('',#22353);
#7562=VERTEX_POINT('',#22355);
#7563=VERTEX_POINT('',#22359);
#7564=VERTEX_POINT('',#22361);
#7565=VERTEX_POINT('',#22363);
#7566=VERTEX_POINT('',#22365);
#7567=VERTEX_POINT('',#22369);
#7568=VERTEX_POINT('',#22371);
#7569=VERTEX_POINT('',#22373);
#7570=VERTEX_POINT('',#22375);
#7571=VERTEX_POINT('',#22379);
#7572=VERTEX_POINT('',#22381);
#7573=VERTEX_POINT('',#22383);
#7574=VERTEX_POINT('',#22385);
#7575=VERTEX_POINT('',#22389);
#7576=VERTEX_POINT('',#22391);
#7577=VERTEX_POINT('',#22393);
#7578=VERTEX_POINT('',#22395);
#7579=VERTEX_POINT('',#22399);
#7580=VERTEX_POINT('',#22401);
#7581=VERTEX_POINT('',#22403);
#7582=VERTEX_POINT('',#22405);
#7583=VERTEX_POINT('',#22409);
#7584=VERTEX_POINT('',#22411);
#7585=VERTEX_POINT('',#22413);
#7586=VERTEX_POINT('',#22415);
#7587=VERTEX_POINT('',#22419);
#7588=VERTEX_POINT('',#22421);
#7589=VERTEX_POINT('',#22423);
#7590=VERTEX_POINT('',#22425);
#7591=VERTEX_POINT('',#22429);
#7592=VERTEX_POINT('',#22431);
#7593=VERTEX_POINT('',#22433);
#7594=VERTEX_POINT('',#22435);
#7595=VERTEX_POINT('',#22439);
#7596=VERTEX_POINT('',#22441);
#7597=VERTEX_POINT('',#22443);
#7598=VERTEX_POINT('',#22445);
#7599=VERTEX_POINT('',#22449);
#7600=VERTEX_POINT('',#22451);
#7601=VERTEX_POINT('',#22453);
#7602=VERTEX_POINT('',#22455);
#7603=VERTEX_POINT('',#22459);
#7604=VERTEX_POINT('',#22461);
#7605=VERTEX_POINT('',#22463);
#7606=VERTEX_POINT('',#22465);
#7607=VERTEX_POINT('',#22469);
#7608=VERTEX_POINT('',#22471);
#7609=VERTEX_POINT('',#22473);
#7610=VERTEX_POINT('',#22475);
#7611=VERTEX_POINT('',#22480);
#7612=VERTEX_POINT('',#22482);
#7613=VERTEX_POINT('',#22484);
#7614=VERTEX_POINT('',#22486);
#7615=VERTEX_POINT('',#22491);
#7616=VERTEX_POINT('',#22493);
#7617=VERTEX_POINT('',#22495);
#7618=VERTEX_POINT('',#22497);
#7619=VERTEX_POINT('',#22501);
#7620=VERTEX_POINT('',#22503);
#7621=VERTEX_POINT('',#22505);
#7622=VERTEX_POINT('',#22507);
#7623=VERTEX_POINT('',#22513);
#7624=VERTEX_POINT('',#22515);
#7625=VERTEX_POINT('',#22517);
#7626=VERTEX_POINT('',#22519);
#7627=VERTEX_POINT('',#22523);
#7628=VERTEX_POINT('',#22525);
#7629=VERTEX_POINT('',#22527);
#7630=VERTEX_POINT('',#22529);
#7631=VERTEX_POINT('',#22535);
#7632=VERTEX_POINT('',#22537);
#7633=VERTEX_POINT('',#22539);
#7634=VERTEX_POINT('',#22541);
#7635=VERTEX_POINT('',#22545);
#7636=VERTEX_POINT('',#22547);
#7637=VERTEX_POINT('',#22549);
#7638=VERTEX_POINT('',#22551);
#7639=VERTEX_POINT('',#22557);
#7640=VERTEX_POINT('',#22559);
#7641=VERTEX_POINT('',#22561);
#7642=VERTEX_POINT('',#22563);
#7643=VERTEX_POINT('',#22567);
#7644=VERTEX_POINT('',#22569);
#7645=VERTEX_POINT('',#22571);
#7646=VERTEX_POINT('',#22573);
#7647=VERTEX_POINT('',#22579);
#7648=VERTEX_POINT('',#22581);
#7649=VERTEX_POINT('',#22583);
#7650=VERTEX_POINT('',#22585);
#7651=VERTEX_POINT('',#22589);
#7652=VERTEX_POINT('',#22591);
#7653=VERTEX_POINT('',#22593);
#7654=VERTEX_POINT('',#22595);
#7655=VERTEX_POINT('',#22601);
#7656=VERTEX_POINT('',#22603);
#7657=VERTEX_POINT('',#22605);
#7658=VERTEX_POINT('',#22607);
#7659=VERTEX_POINT('',#22611);
#7660=VERTEX_POINT('',#22613);
#7661=VERTEX_POINT('',#22615);
#7662=VERTEX_POINT('',#22617);
#7663=VERTEX_POINT('',#22623);
#7664=VERTEX_POINT('',#22625);
#7665=VERTEX_POINT('',#22627);
#7666=VERTEX_POINT('',#22629);
#7667=VERTEX_POINT('',#22633);
#7668=VERTEX_POINT('',#22635);
#7669=VERTEX_POINT('',#22637);
#7670=VERTEX_POINT('',#22639);
#7671=VERTEX_POINT('',#22645);
#7672=VERTEX_POINT('',#22647);
#7673=VERTEX_POINT('',#22649);
#7674=VERTEX_POINT('',#22651);
#7675=VERTEX_POINT('',#22655);
#7676=VERTEX_POINT('',#22657);
#7677=VERTEX_POINT('',#22659);
#7678=VERTEX_POINT('',#22661);
#7679=VERTEX_POINT('',#22667);
#7680=VERTEX_POINT('',#22669);
#7681=VERTEX_POINT('',#22671);
#7682=VERTEX_POINT('',#22673);
#7683=VERTEX_POINT('',#22677);
#7684=VERTEX_POINT('',#22679);
#7685=VERTEX_POINT('',#22681);
#7686=VERTEX_POINT('',#22683);
#7687=VERTEX_POINT('',#22689);
#7688=VERTEX_POINT('',#22691);
#7689=VERTEX_POINT('',#22693);
#7690=VERTEX_POINT('',#22695);
#7691=VERTEX_POINT('',#22699);
#7692=VERTEX_POINT('',#22701);
#7693=VERTEX_POINT('',#22703);
#7694=VERTEX_POINT('',#22705);
#7695=VERTEX_POINT('',#22711);
#7696=VERTEX_POINT('',#22713);
#7697=VERTEX_POINT('',#22715);
#7698=VERTEX_POINT('',#22717);
#7699=VERTEX_POINT('',#22721);
#7700=VERTEX_POINT('',#22723);
#7701=VERTEX_POINT('',#22725);
#7702=VERTEX_POINT('',#22727);
#7703=VERTEX_POINT('',#22733);
#7704=VERTEX_POINT('',#22735);
#7705=VERTEX_POINT('',#22737);
#7706=VERTEX_POINT('',#22739);
#7707=VERTEX_POINT('',#22743);
#7708=VERTEX_POINT('',#22745);
#7709=VERTEX_POINT('',#22747);
#7710=VERTEX_POINT('',#22749);
#7711=VERTEX_POINT('',#22755);
#7712=VERTEX_POINT('',#22757);
#7713=VERTEX_POINT('',#22759);
#7714=VERTEX_POINT('',#22761);
#7715=VERTEX_POINT('',#22765);
#7716=VERTEX_POINT('',#22767);
#7717=VERTEX_POINT('',#22769);
#7718=VERTEX_POINT('',#22771);
#7719=VERTEX_POINT('',#22777);
#7720=VERTEX_POINT('',#22779);
#7721=VERTEX_POINT('',#22781);
#7722=VERTEX_POINT('',#22783);
#7723=VERTEX_POINT('',#22787);
#7724=VERTEX_POINT('',#22789);
#7725=VERTEX_POINT('',#22791);
#7726=VERTEX_POINT('',#22793);
#7727=VERTEX_POINT('',#22799);
#7728=VERTEX_POINT('',#22801);
#7729=VERTEX_POINT('',#22803);
#7730=VERTEX_POINT('',#22805);
#7731=VERTEX_POINT('',#22810);
#7732=VERTEX_POINT('',#22812);
#7733=VERTEX_POINT('',#22814);
#7734=VERTEX_POINT('',#22816);
#7735=VERTEX_POINT('',#22821);
#7736=VERTEX_POINT('',#22823);
#7737=VERTEX_POINT('',#22825);
#7738=VERTEX_POINT('',#22827);
#7739=VERTEX_POINT('',#22831);
#7740=VERTEX_POINT('',#22833);
#7741=VERTEX_POINT('',#22835);
#7742=VERTEX_POINT('',#22837);
#7743=VERTEX_POINT('',#22843);
#7744=VERTEX_POINT('',#22845);
#7745=VERTEX_POINT('',#22847);
#7746=VERTEX_POINT('',#22849);
#7747=VERTEX_POINT('',#22853);
#7748=VERTEX_POINT('',#22855);
#7749=VERTEX_POINT('',#22857);
#7750=VERTEX_POINT('',#22859);
#7751=VERTEX_POINT('',#22865);
#7752=VERTEX_POINT('',#22867);
#7753=VERTEX_POINT('',#22869);
#7754=VERTEX_POINT('',#22871);
#7755=VERTEX_POINT('',#22875);
#7756=VERTEX_POINT('',#22877);
#7757=VERTEX_POINT('',#22879);
#7758=VERTEX_POINT('',#22881);
#7759=VERTEX_POINT('',#22887);
#7760=VERTEX_POINT('',#22889);
#7761=VERTEX_POINT('',#22891);
#7762=VERTEX_POINT('',#22893);
#7763=VERTEX_POINT('',#22897);
#7764=VERTEX_POINT('',#22899);
#7765=VERTEX_POINT('',#22901);
#7766=VERTEX_POINT('',#22903);
#7767=VERTEX_POINT('',#22909);
#7768=VERTEX_POINT('',#22911);
#7769=VERTEX_POINT('',#22913);
#7770=VERTEX_POINT('',#22915);
#7771=VERTEX_POINT('',#22919);
#7772=VERTEX_POINT('',#22921);
#7773=VERTEX_POINT('',#22923);
#7774=VERTEX_POINT('',#22925);
#7775=VERTEX_POINT('',#22931);
#7776=VERTEX_POINT('',#22933);
#7777=VERTEX_POINT('',#22935);
#7778=VERTEX_POINT('',#22937);
#7779=VERTEX_POINT('',#22941);
#7780=VERTEX_POINT('',#22943);
#7781=VERTEX_POINT('',#22945);
#7782=VERTEX_POINT('',#22947);
#7783=VERTEX_POINT('',#22953);
#7784=VERTEX_POINT('',#22955);
#7785=VERTEX_POINT('',#22957);
#7786=VERTEX_POINT('',#22959);
#7787=VERTEX_POINT('',#22963);
#7788=VERTEX_POINT('',#22965);
#7789=VERTEX_POINT('',#22967);
#7790=VERTEX_POINT('',#22969);
#7791=VERTEX_POINT('',#22975);
#7792=VERTEX_POINT('',#22977);
#7793=VERTEX_POINT('',#22979);
#7794=VERTEX_POINT('',#22981);
#7795=VERTEX_POINT('',#22985);
#7796=VERTEX_POINT('',#22987);
#7797=VERTEX_POINT('',#22989);
#7798=VERTEX_POINT('',#22991);
#7799=VERTEX_POINT('',#22997);
#7800=VERTEX_POINT('',#22999);
#7801=VERTEX_POINT('',#23001);
#7802=VERTEX_POINT('',#23003);
#7803=VERTEX_POINT('',#23007);
#7804=VERTEX_POINT('',#23009);
#7805=VERTEX_POINT('',#23011);
#7806=VERTEX_POINT('',#23013);
#7807=VERTEX_POINT('',#23019);
#7808=VERTEX_POINT('',#23021);
#7809=VERTEX_POINT('',#23023);
#7810=VERTEX_POINT('',#23025);
#7811=VERTEX_POINT('',#23029);
#7812=VERTEX_POINT('',#23031);
#7813=VERTEX_POINT('',#23033);
#7814=VERTEX_POINT('',#23035);
#7815=VERTEX_POINT('',#23041);
#7816=VERTEX_POINT('',#23043);
#7817=VERTEX_POINT('',#23045);
#7818=VERTEX_POINT('',#23047);
#7819=VERTEX_POINT('',#23051);
#7820=VERTEX_POINT('',#23053);
#7821=VERTEX_POINT('',#23055);
#7822=VERTEX_POINT('',#23057);
#7823=VERTEX_POINT('',#23063);
#7824=VERTEX_POINT('',#23065);
#7825=VERTEX_POINT('',#23067);
#7826=VERTEX_POINT('',#23069);
#7827=VERTEX_POINT('',#23073);
#7828=VERTEX_POINT('',#23075);
#7829=VERTEX_POINT('',#23077);
#7830=VERTEX_POINT('',#23079);
#7831=VERTEX_POINT('',#23085);
#7832=VERTEX_POINT('',#23087);
#7833=VERTEX_POINT('',#23089);
#7834=VERTEX_POINT('',#23091);
#7835=VERTEX_POINT('',#23095);
#7836=VERTEX_POINT('',#23097);
#7837=VERTEX_POINT('',#23099);
#7838=VERTEX_POINT('',#23101);
#7839=VERTEX_POINT('',#23107);
#7840=VERTEX_POINT('',#23109);
#7841=VERTEX_POINT('',#23111);
#7842=VERTEX_POINT('',#23113);
#7843=VERTEX_POINT('',#23117);
#7844=VERTEX_POINT('',#23119);
#7845=VERTEX_POINT('',#23121);
#7846=VERTEX_POINT('',#23123);
#7847=VERTEX_POINT('',#23129);
#7848=VERTEX_POINT('',#23131);
#7849=VERTEX_POINT('',#23133);
#7850=VERTEX_POINT('',#23135);
#7851=VERTEX_POINT('',#23140);
#7852=VERTEX_POINT('',#23142);
#7853=VERTEX_POINT('',#23144);
#7854=VERTEX_POINT('',#23146);
#7855=VERTEX_POINT('',#23151);
#7856=VERTEX_POINT('',#23153);
#7857=VERTEX_POINT('',#23155);
#7858=VERTEX_POINT('',#23157);
#7859=VERTEX_POINT('',#23161);
#7860=VERTEX_POINT('',#23163);
#7861=VERTEX_POINT('',#23165);
#7862=VERTEX_POINT('',#23167);
#7863=VERTEX_POINT('',#23173);
#7864=VERTEX_POINT('',#23175);
#7865=VERTEX_POINT('',#23177);
#7866=VERTEX_POINT('',#23179);
#7867=VERTEX_POINT('',#23183);
#7868=VERTEX_POINT('',#23185);
#7869=VERTEX_POINT('',#23187);
#7870=VERTEX_POINT('',#23189);
#7871=VERTEX_POINT('',#23195);
#7872=VERTEX_POINT('',#23197);
#7873=VERTEX_POINT('',#23199);
#7874=VERTEX_POINT('',#23201);
#7875=VERTEX_POINT('',#23205);
#7876=VERTEX_POINT('',#23207);
#7877=VERTEX_POINT('',#23209);
#7878=VERTEX_POINT('',#23211);
#7879=VERTEX_POINT('',#23217);
#7880=VERTEX_POINT('',#23219);
#7881=VERTEX_POINT('',#23221);
#7882=VERTEX_POINT('',#23223);
#7883=VERTEX_POINT('',#23227);
#7884=VERTEX_POINT('',#23229);
#7885=VERTEX_POINT('',#23231);
#7886=VERTEX_POINT('',#23233);
#7887=VERTEX_POINT('',#23239);
#7888=VERTEX_POINT('',#23241);
#7889=VERTEX_POINT('',#23243);
#7890=VERTEX_POINT('',#23245);
#7891=VERTEX_POINT('',#23249);
#7892=VERTEX_POINT('',#23251);
#7893=VERTEX_POINT('',#23253);
#7894=VERTEX_POINT('',#23255);
#7895=VERTEX_POINT('',#23261);
#7896=VERTEX_POINT('',#23263);
#7897=VERTEX_POINT('',#23265);
#7898=VERTEX_POINT('',#23267);
#7899=VERTEX_POINT('',#23271);
#7900=VERTEX_POINT('',#23273);
#7901=VERTEX_POINT('',#23275);
#7902=VERTEX_POINT('',#23277);
#7903=VERTEX_POINT('',#23283);
#7904=VERTEX_POINT('',#23285);
#7905=VERTEX_POINT('',#23287);
#7906=VERTEX_POINT('',#23289);
#7907=VERTEX_POINT('',#23293);
#7908=VERTEX_POINT('',#23295);
#7909=VERTEX_POINT('',#23297);
#7910=VERTEX_POINT('',#23299);
#7911=VERTEX_POINT('',#23305);
#7912=VERTEX_POINT('',#23307);
#7913=VERTEX_POINT('',#23309);
#7914=VERTEX_POINT('',#23311);
#7915=VERTEX_POINT('',#23315);
#7916=VERTEX_POINT('',#23317);
#7917=VERTEX_POINT('',#23319);
#7918=VERTEX_POINT('',#23321);
#7919=VERTEX_POINT('',#23327);
#7920=VERTEX_POINT('',#23329);
#7921=VERTEX_POINT('',#23331);
#7922=VERTEX_POINT('',#23333);
#7923=VERTEX_POINT('',#23337);
#7924=VERTEX_POINT('',#23339);
#7925=VERTEX_POINT('',#23341);
#7926=VERTEX_POINT('',#23343);
#7927=VERTEX_POINT('',#23349);
#7928=VERTEX_POINT('',#23351);
#7929=VERTEX_POINT('',#23353);
#7930=VERTEX_POINT('',#23355);
#7931=VERTEX_POINT('',#23359);
#7932=VERTEX_POINT('',#23361);
#7933=VERTEX_POINT('',#23363);
#7934=VERTEX_POINT('',#23365);
#7935=VERTEX_POINT('',#23371);
#7936=VERTEX_POINT('',#23373);
#7937=VERTEX_POINT('',#23375);
#7938=VERTEX_POINT('',#23377);
#7939=VERTEX_POINT('',#23381);
#7940=VERTEX_POINT('',#23383);
#7941=VERTEX_POINT('',#23385);
#7942=VERTEX_POINT('',#23387);
#7943=VERTEX_POINT('',#23393);
#7944=VERTEX_POINT('',#23395);
#7945=VERTEX_POINT('',#23397);
#7946=VERTEX_POINT('',#23399);
#7947=VERTEX_POINT('',#23403);
#7948=VERTEX_POINT('',#23405);
#7949=VERTEX_POINT('',#23407);
#7950=VERTEX_POINT('',#23409);
#7951=VERTEX_POINT('',#23415);
#7952=VERTEX_POINT('',#23417);
#7953=VERTEX_POINT('',#23419);
#7954=VERTEX_POINT('',#23421);
#7955=VERTEX_POINT('',#23425);
#7956=VERTEX_POINT('',#23427);
#7957=VERTEX_POINT('',#23429);
#7958=VERTEX_POINT('',#23431);
#7959=VERTEX_POINT('',#23437);
#7960=VERTEX_POINT('',#23439);
#7961=VERTEX_POINT('',#23441);
#7962=VERTEX_POINT('',#23443);
#7963=VERTEX_POINT('',#23447);
#7964=VERTEX_POINT('',#23449);
#7965=VERTEX_POINT('',#23451);
#7966=VERTEX_POINT('',#23453);
#7967=VERTEX_POINT('',#23459);
#7968=VERTEX_POINT('',#23461);
#7969=VERTEX_POINT('',#23463);
#7970=VERTEX_POINT('',#23465);
#7971=VERTEX_POINT('',#23469);
#7972=VERTEX_POINT('',#23470);
#7973=VERTEX_POINT('',#23472);
#7974=VERTEX_POINT('',#23474);
#7975=VERTEX_POINT('',#23478);
#7976=VERTEX_POINT('',#23479);
#7977=VERTEX_POINT('',#23481);
#7978=VERTEX_POINT('',#23483);
#7979=LINE('',#19706,#9893);
#7980=LINE('',#19709,#9894);
#7981=LINE('',#19711,#9895);
#7982=LINE('',#19713,#9896);
#7983=LINE('',#19715,#9897);
#7984=LINE('',#19717,#9898);
#7985=LINE('',#19719,#9899);
#7986=LINE('',#19721,#9900);
#7987=LINE('',#19723,#9901);
#7988=LINE('',#19725,#9902);
#7989=LINE('',#19727,#9903);
#7990=LINE('',#19729,#9904);
#7991=LINE('',#19731,#9905);
#7992=LINE('',#19733,#9906);
#7993=LINE('',#19735,#9907);
#7994=LINE('',#19737,#9908);
#7995=LINE('',#19739,#9909);
#7996=LINE('',#19741,#9910);
#7997=LINE('',#19743,#9911);
#7998=LINE('',#19745,#9912);
#7999=LINE('',#19747,#9913);
#8000=LINE('',#19749,#9914);
#8001=LINE('',#19751,#9915);
#8002=LINE('',#19753,#9916);
#8003=LINE('',#19755,#9917);
#8004=LINE('',#19757,#9918);
#8005=LINE('',#19759,#9919);
#8006=LINE('',#19761,#9920);
#8007=LINE('',#19763,#9921);
#8008=LINE('',#19765,#9922);
#8009=LINE('',#19767,#9923);
#8010=LINE('',#19769,#9924);
#8011=LINE('',#19771,#9925);
#8012=LINE('',#19773,#9926);
#8013=LINE('',#19775,#9927);
#8014=LINE('',#19777,#9928);
#8015=LINE('',#19779,#9929);
#8016=LINE('',#19781,#9930);
#8017=LINE('',#19783,#9931);
#8018=LINE('',#19785,#9932);
#8019=LINE('',#19787,#9933);
#8020=LINE('',#19789,#9934);
#8021=LINE('',#19791,#9935);
#8022=LINE('',#19793,#9936);
#8023=LINE('',#19795,#9937);
#8024=LINE('',#19797,#9938);
#8025=LINE('',#19799,#9939);
#8026=LINE('',#19801,#9940);
#8027=LINE('',#19803,#9941);
#8028=LINE('',#19805,#9942);
#8029=LINE('',#19807,#9943);
#8030=LINE('',#19809,#9944);
#8031=LINE('',#19811,#9945);
#8032=LINE('',#19813,#9946);
#8033=LINE('',#19815,#9947);
#8034=LINE('',#19817,#9948);
#8035=LINE('',#19819,#9949);
#8036=LINE('',#19821,#9950);
#8037=LINE('',#19823,#9951);
#8038=LINE('',#19825,#9952);
#8039=LINE('',#19827,#9953);
#8040=LINE('',#19829,#9954);
#8041=LINE('',#19831,#9955);
#8042=LINE('',#19833,#9956);
#8043=LINE('',#19835,#9957);
#8044=LINE('',#19838,#9958);
#8045=LINE('',#19840,#9959);
#8046=LINE('',#19842,#9960);
#8047=LINE('',#19844,#9961);
#8048=LINE('',#19846,#9962);
#8049=LINE('',#19848,#9963);
#8050=LINE('',#19850,#9964);
#8051=LINE('',#19852,#9965);
#8052=LINE('',#19854,#9966);
#8053=LINE('',#19856,#9967);
#8054=LINE('',#19858,#9968);
#8055=LINE('',#19860,#9969);
#8056=LINE('',#19862,#9970);
#8057=LINE('',#19864,#9971);
#8058=LINE('',#19866,#9972);
#8059=LINE('',#19868,#9973);
#8060=LINE('',#19870,#9974);
#8061=LINE('',#19872,#9975);
#8062=LINE('',#19874,#9976);
#8063=LINE('',#19876,#9977);
#8064=LINE('',#19878,#9978);
#8065=LINE('',#19880,#9979);
#8066=LINE('',#19882,#9980);
#8067=LINE('',#19884,#9981);
#8068=LINE('',#19886,#9982);
#8069=LINE('',#19888,#9983);
#8070=LINE('',#19890,#9984);
#8071=LINE('',#19892,#9985);
#8072=LINE('',#19894,#9986);
#8073=LINE('',#19896,#9987);
#8074=LINE('',#19898,#9988);
#8075=LINE('',#19900,#9989);
#8076=LINE('',#19902,#9990);
#8077=LINE('',#19904,#9991);
#8078=LINE('',#19906,#9992);
#8079=LINE('',#19908,#9993);
#8080=LINE('',#19910,#9994);
#8081=LINE('',#19912,#9995);
#8082=LINE('',#19914,#9996);
#8083=LINE('',#19916,#9997);
#8084=LINE('',#19918,#9998);
#8085=LINE('',#19920,#9999);
#8086=LINE('',#19922,#10000);
#8087=LINE('',#19924,#10001);
#8088=LINE('',#19926,#10002);
#8089=LINE('',#19928,#10003);
#8090=LINE('',#19930,#10004);
#8091=LINE('',#19932,#10005);
#8092=LINE('',#19934,#10006);
#8093=LINE('',#19936,#10007);
#8094=LINE('',#19938,#10008);
#8095=LINE('',#19940,#10009);
#8096=LINE('',#19942,#10010);
#8097=LINE('',#19944,#10011);
#8098=LINE('',#19946,#10012);
#8099=LINE('',#19948,#10013);
#8100=LINE('',#19950,#10014);
#8101=LINE('',#19952,#10015);
#8102=LINE('',#19954,#10016);
#8103=LINE('',#19956,#10017);
#8104=LINE('',#19958,#10018);
#8105=LINE('',#19960,#10019);
#8106=LINE('',#19962,#10020);
#8107=LINE('',#19964,#10021);
#8108=LINE('',#19967,#10022);
#8109=LINE('',#19969,#10023);
#8110=LINE('',#19971,#10024);
#8111=LINE('',#19973,#10025);
#8112=LINE('',#19975,#10026);
#8113=LINE('',#19977,#10027);
#8114=LINE('',#19979,#10028);
#8115=LINE('',#19981,#10029);
#8116=LINE('',#19983,#10030);
#8117=LINE('',#19985,#10031);
#8118=LINE('',#19988,#10032);
#8119=LINE('',#19990,#10033);
#8120=LINE('',#19992,#10034);
#8121=LINE('',#19994,#10035);
#8122=LINE('',#19996,#10036);
#8123=LINE('',#19998,#10037);
#8124=LINE('',#20000,#10038);
#8125=LINE('',#20002,#10039);
#8126=LINE('',#20004,#10040);
#8127=LINE('',#20006,#10041);
#8128=LINE('',#20009,#10042);
#8129=LINE('',#20011,#10043);
#8130=LINE('',#20013,#10044);
#8131=LINE('',#20015,#10045);
#8132=LINE('',#20017,#10046);
#8133=LINE('',#20019,#10047);
#8134=LINE('',#20021,#10048);
#8135=LINE('',#20023,#10049);
#8136=LINE('',#20025,#10050);
#8137=LINE('',#20027,#10051);
#8138=LINE('',#20030,#10052);
#8139=LINE('',#20032,#10053);
#8140=LINE('',#20034,#10054);
#8141=LINE('',#20036,#10055);
#8142=LINE('',#20038,#10056);
#8143=LINE('',#20040,#10057);
#8144=LINE('',#20042,#10058);
#8145=LINE('',#20044,#10059);
#8146=LINE('',#20046,#10060);
#8147=LINE('',#20048,#10061);
#8148=LINE('',#20051,#10062);
#8149=LINE('',#20053,#10063);
#8150=LINE('',#20055,#10064);
#8151=LINE('',#20057,#10065);
#8152=LINE('',#20059,#10066);
#8153=LINE('',#20061,#10067);
#8154=LINE('',#20063,#10068);
#8155=LINE('',#20065,#10069);
#8156=LINE('',#20067,#10070);
#8157=LINE('',#20069,#10071);
#8158=LINE('',#20072,#10072);
#8159=LINE('',#20074,#10073);
#8160=LINE('',#20076,#10074);
#8161=LINE('',#20078,#10075);
#8162=LINE('',#20080,#10076);
#8163=LINE('',#20082,#10077);
#8164=LINE('',#20084,#10078);
#8165=LINE('',#20086,#10079);
#8166=LINE('',#20088,#10080);
#8167=LINE('',#20090,#10081);
#8168=LINE('',#20093,#10082);
#8169=LINE('',#20095,#10083);
#8170=LINE('',#20097,#10084);
#8171=LINE('',#20099,#10085);
#8172=LINE('',#20101,#10086);
#8173=LINE('',#20103,#10087);
#8174=LINE('',#20105,#10088);
#8175=LINE('',#20107,#10089);
#8176=LINE('',#20109,#10090);
#8177=LINE('',#20111,#10091);
#8178=LINE('',#20114,#10092);
#8179=LINE('',#20116,#10093);
#8180=LINE('',#20118,#10094);
#8181=LINE('',#20120,#10095);
#8182=LINE('',#20122,#10096);
#8183=LINE('',#20124,#10097);
#8184=LINE('',#20126,#10098);
#8185=LINE('',#20128,#10099);
#8186=LINE('',#20130,#10100);
#8187=LINE('',#20132,#10101);
#8188=LINE('',#20135,#10102);
#8189=LINE('',#20137,#10103);
#8190=LINE('',#20139,#10104);
#8191=LINE('',#20141,#10105);
#8192=LINE('',#20143,#10106);
#8193=LINE('',#20145,#10107);
#8194=LINE('',#20147,#10108);
#8195=LINE('',#20149,#10109);
#8196=LINE('',#20151,#10110);
#8197=LINE('',#20153,#10111);
#8198=LINE('',#20156,#10112);
#8199=LINE('',#20158,#10113);
#8200=LINE('',#20160,#10114);
#8201=LINE('',#20162,#10115);
#8202=LINE('',#20164,#10116);
#8203=LINE('',#20166,#10117);
#8204=LINE('',#20168,#10118);
#8205=LINE('',#20170,#10119);
#8206=LINE('',#20172,#10120);
#8207=LINE('',#20174,#10121);
#8208=LINE('',#20177,#10122);
#8209=LINE('',#20179,#10123);
#8210=LINE('',#20181,#10124);
#8211=LINE('',#20183,#10125);
#8212=LINE('',#20185,#10126);
#8213=LINE('',#20187,#10127);
#8214=LINE('',#20189,#10128);
#8215=LINE('',#20191,#10129);
#8216=LINE('',#20193,#10130);
#8217=LINE('',#20195,#10131);
#8218=LINE('',#20198,#10132);
#8219=LINE('',#20200,#10133);
#8220=LINE('',#20202,#10134);
#8221=LINE('',#20204,#10135);
#8222=LINE('',#20206,#10136);
#8223=LINE('',#20208,#10137);
#8224=LINE('',#20210,#10138);
#8225=LINE('',#20212,#10139);
#8226=LINE('',#20214,#10140);
#8227=LINE('',#20216,#10141);
#8228=LINE('',#20219,#10142);
#8229=LINE('',#20221,#10143);
#8230=LINE('',#20223,#10144);
#8231=LINE('',#20225,#10145);
#8232=LINE('',#20227,#10146);
#8233=LINE('',#20229,#10147);
#8234=LINE('',#20231,#10148);
#8235=LINE('',#20233,#10149);
#8236=LINE('',#20235,#10150);
#8237=LINE('',#20237,#10151);
#8238=LINE('',#20240,#10152);
#8239=LINE('',#20242,#10153);
#8240=LINE('',#20244,#10154);
#8241=LINE('',#20246,#10155);
#8242=LINE('',#20248,#10156);
#8243=LINE('',#20250,#10157);
#8244=LINE('',#20252,#10158);
#8245=LINE('',#20254,#10159);
#8246=LINE('',#20256,#10160);
#8247=LINE('',#20258,#10161);
#8248=LINE('',#20261,#10162);
#8249=LINE('',#20263,#10163);
#8250=LINE('',#20265,#10164);
#8251=LINE('',#20267,#10165);
#8252=LINE('',#20269,#10166);
#8253=LINE('',#20271,#10167);
#8254=LINE('',#20273,#10168);
#8255=LINE('',#20275,#10169);
#8256=LINE('',#20277,#10170);
#8257=LINE('',#20279,#10171);
#8258=LINE('',#20282,#10172);
#8259=LINE('',#20284,#10173);
#8260=LINE('',#20286,#10174);
#8261=LINE('',#20288,#10175);
#8262=LINE('',#20290,#10176);
#8263=LINE('',#20292,#10177);
#8264=LINE('',#20294,#10178);
#8265=LINE('',#20296,#10179);
#8266=LINE('',#20298,#10180);
#8267=LINE('',#20300,#10181);
#8268=LINE('',#20303,#10182);
#8269=LINE('',#20305,#10183);
#8270=LINE('',#20307,#10184);
#8271=LINE('',#20309,#10185);
#8272=LINE('',#20311,#10186);
#8273=LINE('',#20313,#10187);
#8274=LINE('',#20315,#10188);
#8275=LINE('',#20317,#10189);
#8276=LINE('',#20319,#10190);
#8277=LINE('',#20321,#10191);
#8278=LINE('',#20324,#10192);
#8279=LINE('',#20326,#10193);
#8280=LINE('',#20328,#10194);
#8281=LINE('',#20330,#10195);
#8282=LINE('',#20332,#10196);
#8283=LINE('',#20334,#10197);
#8284=LINE('',#20336,#10198);
#8285=LINE('',#20338,#10199);
#8286=LINE('',#20340,#10200);
#8287=LINE('',#20342,#10201);
#8288=LINE('',#20345,#10202);
#8289=LINE('',#20347,#10203);
#8290=LINE('',#20349,#10204);
#8291=LINE('',#20351,#10205);
#8292=LINE('',#20353,#10206);
#8293=LINE('',#20355,#10207);
#8294=LINE('',#20357,#10208);
#8295=LINE('',#20359,#10209);
#8296=LINE('',#20361,#10210);
#8297=LINE('',#20363,#10211);
#8298=LINE('',#20366,#10212);
#8299=LINE('',#20368,#10213);
#8300=LINE('',#20370,#10214);
#8301=LINE('',#20372,#10215);
#8302=LINE('',#20374,#10216);
#8303=LINE('',#20376,#10217);
#8304=LINE('',#20378,#10218);
#8305=LINE('',#20380,#10219);
#8306=LINE('',#20382,#10220);
#8307=LINE('',#20384,#10221);
#8308=LINE('',#20387,#10222);
#8309=LINE('',#20389,#10223);
#8310=LINE('',#20391,#10224);
#8311=LINE('',#20393,#10225);
#8312=LINE('',#20395,#10226);
#8313=LINE('',#20397,#10227);
#8314=LINE('',#20399,#10228);
#8315=LINE('',#20401,#10229);
#8316=LINE('',#20403,#10230);
#8317=LINE('',#20405,#10231);
#8318=LINE('',#20408,#10232);
#8319=LINE('',#20410,#10233);
#8320=LINE('',#20412,#10234);
#8321=LINE('',#20414,#10235);
#8322=LINE('',#20416,#10236);
#8323=LINE('',#20418,#10237);
#8324=LINE('',#20420,#10238);
#8325=LINE('',#20422,#10239);
#8326=LINE('',#20424,#10240);
#8327=LINE('',#20426,#10241);
#8328=LINE('',#20429,#10242);
#8329=LINE('',#20431,#10243);
#8330=LINE('',#20433,#10244);
#8331=LINE('',#20435,#10245);
#8332=LINE('',#20437,#10246);
#8333=LINE('',#20439,#10247);
#8334=LINE('',#20441,#10248);
#8335=LINE('',#20443,#10249);
#8336=LINE('',#20445,#10250);
#8337=LINE('',#20447,#10251);
#8338=LINE('',#20450,#10252);
#8339=LINE('',#20452,#10253);
#8340=LINE('',#20454,#10254);
#8341=LINE('',#20456,#10255);
#8342=LINE('',#20458,#10256);
#8343=LINE('',#20460,#10257);
#8344=LINE('',#20462,#10258);
#8345=LINE('',#20464,#10259);
#8346=LINE('',#20466,#10260);
#8347=LINE('',#20468,#10261);
#8348=LINE('',#20471,#10262);
#8349=LINE('',#20473,#10263);
#8350=LINE('',#20475,#10264);
#8351=LINE('',#20477,#10265);
#8352=LINE('',#20479,#10266);
#8353=LINE('',#20481,#10267);
#8354=LINE('',#20483,#10268);
#8355=LINE('',#20485,#10269);
#8356=LINE('',#20487,#10270);
#8357=LINE('',#20489,#10271);
#8358=LINE('',#20492,#10272);
#8359=LINE('',#20494,#10273);
#8360=LINE('',#20496,#10274);
#8361=LINE('',#20498,#10275);
#8362=LINE('',#20500,#10276);
#8363=LINE('',#20502,#10277);
#8364=LINE('',#20504,#10278);
#8365=LINE('',#20506,#10279);
#8366=LINE('',#20508,#10280);
#8367=LINE('',#20510,#10281);
#8368=LINE('',#20513,#10282);
#8369=LINE('',#20515,#10283);
#8370=LINE('',#20517,#10284);
#8371=LINE('',#20519,#10285);
#8372=LINE('',#20521,#10286);
#8373=LINE('',#20523,#10287);
#8374=LINE('',#20525,#10288);
#8375=LINE('',#20527,#10289);
#8376=LINE('',#20529,#10290);
#8377=LINE('',#20531,#10291);
#8378=LINE('',#20534,#10292);
#8379=LINE('',#20536,#10293);
#8380=LINE('',#20538,#10294);
#8381=LINE('',#20540,#10295);
#8382=LINE('',#20542,#10296);
#8383=LINE('',#20544,#10297);
#8384=LINE('',#20546,#10298);
#8385=LINE('',#20548,#10299);
#8386=LINE('',#20550,#10300);
#8387=LINE('',#20552,#10301);
#8388=LINE('',#20555,#10302);
#8389=LINE('',#20557,#10303);
#8390=LINE('',#20559,#10304);
#8391=LINE('',#20561,#10305);
#8392=LINE('',#20563,#10306);
#8393=LINE('',#20565,#10307);
#8394=LINE('',#20567,#10308);
#8395=LINE('',#20569,#10309);
#8396=LINE('',#20571,#10310);
#8397=LINE('',#20573,#10311);
#8398=LINE('',#20576,#10312);
#8399=LINE('',#20578,#10313);
#8400=LINE('',#20580,#10314);
#8401=LINE('',#20582,#10315);
#8402=LINE('',#20584,#10316);
#8403=LINE('',#20586,#10317);
#8404=LINE('',#20588,#10318);
#8405=LINE('',#20590,#10319);
#8406=LINE('',#20592,#10320);
#8407=LINE('',#20594,#10321);
#8408=LINE('',#20597,#10322);
#8409=LINE('',#20599,#10323);
#8410=LINE('',#20601,#10324);
#8411=LINE('',#20603,#10325);
#8412=LINE('',#20605,#10326);
#8413=LINE('',#20607,#10327);
#8414=LINE('',#20609,#10328);
#8415=LINE('',#20611,#10329);
#8416=LINE('',#20613,#10330);
#8417=LINE('',#20615,#10331);
#8418=LINE('',#20618,#10332);
#8419=LINE('',#20620,#10333);
#8420=LINE('',#20622,#10334);
#8421=LINE('',#20624,#10335);
#8422=LINE('',#20626,#10336);
#8423=LINE('',#20628,#10337);
#8424=LINE('',#20630,#10338);
#8425=LINE('',#20632,#10339);
#8426=LINE('',#20634,#10340);
#8427=LINE('',#20636,#10341);
#8428=LINE('',#20639,#10342);
#8429=LINE('',#20641,#10343);
#8430=LINE('',#20643,#10344);
#8431=LINE('',#20645,#10345);
#8432=LINE('',#20647,#10346);
#8433=LINE('',#20649,#10347);
#8434=LINE('',#20651,#10348);
#8435=LINE('',#20653,#10349);
#8436=LINE('',#20655,#10350);
#8437=LINE('',#20657,#10351);
#8438=LINE('',#20660,#10352);
#8439=LINE('',#20662,#10353);
#8440=LINE('',#20664,#10354);
#8441=LINE('',#20666,#10355);
#8442=LINE('',#20668,#10356);
#8443=LINE('',#20670,#10357);
#8444=LINE('',#20672,#10358);
#8445=LINE('',#20674,#10359);
#8446=LINE('',#20676,#10360);
#8447=LINE('',#20678,#10361);
#8448=LINE('',#20681,#10362);
#8449=LINE('',#20683,#10363);
#8450=LINE('',#20685,#10364);
#8451=LINE('',#20687,#10365);
#8452=LINE('',#20689,#10366);
#8453=LINE('',#20691,#10367);
#8454=LINE('',#20693,#10368);
#8455=LINE('',#20695,#10369);
#8456=LINE('',#20697,#10370);
#8457=LINE('',#20699,#10371);
#8458=LINE('',#20702,#10372);
#8459=LINE('',#20704,#10373);
#8460=LINE('',#20706,#10374);
#8461=LINE('',#20708,#10375);
#8462=LINE('',#20710,#10376);
#8463=LINE('',#20712,#10377);
#8464=LINE('',#20714,#10378);
#8465=LINE('',#20716,#10379);
#8466=LINE('',#20718,#10380);
#8467=LINE('',#20720,#10381);
#8468=LINE('',#20723,#10382);
#8469=LINE('',#20725,#10383);
#8470=LINE('',#20727,#10384);
#8471=LINE('',#20729,#10385);
#8472=LINE('',#20731,#10386);
#8473=LINE('',#20733,#10387);
#8474=LINE('',#20735,#10388);
#8475=LINE('',#20737,#10389);
#8476=LINE('',#20739,#10390);
#8477=LINE('',#20741,#10391);
#8478=LINE('',#20744,#10392);
#8479=LINE('',#20746,#10393);
#8480=LINE('',#20748,#10394);
#8481=LINE('',#20750,#10395);
#8482=LINE('',#20752,#10396);
#8483=LINE('',#20754,#10397);
#8484=LINE('',#20756,#10398);
#8485=LINE('',#20758,#10399);
#8486=LINE('',#20760,#10400);
#8487=LINE('',#20762,#10401);
#8488=LINE('',#20765,#10402);
#8489=LINE('',#20767,#10403);
#8490=LINE('',#20769,#10404);
#8491=LINE('',#20771,#10405);
#8492=LINE('',#20773,#10406);
#8493=LINE('',#20775,#10407);
#8494=LINE('',#20777,#10408);
#8495=LINE('',#20779,#10409);
#8496=LINE('',#20781,#10410);
#8497=LINE('',#20783,#10411);
#8498=LINE('',#20786,#10412);
#8499=LINE('',#20788,#10413);
#8500=LINE('',#20790,#10414);
#8501=LINE('',#20792,#10415);
#8502=LINE('',#20794,#10416);
#8503=LINE('',#20796,#10417);
#8504=LINE('',#20798,#10418);
#8505=LINE('',#20800,#10419);
#8506=LINE('',#20802,#10420);
#8507=LINE('',#20804,#10421);
#8508=LINE('',#20807,#10422);
#8509=LINE('',#20809,#10423);
#8510=LINE('',#20811,#10424);
#8511=LINE('',#20813,#10425);
#8512=LINE('',#20815,#10426);
#8513=LINE('',#20817,#10427);
#8514=LINE('',#20819,#10428);
#8515=LINE('',#20821,#10429);
#8516=LINE('',#20823,#10430);
#8517=LINE('',#20825,#10431);
#8518=LINE('',#20828,#10432);
#8519=LINE('',#20830,#10433);
#8520=LINE('',#20832,#10434);
#8521=LINE('',#20834,#10435);
#8522=LINE('',#20836,#10436);
#8523=LINE('',#20838,#10437);
#8524=LINE('',#20840,#10438);
#8525=LINE('',#20842,#10439);
#8526=LINE('',#20844,#10440);
#8527=LINE('',#20846,#10441);
#8528=LINE('',#20849,#10442);
#8529=LINE('',#20851,#10443);
#8530=LINE('',#20853,#10444);
#8531=LINE('',#20855,#10445);
#8532=LINE('',#20857,#10446);
#8533=LINE('',#20859,#10447);
#8534=LINE('',#20861,#10448);
#8535=LINE('',#20863,#10449);
#8536=LINE('',#20865,#10450);
#8537=LINE('',#20867,#10451);
#8538=LINE('',#20870,#10452);
#8539=LINE('',#20872,#10453);
#8540=LINE('',#20874,#10454);
#8541=LINE('',#20876,#10455);
#8542=LINE('',#20878,#10456);
#8543=LINE('',#20880,#10457);
#8544=LINE('',#20882,#10458);
#8545=LINE('',#20884,#10459);
#8546=LINE('',#20886,#10460);
#8547=LINE('',#20888,#10461);
#8548=LINE('',#20891,#10462);
#8549=LINE('',#20893,#10463);
#8550=LINE('',#20895,#10464);
#8551=LINE('',#20897,#10465);
#8552=LINE('',#20899,#10466);
#8553=LINE('',#20901,#10467);
#8554=LINE('',#20903,#10468);
#8555=LINE('',#20905,#10469);
#8556=LINE('',#20907,#10470);
#8557=LINE('',#20909,#10471);
#8558=LINE('',#20910,#10472);
#8559=LINE('',#20912,#10473);
#8560=LINE('',#20913,#10474);
#8561=LINE('',#20915,#10475);
#8562=LINE('',#20916,#10476);
#8563=LINE('',#20918,#10477);
#8564=LINE('',#20919,#10478);
#8565=LINE('',#20921,#10479);
#8566=LINE('',#20922,#10480);
#8567=LINE('',#20924,#10481);
#8568=LINE('',#20925,#10482);
#8569=LINE('',#20927,#10483);
#8570=LINE('',#20928,#10484);
#8571=LINE('',#20930,#10485);
#8572=LINE('',#20931,#10486);
#8573=LINE('',#20933,#10487);
#8574=LINE('',#20934,#10488);
#8575=LINE('',#20936,#10489);
#8576=LINE('',#20937,#10490);
#8577=LINE('',#20939,#10491);
#8578=LINE('',#20940,#10492);
#8579=LINE('',#20942,#10493);
#8580=LINE('',#20943,#10494);
#8581=LINE('',#20945,#10495);
#8582=LINE('',#20946,#10496);
#8583=LINE('',#20948,#10497);
#8584=LINE('',#20949,#10498);
#8585=LINE('',#20951,#10499);
#8586=LINE('',#20952,#10500);
#8587=LINE('',#20954,#10501);
#8588=LINE('',#20955,#10502);
#8589=LINE('',#20957,#10503);
#8590=LINE('',#20958,#10504);
#8591=LINE('',#20960,#10505);
#8592=LINE('',#20961,#10506);
#8593=LINE('',#20963,#10507);
#8594=LINE('',#20964,#10508);
#8595=LINE('',#20966,#10509);
#8596=LINE('',#20967,#10510);
#8597=LINE('',#20969,#10511);
#8598=LINE('',#20970,#10512);
#8599=LINE('',#20972,#10513);
#8600=LINE('',#20973,#10514);
#8601=LINE('',#20975,#10515);
#8602=LINE('',#20976,#10516);
#8603=LINE('',#20978,#10517);
#8604=LINE('',#20979,#10518);
#8605=LINE('',#20981,#10519);
#8606=LINE('',#20982,#10520);
#8607=LINE('',#20984,#10521);
#8608=LINE('',#20985,#10522);
#8609=LINE('',#20987,#10523);
#8610=LINE('',#20988,#10524);
#8611=LINE('',#20990,#10525);
#8612=LINE('',#20991,#10526);
#8613=LINE('',#20993,#10527);
#8614=LINE('',#20994,#10528);
#8615=LINE('',#20996,#10529);
#8616=LINE('',#20997,#10530);
#8617=LINE('',#20999,#10531);
#8618=LINE('',#21000,#10532);
#8619=LINE('',#21002,#10533);
#8620=LINE('',#21003,#10534);
#8621=LINE('',#21005,#10535);
#8622=LINE('',#21006,#10536);
#8623=LINE('',#21008,#10537);
#8624=LINE('',#21009,#10538);
#8625=LINE('',#21011,#10539);
#8626=LINE('',#21012,#10540);
#8627=LINE('',#21014,#10541);
#8628=LINE('',#21015,#10542);
#8629=LINE('',#21017,#10543);
#8630=LINE('',#21018,#10544);
#8631=LINE('',#21020,#10545);
#8632=LINE('',#21021,#10546);
#8633=LINE('',#21023,#10547);
#8634=LINE('',#21024,#10548);
#8635=LINE('',#21026,#10549);
#8636=LINE('',#21027,#10550);
#8637=LINE('',#21029,#10551);
#8638=LINE('',#21030,#10552);
#8639=LINE('',#21032,#10553);
#8640=LINE('',#21033,#10554);
#8641=LINE('',#21035,#10555);
#8642=LINE('',#21036,#10556);
#8643=LINE('',#21038,#10557);
#8644=LINE('',#21039,#10558);
#8645=LINE('',#21041,#10559);
#8646=LINE('',#21042,#10560);
#8647=LINE('',#21044,#10561);
#8648=LINE('',#21045,#10562);
#8649=LINE('',#21047,#10563);
#8650=LINE('',#21048,#10564);
#8651=LINE('',#21050,#10565);
#8652=LINE('',#21051,#10566);
#8653=LINE('',#21053,#10567);
#8654=LINE('',#21054,#10568);
#8655=LINE('',#21056,#10569);
#8656=LINE('',#21057,#10570);
#8657=LINE('',#21059,#10571);
#8658=LINE('',#21060,#10572);
#8659=LINE('',#21062,#10573);
#8660=LINE('',#21063,#10574);
#8661=LINE('',#21065,#10575);
#8662=LINE('',#21066,#10576);
#8663=LINE('',#21068,#10577);
#8664=LINE('',#21069,#10578);
#8665=LINE('',#21071,#10579);
#8666=LINE('',#21072,#10580);
#8667=LINE('',#21074,#10581);
#8668=LINE('',#21075,#10582);
#8669=LINE('',#21077,#10583);
#8670=LINE('',#21078,#10584);
#8671=LINE('',#21080,#10585);
#8672=LINE('',#21081,#10586);
#8673=LINE('',#21083,#10587);
#8674=LINE('',#21084,#10588);
#8675=LINE('',#21086,#10589);
#8676=LINE('',#21087,#10590);
#8677=LINE('',#21089,#10591);
#8678=LINE('',#21090,#10592);
#8679=LINE('',#21092,#10593);
#8680=LINE('',#21094,#10594);
#8681=LINE('',#21097,#10595);
#8682=LINE('',#21099,#10596);
#8683=LINE('',#21102,#10597);
#8684=LINE('',#21104,#10598);
#8685=LINE('',#21107,#10599);
#8686=LINE('',#21109,#10600);
#8687=LINE('',#21112,#10601);
#8688=LINE('',#21114,#10602);
#8689=LINE('',#21117,#10603);
#8690=LINE('',#21119,#10604);
#8691=LINE('',#21122,#10605);
#8692=LINE('',#21124,#10606);
#8693=LINE('',#21127,#10607);
#8694=LINE('',#21129,#10608);
#8695=LINE('',#21132,#10609);
#8696=LINE('',#21134,#10610);
#8697=LINE('',#21137,#10611);
#8698=LINE('',#21139,#10612);
#8699=LINE('',#21142,#10613);
#8700=LINE('',#21144,#10614);
#8701=LINE('',#21147,#10615);
#8702=LINE('',#21149,#10616);
#8703=LINE('',#21152,#10617);
#8704=LINE('',#21154,#10618);
#8705=LINE('',#21157,#10619);
#8706=LINE('',#21159,#10620);
#8707=LINE('',#21162,#10621);
#8708=LINE('',#21164,#10622);
#8709=LINE('',#21167,#10623);
#8710=LINE('',#21168,#10624);
#8711=LINE('',#21173,#10625);
#8712=LINE('',#21176,#10626);
#8713=LINE('',#21178,#10627);
#8714=LINE('',#21180,#10628);
#8715=LINE('',#21182,#10629);
#8716=LINE('',#21184,#10630);
#8717=LINE('',#21186,#10631);
#8718=LINE('',#21189,#10632);
#8719=LINE('',#21191,#10633);
#8720=LINE('',#21193,#10634);
#8721=LINE('',#21195,#10635);
#8722=LINE('',#21197,#10636);
#8723=LINE('',#21199,#10637);
#8724=LINE('',#21202,#10638);
#8725=LINE('',#21204,#10639);
#8726=LINE('',#21206,#10640);
#8727=LINE('',#21208,#10641);
#8728=LINE('',#21210,#10642);
#8729=LINE('',#21212,#10643);
#8730=LINE('',#21215,#10644);
#8731=LINE('',#21217,#10645);
#8732=LINE('',#21219,#10646);
#8733=LINE('',#21221,#10647);
#8734=LINE('',#21223,#10648);
#8735=LINE('',#21225,#10649);
#8736=LINE('',#21228,#10650);
#8737=LINE('',#21230,#10651);
#8738=LINE('',#21232,#10652);
#8739=LINE('',#21234,#10653);
#8740=LINE('',#21236,#10654);
#8741=LINE('',#21238,#10655);
#8742=LINE('',#21241,#10656);
#8743=LINE('',#21243,#10657);
#8744=LINE('',#21245,#10658);
#8745=LINE('',#21247,#10659);
#8746=LINE('',#21249,#10660);
#8747=LINE('',#21251,#10661);
#8748=LINE('',#21254,#10662);
#8749=LINE('',#21256,#10663);
#8750=LINE('',#21258,#10664);
#8751=LINE('',#21260,#10665);
#8752=LINE('',#21262,#10666);
#8753=LINE('',#21264,#10667);
#8754=LINE('',#21267,#10668);
#8755=LINE('',#21269,#10669);
#8756=LINE('',#21271,#10670);
#8757=LINE('',#21273,#10671);
#8758=LINE('',#21275,#10672);
#8759=LINE('',#21277,#10673);
#8760=LINE('',#21280,#10674);
#8761=LINE('',#21282,#10675);
#8762=LINE('',#21284,#10676);
#8763=LINE('',#21286,#10677);
#8764=LINE('',#21288,#10678);
#8765=LINE('',#21290,#10679);
#8766=LINE('',#21293,#10680);
#8767=LINE('',#21295,#10681);
#8768=LINE('',#21297,#10682);
#8769=LINE('',#21299,#10683);
#8770=LINE('',#21301,#10684);
#8771=LINE('',#21303,#10685);
#8772=LINE('',#21306,#10686);
#8773=LINE('',#21308,#10687);
#8774=LINE('',#21310,#10688);
#8775=LINE('',#21312,#10689);
#8776=LINE('',#21314,#10690);
#8777=LINE('',#21316,#10691);
#8778=LINE('',#21319,#10692);
#8779=LINE('',#21321,#10693);
#8780=LINE('',#21323,#10694);
#8781=LINE('',#21325,#10695);
#8782=LINE('',#21327,#10696);
#8783=LINE('',#21329,#10697);
#8784=LINE('',#21332,#10698);
#8785=LINE('',#21334,#10699);
#8786=LINE('',#21336,#10700);
#8787=LINE('',#21338,#10701);
#8788=LINE('',#21340,#10702);
#8789=LINE('',#21342,#10703);
#8790=LINE('',#21345,#10704);
#8791=LINE('',#21347,#10705);
#8792=LINE('',#21349,#10706);
#8793=LINE('',#21351,#10707);
#8794=LINE('',#21353,#10708);
#8795=LINE('',#21355,#10709);
#8796=LINE('',#21358,#10710);
#8797=LINE('',#21360,#10711);
#8798=LINE('',#21362,#10712);
#8799=LINE('',#21364,#10713);
#8800=LINE('',#21366,#10714);
#8801=LINE('',#21368,#10715);
#8802=LINE('',#21370,#10716);
#8803=LINE('',#21372,#10717);
#8804=LINE('',#21374,#10718);
#8805=LINE('',#21376,#10719);
#8806=LINE('',#21378,#10720);
#8807=LINE('',#21380,#10721);
#8808=LINE('',#21382,#10722);
#8809=LINE('',#21384,#10723);
#8810=LINE('',#21386,#10724);
#8811=LINE('',#21388,#10725);
#8812=LINE('',#21390,#10726);
#8813=LINE('',#21392,#10727);
#8814=LINE('',#21394,#10728);
#8815=LINE('',#21396,#10729);
#8816=LINE('',#21398,#10730);
#8817=LINE('',#21400,#10731);
#8818=LINE('',#21402,#10732);
#8819=LINE('',#21404,#10733);
#8820=LINE('',#21406,#10734);
#8821=LINE('',#21408,#10735);
#8822=LINE('',#21410,#10736);
#8823=LINE('',#21412,#10737);
#8824=LINE('',#21414,#10738);
#8825=LINE('',#21416,#10739);
#8826=LINE('',#21418,#10740);
#8827=LINE('',#21420,#10741);
#8828=LINE('',#21422,#10742);
#8829=LINE('',#21424,#10743);
#8830=LINE('',#21426,#10744);
#8831=LINE('',#21428,#10745);
#8832=LINE('',#21430,#10746);
#8833=LINE('',#21432,#10747);
#8834=LINE('',#21434,#10748);
#8835=LINE('',#21436,#10749);
#8836=LINE('',#21438,#10750);
#8837=LINE('',#21440,#10751);
#8838=LINE('',#21442,#10752);
#8839=LINE('',#21444,#10753);
#8840=LINE('',#21446,#10754);
#8841=LINE('',#21448,#10755);
#8842=LINE('',#21450,#10756);
#8843=LINE('',#21452,#10757);
#8844=LINE('',#21454,#10758);
#8845=LINE('',#21456,#10759);
#8846=LINE('',#21458,#10760);
#8847=LINE('',#21460,#10761);
#8848=LINE('',#21462,#10762);
#8849=LINE('',#21464,#10763);
#8850=LINE('',#21466,#10764);
#8851=LINE('',#21468,#10765);
#8852=LINE('',#21470,#10766);
#8853=LINE('',#21472,#10767);
#8854=LINE('',#21474,#10768);
#8855=LINE('',#21476,#10769);
#8856=LINE('',#21478,#10770);
#8857=LINE('',#21480,#10771);
#8858=LINE('',#21482,#10772);
#8859=LINE('',#21484,#10773);
#8860=LINE('',#21486,#10774);
#8861=LINE('',#21488,#10775);
#8862=LINE('',#21490,#10776);
#8863=LINE('',#21492,#10777);
#8864=LINE('',#21494,#10778);
#8865=LINE('',#21496,#10779);
#8866=LINE('',#21498,#10780);
#8867=LINE('',#21500,#10781);
#8868=LINE('',#21502,#10782);
#8869=LINE('',#21504,#10783);
#8870=LINE('',#21506,#10784);
#8871=LINE('',#21508,#10785);
#8872=LINE('',#21510,#10786);
#8873=LINE('',#21512,#10787);
#8874=LINE('',#21514,#10788);
#8875=LINE('',#21516,#10789);
#8876=LINE('',#21518,#10790);
#8877=LINE('',#21520,#10791);
#8878=LINE('',#21522,#10792);
#8879=LINE('',#21524,#10793);
#8880=LINE('',#21526,#10794);
#8881=LINE('',#21528,#10795);
#8882=LINE('',#21530,#10796);
#8883=LINE('',#21532,#10797);
#8884=LINE('',#21534,#10798);
#8885=LINE('',#21536,#10799);
#8886=LINE('',#21538,#10800);
#8887=LINE('',#21540,#10801);
#8888=LINE('',#21542,#10802);
#8889=LINE('',#21544,#10803);
#8890=LINE('',#21546,#10804);
#8891=LINE('',#21548,#10805);
#8892=LINE('',#21550,#10806);
#8893=LINE('',#21552,#10807);
#8894=LINE('',#21554,#10808);
#8895=LINE('',#21556,#10809);
#8896=LINE('',#21558,#10810);
#8897=LINE('',#21560,#10811);
#8898=LINE('',#21562,#10812);
#8899=LINE('',#21564,#10813);
#8900=LINE('',#21566,#10814);
#8901=LINE('',#21568,#10815);
#8902=LINE('',#21570,#10816);
#8903=LINE('',#21572,#10817);
#8904=LINE('',#21574,#10818);
#8905=LINE('',#21576,#10819);
#8906=LINE('',#21578,#10820);
#8907=LINE('',#21580,#10821);
#8908=LINE('',#21582,#10822);
#8909=LINE('',#21584,#10823);
#8910=LINE('',#21586,#10824);
#8911=LINE('',#21588,#10825);
#8912=LINE('',#21590,#10826);
#8913=LINE('',#21592,#10827);
#8914=LINE('',#21594,#10828);
#8915=LINE('',#21596,#10829);
#8916=LINE('',#21598,#10830);
#8917=LINE('',#21600,#10831);
#8918=LINE('',#21602,#10832);
#8919=LINE('',#21604,#10833);
#8920=LINE('',#21606,#10834);
#8921=LINE('',#21608,#10835);
#8922=LINE('',#21611,#10836);
#8923=LINE('',#21613,#10837);
#8924=LINE('',#21615,#10838);
#8925=LINE('',#21617,#10839);
#8926=LINE('',#21619,#10840);
#8927=LINE('',#21621,#10841);
#8928=LINE('',#21624,#10842);
#8929=LINE('',#21626,#10843);
#8930=LINE('',#21628,#10844);
#8931=LINE('',#21630,#10845);
#8932=LINE('',#21632,#10846);
#8933=LINE('',#21634,#10847);
#8934=LINE('',#21637,#10848);
#8935=LINE('',#21639,#10849);
#8936=LINE('',#21641,#10850);
#8937=LINE('',#21643,#10851);
#8938=LINE('',#21645,#10852);
#8939=LINE('',#21647,#10853);
#8940=LINE('',#21650,#10854);
#8941=LINE('',#21652,#10855);
#8942=LINE('',#21654,#10856);
#8943=LINE('',#21656,#10857);
#8944=LINE('',#21658,#10858);
#8945=LINE('',#21660,#10859);
#8946=LINE('',#21663,#10860);
#8947=LINE('',#21665,#10861);
#8948=LINE('',#21667,#10862);
#8949=LINE('',#21669,#10863);
#8950=LINE('',#21671,#10864);
#8951=LINE('',#21673,#10865);
#8952=LINE('',#21676,#10866);
#8953=LINE('',#21678,#10867);
#8954=LINE('',#21680,#10868);
#8955=LINE('',#21682,#10869);
#8956=LINE('',#21684,#10870);
#8957=LINE('',#21686,#10871);
#8958=LINE('',#21689,#10872);
#8959=LINE('',#21691,#10873);
#8960=LINE('',#21693,#10874);
#8961=LINE('',#21695,#10875);
#8962=LINE('',#21697,#10876);
#8963=LINE('',#21699,#10877);
#8964=LINE('',#21702,#10878);
#8965=LINE('',#21704,#10879);
#8966=LINE('',#21706,#10880);
#8967=LINE('',#21708,#10881);
#8968=LINE('',#21710,#10882);
#8969=LINE('',#21712,#10883);
#8970=LINE('',#21715,#10884);
#8971=LINE('',#21717,#10885);
#8972=LINE('',#21719,#10886);
#8973=LINE('',#21721,#10887);
#8974=LINE('',#21723,#10888);
#8975=LINE('',#21725,#10889);
#8976=LINE('',#21728,#10890);
#8977=LINE('',#21730,#10891);
#8978=LINE('',#21732,#10892);
#8979=LINE('',#21734,#10893);
#8980=LINE('',#21736,#10894);
#8981=LINE('',#21738,#10895);
#8982=LINE('',#21741,#10896);
#8983=LINE('',#21743,#10897);
#8984=LINE('',#21745,#10898);
#8985=LINE('',#21747,#10899);
#8986=LINE('',#21749,#10900);
#8987=LINE('',#21751,#10901);
#8988=LINE('',#21754,#10902);
#8989=LINE('',#21756,#10903);
#8990=LINE('',#21758,#10904);
#8991=LINE('',#21760,#10905);
#8992=LINE('',#21762,#10906);
#8993=LINE('',#21764,#10907);
#8994=LINE('',#21767,#10908);
#8995=LINE('',#21769,#10909);
#8996=LINE('',#21771,#10910);
#8997=LINE('',#21773,#10911);
#8998=LINE('',#21775,#10912);
#8999=LINE('',#21777,#10913);
#9000=LINE('',#21780,#10914);
#9001=LINE('',#21782,#10915);
#9002=LINE('',#21784,#10916);
#9003=LINE('',#21786,#10917);
#9004=LINE('',#21788,#10918);
#9005=LINE('',#21790,#10919);
#9006=LINE('',#21793,#10920);
#9007=LINE('',#21795,#10921);
#9008=LINE('',#21797,#10922);
#9009=LINE('',#21799,#10923);
#9010=LINE('',#21801,#10924);
#9011=LINE('',#21803,#10925);
#9012=LINE('',#21805,#10926);
#9013=LINE('',#21807,#10927);
#9014=LINE('',#21809,#10928);
#9015=LINE('',#21811,#10929);
#9016=LINE('',#21813,#10930);
#9017=LINE('',#21815,#10931);
#9018=LINE('',#21817,#10932);
#9019=LINE('',#21819,#10933);
#9020=LINE('',#21821,#10934);
#9021=LINE('',#21823,#10935);
#9022=LINE('',#21825,#10936);
#9023=LINE('',#21827,#10937);
#9024=LINE('',#21829,#10938);
#9025=LINE('',#21831,#10939);
#9026=LINE('',#21833,#10940);
#9027=LINE('',#21835,#10941);
#9028=LINE('',#21837,#10942);
#9029=LINE('',#21839,#10943);
#9030=LINE('',#21841,#10944);
#9031=LINE('',#21843,#10945);
#9032=LINE('',#21845,#10946);
#9033=LINE('',#21847,#10947);
#9034=LINE('',#21849,#10948);
#9035=LINE('',#21851,#10949);
#9036=LINE('',#21853,#10950);
#9037=LINE('',#21855,#10951);
#9038=LINE('',#21857,#10952);
#9039=LINE('',#21859,#10953);
#9040=LINE('',#21861,#10954);
#9041=LINE('',#21863,#10955);
#9042=LINE('',#21865,#10956);
#9043=LINE('',#21867,#10957);
#9044=LINE('',#21869,#10958);
#9045=LINE('',#21871,#10959);
#9046=LINE('',#21873,#10960);
#9047=LINE('',#21875,#10961);
#9048=LINE('',#21877,#10962);
#9049=LINE('',#21879,#10963);
#9050=LINE('',#21881,#10964);
#9051=LINE('',#21883,#10965);
#9052=LINE('',#21885,#10966);
#9053=LINE('',#21887,#10967);
#9054=LINE('',#21889,#10968);
#9055=LINE('',#21891,#10969);
#9056=LINE('',#21893,#10970);
#9057=LINE('',#21895,#10971);
#9058=LINE('',#21897,#10972);
#9059=LINE('',#21899,#10973);
#9060=LINE('',#21901,#10974);
#9061=LINE('',#21903,#10975);
#9062=LINE('',#21905,#10976);
#9063=LINE('',#21907,#10977);
#9064=LINE('',#21909,#10978);
#9065=LINE('',#21911,#10979);
#9066=LINE('',#21913,#10980);
#9067=LINE('',#21915,#10981);
#9068=LINE('',#21917,#10982);
#9069=LINE('',#21919,#10983);
#9070=LINE('',#21921,#10984);
#9071=LINE('',#21923,#10985);
#9072=LINE('',#21925,#10986);
#9073=LINE('',#21927,#10987);
#9074=LINE('',#21929,#10988);
#9075=LINE('',#21931,#10989);
#9076=LINE('',#21933,#10990);
#9077=LINE('',#21935,#10991);
#9078=LINE('',#21937,#10992);
#9079=LINE('',#21939,#10993);
#9080=LINE('',#21941,#10994);
#9081=LINE('',#21943,#10995);
#9082=LINE('',#21945,#10996);
#9083=LINE('',#21947,#10997);
#9084=LINE('',#21949,#10998);
#9085=LINE('',#21951,#10999);
#9086=LINE('',#21953,#11000);
#9087=LINE('',#21955,#11001);
#9088=LINE('',#21957,#11002);
#9089=LINE('',#21959,#11003);
#9090=LINE('',#21961,#11004);
#9091=LINE('',#21963,#11005);
#9092=LINE('',#21965,#11006);
#9093=LINE('',#21967,#11007);
#9094=LINE('',#21969,#11008);
#9095=LINE('',#21971,#11009);
#9096=LINE('',#21973,#11010);
#9097=LINE('',#21975,#11011);
#9098=LINE('',#21977,#11012);
#9099=LINE('',#21979,#11013);
#9100=LINE('',#21981,#11014);
#9101=LINE('',#21983,#11015);
#9102=LINE('',#21985,#11016);
#9103=LINE('',#21987,#11017);
#9104=LINE('',#21989,#11018);
#9105=LINE('',#21991,#11019);
#9106=LINE('',#21993,#11020);
#9107=LINE('',#21995,#11021);
#9108=LINE('',#21997,#11022);
#9109=LINE('',#21999,#11023);
#9110=LINE('',#22001,#11024);
#9111=LINE('',#22003,#11025);
#9112=LINE('',#22005,#11026);
#9113=LINE('',#22007,#11027);
#9114=LINE('',#22009,#11028);
#9115=LINE('',#22011,#11029);
#9116=LINE('',#22013,#11030);
#9117=LINE('',#22015,#11031);
#9118=LINE('',#22017,#11032);
#9119=LINE('',#22019,#11033);
#9120=LINE('',#22021,#11034);
#9121=LINE('',#22023,#11035);
#9122=LINE('',#22025,#11036);
#9123=LINE('',#22027,#11037);
#9124=LINE('',#22029,#11038);
#9125=LINE('',#22031,#11039);
#9126=LINE('',#22033,#11040);
#9127=LINE('',#22035,#11041);
#9128=LINE('',#22037,#11042);
#9129=LINE('',#22039,#11043);
#9130=LINE('',#22041,#11044);
#9131=LINE('',#22043,#11045);
#9132=LINE('',#22046,#11046);
#9133=LINE('',#22048,#11047);
#9134=LINE('',#22050,#11048);
#9135=LINE('',#22052,#11049);
#9136=LINE('',#22054,#11050);
#9137=LINE('',#22056,#11051);
#9138=LINE('',#22059,#11052);
#9139=LINE('',#22061,#11053);
#9140=LINE('',#22063,#11054);
#9141=LINE('',#22065,#11055);
#9142=LINE('',#22067,#11056);
#9143=LINE('',#22069,#11057);
#9144=LINE('',#22072,#11058);
#9145=LINE('',#22074,#11059);
#9146=LINE('',#22076,#11060);
#9147=LINE('',#22078,#11061);
#9148=LINE('',#22080,#11062);
#9149=LINE('',#22082,#11063);
#9150=LINE('',#22085,#11064);
#9151=LINE('',#22087,#11065);
#9152=LINE('',#22089,#11066);
#9153=LINE('',#22091,#11067);
#9154=LINE('',#22093,#11068);
#9155=LINE('',#22095,#11069);
#9156=LINE('',#22098,#11070);
#9157=LINE('',#22100,#11071);
#9158=LINE('',#22102,#11072);
#9159=LINE('',#22104,#11073);
#9160=LINE('',#22106,#11074);
#9161=LINE('',#22108,#11075);
#9162=LINE('',#22111,#11076);
#9163=LINE('',#22113,#11077);
#9164=LINE('',#22115,#11078);
#9165=LINE('',#22117,#11079);
#9166=LINE('',#22119,#11080);
#9167=LINE('',#22121,#11081);
#9168=LINE('',#22124,#11082);
#9169=LINE('',#22126,#11083);
#9170=LINE('',#22128,#11084);
#9171=LINE('',#22130,#11085);
#9172=LINE('',#22132,#11086);
#9173=LINE('',#22134,#11087);
#9174=LINE('',#22137,#11088);
#9175=LINE('',#22139,#11089);
#9176=LINE('',#22141,#11090);
#9177=LINE('',#22143,#11091);
#9178=LINE('',#22145,#11092);
#9179=LINE('',#22147,#11093);
#9180=LINE('',#22150,#11094);
#9181=LINE('',#22152,#11095);
#9182=LINE('',#22154,#11096);
#9183=LINE('',#22156,#11097);
#9184=LINE('',#22158,#11098);
#9185=LINE('',#22160,#11099);
#9186=LINE('',#22163,#11100);
#9187=LINE('',#22165,#11101);
#9188=LINE('',#22167,#11102);
#9189=LINE('',#22169,#11103);
#9190=LINE('',#22171,#11104);
#9191=LINE('',#22173,#11105);
#9192=LINE('',#22176,#11106);
#9193=LINE('',#22178,#11107);
#9194=LINE('',#22180,#11108);
#9195=LINE('',#22182,#11109);
#9196=LINE('',#22184,#11110);
#9197=LINE('',#22186,#11111);
#9198=LINE('',#22189,#11112);
#9199=LINE('',#22191,#11113);
#9200=LINE('',#22193,#11114);
#9201=LINE('',#22195,#11115);
#9202=LINE('',#22197,#11116);
#9203=LINE('',#22199,#11117);
#9204=LINE('',#22202,#11118);
#9205=LINE('',#22204,#11119);
#9206=LINE('',#22206,#11120);
#9207=LINE('',#22208,#11121);
#9208=LINE('',#22210,#11122);
#9209=LINE('',#22212,#11123);
#9210=LINE('',#22215,#11124);
#9211=LINE('',#22217,#11125);
#9212=LINE('',#22219,#11126);
#9213=LINE('',#22221,#11127);
#9214=LINE('',#22223,#11128);
#9215=LINE('',#22225,#11129);
#9216=LINE('',#22228,#11130);
#9217=LINE('',#22230,#11131);
#9218=LINE('',#22232,#11132);
#9219=LINE('',#22234,#11133);
#9220=LINE('',#22236,#11134);
#9221=LINE('',#22238,#11135);
#9222=LINE('',#22240,#11136);
#9223=LINE('',#22242,#11137);
#9224=LINE('',#22244,#11138);
#9225=LINE('',#22246,#11139);
#9226=LINE('',#22248,#11140);
#9227=LINE('',#22250,#11141);
#9228=LINE('',#22252,#11142);
#9229=LINE('',#22254,#11143);
#9230=LINE('',#22256,#11144);
#9231=LINE('',#22258,#11145);
#9232=LINE('',#22260,#11146);
#9233=LINE('',#22262,#11147);
#9234=LINE('',#22264,#11148);
#9235=LINE('',#22266,#11149);
#9236=LINE('',#22268,#11150);
#9237=LINE('',#22270,#11151);
#9238=LINE('',#22272,#11152);
#9239=LINE('',#22274,#11153);
#9240=LINE('',#22276,#11154);
#9241=LINE('',#22278,#11155);
#9242=LINE('',#22280,#11156);
#9243=LINE('',#22282,#11157);
#9244=LINE('',#22284,#11158);
#9245=LINE('',#22286,#11159);
#9246=LINE('',#22288,#11160);
#9247=LINE('',#22290,#11161);
#9248=LINE('',#22292,#11162);
#9249=LINE('',#22294,#11163);
#9250=LINE('',#22296,#11164);
#9251=LINE('',#22298,#11165);
#9252=LINE('',#22300,#11166);
#9253=LINE('',#22302,#11167);
#9254=LINE('',#22304,#11168);
#9255=LINE('',#22306,#11169);
#9256=LINE('',#22308,#11170);
#9257=LINE('',#22310,#11171);
#9258=LINE('',#22312,#11172);
#9259=LINE('',#22314,#11173);
#9260=LINE('',#22316,#11174);
#9261=LINE('',#22318,#11175);
#9262=LINE('',#22320,#11176);
#9263=LINE('',#22322,#11177);
#9264=LINE('',#22324,#11178);
#9265=LINE('',#22326,#11179);
#9266=LINE('',#22328,#11180);
#9267=LINE('',#22330,#11181);
#9268=LINE('',#22332,#11182);
#9269=LINE('',#22334,#11183);
#9270=LINE('',#22336,#11184);
#9271=LINE('',#22338,#11185);
#9272=LINE('',#22340,#11186);
#9273=LINE('',#22342,#11187);
#9274=LINE('',#22344,#11188);
#9275=LINE('',#22346,#11189);
#9276=LINE('',#22348,#11190);
#9277=LINE('',#22350,#11191);
#9278=LINE('',#22352,#11192);
#9279=LINE('',#22354,#11193);
#9280=LINE('',#22356,#11194);
#9281=LINE('',#22358,#11195);
#9282=LINE('',#22360,#11196);
#9283=LINE('',#22362,#11197);
#9284=LINE('',#22364,#11198);
#9285=LINE('',#22366,#11199);
#9286=LINE('',#22368,#11200);
#9287=LINE('',#22370,#11201);
#9288=LINE('',#22372,#11202);
#9289=LINE('',#22374,#11203);
#9290=LINE('',#22376,#11204);
#9291=LINE('',#22378,#11205);
#9292=LINE('',#22380,#11206);
#9293=LINE('',#22382,#11207);
#9294=LINE('',#22384,#11208);
#9295=LINE('',#22386,#11209);
#9296=LINE('',#22388,#11210);
#9297=LINE('',#22390,#11211);
#9298=LINE('',#22392,#11212);
#9299=LINE('',#22394,#11213);
#9300=LINE('',#22396,#11214);
#9301=LINE('',#22398,#11215);
#9302=LINE('',#22400,#11216);
#9303=LINE('',#22402,#11217);
#9304=LINE('',#22404,#11218);
#9305=LINE('',#22406,#11219);
#9306=LINE('',#22408,#11220);
#9307=LINE('',#22410,#11221);
#9308=LINE('',#22412,#11222);
#9309=LINE('',#22414,#11223);
#9310=LINE('',#22416,#11224);
#9311=LINE('',#22418,#11225);
#9312=LINE('',#22420,#11226);
#9313=LINE('',#22422,#11227);
#9314=LINE('',#22424,#11228);
#9315=LINE('',#22426,#11229);
#9316=LINE('',#22428,#11230);
#9317=LINE('',#22430,#11231);
#9318=LINE('',#22432,#11232);
#9319=LINE('',#22434,#11233);
#9320=LINE('',#22436,#11234);
#9321=LINE('',#22438,#11235);
#9322=LINE('',#22440,#11236);
#9323=LINE('',#22442,#11237);
#9324=LINE('',#22444,#11238);
#9325=LINE('',#22446,#11239);
#9326=LINE('',#22448,#11240);
#9327=LINE('',#22450,#11241);
#9328=LINE('',#22452,#11242);
#9329=LINE('',#22454,#11243);
#9330=LINE('',#22456,#11244);
#9331=LINE('',#22458,#11245);
#9332=LINE('',#22460,#11246);
#9333=LINE('',#22462,#11247);
#9334=LINE('',#22464,#11248);
#9335=LINE('',#22466,#11249);
#9336=LINE('',#22468,#11250);
#9337=LINE('',#22470,#11251);
#9338=LINE('',#22472,#11252);
#9339=LINE('',#22474,#11253);
#9340=LINE('',#22476,#11254);
#9341=LINE('',#22478,#11255);
#9342=LINE('',#22481,#11256);
#9343=LINE('',#22483,#11257);
#9344=LINE('',#22485,#11258);
#9345=LINE('',#22489,#11259);
#9346=LINE('',#22492,#11260);
#9347=LINE('',#22494,#11261);
#9348=LINE('',#22496,#11262);
#9349=LINE('',#22502,#11263);
#9350=LINE('',#22504,#11264);
#9351=LINE('',#22506,#11265);
#9352=LINE('',#22509,#11266);
#9353=LINE('',#22511,#11267);
#9354=LINE('',#22514,#11268);
#9355=LINE('',#22516,#11269);
#9356=LINE('',#22518,#11270);
#9357=LINE('',#22524,#11271);
#9358=LINE('',#22526,#11272);
#9359=LINE('',#22528,#11273);
#9360=LINE('',#22531,#11274);
#9361=LINE('',#22533,#11275);
#9362=LINE('',#22536,#11276);
#9363=LINE('',#22538,#11277);
#9364=LINE('',#22540,#11278);
#9365=LINE('',#22546,#11279);
#9366=LINE('',#22548,#11280);
#9367=LINE('',#22550,#11281);
#9368=LINE('',#22553,#11282);
#9369=LINE('',#22555,#11283);
#9370=LINE('',#22558,#11284);
#9371=LINE('',#22560,#11285);
#9372=LINE('',#22562,#11286);
#9373=LINE('',#22568,#11287);
#9374=LINE('',#22570,#11288);
#9375=LINE('',#22572,#11289);
#9376=LINE('',#22575,#11290);
#9377=LINE('',#22577,#11291);
#9378=LINE('',#22580,#11292);
#9379=LINE('',#22582,#11293);
#9380=LINE('',#22584,#11294);
#9381=LINE('',#22590,#11295);
#9382=LINE('',#22592,#11296);
#9383=LINE('',#22594,#11297);
#9384=LINE('',#22597,#11298);
#9385=LINE('',#22599,#11299);
#9386=LINE('',#22602,#11300);
#9387=LINE('',#22604,#11301);
#9388=LINE('',#22606,#11302);
#9389=LINE('',#22612,#11303);
#9390=LINE('',#22614,#11304);
#9391=LINE('',#22616,#11305);
#9392=LINE('',#22619,#11306);
#9393=LINE('',#22621,#11307);
#9394=LINE('',#22624,#11308);
#9395=LINE('',#22626,#11309);
#9396=LINE('',#22628,#11310);
#9397=LINE('',#22634,#11311);
#9398=LINE('',#22636,#11312);
#9399=LINE('',#22638,#11313);
#9400=LINE('',#22641,#11314);
#9401=LINE('',#22643,#11315);
#9402=LINE('',#22646,#11316);
#9403=LINE('',#22648,#11317);
#9404=LINE('',#22650,#11318);
#9405=LINE('',#22656,#11319);
#9406=LINE('',#22658,#11320);
#9407=LINE('',#22660,#11321);
#9408=LINE('',#22663,#11322);
#9409=LINE('',#22665,#11323);
#9410=LINE('',#22668,#11324);
#9411=LINE('',#22670,#11325);
#9412=LINE('',#22672,#11326);
#9413=LINE('',#22678,#11327);
#9414=LINE('',#22680,#11328);
#9415=LINE('',#22682,#11329);
#9416=LINE('',#22685,#11330);
#9417=LINE('',#22687,#11331);
#9418=LINE('',#22690,#11332);
#9419=LINE('',#22692,#11333);
#9420=LINE('',#22694,#11334);
#9421=LINE('',#22700,#11335);
#9422=LINE('',#22702,#11336);
#9423=LINE('',#22704,#11337);
#9424=LINE('',#22707,#11338);
#9425=LINE('',#22709,#11339);
#9426=LINE('',#22712,#11340);
#9427=LINE('',#22714,#11341);
#9428=LINE('',#22716,#11342);
#9429=LINE('',#22722,#11343);
#9430=LINE('',#22724,#11344);
#9431=LINE('',#22726,#11345);
#9432=LINE('',#22729,#11346);
#9433=LINE('',#22731,#11347);
#9434=LINE('',#22734,#11348);
#9435=LINE('',#22736,#11349);
#9436=LINE('',#22738,#11350);
#9437=LINE('',#22744,#11351);
#9438=LINE('',#22746,#11352);
#9439=LINE('',#22748,#11353);
#9440=LINE('',#22751,#11354);
#9441=LINE('',#22753,#11355);
#9442=LINE('',#22756,#11356);
#9443=LINE('',#22758,#11357);
#9444=LINE('',#22760,#11358);
#9445=LINE('',#22766,#11359);
#9446=LINE('',#22768,#11360);
#9447=LINE('',#22770,#11361);
#9448=LINE('',#22773,#11362);
#9449=LINE('',#22775,#11363);
#9450=LINE('',#22778,#11364);
#9451=LINE('',#22780,#11365);
#9452=LINE('',#22782,#11366);
#9453=LINE('',#22788,#11367);
#9454=LINE('',#22790,#11368);
#9455=LINE('',#22792,#11369);
#9456=LINE('',#22795,#11370);
#9457=LINE('',#22797,#11371);
#9458=LINE('',#22800,#11372);
#9459=LINE('',#22802,#11373);
#9460=LINE('',#22804,#11374);
#9461=LINE('',#22808,#11375);
#9462=LINE('',#22811,#11376);
#9463=LINE('',#22813,#11377);
#9464=LINE('',#22815,#11378);
#9465=LINE('',#22819,#11379);
#9466=LINE('',#22822,#11380);
#9467=LINE('',#22824,#11381);
#9468=LINE('',#22826,#11382);
#9469=LINE('',#22832,#11383);
#9470=LINE('',#22834,#11384);
#9471=LINE('',#22836,#11385);
#9472=LINE('',#22839,#11386);
#9473=LINE('',#22841,#11387);
#9474=LINE('',#22844,#11388);
#9475=LINE('',#22846,#11389);
#9476=LINE('',#22848,#11390);
#9477=LINE('',#22854,#11391);
#9478=LINE('',#22856,#11392);
#9479=LINE('',#22858,#11393);
#9480=LINE('',#22861,#11394);
#9481=LINE('',#22863,#11395);
#9482=LINE('',#22866,#11396);
#9483=LINE('',#22868,#11397);
#9484=LINE('',#22870,#11398);
#9485=LINE('',#22876,#11399);
#9486=LINE('',#22878,#11400);
#9487=LINE('',#22880,#11401);
#9488=LINE('',#22883,#11402);
#9489=LINE('',#22885,#11403);
#9490=LINE('',#22888,#11404);
#9491=LINE('',#22890,#11405);
#9492=LINE('',#22892,#11406);
#9493=LINE('',#22898,#11407);
#9494=LINE('',#22900,#11408);
#9495=LINE('',#22902,#11409);
#9496=LINE('',#22905,#11410);
#9497=LINE('',#22907,#11411);
#9498=LINE('',#22910,#11412);
#9499=LINE('',#22912,#11413);
#9500=LINE('',#22914,#11414);
#9501=LINE('',#22920,#11415);
#9502=LINE('',#22922,#11416);
#9503=LINE('',#22924,#11417);
#9504=LINE('',#22927,#11418);
#9505=LINE('',#22929,#11419);
#9506=LINE('',#22932,#11420);
#9507=LINE('',#22934,#11421);
#9508=LINE('',#22936,#11422);
#9509=LINE('',#22942,#11423);
#9510=LINE('',#22944,#11424);
#9511=LINE('',#22946,#11425);
#9512=LINE('',#22949,#11426);
#9513=LINE('',#22951,#11427);
#9514=LINE('',#22954,#11428);
#9515=LINE('',#22956,#11429);
#9516=LINE('',#22958,#11430);
#9517=LINE('',#22964,#11431);
#9518=LINE('',#22966,#11432);
#9519=LINE('',#22968,#11433);
#9520=LINE('',#22971,#11434);
#9521=LINE('',#22973,#11435);
#9522=LINE('',#22976,#11436);
#9523=LINE('',#22978,#11437);
#9524=LINE('',#22980,#11438);
#9525=LINE('',#22986,#11439);
#9526=LINE('',#22988,#11440);
#9527=LINE('',#22990,#11441);
#9528=LINE('',#22993,#11442);
#9529=LINE('',#22995,#11443);
#9530=LINE('',#22998,#11444);
#9531=LINE('',#23000,#11445);
#9532=LINE('',#23002,#11446);
#9533=LINE('',#23008,#11447);
#9534=LINE('',#23010,#11448);
#9535=LINE('',#23012,#11449);
#9536=LINE('',#23015,#11450);
#9537=LINE('',#23017,#11451);
#9538=LINE('',#23020,#11452);
#9539=LINE('',#23022,#11453);
#9540=LINE('',#23024,#11454);
#9541=LINE('',#23030,#11455);
#9542=LINE('',#23032,#11456);
#9543=LINE('',#23034,#11457);
#9544=LINE('',#23037,#11458);
#9545=LINE('',#23039,#11459);
#9546=LINE('',#23042,#11460);
#9547=LINE('',#23044,#11461);
#9548=LINE('',#23046,#11462);
#9549=LINE('',#23052,#11463);
#9550=LINE('',#23054,#11464);
#9551=LINE('',#23056,#11465);
#9552=LINE('',#23059,#11466);
#9553=LINE('',#23061,#11467);
#9554=LINE('',#23064,#11468);
#9555=LINE('',#23066,#11469);
#9556=LINE('',#23068,#11470);
#9557=LINE('',#23074,#11471);
#9558=LINE('',#23076,#11472);
#9559=LINE('',#23078,#11473);
#9560=LINE('',#23081,#11474);
#9561=LINE('',#23083,#11475);
#9562=LINE('',#23086,#11476);
#9563=LINE('',#23088,#11477);
#9564=LINE('',#23090,#11478);
#9565=LINE('',#23096,#11479);
#9566=LINE('',#23098,#11480);
#9567=LINE('',#23100,#11481);
#9568=LINE('',#23103,#11482);
#9569=LINE('',#23105,#11483);
#9570=LINE('',#23108,#11484);
#9571=LINE('',#23110,#11485);
#9572=LINE('',#23112,#11486);
#9573=LINE('',#23118,#11487);
#9574=LINE('',#23120,#11488);
#9575=LINE('',#23122,#11489);
#9576=LINE('',#23125,#11490);
#9577=LINE('',#23127,#11491);
#9578=LINE('',#23130,#11492);
#9579=LINE('',#23132,#11493);
#9580=LINE('',#23134,#11494);
#9581=LINE('',#23138,#11495);
#9582=LINE('',#23141,#11496);
#9583=LINE('',#23143,#11497);
#9584=LINE('',#23145,#11498);
#9585=LINE('',#23149,#11499);
#9586=LINE('',#23152,#11500);
#9587=LINE('',#23154,#11501);
#9588=LINE('',#23156,#11502);
#9589=LINE('',#23162,#11503);
#9590=LINE('',#23164,#11504);
#9591=LINE('',#23166,#11505);
#9592=LINE('',#23169,#11506);
#9593=LINE('',#23171,#11507);
#9594=LINE('',#23174,#11508);
#9595=LINE('',#23176,#11509);
#9596=LINE('',#23178,#11510);
#9597=LINE('',#23184,#11511);
#9598=LINE('',#23186,#11512);
#9599=LINE('',#23188,#11513);
#9600=LINE('',#23191,#11514);
#9601=LINE('',#23193,#11515);
#9602=LINE('',#23196,#11516);
#9603=LINE('',#23198,#11517);
#9604=LINE('',#23200,#11518);
#9605=LINE('',#23206,#11519);
#9606=LINE('',#23208,#11520);
#9607=LINE('',#23210,#11521);
#9608=LINE('',#23213,#11522);
#9609=LINE('',#23215,#11523);
#9610=LINE('',#23218,#11524);
#9611=LINE('',#23220,#11525);
#9612=LINE('',#23222,#11526);
#9613=LINE('',#23228,#11527);
#9614=LINE('',#23230,#11528);
#9615=LINE('',#23232,#11529);
#9616=LINE('',#23235,#11530);
#9617=LINE('',#23237,#11531);
#9618=LINE('',#23240,#11532);
#9619=LINE('',#23242,#11533);
#9620=LINE('',#23244,#11534);
#9621=LINE('',#23250,#11535);
#9622=LINE('',#23252,#11536);
#9623=LINE('',#23254,#11537);
#9624=LINE('',#23257,#11538);
#9625=LINE('',#23259,#11539);
#9626=LINE('',#23262,#11540);
#9627=LINE('',#23264,#11541);
#9628=LINE('',#23266,#11542);
#9629=LINE('',#23272,#11543);
#9630=LINE('',#23274,#11544);
#9631=LINE('',#23276,#11545);
#9632=LINE('',#23279,#11546);
#9633=LINE('',#23281,#11547);
#9634=LINE('',#23284,#11548);
#9635=LINE('',#23286,#11549);
#9636=LINE('',#23288,#11550);
#9637=LINE('',#23294,#11551);
#9638=LINE('',#23296,#11552);
#9639=LINE('',#23298,#11553);
#9640=LINE('',#23301,#11554);
#9641=LINE('',#23303,#11555);
#9642=LINE('',#23306,#11556);
#9643=LINE('',#23308,#11557);
#9644=LINE('',#23310,#11558);
#9645=LINE('',#23316,#11559);
#9646=LINE('',#23318,#11560);
#9647=LINE('',#23320,#11561);
#9648=LINE('',#23323,#11562);
#9649=LINE('',#23325,#11563);
#9650=LINE('',#23328,#11564);
#9651=LINE('',#23330,#11565);
#9652=LINE('',#23332,#11566);
#9653=LINE('',#23338,#11567);
#9654=LINE('',#23340,#11568);
#9655=LINE('',#23342,#11569);
#9656=LINE('',#23345,#11570);
#9657=LINE('',#23347,#11571);
#9658=LINE('',#23350,#11572);
#9659=LINE('',#23352,#11573);
#9660=LINE('',#23354,#11574);
#9661=LINE('',#23360,#11575);
#9662=LINE('',#23362,#11576);
#9663=LINE('',#23364,#11577);
#9664=LINE('',#23367,#11578);
#9665=LINE('',#23369,#11579);
#9666=LINE('',#23372,#11580);
#9667=LINE('',#23374,#11581);
#9668=LINE('',#23376,#11582);
#9669=LINE('',#23382,#11583);
#9670=LINE('',#23384,#11584);
#9671=LINE('',#23386,#11585);
#9672=LINE('',#23389,#11586);
#9673=LINE('',#23391,#11587);
#9674=LINE('',#23394,#11588);
#9675=LINE('',#23396,#11589);
#9676=LINE('',#23398,#11590);
#9677=LINE('',#23404,#11591);
#9678=LINE('',#23406,#11592);
#9679=LINE('',#23408,#11593);
#9680=LINE('',#23411,#11594);
#9681=LINE('',#23413,#11595);
#9682=LINE('',#23416,#11596);
#9683=LINE('',#23418,#11597);
#9684=LINE('',#23420,#11598);
#9685=LINE('',#23426,#11599);
#9686=LINE('',#23428,#11600);
#9687=LINE('',#23430,#11601);
#9688=LINE('',#23433,#11602);
#9689=LINE('',#23435,#11603);
#9690=LINE('',#23438,#11604);
#9691=LINE('',#23440,#11605);
#9692=LINE('',#23442,#11606);
#9693=LINE('',#23448,#11607);
#9694=LINE('',#23450,#11608);
#9695=LINE('',#23452,#11609);
#9696=LINE('',#23455,#11610);
#9697=LINE('',#23457,#11611);
#9698=LINE('',#23460,#11612);
#9699=LINE('',#23462,#11613);
#9700=LINE('',#23464,#11614);
#9701=LINE('',#23468,#11615);
#9702=LINE('',#23471,#11616);
#9703=LINE('',#23473,#11617);
#9704=LINE('',#23475,#11618);
#9705=LINE('',#23477,#11619);
#9706=LINE('',#23480,#11620);
#9707=LINE('',#23482,#11621);
#9708=LINE('',#23484,#11622);
#9709=LINE('',#23486,#11623);
#9710=LINE('',#23487,#11624);
#9711=LINE('',#23489,#11625);
#9712=LINE('',#23490,#11626);
#9713=LINE('',#23492,#11627);
#9714=LINE('',#23493,#11628);
#9715=LINE('',#23495,#11629);
#9716=LINE('',#23496,#11630);
#9717=LINE('',#23498,#11631);
#9718=LINE('',#23499,#11632);
#9719=LINE('',#23501,#11633);
#9720=LINE('',#23502,#11634);
#9721=LINE('',#23504,#11635);
#9722=LINE('',#23505,#11636);
#9723=LINE('',#23507,#11637);
#9724=LINE('',#23508,#11638);
#9725=LINE('',#23510,#11639);
#9726=LINE('',#23511,#11640);
#9727=LINE('',#23513,#11641);
#9728=LINE('',#23514,#11642);
#9729=LINE('',#23516,#11643);
#9730=LINE('',#23517,#11644);
#9731=LINE('',#23519,#11645);
#9732=LINE('',#23520,#11646);
#9733=LINE('',#23522,#11647);
#9734=LINE('',#23523,#11648);
#9735=LINE('',#23525,#11649);
#9736=LINE('',#23526,#11650);
#9737=LINE('',#23528,#11651);
#9738=LINE('',#23529,#11652);
#9739=LINE('',#23531,#11653);
#9740=LINE('',#23532,#11654);
#9741=LINE('',#23534,#11655);
#9742=LINE('',#23535,#11656);
#9743=LINE('',#23537,#11657);
#9744=LINE('',#23538,#11658);
#9745=LINE('',#23540,#11659);
#9746=LINE('',#23541,#11660);
#9747=LINE('',#23543,#11661);
#9748=LINE('',#23544,#11662);
#9749=LINE('',#23546,#11663);
#9750=LINE('',#23547,#11664);
#9751=LINE('',#23549,#11665);
#9752=LINE('',#23550,#11666);
#9753=LINE('',#23552,#11667);
#9754=LINE('',#23553,#11668);
#9755=LINE('',#23555,#11669);
#9756=LINE('',#23556,#11670);
#9757=LINE('',#23558,#11671);
#9758=LINE('',#23559,#11672);
#9759=LINE('',#23561,#11673);
#9760=LINE('',#23562,#11674);
#9761=LINE('',#23564,#11675);
#9762=LINE('',#23565,#11676);
#9763=LINE('',#23567,#11677);
#9764=LINE('',#23568,#11678);
#9765=LINE('',#23570,#11679);
#9766=LINE('',#23571,#11680);
#9767=LINE('',#23573,#11681);
#9768=LINE('',#23574,#11682);
#9769=LINE('',#23606,#11683);
#9770=LINE('',#23607,#11684);
#9771=LINE('',#23609,#11685);
#9772=LINE('',#23610,#11686);
#9773=LINE('',#23612,#11687);
#9774=LINE('',#23613,#11688);
#9775=LINE('',#23615,#11689);
#9776=LINE('',#23616,#11690);
#9777=LINE('',#23618,#11691);
#9778=LINE('',#23619,#11692);
#9779=LINE('',#23621,#11693);
#9780=LINE('',#23622,#11694);
#9781=LINE('',#23624,#11695);
#9782=LINE('',#23625,#11696);
#9783=LINE('',#23627,#11697);
#9784=LINE('',#23628,#11698);
#9785=LINE('',#23630,#11699);
#9786=LINE('',#23631,#11700);
#9787=LINE('',#23633,#11701);
#9788=LINE('',#23634,#11702);
#9789=LINE('',#23636,#11703);
#9790=LINE('',#23637,#11704);
#9791=LINE('',#23639,#11705);
#9792=LINE('',#23640,#11706);
#9793=LINE('',#23642,#11707);
#9794=LINE('',#23643,#11708);
#9795=LINE('',#23645,#11709);
#9796=LINE('',#23646,#11710);
#9797=LINE('',#23648,#11711);
#9798=LINE('',#23649,#11712);
#9799=LINE('',#23651,#11713);
#9800=LINE('',#23652,#11714);
#9801=LINE('',#23654,#11715);
#9802=LINE('',#23655,#11716);
#9803=LINE('',#23657,#11717);
#9804=LINE('',#23658,#11718);
#9805=LINE('',#23660,#11719);
#9806=LINE('',#23661,#11720);
#9807=LINE('',#23663,#11721);
#9808=LINE('',#23664,#11722);
#9809=LINE('',#23666,#11723);
#9810=LINE('',#23667,#11724);
#9811=LINE('',#23669,#11725);
#9812=LINE('',#23670,#11726);
#9813=LINE('',#23672,#11727);
#9814=LINE('',#23673,#11728);
#9815=LINE('',#23675,#11729);
#9816=LINE('',#23676,#11730);
#9817=LINE('',#23678,#11731);
#9818=LINE('',#23679,#11732);
#9819=LINE('',#23681,#11733);
#9820=LINE('',#23682,#11734);
#9821=LINE('',#23684,#11735);
#9822=LINE('',#23685,#11736);
#9823=LINE('',#23687,#11737);
#9824=LINE('',#23688,#11738);
#9825=LINE('',#23690,#11739);
#9826=LINE('',#23691,#11740);
#9827=LINE('',#23693,#11741);
#9828=LINE('',#23694,#11742);
#9829=LINE('',#23726,#11743);
#9830=LINE('',#23727,#11744);
#9831=LINE('',#23729,#11745);
#9832=LINE('',#23730,#11746);
#9833=LINE('',#23732,#11747);
#9834=LINE('',#23733,#11748);
#9835=LINE('',#23735,#11749);
#9836=LINE('',#23736,#11750);
#9837=LINE('',#23738,#11751);
#9838=LINE('',#23739,#11752);
#9839=LINE('',#23741,#11753);
#9840=LINE('',#23742,#11754);
#9841=LINE('',#23744,#11755);
#9842=LINE('',#23745,#11756);
#9843=LINE('',#23747,#11757);
#9844=LINE('',#23748,#11758);
#9845=LINE('',#23750,#11759);
#9846=LINE('',#23751,#11760);
#9847=LINE('',#23753,#11761);
#9848=LINE('',#23754,#11762);
#9849=LINE('',#23756,#11763);
#9850=LINE('',#23757,#11764);
#9851=LINE('',#23759,#11765);
#9852=LINE('',#23760,#11766);
#9853=LINE('',#23762,#11767);
#9854=LINE('',#23763,#11768);
#9855=LINE('',#23765,#11769);
#9856=LINE('',#23766,#11770);
#9857=LINE('',#23768,#11771);
#9858=LINE('',#23769,#11772);
#9859=LINE('',#23771,#11773);
#9860=LINE('',#23772,#11774);
#9861=LINE('',#23774,#11775);
#9862=LINE('',#23775,#11776);
#9863=LINE('',#23777,#11777);
#9864=LINE('',#23778,#11778);
#9865=LINE('',#23780,#11779);
#9866=LINE('',#23781,#11780);
#9867=LINE('',#23783,#11781);
#9868=LINE('',#23784,#11782);
#9869=LINE('',#23786,#11783);
#9870=LINE('',#23787,#11784);
#9871=LINE('',#23789,#11785);
#9872=LINE('',#23790,#11786);
#9873=LINE('',#23792,#11787);
#9874=LINE('',#23793,#11788);
#9875=LINE('',#23795,#11789);
#9876=LINE('',#23796,#11790);
#9877=LINE('',#23798,#11791);
#9878=LINE('',#23799,#11792);
#9879=LINE('',#23801,#11793);
#9880=LINE('',#23802,#11794);
#9881=LINE('',#23804,#11795);
#9882=LINE('',#23805,#11796);
#9883=LINE('',#23807,#11797);
#9884=LINE('',#23808,#11798);
#9885=LINE('',#23810,#11799);
#9886=LINE('',#23811,#11800);
#9887=LINE('',#23813,#11801);
#9888=LINE('',#23814,#11802);
#9889=LINE('',#23846,#11803);
#9890=LINE('',#23847,#11804);
#9891=LINE('',#23849,#11805);
#9892=LINE('',#23851,#11806);
#9893=VECTOR('',#15934,39.3700787401575);
#9894=VECTOR('',#15935,39.3700787401575);
#9895=VECTOR('',#15936,39.3700787401575);
#9896=VECTOR('',#15937,39.3700787401575);
#9897=VECTOR('',#15938,39.3700787401575);
#9898=VECTOR('',#15939,39.3700787401575);
#9899=VECTOR('',#15940,39.3700787401575);
#9900=VECTOR('',#15941,39.3700787401575);
#9901=VECTOR('',#15942,39.3700787401575);
#9902=VECTOR('',#15943,39.3700787401575);
#9903=VECTOR('',#15944,39.3700787401575);
#9904=VECTOR('',#15945,39.3700787401575);
#9905=VECTOR('',#15946,39.3700787401575);
#9906=VECTOR('',#15947,39.3700787401575);
#9907=VECTOR('',#15948,39.3700787401575);
#9908=VECTOR('',#15949,39.3700787401575);
#9909=VECTOR('',#15950,39.3700787401575);
#9910=VECTOR('',#15951,39.3700787401575);
#9911=VECTOR('',#15952,39.3700787401575);
#9912=VECTOR('',#15953,39.3700787401575);
#9913=VECTOR('',#15954,39.3700787401575);
#9914=VECTOR('',#15955,39.3700787401575);
#9915=VECTOR('',#15956,39.3700787401575);
#9916=VECTOR('',#15957,39.3700787401575);
#9917=VECTOR('',#15958,39.3700787401575);
#9918=VECTOR('',#15959,39.3700787401575);
#9919=VECTOR('',#15960,39.3700787401575);
#9920=VECTOR('',#15961,39.3700787401575);
#9921=VECTOR('',#15962,39.3700787401575);
#9922=VECTOR('',#15963,39.3700787401575);
#9923=VECTOR('',#15964,39.3700787401575);
#9924=VECTOR('',#15965,39.3700787401575);
#9925=VECTOR('',#15966,39.3700787401575);
#9926=VECTOR('',#15967,39.3700787401575);
#9927=VECTOR('',#15968,39.3700787401575);
#9928=VECTOR('',#15969,39.3700787401575);
#9929=VECTOR('',#15970,39.3700787401575);
#9930=VECTOR('',#15971,39.3700787401575);
#9931=VECTOR('',#15972,39.3700787401575);
#9932=VECTOR('',#15973,39.3700787401575);
#9933=VECTOR('',#15974,39.3700787401575);
#9934=VECTOR('',#15975,39.3700787401575);
#9935=VECTOR('',#15976,39.3700787401575);
#9936=VECTOR('',#15977,39.3700787401575);
#9937=VECTOR('',#15978,39.3700787401575);
#9938=VECTOR('',#15979,39.3700787401575);
#9939=VECTOR('',#15980,39.3700787401575);
#9940=VECTOR('',#15981,39.3700787401575);
#9941=VECTOR('',#15982,39.3700787401575);
#9942=VECTOR('',#15983,39.3700787401575);
#9943=VECTOR('',#15984,39.3700787401575);
#9944=VECTOR('',#15985,39.3700787401575);
#9945=VECTOR('',#15986,39.3700787401575);
#9946=VECTOR('',#15987,39.3700787401575);
#9947=VECTOR('',#15988,39.3700787401575);
#9948=VECTOR('',#15989,39.3700787401575);
#9949=VECTOR('',#15990,39.3700787401575);
#9950=VECTOR('',#15991,39.3700787401575);
#9951=VECTOR('',#15992,39.3700787401575);
#9952=VECTOR('',#15993,39.3700787401575);
#9953=VECTOR('',#15994,39.3700787401575);
#9954=VECTOR('',#15995,39.3700787401575);
#9955=VECTOR('',#15996,39.3700787401575);
#9956=VECTOR('',#15997,39.3700787401575);
#9957=VECTOR('',#16000,39.3700787401575);
#9958=VECTOR('',#16001,39.3700787401575);
#9959=VECTOR('',#16002,39.3700787401575);
#9960=VECTOR('',#16003,39.3700787401575);
#9961=VECTOR('',#16004,39.3700787401575);
#9962=VECTOR('',#16005,39.3700787401575);
#9963=VECTOR('',#16006,39.3700787401575);
#9964=VECTOR('',#16007,39.3700787401575);
#9965=VECTOR('',#16008,39.3700787401575);
#9966=VECTOR('',#16009,39.3700787401575);
#9967=VECTOR('',#16010,39.3700787401575);
#9968=VECTOR('',#16011,39.3700787401575);
#9969=VECTOR('',#16012,39.3700787401575);
#9970=VECTOR('',#16013,39.3700787401575);
#9971=VECTOR('',#16014,39.3700787401575);
#9972=VECTOR('',#16015,39.3700787401575);
#9973=VECTOR('',#16016,39.3700787401575);
#9974=VECTOR('',#16017,39.3700787401575);
#9975=VECTOR('',#16018,39.3700787401575);
#9976=VECTOR('',#16019,39.3700787401575);
#9977=VECTOR('',#16020,39.3700787401575);
#9978=VECTOR('',#16021,39.3700787401575);
#9979=VECTOR('',#16022,39.3700787401575);
#9980=VECTOR('',#16023,39.3700787401575);
#9981=VECTOR('',#16024,39.3700787401575);
#9982=VECTOR('',#16025,39.3700787401575);
#9983=VECTOR('',#16026,39.3700787401575);
#9984=VECTOR('',#16027,39.3700787401575);
#9985=VECTOR('',#16028,39.3700787401575);
#9986=VECTOR('',#16029,39.3700787401575);
#9987=VECTOR('',#16030,39.3700787401575);
#9988=VECTOR('',#16031,39.3700787401575);
#9989=VECTOR('',#16032,39.3700787401575);
#9990=VECTOR('',#16033,39.3700787401575);
#9991=VECTOR('',#16034,39.3700787401575);
#9992=VECTOR('',#16035,39.3700787401575);
#9993=VECTOR('',#16036,39.3700787401575);
#9994=VECTOR('',#16037,39.3700787401575);
#9995=VECTOR('',#16038,39.3700787401575);
#9996=VECTOR('',#16039,39.3700787401575);
#9997=VECTOR('',#16040,39.3700787401575);
#9998=VECTOR('',#16041,39.3700787401575);
#9999=VECTOR('',#16042,39.3700787401575);
#10000=VECTOR('',#16043,39.3700787401575);
#10001=VECTOR('',#16044,39.3700787401575);
#10002=VECTOR('',#16045,39.3700787401575);
#10003=VECTOR('',#16046,39.3700787401575);
#10004=VECTOR('',#16047,39.3700787401575);
#10005=VECTOR('',#16048,39.3700787401575);
#10006=VECTOR('',#16049,39.3700787401575);
#10007=VECTOR('',#16050,39.3700787401575);
#10008=VECTOR('',#16051,39.3700787401575);
#10009=VECTOR('',#16052,39.3700787401575);
#10010=VECTOR('',#16053,39.3700787401575);
#10011=VECTOR('',#16054,39.3700787401575);
#10012=VECTOR('',#16055,39.3700787401575);
#10013=VECTOR('',#16056,39.3700787401575);
#10014=VECTOR('',#16057,39.3700787401575);
#10015=VECTOR('',#16058,39.3700787401575);
#10016=VECTOR('',#16059,39.3700787401575);
#10017=VECTOR('',#16060,39.3700787401575);
#10018=VECTOR('',#16061,39.3700787401575);
#10019=VECTOR('',#16062,39.3700787401575);
#10020=VECTOR('',#16063,39.3700787401575);
#10021=VECTOR('',#16066,39.3700787401575);
#10022=VECTOR('',#16067,39.3700787401575);
#10023=VECTOR('',#16068,39.3700787401575);
#10024=VECTOR('',#16069,39.3700787401575);
#10025=VECTOR('',#16072,39.3700787401575);
#10026=VECTOR('',#16073,39.3700787401575);
#10027=VECTOR('',#16074,39.3700787401575);
#10028=VECTOR('',#16077,39.3700787401575);
#10029=VECTOR('',#16078,39.3700787401575);
#10030=VECTOR('',#16079,39.3700787401575);
#10031=VECTOR('',#16082,39.3700787401575);
#10032=VECTOR('',#16083,39.3700787401575);
#10033=VECTOR('',#16084,39.3700787401575);
#10034=VECTOR('',#16085,39.3700787401575);
#10035=VECTOR('',#16088,39.3700787401575);
#10036=VECTOR('',#16089,39.3700787401575);
#10037=VECTOR('',#16090,39.3700787401575);
#10038=VECTOR('',#16093,39.3700787401575);
#10039=VECTOR('',#16094,39.3700787401575);
#10040=VECTOR('',#16095,39.3700787401575);
#10041=VECTOR('',#16098,39.3700787401575);
#10042=VECTOR('',#16099,39.3700787401575);
#10043=VECTOR('',#16100,39.3700787401575);
#10044=VECTOR('',#16101,39.3700787401575);
#10045=VECTOR('',#16104,39.3700787401575);
#10046=VECTOR('',#16105,39.3700787401575);
#10047=VECTOR('',#16106,39.3700787401575);
#10048=VECTOR('',#16109,39.3700787401575);
#10049=VECTOR('',#16110,39.3700787401575);
#10050=VECTOR('',#16111,39.3700787401575);
#10051=VECTOR('',#16114,39.3700787401575);
#10052=VECTOR('',#16115,39.3700787401575);
#10053=VECTOR('',#16116,39.3700787401575);
#10054=VECTOR('',#16117,39.3700787401575);
#10055=VECTOR('',#16120,39.3700787401575);
#10056=VECTOR('',#16121,39.3700787401575);
#10057=VECTOR('',#16122,39.3700787401575);
#10058=VECTOR('',#16125,39.3700787401575);
#10059=VECTOR('',#16126,39.3700787401575);
#10060=VECTOR('',#16127,39.3700787401575);
#10061=VECTOR('',#16130,39.3700787401575);
#10062=VECTOR('',#16131,39.3700787401575);
#10063=VECTOR('',#16132,39.3700787401575);
#10064=VECTOR('',#16133,39.3700787401575);
#10065=VECTOR('',#16136,39.3700787401575);
#10066=VECTOR('',#16137,39.3700787401575);
#10067=VECTOR('',#16138,39.3700787401575);
#10068=VECTOR('',#16141,39.3700787401575);
#10069=VECTOR('',#16142,39.3700787401575);
#10070=VECTOR('',#16143,39.3700787401575);
#10071=VECTOR('',#16146,39.3700787401575);
#10072=VECTOR('',#16147,39.3700787401575);
#10073=VECTOR('',#16148,39.3700787401575);
#10074=VECTOR('',#16149,39.3700787401575);
#10075=VECTOR('',#16152,39.3700787401575);
#10076=VECTOR('',#16153,39.3700787401575);
#10077=VECTOR('',#16154,39.3700787401575);
#10078=VECTOR('',#16157,39.3700787401575);
#10079=VECTOR('',#16158,39.3700787401575);
#10080=VECTOR('',#16159,39.3700787401575);
#10081=VECTOR('',#16162,39.3700787401575);
#10082=VECTOR('',#16163,39.3700787401575);
#10083=VECTOR('',#16164,39.3700787401575);
#10084=VECTOR('',#16165,39.3700787401575);
#10085=VECTOR('',#16168,39.3700787401575);
#10086=VECTOR('',#16169,39.3700787401575);
#10087=VECTOR('',#16170,39.3700787401575);
#10088=VECTOR('',#16173,39.3700787401575);
#10089=VECTOR('',#16174,39.3700787401575);
#10090=VECTOR('',#16175,39.3700787401575);
#10091=VECTOR('',#16178,39.3700787401575);
#10092=VECTOR('',#16179,39.3700787401575);
#10093=VECTOR('',#16180,39.3700787401575);
#10094=VECTOR('',#16181,39.3700787401575);
#10095=VECTOR('',#16184,39.3700787401575);
#10096=VECTOR('',#16185,39.3700787401575);
#10097=VECTOR('',#16186,39.3700787401575);
#10098=VECTOR('',#16189,39.3700787401575);
#10099=VECTOR('',#16190,39.3700787401575);
#10100=VECTOR('',#16191,39.3700787401575);
#10101=VECTOR('',#16194,39.3700787401575);
#10102=VECTOR('',#16195,39.3700787401575);
#10103=VECTOR('',#16196,39.3700787401575);
#10104=VECTOR('',#16197,39.3700787401575);
#10105=VECTOR('',#16200,39.3700787401575);
#10106=VECTOR('',#16201,39.3700787401575);
#10107=VECTOR('',#16202,39.3700787401575);
#10108=VECTOR('',#16205,39.3700787401575);
#10109=VECTOR('',#16206,39.3700787401575);
#10110=VECTOR('',#16207,39.3700787401575);
#10111=VECTOR('',#16210,39.3700787401575);
#10112=VECTOR('',#16211,39.3700787401575);
#10113=VECTOR('',#16212,39.3700787401575);
#10114=VECTOR('',#16213,39.3700787401575);
#10115=VECTOR('',#16216,39.3700787401575);
#10116=VECTOR('',#16217,39.3700787401575);
#10117=VECTOR('',#16218,39.3700787401575);
#10118=VECTOR('',#16221,39.3700787401575);
#10119=VECTOR('',#16222,39.3700787401575);
#10120=VECTOR('',#16223,39.3700787401575);
#10121=VECTOR('',#16226,39.3700787401575);
#10122=VECTOR('',#16227,39.3700787401575);
#10123=VECTOR('',#16228,39.3700787401575);
#10124=VECTOR('',#16229,39.3700787401575);
#10125=VECTOR('',#16232,39.3700787401575);
#10126=VECTOR('',#16233,39.3700787401575);
#10127=VECTOR('',#16234,39.3700787401575);
#10128=VECTOR('',#16237,39.3700787401575);
#10129=VECTOR('',#16238,39.3700787401575);
#10130=VECTOR('',#16239,39.3700787401575);
#10131=VECTOR('',#16242,39.3700787401575);
#10132=VECTOR('',#16243,39.3700787401575);
#10133=VECTOR('',#16244,39.3700787401575);
#10134=VECTOR('',#16245,39.3700787401575);
#10135=VECTOR('',#16248,39.3700787401575);
#10136=VECTOR('',#16249,39.3700787401575);
#10137=VECTOR('',#16250,39.3700787401575);
#10138=VECTOR('',#16253,39.3700787401575);
#10139=VECTOR('',#16254,39.3700787401575);
#10140=VECTOR('',#16255,39.3700787401575);
#10141=VECTOR('',#16258,39.3700787401575);
#10142=VECTOR('',#16259,39.3700787401575);
#10143=VECTOR('',#16260,39.3700787401575);
#10144=VECTOR('',#16261,39.3700787401575);
#10145=VECTOR('',#16264,39.3700787401575);
#10146=VECTOR('',#16265,39.3700787401575);
#10147=VECTOR('',#16266,39.3700787401575);
#10148=VECTOR('',#16269,39.3700787401575);
#10149=VECTOR('',#16270,39.3700787401575);
#10150=VECTOR('',#16271,39.3700787401575);
#10151=VECTOR('',#16274,39.3700787401575);
#10152=VECTOR('',#16275,39.3700787401575);
#10153=VECTOR('',#16276,39.3700787401575);
#10154=VECTOR('',#16277,39.3700787401575);
#10155=VECTOR('',#16280,39.3700787401575);
#10156=VECTOR('',#16281,39.3700787401575);
#10157=VECTOR('',#16282,39.3700787401575);
#10158=VECTOR('',#16285,39.3700787401575);
#10159=VECTOR('',#16286,39.3700787401575);
#10160=VECTOR('',#16287,39.3700787401575);
#10161=VECTOR('',#16290,39.3700787401575);
#10162=VECTOR('',#16291,39.3700787401575);
#10163=VECTOR('',#16292,39.3700787401575);
#10164=VECTOR('',#16293,39.3700787401575);
#10165=VECTOR('',#16296,39.3700787401575);
#10166=VECTOR('',#16297,39.3700787401575);
#10167=VECTOR('',#16298,39.3700787401575);
#10168=VECTOR('',#16301,39.3700787401575);
#10169=VECTOR('',#16302,39.3700787401575);
#10170=VECTOR('',#16303,39.3700787401575);
#10171=VECTOR('',#16306,39.3700787401575);
#10172=VECTOR('',#16307,39.3700787401575);
#10173=VECTOR('',#16308,39.3700787401575);
#10174=VECTOR('',#16309,39.3700787401575);
#10175=VECTOR('',#16312,39.3700787401575);
#10176=VECTOR('',#16313,39.3700787401575);
#10177=VECTOR('',#16314,39.3700787401575);
#10178=VECTOR('',#16317,39.3700787401575);
#10179=VECTOR('',#16318,39.3700787401575);
#10180=VECTOR('',#16319,39.3700787401575);
#10181=VECTOR('',#16322,39.3700787401575);
#10182=VECTOR('',#16323,39.3700787401575);
#10183=VECTOR('',#16324,39.3700787401575);
#10184=VECTOR('',#16325,39.3700787401575);
#10185=VECTOR('',#16328,39.3700787401575);
#10186=VECTOR('',#16329,39.3700787401575);
#10187=VECTOR('',#16330,39.3700787401575);
#10188=VECTOR('',#16333,39.3700787401575);
#10189=VECTOR('',#16334,39.3700787401575);
#10190=VECTOR('',#16335,39.3700787401575);
#10191=VECTOR('',#16338,39.3700787401575);
#10192=VECTOR('',#16339,39.3700787401575);
#10193=VECTOR('',#16340,39.3700787401575);
#10194=VECTOR('',#16341,39.3700787401575);
#10195=VECTOR('',#16344,39.3700787401575);
#10196=VECTOR('',#16345,39.3700787401575);
#10197=VECTOR('',#16346,39.3700787401575);
#10198=VECTOR('',#16349,39.3700787401575);
#10199=VECTOR('',#16350,39.3700787401575);
#10200=VECTOR('',#16351,39.3700787401575);
#10201=VECTOR('',#16354,39.3700787401575);
#10202=VECTOR('',#16355,39.3700787401575);
#10203=VECTOR('',#16356,39.3700787401575);
#10204=VECTOR('',#16357,39.3700787401575);
#10205=VECTOR('',#16360,39.3700787401575);
#10206=VECTOR('',#16361,39.3700787401575);
#10207=VECTOR('',#16362,39.3700787401575);
#10208=VECTOR('',#16365,39.3700787401575);
#10209=VECTOR('',#16366,39.3700787401575);
#10210=VECTOR('',#16367,39.3700787401575);
#10211=VECTOR('',#16370,39.3700787401575);
#10212=VECTOR('',#16371,39.3700787401575);
#10213=VECTOR('',#16372,39.3700787401575);
#10214=VECTOR('',#16373,39.3700787401575);
#10215=VECTOR('',#16376,39.3700787401575);
#10216=VECTOR('',#16377,39.3700787401575);
#10217=VECTOR('',#16378,39.3700787401575);
#10218=VECTOR('',#16381,39.3700787401575);
#10219=VECTOR('',#16382,39.3700787401575);
#10220=VECTOR('',#16383,39.3700787401575);
#10221=VECTOR('',#16386,39.3700787401575);
#10222=VECTOR('',#16387,39.3700787401575);
#10223=VECTOR('',#16388,39.3700787401575);
#10224=VECTOR('',#16389,39.3700787401575);
#10225=VECTOR('',#16392,39.3700787401575);
#10226=VECTOR('',#16393,39.3700787401575);
#10227=VECTOR('',#16394,39.3700787401575);
#10228=VECTOR('',#16397,39.3700787401575);
#10229=VECTOR('',#16398,39.3700787401575);
#10230=VECTOR('',#16399,39.3700787401575);
#10231=VECTOR('',#16402,39.3700787401575);
#10232=VECTOR('',#16403,39.3700787401575);
#10233=VECTOR('',#16404,39.3700787401575);
#10234=VECTOR('',#16405,39.3700787401575);
#10235=VECTOR('',#16408,39.3700787401575);
#10236=VECTOR('',#16409,39.3700787401575);
#10237=VECTOR('',#16410,39.3700787401575);
#10238=VECTOR('',#16413,39.3700787401575);
#10239=VECTOR('',#16414,39.3700787401575);
#10240=VECTOR('',#16415,39.3700787401575);
#10241=VECTOR('',#16418,39.3700787401575);
#10242=VECTOR('',#16419,39.3700787401575);
#10243=VECTOR('',#16420,39.3700787401575);
#10244=VECTOR('',#16421,39.3700787401575);
#10245=VECTOR('',#16424,39.3700787401575);
#10246=VECTOR('',#16425,39.3700787401575);
#10247=VECTOR('',#16426,39.3700787401575);
#10248=VECTOR('',#16429,39.3700787401575);
#10249=VECTOR('',#16430,39.3700787401575);
#10250=VECTOR('',#16431,39.3700787401575);
#10251=VECTOR('',#16434,39.3700787401575);
#10252=VECTOR('',#16435,39.3700787401575);
#10253=VECTOR('',#16436,39.3700787401575);
#10254=VECTOR('',#16437,39.3700787401575);
#10255=VECTOR('',#16440,39.3700787401575);
#10256=VECTOR('',#16441,39.3700787401575);
#10257=VECTOR('',#16442,39.3700787401575);
#10258=VECTOR('',#16445,39.3700787401575);
#10259=VECTOR('',#16446,39.3700787401575);
#10260=VECTOR('',#16447,39.3700787401575);
#10261=VECTOR('',#16450,39.3700787401575);
#10262=VECTOR('',#16451,39.3700787401575);
#10263=VECTOR('',#16452,39.3700787401575);
#10264=VECTOR('',#16453,39.3700787401575);
#10265=VECTOR('',#16456,39.3700787401575);
#10266=VECTOR('',#16457,39.3700787401575);
#10267=VECTOR('',#16458,39.3700787401575);
#10268=VECTOR('',#16461,39.3700787401575);
#10269=VECTOR('',#16462,39.3700787401575);
#10270=VECTOR('',#16463,39.3700787401575);
#10271=VECTOR('',#16466,39.3700787401575);
#10272=VECTOR('',#16467,39.3700787401575);
#10273=VECTOR('',#16468,39.3700787401575);
#10274=VECTOR('',#16469,39.3700787401575);
#10275=VECTOR('',#16472,39.3700787401575);
#10276=VECTOR('',#16473,39.3700787401575);
#10277=VECTOR('',#16474,39.3700787401575);
#10278=VECTOR('',#16477,39.3700787401575);
#10279=VECTOR('',#16478,39.3700787401575);
#10280=VECTOR('',#16479,39.3700787401575);
#10281=VECTOR('',#16482,39.3700787401575);
#10282=VECTOR('',#16483,39.3700787401575);
#10283=VECTOR('',#16484,39.3700787401575);
#10284=VECTOR('',#16485,39.3700787401575);
#10285=VECTOR('',#16488,39.3700787401575);
#10286=VECTOR('',#16489,39.3700787401575);
#10287=VECTOR('',#16490,39.3700787401575);
#10288=VECTOR('',#16493,39.3700787401575);
#10289=VECTOR('',#16494,39.3700787401575);
#10290=VECTOR('',#16495,39.3700787401575);
#10291=VECTOR('',#16498,39.3700787401575);
#10292=VECTOR('',#16499,39.3700787401575);
#10293=VECTOR('',#16500,39.3700787401575);
#10294=VECTOR('',#16501,39.3700787401575);
#10295=VECTOR('',#16504,39.3700787401575);
#10296=VECTOR('',#16505,39.3700787401575);
#10297=VECTOR('',#16506,39.3700787401575);
#10298=VECTOR('',#16509,39.3700787401575);
#10299=VECTOR('',#16510,39.3700787401575);
#10300=VECTOR('',#16511,39.3700787401575);
#10301=VECTOR('',#16514,39.3700787401575);
#10302=VECTOR('',#16515,39.3700787401575);
#10303=VECTOR('',#16516,39.3700787401575);
#10304=VECTOR('',#16517,39.3700787401575);
#10305=VECTOR('',#16520,39.3700787401575);
#10306=VECTOR('',#16521,39.3700787401575);
#10307=VECTOR('',#16522,39.3700787401575);
#10308=VECTOR('',#16525,39.3700787401575);
#10309=VECTOR('',#16526,39.3700787401575);
#10310=VECTOR('',#16527,39.3700787401575);
#10311=VECTOR('',#16530,39.3700787401575);
#10312=VECTOR('',#16531,39.3700787401575);
#10313=VECTOR('',#16532,39.3700787401575);
#10314=VECTOR('',#16533,39.3700787401575);
#10315=VECTOR('',#16536,39.3700787401575);
#10316=VECTOR('',#16537,39.3700787401575);
#10317=VECTOR('',#16538,39.3700787401575);
#10318=VECTOR('',#16541,39.3700787401575);
#10319=VECTOR('',#16542,39.3700787401575);
#10320=VECTOR('',#16543,39.3700787401575);
#10321=VECTOR('',#16546,39.3700787401575);
#10322=VECTOR('',#16547,39.3700787401575);
#10323=VECTOR('',#16548,39.3700787401575);
#10324=VECTOR('',#16549,39.3700787401575);
#10325=VECTOR('',#16552,39.3700787401575);
#10326=VECTOR('',#16553,39.3700787401575);
#10327=VECTOR('',#16554,39.3700787401575);
#10328=VECTOR('',#16557,39.3700787401575);
#10329=VECTOR('',#16558,39.3700787401575);
#10330=VECTOR('',#16559,39.3700787401575);
#10331=VECTOR('',#16562,39.3700787401575);
#10332=VECTOR('',#16563,39.3700787401575);
#10333=VECTOR('',#16564,39.3700787401575);
#10334=VECTOR('',#16565,39.3700787401575);
#10335=VECTOR('',#16568,39.3700787401575);
#10336=VECTOR('',#16569,39.3700787401575);
#10337=VECTOR('',#16570,39.3700787401575);
#10338=VECTOR('',#16573,39.3700787401575);
#10339=VECTOR('',#16574,39.3700787401575);
#10340=VECTOR('',#16575,39.3700787401575);
#10341=VECTOR('',#16578,39.3700787401575);
#10342=VECTOR('',#16579,39.3700787401575);
#10343=VECTOR('',#16580,39.3700787401575);
#10344=VECTOR('',#16581,39.3700787401575);
#10345=VECTOR('',#16584,39.3700787401575);
#10346=VECTOR('',#16585,39.3700787401575);
#10347=VECTOR('',#16586,39.3700787401575);
#10348=VECTOR('',#16589,39.3700787401575);
#10349=VECTOR('',#16590,39.3700787401575);
#10350=VECTOR('',#16591,39.3700787401575);
#10351=VECTOR('',#16594,39.3700787401575);
#10352=VECTOR('',#16595,39.3700787401575);
#10353=VECTOR('',#16596,39.3700787401575);
#10354=VECTOR('',#16597,39.3700787401575);
#10355=VECTOR('',#16600,39.3700787401575);
#10356=VECTOR('',#16601,39.3700787401575);
#10357=VECTOR('',#16602,39.3700787401575);
#10358=VECTOR('',#16605,39.3700787401575);
#10359=VECTOR('',#16606,39.3700787401575);
#10360=VECTOR('',#16607,39.3700787401575);
#10361=VECTOR('',#16610,39.3700787401575);
#10362=VECTOR('',#16611,39.3700787401575);
#10363=VECTOR('',#16612,39.3700787401575);
#10364=VECTOR('',#16613,39.3700787401575);
#10365=VECTOR('',#16616,39.3700787401575);
#10366=VECTOR('',#16617,39.3700787401575);
#10367=VECTOR('',#16618,39.3700787401575);
#10368=VECTOR('',#16621,39.3700787401575);
#10369=VECTOR('',#16622,39.3700787401575);
#10370=VECTOR('',#16623,39.3700787401575);
#10371=VECTOR('',#16626,39.3700787401575);
#10372=VECTOR('',#16627,39.3700787401575);
#10373=VECTOR('',#16628,39.3700787401575);
#10374=VECTOR('',#16629,39.3700787401575);
#10375=VECTOR('',#16632,39.3700787401575);
#10376=VECTOR('',#16633,39.3700787401575);
#10377=VECTOR('',#16634,39.3700787401575);
#10378=VECTOR('',#16637,39.3700787401575);
#10379=VECTOR('',#16638,39.3700787401575);
#10380=VECTOR('',#16639,39.3700787401575);
#10381=VECTOR('',#16642,39.3700787401575);
#10382=VECTOR('',#16643,39.3700787401575);
#10383=VECTOR('',#16644,39.3700787401575);
#10384=VECTOR('',#16645,39.3700787401575);
#10385=VECTOR('',#16648,39.3700787401575);
#10386=VECTOR('',#16649,39.3700787401575);
#10387=VECTOR('',#16650,39.3700787401575);
#10388=VECTOR('',#16653,39.3700787401575);
#10389=VECTOR('',#16654,39.3700787401575);
#10390=VECTOR('',#16655,39.3700787401575);
#10391=VECTOR('',#16658,39.3700787401575);
#10392=VECTOR('',#16659,39.3700787401575);
#10393=VECTOR('',#16660,39.3700787401575);
#10394=VECTOR('',#16661,39.3700787401575);
#10395=VECTOR('',#16664,39.3700787401575);
#10396=VECTOR('',#16665,39.3700787401575);
#10397=VECTOR('',#16666,39.3700787401575);
#10398=VECTOR('',#16669,39.3700787401575);
#10399=VECTOR('',#16670,39.3700787401575);
#10400=VECTOR('',#16671,39.3700787401575);
#10401=VECTOR('',#16674,39.3700787401575);
#10402=VECTOR('',#16675,39.3700787401575);
#10403=VECTOR('',#16676,39.3700787401575);
#10404=VECTOR('',#16677,39.3700787401575);
#10405=VECTOR('',#16680,39.3700787401575);
#10406=VECTOR('',#16681,39.3700787401575);
#10407=VECTOR('',#16682,39.3700787401575);
#10408=VECTOR('',#16685,39.3700787401575);
#10409=VECTOR('',#16686,39.3700787401575);
#10410=VECTOR('',#16687,39.3700787401575);
#10411=VECTOR('',#16690,39.3700787401575);
#10412=VECTOR('',#16691,39.3700787401575);
#10413=VECTOR('',#16692,39.3700787401575);
#10414=VECTOR('',#16693,39.3700787401575);
#10415=VECTOR('',#16696,39.3700787401575);
#10416=VECTOR('',#16697,39.3700787401575);
#10417=VECTOR('',#16698,39.3700787401575);
#10418=VECTOR('',#16701,39.3700787401575);
#10419=VECTOR('',#16702,39.3700787401575);
#10420=VECTOR('',#16703,39.3700787401575);
#10421=VECTOR('',#16706,39.3700787401575);
#10422=VECTOR('',#16707,39.3700787401575);
#10423=VECTOR('',#16708,39.3700787401575);
#10424=VECTOR('',#16709,39.3700787401575);
#10425=VECTOR('',#16712,39.3700787401575);
#10426=VECTOR('',#16713,39.3700787401575);
#10427=VECTOR('',#16714,39.3700787401575);
#10428=VECTOR('',#16717,39.3700787401575);
#10429=VECTOR('',#16718,39.3700787401575);
#10430=VECTOR('',#16719,39.3700787401575);
#10431=VECTOR('',#16722,39.3700787401575);
#10432=VECTOR('',#16723,39.3700787401575);
#10433=VECTOR('',#16724,39.3700787401575);
#10434=VECTOR('',#16725,39.3700787401575);
#10435=VECTOR('',#16728,39.3700787401575);
#10436=VECTOR('',#16729,39.3700787401575);
#10437=VECTOR('',#16730,39.3700787401575);
#10438=VECTOR('',#16733,39.3700787401575);
#10439=VECTOR('',#16734,39.3700787401575);
#10440=VECTOR('',#16735,39.3700787401575);
#10441=VECTOR('',#16738,39.3700787401575);
#10442=VECTOR('',#16739,39.3700787401575);
#10443=VECTOR('',#16740,39.3700787401575);
#10444=VECTOR('',#16741,39.3700787401575);
#10445=VECTOR('',#16744,39.3700787401575);
#10446=VECTOR('',#16745,39.3700787401575);
#10447=VECTOR('',#16746,39.3700787401575);
#10448=VECTOR('',#16749,39.3700787401575);
#10449=VECTOR('',#16750,39.3700787401575);
#10450=VECTOR('',#16751,39.3700787401575);
#10451=VECTOR('',#16754,39.3700787401575);
#10452=VECTOR('',#16755,39.3700787401575);
#10453=VECTOR('',#16756,39.3700787401575);
#10454=VECTOR('',#16757,39.3700787401575);
#10455=VECTOR('',#16760,39.3700787401575);
#10456=VECTOR('',#16761,39.3700787401575);
#10457=VECTOR('',#16762,39.3700787401575);
#10458=VECTOR('',#16765,39.3700787401575);
#10459=VECTOR('',#16766,39.3700787401575);
#10460=VECTOR('',#16767,39.3700787401575);
#10461=VECTOR('',#16770,39.3700787401575);
#10462=VECTOR('',#16771,39.3700787401575);
#10463=VECTOR('',#16772,39.3700787401575);
#10464=VECTOR('',#16773,39.3700787401575);
#10465=VECTOR('',#16776,39.3700787401575);
#10466=VECTOR('',#16777,39.3700787401575);
#10467=VECTOR('',#16778,39.3700787401575);
#10468=VECTOR('',#16781,39.3700787401575);
#10469=VECTOR('',#16782,39.3700787401575);
#10470=VECTOR('',#16783,39.3700787401575);
#10471=VECTOR('',#16786,39.3700787401575);
#10472=VECTOR('',#16787,39.3700787401575);
#10473=VECTOR('',#16790,39.3700787401575);
#10474=VECTOR('',#16791,39.3700787401575);
#10475=VECTOR('',#16794,39.3700787401575);
#10476=VECTOR('',#16795,39.3700787401575);
#10477=VECTOR('',#16798,39.3700787401575);
#10478=VECTOR('',#16799,39.3700787401575);
#10479=VECTOR('',#16802,39.3700787401575);
#10480=VECTOR('',#16803,39.3700787401575);
#10481=VECTOR('',#16806,39.3700787401575);
#10482=VECTOR('',#16807,39.3700787401575);
#10483=VECTOR('',#16810,39.3700787401575);
#10484=VECTOR('',#16811,39.3700787401575);
#10485=VECTOR('',#16814,39.3700787401575);
#10486=VECTOR('',#16815,39.3700787401575);
#10487=VECTOR('',#16818,39.3700787401575);
#10488=VECTOR('',#16819,39.3700787401575);
#10489=VECTOR('',#16822,39.3700787401575);
#10490=VECTOR('',#16823,39.3700787401575);
#10491=VECTOR('',#16826,39.3700787401575);
#10492=VECTOR('',#16827,39.3700787401575);
#10493=VECTOR('',#16830,39.3700787401575);
#10494=VECTOR('',#16831,39.3700787401575);
#10495=VECTOR('',#16834,39.3700787401575);
#10496=VECTOR('',#16835,39.3700787401575);
#10497=VECTOR('',#16838,39.3700787401575);
#10498=VECTOR('',#16839,39.3700787401575);
#10499=VECTOR('',#16842,39.3700787401575);
#10500=VECTOR('',#16843,39.3700787401575);
#10501=VECTOR('',#16846,39.3700787401575);
#10502=VECTOR('',#16847,39.3700787401575);
#10503=VECTOR('',#16850,39.3700787401575);
#10504=VECTOR('',#16851,39.3700787401575);
#10505=VECTOR('',#16854,39.3700787401575);
#10506=VECTOR('',#16855,39.3700787401575);
#10507=VECTOR('',#16858,39.3700787401575);
#10508=VECTOR('',#16859,39.3700787401575);
#10509=VECTOR('',#16862,39.3700787401575);
#10510=VECTOR('',#16863,39.3700787401575);
#10511=VECTOR('',#16866,39.3700787401575);
#10512=VECTOR('',#16867,39.3700787401575);
#10513=VECTOR('',#16870,39.3700787401575);
#10514=VECTOR('',#16871,39.3700787401575);
#10515=VECTOR('',#16874,39.3700787401575);
#10516=VECTOR('',#16875,39.3700787401575);
#10517=VECTOR('',#16878,39.3700787401575);
#10518=VECTOR('',#16879,39.3700787401575);
#10519=VECTOR('',#16882,39.3700787401575);
#10520=VECTOR('',#16883,39.3700787401575);
#10521=VECTOR('',#16886,39.3700787401575);
#10522=VECTOR('',#16887,39.3700787401575);
#10523=VECTOR('',#16890,39.3700787401575);
#10524=VECTOR('',#16891,39.3700787401575);
#10525=VECTOR('',#16894,39.3700787401575);
#10526=VECTOR('',#16895,39.3700787401575);
#10527=VECTOR('',#16898,39.3700787401575);
#10528=VECTOR('',#16899,39.3700787401575);
#10529=VECTOR('',#16902,39.3700787401575);
#10530=VECTOR('',#16903,39.3700787401575);
#10531=VECTOR('',#16906,39.3700787401575);
#10532=VECTOR('',#16907,39.3700787401575);
#10533=VECTOR('',#16910,39.3700787401575);
#10534=VECTOR('',#16911,39.3700787401575);
#10535=VECTOR('',#16914,39.3700787401575);
#10536=VECTOR('',#16915,39.3700787401575);
#10537=VECTOR('',#16918,39.3700787401575);
#10538=VECTOR('',#16919,39.3700787401575);
#10539=VECTOR('',#16922,39.3700787401575);
#10540=VECTOR('',#16923,39.3700787401575);
#10541=VECTOR('',#16926,39.3700787401575);
#10542=VECTOR('',#16927,39.3700787401575);
#10543=VECTOR('',#16930,39.3700787401575);
#10544=VECTOR('',#16931,39.3700787401575);
#10545=VECTOR('',#16934,39.3700787401575);
#10546=VECTOR('',#16935,39.3700787401575);
#10547=VECTOR('',#16938,39.3700787401575);
#10548=VECTOR('',#16939,39.3700787401575);
#10549=VECTOR('',#16942,39.3700787401575);
#10550=VECTOR('',#16943,39.3700787401575);
#10551=VECTOR('',#16946,39.3700787401575);
#10552=VECTOR('',#16947,39.3700787401575);
#10553=VECTOR('',#16950,39.3700787401575);
#10554=VECTOR('',#16951,39.3700787401575);
#10555=VECTOR('',#16954,39.3700787401575);
#10556=VECTOR('',#16955,39.3700787401575);
#10557=VECTOR('',#16958,39.3700787401575);
#10558=VECTOR('',#16959,39.3700787401575);
#10559=VECTOR('',#16962,39.3700787401575);
#10560=VECTOR('',#16963,39.3700787401575);
#10561=VECTOR('',#16966,39.3700787401575);
#10562=VECTOR('',#16967,39.3700787401575);
#10563=VECTOR('',#16970,39.3700787401575);
#10564=VECTOR('',#16971,39.3700787401575);
#10565=VECTOR('',#16974,39.3700787401575);
#10566=VECTOR('',#16975,39.3700787401575);
#10567=VECTOR('',#16978,39.3700787401575);
#10568=VECTOR('',#16979,39.3700787401575);
#10569=VECTOR('',#16982,39.3700787401575);
#10570=VECTOR('',#16983,39.3700787401575);
#10571=VECTOR('',#16986,39.3700787401575);
#10572=VECTOR('',#16987,39.3700787401575);
#10573=VECTOR('',#16990,39.3700787401575);
#10574=VECTOR('',#16991,39.3700787401575);
#10575=VECTOR('',#16994,39.3700787401575);
#10576=VECTOR('',#16995,39.3700787401575);
#10577=VECTOR('',#16998,39.3700787401575);
#10578=VECTOR('',#16999,39.3700787401575);
#10579=VECTOR('',#17002,39.3700787401575);
#10580=VECTOR('',#17003,39.3700787401575);
#10581=VECTOR('',#17006,39.3700787401575);
#10582=VECTOR('',#17007,39.3700787401575);
#10583=VECTOR('',#17010,39.3700787401575);
#10584=VECTOR('',#17011,39.3700787401575);
#10585=VECTOR('',#17014,39.3700787401575);
#10586=VECTOR('',#17015,39.3700787401575);
#10587=VECTOR('',#17018,39.3700787401575);
#10588=VECTOR('',#17019,39.3700787401575);
#10589=VECTOR('',#17022,39.3700787401575);
#10590=VECTOR('',#17023,39.3700787401575);
#10591=VECTOR('',#17026,39.3700787401575);
#10592=VECTOR('',#17027,39.3700787401575);
#10593=VECTOR('',#17030,39.3700787401575);
#10594=VECTOR('',#17033,39.3700787401575);
#10595=VECTOR('',#17038,39.3700787401575);
#10596=VECTOR('',#17041,39.3700787401575);
#10597=VECTOR('',#17046,39.3700787401575);
#10598=VECTOR('',#17049,39.3700787401575);
#10599=VECTOR('',#17054,39.3700787401575);
#10600=VECTOR('',#17057,39.3700787401575);
#10601=VECTOR('',#17062,39.3700787401575);
#10602=VECTOR('',#17065,39.3700787401575);
#10603=VECTOR('',#17070,39.3700787401575);
#10604=VECTOR('',#17073,39.3700787401575);
#10605=VECTOR('',#17078,39.3700787401575);
#10606=VECTOR('',#17081,39.3700787401575);
#10607=VECTOR('',#17086,39.3700787401575);
#10608=VECTOR('',#17089,39.3700787401575);
#10609=VECTOR('',#17094,39.3700787401575);
#10610=VECTOR('',#17097,39.3700787401575);
#10611=VECTOR('',#17102,39.3700787401575);
#10612=VECTOR('',#17105,39.3700787401575);
#10613=VECTOR('',#17110,39.3700787401575);
#10614=VECTOR('',#17113,39.3700787401575);
#10615=VECTOR('',#17118,39.3700787401575);
#10616=VECTOR('',#17121,39.3700787401575);
#10617=VECTOR('',#17126,39.3700787401575);
#10618=VECTOR('',#17129,39.3700787401575);
#10619=VECTOR('',#17134,39.3700787401575);
#10620=VECTOR('',#17137,39.3700787401575);
#10621=VECTOR('',#17142,39.3700787401575);
#10622=VECTOR('',#17145,39.3700787401575);
#10623=VECTOR('',#17150,39.3700787401575);
#10624=VECTOR('',#17151,39.3700787401575);
#10625=VECTOR('',#17160,39.3700787401575);
#10626=VECTOR('',#17161,39.3700787401575);
#10627=VECTOR('',#17162,39.3700787401575);
#10628=VECTOR('',#17163,39.3700787401575);
#10629=VECTOR('',#17164,39.3700787401575);
#10630=VECTOR('',#17165,39.3700787401575);
#10631=VECTOR('',#17168,39.3700787401575);
#10632=VECTOR('',#17169,39.3700787401575);
#10633=VECTOR('',#17170,39.3700787401575);
#10634=VECTOR('',#17171,39.3700787401575);
#10635=VECTOR('',#17172,39.3700787401575);
#10636=VECTOR('',#17173,39.3700787401575);
#10637=VECTOR('',#17176,39.3700787401575);
#10638=VECTOR('',#17177,39.3700787401575);
#10639=VECTOR('',#17178,39.3700787401575);
#10640=VECTOR('',#17179,39.3700787401575);
#10641=VECTOR('',#17180,39.3700787401575);
#10642=VECTOR('',#17181,39.3700787401575);
#10643=VECTOR('',#17184,39.3700787401575);
#10644=VECTOR('',#17185,39.3700787401575);
#10645=VECTOR('',#17186,39.3700787401575);
#10646=VECTOR('',#17187,39.3700787401575);
#10647=VECTOR('',#17188,39.3700787401575);
#10648=VECTOR('',#17189,39.3700787401575);
#10649=VECTOR('',#17192,39.3700787401575);
#10650=VECTOR('',#17193,39.3700787401575);
#10651=VECTOR('',#17194,39.3700787401575);
#10652=VECTOR('',#17195,39.3700787401575);
#10653=VECTOR('',#17196,39.3700787401575);
#10654=VECTOR('',#17197,39.3700787401575);
#10655=VECTOR('',#17200,39.3700787401575);
#10656=VECTOR('',#17201,39.3700787401575);
#10657=VECTOR('',#17202,39.3700787401575);
#10658=VECTOR('',#17203,39.3700787401575);
#10659=VECTOR('',#17204,39.3700787401575);
#10660=VECTOR('',#17205,39.3700787401575);
#10661=VECTOR('',#17208,39.3700787401575);
#10662=VECTOR('',#17209,39.3700787401575);
#10663=VECTOR('',#17210,39.3700787401575);
#10664=VECTOR('',#17211,39.3700787401575);
#10665=VECTOR('',#17212,39.3700787401575);
#10666=VECTOR('',#17213,39.3700787401575);
#10667=VECTOR('',#17216,39.3700787401575);
#10668=VECTOR('',#17217,39.3700787401575);
#10669=VECTOR('',#17218,39.3700787401575);
#10670=VECTOR('',#17219,39.3700787401575);
#10671=VECTOR('',#17220,39.3700787401575);
#10672=VECTOR('',#17221,39.3700787401575);
#10673=VECTOR('',#17224,39.3700787401575);
#10674=VECTOR('',#17225,39.3700787401575);
#10675=VECTOR('',#17226,39.3700787401575);
#10676=VECTOR('',#17227,39.3700787401575);
#10677=VECTOR('',#17228,39.3700787401575);
#10678=VECTOR('',#17229,39.3700787401575);
#10679=VECTOR('',#17232,39.3700787401575);
#10680=VECTOR('',#17233,39.3700787401575);
#10681=VECTOR('',#17234,39.3700787401575);
#10682=VECTOR('',#17235,39.3700787401575);
#10683=VECTOR('',#17236,39.3700787401575);
#10684=VECTOR('',#17237,39.3700787401575);
#10685=VECTOR('',#17240,39.3700787401575);
#10686=VECTOR('',#17241,39.3700787401575);
#10687=VECTOR('',#17242,39.3700787401575);
#10688=VECTOR('',#17243,39.3700787401575);
#10689=VECTOR('',#17244,39.3700787401575);
#10690=VECTOR('',#17245,39.3700787401575);
#10691=VECTOR('',#17248,39.3700787401575);
#10692=VECTOR('',#17249,39.3700787401575);
#10693=VECTOR('',#17250,39.3700787401575);
#10694=VECTOR('',#17251,39.3700787401575);
#10695=VECTOR('',#17252,39.3700787401575);
#10696=VECTOR('',#17253,39.3700787401575);
#10697=VECTOR('',#17256,39.3700787401575);
#10698=VECTOR('',#17257,39.3700787401575);
#10699=VECTOR('',#17258,39.3700787401575);
#10700=VECTOR('',#17259,39.3700787401575);
#10701=VECTOR('',#17260,39.3700787401575);
#10702=VECTOR('',#17261,39.3700787401575);
#10703=VECTOR('',#17264,39.3700787401575);
#10704=VECTOR('',#17265,39.3700787401575);
#10705=VECTOR('',#17266,39.3700787401575);
#10706=VECTOR('',#17267,39.3700787401575);
#10707=VECTOR('',#17268,39.3700787401575);
#10708=VECTOR('',#17269,39.3700787401575);
#10709=VECTOR('',#17272,39.3700787401575);
#10710=VECTOR('',#17273,39.3700787401575);
#10711=VECTOR('',#17274,39.3700787401575);
#10712=VECTOR('',#17275,39.3700787401575);
#10713=VECTOR('',#17276,39.3700787401575);
#10714=VECTOR('',#17277,39.3700787401575);
#10715=VECTOR('',#17280,39.3700787401575);
#10716=VECTOR('',#17281,39.3700787401575);
#10717=VECTOR('',#17282,39.3700787401575);
#10718=VECTOR('',#17285,39.3700787401575);
#10719=VECTOR('',#17286,39.3700787401575);
#10720=VECTOR('',#17287,39.3700787401575);
#10721=VECTOR('',#17290,39.3700787401575);
#10722=VECTOR('',#17291,39.3700787401575);
#10723=VECTOR('',#17292,39.3700787401575);
#10724=VECTOR('',#17295,39.3700787401575);
#10725=VECTOR('',#17296,39.3700787401575);
#10726=VECTOR('',#17297,39.3700787401575);
#10727=VECTOR('',#17300,39.3700787401575);
#10728=VECTOR('',#17301,39.3700787401575);
#10729=VECTOR('',#17302,39.3700787401575);
#10730=VECTOR('',#17305,39.3700787401575);
#10731=VECTOR('',#17306,39.3700787401575);
#10732=VECTOR('',#17307,39.3700787401575);
#10733=VECTOR('',#17310,39.3700787401575);
#10734=VECTOR('',#17311,39.3700787401575);
#10735=VECTOR('',#17312,39.3700787401575);
#10736=VECTOR('',#17315,39.3700787401575);
#10737=VECTOR('',#17316,39.3700787401575);
#10738=VECTOR('',#17317,39.3700787401575);
#10739=VECTOR('',#17320,39.3700787401575);
#10740=VECTOR('',#17321,39.3700787401575);
#10741=VECTOR('',#17322,39.3700787401575);
#10742=VECTOR('',#17325,39.3700787401575);
#10743=VECTOR('',#17326,39.3700787401575);
#10744=VECTOR('',#17327,39.3700787401575);
#10745=VECTOR('',#17330,39.3700787401575);
#10746=VECTOR('',#17331,39.3700787401575);
#10747=VECTOR('',#17332,39.3700787401575);
#10748=VECTOR('',#17335,39.3700787401575);
#10749=VECTOR('',#17336,39.3700787401575);
#10750=VECTOR('',#17337,39.3700787401575);
#10751=VECTOR('',#17340,39.3700787401575);
#10752=VECTOR('',#17341,39.3700787401575);
#10753=VECTOR('',#17342,39.3700787401575);
#10754=VECTOR('',#17345,39.3700787401575);
#10755=VECTOR('',#17346,39.3700787401575);
#10756=VECTOR('',#17347,39.3700787401575);
#10757=VECTOR('',#17350,39.3700787401575);
#10758=VECTOR('',#17351,39.3700787401575);
#10759=VECTOR('',#17352,39.3700787401575);
#10760=VECTOR('',#17355,39.3700787401575);
#10761=VECTOR('',#17356,39.3700787401575);
#10762=VECTOR('',#17357,39.3700787401575);
#10763=VECTOR('',#17358,39.3700787401575);
#10764=VECTOR('',#17359,39.3700787401575);
#10765=VECTOR('',#17362,39.3700787401575);
#10766=VECTOR('',#17363,39.3700787401575);
#10767=VECTOR('',#17364,39.3700787401575);
#10768=VECTOR('',#17365,39.3700787401575);
#10769=VECTOR('',#17366,39.3700787401575);
#10770=VECTOR('',#17369,39.3700787401575);
#10771=VECTOR('',#17370,39.3700787401575);
#10772=VECTOR('',#17371,39.3700787401575);
#10773=VECTOR('',#17372,39.3700787401575);
#10774=VECTOR('',#17373,39.3700787401575);
#10775=VECTOR('',#17376,39.3700787401575);
#10776=VECTOR('',#17377,39.3700787401575);
#10777=VECTOR('',#17378,39.3700787401575);
#10778=VECTOR('',#17379,39.3700787401575);
#10779=VECTOR('',#17380,39.3700787401575);
#10780=VECTOR('',#17383,39.3700787401575);
#10781=VECTOR('',#17384,39.3700787401575);
#10782=VECTOR('',#17385,39.3700787401575);
#10783=VECTOR('',#17386,39.3700787401575);
#10784=VECTOR('',#17387,39.3700787401575);
#10785=VECTOR('',#17390,39.3700787401575);
#10786=VECTOR('',#17391,39.3700787401575);
#10787=VECTOR('',#17392,39.3700787401575);
#10788=VECTOR('',#17393,39.3700787401575);
#10789=VECTOR('',#17394,39.3700787401575);
#10790=VECTOR('',#17397,39.3700787401575);
#10791=VECTOR('',#17398,39.3700787401575);
#10792=VECTOR('',#17399,39.3700787401575);
#10793=VECTOR('',#17400,39.3700787401575);
#10794=VECTOR('',#17401,39.3700787401575);
#10795=VECTOR('',#17404,39.3700787401575);
#10796=VECTOR('',#17405,39.3700787401575);
#10797=VECTOR('',#17406,39.3700787401575);
#10798=VECTOR('',#17407,39.3700787401575);
#10799=VECTOR('',#17408,39.3700787401575);
#10800=VECTOR('',#17411,39.3700787401575);
#10801=VECTOR('',#17412,39.3700787401575);
#10802=VECTOR('',#17413,39.3700787401575);
#10803=VECTOR('',#17414,39.3700787401575);
#10804=VECTOR('',#17415,39.3700787401575);
#10805=VECTOR('',#17418,39.3700787401575);
#10806=VECTOR('',#17419,39.3700787401575);
#10807=VECTOR('',#17420,39.3700787401575);
#10808=VECTOR('',#17421,39.3700787401575);
#10809=VECTOR('',#17422,39.3700787401575);
#10810=VECTOR('',#17425,39.3700787401575);
#10811=VECTOR('',#17426,39.3700787401575);
#10812=VECTOR('',#17427,39.3700787401575);
#10813=VECTOR('',#17428,39.3700787401575);
#10814=VECTOR('',#17429,39.3700787401575);
#10815=VECTOR('',#17432,39.3700787401575);
#10816=VECTOR('',#17433,39.3700787401575);
#10817=VECTOR('',#17434,39.3700787401575);
#10818=VECTOR('',#17435,39.3700787401575);
#10819=VECTOR('',#17436,39.3700787401575);
#10820=VECTOR('',#17439,39.3700787401575);
#10821=VECTOR('',#17440,39.3700787401575);
#10822=VECTOR('',#17441,39.3700787401575);
#10823=VECTOR('',#17442,39.3700787401575);
#10824=VECTOR('',#17443,39.3700787401575);
#10825=VECTOR('',#17446,39.3700787401575);
#10826=VECTOR('',#17447,39.3700787401575);
#10827=VECTOR('',#17448,39.3700787401575);
#10828=VECTOR('',#17449,39.3700787401575);
#10829=VECTOR('',#17450,39.3700787401575);
#10830=VECTOR('',#17453,39.3700787401575);
#10831=VECTOR('',#17454,39.3700787401575);
#10832=VECTOR('',#17455,39.3700787401575);
#10833=VECTOR('',#17456,39.3700787401575);
#10834=VECTOR('',#17457,39.3700787401575);
#10835=VECTOR('',#17460,39.3700787401575);
#10836=VECTOR('',#17461,39.3700787401575);
#10837=VECTOR('',#17462,39.3700787401575);
#10838=VECTOR('',#17463,39.3700787401575);
#10839=VECTOR('',#17464,39.3700787401575);
#10840=VECTOR('',#17465,39.3700787401575);
#10841=VECTOR('',#17468,39.3700787401575);
#10842=VECTOR('',#17469,39.3700787401575);
#10843=VECTOR('',#17470,39.3700787401575);
#10844=VECTOR('',#17471,39.3700787401575);
#10845=VECTOR('',#17472,39.3700787401575);
#10846=VECTOR('',#17473,39.3700787401575);
#10847=VECTOR('',#17476,39.3700787401575);
#10848=VECTOR('',#17477,39.3700787401575);
#10849=VECTOR('',#17478,39.3700787401575);
#10850=VECTOR('',#17479,39.3700787401575);
#10851=VECTOR('',#17480,39.3700787401575);
#10852=VECTOR('',#17481,39.3700787401575);
#10853=VECTOR('',#17484,39.3700787401575);
#10854=VECTOR('',#17485,39.3700787401575);
#10855=VECTOR('',#17486,39.3700787401575);
#10856=VECTOR('',#17487,39.3700787401575);
#10857=VECTOR('',#17488,39.3700787401575);
#10858=VECTOR('',#17489,39.3700787401575);
#10859=VECTOR('',#17492,39.3700787401575);
#10860=VECTOR('',#17493,39.3700787401575);
#10861=VECTOR('',#17494,39.3700787401575);
#10862=VECTOR('',#17495,39.3700787401575);
#10863=VECTOR('',#17496,39.3700787401575);
#10864=VECTOR('',#17497,39.3700787401575);
#10865=VECTOR('',#17500,39.3700787401575);
#10866=VECTOR('',#17501,39.3700787401575);
#10867=VECTOR('',#17502,39.3700787401575);
#10868=VECTOR('',#17503,39.3700787401575);
#10869=VECTOR('',#17504,39.3700787401575);
#10870=VECTOR('',#17505,39.3700787401575);
#10871=VECTOR('',#17508,39.3700787401575);
#10872=VECTOR('',#17509,39.3700787401575);
#10873=VECTOR('',#17510,39.3700787401575);
#10874=VECTOR('',#17511,39.3700787401575);
#10875=VECTOR('',#17512,39.3700787401575);
#10876=VECTOR('',#17513,39.3700787401575);
#10877=VECTOR('',#17516,39.3700787401575);
#10878=VECTOR('',#17517,39.3700787401575);
#10879=VECTOR('',#17518,39.3700787401575);
#10880=VECTOR('',#17519,39.3700787401575);
#10881=VECTOR('',#17520,39.3700787401575);
#10882=VECTOR('',#17521,39.3700787401575);
#10883=VECTOR('',#17524,39.3700787401575);
#10884=VECTOR('',#17525,39.3700787401575);
#10885=VECTOR('',#17526,39.3700787401575);
#10886=VECTOR('',#17527,39.3700787401575);
#10887=VECTOR('',#17528,39.3700787401575);
#10888=VECTOR('',#17529,39.3700787401575);
#10889=VECTOR('',#17532,39.3700787401575);
#10890=VECTOR('',#17533,39.3700787401575);
#10891=VECTOR('',#17534,39.3700787401575);
#10892=VECTOR('',#17535,39.3700787401575);
#10893=VECTOR('',#17536,39.3700787401575);
#10894=VECTOR('',#17537,39.3700787401575);
#10895=VECTOR('',#17540,39.3700787401575);
#10896=VECTOR('',#17541,39.3700787401575);
#10897=VECTOR('',#17542,39.3700787401575);
#10898=VECTOR('',#17543,39.3700787401575);
#10899=VECTOR('',#17544,39.3700787401575);
#10900=VECTOR('',#17545,39.3700787401575);
#10901=VECTOR('',#17548,39.3700787401575);
#10902=VECTOR('',#17549,39.3700787401575);
#10903=VECTOR('',#17550,39.3700787401575);
#10904=VECTOR('',#17551,39.3700787401575);
#10905=VECTOR('',#17552,39.3700787401575);
#10906=VECTOR('',#17553,39.3700787401575);
#10907=VECTOR('',#17556,39.3700787401575);
#10908=VECTOR('',#17557,39.3700787401575);
#10909=VECTOR('',#17558,39.3700787401575);
#10910=VECTOR('',#17559,39.3700787401575);
#10911=VECTOR('',#17560,39.3700787401575);
#10912=VECTOR('',#17561,39.3700787401575);
#10913=VECTOR('',#17564,39.3700787401575);
#10914=VECTOR('',#17565,39.3700787401575);
#10915=VECTOR('',#17566,39.3700787401575);
#10916=VECTOR('',#17567,39.3700787401575);
#10917=VECTOR('',#17568,39.3700787401575);
#10918=VECTOR('',#17569,39.3700787401575);
#10919=VECTOR('',#17572,39.3700787401575);
#10920=VECTOR('',#17573,39.3700787401575);
#10921=VECTOR('',#17574,39.3700787401575);
#10922=VECTOR('',#17575,39.3700787401575);
#10923=VECTOR('',#17576,39.3700787401575);
#10924=VECTOR('',#17577,39.3700787401575);
#10925=VECTOR('',#17580,39.3700787401575);
#10926=VECTOR('',#17581,39.3700787401575);
#10927=VECTOR('',#17582,39.3700787401575);
#10928=VECTOR('',#17585,39.3700787401575);
#10929=VECTOR('',#17586,39.3700787401575);
#10930=VECTOR('',#17587,39.3700787401575);
#10931=VECTOR('',#17590,39.3700787401575);
#10932=VECTOR('',#17591,39.3700787401575);
#10933=VECTOR('',#17592,39.3700787401575);
#10934=VECTOR('',#17595,39.3700787401575);
#10935=VECTOR('',#17596,39.3700787401575);
#10936=VECTOR('',#17597,39.3700787401575);
#10937=VECTOR('',#17600,39.3700787401575);
#10938=VECTOR('',#17601,39.3700787401575);
#10939=VECTOR('',#17602,39.3700787401575);
#10940=VECTOR('',#17605,39.3700787401575);
#10941=VECTOR('',#17606,39.3700787401575);
#10942=VECTOR('',#17607,39.3700787401575);
#10943=VECTOR('',#17610,39.3700787401575);
#10944=VECTOR('',#17611,39.3700787401575);
#10945=VECTOR('',#17612,39.3700787401575);
#10946=VECTOR('',#17615,39.3700787401575);
#10947=VECTOR('',#17616,39.3700787401575);
#10948=VECTOR('',#17617,39.3700787401575);
#10949=VECTOR('',#17620,39.3700787401575);
#10950=VECTOR('',#17621,39.3700787401575);
#10951=VECTOR('',#17622,39.3700787401575);
#10952=VECTOR('',#17625,39.3700787401575);
#10953=VECTOR('',#17626,39.3700787401575);
#10954=VECTOR('',#17627,39.3700787401575);
#10955=VECTOR('',#17630,39.3700787401575);
#10956=VECTOR('',#17631,39.3700787401575);
#10957=VECTOR('',#17632,39.3700787401575);
#10958=VECTOR('',#17635,39.3700787401575);
#10959=VECTOR('',#17636,39.3700787401575);
#10960=VECTOR('',#17637,39.3700787401575);
#10961=VECTOR('',#17640,39.3700787401575);
#10962=VECTOR('',#17641,39.3700787401575);
#10963=VECTOR('',#17642,39.3700787401575);
#10964=VECTOR('',#17645,39.3700787401575);
#10965=VECTOR('',#17646,39.3700787401575);
#10966=VECTOR('',#17647,39.3700787401575);
#10967=VECTOR('',#17650,39.3700787401575);
#10968=VECTOR('',#17651,39.3700787401575);
#10969=VECTOR('',#17652,39.3700787401575);
#10970=VECTOR('',#17655,39.3700787401575);
#10971=VECTOR('',#17656,39.3700787401575);
#10972=VECTOR('',#17657,39.3700787401575);
#10973=VECTOR('',#17658,39.3700787401575);
#10974=VECTOR('',#17659,39.3700787401575);
#10975=VECTOR('',#17662,39.3700787401575);
#10976=VECTOR('',#17663,39.3700787401575);
#10977=VECTOR('',#17664,39.3700787401575);
#10978=VECTOR('',#17665,39.3700787401575);
#10979=VECTOR('',#17666,39.3700787401575);
#10980=VECTOR('',#17669,39.3700787401575);
#10981=VECTOR('',#17670,39.3700787401575);
#10982=VECTOR('',#17671,39.3700787401575);
#10983=VECTOR('',#17672,39.3700787401575);
#10984=VECTOR('',#17673,39.3700787401575);
#10985=VECTOR('',#17676,39.3700787401575);
#10986=VECTOR('',#17677,39.3700787401575);
#10987=VECTOR('',#17678,39.3700787401575);
#10988=VECTOR('',#17679,39.3700787401575);
#10989=VECTOR('',#17680,39.3700787401575);
#10990=VECTOR('',#17683,39.3700787401575);
#10991=VECTOR('',#17684,39.3700787401575);
#10992=VECTOR('',#17685,39.3700787401575);
#10993=VECTOR('',#17686,39.3700787401575);
#10994=VECTOR('',#17687,39.3700787401575);
#10995=VECTOR('',#17690,39.3700787401575);
#10996=VECTOR('',#17691,39.3700787401575);
#10997=VECTOR('',#17692,39.3700787401575);
#10998=VECTOR('',#17693,39.3700787401575);
#10999=VECTOR('',#17694,39.3700787401575);
#11000=VECTOR('',#17697,39.3700787401575);
#11001=VECTOR('',#17698,39.3700787401575);
#11002=VECTOR('',#17699,39.3700787401575);
#11003=VECTOR('',#17700,39.3700787401575);
#11004=VECTOR('',#17701,39.3700787401575);
#11005=VECTOR('',#17704,39.3700787401575);
#11006=VECTOR('',#17705,39.3700787401575);
#11007=VECTOR('',#17706,39.3700787401575);
#11008=VECTOR('',#17707,39.3700787401575);
#11009=VECTOR('',#17708,39.3700787401575);
#11010=VECTOR('',#17711,39.3700787401575);
#11011=VECTOR('',#17712,39.3700787401575);
#11012=VECTOR('',#17713,39.3700787401575);
#11013=VECTOR('',#17714,39.3700787401575);
#11014=VECTOR('',#17715,39.3700787401575);
#11015=VECTOR('',#17718,39.3700787401575);
#11016=VECTOR('',#17719,39.3700787401575);
#11017=VECTOR('',#17720,39.3700787401575);
#11018=VECTOR('',#17721,39.3700787401575);
#11019=VECTOR('',#17722,39.3700787401575);
#11020=VECTOR('',#17725,39.3700787401575);
#11021=VECTOR('',#17726,39.3700787401575);
#11022=VECTOR('',#17727,39.3700787401575);
#11023=VECTOR('',#17728,39.3700787401575);
#11024=VECTOR('',#17729,39.3700787401575);
#11025=VECTOR('',#17732,39.3700787401575);
#11026=VECTOR('',#17733,39.3700787401575);
#11027=VECTOR('',#17734,39.3700787401575);
#11028=VECTOR('',#17735,39.3700787401575);
#11029=VECTOR('',#17736,39.3700787401575);
#11030=VECTOR('',#17739,39.3700787401575);
#11031=VECTOR('',#17740,39.3700787401575);
#11032=VECTOR('',#17741,39.3700787401575);
#11033=VECTOR('',#17742,39.3700787401575);
#11034=VECTOR('',#17743,39.3700787401575);
#11035=VECTOR('',#17746,39.3700787401575);
#11036=VECTOR('',#17747,39.3700787401575);
#11037=VECTOR('',#17748,39.3700787401575);
#11038=VECTOR('',#17749,39.3700787401575);
#11039=VECTOR('',#17750,39.3700787401575);
#11040=VECTOR('',#17753,39.3700787401575);
#11041=VECTOR('',#17754,39.3700787401575);
#11042=VECTOR('',#17755,39.3700787401575);
#11043=VECTOR('',#17756,39.3700787401575);
#11044=VECTOR('',#17757,39.3700787401575);
#11045=VECTOR('',#17760,39.3700787401575);
#11046=VECTOR('',#17761,39.3700787401575);
#11047=VECTOR('',#17762,39.3700787401575);
#11048=VECTOR('',#17763,39.3700787401575);
#11049=VECTOR('',#17764,39.3700787401575);
#11050=VECTOR('',#17765,39.3700787401575);
#11051=VECTOR('',#17768,39.3700787401575);
#11052=VECTOR('',#17769,39.3700787401575);
#11053=VECTOR('',#17770,39.3700787401575);
#11054=VECTOR('',#17771,39.3700787401575);
#11055=VECTOR('',#17772,39.3700787401575);
#11056=VECTOR('',#17773,39.3700787401575);
#11057=VECTOR('',#17776,39.3700787401575);
#11058=VECTOR('',#17777,39.3700787401575);
#11059=VECTOR('',#17778,39.3700787401575);
#11060=VECTOR('',#17779,39.3700787401575);
#11061=VECTOR('',#17780,39.3700787401575);
#11062=VECTOR('',#17781,39.3700787401575);
#11063=VECTOR('',#17784,39.3700787401575);
#11064=VECTOR('',#17785,39.3700787401575);
#11065=VECTOR('',#17786,39.3700787401575);
#11066=VECTOR('',#17787,39.3700787401575);
#11067=VECTOR('',#17788,39.3700787401575);
#11068=VECTOR('',#17789,39.3700787401575);
#11069=VECTOR('',#17792,39.3700787401575);
#11070=VECTOR('',#17793,39.3700787401575);
#11071=VECTOR('',#17794,39.3700787401575);
#11072=VECTOR('',#17795,39.3700787401575);
#11073=VECTOR('',#17796,39.3700787401575);
#11074=VECTOR('',#17797,39.3700787401575);
#11075=VECTOR('',#17800,39.3700787401575);
#11076=VECTOR('',#17801,39.3700787401575);
#11077=VECTOR('',#17802,39.3700787401575);
#11078=VECTOR('',#17803,39.3700787401575);
#11079=VECTOR('',#17804,39.3700787401575);
#11080=VECTOR('',#17805,39.3700787401575);
#11081=VECTOR('',#17808,39.3700787401575);
#11082=VECTOR('',#17809,39.3700787401575);
#11083=VECTOR('',#17810,39.3700787401575);
#11084=VECTOR('',#17811,39.3700787401575);
#11085=VECTOR('',#17812,39.3700787401575);
#11086=VECTOR('',#17813,39.3700787401575);
#11087=VECTOR('',#17816,39.3700787401575);
#11088=VECTOR('',#17817,39.3700787401575);
#11089=VECTOR('',#17818,39.3700787401575);
#11090=VECTOR('',#17819,39.3700787401575);
#11091=VECTOR('',#17820,39.3700787401575);
#11092=VECTOR('',#17821,39.3700787401575);
#11093=VECTOR('',#17824,39.3700787401575);
#11094=VECTOR('',#17825,39.3700787401575);
#11095=VECTOR('',#17826,39.3700787401575);
#11096=VECTOR('',#17827,39.3700787401575);
#11097=VECTOR('',#17828,39.3700787401575);
#11098=VECTOR('',#17829,39.3700787401575);
#11099=VECTOR('',#17832,39.3700787401575);
#11100=VECTOR('',#17833,39.3700787401575);
#11101=VECTOR('',#17834,39.3700787401575);
#11102=VECTOR('',#17835,39.3700787401575);
#11103=VECTOR('',#17836,39.3700787401575);
#11104=VECTOR('',#17837,39.3700787401575);
#11105=VECTOR('',#17840,39.3700787401575);
#11106=VECTOR('',#17841,39.3700787401575);
#11107=VECTOR('',#17842,39.3700787401575);
#11108=VECTOR('',#17843,39.3700787401575);
#11109=VECTOR('',#17844,39.3700787401575);
#11110=VECTOR('',#17845,39.3700787401575);
#11111=VECTOR('',#17848,39.3700787401575);
#11112=VECTOR('',#17849,39.3700787401575);
#11113=VECTOR('',#17850,39.3700787401575);
#11114=VECTOR('',#17851,39.3700787401575);
#11115=VECTOR('',#17852,39.3700787401575);
#11116=VECTOR('',#17853,39.3700787401575);
#11117=VECTOR('',#17856,39.3700787401575);
#11118=VECTOR('',#17857,39.3700787401575);
#11119=VECTOR('',#17858,39.3700787401575);
#11120=VECTOR('',#17859,39.3700787401575);
#11121=VECTOR('',#17860,39.3700787401575);
#11122=VECTOR('',#17861,39.3700787401575);
#11123=VECTOR('',#17864,39.3700787401575);
#11124=VECTOR('',#17865,39.3700787401575);
#11125=VECTOR('',#17866,39.3700787401575);
#11126=VECTOR('',#17867,39.3700787401575);
#11127=VECTOR('',#17868,39.3700787401575);
#11128=VECTOR('',#17869,39.3700787401575);
#11129=VECTOR('',#17872,39.3700787401575);
#11130=VECTOR('',#17873,39.3700787401575);
#11131=VECTOR('',#17874,39.3700787401575);
#11132=VECTOR('',#17875,39.3700787401575);
#11133=VECTOR('',#17876,39.3700787401575);
#11134=VECTOR('',#17877,39.3700787401575);
#11135=VECTOR('',#17880,39.3700787401575);
#11136=VECTOR('',#17881,39.3700787401575);
#11137=VECTOR('',#17882,39.3700787401575);
#11138=VECTOR('',#17885,39.3700787401575);
#11139=VECTOR('',#17886,39.3700787401575);
#11140=VECTOR('',#17887,39.3700787401575);
#11141=VECTOR('',#17890,39.3700787401575);
#11142=VECTOR('',#17891,39.3700787401575);
#11143=VECTOR('',#17892,39.3700787401575);
#11144=VECTOR('',#17895,39.3700787401575);
#11145=VECTOR('',#17896,39.3700787401575);
#11146=VECTOR('',#17897,39.3700787401575);
#11147=VECTOR('',#17900,39.3700787401575);
#11148=VECTOR('',#17901,39.3700787401575);
#11149=VECTOR('',#17902,39.3700787401575);
#11150=VECTOR('',#17905,39.3700787401575);
#11151=VECTOR('',#17906,39.3700787401575);
#11152=VECTOR('',#17907,39.3700787401575);
#11153=VECTOR('',#17910,39.3700787401575);
#11154=VECTOR('',#17911,39.3700787401575);
#11155=VECTOR('',#17912,39.3700787401575);
#11156=VECTOR('',#17915,39.3700787401575);
#11157=VECTOR('',#17916,39.3700787401575);
#11158=VECTOR('',#17917,39.3700787401575);
#11159=VECTOR('',#17920,39.3700787401575);
#11160=VECTOR('',#17921,39.3700787401575);
#11161=VECTOR('',#17922,39.3700787401575);
#11162=VECTOR('',#17925,39.3700787401575);
#11163=VECTOR('',#17926,39.3700787401575);
#11164=VECTOR('',#17927,39.3700787401575);
#11165=VECTOR('',#17930,39.3700787401575);
#11166=VECTOR('',#17931,39.3700787401575);
#11167=VECTOR('',#17932,39.3700787401575);
#11168=VECTOR('',#17935,39.3700787401575);
#11169=VECTOR('',#17936,39.3700787401575);
#11170=VECTOR('',#17937,39.3700787401575);
#11171=VECTOR('',#17940,39.3700787401575);
#11172=VECTOR('',#17941,39.3700787401575);
#11173=VECTOR('',#17942,39.3700787401575);
#11174=VECTOR('',#17945,39.3700787401575);
#11175=VECTOR('',#17946,39.3700787401575);
#11176=VECTOR('',#17947,39.3700787401575);
#11177=VECTOR('',#17950,39.3700787401575);
#11178=VECTOR('',#17951,39.3700787401575);
#11179=VECTOR('',#17952,39.3700787401575);
#11180=VECTOR('',#17955,39.3700787401575);
#11181=VECTOR('',#17956,39.3700787401575);
#11182=VECTOR('',#17957,39.3700787401575);
#11183=VECTOR('',#17958,39.3700787401575);
#11184=VECTOR('',#17959,39.3700787401575);
#11185=VECTOR('',#17962,39.3700787401575);
#11186=VECTOR('',#17963,39.3700787401575);
#11187=VECTOR('',#17964,39.3700787401575);
#11188=VECTOR('',#17965,39.3700787401575);
#11189=VECTOR('',#17966,39.3700787401575);
#11190=VECTOR('',#17969,39.3700787401575);
#11191=VECTOR('',#17970,39.3700787401575);
#11192=VECTOR('',#17971,39.3700787401575);
#11193=VECTOR('',#17972,39.3700787401575);
#11194=VECTOR('',#17973,39.3700787401575);
#11195=VECTOR('',#17976,39.3700787401575);
#11196=VECTOR('',#17977,39.3700787401575);
#11197=VECTOR('',#17978,39.3700787401575);
#11198=VECTOR('',#17979,39.3700787401575);
#11199=VECTOR('',#17980,39.3700787401575);
#11200=VECTOR('',#17983,39.3700787401575);
#11201=VECTOR('',#17984,39.3700787401575);
#11202=VECTOR('',#17985,39.3700787401575);
#11203=VECTOR('',#17986,39.3700787401575);
#11204=VECTOR('',#17987,39.3700787401575);
#11205=VECTOR('',#17990,39.3700787401575);
#11206=VECTOR('',#17991,39.3700787401575);
#11207=VECTOR('',#17992,39.3700787401575);
#11208=VECTOR('',#17993,39.3700787401575);
#11209=VECTOR('',#17994,39.3700787401575);
#11210=VECTOR('',#17997,39.3700787401575);
#11211=VECTOR('',#17998,39.3700787401575);
#11212=VECTOR('',#17999,39.3700787401575);
#11213=VECTOR('',#18000,39.3700787401575);
#11214=VECTOR('',#18001,39.3700787401575);
#11215=VECTOR('',#18004,39.3700787401575);
#11216=VECTOR('',#18005,39.3700787401575);
#11217=VECTOR('',#18006,39.3700787401575);
#11218=VECTOR('',#18007,39.3700787401575);
#11219=VECTOR('',#18008,39.3700787401575);
#11220=VECTOR('',#18011,39.3700787401575);
#11221=VECTOR('',#18012,39.3700787401575);
#11222=VECTOR('',#18013,39.3700787401575);
#11223=VECTOR('',#18014,39.3700787401575);
#11224=VECTOR('',#18015,39.3700787401575);
#11225=VECTOR('',#18018,39.3700787401575);
#11226=VECTOR('',#18019,39.3700787401575);
#11227=VECTOR('',#18020,39.3700787401575);
#11228=VECTOR('',#18021,39.3700787401575);
#11229=VECTOR('',#18022,39.3700787401575);
#11230=VECTOR('',#18025,39.3700787401575);
#11231=VECTOR('',#18026,39.3700787401575);
#11232=VECTOR('',#18027,39.3700787401575);
#11233=VECTOR('',#18028,39.3700787401575);
#11234=VECTOR('',#18029,39.3700787401575);
#11235=VECTOR('',#18032,39.3700787401575);
#11236=VECTOR('',#18033,39.3700787401575);
#11237=VECTOR('',#18034,39.3700787401575);
#11238=VECTOR('',#18035,39.3700787401575);
#11239=VECTOR('',#18036,39.3700787401575);
#11240=VECTOR('',#18039,39.3700787401575);
#11241=VECTOR('',#18040,39.3700787401575);
#11242=VECTOR('',#18041,39.3700787401575);
#11243=VECTOR('',#18042,39.3700787401575);
#11244=VECTOR('',#18043,39.3700787401575);
#11245=VECTOR('',#18046,39.3700787401575);
#11246=VECTOR('',#18047,39.3700787401575);
#11247=VECTOR('',#18048,39.3700787401575);
#11248=VECTOR('',#18049,39.3700787401575);
#11249=VECTOR('',#18050,39.3700787401575);
#11250=VECTOR('',#18053,39.3700787401575);
#11251=VECTOR('',#18054,39.3700787401575);
#11252=VECTOR('',#18055,39.3700787401575);
#11253=VECTOR('',#18056,39.3700787401575);
#11254=VECTOR('',#18057,39.3700787401575);
#11255=VECTOR('',#18060,39.3700787401575);
#11256=VECTOR('',#18063,39.3700787401575);
#11257=VECTOR('',#18064,39.3700787401575);
#11258=VECTOR('',#18065,39.3700787401575);
#11259=VECTOR('',#18070,39.3700787401575);
#11260=VECTOR('',#18073,39.3700787401575);
#11261=VECTOR('',#18074,39.3700787401575);
#11262=VECTOR('',#18075,39.3700787401575);
#11263=VECTOR('',#18082,39.3700787401575);
#11264=VECTOR('',#18083,39.3700787401575);
#11265=VECTOR('',#18084,39.3700787401575);
#11266=VECTOR('',#18087,39.3700787401575);
#11267=VECTOR('',#18090,39.3700787401575);
#11268=VECTOR('',#18093,39.3700787401575);
#11269=VECTOR('',#18094,39.3700787401575);
#11270=VECTOR('',#18095,39.3700787401575);
#11271=VECTOR('',#18102,39.3700787401575);
#11272=VECTOR('',#18103,39.3700787401575);
#11273=VECTOR('',#18104,39.3700787401575);
#11274=VECTOR('',#18107,39.3700787401575);
#11275=VECTOR('',#18110,39.3700787401575);
#11276=VECTOR('',#18113,39.3700787401575);
#11277=VECTOR('',#18114,39.3700787401575);
#11278=VECTOR('',#18115,39.3700787401575);
#11279=VECTOR('',#18122,39.3700787401575);
#11280=VECTOR('',#18123,39.3700787401575);
#11281=VECTOR('',#18124,39.3700787401575);
#11282=VECTOR('',#18127,39.3700787401575);
#11283=VECTOR('',#18130,39.3700787401575);
#11284=VECTOR('',#18133,39.3700787401575);
#11285=VECTOR('',#18134,39.3700787401575);
#11286=VECTOR('',#18135,39.3700787401575);
#11287=VECTOR('',#18142,39.3700787401575);
#11288=VECTOR('',#18143,39.3700787401575);
#11289=VECTOR('',#18144,39.3700787401575);
#11290=VECTOR('',#18147,39.3700787401575);
#11291=VECTOR('',#18150,39.3700787401575);
#11292=VECTOR('',#18153,39.3700787401575);
#11293=VECTOR('',#18154,39.3700787401575);
#11294=VECTOR('',#18155,39.3700787401575);
#11295=VECTOR('',#18162,39.3700787401575);
#11296=VECTOR('',#18163,39.3700787401575);
#11297=VECTOR('',#18164,39.3700787401575);
#11298=VECTOR('',#18167,39.3700787401575);
#11299=VECTOR('',#18170,39.3700787401575);
#11300=VECTOR('',#18173,39.3700787401575);
#11301=VECTOR('',#18174,39.3700787401575);
#11302=VECTOR('',#18175,39.3700787401575);
#11303=VECTOR('',#18182,39.3700787401575);
#11304=VECTOR('',#18183,39.3700787401575);
#11305=VECTOR('',#18184,39.3700787401575);
#11306=VECTOR('',#18187,39.3700787401575);
#11307=VECTOR('',#18190,39.3700787401575);
#11308=VECTOR('',#18193,39.3700787401575);
#11309=VECTOR('',#18194,39.3700787401575);
#11310=VECTOR('',#18195,39.3700787401575);
#11311=VECTOR('',#18202,39.3700787401575);
#11312=VECTOR('',#18203,39.3700787401575);
#11313=VECTOR('',#18204,39.3700787401575);
#11314=VECTOR('',#18207,39.3700787401575);
#11315=VECTOR('',#18210,39.3700787401575);
#11316=VECTOR('',#18213,39.3700787401575);
#11317=VECTOR('',#18214,39.3700787401575);
#11318=VECTOR('',#18215,39.3700787401575);
#11319=VECTOR('',#18222,39.3700787401575);
#11320=VECTOR('',#18223,39.3700787401575);
#11321=VECTOR('',#18224,39.3700787401575);
#11322=VECTOR('',#18227,39.3700787401575);
#11323=VECTOR('',#18230,39.3700787401575);
#11324=VECTOR('',#18233,39.3700787401575);
#11325=VECTOR('',#18234,39.3700787401575);
#11326=VECTOR('',#18235,39.3700787401575);
#11327=VECTOR('',#18242,39.3700787401575);
#11328=VECTOR('',#18243,39.3700787401575);
#11329=VECTOR('',#18244,39.3700787401575);
#11330=VECTOR('',#18247,39.3700787401575);
#11331=VECTOR('',#18250,39.3700787401575);
#11332=VECTOR('',#18253,39.3700787401575);
#11333=VECTOR('',#18254,39.3700787401575);
#11334=VECTOR('',#18255,39.3700787401575);
#11335=VECTOR('',#18262,39.3700787401575);
#11336=VECTOR('',#18263,39.3700787401575);
#11337=VECTOR('',#18264,39.3700787401575);
#11338=VECTOR('',#18267,39.3700787401575);
#11339=VECTOR('',#18270,39.3700787401575);
#11340=VECTOR('',#18273,39.3700787401575);
#11341=VECTOR('',#18274,39.3700787401575);
#11342=VECTOR('',#18275,39.3700787401575);
#11343=VECTOR('',#18282,39.3700787401575);
#11344=VECTOR('',#18283,39.3700787401575);
#11345=VECTOR('',#18284,39.3700787401575);
#11346=VECTOR('',#18287,39.3700787401575);
#11347=VECTOR('',#18290,39.3700787401575);
#11348=VECTOR('',#18293,39.3700787401575);
#11349=VECTOR('',#18294,39.3700787401575);
#11350=VECTOR('',#18295,39.3700787401575);
#11351=VECTOR('',#18302,39.3700787401575);
#11352=VECTOR('',#18303,39.3700787401575);
#11353=VECTOR('',#18304,39.3700787401575);
#11354=VECTOR('',#18307,39.3700787401575);
#11355=VECTOR('',#18310,39.3700787401575);
#11356=VECTOR('',#18313,39.3700787401575);
#11357=VECTOR('',#18314,39.3700787401575);
#11358=VECTOR('',#18315,39.3700787401575);
#11359=VECTOR('',#18322,39.3700787401575);
#11360=VECTOR('',#18323,39.3700787401575);
#11361=VECTOR('',#18324,39.3700787401575);
#11362=VECTOR('',#18327,39.3700787401575);
#11363=VECTOR('',#18330,39.3700787401575);
#11364=VECTOR('',#18333,39.3700787401575);
#11365=VECTOR('',#18334,39.3700787401575);
#11366=VECTOR('',#18335,39.3700787401575);
#11367=VECTOR('',#18342,39.3700787401575);
#11368=VECTOR('',#18343,39.3700787401575);
#11369=VECTOR('',#18344,39.3700787401575);
#11370=VECTOR('',#18347,39.3700787401575);
#11371=VECTOR('',#18350,39.3700787401575);
#11372=VECTOR('',#18353,39.3700787401575);
#11373=VECTOR('',#18354,39.3700787401575);
#11374=VECTOR('',#18355,39.3700787401575);
#11375=VECTOR('',#18360,39.3700787401575);
#11376=VECTOR('',#18363,39.3700787401575);
#11377=VECTOR('',#18364,39.3700787401575);
#11378=VECTOR('',#18365,39.3700787401575);
#11379=VECTOR('',#18370,39.3700787401575);
#11380=VECTOR('',#18373,39.3700787401575);
#11381=VECTOR('',#18374,39.3700787401575);
#11382=VECTOR('',#18375,39.3700787401575);
#11383=VECTOR('',#18382,39.3700787401575);
#11384=VECTOR('',#18383,39.3700787401575);
#11385=VECTOR('',#18384,39.3700787401575);
#11386=VECTOR('',#18387,39.3700787401575);
#11387=VECTOR('',#18390,39.3700787401575);
#11388=VECTOR('',#18393,39.3700787401575);
#11389=VECTOR('',#18394,39.3700787401575);
#11390=VECTOR('',#18395,39.3700787401575);
#11391=VECTOR('',#18402,39.3700787401575);
#11392=VECTOR('',#18403,39.3700787401575);
#11393=VECTOR('',#18404,39.3700787401575);
#11394=VECTOR('',#18407,39.3700787401575);
#11395=VECTOR('',#18410,39.3700787401575);
#11396=VECTOR('',#18413,39.3700787401575);
#11397=VECTOR('',#18414,39.3700787401575);
#11398=VECTOR('',#18415,39.3700787401575);
#11399=VECTOR('',#18422,39.3700787401575);
#11400=VECTOR('',#18423,39.3700787401575);
#11401=VECTOR('',#18424,39.3700787401575);
#11402=VECTOR('',#18427,39.3700787401575);
#11403=VECTOR('',#18430,39.3700787401575);
#11404=VECTOR('',#18433,39.3700787401575);
#11405=VECTOR('',#18434,39.3700787401575);
#11406=VECTOR('',#18435,39.3700787401575);
#11407=VECTOR('',#18442,39.3700787401575);
#11408=VECTOR('',#18443,39.3700787401575);
#11409=VECTOR('',#18444,39.3700787401575);
#11410=VECTOR('',#18447,39.3700787401575);
#11411=VECTOR('',#18450,39.3700787401575);
#11412=VECTOR('',#18453,39.3700787401575);
#11413=VECTOR('',#18454,39.3700787401575);
#11414=VECTOR('',#18455,39.3700787401575);
#11415=VECTOR('',#18462,39.3700787401575);
#11416=VECTOR('',#18463,39.3700787401575);
#11417=VECTOR('',#18464,39.3700787401575);
#11418=VECTOR('',#18467,39.3700787401575);
#11419=VECTOR('',#18470,39.3700787401575);
#11420=VECTOR('',#18473,39.3700787401575);
#11421=VECTOR('',#18474,39.3700787401575);
#11422=VECTOR('',#18475,39.3700787401575);
#11423=VECTOR('',#18482,39.3700787401575);
#11424=VECTOR('',#18483,39.3700787401575);
#11425=VECTOR('',#18484,39.3700787401575);
#11426=VECTOR('',#18487,39.3700787401575);
#11427=VECTOR('',#18490,39.3700787401575);
#11428=VECTOR('',#18493,39.3700787401575);
#11429=VECTOR('',#18494,39.3700787401575);
#11430=VECTOR('',#18495,39.3700787401575);
#11431=VECTOR('',#18502,39.3700787401575);
#11432=VECTOR('',#18503,39.3700787401575);
#11433=VECTOR('',#18504,39.3700787401575);
#11434=VECTOR('',#18507,39.3700787401575);
#11435=VECTOR('',#18510,39.3700787401575);
#11436=VECTOR('',#18513,39.3700787401575);
#11437=VECTOR('',#18514,39.3700787401575);
#11438=VECTOR('',#18515,39.3700787401575);
#11439=VECTOR('',#18522,39.3700787401575);
#11440=VECTOR('',#18523,39.3700787401575);
#11441=VECTOR('',#18524,39.3700787401575);
#11442=VECTOR('',#18527,39.3700787401575);
#11443=VECTOR('',#18530,39.3700787401575);
#11444=VECTOR('',#18533,39.3700787401575);
#11445=VECTOR('',#18534,39.3700787401575);
#11446=VECTOR('',#18535,39.3700787401575);
#11447=VECTOR('',#18542,39.3700787401575);
#11448=VECTOR('',#18543,39.3700787401575);
#11449=VECTOR('',#18544,39.3700787401575);
#11450=VECTOR('',#18547,39.3700787401575);
#11451=VECTOR('',#18550,39.3700787401575);
#11452=VECTOR('',#18553,39.3700787401575);
#11453=VECTOR('',#18554,39.3700787401575);
#11454=VECTOR('',#18555,39.3700787401575);
#11455=VECTOR('',#18562,39.3700787401575);
#11456=VECTOR('',#18563,39.3700787401575);
#11457=VECTOR('',#18564,39.3700787401575);
#11458=VECTOR('',#18567,39.3700787401575);
#11459=VECTOR('',#18570,39.3700787401575);
#11460=VECTOR('',#18573,39.3700787401575);
#11461=VECTOR('',#18574,39.3700787401575);
#11462=VECTOR('',#18575,39.3700787401575);
#11463=VECTOR('',#18582,39.3700787401575);
#11464=VECTOR('',#18583,39.3700787401575);
#11465=VECTOR('',#18584,39.3700787401575);
#11466=VECTOR('',#18587,39.3700787401575);
#11467=VECTOR('',#18590,39.3700787401575);
#11468=VECTOR('',#18593,39.3700787401575);
#11469=VECTOR('',#18594,39.3700787401575);
#11470=VECTOR('',#18595,39.3700787401575);
#11471=VECTOR('',#18602,39.3700787401575);
#11472=VECTOR('',#18603,39.3700787401575);
#11473=VECTOR('',#18604,39.3700787401575);
#11474=VECTOR('',#18607,39.3700787401575);
#11475=VECTOR('',#18610,39.3700787401575);
#11476=VECTOR('',#18613,39.3700787401575);
#11477=VECTOR('',#18614,39.3700787401575);
#11478=VECTOR('',#18615,39.3700787401575);
#11479=VECTOR('',#18622,39.3700787401575);
#11480=VECTOR('',#18623,39.3700787401575);
#11481=VECTOR('',#18624,39.3700787401575);
#11482=VECTOR('',#18627,39.3700787401575);
#11483=VECTOR('',#18630,39.3700787401575);
#11484=VECTOR('',#18633,39.3700787401575);
#11485=VECTOR('',#18634,39.3700787401575);
#11486=VECTOR('',#18635,39.3700787401575);
#11487=VECTOR('',#18642,39.3700787401575);
#11488=VECTOR('',#18643,39.3700787401575);
#11489=VECTOR('',#18644,39.3700787401575);
#11490=VECTOR('',#18647,39.3700787401575);
#11491=VECTOR('',#18650,39.3700787401575);
#11492=VECTOR('',#18653,39.3700787401575);
#11493=VECTOR('',#18654,39.3700787401575);
#11494=VECTOR('',#18655,39.3700787401575);
#11495=VECTOR('',#18660,39.3700787401575);
#11496=VECTOR('',#18663,39.3700787401575);
#11497=VECTOR('',#18664,39.3700787401575);
#11498=VECTOR('',#18665,39.3700787401575);
#11499=VECTOR('',#18670,39.3700787401575);
#11500=VECTOR('',#18673,39.3700787401575);
#11501=VECTOR('',#18674,39.3700787401575);
#11502=VECTOR('',#18675,39.3700787401575);
#11503=VECTOR('',#18682,39.3700787401575);
#11504=VECTOR('',#18683,39.3700787401575);
#11505=VECTOR('',#18684,39.3700787401575);
#11506=VECTOR('',#18687,39.3700787401575);
#11507=VECTOR('',#18690,39.3700787401575);
#11508=VECTOR('',#18693,39.3700787401575);
#11509=VECTOR('',#18694,39.3700787401575);
#11510=VECTOR('',#18695,39.3700787401575);
#11511=VECTOR('',#18702,39.3700787401575);
#11512=VECTOR('',#18703,39.3700787401575);
#11513=VECTOR('',#18704,39.3700787401575);
#11514=VECTOR('',#18707,39.3700787401575);
#11515=VECTOR('',#18710,39.3700787401575);
#11516=VECTOR('',#18713,39.3700787401575);
#11517=VECTOR('',#18714,39.3700787401575);
#11518=VECTOR('',#18715,39.3700787401575);
#11519=VECTOR('',#18722,39.3700787401575);
#11520=VECTOR('',#18723,39.3700787401575);
#11521=VECTOR('',#18724,39.3700787401575);
#11522=VECTOR('',#18727,39.3700787401575);
#11523=VECTOR('',#18730,39.3700787401575);
#11524=VECTOR('',#18733,39.3700787401575);
#11525=VECTOR('',#18734,39.3700787401575);
#11526=VECTOR('',#18735,39.3700787401575);
#11527=VECTOR('',#18742,39.3700787401575);
#11528=VECTOR('',#18743,39.3700787401575);
#11529=VECTOR('',#18744,39.3700787401575);
#11530=VECTOR('',#18747,39.3700787401575);
#11531=VECTOR('',#18750,39.3700787401575);
#11532=VECTOR('',#18753,39.3700787401575);
#11533=VECTOR('',#18754,39.3700787401575);
#11534=VECTOR('',#18755,39.3700787401575);
#11535=VECTOR('',#18762,39.3700787401575);
#11536=VECTOR('',#18763,39.3700787401575);
#11537=VECTOR('',#18764,39.3700787401575);
#11538=VECTOR('',#18767,39.3700787401575);
#11539=VECTOR('',#18770,39.3700787401575);
#11540=VECTOR('',#18773,39.3700787401575);
#11541=VECTOR('',#18774,39.3700787401575);
#11542=VECTOR('',#18775,39.3700787401575);
#11543=VECTOR('',#18782,39.3700787401575);
#11544=VECTOR('',#18783,39.3700787401575);
#11545=VECTOR('',#18784,39.3700787401575);
#11546=VECTOR('',#18787,39.3700787401575);
#11547=VECTOR('',#18790,39.3700787401575);
#11548=VECTOR('',#18793,39.3700787401575);
#11549=VECTOR('',#18794,39.3700787401575);
#11550=VECTOR('',#18795,39.3700787401575);
#11551=VECTOR('',#18802,39.3700787401575);
#11552=VECTOR('',#18803,39.3700787401575);
#11553=VECTOR('',#18804,39.3700787401575);
#11554=VECTOR('',#18807,39.3700787401575);
#11555=VECTOR('',#18810,39.3700787401575);
#11556=VECTOR('',#18813,39.3700787401575);
#11557=VECTOR('',#18814,39.3700787401575);
#11558=VECTOR('',#18815,39.3700787401575);
#11559=VECTOR('',#18822,39.3700787401575);
#11560=VECTOR('',#18823,39.3700787401575);
#11561=VECTOR('',#18824,39.3700787401575);
#11562=VECTOR('',#18827,39.3700787401575);
#11563=VECTOR('',#18830,39.3700787401575);
#11564=VECTOR('',#18833,39.3700787401575);
#11565=VECTOR('',#18834,39.3700787401575);
#11566=VECTOR('',#18835,39.3700787401575);
#11567=VECTOR('',#18842,39.3700787401575);
#11568=VECTOR('',#18843,39.3700787401575);
#11569=VECTOR('',#18844,39.3700787401575);
#11570=VECTOR('',#18847,39.3700787401575);
#11571=VECTOR('',#18850,39.3700787401575);
#11572=VECTOR('',#18853,39.3700787401575);
#11573=VECTOR('',#18854,39.3700787401575);
#11574=VECTOR('',#18855,39.3700787401575);
#11575=VECTOR('',#18862,39.3700787401575);
#11576=VECTOR('',#18863,39.3700787401575);
#11577=VECTOR('',#18864,39.3700787401575);
#11578=VECTOR('',#18867,39.3700787401575);
#11579=VECTOR('',#18870,39.3700787401575);
#11580=VECTOR('',#18873,39.3700787401575);
#11581=VECTOR('',#18874,39.3700787401575);
#11582=VECTOR('',#18875,39.3700787401575);
#11583=VECTOR('',#18882,39.3700787401575);
#11584=VECTOR('',#18883,39.3700787401575);
#11585=VECTOR('',#18884,39.3700787401575);
#11586=VECTOR('',#18887,39.3700787401575);
#11587=VECTOR('',#18890,39.3700787401575);
#11588=VECTOR('',#18893,39.3700787401575);
#11589=VECTOR('',#18894,39.3700787401575);
#11590=VECTOR('',#18895,39.3700787401575);
#11591=VECTOR('',#18902,39.3700787401575);
#11592=VECTOR('',#18903,39.3700787401575);
#11593=VECTOR('',#18904,39.3700787401575);
#11594=VECTOR('',#18907,39.3700787401575);
#11595=VECTOR('',#18910,39.3700787401575);
#11596=VECTOR('',#18913,39.3700787401575);
#11597=VECTOR('',#18914,39.3700787401575);
#11598=VECTOR('',#18915,39.3700787401575);
#11599=VECTOR('',#18922,39.3700787401575);
#11600=VECTOR('',#18923,39.3700787401575);
#11601=VECTOR('',#18924,39.3700787401575);
#11602=VECTOR('',#18927,39.3700787401575);
#11603=VECTOR('',#18930,39.3700787401575);
#11604=VECTOR('',#18933,39.3700787401575);
#11605=VECTOR('',#18934,39.3700787401575);
#11606=VECTOR('',#18935,39.3700787401575);
#11607=VECTOR('',#18942,39.3700787401575);
#11608=VECTOR('',#18943,39.3700787401575);
#11609=VECTOR('',#18944,39.3700787401575);
#11610=VECTOR('',#18947,39.3700787401575);
#11611=VECTOR('',#18950,39.3700787401575);
#11612=VECTOR('',#18953,39.3700787401575);
#11613=VECTOR('',#18954,39.3700787401575);
#11614=VECTOR('',#18955,39.3700787401575);
#11615=VECTOR('',#18960,39.3700787401575);
#11616=VECTOR('',#18961,39.3700787401575);
#11617=VECTOR('',#18962,39.3700787401575);
#11618=VECTOR('',#18963,39.3700787401575);
#11619=VECTOR('',#18966,39.3700787401575);
#11620=VECTOR('',#18967,39.3700787401575);
#11621=VECTOR('',#18968,39.3700787401575);
#11622=VECTOR('',#18969,39.3700787401575);
#11623=VECTOR('',#18972,39.3700787401575);
#11624=VECTOR('',#18973,39.3700787401575);
#11625=VECTOR('',#18976,39.3700787401575);
#11626=VECTOR('',#18977,39.3700787401575);
#11627=VECTOR('',#18980,39.3700787401575);
#11628=VECTOR('',#18981,39.3700787401575);
#11629=VECTOR('',#18984,39.3700787401575);
#11630=VECTOR('',#18985,39.3700787401575);
#11631=VECTOR('',#18988,39.3700787401575);
#11632=VECTOR('',#18989,39.3700787401575);
#11633=VECTOR('',#18992,39.3700787401575);
#11634=VECTOR('',#18993,39.3700787401575);
#11635=VECTOR('',#18996,39.3700787401575);
#11636=VECTOR('',#18997,39.3700787401575);
#11637=VECTOR('',#19000,39.3700787401575);
#11638=VECTOR('',#19001,39.3700787401575);
#11639=VECTOR('',#19004,39.3700787401575);
#11640=VECTOR('',#19005,39.3700787401575);
#11641=VECTOR('',#19008,39.3700787401575);
#11642=VECTOR('',#19009,39.3700787401575);
#11643=VECTOR('',#19012,39.3700787401575);
#11644=VECTOR('',#19013,39.3700787401575);
#11645=VECTOR('',#19016,39.3700787401575);
#11646=VECTOR('',#19017,39.3700787401575);
#11647=VECTOR('',#19020,39.3700787401575);
#11648=VECTOR('',#19021,39.3700787401575);
#11649=VECTOR('',#19024,39.3700787401575);
#11650=VECTOR('',#19025,39.3700787401575);
#11651=VECTOR('',#19028,39.3700787401575);
#11652=VECTOR('',#19029,39.3700787401575);
#11653=VECTOR('',#19032,39.3700787401575);
#11654=VECTOR('',#19033,39.3700787401575);
#11655=VECTOR('',#19036,39.3700787401575);
#11656=VECTOR('',#19037,39.3700787401575);
#11657=VECTOR('',#19040,39.3700787401575);
#11658=VECTOR('',#19041,39.3700787401575);
#11659=VECTOR('',#19044,39.3700787401575);
#11660=VECTOR('',#19045,39.3700787401575);
#11661=VECTOR('',#19048,39.3700787401575);
#11662=VECTOR('',#19049,39.3700787401575);
#11663=VECTOR('',#19052,39.3700787401575);
#11664=VECTOR('',#19053,39.3700787401575);
#11665=VECTOR('',#19056,39.3700787401575);
#11666=VECTOR('',#19057,39.3700787401575);
#11667=VECTOR('',#19060,39.3700787401575);
#11668=VECTOR('',#19061,39.3700787401575);
#11669=VECTOR('',#19064,39.3700787401575);
#11670=VECTOR('',#19065,39.3700787401575);
#11671=VECTOR('',#19068,39.3700787401575);
#11672=VECTOR('',#19069,39.3700787401575);
#11673=VECTOR('',#19072,39.3700787401575);
#11674=VECTOR('',#19073,39.3700787401575);
#11675=VECTOR('',#19076,39.3700787401575);
#11676=VECTOR('',#19077,39.3700787401575);
#11677=VECTOR('',#19080,39.3700787401575);
#11678=VECTOR('',#19081,39.3700787401575);
#11679=VECTOR('',#19084,39.3700787401575);
#11680=VECTOR('',#19085,39.3700787401575);
#11681=VECTOR('',#19088,39.3700787401575);
#11682=VECTOR('',#19089,39.3700787401575);
#11683=VECTOR('',#19152,39.3700787401575);
#11684=VECTOR('',#19153,39.3700787401575);
#11685=VECTOR('',#19156,39.3700787401575);
#11686=VECTOR('',#19157,39.3700787401575);
#11687=VECTOR('',#19160,39.3700787401575);
#11688=VECTOR('',#19161,39.3700787401575);
#11689=VECTOR('',#19164,39.3700787401575);
#11690=VECTOR('',#19165,39.3700787401575);
#11691=VECTOR('',#19168,39.3700787401575);
#11692=VECTOR('',#19169,39.3700787401575);
#11693=VECTOR('',#19172,39.3700787401575);
#11694=VECTOR('',#19173,39.3700787401575);
#11695=VECTOR('',#19176,39.3700787401575);
#11696=VECTOR('',#19177,39.3700787401575);
#11697=VECTOR('',#19180,39.3700787401575);
#11698=VECTOR('',#19181,39.3700787401575);
#11699=VECTOR('',#19184,39.3700787401575);
#11700=VECTOR('',#19185,39.3700787401575);
#11701=VECTOR('',#19188,39.3700787401575);
#11702=VECTOR('',#19189,39.3700787401575);
#11703=VECTOR('',#19192,39.3700787401575);
#11704=VECTOR('',#19193,39.3700787401575);
#11705=VECTOR('',#19196,39.3700787401575);
#11706=VECTOR('',#19197,39.3700787401575);
#11707=VECTOR('',#19200,39.3700787401575);
#11708=VECTOR('',#19201,39.3700787401575);
#11709=VECTOR('',#19204,39.3700787401575);
#11710=VECTOR('',#19205,39.3700787401575);
#11711=VECTOR('',#19208,39.3700787401575);
#11712=VECTOR('',#19209,39.3700787401575);
#11713=VECTOR('',#19212,39.3700787401575);
#11714=VECTOR('',#19213,39.3700787401575);
#11715=VECTOR('',#19216,39.3700787401575);
#11716=VECTOR('',#19217,39.3700787401575);
#11717=VECTOR('',#19220,39.3700787401575);
#11718=VECTOR('',#19221,39.3700787401575);
#11719=VECTOR('',#19224,39.3700787401575);
#11720=VECTOR('',#19225,39.3700787401575);
#11721=VECTOR('',#19228,39.3700787401575);
#11722=VECTOR('',#19229,39.3700787401575);
#11723=VECTOR('',#19232,39.3700787401575);
#11724=VECTOR('',#19233,39.3700787401575);
#11725=VECTOR('',#19236,39.3700787401575);
#11726=VECTOR('',#19237,39.3700787401575);
#11727=VECTOR('',#19240,39.3700787401575);
#11728=VECTOR('',#19241,39.3700787401575);
#11729=VECTOR('',#19244,39.3700787401575);
#11730=VECTOR('',#19245,39.3700787401575);
#11731=VECTOR('',#19248,39.3700787401575);
#11732=VECTOR('',#19249,39.3700787401575);
#11733=VECTOR('',#19252,39.3700787401575);
#11734=VECTOR('',#19253,39.3700787401575);
#11735=VECTOR('',#19256,39.3700787401575);
#11736=VECTOR('',#19257,39.3700787401575);
#11737=VECTOR('',#19260,39.3700787401575);
#11738=VECTOR('',#19261,39.3700787401575);
#11739=VECTOR('',#19264,39.3700787401575);
#11740=VECTOR('',#19265,39.3700787401575);
#11741=VECTOR('',#19268,39.3700787401575);
#11742=VECTOR('',#19269,39.3700787401575);
#11743=VECTOR('',#19332,39.3700787401575);
#11744=VECTOR('',#19333,39.3700787401575);
#11745=VECTOR('',#19336,39.3700787401575);
#11746=VECTOR('',#19337,39.3700787401575);
#11747=VECTOR('',#19340,39.3700787401575);
#11748=VECTOR('',#19341,39.3700787401575);
#11749=VECTOR('',#19344,39.3700787401575);
#11750=VECTOR('',#19345,39.3700787401575);
#11751=VECTOR('',#19348,39.3700787401575);
#11752=VECTOR('',#19349,39.3700787401575);
#11753=VECTOR('',#19352,39.3700787401575);
#11754=VECTOR('',#19353,39.3700787401575);
#11755=VECTOR('',#19356,39.3700787401575);
#11756=VECTOR('',#19357,39.3700787401575);
#11757=VECTOR('',#19360,39.3700787401575);
#11758=VECTOR('',#19361,39.3700787401575);
#11759=VECTOR('',#19364,39.3700787401575);
#11760=VECTOR('',#19365,39.3700787401575);
#11761=VECTOR('',#19368,39.3700787401575);
#11762=VECTOR('',#19369,39.3700787401575);
#11763=VECTOR('',#19372,39.3700787401575);
#11764=VECTOR('',#19373,39.3700787401575);
#11765=VECTOR('',#19376,39.3700787401575);
#11766=VECTOR('',#19377,39.3700787401575);
#11767=VECTOR('',#19380,39.3700787401575);
#11768=VECTOR('',#19381,39.3700787401575);
#11769=VECTOR('',#19384,39.3700787401575);
#11770=VECTOR('',#19385,39.3700787401575);
#11771=VECTOR('',#19388,39.3700787401575);
#11772=VECTOR('',#19389,39.3700787401575);
#11773=VECTOR('',#19392,39.3700787401575);
#11774=VECTOR('',#19393,39.3700787401575);
#11775=VECTOR('',#19396,39.3700787401575);
#11776=VECTOR('',#19397,39.3700787401575);
#11777=VECTOR('',#19400,39.3700787401575);
#11778=VECTOR('',#19401,39.3700787401575);
#11779=VECTOR('',#19404,39.3700787401575);
#11780=VECTOR('',#19405,39.3700787401575);
#11781=VECTOR('',#19408,39.3700787401575);
#11782=VECTOR('',#19409,39.3700787401575);
#11783=VECTOR('',#19412,39.3700787401575);
#11784=VECTOR('',#19413,39.3700787401575);
#11785=VECTOR('',#19416,39.3700787401575);
#11786=VECTOR('',#19417,39.3700787401575);
#11787=VECTOR('',#19420,39.3700787401575);
#11788=VECTOR('',#19421,39.3700787401575);
#11789=VECTOR('',#19424,39.3700787401575);
#11790=VECTOR('',#19425,39.3700787401575);
#11791=VECTOR('',#19428,39.3700787401575);
#11792=VECTOR('',#19429,39.3700787401575);
#11793=VECTOR('',#19432,39.3700787401575);
#11794=VECTOR('',#19433,39.3700787401575);
#11795=VECTOR('',#19436,39.3700787401575);
#11796=VECTOR('',#19437,39.3700787401575);
#11797=VECTOR('',#19440,39.3700787401575);
#11798=VECTOR('',#19441,39.3700787401575);
#11799=VECTOR('',#19444,39.3700787401575);
#11800=VECTOR('',#19445,39.3700787401575);
#11801=VECTOR('',#19448,39.3700787401575);
#11802=VECTOR('',#19449,39.3700787401575);
#11803=VECTOR('',#19512,39.3700787401575);
#11804=VECTOR('',#19513,39.3700787401575);
#11805=VECTOR('',#19516,39.3700787401575);
#11806=VECTOR('',#19519,39.3700787401575);
#11807=EDGE_LOOP('',(#301,#302,#303,#304,#305,#306,#307,#308,#309,#310,
#311,#312,#313,#314,#315,#316,#317,#318,#319,#320,#321,#322,#323,#324,#325,
#326,#327,#328,#329,#330,#331,#332,#333,#334,#335,#336,#337,#338,#339,#340,
#341,#342,#343,#344,#345,#346,#347,#348,#349,#350,#351,#352,#353,#354,#355,
#356,#357,#358,#359,#360,#361,#362,#363,#364));
#11808=EDGE_LOOP('',(#365,#366,#367,#368,#369,#370,#371,#372,#373,#374,
#375,#376,#377,#378,#379,#380,#381,#382,#383,#384,#385,#386,#387,#388,#389,
#390,#391,#392,#393,#394,#395,#396,#397,#398,#399,#400,#401,#402,#403,#404,
#405,#406,#407,#408,#409,#410,#411,#412,#413,#414,#415,#416,#417,#418,#419,
#420,#421,#422,#423,#424,#425,#426,#427,#428));
#11809=EDGE_LOOP('',(#429,#430,#431,#432));
#11810=EDGE_LOOP('',(#433,#434,#435,#436));
#11811=EDGE_LOOP('',(#437,#438,#439,#440));
#11812=EDGE_LOOP('',(#441,#442,#443,#444));
#11813=EDGE_LOOP('',(#445,#446,#447,#448));
#11814=EDGE_LOOP('',(#449,#450,#451,#452));
#11815=EDGE_LOOP('',(#453,#454,#455,#456));
#11816=EDGE_LOOP('',(#457,#458,#459,#460));
#11817=EDGE_LOOP('',(#461,#462,#463,#464));
#11818=EDGE_LOOP('',(#465,#466,#467,#468));
#11819=EDGE_LOOP('',(#469,#470,#471,#472));
#11820=EDGE_LOOP('',(#473,#474,#475,#476));
#11821=EDGE_LOOP('',(#477,#478,#479,#480));
#11822=EDGE_LOOP('',(#481,#482,#483,#484));
#11823=EDGE_LOOP('',(#485,#486,#487,#488));
#11824=EDGE_LOOP('',(#489,#490,#491,#492));
#11825=EDGE_LOOP('',(#493,#494,#495,#496));
#11826=EDGE_LOOP('',(#497,#498,#499,#500));
#11827=EDGE_LOOP('',(#501,#502,#503,#504));
#11828=EDGE_LOOP('',(#505,#506,#507,#508));
#11829=EDGE_LOOP('',(#509,#510,#511,#512));
#11830=EDGE_LOOP('',(#513,#514,#515,#516));
#11831=EDGE_LOOP('',(#517,#518,#519,#520));
#11832=EDGE_LOOP('',(#521,#522,#523,#524));
#11833=EDGE_LOOP('',(#525,#526,#527,#528));
#11834=EDGE_LOOP('',(#529,#530,#531,#532));
#11835=EDGE_LOOP('',(#533,#534,#535,#536));
#11836=EDGE_LOOP('',(#537,#538,#539,#540));
#11837=EDGE_LOOP('',(#541,#542,#543,#544));
#11838=EDGE_LOOP('',(#545,#546,#547,#548));
#11839=EDGE_LOOP('',(#549,#550,#551,#552));
#11840=EDGE_LOOP('',(#553,#554,#555,#556));
#11841=EDGE_LOOP('',(#557,#558,#559,#560));
#11842=EDGE_LOOP('',(#561,#562,#563,#564));
#11843=EDGE_LOOP('',(#565,#566,#567,#568));
#11844=EDGE_LOOP('',(#569,#570,#571,#572));
#11845=EDGE_LOOP('',(#573,#574,#575,#576));
#11846=EDGE_LOOP('',(#577,#578,#579,#580));
#11847=EDGE_LOOP('',(#581,#582,#583,#584));
#11848=EDGE_LOOP('',(#585,#586,#587,#588));
#11849=EDGE_LOOP('',(#589,#590,#591,#592));
#11850=EDGE_LOOP('',(#593,#594,#595,#596));
#11851=EDGE_LOOP('',(#597,#598,#599,#600));
#11852=EDGE_LOOP('',(#601,#602,#603,#604));
#11853=EDGE_LOOP('',(#605,#606,#607,#608));
#11854=EDGE_LOOP('',(#609,#610,#611,#612));
#11855=EDGE_LOOP('',(#613,#614,#615,#616));
#11856=EDGE_LOOP('',(#617,#618,#619,#620));
#11857=EDGE_LOOP('',(#621,#622,#623,#624));
#11858=EDGE_LOOP('',(#625,#626,#627,#628));
#11859=EDGE_LOOP('',(#629,#630,#631,#632));
#11860=EDGE_LOOP('',(#633,#634,#635,#636));
#11861=EDGE_LOOP('',(#637,#638,#639,#640));
#11862=EDGE_LOOP('',(#641,#642,#643,#644));
#11863=EDGE_LOOP('',(#645,#646,#647,#648));
#11864=EDGE_LOOP('',(#649,#650,#651,#652));
#11865=EDGE_LOOP('',(#653,#654,#655,#656));
#11866=EDGE_LOOP('',(#657,#658,#659,#660));
#11867=EDGE_LOOP('',(#661,#662,#663,#664));
#11868=EDGE_LOOP('',(#665,#666,#667,#668));
#11869=EDGE_LOOP('',(#669,#670,#671,#672));
#11870=EDGE_LOOP('',(#673,#674,#675,#676));
#11871=EDGE_LOOP('',(#677,#678,#679,#680));
#11872=EDGE_LOOP('',(#681,#682,#683,#684));
#11873=EDGE_LOOP('',(#685,#686,#687,#688));
#11874=EDGE_LOOP('',(#689,#690,#691,#692));
#11875=EDGE_LOOP('',(#693,#694,#695,#696));
#11876=EDGE_LOOP('',(#697,#698,#699,#700));
#11877=EDGE_LOOP('',(#701,#702,#703,#704));
#11878=EDGE_LOOP('',(#705,#706,#707,#708));
#11879=EDGE_LOOP('',(#709,#710,#711,#712));
#11880=EDGE_LOOP('',(#713,#714,#715,#716));
#11881=EDGE_LOOP('',(#717,#718,#719,#720));
#11882=EDGE_LOOP('',(#721,#722,#723,#724));
#11883=EDGE_LOOP('',(#725,#726,#727,#728));
#11884=EDGE_LOOP('',(#729,#730,#731,#732));
#11885=EDGE_LOOP('',(#733,#734,#735,#736));
#11886=EDGE_LOOP('',(#737,#738,#739,#740));
#11887=EDGE_LOOP('',(#741,#742,#743,#744));
#11888=EDGE_LOOP('',(#745,#746,#747,#748));
#11889=EDGE_LOOP('',(#749,#750,#751,#752));
#11890=EDGE_LOOP('',(#753,#754,#755,#756));
#11891=EDGE_LOOP('',(#757,#758,#759,#760));
#11892=EDGE_LOOP('',(#761,#762,#763,#764));
#11893=EDGE_LOOP('',(#765,#766,#767,#768));
#11894=EDGE_LOOP('',(#769,#770,#771,#772));
#11895=EDGE_LOOP('',(#773,#774,#775,#776));
#11896=EDGE_LOOP('',(#777,#778,#779,#780));
#11897=EDGE_LOOP('',(#781,#782,#783,#784));
#11898=EDGE_LOOP('',(#785,#786,#787,#788));
#11899=EDGE_LOOP('',(#789,#790,#791,#792));
#11900=EDGE_LOOP('',(#793,#794,#795,#796));
#11901=EDGE_LOOP('',(#797,#798,#799,#800));
#11902=EDGE_LOOP('',(#801,#802,#803,#804));
#11903=EDGE_LOOP('',(#805,#806,#807,#808));
#11904=EDGE_LOOP('',(#809,#810,#811,#812));
#11905=EDGE_LOOP('',(#813,#814,#815,#816));
#11906=EDGE_LOOP('',(#817,#818,#819,#820));
#11907=EDGE_LOOP('',(#821,#822,#823,#824));
#11908=EDGE_LOOP('',(#825,#826,#827,#828));
#11909=EDGE_LOOP('',(#829,#830,#831,#832));
#11910=EDGE_LOOP('',(#833,#834,#835,#836));
#11911=EDGE_LOOP('',(#837,#838,#839,#840));
#11912=EDGE_LOOP('',(#841,#842,#843,#844));
#11913=EDGE_LOOP('',(#845,#846,#847,#848));
#11914=EDGE_LOOP('',(#849,#850,#851,#852));
#11915=EDGE_LOOP('',(#853,#854,#855,#856));
#11916=EDGE_LOOP('',(#857,#858,#859,#860));
#11917=EDGE_LOOP('',(#861,#862,#863,#864));
#11918=EDGE_LOOP('',(#865,#866,#867,#868));
#11919=EDGE_LOOP('',(#869,#870,#871,#872));
#11920=EDGE_LOOP('',(#873,#874,#875,#876));
#11921=EDGE_LOOP('',(#877,#878,#879,#880));
#11922=EDGE_LOOP('',(#881,#882,#883,#884));
#11923=EDGE_LOOP('',(#885,#886,#887,#888));
#11924=EDGE_LOOP('',(#889,#890,#891,#892));
#11925=EDGE_LOOP('',(#893,#894,#895,#896));
#11926=EDGE_LOOP('',(#897,#898,#899,#900));
#11927=EDGE_LOOP('',(#901,#902,#903,#904));
#11928=EDGE_LOOP('',(#905,#906,#907,#908));
#11929=EDGE_LOOP('',(#909,#910,#911,#912));
#11930=EDGE_LOOP('',(#913,#914,#915,#916));
#11931=EDGE_LOOP('',(#917,#918,#919,#920));
#11932=EDGE_LOOP('',(#921,#922,#923,#924));
#11933=EDGE_LOOP('',(#925,#926,#927,#928));
#11934=EDGE_LOOP('',(#929,#930,#931,#932));
#11935=EDGE_LOOP('',(#933,#934,#935,#936));
#11936=EDGE_LOOP('',(#937,#938,#939,#940));
#11937=EDGE_LOOP('',(#941,#942,#943,#944));
#11938=EDGE_LOOP('',(#945,#946,#947,#948));
#11939=EDGE_LOOP('',(#949,#950,#951,#952));
#11940=EDGE_LOOP('',(#953,#954,#955,#956));
#11941=EDGE_LOOP('',(#957,#958,#959,#960));
#11942=EDGE_LOOP('',(#961,#962,#963,#964));
#11943=EDGE_LOOP('',(#965,#966,#967,#968));
#11944=EDGE_LOOP('',(#969,#970,#971,#972));
#11945=EDGE_LOOP('',(#973,#974,#975,#976));
#11946=EDGE_LOOP('',(#977,#978,#979,#980));
#11947=EDGE_LOOP('',(#981,#982,#983,#984));
#11948=EDGE_LOOP('',(#985,#986,#987,#988));
#11949=EDGE_LOOP('',(#989,#990,#991,#992));
#11950=EDGE_LOOP('',(#993,#994,#995,#996));
#11951=EDGE_LOOP('',(#997,#998,#999,#1000));
#11952=EDGE_LOOP('',(#1001,#1002,#1003,#1004));
#11953=EDGE_LOOP('',(#1005,#1006,#1007,#1008));
#11954=EDGE_LOOP('',(#1009,#1010,#1011,#1012));
#11955=EDGE_LOOP('',(#1013,#1014,#1015,#1016));
#11956=EDGE_LOOP('',(#1017,#1018,#1019,#1020));
#11957=EDGE_LOOP('',(#1021,#1022,#1023,#1024));
#11958=EDGE_LOOP('',(#1025,#1026,#1027,#1028));
#11959=EDGE_LOOP('',(#1029,#1030,#1031,#1032));
#11960=EDGE_LOOP('',(#1033,#1034,#1035,#1036));
#11961=EDGE_LOOP('',(#1037,#1038,#1039,#1040));
#11962=EDGE_LOOP('',(#1041,#1042,#1043,#1044));
#11963=EDGE_LOOP('',(#1045,#1046,#1047,#1048));
#11964=EDGE_LOOP('',(#1049,#1050,#1051,#1052));
#11965=EDGE_LOOP('',(#1053,#1054,#1055,#1056));
#11966=EDGE_LOOP('',(#1057,#1058,#1059,#1060));
#11967=EDGE_LOOP('',(#1061,#1062,#1063,#1064));
#11968=EDGE_LOOP('',(#1065,#1066,#1067,#1068));
#11969=EDGE_LOOP('',(#1069,#1070,#1071,#1072));
#11970=EDGE_LOOP('',(#1073,#1074,#1075,#1076));
#11971=EDGE_LOOP('',(#1077,#1078,#1079,#1080));
#11972=EDGE_LOOP('',(#1081,#1082,#1083,#1084));
#11973=EDGE_LOOP('',(#1085,#1086,#1087,#1088));
#11974=EDGE_LOOP('',(#1089,#1090,#1091,#1092));
#11975=EDGE_LOOP('',(#1093,#1094,#1095,#1096));
#11976=EDGE_LOOP('',(#1097,#1098,#1099,#1100));
#11977=EDGE_LOOP('',(#1101,#1102,#1103,#1104));
#11978=EDGE_LOOP('',(#1105,#1106,#1107,#1108));
#11979=EDGE_LOOP('',(#1109,#1110,#1111,#1112));
#11980=EDGE_LOOP('',(#1113,#1114,#1115,#1116));
#11981=EDGE_LOOP('',(#1117,#1118,#1119,#1120));
#11982=EDGE_LOOP('',(#1121,#1122,#1123,#1124));
#11983=EDGE_LOOP('',(#1125,#1126,#1127,#1128));
#11984=EDGE_LOOP('',(#1129,#1130,#1131,#1132));
#11985=EDGE_LOOP('',(#1133,#1134,#1135,#1136));
#11986=EDGE_LOOP('',(#1137,#1138,#1139,#1140));
#11987=EDGE_LOOP('',(#1141,#1142,#1143,#1144));
#11988=EDGE_LOOP('',(#1145,#1146,#1147,#1148));
#11989=EDGE_LOOP('',(#1149,#1150,#1151,#1152));
#11990=EDGE_LOOP('',(#1153,#1154,#1155,#1156));
#11991=EDGE_LOOP('',(#1157,#1158,#1159,#1160));
#11992=EDGE_LOOP('',(#1161,#1162,#1163,#1164));
#11993=EDGE_LOOP('',(#1165,#1166,#1167,#1168));
#11994=EDGE_LOOP('',(#1169,#1170,#1171,#1172));
#11995=EDGE_LOOP('',(#1173,#1174,#1175,#1176));
#11996=EDGE_LOOP('',(#1177,#1178,#1179,#1180));
#11997=EDGE_LOOP('',(#1181,#1182,#1183,#1184));
#11998=EDGE_LOOP('',(#1185,#1186,#1187,#1188));
#11999=EDGE_LOOP('',(#1189,#1190,#1191,#1192));
#12000=EDGE_LOOP('',(#1193,#1194,#1195,#1196));
#12001=EDGE_LOOP('',(#1197,#1198,#1199,#1200));
#12002=EDGE_LOOP('',(#1201,#1202,#1203,#1204));
#12003=EDGE_LOOP('',(#1205,#1206,#1207,#1208));
#12004=EDGE_LOOP('',(#1209,#1210,#1211,#1212));
#12005=EDGE_LOOP('',(#1213,#1214,#1215,#1216));
#12006=EDGE_LOOP('',(#1217,#1218,#1219,#1220));
#12007=EDGE_LOOP('',(#1221,#1222,#1223,#1224));
#12008=EDGE_LOOP('',(#1225,#1226,#1227,#1228));
#12009=EDGE_LOOP('',(#1229,#1230,#1231,#1232));
#12010=EDGE_LOOP('',(#1233,#1234,#1235,#1236));
#12011=EDGE_LOOP('',(#1237,#1238,#1239,#1240));
#12012=EDGE_LOOP('',(#1241,#1242,#1243,#1244));
#12013=EDGE_LOOP('',(#1245,#1246,#1247,#1248));
#12014=EDGE_LOOP('',(#1249,#1250,#1251,#1252));
#12015=EDGE_LOOP('',(#1253,#1254,#1255,#1256));
#12016=EDGE_LOOP('',(#1257,#1258,#1259,#1260));
#12017=EDGE_LOOP('',(#1261,#1262,#1263,#1264));
#12018=EDGE_LOOP('',(#1265,#1266,#1267,#1268));
#12019=EDGE_LOOP('',(#1269,#1270,#1271,#1272));
#12020=EDGE_LOOP('',(#1273,#1274,#1275,#1276));
#12021=EDGE_LOOP('',(#1277,#1278,#1279,#1280));
#12022=EDGE_LOOP('',(#1281,#1282,#1283,#1284));
#12023=EDGE_LOOP('',(#1285,#1286,#1287,#1288));
#12024=EDGE_LOOP('',(#1289,#1290,#1291,#1292));
#12025=EDGE_LOOP('',(#1293,#1294,#1295,#1296));
#12026=EDGE_LOOP('',(#1297,#1298,#1299,#1300));
#12027=EDGE_LOOP('',(#1301,#1302,#1303,#1304));
#12028=EDGE_LOOP('',(#1305,#1306,#1307,#1308));
#12029=EDGE_LOOP('',(#1309,#1310,#1311,#1312));
#12030=EDGE_LOOP('',(#1313,#1314,#1315,#1316));
#12031=EDGE_LOOP('',(#1317,#1318,#1319,#1320));
#12032=EDGE_LOOP('',(#1321,#1322,#1323,#1324));
#12033=EDGE_LOOP('',(#1325,#1326,#1327,#1328));
#12034=EDGE_LOOP('',(#1329,#1330,#1331,#1332));
#12035=EDGE_LOOP('',(#1333,#1334,#1335,#1336));
#12036=EDGE_LOOP('',(#1337,#1338,#1339,#1340));
#12037=EDGE_LOOP('',(#1341,#1342,#1343,#1344));
#12038=EDGE_LOOP('',(#1345,#1346,#1347,#1348));
#12039=EDGE_LOOP('',(#1349,#1350,#1351,#1352));
#12040=EDGE_LOOP('',(#1353,#1354,#1355,#1356));
#12041=EDGE_LOOP('',(#1357,#1358,#1359,#1360));
#12042=EDGE_LOOP('',(#1361,#1362,#1363,#1364));
#12043=EDGE_LOOP('',(#1365,#1366,#1367,#1368));
#12044=EDGE_LOOP('',(#1369,#1370,#1371,#1372));
#12045=EDGE_LOOP('',(#1373,#1374,#1375,#1376));
#12046=EDGE_LOOP('',(#1377,#1378,#1379,#1380));
#12047=EDGE_LOOP('',(#1381,#1382,#1383,#1384));
#12048=EDGE_LOOP('',(#1385,#1386,#1387,#1388));
#12049=EDGE_LOOP('',(#1389,#1390,#1391,#1392));
#12050=EDGE_LOOP('',(#1393,#1394,#1395,#1396));
#12051=EDGE_LOOP('',(#1397,#1398,#1399,#1400));
#12052=EDGE_LOOP('',(#1401,#1402,#1403,#1404));
#12053=EDGE_LOOP('',(#1405,#1406,#1407,#1408));
#12054=EDGE_LOOP('',(#1409,#1410,#1411,#1412));
#12055=EDGE_LOOP('',(#1413,#1414,#1415,#1416));
#12056=EDGE_LOOP('',(#1417,#1418,#1419,#1420));
#12057=EDGE_LOOP('',(#1421,#1422,#1423,#1424));
#12058=EDGE_LOOP('',(#1425,#1426,#1427,#1428));
#12059=EDGE_LOOP('',(#1429,#1430,#1431,#1432));
#12060=EDGE_LOOP('',(#1433,#1434,#1435,#1436));
#12061=EDGE_LOOP('',(#1437,#1438,#1439,#1440));
#12062=EDGE_LOOP('',(#1441,#1442,#1443,#1444));
#12063=EDGE_LOOP('',(#1445,#1446,#1447,#1448));
#12064=EDGE_LOOP('',(#1449,#1450,#1451,#1452));
#12065=EDGE_LOOP('',(#1453,#1454,#1455,#1456));
#12066=EDGE_LOOP('',(#1457,#1458,#1459,#1460));
#12067=EDGE_LOOP('',(#1461,#1462,#1463,#1464));
#12068=EDGE_LOOP('',(#1465,#1466,#1467,#1468));
#12069=EDGE_LOOP('',(#1469,#1470,#1471,#1472));
#12070=EDGE_LOOP('',(#1473,#1474,#1475,#1476));
#12071=EDGE_LOOP('',(#1477,#1478,#1479,#1480));
#12072=EDGE_LOOP('',(#1481,#1482,#1483,#1484));
#12073=EDGE_LOOP('',(#1485,#1486,#1487,#1488));
#12074=EDGE_LOOP('',(#1489,#1490,#1491,#1492));
#12075=EDGE_LOOP('',(#1493,#1494,#1495,#1496));
#12076=EDGE_LOOP('',(#1497,#1498,#1499,#1500));
#12077=EDGE_LOOP('',(#1501,#1502,#1503,#1504));
#12078=EDGE_LOOP('',(#1505,#1506,#1507,#1508));
#12079=EDGE_LOOP('',(#1509,#1510,#1511,#1512));
#12080=EDGE_LOOP('',(#1513,#1514,#1515,#1516));
#12081=EDGE_LOOP('',(#1517,#1518,#1519,#1520));
#12082=EDGE_LOOP('',(#1521,#1522,#1523,#1524));
#12083=EDGE_LOOP('',(#1525,#1526,#1527,#1528));
#12084=EDGE_LOOP('',(#1529,#1530,#1531,#1532));
#12085=EDGE_LOOP('',(#1533,#1534,#1535,#1536));
#12086=EDGE_LOOP('',(#1537,#1538,#1539,#1540));
#12087=EDGE_LOOP('',(#1541,#1542,#1543,#1544));
#12088=EDGE_LOOP('',(#1545,#1546,#1547,#1548));
#12089=EDGE_LOOP('',(#1549,#1550,#1551,#1552));
#12090=EDGE_LOOP('',(#1553,#1554,#1555,#1556));
#12091=EDGE_LOOP('',(#1557,#1558,#1559,#1560));
#12092=EDGE_LOOP('',(#1561,#1562,#1563,#1564));
#12093=EDGE_LOOP('',(#1565,#1566,#1567,#1568));
#12094=EDGE_LOOP('',(#1569,#1570,#1571,#1572));
#12095=EDGE_LOOP('',(#1573,#1574,#1575,#1576));
#12096=EDGE_LOOP('',(#1577,#1578,#1579,#1580));
#12097=EDGE_LOOP('',(#1581,#1582,#1583,#1584));
#12098=EDGE_LOOP('',(#1585,#1586,#1587,#1588));
#12099=EDGE_LOOP('',(#1589,#1590,#1591,#1592));
#12100=EDGE_LOOP('',(#1593,#1594,#1595,#1596));
#12101=EDGE_LOOP('',(#1597,#1598,#1599,#1600));
#12102=EDGE_LOOP('',(#1601,#1602,#1603,#1604));
#12103=EDGE_LOOP('',(#1605,#1606,#1607,#1608));
#12104=EDGE_LOOP('',(#1609,#1610,#1611,#1612));
#12105=EDGE_LOOP('',(#1613,#1614,#1615,#1616));
#12106=EDGE_LOOP('',(#1617,#1618,#1619,#1620));
#12107=EDGE_LOOP('',(#1621,#1622,#1623,#1624));
#12108=EDGE_LOOP('',(#1625,#1626,#1627,#1628));
#12109=EDGE_LOOP('',(#1629,#1630,#1631,#1632));
#12110=EDGE_LOOP('',(#1633,#1634,#1635,#1636));
#12111=EDGE_LOOP('',(#1637,#1638,#1639,#1640));
#12112=EDGE_LOOP('',(#1641,#1642,#1643,#1644));
#12113=EDGE_LOOP('',(#1645,#1646,#1647,#1648));
#12114=EDGE_LOOP('',(#1649,#1650,#1651,#1652));
#12115=EDGE_LOOP('',(#1653,#1654,#1655,#1656));
#12116=EDGE_LOOP('',(#1657,#1658,#1659,#1660));
#12117=EDGE_LOOP('',(#1661,#1662,#1663,#1664));
#12118=EDGE_LOOP('',(#1665,#1666,#1667,#1668));
#12119=EDGE_LOOP('',(#1669,#1670,#1671,#1672));
#12120=EDGE_LOOP('',(#1673,#1674,#1675,#1676));
#12121=EDGE_LOOP('',(#1677,#1678,#1679,#1680));
#12122=EDGE_LOOP('',(#1681,#1682,#1683,#1684));
#12123=EDGE_LOOP('',(#1685,#1686,#1687,#1688));
#12124=EDGE_LOOP('',(#1689,#1690,#1691,#1692));
#12125=EDGE_LOOP('',(#1693,#1694,#1695,#1696));
#12126=EDGE_LOOP('',(#1697,#1698,#1699,#1700));
#12127=EDGE_LOOP('',(#1701,#1702,#1703,#1704));
#12128=EDGE_LOOP('',(#1705,#1706,#1707,#1708));
#12129=EDGE_LOOP('',(#1709,#1710,#1711,#1712));
#12130=EDGE_LOOP('',(#1713,#1714,#1715,#1716));
#12131=EDGE_LOOP('',(#1717,#1718,#1719,#1720));
#12132=EDGE_LOOP('',(#1721,#1722,#1723,#1724));
#12133=EDGE_LOOP('',(#1725,#1726,#1727,#1728));
#12134=EDGE_LOOP('',(#1729,#1730,#1731,#1732));
#12135=EDGE_LOOP('',(#1733,#1734,#1735,#1736));
#12136=EDGE_LOOP('',(#1737,#1738,#1739,#1740));
#12137=EDGE_LOOP('',(#1741,#1742,#1743,#1744));
#12138=EDGE_LOOP('',(#1745,#1746,#1747,#1748));
#12139=EDGE_LOOP('',(#1749,#1750,#1751,#1752));
#12140=EDGE_LOOP('',(#1753,#1754,#1755,#1756));
#12141=EDGE_LOOP('',(#1757,#1758,#1759,#1760));
#12142=EDGE_LOOP('',(#1761,#1762,#1763,#1764));
#12143=EDGE_LOOP('',(#1765,#1766,#1767,#1768,#1769,#1770));
#12144=EDGE_LOOP('',(#1771,#1772,#1773,#1774,#1775,#1776));
#12145=EDGE_LOOP('',(#1777,#1778,#1779,#1780,#1781,#1782));
#12146=EDGE_LOOP('',(#1783,#1784,#1785,#1786,#1787,#1788));
#12147=EDGE_LOOP('',(#1789,#1790,#1791,#1792,#1793,#1794));
#12148=EDGE_LOOP('',(#1795,#1796,#1797,#1798,#1799,#1800));
#12149=EDGE_LOOP('',(#1801,#1802,#1803,#1804,#1805,#1806));
#12150=EDGE_LOOP('',(#1807,#1808,#1809,#1810,#1811,#1812));
#12151=EDGE_LOOP('',(#1813,#1814,#1815,#1816,#1817,#1818));
#12152=EDGE_LOOP('',(#1819,#1820,#1821,#1822,#1823,#1824));
#12153=EDGE_LOOP('',(#1825,#1826,#1827,#1828,#1829,#1830));
#12154=EDGE_LOOP('',(#1831,#1832,#1833,#1834,#1835,#1836));
#12155=EDGE_LOOP('',(#1837,#1838,#1839,#1840,#1841,#1842));
#12156=EDGE_LOOP('',(#1843,#1844,#1845,#1846,#1847,#1848));
#12157=EDGE_LOOP('',(#1849,#1850,#1851,#1852,#1853,#1854));
#12158=EDGE_LOOP('',(#1855,#1856,#1857,#1858));
#12159=EDGE_LOOP('',(#1859,#1860,#1861,#1862));
#12160=EDGE_LOOP('',(#1863,#1864,#1865,#1866));
#12161=EDGE_LOOP('',(#1867,#1868,#1869,#1870));
#12162=EDGE_LOOP('',(#1871,#1872,#1873,#1874));
#12163=EDGE_LOOP('',(#1875,#1876,#1877,#1878));
#12164=EDGE_LOOP('',(#1879,#1880,#1881,#1882));
#12165=EDGE_LOOP('',(#1883,#1884,#1885,#1886));
#12166=EDGE_LOOP('',(#1887,#1888,#1889,#1890));
#12167=EDGE_LOOP('',(#1891,#1892,#1893,#1894));
#12168=EDGE_LOOP('',(#1895,#1896,#1897,#1898));
#12169=EDGE_LOOP('',(#1899,#1900,#1901,#1902));
#12170=EDGE_LOOP('',(#1903,#1904,#1905,#1906));
#12171=EDGE_LOOP('',(#1907,#1908,#1909,#1910));
#12172=EDGE_LOOP('',(#1911,#1912,#1913,#1914));
#12173=EDGE_LOOP('',(#1915,#1916,#1917,#1918,#1919,#1920));
#12174=EDGE_LOOP('',(#1921,#1922,#1923,#1924,#1925,#1926));
#12175=EDGE_LOOP('',(#1927,#1928,#1929,#1930,#1931,#1932));
#12176=EDGE_LOOP('',(#1933,#1934,#1935,#1936,#1937,#1938));
#12177=EDGE_LOOP('',(#1939,#1940,#1941,#1942,#1943,#1944));
#12178=EDGE_LOOP('',(#1945,#1946,#1947,#1948,#1949,#1950));
#12179=EDGE_LOOP('',(#1951,#1952,#1953,#1954,#1955,#1956));
#12180=EDGE_LOOP('',(#1957,#1958,#1959,#1960,#1961,#1962));
#12181=EDGE_LOOP('',(#1963,#1964,#1965,#1966,#1967,#1968));
#12182=EDGE_LOOP('',(#1969,#1970,#1971,#1972,#1973,#1974));
#12183=EDGE_LOOP('',(#1975,#1976,#1977,#1978,#1979,#1980));
#12184=EDGE_LOOP('',(#1981,#1982,#1983,#1984,#1985,#1986));
#12185=EDGE_LOOP('',(#1987,#1988,#1989,#1990,#1991,#1992));
#12186=EDGE_LOOP('',(#1993,#1994,#1995,#1996,#1997,#1998));
#12187=EDGE_LOOP('',(#1999,#2000,#2001,#2002,#2003,#2004));
#12188=EDGE_LOOP('',(#2005,#2006,#2007,#2008,#2009,#2010));
#12189=EDGE_LOOP('',(#2011,#2012,#2013,#2014,#2015,#2016));
#12190=EDGE_LOOP('',(#2017,#2018,#2019,#2020,#2021,#2022));
#12191=EDGE_LOOP('',(#2023,#2024,#2025,#2026,#2027,#2028));
#12192=EDGE_LOOP('',(#2029,#2030,#2031,#2032,#2033,#2034));
#12193=EDGE_LOOP('',(#2035,#2036,#2037,#2038,#2039,#2040));
#12194=EDGE_LOOP('',(#2041,#2042,#2043,#2044,#2045,#2046));
#12195=EDGE_LOOP('',(#2047,#2048,#2049,#2050,#2051,#2052));
#12196=EDGE_LOOP('',(#2053,#2054,#2055,#2056,#2057,#2058));
#12197=EDGE_LOOP('',(#2059,#2060,#2061,#2062,#2063,#2064));
#12198=EDGE_LOOP('',(#2065,#2066,#2067,#2068,#2069,#2070));
#12199=EDGE_LOOP('',(#2071,#2072,#2073,#2074,#2075,#2076));
#12200=EDGE_LOOP('',(#2077,#2078,#2079,#2080,#2081,#2082));
#12201=EDGE_LOOP('',(#2083,#2084,#2085,#2086,#2087,#2088));
#12202=EDGE_LOOP('',(#2089,#2090,#2091,#2092,#2093,#2094));
#12203=EDGE_LOOP('',(#2095,#2096,#2097,#2098));
#12204=EDGE_LOOP('',(#2099,#2100,#2101,#2102));
#12205=EDGE_LOOP('',(#2103,#2104,#2105,#2106));
#12206=EDGE_LOOP('',(#2107,#2108,#2109,#2110));
#12207=EDGE_LOOP('',(#2111,#2112,#2113,#2114));
#12208=EDGE_LOOP('',(#2115,#2116,#2117,#2118));
#12209=EDGE_LOOP('',(#2119,#2120,#2121,#2122));
#12210=EDGE_LOOP('',(#2123,#2124,#2125,#2126));
#12211=EDGE_LOOP('',(#2127,#2128,#2129,#2130));
#12212=EDGE_LOOP('',(#2131,#2132,#2133,#2134));
#12213=EDGE_LOOP('',(#2135,#2136,#2137,#2138));
#12214=EDGE_LOOP('',(#2139,#2140,#2141,#2142));
#12215=EDGE_LOOP('',(#2143,#2144,#2145,#2146));
#12216=EDGE_LOOP('',(#2147,#2148,#2149,#2150));
#12217=EDGE_LOOP('',(#2151,#2152,#2153,#2154));
#12218=EDGE_LOOP('',(#2155,#2156,#2157,#2158,#2159,#2160));
#12219=EDGE_LOOP('',(#2161,#2162,#2163,#2164,#2165,#2166));
#12220=EDGE_LOOP('',(#2167,#2168,#2169,#2170,#2171,#2172));
#12221=EDGE_LOOP('',(#2173,#2174,#2175,#2176,#2177,#2178));
#12222=EDGE_LOOP('',(#2179,#2180,#2181,#2182,#2183,#2184));
#12223=EDGE_LOOP('',(#2185,#2186,#2187,#2188,#2189,#2190));
#12224=EDGE_LOOP('',(#2191,#2192,#2193,#2194,#2195,#2196));
#12225=EDGE_LOOP('',(#2197,#2198,#2199,#2200,#2201,#2202));
#12226=EDGE_LOOP('',(#2203,#2204,#2205,#2206,#2207,#2208));
#12227=EDGE_LOOP('',(#2209,#2210,#2211,#2212,#2213,#2214));
#12228=EDGE_LOOP('',(#2215,#2216,#2217,#2218,#2219,#2220));
#12229=EDGE_LOOP('',(#2221,#2222,#2223,#2224,#2225,#2226));
#12230=EDGE_LOOP('',(#2227,#2228,#2229,#2230,#2231,#2232));
#12231=EDGE_LOOP('',(#2233,#2234,#2235,#2236,#2237,#2238));
#12232=EDGE_LOOP('',(#2239,#2240,#2241,#2242,#2243,#2244));
#12233=EDGE_LOOP('',(#2245,#2246,#2247,#2248,#2249,#2250));
#12234=EDGE_LOOP('',(#2251,#2252,#2253,#2254,#2255,#2256));
#12235=EDGE_LOOP('',(#2257,#2258,#2259,#2260,#2261,#2262));
#12236=EDGE_LOOP('',(#2263,#2264,#2265,#2266,#2267,#2268));
#12237=EDGE_LOOP('',(#2269,#2270,#2271,#2272,#2273,#2274));
#12238=EDGE_LOOP('',(#2275,#2276,#2277,#2278,#2279,#2280));
#12239=EDGE_LOOP('',(#2281,#2282,#2283,#2284,#2285,#2286));
#12240=EDGE_LOOP('',(#2287,#2288,#2289,#2290,#2291,#2292));
#12241=EDGE_LOOP('',(#2293,#2294,#2295,#2296,#2297,#2298));
#12242=EDGE_LOOP('',(#2299,#2300,#2301,#2302,#2303,#2304));
#12243=EDGE_LOOP('',(#2305,#2306,#2307,#2308,#2309,#2310));
#12244=EDGE_LOOP('',(#2311,#2312,#2313,#2314,#2315,#2316));
#12245=EDGE_LOOP('',(#2317,#2318,#2319,#2320,#2321,#2322));
#12246=EDGE_LOOP('',(#2323,#2324,#2325,#2326,#2327,#2328));
#12247=EDGE_LOOP('',(#2329,#2330,#2331,#2332,#2333,#2334));
#12248=EDGE_LOOP('',(#2335,#2336,#2337,#2338));
#12249=EDGE_LOOP('',(#2339,#2340,#2341,#2342));
#12250=EDGE_LOOP('',(#2343,#2344,#2345,#2346));
#12251=EDGE_LOOP('',(#2347,#2348,#2349,#2350));
#12252=EDGE_LOOP('',(#2351,#2352,#2353,#2354));
#12253=EDGE_LOOP('',(#2355,#2356,#2357,#2358));
#12254=EDGE_LOOP('',(#2359,#2360,#2361,#2362));
#12255=EDGE_LOOP('',(#2363,#2364,#2365,#2366));
#12256=EDGE_LOOP('',(#2367,#2368,#2369,#2370));
#12257=EDGE_LOOP('',(#2371,#2372,#2373,#2374));
#12258=EDGE_LOOP('',(#2375,#2376,#2377,#2378));
#12259=EDGE_LOOP('',(#2379,#2380,#2381,#2382));
#12260=EDGE_LOOP('',(#2383,#2384,#2385,#2386));
#12261=EDGE_LOOP('',(#2387,#2388,#2389,#2390));
#12262=EDGE_LOOP('',(#2391,#2392,#2393,#2394));
#12263=EDGE_LOOP('',(#2395,#2396,#2397,#2398,#2399,#2400));
#12264=EDGE_LOOP('',(#2401,#2402,#2403,#2404,#2405,#2406));
#12265=EDGE_LOOP('',(#2407,#2408,#2409,#2410,#2411,#2412));
#12266=EDGE_LOOP('',(#2413,#2414,#2415,#2416,#2417,#2418));
#12267=EDGE_LOOP('',(#2419,#2420,#2421,#2422,#2423,#2424));
#12268=EDGE_LOOP('',(#2425,#2426,#2427,#2428,#2429,#2430));
#12269=EDGE_LOOP('',(#2431,#2432,#2433,#2434,#2435,#2436));
#12270=EDGE_LOOP('',(#2437,#2438,#2439,#2440,#2441,#2442));
#12271=EDGE_LOOP('',(#2443,#2444,#2445,#2446,#2447,#2448));
#12272=EDGE_LOOP('',(#2449,#2450,#2451,#2452,#2453,#2454));
#12273=EDGE_LOOP('',(#2455,#2456,#2457,#2458,#2459,#2460));
#12274=EDGE_LOOP('',(#2461,#2462,#2463,#2464,#2465,#2466));
#12275=EDGE_LOOP('',(#2467,#2468,#2469,#2470,#2471,#2472));
#12276=EDGE_LOOP('',(#2473,#2474,#2475,#2476,#2477,#2478));
#12277=EDGE_LOOP('',(#2479,#2480,#2481,#2482,#2483,#2484));
#12278=EDGE_LOOP('',(#2485,#2486,#2487,#2488,#2489,#2490,#2491,#2492));
#12279=EDGE_LOOP('',(#2493,#2494,#2495,#2496,#2497,#2498,#2499,#2500));
#12280=EDGE_LOOP('',(#2501,#2502,#2503,#2504,#2505,#2506,#2507,#2508));
#12281=EDGE_LOOP('',(#2509,#2510,#2511,#2512,#2513,#2514,#2515,#2516));
#12282=EDGE_LOOP('',(#2517,#2518,#2519,#2520,#2521,#2522,#2523,#2524));
#12283=EDGE_LOOP('',(#2525,#2526,#2527,#2528,#2529,#2530,#2531,#2532));
#12284=EDGE_LOOP('',(#2533,#2534,#2535,#2536,#2537,#2538,#2539,#2540));
#12285=EDGE_LOOP('',(#2541,#2542,#2543,#2544,#2545,#2546,#2547,#2548));
#12286=EDGE_LOOP('',(#2549,#2550,#2551,#2552,#2553,#2554,#2555,#2556));
#12287=EDGE_LOOP('',(#2557,#2558,#2559,#2560,#2561,#2562,#2563,#2564));
#12288=EDGE_LOOP('',(#2565,#2566,#2567,#2568,#2569,#2570,#2571,#2572));
#12289=EDGE_LOOP('',(#2573,#2574,#2575,#2576,#2577,#2578,#2579,#2580));
#12290=EDGE_LOOP('',(#2581,#2582,#2583,#2584,#2585,#2586,#2587,#2588));
#12291=EDGE_LOOP('',(#2589,#2590,#2591,#2592,#2593,#2594,#2595,#2596));
#12292=EDGE_LOOP('',(#2597,#2598,#2599,#2600,#2601,#2602,#2603,#2604));
#12293=EDGE_LOOP('',(#2605,#2606,#2607,#2608,#2609,#2610,#2611,#2612));
#12294=EDGE_LOOP('',(#2613,#2614,#2615,#2616,#2617,#2618,#2619,#2620));
#12295=EDGE_LOOP('',(#2621,#2622,#2623,#2624,#2625,#2626,#2627,#2628));
#12296=EDGE_LOOP('',(#2629,#2630,#2631,#2632,#2633,#2634,#2635,#2636));
#12297=EDGE_LOOP('',(#2637,#2638,#2639,#2640,#2641,#2642,#2643,#2644));
#12298=EDGE_LOOP('',(#2645,#2646,#2647,#2648,#2649,#2650,#2651,#2652));
#12299=EDGE_LOOP('',(#2653,#2654,#2655,#2656,#2657,#2658,#2659,#2660));
#12300=EDGE_LOOP('',(#2661,#2662,#2663,#2664,#2665,#2666,#2667,#2668));
#12301=EDGE_LOOP('',(#2669,#2670,#2671,#2672,#2673,#2674,#2675,#2676));
#12302=EDGE_LOOP('',(#2677,#2678,#2679,#2680,#2681,#2682,#2683,#2684));
#12303=EDGE_LOOP('',(#2685,#2686,#2687,#2688,#2689,#2690,#2691,#2692));
#12304=EDGE_LOOP('',(#2693,#2694,#2695,#2696,#2697,#2698,#2699,#2700));
#12305=EDGE_LOOP('',(#2701,#2702,#2703,#2704,#2705,#2706,#2707,#2708));
#12306=EDGE_LOOP('',(#2709,#2710,#2711,#2712,#2713,#2714,#2715,#2716));
#12307=EDGE_LOOP('',(#2717,#2718,#2719,#2720,#2721,#2722,#2723,#2724));
#12308=EDGE_LOOP('',(#2725,#2726,#2727,#2728,#2729,#2730,#2731,#2732));
#12309=EDGE_LOOP('',(#2733,#2734,#2735,#2736,#2737,#2738,#2739,#2740));
#12310=EDGE_LOOP('',(#2741,#2742,#2743,#2744,#2745,#2746,#2747,#2748));
#12311=EDGE_LOOP('',(#2749,#2750,#2751,#2752,#2753,#2754,#2755,#2756));
#12312=EDGE_LOOP('',(#2757,#2758,#2759,#2760,#2761,#2762,#2763,#2764));
#12313=EDGE_LOOP('',(#2765,#2766,#2767,#2768,#2769,#2770,#2771,#2772));
#12314=EDGE_LOOP('',(#2773,#2774,#2775,#2776,#2777,#2778,#2779,#2780));
#12315=EDGE_LOOP('',(#2781,#2782,#2783,#2784,#2785,#2786,#2787,#2788));
#12316=EDGE_LOOP('',(#2789,#2790,#2791,#2792,#2793,#2794,#2795,#2796));
#12317=EDGE_LOOP('',(#2797,#2798,#2799,#2800,#2801,#2802,#2803,#2804));
#12318=EDGE_LOOP('',(#2805,#2806,#2807,#2808,#2809,#2810,#2811,#2812));
#12319=EDGE_LOOP('',(#2813,#2814,#2815,#2816,#2817,#2818,#2819,#2820));
#12320=EDGE_LOOP('',(#2821,#2822,#2823,#2824,#2825,#2826,#2827,#2828));
#12321=EDGE_LOOP('',(#2829,#2830,#2831,#2832,#2833,#2834,#2835,#2836));
#12322=EDGE_LOOP('',(#2837,#2838,#2839,#2840,#2841,#2842,#2843,#2844));
#12323=EDGE_LOOP('',(#2845,#2846,#2847,#2848,#2849,#2850,#2851,#2852));
#12324=EDGE_LOOP('',(#2853,#2854,#2855,#2856,#2857,#2858,#2859,#2860));
#12325=EDGE_LOOP('',(#2861,#2862,#2863,#2864,#2865,#2866,#2867,#2868));
#12326=EDGE_LOOP('',(#2869,#2870,#2871,#2872,#2873,#2874,#2875,#2876));
#12327=EDGE_LOOP('',(#2877,#2878,#2879,#2880,#2881,#2882,#2883,#2884));
#12328=EDGE_LOOP('',(#2885,#2886,#2887,#2888,#2889,#2890,#2891,#2892));
#12329=EDGE_LOOP('',(#2893,#2894,#2895,#2896,#2897,#2898,#2899,#2900));
#12330=EDGE_LOOP('',(#2901,#2902,#2903,#2904,#2905,#2906,#2907,#2908));
#12331=EDGE_LOOP('',(#2909,#2910,#2911,#2912,#2913,#2914,#2915,#2916));
#12332=EDGE_LOOP('',(#2917,#2918,#2919,#2920,#2921,#2922,#2923,#2924));
#12333=EDGE_LOOP('',(#2925,#2926,#2927,#2928,#2929,#2930,#2931,#2932));
#12334=EDGE_LOOP('',(#2933,#2934,#2935,#2936,#2937,#2938,#2939,#2940));
#12335=EDGE_LOOP('',(#2941,#2942,#2943,#2944,#2945,#2946,#2947,#2948));
#12336=EDGE_LOOP('',(#2949,#2950,#2951,#2952,#2953,#2954,#2955,#2956));
#12337=EDGE_LOOP('',(#2957,#2958,#2959,#2960,#2961,#2962,#2963,#2964));
#12338=EDGE_LOOP('',(#2965,#2966,#2967,#2968,#2969,#2970,#2971,#2972));
#12339=EDGE_LOOP('',(#2973,#2974,#2975,#2976,#2977,#2978,#2979,#2980));
#12340=EDGE_LOOP('',(#2981,#2982,#2983,#2984,#2985,#2986,#2987,#2988));
#12341=EDGE_LOOP('',(#2989,#2990,#2991,#2992,#2993,#2994,#2995,#2996));
#12342=EDGE_LOOP('',(#2997,#2998,#2999,#3000,#3001,#3002,#3003,#3004));
#12343=EDGE_LOOP('',(#3005,#3006,#3007,#3008,#3009,#3010,#3011,#3012));
#12344=EDGE_LOOP('',(#3013,#3014,#3015,#3016,#3017,#3018,#3019,#3020));
#12345=EDGE_LOOP('',(#3021,#3022,#3023,#3024,#3025,#3026,#3027,#3028));
#12346=EDGE_LOOP('',(#3029,#3030,#3031,#3032,#3033,#3034,#3035,#3036));
#12347=EDGE_LOOP('',(#3037,#3038,#3039,#3040,#3041,#3042,#3043,#3044));
#12348=EDGE_LOOP('',(#3045,#3046,#3047,#3048,#3049,#3050,#3051,#3052));
#12349=EDGE_LOOP('',(#3053,#3054,#3055,#3056,#3057,#3058,#3059,#3060));
#12350=EDGE_LOOP('',(#3061,#3062,#3063,#3064,#3065,#3066,#3067,#3068));
#12351=EDGE_LOOP('',(#3069,#3070,#3071,#3072,#3073,#3074,#3075,#3076));
#12352=EDGE_LOOP('',(#3077,#3078,#3079,#3080,#3081,#3082,#3083,#3084));
#12353=EDGE_LOOP('',(#3085,#3086,#3087,#3088,#3089,#3090,#3091,#3092));
#12354=EDGE_LOOP('',(#3093,#3094,#3095,#3096,#3097,#3098,#3099,#3100));
#12355=EDGE_LOOP('',(#3101,#3102,#3103,#3104,#3105,#3106,#3107,#3108));
#12356=EDGE_LOOP('',(#3109,#3110,#3111,#3112,#3113,#3114,#3115,#3116));
#12357=EDGE_LOOP('',(#3117,#3118,#3119,#3120,#3121,#3122,#3123,#3124));
#12358=EDGE_LOOP('',(#3125,#3126,#3127,#3128,#3129,#3130,#3131,#3132));
#12359=EDGE_LOOP('',(#3133,#3134,#3135,#3136,#3137,#3138,#3139,#3140));
#12360=EDGE_LOOP('',(#3141,#3142,#3143,#3144,#3145,#3146,#3147,#3148));
#12361=EDGE_LOOP('',(#3149,#3150,#3151,#3152,#3153,#3154,#3155,#3156));
#12362=EDGE_LOOP('',(#3157,#3158,#3159,#3160,#3161,#3162,#3163,#3164));
#12363=EDGE_LOOP('',(#3165,#3166,#3167,#3168,#3169,#3170,#3171,#3172));
#12364=EDGE_LOOP('',(#3173,#3174,#3175,#3176,#3177,#3178,#3179,#3180));
#12365=EDGE_LOOP('',(#3181,#3182,#3183,#3184,#3185,#3186,#3187,#3188));
#12366=EDGE_LOOP('',(#3189,#3190,#3191,#3192,#3193,#3194,#3195,#3196));
#12367=EDGE_LOOP('',(#3197,#3198,#3199,#3200,#3201,#3202,#3203,#3204));
#12368=EDGE_LOOP('',(#3205,#3206,#3207,#3208));
#12369=EDGE_LOOP('',(#3209,#3210,#3211,#3212));
#12370=EDGE_LOOP('',(#3213,#3214,#3215,#3216));
#12371=EDGE_LOOP('',(#3217,#3218,#3219,#3220));
#12372=EDGE_LOOP('',(#3221,#3222,#3223,#3224));
#12373=EDGE_LOOP('',(#3225,#3226,#3227,#3228));
#12374=EDGE_LOOP('',(#3229,#3230,#3231,#3232));
#12375=EDGE_LOOP('',(#3233,#3234,#3235,#3236));
#12376=EDGE_LOOP('',(#3237,#3238,#3239,#3240));
#12377=EDGE_LOOP('',(#3241,#3242,#3243,#3244));
#12378=EDGE_LOOP('',(#3245,#3246,#3247,#3248));
#12379=EDGE_LOOP('',(#3249,#3250,#3251,#3252));
#12380=EDGE_LOOP('',(#3253,#3254,#3255,#3256));
#12381=EDGE_LOOP('',(#3257,#3258,#3259,#3260));
#12382=EDGE_LOOP('',(#3261,#3262,#3263,#3264));
#12383=EDGE_LOOP('',(#3265,#3266,#3267,#3268));
#12384=EDGE_LOOP('',(#3269,#3270,#3271,#3272));
#12385=EDGE_LOOP('',(#3273,#3274,#3275,#3276));
#12386=EDGE_LOOP('',(#3277,#3278,#3279,#3280));
#12387=EDGE_LOOP('',(#3281,#3282,#3283,#3284));
#12388=EDGE_LOOP('',(#3285,#3286,#3287,#3288));
#12389=EDGE_LOOP('',(#3289,#3290,#3291,#3292));
#12390=EDGE_LOOP('',(#3293,#3294,#3295,#3296));
#12391=EDGE_LOOP('',(#3297,#3298,#3299,#3300));
#12392=EDGE_LOOP('',(#3301,#3302,#3303,#3304));
#12393=EDGE_LOOP('',(#3305,#3306,#3307,#3308));
#12394=EDGE_LOOP('',(#3309,#3310,#3311,#3312));
#12395=EDGE_LOOP('',(#3313,#3314,#3315,#3316));
#12396=EDGE_LOOP('',(#3317,#3318,#3319,#3320));
#12397=EDGE_LOOP('',(#3321,#3322,#3323,#3324));
#12398=EDGE_LOOP('',(#3325,#3326,#3327,#3328));
#12399=EDGE_LOOP('',(#3329,#3330,#3331,#3332));
#12400=EDGE_LOOP('',(#3333,#3334,#3335,#3336));
#12401=EDGE_LOOP('',(#3337,#3338,#3339,#3340));
#12402=EDGE_LOOP('',(#3341,#3342,#3343,#3344));
#12403=EDGE_LOOP('',(#3345,#3346,#3347,#3348));
#12404=EDGE_LOOP('',(#3349,#3350,#3351,#3352));
#12405=EDGE_LOOP('',(#3353,#3354,#3355,#3356));
#12406=EDGE_LOOP('',(#3357,#3358,#3359,#3360));
#12407=EDGE_LOOP('',(#3361,#3362,#3363,#3364));
#12408=EDGE_LOOP('',(#3365,#3366,#3367,#3368));
#12409=EDGE_LOOP('',(#3369,#3370,#3371,#3372));
#12410=EDGE_LOOP('',(#3373,#3374,#3375,#3376));
#12411=EDGE_LOOP('',(#3377,#3378,#3379,#3380));
#12412=EDGE_LOOP('',(#3381,#3382,#3383,#3384));
#12413=EDGE_LOOP('',(#3385,#3386,#3387,#3388));
#12414=EDGE_LOOP('',(#3389,#3390,#3391,#3392));
#12415=EDGE_LOOP('',(#3393,#3394,#3395,#3396));
#12416=EDGE_LOOP('',(#3397,#3398,#3399,#3400));
#12417=EDGE_LOOP('',(#3401,#3402,#3403,#3404));
#12418=EDGE_LOOP('',(#3405,#3406,#3407,#3408));
#12419=EDGE_LOOP('',(#3409,#3410,#3411,#3412));
#12420=EDGE_LOOP('',(#3413,#3414,#3415,#3416));
#12421=EDGE_LOOP('',(#3417,#3418,#3419,#3420));
#12422=EDGE_LOOP('',(#3421,#3422,#3423,#3424));
#12423=EDGE_LOOP('',(#3425,#3426,#3427,#3428));
#12424=EDGE_LOOP('',(#3429,#3430,#3431,#3432));
#12425=EDGE_LOOP('',(#3433,#3434,#3435,#3436));
#12426=EDGE_LOOP('',(#3437,#3438,#3439,#3440));
#12427=EDGE_LOOP('',(#3441,#3442,#3443,#3444));
#12428=EDGE_LOOP('',(#3445,#3446,#3447,#3448));
#12429=EDGE_LOOP('',(#3449,#3450,#3451,#3452));
#12430=EDGE_LOOP('',(#3453,#3454,#3455,#3456));
#12431=EDGE_LOOP('',(#3457,#3458,#3459,#3460));
#12432=EDGE_LOOP('',(#3461,#3462,#3463,#3464));
#12433=EDGE_LOOP('',(#3465,#3466,#3467,#3468));
#12434=EDGE_LOOP('',(#3469,#3470,#3471,#3472));
#12435=EDGE_LOOP('',(#3473,#3474,#3475,#3476));
#12436=EDGE_LOOP('',(#3477,#3478,#3479,#3480));
#12437=EDGE_LOOP('',(#3481,#3482,#3483,#3484));
#12438=EDGE_LOOP('',(#3485,#3486,#3487,#3488));
#12439=EDGE_LOOP('',(#3489,#3490,#3491,#3492));
#12440=EDGE_LOOP('',(#3493,#3494,#3495,#3496));
#12441=EDGE_LOOP('',(#3497,#3498,#3499,#3500));
#12442=EDGE_LOOP('',(#3501,#3502,#3503,#3504));
#12443=EDGE_LOOP('',(#3505,#3506,#3507,#3508));
#12444=EDGE_LOOP('',(#3509,#3510,#3511,#3512));
#12445=EDGE_LOOP('',(#3513,#3514,#3515,#3516));
#12446=EDGE_LOOP('',(#3517,#3518,#3519,#3520));
#12447=EDGE_LOOP('',(#3521,#3522,#3523,#3524));
#12448=EDGE_LOOP('',(#3525,#3526,#3527,#3528));
#12449=EDGE_LOOP('',(#3529,#3530,#3531,#3532));
#12450=EDGE_LOOP('',(#3533,#3534,#3535,#3536));
#12451=EDGE_LOOP('',(#3537,#3538,#3539,#3540));
#12452=EDGE_LOOP('',(#3541,#3542,#3543,#3544));
#12453=EDGE_LOOP('',(#3545,#3546,#3547,#3548));
#12454=EDGE_LOOP('',(#3549,#3550,#3551,#3552));
#12455=EDGE_LOOP('',(#3553,#3554,#3555,#3556));
#12456=EDGE_LOOP('',(#3557,#3558,#3559,#3560));
#12457=EDGE_LOOP('',(#3561,#3562,#3563,#3564));
#12458=EDGE_LOOP('',(#3565,#3566,#3567,#3568));
#12459=EDGE_LOOP('',(#3569,#3570,#3571,#3572));
#12460=EDGE_LOOP('',(#3573,#3574,#3575,#3576));
#12461=EDGE_LOOP('',(#3577,#3578,#3579,#3580));
#12462=EDGE_LOOP('',(#3581,#3582,#3583,#3584));
#12463=EDGE_LOOP('',(#3585,#3586,#3587,#3588));
#12464=EDGE_LOOP('',(#3589,#3590,#3591,#3592));
#12465=EDGE_LOOP('',(#3593,#3594,#3595,#3596));
#12466=EDGE_LOOP('',(#3597,#3598,#3599,#3600));
#12467=EDGE_LOOP('',(#3601,#3602,#3603,#3604));
#12468=EDGE_LOOP('',(#3605,#3606,#3607,#3608));
#12469=EDGE_LOOP('',(#3609,#3610,#3611,#3612));
#12470=EDGE_LOOP('',(#3613,#3614,#3615,#3616));
#12471=EDGE_LOOP('',(#3617,#3618,#3619,#3620));
#12472=EDGE_LOOP('',(#3621,#3622,#3623,#3624));
#12473=EDGE_LOOP('',(#3625,#3626,#3627,#3628));
#12474=EDGE_LOOP('',(#3629,#3630,#3631,#3632));
#12475=EDGE_LOOP('',(#3633,#3634,#3635,#3636));
#12476=EDGE_LOOP('',(#3637,#3638,#3639,#3640));
#12477=EDGE_LOOP('',(#3641,#3642,#3643,#3644));
#12478=EDGE_LOOP('',(#3645,#3646,#3647,#3648));
#12479=EDGE_LOOP('',(#3649,#3650,#3651,#3652));
#12480=EDGE_LOOP('',(#3653,#3654,#3655,#3656));
#12481=EDGE_LOOP('',(#3657,#3658,#3659,#3660));
#12482=EDGE_LOOP('',(#3661,#3662,#3663,#3664));
#12483=EDGE_LOOP('',(#3665,#3666,#3667,#3668));
#12484=EDGE_LOOP('',(#3669,#3670,#3671,#3672));
#12485=EDGE_LOOP('',(#3673,#3674,#3675,#3676));
#12486=EDGE_LOOP('',(#3677,#3678,#3679,#3680));
#12487=EDGE_LOOP('',(#3681,#3682,#3683,#3684));
#12488=EDGE_LOOP('',(#3685,#3686,#3687,#3688));
#12489=EDGE_LOOP('',(#3689,#3690,#3691,#3692));
#12490=EDGE_LOOP('',(#3693,#3694,#3695,#3696));
#12491=EDGE_LOOP('',(#3697,#3698,#3699,#3700));
#12492=EDGE_LOOP('',(#3701,#3702,#3703,#3704));
#12493=EDGE_LOOP('',(#3705,#3706,#3707,#3708));
#12494=EDGE_LOOP('',(#3709,#3710,#3711,#3712));
#12495=EDGE_LOOP('',(#3713,#3714,#3715,#3716));
#12496=EDGE_LOOP('',(#3717,#3718,#3719,#3720));
#12497=EDGE_LOOP('',(#3721,#3722,#3723,#3724));
#12498=EDGE_LOOP('',(#3725,#3726,#3727,#3728));
#12499=EDGE_LOOP('',(#3729,#3730,#3731,#3732));
#12500=EDGE_LOOP('',(#3733,#3734,#3735,#3736));
#12501=EDGE_LOOP('',(#3737,#3738,#3739,#3740));
#12502=EDGE_LOOP('',(#3741,#3742,#3743,#3744));
#12503=EDGE_LOOP('',(#3745,#3746,#3747,#3748));
#12504=EDGE_LOOP('',(#3749,#3750,#3751,#3752));
#12505=EDGE_LOOP('',(#3753,#3754,#3755,#3756));
#12506=EDGE_LOOP('',(#3757,#3758,#3759,#3760));
#12507=EDGE_LOOP('',(#3761,#3762,#3763,#3764));
#12508=EDGE_LOOP('',(#3765,#3766,#3767,#3768));
#12509=EDGE_LOOP('',(#3769,#3770,#3771,#3772));
#12510=EDGE_LOOP('',(#3773,#3774,#3775,#3776));
#12511=EDGE_LOOP('',(#3777,#3778,#3779,#3780));
#12512=EDGE_LOOP('',(#3781,#3782,#3783,#3784));
#12513=EDGE_LOOP('',(#3785,#3786,#3787,#3788));
#12514=EDGE_LOOP('',(#3789,#3790,#3791,#3792));
#12515=EDGE_LOOP('',(#3793,#3794,#3795,#3796));
#12516=EDGE_LOOP('',(#3797,#3798,#3799,#3800));
#12517=EDGE_LOOP('',(#3801,#3802,#3803,#3804));
#12518=EDGE_LOOP('',(#3805,#3806,#3807,#3808));
#12519=EDGE_LOOP('',(#3809,#3810,#3811,#3812));
#12520=EDGE_LOOP('',(#3813,#3814,#3815,#3816));
#12521=EDGE_LOOP('',(#3817,#3818,#3819,#3820));
#12522=EDGE_LOOP('',(#3821,#3822,#3823,#3824));
#12523=EDGE_LOOP('',(#3825,#3826,#3827,#3828));
#12524=EDGE_LOOP('',(#3829,#3830,#3831,#3832));
#12525=EDGE_LOOP('',(#3833,#3834,#3835,#3836));
#12526=EDGE_LOOP('',(#3837,#3838,#3839,#3840));
#12527=EDGE_LOOP('',(#3841,#3842,#3843,#3844));
#12528=EDGE_LOOP('',(#3845,#3846,#3847,#3848));
#12529=EDGE_LOOP('',(#3849,#3850,#3851,#3852));
#12530=EDGE_LOOP('',(#3853,#3854,#3855,#3856));
#12531=EDGE_LOOP('',(#3857,#3858,#3859,#3860));
#12532=EDGE_LOOP('',(#3861,#3862,#3863,#3864));
#12533=EDGE_LOOP('',(#3865,#3866,#3867,#3868));
#12534=EDGE_LOOP('',(#3869,#3870,#3871,#3872));
#12535=EDGE_LOOP('',(#3873,#3874,#3875,#3876));
#12536=EDGE_LOOP('',(#3877,#3878,#3879,#3880));
#12537=EDGE_LOOP('',(#3881,#3882,#3883,#3884));
#12538=EDGE_LOOP('',(#3885,#3886,#3887,#3888));
#12539=EDGE_LOOP('',(#3889,#3890,#3891,#3892));
#12540=EDGE_LOOP('',(#3893,#3894,#3895,#3896));
#12541=EDGE_LOOP('',(#3897,#3898,#3899,#3900));
#12542=EDGE_LOOP('',(#3901,#3902,#3903,#3904));
#12543=EDGE_LOOP('',(#3905,#3906,#3907,#3908));
#12544=EDGE_LOOP('',(#3909,#3910,#3911,#3912));
#12545=EDGE_LOOP('',(#3913,#3914,#3915,#3916));
#12546=EDGE_LOOP('',(#3917,#3918,#3919,#3920));
#12547=EDGE_LOOP('',(#3921,#3922,#3923,#3924));
#12548=EDGE_LOOP('',(#3925,#3926,#3927,#3928));
#12549=EDGE_LOOP('',(#3929,#3930,#3931,#3932));
#12550=EDGE_LOOP('',(#3933,#3934,#3935,#3936));
#12551=EDGE_LOOP('',(#3937,#3938,#3939,#3940));
#12552=EDGE_LOOP('',(#3941,#3942,#3943,#3944));
#12553=EDGE_LOOP('',(#3945,#3946,#3947,#3948));
#12554=EDGE_LOOP('',(#3949,#3950,#3951,#3952));
#12555=EDGE_LOOP('',(#3953,#3954,#3955,#3956));
#12556=EDGE_LOOP('',(#3957,#3958,#3959,#3960));
#12557=EDGE_LOOP('',(#3961,#3962,#3963,#3964));
#12558=EDGE_LOOP('',(#3965,#3966,#3967,#3968));
#12559=EDGE_LOOP('',(#3969,#3970,#3971,#3972));
#12560=EDGE_LOOP('',(#3973,#3974,#3975,#3976));
#12561=EDGE_LOOP('',(#3977,#3978,#3979,#3980));
#12562=EDGE_LOOP('',(#3981,#3982,#3983,#3984));
#12563=EDGE_LOOP('',(#3985,#3986,#3987,#3988));
#12564=EDGE_LOOP('',(#3989,#3990,#3991,#3992));
#12565=EDGE_LOOP('',(#3993,#3994,#3995,#3996));
#12566=EDGE_LOOP('',(#3997,#3998,#3999,#4000));
#12567=EDGE_LOOP('',(#4001,#4002,#4003,#4004));
#12568=EDGE_LOOP('',(#4005,#4006,#4007,#4008));
#12569=EDGE_LOOP('',(#4009,#4010,#4011,#4012));
#12570=EDGE_LOOP('',(#4013,#4014,#4015,#4016));
#12571=EDGE_LOOP('',(#4017,#4018,#4019,#4020));
#12572=EDGE_LOOP('',(#4021,#4022,#4023,#4024));
#12573=EDGE_LOOP('',(#4025,#4026,#4027,#4028));
#12574=EDGE_LOOP('',(#4029,#4030,#4031,#4032));
#12575=EDGE_LOOP('',(#4033,#4034,#4035,#4036));
#12576=EDGE_LOOP('',(#4037,#4038,#4039,#4040));
#12577=EDGE_LOOP('',(#4041,#4042,#4043,#4044));
#12578=EDGE_LOOP('',(#4045,#4046,#4047,#4048));
#12579=EDGE_LOOP('',(#4049,#4050,#4051,#4052));
#12580=EDGE_LOOP('',(#4053,#4054,#4055,#4056));
#12581=EDGE_LOOP('',(#4057,#4058,#4059,#4060));
#12582=EDGE_LOOP('',(#4061,#4062,#4063,#4064));
#12583=EDGE_LOOP('',(#4065,#4066,#4067,#4068));
#12584=EDGE_LOOP('',(#4069,#4070,#4071,#4072));
#12585=EDGE_LOOP('',(#4073,#4074,#4075,#4076));
#12586=EDGE_LOOP('',(#4077,#4078,#4079,#4080));
#12587=EDGE_LOOP('',(#4081,#4082,#4083,#4084));
#12588=EDGE_LOOP('',(#4085,#4086,#4087,#4088));
#12589=EDGE_LOOP('',(#4089,#4090,#4091,#4092));
#12590=EDGE_LOOP('',(#4093,#4094,#4095,#4096));
#12591=EDGE_LOOP('',(#4097,#4098,#4099,#4100));
#12592=EDGE_LOOP('',(#4101,#4102,#4103,#4104));
#12593=EDGE_LOOP('',(#4105,#4106,#4107,#4108));
#12594=EDGE_LOOP('',(#4109,#4110,#4111,#4112));
#12595=EDGE_LOOP('',(#4113,#4114,#4115,#4116));
#12596=EDGE_LOOP('',(#4117,#4118,#4119,#4120));
#12597=EDGE_LOOP('',(#4121,#4122,#4123,#4124));
#12598=EDGE_LOOP('',(#4125,#4126,#4127,#4128));
#12599=EDGE_LOOP('',(#4129,#4130,#4131,#4132));
#12600=EDGE_LOOP('',(#4133,#4134,#4135,#4136));
#12601=EDGE_LOOP('',(#4137,#4138,#4139,#4140));
#12602=EDGE_LOOP('',(#4141,#4142,#4143,#4144));
#12603=EDGE_LOOP('',(#4145,#4146,#4147,#4148));
#12604=EDGE_LOOP('',(#4149,#4150,#4151,#4152));
#12605=EDGE_LOOP('',(#4153,#4154,#4155,#4156));
#12606=EDGE_LOOP('',(#4157,#4158,#4159,#4160));
#12607=EDGE_LOOP('',(#4161,#4162,#4163,#4164));
#12608=EDGE_LOOP('',(#4165,#4166,#4167,#4168));
#12609=EDGE_LOOP('',(#4169,#4170,#4171,#4172));
#12610=EDGE_LOOP('',(#4173,#4174,#4175,#4176));
#12611=EDGE_LOOP('',(#4177,#4178,#4179,#4180));
#12612=EDGE_LOOP('',(#4181,#4182,#4183,#4184));
#12613=EDGE_LOOP('',(#4185,#4186,#4187,#4188));
#12614=EDGE_LOOP('',(#4189,#4190,#4191,#4192));
#12615=EDGE_LOOP('',(#4193,#4194,#4195,#4196));
#12616=EDGE_LOOP('',(#4197,#4198,#4199,#4200));
#12617=EDGE_LOOP('',(#4201,#4202,#4203,#4204));
#12618=EDGE_LOOP('',(#4205,#4206,#4207,#4208));
#12619=EDGE_LOOP('',(#4209,#4210,#4211,#4212));
#12620=EDGE_LOOP('',(#4213,#4214,#4215,#4216));
#12621=EDGE_LOOP('',(#4217,#4218,#4219,#4220));
#12622=EDGE_LOOP('',(#4221,#4222,#4223,#4224));
#12623=EDGE_LOOP('',(#4225,#4226,#4227,#4228));
#12624=EDGE_LOOP('',(#4229,#4230,#4231,#4232));
#12625=EDGE_LOOP('',(#4233,#4234,#4235,#4236));
#12626=EDGE_LOOP('',(#4237,#4238,#4239,#4240));
#12627=EDGE_LOOP('',(#4241,#4242,#4243,#4244));
#12628=EDGE_LOOP('',(#4245,#4246,#4247,#4248));
#12629=EDGE_LOOP('',(#4249,#4250,#4251,#4252));
#12630=EDGE_LOOP('',(#4253,#4254,#4255,#4256));
#12631=EDGE_LOOP('',(#4257,#4258,#4259,#4260));
#12632=EDGE_LOOP('',(#4261,#4262,#4263,#4264));
#12633=EDGE_LOOP('',(#4265,#4266,#4267,#4268));
#12634=EDGE_LOOP('',(#4269,#4270,#4271,#4272));
#12635=EDGE_LOOP('',(#4273,#4274,#4275,#4276));
#12636=EDGE_LOOP('',(#4277,#4278,#4279,#4280));
#12637=EDGE_LOOP('',(#4281,#4282,#4283,#4284));
#12638=EDGE_LOOP('',(#4285,#4286,#4287,#4288));
#12639=EDGE_LOOP('',(#4289,#4290,#4291,#4292));
#12640=EDGE_LOOP('',(#4293,#4294,#4295,#4296));
#12641=EDGE_LOOP('',(#4297,#4298,#4299,#4300));
#12642=EDGE_LOOP('',(#4301,#4302,#4303,#4304));
#12643=EDGE_LOOP('',(#4305,#4306,#4307,#4308));
#12644=EDGE_LOOP('',(#4309,#4310,#4311,#4312));
#12645=EDGE_LOOP('',(#4313,#4314,#4315,#4316));
#12646=EDGE_LOOP('',(#4317,#4318,#4319,#4320));
#12647=EDGE_LOOP('',(#4321,#4322,#4323,#4324));
#12648=EDGE_LOOP('',(#4325,#4326,#4327,#4328));
#12649=EDGE_LOOP('',(#4329,#4330,#4331,#4332));
#12650=EDGE_LOOP('',(#4333,#4334,#4335,#4336));
#12651=EDGE_LOOP('',(#4337,#4338,#4339,#4340));
#12652=EDGE_LOOP('',(#4341,#4342,#4343,#4344));
#12653=EDGE_LOOP('',(#4345,#4346,#4347,#4348));
#12654=EDGE_LOOP('',(#4349,#4350,#4351,#4352));
#12655=EDGE_LOOP('',(#4353,#4354,#4355,#4356));
#12656=EDGE_LOOP('',(#4357,#4358,#4359,#4360));
#12657=EDGE_LOOP('',(#4361,#4362,#4363,#4364));
#12658=EDGE_LOOP('',(#4365,#4366,#4367,#4368));
#12659=EDGE_LOOP('',(#4369,#4370,#4371,#4372));
#12660=EDGE_LOOP('',(#4373,#4374,#4375,#4376));
#12661=EDGE_LOOP('',(#4377,#4378,#4379,#4380));
#12662=EDGE_LOOP('',(#4381,#4382,#4383,#4384));
#12663=EDGE_LOOP('',(#4385,#4386,#4387,#4388));
#12664=EDGE_LOOP('',(#4389,#4390,#4391,#4392));
#12665=EDGE_LOOP('',(#4393,#4394,#4395,#4396));
#12666=EDGE_LOOP('',(#4397,#4398,#4399,#4400));
#12667=EDGE_LOOP('',(#4401,#4402,#4403,#4404));
#12668=EDGE_LOOP('',(#4405,#4406,#4407,#4408));
#12669=EDGE_LOOP('',(#4409,#4410,#4411,#4412));
#12670=EDGE_LOOP('',(#4413,#4414,#4415,#4416));
#12671=EDGE_LOOP('',(#4417,#4418,#4419,#4420));
#12672=EDGE_LOOP('',(#4421,#4422,#4423,#4424));
#12673=EDGE_LOOP('',(#4425,#4426,#4427,#4428));
#12674=EDGE_LOOP('',(#4429,#4430,#4431,#4432));
#12675=EDGE_LOOP('',(#4433,#4434,#4435,#4436));
#12676=EDGE_LOOP('',(#4437,#4438,#4439,#4440));
#12677=EDGE_LOOP('',(#4441,#4442,#4443,#4444));
#12678=EDGE_LOOP('',(#4445,#4446,#4447,#4448));
#12679=EDGE_LOOP('',(#4449,#4450,#4451,#4452));
#12680=EDGE_LOOP('',(#4453,#4454,#4455,#4456));
#12681=EDGE_LOOP('',(#4457,#4458,#4459,#4460));
#12682=EDGE_LOOP('',(#4461,#4462,#4463,#4464));
#12683=EDGE_LOOP('',(#4465,#4466,#4467,#4468));
#12684=EDGE_LOOP('',(#4469,#4470,#4471,#4472));
#12685=EDGE_LOOP('',(#4473,#4474,#4475,#4476));
#12686=EDGE_LOOP('',(#4477,#4478,#4479,#4480));
#12687=EDGE_LOOP('',(#4481,#4482,#4483,#4484));
#12688=EDGE_LOOP('',(#4485,#4486,#4487,#4488));
#12689=FACE_BOUND('',#11807,.T.);
#12690=FACE_BOUND('',#11808,.T.);
#12691=FACE_BOUND('',#11809,.T.);
#12692=FACE_BOUND('',#11810,.T.);
#12693=FACE_BOUND('',#11811,.T.);
#12694=FACE_BOUND('',#11812,.T.);
#12695=FACE_BOUND('',#11813,.T.);
#12696=FACE_BOUND('',#11814,.T.);
#12697=FACE_BOUND('',#11815,.T.);
#12698=FACE_BOUND('',#11816,.T.);
#12699=FACE_BOUND('',#11817,.T.);
#12700=FACE_BOUND('',#11818,.T.);
#12701=FACE_BOUND('',#11819,.T.);
#12702=FACE_BOUND('',#11820,.T.);
#12703=FACE_BOUND('',#11821,.T.);
#12704=FACE_BOUND('',#11822,.T.);
#12705=FACE_BOUND('',#11823,.T.);
#12706=FACE_BOUND('',#11824,.T.);
#12707=FACE_BOUND('',#11825,.T.);
#12708=FACE_BOUND('',#11826,.T.);
#12709=FACE_BOUND('',#11827,.T.);
#12710=FACE_BOUND('',#11828,.T.);
#12711=FACE_BOUND('',#11829,.T.);
#12712=FACE_BOUND('',#11830,.T.);
#12713=FACE_BOUND('',#11831,.T.);
#12714=FACE_BOUND('',#11832,.T.);
#12715=FACE_BOUND('',#11833,.T.);
#12716=FACE_BOUND('',#11834,.T.);
#12717=FACE_BOUND('',#11835,.T.);
#12718=FACE_BOUND('',#11836,.T.);
#12719=FACE_BOUND('',#11837,.T.);
#12720=FACE_BOUND('',#11838,.T.);
#12721=FACE_BOUND('',#11839,.T.);
#12722=FACE_BOUND('',#11840,.T.);
#12723=FACE_BOUND('',#11841,.T.);
#12724=FACE_BOUND('',#11842,.T.);
#12725=FACE_BOUND('',#11843,.T.);
#12726=FACE_BOUND('',#11844,.T.);
#12727=FACE_BOUND('',#11845,.T.);
#12728=FACE_BOUND('',#11846,.T.);
#12729=FACE_BOUND('',#11847,.T.);
#12730=FACE_BOUND('',#11848,.T.);
#12731=FACE_BOUND('',#11849,.T.);
#12732=FACE_BOUND('',#11850,.T.);
#12733=FACE_BOUND('',#11851,.T.);
#12734=FACE_BOUND('',#11852,.T.);
#12735=FACE_BOUND('',#11853,.T.);
#12736=FACE_BOUND('',#11854,.T.);
#12737=FACE_BOUND('',#11855,.T.);
#12738=FACE_BOUND('',#11856,.T.);
#12739=FACE_BOUND('',#11857,.T.);
#12740=FACE_BOUND('',#11858,.T.);
#12741=FACE_BOUND('',#11859,.T.);
#12742=FACE_BOUND('',#11860,.T.);
#12743=FACE_BOUND('',#11861,.T.);
#12744=FACE_BOUND('',#11862,.T.);
#12745=FACE_BOUND('',#11863,.T.);
#12746=FACE_BOUND('',#11864,.T.);
#12747=FACE_BOUND('',#11865,.T.);
#12748=FACE_BOUND('',#11866,.T.);
#12749=FACE_BOUND('',#11867,.T.);
#12750=FACE_BOUND('',#11868,.T.);
#12751=FACE_BOUND('',#11869,.T.);
#12752=FACE_BOUND('',#11870,.T.);
#12753=FACE_BOUND('',#11871,.T.);
#12754=FACE_BOUND('',#11872,.T.);
#12755=FACE_BOUND('',#11873,.T.);
#12756=FACE_BOUND('',#11874,.T.);
#12757=FACE_BOUND('',#11875,.T.);
#12758=FACE_BOUND('',#11876,.T.);
#12759=FACE_BOUND('',#11877,.T.);
#12760=FACE_BOUND('',#11878,.T.);
#12761=FACE_BOUND('',#11879,.T.);
#12762=FACE_BOUND('',#11880,.T.);
#12763=FACE_BOUND('',#11881,.T.);
#12764=FACE_BOUND('',#11882,.T.);
#12765=FACE_BOUND('',#11883,.T.);
#12766=FACE_BOUND('',#11884,.T.);
#12767=FACE_BOUND('',#11885,.T.);
#12768=FACE_BOUND('',#11886,.T.);
#12769=FACE_BOUND('',#11887,.T.);
#12770=FACE_BOUND('',#11888,.T.);
#12771=FACE_BOUND('',#11889,.T.);
#12772=FACE_BOUND('',#11890,.T.);
#12773=FACE_BOUND('',#11891,.T.);
#12774=FACE_BOUND('',#11892,.T.);
#12775=FACE_BOUND('',#11893,.T.);
#12776=FACE_BOUND('',#11894,.T.);
#12777=FACE_BOUND('',#11895,.T.);
#12778=FACE_BOUND('',#11896,.T.);
#12779=FACE_BOUND('',#11897,.T.);
#12780=FACE_BOUND('',#11898,.T.);
#12781=FACE_BOUND('',#11899,.T.);
#12782=FACE_BOUND('',#11900,.T.);
#12783=FACE_BOUND('',#11901,.T.);
#12784=FACE_BOUND('',#11902,.T.);
#12785=FACE_BOUND('',#11903,.T.);
#12786=FACE_BOUND('',#11904,.T.);
#12787=FACE_BOUND('',#11905,.T.);
#12788=FACE_BOUND('',#11906,.T.);
#12789=FACE_BOUND('',#11907,.T.);
#12790=FACE_BOUND('',#11908,.T.);
#12791=FACE_BOUND('',#11909,.T.);
#12792=FACE_BOUND('',#11910,.T.);
#12793=FACE_BOUND('',#11911,.T.);
#12794=FACE_BOUND('',#11912,.T.);
#12795=FACE_BOUND('',#11913,.T.);
#12796=FACE_BOUND('',#11914,.T.);
#12797=FACE_BOUND('',#11915,.T.);
#12798=FACE_BOUND('',#11916,.T.);
#12799=FACE_BOUND('',#11917,.T.);
#12800=FACE_BOUND('',#11918,.T.);
#12801=FACE_BOUND('',#11919,.T.);
#12802=FACE_BOUND('',#11920,.T.);
#12803=FACE_BOUND('',#11921,.T.);
#12804=FACE_BOUND('',#11922,.T.);
#12805=FACE_BOUND('',#11923,.T.);
#12806=FACE_BOUND('',#11924,.T.);
#12807=FACE_BOUND('',#11925,.T.);
#12808=FACE_BOUND('',#11926,.T.);
#12809=FACE_BOUND('',#11927,.T.);
#12810=FACE_BOUND('',#11928,.T.);
#12811=FACE_BOUND('',#11929,.T.);
#12812=FACE_BOUND('',#11930,.T.);
#12813=FACE_BOUND('',#11931,.T.);
#12814=FACE_BOUND('',#11932,.T.);
#12815=FACE_BOUND('',#11933,.T.);
#12816=FACE_BOUND('',#11934,.T.);
#12817=FACE_BOUND('',#11935,.T.);
#12818=FACE_BOUND('',#11936,.T.);
#12819=FACE_BOUND('',#11937,.T.);
#12820=FACE_BOUND('',#11938,.T.);
#12821=FACE_BOUND('',#11939,.T.);
#12822=FACE_BOUND('',#11940,.T.);
#12823=FACE_BOUND('',#11941,.T.);
#12824=FACE_BOUND('',#11942,.T.);
#12825=FACE_BOUND('',#11943,.T.);
#12826=FACE_BOUND('',#11944,.T.);
#12827=FACE_BOUND('',#11945,.T.);
#12828=FACE_BOUND('',#11946,.T.);
#12829=FACE_BOUND('',#11947,.T.);
#12830=FACE_BOUND('',#11948,.T.);
#12831=FACE_BOUND('',#11949,.T.);
#12832=FACE_BOUND('',#11950,.T.);
#12833=FACE_BOUND('',#11951,.T.);
#12834=FACE_BOUND('',#11952,.T.);
#12835=FACE_BOUND('',#11953,.T.);
#12836=FACE_BOUND('',#11954,.T.);
#12837=FACE_BOUND('',#11955,.T.);
#12838=FACE_BOUND('',#11956,.T.);
#12839=FACE_BOUND('',#11957,.T.);
#12840=FACE_BOUND('',#11958,.T.);
#12841=FACE_BOUND('',#11959,.T.);
#12842=FACE_BOUND('',#11960,.T.);
#12843=FACE_BOUND('',#11961,.T.);
#12844=FACE_BOUND('',#11962,.T.);
#12845=FACE_BOUND('',#11963,.T.);
#12846=FACE_BOUND('',#11964,.T.);
#12847=FACE_BOUND('',#11965,.T.);
#12848=FACE_BOUND('',#11966,.T.);
#12849=FACE_BOUND('',#11967,.T.);
#12850=FACE_BOUND('',#11968,.T.);
#12851=FACE_BOUND('',#11969,.T.);
#12852=FACE_BOUND('',#11970,.T.);
#12853=FACE_BOUND('',#11971,.T.);
#12854=FACE_BOUND('',#11972,.T.);
#12855=FACE_BOUND('',#11973,.T.);
#12856=FACE_BOUND('',#11974,.T.);
#12857=FACE_BOUND('',#11975,.T.);
#12858=FACE_BOUND('',#11976,.T.);
#12859=FACE_BOUND('',#11977,.T.);
#12860=FACE_BOUND('',#11978,.T.);
#12861=FACE_BOUND('',#11979,.T.);
#12862=FACE_BOUND('',#11980,.T.);
#12863=FACE_BOUND('',#11981,.T.);
#12864=FACE_BOUND('',#11982,.T.);
#12865=FACE_BOUND('',#11983,.T.);
#12866=FACE_BOUND('',#11984,.T.);
#12867=FACE_BOUND('',#11985,.T.);
#12868=FACE_BOUND('',#11986,.T.);
#12869=FACE_BOUND('',#11987,.T.);
#12870=FACE_BOUND('',#11988,.T.);
#12871=FACE_BOUND('',#11989,.T.);
#12872=FACE_BOUND('',#11990,.T.);
#12873=FACE_BOUND('',#11991,.T.);
#12874=FACE_BOUND('',#11992,.T.);
#12875=FACE_BOUND('',#11993,.T.);
#12876=FACE_BOUND('',#11994,.T.);
#12877=FACE_BOUND('',#11995,.T.);
#12878=FACE_BOUND('',#11996,.T.);
#12879=FACE_BOUND('',#11997,.T.);
#12880=FACE_BOUND('',#11998,.T.);
#12881=FACE_BOUND('',#11999,.T.);
#12882=FACE_BOUND('',#12000,.T.);
#12883=FACE_BOUND('',#12001,.T.);
#12884=FACE_BOUND('',#12002,.T.);
#12885=FACE_BOUND('',#12003,.T.);
#12886=FACE_BOUND('',#12004,.T.);
#12887=FACE_BOUND('',#12005,.T.);
#12888=FACE_BOUND('',#12006,.T.);
#12889=FACE_BOUND('',#12007,.T.);
#12890=FACE_BOUND('',#12008,.T.);
#12891=FACE_BOUND('',#12009,.T.);
#12892=FACE_BOUND('',#12010,.T.);
#12893=FACE_BOUND('',#12011,.T.);
#12894=FACE_BOUND('',#12012,.T.);
#12895=FACE_BOUND('',#12013,.T.);
#12896=FACE_BOUND('',#12014,.T.);
#12897=FACE_BOUND('',#12015,.T.);
#12898=FACE_BOUND('',#12016,.T.);
#12899=FACE_BOUND('',#12017,.T.);
#12900=FACE_BOUND('',#12018,.T.);
#12901=FACE_BOUND('',#12019,.T.);
#12902=FACE_BOUND('',#12020,.T.);
#12903=FACE_BOUND('',#12021,.T.);
#12904=FACE_BOUND('',#12022,.T.);
#12905=FACE_BOUND('',#12023,.T.);
#12906=FACE_BOUND('',#12024,.T.);
#12907=FACE_BOUND('',#12025,.T.);
#12908=FACE_BOUND('',#12026,.T.);
#12909=FACE_BOUND('',#12027,.T.);
#12910=FACE_BOUND('',#12028,.T.);
#12911=FACE_BOUND('',#12029,.T.);
#12912=FACE_BOUND('',#12030,.T.);
#12913=FACE_BOUND('',#12031,.T.);
#12914=FACE_BOUND('',#12032,.T.);
#12915=FACE_BOUND('',#12033,.T.);
#12916=FACE_BOUND('',#12034,.T.);
#12917=FACE_BOUND('',#12035,.T.);
#12918=FACE_BOUND('',#12036,.T.);
#12919=FACE_BOUND('',#12037,.T.);
#12920=FACE_BOUND('',#12038,.T.);
#12921=FACE_BOUND('',#12039,.T.);
#12922=FACE_BOUND('',#12040,.T.);
#12923=FACE_BOUND('',#12041,.T.);
#12924=FACE_BOUND('',#12042,.T.);
#12925=FACE_BOUND('',#12043,.T.);
#12926=FACE_BOUND('',#12044,.T.);
#12927=FACE_BOUND('',#12045,.T.);
#12928=FACE_BOUND('',#12046,.T.);
#12929=FACE_BOUND('',#12047,.T.);
#12930=FACE_BOUND('',#12048,.T.);
#12931=FACE_BOUND('',#12049,.T.);
#12932=FACE_BOUND('',#12050,.T.);
#12933=FACE_BOUND('',#12051,.T.);
#12934=FACE_BOUND('',#12052,.T.);
#12935=FACE_BOUND('',#12053,.T.);
#12936=FACE_BOUND('',#12054,.T.);
#12937=FACE_BOUND('',#12055,.T.);
#12938=FACE_BOUND('',#12056,.T.);
#12939=FACE_BOUND('',#12057,.T.);
#12940=FACE_BOUND('',#12058,.T.);
#12941=FACE_BOUND('',#12059,.T.);
#12942=FACE_BOUND('',#12060,.T.);
#12943=FACE_BOUND('',#12061,.T.);
#12944=FACE_BOUND('',#12062,.T.);
#12945=FACE_BOUND('',#12063,.T.);
#12946=FACE_BOUND('',#12064,.T.);
#12947=FACE_BOUND('',#12065,.T.);
#12948=FACE_BOUND('',#12066,.T.);
#12949=FACE_BOUND('',#12067,.T.);
#12950=FACE_BOUND('',#12068,.T.);
#12951=FACE_BOUND('',#12069,.T.);
#12952=FACE_BOUND('',#12070,.T.);
#12953=FACE_BOUND('',#12071,.T.);
#12954=FACE_BOUND('',#12072,.T.);
#12955=FACE_BOUND('',#12073,.T.);
#12956=FACE_BOUND('',#12074,.T.);
#12957=FACE_BOUND('',#12075,.T.);
#12958=FACE_BOUND('',#12076,.T.);
#12959=FACE_BOUND('',#12077,.T.);
#12960=FACE_BOUND('',#12078,.T.);
#12961=FACE_BOUND('',#12079,.T.);
#12962=FACE_BOUND('',#12080,.T.);
#12963=FACE_BOUND('',#12081,.T.);
#12964=FACE_BOUND('',#12082,.T.);
#12965=FACE_BOUND('',#12083,.T.);
#12966=FACE_BOUND('',#12084,.T.);
#12967=FACE_BOUND('',#12085,.T.);
#12968=FACE_BOUND('',#12086,.T.);
#12969=FACE_BOUND('',#12087,.T.);
#12970=FACE_BOUND('',#12088,.T.);
#12971=FACE_BOUND('',#12089,.T.);
#12972=FACE_BOUND('',#12090,.T.);
#12973=FACE_BOUND('',#12091,.T.);
#12974=FACE_BOUND('',#12092,.T.);
#12975=FACE_BOUND('',#12093,.T.);
#12976=FACE_BOUND('',#12094,.T.);
#12977=FACE_BOUND('',#12095,.T.);
#12978=FACE_BOUND('',#12096,.T.);
#12979=FACE_BOUND('',#12097,.T.);
#12980=FACE_BOUND('',#12098,.T.);
#12981=FACE_BOUND('',#12099,.T.);
#12982=FACE_BOUND('',#12100,.T.);
#12983=FACE_BOUND('',#12101,.T.);
#12984=FACE_BOUND('',#12102,.T.);
#12985=FACE_BOUND('',#12103,.T.);
#12986=FACE_BOUND('',#12104,.T.);
#12987=FACE_BOUND('',#12105,.T.);
#12988=FACE_BOUND('',#12106,.T.);
#12989=FACE_BOUND('',#12107,.T.);
#12990=FACE_BOUND('',#12108,.T.);
#12991=FACE_BOUND('',#12109,.T.);
#12992=FACE_BOUND('',#12110,.T.);
#12993=FACE_BOUND('',#12111,.T.);
#12994=FACE_BOUND('',#12112,.T.);
#12995=FACE_BOUND('',#12113,.T.);
#12996=FACE_BOUND('',#12114,.T.);
#12997=FACE_BOUND('',#12115,.T.);
#12998=FACE_BOUND('',#12116,.T.);
#12999=FACE_BOUND('',#12117,.T.);
#13000=FACE_BOUND('',#12118,.T.);
#13001=FACE_BOUND('',#12119,.T.);
#13002=FACE_BOUND('',#12120,.T.);
#13003=FACE_BOUND('',#12121,.T.);
#13004=FACE_BOUND('',#12122,.T.);
#13005=FACE_BOUND('',#12123,.T.);
#13006=FACE_BOUND('',#12124,.T.);
#13007=FACE_BOUND('',#12125,.T.);
#13008=FACE_BOUND('',#12126,.T.);
#13009=FACE_BOUND('',#12127,.T.);
#13010=FACE_BOUND('',#12128,.T.);
#13011=FACE_BOUND('',#12129,.T.);
#13012=FACE_BOUND('',#12130,.T.);
#13013=FACE_BOUND('',#12131,.T.);
#13014=FACE_BOUND('',#12132,.T.);
#13015=FACE_BOUND('',#12133,.T.);
#13016=FACE_BOUND('',#12134,.T.);
#13017=FACE_BOUND('',#12135,.T.);
#13018=FACE_BOUND('',#12136,.T.);
#13019=FACE_BOUND('',#12137,.T.);
#13020=FACE_BOUND('',#12138,.T.);
#13021=FACE_BOUND('',#12139,.T.);
#13022=FACE_BOUND('',#12140,.T.);
#13023=FACE_BOUND('',#12141,.T.);
#13024=FACE_BOUND('',#12142,.T.);
#13025=FACE_BOUND('',#12143,.T.);
#13026=FACE_BOUND('',#12144,.T.);
#13027=FACE_BOUND('',#12145,.T.);
#13028=FACE_BOUND('',#12146,.T.);
#13029=FACE_BOUND('',#12147,.T.);
#13030=FACE_BOUND('',#12148,.T.);
#13031=FACE_BOUND('',#12149,.T.);
#13032=FACE_BOUND('',#12150,.T.);
#13033=FACE_BOUND('',#12151,.T.);
#13034=FACE_BOUND('',#12152,.T.);
#13035=FACE_BOUND('',#12153,.T.);
#13036=FACE_BOUND('',#12154,.T.);
#13037=FACE_BOUND('',#12155,.T.);
#13038=FACE_BOUND('',#12156,.T.);
#13039=FACE_BOUND('',#12157,.T.);
#13040=FACE_BOUND('',#12158,.T.);
#13041=FACE_BOUND('',#12159,.T.);
#13042=FACE_BOUND('',#12160,.T.);
#13043=FACE_BOUND('',#12161,.T.);
#13044=FACE_BOUND('',#12162,.T.);
#13045=FACE_BOUND('',#12163,.T.);
#13046=FACE_BOUND('',#12164,.T.);
#13047=FACE_BOUND('',#12165,.T.);
#13048=FACE_BOUND('',#12166,.T.);
#13049=FACE_BOUND('',#12167,.T.);
#13050=FACE_BOUND('',#12168,.T.);
#13051=FACE_BOUND('',#12169,.T.);
#13052=FACE_BOUND('',#12170,.T.);
#13053=FACE_BOUND('',#12171,.T.);
#13054=FACE_BOUND('',#12172,.T.);
#13055=FACE_BOUND('',#12173,.T.);
#13056=FACE_BOUND('',#12174,.T.);
#13057=FACE_BOUND('',#12175,.T.);
#13058=FACE_BOUND('',#12176,.T.);
#13059=FACE_BOUND('',#12177,.T.);
#13060=FACE_BOUND('',#12178,.T.);
#13061=FACE_BOUND('',#12179,.T.);
#13062=FACE_BOUND('',#12180,.T.);
#13063=FACE_BOUND('',#12181,.T.);
#13064=FACE_BOUND('',#12182,.T.);
#13065=FACE_BOUND('',#12183,.T.);
#13066=FACE_BOUND('',#12184,.T.);
#13067=FACE_BOUND('',#12185,.T.);
#13068=FACE_BOUND('',#12186,.T.);
#13069=FACE_BOUND('',#12187,.T.);
#13070=FACE_BOUND('',#12188,.T.);
#13071=FACE_BOUND('',#12189,.T.);
#13072=FACE_BOUND('',#12190,.T.);
#13073=FACE_BOUND('',#12191,.T.);
#13074=FACE_BOUND('',#12192,.T.);
#13075=FACE_BOUND('',#12193,.T.);
#13076=FACE_BOUND('',#12194,.T.);
#13077=FACE_BOUND('',#12195,.T.);
#13078=FACE_BOUND('',#12196,.T.);
#13079=FACE_BOUND('',#12197,.T.);
#13080=FACE_BOUND('',#12198,.T.);
#13081=FACE_BOUND('',#12199,.T.);
#13082=FACE_BOUND('',#12200,.T.);
#13083=FACE_BOUND('',#12201,.T.);
#13084=FACE_BOUND('',#12202,.T.);
#13085=FACE_BOUND('',#12203,.T.);
#13086=FACE_BOUND('',#12204,.T.);
#13087=FACE_BOUND('',#12205,.T.);
#13088=FACE_BOUND('',#12206,.T.);
#13089=FACE_BOUND('',#12207,.T.);
#13090=FACE_BOUND('',#12208,.T.);
#13091=FACE_BOUND('',#12209,.T.);
#13092=FACE_BOUND('',#12210,.T.);
#13093=FACE_BOUND('',#12211,.T.);
#13094=FACE_BOUND('',#12212,.T.);
#13095=FACE_BOUND('',#12213,.T.);
#13096=FACE_BOUND('',#12214,.T.);
#13097=FACE_BOUND('',#12215,.T.);
#13098=FACE_BOUND('',#12216,.T.);
#13099=FACE_BOUND('',#12217,.T.);
#13100=FACE_BOUND('',#12218,.T.);
#13101=FACE_BOUND('',#12219,.T.);
#13102=FACE_BOUND('',#12220,.T.);
#13103=FACE_BOUND('',#12221,.T.);
#13104=FACE_BOUND('',#12222,.T.);
#13105=FACE_BOUND('',#12223,.T.);
#13106=FACE_BOUND('',#12224,.T.);
#13107=FACE_BOUND('',#12225,.T.);
#13108=FACE_BOUND('',#12226,.T.);
#13109=FACE_BOUND('',#12227,.T.);
#13110=FACE_BOUND('',#12228,.T.);
#13111=FACE_BOUND('',#12229,.T.);
#13112=FACE_BOUND('',#12230,.T.);
#13113=FACE_BOUND('',#12231,.T.);
#13114=FACE_BOUND('',#12232,.T.);
#13115=FACE_BOUND('',#12233,.T.);
#13116=FACE_BOUND('',#12234,.T.);
#13117=FACE_BOUND('',#12235,.T.);
#13118=FACE_BOUND('',#12236,.T.);
#13119=FACE_BOUND('',#12237,.T.);
#13120=FACE_BOUND('',#12238,.T.);
#13121=FACE_BOUND('',#12239,.T.);
#13122=FACE_BOUND('',#12240,.T.);
#13123=FACE_BOUND('',#12241,.T.);
#13124=FACE_BOUND('',#12242,.T.);
#13125=FACE_BOUND('',#12243,.T.);
#13126=FACE_BOUND('',#12244,.T.);
#13127=FACE_BOUND('',#12245,.T.);
#13128=FACE_BOUND('',#12246,.T.);
#13129=FACE_BOUND('',#12247,.T.);
#13130=FACE_BOUND('',#12248,.T.);
#13131=FACE_BOUND('',#12249,.T.);
#13132=FACE_BOUND('',#12250,.T.);
#13133=FACE_BOUND('',#12251,.T.);
#13134=FACE_BOUND('',#12252,.T.);
#13135=FACE_BOUND('',#12253,.T.);
#13136=FACE_BOUND('',#12254,.T.);
#13137=FACE_BOUND('',#12255,.T.);
#13138=FACE_BOUND('',#12256,.T.);
#13139=FACE_BOUND('',#12257,.T.);
#13140=FACE_BOUND('',#12258,.T.);
#13141=FACE_BOUND('',#12259,.T.);
#13142=FACE_BOUND('',#12260,.T.);
#13143=FACE_BOUND('',#12261,.T.);
#13144=FACE_BOUND('',#12262,.T.);
#13145=FACE_BOUND('',#12263,.T.);
#13146=FACE_BOUND('',#12264,.T.);
#13147=FACE_BOUND('',#12265,.T.);
#13148=FACE_BOUND('',#12266,.T.);
#13149=FACE_BOUND('',#12267,.T.);
#13150=FACE_BOUND('',#12268,.T.);
#13151=FACE_BOUND('',#12269,.T.);
#13152=FACE_BOUND('',#12270,.T.);
#13153=FACE_BOUND('',#12271,.T.);
#13154=FACE_BOUND('',#12272,.T.);
#13155=FACE_BOUND('',#12273,.T.);
#13156=FACE_BOUND('',#12274,.T.);
#13157=FACE_BOUND('',#12275,.T.);
#13158=FACE_BOUND('',#12276,.T.);
#13159=FACE_BOUND('',#12277,.T.);
#13160=FACE_BOUND('',#12278,.T.);
#13161=FACE_BOUND('',#12279,.T.);
#13162=FACE_BOUND('',#12280,.T.);
#13163=FACE_BOUND('',#12281,.T.);
#13164=FACE_BOUND('',#12282,.T.);
#13165=FACE_BOUND('',#12283,.T.);
#13166=FACE_BOUND('',#12284,.T.);
#13167=FACE_BOUND('',#12285,.T.);
#13168=FACE_BOUND('',#12286,.T.);
#13169=FACE_BOUND('',#12287,.T.);
#13170=FACE_BOUND('',#12288,.T.);
#13171=FACE_BOUND('',#12289,.T.);
#13172=FACE_BOUND('',#12290,.T.);
#13173=FACE_BOUND('',#12291,.T.);
#13174=FACE_BOUND('',#12292,.T.);
#13175=FACE_BOUND('',#12293,.T.);
#13176=FACE_BOUND('',#12294,.T.);
#13177=FACE_BOUND('',#12295,.T.);
#13178=FACE_BOUND('',#12296,.T.);
#13179=FACE_BOUND('',#12297,.T.);
#13180=FACE_BOUND('',#12298,.T.);
#13181=FACE_BOUND('',#12299,.T.);
#13182=FACE_BOUND('',#12300,.T.);
#13183=FACE_BOUND('',#12301,.T.);
#13184=FACE_BOUND('',#12302,.T.);
#13185=FACE_BOUND('',#12303,.T.);
#13186=FACE_BOUND('',#12304,.T.);
#13187=FACE_BOUND('',#12305,.T.);
#13188=FACE_BOUND('',#12306,.T.);
#13189=FACE_BOUND('',#12307,.T.);
#13190=FACE_BOUND('',#12308,.T.);
#13191=FACE_BOUND('',#12309,.T.);
#13192=FACE_BOUND('',#12310,.T.);
#13193=FACE_BOUND('',#12311,.T.);
#13194=FACE_BOUND('',#12312,.T.);
#13195=FACE_BOUND('',#12313,.T.);
#13196=FACE_BOUND('',#12314,.T.);
#13197=FACE_BOUND('',#12315,.T.);
#13198=FACE_BOUND('',#12316,.T.);
#13199=FACE_BOUND('',#12317,.T.);
#13200=FACE_BOUND('',#12318,.T.);
#13201=FACE_BOUND('',#12319,.T.);
#13202=FACE_BOUND('',#12320,.T.);
#13203=FACE_BOUND('',#12321,.T.);
#13204=FACE_BOUND('',#12322,.T.);
#13205=FACE_BOUND('',#12323,.T.);
#13206=FACE_BOUND('',#12324,.T.);
#13207=FACE_BOUND('',#12325,.T.);
#13208=FACE_BOUND('',#12326,.T.);
#13209=FACE_BOUND('',#12327,.T.);
#13210=FACE_BOUND('',#12328,.T.);
#13211=FACE_BOUND('',#12329,.T.);
#13212=FACE_BOUND('',#12330,.T.);
#13213=FACE_BOUND('',#12331,.T.);
#13214=FACE_BOUND('',#12332,.T.);
#13215=FACE_BOUND('',#12333,.T.);
#13216=FACE_BOUND('',#12334,.T.);
#13217=FACE_BOUND('',#12335,.T.);
#13218=FACE_BOUND('',#12336,.T.);
#13219=FACE_BOUND('',#12337,.T.);
#13220=FACE_BOUND('',#12338,.T.);
#13221=FACE_BOUND('',#12339,.T.);
#13222=FACE_BOUND('',#12340,.T.);
#13223=FACE_BOUND('',#12341,.T.);
#13224=FACE_BOUND('',#12342,.T.);
#13225=FACE_BOUND('',#12343,.T.);
#13226=FACE_BOUND('',#12344,.T.);
#13227=FACE_BOUND('',#12345,.T.);
#13228=FACE_BOUND('',#12346,.T.);
#13229=FACE_BOUND('',#12347,.T.);
#13230=FACE_BOUND('',#12348,.T.);
#13231=FACE_BOUND('',#12349,.T.);
#13232=FACE_BOUND('',#12350,.T.);
#13233=FACE_BOUND('',#12351,.T.);
#13234=FACE_BOUND('',#12352,.T.);
#13235=FACE_BOUND('',#12353,.T.);
#13236=FACE_BOUND('',#12354,.T.);
#13237=FACE_BOUND('',#12355,.T.);
#13238=FACE_BOUND('',#12356,.T.);
#13239=FACE_BOUND('',#12357,.T.);
#13240=FACE_BOUND('',#12358,.T.);
#13241=FACE_BOUND('',#12359,.T.);
#13242=FACE_BOUND('',#12360,.T.);
#13243=FACE_BOUND('',#12361,.T.);
#13244=FACE_BOUND('',#12362,.T.);
#13245=FACE_BOUND('',#12363,.T.);
#13246=FACE_BOUND('',#12364,.T.);
#13247=FACE_BOUND('',#12365,.T.);
#13248=FACE_BOUND('',#12366,.T.);
#13249=FACE_BOUND('',#12367,.T.);
#13250=FACE_BOUND('',#12368,.T.);
#13251=FACE_BOUND('',#12369,.T.);
#13252=FACE_BOUND('',#12370,.T.);
#13253=FACE_BOUND('',#12371,.T.);
#13254=FACE_BOUND('',#12372,.T.);
#13255=FACE_BOUND('',#12373,.T.);
#13256=FACE_BOUND('',#12374,.T.);
#13257=FACE_BOUND('',#12375,.T.);
#13258=FACE_BOUND('',#12376,.T.);
#13259=FACE_BOUND('',#12377,.T.);
#13260=FACE_BOUND('',#12378,.T.);
#13261=FACE_BOUND('',#12379,.T.);
#13262=FACE_BOUND('',#12380,.T.);
#13263=FACE_BOUND('',#12381,.T.);
#13264=FACE_BOUND('',#12382,.T.);
#13265=FACE_BOUND('',#12383,.T.);
#13266=FACE_BOUND('',#12384,.T.);
#13267=FACE_BOUND('',#12385,.T.);
#13268=FACE_BOUND('',#12386,.T.);
#13269=FACE_BOUND('',#12387,.T.);
#13270=FACE_BOUND('',#12388,.T.);
#13271=FACE_BOUND('',#12389,.T.);
#13272=FACE_BOUND('',#12390,.T.);
#13273=FACE_BOUND('',#12391,.T.);
#13274=FACE_BOUND('',#12392,.T.);
#13275=FACE_BOUND('',#12393,.T.);
#13276=FACE_BOUND('',#12394,.T.);
#13277=FACE_BOUND('',#12395,.T.);
#13278=FACE_BOUND('',#12396,.T.);
#13279=FACE_BOUND('',#12397,.T.);
#13280=FACE_BOUND('',#12398,.T.);
#13281=FACE_BOUND('',#12399,.T.);
#13282=FACE_BOUND('',#12400,.T.);
#13283=FACE_BOUND('',#12401,.T.);
#13284=FACE_BOUND('',#12402,.T.);
#13285=FACE_BOUND('',#12403,.T.);
#13286=FACE_BOUND('',#12404,.T.);
#13287=FACE_BOUND('',#12405,.T.);
#13288=FACE_BOUND('',#12406,.T.);
#13289=FACE_BOUND('',#12407,.T.);
#13290=FACE_BOUND('',#12408,.T.);
#13291=FACE_BOUND('',#12409,.T.);
#13292=FACE_BOUND('',#12410,.T.);
#13293=FACE_BOUND('',#12411,.T.);
#13294=FACE_BOUND('',#12412,.T.);
#13295=FACE_BOUND('',#12413,.T.);
#13296=FACE_BOUND('',#12414,.T.);
#13297=FACE_BOUND('',#12415,.T.);
#13298=FACE_BOUND('',#12416,.T.);
#13299=FACE_BOUND('',#12417,.T.);
#13300=FACE_BOUND('',#12418,.T.);
#13301=FACE_BOUND('',#12419,.T.);
#13302=FACE_BOUND('',#12420,.T.);
#13303=FACE_BOUND('',#12421,.T.);
#13304=FACE_BOUND('',#12422,.T.);
#13305=FACE_BOUND('',#12423,.T.);
#13306=FACE_BOUND('',#12424,.T.);
#13307=FACE_BOUND('',#12425,.T.);
#13308=FACE_BOUND('',#12426,.T.);
#13309=FACE_BOUND('',#12427,.T.);
#13310=FACE_BOUND('',#12428,.T.);
#13311=FACE_BOUND('',#12429,.T.);
#13312=FACE_BOUND('',#12430,.T.);
#13313=FACE_BOUND('',#12431,.T.);
#13314=FACE_BOUND('',#12432,.T.);
#13315=FACE_BOUND('',#12433,.T.);
#13316=FACE_BOUND('',#12434,.T.);
#13317=FACE_BOUND('',#12435,.T.);
#13318=FACE_BOUND('',#12436,.T.);
#13319=FACE_BOUND('',#12437,.T.);
#13320=FACE_BOUND('',#12438,.T.);
#13321=FACE_BOUND('',#12439,.T.);
#13322=FACE_BOUND('',#12440,.T.);
#13323=FACE_BOUND('',#12441,.T.);
#13324=FACE_BOUND('',#12442,.T.);
#13325=FACE_BOUND('',#12443,.T.);
#13326=FACE_BOUND('',#12444,.T.);
#13327=FACE_BOUND('',#12445,.T.);
#13328=FACE_BOUND('',#12446,.T.);
#13329=FACE_BOUND('',#12447,.T.);
#13330=FACE_BOUND('',#12448,.T.);
#13331=FACE_BOUND('',#12449,.T.);
#13332=FACE_BOUND('',#12450,.T.);
#13333=FACE_BOUND('',#12451,.T.);
#13334=FACE_BOUND('',#12452,.T.);
#13335=FACE_BOUND('',#12453,.T.);
#13336=FACE_BOUND('',#12454,.T.);
#13337=FACE_BOUND('',#12455,.T.);
#13338=FACE_BOUND('',#12456,.T.);
#13339=FACE_BOUND('',#12457,.T.);
#13340=FACE_BOUND('',#12458,.T.);
#13341=FACE_BOUND('',#12459,.T.);
#13342=FACE_BOUND('',#12460,.T.);
#13343=FACE_BOUND('',#12461,.T.);
#13344=FACE_BOUND('',#12462,.T.);
#13345=FACE_BOUND('',#12463,.T.);
#13346=FACE_BOUND('',#12464,.T.);
#13347=FACE_BOUND('',#12465,.T.);
#13348=FACE_BOUND('',#12466,.T.);
#13349=FACE_BOUND('',#12467,.T.);
#13350=FACE_BOUND('',#12468,.T.);
#13351=FACE_BOUND('',#12469,.T.);
#13352=FACE_BOUND('',#12470,.T.);
#13353=FACE_BOUND('',#12471,.T.);
#13354=FACE_BOUND('',#12472,.T.);
#13355=FACE_BOUND('',#12473,.T.);
#13356=FACE_BOUND('',#12474,.T.);
#13357=FACE_BOUND('',#12475,.T.);
#13358=FACE_BOUND('',#12476,.T.);
#13359=FACE_BOUND('',#12477,.T.);
#13360=FACE_BOUND('',#12478,.T.);
#13361=FACE_BOUND('',#12479,.T.);
#13362=FACE_BOUND('',#12480,.T.);
#13363=FACE_BOUND('',#12481,.T.);
#13364=FACE_BOUND('',#12482,.T.);
#13365=FACE_BOUND('',#12483,.T.);
#13366=FACE_BOUND('',#12484,.T.);
#13367=FACE_BOUND('',#12485,.T.);
#13368=FACE_BOUND('',#12486,.T.);
#13369=FACE_BOUND('',#12487,.T.);
#13370=FACE_BOUND('',#12488,.T.);
#13371=FACE_BOUND('',#12489,.T.);
#13372=FACE_BOUND('',#12490,.T.);
#13373=FACE_BOUND('',#12491,.T.);
#13374=FACE_BOUND('',#12492,.T.);
#13375=FACE_BOUND('',#12493,.T.);
#13376=FACE_BOUND('',#12494,.T.);
#13377=FACE_BOUND('',#12495,.T.);
#13378=FACE_BOUND('',#12496,.T.);
#13379=FACE_BOUND('',#12497,.T.);
#13380=FACE_BOUND('',#12498,.T.);
#13381=FACE_BOUND('',#12499,.T.);
#13382=FACE_BOUND('',#12500,.T.);
#13383=FACE_BOUND('',#12501,.T.);
#13384=FACE_BOUND('',#12502,.T.);
#13385=FACE_BOUND('',#12503,.T.);
#13386=FACE_BOUND('',#12504,.T.);
#13387=FACE_BOUND('',#12505,.T.);
#13388=FACE_BOUND('',#12506,.T.);
#13389=FACE_BOUND('',#12507,.T.);
#13390=FACE_BOUND('',#12508,.T.);
#13391=FACE_BOUND('',#12509,.T.);
#13392=FACE_BOUND('',#12510,.T.);
#13393=FACE_BOUND('',#12511,.T.);
#13394=FACE_BOUND('',#12512,.T.);
#13395=FACE_BOUND('',#12513,.T.);
#13396=FACE_BOUND('',#12514,.T.);
#13397=FACE_BOUND('',#12515,.T.);
#13398=FACE_BOUND('',#12516,.T.);
#13399=FACE_BOUND('',#12517,.T.);
#13400=FACE_BOUND('',#12518,.T.);
#13401=FACE_BOUND('',#12519,.T.);
#13402=FACE_BOUND('',#12520,.T.);
#13403=FACE_BOUND('',#12521,.T.);
#13404=FACE_BOUND('',#12522,.T.);
#13405=FACE_BOUND('',#12523,.T.);
#13406=FACE_BOUND('',#12524,.T.);
#13407=FACE_BOUND('',#12525,.T.);
#13408=FACE_BOUND('',#12526,.T.);
#13409=FACE_BOUND('',#12527,.T.);
#13410=FACE_BOUND('',#12528,.T.);
#13411=FACE_BOUND('',#12529,.T.);
#13412=FACE_BOUND('',#12530,.T.);
#13413=FACE_BOUND('',#12531,.T.);
#13414=FACE_BOUND('',#12532,.T.);
#13415=FACE_BOUND('',#12533,.T.);
#13416=FACE_BOUND('',#12534,.T.);
#13417=FACE_BOUND('',#12535,.T.);
#13418=FACE_BOUND('',#12536,.T.);
#13419=FACE_BOUND('',#12537,.T.);
#13420=FACE_BOUND('',#12538,.T.);
#13421=FACE_BOUND('',#12539,.T.);
#13422=FACE_BOUND('',#12540,.T.);
#13423=FACE_BOUND('',#12541,.T.);
#13424=FACE_BOUND('',#12542,.T.);
#13425=FACE_BOUND('',#12543,.T.);
#13426=FACE_BOUND('',#12544,.T.);
#13427=FACE_BOUND('',#12545,.T.);
#13428=FACE_BOUND('',#12546,.T.);
#13429=FACE_BOUND('',#12547,.T.);
#13430=FACE_BOUND('',#12548,.T.);
#13431=FACE_BOUND('',#12549,.T.);
#13432=FACE_BOUND('',#12550,.T.);
#13433=FACE_BOUND('',#12551,.T.);
#13434=FACE_BOUND('',#12552,.T.);
#13435=FACE_BOUND('',#12553,.T.);
#13436=FACE_BOUND('',#12554,.T.);
#13437=FACE_BOUND('',#12555,.T.);
#13438=FACE_BOUND('',#12556,.T.);
#13439=FACE_BOUND('',#12557,.T.);
#13440=FACE_BOUND('',#12558,.T.);
#13441=FACE_BOUND('',#12559,.T.);
#13442=FACE_BOUND('',#12560,.T.);
#13443=FACE_BOUND('',#12561,.T.);
#13444=FACE_BOUND('',#12562,.T.);
#13445=FACE_BOUND('',#12563,.T.);
#13446=FACE_BOUND('',#12564,.T.);
#13447=FACE_BOUND('',#12565,.T.);
#13448=FACE_BOUND('',#12566,.T.);
#13449=FACE_BOUND('',#12567,.T.);
#13450=FACE_BOUND('',#12568,.T.);
#13451=FACE_BOUND('',#12569,.T.);
#13452=FACE_BOUND('',#12570,.T.);
#13453=FACE_BOUND('',#12571,.T.);
#13454=FACE_BOUND('',#12572,.T.);
#13455=FACE_BOUND('',#12573,.T.);
#13456=FACE_BOUND('',#12574,.T.);
#13457=FACE_BOUND('',#12575,.T.);
#13458=FACE_BOUND('',#12576,.T.);
#13459=FACE_BOUND('',#12577,.T.);
#13460=FACE_BOUND('',#12578,.T.);
#13461=FACE_BOUND('',#12579,.T.);
#13462=FACE_BOUND('',#12580,.T.);
#13463=FACE_BOUND('',#12581,.T.);
#13464=FACE_BOUND('',#12582,.T.);
#13465=FACE_BOUND('',#12583,.T.);
#13466=FACE_BOUND('',#12584,.T.);
#13467=FACE_BOUND('',#12585,.T.);
#13468=FACE_BOUND('',#12586,.T.);
#13469=FACE_BOUND('',#12587,.T.);
#13470=FACE_BOUND('',#12588,.T.);
#13471=FACE_BOUND('',#12589,.T.);
#13472=FACE_BOUND('',#12590,.T.);
#13473=FACE_BOUND('',#12591,.T.);
#13474=FACE_BOUND('',#12592,.T.);
#13475=FACE_BOUND('',#12593,.T.);
#13476=FACE_BOUND('',#12594,.T.);
#13477=FACE_BOUND('',#12595,.T.);
#13478=FACE_BOUND('',#12596,.T.);
#13479=FACE_BOUND('',#12597,.T.);
#13480=FACE_BOUND('',#12598,.T.);
#13481=FACE_BOUND('',#12599,.T.);
#13482=FACE_BOUND('',#12600,.T.);
#13483=FACE_BOUND('',#12601,.T.);
#13484=FACE_BOUND('',#12602,.T.);
#13485=FACE_BOUND('',#12603,.T.);
#13486=FACE_BOUND('',#12604,.T.);
#13487=FACE_BOUND('',#12605,.T.);
#13488=FACE_BOUND('',#12606,.T.);
#13489=FACE_BOUND('',#12607,.T.);
#13490=FACE_BOUND('',#12608,.T.);
#13491=FACE_BOUND('',#12609,.T.);
#13492=FACE_BOUND('',#12610,.T.);
#13493=FACE_BOUND('',#12611,.T.);
#13494=FACE_BOUND('',#12612,.T.);
#13495=FACE_BOUND('',#12613,.T.);
#13496=FACE_BOUND('',#12614,.T.);
#13497=FACE_BOUND('',#12615,.T.);
#13498=FACE_BOUND('',#12616,.T.);
#13499=FACE_BOUND('',#12617,.T.);
#13500=FACE_BOUND('',#12618,.T.);
#13501=FACE_BOUND('',#12619,.T.);
#13502=FACE_BOUND('',#12620,.T.);
#13503=FACE_BOUND('',#12621,.T.);
#13504=FACE_BOUND('',#12622,.T.);
#13505=FACE_BOUND('',#12623,.T.);
#13506=FACE_BOUND('',#12624,.T.);
#13507=FACE_BOUND('',#12625,.T.);
#13508=FACE_BOUND('',#12626,.T.);
#13509=FACE_BOUND('',#12627,.T.);
#13510=FACE_BOUND('',#12628,.T.);
#13511=FACE_BOUND('',#12629,.T.);
#13512=FACE_BOUND('',#12630,.T.);
#13513=FACE_BOUND('',#12631,.T.);
#13514=FACE_BOUND('',#12632,.T.);
#13515=FACE_BOUND('',#12633,.T.);
#13516=FACE_BOUND('',#12634,.T.);
#13517=FACE_BOUND('',#12635,.T.);
#13518=FACE_BOUND('',#12636,.T.);
#13519=FACE_BOUND('',#12637,.T.);
#13520=FACE_BOUND('',#12638,.T.);
#13521=FACE_BOUND('',#12639,.T.);
#13522=FACE_BOUND('',#12640,.T.);
#13523=FACE_BOUND('',#12641,.T.);
#13524=FACE_BOUND('',#12642,.T.);
#13525=FACE_BOUND('',#12643,.T.);
#13526=FACE_BOUND('',#12644,.T.);
#13527=FACE_BOUND('',#12645,.T.);
#13528=FACE_BOUND('',#12646,.T.);
#13529=FACE_BOUND('',#12647,.T.);
#13530=FACE_BOUND('',#12648,.T.);
#13531=FACE_BOUND('',#12649,.T.);
#13532=FACE_BOUND('',#12650,.T.);
#13533=FACE_BOUND('',#12651,.T.);
#13534=FACE_BOUND('',#12652,.T.);
#13535=FACE_BOUND('',#12653,.T.);
#13536=FACE_BOUND('',#12654,.T.);
#13537=FACE_BOUND('',#12655,.T.);
#13538=FACE_BOUND('',#12656,.T.);
#13539=FACE_BOUND('',#12657,.T.);
#13540=FACE_BOUND('',#12658,.T.);
#13541=FACE_BOUND('',#12659,.T.);
#13542=FACE_BOUND('',#12660,.T.);
#13543=FACE_BOUND('',#12661,.T.);
#13544=FACE_BOUND('',#12662,.T.);
#13545=FACE_BOUND('',#12663,.T.);
#13546=FACE_BOUND('',#12664,.T.);
#13547=FACE_BOUND('',#12665,.T.);
#13548=FACE_BOUND('',#12666,.T.);
#13549=FACE_BOUND('',#12667,.T.);
#13550=FACE_BOUND('',#12668,.T.);
#13551=FACE_BOUND('',#12669,.T.);
#13552=FACE_BOUND('',#12670,.T.);
#13553=FACE_BOUND('',#12671,.T.);
#13554=FACE_BOUND('',#12672,.T.);
#13555=FACE_BOUND('',#12673,.T.);
#13556=FACE_BOUND('',#12674,.T.);
#13557=FACE_BOUND('',#12675,.T.);
#13558=FACE_BOUND('',#12676,.T.);
#13559=FACE_BOUND('',#12677,.T.);
#13560=FACE_BOUND('',#12678,.T.);
#13561=FACE_BOUND('',#12679,.T.);
#13562=FACE_BOUND('',#12680,.T.);
#13563=FACE_BOUND('',#12681,.T.);
#13564=FACE_BOUND('',#12682,.T.);
#13565=FACE_BOUND('',#12683,.T.);
#13566=FACE_BOUND('',#12684,.T.);
#13567=FACE_BOUND('',#12685,.T.);
#13568=FACE_BOUND('',#12686,.T.);
#13569=FACE_BOUND('',#12687,.T.);
#13570=FACE_BOUND('',#12688,.T.);
#13571=PLANE('',#15001);
#13572=PLANE('',#15002);
#13573=PLANE('',#15003);
#13574=PLANE('',#15004);
#13575=PLANE('',#15005);
#13576=PLANE('',#15006);
#13577=PLANE('',#15007);
#13578=PLANE('',#15008);
#13579=PLANE('',#15009);
#13580=PLANE('',#15010);
#13581=PLANE('',#15011);
#13582=PLANE('',#15012);
#13583=PLANE('',#15013);
#13584=PLANE('',#15014);
#13585=PLANE('',#15015);
#13586=PLANE('',#15016);
#13587=PLANE('',#15017);
#13588=PLANE('',#15018);
#13589=PLANE('',#15019);
#13590=PLANE('',#15020);
#13591=PLANE('',#15021);
#13592=PLANE('',#15022);
#13593=PLANE('',#15023);
#13594=PLANE('',#15024);
#13595=PLANE('',#15025);
#13596=PLANE('',#15026);
#13597=PLANE('',#15027);
#13598=PLANE('',#15028);
#13599=PLANE('',#15029);
#13600=PLANE('',#15030);
#13601=PLANE('',#15031);
#13602=PLANE('',#15032);
#13603=PLANE('',#15033);
#13604=PLANE('',#15034);
#13605=PLANE('',#15035);
#13606=PLANE('',#15036);
#13607=PLANE('',#15037);
#13608=PLANE('',#15038);
#13609=PLANE('',#15039);
#13610=PLANE('',#15040);
#13611=PLANE('',#15041);
#13612=PLANE('',#15042);
#13613=PLANE('',#15043);
#13614=PLANE('',#15044);
#13615=PLANE('',#15045);
#13616=PLANE('',#15046);
#13617=PLANE('',#15047);
#13618=PLANE('',#15048);
#13619=PLANE('',#15049);
#13620=PLANE('',#15050);
#13621=PLANE('',#15051);
#13622=PLANE('',#15052);
#13623=PLANE('',#15053);
#13624=PLANE('',#15054);
#13625=PLANE('',#15055);
#13626=PLANE('',#15056);
#13627=PLANE('',#15057);
#13628=PLANE('',#15058);
#13629=PLANE('',#15059);
#13630=PLANE('',#15060);
#13631=PLANE('',#15061);
#13632=PLANE('',#15062);
#13633=PLANE('',#15063);
#13634=PLANE('',#15064);
#13635=PLANE('',#15065);
#13636=PLANE('',#15066);
#13637=PLANE('',#15067);
#13638=PLANE('',#15068);
#13639=PLANE('',#15069);
#13640=PLANE('',#15070);
#13641=PLANE('',#15071);
#13642=PLANE('',#15072);
#13643=PLANE('',#15073);
#13644=PLANE('',#15074);
#13645=PLANE('',#15075);
#13646=PLANE('',#15076);
#13647=PLANE('',#15077);
#13648=PLANE('',#15078);
#13649=PLANE('',#15079);
#13650=PLANE('',#15080);
#13651=PLANE('',#15081);
#13652=PLANE('',#15082);
#13653=PLANE('',#15083);
#13654=PLANE('',#15084);
#13655=PLANE('',#15085);
#13656=PLANE('',#15086);
#13657=PLANE('',#15087);
#13658=PLANE('',#15088);
#13659=PLANE('',#15089);
#13660=PLANE('',#15090);
#13661=PLANE('',#15091);
#13662=PLANE('',#15092);
#13663=PLANE('',#15093);
#13664=PLANE('',#15094);
#13665=PLANE('',#15095);
#13666=PLANE('',#15096);
#13667=PLANE('',#15097);
#13668=PLANE('',#15098);
#13669=PLANE('',#15099);
#13670=PLANE('',#15100);
#13671=PLANE('',#15101);
#13672=PLANE('',#15102);
#13673=PLANE('',#15103);
#13674=PLANE('',#15104);
#13675=PLANE('',#15105);
#13676=PLANE('',#15106);
#13677=PLANE('',#15107);
#13678=PLANE('',#15108);
#13679=PLANE('',#15109);
#13680=PLANE('',#15110);
#13681=PLANE('',#15111);
#13682=PLANE('',#15112);
#13683=PLANE('',#15113);
#13684=PLANE('',#15114);
#13685=PLANE('',#15115);
#13686=PLANE('',#15116);
#13687=PLANE('',#15117);
#13688=PLANE('',#15118);
#13689=PLANE('',#15119);
#13690=PLANE('',#15120);
#13691=PLANE('',#15121);
#13692=PLANE('',#15122);
#13693=PLANE('',#15123);
#13694=PLANE('',#15124);
#13695=PLANE('',#15125);
#13696=PLANE('',#15126);
#13697=PLANE('',#15127);
#13698=PLANE('',#15128);
#13699=PLANE('',#15129);
#13700=PLANE('',#15130);
#13701=PLANE('',#15131);
#13702=PLANE('',#15132);
#13703=PLANE('',#15133);
#13704=PLANE('',#15134);
#13705=PLANE('',#15135);
#13706=PLANE('',#15136);
#13707=PLANE('',#15137);
#13708=PLANE('',#15138);
#13709=PLANE('',#15139);
#13710=PLANE('',#15140);
#13711=PLANE('',#15141);
#13712=PLANE('',#15142);
#13713=PLANE('',#15143);
#13714=PLANE('',#15144);
#13715=PLANE('',#15145);
#13716=PLANE('',#15146);
#13717=PLANE('',#15147);
#13718=PLANE('',#15148);
#13719=PLANE('',#15149);
#13720=PLANE('',#15150);
#13721=PLANE('',#15151);
#13722=PLANE('',#15152);
#13723=PLANE('',#15153);
#13724=PLANE('',#15154);
#13725=PLANE('',#15155);
#13726=PLANE('',#15156);
#13727=PLANE('',#15157);
#13728=PLANE('',#15158);
#13729=PLANE('',#15159);
#13730=PLANE('',#15160);
#13731=PLANE('',#15161);
#13732=PLANE('',#15162);
#13733=PLANE('',#15163);
#13734=PLANE('',#15164);
#13735=PLANE('',#15165);
#13736=PLANE('',#15166);
#13737=PLANE('',#15167);
#13738=PLANE('',#15168);
#13739=PLANE('',#15169);
#13740=PLANE('',#15170);
#13741=PLANE('',#15171);
#13742=PLANE('',#15172);
#13743=PLANE('',#15173);
#13744=PLANE('',#15174);
#13745=PLANE('',#15175);
#13746=PLANE('',#15176);
#13747=PLANE('',#15177);
#13748=PLANE('',#15178);
#13749=PLANE('',#15179);
#13750=PLANE('',#15180);
#13751=PLANE('',#15181);
#13752=PLANE('',#15182);
#13753=PLANE('',#15183);
#13754=PLANE('',#15184);
#13755=PLANE('',#15185);
#13756=PLANE('',#15186);
#13757=PLANE('',#15187);
#13758=PLANE('',#15188);
#13759=PLANE('',#15189);
#13760=PLANE('',#15190);
#13761=PLANE('',#15191);
#13762=PLANE('',#15192);
#13763=PLANE('',#15193);
#13764=PLANE('',#15194);
#13765=PLANE('',#15195);
#13766=PLANE('',#15196);
#13767=PLANE('',#15197);
#13768=PLANE('',#15198);
#13769=PLANE('',#15199);
#13770=PLANE('',#15200);
#13771=PLANE('',#15201);
#13772=PLANE('',#15202);
#13773=PLANE('',#15203);
#13774=PLANE('',#15204);
#13775=PLANE('',#15205);
#13776=PLANE('',#15206);
#13777=PLANE('',#15207);
#13778=PLANE('',#15208);
#13779=PLANE('',#15209);
#13780=PLANE('',#15210);
#13781=PLANE('',#15211);
#13782=PLANE('',#15212);
#13783=PLANE('',#15213);
#13784=PLANE('',#15214);
#13785=PLANE('',#15215);
#13786=PLANE('',#15216);
#13787=PLANE('',#15217);
#13788=PLANE('',#15218);
#13789=PLANE('',#15219);
#13790=PLANE('',#15220);
#13791=PLANE('',#15221);
#13792=PLANE('',#15222);
#13793=PLANE('',#15223);
#13794=PLANE('',#15224);
#13795=PLANE('',#15225);
#13796=PLANE('',#15226);
#13797=PLANE('',#15227);
#13798=PLANE('',#15228);
#13799=PLANE('',#15229);
#13800=PLANE('',#15230);
#13801=PLANE('',#15231);
#13802=PLANE('',#15232);
#13803=PLANE('',#15233);
#13804=PLANE('',#15234);
#13805=PLANE('',#15235);
#13806=PLANE('',#15236);
#13807=PLANE('',#15237);
#13808=PLANE('',#15238);
#13809=PLANE('',#15239);
#13810=PLANE('',#15240);
#13811=PLANE('',#15241);
#13812=PLANE('',#15242);
#13813=PLANE('',#15243);
#13814=PLANE('',#15244);
#13815=PLANE('',#15245);
#13816=PLANE('',#15246);
#13817=PLANE('',#15248);
#13818=PLANE('',#15249);
#13819=PLANE('',#15250);
#13820=PLANE('',#15251);
#13821=PLANE('',#15252);
#13822=PLANE('',#15253);
#13823=PLANE('',#15254);
#13824=PLANE('',#15255);
#13825=PLANE('',#15256);
#13826=PLANE('',#15257);
#13827=PLANE('',#15258);
#13828=PLANE('',#15259);
#13829=PLANE('',#15260);
#13830=PLANE('',#15261);
#13831=PLANE('',#15262);
#13832=PLANE('',#15263);
#13833=PLANE('',#15264);
#13834=PLANE('',#15265);
#13835=PLANE('',#15266);
#13836=PLANE('',#15267);
#13837=PLANE('',#15268);
#13838=PLANE('',#15269);
#13839=PLANE('',#15270);
#13840=PLANE('',#15271);
#13841=PLANE('',#15272);
#13842=PLANE('',#15273);
#13843=PLANE('',#15274);
#13844=PLANE('',#15275);
#13845=PLANE('',#15276);
#13846=PLANE('',#15277);
#13847=PLANE('',#15278);
#13848=PLANE('',#15279);
#13849=PLANE('',#15280);
#13850=PLANE('',#15281);
#13851=PLANE('',#15282);
#13852=PLANE('',#15283);
#13853=PLANE('',#15284);
#13854=PLANE('',#15285);
#13855=PLANE('',#15286);
#13856=PLANE('',#15287);
#13857=PLANE('',#15288);
#13858=PLANE('',#15289);
#13859=PLANE('',#15290);
#13860=PLANE('',#15291);
#13861=PLANE('',#15292);
#13862=PLANE('',#15293);
#13863=PLANE('',#15294);
#13864=PLANE('',#15295);
#13865=PLANE('',#15296);
#13866=PLANE('',#15297);
#13867=PLANE('',#15298);
#13868=PLANE('',#15299);
#13869=PLANE('',#15300);
#13870=PLANE('',#15301);
#13871=PLANE('',#15302);
#13872=PLANE('',#15303);
#13873=PLANE('',#15304);
#13874=PLANE('',#15305);
#13875=PLANE('',#15306);
#13876=PLANE('',#15307);
#13877=PLANE('',#15308);
#13878=PLANE('',#15309);
#13879=PLANE('',#15310);
#13880=PLANE('',#15311);
#13881=PLANE('',#15312);
#13882=PLANE('',#15313);
#13883=PLANE('',#15314);
#13884=PLANE('',#15315);
#13885=PLANE('',#15316);
#13886=PLANE('',#15317);
#13887=PLANE('',#15318);
#13888=PLANE('',#15319);
#13889=PLANE('',#15320);
#13890=PLANE('',#15321);
#13891=PLANE('',#15322);
#13892=PLANE('',#15323);
#13893=PLANE('',#15324);
#13894=PLANE('',#15325);
#13895=PLANE('',#15326);
#13896=PLANE('',#15327);
#13897=PLANE('',#15328);
#13898=PLANE('',#15329);
#13899=PLANE('',#15330);
#13900=PLANE('',#15331);
#13901=PLANE('',#15332);
#13902=PLANE('',#15333);
#13903=PLANE('',#15334);
#13904=PLANE('',#15335);
#13905=PLANE('',#15336);
#13906=PLANE('',#15337);
#13907=PLANE('',#15338);
#13908=PLANE('',#15339);
#13909=PLANE('',#15340);
#13910=PLANE('',#15341);
#13911=PLANE('',#15342);
#13912=PLANE('',#15343);
#13913=PLANE('',#15344);
#13914=PLANE('',#15345);
#13915=PLANE('',#15346);
#13916=PLANE('',#15347);
#13917=PLANE('',#15348);
#13918=PLANE('',#15349);
#13919=PLANE('',#15350);
#13920=PLANE('',#15351);
#13921=PLANE('',#15352);
#13922=PLANE('',#15353);
#13923=PLANE('',#15354);
#13924=PLANE('',#15355);
#13925=PLANE('',#15356);
#13926=PLANE('',#15357);
#13927=PLANE('',#15358);
#13928=PLANE('',#15359);
#13929=PLANE('',#15360);
#13930=PLANE('',#15361);
#13931=PLANE('',#15362);
#13932=PLANE('',#15363);
#13933=PLANE('',#15364);
#13934=PLANE('',#15365);
#13935=PLANE('',#15366);
#13936=PLANE('',#15367);
#13937=PLANE('',#15368);
#13938=PLANE('',#15369);
#13939=PLANE('',#15370);
#13940=PLANE('',#15371);
#13941=PLANE('',#15372);
#13942=PLANE('',#15373);
#13943=PLANE('',#15374);
#13944=PLANE('',#15375);
#13945=PLANE('',#15376);
#13946=PLANE('',#15377);
#13947=PLANE('',#15378);
#13948=PLANE('',#15379);
#13949=PLANE('',#15380);
#13950=PLANE('',#15381);
#13951=PLANE('',#15382);
#13952=PLANE('',#15383);
#13953=PLANE('',#15386);
#13954=PLANE('',#15389);
#13955=PLANE('',#15392);
#13956=PLANE('',#15395);
#13957=PLANE('',#15398);
#13958=PLANE('',#15401);
#13959=PLANE('',#15404);
#13960=PLANE('',#15407);
#13961=PLANE('',#15410);
#13962=PLANE('',#15413);
#13963=PLANE('',#15416);
#13964=PLANE('',#15419);
#13965=PLANE('',#15422);
#13966=PLANE('',#15425);
#13967=PLANE('',#15428);
#13968=PLANE('',#15431);
#13969=PLANE('',#15434);
#13970=PLANE('',#15437);
#13971=PLANE('',#15440);
#13972=PLANE('',#15443);
#13973=PLANE('',#15446);
#13974=PLANE('',#15449);
#13975=PLANE('',#15452);
#13976=PLANE('',#15455);
#13977=PLANE('',#15458);
#13978=PLANE('',#15461);
#13979=PLANE('',#15464);
#13980=PLANE('',#15467);
#13981=PLANE('',#15470);
#13982=PLANE('',#15473);
#13983=PLANE('',#15476);
#13984=PLANE('',#15479);
#13985=PLANE('',#15482);
#13986=PLANE('',#15485);
#13987=PLANE('',#15488);
#13988=PLANE('',#15491);
#13989=PLANE('',#15494);
#13990=PLANE('',#15497);
#13991=PLANE('',#15500);
#13992=PLANE('',#15503);
#13993=PLANE('',#15506);
#13994=PLANE('',#15509);
#13995=PLANE('',#15512);
#13996=PLANE('',#15515);
#13997=PLANE('',#15518);
#13998=PLANE('',#15521);
#13999=PLANE('',#15524);
#14000=PLANE('',#15527);
#14001=PLANE('',#15530);
#14002=PLANE('',#15533);
#14003=PLANE('',#15536);
#14004=PLANE('',#15539);
#14005=PLANE('',#15542);
#14006=PLANE('',#15545);
#14007=PLANE('',#15548);
#14008=PLANE('',#15551);
#14009=PLANE('',#15554);
#14010=PLANE('',#15557);
#14011=PLANE('',#15560);
#14012=PLANE('',#15563);
#14013=PLANE('',#15566);
#14014=PLANE('',#15569);
#14015=PLANE('',#15572);
#14016=PLANE('',#15575);
#14017=PLANE('',#15578);
#14018=PLANE('',#15581);
#14019=PLANE('',#15584);
#14020=PLANE('',#15587);
#14021=PLANE('',#15590);
#14022=PLANE('',#15593);
#14023=PLANE('',#15596);
#14024=PLANE('',#15599);
#14025=PLANE('',#15602);
#14026=PLANE('',#15605);
#14027=PLANE('',#15608);
#14028=PLANE('',#15611);
#14029=PLANE('',#15614);
#14030=PLANE('',#15617);
#14031=PLANE('',#15620);
#14032=PLANE('',#15623);
#14033=PLANE('',#15626);
#14034=PLANE('',#15629);
#14035=PLANE('',#15632);
#14036=PLANE('',#15635);
#14037=PLANE('',#15638);
#14038=PLANE('',#15641);
#14039=PLANE('',#15644);
#14040=PLANE('',#15647);
#14041=PLANE('',#15650);
#14042=PLANE('',#15653);
#14043=PLANE('',#15654);
#14044=PLANE('',#15655);
#14045=PLANE('',#15656);
#14046=PLANE('',#15657);
#14047=PLANE('',#15658);
#14048=PLANE('',#15659);
#14049=PLANE('',#15660);
#14050=PLANE('',#15661);
#14051=PLANE('',#15662);
#14052=PLANE('',#15663);
#14053=PLANE('',#15664);
#14054=PLANE('',#15665);
#14055=PLANE('',#15666);
#14056=PLANE('',#15667);
#14057=PLANE('',#15668);
#14058=PLANE('',#15669);
#14059=PLANE('',#15670);
#14060=PLANE('',#15671);
#14061=PLANE('',#15672);
#14062=PLANE('',#15673);
#14063=PLANE('',#15674);
#14064=PLANE('',#15675);
#14065=PLANE('',#15676);
#14066=PLANE('',#15677);
#14067=PLANE('',#15678);
#14068=PLANE('',#15679);
#14069=PLANE('',#15680);
#14070=PLANE('',#15681);
#14071=PLANE('',#15682);
#14072=PLANE('',#15683);
#14073=PLANE('',#15684);
#14074=PLANE('',#15715);
#14075=PLANE('',#15716);
#14076=PLANE('',#15717);
#14077=PLANE('',#15718);
#14078=PLANE('',#15719);
#14079=PLANE('',#15720);
#14080=PLANE('',#15721);
#14081=PLANE('',#15722);
#14082=PLANE('',#15723);
#14083=PLANE('',#15724);
#14084=PLANE('',#15725);
#14085=PLANE('',#15726);
#14086=PLANE('',#15727);
#14087=PLANE('',#15728);
#14088=PLANE('',#15729);
#14089=PLANE('',#15730);
#14090=PLANE('',#15731);
#14091=PLANE('',#15732);
#14092=PLANE('',#15733);
#14093=PLANE('',#15734);
#14094=PLANE('',#15735);
#14095=PLANE('',#15736);
#14096=PLANE('',#15737);
#14097=PLANE('',#15738);
#14098=PLANE('',#15739);
#14099=PLANE('',#15740);
#14100=PLANE('',#15741);
#14101=PLANE('',#15742);
#14102=PLANE('',#15743);
#14103=PLANE('',#15744);
#14104=PLANE('',#15775);
#14105=PLANE('',#15776);
#14106=PLANE('',#15777);
#14107=PLANE('',#15778);
#14108=PLANE('',#15779);
#14109=PLANE('',#15780);
#14110=PLANE('',#15781);
#14111=PLANE('',#15782);
#14112=PLANE('',#15783);
#14113=PLANE('',#15784);
#14114=PLANE('',#15785);
#14115=PLANE('',#15786);
#14116=PLANE('',#15787);
#14117=PLANE('',#15788);
#14118=PLANE('',#15789);
#14119=PLANE('',#15790);
#14120=PLANE('',#15791);
#14121=PLANE('',#15792);
#14122=PLANE('',#15793);
#14123=PLANE('',#15794);
#14124=PLANE('',#15795);
#14125=PLANE('',#15796);
#14126=PLANE('',#15797);
#14127=PLANE('',#15798);
#14128=PLANE('',#15799);
#14129=PLANE('',#15800);
#14130=PLANE('',#15801);
#14131=PLANE('',#15802);
#14132=PLANE('',#15803);
#14133=PLANE('',#15804);
#14134=PLANE('',#15835);
#14135=PLANE('',#15836);
#14136=PLANE('',#15837);
#14137=PLANE('',#15838);
#14138=PLANE('',#15839);
#14139=PLANE('',#15840);
#14140=PLANE('',#15841);
#14141=PLANE('',#15842);
#14142=PLANE('',#15843);
#14143=PLANE('',#15844);
#14144=PLANE('',#15845);
#14145=PLANE('',#15846);
#14146=PLANE('',#15847);
#14147=PLANE('',#15848);
#14148=PLANE('',#15849);
#14149=PLANE('',#15850);
#14150=PLANE('',#15851);
#14151=PLANE('',#15852);
#14152=PLANE('',#15853);
#14153=PLANE('',#15854);
#14154=PLANE('',#15855);
#14155=PLANE('',#15856);
#14156=PLANE('',#15857);
#14157=PLANE('',#15858);
#14158=PLANE('',#15859);
#14159=PLANE('',#15860);
#14160=PLANE('',#15861);
#14161=PLANE('',#15862);
#14162=PLANE('',#15863);
#14163=PLANE('',#15864);
#14164=PLANE('',#15865);
#14165=PLANE('',#15866);
#14166=PLANE('',#15867);
#14167=PLANE('',#15868);
#14168=PLANE('',#15869);
#14169=PLANE('',#15870);
#14170=PLANE('',#15871);
#14171=PLANE('',#15872);
#14172=PLANE('',#15873);
#14173=PLANE('',#15874);
#14174=PLANE('',#15875);
#14175=PLANE('',#15876);
#14176=PLANE('',#15877);
#14177=PLANE('',#15878);
#14178=PLANE('',#15879);
#14179=PLANE('',#15880);
#14180=PLANE('',#15881);
#14181=PLANE('',#15882);
#14182=PLANE('',#15883);
#14183=PLANE('',#15884);
#14184=PLANE('',#15885);
#14185=PLANE('',#15886);
#14186=PLANE('',#15887);
#14187=PLANE('',#15888);
#14188=PLANE('',#15889);
#14189=PLANE('',#15890);
#14190=PLANE('',#15891);
#14191=PLANE('',#15892);
#14192=PLANE('',#15893);
#14193=PLANE('',#15894);
#14194=PLANE('',#15895);
#14195=PLANE('',#15896);
#14196=PLANE('',#15897);
#14197=PLANE('',#15898);
#14198=PLANE('',#15899);
#14199=PLANE('',#15900);
#14200=PLANE('',#15901);
#14201=PLANE('',#15902);
#14202=PLANE('',#15903);
#14203=PLANE('',#15904);
#14204=PLANE('',#15905);
#14205=PLANE('',#15906);
#14206=PLANE('',#15907);
#14207=PLANE('',#15908);
#14208=PLANE('',#15909);
#14209=PLANE('',#15910);
#14210=PLANE('',#15911);
#14211=PLANE('',#15912);
#14212=PLANE('',#15913);
#14213=PLANE('',#15914);
#14214=PLANE('',#15915);
#14215=PLANE('',#15916);
#14216=PLANE('',#15917);
#14217=PLANE('',#15918);
#14218=PLANE('',#15919);
#14219=PLANE('',#15920);
#14220=PLANE('',#15921);
#14221=PLANE('',#15922);
#14222=PLANE('',#15923);
#14223=PLANE('',#15924);
#14224=PLANE('',#15925);
#14225=PLANE('',#15926);
#14226=PLANE('',#15927);
#14227=PLANE('',#15928);
#14228=ADVANCED_FACE('',(#12689),#13571,.F.);
#14229=ADVANCED_FACE('',(#12690),#13572,.F.);
#14230=ADVANCED_FACE('',(#12691),#13573,.T.);
#14231=ADVANCED_FACE('',(#12692),#13574,.T.);
#14232=ADVANCED_FACE('',(#12693),#13575,.T.);
#14233=ADVANCED_FACE('',(#12694),#13576,.T.);
#14234=ADVANCED_FACE('',(#12695),#13577,.T.);
#14235=ADVANCED_FACE('',(#12696),#13578,.T.);
#14236=ADVANCED_FACE('',(#12697),#13579,.T.);
#14237=ADVANCED_FACE('',(#12698),#13580,.T.);
#14238=ADVANCED_FACE('',(#12699),#13581,.T.);
#14239=ADVANCED_FACE('',(#12700),#13582,.T.);
#14240=ADVANCED_FACE('',(#12701),#13583,.T.);
#14241=ADVANCED_FACE('',(#12702),#13584,.T.);
#14242=ADVANCED_FACE('',(#12703),#13585,.T.);
#14243=ADVANCED_FACE('',(#12704),#13586,.T.);
#14244=ADVANCED_FACE('',(#12705),#13587,.T.);
#14245=ADVANCED_FACE('',(#12706),#13588,.T.);
#14246=ADVANCED_FACE('',(#12707),#13589,.T.);
#14247=ADVANCED_FACE('',(#12708),#13590,.T.);
#14248=ADVANCED_FACE('',(#12709),#13591,.T.);
#14249=ADVANCED_FACE('',(#12710),#13592,.T.);
#14250=ADVANCED_FACE('',(#12711),#13593,.T.);
#14251=ADVANCED_FACE('',(#12712),#13594,.T.);
#14252=ADVANCED_FACE('',(#12713),#13595,.T.);
#14253=ADVANCED_FACE('',(#12714),#13596,.T.);
#14254=ADVANCED_FACE('',(#12715),#13597,.T.);
#14255=ADVANCED_FACE('',(#12716),#13598,.T.);
#14256=ADVANCED_FACE('',(#12717),#13599,.T.);
#14257=ADVANCED_FACE('',(#12718),#13600,.T.);
#14258=ADVANCED_FACE('',(#12719),#13601,.T.);
#14259=ADVANCED_FACE('',(#12720),#13602,.T.);
#14260=ADVANCED_FACE('',(#12721),#13603,.T.);
#14261=ADVANCED_FACE('',(#12722),#13604,.T.);
#14262=ADVANCED_FACE('',(#12723),#13605,.T.);
#14263=ADVANCED_FACE('',(#12724),#13606,.T.);
#14264=ADVANCED_FACE('',(#12725),#13607,.T.);
#14265=ADVANCED_FACE('',(#12726),#13608,.T.);
#14266=ADVANCED_FACE('',(#12727),#13609,.T.);
#14267=ADVANCED_FACE('',(#12728),#13610,.T.);
#14268=ADVANCED_FACE('',(#12729),#13611,.T.);
#14269=ADVANCED_FACE('',(#12730),#13612,.T.);
#14270=ADVANCED_FACE('',(#12731),#13613,.T.);
#14271=ADVANCED_FACE('',(#12732),#13614,.T.);
#14272=ADVANCED_FACE('',(#12733),#13615,.T.);
#14273=ADVANCED_FACE('',(#12734),#13616,.T.);
#14274=ADVANCED_FACE('',(#12735),#13617,.T.);
#14275=ADVANCED_FACE('',(#12736),#13618,.T.);
#14276=ADVANCED_FACE('',(#12737),#13619,.T.);
#14277=ADVANCED_FACE('',(#12738),#13620,.T.);
#14278=ADVANCED_FACE('',(#12739),#13621,.T.);
#14279=ADVANCED_FACE('',(#12740),#13622,.T.);
#14280=ADVANCED_FACE('',(#12741),#13623,.T.);
#14281=ADVANCED_FACE('',(#12742),#13624,.T.);
#14282=ADVANCED_FACE('',(#12743),#13625,.T.);
#14283=ADVANCED_FACE('',(#12744),#13626,.T.);
#14284=ADVANCED_FACE('',(#12745),#13627,.T.);
#14285=ADVANCED_FACE('',(#12746),#13628,.T.);
#14286=ADVANCED_FACE('',(#12747),#13629,.T.);
#14287=ADVANCED_FACE('',(#12748),#13630,.T.);
#14288=ADVANCED_FACE('',(#12749),#13631,.T.);
#14289=ADVANCED_FACE('',(#12750),#13632,.T.);
#14290=ADVANCED_FACE('',(#12751),#13633,.T.);
#14291=ADVANCED_FACE('',(#12752),#13634,.T.);
#14292=ADVANCED_FACE('',(#12753),#13635,.T.);
#14293=ADVANCED_FACE('',(#12754),#13636,.T.);
#14294=ADVANCED_FACE('',(#12755),#13637,.T.);
#14295=ADVANCED_FACE('',(#12756),#13638,.T.);
#14296=ADVANCED_FACE('',(#12757),#13639,.T.);
#14297=ADVANCED_FACE('',(#12758),#13640,.T.);
#14298=ADVANCED_FACE('',(#12759),#13641,.T.);
#14299=ADVANCED_FACE('',(#12760),#13642,.T.);
#14300=ADVANCED_FACE('',(#12761),#13643,.T.);
#14301=ADVANCED_FACE('',(#12762),#13644,.T.);
#14302=ADVANCED_FACE('',(#12763),#13645,.T.);
#14303=ADVANCED_FACE('',(#12764),#13646,.T.);
#14304=ADVANCED_FACE('',(#12765),#13647,.T.);
#14305=ADVANCED_FACE('',(#12766),#13648,.T.);
#14306=ADVANCED_FACE('',(#12767),#13649,.T.);
#14307=ADVANCED_FACE('',(#12768),#13650,.T.);
#14308=ADVANCED_FACE('',(#12769),#13651,.T.);
#14309=ADVANCED_FACE('',(#12770),#13652,.T.);
#14310=ADVANCED_FACE('',(#12771),#13653,.T.);
#14311=ADVANCED_FACE('',(#12772),#13654,.T.);
#14312=ADVANCED_FACE('',(#12773),#13655,.T.);
#14313=ADVANCED_FACE('',(#12774),#13656,.T.);
#14314=ADVANCED_FACE('',(#12775),#13657,.T.);
#14315=ADVANCED_FACE('',(#12776),#13658,.T.);
#14316=ADVANCED_FACE('',(#12777),#13659,.T.);
#14317=ADVANCED_FACE('',(#12778),#13660,.T.);
#14318=ADVANCED_FACE('',(#12779),#13661,.T.);
#14319=ADVANCED_FACE('',(#12780),#13662,.T.);
#14320=ADVANCED_FACE('',(#12781),#13663,.T.);
#14321=ADVANCED_FACE('',(#12782),#13664,.T.);
#14322=ADVANCED_FACE('',(#12783),#13665,.T.);
#14323=ADVANCED_FACE('',(#12784),#13666,.T.);
#14324=ADVANCED_FACE('',(#12785),#13667,.T.);
#14325=ADVANCED_FACE('',(#12786),#13668,.T.);
#14326=ADVANCED_FACE('',(#12787),#13669,.T.);
#14327=ADVANCED_FACE('',(#12788),#13670,.T.);
#14328=ADVANCED_FACE('',(#12789),#13671,.T.);
#14329=ADVANCED_FACE('',(#12790),#13672,.T.);
#14330=ADVANCED_FACE('',(#12791),#13673,.T.);
#14331=ADVANCED_FACE('',(#12792),#13674,.T.);
#14332=ADVANCED_FACE('',(#12793),#13675,.T.);
#14333=ADVANCED_FACE('',(#12794),#13676,.T.);
#14334=ADVANCED_FACE('',(#12795),#13677,.T.);
#14335=ADVANCED_FACE('',(#12796),#13678,.T.);
#14336=ADVANCED_FACE('',(#12797),#13679,.T.);
#14337=ADVANCED_FACE('',(#12798),#13680,.T.);
#14338=ADVANCED_FACE('',(#12799),#13681,.T.);
#14339=ADVANCED_FACE('',(#12800),#13682,.T.);
#14340=ADVANCED_FACE('',(#12801),#13683,.T.);
#14341=ADVANCED_FACE('',(#12802),#13684,.T.);
#14342=ADVANCED_FACE('',(#12803),#13685,.T.);
#14343=ADVANCED_FACE('',(#12804),#13686,.T.);
#14344=ADVANCED_FACE('',(#12805),#13687,.T.);
#14345=ADVANCED_FACE('',(#12806),#13688,.T.);
#14346=ADVANCED_FACE('',(#12807),#13689,.T.);
#14347=ADVANCED_FACE('',(#12808),#13690,.T.);
#14348=ADVANCED_FACE('',(#12809),#13691,.T.);
#14349=ADVANCED_FACE('',(#12810),#13692,.T.);
#14350=ADVANCED_FACE('',(#12811),#13693,.T.);
#14351=ADVANCED_FACE('',(#12812),#13694,.T.);
#14352=ADVANCED_FACE('',(#12813),#13695,.T.);
#14353=ADVANCED_FACE('',(#12814),#13696,.T.);
#14354=ADVANCED_FACE('',(#12815),#13697,.T.);
#14355=ADVANCED_FACE('',(#12816),#13698,.T.);
#14356=ADVANCED_FACE('',(#12817),#13699,.T.);
#14357=ADVANCED_FACE('',(#12818),#13700,.T.);
#14358=ADVANCED_FACE('',(#12819),#13701,.T.);
#14359=ADVANCED_FACE('',(#12820),#13702,.T.);
#14360=ADVANCED_FACE('',(#12821),#13703,.T.);
#14361=ADVANCED_FACE('',(#12822),#13704,.T.);
#14362=ADVANCED_FACE('',(#12823),#13705,.T.);
#14363=ADVANCED_FACE('',(#12824),#13706,.T.);
#14364=ADVANCED_FACE('',(#12825),#13707,.T.);
#14365=ADVANCED_FACE('',(#12826),#13708,.T.);
#14366=ADVANCED_FACE('',(#12827),#13709,.T.);
#14367=ADVANCED_FACE('',(#12828),#13710,.T.);
#14368=ADVANCED_FACE('',(#12829),#13711,.T.);
#14369=ADVANCED_FACE('',(#12830),#13712,.T.);
#14370=ADVANCED_FACE('',(#12831),#13713,.T.);
#14371=ADVANCED_FACE('',(#12832),#13714,.T.);
#14372=ADVANCED_FACE('',(#12833),#13715,.T.);
#14373=ADVANCED_FACE('',(#12834),#13716,.T.);
#14374=ADVANCED_FACE('',(#12835),#13717,.T.);
#14375=ADVANCED_FACE('',(#12836),#13718,.T.);
#14376=ADVANCED_FACE('',(#12837),#13719,.T.);
#14377=ADVANCED_FACE('',(#12838),#13720,.T.);
#14378=ADVANCED_FACE('',(#12839),#13721,.T.);
#14379=ADVANCED_FACE('',(#12840),#13722,.T.);
#14380=ADVANCED_FACE('',(#12841),#13723,.T.);
#14381=ADVANCED_FACE('',(#12842),#13724,.T.);
#14382=ADVANCED_FACE('',(#12843),#13725,.T.);
#14383=ADVANCED_FACE('',(#12844),#13726,.T.);
#14384=ADVANCED_FACE('',(#12845),#13727,.T.);
#14385=ADVANCED_FACE('',(#12846),#13728,.T.);
#14386=ADVANCED_FACE('',(#12847),#13729,.T.);
#14387=ADVANCED_FACE('',(#12848),#13730,.T.);
#14388=ADVANCED_FACE('',(#12849),#13731,.T.);
#14389=ADVANCED_FACE('',(#12850),#13732,.T.);
#14390=ADVANCED_FACE('',(#12851),#13733,.T.);
#14391=ADVANCED_FACE('',(#12852),#13734,.T.);
#14392=ADVANCED_FACE('',(#12853),#13735,.T.);
#14393=ADVANCED_FACE('',(#12854),#13736,.T.);
#14394=ADVANCED_FACE('',(#12855),#13737,.T.);
#14395=ADVANCED_FACE('',(#12856),#13738,.T.);
#14396=ADVANCED_FACE('',(#12857),#13739,.T.);
#14397=ADVANCED_FACE('',(#12858),#13740,.T.);
#14398=ADVANCED_FACE('',(#12859),#13741,.T.);
#14399=ADVANCED_FACE('',(#12860),#13742,.T.);
#14400=ADVANCED_FACE('',(#12861),#13743,.T.);
#14401=ADVANCED_FACE('',(#12862),#13744,.T.);
#14402=ADVANCED_FACE('',(#12863),#13745,.T.);
#14403=ADVANCED_FACE('',(#12864),#13746,.T.);
#14404=ADVANCED_FACE('',(#12865),#13747,.T.);
#14405=ADVANCED_FACE('',(#12866),#13748,.T.);
#14406=ADVANCED_FACE('',(#12867),#13749,.T.);
#14407=ADVANCED_FACE('',(#12868),#13750,.T.);
#14408=ADVANCED_FACE('',(#12869),#13751,.T.);
#14409=ADVANCED_FACE('',(#12870),#13752,.T.);
#14410=ADVANCED_FACE('',(#12871),#13753,.F.);
#14411=ADVANCED_FACE('',(#12872),#13754,.F.);
#14412=ADVANCED_FACE('',(#12873),#13755,.F.);
#14413=ADVANCED_FACE('',(#12874),#13756,.F.);
#14414=ADVANCED_FACE('',(#12875),#13757,.F.);
#14415=ADVANCED_FACE('',(#12876),#13758,.F.);
#14416=ADVANCED_FACE('',(#12877),#13759,.F.);
#14417=ADVANCED_FACE('',(#12878),#13760,.F.);
#14418=ADVANCED_FACE('',(#12879),#13761,.F.);
#14419=ADVANCED_FACE('',(#12880),#13762,.F.);
#14420=ADVANCED_FACE('',(#12881),#13763,.F.);
#14421=ADVANCED_FACE('',(#12882),#13764,.F.);
#14422=ADVANCED_FACE('',(#12883),#13765,.F.);
#14423=ADVANCED_FACE('',(#12884),#13766,.F.);
#14424=ADVANCED_FACE('',(#12885),#13767,.F.);
#14425=ADVANCED_FACE('',(#12886),#13768,.F.);
#14426=ADVANCED_FACE('',(#12887),#13769,.F.);
#14427=ADVANCED_FACE('',(#12888),#13770,.F.);
#14428=ADVANCED_FACE('',(#12889,#12890,#12891,#12892,#12893,#12894,#12895,
#12896,#12897,#12898,#12899,#12900,#12901,#12902,#12903,#12904,#12905,#12906,
#12907,#12908,#12909,#12910,#12911,#12912,#12913,#12914,#12915,#12916,#12917,
#12918,#12919,#12920,#12921,#12922,#12923,#12924,#12925,#12926,#12927,#12928,
#12929,#12930,#12931,#12932,#12933,#12934),#13771,.T.);
#14429=ADVANCED_FACE('',(#12935),#13772,.T.);
#14430=ADVANCED_FACE('',(#12936),#13773,.T.);
#14431=ADVANCED_FACE('',(#12937,#12938,#12939,#12940),#13774,.T.);
#14432=ADVANCED_FACE('',(#12941),#13775,.T.);
#14433=ADVANCED_FACE('',(#12942),#13776,.T.);
#14434=ADVANCED_FACE('',(#12943,#12944,#12945,#12946),#13777,.T.);
#14435=ADVANCED_FACE('',(#12947),#13778,.T.);
#14436=ADVANCED_FACE('',(#12948),#13779,.T.);
#14437=ADVANCED_FACE('',(#12949,#12950,#12951,#12952),#13780,.T.);
#14438=ADVANCED_FACE('',(#12953),#13781,.T.);
#14439=ADVANCED_FACE('',(#12954),#13782,.T.);
#14440=ADVANCED_FACE('',(#12955,#12956,#12957,#12958),#13783,.T.);
#14441=ADVANCED_FACE('',(#12959),#13784,.T.);
#14442=ADVANCED_FACE('',(#12960),#13785,.T.);
#14443=ADVANCED_FACE('',(#12961,#12962,#12963,#12964),#13786,.T.);
#14444=ADVANCED_FACE('',(#12965),#13787,.T.);
#14445=ADVANCED_FACE('',(#12966),#13788,.T.);
#14446=ADVANCED_FACE('',(#12967,#12968,#12969,#12970),#13789,.T.);
#14447=ADVANCED_FACE('',(#12971),#13790,.T.);
#14448=ADVANCED_FACE('',(#12972),#13791,.T.);
#14449=ADVANCED_FACE('',(#12973,#12974,#12975,#12976),#13792,.T.);
#14450=ADVANCED_FACE('',(#12977),#13793,.T.);
#14451=ADVANCED_FACE('',(#12978),#13794,.T.);
#14452=ADVANCED_FACE('',(#12979,#12980,#12981,#12982),#13795,.T.);
#14453=ADVANCED_FACE('',(#12983),#13796,.T.);
#14454=ADVANCED_FACE('',(#12984),#13797,.T.);
#14455=ADVANCED_FACE('',(#12985,#12986,#12987,#12988),#13798,.T.);
#14456=ADVANCED_FACE('',(#12989),#13799,.T.);
#14457=ADVANCED_FACE('',(#12990),#13800,.T.);
#14458=ADVANCED_FACE('',(#12991,#12992,#12993,#12994),#13801,.T.);
#14459=ADVANCED_FACE('',(#12995),#13802,.T.);
#14460=ADVANCED_FACE('',(#12996),#13803,.T.);
#14461=ADVANCED_FACE('',(#12997,#12998,#12999,#13000),#13804,.T.);
#14462=ADVANCED_FACE('',(#13001),#13805,.T.);
#14463=ADVANCED_FACE('',(#13002),#13806,.T.);
#14464=ADVANCED_FACE('',(#13003,#13004,#13005,#13006),#13807,.T.);
#14465=ADVANCED_FACE('',(#13007),#13808,.T.);
#14466=ADVANCED_FACE('',(#13008),#13809,.T.);
#14467=ADVANCED_FACE('',(#13009,#13010,#13011,#13012),#13810,.T.);
#14468=ADVANCED_FACE('',(#13013),#13811,.T.);
#14469=ADVANCED_FACE('',(#13014),#13812,.T.);
#14470=ADVANCED_FACE('',(#13015,#13016,#13017,#13018),#13813,.T.);
#14471=ADVANCED_FACE('',(#13019,#13020,#13021,#13022),#13814,.T.);
#14472=ADVANCED_FACE('',(#13023),#13815,.T.);
#14473=ADVANCED_FACE('',(#13024),#13816,.T.);
#14474=ADVANCED_FACE('',(#13025),#13817,.F.);
#14475=ADVANCED_FACE('',(#13026),#13818,.F.);
#14476=ADVANCED_FACE('',(#13027),#13819,.F.);
#14477=ADVANCED_FACE('',(#13028),#13820,.F.);
#14478=ADVANCED_FACE('',(#13029),#13821,.F.);
#14479=ADVANCED_FACE('',(#13030),#13822,.F.);
#14480=ADVANCED_FACE('',(#13031),#13823,.F.);
#14481=ADVANCED_FACE('',(#13032),#13824,.F.);
#14482=ADVANCED_FACE('',(#13033),#13825,.F.);
#14483=ADVANCED_FACE('',(#13034),#13826,.F.);
#14484=ADVANCED_FACE('',(#13035),#13827,.F.);
#14485=ADVANCED_FACE('',(#13036),#13828,.F.);
#14486=ADVANCED_FACE('',(#13037),#13829,.F.);
#14487=ADVANCED_FACE('',(#13038),#13830,.F.);
#14488=ADVANCED_FACE('',(#13039),#13831,.F.);
#14489=ADVANCED_FACE('',(#13040),#13832,.F.);
#14490=ADVANCED_FACE('',(#13041),#13833,.F.);
#14491=ADVANCED_FACE('',(#13042),#13834,.F.);
#14492=ADVANCED_FACE('',(#13043),#13835,.F.);
#14493=ADVANCED_FACE('',(#13044),#13836,.F.);
#14494=ADVANCED_FACE('',(#13045),#13837,.F.);
#14495=ADVANCED_FACE('',(#13046),#13838,.F.);
#14496=ADVANCED_FACE('',(#13047),#13839,.F.);
#14497=ADVANCED_FACE('',(#13048),#13840,.F.);
#14498=ADVANCED_FACE('',(#13049),#13841,.F.);
#14499=ADVANCED_FACE('',(#13050),#13842,.F.);
#14500=ADVANCED_FACE('',(#13051),#13843,.F.);
#14501=ADVANCED_FACE('',(#13052),#13844,.F.);
#14502=ADVANCED_FACE('',(#13053),#13845,.F.);
#14503=ADVANCED_FACE('',(#13054),#13846,.F.);
#14504=ADVANCED_FACE('',(#13055),#13847,.F.);
#14505=ADVANCED_FACE('',(#13056),#13848,.F.);
#14506=ADVANCED_FACE('',(#13057),#13849,.F.);
#14507=ADVANCED_FACE('',(#13058),#13850,.F.);
#14508=ADVANCED_FACE('',(#13059),#13851,.F.);
#14509=ADVANCED_FACE('',(#13060),#13852,.F.);
#14510=ADVANCED_FACE('',(#13061),#13853,.F.);
#14511=ADVANCED_FACE('',(#13062),#13854,.F.);
#14512=ADVANCED_FACE('',(#13063),#13855,.F.);
#14513=ADVANCED_FACE('',(#13064),#13856,.F.);
#14514=ADVANCED_FACE('',(#13065),#13857,.F.);
#14515=ADVANCED_FACE('',(#13066),#13858,.F.);
#14516=ADVANCED_FACE('',(#13067),#13859,.F.);
#14517=ADVANCED_FACE('',(#13068),#13860,.F.);
#14518=ADVANCED_FACE('',(#13069),#13861,.F.);
#14519=ADVANCED_FACE('',(#13070),#13862,.F.);
#14520=ADVANCED_FACE('',(#13071),#13863,.F.);
#14521=ADVANCED_FACE('',(#13072),#13864,.F.);
#14522=ADVANCED_FACE('',(#13073),#13865,.F.);
#14523=ADVANCED_FACE('',(#13074),#13866,.F.);
#14524=ADVANCED_FACE('',(#13075),#13867,.F.);
#14525=ADVANCED_FACE('',(#13076),#13868,.F.);
#14526=ADVANCED_FACE('',(#13077),#13869,.F.);
#14527=ADVANCED_FACE('',(#13078),#13870,.F.);
#14528=ADVANCED_FACE('',(#13079),#13871,.F.);
#14529=ADVANCED_FACE('',(#13080),#13872,.F.);
#14530=ADVANCED_FACE('',(#13081),#13873,.F.);
#14531=ADVANCED_FACE('',(#13082),#13874,.F.);
#14532=ADVANCED_FACE('',(#13083),#13875,.F.);
#14533=ADVANCED_FACE('',(#13084),#13876,.F.);
#14534=ADVANCED_FACE('',(#13085),#13877,.F.);
#14535=ADVANCED_FACE('',(#13086),#13878,.F.);
#14536=ADVANCED_FACE('',(#13087),#13879,.F.);
#14537=ADVANCED_FACE('',(#13088),#13880,.F.);
#14538=ADVANCED_FACE('',(#13089),#13881,.F.);
#14539=ADVANCED_FACE('',(#13090),#13882,.F.);
#14540=ADVANCED_FACE('',(#13091),#13883,.F.);
#14541=ADVANCED_FACE('',(#13092),#13884,.F.);
#14542=ADVANCED_FACE('',(#13093),#13885,.F.);
#14543=ADVANCED_FACE('',(#13094),#13886,.F.);
#14544=ADVANCED_FACE('',(#13095),#13887,.F.);
#14545=ADVANCED_FACE('',(#13096),#13888,.F.);
#14546=ADVANCED_FACE('',(#13097),#13889,.F.);
#14547=ADVANCED_FACE('',(#13098),#13890,.F.);
#14548=ADVANCED_FACE('',(#13099),#13891,.F.);
#14549=ADVANCED_FACE('',(#13100),#13892,.F.);
#14550=ADVANCED_FACE('',(#13101),#13893,.F.);
#14551=ADVANCED_FACE('',(#13102),#13894,.F.);
#14552=ADVANCED_FACE('',(#13103),#13895,.F.);
#14553=ADVANCED_FACE('',(#13104),#13896,.F.);
#14554=ADVANCED_FACE('',(#13105),#13897,.F.);
#14555=ADVANCED_FACE('',(#13106),#13898,.F.);
#14556=ADVANCED_FACE('',(#13107),#13899,.F.);
#14557=ADVANCED_FACE('',(#13108),#13900,.F.);
#14558=ADVANCED_FACE('',(#13109),#13901,.F.);
#14559=ADVANCED_FACE('',(#13110),#13902,.F.);
#14560=ADVANCED_FACE('',(#13111),#13903,.F.);
#14561=ADVANCED_FACE('',(#13112),#13904,.F.);
#14562=ADVANCED_FACE('',(#13113),#13905,.F.);
#14563=ADVANCED_FACE('',(#13114),#13906,.F.);
#14564=ADVANCED_FACE('',(#13115),#13907,.F.);
#14565=ADVANCED_FACE('',(#13116),#13908,.F.);
#14566=ADVANCED_FACE('',(#13117),#13909,.F.);
#14567=ADVANCED_FACE('',(#13118),#13910,.F.);
#14568=ADVANCED_FACE('',(#13119),#13911,.F.);
#14569=ADVANCED_FACE('',(#13120),#13912,.F.);
#14570=ADVANCED_FACE('',(#13121),#13913,.F.);
#14571=ADVANCED_FACE('',(#13122),#13914,.F.);
#14572=ADVANCED_FACE('',(#13123),#13915,.F.);
#14573=ADVANCED_FACE('',(#13124),#13916,.F.);
#14574=ADVANCED_FACE('',(#13125),#13917,.F.);
#14575=ADVANCED_FACE('',(#13126),#13918,.F.);
#14576=ADVANCED_FACE('',(#13127),#13919,.F.);
#14577=ADVANCED_FACE('',(#13128),#13920,.F.);
#14578=ADVANCED_FACE('',(#13129),#13921,.F.);
#14579=ADVANCED_FACE('',(#13130),#13922,.F.);
#14580=ADVANCED_FACE('',(#13131),#13923,.F.);
#14581=ADVANCED_FACE('',(#13132),#13924,.F.);
#14582=ADVANCED_FACE('',(#13133),#13925,.F.);
#14583=ADVANCED_FACE('',(#13134),#13926,.F.);
#14584=ADVANCED_FACE('',(#13135),#13927,.F.);
#14585=ADVANCED_FACE('',(#13136),#13928,.F.);
#14586=ADVANCED_FACE('',(#13137),#13929,.F.);
#14587=ADVANCED_FACE('',(#13138),#13930,.F.);
#14588=ADVANCED_FACE('',(#13139),#13931,.F.);
#14589=ADVANCED_FACE('',(#13140),#13932,.F.);
#14590=ADVANCED_FACE('',(#13141),#13933,.F.);
#14591=ADVANCED_FACE('',(#13142),#13934,.F.);
#14592=ADVANCED_FACE('',(#13143),#13935,.F.);
#14593=ADVANCED_FACE('',(#13144),#13936,.F.);
#14594=ADVANCED_FACE('',(#13145),#13937,.F.);
#14595=ADVANCED_FACE('',(#13146),#13938,.F.);
#14596=ADVANCED_FACE('',(#13147),#13939,.F.);
#14597=ADVANCED_FACE('',(#13148),#13940,.F.);
#14598=ADVANCED_FACE('',(#13149),#13941,.F.);
#14599=ADVANCED_FACE('',(#13150),#13942,.F.);
#14600=ADVANCED_FACE('',(#13151),#13943,.F.);
#14601=ADVANCED_FACE('',(#13152),#13944,.F.);
#14602=ADVANCED_FACE('',(#13153),#13945,.F.);
#14603=ADVANCED_FACE('',(#13154),#13946,.F.);
#14604=ADVANCED_FACE('',(#13155),#13947,.F.);
#14605=ADVANCED_FACE('',(#13156),#13948,.F.);
#14606=ADVANCED_FACE('',(#13157),#13949,.F.);
#14607=ADVANCED_FACE('',(#13158),#13950,.F.);
#14608=ADVANCED_FACE('',(#13159),#13951,.F.);
#14609=ADVANCED_FACE('',(#13160),#13952,.T.);
#14610=ADVANCED_FACE('',(#13161),#13953,.T.);
#14611=ADVANCED_FACE('',(#13162),#13954,.T.);
#14612=ADVANCED_FACE('',(#13163),#13955,.T.);
#14613=ADVANCED_FACE('',(#13164),#13956,.T.);
#14614=ADVANCED_FACE('',(#13165),#13957,.T.);
#14615=ADVANCED_FACE('',(#13166),#13958,.T.);
#14616=ADVANCED_FACE('',(#13167),#13959,.T.);
#14617=ADVANCED_FACE('',(#13168),#13960,.T.);
#14618=ADVANCED_FACE('',(#13169),#13961,.T.);
#14619=ADVANCED_FACE('',(#13170),#13962,.T.);
#14620=ADVANCED_FACE('',(#13171),#13963,.T.);
#14621=ADVANCED_FACE('',(#13172),#13964,.T.);
#14622=ADVANCED_FACE('',(#13173),#13965,.T.);
#14623=ADVANCED_FACE('',(#13174),#13966,.T.);
#14624=ADVANCED_FACE('',(#13175),#13967,.T.);
#14625=ADVANCED_FACE('',(#13176),#13968,.T.);
#14626=ADVANCED_FACE('',(#13177),#13969,.T.);
#14627=ADVANCED_FACE('',(#13178),#13970,.T.);
#14628=ADVANCED_FACE('',(#13179),#13971,.T.);
#14629=ADVANCED_FACE('',(#13180),#13972,.T.);
#14630=ADVANCED_FACE('',(#13181),#13973,.T.);
#14631=ADVANCED_FACE('',(#13182),#13974,.T.);
#14632=ADVANCED_FACE('',(#13183),#13975,.T.);
#14633=ADVANCED_FACE('',(#13184),#13976,.T.);
#14634=ADVANCED_FACE('',(#13185),#13977,.T.);
#14635=ADVANCED_FACE('',(#13186),#13978,.T.);
#14636=ADVANCED_FACE('',(#13187),#13979,.T.);
#14637=ADVANCED_FACE('',(#13188),#13980,.T.);
#14638=ADVANCED_FACE('',(#13189),#13981,.T.);
#14639=ADVANCED_FACE('',(#13190),#13982,.T.);
#14640=ADVANCED_FACE('',(#13191),#13983,.T.);
#14641=ADVANCED_FACE('',(#13192),#13984,.T.);
#14642=ADVANCED_FACE('',(#13193),#13985,.T.);
#14643=ADVANCED_FACE('',(#13194),#13986,.T.);
#14644=ADVANCED_FACE('',(#13195),#13987,.T.);
#14645=ADVANCED_FACE('',(#13196),#13988,.T.);
#14646=ADVANCED_FACE('',(#13197),#13989,.T.);
#14647=ADVANCED_FACE('',(#13198),#13990,.T.);
#14648=ADVANCED_FACE('',(#13199),#13991,.T.);
#14649=ADVANCED_FACE('',(#13200),#13992,.T.);
#14650=ADVANCED_FACE('',(#13201),#13993,.T.);
#14651=ADVANCED_FACE('',(#13202),#13994,.T.);
#14652=ADVANCED_FACE('',(#13203),#13995,.T.);
#14653=ADVANCED_FACE('',(#13204),#13996,.T.);
#14654=ADVANCED_FACE('',(#13205),#13997,.T.);
#14655=ADVANCED_FACE('',(#13206),#13998,.T.);
#14656=ADVANCED_FACE('',(#13207),#13999,.T.);
#14657=ADVANCED_FACE('',(#13208),#14000,.T.);
#14658=ADVANCED_FACE('',(#13209),#14001,.T.);
#14659=ADVANCED_FACE('',(#13210),#14002,.T.);
#14660=ADVANCED_FACE('',(#13211),#14003,.T.);
#14661=ADVANCED_FACE('',(#13212),#14004,.T.);
#14662=ADVANCED_FACE('',(#13213),#14005,.T.);
#14663=ADVANCED_FACE('',(#13214),#14006,.T.);
#14664=ADVANCED_FACE('',(#13215),#14007,.T.);
#14665=ADVANCED_FACE('',(#13216),#14008,.T.);
#14666=ADVANCED_FACE('',(#13217),#14009,.T.);
#14667=ADVANCED_FACE('',(#13218),#14010,.T.);
#14668=ADVANCED_FACE('',(#13219),#14011,.T.);
#14669=ADVANCED_FACE('',(#13220),#14012,.T.);
#14670=ADVANCED_FACE('',(#13221),#14013,.T.);
#14671=ADVANCED_FACE('',(#13222),#14014,.T.);
#14672=ADVANCED_FACE('',(#13223),#14015,.T.);
#14673=ADVANCED_FACE('',(#13224),#14016,.T.);
#14674=ADVANCED_FACE('',(#13225),#14017,.T.);
#14675=ADVANCED_FACE('',(#13226),#14018,.T.);
#14676=ADVANCED_FACE('',(#13227),#14019,.T.);
#14677=ADVANCED_FACE('',(#13228),#14020,.T.);
#14678=ADVANCED_FACE('',(#13229),#14021,.T.);
#14679=ADVANCED_FACE('',(#13230),#14022,.T.);
#14680=ADVANCED_FACE('',(#13231),#14023,.T.);
#14681=ADVANCED_FACE('',(#13232),#14024,.T.);
#14682=ADVANCED_FACE('',(#13233),#14025,.T.);
#14683=ADVANCED_FACE('',(#13234),#14026,.T.);
#14684=ADVANCED_FACE('',(#13235),#14027,.T.);
#14685=ADVANCED_FACE('',(#13236),#14028,.T.);
#14686=ADVANCED_FACE('',(#13237),#14029,.T.);
#14687=ADVANCED_FACE('',(#13238),#14030,.T.);
#14688=ADVANCED_FACE('',(#13239),#14031,.T.);
#14689=ADVANCED_FACE('',(#13240),#14032,.T.);
#14690=ADVANCED_FACE('',(#13241),#14033,.T.);
#14691=ADVANCED_FACE('',(#13242),#14034,.T.);
#14692=ADVANCED_FACE('',(#13243),#14035,.T.);
#14693=ADVANCED_FACE('',(#13244),#14036,.T.);
#14694=ADVANCED_FACE('',(#13245),#14037,.T.);
#14695=ADVANCED_FACE('',(#13246),#14038,.T.);
#14696=ADVANCED_FACE('',(#13247),#14039,.T.);
#14697=ADVANCED_FACE('',(#13248),#14040,.T.);
#14698=ADVANCED_FACE('',(#13249),#14041,.T.);
#14699=ADVANCED_FACE('',(#13250),#14042,.F.);
#14700=ADVANCED_FACE('',(#13251),#14043,.F.);
#14701=ADVANCED_FACE('',(#13252),#14044,.F.);
#14702=ADVANCED_FACE('',(#13253),#14045,.F.);
#14703=ADVANCED_FACE('',(#13254),#14046,.F.);
#14704=ADVANCED_FACE('',(#13255),#14047,.F.);
#14705=ADVANCED_FACE('',(#13256),#14048,.F.);
#14706=ADVANCED_FACE('',(#13257),#14049,.F.);
#14707=ADVANCED_FACE('',(#13258),#14050,.F.);
#14708=ADVANCED_FACE('',(#13259),#14051,.F.);
#14709=ADVANCED_FACE('',(#13260),#14052,.F.);
#14710=ADVANCED_FACE('',(#13261),#14053,.F.);
#14711=ADVANCED_FACE('',(#13262),#14054,.F.);
#14712=ADVANCED_FACE('',(#13263),#14055,.F.);
#14713=ADVANCED_FACE('',(#13264),#14056,.F.);
#14714=ADVANCED_FACE('',(#13265),#14057,.F.);
#14715=ADVANCED_FACE('',(#13266),#14058,.F.);
#14716=ADVANCED_FACE('',(#13267),#14059,.F.);
#14717=ADVANCED_FACE('',(#13268),#14060,.F.);
#14718=ADVANCED_FACE('',(#13269),#14061,.F.);
#14719=ADVANCED_FACE('',(#13270),#14062,.F.);
#14720=ADVANCED_FACE('',(#13271),#14063,.F.);
#14721=ADVANCED_FACE('',(#13272),#14064,.F.);
#14722=ADVANCED_FACE('',(#13273),#14065,.F.);
#14723=ADVANCED_FACE('',(#13274),#14066,.F.);
#14724=ADVANCED_FACE('',(#13275),#14067,.F.);
#14725=ADVANCED_FACE('',(#13276),#14068,.F.);
#14726=ADVANCED_FACE('',(#13277),#14069,.F.);
#14727=ADVANCED_FACE('',(#13278),#14070,.F.);
#14728=ADVANCED_FACE('',(#13279),#14071,.F.);
#14729=ADVANCED_FACE('',(#13280),#14072,.F.);
#14730=ADVANCED_FACE('',(#13281),#14073,.F.);
#14731=ADVANCED_FACE('',(#13282),#18,.T.);
#14732=ADVANCED_FACE('',(#13283),#19,.T.);
#14733=ADVANCED_FACE('',(#13284),#20,.T.);
#14734=ADVANCED_FACE('',(#13285),#21,.T.);
#14735=ADVANCED_FACE('',(#13286),#22,.T.);
#14736=ADVANCED_FACE('',(#13287),#23,.T.);
#14737=ADVANCED_FACE('',(#13288),#24,.T.);
#14738=ADVANCED_FACE('',(#13289),#25,.T.);
#14739=ADVANCED_FACE('',(#13290),#26,.T.);
#14740=ADVANCED_FACE('',(#13291),#27,.T.);
#14741=ADVANCED_FACE('',(#13292),#28,.T.);
#14742=ADVANCED_FACE('',(#13293),#29,.T.);
#14743=ADVANCED_FACE('',(#13294),#30,.T.);
#14744=ADVANCED_FACE('',(#13295),#31,.T.);
#14745=ADVANCED_FACE('',(#13296),#32,.T.);
#14746=ADVANCED_FACE('',(#13297),#33,.F.);
#14747=ADVANCED_FACE('',(#13298),#34,.F.);
#14748=ADVANCED_FACE('',(#13299),#35,.F.);
#14749=ADVANCED_FACE('',(#13300),#36,.F.);
#14750=ADVANCED_FACE('',(#13301),#37,.F.);
#14751=ADVANCED_FACE('',(#13302),#38,.F.);
#14752=ADVANCED_FACE('',(#13303),#39,.F.);
#14753=ADVANCED_FACE('',(#13304),#40,.F.);
#14754=ADVANCED_FACE('',(#13305),#41,.F.);
#14755=ADVANCED_FACE('',(#13306),#42,.F.);
#14756=ADVANCED_FACE('',(#13307),#43,.F.);
#14757=ADVANCED_FACE('',(#13308),#44,.F.);
#14758=ADVANCED_FACE('',(#13309),#45,.F.);
#14759=ADVANCED_FACE('',(#13310),#46,.F.);
#14760=ADVANCED_FACE('',(#13311),#47,.F.);
#14761=ADVANCED_FACE('',(#13312),#14074,.F.);
#14762=ADVANCED_FACE('',(#13313),#14075,.F.);
#14763=ADVANCED_FACE('',(#13314),#14076,.F.);
#14764=ADVANCED_FACE('',(#13315),#14077,.F.);
#14765=ADVANCED_FACE('',(#13316),#14078,.F.);
#14766=ADVANCED_FACE('',(#13317),#14079,.F.);
#14767=ADVANCED_FACE('',(#13318),#14080,.F.);
#14768=ADVANCED_FACE('',(#13319),#14081,.F.);
#14769=ADVANCED_FACE('',(#13320),#14082,.F.);
#14770=ADVANCED_FACE('',(#13321),#14083,.F.);
#14771=ADVANCED_FACE('',(#13322),#14084,.F.);
#14772=ADVANCED_FACE('',(#13323),#14085,.F.);
#14773=ADVANCED_FACE('',(#13324),#14086,.F.);
#14774=ADVANCED_FACE('',(#13325),#14087,.F.);
#14775=ADVANCED_FACE('',(#13326),#14088,.F.);
#14776=ADVANCED_FACE('',(#13327),#14089,.F.);
#14777=ADVANCED_FACE('',(#13328),#14090,.F.);
#14778=ADVANCED_FACE('',(#13329),#14091,.F.);
#14779=ADVANCED_FACE('',(#13330),#14092,.F.);
#14780=ADVANCED_FACE('',(#13331),#14093,.F.);
#14781=ADVANCED_FACE('',(#13332),#14094,.F.);
#14782=ADVANCED_FACE('',(#13333),#14095,.F.);
#14783=ADVANCED_FACE('',(#13334),#14096,.F.);
#14784=ADVANCED_FACE('',(#13335),#14097,.F.);
#14785=ADVANCED_FACE('',(#13336),#14098,.F.);
#14786=ADVANCED_FACE('',(#13337),#14099,.F.);
#14787=ADVANCED_FACE('',(#13338),#14100,.F.);
#14788=ADVANCED_FACE('',(#13339),#14101,.F.);
#14789=ADVANCED_FACE('',(#13340),#14102,.F.);
#14790=ADVANCED_FACE('',(#13341),#14103,.F.);
#14791=ADVANCED_FACE('',(#13342),#48,.T.);
#14792=ADVANCED_FACE('',(#13343),#49,.T.);
#14793=ADVANCED_FACE('',(#13344),#50,.T.);
#14794=ADVANCED_FACE('',(#13345),#51,.T.);
#14795=ADVANCED_FACE('',(#13346),#52,.T.);
#14796=ADVANCED_FACE('',(#13347),#53,.T.);
#14797=ADVANCED_FACE('',(#13348),#54,.T.);
#14798=ADVANCED_FACE('',(#13349),#55,.T.);
#14799=ADVANCED_FACE('',(#13350),#56,.T.);
#14800=ADVANCED_FACE('',(#13351),#57,.T.);
#14801=ADVANCED_FACE('',(#13352),#58,.T.);
#14802=ADVANCED_FACE('',(#13353),#59,.T.);
#14803=ADVANCED_FACE('',(#13354),#60,.T.);
#14804=ADVANCED_FACE('',(#13355),#61,.T.);
#14805=ADVANCED_FACE('',(#13356),#62,.T.);
#14806=ADVANCED_FACE('',(#13357),#63,.F.);
#14807=ADVANCED_FACE('',(#13358),#64,.F.);
#14808=ADVANCED_FACE('',(#13359),#65,.F.);
#14809=ADVANCED_FACE('',(#13360),#66,.F.);
#14810=ADVANCED_FACE('',(#13361),#67,.F.);
#14811=ADVANCED_FACE('',(#13362),#68,.F.);
#14812=ADVANCED_FACE('',(#13363),#69,.F.);
#14813=ADVANCED_FACE('',(#13364),#70,.F.);
#14814=ADVANCED_FACE('',(#13365),#71,.F.);
#14815=ADVANCED_FACE('',(#13366),#72,.F.);
#14816=ADVANCED_FACE('',(#13367),#73,.F.);
#14817=ADVANCED_FACE('',(#13368),#74,.F.);
#14818=ADVANCED_FACE('',(#13369),#75,.F.);
#14819=ADVANCED_FACE('',(#13370),#76,.F.);
#14820=ADVANCED_FACE('',(#13371),#77,.F.);
#14821=ADVANCED_FACE('',(#13372),#14104,.F.);
#14822=ADVANCED_FACE('',(#13373),#14105,.F.);
#14823=ADVANCED_FACE('',(#13374),#14106,.F.);
#14824=ADVANCED_FACE('',(#13375),#14107,.F.);
#14825=ADVANCED_FACE('',(#13376),#14108,.F.);
#14826=ADVANCED_FACE('',(#13377),#14109,.F.);
#14827=ADVANCED_FACE('',(#13378),#14110,.F.);
#14828=ADVANCED_FACE('',(#13379),#14111,.F.);
#14829=ADVANCED_FACE('',(#13380),#14112,.F.);
#14830=ADVANCED_FACE('',(#13381),#14113,.F.);
#14831=ADVANCED_FACE('',(#13382),#14114,.F.);
#14832=ADVANCED_FACE('',(#13383),#14115,.F.);
#14833=ADVANCED_FACE('',(#13384),#14116,.F.);
#14834=ADVANCED_FACE('',(#13385),#14117,.F.);
#14835=ADVANCED_FACE('',(#13386),#14118,.F.);
#14836=ADVANCED_FACE('',(#13387),#14119,.F.);
#14837=ADVANCED_FACE('',(#13388),#14120,.F.);
#14838=ADVANCED_FACE('',(#13389),#14121,.F.);
#14839=ADVANCED_FACE('',(#13390),#14122,.F.);
#14840=ADVANCED_FACE('',(#13391),#14123,.F.);
#14841=ADVANCED_FACE('',(#13392),#14124,.F.);
#14842=ADVANCED_FACE('',(#13393),#14125,.F.);
#14843=ADVANCED_FACE('',(#13394),#14126,.F.);
#14844=ADVANCED_FACE('',(#13395),#14127,.F.);
#14845=ADVANCED_FACE('',(#13396),#14128,.F.);
#14846=ADVANCED_FACE('',(#13397),#14129,.F.);
#14847=ADVANCED_FACE('',(#13398),#14130,.F.);
#14848=ADVANCED_FACE('',(#13399),#14131,.F.);
#14849=ADVANCED_FACE('',(#13400),#14132,.F.);
#14850=ADVANCED_FACE('',(#13401),#14133,.F.);
#14851=ADVANCED_FACE('',(#13402),#78,.T.);
#14852=ADVANCED_FACE('',(#13403),#79,.T.);
#14853=ADVANCED_FACE('',(#13404),#80,.T.);
#14854=ADVANCED_FACE('',(#13405),#81,.T.);
#14855=ADVANCED_FACE('',(#13406),#82,.T.);
#14856=ADVANCED_FACE('',(#13407),#83,.T.);
#14857=ADVANCED_FACE('',(#13408),#84,.T.);
#14858=ADVANCED_FACE('',(#13409),#85,.T.);
#14859=ADVANCED_FACE('',(#13410),#86,.T.);
#14860=ADVANCED_FACE('',(#13411),#87,.T.);
#14861=ADVANCED_FACE('',(#13412),#88,.T.);
#14862=ADVANCED_FACE('',(#13413),#89,.T.);
#14863=ADVANCED_FACE('',(#13414),#90,.T.);
#14864=ADVANCED_FACE('',(#13415),#91,.T.);
#14865=ADVANCED_FACE('',(#13416),#92,.T.);
#14866=ADVANCED_FACE('',(#13417),#93,.F.);
#14867=ADVANCED_FACE('',(#13418),#94,.F.);
#14868=ADVANCED_FACE('',(#13419),#95,.F.);
#14869=ADVANCED_FACE('',(#13420),#96,.F.);
#14870=ADVANCED_FACE('',(#13421),#97,.F.);
#14871=ADVANCED_FACE('',(#13422),#98,.F.);
#14872=ADVANCED_FACE('',(#13423),#99,.F.);
#14873=ADVANCED_FACE('',(#13424),#100,.F.);
#14874=ADVANCED_FACE('',(#13425),#101,.F.);
#14875=ADVANCED_FACE('',(#13426),#102,.F.);
#14876=ADVANCED_FACE('',(#13427),#103,.F.);
#14877=ADVANCED_FACE('',(#13428),#104,.F.);
#14878=ADVANCED_FACE('',(#13429),#105,.F.);
#14879=ADVANCED_FACE('',(#13430),#106,.F.);
#14880=ADVANCED_FACE('',(#13431),#107,.F.);
#14881=ADVANCED_FACE('',(#13432,#13433,#13434,#13435,#13436,#13437,#13438,
#13439,#13440,#13441,#13442,#13443,#13444,#13445,#13446,#13447,#13448,#13449,
#13450,#13451,#13452,#13453,#13454,#13455,#13456,#13457,#13458,#13459,#13460,
#13461,#13462,#13463,#13464,#13465,#13466,#13467,#13468,#13469,#13470,#13471,
#13472,#13473,#13474,#13475,#13476,#13477),#14134,.F.);
#14882=ADVANCED_FACE('',(#13478),#14135,.F.);
#14883=ADVANCED_FACE('',(#13479),#14136,.F.);
#14884=ADVANCED_FACE('',(#13480),#14137,.T.);
#14885=ADVANCED_FACE('',(#13481),#14138,.T.);
#14886=ADVANCED_FACE('',(#13482),#14139,.T.);
#14887=ADVANCED_FACE('',(#13483),#14140,.T.);
#14888=ADVANCED_FACE('',(#13484),#14141,.T.);
#14889=ADVANCED_FACE('',(#13485),#14142,.T.);
#14890=ADVANCED_FACE('',(#13486),#14143,.T.);
#14891=ADVANCED_FACE('',(#13487),#14144,.T.);
#14892=ADVANCED_FACE('',(#13488),#14145,.T.);
#14893=ADVANCED_FACE('',(#13489),#14146,.T.);
#14894=ADVANCED_FACE('',(#13490),#14147,.T.);
#14895=ADVANCED_FACE('',(#13491),#14148,.T.);
#14896=ADVANCED_FACE('',(#13492),#14149,.T.);
#14897=ADVANCED_FACE('',(#13493),#14150,.T.);
#14898=ADVANCED_FACE('',(#13494),#14151,.T.);
#14899=ADVANCED_FACE('',(#13495),#14152,.T.);
#14900=ADVANCED_FACE('',(#13496),#14153,.T.);
#14901=ADVANCED_FACE('',(#13497),#14154,.T.);
#14902=ADVANCED_FACE('',(#13498),#14155,.T.);
#14903=ADVANCED_FACE('',(#13499),#14156,.T.);
#14904=ADVANCED_FACE('',(#13500),#14157,.T.);
#14905=ADVANCED_FACE('',(#13501),#14158,.T.);
#14906=ADVANCED_FACE('',(#13502),#14159,.T.);
#14907=ADVANCED_FACE('',(#13503),#14160,.T.);
#14908=ADVANCED_FACE('',(#13504),#14161,.T.);
#14909=ADVANCED_FACE('',(#13505),#14162,.T.);
#14910=ADVANCED_FACE('',(#13506),#14163,.T.);
#14911=ADVANCED_FACE('',(#13507),#14164,.T.);
#14912=ADVANCED_FACE('',(#13508),#14165,.T.);
#14913=ADVANCED_FACE('',(#13509),#14166,.T.);
#14914=ADVANCED_FACE('',(#13510),#14167,.T.);
#14915=ADVANCED_FACE('',(#13511),#14168,.T.);
#14916=ADVANCED_FACE('',(#13512),#14169,.T.);
#14917=ADVANCED_FACE('',(#13513),#14170,.T.);
#14918=ADVANCED_FACE('',(#13514),#14171,.T.);
#14919=ADVANCED_FACE('',(#13515),#14172,.T.);
#14920=ADVANCED_FACE('',(#13516),#14173,.T.);
#14921=ADVANCED_FACE('',(#13517),#14174,.T.);
#14922=ADVANCED_FACE('',(#13518),#14175,.T.);
#14923=ADVANCED_FACE('',(#13519),#14176,.T.);
#14924=ADVANCED_FACE('',(#13520),#14177,.T.);
#14925=ADVANCED_FACE('',(#13521),#14178,.T.);
#14926=ADVANCED_FACE('',(#13522),#14179,.T.);
#14927=ADVANCED_FACE('',(#13523),#14180,.T.);
#14928=ADVANCED_FACE('',(#13524),#14181,.T.);
#14929=ADVANCED_FACE('',(#13525),#14182,.T.);
#14930=ADVANCED_FACE('',(#13526),#14183,.T.);
#14931=ADVANCED_FACE('',(#13527),#14184,.T.);
#14932=ADVANCED_FACE('',(#13528),#14185,.T.);
#14933=ADVANCED_FACE('',(#13529),#14186,.T.);
#14934=ADVANCED_FACE('',(#13530),#14187,.T.);
#14935=ADVANCED_FACE('',(#13531),#14188,.T.);
#14936=ADVANCED_FACE('',(#13532),#14189,.T.);
#14937=ADVANCED_FACE('',(#13533),#14190,.T.);
#14938=ADVANCED_FACE('',(#13534),#14191,.T.);
#14939=ADVANCED_FACE('',(#13535),#14192,.T.);
#14940=ADVANCED_FACE('',(#13536),#14193,.T.);
#14941=ADVANCED_FACE('',(#13537),#14194,.T.);
#14942=ADVANCED_FACE('',(#13538),#14195,.T.);
#14943=ADVANCED_FACE('',(#13539),#14196,.T.);
#14944=ADVANCED_FACE('',(#13540),#14197,.T.);
#14945=ADVANCED_FACE('',(#13541),#14198,.T.);
#14946=ADVANCED_FACE('',(#13542),#14199,.T.);
#14947=ADVANCED_FACE('',(#13543),#14200,.T.);
#14948=ADVANCED_FACE('',(#13544),#14201,.T.);
#14949=ADVANCED_FACE('',(#13545),#14202,.T.);
#14950=ADVANCED_FACE('',(#13546),#14203,.T.);
#14951=ADVANCED_FACE('',(#13547),#14204,.T.);
#14952=ADVANCED_FACE('',(#13548),#14205,.T.);
#14953=ADVANCED_FACE('',(#13549),#14206,.T.);
#14954=ADVANCED_FACE('',(#13550),#14207,.T.);
#14955=ADVANCED_FACE('',(#13551),#14208,.T.);
#14956=ADVANCED_FACE('',(#13552),#14209,.T.);
#14957=ADVANCED_FACE('',(#13553),#14210,.T.);
#14958=ADVANCED_FACE('',(#13554),#14211,.T.);
#14959=ADVANCED_FACE('',(#13555),#14212,.T.);
#14960=ADVANCED_FACE('',(#13556),#14213,.T.);
#14961=ADVANCED_FACE('',(#13557),#14214,.T.);
#14962=ADVANCED_FACE('',(#13558),#14215,.T.);
#14963=ADVANCED_FACE('',(#13559),#14216,.T.);
#14964=ADVANCED_FACE('',(#13560),#14217,.T.);
#14965=ADVANCED_FACE('',(#13561),#14218,.T.);
#14966=ADVANCED_FACE('',(#13562),#14219,.T.);
#14967=ADVANCED_FACE('',(#13563),#14220,.T.);
#14968=ADVANCED_FACE('',(#13564),#14221,.T.);
#14969=ADVANCED_FACE('',(#13565),#14222,.T.);
#14970=ADVANCED_FACE('',(#13566),#14223,.T.);
#14971=ADVANCED_FACE('',(#13567),#14224,.T.);
#14972=ADVANCED_FACE('',(#13568),#14225,.T.);
#14973=ADVANCED_FACE('',(#13569),#14226,.T.);
#14974=ADVANCED_FACE('',(#13570),#14227,.T.);
#14975=CLOSED_SHELL('',(#14228,#14229,#14230,#14231,#14232,#14233,#14234,
#14235,#14236,#14237,#14238,#14239,#14240,#14241,#14242,#14243,#14244,#14245,
#14246,#14247,#14248,#14249,#14250,#14251,#14252,#14253,#14254,#14255,#14256,
#14257,#14258,#14259,#14260,#14261,#14262,#14263,#14264,#14265,#14266,#14267,
#14268,#14269,#14270,#14271,#14272,#14273,#14274,#14275,#14276,#14277,#14278,
#14279,#14280,#14281,#14282,#14283,#14284,#14285,#14286,#14287,#14288,#14289,
#14290,#14291,#14292,#14293,#14294,#14295,#14296,#14297,#14298,#14299,#14300,
#14301,#14302,#14303,#14304,#14305,#14306,#14307,#14308,#14309,#14310,#14311,
#14312,#14313,#14314,#14315,#14316,#14317,#14318,#14319,#14320,#14321,#14322,
#14323,#14324,#14325,#14326,#14327,#14328,#14329,#14330,#14331,#14332,#14333,
#14334,#14335,#14336,#14337,#14338,#14339,#14340,#14341,#14342,#14343,#14344,
#14345,#14346,#14347,#14348,#14349,#14350,#14351,#14352,#14353,#14354,#14355,
#14356,#14357,#14358,#14359,#14360,#14361,#14362,#14363,#14364,#14365,#14366,
#14367,#14368,#14369,#14370,#14371,#14372,#14373,#14374,#14375,#14376,#14377,
#14378,#14379,#14380,#14381,#14382,#14383,#14384,#14385,#14386,#14387,#14388,
#14389,#14390,#14391,#14392,#14393,#14394,#14395,#14396,#14397,#14398,#14399,
#14400,#14401,#14402,#14403,#14404,#14405,#14406,#14407,#14408,#14409,#14410,
#14411,#14412,#14413,#14414,#14415,#14416,#14417,#14418,#14419,#14420,#14421,
#14422,#14423,#14424,#14425,#14426,#14427,#14428,#14429,#14430,#14431,#14432,
#14433,#14434,#14435,#14436,#14437,#14438,#14439,#14440,#14441,#14442,#14443,
#14444,#14445,#14446,#14447,#14448,#14449,#14450,#14451,#14452,#14453,#14454,
#14455,#14456,#14457,#14458,#14459,#14460,#14461,#14462,#14463,#14464,#14465,
#14466,#14467,#14468,#14469,#14470,#14471,#14472,#14473));
#14976=CLOSED_SHELL('',(#14474,#14475,#14476,#14477,#14478,#14479,#14480,
#14481,#14482,#14483,#14484,#14485,#14486,#14487,#14488,#14489,#14490,#14491,
#14492,#14493,#14494,#14495,#14496,#14497,#14498,#14499,#14500,#14501,#14502,
#14503,#14504,#14505,#14506,#14507,#14508,#14509,#14510,#14511,#14512,#14513,
#14514,#14515,#14516,#14517,#14518,#14519,#14520,#14521,#14522,#14523,#14524,
#14525,#14526,#14527,#14528,#14529,#14530,#14531,#14532,#14533,#14534,#14535,
#14536,#14537,#14538,#14539,#14540,#14541,#14542,#14543,#14544,#14545,#14546,
#14547,#14548,#14549,#14550,#14551,#14552,#14553,#14554,#14555,#14556,#14557,
#14558,#14559,#14560,#14561,#14562,#14563,#14564,#14565,#14566,#14567,#14568,
#14569,#14570,#14571,#14572,#14573,#14574,#14575,#14576,#14577,#14578,#14579,
#14580,#14581,#14582,#14583,#14584,#14585,#14586,#14587,#14588,#14589,#14590,
#14591,#14592,#14593,#14594,#14595,#14596,#14597,#14598,#14599,#14600,#14601,
#14602,#14603,#14604,#14605,#14606,#14607,#14608,#14609,#14610,#14611,#14612,
#14613,#14614,#14615,#14616,#14617,#14618,#14619,#14620,#14621,#14622,#14623,
#14624,#14625,#14626,#14627,#14628,#14629,#14630,#14631,#14632,#14633,#14634,
#14635,#14636,#14637,#14638,#14639,#14640,#14641,#14642,#14643,#14644,#14645,
#14646,#14647,#14648,#14649,#14650,#14651,#14652,#14653,#14654,#14655,#14656,
#14657,#14658,#14659,#14660,#14661,#14662,#14663,#14664,#14665,#14666,#14667,
#14668,#14669,#14670,#14671,#14672,#14673,#14674,#14675,#14676,#14677,#14678,
#14679,#14680,#14681,#14682,#14683,#14684,#14685,#14686,#14687,#14688,#14689,
#14690,#14691,#14692,#14693,#14694,#14695,#14696,#14697,#14698,#14699,#14700,
#14701,#14702,#14703,#14704,#14705,#14706,#14707,#14708,#14709,#14710,#14711,
#14712,#14713,#14714,#14715,#14716,#14717,#14718,#14719,#14720,#14721,#14722,
#14723,#14724,#14725,#14726,#14727,#14728,#14729,#14730,#14731,#14732,#14733,
#14734,#14735,#14736,#14737,#14738,#14739,#14740,#14741,#14742,#14743,#14744,
#14745,#14746,#14747,#14748,#14749,#14750,#14751,#14752,#14753,#14754,#14755,
#14756,#14757,#14758,#14759,#14760,#14761,#14762,#14763,#14764,#14765,#14766,
#14767,#14768,#14769,#14770,#14771,#14772,#14773,#14774,#14775,#14776,#14777,
#14778,#14779,#14780,#14781,#14782,#14783,#14784,#14785,#14786,#14787,#14788,
#14789,#14790,#14791,#14792,#14793,#14794,#14795,#14796,#14797,#14798,#14799,
#14800,#14801,#14802,#14803,#14804,#14805,#14806,#14807,#14808,#14809,#14810,
#14811,#14812,#14813,#14814,#14815,#14816,#14817,#14818,#14819,#14820,#14821,
#14822,#14823,#14824,#14825,#14826,#14827,#14828,#14829,#14830,#14831,#14832,
#14833,#14834,#14835,#14836,#14837,#14838,#14839,#14840,#14841,#14842,#14843,
#14844,#14845,#14846,#14847,#14848,#14849,#14850,#14851,#14852,#14853,#14854,
#14855,#14856,#14857,#14858,#14859,#14860,#14861,#14862,#14863,#14864,#14865,
#14866,#14867,#14868,#14869,#14870,#14871,#14872,#14873,#14874,#14875,#14876,
#14877,#14878,#14879,#14880,#14881,#14882,#14883,#14884,#14885,#14886,#14887,
#14888,#14889,#14890,#14891,#14892,#14893,#14894,#14895,#14896,#14897,#14898,
#14899,#14900,#14901,#14902,#14903,#14904,#14905,#14906,#14907,#14908,#14909,
#14910,#14911,#14912,#14913,#14914,#14915,#14916,#14917,#14918,#14919,#14920,
#14921,#14922,#14923,#14924,#14925,#14926,#14927,#14928,#14929,#14930,#14931,
#14932,#14933,#14934,#14935,#14936,#14937,#14938,#14939,#14940,#14941,#14942,
#14943,#14944,#14945,#14946,#14947,#14948,#14949,#14950,#14951,#14952,#14953,
#14954,#14955,#14956,#14957,#14958,#14959,#14960,#14961,#14962,#14963,#14964,
#14965,#14966,#14967,#14968,#14969,#14970,#14971,#14972,#14973,#14974));
#14977=STYLED_ITEM('',(#14979),#14992);
#14978=STYLED_ITEM('',(#14980),#14993);
#14979=PRESENTATION_STYLE_ASSIGNMENT((#14981));
#14980=PRESENTATION_STYLE_ASSIGNMENT((#14982));
#14981=SURFACE_STYLE_USAGE(.BOTH.,#14983);
#14982=SURFACE_STYLE_USAGE(.BOTH.,#14984);
#14983=SURFACE_SIDE_STYLE('',(#14985));
#14984=SURFACE_SIDE_STYLE('',(#14986));
#14985=SURFACE_STYLE_FILL_AREA(#14987);
#14986=SURFACE_STYLE_FILL_AREA(#14988);
#14987=FILL_AREA_STYLE('',(#14989));
#14988=FILL_AREA_STYLE('',(#14990));
#14989=FILL_AREA_STYLE_COLOUR('',#14991);
#14990=FILL_AREA_STYLE_COLOUR('',#288);
#14991=COLOUR_RGB('',0.689999997615814,0.689999997615814,0.689999997615814);
#14992=MANIFOLD_SOLID_BREP('T1SSW-115-22-S-T-RA',#14975);
#14993=MANIFOLD_SOLID_BREP('P2SSW-115-22-S-T-RA',#14976);
#14994=SHAPE_DEFINITION_REPRESENTATION(#23957,#14997);
#14995=SHAPE_DEFINITION_REPRESENTATION(#23958,#14998);
#14996=SHAPE_DEFINITION_REPRESENTATION(#23960,#14999);
#14997=SHAPE_REPRESENTATION('SSW-115-22-S-T-RA',(#15000,#15247,#15929),
#23945);
#14998=SHAPE_REPRESENTATION('T1SSW-115-22-S-T-RA',(#15000),#23946);
#14999=SHAPE_REPRESENTATION('P2SSW-115-22-S-T-RA',(#15000),#23947);
#15000=AXIS2_PLACEMENT_3D('',#19704,#15930,#15931);
#15001=AXIS2_PLACEMENT_3D('',#19705,#15932,#15933);
#15002=AXIS2_PLACEMENT_3D('',#19834,#15998,#15999);
#15003=AXIS2_PLACEMENT_3D('',#19963,#16064,#16065);
#15004=AXIS2_PLACEMENT_3D('',#19972,#16070,#16071);
#15005=AXIS2_PLACEMENT_3D('',#19978,#16075,#16076);
#15006=AXIS2_PLACEMENT_3D('',#19984,#16080,#16081);
#15007=AXIS2_PLACEMENT_3D('',#19993,#16086,#16087);
#15008=AXIS2_PLACEMENT_3D('',#19999,#16091,#16092);
#15009=AXIS2_PLACEMENT_3D('',#20005,#16096,#16097);
#15010=AXIS2_PLACEMENT_3D('',#20014,#16102,#16103);
#15011=AXIS2_PLACEMENT_3D('',#20020,#16107,#16108);
#15012=AXIS2_PLACEMENT_3D('',#20026,#16112,#16113);
#15013=AXIS2_PLACEMENT_3D('',#20035,#16118,#16119);
#15014=AXIS2_PLACEMENT_3D('',#20041,#16123,#16124);
#15015=AXIS2_PLACEMENT_3D('',#20047,#16128,#16129);
#15016=AXIS2_PLACEMENT_3D('',#20056,#16134,#16135);
#15017=AXIS2_PLACEMENT_3D('',#20062,#16139,#16140);
#15018=AXIS2_PLACEMENT_3D('',#20068,#16144,#16145);
#15019=AXIS2_PLACEMENT_3D('',#20077,#16150,#16151);
#15020=AXIS2_PLACEMENT_3D('',#20083,#16155,#16156);
#15021=AXIS2_PLACEMENT_3D('',#20089,#16160,#16161);
#15022=AXIS2_PLACEMENT_3D('',#20098,#16166,#16167);
#15023=AXIS2_PLACEMENT_3D('',#20104,#16171,#16172);
#15024=AXIS2_PLACEMENT_3D('',#20110,#16176,#16177);
#15025=AXIS2_PLACEMENT_3D('',#20119,#16182,#16183);
#15026=AXIS2_PLACEMENT_3D('',#20125,#16187,#16188);
#15027=AXIS2_PLACEMENT_3D('',#20131,#16192,#16193);
#15028=AXIS2_PLACEMENT_3D('',#20140,#16198,#16199);
#15029=AXIS2_PLACEMENT_3D('',#20146,#16203,#16204);
#15030=AXIS2_PLACEMENT_3D('',#20152,#16208,#16209);
#15031=AXIS2_PLACEMENT_3D('',#20161,#16214,#16215);
#15032=AXIS2_PLACEMENT_3D('',#20167,#16219,#16220);
#15033=AXIS2_PLACEMENT_3D('',#20173,#16224,#16225);
#15034=AXIS2_PLACEMENT_3D('',#20182,#16230,#16231);
#15035=AXIS2_PLACEMENT_3D('',#20188,#16235,#16236);
#15036=AXIS2_PLACEMENT_3D('',#20194,#16240,#16241);
#15037=AXIS2_PLACEMENT_3D('',#20203,#16246,#16247);
#15038=AXIS2_PLACEMENT_3D('',#20209,#16251,#16252);
#15039=AXIS2_PLACEMENT_3D('',#20215,#16256,#16257);
#15040=AXIS2_PLACEMENT_3D('',#20224,#16262,#16263);
#15041=AXIS2_PLACEMENT_3D('',#20230,#16267,#16268);
#15042=AXIS2_PLACEMENT_3D('',#20236,#16272,#16273);
#15043=AXIS2_PLACEMENT_3D('',#20245,#16278,#16279);
#15044=AXIS2_PLACEMENT_3D('',#20251,#16283,#16284);
#15045=AXIS2_PLACEMENT_3D('',#20257,#16288,#16289);
#15046=AXIS2_PLACEMENT_3D('',#20266,#16294,#16295);
#15047=AXIS2_PLACEMENT_3D('',#20272,#16299,#16300);
#15048=AXIS2_PLACEMENT_3D('',#20278,#16304,#16305);
#15049=AXIS2_PLACEMENT_3D('',#20287,#16310,#16311);
#15050=AXIS2_PLACEMENT_3D('',#20293,#16315,#16316);
#15051=AXIS2_PLACEMENT_3D('',#20299,#16320,#16321);
#15052=AXIS2_PLACEMENT_3D('',#20308,#16326,#16327);
#15053=AXIS2_PLACEMENT_3D('',#20314,#16331,#16332);
#15054=AXIS2_PLACEMENT_3D('',#20320,#16336,#16337);
#15055=AXIS2_PLACEMENT_3D('',#20329,#16342,#16343);
#15056=AXIS2_PLACEMENT_3D('',#20335,#16347,#16348);
#15057=AXIS2_PLACEMENT_3D('',#20341,#16352,#16353);
#15058=AXIS2_PLACEMENT_3D('',#20350,#16358,#16359);
#15059=AXIS2_PLACEMENT_3D('',#20356,#16363,#16364);
#15060=AXIS2_PLACEMENT_3D('',#20362,#16368,#16369);
#15061=AXIS2_PLACEMENT_3D('',#20371,#16374,#16375);
#15062=AXIS2_PLACEMENT_3D('',#20377,#16379,#16380);
#15063=AXIS2_PLACEMENT_3D('',#20383,#16384,#16385);
#15064=AXIS2_PLACEMENT_3D('',#20392,#16390,#16391);
#15065=AXIS2_PLACEMENT_3D('',#20398,#16395,#16396);
#15066=AXIS2_PLACEMENT_3D('',#20404,#16400,#16401);
#15067=AXIS2_PLACEMENT_3D('',#20413,#16406,#16407);
#15068=AXIS2_PLACEMENT_3D('',#20419,#16411,#16412);
#15069=AXIS2_PLACEMENT_3D('',#20425,#16416,#16417);
#15070=AXIS2_PLACEMENT_3D('',#20434,#16422,#16423);
#15071=AXIS2_PLACEMENT_3D('',#20440,#16427,#16428);
#15072=AXIS2_PLACEMENT_3D('',#20446,#16432,#16433);
#15073=AXIS2_PLACEMENT_3D('',#20455,#16438,#16439);
#15074=AXIS2_PLACEMENT_3D('',#20461,#16443,#16444);
#15075=AXIS2_PLACEMENT_3D('',#20467,#16448,#16449);
#15076=AXIS2_PLACEMENT_3D('',#20476,#16454,#16455);
#15077=AXIS2_PLACEMENT_3D('',#20482,#16459,#16460);
#15078=AXIS2_PLACEMENT_3D('',#20488,#16464,#16465);
#15079=AXIS2_PLACEMENT_3D('',#20497,#16470,#16471);
#15080=AXIS2_PLACEMENT_3D('',#20503,#16475,#16476);
#15081=AXIS2_PLACEMENT_3D('',#20509,#16480,#16481);
#15082=AXIS2_PLACEMENT_3D('',#20518,#16486,#16487);
#15083=AXIS2_PLACEMENT_3D('',#20524,#16491,#16492);
#15084=AXIS2_PLACEMENT_3D('',#20530,#16496,#16497);
#15085=AXIS2_PLACEMENT_3D('',#20539,#16502,#16503);
#15086=AXIS2_PLACEMENT_3D('',#20545,#16507,#16508);
#15087=AXIS2_PLACEMENT_3D('',#20551,#16512,#16513);
#15088=AXIS2_PLACEMENT_3D('',#20560,#16518,#16519);
#15089=AXIS2_PLACEMENT_3D('',#20566,#16523,#16524);
#15090=AXIS2_PLACEMENT_3D('',#20572,#16528,#16529);
#15091=AXIS2_PLACEMENT_3D('',#20581,#16534,#16535);
#15092=AXIS2_PLACEMENT_3D('',#20587,#16539,#16540);
#15093=AXIS2_PLACEMENT_3D('',#20593,#16544,#16545);
#15094=AXIS2_PLACEMENT_3D('',#20602,#16550,#16551);
#15095=AXIS2_PLACEMENT_3D('',#20608,#16555,#16556);
#15096=AXIS2_PLACEMENT_3D('',#20614,#16560,#16561);
#15097=AXIS2_PLACEMENT_3D('',#20623,#16566,#16567);
#15098=AXIS2_PLACEMENT_3D('',#20629,#16571,#16572);
#15099=AXIS2_PLACEMENT_3D('',#20635,#16576,#16577);
#15100=AXIS2_PLACEMENT_3D('',#20644,#16582,#16583);
#15101=AXIS2_PLACEMENT_3D('',#20650,#16587,#16588);
#15102=AXIS2_PLACEMENT_3D('',#20656,#16592,#16593);
#15103=AXIS2_PLACEMENT_3D('',#20665,#16598,#16599);
#15104=AXIS2_PLACEMENT_3D('',#20671,#16603,#16604);
#15105=AXIS2_PLACEMENT_3D('',#20677,#16608,#16609);
#15106=AXIS2_PLACEMENT_3D('',#20686,#16614,#16615);
#15107=AXIS2_PLACEMENT_3D('',#20692,#16619,#16620);
#15108=AXIS2_PLACEMENT_3D('',#20698,#16624,#16625);
#15109=AXIS2_PLACEMENT_3D('',#20707,#16630,#16631);
#15110=AXIS2_PLACEMENT_3D('',#20713,#16635,#16636);
#15111=AXIS2_PLACEMENT_3D('',#20719,#16640,#16641);
#15112=AXIS2_PLACEMENT_3D('',#20728,#16646,#16647);
#15113=AXIS2_PLACEMENT_3D('',#20734,#16651,#16652);
#15114=AXIS2_PLACEMENT_3D('',#20740,#16656,#16657);
#15115=AXIS2_PLACEMENT_3D('',#20749,#16662,#16663);
#15116=AXIS2_PLACEMENT_3D('',#20755,#16667,#16668);
#15117=AXIS2_PLACEMENT_3D('',#20761,#16672,#16673);
#15118=AXIS2_PLACEMENT_3D('',#20770,#16678,#16679);
#15119=AXIS2_PLACEMENT_3D('',#20776,#16683,#16684);
#15120=AXIS2_PLACEMENT_3D('',#20782,#16688,#16689);
#15121=AXIS2_PLACEMENT_3D('',#20791,#16694,#16695);
#15122=AXIS2_PLACEMENT_3D('',#20797,#16699,#16700);
#15123=AXIS2_PLACEMENT_3D('',#20803,#16704,#16705);
#15124=AXIS2_PLACEMENT_3D('',#20812,#16710,#16711);
#15125=AXIS2_PLACEMENT_3D('',#20818,#16715,#16716);
#15126=AXIS2_PLACEMENT_3D('',#20824,#16720,#16721);
#15127=AXIS2_PLACEMENT_3D('',#20833,#16726,#16727);
#15128=AXIS2_PLACEMENT_3D('',#20839,#16731,#16732);
#15129=AXIS2_PLACEMENT_3D('',#20845,#16736,#16737);
#15130=AXIS2_PLACEMENT_3D('',#20854,#16742,#16743);
#15131=AXIS2_PLACEMENT_3D('',#20860,#16747,#16748);
#15132=AXIS2_PLACEMENT_3D('',#20866,#16752,#16753);
#15133=AXIS2_PLACEMENT_3D('',#20875,#16758,#16759);
#15134=AXIS2_PLACEMENT_3D('',#20881,#16763,#16764);
#15135=AXIS2_PLACEMENT_3D('',#20887,#16768,#16769);
#15136=AXIS2_PLACEMENT_3D('',#20896,#16774,#16775);
#15137=AXIS2_PLACEMENT_3D('',#20902,#16779,#16780);
#15138=AXIS2_PLACEMENT_3D('',#20908,#16784,#16785);
#15139=AXIS2_PLACEMENT_3D('',#20911,#16788,#16789);
#15140=AXIS2_PLACEMENT_3D('',#20914,#16792,#16793);
#15141=AXIS2_PLACEMENT_3D('',#20917,#16796,#16797);
#15142=AXIS2_PLACEMENT_3D('',#20920,#16800,#16801);
#15143=AXIS2_PLACEMENT_3D('',#20923,#16804,#16805);
#15144=AXIS2_PLACEMENT_3D('',#20926,#16808,#16809);
#15145=AXIS2_PLACEMENT_3D('',#20929,#16812,#16813);
#15146=AXIS2_PLACEMENT_3D('',#20932,#16816,#16817);
#15147=AXIS2_PLACEMENT_3D('',#20935,#16820,#16821);
#15148=AXIS2_PLACEMENT_3D('',#20938,#16824,#16825);
#15149=AXIS2_PLACEMENT_3D('',#20941,#16828,#16829);
#15150=AXIS2_PLACEMENT_3D('',#20944,#16832,#16833);
#15151=AXIS2_PLACEMENT_3D('',#20947,#16836,#16837);
#15152=AXIS2_PLACEMENT_3D('',#20950,#16840,#16841);
#15153=AXIS2_PLACEMENT_3D('',#20953,#16844,#16845);
#15154=AXIS2_PLACEMENT_3D('',#20956,#16848,#16849);
#15155=AXIS2_PLACEMENT_3D('',#20959,#16852,#16853);
#15156=AXIS2_PLACEMENT_3D('',#20962,#16856,#16857);
#15157=AXIS2_PLACEMENT_3D('',#20965,#16860,#16861);
#15158=AXIS2_PLACEMENT_3D('',#20968,#16864,#16865);
#15159=AXIS2_PLACEMENT_3D('',#20971,#16868,#16869);
#15160=AXIS2_PLACEMENT_3D('',#20974,#16872,#16873);
#15161=AXIS2_PLACEMENT_3D('',#20977,#16876,#16877);
#15162=AXIS2_PLACEMENT_3D('',#20980,#16880,#16881);
#15163=AXIS2_PLACEMENT_3D('',#20983,#16884,#16885);
#15164=AXIS2_PLACEMENT_3D('',#20986,#16888,#16889);
#15165=AXIS2_PLACEMENT_3D('',#20989,#16892,#16893);
#15166=AXIS2_PLACEMENT_3D('',#20992,#16896,#16897);
#15167=AXIS2_PLACEMENT_3D('',#20995,#16900,#16901);
#15168=AXIS2_PLACEMENT_3D('',#20998,#16904,#16905);
#15169=AXIS2_PLACEMENT_3D('',#21001,#16908,#16909);
#15170=AXIS2_PLACEMENT_3D('',#21004,#16912,#16913);
#15171=AXIS2_PLACEMENT_3D('',#21007,#16916,#16917);
#15172=AXIS2_PLACEMENT_3D('',#21010,#16920,#16921);
#15173=AXIS2_PLACEMENT_3D('',#21013,#16924,#16925);
#15174=AXIS2_PLACEMENT_3D('',#21016,#16928,#16929);
#15175=AXIS2_PLACEMENT_3D('',#21019,#16932,#16933);
#15176=AXIS2_PLACEMENT_3D('',#21022,#16936,#16937);
#15177=AXIS2_PLACEMENT_3D('',#21025,#16940,#16941);
#15178=AXIS2_PLACEMENT_3D('',#21028,#16944,#16945);
#15179=AXIS2_PLACEMENT_3D('',#21031,#16948,#16949);
#15180=AXIS2_PLACEMENT_3D('',#21034,#16952,#16953);
#15181=AXIS2_PLACEMENT_3D('',#21037,#16956,#16957);
#15182=AXIS2_PLACEMENT_3D('',#21040,#16960,#16961);
#15183=AXIS2_PLACEMENT_3D('',#21043,#16964,#16965);
#15184=AXIS2_PLACEMENT_3D('',#21046,#16968,#16969);
#15185=AXIS2_PLACEMENT_3D('',#21049,#16972,#16973);
#15186=AXIS2_PLACEMENT_3D('',#21052,#16976,#16977);
#15187=AXIS2_PLACEMENT_3D('',#21055,#16980,#16981);
#15188=AXIS2_PLACEMENT_3D('',#21058,#16984,#16985);
#15189=AXIS2_PLACEMENT_3D('',#21061,#16988,#16989);
#15190=AXIS2_PLACEMENT_3D('',#21064,#16992,#16993);
#15191=AXIS2_PLACEMENT_3D('',#21067,#16996,#16997);
#15192=AXIS2_PLACEMENT_3D('',#21070,#17000,#17001);
#15193=AXIS2_PLACEMENT_3D('',#21073,#17004,#17005);
#15194=AXIS2_PLACEMENT_3D('',#21076,#17008,#17009);
#15195=AXIS2_PLACEMENT_3D('',#21079,#17012,#17013);
#15196=AXIS2_PLACEMENT_3D('',#21082,#17016,#17017);
#15197=AXIS2_PLACEMENT_3D('',#21085,#17020,#17021);
#15198=AXIS2_PLACEMENT_3D('',#21088,#17024,#17025);
#15199=AXIS2_PLACEMENT_3D('',#21091,#17028,#17029);
#15200=AXIS2_PLACEMENT_3D('',#21093,#17031,#17032);
#15201=AXIS2_PLACEMENT_3D('',#21095,#17034,#17035);
#15202=AXIS2_PLACEMENT_3D('',#21096,#17036,#17037);
#15203=AXIS2_PLACEMENT_3D('',#21098,#17039,#17040);
#15204=AXIS2_PLACEMENT_3D('',#21100,#17042,#17043);
#15205=AXIS2_PLACEMENT_3D('',#21101,#17044,#17045);
#15206=AXIS2_PLACEMENT_3D('',#21103,#17047,#17048);
#15207=AXIS2_PLACEMENT_3D('',#21105,#17050,#17051);
#15208=AXIS2_PLACEMENT_3D('',#21106,#17052,#17053);
#15209=AXIS2_PLACEMENT_3D('',#21108,#17055,#17056);
#15210=AXIS2_PLACEMENT_3D('',#21110,#17058,#17059);
#15211=AXIS2_PLACEMENT_3D('',#21111,#17060,#17061);
#15212=AXIS2_PLACEMENT_3D('',#21113,#17063,#17064);
#15213=AXIS2_PLACEMENT_3D('',#21115,#17066,#17067);
#15214=AXIS2_PLACEMENT_3D('',#21116,#17068,#17069);
#15215=AXIS2_PLACEMENT_3D('',#21118,#17071,#17072);
#15216=AXIS2_PLACEMENT_3D('',#21120,#17074,#17075);
#15217=AXIS2_PLACEMENT_3D('',#21121,#17076,#17077);
#15218=AXIS2_PLACEMENT_3D('',#21123,#17079,#17080);
#15219=AXIS2_PLACEMENT_3D('',#21125,#17082,#17083);
#15220=AXIS2_PLACEMENT_3D('',#21126,#17084,#17085);
#15221=AXIS2_PLACEMENT_3D('',#21128,#17087,#17088);
#15222=AXIS2_PLACEMENT_3D('',#21130,#17090,#17091);
#15223=AXIS2_PLACEMENT_3D('',#21131,#17092,#17093);
#15224=AXIS2_PLACEMENT_3D('',#21133,#17095,#17096);
#15225=AXIS2_PLACEMENT_3D('',#21135,#17098,#17099);
#15226=AXIS2_PLACEMENT_3D('',#21136,#17100,#17101);
#15227=AXIS2_PLACEMENT_3D('',#21138,#17103,#17104);
#15228=AXIS2_PLACEMENT_3D('',#21140,#17106,#17107);
#15229=AXIS2_PLACEMENT_3D('',#21141,#17108,#17109);
#15230=AXIS2_PLACEMENT_3D('',#21143,#17111,#17112);
#15231=AXIS2_PLACEMENT_3D('',#21145,#17114,#17115);
#15232=AXIS2_PLACEMENT_3D('',#21146,#17116,#17117);
#15233=AXIS2_PLACEMENT_3D('',#21148,#17119,#17120);
#15234=AXIS2_PLACEMENT_3D('',#21150,#17122,#17123);
#15235=AXIS2_PLACEMENT_3D('',#21151,#17124,#17125);
#15236=AXIS2_PLACEMENT_3D('',#21153,#17127,#17128);
#15237=AXIS2_PLACEMENT_3D('',#21155,#17130,#17131);
#15238=AXIS2_PLACEMENT_3D('',#21156,#17132,#17133);
#15239=AXIS2_PLACEMENT_3D('',#21158,#17135,#17136);
#15240=AXIS2_PLACEMENT_3D('',#21160,#17138,#17139);
#15241=AXIS2_PLACEMENT_3D('',#21161,#17140,#17141);
#15242=AXIS2_PLACEMENT_3D('',#21163,#17143,#17144);
#15243=AXIS2_PLACEMENT_3D('',#21165,#17146,#17147);
#15244=AXIS2_PLACEMENT_3D('',#21166,#17148,#17149);
#15245=AXIS2_PLACEMENT_3D('',#21169,#17152,#17153);
#15246=AXIS2_PLACEMENT_3D('',#21170,#17154,#17155);
#15247=AXIS2_PLACEMENT_3D('',#21171,#17156,#17157);
#15248=AXIS2_PLACEMENT_3D('',#21172,#17158,#17159);
#15249=AXIS2_PLACEMENT_3D('',#21185,#17166,#17167);
#15250=AXIS2_PLACEMENT_3D('',#21198,#17174,#17175);
#15251=AXIS2_PLACEMENT_3D('',#21211,#17182,#17183);
#15252=AXIS2_PLACEMENT_3D('',#21224,#17190,#17191);
#15253=AXIS2_PLACEMENT_3D('',#21237,#17198,#17199);
#15254=AXIS2_PLACEMENT_3D('',#21250,#17206,#17207);
#15255=AXIS2_PLACEMENT_3D('',#21263,#17214,#17215);
#15256=AXIS2_PLACEMENT_3D('',#21276,#17222,#17223);
#15257=AXIS2_PLACEMENT_3D('',#21289,#17230,#17231);
#15258=AXIS2_PLACEMENT_3D('',#21302,#17238,#17239);
#15259=AXIS2_PLACEMENT_3D('',#21315,#17246,#17247);
#15260=AXIS2_PLACEMENT_3D('',#21328,#17254,#17255);
#15261=AXIS2_PLACEMENT_3D('',#21341,#17262,#17263);
#15262=AXIS2_PLACEMENT_3D('',#21354,#17270,#17271);
#15263=AXIS2_PLACEMENT_3D('',#21367,#17278,#17279);
#15264=AXIS2_PLACEMENT_3D('',#21373,#17283,#17284);
#15265=AXIS2_PLACEMENT_3D('',#21379,#17288,#17289);
#15266=AXIS2_PLACEMENT_3D('',#21385,#17293,#17294);
#15267=AXIS2_PLACEMENT_3D('',#21391,#17298,#17299);
#15268=AXIS2_PLACEMENT_3D('',#21397,#17303,#17304);
#15269=AXIS2_PLACEMENT_3D('',#21403,#17308,#17309);
#15270=AXIS2_PLACEMENT_3D('',#21409,#17313,#17314);
#15271=AXIS2_PLACEMENT_3D('',#21415,#17318,#17319);
#15272=AXIS2_PLACEMENT_3D('',#21421,#17323,#17324);
#15273=AXIS2_PLACEMENT_3D('',#21427,#17328,#17329);
#15274=AXIS2_PLACEMENT_3D('',#21433,#17333,#17334);
#15275=AXIS2_PLACEMENT_3D('',#21439,#17338,#17339);
#15276=AXIS2_PLACEMENT_3D('',#21445,#17343,#17344);
#15277=AXIS2_PLACEMENT_3D('',#21451,#17348,#17349);
#15278=AXIS2_PLACEMENT_3D('',#21457,#17353,#17354);
#15279=AXIS2_PLACEMENT_3D('',#21467,#17360,#17361);
#15280=AXIS2_PLACEMENT_3D('',#21477,#17367,#17368);
#15281=AXIS2_PLACEMENT_3D('',#21487,#17374,#17375);
#15282=AXIS2_PLACEMENT_3D('',#21497,#17381,#17382);
#15283=AXIS2_PLACEMENT_3D('',#21507,#17388,#17389);
#15284=AXIS2_PLACEMENT_3D('',#21517,#17395,#17396);
#15285=AXIS2_PLACEMENT_3D('',#21527,#17402,#17403);
#15286=AXIS2_PLACEMENT_3D('',#21537,#17409,#17410);
#15287=AXIS2_PLACEMENT_3D('',#21547,#17416,#17417);
#15288=AXIS2_PLACEMENT_3D('',#21557,#17423,#17424);
#15289=AXIS2_PLACEMENT_3D('',#21567,#17430,#17431);
#15290=AXIS2_PLACEMENT_3D('',#21577,#17437,#17438);
#15291=AXIS2_PLACEMENT_3D('',#21587,#17444,#17445);
#15292=AXIS2_PLACEMENT_3D('',#21597,#17451,#17452);
#15293=AXIS2_PLACEMENT_3D('',#21607,#17458,#17459);
#15294=AXIS2_PLACEMENT_3D('',#21620,#17466,#17467);
#15295=AXIS2_PLACEMENT_3D('',#21633,#17474,#17475);
#15296=AXIS2_PLACEMENT_3D('',#21646,#17482,#17483);
#15297=AXIS2_PLACEMENT_3D('',#21659,#17490,#17491);
#15298=AXIS2_PLACEMENT_3D('',#21672,#17498,#17499);
#15299=AXIS2_PLACEMENT_3D('',#21685,#17506,#17507);
#15300=AXIS2_PLACEMENT_3D('',#21698,#17514,#17515);
#15301=AXIS2_PLACEMENT_3D('',#21711,#17522,#17523);
#15302=AXIS2_PLACEMENT_3D('',#21724,#17530,#17531);
#15303=AXIS2_PLACEMENT_3D('',#21737,#17538,#17539);
#15304=AXIS2_PLACEMENT_3D('',#21750,#17546,#17547);
#15305=AXIS2_PLACEMENT_3D('',#21763,#17554,#17555);
#15306=AXIS2_PLACEMENT_3D('',#21776,#17562,#17563);
#15307=AXIS2_PLACEMENT_3D('',#21789,#17570,#17571);
#15308=AXIS2_PLACEMENT_3D('',#21802,#17578,#17579);
#15309=AXIS2_PLACEMENT_3D('',#21808,#17583,#17584);
#15310=AXIS2_PLACEMENT_3D('',#21814,#17588,#17589);
#15311=AXIS2_PLACEMENT_3D('',#21820,#17593,#17594);
#15312=AXIS2_PLACEMENT_3D('',#21826,#17598,#17599);
#15313=AXIS2_PLACEMENT_3D('',#21832,#17603,#17604);
#15314=AXIS2_PLACEMENT_3D('',#21838,#17608,#17609);
#15315=AXIS2_PLACEMENT_3D('',#21844,#17613,#17614);
#15316=AXIS2_PLACEMENT_3D('',#21850,#17618,#17619);
#15317=AXIS2_PLACEMENT_3D('',#21856,#17623,#17624);
#15318=AXIS2_PLACEMENT_3D('',#21862,#17628,#17629);
#15319=AXIS2_PLACEMENT_3D('',#21868,#17633,#17634);
#15320=AXIS2_PLACEMENT_3D('',#21874,#17638,#17639);
#15321=AXIS2_PLACEMENT_3D('',#21880,#17643,#17644);
#15322=AXIS2_PLACEMENT_3D('',#21886,#17648,#17649);
#15323=AXIS2_PLACEMENT_3D('',#21892,#17653,#17654);
#15324=AXIS2_PLACEMENT_3D('',#21902,#17660,#17661);
#15325=AXIS2_PLACEMENT_3D('',#21912,#17667,#17668);
#15326=AXIS2_PLACEMENT_3D('',#21922,#17674,#17675);
#15327=AXIS2_PLACEMENT_3D('',#21932,#17681,#17682);
#15328=AXIS2_PLACEMENT_3D('',#21942,#17688,#17689);
#15329=AXIS2_PLACEMENT_3D('',#21952,#17695,#17696);
#15330=AXIS2_PLACEMENT_3D('',#21962,#17702,#17703);
#15331=AXIS2_PLACEMENT_3D('',#21972,#17709,#17710);
#15332=AXIS2_PLACEMENT_3D('',#21982,#17716,#17717);
#15333=AXIS2_PLACEMENT_3D('',#21992,#17723,#17724);
#15334=AXIS2_PLACEMENT_3D('',#22002,#17730,#17731);
#15335=AXIS2_PLACEMENT_3D('',#22012,#17737,#17738);
#15336=AXIS2_PLACEMENT_3D('',#22022,#17744,#17745);
#15337=AXIS2_PLACEMENT_3D('',#22032,#17751,#17752);
#15338=AXIS2_PLACEMENT_3D('',#22042,#17758,#17759);
#15339=AXIS2_PLACEMENT_3D('',#22055,#17766,#17767);
#15340=AXIS2_PLACEMENT_3D('',#22068,#17774,#17775);
#15341=AXIS2_PLACEMENT_3D('',#22081,#17782,#17783);
#15342=AXIS2_PLACEMENT_3D('',#22094,#17790,#17791);
#15343=AXIS2_PLACEMENT_3D('',#22107,#17798,#17799);
#15344=AXIS2_PLACEMENT_3D('',#22120,#17806,#17807);
#15345=AXIS2_PLACEMENT_3D('',#22133,#17814,#17815);
#15346=AXIS2_PLACEMENT_3D('',#22146,#17822,#17823);
#15347=AXIS2_PLACEMENT_3D('',#22159,#17830,#17831);
#15348=AXIS2_PLACEMENT_3D('',#22172,#17838,#17839);
#15349=AXIS2_PLACEMENT_3D('',#22185,#17846,#17847);
#15350=AXIS2_PLACEMENT_3D('',#22198,#17854,#17855);
#15351=AXIS2_PLACEMENT_3D('',#22211,#17862,#17863);
#15352=AXIS2_PLACEMENT_3D('',#22224,#17870,#17871);
#15353=AXIS2_PLACEMENT_3D('',#22237,#17878,#17879);
#15354=AXIS2_PLACEMENT_3D('',#22243,#17883,#17884);
#15355=AXIS2_PLACEMENT_3D('',#22249,#17888,#17889);
#15356=AXIS2_PLACEMENT_3D('',#22255,#17893,#17894);
#15357=AXIS2_PLACEMENT_3D('',#22261,#17898,#17899);
#15358=AXIS2_PLACEMENT_3D('',#22267,#17903,#17904);
#15359=AXIS2_PLACEMENT_3D('',#22273,#17908,#17909);
#15360=AXIS2_PLACEMENT_3D('',#22279,#17913,#17914);
#15361=AXIS2_PLACEMENT_3D('',#22285,#17918,#17919);
#15362=AXIS2_PLACEMENT_3D('',#22291,#17923,#17924);
#15363=AXIS2_PLACEMENT_3D('',#22297,#17928,#17929);
#15364=AXIS2_PLACEMENT_3D('',#22303,#17933,#17934);
#15365=AXIS2_PLACEMENT_3D('',#22309,#17938,#17939);
#15366=AXIS2_PLACEMENT_3D('',#22315,#17943,#17944);
#15367=AXIS2_PLACEMENT_3D('',#22321,#17948,#17949);
#15368=AXIS2_PLACEMENT_3D('',#22327,#17953,#17954);
#15369=AXIS2_PLACEMENT_3D('',#22337,#17960,#17961);
#15370=AXIS2_PLACEMENT_3D('',#22347,#17967,#17968);
#15371=AXIS2_PLACEMENT_3D('',#22357,#17974,#17975);
#15372=AXIS2_PLACEMENT_3D('',#22367,#17981,#17982);
#15373=AXIS2_PLACEMENT_3D('',#22377,#17988,#17989);
#15374=AXIS2_PLACEMENT_3D('',#22387,#17995,#17996);
#15375=AXIS2_PLACEMENT_3D('',#22397,#18002,#18003);
#15376=AXIS2_PLACEMENT_3D('',#22407,#18009,#18010);
#15377=AXIS2_PLACEMENT_3D('',#22417,#18016,#18017);
#15378=AXIS2_PLACEMENT_3D('',#22427,#18023,#18024);
#15379=AXIS2_PLACEMENT_3D('',#22437,#18030,#18031);
#15380=AXIS2_PLACEMENT_3D('',#22447,#18037,#18038);
#15381=AXIS2_PLACEMENT_3D('',#22457,#18044,#18045);
#15382=AXIS2_PLACEMENT_3D('',#22467,#18051,#18052);
#15383=AXIS2_PLACEMENT_3D('',#22477,#18058,#18059);
#15384=AXIS2_PLACEMENT_3D('',#22479,#18061,#18062);
#15385=AXIS2_PLACEMENT_3D('',#22487,#18066,#18067);
#15386=AXIS2_PLACEMENT_3D('',#22488,#18068,#18069);
#15387=AXIS2_PLACEMENT_3D('',#22490,#18071,#18072);
#15388=AXIS2_PLACEMENT_3D('',#22498,#18076,#18077);
#15389=AXIS2_PLACEMENT_3D('',#22499,#18078,#18079);
#15390=AXIS2_PLACEMENT_3D('',#22500,#18080,#18081);
#15391=AXIS2_PLACEMENT_3D('',#22508,#18085,#18086);
#15392=AXIS2_PLACEMENT_3D('',#22510,#18088,#18089);
#15393=AXIS2_PLACEMENT_3D('',#22512,#18091,#18092);
#15394=AXIS2_PLACEMENT_3D('',#22520,#18096,#18097);
#15395=AXIS2_PLACEMENT_3D('',#22521,#18098,#18099);
#15396=AXIS2_PLACEMENT_3D('',#22522,#18100,#18101);
#15397=AXIS2_PLACEMENT_3D('',#22530,#18105,#18106);
#15398=AXIS2_PLACEMENT_3D('',#22532,#18108,#18109);
#15399=AXIS2_PLACEMENT_3D('',#22534,#18111,#18112);
#15400=AXIS2_PLACEMENT_3D('',#22542,#18116,#18117);
#15401=AXIS2_PLACEMENT_3D('',#22543,#18118,#18119);
#15402=AXIS2_PLACEMENT_3D('',#22544,#18120,#18121);
#15403=AXIS2_PLACEMENT_3D('',#22552,#18125,#18126);
#15404=AXIS2_PLACEMENT_3D('',#22554,#18128,#18129);
#15405=AXIS2_PLACEMENT_3D('',#22556,#18131,#18132);
#15406=AXIS2_PLACEMENT_3D('',#22564,#18136,#18137);
#15407=AXIS2_PLACEMENT_3D('',#22565,#18138,#18139);
#15408=AXIS2_PLACEMENT_3D('',#22566,#18140,#18141);
#15409=AXIS2_PLACEMENT_3D('',#22574,#18145,#18146);
#15410=AXIS2_PLACEMENT_3D('',#22576,#18148,#18149);
#15411=AXIS2_PLACEMENT_3D('',#22578,#18151,#18152);
#15412=AXIS2_PLACEMENT_3D('',#22586,#18156,#18157);
#15413=AXIS2_PLACEMENT_3D('',#22587,#18158,#18159);
#15414=AXIS2_PLACEMENT_3D('',#22588,#18160,#18161);
#15415=AXIS2_PLACEMENT_3D('',#22596,#18165,#18166);
#15416=AXIS2_PLACEMENT_3D('',#22598,#18168,#18169);
#15417=AXIS2_PLACEMENT_3D('',#22600,#18171,#18172);
#15418=AXIS2_PLACEMENT_3D('',#22608,#18176,#18177);
#15419=AXIS2_PLACEMENT_3D('',#22609,#18178,#18179);
#15420=AXIS2_PLACEMENT_3D('',#22610,#18180,#18181);
#15421=AXIS2_PLACEMENT_3D('',#22618,#18185,#18186);
#15422=AXIS2_PLACEMENT_3D('',#22620,#18188,#18189);
#15423=AXIS2_PLACEMENT_3D('',#22622,#18191,#18192);
#15424=AXIS2_PLACEMENT_3D('',#22630,#18196,#18197);
#15425=AXIS2_PLACEMENT_3D('',#22631,#18198,#18199);
#15426=AXIS2_PLACEMENT_3D('',#22632,#18200,#18201);
#15427=AXIS2_PLACEMENT_3D('',#22640,#18205,#18206);
#15428=AXIS2_PLACEMENT_3D('',#22642,#18208,#18209);
#15429=AXIS2_PLACEMENT_3D('',#22644,#18211,#18212);
#15430=AXIS2_PLACEMENT_3D('',#22652,#18216,#18217);
#15431=AXIS2_PLACEMENT_3D('',#22653,#18218,#18219);
#15432=AXIS2_PLACEMENT_3D('',#22654,#18220,#18221);
#15433=AXIS2_PLACEMENT_3D('',#22662,#18225,#18226);
#15434=AXIS2_PLACEMENT_3D('',#22664,#18228,#18229);
#15435=AXIS2_PLACEMENT_3D('',#22666,#18231,#18232);
#15436=AXIS2_PLACEMENT_3D('',#22674,#18236,#18237);
#15437=AXIS2_PLACEMENT_3D('',#22675,#18238,#18239);
#15438=AXIS2_PLACEMENT_3D('',#22676,#18240,#18241);
#15439=AXIS2_PLACEMENT_3D('',#22684,#18245,#18246);
#15440=AXIS2_PLACEMENT_3D('',#22686,#18248,#18249);
#15441=AXIS2_PLACEMENT_3D('',#22688,#18251,#18252);
#15442=AXIS2_PLACEMENT_3D('',#22696,#18256,#18257);
#15443=AXIS2_PLACEMENT_3D('',#22697,#18258,#18259);
#15444=AXIS2_PLACEMENT_3D('',#22698,#18260,#18261);
#15445=AXIS2_PLACEMENT_3D('',#22706,#18265,#18266);
#15446=AXIS2_PLACEMENT_3D('',#22708,#18268,#18269);
#15447=AXIS2_PLACEMENT_3D('',#22710,#18271,#18272);
#15448=AXIS2_PLACEMENT_3D('',#22718,#18276,#18277);
#15449=AXIS2_PLACEMENT_3D('',#22719,#18278,#18279);
#15450=AXIS2_PLACEMENT_3D('',#22720,#18280,#18281);
#15451=AXIS2_PLACEMENT_3D('',#22728,#18285,#18286);
#15452=AXIS2_PLACEMENT_3D('',#22730,#18288,#18289);
#15453=AXIS2_PLACEMENT_3D('',#22732,#18291,#18292);
#15454=AXIS2_PLACEMENT_3D('',#22740,#18296,#18297);
#15455=AXIS2_PLACEMENT_3D('',#22741,#18298,#18299);
#15456=AXIS2_PLACEMENT_3D('',#22742,#18300,#18301);
#15457=AXIS2_PLACEMENT_3D('',#22750,#18305,#18306);
#15458=AXIS2_PLACEMENT_3D('',#22752,#18308,#18309);
#15459=AXIS2_PLACEMENT_3D('',#22754,#18311,#18312);
#15460=AXIS2_PLACEMENT_3D('',#22762,#18316,#18317);
#15461=AXIS2_PLACEMENT_3D('',#22763,#18318,#18319);
#15462=AXIS2_PLACEMENT_3D('',#22764,#18320,#18321);
#15463=AXIS2_PLACEMENT_3D('',#22772,#18325,#18326);
#15464=AXIS2_PLACEMENT_3D('',#22774,#18328,#18329);
#15465=AXIS2_PLACEMENT_3D('',#22776,#18331,#18332);
#15466=AXIS2_PLACEMENT_3D('',#22784,#18336,#18337);
#15467=AXIS2_PLACEMENT_3D('',#22785,#18338,#18339);
#15468=AXIS2_PLACEMENT_3D('',#22786,#18340,#18341);
#15469=AXIS2_PLACEMENT_3D('',#22794,#18345,#18346);
#15470=AXIS2_PLACEMENT_3D('',#22796,#18348,#18349);
#15471=AXIS2_PLACEMENT_3D('',#22798,#18351,#18352);
#15472=AXIS2_PLACEMENT_3D('',#22806,#18356,#18357);
#15473=AXIS2_PLACEMENT_3D('',#22807,#18358,#18359);
#15474=AXIS2_PLACEMENT_3D('',#22809,#18361,#18362);
#15475=AXIS2_PLACEMENT_3D('',#22817,#18366,#18367);
#15476=AXIS2_PLACEMENT_3D('',#22818,#18368,#18369);
#15477=AXIS2_PLACEMENT_3D('',#22820,#18371,#18372);
#15478=AXIS2_PLACEMENT_3D('',#22828,#18376,#18377);
#15479=AXIS2_PLACEMENT_3D('',#22829,#18378,#18379);
#15480=AXIS2_PLACEMENT_3D('',#22830,#18380,#18381);
#15481=AXIS2_PLACEMENT_3D('',#22838,#18385,#18386);
#15482=AXIS2_PLACEMENT_3D('',#22840,#18388,#18389);
#15483=AXIS2_PLACEMENT_3D('',#22842,#18391,#18392);
#15484=AXIS2_PLACEMENT_3D('',#22850,#18396,#18397);
#15485=AXIS2_PLACEMENT_3D('',#22851,#18398,#18399);
#15486=AXIS2_PLACEMENT_3D('',#22852,#18400,#18401);
#15487=AXIS2_PLACEMENT_3D('',#22860,#18405,#18406);
#15488=AXIS2_PLACEMENT_3D('',#22862,#18408,#18409);
#15489=AXIS2_PLACEMENT_3D('',#22864,#18411,#18412);
#15490=AXIS2_PLACEMENT_3D('',#22872,#18416,#18417);
#15491=AXIS2_PLACEMENT_3D('',#22873,#18418,#18419);
#15492=AXIS2_PLACEMENT_3D('',#22874,#18420,#18421);
#15493=AXIS2_PLACEMENT_3D('',#22882,#18425,#18426);
#15494=AXIS2_PLACEMENT_3D('',#22884,#18428,#18429);
#15495=AXIS2_PLACEMENT_3D('',#22886,#18431,#18432);
#15496=AXIS2_PLACEMENT_3D('',#22894,#18436,#18437);
#15497=AXIS2_PLACEMENT_3D('',#22895,#18438,#18439);
#15498=AXIS2_PLACEMENT_3D('',#22896,#18440,#18441);
#15499=AXIS2_PLACEMENT_3D('',#22904,#18445,#18446);
#15500=AXIS2_PLACEMENT_3D('',#22906,#18448,#18449);
#15501=AXIS2_PLACEMENT_3D('',#22908,#18451,#18452);
#15502=AXIS2_PLACEMENT_3D('',#22916,#18456,#18457);
#15503=AXIS2_PLACEMENT_3D('',#22917,#18458,#18459);
#15504=AXIS2_PLACEMENT_3D('',#22918,#18460,#18461);
#15505=AXIS2_PLACEMENT_3D('',#22926,#18465,#18466);
#15506=AXIS2_PLACEMENT_3D('',#22928,#18468,#18469);
#15507=AXIS2_PLACEMENT_3D('',#22930,#18471,#18472);
#15508=AXIS2_PLACEMENT_3D('',#22938,#18476,#18477);
#15509=AXIS2_PLACEMENT_3D('',#22939,#18478,#18479);
#15510=AXIS2_PLACEMENT_3D('',#22940,#18480,#18481);
#15511=AXIS2_PLACEMENT_3D('',#22948,#18485,#18486);
#15512=AXIS2_PLACEMENT_3D('',#22950,#18488,#18489);
#15513=AXIS2_PLACEMENT_3D('',#22952,#18491,#18492);
#15514=AXIS2_PLACEMENT_3D('',#22960,#18496,#18497);
#15515=AXIS2_PLACEMENT_3D('',#22961,#18498,#18499);
#15516=AXIS2_PLACEMENT_3D('',#22962,#18500,#18501);
#15517=AXIS2_PLACEMENT_3D('',#22970,#18505,#18506);
#15518=AXIS2_PLACEMENT_3D('',#22972,#18508,#18509);
#15519=AXIS2_PLACEMENT_3D('',#22974,#18511,#18512);
#15520=AXIS2_PLACEMENT_3D('',#22982,#18516,#18517);
#15521=AXIS2_PLACEMENT_3D('',#22983,#18518,#18519);
#15522=AXIS2_PLACEMENT_3D('',#22984,#18520,#18521);
#15523=AXIS2_PLACEMENT_3D('',#22992,#18525,#18526);
#15524=AXIS2_PLACEMENT_3D('',#22994,#18528,#18529);
#15525=AXIS2_PLACEMENT_3D('',#22996,#18531,#18532);
#15526=AXIS2_PLACEMENT_3D('',#23004,#18536,#18537);
#15527=AXIS2_PLACEMENT_3D('',#23005,#18538,#18539);
#15528=AXIS2_PLACEMENT_3D('',#23006,#18540,#18541);
#15529=AXIS2_PLACEMENT_3D('',#23014,#18545,#18546);
#15530=AXIS2_PLACEMENT_3D('',#23016,#18548,#18549);
#15531=AXIS2_PLACEMENT_3D('',#23018,#18551,#18552);
#15532=AXIS2_PLACEMENT_3D('',#23026,#18556,#18557);
#15533=AXIS2_PLACEMENT_3D('',#23027,#18558,#18559);
#15534=AXIS2_PLACEMENT_3D('',#23028,#18560,#18561);
#15535=AXIS2_PLACEMENT_3D('',#23036,#18565,#18566);
#15536=AXIS2_PLACEMENT_3D('',#23038,#18568,#18569);
#15537=AXIS2_PLACEMENT_3D('',#23040,#18571,#18572);
#15538=AXIS2_PLACEMENT_3D('',#23048,#18576,#18577);
#15539=AXIS2_PLACEMENT_3D('',#23049,#18578,#18579);
#15540=AXIS2_PLACEMENT_3D('',#23050,#18580,#18581);
#15541=AXIS2_PLACEMENT_3D('',#23058,#18585,#18586);
#15542=AXIS2_PLACEMENT_3D('',#23060,#18588,#18589);
#15543=AXIS2_PLACEMENT_3D('',#23062,#18591,#18592);
#15544=AXIS2_PLACEMENT_3D('',#23070,#18596,#18597);
#15545=AXIS2_PLACEMENT_3D('',#23071,#18598,#18599);
#15546=AXIS2_PLACEMENT_3D('',#23072,#18600,#18601);
#15547=AXIS2_PLACEMENT_3D('',#23080,#18605,#18606);
#15548=AXIS2_PLACEMENT_3D('',#23082,#18608,#18609);
#15549=AXIS2_PLACEMENT_3D('',#23084,#18611,#18612);
#15550=AXIS2_PLACEMENT_3D('',#23092,#18616,#18617);
#15551=AXIS2_PLACEMENT_3D('',#23093,#18618,#18619);
#15552=AXIS2_PLACEMENT_3D('',#23094,#18620,#18621);
#15553=AXIS2_PLACEMENT_3D('',#23102,#18625,#18626);
#15554=AXIS2_PLACEMENT_3D('',#23104,#18628,#18629);
#15555=AXIS2_PLACEMENT_3D('',#23106,#18631,#18632);
#15556=AXIS2_PLACEMENT_3D('',#23114,#18636,#18637);
#15557=AXIS2_PLACEMENT_3D('',#23115,#18638,#18639);
#15558=AXIS2_PLACEMENT_3D('',#23116,#18640,#18641);
#15559=AXIS2_PLACEMENT_3D('',#23124,#18645,#18646);
#15560=AXIS2_PLACEMENT_3D('',#23126,#18648,#18649);
#15561=AXIS2_PLACEMENT_3D('',#23128,#18651,#18652);
#15562=AXIS2_PLACEMENT_3D('',#23136,#18656,#18657);
#15563=AXIS2_PLACEMENT_3D('',#23137,#18658,#18659);
#15564=AXIS2_PLACEMENT_3D('',#23139,#18661,#18662);
#15565=AXIS2_PLACEMENT_3D('',#23147,#18666,#18667);
#15566=AXIS2_PLACEMENT_3D('',#23148,#18668,#18669);
#15567=AXIS2_PLACEMENT_3D('',#23150,#18671,#18672);
#15568=AXIS2_PLACEMENT_3D('',#23158,#18676,#18677);
#15569=AXIS2_PLACEMENT_3D('',#23159,#18678,#18679);
#15570=AXIS2_PLACEMENT_3D('',#23160,#18680,#18681);
#15571=AXIS2_PLACEMENT_3D('',#23168,#18685,#18686);
#15572=AXIS2_PLACEMENT_3D('',#23170,#18688,#18689);
#15573=AXIS2_PLACEMENT_3D('',#23172,#18691,#18692);
#15574=AXIS2_PLACEMENT_3D('',#23180,#18696,#18697);
#15575=AXIS2_PLACEMENT_3D('',#23181,#18698,#18699);
#15576=AXIS2_PLACEMENT_3D('',#23182,#18700,#18701);
#15577=AXIS2_PLACEMENT_3D('',#23190,#18705,#18706);
#15578=AXIS2_PLACEMENT_3D('',#23192,#18708,#18709);
#15579=AXIS2_PLACEMENT_3D('',#23194,#18711,#18712);
#15580=AXIS2_PLACEMENT_3D('',#23202,#18716,#18717);
#15581=AXIS2_PLACEMENT_3D('',#23203,#18718,#18719);
#15582=AXIS2_PLACEMENT_3D('',#23204,#18720,#18721);
#15583=AXIS2_PLACEMENT_3D('',#23212,#18725,#18726);
#15584=AXIS2_PLACEMENT_3D('',#23214,#18728,#18729);
#15585=AXIS2_PLACEMENT_3D('',#23216,#18731,#18732);
#15586=AXIS2_PLACEMENT_3D('',#23224,#18736,#18737);
#15587=AXIS2_PLACEMENT_3D('',#23225,#18738,#18739);
#15588=AXIS2_PLACEMENT_3D('',#23226,#18740,#18741);
#15589=AXIS2_PLACEMENT_3D('',#23234,#18745,#18746);
#15590=AXIS2_PLACEMENT_3D('',#23236,#18748,#18749);
#15591=AXIS2_PLACEMENT_3D('',#23238,#18751,#18752);
#15592=AXIS2_PLACEMENT_3D('',#23246,#18756,#18757);
#15593=AXIS2_PLACEMENT_3D('',#23247,#18758,#18759);
#15594=AXIS2_PLACEMENT_3D('',#23248,#18760,#18761);
#15595=AXIS2_PLACEMENT_3D('',#23256,#18765,#18766);
#15596=AXIS2_PLACEMENT_3D('',#23258,#18768,#18769);
#15597=AXIS2_PLACEMENT_3D('',#23260,#18771,#18772);
#15598=AXIS2_PLACEMENT_3D('',#23268,#18776,#18777);
#15599=AXIS2_PLACEMENT_3D('',#23269,#18778,#18779);
#15600=AXIS2_PLACEMENT_3D('',#23270,#18780,#18781);
#15601=AXIS2_PLACEMENT_3D('',#23278,#18785,#18786);
#15602=AXIS2_PLACEMENT_3D('',#23280,#18788,#18789);
#15603=AXIS2_PLACEMENT_3D('',#23282,#18791,#18792);
#15604=AXIS2_PLACEMENT_3D('',#23290,#18796,#18797);
#15605=AXIS2_PLACEMENT_3D('',#23291,#18798,#18799);
#15606=AXIS2_PLACEMENT_3D('',#23292,#18800,#18801);
#15607=AXIS2_PLACEMENT_3D('',#23300,#18805,#18806);
#15608=AXIS2_PLACEMENT_3D('',#23302,#18808,#18809);
#15609=AXIS2_PLACEMENT_3D('',#23304,#18811,#18812);
#15610=AXIS2_PLACEMENT_3D('',#23312,#18816,#18817);
#15611=AXIS2_PLACEMENT_3D('',#23313,#18818,#18819);
#15612=AXIS2_PLACEMENT_3D('',#23314,#18820,#18821);
#15613=AXIS2_PLACEMENT_3D('',#23322,#18825,#18826);
#15614=AXIS2_PLACEMENT_3D('',#23324,#18828,#18829);
#15615=AXIS2_PLACEMENT_3D('',#23326,#18831,#18832);
#15616=AXIS2_PLACEMENT_3D('',#23334,#18836,#18837);
#15617=AXIS2_PLACEMENT_3D('',#23335,#18838,#18839);
#15618=AXIS2_PLACEMENT_3D('',#23336,#18840,#18841);
#15619=AXIS2_PLACEMENT_3D('',#23344,#18845,#18846);
#15620=AXIS2_PLACEMENT_3D('',#23346,#18848,#18849);
#15621=AXIS2_PLACEMENT_3D('',#23348,#18851,#18852);
#15622=AXIS2_PLACEMENT_3D('',#23356,#18856,#18857);
#15623=AXIS2_PLACEMENT_3D('',#23357,#18858,#18859);
#15624=AXIS2_PLACEMENT_3D('',#23358,#18860,#18861);
#15625=AXIS2_PLACEMENT_3D('',#23366,#18865,#18866);
#15626=AXIS2_PLACEMENT_3D('',#23368,#18868,#18869);
#15627=AXIS2_PLACEMENT_3D('',#23370,#18871,#18872);
#15628=AXIS2_PLACEMENT_3D('',#23378,#18876,#18877);
#15629=AXIS2_PLACEMENT_3D('',#23379,#18878,#18879);
#15630=AXIS2_PLACEMENT_3D('',#23380,#18880,#18881);
#15631=AXIS2_PLACEMENT_3D('',#23388,#18885,#18886);
#15632=AXIS2_PLACEMENT_3D('',#23390,#18888,#18889);
#15633=AXIS2_PLACEMENT_3D('',#23392,#18891,#18892);
#15634=AXIS2_PLACEMENT_3D('',#23400,#18896,#18897);
#15635=AXIS2_PLACEMENT_3D('',#23401,#18898,#18899);
#15636=AXIS2_PLACEMENT_3D('',#23402,#18900,#18901);
#15637=AXIS2_PLACEMENT_3D('',#23410,#18905,#18906);
#15638=AXIS2_PLACEMENT_3D('',#23412,#18908,#18909);
#15639=AXIS2_PLACEMENT_3D('',#23414,#18911,#18912);
#15640=AXIS2_PLACEMENT_3D('',#23422,#18916,#18917);
#15641=AXIS2_PLACEMENT_3D('',#23423,#18918,#18919);
#15642=AXIS2_PLACEMENT_3D('',#23424,#18920,#18921);
#15643=AXIS2_PLACEMENT_3D('',#23432,#18925,#18926);
#15644=AXIS2_PLACEMENT_3D('',#23434,#18928,#18929);
#15645=AXIS2_PLACEMENT_3D('',#23436,#18931,#18932);
#15646=AXIS2_PLACEMENT_3D('',#23444,#18936,#18937);
#15647=AXIS2_PLACEMENT_3D('',#23445,#18938,#18939);
#15648=AXIS2_PLACEMENT_3D('',#23446,#18940,#18941);
#15649=AXIS2_PLACEMENT_3D('',#23454,#18945,#18946);
#15650=AXIS2_PLACEMENT_3D('',#23456,#18948,#18949);
#15651=AXIS2_PLACEMENT_3D('',#23458,#18951,#18952);
#15652=AXIS2_PLACEMENT_3D('',#23466,#18956,#18957);
#15653=AXIS2_PLACEMENT_3D('',#23467,#18958,#18959);
#15654=AXIS2_PLACEMENT_3D('',#23476,#18964,#18965);
#15655=AXIS2_PLACEMENT_3D('',#23485,#18970,#18971);
#15656=AXIS2_PLACEMENT_3D('',#23488,#18974,#18975);
#15657=AXIS2_PLACEMENT_3D('',#23491,#18978,#18979);
#15658=AXIS2_PLACEMENT_3D('',#23494,#18982,#18983);
#15659=AXIS2_PLACEMENT_3D('',#23497,#18986,#18987);
#15660=AXIS2_PLACEMENT_3D('',#23500,#18990,#18991);
#15661=AXIS2_PLACEMENT_3D('',#23503,#18994,#18995);
#15662=AXIS2_PLACEMENT_3D('',#23506,#18998,#18999);
#15663=AXIS2_PLACEMENT_3D('',#23509,#19002,#19003);
#15664=AXIS2_PLACEMENT_3D('',#23512,#19006,#19007);
#15665=AXIS2_PLACEMENT_3D('',#23515,#19010,#19011);
#15666=AXIS2_PLACEMENT_3D('',#23518,#19014,#19015);
#15667=AXIS2_PLACEMENT_3D('',#23521,#19018,#19019);
#15668=AXIS2_PLACEMENT_3D('',#23524,#19022,#19023);
#15669=AXIS2_PLACEMENT_3D('',#23527,#19026,#19027);
#15670=AXIS2_PLACEMENT_3D('',#23530,#19030,#19031);
#15671=AXIS2_PLACEMENT_3D('',#23533,#19034,#19035);
#15672=AXIS2_PLACEMENT_3D('',#23536,#19038,#19039);
#15673=AXIS2_PLACEMENT_3D('',#23539,#19042,#19043);
#15674=AXIS2_PLACEMENT_3D('',#23542,#19046,#19047);
#15675=AXIS2_PLACEMENT_3D('',#23545,#19050,#19051);
#15676=AXIS2_PLACEMENT_3D('',#23548,#19054,#19055);
#15677=AXIS2_PLACEMENT_3D('',#23551,#19058,#19059);
#15678=AXIS2_PLACEMENT_3D('',#23554,#19062,#19063);
#15679=AXIS2_PLACEMENT_3D('',#23557,#19066,#19067);
#15680=AXIS2_PLACEMENT_3D('',#23560,#19070,#19071);
#15681=AXIS2_PLACEMENT_3D('',#23563,#19074,#19075);
#15682=AXIS2_PLACEMENT_3D('',#23566,#19078,#19079);
#15683=AXIS2_PLACEMENT_3D('',#23569,#19082,#19083);
#15684=AXIS2_PLACEMENT_3D('',#23572,#19086,#19087);
#15685=AXIS2_PLACEMENT_3D('',#23575,#19090,#19091);
#15686=AXIS2_PLACEMENT_3D('',#23576,#19092,#19093);
#15687=AXIS2_PLACEMENT_3D('',#23577,#19094,#19095);
#15688=AXIS2_PLACEMENT_3D('',#23578,#19096,#19097);
#15689=AXIS2_PLACEMENT_3D('',#23579,#19098,#19099);
#15690=AXIS2_PLACEMENT_3D('',#23580,#19100,#19101);
#15691=AXIS2_PLACEMENT_3D('',#23581,#19102,#19103);
#15692=AXIS2_PLACEMENT_3D('',#23582,#19104,#19105);
#15693=AXIS2_PLACEMENT_3D('',#23583,#19106,#19107);
#15694=AXIS2_PLACEMENT_3D('',#23584,#19108,#19109);
#15695=AXIS2_PLACEMENT_3D('',#23585,#19110,#19111);
#15696=AXIS2_PLACEMENT_3D('',#23586,#19112,#19113);
#15697=AXIS2_PLACEMENT_3D('',#23587,#19114,#19115);
#15698=AXIS2_PLACEMENT_3D('',#23588,#19116,#19117);
#15699=AXIS2_PLACEMENT_3D('',#23589,#19118,#19119);
#15700=AXIS2_PLACEMENT_3D('',#23590,#19120,#19121);
#15701=AXIS2_PLACEMENT_3D('',#23591,#19122,#19123);
#15702=AXIS2_PLACEMENT_3D('',#23592,#19124,#19125);
#15703=AXIS2_PLACEMENT_3D('',#23593,#19126,#19127);
#15704=AXIS2_PLACEMENT_3D('',#23594,#19128,#19129);
#15705=AXIS2_PLACEMENT_3D('',#23595,#19130,#19131);
#15706=AXIS2_PLACEMENT_3D('',#23596,#19132,#19133);
#15707=AXIS2_PLACEMENT_3D('',#23597,#19134,#19135);
#15708=AXIS2_PLACEMENT_3D('',#23598,#19136,#19137);
#15709=AXIS2_PLACEMENT_3D('',#23599,#19138,#19139);
#15710=AXIS2_PLACEMENT_3D('',#23600,#19140,#19141);
#15711=AXIS2_PLACEMENT_3D('',#23601,#19142,#19143);
#15712=AXIS2_PLACEMENT_3D('',#23602,#19144,#19145);
#15713=AXIS2_PLACEMENT_3D('',#23603,#19146,#19147);
#15714=AXIS2_PLACEMENT_3D('',#23604,#19148,#19149);
#15715=AXIS2_PLACEMENT_3D('',#23605,#19150,#19151);
#15716=AXIS2_PLACEMENT_3D('',#23608,#19154,#19155);
#15717=AXIS2_PLACEMENT_3D('',#23611,#19158,#19159);
#15718=AXIS2_PLACEMENT_3D('',#23614,#19162,#19163);
#15719=AXIS2_PLACEMENT_3D('',#23617,#19166,#19167);
#15720=AXIS2_PLACEMENT_3D('',#23620,#19170,#19171);
#15721=AXIS2_PLACEMENT_3D('',#23623,#19174,#19175);
#15722=AXIS2_PLACEMENT_3D('',#23626,#19178,#19179);
#15723=AXIS2_PLACEMENT_3D('',#23629,#19182,#19183);
#15724=AXIS2_PLACEMENT_3D('',#23632,#19186,#19187);
#15725=AXIS2_PLACEMENT_3D('',#23635,#19190,#19191);
#15726=AXIS2_PLACEMENT_3D('',#23638,#19194,#19195);
#15727=AXIS2_PLACEMENT_3D('',#23641,#19198,#19199);
#15728=AXIS2_PLACEMENT_3D('',#23644,#19202,#19203);
#15729=AXIS2_PLACEMENT_3D('',#23647,#19206,#19207);
#15730=AXIS2_PLACEMENT_3D('',#23650,#19210,#19211);
#15731=AXIS2_PLACEMENT_3D('',#23653,#19214,#19215);
#15732=AXIS2_PLACEMENT_3D('',#23656,#19218,#19219);
#15733=AXIS2_PLACEMENT_3D('',#23659,#19222,#19223);
#15734=AXIS2_PLACEMENT_3D('',#23662,#19226,#19227);
#15735=AXIS2_PLACEMENT_3D('',#23665,#19230,#19231);
#15736=AXIS2_PLACEMENT_3D('',#23668,#19234,#19235);
#15737=AXIS2_PLACEMENT_3D('',#23671,#19238,#19239);
#15738=AXIS2_PLACEMENT_3D('',#23674,#19242,#19243);
#15739=AXIS2_PLACEMENT_3D('',#23677,#19246,#19247);
#15740=AXIS2_PLACEMENT_3D('',#23680,#19250,#19251);
#15741=AXIS2_PLACEMENT_3D('',#23683,#19254,#19255);
#15742=AXIS2_PLACEMENT_3D('',#23686,#19258,#19259);
#15743=AXIS2_PLACEMENT_3D('',#23689,#19262,#19263);
#15744=AXIS2_PLACEMENT_3D('',#23692,#19266,#19267);
#15745=AXIS2_PLACEMENT_3D('',#23695,#19270,#19271);
#15746=AXIS2_PLACEMENT_3D('',#23696,#19272,#19273);
#15747=AXIS2_PLACEMENT_3D('',#23697,#19274,#19275);
#15748=AXIS2_PLACEMENT_3D('',#23698,#19276,#19277);
#15749=AXIS2_PLACEMENT_3D('',#23699,#19278,#19279);
#15750=AXIS2_PLACEMENT_3D('',#23700,#19280,#19281);
#15751=AXIS2_PLACEMENT_3D('',#23701,#19282,#19283);
#15752=AXIS2_PLACEMENT_3D('',#23702,#19284,#19285);
#15753=AXIS2_PLACEMENT_3D('',#23703,#19286,#19287);
#15754=AXIS2_PLACEMENT_3D('',#23704,#19288,#19289);
#15755=AXIS2_PLACEMENT_3D('',#23705,#19290,#19291);
#15756=AXIS2_PLACEMENT_3D('',#23706,#19292,#19293);
#15757=AXIS2_PLACEMENT_3D('',#23707,#19294,#19295);
#15758=AXIS2_PLACEMENT_3D('',#23708,#19296,#19297);
#15759=AXIS2_PLACEMENT_3D('',#23709,#19298,#19299);
#15760=AXIS2_PLACEMENT_3D('',#23710,#19300,#19301);
#15761=AXIS2_PLACEMENT_3D('',#23711,#19302,#19303);
#15762=AXIS2_PLACEMENT_3D('',#23712,#19304,#19305);
#15763=AXIS2_PLACEMENT_3D('',#23713,#19306,#19307);
#15764=AXIS2_PLACEMENT_3D('',#23714,#19308,#19309);
#15765=AXIS2_PLACEMENT_3D('',#23715,#19310,#19311);
#15766=AXIS2_PLACEMENT_3D('',#23716,#19312,#19313);
#15767=AXIS2_PLACEMENT_3D('',#23717,#19314,#19315);
#15768=AXIS2_PLACEMENT_3D('',#23718,#19316,#19317);
#15769=AXIS2_PLACEMENT_3D('',#23719,#19318,#19319);
#15770=AXIS2_PLACEMENT_3D('',#23720,#19320,#19321);
#15771=AXIS2_PLACEMENT_3D('',#23721,#19322,#19323);
#15772=AXIS2_PLACEMENT_3D('',#23722,#19324,#19325);
#15773=AXIS2_PLACEMENT_3D('',#23723,#19326,#19327);
#15774=AXIS2_PLACEMENT_3D('',#23724,#19328,#19329);
#15775=AXIS2_PLACEMENT_3D('',#23725,#19330,#19331);
#15776=AXIS2_PLACEMENT_3D('',#23728,#19334,#19335);
#15777=AXIS2_PLACEMENT_3D('',#23731,#19338,#19339);
#15778=AXIS2_PLACEMENT_3D('',#23734,#19342,#19343);
#15779=AXIS2_PLACEMENT_3D('',#23737,#19346,#19347);
#15780=AXIS2_PLACEMENT_3D('',#23740,#19350,#19351);
#15781=AXIS2_PLACEMENT_3D('',#23743,#19354,#19355);
#15782=AXIS2_PLACEMENT_3D('',#23746,#19358,#19359);
#15783=AXIS2_PLACEMENT_3D('',#23749,#19362,#19363);
#15784=AXIS2_PLACEMENT_3D('',#23752,#19366,#19367);
#15785=AXIS2_PLACEMENT_3D('',#23755,#19370,#19371);
#15786=AXIS2_PLACEMENT_3D('',#23758,#19374,#19375);
#15787=AXIS2_PLACEMENT_3D('',#23761,#19378,#19379);
#15788=AXIS2_PLACEMENT_3D('',#23764,#19382,#19383);
#15789=AXIS2_PLACEMENT_3D('',#23767,#19386,#19387);
#15790=AXIS2_PLACEMENT_3D('',#23770,#19390,#19391);
#15791=AXIS2_PLACEMENT_3D('',#23773,#19394,#19395);
#15792=AXIS2_PLACEMENT_3D('',#23776,#19398,#19399);
#15793=AXIS2_PLACEMENT_3D('',#23779,#19402,#19403);
#15794=AXIS2_PLACEMENT_3D('',#23782,#19406,#19407);
#15795=AXIS2_PLACEMENT_3D('',#23785,#19410,#19411);
#15796=AXIS2_PLACEMENT_3D('',#23788,#19414,#19415);
#15797=AXIS2_PLACEMENT_3D('',#23791,#19418,#19419);
#15798=AXIS2_PLACEMENT_3D('',#23794,#19422,#19423);
#15799=AXIS2_PLACEMENT_3D('',#23797,#19426,#19427);
#15800=AXIS2_PLACEMENT_3D('',#23800,#19430,#19431);
#15801=AXIS2_PLACEMENT_3D('',#23803,#19434,#19435);
#15802=AXIS2_PLACEMENT_3D('',#23806,#19438,#19439);
#15803=AXIS2_PLACEMENT_3D('',#23809,#19442,#19443);
#15804=AXIS2_PLACEMENT_3D('',#23812,#19446,#19447);
#15805=AXIS2_PLACEMENT_3D('',#23815,#19450,#19451);
#15806=AXIS2_PLACEMENT_3D('',#23816,#19452,#19453);
#15807=AXIS2_PLACEMENT_3D('',#23817,#19454,#19455);
#15808=AXIS2_PLACEMENT_3D('',#23818,#19456,#19457);
#15809=AXIS2_PLACEMENT_3D('',#23819,#19458,#19459);
#15810=AXIS2_PLACEMENT_3D('',#23820,#19460,#19461);
#15811=AXIS2_PLACEMENT_3D('',#23821,#19462,#19463);
#15812=AXIS2_PLACEMENT_3D('',#23822,#19464,#19465);
#15813=AXIS2_PLACEMENT_3D('',#23823,#19466,#19467);
#15814=AXIS2_PLACEMENT_3D('',#23824,#19468,#19469);
#15815=AXIS2_PLACEMENT_3D('',#23825,#19470,#19471);
#15816=AXIS2_PLACEMENT_3D('',#23826,#19472,#19473);
#15817=AXIS2_PLACEMENT_3D('',#23827,#19474,#19475);
#15818=AXIS2_PLACEMENT_3D('',#23828,#19476,#19477);
#15819=AXIS2_PLACEMENT_3D('',#23829,#19478,#19479);
#15820=AXIS2_PLACEMENT_3D('',#23830,#19480,#19481);
#15821=AXIS2_PLACEMENT_3D('',#23831,#19482,#19483);
#15822=AXIS2_PLACEMENT_3D('',#23832,#19484,#19485);
#15823=AXIS2_PLACEMENT_3D('',#23833,#19486,#19487);
#15824=AXIS2_PLACEMENT_3D('',#23834,#19488,#19489);
#15825=AXIS2_PLACEMENT_3D('',#23835,#19490,#19491);
#15826=AXIS2_PLACEMENT_3D('',#23836,#19492,#19493);
#15827=AXIS2_PLACEMENT_3D('',#23837,#19494,#19495);
#15828=AXIS2_PLACEMENT_3D('',#23838,#19496,#19497);
#15829=AXIS2_PLACEMENT_3D('',#23839,#19498,#19499);
#15830=AXIS2_PLACEMENT_3D('',#23840,#19500,#19501);
#15831=AXIS2_PLACEMENT_3D('',#23841,#19502,#19503);
#15832=AXIS2_PLACEMENT_3D('',#23842,#19504,#19505);
#15833=AXIS2_PLACEMENT_3D('',#23843,#19506,#19507);
#15834=AXIS2_PLACEMENT_3D('',#23844,#19508,#19509);
#15835=AXIS2_PLACEMENT_3D('',#23845,#19510,#19511);
#15836=AXIS2_PLACEMENT_3D('',#23848,#19514,#19515);
#15837=AXIS2_PLACEMENT_3D('',#23850,#19517,#19518);
#15838=AXIS2_PLACEMENT_3D('',#23852,#19520,#19521);
#15839=AXIS2_PLACEMENT_3D('',#23853,#19522,#19523);
#15840=AXIS2_PLACEMENT_3D('',#23854,#19524,#19525);
#15841=AXIS2_PLACEMENT_3D('',#23855,#19526,#19527);
#15842=AXIS2_PLACEMENT_3D('',#23856,#19528,#19529);
#15843=AXIS2_PLACEMENT_3D('',#23857,#19530,#19531);
#15844=AXIS2_PLACEMENT_3D('',#23858,#19532,#19533);
#15845=AXIS2_PLACEMENT_3D('',#23859,#19534,#19535);
#15846=AXIS2_PLACEMENT_3D('',#23860,#19536,#19537);
#15847=AXIS2_PLACEMENT_3D('',#23861,#19538,#19539);
#15848=AXIS2_PLACEMENT_3D('',#23862,#19540,#19541);
#15849=AXIS2_PLACEMENT_3D('',#23863,#19542,#19543);
#15850=AXIS2_PLACEMENT_3D('',#23864,#19544,#19545);
#15851=AXIS2_PLACEMENT_3D('',#23865,#19546,#19547);
#15852=AXIS2_PLACEMENT_3D('',#23866,#19548,#19549);
#15853=AXIS2_PLACEMENT_3D('',#23867,#19550,#19551);
#15854=AXIS2_PLACEMENT_3D('',#23868,#19552,#19553);
#15855=AXIS2_PLACEMENT_3D('',#23869,#19554,#19555);
#15856=AXIS2_PLACEMENT_3D('',#23870,#19556,#19557);
#15857=AXIS2_PLACEMENT_3D('',#23871,#19558,#19559);
#15858=AXIS2_PLACEMENT_3D('',#23872,#19560,#19561);
#15859=AXIS2_PLACEMENT_3D('',#23873,#19562,#19563);
#15860=AXIS2_PLACEMENT_3D('',#23874,#19564,#19565);
#15861=AXIS2_PLACEMENT_3D('',#23875,#19566,#19567);
#15862=AXIS2_PLACEMENT_3D('',#23876,#19568,#19569);
#15863=AXIS2_PLACEMENT_3D('',#23877,#19570,#19571);
#15864=AXIS2_PLACEMENT_3D('',#23878,#19572,#19573);
#15865=AXIS2_PLACEMENT_3D('',#23879,#19574,#19575);
#15866=AXIS2_PLACEMENT_3D('',#23880,#19576,#19577);
#15867=AXIS2_PLACEMENT_3D('',#23881,#19578,#19579);
#15868=AXIS2_PLACEMENT_3D('',#23882,#19580,#19581);
#15869=AXIS2_PLACEMENT_3D('',#23883,#19582,#19583);
#15870=AXIS2_PLACEMENT_3D('',#23884,#19584,#19585);
#15871=AXIS2_PLACEMENT_3D('',#23885,#19586,#19587);
#15872=AXIS2_PLACEMENT_3D('',#23886,#19588,#19589);
#15873=AXIS2_PLACEMENT_3D('',#23887,#19590,#19591);
#15874=AXIS2_PLACEMENT_3D('',#23888,#19592,#19593);
#15875=AXIS2_PLACEMENT_3D('',#23889,#19594,#19595);
#15876=AXIS2_PLACEMENT_3D('',#23890,#19596,#19597);
#15877=AXIS2_PLACEMENT_3D('',#23891,#19598,#19599);
#15878=AXIS2_PLACEMENT_3D('',#23892,#19600,#19601);
#15879=AXIS2_PLACEMENT_3D('',#23893,#19602,#19603);
#15880=AXIS2_PLACEMENT_3D('',#23894,#19604,#19605);
#15881=AXIS2_PLACEMENT_3D('',#23895,#19606,#19607);
#15882=AXIS2_PLACEMENT_3D('',#23896,#19608,#19609);
#15883=AXIS2_PLACEMENT_3D('',#23897,#19610,#19611);
#15884=AXIS2_PLACEMENT_3D('',#23898,#19612,#19613);
#15885=AXIS2_PLACEMENT_3D('',#23899,#19614,#19615);
#15886=AXIS2_PLACEMENT_3D('',#23900,#19616,#19617);
#15887=AXIS2_PLACEMENT_3D('',#23901,#19618,#19619);
#15888=AXIS2_PLACEMENT_3D('',#23902,#19620,#19621);
#15889=AXIS2_PLACEMENT_3D('',#23903,#19622,#19623);
#15890=AXIS2_PLACEMENT_3D('',#23904,#19624,#19625);
#15891=AXIS2_PLACEMENT_3D('',#23905,#19626,#19627);
#15892=AXIS2_PLACEMENT_3D('',#23906,#19628,#19629);
#15893=AXIS2_PLACEMENT_3D('',#23907,#19630,#19631);
#15894=AXIS2_PLACEMENT_3D('',#23908,#19632,#19633);
#15895=AXIS2_PLACEMENT_3D('',#23909,#19634,#19635);
#15896=AXIS2_PLACEMENT_3D('',#23910,#19636,#19637);
#15897=AXIS2_PLACEMENT_3D('',#23911,#19638,#19639);
#15898=AXIS2_PLACEMENT_3D('',#23912,#19640,#19641);
#15899=AXIS2_PLACEMENT_3D('',#23913,#19642,#19643);
#15900=AXIS2_PLACEMENT_3D('',#23914,#19644,#19645);
#15901=AXIS2_PLACEMENT_3D('',#23915,#19646,#19647);
#15902=AXIS2_PLACEMENT_3D('',#23916,#19648,#19649);
#15903=AXIS2_PLACEMENT_3D('',#23917,#19650,#19651);
#15904=AXIS2_PLACEMENT_3D('',#23918,#19652,#19653);
#15905=AXIS2_PLACEMENT_3D('',#23919,#19654,#19655);
#15906=AXIS2_PLACEMENT_3D('',#23920,#19656,#19657);
#15907=AXIS2_PLACEMENT_3D('',#23921,#19658,#19659);
#15908=AXIS2_PLACEMENT_3D('',#23922,#19660,#19661);
#15909=AXIS2_PLACEMENT_3D('',#23923,#19662,#19663);
#15910=AXIS2_PLACEMENT_3D('',#23924,#19664,#19665);
#15911=AXIS2_PLACEMENT_3D('',#23925,#19666,#19667);
#15912=AXIS2_PLACEMENT_3D('',#23926,#19668,#19669);
#15913=AXIS2_PLACEMENT_3D('',#23927,#19670,#19671);
#15914=AXIS2_PLACEMENT_3D('',#23928,#19672,#19673);
#15915=AXIS2_PLACEMENT_3D('',#23929,#19674,#19675);
#15916=AXIS2_PLACEMENT_3D('',#23930,#19676,#19677);
#15917=AXIS2_PLACEMENT_3D('',#23931,#19678,#19679);
#15918=AXIS2_PLACEMENT_3D('',#23932,#19680,#19681);
#15919=AXIS2_PLACEMENT_3D('',#23933,#19682,#19683);
#15920=AXIS2_PLACEMENT_3D('',#23934,#19684,#19685);
#15921=AXIS2_PLACEMENT_3D('',#23935,#19686,#19687);
#15922=AXIS2_PLACEMENT_3D('',#23936,#19688,#19689);
#15923=AXIS2_PLACEMENT_3D('',#23937,#19690,#19691);
#15924=AXIS2_PLACEMENT_3D('',#23938,#19692,#19693);
#15925=AXIS2_PLACEMENT_3D('',#23939,#19694,#19695);
#15926=AXIS2_PLACEMENT_3D('',#23940,#19696,#19697);
#15927=AXIS2_PLACEMENT_3D('',#23941,#19698,#19699);
#15928=AXIS2_PLACEMENT_3D('',#23942,#19700,#19701);
#15929=AXIS2_PLACEMENT_3D('',#23943,#19702,#19703);
#15930=DIRECTION('',(0.,0.,1.));
#15931=DIRECTION('',(1.,0.,0.));
#15932=DIRECTION('',(0.,0.,1.));
#15933=DIRECTION('',(1.,0.,0.));
#15934=DIRECTION('',(0.,-1.,0.));
#15935=DIRECTION('',(1.,5.33564061262552E-17,0.));
#15936=DIRECTION('',(0.,1.,0.));
#15937=DIRECTION('',(-1.,0.,0.));
#15938=DIRECTION('',(0.,-1.,0.));
#15939=DIRECTION('',(1.,5.33564061262552E-17,0.));
#15940=DIRECTION('',(0.,1.,0.));
#15941=DIRECTION('',(-1.,0.,0.));
#15942=DIRECTION('',(0.,-1.,0.));
#15943=DIRECTION('',(1.,5.33564061262552E-17,0.));
#15944=DIRECTION('',(0.,1.,0.));
#15945=DIRECTION('',(-1.,0.,0.));
#15946=DIRECTION('',(0.,-1.,0.));
#15947=DIRECTION('',(1.,5.33564061262552E-17,0.));
#15948=DIRECTION('',(0.,1.,0.));
#15949=DIRECTION('',(-1.,0.,0.));
#15950=DIRECTION('',(0.,-1.,0.));
#15951=DIRECTION('',(1.,5.33564061262552E-17,0.));
#15952=DIRECTION('',(0.,1.,0.));
#15953=DIRECTION('',(-1.,0.,0.));
#15954=DIRECTION('',(0.,-1.,0.));
#15955=DIRECTION('',(1.,5.33564061262552E-17,0.));
#15956=DIRECTION('',(0.,1.,0.));
#15957=DIRECTION('',(-1.,0.,0.));
#15958=DIRECTION('',(0.,-1.,0.));
#15959=DIRECTION('',(1.,5.33564061262552E-17,0.));
#15960=DIRECTION('',(0.,1.,0.));
#15961=DIRECTION('',(-1.,0.,0.));
#15962=DIRECTION('',(0.,-1.,0.));
#15963=DIRECTION('',(1.,5.33564061262552E-17,0.));
#15964=DIRECTION('',(0.,1.,0.));
#15965=DIRECTION('',(-1.,0.,0.));
#15966=DIRECTION('',(0.,-1.,0.));
#15967=DIRECTION('',(1.,5.33564061262552E-17,0.));
#15968=DIRECTION('',(0.,1.,0.));
#15969=DIRECTION('',(-1.,0.,0.));
#15970=DIRECTION('',(0.,-1.,0.));
#15971=DIRECTION('',(1.,5.33564061262552E-17,0.));
#15972=DIRECTION('',(0.,1.,0.));
#15973=DIRECTION('',(-1.,0.,0.));
#15974=DIRECTION('',(0.,-1.,0.));
#15975=DIRECTION('',(1.,5.33564061262552E-17,0.));
#15976=DIRECTION('',(0.,1.,0.));
#15977=DIRECTION('',(-1.,0.,0.));
#15978=DIRECTION('',(0.,-1.,0.));
#15979=DIRECTION('',(1.,5.33564061262552E-17,0.));
#15980=DIRECTION('',(0.,1.,0.));
#15981=DIRECTION('',(-1.,0.,0.));
#15982=DIRECTION('',(0.,-1.,0.));
#15983=DIRECTION('',(1.,5.33564061262552E-17,0.));
#15984=DIRECTION('',(0.,1.,0.));
#15985=DIRECTION('',(-1.,0.,0.));
#15986=DIRECTION('',(0.,-1.,0.));
#15987=DIRECTION('',(1.,5.33564061262552E-17,0.));
#15988=DIRECTION('',(0.,1.,0.));
#15989=DIRECTION('',(-1.,0.,0.));
#15990=DIRECTION('',(0.,-1.,0.));
#15991=DIRECTION('',(1.,5.33564061262552E-17,0.));
#15992=DIRECTION('',(0.,1.,0.));
#15993=DIRECTION('',(-1.,0.,0.));
#15994=DIRECTION('',(0.,-1.,0.));
#15995=DIRECTION('',(-1.,0.,0.));
#15996=DIRECTION('',(0.,-1.,0.));
#15997=DIRECTION('',(-1.,0.,0.));
#15998=DIRECTION('',(0.,0.,-1.));
#15999=DIRECTION('',(-1.,0.,0.));
#16000=DIRECTION('',(0.,1.,0.));
#16001=DIRECTION('',(1.,0.,0.));
#16002=DIRECTION('',(0.,-1.,0.));
#16003=DIRECTION('',(1.,0.,0.));
#16004=DIRECTION('',(0.,-1.,0.));
#16005=DIRECTION('',(1.,0.,0.));
#16006=DIRECTION('',(0.,-1.,0.));
#16007=DIRECTION('',(-1.,-5.33564061262552E-17,0.));
#16008=DIRECTION('',(0.,1.,0.));
#16009=DIRECTION('',(1.,0.,0.));
#16010=DIRECTION('',(0.,-1.,0.));
#16011=DIRECTION('',(-1.,-5.33564061262552E-17,0.));
#16012=DIRECTION('',(0.,1.,0.));
#16013=DIRECTION('',(1.,0.,0.));
#16014=DIRECTION('',(0.,-1.,0.));
#16015=DIRECTION('',(-1.,-5.33564061262552E-17,0.));
#16016=DIRECTION('',(0.,1.,0.));
#16017=DIRECTION('',(1.,0.,0.));
#16018=DIRECTION('',(0.,-1.,0.));
#16019=DIRECTION('',(-1.,-5.33564061262552E-17,0.));
#16020=DIRECTION('',(0.,1.,0.));
#16021=DIRECTION('',(1.,0.,0.));
#16022=DIRECTION('',(0.,-1.,0.));
#16023=DIRECTION('',(-1.,-5.33564061262552E-17,0.));
#16024=DIRECTION('',(0.,1.,0.));
#16025=DIRECTION('',(1.,0.,0.));
#16026=DIRECTION('',(0.,-1.,0.));
#16027=DIRECTION('',(-1.,-5.33564061262552E-17,0.));
#16028=DIRECTION('',(0.,1.,0.));
#16029=DIRECTION('',(1.,0.,0.));
#16030=DIRECTION('',(0.,-1.,0.));
#16031=DIRECTION('',(-1.,-5.33564061262552E-17,0.));
#16032=DIRECTION('',(0.,1.,0.));
#16033=DIRECTION('',(1.,0.,0.));
#16034=DIRECTION('',(0.,-1.,0.));
#16035=DIRECTION('',(-1.,-5.33564061262552E-17,0.));
#16036=DIRECTION('',(0.,1.,0.));
#16037=DIRECTION('',(1.,0.,0.));
#16038=DIRECTION('',(0.,-1.,0.));
#16039=DIRECTION('',(-1.,-5.33564061262552E-17,0.));
#16040=DIRECTION('',(0.,1.,0.));
#16041=DIRECTION('',(1.,0.,0.));
#16042=DIRECTION('',(0.,-1.,0.));
#16043=DIRECTION('',(-1.,-5.33564061262552E-17,0.));
#16044=DIRECTION('',(0.,1.,0.));
#16045=DIRECTION('',(1.,0.,0.));
#16046=DIRECTION('',(0.,-1.,0.));
#16047=DIRECTION('',(-1.,-5.33564061262552E-17,0.));
#16048=DIRECTION('',(0.,1.,0.));
#16049=DIRECTION('',(1.,0.,0.));
#16050=DIRECTION('',(0.,-1.,0.));
#16051=DIRECTION('',(-1.,-5.33564061262552E-17,0.));
#16052=DIRECTION('',(0.,1.,0.));
#16053=DIRECTION('',(1.,0.,0.));
#16054=DIRECTION('',(0.,-1.,0.));
#16055=DIRECTION('',(-1.,-5.33564061262552E-17,0.));
#16056=DIRECTION('',(0.,1.,0.));
#16057=DIRECTION('',(1.,0.,0.));
#16058=DIRECTION('',(0.,-1.,0.));
#16059=DIRECTION('',(-1.,-5.33564061262552E-17,0.));
#16060=DIRECTION('',(0.,1.,0.));
#16061=DIRECTION('',(1.,0.,0.));
#16062=DIRECTION('',(0.,-1.,0.));
#16063=DIRECTION('',(-1.,-5.33564061262552E-17,0.));
#16064=DIRECTION('',(0.,0.,1.));
#16065=DIRECTION('',(1.,0.,0.));
#16066=DIRECTION('',(0.,-1.,0.));
#16067=DIRECTION('',(1.,5.33564061262552E-17,0.));
#16068=DIRECTION('',(0.,-1.,0.));
#16069=DIRECTION('',(-1.,0.,0.));
#16070=DIRECTION('',(-1.,0.,0.));
#16071=DIRECTION('',(0.,0.,1.));
#16072=DIRECTION('',(0.,0.,1.));
#16073=DIRECTION('',(0.,-1.,0.));
#16074=DIRECTION('',(0.,0.,-1.));
#16075=DIRECTION('',(0.,0.,-1.));
#16076=DIRECTION('',(-1.,0.,0.));
#16077=DIRECTION('',(-1.,-5.33564061262552E-17,0.));
#16078=DIRECTION('',(0.,-1.,0.));
#16079=DIRECTION('',(1.,0.,0.));
#16080=DIRECTION('',(0.,0.,1.));
#16081=DIRECTION('',(1.,0.,0.));
#16082=DIRECTION('',(0.,-1.,0.));
#16083=DIRECTION('',(1.,5.33564061262552E-17,0.));
#16084=DIRECTION('',(0.,-1.,0.));
#16085=DIRECTION('',(-1.,0.,0.));
#16086=DIRECTION('',(-1.,0.,0.));
#16087=DIRECTION('',(0.,0.,1.));
#16088=DIRECTION('',(0.,0.,1.));
#16089=DIRECTION('',(0.,-1.,0.));
#16090=DIRECTION('',(0.,0.,-1.));
#16091=DIRECTION('',(0.,0.,-1.));
#16092=DIRECTION('',(-1.,0.,0.));
#16093=DIRECTION('',(-1.,-5.33564061262552E-17,0.));
#16094=DIRECTION('',(0.,-1.,0.));
#16095=DIRECTION('',(1.,0.,0.));
#16096=DIRECTION('',(0.,0.,1.));
#16097=DIRECTION('',(1.,0.,0.));
#16098=DIRECTION('',(0.,-1.,0.));
#16099=DIRECTION('',(1.,5.33564061262552E-17,0.));
#16100=DIRECTION('',(0.,-1.,0.));
#16101=DIRECTION('',(-1.,0.,0.));
#16102=DIRECTION('',(-1.,0.,0.));
#16103=DIRECTION('',(0.,0.,1.));
#16104=DIRECTION('',(0.,0.,1.));
#16105=DIRECTION('',(0.,-1.,0.));
#16106=DIRECTION('',(0.,0.,-1.));
#16107=DIRECTION('',(0.,0.,-1.));
#16108=DIRECTION('',(-1.,0.,0.));
#16109=DIRECTION('',(-1.,-5.33564061262552E-17,0.));
#16110=DIRECTION('',(0.,-1.,0.));
#16111=DIRECTION('',(1.,0.,0.));
#16112=DIRECTION('',(0.,0.,1.));
#16113=DIRECTION('',(1.,0.,0.));
#16114=DIRECTION('',(0.,-1.,0.));
#16115=DIRECTION('',(1.,5.33564061262552E-17,0.));
#16116=DIRECTION('',(0.,-1.,0.));
#16117=DIRECTION('',(-1.,0.,0.));
#16118=DIRECTION('',(-1.,0.,0.));
#16119=DIRECTION('',(0.,0.,1.));
#16120=DIRECTION('',(0.,0.,1.));
#16121=DIRECTION('',(0.,-1.,0.));
#16122=DIRECTION('',(0.,0.,-1.));
#16123=DIRECTION('',(0.,0.,-1.));
#16124=DIRECTION('',(-1.,0.,0.));
#16125=DIRECTION('',(-1.,-5.33564061262552E-17,0.));
#16126=DIRECTION('',(0.,-1.,0.));
#16127=DIRECTION('',(1.,0.,0.));
#16128=DIRECTION('',(0.,0.,1.));
#16129=DIRECTION('',(1.,0.,0.));
#16130=DIRECTION('',(0.,-1.,0.));
#16131=DIRECTION('',(1.,5.33564061262552E-17,0.));
#16132=DIRECTION('',(0.,-1.,0.));
#16133=DIRECTION('',(-1.,0.,0.));
#16134=DIRECTION('',(-1.,0.,0.));
#16135=DIRECTION('',(0.,0.,1.));
#16136=DIRECTION('',(0.,0.,1.));
#16137=DIRECTION('',(0.,-1.,0.));
#16138=DIRECTION('',(0.,0.,-1.));
#16139=DIRECTION('',(0.,0.,-1.));
#16140=DIRECTION('',(-1.,0.,0.));
#16141=DIRECTION('',(-1.,-5.33564061262552E-17,0.));
#16142=DIRECTION('',(0.,-1.,0.));
#16143=DIRECTION('',(1.,0.,0.));
#16144=DIRECTION('',(0.,0.,1.));
#16145=DIRECTION('',(1.,0.,0.));
#16146=DIRECTION('',(0.,-1.,0.));
#16147=DIRECTION('',(1.,5.33564061262552E-17,0.));
#16148=DIRECTION('',(0.,-1.,0.));
#16149=DIRECTION('',(-1.,0.,0.));
#16150=DIRECTION('',(-1.,0.,0.));
#16151=DIRECTION('',(0.,0.,1.));
#16152=DIRECTION('',(0.,0.,1.));
#16153=DIRECTION('',(0.,-1.,0.));
#16154=DIRECTION('',(0.,0.,-1.));
#16155=DIRECTION('',(0.,0.,-1.));
#16156=DIRECTION('',(-1.,0.,0.));
#16157=DIRECTION('',(-1.,-5.33564061262552E-17,0.));
#16158=DIRECTION('',(0.,-1.,0.));
#16159=DIRECTION('',(1.,0.,0.));
#16160=DIRECTION('',(0.,0.,1.));
#16161=DIRECTION('',(1.,0.,0.));
#16162=DIRECTION('',(0.,-1.,0.));
#16163=DIRECTION('',(1.,5.33564061262552E-17,0.));
#16164=DIRECTION('',(0.,-1.,0.));
#16165=DIRECTION('',(-1.,0.,0.));
#16166=DIRECTION('',(-1.,0.,0.));
#16167=DIRECTION('',(0.,0.,1.));
#16168=DIRECTION('',(0.,0.,1.));
#16169=DIRECTION('',(0.,-1.,0.));
#16170=DIRECTION('',(0.,0.,-1.));
#16171=DIRECTION('',(0.,0.,-1.));
#16172=DIRECTION('',(-1.,0.,0.));
#16173=DIRECTION('',(-1.,-5.33564061262552E-17,0.));
#16174=DIRECTION('',(0.,-1.,0.));
#16175=DIRECTION('',(1.,0.,0.));
#16176=DIRECTION('',(0.,0.,1.));
#16177=DIRECTION('',(1.,0.,0.));
#16178=DIRECTION('',(0.,-1.,0.));
#16179=DIRECTION('',(1.,5.33564061262552E-17,0.));
#16180=DIRECTION('',(0.,-1.,0.));
#16181=DIRECTION('',(-1.,0.,0.));
#16182=DIRECTION('',(-1.,0.,0.));
#16183=DIRECTION('',(0.,0.,1.));
#16184=DIRECTION('',(0.,0.,1.));
#16185=DIRECTION('',(0.,-1.,0.));
#16186=DIRECTION('',(0.,0.,-1.));
#16187=DIRECTION('',(0.,0.,-1.));
#16188=DIRECTION('',(-1.,0.,0.));
#16189=DIRECTION('',(-1.,-5.33564061262552E-17,0.));
#16190=DIRECTION('',(0.,-1.,0.));
#16191=DIRECTION('',(1.,0.,0.));
#16192=DIRECTION('',(0.,0.,1.));
#16193=DIRECTION('',(1.,0.,0.));
#16194=DIRECTION('',(0.,-1.,0.));
#16195=DIRECTION('',(1.,5.33564061262552E-17,0.));
#16196=DIRECTION('',(0.,-1.,0.));
#16197=DIRECTION('',(-1.,0.,0.));
#16198=DIRECTION('',(-1.,0.,0.));
#16199=DIRECTION('',(0.,0.,1.));
#16200=DIRECTION('',(0.,0.,1.));
#16201=DIRECTION('',(0.,-1.,0.));
#16202=DIRECTION('',(0.,0.,-1.));
#16203=DIRECTION('',(0.,0.,-1.));
#16204=DIRECTION('',(-1.,0.,0.));
#16205=DIRECTION('',(-1.,-5.33564061262552E-17,0.));
#16206=DIRECTION('',(0.,-1.,0.));
#16207=DIRECTION('',(1.,0.,0.));
#16208=DIRECTION('',(0.,0.,1.));
#16209=DIRECTION('',(1.,0.,0.));
#16210=DIRECTION('',(0.,-1.,0.));
#16211=DIRECTION('',(1.,5.33564061262552E-17,0.));
#16212=DIRECTION('',(0.,-1.,0.));
#16213=DIRECTION('',(-1.,0.,0.));
#16214=DIRECTION('',(-1.,0.,0.));
#16215=DIRECTION('',(0.,0.,1.));
#16216=DIRECTION('',(0.,0.,1.));
#16217=DIRECTION('',(0.,-1.,0.));
#16218=DIRECTION('',(0.,0.,-1.));
#16219=DIRECTION('',(0.,0.,-1.));
#16220=DIRECTION('',(-1.,0.,0.));
#16221=DIRECTION('',(-1.,-5.33564061262552E-17,0.));
#16222=DIRECTION('',(0.,-1.,0.));
#16223=DIRECTION('',(1.,0.,0.));
#16224=DIRECTION('',(0.,0.,1.));
#16225=DIRECTION('',(1.,0.,0.));
#16226=DIRECTION('',(0.,-1.,0.));
#16227=DIRECTION('',(1.,5.33564061262552E-17,0.));
#16228=DIRECTION('',(0.,-1.,0.));
#16229=DIRECTION('',(-1.,0.,0.));
#16230=DIRECTION('',(-1.,0.,0.));
#16231=DIRECTION('',(0.,0.,1.));
#16232=DIRECTION('',(0.,0.,1.));
#16233=DIRECTION('',(0.,-1.,0.));
#16234=DIRECTION('',(0.,0.,-1.));
#16235=DIRECTION('',(0.,0.,-1.));
#16236=DIRECTION('',(-1.,0.,0.));
#16237=DIRECTION('',(-1.,-5.33564061262552E-17,0.));
#16238=DIRECTION('',(0.,-1.,0.));
#16239=DIRECTION('',(1.,0.,0.));
#16240=DIRECTION('',(0.,0.,1.));
#16241=DIRECTION('',(1.,0.,0.));
#16242=DIRECTION('',(0.,-1.,0.));
#16243=DIRECTION('',(1.,5.33564061262552E-17,0.));
#16244=DIRECTION('',(0.,-1.,0.));
#16245=DIRECTION('',(-1.,0.,0.));
#16246=DIRECTION('',(-1.,0.,0.));
#16247=DIRECTION('',(0.,0.,1.));
#16248=DIRECTION('',(0.,0.,1.));
#16249=DIRECTION('',(0.,-1.,0.));
#16250=DIRECTION('',(0.,0.,-1.));
#16251=DIRECTION('',(0.,0.,-1.));
#16252=DIRECTION('',(-1.,0.,0.));
#16253=DIRECTION('',(-1.,-5.33564061262552E-17,0.));
#16254=DIRECTION('',(0.,-1.,0.));
#16255=DIRECTION('',(1.,0.,0.));
#16256=DIRECTION('',(0.,0.,1.));
#16257=DIRECTION('',(1.,0.,0.));
#16258=DIRECTION('',(0.,-1.,0.));
#16259=DIRECTION('',(1.,5.33564061262552E-17,0.));
#16260=DIRECTION('',(0.,-1.,0.));
#16261=DIRECTION('',(-1.,0.,0.));
#16262=DIRECTION('',(-1.,0.,0.));
#16263=DIRECTION('',(0.,0.,1.));
#16264=DIRECTION('',(0.,0.,1.));
#16265=DIRECTION('',(0.,-1.,0.));
#16266=DIRECTION('',(0.,0.,-1.));
#16267=DIRECTION('',(0.,0.,-1.));
#16268=DIRECTION('',(-1.,0.,0.));
#16269=DIRECTION('',(-1.,-5.33564061262552E-17,0.));
#16270=DIRECTION('',(0.,-1.,0.));
#16271=DIRECTION('',(1.,0.,0.));
#16272=DIRECTION('',(0.,0.,1.));
#16273=DIRECTION('',(1.,0.,0.));
#16274=DIRECTION('',(0.,-1.,0.));
#16275=DIRECTION('',(1.,5.33564061262552E-17,0.));
#16276=DIRECTION('',(0.,-1.,0.));
#16277=DIRECTION('',(-1.,0.,0.));
#16278=DIRECTION('',(-1.,0.,0.));
#16279=DIRECTION('',(0.,0.,1.));
#16280=DIRECTION('',(0.,0.,1.));
#16281=DIRECTION('',(0.,-1.,0.));
#16282=DIRECTION('',(0.,0.,-1.));
#16283=DIRECTION('',(0.,0.,-1.));
#16284=DIRECTION('',(-1.,0.,0.));
#16285=DIRECTION('',(-1.,-5.33564061262552E-17,0.));
#16286=DIRECTION('',(0.,-1.,0.));
#16287=DIRECTION('',(1.,0.,0.));
#16288=DIRECTION('',(0.,0.,1.));
#16289=DIRECTION('',(1.,0.,0.));
#16290=DIRECTION('',(0.,-1.,0.));
#16291=DIRECTION('',(1.,5.33564061262552E-17,0.));
#16292=DIRECTION('',(0.,-1.,0.));
#16293=DIRECTION('',(-1.,0.,0.));
#16294=DIRECTION('',(-1.,0.,0.));
#16295=DIRECTION('',(0.,0.,1.));
#16296=DIRECTION('',(0.,0.,1.));
#16297=DIRECTION('',(0.,-1.,0.));
#16298=DIRECTION('',(0.,0.,-1.));
#16299=DIRECTION('',(0.,0.,-1.));
#16300=DIRECTION('',(-1.,0.,0.));
#16301=DIRECTION('',(-1.,-5.33564061262552E-17,0.));
#16302=DIRECTION('',(0.,-1.,0.));
#16303=DIRECTION('',(1.,0.,0.));
#16304=DIRECTION('',(0.,0.,1.));
#16305=DIRECTION('',(1.,0.,0.));
#16306=DIRECTION('',(0.,-1.,0.));
#16307=DIRECTION('',(1.,5.33564061262552E-17,0.));
#16308=DIRECTION('',(0.,-1.,0.));
#16309=DIRECTION('',(-1.,0.,0.));
#16310=DIRECTION('',(-1.,0.,0.));
#16311=DIRECTION('',(0.,0.,1.));
#16312=DIRECTION('',(0.,0.,1.));
#16313=DIRECTION('',(0.,-1.,0.));
#16314=DIRECTION('',(0.,0.,-1.));
#16315=DIRECTION('',(0.,0.,-1.));
#16316=DIRECTION('',(-1.,0.,0.));
#16317=DIRECTION('',(-1.,-5.33564061262552E-17,0.));
#16318=DIRECTION('',(0.,-1.,0.));
#16319=DIRECTION('',(1.,0.,0.));
#16320=DIRECTION('',(0.,0.,1.));
#16321=DIRECTION('',(1.,0.,0.));
#16322=DIRECTION('',(0.,-1.,0.));
#16323=DIRECTION('',(1.,5.33564061262552E-17,0.));
#16324=DIRECTION('',(0.,-1.,0.));
#16325=DIRECTION('',(-1.,0.,0.));
#16326=DIRECTION('',(-1.,0.,0.));
#16327=DIRECTION('',(0.,0.,1.));
#16328=DIRECTION('',(0.,0.,1.));
#16329=DIRECTION('',(0.,-1.,0.));
#16330=DIRECTION('',(0.,0.,-1.));
#16331=DIRECTION('',(0.,0.,-1.));
#16332=DIRECTION('',(-1.,0.,0.));
#16333=DIRECTION('',(-1.,-5.33564061262552E-17,0.));
#16334=DIRECTION('',(0.,-1.,0.));
#16335=DIRECTION('',(1.,0.,0.));
#16336=DIRECTION('',(0.,0.,1.));
#16337=DIRECTION('',(1.,0.,0.));
#16338=DIRECTION('',(0.,-1.,0.));
#16339=DIRECTION('',(1.,5.33564061262552E-17,0.));
#16340=DIRECTION('',(0.,-1.,0.));
#16341=DIRECTION('',(-1.,0.,0.));
#16342=DIRECTION('',(-1.,0.,0.));
#16343=DIRECTION('',(0.,0.,1.));
#16344=DIRECTION('',(0.,0.,1.));
#16345=DIRECTION('',(0.,-1.,0.));
#16346=DIRECTION('',(0.,0.,-1.));
#16347=DIRECTION('',(0.,0.,-1.));
#16348=DIRECTION('',(-1.,0.,0.));
#16349=DIRECTION('',(-1.,-5.33564061262552E-17,0.));
#16350=DIRECTION('',(0.,-1.,0.));
#16351=DIRECTION('',(1.,0.,0.));
#16352=DIRECTION('',(0.,0.,1.));
#16353=DIRECTION('',(1.,0.,0.));
#16354=DIRECTION('',(0.,-1.,0.));
#16355=DIRECTION('',(1.,5.33564061262552E-17,0.));
#16356=DIRECTION('',(0.,-1.,0.));
#16357=DIRECTION('',(-1.,0.,0.));
#16358=DIRECTION('',(-1.,0.,0.));
#16359=DIRECTION('',(0.,0.,1.));
#16360=DIRECTION('',(0.,0.,1.));
#16361=DIRECTION('',(0.,-1.,0.));
#16362=DIRECTION('',(0.,0.,-1.));
#16363=DIRECTION('',(0.,0.,-1.));
#16364=DIRECTION('',(-1.,0.,0.));
#16365=DIRECTION('',(-1.,-5.33564061262552E-17,0.));
#16366=DIRECTION('',(0.,-1.,0.));
#16367=DIRECTION('',(1.,0.,0.));
#16368=DIRECTION('',(0.,0.,1.));
#16369=DIRECTION('',(1.,0.,0.));
#16370=DIRECTION('',(0.,-1.,0.));
#16371=DIRECTION('',(1.,5.33564061262552E-17,0.));
#16372=DIRECTION('',(0.,-1.,0.));
#16373=DIRECTION('',(-1.,0.,0.));
#16374=DIRECTION('',(-1.,0.,0.));
#16375=DIRECTION('',(0.,0.,1.));
#16376=DIRECTION('',(0.,0.,1.));
#16377=DIRECTION('',(0.,-1.,0.));
#16378=DIRECTION('',(0.,0.,-1.));
#16379=DIRECTION('',(0.,0.,-1.));
#16380=DIRECTION('',(-1.,0.,0.));
#16381=DIRECTION('',(-1.,-5.33564061262552E-17,0.));
#16382=DIRECTION('',(0.,-1.,0.));
#16383=DIRECTION('',(1.,0.,0.));
#16384=DIRECTION('',(0.,0.,1.));
#16385=DIRECTION('',(1.,0.,0.));
#16386=DIRECTION('',(0.,-1.,0.));
#16387=DIRECTION('',(1.,5.33564061262552E-17,0.));
#16388=DIRECTION('',(0.,-1.,0.));
#16389=DIRECTION('',(-1.,0.,0.));
#16390=DIRECTION('',(-1.,0.,0.));
#16391=DIRECTION('',(0.,0.,1.));
#16392=DIRECTION('',(0.,0.,1.));
#16393=DIRECTION('',(0.,-1.,0.));
#16394=DIRECTION('',(0.,0.,-1.));
#16395=DIRECTION('',(0.,0.,-1.));
#16396=DIRECTION('',(-1.,0.,0.));
#16397=DIRECTION('',(-1.,-5.33564061262552E-17,0.));
#16398=DIRECTION('',(0.,-1.,0.));
#16399=DIRECTION('',(1.,0.,0.));
#16400=DIRECTION('',(0.,0.,1.));
#16401=DIRECTION('',(1.,0.,0.));
#16402=DIRECTION('',(0.,-1.,0.));
#16403=DIRECTION('',(1.,5.33564061262552E-17,0.));
#16404=DIRECTION('',(0.,-1.,0.));
#16405=DIRECTION('',(-1.,0.,0.));
#16406=DIRECTION('',(-1.,0.,0.));
#16407=DIRECTION('',(0.,0.,1.));
#16408=DIRECTION('',(0.,0.,1.));
#16409=DIRECTION('',(0.,-1.,0.));
#16410=DIRECTION('',(0.,0.,-1.));
#16411=DIRECTION('',(0.,0.,-1.));
#16412=DIRECTION('',(-1.,0.,0.));
#16413=DIRECTION('',(-1.,-5.33564061262552E-17,0.));
#16414=DIRECTION('',(0.,-1.,0.));
#16415=DIRECTION('',(1.,0.,0.));
#16416=DIRECTION('',(0.,0.,1.));
#16417=DIRECTION('',(1.,0.,0.));
#16418=DIRECTION('',(0.,-1.,0.));
#16419=DIRECTION('',(1.,5.33564061262552E-17,0.));
#16420=DIRECTION('',(0.,-1.,0.));
#16421=DIRECTION('',(-1.,0.,0.));
#16422=DIRECTION('',(-1.,0.,0.));
#16423=DIRECTION('',(0.,0.,1.));
#16424=DIRECTION('',(0.,0.,1.));
#16425=DIRECTION('',(0.,-1.,0.));
#16426=DIRECTION('',(0.,0.,-1.));
#16427=DIRECTION('',(0.,0.,-1.));
#16428=DIRECTION('',(-1.,0.,0.));
#16429=DIRECTION('',(-1.,-5.33564061262552E-17,0.));
#16430=DIRECTION('',(0.,-1.,0.));
#16431=DIRECTION('',(1.,0.,0.));
#16432=DIRECTION('',(0.,0.,1.));
#16433=DIRECTION('',(1.,0.,0.));
#16434=DIRECTION('',(0.,-1.,0.));
#16435=DIRECTION('',(1.,5.33564061262552E-17,0.));
#16436=DIRECTION('',(0.,-1.,0.));
#16437=DIRECTION('',(-1.,0.,0.));
#16438=DIRECTION('',(-1.,0.,0.));
#16439=DIRECTION('',(0.,0.,1.));
#16440=DIRECTION('',(0.,0.,1.));
#16441=DIRECTION('',(0.,-1.,0.));
#16442=DIRECTION('',(0.,0.,-1.));
#16443=DIRECTION('',(0.,0.,-1.));
#16444=DIRECTION('',(-1.,0.,0.));
#16445=DIRECTION('',(-1.,-5.33564061262552E-17,0.));
#16446=DIRECTION('',(0.,-1.,0.));
#16447=DIRECTION('',(1.,0.,0.));
#16448=DIRECTION('',(0.,0.,1.));
#16449=DIRECTION('',(1.,0.,0.));
#16450=DIRECTION('',(0.,-1.,0.));
#16451=DIRECTION('',(1.,5.33564061262552E-17,0.));
#16452=DIRECTION('',(0.,-1.,0.));
#16453=DIRECTION('',(-1.,0.,0.));
#16454=DIRECTION('',(-1.,0.,0.));
#16455=DIRECTION('',(0.,0.,1.));
#16456=DIRECTION('',(0.,0.,1.));
#16457=DIRECTION('',(0.,-1.,0.));
#16458=DIRECTION('',(0.,0.,-1.));
#16459=DIRECTION('',(0.,0.,-1.));
#16460=DIRECTION('',(-1.,0.,0.));
#16461=DIRECTION('',(-1.,-5.33564061262552E-17,0.));
#16462=DIRECTION('',(0.,-1.,0.));
#16463=DIRECTION('',(1.,0.,0.));
#16464=DIRECTION('',(0.,0.,1.));
#16465=DIRECTION('',(1.,0.,0.));
#16466=DIRECTION('',(0.,-1.,0.));
#16467=DIRECTION('',(1.,5.33564061262552E-17,0.));
#16468=DIRECTION('',(0.,-1.,0.));
#16469=DIRECTION('',(-1.,0.,0.));
#16470=DIRECTION('',(-1.,0.,0.));
#16471=DIRECTION('',(0.,0.,1.));
#16472=DIRECTION('',(0.,0.,1.));
#16473=DIRECTION('',(0.,-1.,0.));
#16474=DIRECTION('',(0.,0.,-1.));
#16475=DIRECTION('',(0.,0.,-1.));
#16476=DIRECTION('',(-1.,0.,0.));
#16477=DIRECTION('',(-1.,-5.33564061262552E-17,0.));
#16478=DIRECTION('',(0.,-1.,0.));
#16479=DIRECTION('',(1.,0.,0.));
#16480=DIRECTION('',(0.,0.,1.));
#16481=DIRECTION('',(1.,0.,0.));
#16482=DIRECTION('',(0.,-1.,0.));
#16483=DIRECTION('',(1.,5.33564061262552E-17,0.));
#16484=DIRECTION('',(0.,-1.,0.));
#16485=DIRECTION('',(-1.,0.,0.));
#16486=DIRECTION('',(-1.,0.,0.));
#16487=DIRECTION('',(0.,0.,1.));
#16488=DIRECTION('',(0.,0.,1.));
#16489=DIRECTION('',(0.,-1.,0.));
#16490=DIRECTION('',(0.,0.,-1.));
#16491=DIRECTION('',(0.,0.,-1.));
#16492=DIRECTION('',(-1.,0.,0.));
#16493=DIRECTION('',(-1.,-5.33564061262552E-17,0.));
#16494=DIRECTION('',(0.,-1.,0.));
#16495=DIRECTION('',(1.,0.,0.));
#16496=DIRECTION('',(0.,0.,1.));
#16497=DIRECTION('',(1.,0.,0.));
#16498=DIRECTION('',(0.,-1.,0.));
#16499=DIRECTION('',(1.,5.33564061262552E-17,0.));
#16500=DIRECTION('',(0.,-1.,0.));
#16501=DIRECTION('',(-1.,0.,0.));
#16502=DIRECTION('',(-1.,0.,0.));
#16503=DIRECTION('',(0.,0.,1.));
#16504=DIRECTION('',(0.,0.,1.));
#16505=DIRECTION('',(0.,-1.,0.));
#16506=DIRECTION('',(0.,0.,-1.));
#16507=DIRECTION('',(0.,0.,-1.));
#16508=DIRECTION('',(-1.,0.,0.));
#16509=DIRECTION('',(-1.,-5.33564061262552E-17,0.));
#16510=DIRECTION('',(0.,-1.,0.));
#16511=DIRECTION('',(1.,0.,0.));
#16512=DIRECTION('',(0.,0.,1.));
#16513=DIRECTION('',(1.,0.,0.));
#16514=DIRECTION('',(0.,-1.,0.));
#16515=DIRECTION('',(1.,5.33564061262552E-17,0.));
#16516=DIRECTION('',(0.,-1.,0.));
#16517=DIRECTION('',(-1.,0.,0.));
#16518=DIRECTION('',(-1.,0.,0.));
#16519=DIRECTION('',(0.,0.,1.));
#16520=DIRECTION('',(0.,0.,1.));
#16521=DIRECTION('',(0.,-1.,0.));
#16522=DIRECTION('',(0.,0.,-1.));
#16523=DIRECTION('',(0.,0.,-1.));
#16524=DIRECTION('',(-1.,0.,0.));
#16525=DIRECTION('',(-1.,-5.33564061262552E-17,0.));
#16526=DIRECTION('',(0.,-1.,0.));
#16527=DIRECTION('',(1.,0.,0.));
#16528=DIRECTION('',(0.,0.,1.));
#16529=DIRECTION('',(1.,0.,0.));
#16530=DIRECTION('',(0.,-1.,0.));
#16531=DIRECTION('',(1.,5.33564061262552E-17,0.));
#16532=DIRECTION('',(0.,-1.,0.));
#16533=DIRECTION('',(-1.,0.,0.));
#16534=DIRECTION('',(-1.,0.,0.));
#16535=DIRECTION('',(0.,0.,1.));
#16536=DIRECTION('',(0.,0.,1.));
#16537=DIRECTION('',(0.,-1.,0.));
#16538=DIRECTION('',(0.,0.,-1.));
#16539=DIRECTION('',(0.,0.,-1.));
#16540=DIRECTION('',(-1.,0.,0.));
#16541=DIRECTION('',(-1.,-5.33564061262552E-17,0.));
#16542=DIRECTION('',(0.,-1.,0.));
#16543=DIRECTION('',(1.,0.,0.));
#16544=DIRECTION('',(0.,0.,1.));
#16545=DIRECTION('',(1.,0.,0.));
#16546=DIRECTION('',(0.,-1.,0.));
#16547=DIRECTION('',(1.,5.33564061262552E-17,0.));
#16548=DIRECTION('',(0.,-1.,0.));
#16549=DIRECTION('',(-1.,0.,0.));
#16550=DIRECTION('',(-1.,0.,0.));
#16551=DIRECTION('',(0.,0.,1.));
#16552=DIRECTION('',(0.,0.,1.));
#16553=DIRECTION('',(0.,-1.,0.));
#16554=DIRECTION('',(0.,0.,-1.));
#16555=DIRECTION('',(0.,0.,-1.));
#16556=DIRECTION('',(-1.,0.,0.));
#16557=DIRECTION('',(-1.,-5.33564061262552E-17,0.));
#16558=DIRECTION('',(0.,-1.,0.));
#16559=DIRECTION('',(1.,0.,0.));
#16560=DIRECTION('',(0.,0.,1.));
#16561=DIRECTION('',(1.,0.,0.));
#16562=DIRECTION('',(0.,-1.,0.));
#16563=DIRECTION('',(1.,5.33564061262552E-17,0.));
#16564=DIRECTION('',(0.,-1.,0.));
#16565=DIRECTION('',(-1.,0.,0.));
#16566=DIRECTION('',(-1.,0.,0.));
#16567=DIRECTION('',(0.,0.,1.));
#16568=DIRECTION('',(0.,0.,1.));
#16569=DIRECTION('',(0.,-1.,0.));
#16570=DIRECTION('',(0.,0.,-1.));
#16571=DIRECTION('',(0.,0.,-1.));
#16572=DIRECTION('',(-1.,0.,0.));
#16573=DIRECTION('',(-1.,-5.33564061262552E-17,0.));
#16574=DIRECTION('',(0.,-1.,0.));
#16575=DIRECTION('',(1.,0.,0.));
#16576=DIRECTION('',(0.,0.,1.));
#16577=DIRECTION('',(1.,0.,0.));
#16578=DIRECTION('',(0.,-1.,0.));
#16579=DIRECTION('',(1.,5.33564061262552E-17,0.));
#16580=DIRECTION('',(0.,-1.,0.));
#16581=DIRECTION('',(-1.,0.,0.));
#16582=DIRECTION('',(-1.,0.,0.));
#16583=DIRECTION('',(0.,0.,1.));
#16584=DIRECTION('',(0.,0.,1.));
#16585=DIRECTION('',(0.,-1.,0.));
#16586=DIRECTION('',(0.,0.,-1.));
#16587=DIRECTION('',(0.,0.,-1.));
#16588=DIRECTION('',(-1.,0.,0.));
#16589=DIRECTION('',(-1.,-5.33564061262552E-17,0.));
#16590=DIRECTION('',(0.,-1.,0.));
#16591=DIRECTION('',(1.,0.,0.));
#16592=DIRECTION('',(0.,0.,1.));
#16593=DIRECTION('',(1.,0.,0.));
#16594=DIRECTION('',(0.,-1.,0.));
#16595=DIRECTION('',(1.,5.33564061262552E-17,0.));
#16596=DIRECTION('',(0.,-1.,0.));
#16597=DIRECTION('',(-1.,0.,0.));
#16598=DIRECTION('',(-1.,0.,0.));
#16599=DIRECTION('',(0.,0.,1.));
#16600=DIRECTION('',(0.,0.,1.));
#16601=DIRECTION('',(0.,-1.,0.));
#16602=DIRECTION('',(0.,0.,-1.));
#16603=DIRECTION('',(0.,0.,-1.));
#16604=DIRECTION('',(-1.,0.,0.));
#16605=DIRECTION('',(-1.,-5.33564061262552E-17,0.));
#16606=DIRECTION('',(0.,-1.,0.));
#16607=DIRECTION('',(1.,0.,0.));
#16608=DIRECTION('',(0.,0.,1.));
#16609=DIRECTION('',(1.,0.,0.));
#16610=DIRECTION('',(0.,-1.,0.));
#16611=DIRECTION('',(1.,5.33564061262552E-17,0.));
#16612=DIRECTION('',(0.,-1.,0.));
#16613=DIRECTION('',(-1.,0.,0.));
#16614=DIRECTION('',(-1.,0.,0.));
#16615=DIRECTION('',(0.,0.,1.));
#16616=DIRECTION('',(0.,0.,1.));
#16617=DIRECTION('',(0.,-1.,0.));
#16618=DIRECTION('',(0.,0.,-1.));
#16619=DIRECTION('',(0.,0.,-1.));
#16620=DIRECTION('',(-1.,0.,0.));
#16621=DIRECTION('',(-1.,-5.33564061262552E-17,0.));
#16622=DIRECTION('',(0.,-1.,0.));
#16623=DIRECTION('',(1.,0.,0.));
#16624=DIRECTION('',(0.,0.,1.));
#16625=DIRECTION('',(1.,0.,0.));
#16626=DIRECTION('',(0.,-1.,0.));
#16627=DIRECTION('',(1.,5.33564061262552E-17,0.));
#16628=DIRECTION('',(0.,-1.,0.));
#16629=DIRECTION('',(-1.,0.,0.));
#16630=DIRECTION('',(-1.,0.,0.));
#16631=DIRECTION('',(0.,0.,1.));
#16632=DIRECTION('',(0.,0.,1.));
#16633=DIRECTION('',(0.,-1.,0.));
#16634=DIRECTION('',(0.,0.,-1.));
#16635=DIRECTION('',(0.,0.,-1.));
#16636=DIRECTION('',(-1.,0.,0.));
#16637=DIRECTION('',(-1.,-5.33564061262552E-17,0.));
#16638=DIRECTION('',(0.,-1.,0.));
#16639=DIRECTION('',(1.,0.,0.));
#16640=DIRECTION('',(0.,0.,1.));
#16641=DIRECTION('',(1.,0.,0.));
#16642=DIRECTION('',(0.,-1.,0.));
#16643=DIRECTION('',(1.,5.33564061262552E-17,0.));
#16644=DIRECTION('',(0.,-1.,0.));
#16645=DIRECTION('',(-1.,0.,0.));
#16646=DIRECTION('',(-1.,0.,0.));
#16647=DIRECTION('',(0.,0.,1.));
#16648=DIRECTION('',(0.,0.,1.));
#16649=DIRECTION('',(0.,-1.,0.));
#16650=DIRECTION('',(0.,0.,-1.));
#16651=DIRECTION('',(0.,0.,-1.));
#16652=DIRECTION('',(-1.,0.,0.));
#16653=DIRECTION('',(-1.,-5.33564061262552E-17,0.));
#16654=DIRECTION('',(0.,-1.,0.));
#16655=DIRECTION('',(1.,0.,0.));
#16656=DIRECTION('',(0.,0.,1.));
#16657=DIRECTION('',(1.,0.,0.));
#16658=DIRECTION('',(0.,-1.,0.));
#16659=DIRECTION('',(1.,5.33564061262552E-17,0.));
#16660=DIRECTION('',(0.,-1.,0.));
#16661=DIRECTION('',(-1.,0.,0.));
#16662=DIRECTION('',(-1.,0.,0.));
#16663=DIRECTION('',(0.,0.,1.));
#16664=DIRECTION('',(0.,0.,1.));
#16665=DIRECTION('',(0.,-1.,0.));
#16666=DIRECTION('',(0.,0.,-1.));
#16667=DIRECTION('',(0.,0.,-1.));
#16668=DIRECTION('',(-1.,0.,0.));
#16669=DIRECTION('',(-1.,-5.33564061262552E-17,0.));
#16670=DIRECTION('',(0.,-1.,0.));
#16671=DIRECTION('',(1.,0.,0.));
#16672=DIRECTION('',(0.,0.,1.));
#16673=DIRECTION('',(1.,0.,0.));
#16674=DIRECTION('',(0.,-1.,0.));
#16675=DIRECTION('',(1.,5.33564061262552E-17,0.));
#16676=DIRECTION('',(0.,-1.,0.));
#16677=DIRECTION('',(-1.,0.,0.));
#16678=DIRECTION('',(-1.,0.,0.));
#16679=DIRECTION('',(0.,0.,1.));
#16680=DIRECTION('',(0.,0.,1.));
#16681=DIRECTION('',(0.,-1.,0.));
#16682=DIRECTION('',(0.,0.,-1.));
#16683=DIRECTION('',(0.,0.,-1.));
#16684=DIRECTION('',(-1.,0.,0.));
#16685=DIRECTION('',(-1.,-5.33564061262552E-17,0.));
#16686=DIRECTION('',(0.,-1.,0.));
#16687=DIRECTION('',(1.,0.,0.));
#16688=DIRECTION('',(0.,0.,1.));
#16689=DIRECTION('',(1.,0.,0.));
#16690=DIRECTION('',(0.,-1.,0.));
#16691=DIRECTION('',(1.,5.33564061262552E-17,0.));
#16692=DIRECTION('',(0.,-1.,0.));
#16693=DIRECTION('',(-1.,0.,0.));
#16694=DIRECTION('',(-1.,0.,0.));
#16695=DIRECTION('',(0.,0.,1.));
#16696=DIRECTION('',(0.,0.,1.));
#16697=DIRECTION('',(0.,-1.,0.));
#16698=DIRECTION('',(0.,0.,-1.));
#16699=DIRECTION('',(0.,0.,-1.));
#16700=DIRECTION('',(-1.,0.,0.));
#16701=DIRECTION('',(-1.,-5.33564061262552E-17,0.));
#16702=DIRECTION('',(0.,-1.,0.));
#16703=DIRECTION('',(1.,0.,0.));
#16704=DIRECTION('',(0.,0.,1.));
#16705=DIRECTION('',(1.,0.,0.));
#16706=DIRECTION('',(0.,-1.,0.));
#16707=DIRECTION('',(1.,5.33564061262552E-17,0.));
#16708=DIRECTION('',(0.,-1.,0.));
#16709=DIRECTION('',(-1.,0.,0.));
#16710=DIRECTION('',(-1.,0.,0.));
#16711=DIRECTION('',(0.,0.,1.));
#16712=DIRECTION('',(0.,0.,1.));
#16713=DIRECTION('',(0.,-1.,0.));
#16714=DIRECTION('',(0.,0.,-1.));
#16715=DIRECTION('',(0.,0.,-1.));
#16716=DIRECTION('',(-1.,0.,0.));
#16717=DIRECTION('',(-1.,-5.33564061262552E-17,0.));
#16718=DIRECTION('',(0.,-1.,0.));
#16719=DIRECTION('',(1.,0.,0.));
#16720=DIRECTION('',(0.,0.,1.));
#16721=DIRECTION('',(1.,0.,0.));
#16722=DIRECTION('',(0.,-1.,0.));
#16723=DIRECTION('',(1.,5.33564061262552E-17,0.));
#16724=DIRECTION('',(0.,-1.,0.));
#16725=DIRECTION('',(-1.,0.,0.));
#16726=DIRECTION('',(-1.,0.,0.));
#16727=DIRECTION('',(0.,0.,1.));
#16728=DIRECTION('',(0.,0.,1.));
#16729=DIRECTION('',(0.,-1.,0.));
#16730=DIRECTION('',(0.,0.,-1.));
#16731=DIRECTION('',(0.,0.,-1.));
#16732=DIRECTION('',(-1.,0.,0.));
#16733=DIRECTION('',(-1.,-5.33564061262552E-17,0.));
#16734=DIRECTION('',(0.,-1.,0.));
#16735=DIRECTION('',(1.,0.,0.));
#16736=DIRECTION('',(0.,0.,1.));
#16737=DIRECTION('',(1.,0.,0.));
#16738=DIRECTION('',(0.,-1.,0.));
#16739=DIRECTION('',(1.,5.33564061262552E-17,0.));
#16740=DIRECTION('',(0.,-1.,0.));
#16741=DIRECTION('',(-1.,0.,0.));
#16742=DIRECTION('',(-1.,0.,0.));
#16743=DIRECTION('',(0.,0.,1.));
#16744=DIRECTION('',(0.,0.,1.));
#16745=DIRECTION('',(0.,-1.,0.));
#16746=DIRECTION('',(0.,0.,-1.));
#16747=DIRECTION('',(0.,0.,-1.));
#16748=DIRECTION('',(-1.,0.,0.));
#16749=DIRECTION('',(-1.,-5.33564061262552E-17,0.));
#16750=DIRECTION('',(0.,-1.,0.));
#16751=DIRECTION('',(1.,0.,0.));
#16752=DIRECTION('',(0.,0.,1.));
#16753=DIRECTION('',(1.,0.,0.));
#16754=DIRECTION('',(0.,-1.,0.));
#16755=DIRECTION('',(1.,5.33564061262552E-17,0.));
#16756=DIRECTION('',(0.,-1.,0.));
#16757=DIRECTION('',(-1.,0.,0.));
#16758=DIRECTION('',(-1.,0.,0.));
#16759=DIRECTION('',(0.,0.,1.));
#16760=DIRECTION('',(0.,0.,1.));
#16761=DIRECTION('',(0.,-1.,0.));
#16762=DIRECTION('',(0.,0.,-1.));
#16763=DIRECTION('',(0.,0.,-1.));
#16764=DIRECTION('',(-1.,0.,0.));
#16765=DIRECTION('',(-1.,-5.33564061262552E-17,0.));
#16766=DIRECTION('',(0.,-1.,0.));
#16767=DIRECTION('',(1.,0.,0.));
#16768=DIRECTION('',(0.,0.,1.));
#16769=DIRECTION('',(1.,0.,0.));
#16770=DIRECTION('',(0.,-1.,0.));
#16771=DIRECTION('',(1.,5.33564061262552E-17,0.));
#16772=DIRECTION('',(0.,-1.,0.));
#16773=DIRECTION('',(-1.,0.,0.));
#16774=DIRECTION('',(-1.,0.,0.));
#16775=DIRECTION('',(0.,0.,1.));
#16776=DIRECTION('',(0.,0.,1.));
#16777=DIRECTION('',(0.,-1.,0.));
#16778=DIRECTION('',(0.,0.,-1.));
#16779=DIRECTION('',(0.,0.,-1.));
#16780=DIRECTION('',(-1.,0.,0.));
#16781=DIRECTION('',(-1.,-5.33564061262552E-17,0.));
#16782=DIRECTION('',(0.,-1.,0.));
#16783=DIRECTION('',(1.,0.,0.));
#16784=DIRECTION('',(1.,0.,0.));
#16785=DIRECTION('',(0.,0.,-1.));
#16786=DIRECTION('',(0.,0.,-1.));
#16787=DIRECTION('',(0.,0.,1.));
#16788=DIRECTION('',(1.,0.,0.));
#16789=DIRECTION('',(0.,0.,-1.));
#16790=DIRECTION('',(0.,0.,-1.));
#16791=DIRECTION('',(0.,0.,1.));
#16792=DIRECTION('',(1.,0.,0.));
#16793=DIRECTION('',(0.,0.,-1.));
#16794=DIRECTION('',(0.,0.,-1.));
#16795=DIRECTION('',(0.,0.,1.));
#16796=DIRECTION('',(1.,0.,0.));
#16797=DIRECTION('',(0.,0.,-1.));
#16798=DIRECTION('',(0.,0.,-1.));
#16799=DIRECTION('',(0.,0.,1.));
#16800=DIRECTION('',(1.,0.,0.));
#16801=DIRECTION('',(0.,0.,-1.));
#16802=DIRECTION('',(0.,0.,-1.));
#16803=DIRECTION('',(0.,0.,1.));
#16804=DIRECTION('',(1.,0.,0.));
#16805=DIRECTION('',(0.,0.,-1.));
#16806=DIRECTION('',(0.,0.,-1.));
#16807=DIRECTION('',(0.,0.,1.));
#16808=DIRECTION('',(1.,0.,0.));
#16809=DIRECTION('',(0.,0.,-1.));
#16810=DIRECTION('',(0.,0.,-1.));
#16811=DIRECTION('',(0.,0.,1.));
#16812=DIRECTION('',(1.,0.,0.));
#16813=DIRECTION('',(0.,0.,-1.));
#16814=DIRECTION('',(0.,0.,-1.));
#16815=DIRECTION('',(0.,0.,1.));
#16816=DIRECTION('',(1.,0.,0.));
#16817=DIRECTION('',(0.,0.,-1.));
#16818=DIRECTION('',(0.,0.,-1.));
#16819=DIRECTION('',(0.,0.,1.));
#16820=DIRECTION('',(1.,0.,0.));
#16821=DIRECTION('',(0.,0.,-1.));
#16822=DIRECTION('',(0.,0.,-1.));
#16823=DIRECTION('',(0.,0.,1.));
#16824=DIRECTION('',(1.,0.,0.));
#16825=DIRECTION('',(0.,0.,-1.));
#16826=DIRECTION('',(0.,0.,-1.));
#16827=DIRECTION('',(0.,0.,1.));
#16828=DIRECTION('',(1.,0.,0.));
#16829=DIRECTION('',(0.,0.,-1.));
#16830=DIRECTION('',(0.,0.,-1.));
#16831=DIRECTION('',(0.,0.,1.));
#16832=DIRECTION('',(1.,0.,0.));
#16833=DIRECTION('',(0.,0.,-1.));
#16834=DIRECTION('',(0.,0.,-1.));
#16835=DIRECTION('',(0.,0.,1.));
#16836=DIRECTION('',(1.,0.,0.));
#16837=DIRECTION('',(0.,0.,-1.));
#16838=DIRECTION('',(0.,0.,-1.));
#16839=DIRECTION('',(0.,0.,1.));
#16840=DIRECTION('',(1.,0.,0.));
#16841=DIRECTION('',(0.,0.,-1.));
#16842=DIRECTION('',(0.,0.,-1.));
#16843=DIRECTION('',(0.,0.,1.));
#16844=DIRECTION('',(1.,0.,0.));
#16845=DIRECTION('',(0.,0.,-1.));
#16846=DIRECTION('',(0.,0.,-1.));
#16847=DIRECTION('',(0.,0.,1.));
#16848=DIRECTION('',(1.,0.,0.));
#16849=DIRECTION('',(0.,0.,-1.));
#16850=DIRECTION('',(0.,0.,-1.));
#16851=DIRECTION('',(0.,0.,1.));
#16852=DIRECTION('',(1.,0.,0.));
#16853=DIRECTION('',(0.,0.,-1.));
#16854=DIRECTION('',(0.,0.,-1.));
#16855=DIRECTION('',(0.,0.,1.));
#16856=DIRECTION('',(1.,0.,0.));
#16857=DIRECTION('',(0.,0.,-1.));
#16858=DIRECTION('',(0.,0.,-1.));
#16859=DIRECTION('',(0.,0.,1.));
#16860=DIRECTION('',(1.,0.,0.));
#16861=DIRECTION('',(0.,0.,-1.));
#16862=DIRECTION('',(0.,0.,-1.));
#16863=DIRECTION('',(0.,0.,1.));
#16864=DIRECTION('',(1.,0.,0.));
#16865=DIRECTION('',(0.,0.,-1.));
#16866=DIRECTION('',(0.,0.,-1.));
#16867=DIRECTION('',(0.,0.,1.));
#16868=DIRECTION('',(1.,0.,0.));
#16869=DIRECTION('',(0.,0.,-1.));
#16870=DIRECTION('',(0.,0.,-1.));
#16871=DIRECTION('',(0.,0.,1.));
#16872=DIRECTION('',(1.,0.,0.));
#16873=DIRECTION('',(0.,0.,-1.));
#16874=DIRECTION('',(0.,0.,-1.));
#16875=DIRECTION('',(0.,0.,1.));
#16876=DIRECTION('',(1.,0.,0.));
#16877=DIRECTION('',(0.,0.,-1.));
#16878=DIRECTION('',(0.,0.,-1.));
#16879=DIRECTION('',(0.,0.,1.));
#16880=DIRECTION('',(1.,0.,0.));
#16881=DIRECTION('',(0.,0.,-1.));
#16882=DIRECTION('',(0.,0.,-1.));
#16883=DIRECTION('',(0.,0.,1.));
#16884=DIRECTION('',(1.,0.,0.));
#16885=DIRECTION('',(0.,0.,-1.));
#16886=DIRECTION('',(0.,0.,-1.));
#16887=DIRECTION('',(0.,0.,1.));
#16888=DIRECTION('',(1.,0.,0.));
#16889=DIRECTION('',(0.,0.,-1.));
#16890=DIRECTION('',(0.,0.,-1.));
#16891=DIRECTION('',(0.,0.,1.));
#16892=DIRECTION('',(1.,0.,0.));
#16893=DIRECTION('',(0.,0.,-1.));
#16894=DIRECTION('',(0.,0.,-1.));
#16895=DIRECTION('',(0.,0.,1.));
#16896=DIRECTION('',(1.,0.,0.));
#16897=DIRECTION('',(0.,0.,-1.));
#16898=DIRECTION('',(0.,0.,-1.));
#16899=DIRECTION('',(0.,0.,1.));
#16900=DIRECTION('',(1.,0.,0.));
#16901=DIRECTION('',(0.,0.,-1.));
#16902=DIRECTION('',(0.,0.,-1.));
#16903=DIRECTION('',(0.,0.,1.));
#16904=DIRECTION('',(1.,0.,0.));
#16905=DIRECTION('',(0.,0.,-1.));
#16906=DIRECTION('',(0.,0.,-1.));
#16907=DIRECTION('',(0.,0.,1.));
#16908=DIRECTION('',(1.,0.,0.));
#16909=DIRECTION('',(0.,0.,-1.));
#16910=DIRECTION('',(0.,0.,-1.));
#16911=DIRECTION('',(0.,0.,1.));
#16912=DIRECTION('',(1.,0.,0.));
#16913=DIRECTION('',(0.,0.,-1.));
#16914=DIRECTION('',(0.,0.,-1.));
#16915=DIRECTION('',(0.,0.,1.));
#16916=DIRECTION('',(1.,0.,0.));
#16917=DIRECTION('',(0.,0.,-1.));
#16918=DIRECTION('',(0.,0.,-1.));
#16919=DIRECTION('',(0.,0.,1.));
#16920=DIRECTION('',(1.,0.,0.));
#16921=DIRECTION('',(0.,0.,-1.));
#16922=DIRECTION('',(0.,0.,-1.));
#16923=DIRECTION('',(0.,0.,1.));
#16924=DIRECTION('',(1.,0.,0.));
#16925=DIRECTION('',(0.,0.,-1.));
#16926=DIRECTION('',(0.,0.,-1.));
#16927=DIRECTION('',(0.,0.,1.));
#16928=DIRECTION('',(1.,0.,0.));
#16929=DIRECTION('',(0.,0.,-1.));
#16930=DIRECTION('',(0.,0.,-1.));
#16931=DIRECTION('',(0.,0.,1.));
#16932=DIRECTION('',(1.,0.,0.));
#16933=DIRECTION('',(0.,0.,-1.));
#16934=DIRECTION('',(0.,0.,-1.));
#16935=DIRECTION('',(0.,0.,1.));
#16936=DIRECTION('',(1.,0.,0.));
#16937=DIRECTION('',(0.,0.,-1.));
#16938=DIRECTION('',(0.,0.,-1.));
#16939=DIRECTION('',(0.,0.,1.));
#16940=DIRECTION('',(1.,0.,0.));
#16941=DIRECTION('',(0.,0.,-1.));
#16942=DIRECTION('',(0.,0.,-1.));
#16943=DIRECTION('',(0.,0.,1.));
#16944=DIRECTION('',(1.,0.,0.));
#16945=DIRECTION('',(0.,0.,-1.));
#16946=DIRECTION('',(0.,0.,-1.));
#16947=DIRECTION('',(0.,0.,1.));
#16948=DIRECTION('',(1.,0.,0.));
#16949=DIRECTION('',(0.,0.,-1.));
#16950=DIRECTION('',(0.,0.,-1.));
#16951=DIRECTION('',(0.,0.,1.));
#16952=DIRECTION('',(1.,0.,0.));
#16953=DIRECTION('',(0.,0.,-1.));
#16954=DIRECTION('',(0.,0.,-1.));
#16955=DIRECTION('',(0.,0.,1.));
#16956=DIRECTION('',(1.,0.,0.));
#16957=DIRECTION('',(0.,0.,-1.));
#16958=DIRECTION('',(0.,0.,-1.));
#16959=DIRECTION('',(0.,0.,1.));
#16960=DIRECTION('',(1.,0.,0.));
#16961=DIRECTION('',(0.,0.,-1.));
#16962=DIRECTION('',(0.,0.,-1.));
#16963=DIRECTION('',(0.,0.,1.));
#16964=DIRECTION('',(0.,1.,0.));
#16965=DIRECTION('',(0.,0.,1.));
#16966=DIRECTION('',(0.,0.,-1.));
#16967=DIRECTION('',(0.,0.,1.));
#16968=DIRECTION('',(0.,1.,0.));
#16969=DIRECTION('',(0.,0.,1.));
#16970=DIRECTION('',(0.,0.,1.));
#16971=DIRECTION('',(0.,0.,-1.));
#16972=DIRECTION('',(0.,1.,0.));
#16973=DIRECTION('',(0.,0.,1.));
#16974=DIRECTION('',(0.,0.,-1.));
#16975=DIRECTION('',(0.,0.,1.));
#16976=DIRECTION('',(0.,1.,0.));
#16977=DIRECTION('',(0.,0.,1.));
#16978=DIRECTION('',(0.,0.,-1.));
#16979=DIRECTION('',(0.,0.,1.));
#16980=DIRECTION('',(0.,1.,0.));
#16981=DIRECTION('',(0.,0.,1.));
#16982=DIRECTION('',(0.,0.,-1.));
#16983=DIRECTION('',(0.,0.,1.));
#16984=DIRECTION('',(0.,1.,0.));
#16985=DIRECTION('',(0.,0.,1.));
#16986=DIRECTION('',(0.,0.,-1.));
#16987=DIRECTION('',(0.,0.,1.));
#16988=DIRECTION('',(0.,1.,0.));
#16989=DIRECTION('',(0.,0.,1.));
#16990=DIRECTION('',(0.,0.,-1.));
#16991=DIRECTION('',(0.,0.,1.));
#16992=DIRECTION('',(0.,1.,0.));
#16993=DIRECTION('',(0.,0.,1.));
#16994=DIRECTION('',(0.,0.,-1.));
#16995=DIRECTION('',(0.,0.,1.));
#16996=DIRECTION('',(0.,1.,0.));
#16997=DIRECTION('',(0.,0.,1.));
#16998=DIRECTION('',(0.,0.,-1.));
#16999=DIRECTION('',(0.,0.,1.));
#17000=DIRECTION('',(0.,1.,0.));
#17001=DIRECTION('',(0.,0.,1.));
#17002=DIRECTION('',(0.,0.,-1.));
#17003=DIRECTION('',(0.,0.,1.));
#17004=DIRECTION('',(0.,1.,0.));
#17005=DIRECTION('',(0.,0.,1.));
#17006=DIRECTION('',(0.,0.,-1.));
#17007=DIRECTION('',(0.,0.,1.));
#17008=DIRECTION('',(0.,1.,0.));
#17009=DIRECTION('',(0.,0.,1.));
#17010=DIRECTION('',(0.,0.,-1.));
#17011=DIRECTION('',(0.,0.,1.));
#17012=DIRECTION('',(0.,1.,0.));
#17013=DIRECTION('',(0.,0.,1.));
#17014=DIRECTION('',(0.,0.,-1.));
#17015=DIRECTION('',(0.,0.,1.));
#17016=DIRECTION('',(0.,1.,0.));
#17017=DIRECTION('',(0.,0.,1.));
#17018=DIRECTION('',(0.,0.,-1.));
#17019=DIRECTION('',(0.,0.,1.));
#17020=DIRECTION('',(0.,1.,0.));
#17021=DIRECTION('',(0.,0.,1.));
#17022=DIRECTION('',(0.,0.,-1.));
#17023=DIRECTION('',(0.,0.,1.));
#17024=DIRECTION('',(0.,1.,0.));
#17025=DIRECTION('',(0.,0.,1.));
#17026=DIRECTION('',(0.,0.,-1.));
#17027=DIRECTION('',(0.,0.,1.));
#17028=DIRECTION('',(1.,0.,0.));
#17029=DIRECTION('',(0.,0.,-1.));
#17030=DIRECTION('',(0.,0.,1.));
#17031=DIRECTION('',(-1.,0.,0.));
#17032=DIRECTION('',(0.,0.,1.));
#17033=DIRECTION('',(0.,0.,-1.));
#17034=DIRECTION('',(0.,1.,0.));
#17035=DIRECTION('',(0.,0.,1.));
#17036=DIRECTION('',(-1.,0.,0.));
#17037=DIRECTION('',(0.,0.,1.));
#17038=DIRECTION('',(0.,0.,-1.));
#17039=DIRECTION('',(1.,0.,0.));
#17040=DIRECTION('',(0.,0.,-1.));
#17041=DIRECTION('',(0.,0.,-1.));
#17042=DIRECTION('',(5.33564061262552E-17,-1.,0.));
#17043=DIRECTION('',(1.,5.33564061262552E-17,0.));
#17044=DIRECTION('',(-1.,0.,0.));
#17045=DIRECTION('',(0.,0.,1.));
#17046=DIRECTION('',(0.,0.,-1.));
#17047=DIRECTION('',(1.,0.,0.));
#17048=DIRECTION('',(0.,0.,-1.));
#17049=DIRECTION('',(0.,0.,-1.));
#17050=DIRECTION('',(5.33564061262552E-17,-1.,0.));
#17051=DIRECTION('',(1.,5.33564061262552E-17,0.));
#17052=DIRECTION('',(-1.,0.,0.));
#17053=DIRECTION('',(0.,0.,1.));
#17054=DIRECTION('',(0.,0.,-1.));
#17055=DIRECTION('',(1.,0.,0.));
#17056=DIRECTION('',(0.,0.,-1.));
#17057=DIRECTION('',(0.,0.,-1.));
#17058=DIRECTION('',(5.33564061262552E-17,-1.,0.));
#17059=DIRECTION('',(1.,5.33564061262552E-17,0.));
#17060=DIRECTION('',(-1.,0.,0.));
#17061=DIRECTION('',(0.,0.,1.));
#17062=DIRECTION('',(0.,0.,-1.));
#17063=DIRECTION('',(1.,0.,0.));
#17064=DIRECTION('',(0.,0.,-1.));
#17065=DIRECTION('',(0.,0.,-1.));
#17066=DIRECTION('',(5.33564061262552E-17,-1.,0.));
#17067=DIRECTION('',(1.,5.33564061262552E-17,0.));
#17068=DIRECTION('',(-1.,0.,0.));
#17069=DIRECTION('',(0.,0.,1.));
#17070=DIRECTION('',(0.,0.,-1.));
#17071=DIRECTION('',(1.,0.,0.));
#17072=DIRECTION('',(0.,0.,-1.));
#17073=DIRECTION('',(0.,0.,-1.));
#17074=DIRECTION('',(5.33564061262552E-17,-1.,0.));
#17075=DIRECTION('',(1.,5.33564061262552E-17,0.));
#17076=DIRECTION('',(-1.,0.,0.));
#17077=DIRECTION('',(0.,0.,1.));
#17078=DIRECTION('',(0.,0.,-1.));
#17079=DIRECTION('',(1.,0.,0.));
#17080=DIRECTION('',(0.,0.,-1.));
#17081=DIRECTION('',(0.,0.,-1.));
#17082=DIRECTION('',(5.33564061262552E-17,-1.,0.));
#17083=DIRECTION('',(1.,5.33564061262552E-17,0.));
#17084=DIRECTION('',(-1.,0.,0.));
#17085=DIRECTION('',(0.,0.,1.));
#17086=DIRECTION('',(0.,0.,-1.));
#17087=DIRECTION('',(1.,0.,0.));
#17088=DIRECTION('',(0.,0.,-1.));
#17089=DIRECTION('',(0.,0.,-1.));
#17090=DIRECTION('',(5.33564061262552E-17,-1.,0.));
#17091=DIRECTION('',(1.,5.33564061262552E-17,0.));
#17092=DIRECTION('',(-1.,0.,0.));
#17093=DIRECTION('',(0.,0.,1.));
#17094=DIRECTION('',(0.,0.,-1.));
#17095=DIRECTION('',(1.,0.,0.));
#17096=DIRECTION('',(0.,0.,-1.));
#17097=DIRECTION('',(0.,0.,-1.));
#17098=DIRECTION('',(5.33564061262552E-17,-1.,0.));
#17099=DIRECTION('',(1.,5.33564061262552E-17,0.));
#17100=DIRECTION('',(-1.,0.,0.));
#17101=DIRECTION('',(0.,0.,1.));
#17102=DIRECTION('',(0.,0.,-1.));
#17103=DIRECTION('',(1.,0.,0.));
#17104=DIRECTION('',(0.,0.,-1.));
#17105=DIRECTION('',(0.,0.,-1.));
#17106=DIRECTION('',(5.33564061262552E-17,-1.,0.));
#17107=DIRECTION('',(1.,5.33564061262552E-17,0.));
#17108=DIRECTION('',(-1.,0.,0.));
#17109=DIRECTION('',(0.,0.,1.));
#17110=DIRECTION('',(0.,0.,-1.));
#17111=DIRECTION('',(1.,0.,0.));
#17112=DIRECTION('',(0.,0.,-1.));
#17113=DIRECTION('',(0.,0.,-1.));
#17114=DIRECTION('',(5.33564061262552E-17,-1.,0.));
#17115=DIRECTION('',(1.,5.33564061262552E-17,0.));
#17116=DIRECTION('',(-1.,0.,0.));
#17117=DIRECTION('',(0.,0.,1.));
#17118=DIRECTION('',(0.,0.,-1.));
#17119=DIRECTION('',(1.,0.,0.));
#17120=DIRECTION('',(0.,0.,-1.));
#17121=DIRECTION('',(0.,0.,-1.));
#17122=DIRECTION('',(5.33564061262552E-17,-1.,0.));
#17123=DIRECTION('',(1.,5.33564061262552E-17,0.));
#17124=DIRECTION('',(-1.,0.,0.));
#17125=DIRECTION('',(0.,0.,1.));
#17126=DIRECTION('',(0.,0.,-1.));
#17127=DIRECTION('',(1.,0.,0.));
#17128=DIRECTION('',(0.,0.,-1.));
#17129=DIRECTION('',(0.,0.,-1.));
#17130=DIRECTION('',(5.33564061262552E-17,-1.,0.));
#17131=DIRECTION('',(1.,5.33564061262552E-17,0.));
#17132=DIRECTION('',(-1.,0.,0.));
#17133=DIRECTION('',(0.,0.,1.));
#17134=DIRECTION('',(0.,0.,-1.));
#17135=DIRECTION('',(1.,0.,0.));
#17136=DIRECTION('',(0.,0.,-1.));
#17137=DIRECTION('',(0.,0.,-1.));
#17138=DIRECTION('',(5.33564061262552E-17,-1.,0.));
#17139=DIRECTION('',(1.,5.33564061262552E-17,0.));
#17140=DIRECTION('',(-1.,0.,0.));
#17141=DIRECTION('',(0.,0.,1.));
#17142=DIRECTION('',(0.,0.,-1.));
#17143=DIRECTION('',(1.,0.,0.));
#17144=DIRECTION('',(0.,0.,-1.));
#17145=DIRECTION('',(0.,0.,-1.));
#17146=DIRECTION('',(5.33564061262552E-17,-1.,0.));
#17147=DIRECTION('',(1.,5.33564061262552E-17,0.));
#17148=DIRECTION('',(5.33564061262552E-17,-1.,0.));
#17149=DIRECTION('',(1.,5.33564061262552E-17,0.));
#17150=DIRECTION('',(0.,0.,-1.));
#17151=DIRECTION('',(0.,0.,-1.));
#17152=DIRECTION('',(-1.,0.,0.));
#17153=DIRECTION('',(0.,0.,1.));
#17154=DIRECTION('',(1.,0.,0.));
#17155=DIRECTION('',(0.,0.,-1.));
#17156=DIRECTION('',(0.,0.,1.));
#17157=DIRECTION('',(1.,0.,0.));
#17158=DIRECTION('',(0.,-1.,0.));
#17159=DIRECTION('',(0.,0.,-1.));
#17160=DIRECTION('',(-0.500000000000001,0.,0.866025403784438));
#17161=DIRECTION('',(0.,0.,1.));
#17162=DIRECTION('',(-1.,0.,0.));
#17163=DIRECTION('',(0.,0.,-1.));
#17164=DIRECTION('',(-0.500000000000001,0.,-0.866025403784438));
#17165=DIRECTION('',(-1.,0.,0.));
#17166=DIRECTION('',(0.,-1.,0.));
#17167=DIRECTION('',(0.,0.,-1.));
#17168=DIRECTION('',(-0.499999999999998,0.,0.86602540378444));
#17169=DIRECTION('',(0.,0.,1.));
#17170=DIRECTION('',(-1.,0.,0.));
#17171=DIRECTION('',(0.,0.,-1.));
#17172=DIRECTION('',(-0.500000000000001,0.,-0.866025403784438));
#17173=DIRECTION('',(-1.,0.,0.));
#17174=DIRECTION('',(0.,-1.,0.));
#17175=DIRECTION('',(0.,0.,-1.));
#17176=DIRECTION('',(-0.499999999999998,0.,0.86602540378444));
#17177=DIRECTION('',(0.,0.,1.));
#17178=DIRECTION('',(-1.,0.,0.));
#17179=DIRECTION('',(0.,0.,-1.));
#17180=DIRECTION('',(-0.500000000000001,0.,-0.866025403784438));
#17181=DIRECTION('',(-1.,0.,0.));
#17182=DIRECTION('',(0.,-1.,0.));
#17183=DIRECTION('',(0.,0.,-1.));
#17184=DIRECTION('',(-0.500000000000001,0.,0.866025403784438));
#17185=DIRECTION('',(0.,0.,1.));
#17186=DIRECTION('',(-1.,0.,0.));
#17187=DIRECTION('',(0.,0.,-1.));
#17188=DIRECTION('',(-0.500000000000001,0.,-0.866025403784438));
#17189=DIRECTION('',(-1.,0.,0.));
#17190=DIRECTION('',(0.,-1.,0.));
#17191=DIRECTION('',(0.,0.,-1.));
#17192=DIRECTION('',(-0.500000000000001,0.,0.866025403784438));
#17193=DIRECTION('',(0.,0.,1.));
#17194=DIRECTION('',(-1.,0.,0.));
#17195=DIRECTION('',(0.,0.,-1.));
#17196=DIRECTION('',(-0.5,0.,-0.866025403784439));
#17197=DIRECTION('',(-1.,0.,0.));
#17198=DIRECTION('',(0.,-1.,0.));
#17199=DIRECTION('',(0.,0.,-1.));
#17200=DIRECTION('',(-0.5,0.,0.866025403784439));
#17201=DIRECTION('',(0.,0.,1.));
#17202=DIRECTION('',(-1.,0.,0.));
#17203=DIRECTION('',(0.,0.,-1.));
#17204=DIRECTION('',(-0.500000000000001,0.,-0.866025403784438));
#17205=DIRECTION('',(-1.,0.,0.));
#17206=DIRECTION('',(0.,-1.,0.));
#17207=DIRECTION('',(0.,0.,-1.));
#17208=DIRECTION('',(-0.5,0.,0.866025403784438));
#17209=DIRECTION('',(0.,0.,1.));
#17210=DIRECTION('',(-1.,0.,0.));
#17211=DIRECTION('',(0.,0.,-1.));
#17212=DIRECTION('',(-0.5,0.,-0.866025403784438));
#17213=DIRECTION('',(-1.,0.,0.));
#17214=DIRECTION('',(0.,-1.,0.));
#17215=DIRECTION('',(0.,0.,-1.));
#17216=DIRECTION('',(-0.5,0.,0.866025403784439));
#17217=DIRECTION('',(0.,0.,1.));
#17218=DIRECTION('',(-1.,0.,0.));
#17219=DIRECTION('',(0.,0.,-1.));
#17220=DIRECTION('',(-0.5,0.,-0.866025403784439));
#17221=DIRECTION('',(-1.,0.,0.));
#17222=DIRECTION('',(0.,-1.,0.));
#17223=DIRECTION('',(0.,0.,-1.));
#17224=DIRECTION('',(-0.5,0.,0.866025403784439));
#17225=DIRECTION('',(0.,0.,1.));
#17226=DIRECTION('',(-1.,0.,0.));
#17227=DIRECTION('',(0.,0.,-1.));
#17228=DIRECTION('',(-0.5,0.,-0.866025403784438));
#17229=DIRECTION('',(-1.,0.,0.));
#17230=DIRECTION('',(0.,-1.,0.));
#17231=DIRECTION('',(0.,0.,-1.));
#17232=DIRECTION('',(-0.500000000000001,0.,0.866025403784438));
#17233=DIRECTION('',(0.,0.,1.));
#17234=DIRECTION('',(-1.,0.,0.));
#17235=DIRECTION('',(0.,0.,-1.));
#17236=DIRECTION('',(-0.5,0.,-0.866025403784439));
#17237=DIRECTION('',(-1.,0.,0.));
#17238=DIRECTION('',(0.,-1.,0.));
#17239=DIRECTION('',(0.,0.,-1.));
#17240=DIRECTION('',(-0.500000000000001,0.,0.866025403784438));
#17241=DIRECTION('',(0.,0.,1.));
#17242=DIRECTION('',(-1.,0.,0.));
#17243=DIRECTION('',(0.,0.,-1.));
#17244=DIRECTION('',(-0.5,0.,-0.866025403784439));
#17245=DIRECTION('',(-1.,0.,0.));
#17246=DIRECTION('',(0.,-1.,0.));
#17247=DIRECTION('',(0.,0.,-1.));
#17248=DIRECTION('',(-0.499999999999998,0.,0.86602540378444));
#17249=DIRECTION('',(0.,0.,1.));
#17250=DIRECTION('',(-1.,0.,0.));
#17251=DIRECTION('',(0.,0.,-1.));
#17252=DIRECTION('',(-0.500000000000001,0.,-0.866025403784438));
#17253=DIRECTION('',(-1.,0.,0.));
#17254=DIRECTION('',(0.,-1.,0.));
#17255=DIRECTION('',(0.,0.,-1.));
#17256=DIRECTION('',(-0.499999999999998,0.,0.86602540378444));
#17257=DIRECTION('',(0.,0.,1.));
#17258=DIRECTION('',(-1.,0.,0.));
#17259=DIRECTION('',(0.,0.,-1.));
#17260=DIRECTION('',(-0.500000000000001,0.,-0.866025403784438));
#17261=DIRECTION('',(-1.,0.,0.));
#17262=DIRECTION('',(0.,-1.,0.));
#17263=DIRECTION('',(0.,0.,-1.));
#17264=DIRECTION('',(-0.500000000000001,0.,0.866025403784438));
#17265=DIRECTION('',(0.,0.,1.));
#17266=DIRECTION('',(-1.,0.,0.));
#17267=DIRECTION('',(0.,0.,-1.));
#17268=DIRECTION('',(-0.500000000000001,0.,-0.866025403784438));
#17269=DIRECTION('',(-1.,0.,0.));
#17270=DIRECTION('',(0.,-1.,0.));
#17271=DIRECTION('',(0.,0.,-1.));
#17272=DIRECTION('',(-0.500000000000001,0.,0.866025403784438));
#17273=DIRECTION('',(0.,0.,1.));
#17274=DIRECTION('',(-1.,0.,0.));
#17275=DIRECTION('',(0.,0.,-1.));
#17276=DIRECTION('',(-0.500000000000001,0.,-0.866025403784438));
#17277=DIRECTION('',(-1.,0.,0.));
#17278=DIRECTION('',(0.,0.,-1.));
#17279=DIRECTION('',(-1.,0.,0.));
#17280=DIRECTION('',(0.,-1.,0.));
#17281=DIRECTION('',(0.,1.,0.));
#17282=DIRECTION('',(-1.,0.,0.));
#17283=DIRECTION('',(0.,0.,-1.));
#17284=DIRECTION('',(-1.,0.,0.));
#17285=DIRECTION('',(0.,-1.,0.));
#17286=DIRECTION('',(0.,1.,0.));
#17287=DIRECTION('',(-1.,0.,0.));
#17288=DIRECTION('',(0.,0.,-1.));
#17289=DIRECTION('',(-1.,0.,0.));
#17290=DIRECTION('',(0.,-1.,0.));
#17291=DIRECTION('',(0.,1.,0.));
#17292=DIRECTION('',(-1.,0.,0.));
#17293=DIRECTION('',(0.,0.,-1.));
#17294=DIRECTION('',(-1.,0.,0.));
#17295=DIRECTION('',(0.,-1.,0.));
#17296=DIRECTION('',(0.,1.,0.));
#17297=DIRECTION('',(-1.,0.,0.));
#17298=DIRECTION('',(0.,0.,-1.));
#17299=DIRECTION('',(-1.,0.,0.));
#17300=DIRECTION('',(0.,-1.,0.));
#17301=DIRECTION('',(0.,1.,0.));
#17302=DIRECTION('',(-1.,0.,0.));
#17303=DIRECTION('',(0.,0.,-1.));
#17304=DIRECTION('',(-1.,0.,0.));
#17305=DIRECTION('',(0.,-1.,0.));
#17306=DIRECTION('',(0.,1.,0.));
#17307=DIRECTION('',(-1.,0.,0.));
#17308=DIRECTION('',(0.,0.,-1.));
#17309=DIRECTION('',(-1.,0.,0.));
#17310=DIRECTION('',(0.,-1.,0.));
#17311=DIRECTION('',(0.,1.,0.));
#17312=DIRECTION('',(-1.,0.,0.));
#17313=DIRECTION('',(0.,0.,-1.));
#17314=DIRECTION('',(-1.,0.,0.));
#17315=DIRECTION('',(0.,-1.,0.));
#17316=DIRECTION('',(0.,1.,0.));
#17317=DIRECTION('',(-1.,0.,0.));
#17318=DIRECTION('',(0.,0.,-1.));
#17319=DIRECTION('',(-1.,0.,0.));
#17320=DIRECTION('',(0.,-1.,0.));
#17321=DIRECTION('',(0.,1.,0.));
#17322=DIRECTION('',(-1.,0.,0.));
#17323=DIRECTION('',(0.,0.,-1.));
#17324=DIRECTION('',(-1.,0.,0.));
#17325=DIRECTION('',(0.,-1.,0.));
#17326=DIRECTION('',(0.,1.,0.));
#17327=DIRECTION('',(-1.,0.,0.));
#17328=DIRECTION('',(0.,0.,-1.));
#17329=DIRECTION('',(-1.,0.,0.));
#17330=DIRECTION('',(0.,-1.,0.));
#17331=DIRECTION('',(0.,1.,0.));
#17332=DIRECTION('',(-1.,0.,0.));
#17333=DIRECTION('',(0.,0.,-1.));
#17334=DIRECTION('',(-1.,0.,0.));
#17335=DIRECTION('',(0.,-1.,0.));
#17336=DIRECTION('',(0.,1.,0.));
#17337=DIRECTION('',(-1.,0.,0.));
#17338=DIRECTION('',(0.,0.,-1.));
#17339=DIRECTION('',(-1.,0.,0.));
#17340=DIRECTION('',(0.,-1.,0.));
#17341=DIRECTION('',(0.,1.,0.));
#17342=DIRECTION('',(-1.,0.,0.));
#17343=DIRECTION('',(0.,0.,-1.));
#17344=DIRECTION('',(-1.,0.,0.));
#17345=DIRECTION('',(0.,-1.,0.));
#17346=DIRECTION('',(0.,1.,0.));
#17347=DIRECTION('',(-1.,0.,0.));
#17348=DIRECTION('',(0.,0.,-1.));
#17349=DIRECTION('',(-1.,0.,0.));
#17350=DIRECTION('',(0.,-1.,0.));
#17351=DIRECTION('',(0.,1.,0.));
#17352=DIRECTION('',(-1.,0.,0.));
#17353=DIRECTION('',(0.,1.,0.));
#17354=DIRECTION('',(0.,0.,1.));
#17355=DIRECTION('',(0.500000000000001,0.,-0.866025403784438));
#17356=DIRECTION('',(0.500000000000001,0.,0.866025403784438));
#17357=DIRECTION('',(0.,0.,1.));
#17358=DIRECTION('',(-1.,0.,0.));
#17359=DIRECTION('',(0.,0.,-1.));
#17360=DIRECTION('',(0.,1.,0.));
#17361=DIRECTION('',(0.,0.,1.));
#17362=DIRECTION('',(0.499999999999998,0.,-0.86602540378444));
#17363=DIRECTION('',(0.500000000000001,0.,0.866025403784438));
#17364=DIRECTION('',(0.,0.,1.));
#17365=DIRECTION('',(-1.,0.,0.));
#17366=DIRECTION('',(0.,0.,-1.));
#17367=DIRECTION('',(0.,1.,0.));
#17368=DIRECTION('',(0.,0.,1.));
#17369=DIRECTION('',(0.499999999999998,0.,-0.86602540378444));
#17370=DIRECTION('',(0.500000000000001,0.,0.866025403784438));
#17371=DIRECTION('',(0.,0.,1.));
#17372=DIRECTION('',(-1.,0.,0.));
#17373=DIRECTION('',(0.,0.,-1.));
#17374=DIRECTION('',(0.,1.,0.));
#17375=DIRECTION('',(0.,0.,1.));
#17376=DIRECTION('',(0.500000000000001,0.,-0.866025403784438));
#17377=DIRECTION('',(0.500000000000001,0.,0.866025403784438));
#17378=DIRECTION('',(0.,0.,1.));
#17379=DIRECTION('',(-1.,0.,0.));
#17380=DIRECTION('',(0.,0.,-1.));
#17381=DIRECTION('',(0.,1.,0.));
#17382=DIRECTION('',(0.,0.,1.));
#17383=DIRECTION('',(0.500000000000001,0.,-0.866025403784438));
#17384=DIRECTION('',(0.5,0.,0.866025403784439));
#17385=DIRECTION('',(0.,0.,1.));
#17386=DIRECTION('',(-1.,0.,0.));
#17387=DIRECTION('',(0.,0.,-1.));
#17388=DIRECTION('',(0.,1.,0.));
#17389=DIRECTION('',(0.,0.,1.));
#17390=DIRECTION('',(0.5,0.,-0.866025403784439));
#17391=DIRECTION('',(0.500000000000001,0.,0.866025403784438));
#17392=DIRECTION('',(0.,0.,1.));
#17393=DIRECTION('',(-1.,0.,0.));
#17394=DIRECTION('',(0.,0.,-1.));
#17395=DIRECTION('',(0.,1.,0.));
#17396=DIRECTION('',(0.,0.,1.));
#17397=DIRECTION('',(0.5,0.,-0.866025403784438));
#17398=DIRECTION('',(0.5,0.,0.866025403784438));
#17399=DIRECTION('',(0.,0.,1.));
#17400=DIRECTION('',(-1.,0.,0.));
#17401=DIRECTION('',(0.,0.,-1.));
#17402=DIRECTION('',(0.,1.,0.));
#17403=DIRECTION('',(0.,0.,1.));
#17404=DIRECTION('',(0.5,0.,-0.866025403784439));
#17405=DIRECTION('',(0.5,0.,0.866025403784439));
#17406=DIRECTION('',(0.,0.,1.));
#17407=DIRECTION('',(-1.,0.,0.));
#17408=DIRECTION('',(0.,0.,-1.));
#17409=DIRECTION('',(0.,1.,0.));
#17410=DIRECTION('',(0.,0.,1.));
#17411=DIRECTION('',(0.5,0.,-0.866025403784439));
#17412=DIRECTION('',(0.5,0.,0.866025403784438));
#17413=DIRECTION('',(0.,0.,1.));
#17414=DIRECTION('',(-1.,0.,0.));
#17415=DIRECTION('',(0.,0.,-1.));
#17416=DIRECTION('',(0.,1.,0.));
#17417=DIRECTION('',(0.,0.,1.));
#17418=DIRECTION('',(0.500000000000001,0.,-0.866025403784438));
#17419=DIRECTION('',(0.5,0.,0.866025403784439));
#17420=DIRECTION('',(0.,0.,1.));
#17421=DIRECTION('',(-1.,0.,0.));
#17422=DIRECTION('',(0.,0.,-1.));
#17423=DIRECTION('',(0.,1.,0.));
#17424=DIRECTION('',(0.,0.,1.));
#17425=DIRECTION('',(0.500000000000001,0.,-0.866025403784438));
#17426=DIRECTION('',(0.5,0.,0.866025403784439));
#17427=DIRECTION('',(0.,0.,1.));
#17428=DIRECTION('',(-1.,0.,0.));
#17429=DIRECTION('',(0.,0.,-1.));
#17430=DIRECTION('',(0.,1.,0.));
#17431=DIRECTION('',(0.,0.,1.));
#17432=DIRECTION('',(0.499999999999998,0.,-0.86602540378444));
#17433=DIRECTION('',(0.500000000000001,0.,0.866025403784438));
#17434=DIRECTION('',(0.,0.,1.));
#17435=DIRECTION('',(-1.,0.,0.));
#17436=DIRECTION('',(0.,0.,-1.));
#17437=DIRECTION('',(0.,1.,0.));
#17438=DIRECTION('',(0.,0.,1.));
#17439=DIRECTION('',(0.499999999999998,0.,-0.86602540378444));
#17440=DIRECTION('',(0.500000000000001,0.,0.866025403784438));
#17441=DIRECTION('',(0.,0.,1.));
#17442=DIRECTION('',(-1.,0.,0.));
#17443=DIRECTION('',(0.,0.,-1.));
#17444=DIRECTION('',(0.,1.,0.));
#17445=DIRECTION('',(0.,0.,1.));
#17446=DIRECTION('',(0.500000000000001,0.,-0.866025403784438));
#17447=DIRECTION('',(0.500000000000001,0.,0.866025403784438));
#17448=DIRECTION('',(0.,0.,1.));
#17449=DIRECTION('',(-1.,0.,0.));
#17450=DIRECTION('',(0.,0.,-1.));
#17451=DIRECTION('',(0.,1.,0.));
#17452=DIRECTION('',(0.,0.,1.));
#17453=DIRECTION('',(0.500000000000001,0.,-0.866025403784438));
#17454=DIRECTION('',(0.500000000000001,0.,0.866025403784438));
#17455=DIRECTION('',(0.,0.,1.));
#17456=DIRECTION('',(-1.,0.,0.));
#17457=DIRECTION('',(0.,0.,-1.));
#17458=DIRECTION('',(0.,-1.,0.));
#17459=DIRECTION('',(0.,0.,-1.));
#17460=DIRECTION('',(-0.500000000000001,0.,0.866025403784438));
#17461=DIRECTION('',(0.,0.,1.));
#17462=DIRECTION('',(-1.,0.,0.));
#17463=DIRECTION('',(0.,0.,-1.));
#17464=DIRECTION('',(-0.500000000000001,0.,-0.866025403784438));
#17465=DIRECTION('',(-1.,0.,0.));
#17466=DIRECTION('',(0.,-1.,0.));
#17467=DIRECTION('',(0.,0.,-1.));
#17468=DIRECTION('',(-0.499999999999998,0.,0.86602540378444));
#17469=DIRECTION('',(0.,0.,1.));
#17470=DIRECTION('',(-1.,0.,0.));
#17471=DIRECTION('',(0.,0.,-1.));
#17472=DIRECTION('',(-0.500000000000001,0.,-0.866025403784438));
#17473=DIRECTION('',(-1.,0.,0.));
#17474=DIRECTION('',(0.,-1.,0.));
#17475=DIRECTION('',(0.,0.,-1.));
#17476=DIRECTION('',(-0.499999999999998,0.,0.86602540378444));
#17477=DIRECTION('',(0.,0.,1.));
#17478=DIRECTION('',(-1.,0.,0.));
#17479=DIRECTION('',(0.,0.,-1.));
#17480=DIRECTION('',(-0.500000000000001,0.,-0.866025403784438));
#17481=DIRECTION('',(-1.,0.,0.));
#17482=DIRECTION('',(0.,-1.,0.));
#17483=DIRECTION('',(0.,0.,-1.));
#17484=DIRECTION('',(-0.500000000000001,0.,0.866025403784438));
#17485=DIRECTION('',(0.,0.,1.));
#17486=DIRECTION('',(-1.,0.,0.));
#17487=DIRECTION('',(0.,0.,-1.));
#17488=DIRECTION('',(-0.500000000000001,0.,-0.866025403784438));
#17489=DIRECTION('',(-1.,0.,0.));
#17490=DIRECTION('',(0.,-1.,0.));
#17491=DIRECTION('',(0.,0.,-1.));
#17492=DIRECTION('',(-0.500000000000001,0.,0.866025403784438));
#17493=DIRECTION('',(0.,0.,1.));
#17494=DIRECTION('',(-1.,0.,0.));
#17495=DIRECTION('',(0.,0.,-1.));
#17496=DIRECTION('',(-0.5,0.,-0.866025403784439));
#17497=DIRECTION('',(-1.,0.,0.));
#17498=DIRECTION('',(0.,-1.,0.));
#17499=DIRECTION('',(0.,0.,-1.));
#17500=DIRECTION('',(-0.5,0.,0.866025403784439));
#17501=DIRECTION('',(0.,0.,1.));
#17502=DIRECTION('',(-1.,0.,0.));
#17503=DIRECTION('',(0.,0.,-1.));
#17504=DIRECTION('',(-0.500000000000001,0.,-0.866025403784438));
#17505=DIRECTION('',(-1.,0.,0.));
#17506=DIRECTION('',(0.,-1.,0.));
#17507=DIRECTION('',(0.,0.,-1.));
#17508=DIRECTION('',(-0.5,0.,0.866025403784438));
#17509=DIRECTION('',(0.,0.,1.));
#17510=DIRECTION('',(-1.,0.,0.));
#17511=DIRECTION('',(0.,0.,-1.));
#17512=DIRECTION('',(-0.5,0.,-0.866025403784438));
#17513=DIRECTION('',(-1.,0.,0.));
#17514=DIRECTION('',(0.,-1.,0.));
#17515=DIRECTION('',(0.,0.,-1.));
#17516=DIRECTION('',(-0.5,0.,0.866025403784439));
#17517=DIRECTION('',(0.,0.,1.));
#17518=DIRECTION('',(-1.,0.,0.));
#17519=DIRECTION('',(0.,0.,-1.));
#17520=DIRECTION('',(-0.5,0.,-0.866025403784439));
#17521=DIRECTION('',(-1.,0.,0.));
#17522=DIRECTION('',(0.,-1.,0.));
#17523=DIRECTION('',(0.,0.,-1.));
#17524=DIRECTION('',(-0.5,0.,0.866025403784439));
#17525=DIRECTION('',(0.,0.,1.));
#17526=DIRECTION('',(-1.,0.,0.));
#17527=DIRECTION('',(0.,0.,-1.));
#17528=DIRECTION('',(-0.5,0.,-0.866025403784438));
#17529=DIRECTION('',(-1.,0.,0.));
#17530=DIRECTION('',(0.,-1.,0.));
#17531=DIRECTION('',(0.,0.,-1.));
#17532=DIRECTION('',(-0.500000000000001,0.,0.866025403784438));
#17533=DIRECTION('',(0.,0.,1.));
#17534=DIRECTION('',(-1.,0.,0.));
#17535=DIRECTION('',(0.,0.,-1.));
#17536=DIRECTION('',(-0.5,0.,-0.866025403784439));
#17537=DIRECTION('',(-1.,0.,0.));
#17538=DIRECTION('',(0.,-1.,0.));
#17539=DIRECTION('',(0.,0.,-1.));
#17540=DIRECTION('',(-0.500000000000001,0.,0.866025403784438));
#17541=DIRECTION('',(0.,0.,1.));
#17542=DIRECTION('',(-1.,0.,0.));
#17543=DIRECTION('',(0.,0.,-1.));
#17544=DIRECTION('',(-0.5,0.,-0.866025403784439));
#17545=DIRECTION('',(-1.,0.,0.));
#17546=DIRECTION('',(0.,-1.,0.));
#17547=DIRECTION('',(0.,0.,-1.));
#17548=DIRECTION('',(-0.499999999999998,0.,0.86602540378444));
#17549=DIRECTION('',(0.,0.,1.));
#17550=DIRECTION('',(-1.,0.,0.));
#17551=DIRECTION('',(0.,0.,-1.));
#17552=DIRECTION('',(-0.500000000000001,0.,-0.866025403784438));
#17553=DIRECTION('',(-1.,0.,0.));
#17554=DIRECTION('',(0.,-1.,0.));
#17555=DIRECTION('',(0.,0.,-1.));
#17556=DIRECTION('',(-0.499999999999998,0.,0.86602540378444));
#17557=DIRECTION('',(0.,0.,1.));
#17558=DIRECTION('',(-1.,0.,0.));
#17559=DIRECTION('',(0.,0.,-1.));
#17560=DIRECTION('',(-0.500000000000001,0.,-0.866025403784438));
#17561=DIRECTION('',(-1.,0.,0.));
#17562=DIRECTION('',(0.,-1.,0.));
#17563=DIRECTION('',(0.,0.,-1.));
#17564=DIRECTION('',(-0.500000000000001,0.,0.866025403784438));
#17565=DIRECTION('',(0.,0.,1.));
#17566=DIRECTION('',(-1.,0.,0.));
#17567=DIRECTION('',(0.,0.,-1.));
#17568=DIRECTION('',(-0.500000000000001,0.,-0.866025403784438));
#17569=DIRECTION('',(-1.,0.,0.));
#17570=DIRECTION('',(0.,-1.,0.));
#17571=DIRECTION('',(0.,0.,-1.));
#17572=DIRECTION('',(-0.500000000000001,0.,0.866025403784438));
#17573=DIRECTION('',(0.,0.,1.));
#17574=DIRECTION('',(-1.,0.,0.));
#17575=DIRECTION('',(0.,0.,-1.));
#17576=DIRECTION('',(-0.500000000000001,0.,-0.866025403784438));
#17577=DIRECTION('',(-1.,0.,0.));
#17578=DIRECTION('',(0.,0.,-1.));
#17579=DIRECTION('',(-1.,0.,0.));
#17580=DIRECTION('',(0.,-1.,0.));
#17581=DIRECTION('',(0.,1.,0.));
#17582=DIRECTION('',(-1.,0.,0.));
#17583=DIRECTION('',(0.,0.,-1.));
#17584=DIRECTION('',(-1.,0.,0.));
#17585=DIRECTION('',(0.,-1.,0.));
#17586=DIRECTION('',(0.,1.,0.));
#17587=DIRECTION('',(-1.,0.,0.));
#17588=DIRECTION('',(0.,0.,-1.));
#17589=DIRECTION('',(-1.,0.,0.));
#17590=DIRECTION('',(0.,-1.,0.));
#17591=DIRECTION('',(0.,1.,0.));
#17592=DIRECTION('',(-1.,0.,0.));
#17593=DIRECTION('',(0.,0.,-1.));
#17594=DIRECTION('',(-1.,0.,0.));
#17595=DIRECTION('',(0.,-1.,0.));
#17596=DIRECTION('',(0.,1.,0.));
#17597=DIRECTION('',(-1.,0.,0.));
#17598=DIRECTION('',(0.,0.,-1.));
#17599=DIRECTION('',(-1.,0.,0.));
#17600=DIRECTION('',(0.,-1.,0.));
#17601=DIRECTION('',(0.,1.,0.));
#17602=DIRECTION('',(-1.,0.,0.));
#17603=DIRECTION('',(0.,0.,-1.));
#17604=DIRECTION('',(-1.,0.,0.));
#17605=DIRECTION('',(0.,-1.,0.));
#17606=DIRECTION('',(0.,1.,0.));
#17607=DIRECTION('',(-1.,0.,0.));
#17608=DIRECTION('',(0.,0.,-1.));
#17609=DIRECTION('',(-1.,0.,0.));
#17610=DIRECTION('',(0.,-1.,0.));
#17611=DIRECTION('',(0.,1.,0.));
#17612=DIRECTION('',(-1.,0.,0.));
#17613=DIRECTION('',(0.,0.,-1.));
#17614=DIRECTION('',(-1.,0.,0.));
#17615=DIRECTION('',(0.,-1.,0.));
#17616=DIRECTION('',(0.,1.,0.));
#17617=DIRECTION('',(-1.,0.,0.));
#17618=DIRECTION('',(0.,0.,-1.));
#17619=DIRECTION('',(-1.,0.,0.));
#17620=DIRECTION('',(0.,-1.,0.));
#17621=DIRECTION('',(0.,1.,0.));
#17622=DIRECTION('',(-1.,0.,0.));
#17623=DIRECTION('',(0.,0.,-1.));
#17624=DIRECTION('',(-1.,0.,0.));
#17625=DIRECTION('',(0.,-1.,0.));
#17626=DIRECTION('',(0.,1.,0.));
#17627=DIRECTION('',(-1.,0.,0.));
#17628=DIRECTION('',(0.,0.,-1.));
#17629=DIRECTION('',(-1.,0.,0.));
#17630=DIRECTION('',(0.,-1.,0.));
#17631=DIRECTION('',(0.,1.,0.));
#17632=DIRECTION('',(-1.,0.,0.));
#17633=DIRECTION('',(0.,0.,-1.));
#17634=DIRECTION('',(-1.,0.,0.));
#17635=DIRECTION('',(0.,-1.,0.));
#17636=DIRECTION('',(0.,1.,0.));
#17637=DIRECTION('',(-1.,0.,0.));
#17638=DIRECTION('',(0.,0.,-1.));
#17639=DIRECTION('',(-1.,0.,0.));
#17640=DIRECTION('',(0.,-1.,0.));
#17641=DIRECTION('',(0.,1.,0.));
#17642=DIRECTION('',(-1.,0.,0.));
#17643=DIRECTION('',(0.,0.,-1.));
#17644=DIRECTION('',(-1.,0.,0.));
#17645=DIRECTION('',(0.,-1.,0.));
#17646=DIRECTION('',(0.,1.,0.));
#17647=DIRECTION('',(-1.,0.,0.));
#17648=DIRECTION('',(0.,0.,-1.));
#17649=DIRECTION('',(-1.,0.,0.));
#17650=DIRECTION('',(0.,-1.,0.));
#17651=DIRECTION('',(0.,1.,0.));
#17652=DIRECTION('',(-1.,0.,0.));
#17653=DIRECTION('',(0.,1.,0.));
#17654=DIRECTION('',(0.,0.,1.));
#17655=DIRECTION('',(0.500000000000001,0.,-0.866025403784438));
#17656=DIRECTION('',(0.500000000000001,0.,0.866025403784438));
#17657=DIRECTION('',(0.,0.,1.));
#17658=DIRECTION('',(-1.,0.,0.));
#17659=DIRECTION('',(0.,0.,-1.));
#17660=DIRECTION('',(0.,1.,0.));
#17661=DIRECTION('',(0.,0.,1.));
#17662=DIRECTION('',(0.499999999999998,0.,-0.86602540378444));
#17663=DIRECTION('',(0.500000000000001,0.,0.866025403784438));
#17664=DIRECTION('',(0.,0.,1.));
#17665=DIRECTION('',(-1.,0.,0.));
#17666=DIRECTION('',(0.,0.,-1.));
#17667=DIRECTION('',(0.,1.,0.));
#17668=DIRECTION('',(0.,0.,1.));
#17669=DIRECTION('',(0.499999999999998,0.,-0.86602540378444));
#17670=DIRECTION('',(0.500000000000001,0.,0.866025403784438));
#17671=DIRECTION('',(0.,0.,1.));
#17672=DIRECTION('',(-1.,0.,0.));
#17673=DIRECTION('',(0.,0.,-1.));
#17674=DIRECTION('',(0.,1.,0.));
#17675=DIRECTION('',(0.,0.,1.));
#17676=DIRECTION('',(0.500000000000001,0.,-0.866025403784438));
#17677=DIRECTION('',(0.500000000000001,0.,0.866025403784438));
#17678=DIRECTION('',(0.,0.,1.));
#17679=DIRECTION('',(-1.,0.,0.));
#17680=DIRECTION('',(0.,0.,-1.));
#17681=DIRECTION('',(0.,1.,0.));
#17682=DIRECTION('',(0.,0.,1.));
#17683=DIRECTION('',(0.500000000000001,0.,-0.866025403784438));
#17684=DIRECTION('',(0.5,0.,0.866025403784439));
#17685=DIRECTION('',(0.,0.,1.));
#17686=DIRECTION('',(-1.,0.,0.));
#17687=DIRECTION('',(0.,0.,-1.));
#17688=DIRECTION('',(0.,1.,0.));
#17689=DIRECTION('',(0.,0.,1.));
#17690=DIRECTION('',(0.5,0.,-0.866025403784439));
#17691=DIRECTION('',(0.500000000000001,0.,0.866025403784438));
#17692=DIRECTION('',(0.,0.,1.));
#17693=DIRECTION('',(-1.,0.,0.));
#17694=DIRECTION('',(0.,0.,-1.));
#17695=DIRECTION('',(0.,1.,0.));
#17696=DIRECTION('',(0.,0.,1.));
#17697=DIRECTION('',(0.5,0.,-0.866025403784438));
#17698=DIRECTION('',(0.5,0.,0.866025403784438));
#17699=DIRECTION('',(0.,0.,1.));
#17700=DIRECTION('',(-1.,0.,0.));
#17701=DIRECTION('',(0.,0.,-1.));
#17702=DIRECTION('',(0.,1.,0.));
#17703=DIRECTION('',(0.,0.,1.));
#17704=DIRECTION('',(0.5,0.,-0.866025403784439));
#17705=DIRECTION('',(0.5,0.,0.866025403784439));
#17706=DIRECTION('',(0.,0.,1.));
#17707=DIRECTION('',(-1.,0.,0.));
#17708=DIRECTION('',(0.,0.,-1.));
#17709=DIRECTION('',(0.,1.,0.));
#17710=DIRECTION('',(0.,0.,1.));
#17711=DIRECTION('',(0.5,0.,-0.866025403784439));
#17712=DIRECTION('',(0.5,0.,0.866025403784438));
#17713=DIRECTION('',(0.,0.,1.));
#17714=DIRECTION('',(-1.,0.,0.));
#17715=DIRECTION('',(0.,0.,-1.));
#17716=DIRECTION('',(0.,1.,0.));
#17717=DIRECTION('',(0.,0.,1.));
#17718=DIRECTION('',(0.500000000000001,0.,-0.866025403784438));
#17719=DIRECTION('',(0.5,0.,0.866025403784439));
#17720=DIRECTION('',(0.,0.,1.));
#17721=DIRECTION('',(-1.,0.,0.));
#17722=DIRECTION('',(0.,0.,-1.));
#17723=DIRECTION('',(0.,1.,0.));
#17724=DIRECTION('',(0.,0.,1.));
#17725=DIRECTION('',(0.500000000000001,0.,-0.866025403784438));
#17726=DIRECTION('',(0.5,0.,0.866025403784439));
#17727=DIRECTION('',(0.,0.,1.));
#17728=DIRECTION('',(-1.,0.,0.));
#17729=DIRECTION('',(0.,0.,-1.));
#17730=DIRECTION('',(0.,1.,0.));
#17731=DIRECTION('',(0.,0.,1.));
#17732=DIRECTION('',(0.499999999999998,0.,-0.86602540378444));
#17733=DIRECTION('',(0.500000000000001,0.,0.866025403784438));
#17734=DIRECTION('',(0.,0.,1.));
#17735=DIRECTION('',(-1.,0.,0.));
#17736=DIRECTION('',(0.,0.,-1.));
#17737=DIRECTION('',(0.,1.,0.));
#17738=DIRECTION('',(0.,0.,1.));
#17739=DIRECTION('',(0.499999999999998,0.,-0.86602540378444));
#17740=DIRECTION('',(0.500000000000001,0.,0.866025403784438));
#17741=DIRECTION('',(0.,0.,1.));
#17742=DIRECTION('',(-1.,0.,0.));
#17743=DIRECTION('',(0.,0.,-1.));
#17744=DIRECTION('',(0.,1.,0.));
#17745=DIRECTION('',(0.,0.,1.));
#17746=DIRECTION('',(0.500000000000001,0.,-0.866025403784438));
#17747=DIRECTION('',(0.500000000000001,0.,0.866025403784438));
#17748=DIRECTION('',(0.,0.,1.));
#17749=DIRECTION('',(-1.,0.,0.));
#17750=DIRECTION('',(0.,0.,-1.));
#17751=DIRECTION('',(0.,1.,0.));
#17752=DIRECTION('',(0.,0.,1.));
#17753=DIRECTION('',(0.500000000000001,0.,-0.866025403784438));
#17754=DIRECTION('',(0.500000000000001,0.,0.866025403784438));
#17755=DIRECTION('',(0.,0.,1.));
#17756=DIRECTION('',(-1.,0.,0.));
#17757=DIRECTION('',(0.,0.,-1.));
#17758=DIRECTION('',(0.,-1.,0.));
#17759=DIRECTION('',(0.,0.,-1.));
#17760=DIRECTION('',(-0.500000000000001,0.,0.866025403784438));
#17761=DIRECTION('',(0.,0.,1.));
#17762=DIRECTION('',(-1.,0.,0.));
#17763=DIRECTION('',(0.,0.,-1.));
#17764=DIRECTION('',(-0.500000000000001,0.,-0.866025403784438));
#17765=DIRECTION('',(-1.,0.,0.));
#17766=DIRECTION('',(0.,-1.,0.));
#17767=DIRECTION('',(0.,0.,-1.));
#17768=DIRECTION('',(-0.499999999999998,0.,0.86602540378444));
#17769=DIRECTION('',(0.,0.,1.));
#17770=DIRECTION('',(-1.,0.,0.));
#17771=DIRECTION('',(0.,0.,-1.));
#17772=DIRECTION('',(-0.500000000000001,0.,-0.866025403784438));
#17773=DIRECTION('',(-1.,0.,0.));
#17774=DIRECTION('',(0.,-1.,0.));
#17775=DIRECTION('',(0.,0.,-1.));
#17776=DIRECTION('',(-0.499999999999998,0.,0.86602540378444));
#17777=DIRECTION('',(0.,0.,1.));
#17778=DIRECTION('',(-1.,0.,0.));
#17779=DIRECTION('',(0.,0.,-1.));
#17780=DIRECTION('',(-0.500000000000001,0.,-0.866025403784438));
#17781=DIRECTION('',(-1.,0.,0.));
#17782=DIRECTION('',(0.,-1.,0.));
#17783=DIRECTION('',(0.,0.,-1.));
#17784=DIRECTION('',(-0.500000000000001,0.,0.866025403784438));
#17785=DIRECTION('',(0.,0.,1.));
#17786=DIRECTION('',(-1.,0.,0.));
#17787=DIRECTION('',(0.,0.,-1.));
#17788=DIRECTION('',(-0.500000000000001,0.,-0.866025403784438));
#17789=DIRECTION('',(-1.,0.,0.));
#17790=DIRECTION('',(0.,-1.,0.));
#17791=DIRECTION('',(0.,0.,-1.));
#17792=DIRECTION('',(-0.500000000000001,0.,0.866025403784438));
#17793=DIRECTION('',(0.,0.,1.));
#17794=DIRECTION('',(-1.,0.,0.));
#17795=DIRECTION('',(0.,0.,-1.));
#17796=DIRECTION('',(-0.5,0.,-0.866025403784439));
#17797=DIRECTION('',(-1.,0.,0.));
#17798=DIRECTION('',(0.,-1.,0.));
#17799=DIRECTION('',(0.,0.,-1.));
#17800=DIRECTION('',(-0.5,0.,0.866025403784439));
#17801=DIRECTION('',(0.,0.,1.));
#17802=DIRECTION('',(-1.,0.,0.));
#17803=DIRECTION('',(0.,0.,-1.));
#17804=DIRECTION('',(-0.500000000000001,0.,-0.866025403784438));
#17805=DIRECTION('',(-1.,0.,0.));
#17806=DIRECTION('',(0.,-1.,0.));
#17807=DIRECTION('',(0.,0.,-1.));
#17808=DIRECTION('',(-0.5,0.,0.866025403784438));
#17809=DIRECTION('',(0.,0.,1.));
#17810=DIRECTION('',(-1.,0.,0.));
#17811=DIRECTION('',(0.,0.,-1.));
#17812=DIRECTION('',(-0.5,0.,-0.866025403784438));
#17813=DIRECTION('',(-1.,0.,0.));
#17814=DIRECTION('',(0.,-1.,0.));
#17815=DIRECTION('',(0.,0.,-1.));
#17816=DIRECTION('',(-0.5,0.,0.866025403784439));
#17817=DIRECTION('',(0.,0.,1.));
#17818=DIRECTION('',(-1.,0.,0.));
#17819=DIRECTION('',(0.,0.,-1.));
#17820=DIRECTION('',(-0.5,0.,-0.866025403784439));
#17821=DIRECTION('',(-1.,0.,0.));
#17822=DIRECTION('',(0.,-1.,0.));
#17823=DIRECTION('',(0.,0.,-1.));
#17824=DIRECTION('',(-0.5,0.,0.866025403784439));
#17825=DIRECTION('',(0.,0.,1.));
#17826=DIRECTION('',(-1.,0.,0.));
#17827=DIRECTION('',(0.,0.,-1.));
#17828=DIRECTION('',(-0.5,0.,-0.866025403784438));
#17829=DIRECTION('',(-1.,0.,0.));
#17830=DIRECTION('',(0.,-1.,0.));
#17831=DIRECTION('',(0.,0.,-1.));
#17832=DIRECTION('',(-0.500000000000001,0.,0.866025403784438));
#17833=DIRECTION('',(0.,0.,1.));
#17834=DIRECTION('',(-1.,0.,0.));
#17835=DIRECTION('',(0.,0.,-1.));
#17836=DIRECTION('',(-0.5,0.,-0.866025403784439));
#17837=DIRECTION('',(-1.,0.,0.));
#17838=DIRECTION('',(0.,-1.,0.));
#17839=DIRECTION('',(0.,0.,-1.));
#17840=DIRECTION('',(-0.500000000000001,0.,0.866025403784438));
#17841=DIRECTION('',(0.,0.,1.));
#17842=DIRECTION('',(-1.,0.,0.));
#17843=DIRECTION('',(0.,0.,-1.));
#17844=DIRECTION('',(-0.5,0.,-0.866025403784439));
#17845=DIRECTION('',(-1.,0.,0.));
#17846=DIRECTION('',(0.,-1.,0.));
#17847=DIRECTION('',(0.,0.,-1.));
#17848=DIRECTION('',(-0.499999999999998,0.,0.86602540378444));
#17849=DIRECTION('',(0.,0.,1.));
#17850=DIRECTION('',(-1.,0.,0.));
#17851=DIRECTION('',(0.,0.,-1.));
#17852=DIRECTION('',(-0.500000000000001,0.,-0.866025403784438));
#17853=DIRECTION('',(-1.,0.,0.));
#17854=DIRECTION('',(0.,-1.,0.));
#17855=DIRECTION('',(0.,0.,-1.));
#17856=DIRECTION('',(-0.499999999999998,0.,0.86602540378444));
#17857=DIRECTION('',(0.,0.,1.));
#17858=DIRECTION('',(-1.,0.,0.));
#17859=DIRECTION('',(0.,0.,-1.));
#17860=DIRECTION('',(-0.500000000000001,0.,-0.866025403784438));
#17861=DIRECTION('',(-1.,0.,0.));
#17862=DIRECTION('',(0.,-1.,0.));
#17863=DIRECTION('',(0.,0.,-1.));
#17864=DIRECTION('',(-0.500000000000001,0.,0.866025403784438));
#17865=DIRECTION('',(0.,0.,1.));
#17866=DIRECTION('',(-1.,0.,0.));
#17867=DIRECTION('',(0.,0.,-1.));
#17868=DIRECTION('',(-0.500000000000001,0.,-0.866025403784438));
#17869=DIRECTION('',(-1.,0.,0.));
#17870=DIRECTION('',(0.,-1.,0.));
#17871=DIRECTION('',(0.,0.,-1.));
#17872=DIRECTION('',(-0.500000000000001,0.,0.866025403784438));
#17873=DIRECTION('',(0.,0.,1.));
#17874=DIRECTION('',(-1.,0.,0.));
#17875=DIRECTION('',(0.,0.,-1.));
#17876=DIRECTION('',(-0.500000000000001,0.,-0.866025403784438));
#17877=DIRECTION('',(-1.,0.,0.));
#17878=DIRECTION('',(0.,0.,-1.));
#17879=DIRECTION('',(-1.,0.,0.));
#17880=DIRECTION('',(0.,-1.,0.));
#17881=DIRECTION('',(0.,1.,0.));
#17882=DIRECTION('',(-1.,0.,0.));
#17883=DIRECTION('',(0.,0.,-1.));
#17884=DIRECTION('',(-1.,0.,0.));
#17885=DIRECTION('',(0.,-1.,0.));
#17886=DIRECTION('',(0.,1.,0.));
#17887=DIRECTION('',(-1.,0.,0.));
#17888=DIRECTION('',(0.,0.,-1.));
#17889=DIRECTION('',(-1.,0.,0.));
#17890=DIRECTION('',(0.,-1.,0.));
#17891=DIRECTION('',(0.,1.,0.));
#17892=DIRECTION('',(-1.,0.,0.));
#17893=DIRECTION('',(0.,0.,-1.));
#17894=DIRECTION('',(-1.,0.,0.));
#17895=DIRECTION('',(0.,-1.,0.));
#17896=DIRECTION('',(0.,1.,0.));
#17897=DIRECTION('',(-1.,0.,0.));
#17898=DIRECTION('',(0.,0.,-1.));
#17899=DIRECTION('',(-1.,0.,0.));
#17900=DIRECTION('',(0.,-1.,0.));
#17901=DIRECTION('',(0.,1.,0.));
#17902=DIRECTION('',(-1.,0.,0.));
#17903=DIRECTION('',(0.,0.,-1.));
#17904=DIRECTION('',(-1.,0.,0.));
#17905=DIRECTION('',(0.,-1.,0.));
#17906=DIRECTION('',(0.,1.,0.));
#17907=DIRECTION('',(-1.,0.,0.));
#17908=DIRECTION('',(0.,0.,-1.));
#17909=DIRECTION('',(-1.,0.,0.));
#17910=DIRECTION('',(0.,-1.,0.));
#17911=DIRECTION('',(0.,1.,0.));
#17912=DIRECTION('',(-1.,0.,0.));
#17913=DIRECTION('',(0.,0.,-1.));
#17914=DIRECTION('',(-1.,0.,0.));
#17915=DIRECTION('',(0.,-1.,0.));
#17916=DIRECTION('',(0.,1.,0.));
#17917=DIRECTION('',(-1.,0.,0.));
#17918=DIRECTION('',(0.,0.,-1.));
#17919=DIRECTION('',(-1.,0.,0.));
#17920=DIRECTION('',(0.,-1.,0.));
#17921=DIRECTION('',(0.,1.,0.));
#17922=DIRECTION('',(-1.,0.,0.));
#17923=DIRECTION('',(0.,0.,-1.));
#17924=DIRECTION('',(-1.,0.,0.));
#17925=DIRECTION('',(0.,-1.,0.));
#17926=DIRECTION('',(0.,1.,0.));
#17927=DIRECTION('',(-1.,0.,0.));
#17928=DIRECTION('',(0.,0.,-1.));
#17929=DIRECTION('',(-1.,0.,0.));
#17930=DIRECTION('',(0.,-1.,0.));
#17931=DIRECTION('',(0.,1.,0.));
#17932=DIRECTION('',(-1.,0.,0.));
#17933=DIRECTION('',(0.,0.,-1.));
#17934=DIRECTION('',(-1.,0.,0.));
#17935=DIRECTION('',(0.,-1.,0.));
#17936=DIRECTION('',(0.,1.,0.));
#17937=DIRECTION('',(-1.,0.,0.));
#17938=DIRECTION('',(0.,0.,-1.));
#17939=DIRECTION('',(-1.,0.,0.));
#17940=DIRECTION('',(0.,-1.,0.));
#17941=DIRECTION('',(0.,1.,0.));
#17942=DIRECTION('',(-1.,0.,0.));
#17943=DIRECTION('',(0.,0.,-1.));
#17944=DIRECTION('',(-1.,0.,0.));
#17945=DIRECTION('',(0.,-1.,0.));
#17946=DIRECTION('',(0.,1.,0.));
#17947=DIRECTION('',(-1.,0.,0.));
#17948=DIRECTION('',(0.,0.,-1.));
#17949=DIRECTION('',(-1.,0.,0.));
#17950=DIRECTION('',(0.,-1.,0.));
#17951=DIRECTION('',(0.,1.,0.));
#17952=DIRECTION('',(-1.,0.,0.));
#17953=DIRECTION('',(0.,1.,0.));
#17954=DIRECTION('',(0.,0.,1.));
#17955=DIRECTION('',(0.500000000000001,0.,-0.866025403784438));
#17956=DIRECTION('',(0.500000000000001,0.,0.866025403784438));
#17957=DIRECTION('',(0.,0.,1.));
#17958=DIRECTION('',(-1.,0.,0.));
#17959=DIRECTION('',(0.,0.,-1.));
#17960=DIRECTION('',(0.,1.,0.));
#17961=DIRECTION('',(0.,0.,1.));
#17962=DIRECTION('',(0.499999999999998,0.,-0.86602540378444));
#17963=DIRECTION('',(0.500000000000001,0.,0.866025403784438));
#17964=DIRECTION('',(0.,0.,1.));
#17965=DIRECTION('',(-1.,0.,0.));
#17966=DIRECTION('',(0.,0.,-1.));
#17967=DIRECTION('',(0.,1.,0.));
#17968=DIRECTION('',(0.,0.,1.));
#17969=DIRECTION('',(0.499999999999998,0.,-0.86602540378444));
#17970=DIRECTION('',(0.500000000000001,0.,0.866025403784438));
#17971=DIRECTION('',(0.,0.,1.));
#17972=DIRECTION('',(-1.,0.,0.));
#17973=DIRECTION('',(0.,0.,-1.));
#17974=DIRECTION('',(0.,1.,0.));
#17975=DIRECTION('',(0.,0.,1.));
#17976=DIRECTION('',(0.500000000000001,0.,-0.866025403784438));
#17977=DIRECTION('',(0.500000000000001,0.,0.866025403784438));
#17978=DIRECTION('',(0.,0.,1.));
#17979=DIRECTION('',(-1.,0.,0.));
#17980=DIRECTION('',(0.,0.,-1.));
#17981=DIRECTION('',(0.,1.,0.));
#17982=DIRECTION('',(0.,0.,1.));
#17983=DIRECTION('',(0.500000000000001,0.,-0.866025403784438));
#17984=DIRECTION('',(0.5,0.,0.866025403784439));
#17985=DIRECTION('',(0.,0.,1.));
#17986=DIRECTION('',(-1.,0.,0.));
#17987=DIRECTION('',(0.,0.,-1.));
#17988=DIRECTION('',(0.,1.,0.));
#17989=DIRECTION('',(0.,0.,1.));
#17990=DIRECTION('',(0.5,0.,-0.866025403784439));
#17991=DIRECTION('',(0.500000000000001,0.,0.866025403784438));
#17992=DIRECTION('',(0.,0.,1.));
#17993=DIRECTION('',(-1.,0.,0.));
#17994=DIRECTION('',(0.,0.,-1.));
#17995=DIRECTION('',(0.,1.,0.));
#17996=DIRECTION('',(0.,0.,1.));
#17997=DIRECTION('',(0.5,0.,-0.866025403784438));
#17998=DIRECTION('',(0.5,0.,0.866025403784438));
#17999=DIRECTION('',(0.,0.,1.));
#18000=DIRECTION('',(-1.,0.,0.));
#18001=DIRECTION('',(0.,0.,-1.));
#18002=DIRECTION('',(0.,1.,0.));
#18003=DIRECTION('',(0.,0.,1.));
#18004=DIRECTION('',(0.5,0.,-0.866025403784439));
#18005=DIRECTION('',(0.5,0.,0.866025403784439));
#18006=DIRECTION('',(0.,0.,1.));
#18007=DIRECTION('',(-1.,0.,0.));
#18008=DIRECTION('',(0.,0.,-1.));
#18009=DIRECTION('',(0.,1.,0.));
#18010=DIRECTION('',(0.,0.,1.));
#18011=DIRECTION('',(0.5,0.,-0.866025403784439));
#18012=DIRECTION('',(0.5,0.,0.866025403784438));
#18013=DIRECTION('',(0.,0.,1.));
#18014=DIRECTION('',(-1.,0.,0.));
#18015=DIRECTION('',(0.,0.,-1.));
#18016=DIRECTION('',(0.,1.,0.));
#18017=DIRECTION('',(0.,0.,1.));
#18018=DIRECTION('',(0.500000000000001,0.,-0.866025403784438));
#18019=DIRECTION('',(0.5,0.,0.866025403784439));
#18020=DIRECTION('',(0.,0.,1.));
#18021=DIRECTION('',(-1.,0.,0.));
#18022=DIRECTION('',(0.,0.,-1.));
#18023=DIRECTION('',(0.,1.,0.));
#18024=DIRECTION('',(0.,0.,1.));
#18025=DIRECTION('',(0.500000000000001,0.,-0.866025403784438));
#18026=DIRECTION('',(0.5,0.,0.866025403784439));
#18027=DIRECTION('',(0.,0.,1.));
#18028=DIRECTION('',(-1.,0.,0.));
#18029=DIRECTION('',(0.,0.,-1.));
#18030=DIRECTION('',(0.,1.,0.));
#18031=DIRECTION('',(0.,0.,1.));
#18032=DIRECTION('',(0.499999999999998,0.,-0.86602540378444));
#18033=DIRECTION('',(0.500000000000001,0.,0.866025403784438));
#18034=DIRECTION('',(0.,0.,1.));
#18035=DIRECTION('',(-1.,0.,0.));
#18036=DIRECTION('',(0.,0.,-1.));
#18037=DIRECTION('',(0.,1.,0.));
#18038=DIRECTION('',(0.,0.,1.));
#18039=DIRECTION('',(0.499999999999998,0.,-0.86602540378444));
#18040=DIRECTION('',(0.500000000000001,0.,0.866025403784438));
#18041=DIRECTION('',(0.,0.,1.));
#18042=DIRECTION('',(-1.,0.,0.));
#18043=DIRECTION('',(0.,0.,-1.));
#18044=DIRECTION('',(0.,1.,0.));
#18045=DIRECTION('',(0.,0.,1.));
#18046=DIRECTION('',(0.500000000000001,0.,-0.866025403784438));
#18047=DIRECTION('',(0.500000000000001,0.,0.866025403784438));
#18048=DIRECTION('',(0.,0.,1.));
#18049=DIRECTION('',(-1.,0.,0.));
#18050=DIRECTION('',(0.,0.,-1.));
#18051=DIRECTION('',(0.,1.,0.));
#18052=DIRECTION('',(0.,0.,1.));
#18053=DIRECTION('',(0.500000000000001,0.,-0.866025403784438));
#18054=DIRECTION('',(0.500000000000001,0.,0.866025403784438));
#18055=DIRECTION('',(0.,0.,1.));
#18056=DIRECTION('',(-1.,0.,0.));
#18057=DIRECTION('',(0.,0.,-1.));
#18058=DIRECTION('',(-1.,0.,0.));
#18059=DIRECTION('',(0.,0.,1.));
#18060=DIRECTION('',(0.,-1.,0.));
#18061=DIRECTION('',(-1.,0.,0.));
#18062=DIRECTION('',(0.,0.,1.));
#18063=DIRECTION('',(0.,1.,0.));
#18064=DIRECTION('',(0.,0.,-1.));
#18065=DIRECTION('',(0.,-1.,0.));
#18066=DIRECTION('',(-1.,0.,0.));
#18067=DIRECTION('',(0.,0.,1.));
#18068=DIRECTION('',(-1.,0.,0.));
#18069=DIRECTION('',(0.,0.,1.));
#18070=DIRECTION('',(0.,-1.,0.));
#18071=DIRECTION('',(-1.,0.,0.));
#18072=DIRECTION('',(0.,0.,1.));
#18073=DIRECTION('',(0.,1.,0.));
#18074=DIRECTION('',(0.,0.,-1.));
#18075=DIRECTION('',(0.,-1.,0.));
#18076=DIRECTION('',(-1.,0.,0.));
#18077=DIRECTION('',(0.,0.,1.));
#18078=DIRECTION('',(1.,0.,0.));
#18079=DIRECTION('',(0.,0.,-1.));
#18080=DIRECTION('',(1.,0.,0.));
#18081=DIRECTION('',(0.,0.,-1.));
#18082=DIRECTION('',(0.,1.,0.));
#18083=DIRECTION('',(0.,0.,-1.));
#18084=DIRECTION('',(0.,-1.,0.));
#18085=DIRECTION('',(1.,0.,0.));
#18086=DIRECTION('',(0.,0.,-1.));
#18087=DIRECTION('',(0.,-1.,0.));
#18088=DIRECTION('',(-1.,0.,0.));
#18089=DIRECTION('',(0.,0.,1.));
#18090=DIRECTION('',(0.,-1.,0.));
#18091=DIRECTION('',(-1.,0.,0.));
#18092=DIRECTION('',(0.,0.,1.));
#18093=DIRECTION('',(0.,1.,0.));
#18094=DIRECTION('',(0.,0.,-1.));
#18095=DIRECTION('',(0.,-1.,0.));
#18096=DIRECTION('',(-1.,0.,0.));
#18097=DIRECTION('',(0.,0.,1.));
#18098=DIRECTION('',(1.,0.,0.));
#18099=DIRECTION('',(0.,0.,-1.));
#18100=DIRECTION('',(1.,0.,0.));
#18101=DIRECTION('',(0.,0.,-1.));
#18102=DIRECTION('',(0.,1.,0.));
#18103=DIRECTION('',(0.,0.,-1.));
#18104=DIRECTION('',(0.,-1.,0.));
#18105=DIRECTION('',(1.,0.,0.));
#18106=DIRECTION('',(0.,0.,-1.));
#18107=DIRECTION('',(0.,-1.,0.));
#18108=DIRECTION('',(-1.,0.,0.));
#18109=DIRECTION('',(0.,0.,1.));
#18110=DIRECTION('',(0.,-1.,0.));
#18111=DIRECTION('',(-1.,0.,0.));
#18112=DIRECTION('',(0.,0.,1.));
#18113=DIRECTION('',(0.,1.,0.));
#18114=DIRECTION('',(0.,0.,-1.));
#18115=DIRECTION('',(0.,-1.,0.));
#18116=DIRECTION('',(-1.,0.,0.));
#18117=DIRECTION('',(0.,0.,1.));
#18118=DIRECTION('',(1.,0.,0.));
#18119=DIRECTION('',(0.,0.,-1.));
#18120=DIRECTION('',(1.,0.,0.));
#18121=DIRECTION('',(0.,0.,-1.));
#18122=DIRECTION('',(0.,1.,0.));
#18123=DIRECTION('',(0.,0.,-1.));
#18124=DIRECTION('',(0.,-1.,0.));
#18125=DIRECTION('',(1.,0.,0.));
#18126=DIRECTION('',(0.,0.,-1.));
#18127=DIRECTION('',(0.,-1.,0.));
#18128=DIRECTION('',(-1.,0.,0.));
#18129=DIRECTION('',(0.,0.,1.));
#18130=DIRECTION('',(0.,-1.,0.));
#18131=DIRECTION('',(-1.,0.,0.));
#18132=DIRECTION('',(0.,0.,1.));
#18133=DIRECTION('',(0.,1.,0.));
#18134=DIRECTION('',(0.,0.,-1.));
#18135=DIRECTION('',(0.,-1.,0.));
#18136=DIRECTION('',(-1.,0.,0.));
#18137=DIRECTION('',(0.,0.,1.));
#18138=DIRECTION('',(1.,0.,0.));
#18139=DIRECTION('',(0.,0.,-1.));
#18140=DIRECTION('',(1.,0.,0.));
#18141=DIRECTION('',(0.,0.,-1.));
#18142=DIRECTION('',(0.,1.,0.));
#18143=DIRECTION('',(0.,0.,-1.));
#18144=DIRECTION('',(0.,-1.,0.));
#18145=DIRECTION('',(1.,0.,0.));
#18146=DIRECTION('',(0.,0.,-1.));
#18147=DIRECTION('',(0.,-1.,0.));
#18148=DIRECTION('',(-1.,0.,0.));
#18149=DIRECTION('',(0.,0.,1.));
#18150=DIRECTION('',(0.,-1.,0.));
#18151=DIRECTION('',(-1.,0.,0.));
#18152=DIRECTION('',(0.,0.,1.));
#18153=DIRECTION('',(0.,1.,0.));
#18154=DIRECTION('',(0.,0.,-1.));
#18155=DIRECTION('',(0.,-1.,0.));
#18156=DIRECTION('',(-1.,0.,0.));
#18157=DIRECTION('',(0.,0.,1.));
#18158=DIRECTION('',(1.,0.,0.));
#18159=DIRECTION('',(0.,0.,-1.));
#18160=DIRECTION('',(1.,0.,0.));
#18161=DIRECTION('',(0.,0.,-1.));
#18162=DIRECTION('',(0.,1.,0.));
#18163=DIRECTION('',(0.,0.,-1.));
#18164=DIRECTION('',(0.,-1.,0.));
#18165=DIRECTION('',(1.,0.,0.));
#18166=DIRECTION('',(0.,0.,-1.));
#18167=DIRECTION('',(0.,-1.,0.));
#18168=DIRECTION('',(-1.,0.,0.));
#18169=DIRECTION('',(0.,0.,1.));
#18170=DIRECTION('',(0.,-1.,0.));
#18171=DIRECTION('',(-1.,0.,0.));
#18172=DIRECTION('',(0.,0.,1.));
#18173=DIRECTION('',(0.,1.,0.));
#18174=DIRECTION('',(0.,0.,-1.));
#18175=DIRECTION('',(0.,-1.,0.));
#18176=DIRECTION('',(-1.,0.,0.));
#18177=DIRECTION('',(0.,0.,1.));
#18178=DIRECTION('',(1.,0.,0.));
#18179=DIRECTION('',(0.,0.,-1.));
#18180=DIRECTION('',(1.,0.,0.));
#18181=DIRECTION('',(0.,0.,-1.));
#18182=DIRECTION('',(0.,1.,0.));
#18183=DIRECTION('',(0.,0.,-1.));
#18184=DIRECTION('',(0.,-1.,0.));
#18185=DIRECTION('',(1.,0.,0.));
#18186=DIRECTION('',(0.,0.,-1.));
#18187=DIRECTION('',(0.,-1.,0.));
#18188=DIRECTION('',(-1.,0.,0.));
#18189=DIRECTION('',(0.,0.,1.));
#18190=DIRECTION('',(0.,-1.,0.));
#18191=DIRECTION('',(-1.,0.,0.));
#18192=DIRECTION('',(0.,0.,1.));
#18193=DIRECTION('',(0.,1.,0.));
#18194=DIRECTION('',(0.,0.,-1.));
#18195=DIRECTION('',(0.,-1.,0.));
#18196=DIRECTION('',(-1.,0.,0.));
#18197=DIRECTION('',(0.,0.,1.));
#18198=DIRECTION('',(1.,0.,0.));
#18199=DIRECTION('',(0.,0.,-1.));
#18200=DIRECTION('',(1.,0.,0.));
#18201=DIRECTION('',(0.,0.,-1.));
#18202=DIRECTION('',(0.,1.,0.));
#18203=DIRECTION('',(0.,0.,-1.));
#18204=DIRECTION('',(0.,-1.,0.));
#18205=DIRECTION('',(1.,0.,0.));
#18206=DIRECTION('',(0.,0.,-1.));
#18207=DIRECTION('',(0.,-1.,0.));
#18208=DIRECTION('',(-1.,0.,0.));
#18209=DIRECTION('',(0.,0.,1.));
#18210=DIRECTION('',(0.,-1.,0.));
#18211=DIRECTION('',(-1.,0.,0.));
#18212=DIRECTION('',(0.,0.,1.));
#18213=DIRECTION('',(0.,1.,0.));
#18214=DIRECTION('',(0.,0.,-1.));
#18215=DIRECTION('',(0.,-1.,0.));
#18216=DIRECTION('',(-1.,0.,0.));
#18217=DIRECTION('',(0.,0.,1.));
#18218=DIRECTION('',(1.,0.,0.));
#18219=DIRECTION('',(0.,0.,-1.));
#18220=DIRECTION('',(1.,0.,0.));
#18221=DIRECTION('',(0.,0.,-1.));
#18222=DIRECTION('',(0.,1.,0.));
#18223=DIRECTION('',(0.,0.,-1.));
#18224=DIRECTION('',(0.,-1.,0.));
#18225=DIRECTION('',(1.,0.,0.));
#18226=DIRECTION('',(0.,0.,-1.));
#18227=DIRECTION('',(0.,-1.,0.));
#18228=DIRECTION('',(-1.,0.,0.));
#18229=DIRECTION('',(0.,0.,1.));
#18230=DIRECTION('',(0.,-1.,0.));
#18231=DIRECTION('',(-1.,0.,0.));
#18232=DIRECTION('',(0.,0.,1.));
#18233=DIRECTION('',(0.,1.,0.));
#18234=DIRECTION('',(0.,0.,-1.));
#18235=DIRECTION('',(0.,-1.,0.));
#18236=DIRECTION('',(-1.,0.,0.));
#18237=DIRECTION('',(0.,0.,1.));
#18238=DIRECTION('',(1.,0.,0.));
#18239=DIRECTION('',(0.,0.,-1.));
#18240=DIRECTION('',(1.,0.,0.));
#18241=DIRECTION('',(0.,0.,-1.));
#18242=DIRECTION('',(0.,1.,0.));
#18243=DIRECTION('',(0.,0.,-1.));
#18244=DIRECTION('',(0.,-1.,0.));
#18245=DIRECTION('',(1.,0.,0.));
#18246=DIRECTION('',(0.,0.,-1.));
#18247=DIRECTION('',(0.,-1.,0.));
#18248=DIRECTION('',(-1.,0.,0.));
#18249=DIRECTION('',(0.,0.,1.));
#18250=DIRECTION('',(0.,-1.,0.));
#18251=DIRECTION('',(-1.,0.,0.));
#18252=DIRECTION('',(0.,0.,1.));
#18253=DIRECTION('',(0.,1.,0.));
#18254=DIRECTION('',(0.,0.,-1.));
#18255=DIRECTION('',(0.,-1.,0.));
#18256=DIRECTION('',(-1.,0.,0.));
#18257=DIRECTION('',(0.,0.,1.));
#18258=DIRECTION('',(1.,0.,0.));
#18259=DIRECTION('',(0.,0.,-1.));
#18260=DIRECTION('',(1.,0.,0.));
#18261=DIRECTION('',(0.,0.,-1.));
#18262=DIRECTION('',(0.,1.,0.));
#18263=DIRECTION('',(0.,0.,-1.));
#18264=DIRECTION('',(0.,-1.,0.));
#18265=DIRECTION('',(1.,0.,0.));
#18266=DIRECTION('',(0.,0.,-1.));
#18267=DIRECTION('',(0.,-1.,0.));
#18268=DIRECTION('',(-1.,0.,0.));
#18269=DIRECTION('',(0.,0.,1.));
#18270=DIRECTION('',(0.,-1.,0.));
#18271=DIRECTION('',(-1.,0.,0.));
#18272=DIRECTION('',(0.,0.,1.));
#18273=DIRECTION('',(0.,1.,0.));
#18274=DIRECTION('',(0.,0.,-1.));
#18275=DIRECTION('',(0.,-1.,0.));
#18276=DIRECTION('',(-1.,0.,0.));
#18277=DIRECTION('',(0.,0.,1.));
#18278=DIRECTION('',(1.,0.,0.));
#18279=DIRECTION('',(0.,0.,-1.));
#18280=DIRECTION('',(1.,0.,0.));
#18281=DIRECTION('',(0.,0.,-1.));
#18282=DIRECTION('',(0.,1.,0.));
#18283=DIRECTION('',(0.,0.,-1.));
#18284=DIRECTION('',(0.,-1.,0.));
#18285=DIRECTION('',(1.,0.,0.));
#18286=DIRECTION('',(0.,0.,-1.));
#18287=DIRECTION('',(0.,-1.,0.));
#18288=DIRECTION('',(-1.,0.,0.));
#18289=DIRECTION('',(0.,0.,1.));
#18290=DIRECTION('',(0.,-1.,0.));
#18291=DIRECTION('',(-1.,0.,0.));
#18292=DIRECTION('',(0.,0.,1.));
#18293=DIRECTION('',(0.,1.,0.));
#18294=DIRECTION('',(0.,0.,-1.));
#18295=DIRECTION('',(0.,-1.,0.));
#18296=DIRECTION('',(-1.,0.,0.));
#18297=DIRECTION('',(0.,0.,1.));
#18298=DIRECTION('',(1.,0.,0.));
#18299=DIRECTION('',(0.,0.,-1.));
#18300=DIRECTION('',(1.,0.,0.));
#18301=DIRECTION('',(0.,0.,-1.));
#18302=DIRECTION('',(0.,1.,0.));
#18303=DIRECTION('',(0.,0.,-1.));
#18304=DIRECTION('',(0.,-1.,0.));
#18305=DIRECTION('',(1.,0.,0.));
#18306=DIRECTION('',(0.,0.,-1.));
#18307=DIRECTION('',(0.,-1.,0.));
#18308=DIRECTION('',(-1.,0.,0.));
#18309=DIRECTION('',(0.,0.,1.));
#18310=DIRECTION('',(0.,-1.,0.));
#18311=DIRECTION('',(-1.,0.,0.));
#18312=DIRECTION('',(0.,0.,1.));
#18313=DIRECTION('',(0.,1.,0.));
#18314=DIRECTION('',(0.,0.,-1.));
#18315=DIRECTION('',(0.,-1.,0.));
#18316=DIRECTION('',(-1.,0.,0.));
#18317=DIRECTION('',(0.,0.,1.));
#18318=DIRECTION('',(1.,0.,0.));
#18319=DIRECTION('',(0.,0.,-1.));
#18320=DIRECTION('',(1.,0.,0.));
#18321=DIRECTION('',(0.,0.,-1.));
#18322=DIRECTION('',(0.,1.,0.));
#18323=DIRECTION('',(0.,0.,-1.));
#18324=DIRECTION('',(0.,-1.,0.));
#18325=DIRECTION('',(1.,0.,0.));
#18326=DIRECTION('',(0.,0.,-1.));
#18327=DIRECTION('',(0.,-1.,0.));
#18328=DIRECTION('',(-1.,0.,0.));
#18329=DIRECTION('',(0.,0.,1.));
#18330=DIRECTION('',(0.,-1.,0.));
#18331=DIRECTION('',(-1.,0.,0.));
#18332=DIRECTION('',(0.,0.,1.));
#18333=DIRECTION('',(0.,1.,0.));
#18334=DIRECTION('',(0.,0.,-1.));
#18335=DIRECTION('',(0.,-1.,0.));
#18336=DIRECTION('',(-1.,0.,0.));
#18337=DIRECTION('',(0.,0.,1.));
#18338=DIRECTION('',(1.,0.,0.));
#18339=DIRECTION('',(0.,0.,-1.));
#18340=DIRECTION('',(1.,0.,0.));
#18341=DIRECTION('',(0.,0.,-1.));
#18342=DIRECTION('',(0.,1.,0.));
#18343=DIRECTION('',(0.,0.,-1.));
#18344=DIRECTION('',(0.,-1.,0.));
#18345=DIRECTION('',(1.,0.,0.));
#18346=DIRECTION('',(0.,0.,-1.));
#18347=DIRECTION('',(0.,-1.,0.));
#18348=DIRECTION('',(1.,0.,0.));
#18349=DIRECTION('',(0.,0.,-1.));
#18350=DIRECTION('',(0.,-1.,0.));
#18351=DIRECTION('',(1.,0.,0.));
#18352=DIRECTION('',(0.,0.,-1.));
#18353=DIRECTION('',(0.,1.,0.));
#18354=DIRECTION('',(0.,0.,-1.));
#18355=DIRECTION('',(0.,-1.,0.));
#18356=DIRECTION('',(1.,0.,0.));
#18357=DIRECTION('',(0.,0.,-1.));
#18358=DIRECTION('',(-1.,0.,0.));
#18359=DIRECTION('',(0.,0.,1.));
#18360=DIRECTION('',(0.,-1.,0.));
#18361=DIRECTION('',(-1.,0.,0.));
#18362=DIRECTION('',(0.,0.,1.));
#18363=DIRECTION('',(0.,1.,0.));
#18364=DIRECTION('',(0.,0.,-1.));
#18365=DIRECTION('',(0.,-1.,0.));
#18366=DIRECTION('',(-1.,0.,0.));
#18367=DIRECTION('',(0.,0.,1.));
#18368=DIRECTION('',(-1.,0.,0.));
#18369=DIRECTION('',(0.,0.,1.));
#18370=DIRECTION('',(0.,-1.,0.));
#18371=DIRECTION('',(-1.,0.,0.));
#18372=DIRECTION('',(0.,0.,1.));
#18373=DIRECTION('',(0.,1.,0.));
#18374=DIRECTION('',(0.,0.,-1.));
#18375=DIRECTION('',(0.,-1.,0.));
#18376=DIRECTION('',(-1.,0.,0.));
#18377=DIRECTION('',(0.,0.,1.));
#18378=DIRECTION('',(1.,0.,0.));
#18379=DIRECTION('',(0.,0.,-1.));
#18380=DIRECTION('',(1.,0.,0.));
#18381=DIRECTION('',(0.,0.,-1.));
#18382=DIRECTION('',(0.,1.,0.));
#18383=DIRECTION('',(0.,0.,-1.));
#18384=DIRECTION('',(0.,-1.,0.));
#18385=DIRECTION('',(1.,0.,0.));
#18386=DIRECTION('',(0.,0.,-1.));
#18387=DIRECTION('',(0.,-1.,0.));
#18388=DIRECTION('',(-1.,0.,0.));
#18389=DIRECTION('',(0.,0.,1.));
#18390=DIRECTION('',(0.,-1.,0.));
#18391=DIRECTION('',(-1.,0.,0.));
#18392=DIRECTION('',(0.,0.,1.));
#18393=DIRECTION('',(0.,1.,0.));
#18394=DIRECTION('',(0.,0.,-1.));
#18395=DIRECTION('',(0.,-1.,0.));
#18396=DIRECTION('',(-1.,0.,0.));
#18397=DIRECTION('',(0.,0.,1.));
#18398=DIRECTION('',(1.,0.,0.));
#18399=DIRECTION('',(0.,0.,-1.));
#18400=DIRECTION('',(1.,0.,0.));
#18401=DIRECTION('',(0.,0.,-1.));
#18402=DIRECTION('',(0.,1.,0.));
#18403=DIRECTION('',(0.,0.,-1.));
#18404=DIRECTION('',(0.,-1.,0.));
#18405=DIRECTION('',(1.,0.,0.));
#18406=DIRECTION('',(0.,0.,-1.));
#18407=DIRECTION('',(0.,-1.,0.));
#18408=DIRECTION('',(-1.,0.,0.));
#18409=DIRECTION('',(0.,0.,1.));
#18410=DIRECTION('',(0.,-1.,0.));
#18411=DIRECTION('',(-1.,0.,0.));
#18412=DIRECTION('',(0.,0.,1.));
#18413=DIRECTION('',(0.,1.,0.));
#18414=DIRECTION('',(0.,0.,-1.));
#18415=DIRECTION('',(0.,-1.,0.));
#18416=DIRECTION('',(-1.,0.,0.));
#18417=DIRECTION('',(0.,0.,1.));
#18418=DIRECTION('',(1.,0.,0.));
#18419=DIRECTION('',(0.,0.,-1.));
#18420=DIRECTION('',(1.,0.,0.));
#18421=DIRECTION('',(0.,0.,-1.));
#18422=DIRECTION('',(0.,1.,0.));
#18423=DIRECTION('',(0.,0.,-1.));
#18424=DIRECTION('',(0.,-1.,0.));
#18425=DIRECTION('',(1.,0.,0.));
#18426=DIRECTION('',(0.,0.,-1.));
#18427=DIRECTION('',(0.,-1.,0.));
#18428=DIRECTION('',(-1.,0.,0.));
#18429=DIRECTION('',(0.,0.,1.));
#18430=DIRECTION('',(0.,-1.,0.));
#18431=DIRECTION('',(-1.,0.,0.));
#18432=DIRECTION('',(0.,0.,1.));
#18433=DIRECTION('',(0.,1.,0.));
#18434=DIRECTION('',(0.,0.,-1.));
#18435=DIRECTION('',(0.,-1.,0.));
#18436=DIRECTION('',(-1.,0.,0.));
#18437=DIRECTION('',(0.,0.,1.));
#18438=DIRECTION('',(1.,0.,0.));
#18439=DIRECTION('',(0.,0.,-1.));
#18440=DIRECTION('',(1.,0.,0.));
#18441=DIRECTION('',(0.,0.,-1.));
#18442=DIRECTION('',(0.,1.,0.));
#18443=DIRECTION('',(0.,0.,-1.));
#18444=DIRECTION('',(0.,-1.,0.));
#18445=DIRECTION('',(1.,0.,0.));
#18446=DIRECTION('',(0.,0.,-1.));
#18447=DIRECTION('',(0.,-1.,0.));
#18448=DIRECTION('',(-1.,0.,0.));
#18449=DIRECTION('',(0.,0.,1.));
#18450=DIRECTION('',(0.,-1.,0.));
#18451=DIRECTION('',(-1.,0.,0.));
#18452=DIRECTION('',(0.,0.,1.));
#18453=DIRECTION('',(0.,1.,0.));
#18454=DIRECTION('',(0.,0.,-1.));
#18455=DIRECTION('',(0.,-1.,0.));
#18456=DIRECTION('',(-1.,0.,0.));
#18457=DIRECTION('',(0.,0.,1.));
#18458=DIRECTION('',(1.,0.,0.));
#18459=DIRECTION('',(0.,0.,-1.));
#18460=DIRECTION('',(1.,0.,0.));
#18461=DIRECTION('',(0.,0.,-1.));
#18462=DIRECTION('',(0.,1.,0.));
#18463=DIRECTION('',(0.,0.,-1.));
#18464=DIRECTION('',(0.,-1.,0.));
#18465=DIRECTION('',(1.,0.,0.));
#18466=DIRECTION('',(0.,0.,-1.));
#18467=DIRECTION('',(0.,-1.,0.));
#18468=DIRECTION('',(-1.,0.,0.));
#18469=DIRECTION('',(0.,0.,1.));
#18470=DIRECTION('',(0.,-1.,0.));
#18471=DIRECTION('',(-1.,0.,0.));
#18472=DIRECTION('',(0.,0.,1.));
#18473=DIRECTION('',(0.,1.,0.));
#18474=DIRECTION('',(0.,0.,-1.));
#18475=DIRECTION('',(0.,-1.,0.));
#18476=DIRECTION('',(-1.,0.,0.));
#18477=DIRECTION('',(0.,0.,1.));
#18478=DIRECTION('',(1.,0.,0.));
#18479=DIRECTION('',(0.,0.,-1.));
#18480=DIRECTION('',(1.,0.,0.));
#18481=DIRECTION('',(0.,0.,-1.));
#18482=DIRECTION('',(0.,1.,0.));
#18483=DIRECTION('',(0.,0.,-1.));
#18484=DIRECTION('',(0.,-1.,0.));
#18485=DIRECTION('',(1.,0.,0.));
#18486=DIRECTION('',(0.,0.,-1.));
#18487=DIRECTION('',(0.,-1.,0.));
#18488=DIRECTION('',(-1.,0.,0.));
#18489=DIRECTION('',(0.,0.,1.));
#18490=DIRECTION('',(0.,-1.,0.));
#18491=DIRECTION('',(-1.,0.,0.));
#18492=DIRECTION('',(0.,0.,1.));
#18493=DIRECTION('',(0.,1.,0.));
#18494=DIRECTION('',(0.,0.,-1.));
#18495=DIRECTION('',(0.,-1.,0.));
#18496=DIRECTION('',(-1.,0.,0.));
#18497=DIRECTION('',(0.,0.,1.));
#18498=DIRECTION('',(1.,0.,0.));
#18499=DIRECTION('',(0.,0.,-1.));
#18500=DIRECTION('',(1.,0.,0.));
#18501=DIRECTION('',(0.,0.,-1.));
#18502=DIRECTION('',(0.,1.,0.));
#18503=DIRECTION('',(0.,0.,-1.));
#18504=DIRECTION('',(0.,-1.,0.));
#18505=DIRECTION('',(1.,0.,0.));
#18506=DIRECTION('',(0.,0.,-1.));
#18507=DIRECTION('',(0.,-1.,0.));
#18508=DIRECTION('',(-1.,0.,0.));
#18509=DIRECTION('',(0.,0.,1.));
#18510=DIRECTION('',(0.,-1.,0.));
#18511=DIRECTION('',(-1.,0.,0.));
#18512=DIRECTION('',(0.,0.,1.));
#18513=DIRECTION('',(0.,1.,0.));
#18514=DIRECTION('',(0.,0.,-1.));
#18515=DIRECTION('',(0.,-1.,0.));
#18516=DIRECTION('',(-1.,0.,0.));
#18517=DIRECTION('',(0.,0.,1.));
#18518=DIRECTION('',(1.,0.,0.));
#18519=DIRECTION('',(0.,0.,-1.));
#18520=DIRECTION('',(1.,0.,0.));
#18521=DIRECTION('',(0.,0.,-1.));
#18522=DIRECTION('',(0.,1.,0.));
#18523=DIRECTION('',(0.,0.,-1.));
#18524=DIRECTION('',(0.,-1.,0.));
#18525=DIRECTION('',(1.,0.,0.));
#18526=DIRECTION('',(0.,0.,-1.));
#18527=DIRECTION('',(0.,-1.,0.));
#18528=DIRECTION('',(-1.,0.,0.));
#18529=DIRECTION('',(0.,0.,1.));
#18530=DIRECTION('',(0.,-1.,0.));
#18531=DIRECTION('',(-1.,0.,0.));
#18532=DIRECTION('',(0.,0.,1.));
#18533=DIRECTION('',(0.,1.,0.));
#18534=DIRECTION('',(0.,0.,-1.));
#18535=DIRECTION('',(0.,-1.,0.));
#18536=DIRECTION('',(-1.,0.,0.));
#18537=DIRECTION('',(0.,0.,1.));
#18538=DIRECTION('',(1.,0.,0.));
#18539=DIRECTION('',(0.,0.,-1.));
#18540=DIRECTION('',(1.,0.,0.));
#18541=DIRECTION('',(0.,0.,-1.));
#18542=DIRECTION('',(0.,1.,0.));
#18543=DIRECTION('',(0.,0.,-1.));
#18544=DIRECTION('',(0.,-1.,0.));
#18545=DIRECTION('',(1.,0.,0.));
#18546=DIRECTION('',(0.,0.,-1.));
#18547=DIRECTION('',(0.,-1.,0.));
#18548=DIRECTION('',(-1.,0.,0.));
#18549=DIRECTION('',(0.,0.,1.));
#18550=DIRECTION('',(0.,-1.,0.));
#18551=DIRECTION('',(-1.,0.,0.));
#18552=DIRECTION('',(0.,0.,1.));
#18553=DIRECTION('',(0.,1.,0.));
#18554=DIRECTION('',(0.,0.,-1.));
#18555=DIRECTION('',(0.,-1.,0.));
#18556=DIRECTION('',(-1.,0.,0.));
#18557=DIRECTION('',(0.,0.,1.));
#18558=DIRECTION('',(1.,0.,0.));
#18559=DIRECTION('',(0.,0.,-1.));
#18560=DIRECTION('',(1.,0.,0.));
#18561=DIRECTION('',(0.,0.,-1.));
#18562=DIRECTION('',(0.,1.,0.));
#18563=DIRECTION('',(0.,0.,-1.));
#18564=DIRECTION('',(0.,-1.,0.));
#18565=DIRECTION('',(1.,0.,0.));
#18566=DIRECTION('',(0.,0.,-1.));
#18567=DIRECTION('',(0.,-1.,0.));
#18568=DIRECTION('',(-1.,0.,0.));
#18569=DIRECTION('',(0.,0.,1.));
#18570=DIRECTION('',(0.,-1.,0.));
#18571=DIRECTION('',(-1.,0.,0.));
#18572=DIRECTION('',(0.,0.,1.));
#18573=DIRECTION('',(0.,1.,0.));
#18574=DIRECTION('',(0.,0.,-1.));
#18575=DIRECTION('',(0.,-1.,0.));
#18576=DIRECTION('',(-1.,0.,0.));
#18577=DIRECTION('',(0.,0.,1.));
#18578=DIRECTION('',(1.,0.,0.));
#18579=DIRECTION('',(0.,0.,-1.));
#18580=DIRECTION('',(1.,0.,0.));
#18581=DIRECTION('',(0.,0.,-1.));
#18582=DIRECTION('',(0.,1.,0.));
#18583=DIRECTION('',(0.,0.,-1.));
#18584=DIRECTION('',(0.,-1.,0.));
#18585=DIRECTION('',(1.,0.,0.));
#18586=DIRECTION('',(0.,0.,-1.));
#18587=DIRECTION('',(0.,-1.,0.));
#18588=DIRECTION('',(-1.,0.,0.));
#18589=DIRECTION('',(0.,0.,1.));
#18590=DIRECTION('',(0.,-1.,0.));
#18591=DIRECTION('',(-1.,0.,0.));
#18592=DIRECTION('',(0.,0.,1.));
#18593=DIRECTION('',(0.,1.,0.));
#18594=DIRECTION('',(0.,0.,-1.));
#18595=DIRECTION('',(0.,-1.,0.));
#18596=DIRECTION('',(-1.,0.,0.));
#18597=DIRECTION('',(0.,0.,1.));
#18598=DIRECTION('',(1.,0.,0.));
#18599=DIRECTION('',(0.,0.,-1.));
#18600=DIRECTION('',(1.,0.,0.));
#18601=DIRECTION('',(0.,0.,-1.));
#18602=DIRECTION('',(0.,1.,0.));
#18603=DIRECTION('',(0.,0.,-1.));
#18604=DIRECTION('',(0.,-1.,0.));
#18605=DIRECTION('',(1.,0.,0.));
#18606=DIRECTION('',(0.,0.,-1.));
#18607=DIRECTION('',(0.,-1.,0.));
#18608=DIRECTION('',(-1.,0.,0.));
#18609=DIRECTION('',(0.,0.,1.));
#18610=DIRECTION('',(0.,-1.,0.));
#18611=DIRECTION('',(-1.,0.,0.));
#18612=DIRECTION('',(0.,0.,1.));
#18613=DIRECTION('',(0.,1.,0.));
#18614=DIRECTION('',(0.,0.,-1.));
#18615=DIRECTION('',(0.,-1.,0.));
#18616=DIRECTION('',(-1.,0.,0.));
#18617=DIRECTION('',(0.,0.,1.));
#18618=DIRECTION('',(1.,0.,0.));
#18619=DIRECTION('',(0.,0.,-1.));
#18620=DIRECTION('',(1.,0.,0.));
#18621=DIRECTION('',(0.,0.,-1.));
#18622=DIRECTION('',(0.,1.,0.));
#18623=DIRECTION('',(0.,0.,-1.));
#18624=DIRECTION('',(0.,-1.,0.));
#18625=DIRECTION('',(1.,0.,0.));
#18626=DIRECTION('',(0.,0.,-1.));
#18627=DIRECTION('',(0.,-1.,0.));
#18628=DIRECTION('',(-1.,0.,0.));
#18629=DIRECTION('',(0.,0.,1.));
#18630=DIRECTION('',(0.,-1.,0.));
#18631=DIRECTION('',(-1.,0.,0.));
#18632=DIRECTION('',(0.,0.,1.));
#18633=DIRECTION('',(0.,1.,0.));
#18634=DIRECTION('',(0.,0.,-1.));
#18635=DIRECTION('',(0.,-1.,0.));
#18636=DIRECTION('',(-1.,0.,0.));
#18637=DIRECTION('',(0.,0.,1.));
#18638=DIRECTION('',(1.,0.,0.));
#18639=DIRECTION('',(0.,0.,-1.));
#18640=DIRECTION('',(1.,0.,0.));
#18641=DIRECTION('',(0.,0.,-1.));
#18642=DIRECTION('',(0.,1.,0.));
#18643=DIRECTION('',(0.,0.,-1.));
#18644=DIRECTION('',(0.,-1.,0.));
#18645=DIRECTION('',(1.,0.,0.));
#18646=DIRECTION('',(0.,0.,-1.));
#18647=DIRECTION('',(0.,-1.,0.));
#18648=DIRECTION('',(1.,0.,0.));
#18649=DIRECTION('',(0.,0.,-1.));
#18650=DIRECTION('',(0.,-1.,0.));
#18651=DIRECTION('',(1.,0.,0.));
#18652=DIRECTION('',(0.,0.,-1.));
#18653=DIRECTION('',(0.,1.,0.));
#18654=DIRECTION('',(0.,0.,-1.));
#18655=DIRECTION('',(0.,-1.,0.));
#18656=DIRECTION('',(1.,0.,0.));
#18657=DIRECTION('',(0.,0.,-1.));
#18658=DIRECTION('',(-1.,0.,0.));
#18659=DIRECTION('',(0.,0.,1.));
#18660=DIRECTION('',(0.,-1.,0.));
#18661=DIRECTION('',(-1.,0.,0.));
#18662=DIRECTION('',(0.,0.,1.));
#18663=DIRECTION('',(0.,1.,0.));
#18664=DIRECTION('',(0.,0.,-1.));
#18665=DIRECTION('',(0.,-1.,0.));
#18666=DIRECTION('',(-1.,0.,0.));
#18667=DIRECTION('',(0.,0.,1.));
#18668=DIRECTION('',(-1.,0.,0.));
#18669=DIRECTION('',(0.,0.,1.));
#18670=DIRECTION('',(0.,-1.,0.));
#18671=DIRECTION('',(-1.,0.,0.));
#18672=DIRECTION('',(0.,0.,1.));
#18673=DIRECTION('',(0.,1.,0.));
#18674=DIRECTION('',(0.,0.,-1.));
#18675=DIRECTION('',(0.,-1.,0.));
#18676=DIRECTION('',(-1.,0.,0.));
#18677=DIRECTION('',(0.,0.,1.));
#18678=DIRECTION('',(1.,0.,0.));
#18679=DIRECTION('',(0.,0.,-1.));
#18680=DIRECTION('',(1.,0.,0.));
#18681=DIRECTION('',(0.,0.,-1.));
#18682=DIRECTION('',(0.,1.,0.));
#18683=DIRECTION('',(0.,0.,-1.));
#18684=DIRECTION('',(0.,-1.,0.));
#18685=DIRECTION('',(1.,0.,0.));
#18686=DIRECTION('',(0.,0.,-1.));
#18687=DIRECTION('',(0.,-1.,0.));
#18688=DIRECTION('',(-1.,0.,0.));
#18689=DIRECTION('',(0.,0.,1.));
#18690=DIRECTION('',(0.,-1.,0.));
#18691=DIRECTION('',(-1.,0.,0.));
#18692=DIRECTION('',(0.,0.,1.));
#18693=DIRECTION('',(0.,1.,0.));
#18694=DIRECTION('',(0.,0.,-1.));
#18695=DIRECTION('',(0.,-1.,0.));
#18696=DIRECTION('',(-1.,0.,0.));
#18697=DIRECTION('',(0.,0.,1.));
#18698=DIRECTION('',(1.,0.,0.));
#18699=DIRECTION('',(0.,0.,-1.));
#18700=DIRECTION('',(1.,0.,0.));
#18701=DIRECTION('',(0.,0.,-1.));
#18702=DIRECTION('',(0.,1.,0.));
#18703=DIRECTION('',(0.,0.,-1.));
#18704=DIRECTION('',(0.,-1.,0.));
#18705=DIRECTION('',(1.,0.,0.));
#18706=DIRECTION('',(0.,0.,-1.));
#18707=DIRECTION('',(0.,-1.,0.));
#18708=DIRECTION('',(-1.,0.,0.));
#18709=DIRECTION('',(0.,0.,1.));
#18710=DIRECTION('',(0.,-1.,0.));
#18711=DIRECTION('',(-1.,0.,0.));
#18712=DIRECTION('',(0.,0.,1.));
#18713=DIRECTION('',(0.,1.,0.));
#18714=DIRECTION('',(0.,0.,-1.));
#18715=DIRECTION('',(0.,-1.,0.));
#18716=DIRECTION('',(-1.,0.,0.));
#18717=DIRECTION('',(0.,0.,1.));
#18718=DIRECTION('',(1.,0.,0.));
#18719=DIRECTION('',(0.,0.,-1.));
#18720=DIRECTION('',(1.,0.,0.));
#18721=DIRECTION('',(0.,0.,-1.));
#18722=DIRECTION('',(0.,1.,0.));
#18723=DIRECTION('',(0.,0.,-1.));
#18724=DIRECTION('',(0.,-1.,0.));
#18725=DIRECTION('',(1.,0.,0.));
#18726=DIRECTION('',(0.,0.,-1.));
#18727=DIRECTION('',(0.,-1.,0.));
#18728=DIRECTION('',(-1.,0.,0.));
#18729=DIRECTION('',(0.,0.,1.));
#18730=DIRECTION('',(0.,-1.,0.));
#18731=DIRECTION('',(-1.,0.,0.));
#18732=DIRECTION('',(0.,0.,1.));
#18733=DIRECTION('',(0.,1.,0.));
#18734=DIRECTION('',(0.,0.,-1.));
#18735=DIRECTION('',(0.,-1.,0.));
#18736=DIRECTION('',(-1.,0.,0.));
#18737=DIRECTION('',(0.,0.,1.));
#18738=DIRECTION('',(1.,0.,0.));
#18739=DIRECTION('',(0.,0.,-1.));
#18740=DIRECTION('',(1.,0.,0.));
#18741=DIRECTION('',(0.,0.,-1.));
#18742=DIRECTION('',(0.,1.,0.));
#18743=DIRECTION('',(0.,0.,-1.));
#18744=DIRECTION('',(0.,-1.,0.));
#18745=DIRECTION('',(1.,0.,0.));
#18746=DIRECTION('',(0.,0.,-1.));
#18747=DIRECTION('',(0.,-1.,0.));
#18748=DIRECTION('',(-1.,0.,0.));
#18749=DIRECTION('',(0.,0.,1.));
#18750=DIRECTION('',(0.,-1.,0.));
#18751=DIRECTION('',(-1.,0.,0.));
#18752=DIRECTION('',(0.,0.,1.));
#18753=DIRECTION('',(0.,1.,0.));
#18754=DIRECTION('',(0.,0.,-1.));
#18755=DIRECTION('',(0.,-1.,0.));
#18756=DIRECTION('',(-1.,0.,0.));
#18757=DIRECTION('',(0.,0.,1.));
#18758=DIRECTION('',(1.,0.,0.));
#18759=DIRECTION('',(0.,0.,-1.));
#18760=DIRECTION('',(1.,0.,0.));
#18761=DIRECTION('',(0.,0.,-1.));
#18762=DIRECTION('',(0.,1.,0.));
#18763=DIRECTION('',(0.,0.,-1.));
#18764=DIRECTION('',(0.,-1.,0.));
#18765=DIRECTION('',(1.,0.,0.));
#18766=DIRECTION('',(0.,0.,-1.));
#18767=DIRECTION('',(0.,-1.,0.));
#18768=DIRECTION('',(-1.,0.,0.));
#18769=DIRECTION('',(0.,0.,1.));
#18770=DIRECTION('',(0.,-1.,0.));
#18771=DIRECTION('',(-1.,0.,0.));
#18772=DIRECTION('',(0.,0.,1.));
#18773=DIRECTION('',(0.,1.,0.));
#18774=DIRECTION('',(0.,0.,-1.));
#18775=DIRECTION('',(0.,-1.,0.));
#18776=DIRECTION('',(-1.,0.,0.));
#18777=DIRECTION('',(0.,0.,1.));
#18778=DIRECTION('',(1.,0.,0.));
#18779=DIRECTION('',(0.,0.,-1.));
#18780=DIRECTION('',(1.,0.,0.));
#18781=DIRECTION('',(0.,0.,-1.));
#18782=DIRECTION('',(0.,1.,0.));
#18783=DIRECTION('',(0.,0.,-1.));
#18784=DIRECTION('',(0.,-1.,0.));
#18785=DIRECTION('',(1.,0.,0.));
#18786=DIRECTION('',(0.,0.,-1.));
#18787=DIRECTION('',(0.,-1.,0.));
#18788=DIRECTION('',(-1.,0.,0.));
#18789=DIRECTION('',(0.,0.,1.));
#18790=DIRECTION('',(0.,-1.,0.));
#18791=DIRECTION('',(-1.,0.,0.));
#18792=DIRECTION('',(0.,0.,1.));
#18793=DIRECTION('',(0.,1.,0.));
#18794=DIRECTION('',(0.,0.,-1.));
#18795=DIRECTION('',(0.,-1.,0.));
#18796=DIRECTION('',(-1.,0.,0.));
#18797=DIRECTION('',(0.,0.,1.));
#18798=DIRECTION('',(1.,0.,0.));
#18799=DIRECTION('',(0.,0.,-1.));
#18800=DIRECTION('',(1.,0.,0.));
#18801=DIRECTION('',(0.,0.,-1.));
#18802=DIRECTION('',(0.,1.,0.));
#18803=DIRECTION('',(0.,0.,-1.));
#18804=DIRECTION('',(0.,-1.,0.));
#18805=DIRECTION('',(1.,0.,0.));
#18806=DIRECTION('',(0.,0.,-1.));
#18807=DIRECTION('',(0.,-1.,0.));
#18808=DIRECTION('',(-1.,0.,0.));
#18809=DIRECTION('',(0.,0.,1.));
#18810=DIRECTION('',(0.,-1.,0.));
#18811=DIRECTION('',(-1.,0.,0.));
#18812=DIRECTION('',(0.,0.,1.));
#18813=DIRECTION('',(0.,1.,0.));
#18814=DIRECTION('',(0.,0.,-1.));
#18815=DIRECTION('',(0.,-1.,0.));
#18816=DIRECTION('',(-1.,0.,0.));
#18817=DIRECTION('',(0.,0.,1.));
#18818=DIRECTION('',(1.,0.,0.));
#18819=DIRECTION('',(0.,0.,-1.));
#18820=DIRECTION('',(1.,0.,0.));
#18821=DIRECTION('',(0.,0.,-1.));
#18822=DIRECTION('',(0.,1.,0.));
#18823=DIRECTION('',(0.,0.,-1.));
#18824=DIRECTION('',(0.,-1.,0.));
#18825=DIRECTION('',(1.,0.,0.));
#18826=DIRECTION('',(0.,0.,-1.));
#18827=DIRECTION('',(0.,-1.,0.));
#18828=DIRECTION('',(-1.,0.,0.));
#18829=DIRECTION('',(0.,0.,1.));
#18830=DIRECTION('',(0.,-1.,0.));
#18831=DIRECTION('',(-1.,0.,0.));
#18832=DIRECTION('',(0.,0.,1.));
#18833=DIRECTION('',(0.,1.,0.));
#18834=DIRECTION('',(0.,0.,-1.));
#18835=DIRECTION('',(0.,-1.,0.));
#18836=DIRECTION('',(-1.,0.,0.));
#18837=DIRECTION('',(0.,0.,1.));
#18838=DIRECTION('',(1.,0.,0.));
#18839=DIRECTION('',(0.,0.,-1.));
#18840=DIRECTION('',(1.,0.,0.));
#18841=DIRECTION('',(0.,0.,-1.));
#18842=DIRECTION('',(0.,1.,0.));
#18843=DIRECTION('',(0.,0.,-1.));
#18844=DIRECTION('',(0.,-1.,0.));
#18845=DIRECTION('',(1.,0.,0.));
#18846=DIRECTION('',(0.,0.,-1.));
#18847=DIRECTION('',(0.,-1.,0.));
#18848=DIRECTION('',(-1.,0.,0.));
#18849=DIRECTION('',(0.,0.,1.));
#18850=DIRECTION('',(0.,-1.,0.));
#18851=DIRECTION('',(-1.,0.,0.));
#18852=DIRECTION('',(0.,0.,1.));
#18853=DIRECTION('',(0.,1.,0.));
#18854=DIRECTION('',(0.,0.,-1.));
#18855=DIRECTION('',(0.,-1.,0.));
#18856=DIRECTION('',(-1.,0.,0.));
#18857=DIRECTION('',(0.,0.,1.));
#18858=DIRECTION('',(1.,0.,0.));
#18859=DIRECTION('',(0.,0.,-1.));
#18860=DIRECTION('',(1.,0.,0.));
#18861=DIRECTION('',(0.,0.,-1.));
#18862=DIRECTION('',(0.,1.,0.));
#18863=DIRECTION('',(0.,0.,-1.));
#18864=DIRECTION('',(0.,-1.,0.));
#18865=DIRECTION('',(1.,0.,0.));
#18866=DIRECTION('',(0.,0.,-1.));
#18867=DIRECTION('',(0.,-1.,0.));
#18868=DIRECTION('',(-1.,0.,0.));
#18869=DIRECTION('',(0.,0.,1.));
#18870=DIRECTION('',(0.,-1.,0.));
#18871=DIRECTION('',(-1.,0.,0.));
#18872=DIRECTION('',(0.,0.,1.));
#18873=DIRECTION('',(0.,1.,0.));
#18874=DIRECTION('',(0.,0.,-1.));
#18875=DIRECTION('',(0.,-1.,0.));
#18876=DIRECTION('',(-1.,0.,0.));
#18877=DIRECTION('',(0.,0.,1.));
#18878=DIRECTION('',(1.,0.,0.));
#18879=DIRECTION('',(0.,0.,-1.));
#18880=DIRECTION('',(1.,0.,0.));
#18881=DIRECTION('',(0.,0.,-1.));
#18882=DIRECTION('',(0.,1.,0.));
#18883=DIRECTION('',(0.,0.,-1.));
#18884=DIRECTION('',(0.,-1.,0.));
#18885=DIRECTION('',(1.,0.,0.));
#18886=DIRECTION('',(0.,0.,-1.));
#18887=DIRECTION('',(0.,-1.,0.));
#18888=DIRECTION('',(-1.,0.,0.));
#18889=DIRECTION('',(0.,0.,1.));
#18890=DIRECTION('',(0.,-1.,0.));
#18891=DIRECTION('',(-1.,0.,0.));
#18892=DIRECTION('',(0.,0.,1.));
#18893=DIRECTION('',(0.,1.,0.));
#18894=DIRECTION('',(0.,0.,-1.));
#18895=DIRECTION('',(0.,-1.,0.));
#18896=DIRECTION('',(-1.,0.,0.));
#18897=DIRECTION('',(0.,0.,1.));
#18898=DIRECTION('',(1.,0.,0.));
#18899=DIRECTION('',(0.,0.,-1.));
#18900=DIRECTION('',(1.,0.,0.));
#18901=DIRECTION('',(0.,0.,-1.));
#18902=DIRECTION('',(0.,1.,0.));
#18903=DIRECTION('',(0.,0.,-1.));
#18904=DIRECTION('',(0.,-1.,0.));
#18905=DIRECTION('',(1.,0.,0.));
#18906=DIRECTION('',(0.,0.,-1.));
#18907=DIRECTION('',(0.,-1.,0.));
#18908=DIRECTION('',(-1.,0.,0.));
#18909=DIRECTION('',(0.,0.,1.));
#18910=DIRECTION('',(0.,-1.,0.));
#18911=DIRECTION('',(-1.,0.,0.));
#18912=DIRECTION('',(0.,0.,1.));
#18913=DIRECTION('',(0.,1.,0.));
#18914=DIRECTION('',(0.,0.,-1.));
#18915=DIRECTION('',(0.,-1.,0.));
#18916=DIRECTION('',(-1.,0.,0.));
#18917=DIRECTION('',(0.,0.,1.));
#18918=DIRECTION('',(1.,0.,0.));
#18919=DIRECTION('',(0.,0.,-1.));
#18920=DIRECTION('',(1.,0.,0.));
#18921=DIRECTION('',(0.,0.,-1.));
#18922=DIRECTION('',(0.,1.,0.));
#18923=DIRECTION('',(0.,0.,-1.));
#18924=DIRECTION('',(0.,-1.,0.));
#18925=DIRECTION('',(1.,0.,0.));
#18926=DIRECTION('',(0.,0.,-1.));
#18927=DIRECTION('',(0.,-1.,0.));
#18928=DIRECTION('',(-1.,0.,0.));
#18929=DIRECTION('',(0.,0.,1.));
#18930=DIRECTION('',(0.,-1.,0.));
#18931=DIRECTION('',(-1.,0.,0.));
#18932=DIRECTION('',(0.,0.,1.));
#18933=DIRECTION('',(0.,1.,0.));
#18934=DIRECTION('',(0.,0.,-1.));
#18935=DIRECTION('',(0.,-1.,0.));
#18936=DIRECTION('',(-1.,0.,0.));
#18937=DIRECTION('',(0.,0.,1.));
#18938=DIRECTION('',(1.,0.,0.));
#18939=DIRECTION('',(0.,0.,-1.));
#18940=DIRECTION('',(1.,0.,0.));
#18941=DIRECTION('',(0.,0.,-1.));
#18942=DIRECTION('',(0.,1.,0.));
#18943=DIRECTION('',(0.,0.,-1.));
#18944=DIRECTION('',(0.,-1.,0.));
#18945=DIRECTION('',(1.,0.,0.));
#18946=DIRECTION('',(0.,0.,-1.));
#18947=DIRECTION('',(0.,-1.,0.));
#18948=DIRECTION('',(1.,0.,0.));
#18949=DIRECTION('',(0.,0.,-1.));
#18950=DIRECTION('',(0.,-1.,0.));
#18951=DIRECTION('',(1.,0.,0.));
#18952=DIRECTION('',(0.,0.,-1.));
#18953=DIRECTION('',(0.,1.,0.));
#18954=DIRECTION('',(0.,0.,-1.));
#18955=DIRECTION('',(0.,-1.,0.));
#18956=DIRECTION('',(1.,0.,0.));
#18957=DIRECTION('',(0.,0.,-1.));
#18958=DIRECTION('',(1.,0.,0.));
#18959=DIRECTION('',(0.,0.,-1.));
#18960=DIRECTION('',(0.,0.,1.));
#18961=DIRECTION('',(0.,-1.,0.));
#18962=DIRECTION('',(0.,0.,1.));
#18963=DIRECTION('',(0.,-1.,0.));
#18964=DIRECTION('',(-1.,0.,0.));
#18965=DIRECTION('',(0.,0.,1.));
#18966=DIRECTION('',(0.,0.,-1.));
#18967=DIRECTION('',(0.,-1.,0.));
#18968=DIRECTION('',(0.,0.,-1.));
#18969=DIRECTION('',(0.,-1.,0.));
#18970=DIRECTION('',(0.,0.,1.));
#18971=DIRECTION('',(1.,0.,0.));
#18972=DIRECTION('',(-1.,0.,0.));
#18973=DIRECTION('',(1.,0.,0.));
#18974=DIRECTION('',(0.,0.,1.));
#18975=DIRECTION('',(1.,0.,0.));
#18976=DIRECTION('',(-1.,0.,0.));
#18977=DIRECTION('',(1.,0.,0.));
#18978=DIRECTION('',(0.,0.,1.));
#18979=DIRECTION('',(1.,0.,0.));
#18980=DIRECTION('',(-1.,0.,0.));
#18981=DIRECTION('',(1.,0.,0.));
#18982=DIRECTION('',(0.,0.,1.));
#18983=DIRECTION('',(1.,0.,0.));
#18984=DIRECTION('',(-1.,0.,0.));
#18985=DIRECTION('',(1.,0.,0.));
#18986=DIRECTION('',(0.,0.,1.));
#18987=DIRECTION('',(1.,0.,0.));
#18988=DIRECTION('',(-1.,0.,0.));
#18989=DIRECTION('',(1.,0.,0.));
#18990=DIRECTION('',(0.,0.,1.));
#18991=DIRECTION('',(1.,0.,0.));
#18992=DIRECTION('',(-1.,0.,0.));
#18993=DIRECTION('',(1.,0.,0.));
#18994=DIRECTION('',(0.,0.,1.));
#18995=DIRECTION('',(1.,0.,0.));
#18996=DIRECTION('',(-1.,0.,0.));
#18997=DIRECTION('',(1.,0.,0.));
#18998=DIRECTION('',(0.,0.,1.));
#18999=DIRECTION('',(1.,0.,0.));
#19000=DIRECTION('',(-1.,0.,0.));
#19001=DIRECTION('',(1.,0.,0.));
#19002=DIRECTION('',(0.,0.,1.));
#19003=DIRECTION('',(1.,0.,0.));
#19004=DIRECTION('',(-1.,0.,0.));
#19005=DIRECTION('',(1.,0.,0.));
#19006=DIRECTION('',(0.,0.,1.));
#19007=DIRECTION('',(1.,0.,0.));
#19008=DIRECTION('',(-1.,0.,0.));
#19009=DIRECTION('',(1.,0.,0.));
#19010=DIRECTION('',(0.,0.,1.));
#19011=DIRECTION('',(1.,0.,0.));
#19012=DIRECTION('',(-1.,0.,0.));
#19013=DIRECTION('',(1.,0.,0.));
#19014=DIRECTION('',(0.,0.,1.));
#19015=DIRECTION('',(1.,0.,0.));
#19016=DIRECTION('',(-1.,0.,0.));
#19017=DIRECTION('',(1.,0.,0.));
#19018=DIRECTION('',(0.,0.,1.));
#19019=DIRECTION('',(1.,0.,0.));
#19020=DIRECTION('',(-1.,0.,0.));
#19021=DIRECTION('',(1.,0.,0.));
#19022=DIRECTION('',(0.,0.,1.));
#19023=DIRECTION('',(1.,0.,0.));
#19024=DIRECTION('',(-1.,0.,0.));
#19025=DIRECTION('',(1.,0.,0.));
#19026=DIRECTION('',(0.,0.,1.));
#19027=DIRECTION('',(1.,0.,0.));
#19028=DIRECTION('',(-1.,0.,0.));
#19029=DIRECTION('',(1.,0.,0.));
#19030=DIRECTION('',(0.,0.,-1.));
#19031=DIRECTION('',(-1.,0.,0.));
#19032=DIRECTION('',(-1.,0.,0.));
#19033=DIRECTION('',(-1.,0.,0.));
#19034=DIRECTION('',(0.,0.,-1.));
#19035=DIRECTION('',(-1.,0.,0.));
#19036=DIRECTION('',(-1.,0.,0.));
#19037=DIRECTION('',(-1.,0.,0.));
#19038=DIRECTION('',(0.,0.,-1.));
#19039=DIRECTION('',(-1.,0.,0.));
#19040=DIRECTION('',(-1.,0.,0.));
#19041=DIRECTION('',(-1.,0.,0.));
#19042=DIRECTION('',(0.,0.,-1.));
#19043=DIRECTION('',(-1.,0.,0.));
#19044=DIRECTION('',(-1.,0.,0.));
#19045=DIRECTION('',(-1.,0.,0.));
#19046=DIRECTION('',(0.,0.,-1.));
#19047=DIRECTION('',(-1.,0.,0.));
#19048=DIRECTION('',(-1.,0.,0.));
#19049=DIRECTION('',(-1.,0.,0.));
#19050=DIRECTION('',(0.,0.,-1.));
#19051=DIRECTION('',(-1.,0.,0.));
#19052=DIRECTION('',(-1.,0.,0.));
#19053=DIRECTION('',(-1.,0.,0.));
#19054=DIRECTION('',(0.,0.,-1.));
#19055=DIRECTION('',(-1.,0.,0.));
#19056=DIRECTION('',(-1.,0.,0.));
#19057=DIRECTION('',(-1.,0.,0.));
#19058=DIRECTION('',(0.,0.,-1.));
#19059=DIRECTION('',(-1.,0.,0.));
#19060=DIRECTION('',(-1.,0.,0.));
#19061=DIRECTION('',(-1.,0.,0.));
#19062=DIRECTION('',(0.,0.,-1.));
#19063=DIRECTION('',(-1.,0.,0.));
#19064=DIRECTION('',(-1.,0.,0.));
#19065=DIRECTION('',(-1.,0.,0.));
#19066=DIRECTION('',(0.,0.,-1.));
#19067=DIRECTION('',(-1.,0.,0.));
#19068=DIRECTION('',(-1.,0.,0.));
#19069=DIRECTION('',(-1.,0.,0.));
#19070=DIRECTION('',(0.,0.,-1.));
#19071=DIRECTION('',(-1.,0.,0.));
#19072=DIRECTION('',(-1.,0.,0.));
#19073=DIRECTION('',(-1.,0.,0.));
#19074=DIRECTION('',(0.,0.,-1.));
#19075=DIRECTION('',(-1.,0.,0.));
#19076=DIRECTION('',(-1.,0.,0.));
#19077=DIRECTION('',(-1.,0.,0.));
#19078=DIRECTION('',(0.,0.,-1.));
#19079=DIRECTION('',(-1.,0.,0.));
#19080=DIRECTION('',(-1.,0.,0.));
#19081=DIRECTION('',(-1.,0.,0.));
#19082=DIRECTION('',(0.,0.,-1.));
#19083=DIRECTION('',(-1.,0.,0.));
#19084=DIRECTION('',(-1.,0.,0.));
#19085=DIRECTION('',(-1.,0.,0.));
#19086=DIRECTION('',(0.,0.,-1.));
#19087=DIRECTION('',(-1.,0.,0.));
#19088=DIRECTION('',(-1.,0.,0.));
#19089=DIRECTION('',(-1.,0.,0.));
#19090=DIRECTION('',(-1.,0.,0.));
#19091=DIRECTION('',(0.,0.,1.));
#19092=DIRECTION('',(-1.,0.,0.));
#19093=DIRECTION('',(0.,0.,1.));
#19094=DIRECTION('',(-1.,0.,0.));
#19095=DIRECTION('',(0.,0.,1.));
#19096=DIRECTION('',(-1.,0.,0.));
#19097=DIRECTION('',(0.,0.,1.));
#19098=DIRECTION('',(-1.,0.,0.));
#19099=DIRECTION('',(0.,0.,1.));
#19100=DIRECTION('',(-1.,0.,0.));
#19101=DIRECTION('',(0.,0.,1.));
#19102=DIRECTION('',(-1.,0.,0.));
#19103=DIRECTION('',(0.,0.,1.));
#19104=DIRECTION('',(-1.,0.,0.));
#19105=DIRECTION('',(0.,0.,1.));
#19106=DIRECTION('',(-1.,0.,0.));
#19107=DIRECTION('',(0.,0.,1.));
#19108=DIRECTION('',(-1.,0.,0.));
#19109=DIRECTION('',(0.,0.,1.));
#19110=DIRECTION('',(-1.,0.,0.));
#19111=DIRECTION('',(0.,0.,1.));
#19112=DIRECTION('',(-1.,0.,0.));
#19113=DIRECTION('',(0.,0.,1.));
#19114=DIRECTION('',(-1.,0.,0.));
#19115=DIRECTION('',(0.,0.,1.));
#19116=DIRECTION('',(-1.,0.,0.));
#19117=DIRECTION('',(0.,0.,1.));
#19118=DIRECTION('',(-1.,0.,0.));
#19119=DIRECTION('',(0.,0.,1.));
#19120=DIRECTION('',(-1.,0.,0.));
#19121=DIRECTION('',(0.,0.,1.));
#19122=DIRECTION('',(-1.,0.,0.));
#19123=DIRECTION('',(0.,0.,1.));
#19124=DIRECTION('',(-1.,0.,0.));
#19125=DIRECTION('',(0.,0.,1.));
#19126=DIRECTION('',(-1.,0.,0.));
#19127=DIRECTION('',(0.,0.,1.));
#19128=DIRECTION('',(-1.,0.,0.));
#19129=DIRECTION('',(0.,0.,1.));
#19130=DIRECTION('',(-1.,0.,0.));
#19131=DIRECTION('',(0.,0.,1.));
#19132=DIRECTION('',(-1.,0.,0.));
#19133=DIRECTION('',(0.,0.,1.));
#19134=DIRECTION('',(-1.,0.,0.));
#19135=DIRECTION('',(0.,0.,1.));
#19136=DIRECTION('',(-1.,0.,0.));
#19137=DIRECTION('',(0.,0.,1.));
#19138=DIRECTION('',(-1.,0.,0.));
#19139=DIRECTION('',(0.,0.,1.));
#19140=DIRECTION('',(-1.,0.,0.));
#19141=DIRECTION('',(0.,0.,1.));
#19142=DIRECTION('',(-1.,0.,0.));
#19143=DIRECTION('',(0.,0.,1.));
#19144=DIRECTION('',(-1.,0.,0.));
#19145=DIRECTION('',(0.,0.,1.));
#19146=DIRECTION('',(-1.,0.,0.));
#19147=DIRECTION('',(0.,0.,1.));
#19148=DIRECTION('',(-1.,0.,0.));
#19149=DIRECTION('',(0.,0.,1.));
#19150=DIRECTION('',(0.,0.,1.));
#19151=DIRECTION('',(1.,0.,0.));
#19152=DIRECTION('',(-1.,0.,0.));
#19153=DIRECTION('',(1.,0.,0.));
#19154=DIRECTION('',(0.,0.,1.));
#19155=DIRECTION('',(1.,0.,0.));
#19156=DIRECTION('',(-1.,0.,0.));
#19157=DIRECTION('',(1.,0.,0.));
#19158=DIRECTION('',(0.,0.,1.));
#19159=DIRECTION('',(1.,0.,0.));
#19160=DIRECTION('',(-1.,0.,0.));
#19161=DIRECTION('',(1.,0.,0.));
#19162=DIRECTION('',(0.,0.,1.));
#19163=DIRECTION('',(1.,0.,0.));
#19164=DIRECTION('',(-1.,0.,0.));
#19165=DIRECTION('',(1.,0.,0.));
#19166=DIRECTION('',(0.,0.,1.));
#19167=DIRECTION('',(1.,0.,0.));
#19168=DIRECTION('',(-1.,0.,0.));
#19169=DIRECTION('',(1.,0.,0.));
#19170=DIRECTION('',(0.,0.,1.));
#19171=DIRECTION('',(1.,0.,0.));
#19172=DIRECTION('',(-1.,0.,0.));
#19173=DIRECTION('',(1.,0.,0.));
#19174=DIRECTION('',(0.,0.,1.));
#19175=DIRECTION('',(1.,0.,0.));
#19176=DIRECTION('',(-1.,0.,0.));
#19177=DIRECTION('',(1.,0.,0.));
#19178=DIRECTION('',(0.,0.,1.));
#19179=DIRECTION('',(1.,0.,0.));
#19180=DIRECTION('',(-1.,0.,0.));
#19181=DIRECTION('',(1.,0.,0.));
#19182=DIRECTION('',(0.,0.,1.));
#19183=DIRECTION('',(1.,0.,0.));
#19184=DIRECTION('',(-1.,0.,0.));
#19185=DIRECTION('',(1.,0.,0.));
#19186=DIRECTION('',(0.,0.,1.));
#19187=DIRECTION('',(1.,0.,0.));
#19188=DIRECTION('',(-1.,0.,0.));
#19189=DIRECTION('',(1.,0.,0.));
#19190=DIRECTION('',(0.,0.,1.));
#19191=DIRECTION('',(1.,0.,0.));
#19192=DIRECTION('',(-1.,0.,0.));
#19193=DIRECTION('',(1.,0.,0.));
#19194=DIRECTION('',(0.,0.,1.));
#19195=DIRECTION('',(1.,0.,0.));
#19196=DIRECTION('',(-1.,0.,0.));
#19197=DIRECTION('',(1.,0.,0.));
#19198=DIRECTION('',(0.,0.,1.));
#19199=DIRECTION('',(1.,0.,0.));
#19200=DIRECTION('',(-1.,0.,0.));
#19201=DIRECTION('',(1.,0.,0.));
#19202=DIRECTION('',(0.,0.,1.));
#19203=DIRECTION('',(1.,0.,0.));
#19204=DIRECTION('',(-1.,0.,0.));
#19205=DIRECTION('',(1.,0.,0.));
#19206=DIRECTION('',(0.,0.,1.));
#19207=DIRECTION('',(1.,0.,0.));
#19208=DIRECTION('',(-1.,0.,0.));
#19209=DIRECTION('',(1.,0.,0.));
#19210=DIRECTION('',(0.,0.,-1.));
#19211=DIRECTION('',(-1.,0.,0.));
#19212=DIRECTION('',(-1.,0.,0.));
#19213=DIRECTION('',(-1.,0.,0.));
#19214=DIRECTION('',(0.,0.,-1.));
#19215=DIRECTION('',(-1.,0.,0.));
#19216=DIRECTION('',(-1.,0.,0.));
#19217=DIRECTION('',(-1.,0.,0.));
#19218=DIRECTION('',(0.,0.,-1.));
#19219=DIRECTION('',(-1.,0.,0.));
#19220=DIRECTION('',(-1.,0.,0.));
#19221=DIRECTION('',(-1.,0.,0.));
#19222=DIRECTION('',(0.,0.,-1.));
#19223=DIRECTION('',(-1.,0.,0.));
#19224=DIRECTION('',(-1.,0.,0.));
#19225=DIRECTION('',(-1.,0.,0.));
#19226=DIRECTION('',(0.,0.,-1.));
#19227=DIRECTION('',(-1.,0.,0.));
#19228=DIRECTION('',(-1.,0.,0.));
#19229=DIRECTION('',(-1.,0.,0.));
#19230=DIRECTION('',(0.,0.,-1.));
#19231=DIRECTION('',(-1.,0.,0.));
#19232=DIRECTION('',(-1.,0.,0.));
#19233=DIRECTION('',(-1.,0.,0.));
#19234=DIRECTION('',(0.,0.,-1.));
#19235=DIRECTION('',(-1.,0.,0.));
#19236=DIRECTION('',(-1.,0.,0.));
#19237=DIRECTION('',(-1.,0.,0.));
#19238=DIRECTION('',(0.,0.,-1.));
#19239=DIRECTION('',(-1.,0.,0.));
#19240=DIRECTION('',(-1.,0.,0.));
#19241=DIRECTION('',(-1.,0.,0.));
#19242=DIRECTION('',(0.,0.,-1.));
#19243=DIRECTION('',(-1.,0.,0.));
#19244=DIRECTION('',(-1.,0.,0.));
#19245=DIRECTION('',(-1.,0.,0.));
#19246=DIRECTION('',(0.,0.,-1.));
#19247=DIRECTION('',(-1.,0.,0.));
#19248=DIRECTION('',(-1.,0.,0.));
#19249=DIRECTION('',(-1.,0.,0.));
#19250=DIRECTION('',(0.,0.,-1.));
#19251=DIRECTION('',(-1.,0.,0.));
#19252=DIRECTION('',(-1.,0.,0.));
#19253=DIRECTION('',(-1.,0.,0.));
#19254=DIRECTION('',(0.,0.,-1.));
#19255=DIRECTION('',(-1.,0.,0.));
#19256=DIRECTION('',(-1.,0.,0.));
#19257=DIRECTION('',(-1.,0.,0.));
#19258=DIRECTION('',(0.,0.,-1.));
#19259=DIRECTION('',(-1.,0.,0.));
#19260=DIRECTION('',(-1.,0.,0.));
#19261=DIRECTION('',(-1.,0.,0.));
#19262=DIRECTION('',(0.,0.,-1.));
#19263=DIRECTION('',(-1.,0.,0.));
#19264=DIRECTION('',(-1.,0.,0.));
#19265=DIRECTION('',(-1.,0.,0.));
#19266=DIRECTION('',(0.,0.,-1.));
#19267=DIRECTION('',(-1.,0.,0.));
#19268=DIRECTION('',(-1.,0.,0.));
#19269=DIRECTION('',(-1.,0.,0.));
#19270=DIRECTION('',(-1.,0.,0.));
#19271=DIRECTION('',(0.,0.,1.));
#19272=DIRECTION('',(-1.,0.,0.));
#19273=DIRECTION('',(0.,0.,1.));
#19274=DIRECTION('',(-1.,0.,0.));
#19275=DIRECTION('',(0.,0.,1.));
#19276=DIRECTION('',(-1.,0.,0.));
#19277=DIRECTION('',(0.,0.,1.));
#19278=DIRECTION('',(-1.,0.,0.));
#19279=DIRECTION('',(0.,0.,1.));
#19280=DIRECTION('',(-1.,0.,0.));
#19281=DIRECTION('',(0.,0.,1.));
#19282=DIRECTION('',(-1.,0.,0.));
#19283=DIRECTION('',(0.,0.,1.));
#19284=DIRECTION('',(-1.,0.,0.));
#19285=DIRECTION('',(0.,0.,1.));
#19286=DIRECTION('',(-1.,0.,0.));
#19287=DIRECTION('',(0.,0.,1.));
#19288=DIRECTION('',(-1.,0.,0.));
#19289=DIRECTION('',(0.,0.,1.));
#19290=DIRECTION('',(-1.,0.,0.));
#19291=DIRECTION('',(0.,0.,1.));
#19292=DIRECTION('',(-1.,0.,0.));
#19293=DIRECTION('',(0.,0.,1.));
#19294=DIRECTION('',(-1.,0.,0.));
#19295=DIRECTION('',(0.,0.,1.));
#19296=DIRECTION('',(-1.,0.,0.));
#19297=DIRECTION('',(0.,0.,1.));
#19298=DIRECTION('',(-1.,0.,0.));
#19299=DIRECTION('',(0.,0.,1.));
#19300=DIRECTION('',(-1.,0.,0.));
#19301=DIRECTION('',(0.,0.,1.));
#19302=DIRECTION('',(-1.,0.,0.));
#19303=DIRECTION('',(0.,0.,1.));
#19304=DIRECTION('',(-1.,0.,0.));
#19305=DIRECTION('',(0.,0.,1.));
#19306=DIRECTION('',(-1.,0.,0.));
#19307=DIRECTION('',(0.,0.,1.));
#19308=DIRECTION('',(-1.,0.,0.));
#19309=DIRECTION('',(0.,0.,1.));
#19310=DIRECTION('',(-1.,0.,0.));
#19311=DIRECTION('',(0.,0.,1.));
#19312=DIRECTION('',(-1.,0.,0.));
#19313=DIRECTION('',(0.,0.,1.));
#19314=DIRECTION('',(-1.,0.,0.));
#19315=DIRECTION('',(0.,0.,1.));
#19316=DIRECTION('',(-1.,0.,0.));
#19317=DIRECTION('',(0.,0.,1.));
#19318=DIRECTION('',(-1.,0.,0.));
#19319=DIRECTION('',(0.,0.,1.));
#19320=DIRECTION('',(-1.,0.,0.));
#19321=DIRECTION('',(0.,0.,1.));
#19322=DIRECTION('',(-1.,0.,0.));
#19323=DIRECTION('',(0.,0.,1.));
#19324=DIRECTION('',(-1.,0.,0.));
#19325=DIRECTION('',(0.,0.,1.));
#19326=DIRECTION('',(-1.,0.,0.));
#19327=DIRECTION('',(0.,0.,1.));
#19328=DIRECTION('',(-1.,0.,0.));
#19329=DIRECTION('',(0.,0.,1.));
#19330=DIRECTION('',(0.,0.,1.));
#19331=DIRECTION('',(1.,0.,0.));
#19332=DIRECTION('',(-1.,0.,0.));
#19333=DIRECTION('',(1.,0.,0.));
#19334=DIRECTION('',(0.,0.,1.));
#19335=DIRECTION('',(1.,0.,0.));
#19336=DIRECTION('',(-1.,0.,0.));
#19337=DIRECTION('',(1.,0.,0.));
#19338=DIRECTION('',(0.,0.,1.));
#19339=DIRECTION('',(1.,0.,0.));
#19340=DIRECTION('',(-1.,0.,0.));
#19341=DIRECTION('',(1.,0.,0.));
#19342=DIRECTION('',(0.,0.,1.));
#19343=DIRECTION('',(1.,0.,0.));
#19344=DIRECTION('',(-1.,0.,0.));
#19345=DIRECTION('',(1.,0.,0.));
#19346=DIRECTION('',(0.,0.,1.));
#19347=DIRECTION('',(1.,0.,0.));
#19348=DIRECTION('',(-1.,0.,0.));
#19349=DIRECTION('',(1.,0.,0.));
#19350=DIRECTION('',(0.,0.,1.));
#19351=DIRECTION('',(1.,0.,0.));
#19352=DIRECTION('',(-1.,0.,0.));
#19353=DIRECTION('',(1.,0.,0.));
#19354=DIRECTION('',(0.,0.,1.));
#19355=DIRECTION('',(1.,0.,0.));
#19356=DIRECTION('',(-1.,0.,0.));
#19357=DIRECTION('',(1.,0.,0.));
#19358=DIRECTION('',(0.,0.,1.));
#19359=DIRECTION('',(1.,0.,0.));
#19360=DIRECTION('',(-1.,0.,0.));
#19361=DIRECTION('',(1.,0.,0.));
#19362=DIRECTION('',(0.,0.,1.));
#19363=DIRECTION('',(1.,0.,0.));
#19364=DIRECTION('',(-1.,0.,0.));
#19365=DIRECTION('',(1.,0.,0.));
#19366=DIRECTION('',(0.,0.,1.));
#19367=DIRECTION('',(1.,0.,0.));
#19368=DIRECTION('',(-1.,0.,0.));
#19369=DIRECTION('',(1.,0.,0.));
#19370=DIRECTION('',(0.,0.,1.));
#19371=DIRECTION('',(1.,0.,0.));
#19372=DIRECTION('',(-1.,0.,0.));
#19373=DIRECTION('',(1.,0.,0.));
#19374=DIRECTION('',(0.,0.,1.));
#19375=DIRECTION('',(1.,0.,0.));
#19376=DIRECTION('',(-1.,0.,0.));
#19377=DIRECTION('',(1.,0.,0.));
#19378=DIRECTION('',(0.,0.,1.));
#19379=DIRECTION('',(1.,0.,0.));
#19380=DIRECTION('',(-1.,0.,0.));
#19381=DIRECTION('',(1.,0.,0.));
#19382=DIRECTION('',(0.,0.,1.));
#19383=DIRECTION('',(1.,0.,0.));
#19384=DIRECTION('',(-1.,0.,0.));
#19385=DIRECTION('',(1.,0.,0.));
#19386=DIRECTION('',(0.,0.,1.));
#19387=DIRECTION('',(1.,0.,0.));
#19388=DIRECTION('',(-1.,0.,0.));
#19389=DIRECTION('',(1.,0.,0.));
#19390=DIRECTION('',(0.,0.,-1.));
#19391=DIRECTION('',(-1.,0.,0.));
#19392=DIRECTION('',(-1.,0.,0.));
#19393=DIRECTION('',(-1.,0.,0.));
#19394=DIRECTION('',(0.,0.,-1.));
#19395=DIRECTION('',(-1.,0.,0.));
#19396=DIRECTION('',(-1.,0.,0.));
#19397=DIRECTION('',(-1.,0.,0.));
#19398=DIRECTION('',(0.,0.,-1.));
#19399=DIRECTION('',(-1.,0.,0.));
#19400=DIRECTION('',(-1.,0.,0.));
#19401=DIRECTION('',(-1.,0.,0.));
#19402=DIRECTION('',(0.,0.,-1.));
#19403=DIRECTION('',(-1.,0.,0.));
#19404=DIRECTION('',(-1.,0.,0.));
#19405=DIRECTION('',(-1.,0.,0.));
#19406=DIRECTION('',(0.,0.,-1.));
#19407=DIRECTION('',(-1.,0.,0.));
#19408=DIRECTION('',(-1.,0.,0.));
#19409=DIRECTION('',(-1.,0.,0.));
#19410=DIRECTION('',(0.,0.,-1.));
#19411=DIRECTION('',(-1.,0.,0.));
#19412=DIRECTION('',(-1.,0.,0.));
#19413=DIRECTION('',(-1.,0.,0.));
#19414=DIRECTION('',(0.,0.,-1.));
#19415=DIRECTION('',(-1.,0.,0.));
#19416=DIRECTION('',(-1.,0.,0.));
#19417=DIRECTION('',(-1.,0.,0.));
#19418=DIRECTION('',(0.,0.,-1.));
#19419=DIRECTION('',(-1.,0.,0.));
#19420=DIRECTION('',(-1.,0.,0.));
#19421=DIRECTION('',(-1.,0.,0.));
#19422=DIRECTION('',(0.,0.,-1.));
#19423=DIRECTION('',(-1.,0.,0.));
#19424=DIRECTION('',(-1.,0.,0.));
#19425=DIRECTION('',(-1.,0.,0.));
#19426=DIRECTION('',(0.,0.,-1.));
#19427=DIRECTION('',(-1.,0.,0.));
#19428=DIRECTION('',(-1.,0.,0.));
#19429=DIRECTION('',(-1.,0.,0.));
#19430=DIRECTION('',(0.,0.,-1.));
#19431=DIRECTION('',(-1.,0.,0.));
#19432=DIRECTION('',(-1.,0.,0.));
#19433=DIRECTION('',(-1.,0.,0.));
#19434=DIRECTION('',(0.,0.,-1.));
#19435=DIRECTION('',(-1.,0.,0.));
#19436=DIRECTION('',(-1.,0.,0.));
#19437=DIRECTION('',(-1.,0.,0.));
#19438=DIRECTION('',(0.,0.,-1.));
#19439=DIRECTION('',(-1.,0.,0.));
#19440=DIRECTION('',(-1.,0.,0.));
#19441=DIRECTION('',(-1.,0.,0.));
#19442=DIRECTION('',(0.,0.,-1.));
#19443=DIRECTION('',(-1.,0.,0.));
#19444=DIRECTION('',(-1.,0.,0.));
#19445=DIRECTION('',(-1.,0.,0.));
#19446=DIRECTION('',(0.,0.,-1.));
#19447=DIRECTION('',(-1.,0.,0.));
#19448=DIRECTION('',(-1.,0.,0.));
#19449=DIRECTION('',(-1.,0.,0.));
#19450=DIRECTION('',(-1.,0.,0.));
#19451=DIRECTION('',(0.,0.,1.));
#19452=DIRECTION('',(-1.,0.,0.));
#19453=DIRECTION('',(0.,0.,1.));
#19454=DIRECTION('',(-1.,0.,0.));
#19455=DIRECTION('',(0.,0.,1.));
#19456=DIRECTION('',(-1.,0.,0.));
#19457=DIRECTION('',(0.,0.,1.));
#19458=DIRECTION('',(-1.,0.,0.));
#19459=DIRECTION('',(0.,0.,1.));
#19460=DIRECTION('',(-1.,0.,0.));
#19461=DIRECTION('',(0.,0.,1.));
#19462=DIRECTION('',(-1.,0.,0.));
#19463=DIRECTION('',(0.,0.,1.));
#19464=DIRECTION('',(-1.,0.,0.));
#19465=DIRECTION('',(0.,0.,1.));
#19466=DIRECTION('',(-1.,0.,0.));
#19467=DIRECTION('',(0.,0.,1.));
#19468=DIRECTION('',(-1.,0.,0.));
#19469=DIRECTION('',(0.,0.,1.));
#19470=DIRECTION('',(-1.,0.,0.));
#19471=DIRECTION('',(0.,0.,1.));
#19472=DIRECTION('',(-1.,0.,0.));
#19473=DIRECTION('',(0.,0.,1.));
#19474=DIRECTION('',(-1.,0.,0.));
#19475=DIRECTION('',(0.,0.,1.));
#19476=DIRECTION('',(-1.,0.,0.));
#19477=DIRECTION('',(0.,0.,1.));
#19478=DIRECTION('',(-1.,0.,0.));
#19479=DIRECTION('',(0.,0.,1.));
#19480=DIRECTION('',(-1.,0.,0.));
#19481=DIRECTION('',(0.,0.,1.));
#19482=DIRECTION('',(-1.,0.,0.));
#19483=DIRECTION('',(0.,0.,1.));
#19484=DIRECTION('',(-1.,0.,0.));
#19485=DIRECTION('',(0.,0.,1.));
#19486=DIRECTION('',(-1.,0.,0.));
#19487=DIRECTION('',(0.,0.,1.));
#19488=DIRECTION('',(-1.,0.,0.));
#19489=DIRECTION('',(0.,0.,1.));
#19490=DIRECTION('',(-1.,0.,0.));
#19491=DIRECTION('',(0.,0.,1.));
#19492=DIRECTION('',(-1.,0.,0.));
#19493=DIRECTION('',(0.,0.,1.));
#19494=DIRECTION('',(-1.,0.,0.));
#19495=DIRECTION('',(0.,0.,1.));
#19496=DIRECTION('',(-1.,0.,0.));
#19497=DIRECTION('',(0.,0.,1.));
#19498=DIRECTION('',(-1.,0.,0.));
#19499=DIRECTION('',(0.,0.,1.));
#19500=DIRECTION('',(-1.,0.,0.));
#19501=DIRECTION('',(0.,0.,1.));
#19502=DIRECTION('',(-1.,0.,0.));
#19503=DIRECTION('',(0.,0.,1.));
#19504=DIRECTION('',(-1.,0.,0.));
#19505=DIRECTION('',(0.,0.,1.));
#19506=DIRECTION('',(-1.,0.,0.));
#19507=DIRECTION('',(0.,0.,1.));
#19508=DIRECTION('',(-1.,0.,0.));
#19509=DIRECTION('',(0.,0.,1.));
#19510=DIRECTION('',(0.,1.,0.));
#19511=DIRECTION('',(0.,0.,1.));
#19512=DIRECTION('',(-1.,0.,0.));
#19513=DIRECTION('',(1.,0.,0.));
#19514=DIRECTION('',(0.,0.,1.));
#19515=DIRECTION('',(1.,0.,0.));
#19516=DIRECTION('',(-1.,0.,0.));
#19517=DIRECTION('',(0.,0.,-1.));
#19518=DIRECTION('',(-1.,0.,0.));
#19519=DIRECTION('',(1.,0.,0.));
#19520=DIRECTION('',(0.,1.,0.));
#19521=DIRECTION('',(0.,0.,1.));
#19522=DIRECTION('',(0.866025403784438,0.,0.500000000000001));
#19523=DIRECTION('',(0.500000000000001,0.,-0.866025403784438));
#19524=DIRECTION('',(0.866025403784439,0.,0.499999999999998));
#19525=DIRECTION('',(0.499999999999998,0.,-0.86602540378444));
#19526=DIRECTION('',(-0.866025403784438,0.,0.500000000000001));
#19527=DIRECTION('',(0.500000000000001,0.,0.866025403784438));
#19528=DIRECTION('',(0.866025403784439,0.,0.499999999999998));
#19529=DIRECTION('',(0.499999999999998,0.,-0.86602540378444));
#19530=DIRECTION('',(-0.866025403784438,0.,0.500000000000001));
#19531=DIRECTION('',(0.500000000000001,0.,0.866025403784438));
#19532=DIRECTION('',(0.866025403784438,0.,0.500000000000001));
#19533=DIRECTION('',(0.500000000000001,0.,-0.866025403784438));
#19534=DIRECTION('',(-0.866025403784438,0.,0.500000000000001));
#19535=DIRECTION('',(0.500000000000001,0.,0.866025403784438));
#19536=DIRECTION('',(0.866025403784438,0.,0.500000000000001));
#19537=DIRECTION('',(0.500000000000001,0.,-0.866025403784438));
#19538=DIRECTION('',(-0.866025403784438,0.,0.500000000000001));
#19539=DIRECTION('',(0.500000000000001,0.,0.866025403784438));
#19540=DIRECTION('',(0.866025403784439,0.,0.5));
#19541=DIRECTION('',(0.5,0.,-0.866025403784439));
#19542=DIRECTION('',(-0.866025403784439,0.,0.5));
#19543=DIRECTION('',(0.5,0.,0.866025403784439));
#19544=DIRECTION('',(0.866025403784438,0.,0.5));
#19545=DIRECTION('',(0.5,0.,-0.866025403784438));
#19546=DIRECTION('',(-0.866025403784438,0.,0.500000000000001));
#19547=DIRECTION('',(0.500000000000001,0.,0.866025403784438));
#19548=DIRECTION('',(0.866025403784438,0.,0.5));
#19549=DIRECTION('',(0.5,0.,-0.866025403784439));
#19550=DIRECTION('',(-0.866025403784438,0.,0.5));
#19551=DIRECTION('',(0.5,0.,0.866025403784438));
#19552=DIRECTION('',(0.866025403784439,0.,0.5));
#19553=DIRECTION('',(0.5,0.,-0.866025403784439));
#19554=DIRECTION('',(-0.866025403784438,0.,0.5));
#19555=DIRECTION('',(0.5,0.,0.866025403784439));
#19556=DIRECTION('',(0.866025403784438,0.,0.500000000000001));
#19557=DIRECTION('',(0.500000000000001,0.,-0.866025403784438));
#19558=DIRECTION('',(-0.866025403784438,0.,0.5));
#19559=DIRECTION('',(0.5,0.,0.866025403784438));
#19560=DIRECTION('',(0.866025403784438,0.,0.500000000000001));
#19561=DIRECTION('',(0.500000000000001,0.,-0.866025403784438));
#19562=DIRECTION('',(-0.866025403784439,0.,0.5));
#19563=DIRECTION('',(0.5,0.,0.866025403784439));
#19564=DIRECTION('',(0.866025403784439,0.,0.499999999999998));
#19565=DIRECTION('',(0.499999999999998,0.,-0.86602540378444));
#19566=DIRECTION('',(-0.866025403784439,0.,0.5));
#19567=DIRECTION('',(0.5,0.,0.866025403784439));
#19568=DIRECTION('',(0.866025403784439,0.,0.499999999999998));
#19569=DIRECTION('',(0.499999999999998,0.,-0.86602540378444));
#19570=DIRECTION('',(-0.866025403784438,0.,0.500000000000001));
#19571=DIRECTION('',(0.500000000000001,0.,0.866025403784438));
#19572=DIRECTION('',(0.866025403784438,0.,0.500000000000001));
#19573=DIRECTION('',(0.500000000000001,0.,-0.866025403784438));
#19574=DIRECTION('',(-0.866025403784438,0.,0.500000000000001));
#19575=DIRECTION('',(0.500000000000001,0.,0.866025403784438));
#19576=DIRECTION('',(0.866025403784438,0.,0.500000000000001));
#19577=DIRECTION('',(0.500000000000001,0.,-0.866025403784438));
#19578=DIRECTION('',(-0.866025403784438,0.,0.500000000000001));
#19579=DIRECTION('',(0.500000000000001,0.,0.866025403784438));
#19580=DIRECTION('',(-0.866025403784438,0.,0.500000000000001));
#19581=DIRECTION('',(0.500000000000001,0.,0.866025403784438));
#19582=DIRECTION('',(0.866025403784438,0.,0.500000000000001));
#19583=DIRECTION('',(0.500000000000001,0.,-0.866025403784438));
#19584=DIRECTION('',(0.866025403784439,0.,0.499999999999998));
#19585=DIRECTION('',(0.499999999999998,0.,-0.86602540378444));
#19586=DIRECTION('',(-0.866025403784438,0.,0.500000000000001));
#19587=DIRECTION('',(0.500000000000001,0.,0.866025403784438));
#19588=DIRECTION('',(0.866025403784439,0.,0.499999999999998));
#19589=DIRECTION('',(0.499999999999998,0.,-0.86602540378444));
#19590=DIRECTION('',(-0.866025403784438,0.,0.500000000000001));
#19591=DIRECTION('',(0.500000000000001,0.,0.866025403784438));
#19592=DIRECTION('',(0.866025403784438,0.,0.500000000000001));
#19593=DIRECTION('',(0.500000000000001,0.,-0.866025403784438));
#19594=DIRECTION('',(-0.866025403784438,0.,0.500000000000001));
#19595=DIRECTION('',(0.500000000000001,0.,0.866025403784438));
#19596=DIRECTION('',(0.866025403784438,0.,0.500000000000001));
#19597=DIRECTION('',(0.500000000000001,0.,-0.866025403784438));
#19598=DIRECTION('',(-0.866025403784438,0.,0.500000000000001));
#19599=DIRECTION('',(0.500000000000001,0.,0.866025403784438));
#19600=DIRECTION('',(0.866025403784439,0.,0.5));
#19601=DIRECTION('',(0.5,0.,-0.866025403784439));
#19602=DIRECTION('',(-0.866025403784439,0.,0.5));
#19603=DIRECTION('',(0.5,0.,0.866025403784439));
#19604=DIRECTION('',(0.866025403784438,0.,0.5));
#19605=DIRECTION('',(0.5,0.,-0.866025403784438));
#19606=DIRECTION('',(-0.866025403784438,0.,0.500000000000001));
#19607=DIRECTION('',(0.500000000000001,0.,0.866025403784438));
#19608=DIRECTION('',(0.866025403784438,0.,0.5));
#19609=DIRECTION('',(0.5,0.,-0.866025403784439));
#19610=DIRECTION('',(-0.866025403784438,0.,0.5));
#19611=DIRECTION('',(0.5,0.,0.866025403784438));
#19612=DIRECTION('',(0.866025403784439,0.,0.5));
#19613=DIRECTION('',(0.5,0.,-0.866025403784439));
#19614=DIRECTION('',(-0.866025403784438,0.,0.5));
#19615=DIRECTION('',(0.5,0.,0.866025403784439));
#19616=DIRECTION('',(0.866025403784438,0.,0.500000000000001));
#19617=DIRECTION('',(0.500000000000001,0.,-0.866025403784438));
#19618=DIRECTION('',(-0.866025403784438,0.,0.5));
#19619=DIRECTION('',(0.5,0.,0.866025403784438));
#19620=DIRECTION('',(0.866025403784438,0.,0.500000000000001));
#19621=DIRECTION('',(0.500000000000001,0.,-0.866025403784438));
#19622=DIRECTION('',(-0.866025403784439,0.,0.5));
#19623=DIRECTION('',(0.5,0.,0.866025403784439));
#19624=DIRECTION('',(0.866025403784439,0.,0.499999999999998));
#19625=DIRECTION('',(0.499999999999998,0.,-0.86602540378444));
#19626=DIRECTION('',(-0.866025403784439,0.,0.5));
#19627=DIRECTION('',(0.5,0.,0.866025403784439));
#19628=DIRECTION('',(0.866025403784439,0.,0.499999999999998));
#19629=DIRECTION('',(0.499999999999998,0.,-0.86602540378444));
#19630=DIRECTION('',(-0.866025403784438,0.,0.500000000000001));
#19631=DIRECTION('',(0.500000000000001,0.,0.866025403784438));
#19632=DIRECTION('',(0.866025403784438,0.,0.500000000000001));
#19633=DIRECTION('',(0.500000000000001,0.,-0.866025403784438));
#19634=DIRECTION('',(-0.866025403784438,0.,0.500000000000001));
#19635=DIRECTION('',(0.500000000000001,0.,0.866025403784438));
#19636=DIRECTION('',(0.866025403784438,0.,0.500000000000001));
#19637=DIRECTION('',(0.500000000000001,0.,-0.866025403784438));
#19638=DIRECTION('',(-0.866025403784438,0.,0.500000000000001));
#19639=DIRECTION('',(0.500000000000001,0.,0.866025403784438));
#19640=DIRECTION('',(-0.866025403784438,0.,0.500000000000001));
#19641=DIRECTION('',(0.500000000000001,0.,0.866025403784438));
#19642=DIRECTION('',(0.866025403784438,0.,0.500000000000001));
#19643=DIRECTION('',(0.500000000000001,0.,-0.866025403784438));
#19644=DIRECTION('',(0.866025403784439,0.,0.499999999999998));
#19645=DIRECTION('',(0.499999999999998,0.,-0.86602540378444));
#19646=DIRECTION('',(-0.866025403784438,0.,0.500000000000001));
#19647=DIRECTION('',(0.500000000000001,0.,0.866025403784438));
#19648=DIRECTION('',(0.866025403784439,0.,0.499999999999998));
#19649=DIRECTION('',(0.499999999999998,0.,-0.86602540378444));
#19650=DIRECTION('',(-0.866025403784438,0.,0.500000000000001));
#19651=DIRECTION('',(0.500000000000001,0.,0.866025403784438));
#19652=DIRECTION('',(0.866025403784438,0.,0.500000000000001));
#19653=DIRECTION('',(0.500000000000001,0.,-0.866025403784438));
#19654=DIRECTION('',(-0.866025403784438,0.,0.500000000000001));
#19655=DIRECTION('',(0.500000000000001,0.,0.866025403784438));
#19656=DIRECTION('',(0.866025403784438,0.,0.500000000000001));
#19657=DIRECTION('',(0.500000000000001,0.,-0.866025403784438));
#19658=DIRECTION('',(-0.866025403784438,0.,0.500000000000001));
#19659=DIRECTION('',(0.500000000000001,0.,0.866025403784438));
#19660=DIRECTION('',(0.866025403784439,0.,0.5));
#19661=DIRECTION('',(0.5,0.,-0.866025403784439));
#19662=DIRECTION('',(-0.866025403784439,0.,0.5));
#19663=DIRECTION('',(0.5,0.,0.866025403784439));
#19664=DIRECTION('',(0.866025403784438,0.,0.5));
#19665=DIRECTION('',(0.5,0.,-0.866025403784438));
#19666=DIRECTION('',(-0.866025403784438,0.,0.500000000000001));
#19667=DIRECTION('',(0.500000000000001,0.,0.866025403784438));
#19668=DIRECTION('',(0.866025403784438,0.,0.5));
#19669=DIRECTION('',(0.5,0.,-0.866025403784439));
#19670=DIRECTION('',(-0.866025403784438,0.,0.5));
#19671=DIRECTION('',(0.5,0.,0.866025403784438));
#19672=DIRECTION('',(0.866025403784439,0.,0.5));
#19673=DIRECTION('',(0.5,0.,-0.866025403784439));
#19674=DIRECTION('',(-0.866025403784438,0.,0.5));
#19675=DIRECTION('',(0.5,0.,0.866025403784439));
#19676=DIRECTION('',(0.866025403784438,0.,0.500000000000001));
#19677=DIRECTION('',(0.500000000000001,0.,-0.866025403784438));
#19678=DIRECTION('',(-0.866025403784438,0.,0.5));
#19679=DIRECTION('',(0.5,0.,0.866025403784438));
#19680=DIRECTION('',(0.866025403784438,0.,0.500000000000001));
#19681=DIRECTION('',(0.500000000000001,0.,-0.866025403784438));
#19682=DIRECTION('',(-0.866025403784439,0.,0.5));
#19683=DIRECTION('',(0.5,0.,0.866025403784439));
#19684=DIRECTION('',(0.866025403784439,0.,0.499999999999998));
#19685=DIRECTION('',(0.499999999999998,0.,-0.86602540378444));
#19686=DIRECTION('',(-0.866025403784439,0.,0.5));
#19687=DIRECTION('',(0.5,0.,0.866025403784439));
#19688=DIRECTION('',(0.866025403784439,0.,0.499999999999998));
#19689=DIRECTION('',(0.499999999999998,0.,-0.86602540378444));
#19690=DIRECTION('',(-0.866025403784438,0.,0.500000000000001));
#19691=DIRECTION('',(0.500000000000001,0.,0.866025403784438));
#19692=DIRECTION('',(0.866025403784438,0.,0.500000000000001));
#19693=DIRECTION('',(0.500000000000001,0.,-0.866025403784438));
#19694=DIRECTION('',(-0.866025403784438,0.,0.500000000000001));
#19695=DIRECTION('',(0.500000000000001,0.,0.866025403784438));
#19696=DIRECTION('',(0.866025403784438,0.,0.500000000000001));
#19697=DIRECTION('',(0.500000000000001,0.,-0.866025403784438));
#19698=DIRECTION('',(-0.866025403784438,0.,0.500000000000001));
#19699=DIRECTION('',(0.500000000000001,0.,0.866025403784438));
#19700=DIRECTION('',(-0.866025403784438,0.,0.500000000000001));
#19701=DIRECTION('',(0.500000000000001,0.,0.866025403784438));
#19702=DIRECTION('',(0.,0.,1.));
#19703=DIRECTION('',(1.,0.,0.));
#19704=CARTESIAN_POINT('',(0.,0.,0.));
#19705=CARTESIAN_POINT('',(0.76,0.335,-0.1475));
#19706=CARTESIAN_POINT('',(0.74,0.335,-0.1475));
#19707=CARTESIAN_POINT('',(0.74,0.02,-0.1475));
#19708=CARTESIAN_POINT('',(0.74,0.,-0.1475));
#19709=CARTESIAN_POINT('',(0.76,0.02,-0.1475));
#19710=CARTESIAN_POINT('',(0.66,0.02,-0.1475));
#19711=CARTESIAN_POINT('',(0.66,0.335,-0.1475));
#19712=CARTESIAN_POINT('',(0.66,0.,-0.1475));
#19713=CARTESIAN_POINT('',(0.76,0.,-0.1475));
#19714=CARTESIAN_POINT('',(0.64,0.,-0.1475));
#19715=CARTESIAN_POINT('',(0.64,0.335,-0.1475));
#19716=CARTESIAN_POINT('',(0.64,0.02,-0.1475));
#19717=CARTESIAN_POINT('',(0.76,0.02,-0.1475));
#19718=CARTESIAN_POINT('',(0.56,0.02,-0.1475));
#19719=CARTESIAN_POINT('',(0.56,0.335,-0.1475));
#19720=CARTESIAN_POINT('',(0.56,0.,-0.1475));
#19721=CARTESIAN_POINT('',(0.76,0.,-0.1475));
#19722=CARTESIAN_POINT('',(0.54,0.,-0.1475));
#19723=CARTESIAN_POINT('',(0.54,0.335,-0.1475));
#19724=CARTESIAN_POINT('',(0.54,0.02,-0.1475));
#19725=CARTESIAN_POINT('',(0.76,0.02,-0.1475));
#19726=CARTESIAN_POINT('',(0.46,0.02,-0.1475));
#19727=CARTESIAN_POINT('',(0.46,0.335,-0.1475));
#19728=CARTESIAN_POINT('',(0.46,0.,-0.1475));
#19729=CARTESIAN_POINT('',(0.76,0.,-0.1475));
#19730=CARTESIAN_POINT('',(0.44,0.,-0.1475));
#19731=CARTESIAN_POINT('',(0.44,0.335,-0.1475));
#19732=CARTESIAN_POINT('',(0.44,0.02,-0.1475));
#19733=CARTESIAN_POINT('',(0.76,0.02,-0.1475));
#19734=CARTESIAN_POINT('',(0.36,0.02,-0.1475));
#19735=CARTESIAN_POINT('',(0.36,0.335,-0.1475));
#19736=CARTESIAN_POINT('',(0.36,0.,-0.1475));
#19737=CARTESIAN_POINT('',(0.76,0.,-0.1475));
#19738=CARTESIAN_POINT('',(0.34,0.,-0.1475));
#19739=CARTESIAN_POINT('',(0.34,0.335,-0.1475));
#19740=CARTESIAN_POINT('',(0.34,0.02,-0.1475));
#19741=CARTESIAN_POINT('',(0.76,0.02,-0.1475));
#19742=CARTESIAN_POINT('',(0.26,0.02,-0.1475));
#19743=CARTESIAN_POINT('',(0.26,0.335,-0.1475));
#19744=CARTESIAN_POINT('',(0.26,0.,-0.1475));
#19745=CARTESIAN_POINT('',(0.76,0.,-0.1475));
#19746=CARTESIAN_POINT('',(0.24,0.,-0.1475));
#19747=CARTESIAN_POINT('',(0.24,0.335,-0.1475));
#19748=CARTESIAN_POINT('',(0.24,0.02,-0.1475));
#19749=CARTESIAN_POINT('',(0.76,0.02,-0.1475));
#19750=CARTESIAN_POINT('',(0.16,0.02,-0.1475));
#19751=CARTESIAN_POINT('',(0.16,0.335,-0.1475));
#19752=CARTESIAN_POINT('',(0.16,0.,-0.1475));
#19753=CARTESIAN_POINT('',(0.76,0.,-0.1475));
#19754=CARTESIAN_POINT('',(0.14,0.,-0.1475));
#19755=CARTESIAN_POINT('',(0.14,0.335,-0.1475));
#19756=CARTESIAN_POINT('',(0.14,0.02,-0.1475));
#19757=CARTESIAN_POINT('',(0.76,0.02,-0.1475));
#19758=CARTESIAN_POINT('',(0.0599999999999999,0.02,-0.1475));
#19759=CARTESIAN_POINT('',(0.0599999999999999,0.335,-0.1475));
#19760=CARTESIAN_POINT('',(0.0599999999999999,0.,-0.1475));
#19761=CARTESIAN_POINT('',(0.76,0.,-0.1475));
#19762=CARTESIAN_POINT('',(0.0399999999999999,0.,-0.1475));
#19763=CARTESIAN_POINT('',(0.0399999999999998,0.335,-0.1475));
#19764=CARTESIAN_POINT('',(0.0399999999999999,0.02,-0.1475));
#19765=CARTESIAN_POINT('',(0.76,0.0200000000000001,-0.1475));
#19766=CARTESIAN_POINT('',(-0.0400000000000001,0.02,-0.1475));
#19767=CARTESIAN_POINT('',(-0.0400000000000001,0.335,-0.1475));
#19768=CARTESIAN_POINT('',(-0.0400000000000001,0.,-0.1475));
#19769=CARTESIAN_POINT('',(0.76,0.,-0.1475));
#19770=CARTESIAN_POINT('',(-0.0600000000000001,0.,-0.1475));
#19771=CARTESIAN_POINT('',(-0.06,0.335,-0.1475));
#19772=CARTESIAN_POINT('',(-0.0600000000000001,0.02,-0.1475));
#19773=CARTESIAN_POINT('',(0.76,0.0200000000000001,-0.1475));
#19774=CARTESIAN_POINT('',(-0.14,0.02,-0.1475));
#19775=CARTESIAN_POINT('',(-0.14,0.335,-0.1475));
#19776=CARTESIAN_POINT('',(-0.14,0.,-0.1475));
#19777=CARTESIAN_POINT('',(0.76,0.,-0.1475));
#19778=CARTESIAN_POINT('',(-0.16,0.,-0.1475));
#19779=CARTESIAN_POINT('',(-0.16,0.335,-0.1475));
#19780=CARTESIAN_POINT('',(-0.16,0.02,-0.1475));
#19781=CARTESIAN_POINT('',(0.76,0.0200000000000001,-0.1475));
#19782=CARTESIAN_POINT('',(-0.24,0.02,-0.1475));
#19783=CARTESIAN_POINT('',(-0.24,0.335,-0.1475));
#19784=CARTESIAN_POINT('',(-0.24,0.,-0.1475));
#19785=CARTESIAN_POINT('',(0.76,0.,-0.1475));
#19786=CARTESIAN_POINT('',(-0.26,0.,-0.1475));
#19787=CARTESIAN_POINT('',(-0.26,0.335,-0.1475));
#19788=CARTESIAN_POINT('',(-0.26,0.02,-0.1475));
#19789=CARTESIAN_POINT('',(0.76,0.0200000000000001,-0.1475));
#19790=CARTESIAN_POINT('',(-0.34,0.02,-0.1475));
#19791=CARTESIAN_POINT('',(-0.34,0.335,-0.1475));
#19792=CARTESIAN_POINT('',(-0.34,0.,-0.1475));
#19793=CARTESIAN_POINT('',(0.76,0.,-0.1475));
#19794=CARTESIAN_POINT('',(-0.36,0.,-0.1475));
#19795=CARTESIAN_POINT('',(-0.36,0.335,-0.1475));
#19796=CARTESIAN_POINT('',(-0.36,0.02,-0.1475));
#19797=CARTESIAN_POINT('',(0.76,0.0200000000000001,-0.1475));
#19798=CARTESIAN_POINT('',(-0.44,0.02,-0.1475));
#19799=CARTESIAN_POINT('',(-0.44,0.335,-0.1475));
#19800=CARTESIAN_POINT('',(-0.44,0.,-0.1475));
#19801=CARTESIAN_POINT('',(0.76,0.,-0.1475));
#19802=CARTESIAN_POINT('',(-0.46,0.,-0.1475));
#19803=CARTESIAN_POINT('',(-0.46,0.335,-0.1475));
#19804=CARTESIAN_POINT('',(-0.46,0.02,-0.1475));
#19805=CARTESIAN_POINT('',(0.76,0.0200000000000001,-0.1475));
#19806=CARTESIAN_POINT('',(-0.54,0.02,-0.1475));
#19807=CARTESIAN_POINT('',(-0.54,0.335,-0.1475));
#19808=CARTESIAN_POINT('',(-0.54,0.,-0.1475));
#19809=CARTESIAN_POINT('',(0.76,0.,-0.1475));
#19810=CARTESIAN_POINT('',(-0.56,0.,-0.1475));
#19811=CARTESIAN_POINT('',(-0.56,0.335,-0.1475));
#19812=CARTESIAN_POINT('',(-0.56,0.02,-0.1475));
#19813=CARTESIAN_POINT('',(0.76,0.0200000000000001,-0.1475));
#19814=CARTESIAN_POINT('',(-0.64,0.02,-0.1475));
#19815=CARTESIAN_POINT('',(-0.64,0.335,-0.1475));
#19816=CARTESIAN_POINT('',(-0.64,0.,-0.1475));
#19817=CARTESIAN_POINT('',(0.76,0.,-0.1475));
#19818=CARTESIAN_POINT('',(-0.66,0.,-0.1475));
#19819=CARTESIAN_POINT('',(-0.66,0.335,-0.1475));
#19820=CARTESIAN_POINT('',(-0.66,0.02,-0.1475));
#19821=CARTESIAN_POINT('',(0.76,0.0200000000000001,-0.1475));
#19822=CARTESIAN_POINT('',(-0.74,0.02,-0.1475));
#19823=CARTESIAN_POINT('',(-0.74,0.335,-0.1475));
#19824=CARTESIAN_POINT('',(-0.74,0.,-0.1475));
#19825=CARTESIAN_POINT('',(0.76,0.,-0.1475));
#19826=CARTESIAN_POINT('',(-0.76,0.,-0.1475));
#19827=CARTESIAN_POINT('',(-0.76,0.335,-0.1475));
#19828=CARTESIAN_POINT('',(-0.76,0.335,-0.1475));
#19829=CARTESIAN_POINT('',(0.76,0.335,-0.1475));
#19830=CARTESIAN_POINT('',(0.76,0.335,-0.1475));
#19831=CARTESIAN_POINT('',(0.76,0.335,-0.1475));
#19832=CARTESIAN_POINT('',(0.76,0.,-0.1475));
#19833=CARTESIAN_POINT('',(0.76,0.,-0.1475));
#19834=CARTESIAN_POINT('',(-0.76,0.335,0.1475));
#19835=CARTESIAN_POINT('',(0.74,0.335,0.1475));
#19836=CARTESIAN_POINT('',(0.74,0.,0.1475));
#19837=CARTESIAN_POINT('',(0.74,0.02,0.1475));
#19838=CARTESIAN_POINT('',(-0.76,0.,0.1475));
#19839=CARTESIAN_POINT('',(0.76,0.,0.1475));
#19840=CARTESIAN_POINT('',(0.76,0.335,0.1475));
#19841=CARTESIAN_POINT('',(0.76,0.335,0.1475));
#19842=CARTESIAN_POINT('',(-0.76,0.335,0.1475));
#19843=CARTESIAN_POINT('',(-0.76,0.335,0.1475));
#19844=CARTESIAN_POINT('',(-0.76,0.335,0.1475));
#19845=CARTESIAN_POINT('',(-0.76,0.,0.1475));
#19846=CARTESIAN_POINT('',(-0.76,0.,0.1475));
#19847=CARTESIAN_POINT('',(-0.74,0.,0.1475));
#19848=CARTESIAN_POINT('',(-0.74,0.335,0.1475));
#19849=CARTESIAN_POINT('',(-0.74,0.02,0.1475));
#19850=CARTESIAN_POINT('',(-0.76,0.02,0.1475));
#19851=CARTESIAN_POINT('',(-0.66,0.02,0.1475));
#19852=CARTESIAN_POINT('',(-0.66,0.335,0.1475));
#19853=CARTESIAN_POINT('',(-0.66,0.,0.1475));
#19854=CARTESIAN_POINT('',(-0.76,0.,0.1475));
#19855=CARTESIAN_POINT('',(-0.64,0.,0.1475));
#19856=CARTESIAN_POINT('',(-0.64,0.335,0.1475));
#19857=CARTESIAN_POINT('',(-0.64,0.02,0.1475));
#19858=CARTESIAN_POINT('',(-0.76,0.02,0.1475));
#19859=CARTESIAN_POINT('',(-0.56,0.02,0.1475));
#19860=CARTESIAN_POINT('',(-0.56,0.335,0.1475));
#19861=CARTESIAN_POINT('',(-0.56,0.,0.1475));
#19862=CARTESIAN_POINT('',(-0.76,0.,0.1475));
#19863=CARTESIAN_POINT('',(-0.54,0.,0.1475));
#19864=CARTESIAN_POINT('',(-0.54,0.335,0.1475));
#19865=CARTESIAN_POINT('',(-0.54,0.02,0.1475));
#19866=CARTESIAN_POINT('',(-0.76,0.02,0.1475));
#19867=CARTESIAN_POINT('',(-0.46,0.02,0.1475));
#19868=CARTESIAN_POINT('',(-0.46,0.335,0.1475));
#19869=CARTESIAN_POINT('',(-0.46,0.,0.1475));
#19870=CARTESIAN_POINT('',(-0.76,0.,0.1475));
#19871=CARTESIAN_POINT('',(-0.44,0.,0.1475));
#19872=CARTESIAN_POINT('',(-0.44,0.335,0.1475));
#19873=CARTESIAN_POINT('',(-0.44,0.02,0.1475));
#19874=CARTESIAN_POINT('',(-0.76,0.02,0.1475));
#19875=CARTESIAN_POINT('',(-0.36,0.02,0.1475));
#19876=CARTESIAN_POINT('',(-0.36,0.335,0.1475));
#19877=CARTESIAN_POINT('',(-0.36,0.,0.1475));
#19878=CARTESIAN_POINT('',(-0.76,0.,0.1475));
#19879=CARTESIAN_POINT('',(-0.34,0.,0.1475));
#19880=CARTESIAN_POINT('',(-0.34,0.335,0.1475));
#19881=CARTESIAN_POINT('',(-0.34,0.02,0.1475));
#19882=CARTESIAN_POINT('',(-0.76,0.02,0.1475));
#19883=CARTESIAN_POINT('',(-0.26,0.02,0.1475));
#19884=CARTESIAN_POINT('',(-0.26,0.335,0.1475));
#19885=CARTESIAN_POINT('',(-0.26,0.,0.1475));
#19886=CARTESIAN_POINT('',(-0.76,0.,0.1475));
#19887=CARTESIAN_POINT('',(-0.24,0.,0.1475));
#19888=CARTESIAN_POINT('',(-0.24,0.335,0.1475));
#19889=CARTESIAN_POINT('',(-0.24,0.02,0.1475));
#19890=CARTESIAN_POINT('',(-0.76,0.02,0.1475));
#19891=CARTESIAN_POINT('',(-0.16,0.02,0.1475));
#19892=CARTESIAN_POINT('',(-0.16,0.335,0.1475));
#19893=CARTESIAN_POINT('',(-0.16,0.,0.1475));
#19894=CARTESIAN_POINT('',(-0.76,0.,0.1475));
#19895=CARTESIAN_POINT('',(-0.14,0.,0.1475));
#19896=CARTESIAN_POINT('',(-0.14,0.335,0.1475));
#19897=CARTESIAN_POINT('',(-0.14,0.02,0.1475));
#19898=CARTESIAN_POINT('',(-0.76,0.0199999999999999,0.1475));
#19899=CARTESIAN_POINT('',(-0.0600000000000001,0.02,0.1475));
#19900=CARTESIAN_POINT('',(-0.06,0.335,0.1475));
#19901=CARTESIAN_POINT('',(-0.0600000000000001,0.,0.1475));
#19902=CARTESIAN_POINT('',(-0.76,0.,0.1475));
#19903=CARTESIAN_POINT('',(-0.0400000000000001,0.,0.1475));
#19904=CARTESIAN_POINT('',(-0.0400000000000001,0.335,0.1475));
#19905=CARTESIAN_POINT('',(-0.0400000000000001,0.02,0.1475));
#19906=CARTESIAN_POINT('',(-0.76,0.0199999999999999,0.1475));
#19907=CARTESIAN_POINT('',(0.0399999999999999,0.02,0.1475));
#19908=CARTESIAN_POINT('',(0.0399999999999998,0.335,0.1475));
#19909=CARTESIAN_POINT('',(0.0399999999999999,0.,0.1475));
#19910=CARTESIAN_POINT('',(-0.76,0.,0.1475));
#19911=CARTESIAN_POINT('',(0.0599999999999999,0.,0.1475));
#19912=CARTESIAN_POINT('',(0.0599999999999999,0.335,0.1475));
#19913=CARTESIAN_POINT('',(0.0599999999999999,0.02,0.1475));
#19914=CARTESIAN_POINT('',(-0.76,0.0199999999999999,0.1475));
#19915=CARTESIAN_POINT('',(0.14,0.02,0.1475));
#19916=CARTESIAN_POINT('',(0.14,0.335,0.1475));
#19917=CARTESIAN_POINT('',(0.14,0.,0.1475));
#19918=CARTESIAN_POINT('',(-0.76,0.,0.1475));
#19919=CARTESIAN_POINT('',(0.16,0.,0.1475));
#19920=CARTESIAN_POINT('',(0.16,0.335,0.1475));
#19921=CARTESIAN_POINT('',(0.16,0.02,0.1475));
#19922=CARTESIAN_POINT('',(-0.76,0.0199999999999999,0.1475));
#19923=CARTESIAN_POINT('',(0.24,0.02,0.1475));
#19924=CARTESIAN_POINT('',(0.24,0.335,0.1475));
#19925=CARTESIAN_POINT('',(0.24,0.,0.1475));
#19926=CARTESIAN_POINT('',(-0.76,0.,0.1475));
#19927=CARTESIAN_POINT('',(0.26,0.,0.1475));
#19928=CARTESIAN_POINT('',(0.26,0.335,0.1475));
#19929=CARTESIAN_POINT('',(0.26,0.02,0.1475));
#19930=CARTESIAN_POINT('',(-0.76,0.0199999999999999,0.1475));
#19931=CARTESIAN_POINT('',(0.34,0.02,0.1475));
#19932=CARTESIAN_POINT('',(0.34,0.335,0.1475));
#19933=CARTESIAN_POINT('',(0.34,0.,0.1475));
#19934=CARTESIAN_POINT('',(-0.76,0.,0.1475));
#19935=CARTESIAN_POINT('',(0.36,0.,0.1475));
#19936=CARTESIAN_POINT('',(0.36,0.335,0.1475));
#19937=CARTESIAN_POINT('',(0.36,0.02,0.1475));
#19938=CARTESIAN_POINT('',(-0.76,0.0199999999999999,0.1475));
#19939=CARTESIAN_POINT('',(0.44,0.02,0.1475));
#19940=CARTESIAN_POINT('',(0.44,0.335,0.1475));
#19941=CARTESIAN_POINT('',(0.44,0.,0.1475));
#19942=CARTESIAN_POINT('',(-0.76,0.,0.1475));
#19943=CARTESIAN_POINT('',(0.46,0.,0.1475));
#19944=CARTESIAN_POINT('',(0.46,0.335,0.1475));
#19945=CARTESIAN_POINT('',(0.46,0.02,0.1475));
#19946=CARTESIAN_POINT('',(-0.76,0.0199999999999999,0.1475));
#19947=CARTESIAN_POINT('',(0.54,0.02,0.1475));
#19948=CARTESIAN_POINT('',(0.54,0.335,0.1475));
#19949=CARTESIAN_POINT('',(0.54,0.,0.1475));
#19950=CARTESIAN_POINT('',(-0.76,0.,0.1475));
#19951=CARTESIAN_POINT('',(0.56,0.,0.1475));
#19952=CARTESIAN_POINT('',(0.56,0.335,0.1475));
#19953=CARTESIAN_POINT('',(0.56,0.02,0.1475));
#19954=CARTESIAN_POINT('',(-0.76,0.0199999999999999,0.1475));
#19955=CARTESIAN_POINT('',(0.64,0.02,0.1475));
#19956=CARTESIAN_POINT('',(0.64,0.335,0.1475));
#19957=CARTESIAN_POINT('',(0.64,0.,0.1475));
#19958=CARTESIAN_POINT('',(-0.76,0.,0.1475));
#19959=CARTESIAN_POINT('',(0.66,0.,0.1475));
#19960=CARTESIAN_POINT('',(0.66,0.335,0.1475));
#19961=CARTESIAN_POINT('',(0.66,0.02,0.1475));
#19962=CARTESIAN_POINT('',(-0.76,0.0199999999999999,0.1475));
#19963=CARTESIAN_POINT('',(0.7155,0.335,0.0845));
#19964=CARTESIAN_POINT('',(0.6845,0.335,0.0845));
#19965=CARTESIAN_POINT('',(0.6845,0.335,0.0845));
#19966=CARTESIAN_POINT('',(0.6845,0.02,0.0845));
#19967=CARTESIAN_POINT('',(0.7155,0.02,0.0845));
#19968=CARTESIAN_POINT('',(0.7155,0.02,0.0845));
#19969=CARTESIAN_POINT('',(0.7155,0.335,0.0845));
#19970=CARTESIAN_POINT('',(0.7155,0.335,0.0845));
#19971=CARTESIAN_POINT('',(0.7155,0.335,0.0845));
#19972=CARTESIAN_POINT('',(0.7155,0.335,0.1155));
#19973=CARTESIAN_POINT('',(0.7155,0.02,0.1155));
#19974=CARTESIAN_POINT('',(0.7155,0.02,0.1155));
#19975=CARTESIAN_POINT('',(0.7155,0.335,0.1155));
#19976=CARTESIAN_POINT('',(0.7155,0.335,0.1155));
#19977=CARTESIAN_POINT('',(0.7155,0.335,0.1155));
#19978=CARTESIAN_POINT('',(0.6845,0.335,0.1155));
#19979=CARTESIAN_POINT('',(0.6845,0.02,0.1155));
#19980=CARTESIAN_POINT('',(0.6845,0.02,0.1155));
#19981=CARTESIAN_POINT('',(0.6845,0.335,0.1155));
#19982=CARTESIAN_POINT('',(0.6845,0.335,0.1155));
#19983=CARTESIAN_POINT('',(0.6845,0.335,0.1155));
#19984=CARTESIAN_POINT('',(0.7155,0.335,-0.0155));
#19985=CARTESIAN_POINT('',(0.6845,0.335,-0.0155));
#19986=CARTESIAN_POINT('',(0.6845,0.335,-0.0155));
#19987=CARTESIAN_POINT('',(0.6845,0.02,-0.0155));
#19988=CARTESIAN_POINT('',(0.7155,0.02,-0.0155));
#19989=CARTESIAN_POINT('',(0.7155,0.02,-0.0155));
#19990=CARTESIAN_POINT('',(0.7155,0.335,-0.0155));
#19991=CARTESIAN_POINT('',(0.7155,0.335,-0.0155));
#19992=CARTESIAN_POINT('',(0.7155,0.335,-0.0155));
#19993=CARTESIAN_POINT('',(0.7155,0.335,0.0155));
#19994=CARTESIAN_POINT('',(0.7155,0.02,0.0155));
#19995=CARTESIAN_POINT('',(0.7155,0.02,0.0155));
#19996=CARTESIAN_POINT('',(0.7155,0.335,0.0155));
#19997=CARTESIAN_POINT('',(0.7155,0.335,0.0155));
#19998=CARTESIAN_POINT('',(0.7155,0.335,0.0155));
#19999=CARTESIAN_POINT('',(0.6845,0.335,0.0155));
#20000=CARTESIAN_POINT('',(0.6845,0.02,0.0155));
#20001=CARTESIAN_POINT('',(0.6845,0.02,0.0155));
#20002=CARTESIAN_POINT('',(0.6845,0.335,0.0155));
#20003=CARTESIAN_POINT('',(0.6845,0.335,0.0155));
#20004=CARTESIAN_POINT('',(0.6845,0.335,0.0155));
#20005=CARTESIAN_POINT('',(0.7155,0.335,-0.1155));
#20006=CARTESIAN_POINT('',(0.6845,0.335,-0.1155));
#20007=CARTESIAN_POINT('',(0.6845,0.335,-0.1155));
#20008=CARTESIAN_POINT('',(0.6845,0.02,-0.1155));
#20009=CARTESIAN_POINT('',(0.7155,0.02,-0.1155));
#20010=CARTESIAN_POINT('',(0.7155,0.02,-0.1155));
#20011=CARTESIAN_POINT('',(0.7155,0.335,-0.1155));
#20012=CARTESIAN_POINT('',(0.7155,0.335,-0.1155));
#20013=CARTESIAN_POINT('',(0.7155,0.335,-0.1155));
#20014=CARTESIAN_POINT('',(0.7155,0.335,-0.0845));
#20015=CARTESIAN_POINT('',(0.7155,0.02,-0.0845));
#20016=CARTESIAN_POINT('',(0.7155,0.02,-0.0845));
#20017=CARTESIAN_POINT('',(0.7155,0.335,-0.0845));
#20018=CARTESIAN_POINT('',(0.7155,0.335,-0.0845));
#20019=CARTESIAN_POINT('',(0.7155,0.335,-0.0845));
#20020=CARTESIAN_POINT('',(0.6845,0.335,-0.0845));
#20021=CARTESIAN_POINT('',(0.6845,0.02,-0.0845));
#20022=CARTESIAN_POINT('',(0.6845,0.02,-0.0845));
#20023=CARTESIAN_POINT('',(0.6845,0.335,-0.0845));
#20024=CARTESIAN_POINT('',(0.6845,0.335,-0.0845));
#20025=CARTESIAN_POINT('',(0.6845,0.335,-0.0845));
#20026=CARTESIAN_POINT('',(0.6155,0.335,0.0845));
#20027=CARTESIAN_POINT('',(0.5845,0.335,0.0845));
#20028=CARTESIAN_POINT('',(0.5845,0.335,0.0845));
#20029=CARTESIAN_POINT('',(0.5845,0.02,0.0845));
#20030=CARTESIAN_POINT('',(0.6155,0.02,0.0845));
#20031=CARTESIAN_POINT('',(0.6155,0.02,0.0845));
#20032=CARTESIAN_POINT('',(0.6155,0.335,0.0845));
#20033=CARTESIAN_POINT('',(0.6155,0.335,0.0845));
#20034=CARTESIAN_POINT('',(0.6155,0.335,0.0845));
#20035=CARTESIAN_POINT('',(0.6155,0.335,0.1155));
#20036=CARTESIAN_POINT('',(0.6155,0.02,0.1155));
#20037=CARTESIAN_POINT('',(0.6155,0.02,0.1155));
#20038=CARTESIAN_POINT('',(0.6155,0.335,0.1155));
#20039=CARTESIAN_POINT('',(0.6155,0.335,0.1155));
#20040=CARTESIAN_POINT('',(0.6155,0.335,0.1155));
#20041=CARTESIAN_POINT('',(0.5845,0.335,0.1155));
#20042=CARTESIAN_POINT('',(0.5845,0.02,0.1155));
#20043=CARTESIAN_POINT('',(0.5845,0.02,0.1155));
#20044=CARTESIAN_POINT('',(0.5845,0.335,0.1155));
#20045=CARTESIAN_POINT('',(0.5845,0.335,0.1155));
#20046=CARTESIAN_POINT('',(0.5845,0.335,0.1155));
#20047=CARTESIAN_POINT('',(0.6155,0.335,-0.0155));
#20048=CARTESIAN_POINT('',(0.5845,0.335,-0.0155));
#20049=CARTESIAN_POINT('',(0.5845,0.335,-0.0155));
#20050=CARTESIAN_POINT('',(0.5845,0.02,-0.0155));
#20051=CARTESIAN_POINT('',(0.6155,0.02,-0.0155));
#20052=CARTESIAN_POINT('',(0.6155,0.02,-0.0155));
#20053=CARTESIAN_POINT('',(0.6155,0.335,-0.0155));
#20054=CARTESIAN_POINT('',(0.6155,0.335,-0.0155));
#20055=CARTESIAN_POINT('',(0.6155,0.335,-0.0155));
#20056=CARTESIAN_POINT('',(0.6155,0.335,0.0155));
#20057=CARTESIAN_POINT('',(0.6155,0.02,0.0155));
#20058=CARTESIAN_POINT('',(0.6155,0.02,0.0155));
#20059=CARTESIAN_POINT('',(0.6155,0.335,0.0155));
#20060=CARTESIAN_POINT('',(0.6155,0.335,0.0155));
#20061=CARTESIAN_POINT('',(0.6155,0.335,0.0155));
#20062=CARTESIAN_POINT('',(0.5845,0.335,0.0155));
#20063=CARTESIAN_POINT('',(0.5845,0.02,0.0155));
#20064=CARTESIAN_POINT('',(0.5845,0.02,0.0155));
#20065=CARTESIAN_POINT('',(0.5845,0.335,0.0155));
#20066=CARTESIAN_POINT('',(0.5845,0.335,0.0155));
#20067=CARTESIAN_POINT('',(0.5845,0.335,0.0155));
#20068=CARTESIAN_POINT('',(0.6155,0.335,-0.1155));
#20069=CARTESIAN_POINT('',(0.5845,0.335,-0.1155));
#20070=CARTESIAN_POINT('',(0.5845,0.335,-0.1155));
#20071=CARTESIAN_POINT('',(0.5845,0.02,-0.1155));
#20072=CARTESIAN_POINT('',(0.6155,0.02,-0.1155));
#20073=CARTESIAN_POINT('',(0.6155,0.02,-0.1155));
#20074=CARTESIAN_POINT('',(0.6155,0.335,-0.1155));
#20075=CARTESIAN_POINT('',(0.6155,0.335,-0.1155));
#20076=CARTESIAN_POINT('',(0.6155,0.335,-0.1155));
#20077=CARTESIAN_POINT('',(0.6155,0.335,-0.0845));
#20078=CARTESIAN_POINT('',(0.6155,0.02,-0.0845));
#20079=CARTESIAN_POINT('',(0.6155,0.02,-0.0845));
#20080=CARTESIAN_POINT('',(0.6155,0.335,-0.0845));
#20081=CARTESIAN_POINT('',(0.6155,0.335,-0.0845));
#20082=CARTESIAN_POINT('',(0.6155,0.335,-0.0845));
#20083=CARTESIAN_POINT('',(0.5845,0.335,-0.0845));
#20084=CARTESIAN_POINT('',(0.5845,0.02,-0.0845));
#20085=CARTESIAN_POINT('',(0.5845,0.02,-0.0845));
#20086=CARTESIAN_POINT('',(0.5845,0.335,-0.0845));
#20087=CARTESIAN_POINT('',(0.5845,0.335,-0.0845));
#20088=CARTESIAN_POINT('',(0.5845,0.335,-0.0845));
#20089=CARTESIAN_POINT('',(0.5155,0.335,0.0845));
#20090=CARTESIAN_POINT('',(0.4845,0.335,0.0845));
#20091=CARTESIAN_POINT('',(0.4845,0.335,0.0845));
#20092=CARTESIAN_POINT('',(0.4845,0.02,0.0845));
#20093=CARTESIAN_POINT('',(0.5155,0.02,0.0845));
#20094=CARTESIAN_POINT('',(0.5155,0.02,0.0845));
#20095=CARTESIAN_POINT('',(0.5155,0.335,0.0845));
#20096=CARTESIAN_POINT('',(0.5155,0.335,0.0845));
#20097=CARTESIAN_POINT('',(0.5155,0.335,0.0845));
#20098=CARTESIAN_POINT('',(0.5155,0.335,0.1155));
#20099=CARTESIAN_POINT('',(0.5155,0.02,0.1155));
#20100=CARTESIAN_POINT('',(0.5155,0.02,0.1155));
#20101=CARTESIAN_POINT('',(0.5155,0.335,0.1155));
#20102=CARTESIAN_POINT('',(0.5155,0.335,0.1155));
#20103=CARTESIAN_POINT('',(0.5155,0.335,0.1155));
#20104=CARTESIAN_POINT('',(0.4845,0.335,0.1155));
#20105=CARTESIAN_POINT('',(0.4845,0.02,0.1155));
#20106=CARTESIAN_POINT('',(0.4845,0.02,0.1155));
#20107=CARTESIAN_POINT('',(0.4845,0.335,0.1155));
#20108=CARTESIAN_POINT('',(0.4845,0.335,0.1155));
#20109=CARTESIAN_POINT('',(0.4845,0.335,0.1155));
#20110=CARTESIAN_POINT('',(0.5155,0.335,-0.0155));
#20111=CARTESIAN_POINT('',(0.4845,0.335,-0.0155));
#20112=CARTESIAN_POINT('',(0.4845,0.335,-0.0155));
#20113=CARTESIAN_POINT('',(0.4845,0.02,-0.0155));
#20114=CARTESIAN_POINT('',(0.5155,0.02,-0.0155));
#20115=CARTESIAN_POINT('',(0.5155,0.02,-0.0155));
#20116=CARTESIAN_POINT('',(0.5155,0.335,-0.0155));
#20117=CARTESIAN_POINT('',(0.5155,0.335,-0.0155));
#20118=CARTESIAN_POINT('',(0.5155,0.335,-0.0155));
#20119=CARTESIAN_POINT('',(0.5155,0.335,0.0155));
#20120=CARTESIAN_POINT('',(0.5155,0.02,0.0155));
#20121=CARTESIAN_POINT('',(0.5155,0.02,0.0155));
#20122=CARTESIAN_POINT('',(0.5155,0.335,0.0155));
#20123=CARTESIAN_POINT('',(0.5155,0.335,0.0155));
#20124=CARTESIAN_POINT('',(0.5155,0.335,0.0155));
#20125=CARTESIAN_POINT('',(0.4845,0.335,0.0155));
#20126=CARTESIAN_POINT('',(0.4845,0.02,0.0155));
#20127=CARTESIAN_POINT('',(0.4845,0.02,0.0155));
#20128=CARTESIAN_POINT('',(0.4845,0.335,0.0155));
#20129=CARTESIAN_POINT('',(0.4845,0.335,0.0155));
#20130=CARTESIAN_POINT('',(0.4845,0.335,0.0155));
#20131=CARTESIAN_POINT('',(0.5155,0.335,-0.1155));
#20132=CARTESIAN_POINT('',(0.4845,0.335,-0.1155));
#20133=CARTESIAN_POINT('',(0.4845,0.335,-0.1155));
#20134=CARTESIAN_POINT('',(0.4845,0.02,-0.1155));
#20135=CARTESIAN_POINT('',(0.5155,0.02,-0.1155));
#20136=CARTESIAN_POINT('',(0.5155,0.02,-0.1155));
#20137=CARTESIAN_POINT('',(0.5155,0.335,-0.1155));
#20138=CARTESIAN_POINT('',(0.5155,0.335,-0.1155));
#20139=CARTESIAN_POINT('',(0.5155,0.335,-0.1155));
#20140=CARTESIAN_POINT('',(0.5155,0.335,-0.0845));
#20141=CARTESIAN_POINT('',(0.5155,0.02,-0.0845));
#20142=CARTESIAN_POINT('',(0.5155,0.02,-0.0845));
#20143=CARTESIAN_POINT('',(0.5155,0.335,-0.0845));
#20144=CARTESIAN_POINT('',(0.5155,0.335,-0.0845));
#20145=CARTESIAN_POINT('',(0.5155,0.335,-0.0845));
#20146=CARTESIAN_POINT('',(0.4845,0.335,-0.0845));
#20147=CARTESIAN_POINT('',(0.4845,0.02,-0.0845));
#20148=CARTESIAN_POINT('',(0.4845,0.02,-0.0845));
#20149=CARTESIAN_POINT('',(0.4845,0.335,-0.0845));
#20150=CARTESIAN_POINT('',(0.4845,0.335,-0.0845));
#20151=CARTESIAN_POINT('',(0.4845,0.335,-0.0845));
#20152=CARTESIAN_POINT('',(0.4155,0.335,0.0845));
#20153=CARTESIAN_POINT('',(0.3845,0.335,0.0845));
#20154=CARTESIAN_POINT('',(0.3845,0.335,0.0845));
#20155=CARTESIAN_POINT('',(0.3845,0.02,0.0845));
#20156=CARTESIAN_POINT('',(0.4155,0.02,0.0845));
#20157=CARTESIAN_POINT('',(0.4155,0.02,0.0845));
#20158=CARTESIAN_POINT('',(0.4155,0.335,0.0845));
#20159=CARTESIAN_POINT('',(0.4155,0.335,0.0845));
#20160=CARTESIAN_POINT('',(0.4155,0.335,0.0845));
#20161=CARTESIAN_POINT('',(0.4155,0.335,0.1155));
#20162=CARTESIAN_POINT('',(0.4155,0.02,0.1155));
#20163=CARTESIAN_POINT('',(0.4155,0.02,0.1155));
#20164=CARTESIAN_POINT('',(0.4155,0.335,0.1155));
#20165=CARTESIAN_POINT('',(0.4155,0.335,0.1155));
#20166=CARTESIAN_POINT('',(0.4155,0.335,0.1155));
#20167=CARTESIAN_POINT('',(0.3845,0.335,0.1155));
#20168=CARTESIAN_POINT('',(0.3845,0.02,0.1155));
#20169=CARTESIAN_POINT('',(0.3845,0.02,0.1155));
#20170=CARTESIAN_POINT('',(0.3845,0.335,0.1155));
#20171=CARTESIAN_POINT('',(0.3845,0.335,0.1155));
#20172=CARTESIAN_POINT('',(0.3845,0.335,0.1155));
#20173=CARTESIAN_POINT('',(0.4155,0.335,-0.0155));
#20174=CARTESIAN_POINT('',(0.3845,0.335,-0.0155));
#20175=CARTESIAN_POINT('',(0.3845,0.335,-0.0155));
#20176=CARTESIAN_POINT('',(0.3845,0.02,-0.0155));
#20177=CARTESIAN_POINT('',(0.4155,0.02,-0.0155));
#20178=CARTESIAN_POINT('',(0.4155,0.02,-0.0155));
#20179=CARTESIAN_POINT('',(0.4155,0.335,-0.0155));
#20180=CARTESIAN_POINT('',(0.4155,0.335,-0.0155));
#20181=CARTESIAN_POINT('',(0.4155,0.335,-0.0155));
#20182=CARTESIAN_POINT('',(0.4155,0.335,0.0155));
#20183=CARTESIAN_POINT('',(0.4155,0.02,0.0155));
#20184=CARTESIAN_POINT('',(0.4155,0.02,0.0155));
#20185=CARTESIAN_POINT('',(0.4155,0.335,0.0155));
#20186=CARTESIAN_POINT('',(0.4155,0.335,0.0155));
#20187=CARTESIAN_POINT('',(0.4155,0.335,0.0155));
#20188=CARTESIAN_POINT('',(0.3845,0.335,0.0155));
#20189=CARTESIAN_POINT('',(0.3845,0.02,0.0155));
#20190=CARTESIAN_POINT('',(0.3845,0.02,0.0155));
#20191=CARTESIAN_POINT('',(0.3845,0.335,0.0155));
#20192=CARTESIAN_POINT('',(0.3845,0.335,0.0155));
#20193=CARTESIAN_POINT('',(0.3845,0.335,0.0155));
#20194=CARTESIAN_POINT('',(0.4155,0.335,-0.1155));
#20195=CARTESIAN_POINT('',(0.3845,0.335,-0.1155));
#20196=CARTESIAN_POINT('',(0.3845,0.335,-0.1155));
#20197=CARTESIAN_POINT('',(0.3845,0.02,-0.1155));
#20198=CARTESIAN_POINT('',(0.4155,0.02,-0.1155));
#20199=CARTESIAN_POINT('',(0.4155,0.02,-0.1155));
#20200=CARTESIAN_POINT('',(0.4155,0.335,-0.1155));
#20201=CARTESIAN_POINT('',(0.4155,0.335,-0.1155));
#20202=CARTESIAN_POINT('',(0.4155,0.335,-0.1155));
#20203=CARTESIAN_POINT('',(0.4155,0.335,-0.0845));
#20204=CARTESIAN_POINT('',(0.4155,0.02,-0.0845));
#20205=CARTESIAN_POINT('',(0.4155,0.02,-0.0845));
#20206=CARTESIAN_POINT('',(0.4155,0.335,-0.0845));
#20207=CARTESIAN_POINT('',(0.4155,0.335,-0.0845));
#20208=CARTESIAN_POINT('',(0.4155,0.335,-0.0845));
#20209=CARTESIAN_POINT('',(0.3845,0.335,-0.0845));
#20210=CARTESIAN_POINT('',(0.3845,0.02,-0.0845));
#20211=CARTESIAN_POINT('',(0.3845,0.02,-0.0845));
#20212=CARTESIAN_POINT('',(0.3845,0.335,-0.0845));
#20213=CARTESIAN_POINT('',(0.3845,0.335,-0.0845));
#20214=CARTESIAN_POINT('',(0.3845,0.335,-0.0845));
#20215=CARTESIAN_POINT('',(0.3155,0.335,0.0845));
#20216=CARTESIAN_POINT('',(0.2845,0.335,0.0845));
#20217=CARTESIAN_POINT('',(0.2845,0.335,0.0845));
#20218=CARTESIAN_POINT('',(0.2845,0.02,0.0845));
#20219=CARTESIAN_POINT('',(0.3155,0.02,0.0845));
#20220=CARTESIAN_POINT('',(0.3155,0.02,0.0845));
#20221=CARTESIAN_POINT('',(0.3155,0.335,0.0845));
#20222=CARTESIAN_POINT('',(0.3155,0.335,0.0845));
#20223=CARTESIAN_POINT('',(0.3155,0.335,0.0845));
#20224=CARTESIAN_POINT('',(0.3155,0.335,0.1155));
#20225=CARTESIAN_POINT('',(0.3155,0.02,0.1155));
#20226=CARTESIAN_POINT('',(0.3155,0.02,0.1155));
#20227=CARTESIAN_POINT('',(0.3155,0.335,0.1155));
#20228=CARTESIAN_POINT('',(0.3155,0.335,0.1155));
#20229=CARTESIAN_POINT('',(0.3155,0.335,0.1155));
#20230=CARTESIAN_POINT('',(0.2845,0.335,0.1155));
#20231=CARTESIAN_POINT('',(0.2845,0.02,0.1155));
#20232=CARTESIAN_POINT('',(0.2845,0.02,0.1155));
#20233=CARTESIAN_POINT('',(0.2845,0.335,0.1155));
#20234=CARTESIAN_POINT('',(0.2845,0.335,0.1155));
#20235=CARTESIAN_POINT('',(0.2845,0.335,0.1155));
#20236=CARTESIAN_POINT('',(0.3155,0.335,-0.0155));
#20237=CARTESIAN_POINT('',(0.2845,0.335,-0.0155));
#20238=CARTESIAN_POINT('',(0.2845,0.335,-0.0155));
#20239=CARTESIAN_POINT('',(0.2845,0.02,-0.0155));
#20240=CARTESIAN_POINT('',(0.3155,0.02,-0.0155));
#20241=CARTESIAN_POINT('',(0.3155,0.02,-0.0155));
#20242=CARTESIAN_POINT('',(0.3155,0.335,-0.0155));
#20243=CARTESIAN_POINT('',(0.3155,0.335,-0.0155));
#20244=CARTESIAN_POINT('',(0.3155,0.335,-0.0155));
#20245=CARTESIAN_POINT('',(0.3155,0.335,0.0155));
#20246=CARTESIAN_POINT('',(0.3155,0.02,0.0155));
#20247=CARTESIAN_POINT('',(0.3155,0.02,0.0155));
#20248=CARTESIAN_POINT('',(0.3155,0.335,0.0155));
#20249=CARTESIAN_POINT('',(0.3155,0.335,0.0155));
#20250=CARTESIAN_POINT('',(0.3155,0.335,0.0155));
#20251=CARTESIAN_POINT('',(0.2845,0.335,0.0155));
#20252=CARTESIAN_POINT('',(0.2845,0.02,0.0155));
#20253=CARTESIAN_POINT('',(0.2845,0.02,0.0155));
#20254=CARTESIAN_POINT('',(0.2845,0.335,0.0155));
#20255=CARTESIAN_POINT('',(0.2845,0.335,0.0155));
#20256=CARTESIAN_POINT('',(0.2845,0.335,0.0155));
#20257=CARTESIAN_POINT('',(0.3155,0.335,-0.1155));
#20258=CARTESIAN_POINT('',(0.2845,0.335,-0.1155));
#20259=CARTESIAN_POINT('',(0.2845,0.335,-0.1155));
#20260=CARTESIAN_POINT('',(0.2845,0.02,-0.1155));
#20261=CARTESIAN_POINT('',(0.3155,0.02,-0.1155));
#20262=CARTESIAN_POINT('',(0.3155,0.02,-0.1155));
#20263=CARTESIAN_POINT('',(0.3155,0.335,-0.1155));
#20264=CARTESIAN_POINT('',(0.3155,0.335,-0.1155));
#20265=CARTESIAN_POINT('',(0.3155,0.335,-0.1155));
#20266=CARTESIAN_POINT('',(0.3155,0.335,-0.0845));
#20267=CARTESIAN_POINT('',(0.3155,0.02,-0.0845));
#20268=CARTESIAN_POINT('',(0.3155,0.02,-0.0845));
#20269=CARTESIAN_POINT('',(0.3155,0.335,-0.0845));
#20270=CARTESIAN_POINT('',(0.3155,0.335,-0.0845));
#20271=CARTESIAN_POINT('',(0.3155,0.335,-0.0845));
#20272=CARTESIAN_POINT('',(0.2845,0.335,-0.0845));
#20273=CARTESIAN_POINT('',(0.2845,0.02,-0.0845));
#20274=CARTESIAN_POINT('',(0.2845,0.02,-0.0845));
#20275=CARTESIAN_POINT('',(0.2845,0.335,-0.0845));
#20276=CARTESIAN_POINT('',(0.2845,0.335,-0.0845));
#20277=CARTESIAN_POINT('',(0.2845,0.335,-0.0845));
#20278=CARTESIAN_POINT('',(0.2155,0.335,0.0845));
#20279=CARTESIAN_POINT('',(0.1845,0.335,0.0845));
#20280=CARTESIAN_POINT('',(0.1845,0.335,0.0845));
#20281=CARTESIAN_POINT('',(0.1845,0.02,0.0845));
#20282=CARTESIAN_POINT('',(0.2155,0.02,0.0845));
#20283=CARTESIAN_POINT('',(0.2155,0.02,0.0845));
#20284=CARTESIAN_POINT('',(0.2155,0.335,0.0845));
#20285=CARTESIAN_POINT('',(0.2155,0.335,0.0845));
#20286=CARTESIAN_POINT('',(0.2155,0.335,0.0845));
#20287=CARTESIAN_POINT('',(0.2155,0.335,0.1155));
#20288=CARTESIAN_POINT('',(0.2155,0.02,0.1155));
#20289=CARTESIAN_POINT('',(0.2155,0.02,0.1155));
#20290=CARTESIAN_POINT('',(0.2155,0.335,0.1155));
#20291=CARTESIAN_POINT('',(0.2155,0.335,0.1155));
#20292=CARTESIAN_POINT('',(0.2155,0.335,0.1155));
#20293=CARTESIAN_POINT('',(0.1845,0.335,0.1155));
#20294=CARTESIAN_POINT('',(0.1845,0.02,0.1155));
#20295=CARTESIAN_POINT('',(0.1845,0.02,0.1155));
#20296=CARTESIAN_POINT('',(0.1845,0.335,0.1155));
#20297=CARTESIAN_POINT('',(0.1845,0.335,0.1155));
#20298=CARTESIAN_POINT('',(0.1845,0.335,0.1155));
#20299=CARTESIAN_POINT('',(0.2155,0.335,-0.0155));
#20300=CARTESIAN_POINT('',(0.1845,0.335,-0.0155));
#20301=CARTESIAN_POINT('',(0.1845,0.335,-0.0155));
#20302=CARTESIAN_POINT('',(0.1845,0.02,-0.0155));
#20303=CARTESIAN_POINT('',(0.2155,0.02,-0.0155));
#20304=CARTESIAN_POINT('',(0.2155,0.02,-0.0155));
#20305=CARTESIAN_POINT('',(0.2155,0.335,-0.0155));
#20306=CARTESIAN_POINT('',(0.2155,0.335,-0.0155));
#20307=CARTESIAN_POINT('',(0.2155,0.335,-0.0155));
#20308=CARTESIAN_POINT('',(0.2155,0.335,0.0155));
#20309=CARTESIAN_POINT('',(0.2155,0.02,0.0155));
#20310=CARTESIAN_POINT('',(0.2155,0.02,0.0155));
#20311=CARTESIAN_POINT('',(0.2155,0.335,0.0155));
#20312=CARTESIAN_POINT('',(0.2155,0.335,0.0155));
#20313=CARTESIAN_POINT('',(0.2155,0.335,0.0155));
#20314=CARTESIAN_POINT('',(0.1845,0.335,0.0155));
#20315=CARTESIAN_POINT('',(0.1845,0.02,0.0155));
#20316=CARTESIAN_POINT('',(0.1845,0.02,0.0155));
#20317=CARTESIAN_POINT('',(0.1845,0.335,0.0155));
#20318=CARTESIAN_POINT('',(0.1845,0.335,0.0155));
#20319=CARTESIAN_POINT('',(0.1845,0.335,0.0155));
#20320=CARTESIAN_POINT('',(0.2155,0.335,-0.1155));
#20321=CARTESIAN_POINT('',(0.1845,0.335,-0.1155));
#20322=CARTESIAN_POINT('',(0.1845,0.335,-0.1155));
#20323=CARTESIAN_POINT('',(0.1845,0.02,-0.1155));
#20324=CARTESIAN_POINT('',(0.2155,0.02,-0.1155));
#20325=CARTESIAN_POINT('',(0.2155,0.02,-0.1155));
#20326=CARTESIAN_POINT('',(0.2155,0.335,-0.1155));
#20327=CARTESIAN_POINT('',(0.2155,0.335,-0.1155));
#20328=CARTESIAN_POINT('',(0.2155,0.335,-0.1155));
#20329=CARTESIAN_POINT('',(0.2155,0.335,-0.0845));
#20330=CARTESIAN_POINT('',(0.2155,0.02,-0.0845));
#20331=CARTESIAN_POINT('',(0.2155,0.02,-0.0845));
#20332=CARTESIAN_POINT('',(0.2155,0.335,-0.0845));
#20333=CARTESIAN_POINT('',(0.2155,0.335,-0.0845));
#20334=CARTESIAN_POINT('',(0.2155,0.335,-0.0845));
#20335=CARTESIAN_POINT('',(0.1845,0.335,-0.0845));
#20336=CARTESIAN_POINT('',(0.1845,0.02,-0.0845));
#20337=CARTESIAN_POINT('',(0.1845,0.02,-0.0845));
#20338=CARTESIAN_POINT('',(0.1845,0.335,-0.0845));
#20339=CARTESIAN_POINT('',(0.1845,0.335,-0.0845));
#20340=CARTESIAN_POINT('',(0.1845,0.335,-0.0845));
#20341=CARTESIAN_POINT('',(0.1155,0.335,0.0845));
#20342=CARTESIAN_POINT('',(0.0845,0.335,0.0845));
#20343=CARTESIAN_POINT('',(0.0845,0.335,0.0845));
#20344=CARTESIAN_POINT('',(0.0845,0.02,0.0845));
#20345=CARTESIAN_POINT('',(0.1155,0.02,0.0845));
#20346=CARTESIAN_POINT('',(0.1155,0.02,0.0845));
#20347=CARTESIAN_POINT('',(0.1155,0.335,0.0845));
#20348=CARTESIAN_POINT('',(0.1155,0.335,0.0845));
#20349=CARTESIAN_POINT('',(0.1155,0.335,0.0845));
#20350=CARTESIAN_POINT('',(0.1155,0.335,0.1155));
#20351=CARTESIAN_POINT('',(0.1155,0.02,0.1155));
#20352=CARTESIAN_POINT('',(0.1155,0.02,0.1155));
#20353=CARTESIAN_POINT('',(0.1155,0.335,0.1155));
#20354=CARTESIAN_POINT('',(0.1155,0.335,0.1155));
#20355=CARTESIAN_POINT('',(0.1155,0.335,0.1155));
#20356=CARTESIAN_POINT('',(0.0845,0.335,0.1155));
#20357=CARTESIAN_POINT('',(0.0845,0.02,0.1155));
#20358=CARTESIAN_POINT('',(0.0845,0.02,0.1155));
#20359=CARTESIAN_POINT('',(0.0845,0.335,0.1155));
#20360=CARTESIAN_POINT('',(0.0845,0.335,0.1155));
#20361=CARTESIAN_POINT('',(0.0845,0.335,0.1155));
#20362=CARTESIAN_POINT('',(0.1155,0.335,-0.0155));
#20363=CARTESIAN_POINT('',(0.0845,0.335,-0.0155));
#20364=CARTESIAN_POINT('',(0.0845,0.335,-0.0155));
#20365=CARTESIAN_POINT('',(0.0845,0.02,-0.0155));
#20366=CARTESIAN_POINT('',(0.1155,0.02,-0.0155));
#20367=CARTESIAN_POINT('',(0.1155,0.02,-0.0155));
#20368=CARTESIAN_POINT('',(0.1155,0.335,-0.0155));
#20369=CARTESIAN_POINT('',(0.1155,0.335,-0.0155));
#20370=CARTESIAN_POINT('',(0.1155,0.335,-0.0155));
#20371=CARTESIAN_POINT('',(0.1155,0.335,0.0155));
#20372=CARTESIAN_POINT('',(0.1155,0.02,0.0155));
#20373=CARTESIAN_POINT('',(0.1155,0.02,0.0155));
#20374=CARTESIAN_POINT('',(0.1155,0.335,0.0155));
#20375=CARTESIAN_POINT('',(0.1155,0.335,0.0155));
#20376=CARTESIAN_POINT('',(0.1155,0.335,0.0155));
#20377=CARTESIAN_POINT('',(0.0845,0.335,0.0155));
#20378=CARTESIAN_POINT('',(0.0845,0.02,0.0155));
#20379=CARTESIAN_POINT('',(0.0845,0.02,0.0155));
#20380=CARTESIAN_POINT('',(0.0845,0.335,0.0155));
#20381=CARTESIAN_POINT('',(0.0845,0.335,0.0155));
#20382=CARTESIAN_POINT('',(0.0845,0.335,0.0155));
#20383=CARTESIAN_POINT('',(0.1155,0.335,-0.1155));
#20384=CARTESIAN_POINT('',(0.0845,0.335,-0.1155));
#20385=CARTESIAN_POINT('',(0.0845,0.335,-0.1155));
#20386=CARTESIAN_POINT('',(0.0845,0.02,-0.1155));
#20387=CARTESIAN_POINT('',(0.1155,0.02,-0.1155));
#20388=CARTESIAN_POINT('',(0.1155,0.02,-0.1155));
#20389=CARTESIAN_POINT('',(0.1155,0.335,-0.1155));
#20390=CARTESIAN_POINT('',(0.1155,0.335,-0.1155));
#20391=CARTESIAN_POINT('',(0.1155,0.335,-0.1155));
#20392=CARTESIAN_POINT('',(0.1155,0.335,-0.0845));
#20393=CARTESIAN_POINT('',(0.1155,0.02,-0.0845));
#20394=CARTESIAN_POINT('',(0.1155,0.02,-0.0845));
#20395=CARTESIAN_POINT('',(0.1155,0.335,-0.0845));
#20396=CARTESIAN_POINT('',(0.1155,0.335,-0.0845));
#20397=CARTESIAN_POINT('',(0.1155,0.335,-0.0845));
#20398=CARTESIAN_POINT('',(0.0845,0.335,-0.0845));
#20399=CARTESIAN_POINT('',(0.0845,0.02,-0.0845));
#20400=CARTESIAN_POINT('',(0.0845,0.02,-0.0845));
#20401=CARTESIAN_POINT('',(0.0845,0.335,-0.0845));
#20402=CARTESIAN_POINT('',(0.0845,0.335,-0.0845));
#20403=CARTESIAN_POINT('',(0.0845,0.335,-0.0845));
#20404=CARTESIAN_POINT('',(0.0155,0.335,0.0845));
#20405=CARTESIAN_POINT('',(-0.0155,0.335,0.0845));
#20406=CARTESIAN_POINT('',(-0.0155,0.335,0.0845));
#20407=CARTESIAN_POINT('',(-0.0155,0.02,0.0845));
#20408=CARTESIAN_POINT('',(0.0155000000000001,0.02,0.0845));
#20409=CARTESIAN_POINT('',(0.0155,0.02,0.0845));
#20410=CARTESIAN_POINT('',(0.0155,0.335,0.0845));
#20411=CARTESIAN_POINT('',(0.0155,0.335,0.0845));
#20412=CARTESIAN_POINT('',(0.0155,0.335,0.0845));
#20413=CARTESIAN_POINT('',(0.0155,0.335,0.1155));
#20414=CARTESIAN_POINT('',(0.0155,0.02,0.1155));
#20415=CARTESIAN_POINT('',(0.0155,0.02,0.1155));
#20416=CARTESIAN_POINT('',(0.0155,0.335,0.1155));
#20417=CARTESIAN_POINT('',(0.0155,0.335,0.1155));
#20418=CARTESIAN_POINT('',(0.0155,0.335,0.1155));
#20419=CARTESIAN_POINT('',(-0.0155,0.335,0.1155));
#20420=CARTESIAN_POINT('',(-0.0155,0.02,0.1155));
#20421=CARTESIAN_POINT('',(-0.0155,0.02,0.1155));
#20422=CARTESIAN_POINT('',(-0.0155,0.335,0.1155));
#20423=CARTESIAN_POINT('',(-0.0155,0.335,0.1155));
#20424=CARTESIAN_POINT('',(-0.0155,0.335,0.1155));
#20425=CARTESIAN_POINT('',(0.0155,0.335,-0.0155));
#20426=CARTESIAN_POINT('',(-0.0155,0.335,-0.0155));
#20427=CARTESIAN_POINT('',(-0.0155,0.335,-0.0155));
#20428=CARTESIAN_POINT('',(-0.0155,0.02,-0.0155));
#20429=CARTESIAN_POINT('',(0.0155000000000001,0.02,-0.0155));
#20430=CARTESIAN_POINT('',(0.0155,0.02,-0.0155));
#20431=CARTESIAN_POINT('',(0.0155,0.335,-0.0155));
#20432=CARTESIAN_POINT('',(0.0155,0.335,-0.0155));
#20433=CARTESIAN_POINT('',(0.0155,0.335,-0.0155));
#20434=CARTESIAN_POINT('',(0.0155,0.335,0.0155));
#20435=CARTESIAN_POINT('',(0.0155,0.02,0.0155));
#20436=CARTESIAN_POINT('',(0.0155,0.02,0.0155));
#20437=CARTESIAN_POINT('',(0.0155,0.335,0.0155));
#20438=CARTESIAN_POINT('',(0.0155,0.335,0.0155));
#20439=CARTESIAN_POINT('',(0.0155,0.335,0.0155));
#20440=CARTESIAN_POINT('',(-0.0155,0.335,0.0155));
#20441=CARTESIAN_POINT('',(-0.0155,0.02,0.0155));
#20442=CARTESIAN_POINT('',(-0.0155,0.02,0.0155));
#20443=CARTESIAN_POINT('',(-0.0155,0.335,0.0155));
#20444=CARTESIAN_POINT('',(-0.0155,0.335,0.0155));
#20445=CARTESIAN_POINT('',(-0.0155,0.335,0.0155));
#20446=CARTESIAN_POINT('',(0.0155,0.335,-0.1155));
#20447=CARTESIAN_POINT('',(-0.0155,0.335,-0.1155));
#20448=CARTESIAN_POINT('',(-0.0155,0.335,-0.1155));
#20449=CARTESIAN_POINT('',(-0.0155,0.02,-0.1155));
#20450=CARTESIAN_POINT('',(0.0155000000000001,0.02,-0.1155));
#20451=CARTESIAN_POINT('',(0.0155,0.02,-0.1155));
#20452=CARTESIAN_POINT('',(0.0155,0.335,-0.1155));
#20453=CARTESIAN_POINT('',(0.0155,0.335,-0.1155));
#20454=CARTESIAN_POINT('',(0.0155,0.335,-0.1155));
#20455=CARTESIAN_POINT('',(0.0155,0.335,-0.0845));
#20456=CARTESIAN_POINT('',(0.0155,0.02,-0.0845));
#20457=CARTESIAN_POINT('',(0.0155,0.02,-0.0845));
#20458=CARTESIAN_POINT('',(0.0155,0.335,-0.0845));
#20459=CARTESIAN_POINT('',(0.0155,0.335,-0.0845));
#20460=CARTESIAN_POINT('',(0.0155,0.335,-0.0845));
#20461=CARTESIAN_POINT('',(-0.0155,0.335,-0.0845));
#20462=CARTESIAN_POINT('',(-0.0155,0.02,-0.0845));
#20463=CARTESIAN_POINT('',(-0.0155,0.02,-0.0845));
#20464=CARTESIAN_POINT('',(-0.0155,0.335,-0.0845));
#20465=CARTESIAN_POINT('',(-0.0155,0.335,-0.0845));
#20466=CARTESIAN_POINT('',(-0.0155,0.335,-0.0845));
#20467=CARTESIAN_POINT('',(-0.0845,0.335,0.0845));
#20468=CARTESIAN_POINT('',(-0.1155,0.335,0.0845));
#20469=CARTESIAN_POINT('',(-0.1155,0.335,0.0845));
#20470=CARTESIAN_POINT('',(-0.1155,0.02,0.0845));
#20471=CARTESIAN_POINT('',(-0.0845,0.02,0.0845));
#20472=CARTESIAN_POINT('',(-0.0845,0.02,0.0845));
#20473=CARTESIAN_POINT('',(-0.0845,0.335,0.0845));
#20474=CARTESIAN_POINT('',(-0.0845,0.335,0.0845));
#20475=CARTESIAN_POINT('',(-0.0845,0.335,0.0845));
#20476=CARTESIAN_POINT('',(-0.0845,0.335,0.1155));
#20477=CARTESIAN_POINT('',(-0.0845,0.02,0.1155));
#20478=CARTESIAN_POINT('',(-0.0845,0.02,0.1155));
#20479=CARTESIAN_POINT('',(-0.0845,0.335,0.1155));
#20480=CARTESIAN_POINT('',(-0.0845,0.335,0.1155));
#20481=CARTESIAN_POINT('',(-0.0845,0.335,0.1155));
#20482=CARTESIAN_POINT('',(-0.1155,0.335,0.1155));
#20483=CARTESIAN_POINT('',(-0.1155,0.02,0.1155));
#20484=CARTESIAN_POINT('',(-0.1155,0.02,0.1155));
#20485=CARTESIAN_POINT('',(-0.1155,0.335,0.1155));
#20486=CARTESIAN_POINT('',(-0.1155,0.335,0.1155));
#20487=CARTESIAN_POINT('',(-0.1155,0.335,0.1155));
#20488=CARTESIAN_POINT('',(-0.0845,0.335,-0.0155));
#20489=CARTESIAN_POINT('',(-0.1155,0.335,-0.0155));
#20490=CARTESIAN_POINT('',(-0.1155,0.335,-0.0155));
#20491=CARTESIAN_POINT('',(-0.1155,0.02,-0.0155));
#20492=CARTESIAN_POINT('',(-0.0845,0.02,-0.0155));
#20493=CARTESIAN_POINT('',(-0.0845,0.02,-0.0155));
#20494=CARTESIAN_POINT('',(-0.0845,0.335,-0.0155));
#20495=CARTESIAN_POINT('',(-0.0845,0.335,-0.0155));
#20496=CARTESIAN_POINT('',(-0.0845,0.335,-0.0155));
#20497=CARTESIAN_POINT('',(-0.0845,0.335,0.0155));
#20498=CARTESIAN_POINT('',(-0.0845,0.02,0.0155));
#20499=CARTESIAN_POINT('',(-0.0845,0.02,0.0155));
#20500=CARTESIAN_POINT('',(-0.0845,0.335,0.0155));
#20501=CARTESIAN_POINT('',(-0.0845,0.335,0.0155));
#20502=CARTESIAN_POINT('',(-0.0845,0.335,0.0155));
#20503=CARTESIAN_POINT('',(-0.1155,0.335,0.0155));
#20504=CARTESIAN_POINT('',(-0.1155,0.02,0.0155));
#20505=CARTESIAN_POINT('',(-0.1155,0.02,0.0155));
#20506=CARTESIAN_POINT('',(-0.1155,0.335,0.0155));
#20507=CARTESIAN_POINT('',(-0.1155,0.335,0.0155));
#20508=CARTESIAN_POINT('',(-0.1155,0.335,0.0155));
#20509=CARTESIAN_POINT('',(-0.0845,0.335,-0.1155));
#20510=CARTESIAN_POINT('',(-0.1155,0.335,-0.1155));
#20511=CARTESIAN_POINT('',(-0.1155,0.335,-0.1155));
#20512=CARTESIAN_POINT('',(-0.1155,0.02,-0.1155));
#20513=CARTESIAN_POINT('',(-0.0845,0.02,-0.1155));
#20514=CARTESIAN_POINT('',(-0.0845,0.02,-0.1155));
#20515=CARTESIAN_POINT('',(-0.0845,0.335,-0.1155));
#20516=CARTESIAN_POINT('',(-0.0845,0.335,-0.1155));
#20517=CARTESIAN_POINT('',(-0.0845,0.335,-0.1155));
#20518=CARTESIAN_POINT('',(-0.0845,0.335,-0.0845));
#20519=CARTESIAN_POINT('',(-0.0845,0.02,-0.0845));
#20520=CARTESIAN_POINT('',(-0.0845,0.02,-0.0845));
#20521=CARTESIAN_POINT('',(-0.0845,0.335,-0.0845));
#20522=CARTESIAN_POINT('',(-0.0845,0.335,-0.0845));
#20523=CARTESIAN_POINT('',(-0.0845,0.335,-0.0845));
#20524=CARTESIAN_POINT('',(-0.1155,0.335,-0.0845));
#20525=CARTESIAN_POINT('',(-0.1155,0.02,-0.0845));
#20526=CARTESIAN_POINT('',(-0.1155,0.02,-0.0845));
#20527=CARTESIAN_POINT('',(-0.1155,0.335,-0.0845));
#20528=CARTESIAN_POINT('',(-0.1155,0.335,-0.0845));
#20529=CARTESIAN_POINT('',(-0.1155,0.335,-0.0845));
#20530=CARTESIAN_POINT('',(-0.1845,0.335,0.0845));
#20531=CARTESIAN_POINT('',(-0.2155,0.335,0.0845));
#20532=CARTESIAN_POINT('',(-0.2155,0.335,0.0845));
#20533=CARTESIAN_POINT('',(-0.2155,0.02,0.0845));
#20534=CARTESIAN_POINT('',(-0.1845,0.02,0.0845));
#20535=CARTESIAN_POINT('',(-0.1845,0.02,0.0845));
#20536=CARTESIAN_POINT('',(-0.1845,0.335,0.0845));
#20537=CARTESIAN_POINT('',(-0.1845,0.335,0.0845));
#20538=CARTESIAN_POINT('',(-0.1845,0.335,0.0845));
#20539=CARTESIAN_POINT('',(-0.1845,0.335,0.1155));
#20540=CARTESIAN_POINT('',(-0.1845,0.02,0.1155));
#20541=CARTESIAN_POINT('',(-0.1845,0.02,0.1155));
#20542=CARTESIAN_POINT('',(-0.1845,0.335,0.1155));
#20543=CARTESIAN_POINT('',(-0.1845,0.335,0.1155));
#20544=CARTESIAN_POINT('',(-0.1845,0.335,0.1155));
#20545=CARTESIAN_POINT('',(-0.2155,0.335,0.1155));
#20546=CARTESIAN_POINT('',(-0.2155,0.02,0.1155));
#20547=CARTESIAN_POINT('',(-0.2155,0.02,0.1155));
#20548=CARTESIAN_POINT('',(-0.2155,0.335,0.1155));
#20549=CARTESIAN_POINT('',(-0.2155,0.335,0.1155));
#20550=CARTESIAN_POINT('',(-0.2155,0.335,0.1155));
#20551=CARTESIAN_POINT('',(-0.1845,0.335,-0.0155));
#20552=CARTESIAN_POINT('',(-0.2155,0.335,-0.0155));
#20553=CARTESIAN_POINT('',(-0.2155,0.335,-0.0155));
#20554=CARTESIAN_POINT('',(-0.2155,0.02,-0.0155));
#20555=CARTESIAN_POINT('',(-0.1845,0.02,-0.0155));
#20556=CARTESIAN_POINT('',(-0.1845,0.02,-0.0155));
#20557=CARTESIAN_POINT('',(-0.1845,0.335,-0.0155));
#20558=CARTESIAN_POINT('',(-0.1845,0.335,-0.0155));
#20559=CARTESIAN_POINT('',(-0.1845,0.335,-0.0155));
#20560=CARTESIAN_POINT('',(-0.1845,0.335,0.0155));
#20561=CARTESIAN_POINT('',(-0.1845,0.02,0.0155));
#20562=CARTESIAN_POINT('',(-0.1845,0.02,0.0155));
#20563=CARTESIAN_POINT('',(-0.1845,0.335,0.0155));
#20564=CARTESIAN_POINT('',(-0.1845,0.335,0.0155));
#20565=CARTESIAN_POINT('',(-0.1845,0.335,0.0155));
#20566=CARTESIAN_POINT('',(-0.2155,0.335,0.0155));
#20567=CARTESIAN_POINT('',(-0.2155,0.02,0.0155));
#20568=CARTESIAN_POINT('',(-0.2155,0.02,0.0155));
#20569=CARTESIAN_POINT('',(-0.2155,0.335,0.0155));
#20570=CARTESIAN_POINT('',(-0.2155,0.335,0.0155));
#20571=CARTESIAN_POINT('',(-0.2155,0.335,0.0155));
#20572=CARTESIAN_POINT('',(-0.1845,0.335,-0.1155));
#20573=CARTESIAN_POINT('',(-0.2155,0.335,-0.1155));
#20574=CARTESIAN_POINT('',(-0.2155,0.335,-0.1155));
#20575=CARTESIAN_POINT('',(-0.2155,0.02,-0.1155));
#20576=CARTESIAN_POINT('',(-0.1845,0.02,-0.1155));
#20577=CARTESIAN_POINT('',(-0.1845,0.02,-0.1155));
#20578=CARTESIAN_POINT('',(-0.1845,0.335,-0.1155));
#20579=CARTESIAN_POINT('',(-0.1845,0.335,-0.1155));
#20580=CARTESIAN_POINT('',(-0.1845,0.335,-0.1155));
#20581=CARTESIAN_POINT('',(-0.1845,0.335,-0.0845));
#20582=CARTESIAN_POINT('',(-0.1845,0.02,-0.0845));
#20583=CARTESIAN_POINT('',(-0.1845,0.02,-0.0845));
#20584=CARTESIAN_POINT('',(-0.1845,0.335,-0.0845));
#20585=CARTESIAN_POINT('',(-0.1845,0.335,-0.0845));
#20586=CARTESIAN_POINT('',(-0.1845,0.335,-0.0845));
#20587=CARTESIAN_POINT('',(-0.2155,0.335,-0.0845));
#20588=CARTESIAN_POINT('',(-0.2155,0.02,-0.0845));
#20589=CARTESIAN_POINT('',(-0.2155,0.02,-0.0845));
#20590=CARTESIAN_POINT('',(-0.2155,0.335,-0.0845));
#20591=CARTESIAN_POINT('',(-0.2155,0.335,-0.0845));
#20592=CARTESIAN_POINT('',(-0.2155,0.335,-0.0845));
#20593=CARTESIAN_POINT('',(-0.2845,0.335,0.0845));
#20594=CARTESIAN_POINT('',(-0.3155,0.335,0.0845));
#20595=CARTESIAN_POINT('',(-0.3155,0.335,0.0845));
#20596=CARTESIAN_POINT('',(-0.3155,0.02,0.0845));
#20597=CARTESIAN_POINT('',(-0.2845,0.02,0.0845));
#20598=CARTESIAN_POINT('',(-0.2845,0.02,0.0845));
#20599=CARTESIAN_POINT('',(-0.2845,0.335,0.0845));
#20600=CARTESIAN_POINT('',(-0.2845,0.335,0.0845));
#20601=CARTESIAN_POINT('',(-0.2845,0.335,0.0845));
#20602=CARTESIAN_POINT('',(-0.2845,0.335,0.1155));
#20603=CARTESIAN_POINT('',(-0.2845,0.02,0.1155));
#20604=CARTESIAN_POINT('',(-0.2845,0.02,0.1155));
#20605=CARTESIAN_POINT('',(-0.2845,0.335,0.1155));
#20606=CARTESIAN_POINT('',(-0.2845,0.335,0.1155));
#20607=CARTESIAN_POINT('',(-0.2845,0.335,0.1155));
#20608=CARTESIAN_POINT('',(-0.3155,0.335,0.1155));
#20609=CARTESIAN_POINT('',(-0.3155,0.02,0.1155));
#20610=CARTESIAN_POINT('',(-0.3155,0.02,0.1155));
#20611=CARTESIAN_POINT('',(-0.3155,0.335,0.1155));
#20612=CARTESIAN_POINT('',(-0.3155,0.335,0.1155));
#20613=CARTESIAN_POINT('',(-0.3155,0.335,0.1155));
#20614=CARTESIAN_POINT('',(-0.2845,0.335,-0.0155));
#20615=CARTESIAN_POINT('',(-0.3155,0.335,-0.0155));
#20616=CARTESIAN_POINT('',(-0.3155,0.335,-0.0155));
#20617=CARTESIAN_POINT('',(-0.3155,0.02,-0.0155));
#20618=CARTESIAN_POINT('',(-0.2845,0.02,-0.0155));
#20619=CARTESIAN_POINT('',(-0.2845,0.02,-0.0155));
#20620=CARTESIAN_POINT('',(-0.2845,0.335,-0.0155));
#20621=CARTESIAN_POINT('',(-0.2845,0.335,-0.0155));
#20622=CARTESIAN_POINT('',(-0.2845,0.335,-0.0155));
#20623=CARTESIAN_POINT('',(-0.2845,0.335,0.0155));
#20624=CARTESIAN_POINT('',(-0.2845,0.02,0.0155));
#20625=CARTESIAN_POINT('',(-0.2845,0.02,0.0155));
#20626=CARTESIAN_POINT('',(-0.2845,0.335,0.0155));
#20627=CARTESIAN_POINT('',(-0.2845,0.335,0.0155));
#20628=CARTESIAN_POINT('',(-0.2845,0.335,0.0155));
#20629=CARTESIAN_POINT('',(-0.3155,0.335,0.0155));
#20630=CARTESIAN_POINT('',(-0.3155,0.02,0.0155));
#20631=CARTESIAN_POINT('',(-0.3155,0.02,0.0155));
#20632=CARTESIAN_POINT('',(-0.3155,0.335,0.0155));
#20633=CARTESIAN_POINT('',(-0.3155,0.335,0.0155));
#20634=CARTESIAN_POINT('',(-0.3155,0.335,0.0155));
#20635=CARTESIAN_POINT('',(-0.2845,0.335,-0.1155));
#20636=CARTESIAN_POINT('',(-0.3155,0.335,-0.1155));
#20637=CARTESIAN_POINT('',(-0.3155,0.335,-0.1155));
#20638=CARTESIAN_POINT('',(-0.3155,0.02,-0.1155));
#20639=CARTESIAN_POINT('',(-0.2845,0.02,-0.1155));
#20640=CARTESIAN_POINT('',(-0.2845,0.02,-0.1155));
#20641=CARTESIAN_POINT('',(-0.2845,0.335,-0.1155));
#20642=CARTESIAN_POINT('',(-0.2845,0.335,-0.1155));
#20643=CARTESIAN_POINT('',(-0.2845,0.335,-0.1155));
#20644=CARTESIAN_POINT('',(-0.2845,0.335,-0.0845));
#20645=CARTESIAN_POINT('',(-0.2845,0.02,-0.0845));
#20646=CARTESIAN_POINT('',(-0.2845,0.02,-0.0845));
#20647=CARTESIAN_POINT('',(-0.2845,0.335,-0.0845));
#20648=CARTESIAN_POINT('',(-0.2845,0.335,-0.0845));
#20649=CARTESIAN_POINT('',(-0.2845,0.335,-0.0845));
#20650=CARTESIAN_POINT('',(-0.3155,0.335,-0.0845));
#20651=CARTESIAN_POINT('',(-0.3155,0.02,-0.0845));
#20652=CARTESIAN_POINT('',(-0.3155,0.02,-0.0845));
#20653=CARTESIAN_POINT('',(-0.3155,0.335,-0.0845));
#20654=CARTESIAN_POINT('',(-0.3155,0.335,-0.0845));
#20655=CARTESIAN_POINT('',(-0.3155,0.335,-0.0845));
#20656=CARTESIAN_POINT('',(-0.3845,0.335,0.0845));
#20657=CARTESIAN_POINT('',(-0.4155,0.335,0.0845));
#20658=CARTESIAN_POINT('',(-0.4155,0.335,0.0845));
#20659=CARTESIAN_POINT('',(-0.4155,0.02,0.0845));
#20660=CARTESIAN_POINT('',(-0.3845,0.02,0.0845));
#20661=CARTESIAN_POINT('',(-0.3845,0.02,0.0845));
#20662=CARTESIAN_POINT('',(-0.3845,0.335,0.0845));
#20663=CARTESIAN_POINT('',(-0.3845,0.335,0.0845));
#20664=CARTESIAN_POINT('',(-0.3845,0.335,0.0845));
#20665=CARTESIAN_POINT('',(-0.3845,0.335,0.1155));
#20666=CARTESIAN_POINT('',(-0.3845,0.02,0.1155));
#20667=CARTESIAN_POINT('',(-0.3845,0.02,0.1155));
#20668=CARTESIAN_POINT('',(-0.3845,0.335,0.1155));
#20669=CARTESIAN_POINT('',(-0.3845,0.335,0.1155));
#20670=CARTESIAN_POINT('',(-0.3845,0.335,0.1155));
#20671=CARTESIAN_POINT('',(-0.4155,0.335,0.1155));
#20672=CARTESIAN_POINT('',(-0.4155,0.02,0.1155));
#20673=CARTESIAN_POINT('',(-0.4155,0.02,0.1155));
#20674=CARTESIAN_POINT('',(-0.4155,0.335,0.1155));
#20675=CARTESIAN_POINT('',(-0.4155,0.335,0.1155));
#20676=CARTESIAN_POINT('',(-0.4155,0.335,0.1155));
#20677=CARTESIAN_POINT('',(-0.3845,0.335,-0.0155));
#20678=CARTESIAN_POINT('',(-0.4155,0.335,-0.0155));
#20679=CARTESIAN_POINT('',(-0.4155,0.335,-0.0155));
#20680=CARTESIAN_POINT('',(-0.4155,0.02,-0.0155));
#20681=CARTESIAN_POINT('',(-0.3845,0.02,-0.0155));
#20682=CARTESIAN_POINT('',(-0.3845,0.02,-0.0155));
#20683=CARTESIAN_POINT('',(-0.3845,0.335,-0.0155));
#20684=CARTESIAN_POINT('',(-0.3845,0.335,-0.0155));
#20685=CARTESIAN_POINT('',(-0.3845,0.335,-0.0155));
#20686=CARTESIAN_POINT('',(-0.3845,0.335,0.0155));
#20687=CARTESIAN_POINT('',(-0.3845,0.02,0.0155));
#20688=CARTESIAN_POINT('',(-0.3845,0.02,0.0155));
#20689=CARTESIAN_POINT('',(-0.3845,0.335,0.0155));
#20690=CARTESIAN_POINT('',(-0.3845,0.335,0.0155));
#20691=CARTESIAN_POINT('',(-0.3845,0.335,0.0155));
#20692=CARTESIAN_POINT('',(-0.4155,0.335,0.0155));
#20693=CARTESIAN_POINT('',(-0.4155,0.02,0.0155));
#20694=CARTESIAN_POINT('',(-0.4155,0.02,0.0155));
#20695=CARTESIAN_POINT('',(-0.4155,0.335,0.0155));
#20696=CARTESIAN_POINT('',(-0.4155,0.335,0.0155));
#20697=CARTESIAN_POINT('',(-0.4155,0.335,0.0155));
#20698=CARTESIAN_POINT('',(-0.3845,0.335,-0.1155));
#20699=CARTESIAN_POINT('',(-0.4155,0.335,-0.1155));
#20700=CARTESIAN_POINT('',(-0.4155,0.335,-0.1155));
#20701=CARTESIAN_POINT('',(-0.4155,0.02,-0.1155));
#20702=CARTESIAN_POINT('',(-0.3845,0.02,-0.1155));
#20703=CARTESIAN_POINT('',(-0.3845,0.02,-0.1155));
#20704=CARTESIAN_POINT('',(-0.3845,0.335,-0.1155));
#20705=CARTESIAN_POINT('',(-0.3845,0.335,-0.1155));
#20706=CARTESIAN_POINT('',(-0.3845,0.335,-0.1155));
#20707=CARTESIAN_POINT('',(-0.3845,0.335,-0.0845));
#20708=CARTESIAN_POINT('',(-0.3845,0.02,-0.0845));
#20709=CARTESIAN_POINT('',(-0.3845,0.02,-0.0845));
#20710=CARTESIAN_POINT('',(-0.3845,0.335,-0.0845));
#20711=CARTESIAN_POINT('',(-0.3845,0.335,-0.0845));
#20712=CARTESIAN_POINT('',(-0.3845,0.335,-0.0845));
#20713=CARTESIAN_POINT('',(-0.4155,0.335,-0.0845));
#20714=CARTESIAN_POINT('',(-0.4155,0.02,-0.0845));
#20715=CARTESIAN_POINT('',(-0.4155,0.02,-0.0845));
#20716=CARTESIAN_POINT('',(-0.4155,0.335,-0.0845));
#20717=CARTESIAN_POINT('',(-0.4155,0.335,-0.0845));
#20718=CARTESIAN_POINT('',(-0.4155,0.335,-0.0845));
#20719=CARTESIAN_POINT('',(-0.4845,0.335,0.0845));
#20720=CARTESIAN_POINT('',(-0.5155,0.335,0.0845));
#20721=CARTESIAN_POINT('',(-0.5155,0.335,0.0845));
#20722=CARTESIAN_POINT('',(-0.5155,0.02,0.0845));
#20723=CARTESIAN_POINT('',(-0.4845,0.02,0.0845));
#20724=CARTESIAN_POINT('',(-0.4845,0.02,0.0845));
#20725=CARTESIAN_POINT('',(-0.4845,0.335,0.0845));
#20726=CARTESIAN_POINT('',(-0.4845,0.335,0.0845));
#20727=CARTESIAN_POINT('',(-0.4845,0.335,0.0845));
#20728=CARTESIAN_POINT('',(-0.4845,0.335,0.1155));
#20729=CARTESIAN_POINT('',(-0.4845,0.02,0.1155));
#20730=CARTESIAN_POINT('',(-0.4845,0.02,0.1155));
#20731=CARTESIAN_POINT('',(-0.4845,0.335,0.1155));
#20732=CARTESIAN_POINT('',(-0.4845,0.335,0.1155));
#20733=CARTESIAN_POINT('',(-0.4845,0.335,0.1155));
#20734=CARTESIAN_POINT('',(-0.5155,0.335,0.1155));
#20735=CARTESIAN_POINT('',(-0.5155,0.02,0.1155));
#20736=CARTESIAN_POINT('',(-0.5155,0.02,0.1155));
#20737=CARTESIAN_POINT('',(-0.5155,0.335,0.1155));
#20738=CARTESIAN_POINT('',(-0.5155,0.335,0.1155));
#20739=CARTESIAN_POINT('',(-0.5155,0.335,0.1155));
#20740=CARTESIAN_POINT('',(-0.4845,0.335,-0.0155));
#20741=CARTESIAN_POINT('',(-0.5155,0.335,-0.0155));
#20742=CARTESIAN_POINT('',(-0.5155,0.335,-0.0155));
#20743=CARTESIAN_POINT('',(-0.5155,0.02,-0.0155));
#20744=CARTESIAN_POINT('',(-0.4845,0.02,-0.0155));
#20745=CARTESIAN_POINT('',(-0.4845,0.02,-0.0155));
#20746=CARTESIAN_POINT('',(-0.4845,0.335,-0.0155));
#20747=CARTESIAN_POINT('',(-0.4845,0.335,-0.0155));
#20748=CARTESIAN_POINT('',(-0.4845,0.335,-0.0155));
#20749=CARTESIAN_POINT('',(-0.4845,0.335,0.0155));
#20750=CARTESIAN_POINT('',(-0.4845,0.02,0.0155));
#20751=CARTESIAN_POINT('',(-0.4845,0.02,0.0155));
#20752=CARTESIAN_POINT('',(-0.4845,0.335,0.0155));
#20753=CARTESIAN_POINT('',(-0.4845,0.335,0.0155));
#20754=CARTESIAN_POINT('',(-0.4845,0.335,0.0155));
#20755=CARTESIAN_POINT('',(-0.5155,0.335,0.0155));
#20756=CARTESIAN_POINT('',(-0.5155,0.02,0.0155));
#20757=CARTESIAN_POINT('',(-0.5155,0.02,0.0155));
#20758=CARTESIAN_POINT('',(-0.5155,0.335,0.0155));
#20759=CARTESIAN_POINT('',(-0.5155,0.335,0.0155));
#20760=CARTESIAN_POINT('',(-0.5155,0.335,0.0155));
#20761=CARTESIAN_POINT('',(-0.4845,0.335,-0.1155));
#20762=CARTESIAN_POINT('',(-0.5155,0.335,-0.1155));
#20763=CARTESIAN_POINT('',(-0.5155,0.335,-0.1155));
#20764=CARTESIAN_POINT('',(-0.5155,0.02,-0.1155));
#20765=CARTESIAN_POINT('',(-0.4845,0.02,-0.1155));
#20766=CARTESIAN_POINT('',(-0.4845,0.02,-0.1155));
#20767=CARTESIAN_POINT('',(-0.4845,0.335,-0.1155));
#20768=CARTESIAN_POINT('',(-0.4845,0.335,-0.1155));
#20769=CARTESIAN_POINT('',(-0.4845,0.335,-0.1155));
#20770=CARTESIAN_POINT('',(-0.4845,0.335,-0.0845));
#20771=CARTESIAN_POINT('',(-0.4845,0.02,-0.0845));
#20772=CARTESIAN_POINT('',(-0.4845,0.02,-0.0845));
#20773=CARTESIAN_POINT('',(-0.4845,0.335,-0.0845));
#20774=CARTESIAN_POINT('',(-0.4845,0.335,-0.0845));
#20775=CARTESIAN_POINT('',(-0.4845,0.335,-0.0845));
#20776=CARTESIAN_POINT('',(-0.5155,0.335,-0.0845));
#20777=CARTESIAN_POINT('',(-0.5155,0.02,-0.0845));
#20778=CARTESIAN_POINT('',(-0.5155,0.02,-0.0845));
#20779=CARTESIAN_POINT('',(-0.5155,0.335,-0.0845));
#20780=CARTESIAN_POINT('',(-0.5155,0.335,-0.0845));
#20781=CARTESIAN_POINT('',(-0.5155,0.335,-0.0845));
#20782=CARTESIAN_POINT('',(-0.5845,0.335,0.0845));
#20783=CARTESIAN_POINT('',(-0.6155,0.335,0.0845));
#20784=CARTESIAN_POINT('',(-0.6155,0.335,0.0845));
#20785=CARTESIAN_POINT('',(-0.6155,0.02,0.0845));
#20786=CARTESIAN_POINT('',(-0.5845,0.02,0.0845));
#20787=CARTESIAN_POINT('',(-0.5845,0.02,0.0845));
#20788=CARTESIAN_POINT('',(-0.5845,0.335,0.0845));
#20789=CARTESIAN_POINT('',(-0.5845,0.335,0.0845));
#20790=CARTESIAN_POINT('',(-0.5845,0.335,0.0845));
#20791=CARTESIAN_POINT('',(-0.5845,0.335,0.1155));
#20792=CARTESIAN_POINT('',(-0.5845,0.02,0.1155));
#20793=CARTESIAN_POINT('',(-0.5845,0.02,0.1155));
#20794=CARTESIAN_POINT('',(-0.5845,0.335,0.1155));
#20795=CARTESIAN_POINT('',(-0.5845,0.335,0.1155));
#20796=CARTESIAN_POINT('',(-0.5845,0.335,0.1155));
#20797=CARTESIAN_POINT('',(-0.6155,0.335,0.1155));
#20798=CARTESIAN_POINT('',(-0.6155,0.02,0.1155));
#20799=CARTESIAN_POINT('',(-0.6155,0.02,0.1155));
#20800=CARTESIAN_POINT('',(-0.6155,0.335,0.1155));
#20801=CARTESIAN_POINT('',(-0.6155,0.335,0.1155));
#20802=CARTESIAN_POINT('',(-0.6155,0.335,0.1155));
#20803=CARTESIAN_POINT('',(-0.5845,0.335,-0.0155));
#20804=CARTESIAN_POINT('',(-0.6155,0.335,-0.0155));
#20805=CARTESIAN_POINT('',(-0.6155,0.335,-0.0155));
#20806=CARTESIAN_POINT('',(-0.6155,0.02,-0.0155));
#20807=CARTESIAN_POINT('',(-0.5845,0.02,-0.0155));
#20808=CARTESIAN_POINT('',(-0.5845,0.02,-0.0155));
#20809=CARTESIAN_POINT('',(-0.5845,0.335,-0.0155));
#20810=CARTESIAN_POINT('',(-0.5845,0.335,-0.0155));
#20811=CARTESIAN_POINT('',(-0.5845,0.335,-0.0155));
#20812=CARTESIAN_POINT('',(-0.5845,0.335,0.0155));
#20813=CARTESIAN_POINT('',(-0.5845,0.02,0.0155));
#20814=CARTESIAN_POINT('',(-0.5845,0.02,0.0155));
#20815=CARTESIAN_POINT('',(-0.5845,0.335,0.0155));
#20816=CARTESIAN_POINT('',(-0.5845,0.335,0.0155));
#20817=CARTESIAN_POINT('',(-0.5845,0.335,0.0155));
#20818=CARTESIAN_POINT('',(-0.6155,0.335,0.0155));
#20819=CARTESIAN_POINT('',(-0.6155,0.02,0.0155));
#20820=CARTESIAN_POINT('',(-0.6155,0.02,0.0155));
#20821=CARTESIAN_POINT('',(-0.6155,0.335,0.0155));
#20822=CARTESIAN_POINT('',(-0.6155,0.335,0.0155));
#20823=CARTESIAN_POINT('',(-0.6155,0.335,0.0155));
#20824=CARTESIAN_POINT('',(-0.5845,0.335,-0.1155));
#20825=CARTESIAN_POINT('',(-0.6155,0.335,-0.1155));
#20826=CARTESIAN_POINT('',(-0.6155,0.335,-0.1155));
#20827=CARTESIAN_POINT('',(-0.6155,0.02,-0.1155));
#20828=CARTESIAN_POINT('',(-0.5845,0.02,-0.1155));
#20829=CARTESIAN_POINT('',(-0.5845,0.02,-0.1155));
#20830=CARTESIAN_POINT('',(-0.5845,0.335,-0.1155));
#20831=CARTESIAN_POINT('',(-0.5845,0.335,-0.1155));
#20832=CARTESIAN_POINT('',(-0.5845,0.335,-0.1155));
#20833=CARTESIAN_POINT('',(-0.5845,0.335,-0.0845));
#20834=CARTESIAN_POINT('',(-0.5845,0.02,-0.0845));
#20835=CARTESIAN_POINT('',(-0.5845,0.02,-0.0845));
#20836=CARTESIAN_POINT('',(-0.5845,0.335,-0.0845));
#20837=CARTESIAN_POINT('',(-0.5845,0.335,-0.0845));
#20838=CARTESIAN_POINT('',(-0.5845,0.335,-0.0845));
#20839=CARTESIAN_POINT('',(-0.6155,0.335,-0.0845));
#20840=CARTESIAN_POINT('',(-0.6155,0.02,-0.0845));
#20841=CARTESIAN_POINT('',(-0.6155,0.02,-0.0845));
#20842=CARTESIAN_POINT('',(-0.6155,0.335,-0.0845));
#20843=CARTESIAN_POINT('',(-0.6155,0.335,-0.0845));
#20844=CARTESIAN_POINT('',(-0.6155,0.335,-0.0845));
#20845=CARTESIAN_POINT('',(-0.6845,0.335,0.0845));
#20846=CARTESIAN_POINT('',(-0.7155,0.335,0.0845));
#20847=CARTESIAN_POINT('',(-0.7155,0.335,0.0845));
#20848=CARTESIAN_POINT('',(-0.7155,0.02,0.0845));
#20849=CARTESIAN_POINT('',(-0.6845,0.02,0.0845));
#20850=CARTESIAN_POINT('',(-0.6845,0.02,0.0845));
#20851=CARTESIAN_POINT('',(-0.6845,0.335,0.0845));
#20852=CARTESIAN_POINT('',(-0.6845,0.335,0.0845));
#20853=CARTESIAN_POINT('',(-0.6845,0.335,0.0845));
#20854=CARTESIAN_POINT('',(-0.6845,0.335,0.1155));
#20855=CARTESIAN_POINT('',(-0.6845,0.02,0.1155));
#20856=CARTESIAN_POINT('',(-0.6845,0.02,0.1155));
#20857=CARTESIAN_POINT('',(-0.6845,0.335,0.1155));
#20858=CARTESIAN_POINT('',(-0.6845,0.335,0.1155));
#20859=CARTESIAN_POINT('',(-0.6845,0.335,0.1155));
#20860=CARTESIAN_POINT('',(-0.7155,0.335,0.1155));
#20861=CARTESIAN_POINT('',(-0.7155,0.02,0.1155));
#20862=CARTESIAN_POINT('',(-0.7155,0.02,0.1155));
#20863=CARTESIAN_POINT('',(-0.7155,0.335,0.1155));
#20864=CARTESIAN_POINT('',(-0.7155,0.335,0.1155));
#20865=CARTESIAN_POINT('',(-0.7155,0.335,0.1155));
#20866=CARTESIAN_POINT('',(-0.6845,0.335,-0.0155));
#20867=CARTESIAN_POINT('',(-0.7155,0.335,-0.0155));
#20868=CARTESIAN_POINT('',(-0.7155,0.335,-0.0155));
#20869=CARTESIAN_POINT('',(-0.7155,0.02,-0.0155));
#20870=CARTESIAN_POINT('',(-0.6845,0.02,-0.0155));
#20871=CARTESIAN_POINT('',(-0.6845,0.02,-0.0155));
#20872=CARTESIAN_POINT('',(-0.6845,0.335,-0.0155));
#20873=CARTESIAN_POINT('',(-0.6845,0.335,-0.0155));
#20874=CARTESIAN_POINT('',(-0.6845,0.335,-0.0155));
#20875=CARTESIAN_POINT('',(-0.6845,0.335,0.0155));
#20876=CARTESIAN_POINT('',(-0.6845,0.02,0.0155));
#20877=CARTESIAN_POINT('',(-0.6845,0.02,0.0155));
#20878=CARTESIAN_POINT('',(-0.6845,0.335,0.0155));
#20879=CARTESIAN_POINT('',(-0.6845,0.335,0.0155));
#20880=CARTESIAN_POINT('',(-0.6845,0.335,0.0155));
#20881=CARTESIAN_POINT('',(-0.7155,0.335,0.0155));
#20882=CARTESIAN_POINT('',(-0.7155,0.02,0.0155));
#20883=CARTESIAN_POINT('',(-0.7155,0.02,0.0155));
#20884=CARTESIAN_POINT('',(-0.7155,0.335,0.0155));
#20885=CARTESIAN_POINT('',(-0.7155,0.335,0.0155));
#20886=CARTESIAN_POINT('',(-0.7155,0.335,0.0155));
#20887=CARTESIAN_POINT('',(-0.6845,0.335,-0.1155));
#20888=CARTESIAN_POINT('',(-0.7155,0.335,-0.1155));
#20889=CARTESIAN_POINT('',(-0.7155,0.335,-0.1155));
#20890=CARTESIAN_POINT('',(-0.7155,0.02,-0.1155));
#20891=CARTESIAN_POINT('',(-0.6845,0.02,-0.1155));
#20892=CARTESIAN_POINT('',(-0.6845,0.02,-0.1155));
#20893=CARTESIAN_POINT('',(-0.6845,0.335,-0.1155));
#20894=CARTESIAN_POINT('',(-0.6845,0.335,-0.1155));
#20895=CARTESIAN_POINT('',(-0.6845,0.335,-0.1155));
#20896=CARTESIAN_POINT('',(-0.6845,0.335,-0.0845));
#20897=CARTESIAN_POINT('',(-0.6845,0.02,-0.0845));
#20898=CARTESIAN_POINT('',(-0.6845,0.02,-0.0845));
#20899=CARTESIAN_POINT('',(-0.6845,0.335,-0.0845));
#20900=CARTESIAN_POINT('',(-0.6845,0.335,-0.0845));
#20901=CARTESIAN_POINT('',(-0.6845,0.335,-0.0845));
#20902=CARTESIAN_POINT('',(-0.7155,0.335,-0.0845));
#20903=CARTESIAN_POINT('',(-0.7155,0.02,-0.0845));
#20904=CARTESIAN_POINT('',(-0.7155,0.02,-0.0845));
#20905=CARTESIAN_POINT('',(-0.7155,0.335,-0.0845));
#20906=CARTESIAN_POINT('',(-0.7155,0.335,-0.0845));
#20907=CARTESIAN_POINT('',(-0.7155,0.335,-0.0845));
#20908=CARTESIAN_POINT('',(0.6845,0.335,0.0845));
#20909=CARTESIAN_POINT('',(0.6845,0.02,0.0845));
#20910=CARTESIAN_POINT('',(0.6845,0.335,0.0845));
#20911=CARTESIAN_POINT('',(0.6845,0.335,-0.0155));
#20912=CARTESIAN_POINT('',(0.6845,0.02,-0.0155));
#20913=CARTESIAN_POINT('',(0.6845,0.335,-0.0155));
#20914=CARTESIAN_POINT('',(0.6845,0.335,-0.1155));
#20915=CARTESIAN_POINT('',(0.6845,0.02,-0.1155));
#20916=CARTESIAN_POINT('',(0.6845,0.335,-0.1155));
#20917=CARTESIAN_POINT('',(0.5845,0.335,0.0845));
#20918=CARTESIAN_POINT('',(0.5845,0.02,0.0845));
#20919=CARTESIAN_POINT('',(0.5845,0.335,0.0845));
#20920=CARTESIAN_POINT('',(0.5845,0.335,-0.0155));
#20921=CARTESIAN_POINT('',(0.5845,0.02,-0.0155));
#20922=CARTESIAN_POINT('',(0.5845,0.335,-0.0155));
#20923=CARTESIAN_POINT('',(0.5845,0.335,-0.1155));
#20924=CARTESIAN_POINT('',(0.5845,0.02,-0.1155));
#20925=CARTESIAN_POINT('',(0.5845,0.335,-0.1155));
#20926=CARTESIAN_POINT('',(0.4845,0.335,0.0845));
#20927=CARTESIAN_POINT('',(0.4845,0.02,0.0845));
#20928=CARTESIAN_POINT('',(0.4845,0.335,0.0845));
#20929=CARTESIAN_POINT('',(0.4845,0.335,-0.0155));
#20930=CARTESIAN_POINT('',(0.4845,0.02,-0.0155));
#20931=CARTESIAN_POINT('',(0.4845,0.335,-0.0155));
#20932=CARTESIAN_POINT('',(0.4845,0.335,-0.1155));
#20933=CARTESIAN_POINT('',(0.4845,0.02,-0.1155));
#20934=CARTESIAN_POINT('',(0.4845,0.335,-0.1155));
#20935=CARTESIAN_POINT('',(0.3845,0.335,0.0845));
#20936=CARTESIAN_POINT('',(0.3845,0.02,0.0845));
#20937=CARTESIAN_POINT('',(0.3845,0.335,0.0845));
#20938=CARTESIAN_POINT('',(0.3845,0.335,-0.0155));
#20939=CARTESIAN_POINT('',(0.3845,0.02,-0.0155));
#20940=CARTESIAN_POINT('',(0.3845,0.335,-0.0155));
#20941=CARTESIAN_POINT('',(0.3845,0.335,-0.1155));
#20942=CARTESIAN_POINT('',(0.3845,0.02,-0.1155));
#20943=CARTESIAN_POINT('',(0.3845,0.335,-0.1155));
#20944=CARTESIAN_POINT('',(0.2845,0.335,0.0845));
#20945=CARTESIAN_POINT('',(0.2845,0.02,0.0845));
#20946=CARTESIAN_POINT('',(0.2845,0.335,0.0845));
#20947=CARTESIAN_POINT('',(0.2845,0.335,-0.0155));
#20948=CARTESIAN_POINT('',(0.2845,0.02,-0.0155));
#20949=CARTESIAN_POINT('',(0.2845,0.335,-0.0155));
#20950=CARTESIAN_POINT('',(0.2845,0.335,-0.1155));
#20951=CARTESIAN_POINT('',(0.2845,0.02,-0.1155));
#20952=CARTESIAN_POINT('',(0.2845,0.335,-0.1155));
#20953=CARTESIAN_POINT('',(0.1845,0.335,0.0845));
#20954=CARTESIAN_POINT('',(0.1845,0.02,0.0845));
#20955=CARTESIAN_POINT('',(0.1845,0.335,0.0845));
#20956=CARTESIAN_POINT('',(0.1845,0.335,-0.0155));
#20957=CARTESIAN_POINT('',(0.1845,0.02,-0.0155));
#20958=CARTESIAN_POINT('',(0.1845,0.335,-0.0155));
#20959=CARTESIAN_POINT('',(0.1845,0.335,-0.1155));
#20960=CARTESIAN_POINT('',(0.1845,0.02,-0.1155));
#20961=CARTESIAN_POINT('',(0.1845,0.335,-0.1155));
#20962=CARTESIAN_POINT('',(0.0845,0.335,0.0845));
#20963=CARTESIAN_POINT('',(0.0845,0.02,0.0845));
#20964=CARTESIAN_POINT('',(0.0845,0.335,0.0845));
#20965=CARTESIAN_POINT('',(0.0845,0.335,-0.0155));
#20966=CARTESIAN_POINT('',(0.0845,0.02,-0.0155));
#20967=CARTESIAN_POINT('',(0.0845,0.335,-0.0155));
#20968=CARTESIAN_POINT('',(0.0845,0.335,-0.1155));
#20969=CARTESIAN_POINT('',(0.0845,0.02,-0.1155));
#20970=CARTESIAN_POINT('',(0.0845,0.335,-0.1155));
#20971=CARTESIAN_POINT('',(-0.0155,0.335,0.0845));
#20972=CARTESIAN_POINT('',(-0.0155,0.02,0.0845));
#20973=CARTESIAN_POINT('',(-0.0155,0.335,0.0845));
#20974=CARTESIAN_POINT('',(-0.0155,0.335,-0.0155));
#20975=CARTESIAN_POINT('',(-0.0155,0.02,-0.0155));
#20976=CARTESIAN_POINT('',(-0.0155,0.335,-0.0155));
#20977=CARTESIAN_POINT('',(-0.0155,0.335,-0.1155));
#20978=CARTESIAN_POINT('',(-0.0155,0.02,-0.1155));
#20979=CARTESIAN_POINT('',(-0.0155,0.335,-0.1155));
#20980=CARTESIAN_POINT('',(-0.1155,0.335,0.0845));
#20981=CARTESIAN_POINT('',(-0.1155,0.02,0.0845));
#20982=CARTESIAN_POINT('',(-0.1155,0.335,0.0845));
#20983=CARTESIAN_POINT('',(-0.1155,0.335,-0.0155));
#20984=CARTESIAN_POINT('',(-0.1155,0.02,-0.0155));
#20985=CARTESIAN_POINT('',(-0.1155,0.335,-0.0155));
#20986=CARTESIAN_POINT('',(-0.1155,0.335,-0.1155));
#20987=CARTESIAN_POINT('',(-0.1155,0.02,-0.1155));
#20988=CARTESIAN_POINT('',(-0.1155,0.335,-0.1155));
#20989=CARTESIAN_POINT('',(-0.2155,0.335,0.0845));
#20990=CARTESIAN_POINT('',(-0.2155,0.02,0.0845));
#20991=CARTESIAN_POINT('',(-0.2155,0.335,0.0845));
#20992=CARTESIAN_POINT('',(-0.2155,0.335,-0.0155));
#20993=CARTESIAN_POINT('',(-0.2155,0.02,-0.0155));
#20994=CARTESIAN_POINT('',(-0.2155,0.335,-0.0155));
#20995=CARTESIAN_POINT('',(-0.2155,0.335,-0.1155));
#20996=CARTESIAN_POINT('',(-0.2155,0.02,-0.1155));
#20997=CARTESIAN_POINT('',(-0.2155,0.335,-0.1155));
#20998=CARTESIAN_POINT('',(-0.3155,0.335,0.0845));
#20999=CARTESIAN_POINT('',(-0.3155,0.02,0.0845));
#21000=CARTESIAN_POINT('',(-0.3155,0.335,0.0845));
#21001=CARTESIAN_POINT('',(-0.3155,0.335,-0.0155));
#21002=CARTESIAN_POINT('',(-0.3155,0.02,-0.0155));
#21003=CARTESIAN_POINT('',(-0.3155,0.335,-0.0155));
#21004=CARTESIAN_POINT('',(-0.3155,0.335,-0.1155));
#21005=CARTESIAN_POINT('',(-0.3155,0.02,-0.1155));
#21006=CARTESIAN_POINT('',(-0.3155,0.335,-0.1155));
#21007=CARTESIAN_POINT('',(-0.4155,0.335,0.0845));
#21008=CARTESIAN_POINT('',(-0.4155,0.02,0.0845));
#21009=CARTESIAN_POINT('',(-0.4155,0.335,0.0845));
#21010=CARTESIAN_POINT('',(-0.4155,0.335,-0.0155));
#21011=CARTESIAN_POINT('',(-0.4155,0.02,-0.0155));
#21012=CARTESIAN_POINT('',(-0.4155,0.335,-0.0155));
#21013=CARTESIAN_POINT('',(-0.4155,0.335,-0.1155));
#21014=CARTESIAN_POINT('',(-0.4155,0.02,-0.1155));
#21015=CARTESIAN_POINT('',(-0.4155,0.335,-0.1155));
#21016=CARTESIAN_POINT('',(-0.5155,0.335,0.0845));
#21017=CARTESIAN_POINT('',(-0.5155,0.02,0.0845));
#21018=CARTESIAN_POINT('',(-0.5155,0.335,0.0845));
#21019=CARTESIAN_POINT('',(-0.5155,0.335,-0.0155));
#21020=CARTESIAN_POINT('',(-0.5155,0.02,-0.0155));
#21021=CARTESIAN_POINT('',(-0.5155,0.335,-0.0155));
#21022=CARTESIAN_POINT('',(-0.5155,0.335,-0.1155));
#21023=CARTESIAN_POINT('',(-0.5155,0.02,-0.1155));
#21024=CARTESIAN_POINT('',(-0.5155,0.335,-0.1155));
#21025=CARTESIAN_POINT('',(-0.6155,0.335,0.0845));
#21026=CARTESIAN_POINT('',(-0.6155,0.02,0.0845));
#21027=CARTESIAN_POINT('',(-0.6155,0.335,0.0845));
#21028=CARTESIAN_POINT('',(-0.6155,0.335,-0.0155));
#21029=CARTESIAN_POINT('',(-0.6155,0.02,-0.0155));
#21030=CARTESIAN_POINT('',(-0.6155,0.335,-0.0155));
#21031=CARTESIAN_POINT('',(-0.6155,0.335,-0.1155));
#21032=CARTESIAN_POINT('',(-0.6155,0.02,-0.1155));
#21033=CARTESIAN_POINT('',(-0.6155,0.335,-0.1155));
#21034=CARTESIAN_POINT('',(-0.7155,0.335,0.0845));
#21035=CARTESIAN_POINT('',(-0.7155,0.02,0.0845));
#21036=CARTESIAN_POINT('',(-0.7155,0.335,0.0845));
#21037=CARTESIAN_POINT('',(-0.7155,0.335,-0.0155));
#21038=CARTESIAN_POINT('',(-0.7155,0.02,-0.0155));
#21039=CARTESIAN_POINT('',(-0.7155,0.335,-0.0155));
#21040=CARTESIAN_POINT('',(-0.7155,0.335,-0.1155));
#21041=CARTESIAN_POINT('',(-0.7155,0.02,-0.1155));
#21042=CARTESIAN_POINT('',(-0.7155,0.335,-0.1155));
#21043=CARTESIAN_POINT('',(0.,0.,0.));
#21044=CARTESIAN_POINT('',(-0.74,0.,0.));
#21045=CARTESIAN_POINT('',(-0.76,0.,-0.1475));
#21046=CARTESIAN_POINT('',(0.,0.,0.));
#21047=CARTESIAN_POINT('',(0.74,0.,0.));
#21048=CARTESIAN_POINT('',(0.76,0.,0.1475));
#21049=CARTESIAN_POINT('',(0.,0.,0.));
#21050=CARTESIAN_POINT('',(0.66,0.,0.));
#21051=CARTESIAN_POINT('',(0.64,0.,0.));
#21052=CARTESIAN_POINT('',(0.,0.,0.));
#21053=CARTESIAN_POINT('',(0.56,0.,0.));
#21054=CARTESIAN_POINT('',(0.54,0.,0.));
#21055=CARTESIAN_POINT('',(0.,0.,0.));
#21056=CARTESIAN_POINT('',(0.46,0.,0.));
#21057=CARTESIAN_POINT('',(0.44,0.,0.));
#21058=CARTESIAN_POINT('',(0.,0.,0.));
#21059=CARTESIAN_POINT('',(0.36,0.,0.));
#21060=CARTESIAN_POINT('',(0.34,0.,0.));
#21061=CARTESIAN_POINT('',(0.,0.,0.));
#21062=CARTESIAN_POINT('',(0.26,0.,0.));
#21063=CARTESIAN_POINT('',(0.24,0.,0.));
#21064=CARTESIAN_POINT('',(0.,0.,0.));
#21065=CARTESIAN_POINT('',(0.16,0.,0.));
#21066=CARTESIAN_POINT('',(0.14,0.,0.));
#21067=CARTESIAN_POINT('',(0.,0.,0.));
#21068=CARTESIAN_POINT('',(0.0599999999999999,0.,0.));
#21069=CARTESIAN_POINT('',(0.0399999999999999,0.,0.));
#21070=CARTESIAN_POINT('',(0.,0.,0.));
#21071=CARTESIAN_POINT('',(-0.0400000000000001,0.,0.));
#21072=CARTESIAN_POINT('',(-0.0600000000000001,0.,0.));
#21073=CARTESIAN_POINT('',(0.,0.,0.));
#21074=CARTESIAN_POINT('',(-0.14,0.,0.));
#21075=CARTESIAN_POINT('',(-0.16,0.,0.));
#21076=CARTESIAN_POINT('',(0.,0.,0.));
#21077=CARTESIAN_POINT('',(-0.24,0.,0.));
#21078=CARTESIAN_POINT('',(-0.26,0.,0.));
#21079=CARTESIAN_POINT('',(0.,0.,0.));
#21080=CARTESIAN_POINT('',(-0.34,0.,0.));
#21081=CARTESIAN_POINT('',(-0.36,0.,0.));
#21082=CARTESIAN_POINT('',(0.,0.,0.));
#21083=CARTESIAN_POINT('',(-0.44,0.,0.));
#21084=CARTESIAN_POINT('',(-0.46,0.,0.));
#21085=CARTESIAN_POINT('',(0.,0.,0.));
#21086=CARTESIAN_POINT('',(-0.54,0.,0.));
#21087=CARTESIAN_POINT('',(-0.56,0.,0.));
#21088=CARTESIAN_POINT('',(0.,0.,0.));
#21089=CARTESIAN_POINT('',(-0.64,0.,0.));
#21090=CARTESIAN_POINT('',(-0.66,0.,0.));
#21091=CARTESIAN_POINT('',(-0.76,0.335,-0.1475));
#21092=CARTESIAN_POINT('',(-0.76,0.335,-0.1475));
#21093=CARTESIAN_POINT('',(0.76,0.335,0.1475));
#21094=CARTESIAN_POINT('',(0.76,0.335,0.1475));
#21095=CARTESIAN_POINT('',(0.,0.335,0.));
#21096=CARTESIAN_POINT('',(-0.66,-0.05,0.2));
#21097=CARTESIAN_POINT('',(-0.66,0.02,0.2));
#21098=CARTESIAN_POINT('',(-0.74,0.02,0.2));
#21099=CARTESIAN_POINT('',(-0.74,0.02,0.2));
#21100=CARTESIAN_POINT('',(-0.66,0.02,0.2));
#21101=CARTESIAN_POINT('',(-0.56,-0.05,0.2));
#21102=CARTESIAN_POINT('',(-0.56,0.02,0.2));
#21103=CARTESIAN_POINT('',(-0.64,0.02,0.2));
#21104=CARTESIAN_POINT('',(-0.64,0.02,0.2));
#21105=CARTESIAN_POINT('',(-0.56,0.02,0.2));
#21106=CARTESIAN_POINT('',(-0.46,-0.05,0.2));
#21107=CARTESIAN_POINT('',(-0.46,0.02,0.2));
#21108=CARTESIAN_POINT('',(-0.54,0.02,0.2));
#21109=CARTESIAN_POINT('',(-0.54,0.02,0.2));
#21110=CARTESIAN_POINT('',(-0.46,0.02,0.2));
#21111=CARTESIAN_POINT('',(-0.36,-0.05,0.2));
#21112=CARTESIAN_POINT('',(-0.36,0.02,0.2));
#21113=CARTESIAN_POINT('',(-0.44,0.02,0.2));
#21114=CARTESIAN_POINT('',(-0.44,0.02,0.2));
#21115=CARTESIAN_POINT('',(-0.36,0.02,0.2));
#21116=CARTESIAN_POINT('',(-0.26,-0.05,0.2));
#21117=CARTESIAN_POINT('',(-0.26,0.02,0.2));
#21118=CARTESIAN_POINT('',(-0.34,0.02,0.2));
#21119=CARTESIAN_POINT('',(-0.34,0.02,0.2));
#21120=CARTESIAN_POINT('',(-0.26,0.02,0.2));
#21121=CARTESIAN_POINT('',(-0.16,-0.05,0.2));
#21122=CARTESIAN_POINT('',(-0.16,0.02,0.2));
#21123=CARTESIAN_POINT('',(-0.24,0.02,0.2));
#21124=CARTESIAN_POINT('',(-0.24,0.02,0.2));
#21125=CARTESIAN_POINT('',(-0.16,0.02,0.2));
#21126=CARTESIAN_POINT('',(-0.0600000000000001,-0.05,0.2));
#21127=CARTESIAN_POINT('',(-0.0600000000000001,0.02,0.2));
#21128=CARTESIAN_POINT('',(-0.14,0.02,0.2));
#21129=CARTESIAN_POINT('',(-0.14,0.02,0.2));
#21130=CARTESIAN_POINT('',(-0.0600000000000001,0.02,0.2));
#21131=CARTESIAN_POINT('',(0.0399999999999999,-0.05,0.2));
#21132=CARTESIAN_POINT('',(0.0399999999999999,0.02,0.2));
#21133=CARTESIAN_POINT('',(-0.0400000000000001,0.02,0.2));
#21134=CARTESIAN_POINT('',(-0.0400000000000001,0.02,0.2));
#21135=CARTESIAN_POINT('',(0.0399999999999999,0.02,0.2));
#21136=CARTESIAN_POINT('',(0.14,-0.05,0.2));
#21137=CARTESIAN_POINT('',(0.14,0.02,0.2));
#21138=CARTESIAN_POINT('',(0.0599999999999999,0.02,0.2));
#21139=CARTESIAN_POINT('',(0.0599999999999999,0.02,0.2));
#21140=CARTESIAN_POINT('',(0.14,0.02,0.2));
#21141=CARTESIAN_POINT('',(0.24,-0.05,0.2));
#21142=CARTESIAN_POINT('',(0.24,0.02,0.2));
#21143=CARTESIAN_POINT('',(0.16,0.02,0.2));
#21144=CARTESIAN_POINT('',(0.16,0.02,0.2));
#21145=CARTESIAN_POINT('',(0.24,0.02,0.2));
#21146=CARTESIAN_POINT('',(0.34,-0.05,0.2));
#21147=CARTESIAN_POINT('',(0.34,0.02,0.2));
#21148=CARTESIAN_POINT('',(0.26,0.02,0.2));
#21149=CARTESIAN_POINT('',(0.26,0.02,0.2));
#21150=CARTESIAN_POINT('',(0.34,0.02,0.2));
#21151=CARTESIAN_POINT('',(0.44,-0.05,0.2));
#21152=CARTESIAN_POINT('',(0.44,0.02,0.2));
#21153=CARTESIAN_POINT('',(0.36,0.02,0.2));
#21154=CARTESIAN_POINT('',(0.36,0.02,0.2));
#21155=CARTESIAN_POINT('',(0.44,0.02,0.2));
#21156=CARTESIAN_POINT('',(0.54,-0.05,0.2));
#21157=CARTESIAN_POINT('',(0.54,0.02,0.2));
#21158=CARTESIAN_POINT('',(0.46,0.02,0.2));
#21159=CARTESIAN_POINT('',(0.46,0.02,0.2));
#21160=CARTESIAN_POINT('',(0.54,0.02,0.2));
#21161=CARTESIAN_POINT('',(0.64,-0.05,0.2));
#21162=CARTESIAN_POINT('',(0.64,0.02,0.2));
#21163=CARTESIAN_POINT('',(0.56,0.02,0.2));
#21164=CARTESIAN_POINT('',(0.56,0.02,0.2));
#21165=CARTESIAN_POINT('',(0.64,0.02,0.2));
#21166=CARTESIAN_POINT('',(0.74,0.02,0.2));
#21167=CARTESIAN_POINT('',(0.74,0.02,0.2));
#21168=CARTESIAN_POINT('',(0.66,0.02,0.2));
#21169=CARTESIAN_POINT('',(0.74,-0.08,0.2));
#21170=CARTESIAN_POINT('',(0.66,0.02,0.2));
#21171=CARTESIAN_POINT('',(0.,0.,0.));
#21172=CARTESIAN_POINT('',(0.7205,0.016,0.124));
#21173=CARTESIAN_POINT('',(0.762727068683689,0.016,0.148379809471617));
#21174=CARTESIAN_POINT('',(0.7155,0.016,0.230179491924311));
#21175=CARTESIAN_POINT('',(0.705788675134595,0.016,0.247));
#21176=CARTESIAN_POINT('',(0.7155,0.016,0.124));
#21177=CARTESIAN_POINT('',(0.7155,0.016,0.124));
#21178=CARTESIAN_POINT('',(0.7205,0.016,0.124));
#21179=CARTESIAN_POINT('',(0.6845,0.016,0.124));
#21180=CARTESIAN_POINT('',(0.6845,0.016,0.124));
#21181=CARTESIAN_POINT('',(0.6845,0.016,0.230179491924311));
#21182=CARTESIAN_POINT('',(0.647522931316311,0.016,0.166133330249198));
#21183=CARTESIAN_POINT('',(0.694211324865405,0.016,0.247));
#21184=CARTESIAN_POINT('',(0.7205,0.016,0.247));
#21185=CARTESIAN_POINT('',(0.7205,0.016,0.124));
#21186=CARTESIAN_POINT('',(0.687727068683689,0.016,0.105078539282395));
#21187=CARTESIAN_POINT('',(0.6155,0.016,0.230179491924311));
#21188=CARTESIAN_POINT('',(0.605788675134595,0.016,0.247));
#21189=CARTESIAN_POINT('',(0.6155,0.016,0.124));
#21190=CARTESIAN_POINT('',(0.6155,0.016,0.124));
#21191=CARTESIAN_POINT('',(0.7205,0.016,0.124));
#21192=CARTESIAN_POINT('',(0.5845,0.016,0.124));
#21193=CARTESIAN_POINT('',(0.5845,0.016,0.124));
#21194=CARTESIAN_POINT('',(0.5845,0.016,0.230179491924311));
#21195=CARTESIAN_POINT('',(0.572522931316311,0.016,0.20943460043842));
#21196=CARTESIAN_POINT('',(0.594211324865405,0.016,0.247));
#21197=CARTESIAN_POINT('',(0.7205,0.016,0.247));
#21198=CARTESIAN_POINT('',(0.7205,0.016,0.124));
#21199=CARTESIAN_POINT('',(0.612727068683689,0.016,0.0617772690931728));
#21200=CARTESIAN_POINT('',(0.5155,0.016,0.230179491924311));
#21201=CARTESIAN_POINT('',(0.505788675134595,0.016,0.247));
#21202=CARTESIAN_POINT('',(0.5155,0.016,0.124));
#21203=CARTESIAN_POINT('',(0.5155,0.016,0.124));
#21204=CARTESIAN_POINT('',(0.7205,0.016,0.124));
#21205=CARTESIAN_POINT('',(0.4845,0.016,0.124));
#21206=CARTESIAN_POINT('',(0.4845,0.016,0.124));
#21207=CARTESIAN_POINT('',(0.4845,0.016,0.230179491924311));
#21208=CARTESIAN_POINT('',(0.497522931316311,0.016,0.252735870627642));
#21209=CARTESIAN_POINT('',(0.494211324865405,0.016,0.247));
#21210=CARTESIAN_POINT('',(0.7205,0.016,0.247));
#21211=CARTESIAN_POINT('',(0.7205,0.016,0.124));
#21212=CARTESIAN_POINT('',(0.537727068683689,0.016,0.0184759989039508));
#21213=CARTESIAN_POINT('',(0.4155,0.016,0.230179491924311));
#21214=CARTESIAN_POINT('',(0.405788675134595,0.016,0.247));
#21215=CARTESIAN_POINT('',(0.4155,0.016,0.124));
#21216=CARTESIAN_POINT('',(0.4155,0.016,0.124));
#21217=CARTESIAN_POINT('',(0.7205,0.016,0.124));
#21218=CARTESIAN_POINT('',(0.3845,0.016,0.124));
#21219=CARTESIAN_POINT('',(0.3845,0.016,0.124));
#21220=CARTESIAN_POINT('',(0.3845,0.016,0.230179491924311));
#21221=CARTESIAN_POINT('',(0.422522931316311,0.016,0.296037140816864));
#21222=CARTESIAN_POINT('',(0.394211324865405,0.016,0.247));
#21223=CARTESIAN_POINT('',(0.7205,0.016,0.247));
#21224=CARTESIAN_POINT('',(0.7205,0.016,0.124));
#21225=CARTESIAN_POINT('',(0.46272706868369,0.016,-0.0248252712852712));
#21226=CARTESIAN_POINT('',(0.3155,0.016,0.230179491924311));
#21227=CARTESIAN_POINT('',(0.305788675134595,0.016,0.247));
#21228=CARTESIAN_POINT('',(0.3155,0.016,0.124));
#21229=CARTESIAN_POINT('',(0.3155,0.016,0.124));
#21230=CARTESIAN_POINT('',(0.7205,0.016,0.124));
#21231=CARTESIAN_POINT('',(0.2845,0.016,0.124));
#21232=CARTESIAN_POINT('',(0.2845,0.016,0.124));
#21233=CARTESIAN_POINT('',(0.2845,0.016,0.230179491924311));
#21234=CARTESIAN_POINT('',(0.347522931316311,0.016,0.339338411006085));
#21235=CARTESIAN_POINT('',(0.294211324865405,0.016,0.247));
#21236=CARTESIAN_POINT('',(0.7205,0.016,0.247));
#21237=CARTESIAN_POINT('',(0.7205,0.016,0.124));
#21238=CARTESIAN_POINT('',(0.387727068683689,0.016,-0.068126541474493));
#21239=CARTESIAN_POINT('',(0.2155,0.016,0.230179491924311));
#21240=CARTESIAN_POINT('',(0.205788675134595,0.016,0.247));
#21241=CARTESIAN_POINT('',(0.2155,0.016,0.124));
#21242=CARTESIAN_POINT('',(0.2155,0.016,0.124));
#21243=CARTESIAN_POINT('',(0.7205,0.016,0.124));
#21244=CARTESIAN_POINT('',(0.1845,0.016,0.124));
#21245=CARTESIAN_POINT('',(0.1845,0.016,0.124));
#21246=CARTESIAN_POINT('',(0.1845,0.016,0.230179491924311));
#21247=CARTESIAN_POINT('',(0.272522931316311,0.016,0.382639681195308));
#21248=CARTESIAN_POINT('',(0.194211324865405,0.016,0.247));
#21249=CARTESIAN_POINT('',(0.7205,0.016,0.247));
#21250=CARTESIAN_POINT('',(0.7205,0.016,0.124));
#21251=CARTESIAN_POINT('',(0.312727068683689,0.016,-0.111427811663715));
#21252=CARTESIAN_POINT('',(0.1155,0.016,0.230179491924311));
#21253=CARTESIAN_POINT('',(0.105788675134595,0.016,0.247));
#21254=CARTESIAN_POINT('',(0.1155,0.016,0.124));
#21255=CARTESIAN_POINT('',(0.1155,0.016,0.124));
#21256=CARTESIAN_POINT('',(0.7205,0.016,0.124));
#21257=CARTESIAN_POINT('',(0.0844999999999999,0.016,0.124));
#21258=CARTESIAN_POINT('',(0.0844999999999999,0.016,0.124));
#21259=CARTESIAN_POINT('',(0.0844999999999999,0.016,0.230179491924311));
#21260=CARTESIAN_POINT('',(0.197522931316311,0.016,0.42594095138453));
#21261=CARTESIAN_POINT('',(0.0942113248654051,0.016,0.247));
#21262=CARTESIAN_POINT('',(0.7205,0.016,0.247));
#21263=CARTESIAN_POINT('',(0.7205,0.016,0.124));
#21264=CARTESIAN_POINT('',(0.237727068683689,0.016,-0.154729081852937));
#21265=CARTESIAN_POINT('',(0.0154999999999999,0.016,0.230179491924311));
#21266=CARTESIAN_POINT('',(0.00578867513459456,0.016,0.247));
#21267=CARTESIAN_POINT('',(0.0154999999999999,0.016,0.124));
#21268=CARTESIAN_POINT('',(0.0154999999999999,0.016,0.124));
#21269=CARTESIAN_POINT('',(0.7205,0.016,0.124));
#21270=CARTESIAN_POINT('',(-0.0155000000000001,0.016,0.124));
#21271=CARTESIAN_POINT('',(-0.0155000000000001,0.016,0.124));
#21272=CARTESIAN_POINT('',(-0.0155000000000001,0.016,0.230179491924311));
#21273=CARTESIAN_POINT('',(0.122522931316311,0.016,0.469242221573751));
#21274=CARTESIAN_POINT('',(-0.00578867513459484,0.016,0.247));
#21275=CARTESIAN_POINT('',(0.7205,0.016,0.247));
#21276=CARTESIAN_POINT('',(0.7205,0.016,0.124));
#21277=CARTESIAN_POINT('',(0.162727068683689,0.016,-0.198030352042159));
#21278=CARTESIAN_POINT('',(-0.0845000000000001,0.016,0.230179491924311));
#21279=CARTESIAN_POINT('',(-0.0942113248654052,0.016,0.247));
#21280=CARTESIAN_POINT('',(-0.0845,0.016,0.124));
#21281=CARTESIAN_POINT('',(-0.0845,0.016,0.124));
#21282=CARTESIAN_POINT('',(0.7205,0.016,0.124));
#21283=CARTESIAN_POINT('',(-0.1155,0.016,0.124));
#21284=CARTESIAN_POINT('',(-0.1155,0.016,0.124));
#21285=CARTESIAN_POINT('',(-0.1155,0.016,0.230179491924311));
#21286=CARTESIAN_POINT('',(0.047522931316311,0.016,0.512543491762974));
#21287=CARTESIAN_POINT('',(-0.105788675134595,0.016,0.247));
#21288=CARTESIAN_POINT('',(0.7205,0.016,0.247));
#21289=CARTESIAN_POINT('',(0.7205,0.016,0.124));
#21290=CARTESIAN_POINT('',(0.0877270686836901,0.016,-0.241331622231381));
#21291=CARTESIAN_POINT('',(-0.1845,0.016,0.230179491924311));
#21292=CARTESIAN_POINT('',(-0.194211324865405,0.016,0.247));
#21293=CARTESIAN_POINT('',(-0.1845,0.016,0.124));
#21294=CARTESIAN_POINT('',(-0.1845,0.016,0.124));
#21295=CARTESIAN_POINT('',(0.7205,0.016,0.124));
#21296=CARTESIAN_POINT('',(-0.2155,0.016,0.124));
#21297=CARTESIAN_POINT('',(-0.2155,0.016,0.124));
#21298=CARTESIAN_POINT('',(-0.2155,0.016,0.230179491924311));
#21299=CARTESIAN_POINT('',(-0.0274770686836896,0.016,0.555844761952195));
#21300=CARTESIAN_POINT('',(-0.205788675134595,0.016,0.247));
#21301=CARTESIAN_POINT('',(0.7205,0.016,0.247));
#21302=CARTESIAN_POINT('',(0.7205,0.016,0.124));
#21303=CARTESIAN_POINT('',(0.0127270686836901,0.016,-0.284632892420603));
#21304=CARTESIAN_POINT('',(-0.2845,0.016,0.230179491924311));
#21305=CARTESIAN_POINT('',(-0.294211324865405,0.016,0.247));
#21306=CARTESIAN_POINT('',(-0.2845,0.016,0.124));
#21307=CARTESIAN_POINT('',(-0.2845,0.016,0.124));
#21308=CARTESIAN_POINT('',(0.7205,0.016,0.124));
#21309=CARTESIAN_POINT('',(-0.3155,0.016,0.124));
#21310=CARTESIAN_POINT('',(-0.3155,0.016,0.124));
#21311=CARTESIAN_POINT('',(-0.3155,0.016,0.230179491924311));
#21312=CARTESIAN_POINT('',(-0.102477068683689,0.016,0.599146032141417));
#21313=CARTESIAN_POINT('',(-0.305788675134595,0.016,0.247));
#21314=CARTESIAN_POINT('',(0.7205,0.016,0.247));
#21315=CARTESIAN_POINT('',(0.7205,0.016,0.124));
#21316=CARTESIAN_POINT('',(-0.062272931316313,0.016,-0.327934162609824));
#21317=CARTESIAN_POINT('',(-0.3845,0.016,0.230179491924311));
#21318=CARTESIAN_POINT('',(-0.394211324865405,0.016,0.247));
#21319=CARTESIAN_POINT('',(-0.3845,0.016,0.124));
#21320=CARTESIAN_POINT('',(-0.3845,0.016,0.124));
#21321=CARTESIAN_POINT('',(0.7205,0.016,0.124));
#21322=CARTESIAN_POINT('',(-0.4155,0.016,0.124));
#21323=CARTESIAN_POINT('',(-0.4155,0.016,0.124));
#21324=CARTESIAN_POINT('',(-0.4155,0.016,0.230179491924311));
#21325=CARTESIAN_POINT('',(-0.177477068683688,0.016,0.64244730233064));
#21326=CARTESIAN_POINT('',(-0.405788675134595,0.016,0.247));
#21327=CARTESIAN_POINT('',(0.7205,0.016,0.247));
#21328=CARTESIAN_POINT('',(0.7205,0.016,0.124));
#21329=CARTESIAN_POINT('',(-0.137272931316313,0.016,-0.371235432799046));
#21330=CARTESIAN_POINT('',(-0.4845,0.016,0.230179491924311));
#21331=CARTESIAN_POINT('',(-0.494211324865405,0.016,0.247));
#21332=CARTESIAN_POINT('',(-0.4845,0.016,0.124));
#21333=CARTESIAN_POINT('',(-0.4845,0.016,0.124));
#21334=CARTESIAN_POINT('',(0.7205,0.016,0.124));
#21335=CARTESIAN_POINT('',(-0.5155,0.016,0.124));
#21336=CARTESIAN_POINT('',(-0.5155,0.016,0.124));
#21337=CARTESIAN_POINT('',(-0.5155,0.016,0.230179491924311));
#21338=CARTESIAN_POINT('',(-0.252477068683688,0.016,0.685748572519862));
#21339=CARTESIAN_POINT('',(-0.505788675134595,0.016,0.247));
#21340=CARTESIAN_POINT('',(0.7205,0.016,0.247));
#21341=CARTESIAN_POINT('',(0.7205,0.016,0.124));
#21342=CARTESIAN_POINT('',(-0.212272931316309,0.016,-0.414536702988269));
#21343=CARTESIAN_POINT('',(-0.5845,0.016,0.230179491924311));
#21344=CARTESIAN_POINT('',(-0.594211324865405,0.016,0.247));
#21345=CARTESIAN_POINT('',(-0.5845,0.016,0.124));
#21346=CARTESIAN_POINT('',(-0.5845,0.016,0.124));
#21347=CARTESIAN_POINT('',(0.7205,0.016,0.124));
#21348=CARTESIAN_POINT('',(-0.6155,0.016,0.124));
#21349=CARTESIAN_POINT('',(-0.6155,0.016,0.124));
#21350=CARTESIAN_POINT('',(-0.6155,0.016,0.230179491924311));
#21351=CARTESIAN_POINT('',(-0.327477068683688,0.016,0.729049842709084));
#21352=CARTESIAN_POINT('',(-0.605788675134595,0.016,0.247));
#21353=CARTESIAN_POINT('',(0.7205,0.016,0.247));
#21354=CARTESIAN_POINT('',(0.7205,0.016,0.124));
#21355=CARTESIAN_POINT('',(-0.287272931316309,0.016,-0.457837973177491));
#21356=CARTESIAN_POINT('',(-0.6845,0.016,0.230179491924311));
#21357=CARTESIAN_POINT('',(-0.694211324865405,0.016,0.247));
#21358=CARTESIAN_POINT('',(-0.6845,0.016,0.124));
#21359=CARTESIAN_POINT('',(-0.6845,0.016,0.124));
#21360=CARTESIAN_POINT('',(0.7205,0.016,0.124));
#21361=CARTESIAN_POINT('',(-0.7155,0.016,0.124));
#21362=CARTESIAN_POINT('',(-0.7155,0.016,0.124));
#21363=CARTESIAN_POINT('',(-0.7155,0.016,0.230179491924311));
#21364=CARTESIAN_POINT('',(-0.402477068683688,0.016,0.772351112898306));
#21365=CARTESIAN_POINT('',(-0.705788675134595,0.016,0.247));
#21366=CARTESIAN_POINT('',(0.7205,0.016,0.247));
#21367=CARTESIAN_POINT('',(0.7205,0.016,0.247));
#21368=CARTESIAN_POINT('',(0.705788675134595,0.016,0.247));
#21369=CARTESIAN_POINT('',(0.705788675134595,0.,0.247));
#21370=CARTESIAN_POINT('',(0.694211324865405,0.016,0.247));
#21371=CARTESIAN_POINT('',(0.694211324865405,0.,0.247));
#21372=CARTESIAN_POINT('',(0.7205,0.,0.247));
#21373=CARTESIAN_POINT('',(0.7205,0.016,0.247));
#21374=CARTESIAN_POINT('',(0.605788675134595,0.016,0.247));
#21375=CARTESIAN_POINT('',(0.605788675134595,0.,0.247));
#21376=CARTESIAN_POINT('',(0.594211324865405,0.016,0.247));
#21377=CARTESIAN_POINT('',(0.594211324865405,0.,0.247));
#21378=CARTESIAN_POINT('',(0.7205,0.,0.247));
#21379=CARTESIAN_POINT('',(0.7205,0.016,0.247));
#21380=CARTESIAN_POINT('',(0.505788675134595,0.016,0.247));
#21381=CARTESIAN_POINT('',(0.505788675134595,0.,0.247));
#21382=CARTESIAN_POINT('',(0.494211324865405,0.016,0.247));
#21383=CARTESIAN_POINT('',(0.494211324865405,0.,0.247));
#21384=CARTESIAN_POINT('',(0.7205,0.,0.247));
#21385=CARTESIAN_POINT('',(0.7205,0.016,0.247));
#21386=CARTESIAN_POINT('',(0.405788675134595,0.016,0.247));
#21387=CARTESIAN_POINT('',(0.405788675134595,0.,0.247));
#21388=CARTESIAN_POINT('',(0.394211324865405,0.016,0.247));
#21389=CARTESIAN_POINT('',(0.394211324865405,0.,0.247));
#21390=CARTESIAN_POINT('',(0.7205,0.,0.247));
#21391=CARTESIAN_POINT('',(0.7205,0.016,0.247));
#21392=CARTESIAN_POINT('',(0.305788675134595,0.016,0.247));
#21393=CARTESIAN_POINT('',(0.305788675134595,0.,0.247));
#21394=CARTESIAN_POINT('',(0.294211324865405,0.016,0.247));
#21395=CARTESIAN_POINT('',(0.294211324865405,0.,0.247));
#21396=CARTESIAN_POINT('',(0.7205,0.,0.247));
#21397=CARTESIAN_POINT('',(0.7205,0.016,0.247));
#21398=CARTESIAN_POINT('',(0.205788675134595,0.016,0.247));
#21399=CARTESIAN_POINT('',(0.205788675134595,0.,0.247));
#21400=CARTESIAN_POINT('',(0.194211324865405,0.016,0.247));
#21401=CARTESIAN_POINT('',(0.194211324865405,0.,0.247));
#21402=CARTESIAN_POINT('',(0.7205,0.,0.247));
#21403=CARTESIAN_POINT('',(0.7205,0.016,0.247));
#21404=CARTESIAN_POINT('',(0.105788675134595,0.016,0.247));
#21405=CARTESIAN_POINT('',(0.105788675134595,0.,0.247));
#21406=CARTESIAN_POINT('',(0.0942113248654051,0.016,0.247));
#21407=CARTESIAN_POINT('',(0.094211324865405,0.,0.247));
#21408=CARTESIAN_POINT('',(0.7205,0.,0.247));
#21409=CARTESIAN_POINT('',(0.7205,0.016,0.247));
#21410=CARTESIAN_POINT('',(0.00578867513459456,0.016,0.247));
#21411=CARTESIAN_POINT('',(0.00578867513459453,0.,0.247));
#21412=CARTESIAN_POINT('',(-0.00578867513459484,0.016,0.247));
#21413=CARTESIAN_POINT('',(-0.00578867513459487,0.,0.247));
#21414=CARTESIAN_POINT('',(0.7205,0.,0.247));
#21415=CARTESIAN_POINT('',(0.7205,0.016,0.247));
#21416=CARTESIAN_POINT('',(-0.0942113248654052,0.016,0.247));
#21417=CARTESIAN_POINT('',(-0.0942113248654051,0.,0.247));
#21418=CARTESIAN_POINT('',(-0.105788675134595,0.016,0.247));
#21419=CARTESIAN_POINT('',(-0.105788675134595,0.,0.247));
#21420=CARTESIAN_POINT('',(0.7205,0.,0.247));
#21421=CARTESIAN_POINT('',(0.7205,0.016,0.247));
#21422=CARTESIAN_POINT('',(-0.194211324865405,0.016,0.247));
#21423=CARTESIAN_POINT('',(-0.194211324865405,0.,0.247));
#21424=CARTESIAN_POINT('',(-0.205788675134595,0.016,0.247));
#21425=CARTESIAN_POINT('',(-0.205788675134595,0.,0.247));
#21426=CARTESIAN_POINT('',(0.7205,0.,0.247));
#21427=CARTESIAN_POINT('',(0.7205,0.016,0.247));
#21428=CARTESIAN_POINT('',(-0.294211324865405,0.016,0.247));
#21429=CARTESIAN_POINT('',(-0.294211324865406,0.,0.247));
#21430=CARTESIAN_POINT('',(-0.305788675134595,0.016,0.247));
#21431=CARTESIAN_POINT('',(-0.305788675134595,0.,0.247));
#21432=CARTESIAN_POINT('',(0.7205,0.,0.247));
#21433=CARTESIAN_POINT('',(0.7205,0.016,0.247));
#21434=CARTESIAN_POINT('',(-0.394211324865405,0.016,0.247));
#21435=CARTESIAN_POINT('',(-0.394211324865405,0.,0.247));
#21436=CARTESIAN_POINT('',(-0.405788675134595,0.016,0.247));
#21437=CARTESIAN_POINT('',(-0.405788675134595,0.,0.247));
#21438=CARTESIAN_POINT('',(0.7205,0.,0.247));
#21439=CARTESIAN_POINT('',(0.7205,0.016,0.247));
#21440=CARTESIAN_POINT('',(-0.494211324865405,0.016,0.247));
#21441=CARTESIAN_POINT('',(-0.494211324865405,0.,0.247));
#21442=CARTESIAN_POINT('',(-0.505788675134595,0.016,0.247));
#21443=CARTESIAN_POINT('',(-0.505788675134595,0.,0.247));
#21444=CARTESIAN_POINT('',(0.7205,0.,0.247));
#21445=CARTESIAN_POINT('',(0.7205,0.016,0.247));
#21446=CARTESIAN_POINT('',(-0.594211324865405,0.016,0.247));
#21447=CARTESIAN_POINT('',(-0.594211324865405,0.,0.247));
#21448=CARTESIAN_POINT('',(-0.605788675134595,0.016,0.247));
#21449=CARTESIAN_POINT('',(-0.605788675134595,0.,0.247));
#21450=CARTESIAN_POINT('',(0.7205,0.,0.247));
#21451=CARTESIAN_POINT('',(0.7205,0.016,0.247));
#21452=CARTESIAN_POINT('',(-0.694211324865405,0.016,0.247));
#21453=CARTESIAN_POINT('',(-0.694211324865405,0.,0.247));
#21454=CARTESIAN_POINT('',(-0.705788675134595,0.016,0.247));
#21455=CARTESIAN_POINT('',(-0.705788675134595,0.,0.247));
#21456=CARTESIAN_POINT('',(0.7205,0.,0.247));
#21457=CARTESIAN_POINT('',(0.7205,0.,0.247));
#21458=CARTESIAN_POINT('',(0.709466506350946,0.,0.240629809471617));
#21459=CARTESIAN_POINT('',(0.7155,0.,0.230179491924312));
#21460=CARTESIAN_POINT('',(0.700783493649054,0.,0.258383330249198));
#21461=CARTESIAN_POINT('',(0.6845,0.,0.230179491924311));
#21462=CARTESIAN_POINT('',(0.6845,0.,0.247));
#21463=CARTESIAN_POINT('',(0.6845,0.,0.124));
#21464=CARTESIAN_POINT('',(0.7205,0.,0.124));
#21465=CARTESIAN_POINT('',(0.7155,0.,0.124));
#21466=CARTESIAN_POINT('',(0.7155,0.,0.247));
#21467=CARTESIAN_POINT('',(0.7205,0.,0.247));
#21468=CARTESIAN_POINT('',(0.634466506350946,0.,0.197328539282395));
#21469=CARTESIAN_POINT('',(0.6155,0.,0.230179491924311));
#21470=CARTESIAN_POINT('',(0.625783493649054,0.,0.30168460043842));
#21471=CARTESIAN_POINT('',(0.5845,0.,0.230179491924311));
#21472=CARTESIAN_POINT('',(0.5845,0.,0.247));
#21473=CARTESIAN_POINT('',(0.5845,0.,0.124));
#21474=CARTESIAN_POINT('',(0.7205,0.,0.124));
#21475=CARTESIAN_POINT('',(0.6155,0.,0.124));
#21476=CARTESIAN_POINT('',(0.6155,0.,0.247));
#21477=CARTESIAN_POINT('',(0.7205,0.,0.247));
#21478=CARTESIAN_POINT('',(0.559466506350946,0.,0.154027269093173));
#21479=CARTESIAN_POINT('',(0.5155,0.,0.230179491924311));
#21480=CARTESIAN_POINT('',(0.550783493649054,0.,0.344985870627642));
#21481=CARTESIAN_POINT('',(0.4845,0.,0.230179491924311));
#21482=CARTESIAN_POINT('',(0.4845,0.,0.247));
#21483=CARTESIAN_POINT('',(0.4845,0.,0.124));
#21484=CARTESIAN_POINT('',(0.7205,0.,0.124));
#21485=CARTESIAN_POINT('',(0.5155,0.,0.124));
#21486=CARTESIAN_POINT('',(0.5155,0.,0.247));
#21487=CARTESIAN_POINT('',(0.7205,0.,0.247));
#21488=CARTESIAN_POINT('',(0.484466506350946,0.,0.110725998903951));
#21489=CARTESIAN_POINT('',(0.4155,0.,0.230179491924311));
#21490=CARTESIAN_POINT('',(0.475783493649054,0.,0.388287140816864));
#21491=CARTESIAN_POINT('',(0.3845,0.,0.230179491924311));
#21492=CARTESIAN_POINT('',(0.3845,0.,0.247));
#21493=CARTESIAN_POINT('',(0.3845,0.,0.124));
#21494=CARTESIAN_POINT('',(0.7205,0.,0.124));
#21495=CARTESIAN_POINT('',(0.4155,0.,0.124));
#21496=CARTESIAN_POINT('',(0.4155,0.,0.247));
#21497=CARTESIAN_POINT('',(0.7205,0.,0.247));
#21498=CARTESIAN_POINT('',(0.409466506350946,0.,0.0674247287147287));
#21499=CARTESIAN_POINT('',(0.3155,0.,0.230179491924311));
#21500=CARTESIAN_POINT('',(0.400783493649054,0.,0.431588411006085));
#21501=CARTESIAN_POINT('',(0.2845,0.,0.230179491924311));
#21502=CARTESIAN_POINT('',(0.2845,0.,0.247));
#21503=CARTESIAN_POINT('',(0.2845,0.,0.124));
#21504=CARTESIAN_POINT('',(0.7205,0.,0.124));
#21505=CARTESIAN_POINT('',(0.3155,0.,0.124));
#21506=CARTESIAN_POINT('',(0.3155,0.,0.247));
#21507=CARTESIAN_POINT('',(0.7205,0.,0.247));
#21508=CARTESIAN_POINT('',(0.334466506350946,0.,0.0241234585255071));
#21509=CARTESIAN_POINT('',(0.2155,0.,0.230179491924311));
#21510=CARTESIAN_POINT('',(0.325783493649054,0.,0.474889681195308));
#21511=CARTESIAN_POINT('',(0.1845,0.,0.230179491924311));
#21512=CARTESIAN_POINT('',(0.1845,0.,0.247));
#21513=CARTESIAN_POINT('',(0.1845,0.,0.124));
#21514=CARTESIAN_POINT('',(0.7205,0.,0.124));
#21515=CARTESIAN_POINT('',(0.2155,0.,0.124));
#21516=CARTESIAN_POINT('',(0.2155,0.,0.247));
#21517=CARTESIAN_POINT('',(0.7205,0.,0.247));
#21518=CARTESIAN_POINT('',(0.259466506350946,0.,-0.0191778116637151));
#21519=CARTESIAN_POINT('',(0.1155,0.,0.230179491924311));
#21520=CARTESIAN_POINT('',(0.250783493649054,0.,0.51819095138453));
#21521=CARTESIAN_POINT('',(0.0844999999999999,0.,0.230179491924311));
#21522=CARTESIAN_POINT('',(0.0844999999999999,0.,0.247));
#21523=CARTESIAN_POINT('',(0.0844999999999999,0.,0.124));
#21524=CARTESIAN_POINT('',(0.7205,0.,0.124));
#21525=CARTESIAN_POINT('',(0.1155,0.,0.124));
#21526=CARTESIAN_POINT('',(0.1155,0.,0.247));
#21527=CARTESIAN_POINT('',(0.7205,0.,0.247));
#21528=CARTESIAN_POINT('',(0.184466506350946,0.,-0.062479081852937));
#21529=CARTESIAN_POINT('',(0.0154999999999999,0.,0.230179491924311));
#21530=CARTESIAN_POINT('',(0.175783493649054,0.,0.561492221573751));
#21531=CARTESIAN_POINT('',(-0.0155000000000001,0.,0.230179491924311));
#21532=CARTESIAN_POINT('',(-0.0155000000000001,0.,0.247));
#21533=CARTESIAN_POINT('',(-0.0155000000000001,0.,0.124));
#21534=CARTESIAN_POINT('',(0.7205,0.,0.124));
#21535=CARTESIAN_POINT('',(0.0154999999999999,0.,0.124));
#21536=CARTESIAN_POINT('',(0.0154999999999999,0.,0.247));
#21537=CARTESIAN_POINT('',(0.7205,0.,0.247));
#21538=CARTESIAN_POINT('',(0.109466506350946,0.,-0.105780352042159));
#21539=CARTESIAN_POINT('',(-0.0845,0.,0.230179491924311));
#21540=CARTESIAN_POINT('',(0.100783493649054,0.,0.604793491762974));
#21541=CARTESIAN_POINT('',(-0.1155,0.,0.230179491924311));
#21542=CARTESIAN_POINT('',(-0.1155,0.,0.247));
#21543=CARTESIAN_POINT('',(-0.1155,0.,0.124));
#21544=CARTESIAN_POINT('',(0.7205,0.,0.124));
#21545=CARTESIAN_POINT('',(-0.0845,0.,0.124));
#21546=CARTESIAN_POINT('',(-0.0845,0.,0.247));
#21547=CARTESIAN_POINT('',(0.7205,0.,0.247));
#21548=CARTESIAN_POINT('',(0.0344665063509469,0.,-0.149081622231381));
#21549=CARTESIAN_POINT('',(-0.1845,0.,0.230179491924311));
#21550=CARTESIAN_POINT('',(0.0257834936490535,0.,0.648094761952195));
#21551=CARTESIAN_POINT('',(-0.2155,0.,0.230179491924311));
#21552=CARTESIAN_POINT('',(-0.2155,0.,0.247));
#21553=CARTESIAN_POINT('',(-0.2155,0.,0.124));
#21554=CARTESIAN_POINT('',(0.7205,0.,0.124));
#21555=CARTESIAN_POINT('',(-0.1845,0.,0.124));
#21556=CARTESIAN_POINT('',(-0.1845,0.,0.247));
#21557=CARTESIAN_POINT('',(0.7205,0.,0.247));
#21558=CARTESIAN_POINT('',(-0.0405334936490531,0.,-0.192382892420603));
#21559=CARTESIAN_POINT('',(-0.2845,0.,0.230179491924311));
#21560=CARTESIAN_POINT('',(-0.0492165063509464,0.,0.691396032141417));
#21561=CARTESIAN_POINT('',(-0.3155,0.,0.230179491924311));
#21562=CARTESIAN_POINT('',(-0.3155,0.,0.247));
#21563=CARTESIAN_POINT('',(-0.3155,0.,0.124));
#21564=CARTESIAN_POINT('',(0.7205,0.,0.124));
#21565=CARTESIAN_POINT('',(-0.2845,0.,0.124));
#21566=CARTESIAN_POINT('',(-0.2845,0.,0.247));
#21567=CARTESIAN_POINT('',(0.7205,0.,0.247));
#21568=CARTESIAN_POINT('',(-0.115533493649056,0.,-0.235684162609823));
#21569=CARTESIAN_POINT('',(-0.3845,0.,0.230179491924311));
#21570=CARTESIAN_POINT('',(-0.124216506350945,0.,0.73469730233064));
#21571=CARTESIAN_POINT('',(-0.4155,0.,0.230179491924311));
#21572=CARTESIAN_POINT('',(-0.4155,0.,0.247));
#21573=CARTESIAN_POINT('',(-0.4155,0.,0.124));
#21574=CARTESIAN_POINT('',(0.7205,0.,0.124));
#21575=CARTESIAN_POINT('',(-0.3845,0.,0.124));
#21576=CARTESIAN_POINT('',(-0.3845,0.,0.247));
#21577=CARTESIAN_POINT('',(0.7205,0.,0.247));
#21578=CARTESIAN_POINT('',(-0.190533493649056,0.,-0.278985432799045));
#21579=CARTESIAN_POINT('',(-0.4845,0.,0.230179491924311));
#21580=CARTESIAN_POINT('',(-0.199216506350945,0.,0.777998572519862));
#21581=CARTESIAN_POINT('',(-0.5155,0.,0.230179491924311));
#21582=CARTESIAN_POINT('',(-0.5155,0.,0.247));
#21583=CARTESIAN_POINT('',(-0.5155,0.,0.124));
#21584=CARTESIAN_POINT('',(0.7205,0.,0.124));
#21585=CARTESIAN_POINT('',(-0.4845,0.,0.124));
#21586=CARTESIAN_POINT('',(-0.4845,0.,0.247));
#21587=CARTESIAN_POINT('',(0.7205,0.,0.247));
#21588=CARTESIAN_POINT('',(-0.265533493649053,0.,-0.322286702988269));
#21589=CARTESIAN_POINT('',(-0.5845,0.,0.230179491924311));
#21590=CARTESIAN_POINT('',(-0.274216506350945,0.,0.821299842709084));
#21591=CARTESIAN_POINT('',(-0.6155,0.,0.230179491924311));
#21592=CARTESIAN_POINT('',(-0.6155,0.,0.247));
#21593=CARTESIAN_POINT('',(-0.6155,0.,0.124));
#21594=CARTESIAN_POINT('',(0.7205,0.,0.124));
#21595=CARTESIAN_POINT('',(-0.5845,0.,0.124));
#21596=CARTESIAN_POINT('',(-0.5845,0.,0.247));
#21597=CARTESIAN_POINT('',(0.7205,0.,0.247));
#21598=CARTESIAN_POINT('',(-0.340533493649052,0.,-0.365587973177491));
#21599=CARTESIAN_POINT('',(-0.6845,0.,0.230179491924311));
#21600=CARTESIAN_POINT('',(-0.349216506350945,0.,0.864601112898306));
#21601=CARTESIAN_POINT('',(-0.7155,0.,0.230179491924311));
#21602=CARTESIAN_POINT('',(-0.7155,0.,0.247));
#21603=CARTESIAN_POINT('',(-0.7155,0.,0.124));
#21604=CARTESIAN_POINT('',(0.7205,0.,0.124));
#21605=CARTESIAN_POINT('',(-0.6845,0.,0.124));
#21606=CARTESIAN_POINT('',(-0.6845,0.,0.247));
#21607=CARTESIAN_POINT('',(0.7205,-0.084,0.024));
#21608=CARTESIAN_POINT('',(0.806028338872911,-0.084,0.073379809471617));
#21609=CARTESIAN_POINT('',(0.7155,-0.084,0.230179491924311));
#21610=CARTESIAN_POINT('',(0.705788675134595,-0.084,0.247));
#21611=CARTESIAN_POINT('',(0.7155,-0.084,0.024));
#21612=CARTESIAN_POINT('',(0.7155,-0.084,0.024));
#21613=CARTESIAN_POINT('',(0.7205,-0.084,0.024));
#21614=CARTESIAN_POINT('',(0.6845,-0.084,0.024));
#21615=CARTESIAN_POINT('',(0.6845,-0.084,0.024));
#21616=CARTESIAN_POINT('',(0.6845,-0.084,0.230179491924311));
#21617=CARTESIAN_POINT('',(0.604221661127089,-0.084,0.0911333302491979));
#21618=CARTESIAN_POINT('',(0.694211324865405,-0.084,0.247));
#21619=CARTESIAN_POINT('',(0.7205,-0.084,0.247));
#21620=CARTESIAN_POINT('',(0.7205,-0.084,0.024));
#21621=CARTESIAN_POINT('',(0.731028338872911,-0.084,0.0300785392823945));
#21622=CARTESIAN_POINT('',(0.6155,-0.084,0.230179491924311));
#21623=CARTESIAN_POINT('',(0.605788675134595,-0.084,0.247));
#21624=CARTESIAN_POINT('',(0.6155,-0.084,0.024));
#21625=CARTESIAN_POINT('',(0.6155,-0.084,0.024));
#21626=CARTESIAN_POINT('',(0.7205,-0.084,0.024));
#21627=CARTESIAN_POINT('',(0.5845,-0.084,0.024));
#21628=CARTESIAN_POINT('',(0.5845,-0.084,0.024));
#21629=CARTESIAN_POINT('',(0.5845,-0.084,0.230179491924311));
#21630=CARTESIAN_POINT('',(0.529221661127089,-0.084,0.13443460043842));
#21631=CARTESIAN_POINT('',(0.594211324865405,-0.084,0.247));
#21632=CARTESIAN_POINT('',(0.7205,-0.084,0.247));
#21633=CARTESIAN_POINT('',(0.7205,-0.084,0.024));
#21634=CARTESIAN_POINT('',(0.65602833887291,-0.084,-0.0132227309068273));
#21635=CARTESIAN_POINT('',(0.5155,-0.084,0.230179491924311));
#21636=CARTESIAN_POINT('',(0.505788675134595,-0.084,0.247));
#21637=CARTESIAN_POINT('',(0.5155,-0.084,0.024));
#21638=CARTESIAN_POINT('',(0.5155,-0.084,0.024));
#21639=CARTESIAN_POINT('',(0.7205,-0.084,0.024));
#21640=CARTESIAN_POINT('',(0.4845,-0.084,0.024));
#21641=CARTESIAN_POINT('',(0.4845,-0.084,0.024));
#21642=CARTESIAN_POINT('',(0.4845,-0.084,0.230179491924311));
#21643=CARTESIAN_POINT('',(0.454221661127089,-0.084,0.177735870627642));
#21644=CARTESIAN_POINT('',(0.494211324865405,-0.084,0.247));
#21645=CARTESIAN_POINT('',(0.7205,-0.084,0.247));
#21646=CARTESIAN_POINT('',(0.7205,-0.084,0.024));
#21647=CARTESIAN_POINT('',(0.581028338872911,-0.084,-0.0565240010960491));
#21648=CARTESIAN_POINT('',(0.4155,-0.084,0.230179491924311));
#21649=CARTESIAN_POINT('',(0.405788675134595,-0.084,0.247));
#21650=CARTESIAN_POINT('',(0.4155,-0.084,0.024));
#21651=CARTESIAN_POINT('',(0.4155,-0.084,0.024));
#21652=CARTESIAN_POINT('',(0.7205,-0.084,0.024));
#21653=CARTESIAN_POINT('',(0.3845,-0.084,0.024));
#21654=CARTESIAN_POINT('',(0.3845,-0.084,0.024));
#21655=CARTESIAN_POINT('',(0.3845,-0.084,0.230179491924311));
#21656=CARTESIAN_POINT('',(0.379221661127089,-0.084,0.221037140816864));
#21657=CARTESIAN_POINT('',(0.394211324865405,-0.084,0.247));
#21658=CARTESIAN_POINT('',(0.7205,-0.084,0.247));
#21659=CARTESIAN_POINT('',(0.7205,-0.084,0.024));
#21660=CARTESIAN_POINT('',(0.506028338872912,-0.084,-0.0998252712852711));
#21661=CARTESIAN_POINT('',(0.3155,-0.084,0.230179491924311));
#21662=CARTESIAN_POINT('',(0.305788675134595,-0.084,0.247));
#21663=CARTESIAN_POINT('',(0.3155,-0.084,0.024));
#21664=CARTESIAN_POINT('',(0.3155,-0.084,0.024));
#21665=CARTESIAN_POINT('',(0.7205,-0.084,0.024));
#21666=CARTESIAN_POINT('',(0.2845,-0.084,0.024));
#21667=CARTESIAN_POINT('',(0.2845,-0.084,0.024));
#21668=CARTESIAN_POINT('',(0.2845,-0.084,0.230179491924311));
#21669=CARTESIAN_POINT('',(0.304221661127089,-0.084,0.264338411006085));
#21670=CARTESIAN_POINT('',(0.294211324865405,-0.084,0.247));
#21671=CARTESIAN_POINT('',(0.7205,-0.084,0.247));
#21672=CARTESIAN_POINT('',(0.7205,-0.084,0.024));
#21673=CARTESIAN_POINT('',(0.431028338872911,-0.084,-0.143126541474493));
#21674=CARTESIAN_POINT('',(0.2155,-0.084,0.230179491924311));
#21675=CARTESIAN_POINT('',(0.205788675134595,-0.084,0.247));
#21676=CARTESIAN_POINT('',(0.2155,-0.084,0.024));
#21677=CARTESIAN_POINT('',(0.2155,-0.084,0.024));
#21678=CARTESIAN_POINT('',(0.7205,-0.084,0.024));
#21679=CARTESIAN_POINT('',(0.1845,-0.084,0.024));
#21680=CARTESIAN_POINT('',(0.1845,-0.084,0.024));
#21681=CARTESIAN_POINT('',(0.1845,-0.084,0.230179491924311));
#21682=CARTESIAN_POINT('',(0.229221661127089,-0.084,0.307639681195308));
#21683=CARTESIAN_POINT('',(0.194211324865405,-0.084,0.247));
#21684=CARTESIAN_POINT('',(0.7205,-0.084,0.247));
#21685=CARTESIAN_POINT('',(0.7205,-0.084,0.024));
#21686=CARTESIAN_POINT('',(0.356028338872911,-0.084,-0.186427811663715));
#21687=CARTESIAN_POINT('',(0.1155,-0.084,0.230179491924311));
#21688=CARTESIAN_POINT('',(0.105788675134595,-0.084,0.247));
#21689=CARTESIAN_POINT('',(0.1155,-0.084,0.024));
#21690=CARTESIAN_POINT('',(0.1155,-0.084,0.024));
#21691=CARTESIAN_POINT('',(0.7205,-0.084,0.024));
#21692=CARTESIAN_POINT('',(0.0844999999999999,-0.084,0.024));
#21693=CARTESIAN_POINT('',(0.0844999999999999,-0.084,0.024));
#21694=CARTESIAN_POINT('',(0.0844999999999999,-0.084,0.230179491924311));
#21695=CARTESIAN_POINT('',(0.154221661127089,-0.084,0.35094095138453));
#21696=CARTESIAN_POINT('',(0.0942113248654051,-0.084,0.247));
#21697=CARTESIAN_POINT('',(0.7205,-0.084,0.247));
#21698=CARTESIAN_POINT('',(0.7205,-0.084,0.024));
#21699=CARTESIAN_POINT('',(0.281028338872911,-0.084,-0.229729081852937));
#21700=CARTESIAN_POINT('',(0.0154999999999999,-0.084,0.230179491924311));
#21701=CARTESIAN_POINT('',(0.0057886751345947,-0.084,0.247));
#21702=CARTESIAN_POINT('',(0.0154999999999999,-0.084,0.024));
#21703=CARTESIAN_POINT('',(0.0154999999999999,-0.084,0.024));
#21704=CARTESIAN_POINT('',(0.7205,-0.084,0.024));
#21705=CARTESIAN_POINT('',(-0.0155000000000001,-0.084,0.024));
#21706=CARTESIAN_POINT('',(-0.0155000000000001,-0.084,0.024));
#21707=CARTESIAN_POINT('',(-0.0155000000000001,-0.084,0.230179491924311));
#21708=CARTESIAN_POINT('',(0.0792216611270891,-0.084,0.394242221573751));
#21709=CARTESIAN_POINT('',(-0.00578867513459484,-0.084,0.247));
#21710=CARTESIAN_POINT('',(0.7205,-0.084,0.247));
#21711=CARTESIAN_POINT('',(0.7205,-0.084,0.024));
#21712=CARTESIAN_POINT('',(0.206028338872911,-0.084,-0.273030352042159));
#21713=CARTESIAN_POINT('',(-0.0845000000000001,-0.084,0.230179491924311));
#21714=CARTESIAN_POINT('',(-0.0942113248654052,-0.084,0.247));
#21715=CARTESIAN_POINT('',(-0.0845,-0.084,0.024));
#21716=CARTESIAN_POINT('',(-0.0845,-0.084,0.024));
#21717=CARTESIAN_POINT('',(0.7205,-0.084,0.024));
#21718=CARTESIAN_POINT('',(-0.1155,-0.084,0.024));
#21719=CARTESIAN_POINT('',(-0.1155,-0.084,0.024));
#21720=CARTESIAN_POINT('',(-0.1155,-0.084,0.230179491924311));
#21721=CARTESIAN_POINT('',(0.00422166112708908,-0.084,0.437543491762974));
#21722=CARTESIAN_POINT('',(-0.105788675134595,-0.084,0.247));
#21723=CARTESIAN_POINT('',(0.7205,-0.084,0.247));
#21724=CARTESIAN_POINT('',(0.7205,-0.084,0.024));
#21725=CARTESIAN_POINT('',(0.131028338872912,-0.084,-0.316331622231381));
#21726=CARTESIAN_POINT('',(-0.1845,-0.084,0.230179491924311));
#21727=CARTESIAN_POINT('',(-0.194211324865405,-0.084,0.247));
#21728=CARTESIAN_POINT('',(-0.1845,-0.084,0.024));
#21729=CARTESIAN_POINT('',(-0.1845,-0.084,0.024));
#21730=CARTESIAN_POINT('',(0.7205,-0.084,0.024));
#21731=CARTESIAN_POINT('',(-0.2155,-0.084,0.024));
#21732=CARTESIAN_POINT('',(-0.2155,-0.084,0.024));
#21733=CARTESIAN_POINT('',(-0.2155,-0.084,0.230179491924311));
#21734=CARTESIAN_POINT('',(-0.0707783388729115,-0.084,0.480844761952195));
#21735=CARTESIAN_POINT('',(-0.205788675134595,-0.084,0.247));
#21736=CARTESIAN_POINT('',(0.7205,-0.084,0.247));
#21737=CARTESIAN_POINT('',(0.7205,-0.084,0.024));
#21738=CARTESIAN_POINT('',(0.056028338872912,-0.084,-0.359632892420603));
#21739=CARTESIAN_POINT('',(-0.2845,-0.084,0.230179491924311));
#21740=CARTESIAN_POINT('',(-0.294211324865405,-0.084,0.247));
#21741=CARTESIAN_POINT('',(-0.2845,-0.084,0.024));
#21742=CARTESIAN_POINT('',(-0.2845,-0.084,0.024));
#21743=CARTESIAN_POINT('',(0.7205,-0.084,0.024));
#21744=CARTESIAN_POINT('',(-0.3155,-0.084,0.024));
#21745=CARTESIAN_POINT('',(-0.3155,-0.084,0.024));
#21746=CARTESIAN_POINT('',(-0.3155,-0.084,0.230179491924311));
#21747=CARTESIAN_POINT('',(-0.145778338872911,-0.084,0.524146032141417));
#21748=CARTESIAN_POINT('',(-0.305788675134595,-0.084,0.247));
#21749=CARTESIAN_POINT('',(0.7205,-0.084,0.247));
#21750=CARTESIAN_POINT('',(0.7205,-0.084,0.024));
#21751=CARTESIAN_POINT('',(-0.018971661127091,-0.084,-0.402934162609824));
#21752=CARTESIAN_POINT('',(-0.3845,-0.084,0.230179491924311));
#21753=CARTESIAN_POINT('',(-0.394211324865405,-0.084,0.247));
#21754=CARTESIAN_POINT('',(-0.3845,-0.084,0.024));
#21755=CARTESIAN_POINT('',(-0.3845,-0.084,0.024));
#21756=CARTESIAN_POINT('',(0.7205,-0.084,0.024));
#21757=CARTESIAN_POINT('',(-0.4155,-0.084,0.024));
#21758=CARTESIAN_POINT('',(-0.4155,-0.084,0.024));
#21759=CARTESIAN_POINT('',(-0.4155,-0.084,0.230179491924311));
#21760=CARTESIAN_POINT('',(-0.22077833887291,-0.084,0.56744730233064));
#21761=CARTESIAN_POINT('',(-0.405788675134595,-0.084,0.247));
#21762=CARTESIAN_POINT('',(0.7205,-0.084,0.247));
#21763=CARTESIAN_POINT('',(0.7205,-0.084,0.024));
#21764=CARTESIAN_POINT('',(-0.0939716611270912,-0.084,-0.446235432799046));
#21765=CARTESIAN_POINT('',(-0.4845,-0.084,0.230179491924311));
#21766=CARTESIAN_POINT('',(-0.494211324865405,-0.084,0.247));
#21767=CARTESIAN_POINT('',(-0.4845,-0.084,0.024));
#21768=CARTESIAN_POINT('',(-0.4845,-0.084,0.024));
#21769=CARTESIAN_POINT('',(0.7205,-0.084,0.024));
#21770=CARTESIAN_POINT('',(-0.5155,-0.084,0.024));
#21771=CARTESIAN_POINT('',(-0.5155,-0.084,0.024));
#21772=CARTESIAN_POINT('',(-0.5155,-0.084,0.230179491924311));
#21773=CARTESIAN_POINT('',(-0.29577833887291,-0.084,0.610748572519862));
#21774=CARTESIAN_POINT('',(-0.505788675134595,-0.084,0.247));
#21775=CARTESIAN_POINT('',(0.7205,-0.084,0.247));
#21776=CARTESIAN_POINT('',(0.7205,-0.084,0.024));
#21777=CARTESIAN_POINT('',(-0.168971661127087,-0.084,-0.489536702988269));
#21778=CARTESIAN_POINT('',(-0.5845,-0.084,0.230179491924311));
#21779=CARTESIAN_POINT('',(-0.594211324865405,-0.084,0.247));
#21780=CARTESIAN_POINT('',(-0.5845,-0.084,0.024));
#21781=CARTESIAN_POINT('',(-0.5845,-0.084,0.024));
#21782=CARTESIAN_POINT('',(0.7205,-0.084,0.024));
#21783=CARTESIAN_POINT('',(-0.6155,-0.084,0.024));
#21784=CARTESIAN_POINT('',(-0.6155,-0.084,0.024));
#21785=CARTESIAN_POINT('',(-0.6155,-0.084,0.230179491924311));
#21786=CARTESIAN_POINT('',(-0.37077833887291,-0.084,0.654049842709084));
#21787=CARTESIAN_POINT('',(-0.605788675134595,-0.084,0.247));
#21788=CARTESIAN_POINT('',(0.7205,-0.084,0.247));
#21789=CARTESIAN_POINT('',(0.7205,-0.084,0.024));
#21790=CARTESIAN_POINT('',(-0.243971661127087,-0.084,-0.532837973177491));
#21791=CARTESIAN_POINT('',(-0.6845,-0.084,0.230179491924311));
#21792=CARTESIAN_POINT('',(-0.694211324865405,-0.084,0.247));
#21793=CARTESIAN_POINT('',(-0.6845,-0.084,0.024));
#21794=CARTESIAN_POINT('',(-0.6845,-0.084,0.024));
#21795=CARTESIAN_POINT('',(0.7205,-0.084,0.024));
#21796=CARTESIAN_POINT('',(-0.7155,-0.084,0.024));
#21797=CARTESIAN_POINT('',(-0.7155,-0.084,0.024));
#21798=CARTESIAN_POINT('',(-0.7155,-0.084,0.230179491924311));
#21799=CARTESIAN_POINT('',(-0.44577833887291,-0.084,0.697351112898306));
#21800=CARTESIAN_POINT('',(-0.705788675134595,-0.084,0.247));
#21801=CARTESIAN_POINT('',(0.7205,-0.084,0.247));
#21802=CARTESIAN_POINT('',(0.7205,-0.084,0.247));
#21803=CARTESIAN_POINT('',(0.705788675134595,-0.084,0.247));
#21804=CARTESIAN_POINT('',(0.705788675134595,-0.1,0.247));
#21805=CARTESIAN_POINT('',(0.694211324865405,-0.084,0.247));
#21806=CARTESIAN_POINT('',(0.694211324865405,-0.1,0.247));
#21807=CARTESIAN_POINT('',(0.7205,-0.1,0.247));
#21808=CARTESIAN_POINT('',(0.7205,-0.084,0.247));
#21809=CARTESIAN_POINT('',(0.605788675134595,-0.084,0.247));
#21810=CARTESIAN_POINT('',(0.605788675134595,-0.1,0.247));
#21811=CARTESIAN_POINT('',(0.594211324865405,-0.084,0.247));
#21812=CARTESIAN_POINT('',(0.594211324865405,-0.1,0.247));
#21813=CARTESIAN_POINT('',(0.7205,-0.1,0.247));
#21814=CARTESIAN_POINT('',(0.7205,-0.084,0.247));
#21815=CARTESIAN_POINT('',(0.505788675134595,-0.084,0.247));
#21816=CARTESIAN_POINT('',(0.505788675134595,-0.1,0.247));
#21817=CARTESIAN_POINT('',(0.494211324865405,-0.084,0.247));
#21818=CARTESIAN_POINT('',(0.494211324865405,-0.1,0.247));
#21819=CARTESIAN_POINT('',(0.7205,-0.1,0.247));
#21820=CARTESIAN_POINT('',(0.7205,-0.084,0.247));
#21821=CARTESIAN_POINT('',(0.405788675134595,-0.084,0.247));
#21822=CARTESIAN_POINT('',(0.405788675134595,-0.1,0.247));
#21823=CARTESIAN_POINT('',(0.394211324865405,-0.084,0.247));
#21824=CARTESIAN_POINT('',(0.394211324865405,-0.1,0.247));
#21825=CARTESIAN_POINT('',(0.7205,-0.1,0.247));
#21826=CARTESIAN_POINT('',(0.7205,-0.084,0.247));
#21827=CARTESIAN_POINT('',(0.305788675134595,-0.084,0.247));
#21828=CARTESIAN_POINT('',(0.305788675134595,-0.1,0.247));
#21829=CARTESIAN_POINT('',(0.294211324865405,-0.084,0.247));
#21830=CARTESIAN_POINT('',(0.294211324865405,-0.1,0.247));
#21831=CARTESIAN_POINT('',(0.7205,-0.1,0.247));
#21832=CARTESIAN_POINT('',(0.7205,-0.084,0.247));
#21833=CARTESIAN_POINT('',(0.205788675134595,-0.084,0.247));
#21834=CARTESIAN_POINT('',(0.205788675134595,-0.1,0.247));
#21835=CARTESIAN_POINT('',(0.194211324865405,-0.084,0.247));
#21836=CARTESIAN_POINT('',(0.194211324865405,-0.1,0.247));
#21837=CARTESIAN_POINT('',(0.7205,-0.1,0.247));
#21838=CARTESIAN_POINT('',(0.7205,-0.084,0.247));
#21839=CARTESIAN_POINT('',(0.105788675134595,-0.084,0.247));
#21840=CARTESIAN_POINT('',(0.105788675134595,-0.1,0.247));
#21841=CARTESIAN_POINT('',(0.0942113248654051,-0.084,0.247));
#21842=CARTESIAN_POINT('',(0.0942113248654049,-0.1,0.247));
#21843=CARTESIAN_POINT('',(0.7205,-0.1,0.247));
#21844=CARTESIAN_POINT('',(0.7205,-0.084,0.247));
#21845=CARTESIAN_POINT('',(0.0057886751345947,-0.084,0.247));
#21846=CARTESIAN_POINT('',(0.0057886751345947,-0.1,0.247));
#21847=CARTESIAN_POINT('',(-0.00578867513459484,-0.084,0.247));
#21848=CARTESIAN_POINT('',(-0.00578867513459487,-0.1,0.247));
#21849=CARTESIAN_POINT('',(0.7205,-0.1,0.247));
#21850=CARTESIAN_POINT('',(0.7205,-0.084,0.247));
#21851=CARTESIAN_POINT('',(-0.0942113248654052,-0.084,0.247));
#21852=CARTESIAN_POINT('',(-0.0942113248654051,-0.1,0.247));
#21853=CARTESIAN_POINT('',(-0.105788675134595,-0.084,0.247));
#21854=CARTESIAN_POINT('',(-0.105788675134595,-0.1,0.247));
#21855=CARTESIAN_POINT('',(0.7205,-0.1,0.247));
#21856=CARTESIAN_POINT('',(0.7205,-0.084,0.247));
#21857=CARTESIAN_POINT('',(-0.194211324865405,-0.084,0.247));
#21858=CARTESIAN_POINT('',(-0.194211324865405,-0.1,0.247));
#21859=CARTESIAN_POINT('',(-0.205788675134595,-0.084,0.247));
#21860=CARTESIAN_POINT('',(-0.205788675134595,-0.1,0.247));
#21861=CARTESIAN_POINT('',(0.7205,-0.1,0.247));
#21862=CARTESIAN_POINT('',(0.7205,-0.084,0.247));
#21863=CARTESIAN_POINT('',(-0.294211324865405,-0.084,0.247));
#21864=CARTESIAN_POINT('',(-0.294211324865405,-0.1,0.247));
#21865=CARTESIAN_POINT('',(-0.305788675134595,-0.084,0.247));
#21866=CARTESIAN_POINT('',(-0.305788675134595,-0.1,0.247));
#21867=CARTESIAN_POINT('',(0.7205,-0.1,0.247));
#21868=CARTESIAN_POINT('',(0.7205,-0.084,0.247));
#21869=CARTESIAN_POINT('',(-0.394211324865405,-0.084,0.247));
#21870=CARTESIAN_POINT('',(-0.394211324865405,-0.1,0.247));
#21871=CARTESIAN_POINT('',(-0.405788675134595,-0.084,0.247));
#21872=CARTESIAN_POINT('',(-0.405788675134595,-0.1,0.247));
#21873=CARTESIAN_POINT('',(0.7205,-0.1,0.247));
#21874=CARTESIAN_POINT('',(0.7205,-0.084,0.247));
#21875=CARTESIAN_POINT('',(-0.494211324865405,-0.084,0.247));
#21876=CARTESIAN_POINT('',(-0.494211324865405,-0.1,0.247));
#21877=CARTESIAN_POINT('',(-0.505788675134595,-0.084,0.247));
#21878=CARTESIAN_POINT('',(-0.505788675134595,-0.1,0.247));
#21879=CARTESIAN_POINT('',(0.7205,-0.1,0.247));
#21880=CARTESIAN_POINT('',(0.7205,-0.084,0.247));
#21881=CARTESIAN_POINT('',(-0.594211324865405,-0.084,0.247));
#21882=CARTESIAN_POINT('',(-0.594211324865405,-0.1,0.247));
#21883=CARTESIAN_POINT('',(-0.605788675134595,-0.084,0.247));
#21884=CARTESIAN_POINT('',(-0.605788675134595,-0.1,0.247));
#21885=CARTESIAN_POINT('',(0.7205,-0.1,0.247));
#21886=CARTESIAN_POINT('',(0.7205,-0.084,0.247));
#21887=CARTESIAN_POINT('',(-0.694211324865405,-0.084,0.247));
#21888=CARTESIAN_POINT('',(-0.694211324865405,-0.1,0.247));
#21889=CARTESIAN_POINT('',(-0.705788675134595,-0.084,0.247));
#21890=CARTESIAN_POINT('',(-0.705788675134595,-0.1,0.247));
#21891=CARTESIAN_POINT('',(0.7205,-0.1,0.247));
#21892=CARTESIAN_POINT('',(0.7205,-0.1,0.247));
#21893=CARTESIAN_POINT('',(0.709466506350946,-0.1,0.240629809471617));
#21894=CARTESIAN_POINT('',(0.7155,-0.1,0.230179491924312));
#21895=CARTESIAN_POINT('',(0.700783493649054,-0.1,0.258383330249198));
#21896=CARTESIAN_POINT('',(0.6845,-0.1,0.230179491924311));
#21897=CARTESIAN_POINT('',(0.6845,-0.1,0.247));
#21898=CARTESIAN_POINT('',(0.6845,-0.1,0.024));
#21899=CARTESIAN_POINT('',(0.7205,-0.1,0.024));
#21900=CARTESIAN_POINT('',(0.7155,-0.1,0.024));
#21901=CARTESIAN_POINT('',(0.7155,-0.1,0.247));
#21902=CARTESIAN_POINT('',(0.7205,-0.1,0.247));
#21903=CARTESIAN_POINT('',(0.634466506350946,-0.1,0.197328539282395));
#21904=CARTESIAN_POINT('',(0.6155,-0.1,0.230179491924311));
#21905=CARTESIAN_POINT('',(0.625783493649054,-0.1,0.30168460043842));
#21906=CARTESIAN_POINT('',(0.5845,-0.1,0.230179491924311));
#21907=CARTESIAN_POINT('',(0.5845,-0.1,0.247));
#21908=CARTESIAN_POINT('',(0.5845,-0.1,0.024));
#21909=CARTESIAN_POINT('',(0.7205,-0.1,0.024));
#21910=CARTESIAN_POINT('',(0.6155,-0.1,0.024));
#21911=CARTESIAN_POINT('',(0.6155,-0.1,0.247));
#21912=CARTESIAN_POINT('',(0.7205,-0.1,0.247));
#21913=CARTESIAN_POINT('',(0.559466506350946,-0.1,0.154027269093173));
#21914=CARTESIAN_POINT('',(0.5155,-0.1,0.230179491924311));
#21915=CARTESIAN_POINT('',(0.550783493649054,-0.1,0.344985870627642));
#21916=CARTESIAN_POINT('',(0.4845,-0.1,0.230179491924311));
#21917=CARTESIAN_POINT('',(0.4845,-0.1,0.247));
#21918=CARTESIAN_POINT('',(0.4845,-0.1,0.024));
#21919=CARTESIAN_POINT('',(0.7205,-0.1,0.024));
#21920=CARTESIAN_POINT('',(0.5155,-0.1,0.024));
#21921=CARTESIAN_POINT('',(0.5155,-0.1,0.247));
#21922=CARTESIAN_POINT('',(0.7205,-0.1,0.247));
#21923=CARTESIAN_POINT('',(0.484466506350946,-0.1,0.110725998903951));
#21924=CARTESIAN_POINT('',(0.4155,-0.1,0.230179491924311));
#21925=CARTESIAN_POINT('',(0.475783493649054,-0.1,0.388287140816864));
#21926=CARTESIAN_POINT('',(0.3845,-0.1,0.230179491924311));
#21927=CARTESIAN_POINT('',(0.3845,-0.1,0.247));
#21928=CARTESIAN_POINT('',(0.3845,-0.1,0.024));
#21929=CARTESIAN_POINT('',(0.7205,-0.1,0.024));
#21930=CARTESIAN_POINT('',(0.4155,-0.1,0.024));
#21931=CARTESIAN_POINT('',(0.4155,-0.1,0.247));
#21932=CARTESIAN_POINT('',(0.7205,-0.1,0.247));
#21933=CARTESIAN_POINT('',(0.409466506350946,-0.1,0.0674247287147286));
#21934=CARTESIAN_POINT('',(0.3155,-0.1,0.230179491924311));
#21935=CARTESIAN_POINT('',(0.400783493649054,-0.1,0.431588411006085));
#21936=CARTESIAN_POINT('',(0.2845,-0.1,0.230179491924311));
#21937=CARTESIAN_POINT('',(0.2845,-0.1,0.247));
#21938=CARTESIAN_POINT('',(0.2845,-0.1,0.024));
#21939=CARTESIAN_POINT('',(0.7205,-0.1,0.024));
#21940=CARTESIAN_POINT('',(0.3155,-0.1,0.024));
#21941=CARTESIAN_POINT('',(0.3155,-0.1,0.247));
#21942=CARTESIAN_POINT('',(0.7205,-0.1,0.247));
#21943=CARTESIAN_POINT('',(0.334466506350946,-0.1,0.0241234585255071));
#21944=CARTESIAN_POINT('',(0.2155,-0.1,0.230179491924311));
#21945=CARTESIAN_POINT('',(0.325783493649054,-0.1,0.474889681195308));
#21946=CARTESIAN_POINT('',(0.1845,-0.1,0.230179491924311));
#21947=CARTESIAN_POINT('',(0.1845,-0.1,0.247));
#21948=CARTESIAN_POINT('',(0.1845,-0.1,0.024));
#21949=CARTESIAN_POINT('',(0.7205,-0.1,0.024));
#21950=CARTESIAN_POINT('',(0.2155,-0.1,0.024));
#21951=CARTESIAN_POINT('',(0.2155,-0.1,0.247));
#21952=CARTESIAN_POINT('',(0.7205,-0.1,0.247));
#21953=CARTESIAN_POINT('',(0.259466506350946,-0.1,-0.0191778116637151));
#21954=CARTESIAN_POINT('',(0.1155,-0.1,0.230179491924311));
#21955=CARTESIAN_POINT('',(0.250783493649054,-0.1,0.51819095138453));
#21956=CARTESIAN_POINT('',(0.0844999999999999,-0.1,0.230179491924311));
#21957=CARTESIAN_POINT('',(0.0844999999999999,-0.1,0.247));
#21958=CARTESIAN_POINT('',(0.0844999999999999,-0.1,0.024));
#21959=CARTESIAN_POINT('',(0.7205,-0.1,0.024));
#21960=CARTESIAN_POINT('',(0.1155,-0.1,0.024));
#21961=CARTESIAN_POINT('',(0.1155,-0.1,0.247));
#21962=CARTESIAN_POINT('',(0.7205,-0.1,0.247));
#21963=CARTESIAN_POINT('',(0.184466506350946,-0.1,-0.062479081852937));
#21964=CARTESIAN_POINT('',(0.0154999999999999,-0.1,0.230179491924311));
#21965=CARTESIAN_POINT('',(0.175783493649054,-0.1,0.561492221573751));
#21966=CARTESIAN_POINT('',(-0.0155000000000001,-0.1,0.230179491924311));
#21967=CARTESIAN_POINT('',(-0.0155000000000001,-0.1,0.247));
#21968=CARTESIAN_POINT('',(-0.0155000000000001,-0.1,0.024));
#21969=CARTESIAN_POINT('',(0.7205,-0.1,0.024));
#21970=CARTESIAN_POINT('',(0.0154999999999999,-0.1,0.024));
#21971=CARTESIAN_POINT('',(0.0154999999999999,-0.1,0.247));
#21972=CARTESIAN_POINT('',(0.7205,-0.1,0.247));
#21973=CARTESIAN_POINT('',(0.109466506350946,-0.1,-0.105780352042159));
#21974=CARTESIAN_POINT('',(-0.0845,-0.1,0.230179491924311));
#21975=CARTESIAN_POINT('',(0.100783493649054,-0.1,0.604793491762973));
#21976=CARTESIAN_POINT('',(-0.1155,-0.1,0.230179491924311));
#21977=CARTESIAN_POINT('',(-0.1155,-0.1,0.247));
#21978=CARTESIAN_POINT('',(-0.1155,-0.1,0.024));
#21979=CARTESIAN_POINT('',(0.7205,-0.1,0.024));
#21980=CARTESIAN_POINT('',(-0.0845,-0.1,0.024));
#21981=CARTESIAN_POINT('',(-0.0845,-0.1,0.247));
#21982=CARTESIAN_POINT('',(0.7205,-0.1,0.247));
#21983=CARTESIAN_POINT('',(0.034466506350947,-0.1,-0.149081622231381));
#21984=CARTESIAN_POINT('',(-0.1845,-0.1,0.230179491924311));
#21985=CARTESIAN_POINT('',(0.0257834936490535,-0.1,0.648094761952195));
#21986=CARTESIAN_POINT('',(-0.2155,-0.1,0.230179491924311));
#21987=CARTESIAN_POINT('',(-0.2155,-0.1,0.247));
#21988=CARTESIAN_POINT('',(-0.2155,-0.1,0.024));
#21989=CARTESIAN_POINT('',(0.7205,-0.1,0.024));
#21990=CARTESIAN_POINT('',(-0.1845,-0.1,0.024));
#21991=CARTESIAN_POINT('',(-0.1845,-0.1,0.247));
#21992=CARTESIAN_POINT('',(0.7205,-0.1,0.247));
#21993=CARTESIAN_POINT('',(-0.040533493649053,-0.1,-0.192382892420603));
#21994=CARTESIAN_POINT('',(-0.2845,-0.1,0.230179491924311));
#21995=CARTESIAN_POINT('',(-0.0492165063509464,-0.1,0.691396032141417));
#21996=CARTESIAN_POINT('',(-0.3155,-0.1,0.230179491924311));
#21997=CARTESIAN_POINT('',(-0.3155,-0.1,0.247));
#21998=CARTESIAN_POINT('',(-0.3155,-0.1,0.024));
#21999=CARTESIAN_POINT('',(0.7205,-0.1,0.024));
#22000=CARTESIAN_POINT('',(-0.2845,-0.1,0.024));
#22001=CARTESIAN_POINT('',(-0.2845,-0.1,0.247));
#22002=CARTESIAN_POINT('',(0.7205,-0.1,0.247));
#22003=CARTESIAN_POINT('',(-0.115533493649056,-0.1,-0.235684162609824));
#22004=CARTESIAN_POINT('',(-0.3845,-0.1,0.230179491924311));
#22005=CARTESIAN_POINT('',(-0.124216506350945,-0.1,0.73469730233064));
#22006=CARTESIAN_POINT('',(-0.4155,-0.1,0.230179491924311));
#22007=CARTESIAN_POINT('',(-0.4155,-0.1,0.247));
#22008=CARTESIAN_POINT('',(-0.4155,-0.1,0.024));
#22009=CARTESIAN_POINT('',(0.7205,-0.1,0.024));
#22010=CARTESIAN_POINT('',(-0.3845,-0.1,0.024));
#22011=CARTESIAN_POINT('',(-0.3845,-0.1,0.247));
#22012=CARTESIAN_POINT('',(0.7205,-0.1,0.247));
#22013=CARTESIAN_POINT('',(-0.190533493649056,-0.1,-0.278985432799045));
#22014=CARTESIAN_POINT('',(-0.4845,-0.1,0.230179491924311));
#22015=CARTESIAN_POINT('',(-0.199216506350945,-0.1,0.777998572519862));
#22016=CARTESIAN_POINT('',(-0.5155,-0.1,0.230179491924311));
#22017=CARTESIAN_POINT('',(-0.5155,-0.1,0.247));
#22018=CARTESIAN_POINT('',(-0.5155,-0.1,0.024));
#22019=CARTESIAN_POINT('',(0.7205,-0.1,0.024));
#22020=CARTESIAN_POINT('',(-0.4845,-0.1,0.024));
#22021=CARTESIAN_POINT('',(-0.4845,-0.1,0.247));
#22022=CARTESIAN_POINT('',(0.7205,-0.1,0.247));
#22023=CARTESIAN_POINT('',(-0.265533493649052,-0.1,-0.322286702988269));
#22024=CARTESIAN_POINT('',(-0.5845,-0.1,0.230179491924311));
#22025=CARTESIAN_POINT('',(-0.274216506350945,-0.1,0.821299842709084));
#22026=CARTESIAN_POINT('',(-0.6155,-0.1,0.230179491924311));
#22027=CARTESIAN_POINT('',(-0.6155,-0.1,0.247));
#22028=CARTESIAN_POINT('',(-0.6155,-0.1,0.024));
#22029=CARTESIAN_POINT('',(0.7205,-0.1,0.024));
#22030=CARTESIAN_POINT('',(-0.5845,-0.1,0.024));
#22031=CARTESIAN_POINT('',(-0.5845,-0.1,0.247));
#22032=CARTESIAN_POINT('',(0.7205,-0.1,0.247));
#22033=CARTESIAN_POINT('',(-0.340533493649052,-0.1,-0.365587973177491));
#22034=CARTESIAN_POINT('',(-0.6845,-0.1,0.230179491924311));
#22035=CARTESIAN_POINT('',(-0.349216506350945,-0.1,0.864601112898306));
#22036=CARTESIAN_POINT('',(-0.7155,-0.1,0.230179491924311));
#22037=CARTESIAN_POINT('',(-0.7155,-0.1,0.247));
#22038=CARTESIAN_POINT('',(-0.7155,-0.1,0.024));
#22039=CARTESIAN_POINT('',(0.7205,-0.1,0.024));
#22040=CARTESIAN_POINT('',(-0.6845,-0.1,0.024));
#22041=CARTESIAN_POINT('',(-0.6845,-0.1,0.247));
#22042=CARTESIAN_POINT('',(0.7205,-0.184,-0.076));
#22043=CARTESIAN_POINT('',(0.849329609062133,-0.184,-0.0016201905283829));
#22044=CARTESIAN_POINT('',(0.7155,-0.184,0.230179491924311));
#22045=CARTESIAN_POINT('',(0.705788675134595,-0.184,0.247));
#22046=CARTESIAN_POINT('',(0.7155,-0.184,-0.076));
#22047=CARTESIAN_POINT('',(0.7155,-0.184,-0.076));
#22048=CARTESIAN_POINT('',(0.7205,-0.184,-0.076));
#22049=CARTESIAN_POINT('',(0.6845,-0.184,-0.076));
#22050=CARTESIAN_POINT('',(0.6845,-0.184,-0.076));
#22051=CARTESIAN_POINT('',(0.6845,-0.184,0.230179491924311));
#22052=CARTESIAN_POINT('',(0.560920390937867,-0.184,0.016133330249198));
#22053=CARTESIAN_POINT('',(0.694211324865405,-0.184,0.247));
#22054=CARTESIAN_POINT('',(0.7205,-0.184,0.247));
#22055=CARTESIAN_POINT('',(0.7205,-0.184,-0.076));
#22056=CARTESIAN_POINT('',(0.774329609062132,-0.184,-0.0449214607176057));
#22057=CARTESIAN_POINT('',(0.6155,-0.184,0.230179491924311));
#22058=CARTESIAN_POINT('',(0.605788675134595,-0.184,0.247));
#22059=CARTESIAN_POINT('',(0.6155,-0.184,-0.076));
#22060=CARTESIAN_POINT('',(0.6155,-0.184,-0.076));
#22061=CARTESIAN_POINT('',(0.7205,-0.184,-0.076));
#22062=CARTESIAN_POINT('',(0.5845,-0.184,-0.076));
#22063=CARTESIAN_POINT('',(0.5845,-0.184,-0.076));
#22064=CARTESIAN_POINT('',(0.5845,-0.184,0.230179491924311));
#22065=CARTESIAN_POINT('',(0.485920390937867,-0.184,0.0594346004384201));
#22066=CARTESIAN_POINT('',(0.594211324865405,-0.184,0.247));
#22067=CARTESIAN_POINT('',(0.7205,-0.184,0.247));
#22068=CARTESIAN_POINT('',(0.7205,-0.184,-0.076));
#22069=CARTESIAN_POINT('',(0.699329609062132,-0.184,-0.0882227309068275));
#22070=CARTESIAN_POINT('',(0.5155,-0.184,0.230179491924311));
#22071=CARTESIAN_POINT('',(0.505788675134595,-0.184,0.247));
#22072=CARTESIAN_POINT('',(0.5155,-0.184,-0.076));
#22073=CARTESIAN_POINT('',(0.5155,-0.184,-0.076));
#22074=CARTESIAN_POINT('',(0.7205,-0.184,-0.076));
#22075=CARTESIAN_POINT('',(0.4845,-0.184,-0.076));
#22076=CARTESIAN_POINT('',(0.4845,-0.184,-0.076));
#22077=CARTESIAN_POINT('',(0.4845,-0.184,0.230179491924311));
#22078=CARTESIAN_POINT('',(0.410920390937867,-0.184,0.102735870627642));
#22079=CARTESIAN_POINT('',(0.494211324865405,-0.184,0.247));
#22080=CARTESIAN_POINT('',(0.7205,-0.184,0.247));
#22081=CARTESIAN_POINT('',(0.7205,-0.184,-0.076));
#22082=CARTESIAN_POINT('',(0.624329609062133,-0.184,-0.131524001096049));
#22083=CARTESIAN_POINT('',(0.4155,-0.184,0.230179491924311));
#22084=CARTESIAN_POINT('',(0.405788675134595,-0.184,0.247));
#22085=CARTESIAN_POINT('',(0.4155,-0.184,-0.076));
#22086=CARTESIAN_POINT('',(0.4155,-0.184,-0.076));
#22087=CARTESIAN_POINT('',(0.7205,-0.184,-0.076));
#22088=CARTESIAN_POINT('',(0.3845,-0.184,-0.076));
#22089=CARTESIAN_POINT('',(0.3845,-0.184,-0.076));
#22090=CARTESIAN_POINT('',(0.3845,-0.184,0.230179491924311));
#22091=CARTESIAN_POINT('',(0.335920390937867,-0.184,0.146037140816864));
#22092=CARTESIAN_POINT('',(0.394211324865405,-0.184,0.247));
#22093=CARTESIAN_POINT('',(0.7205,-0.184,0.247));
#22094=CARTESIAN_POINT('',(0.7205,-0.184,-0.076));
#22095=CARTESIAN_POINT('',(0.549329609062133,-0.184,-0.174825271285271));
#22096=CARTESIAN_POINT('',(0.3155,-0.184,0.230179491924311));
#22097=CARTESIAN_POINT('',(0.305788675134595,-0.184,0.247));
#22098=CARTESIAN_POINT('',(0.3155,-0.184,-0.076));
#22099=CARTESIAN_POINT('',(0.3155,-0.184,-0.076));
#22100=CARTESIAN_POINT('',(0.7205,-0.184,-0.076));
#22101=CARTESIAN_POINT('',(0.2845,-0.184,-0.076));
#22102=CARTESIAN_POINT('',(0.2845,-0.184,-0.076));
#22103=CARTESIAN_POINT('',(0.2845,-0.184,0.230179491924311));
#22104=CARTESIAN_POINT('',(0.260920390937867,-0.184,0.189338411006085));
#22105=CARTESIAN_POINT('',(0.294211324865405,-0.184,0.247));
#22106=CARTESIAN_POINT('',(0.7205,-0.184,0.247));
#22107=CARTESIAN_POINT('',(0.7205,-0.184,-0.076));
#22108=CARTESIAN_POINT('',(0.474329609062133,-0.184,-0.218126541474493));
#22109=CARTESIAN_POINT('',(0.2155,-0.184,0.230179491924311));
#22110=CARTESIAN_POINT('',(0.205788675134595,-0.184,0.247));
#22111=CARTESIAN_POINT('',(0.2155,-0.184,-0.076));
#22112=CARTESIAN_POINT('',(0.2155,-0.184,-0.076));
#22113=CARTESIAN_POINT('',(0.7205,-0.184,-0.076));
#22114=CARTESIAN_POINT('',(0.1845,-0.184,-0.076));
#22115=CARTESIAN_POINT('',(0.1845,-0.184,-0.076));
#22116=CARTESIAN_POINT('',(0.1845,-0.184,0.230179491924311));
#22117=CARTESIAN_POINT('',(0.185920390937867,-0.184,0.232639681195308));
#22118=CARTESIAN_POINT('',(0.194211324865405,-0.184,0.247));
#22119=CARTESIAN_POINT('',(0.7205,-0.184,0.247));
#22120=CARTESIAN_POINT('',(0.7205,-0.184,-0.076));
#22121=CARTESIAN_POINT('',(0.399329609062133,-0.184,-0.261427811663715));
#22122=CARTESIAN_POINT('',(0.1155,-0.184,0.230179491924311));
#22123=CARTESIAN_POINT('',(0.105788675134595,-0.184,0.247));
#22124=CARTESIAN_POINT('',(0.1155,-0.184,-0.076));
#22125=CARTESIAN_POINT('',(0.1155,-0.184,-0.076));
#22126=CARTESIAN_POINT('',(0.7205,-0.184,-0.076));
#22127=CARTESIAN_POINT('',(0.0844999999999999,-0.184,-0.076));
#22128=CARTESIAN_POINT('',(0.0844999999999999,-0.184,-0.076));
#22129=CARTESIAN_POINT('',(0.0844999999999999,-0.184,0.230179491924311));
#22130=CARTESIAN_POINT('',(0.110920390937867,-0.184,0.27594095138453));
#22131=CARTESIAN_POINT('',(0.0942113248654051,-0.184,0.247));
#22132=CARTESIAN_POINT('',(0.7205,-0.184,0.247));
#22133=CARTESIAN_POINT('',(0.7205,-0.184,-0.076));
#22134=CARTESIAN_POINT('',(0.324329609062133,-0.184,-0.304729081852937));
#22135=CARTESIAN_POINT('',(0.0154999999999999,-0.184,0.230179491924311));
#22136=CARTESIAN_POINT('',(0.0057886751345947,-0.184,0.247));
#22137=CARTESIAN_POINT('',(0.0154999999999999,-0.184,-0.076));
#22138=CARTESIAN_POINT('',(0.0154999999999999,-0.184,-0.076));
#22139=CARTESIAN_POINT('',(0.7205,-0.184,-0.076));
#22140=CARTESIAN_POINT('',(-0.0155000000000001,-0.184,-0.076));
#22141=CARTESIAN_POINT('',(-0.0155000000000001,-0.184,-0.076));
#22142=CARTESIAN_POINT('',(-0.0155000000000001,-0.184,0.230179491924311));
#22143=CARTESIAN_POINT('',(0.035920390937867,-0.184,0.319242221573751));
#22144=CARTESIAN_POINT('',(-0.00578867513459497,-0.184,0.247));
#22145=CARTESIAN_POINT('',(0.7205,-0.184,0.247));
#22146=CARTESIAN_POINT('',(0.7205,-0.184,-0.076));
#22147=CARTESIAN_POINT('',(0.249329609062133,-0.184,-0.348030352042159));
#22148=CARTESIAN_POINT('',(-0.0845000000000001,-0.184,0.230179491924311));
#22149=CARTESIAN_POINT('',(-0.0942113248654052,-0.184,0.247));
#22150=CARTESIAN_POINT('',(-0.0845,-0.184,-0.076));
#22151=CARTESIAN_POINT('',(-0.0845,-0.184,-0.076));
#22152=CARTESIAN_POINT('',(0.7205,-0.184,-0.076));
#22153=CARTESIAN_POINT('',(-0.1155,-0.184,-0.076));
#22154=CARTESIAN_POINT('',(-0.1155,-0.184,-0.076));
#22155=CARTESIAN_POINT('',(-0.1155,-0.184,0.230179491924311));
#22156=CARTESIAN_POINT('',(-0.0390796090621328,-0.184,0.362543491762974));
#22157=CARTESIAN_POINT('',(-0.105788675134595,-0.184,0.247));
#22158=CARTESIAN_POINT('',(0.7205,-0.184,0.247));
#22159=CARTESIAN_POINT('',(0.7205,-0.184,-0.076));
#22160=CARTESIAN_POINT('',(0.174329609062134,-0.184,-0.391331622231381));
#22161=CARTESIAN_POINT('',(-0.1845,-0.184,0.230179491924311));
#22162=CARTESIAN_POINT('',(-0.194211324865405,-0.184,0.247));
#22163=CARTESIAN_POINT('',(-0.1845,-0.184,-0.076));
#22164=CARTESIAN_POINT('',(-0.1845,-0.184,-0.076));
#22165=CARTESIAN_POINT('',(0.7205,-0.184,-0.076));
#22166=CARTESIAN_POINT('',(-0.2155,-0.184,-0.076));
#22167=CARTESIAN_POINT('',(-0.2155,-0.184,-0.076));
#22168=CARTESIAN_POINT('',(-0.2155,-0.184,0.230179491924311));
#22169=CARTESIAN_POINT('',(-0.114079609062133,-0.184,0.405844761952195));
#22170=CARTESIAN_POINT('',(-0.205788675134595,-0.184,0.247));
#22171=CARTESIAN_POINT('',(0.7205,-0.184,0.247));
#22172=CARTESIAN_POINT('',(0.7205,-0.184,-0.076));
#22173=CARTESIAN_POINT('',(0.0993296090621341,-0.184,-0.434632892420603));
#22174=CARTESIAN_POINT('',(-0.2845,-0.184,0.230179491924311));
#22175=CARTESIAN_POINT('',(-0.294211324865405,-0.184,0.247));
#22176=CARTESIAN_POINT('',(-0.2845,-0.184,-0.076));
#22177=CARTESIAN_POINT('',(-0.2845,-0.184,-0.076));
#22178=CARTESIAN_POINT('',(0.7205,-0.184,-0.076));
#22179=CARTESIAN_POINT('',(-0.3155,-0.184,-0.076));
#22180=CARTESIAN_POINT('',(-0.3155,-0.184,-0.076));
#22181=CARTESIAN_POINT('',(-0.3155,-0.184,0.230179491924311));
#22182=CARTESIAN_POINT('',(-0.189079609062133,-0.184,0.449146032141417));
#22183=CARTESIAN_POINT('',(-0.305788675134595,-0.184,0.247));
#22184=CARTESIAN_POINT('',(0.7205,-0.184,0.247));
#22185=CARTESIAN_POINT('',(0.7205,-0.184,-0.076));
#22186=CARTESIAN_POINT('',(0.0243296090621309,-0.184,-0.477934162609824));
#22187=CARTESIAN_POINT('',(-0.3845,-0.184,0.230179491924311));
#22188=CARTESIAN_POINT('',(-0.394211324865405,-0.184,0.247));
#22189=CARTESIAN_POINT('',(-0.3845,-0.184,-0.076));
#22190=CARTESIAN_POINT('',(-0.3845,-0.184,-0.076));
#22191=CARTESIAN_POINT('',(0.7205,-0.184,-0.076));
#22192=CARTESIAN_POINT('',(-0.4155,-0.184,-0.076));
#22193=CARTESIAN_POINT('',(-0.4155,-0.184,-0.076));
#22194=CARTESIAN_POINT('',(-0.4155,-0.184,0.230179491924311));
#22195=CARTESIAN_POINT('',(-0.264079609062132,-0.184,0.49244730233064));
#22196=CARTESIAN_POINT('',(-0.405788675134595,-0.184,0.247));
#22197=CARTESIAN_POINT('',(0.7205,-0.184,0.247));
#22198=CARTESIAN_POINT('',(0.7205,-0.184,-0.076));
#22199=CARTESIAN_POINT('',(-0.0506703909378694,-0.184,-0.521235432799046));
#22200=CARTESIAN_POINT('',(-0.4845,-0.184,0.230179491924311));
#22201=CARTESIAN_POINT('',(-0.494211324865405,-0.184,0.247));
#22202=CARTESIAN_POINT('',(-0.4845,-0.184,-0.076));
#22203=CARTESIAN_POINT('',(-0.4845,-0.184,-0.076));
#22204=CARTESIAN_POINT('',(0.7205,-0.184,-0.076));
#22205=CARTESIAN_POINT('',(-0.5155,-0.184,-0.076));
#22206=CARTESIAN_POINT('',(-0.5155,-0.184,-0.076));
#22207=CARTESIAN_POINT('',(-0.5155,-0.184,0.230179491924311));
#22208=CARTESIAN_POINT('',(-0.339079609062132,-0.184,0.535748572519862));
#22209=CARTESIAN_POINT('',(-0.505788675134595,-0.184,0.247));
#22210=CARTESIAN_POINT('',(0.7205,-0.184,0.247));
#22211=CARTESIAN_POINT('',(0.7205,-0.184,-0.076));
#22212=CARTESIAN_POINT('',(-0.125670390937865,-0.184,-0.564536702988269));
#22213=CARTESIAN_POINT('',(-0.5845,-0.184,0.230179491924311));
#22214=CARTESIAN_POINT('',(-0.594211324865405,-0.184,0.247));
#22215=CARTESIAN_POINT('',(-0.5845,-0.184,-0.076));
#22216=CARTESIAN_POINT('',(-0.5845,-0.184,-0.076));
#22217=CARTESIAN_POINT('',(0.7205,-0.184,-0.076));
#22218=CARTESIAN_POINT('',(-0.6155,-0.184,-0.076));
#22219=CARTESIAN_POINT('',(-0.6155,-0.184,-0.076));
#22220=CARTESIAN_POINT('',(-0.6155,-0.184,0.230179491924311));
#22221=CARTESIAN_POINT('',(-0.414079609062132,-0.184,0.579049842709084));
#22222=CARTESIAN_POINT('',(-0.605788675134595,-0.184,0.247));
#22223=CARTESIAN_POINT('',(0.7205,-0.184,0.247));
#22224=CARTESIAN_POINT('',(0.7205,-0.184,-0.076));
#22225=CARTESIAN_POINT('',(-0.200670390937865,-0.184,-0.607837973177491));
#22226=CARTESIAN_POINT('',(-0.6845,-0.184,0.230179491924311));
#22227=CARTESIAN_POINT('',(-0.694211324865405,-0.184,0.247));
#22228=CARTESIAN_POINT('',(-0.6845,-0.184,-0.076));
#22229=CARTESIAN_POINT('',(-0.6845,-0.184,-0.076));
#22230=CARTESIAN_POINT('',(0.7205,-0.184,-0.076));
#22231=CARTESIAN_POINT('',(-0.7155,-0.184,-0.076));
#22232=CARTESIAN_POINT('',(-0.7155,-0.184,-0.076));
#22233=CARTESIAN_POINT('',(-0.7155,-0.184,0.230179491924311));
#22234=CARTESIAN_POINT('',(-0.489079609062132,-0.184,0.622351112898306));
#22235=CARTESIAN_POINT('',(-0.705788675134595,-0.184,0.247));
#22236=CARTESIAN_POINT('',(0.7205,-0.184,0.247));
#22237=CARTESIAN_POINT('',(0.7205,-0.184,0.247));
#22238=CARTESIAN_POINT('',(0.705788675134595,-0.184,0.247));
#22239=CARTESIAN_POINT('',(0.705788675134595,-0.2,0.247));
#22240=CARTESIAN_POINT('',(0.694211324865405,-0.184,0.247));
#22241=CARTESIAN_POINT('',(0.694211324865405,-0.2,0.247));
#22242=CARTESIAN_POINT('',(0.7205,-0.2,0.247));
#22243=CARTESIAN_POINT('',(0.7205,-0.184,0.247));
#22244=CARTESIAN_POINT('',(0.605788675134595,-0.184,0.247));
#22245=CARTESIAN_POINT('',(0.605788675134595,-0.2,0.247));
#22246=CARTESIAN_POINT('',(0.594211324865405,-0.184,0.247));
#22247=CARTESIAN_POINT('',(0.594211324865405,-0.2,0.247));
#22248=CARTESIAN_POINT('',(0.7205,-0.2,0.247));
#22249=CARTESIAN_POINT('',(0.7205,-0.184,0.247));
#22250=CARTESIAN_POINT('',(0.505788675134595,-0.184,0.247));
#22251=CARTESIAN_POINT('',(0.505788675134595,-0.2,0.247));
#22252=CARTESIAN_POINT('',(0.494211324865405,-0.184,0.247));
#22253=CARTESIAN_POINT('',(0.494211324865405,-0.2,0.247));
#22254=CARTESIAN_POINT('',(0.7205,-0.2,0.247));
#22255=CARTESIAN_POINT('',(0.7205,-0.184,0.247));
#22256=CARTESIAN_POINT('',(0.405788675134595,-0.184,0.247));
#22257=CARTESIAN_POINT('',(0.405788675134595,-0.2,0.247));
#22258=CARTESIAN_POINT('',(0.394211324865405,-0.184,0.247));
#22259=CARTESIAN_POINT('',(0.394211324865405,-0.2,0.247));
#22260=CARTESIAN_POINT('',(0.7205,-0.2,0.247));
#22261=CARTESIAN_POINT('',(0.7205,-0.184,0.247));
#22262=CARTESIAN_POINT('',(0.305788675134595,-0.184,0.247));
#22263=CARTESIAN_POINT('',(0.305788675134595,-0.2,0.247));
#22264=CARTESIAN_POINT('',(0.294211324865405,-0.184,0.247));
#22265=CARTESIAN_POINT('',(0.294211324865405,-0.2,0.247));
#22266=CARTESIAN_POINT('',(0.7205,-0.2,0.247));
#22267=CARTESIAN_POINT('',(0.7205,-0.184,0.247));
#22268=CARTESIAN_POINT('',(0.205788675134595,-0.184,0.247));
#22269=CARTESIAN_POINT('',(0.205788675134595,-0.2,0.247));
#22270=CARTESIAN_POINT('',(0.194211324865405,-0.184,0.247));
#22271=CARTESIAN_POINT('',(0.194211324865405,-0.2,0.247));
#22272=CARTESIAN_POINT('',(0.7205,-0.2,0.247));
#22273=CARTESIAN_POINT('',(0.7205,-0.184,0.247));
#22274=CARTESIAN_POINT('',(0.105788675134595,-0.184,0.247));
#22275=CARTESIAN_POINT('',(0.105788675134595,-0.2,0.247));
#22276=CARTESIAN_POINT('',(0.0942113248654051,-0.184,0.247));
#22277=CARTESIAN_POINT('',(0.0942113248654049,-0.2,0.247));
#22278=CARTESIAN_POINT('',(0.7205,-0.2,0.247));
#22279=CARTESIAN_POINT('',(0.7205,-0.184,0.247));
#22280=CARTESIAN_POINT('',(0.0057886751345947,-0.184,0.247));
#22281=CARTESIAN_POINT('',(0.0057886751345947,-0.2,0.247));
#22282=CARTESIAN_POINT('',(-0.00578867513459497,-0.184,0.247));
#22283=CARTESIAN_POINT('',(-0.00578867513459511,-0.2,0.247));
#22284=CARTESIAN_POINT('',(0.7205,-0.2,0.247));
#22285=CARTESIAN_POINT('',(0.7205,-0.184,0.247));
#22286=CARTESIAN_POINT('',(-0.0942113248654052,-0.184,0.247));
#22287=CARTESIAN_POINT('',(-0.0942113248654051,-0.2,0.247));
#22288=CARTESIAN_POINT('',(-0.105788675134595,-0.184,0.247));
#22289=CARTESIAN_POINT('',(-0.105788675134595,-0.2,0.247));
#22290=CARTESIAN_POINT('',(0.7205,-0.2,0.247));
#22291=CARTESIAN_POINT('',(0.7205,-0.184,0.247));
#22292=CARTESIAN_POINT('',(-0.194211324865405,-0.184,0.247));
#22293=CARTESIAN_POINT('',(-0.194211324865405,-0.2,0.247));
#22294=CARTESIAN_POINT('',(-0.205788675134595,-0.184,0.247));
#22295=CARTESIAN_POINT('',(-0.205788675134595,-0.2,0.247));
#22296=CARTESIAN_POINT('',(0.7205,-0.2,0.247));
#22297=CARTESIAN_POINT('',(0.7205,-0.184,0.247));
#22298=CARTESIAN_POINT('',(-0.294211324865405,-0.184,0.247));
#22299=CARTESIAN_POINT('',(-0.294211324865405,-0.2,0.247));
#22300=CARTESIAN_POINT('',(-0.305788675134595,-0.184,0.247));
#22301=CARTESIAN_POINT('',(-0.305788675134595,-0.2,0.247));
#22302=CARTESIAN_POINT('',(0.7205,-0.2,0.247));
#22303=CARTESIAN_POINT('',(0.7205,-0.184,0.247));
#22304=CARTESIAN_POINT('',(-0.394211324865405,-0.184,0.247));
#22305=CARTESIAN_POINT('',(-0.394211324865405,-0.2,0.247));
#22306=CARTESIAN_POINT('',(-0.405788675134595,-0.184,0.247));
#22307=CARTESIAN_POINT('',(-0.405788675134595,-0.2,0.247));
#22308=CARTESIAN_POINT('',(0.7205,-0.2,0.247));
#22309=CARTESIAN_POINT('',(0.7205,-0.184,0.247));
#22310=CARTESIAN_POINT('',(-0.494211324865405,-0.184,0.247));
#22311=CARTESIAN_POINT('',(-0.494211324865405,-0.2,0.247));
#22312=CARTESIAN_POINT('',(-0.505788675134595,-0.184,0.247));
#22313=CARTESIAN_POINT('',(-0.505788675134595,-0.2,0.247));
#22314=CARTESIAN_POINT('',(0.7205,-0.2,0.247));
#22315=CARTESIAN_POINT('',(0.7205,-0.184,0.247));
#22316=CARTESIAN_POINT('',(-0.594211324865405,-0.184,0.247));
#22317=CARTESIAN_POINT('',(-0.594211324865405,-0.2,0.247));
#22318=CARTESIAN_POINT('',(-0.605788675134595,-0.184,0.247));
#22319=CARTESIAN_POINT('',(-0.605788675134595,-0.2,0.247));
#22320=CARTESIAN_POINT('',(0.7205,-0.2,0.247));
#22321=CARTESIAN_POINT('',(0.7205,-0.184,0.247));
#22322=CARTESIAN_POINT('',(-0.694211324865405,-0.184,0.247));
#22323=CARTESIAN_POINT('',(-0.694211324865405,-0.2,0.247));
#22324=CARTESIAN_POINT('',(-0.705788675134595,-0.184,0.247));
#22325=CARTESIAN_POINT('',(-0.705788675134595,-0.2,0.247));
#22326=CARTESIAN_POINT('',(0.7205,-0.2,0.247));
#22327=CARTESIAN_POINT('',(0.7205,-0.2,0.247));
#22328=CARTESIAN_POINT('',(0.709466506350946,-0.2,0.240629809471617));
#22329=CARTESIAN_POINT('',(0.7155,-0.2,0.230179491924312));
#22330=CARTESIAN_POINT('',(0.700783493649054,-0.2,0.258383330249198));
#22331=CARTESIAN_POINT('',(0.6845,-0.2,0.230179491924311));
#22332=CARTESIAN_POINT('',(0.6845,-0.2,0.247));
#22333=CARTESIAN_POINT('',(0.6845,-0.2,-0.0760000000000001));
#22334=CARTESIAN_POINT('',(0.7205,-0.2,-0.0760000000000001));
#22335=CARTESIAN_POINT('',(0.7155,-0.2,-0.0760000000000001));
#22336=CARTESIAN_POINT('',(0.7155,-0.2,0.247));
#22337=CARTESIAN_POINT('',(0.7205,-0.2,0.247));
#22338=CARTESIAN_POINT('',(0.634466506350946,-0.2,0.197328539282395));
#22339=CARTESIAN_POINT('',(0.6155,-0.2,0.230179491924311));
#22340=CARTESIAN_POINT('',(0.625783493649054,-0.2,0.30168460043842));
#22341=CARTESIAN_POINT('',(0.5845,-0.2,0.230179491924311));
#22342=CARTESIAN_POINT('',(0.5845,-0.2,0.247));
#22343=CARTESIAN_POINT('',(0.5845,-0.2,-0.0760000000000001));
#22344=CARTESIAN_POINT('',(0.7205,-0.2,-0.0760000000000001));
#22345=CARTESIAN_POINT('',(0.6155,-0.2,-0.0760000000000001));
#22346=CARTESIAN_POINT('',(0.6155,-0.2,0.247));
#22347=CARTESIAN_POINT('',(0.7205,-0.2,0.247));
#22348=CARTESIAN_POINT('',(0.559466506350946,-0.2,0.154027269093173));
#22349=CARTESIAN_POINT('',(0.5155,-0.2,0.230179491924311));
#22350=CARTESIAN_POINT('',(0.550783493649054,-0.2,0.344985870627642));
#22351=CARTESIAN_POINT('',(0.4845,-0.2,0.230179491924311));
#22352=CARTESIAN_POINT('',(0.4845,-0.2,0.247));
#22353=CARTESIAN_POINT('',(0.4845,-0.2,-0.0760000000000001));
#22354=CARTESIAN_POINT('',(0.7205,-0.2,-0.0760000000000001));
#22355=CARTESIAN_POINT('',(0.5155,-0.2,-0.0760000000000001));
#22356=CARTESIAN_POINT('',(0.5155,-0.2,0.247));
#22357=CARTESIAN_POINT('',(0.7205,-0.2,0.247));
#22358=CARTESIAN_POINT('',(0.484466506350946,-0.2,0.110725998903951));
#22359=CARTESIAN_POINT('',(0.4155,-0.2,0.230179491924311));
#22360=CARTESIAN_POINT('',(0.475783493649054,-0.2,0.388287140816864));
#22361=CARTESIAN_POINT('',(0.3845,-0.2,0.230179491924311));
#22362=CARTESIAN_POINT('',(0.3845,-0.2,0.247));
#22363=CARTESIAN_POINT('',(0.3845,-0.2,-0.0760000000000001));
#22364=CARTESIAN_POINT('',(0.7205,-0.2,-0.0760000000000001));
#22365=CARTESIAN_POINT('',(0.4155,-0.2,-0.0760000000000001));
#22366=CARTESIAN_POINT('',(0.4155,-0.2,0.247));
#22367=CARTESIAN_POINT('',(0.7205,-0.2,0.247));
#22368=CARTESIAN_POINT('',(0.409466506350946,-0.2,0.0674247287147286));
#22369=CARTESIAN_POINT('',(0.3155,-0.2,0.230179491924311));
#22370=CARTESIAN_POINT('',(0.400783493649054,-0.2,0.431588411006085));
#22371=CARTESIAN_POINT('',(0.2845,-0.2,0.230179491924311));
#22372=CARTESIAN_POINT('',(0.2845,-0.2,0.247));
#22373=CARTESIAN_POINT('',(0.2845,-0.2,-0.0760000000000001));
#22374=CARTESIAN_POINT('',(0.7205,-0.2,-0.0760000000000001));
#22375=CARTESIAN_POINT('',(0.3155,-0.2,-0.0760000000000001));
#22376=CARTESIAN_POINT('',(0.3155,-0.2,0.247));
#22377=CARTESIAN_POINT('',(0.7205,-0.2,0.247));
#22378=CARTESIAN_POINT('',(0.334466506350946,-0.2,0.0241234585255071));
#22379=CARTESIAN_POINT('',(0.2155,-0.2,0.230179491924311));
#22380=CARTESIAN_POINT('',(0.325783493649054,-0.2,0.474889681195308));
#22381=CARTESIAN_POINT('',(0.1845,-0.2,0.230179491924311));
#22382=CARTESIAN_POINT('',(0.1845,-0.2,0.247));
#22383=CARTESIAN_POINT('',(0.1845,-0.2,-0.0760000000000001));
#22384=CARTESIAN_POINT('',(0.7205,-0.2,-0.0760000000000001));
#22385=CARTESIAN_POINT('',(0.2155,-0.2,-0.0760000000000001));
#22386=CARTESIAN_POINT('',(0.2155,-0.2,0.247));
#22387=CARTESIAN_POINT('',(0.7205,-0.2,0.247));
#22388=CARTESIAN_POINT('',(0.259466506350946,-0.2,-0.0191778116637151));
#22389=CARTESIAN_POINT('',(0.1155,-0.2,0.230179491924311));
#22390=CARTESIAN_POINT('',(0.250783493649054,-0.2,0.518190951384529));
#22391=CARTESIAN_POINT('',(0.0844999999999999,-0.2,0.230179491924311));
#22392=CARTESIAN_POINT('',(0.0844999999999999,-0.2,0.247));
#22393=CARTESIAN_POINT('',(0.0844999999999999,-0.2,-0.0760000000000001));
#22394=CARTESIAN_POINT('',(0.7205,-0.2,-0.0760000000000001));
#22395=CARTESIAN_POINT('',(0.1155,-0.2,-0.0760000000000001));
#22396=CARTESIAN_POINT('',(0.1155,-0.2,0.247));
#22397=CARTESIAN_POINT('',(0.7205,-0.2,0.247));
#22398=CARTESIAN_POINT('',(0.184466506350946,-0.2,-0.062479081852937));
#22399=CARTESIAN_POINT('',(0.0154999999999999,-0.2,0.230179491924311));
#22400=CARTESIAN_POINT('',(0.175783493649054,-0.2,0.561492221573751));
#22401=CARTESIAN_POINT('',(-0.0155000000000001,-0.2,0.230179491924311));
#22402=CARTESIAN_POINT('',(-0.0155000000000001,-0.2,0.247));
#22403=CARTESIAN_POINT('',(-0.0155000000000001,-0.2,-0.0760000000000001));
#22404=CARTESIAN_POINT('',(0.7205,-0.2,-0.0760000000000001));
#22405=CARTESIAN_POINT('',(0.0154999999999999,-0.2,-0.0760000000000001));
#22406=CARTESIAN_POINT('',(0.0154999999999999,-0.2,0.247));
#22407=CARTESIAN_POINT('',(0.7205,-0.2,0.247));
#22408=CARTESIAN_POINT('',(0.109466506350946,-0.2,-0.105780352042159));
#22409=CARTESIAN_POINT('',(-0.0845,-0.2,0.230179491924311));
#22410=CARTESIAN_POINT('',(0.100783493649054,-0.2,0.604793491762973));
#22411=CARTESIAN_POINT('',(-0.1155,-0.2,0.230179491924311));
#22412=CARTESIAN_POINT('',(-0.1155,-0.2,0.247));
#22413=CARTESIAN_POINT('',(-0.1155,-0.2,-0.0760000000000001));
#22414=CARTESIAN_POINT('',(0.7205,-0.2,-0.0760000000000001));
#22415=CARTESIAN_POINT('',(-0.0845,-0.2,-0.0760000000000001));
#22416=CARTESIAN_POINT('',(-0.0845,-0.2,0.247));
#22417=CARTESIAN_POINT('',(0.7205,-0.2,0.247));
#22418=CARTESIAN_POINT('',(0.034466506350947,-0.2,-0.149081622231381));
#22419=CARTESIAN_POINT('',(-0.1845,-0.2,0.230179491924311));
#22420=CARTESIAN_POINT('',(0.0257834936490535,-0.2,0.648094761952195));
#22421=CARTESIAN_POINT('',(-0.2155,-0.2,0.230179491924311));
#22422=CARTESIAN_POINT('',(-0.2155,-0.2,0.247));
#22423=CARTESIAN_POINT('',(-0.2155,-0.2,-0.0760000000000001));
#22424=CARTESIAN_POINT('',(0.7205,-0.2,-0.0760000000000001));
#22425=CARTESIAN_POINT('',(-0.1845,-0.2,-0.0760000000000001));
#22426=CARTESIAN_POINT('',(-0.1845,-0.2,0.247));
#22427=CARTESIAN_POINT('',(0.7205,-0.2,0.247));
#22428=CARTESIAN_POINT('',(-0.040533493649053,-0.2,-0.192382892420603));
#22429=CARTESIAN_POINT('',(-0.2845,-0.2,0.230179491924311));
#22430=CARTESIAN_POINT('',(-0.0492165063509464,-0.2,0.691396032141417));
#22431=CARTESIAN_POINT('',(-0.3155,-0.2,0.230179491924311));
#22432=CARTESIAN_POINT('',(-0.3155,-0.2,0.247));
#22433=CARTESIAN_POINT('',(-0.3155,-0.2,-0.0760000000000001));
#22434=CARTESIAN_POINT('',(0.7205,-0.2,-0.0760000000000001));
#22435=CARTESIAN_POINT('',(-0.2845,-0.2,-0.0760000000000001));
#22436=CARTESIAN_POINT('',(-0.2845,-0.2,0.247));
#22437=CARTESIAN_POINT('',(0.7205,-0.2,0.247));
#22438=CARTESIAN_POINT('',(-0.115533493649056,-0.2,-0.235684162609824));
#22439=CARTESIAN_POINT('',(-0.3845,-0.2,0.230179491924311));
#22440=CARTESIAN_POINT('',(-0.124216506350945,-0.2,0.73469730233064));
#22441=CARTESIAN_POINT('',(-0.4155,-0.2,0.230179491924311));
#22442=CARTESIAN_POINT('',(-0.4155,-0.2,0.247));
#22443=CARTESIAN_POINT('',(-0.4155,-0.2,-0.0760000000000001));
#22444=CARTESIAN_POINT('',(0.7205,-0.2,-0.0760000000000001));
#22445=CARTESIAN_POINT('',(-0.3845,-0.2,-0.0760000000000001));
#22446=CARTESIAN_POINT('',(-0.3845,-0.2,0.247));
#22447=CARTESIAN_POINT('',(0.7205,-0.2,0.247));
#22448=CARTESIAN_POINT('',(-0.190533493649056,-0.2,-0.278985432799045));
#22449=CARTESIAN_POINT('',(-0.4845,-0.2,0.230179491924311));
#22450=CARTESIAN_POINT('',(-0.199216506350945,-0.2,0.777998572519862));
#22451=CARTESIAN_POINT('',(-0.5155,-0.2,0.230179491924311));
#22452=CARTESIAN_POINT('',(-0.5155,-0.2,0.247));
#22453=CARTESIAN_POINT('',(-0.5155,-0.2,-0.0760000000000001));
#22454=CARTESIAN_POINT('',(0.7205,-0.2,-0.0760000000000001));
#22455=CARTESIAN_POINT('',(-0.4845,-0.2,-0.0760000000000001));
#22456=CARTESIAN_POINT('',(-0.4845,-0.2,0.247));
#22457=CARTESIAN_POINT('',(0.7205,-0.2,0.247));
#22458=CARTESIAN_POINT('',(-0.265533493649052,-0.2,-0.322286702988269));
#22459=CARTESIAN_POINT('',(-0.5845,-0.2,0.230179491924311));
#22460=CARTESIAN_POINT('',(-0.274216506350945,-0.2,0.821299842709084));
#22461=CARTESIAN_POINT('',(-0.6155,-0.2,0.230179491924311));
#22462=CARTESIAN_POINT('',(-0.6155,-0.2,0.247));
#22463=CARTESIAN_POINT('',(-0.6155,-0.2,-0.0760000000000001));
#22464=CARTESIAN_POINT('',(0.7205,-0.2,-0.0760000000000001));
#22465=CARTESIAN_POINT('',(-0.5845,-0.2,-0.0760000000000001));
#22466=CARTESIAN_POINT('',(-0.5845,-0.2,0.247));
#22467=CARTESIAN_POINT('',(0.7205,-0.2,0.247));
#22468=CARTESIAN_POINT('',(-0.340533493649052,-0.2,-0.365587973177491));
#22469=CARTESIAN_POINT('',(-0.6845,-0.2,0.230179491924311));
#22470=CARTESIAN_POINT('',(-0.349216506350945,-0.2,0.864601112898306));
#22471=CARTESIAN_POINT('',(-0.7155,-0.2,0.230179491924311));
#22472=CARTESIAN_POINT('',(-0.7155,-0.2,0.247));
#22473=CARTESIAN_POINT('',(-0.7155,-0.2,-0.0760000000000001));
#22474=CARTESIAN_POINT('',(0.7205,-0.2,-0.0760000000000001));
#22475=CARTESIAN_POINT('',(-0.6845,-0.2,-0.0760000000000001));
#22476=CARTESIAN_POINT('',(-0.6845,-0.2,0.247));
#22477=CARTESIAN_POINT('',(-0.7155,-0.35,1.));
#22478=CARTESIAN_POINT('',(-0.7155,1.,0.230179491924311));
#22479=CARTESIAN_POINT('',(-0.7155,-0.168,-0.076));
#22480=CARTESIAN_POINT('',(-0.7155,-0.168,-0.092));
#22481=CARTESIAN_POINT('',(-0.7155,0.108,-0.092));
#22482=CARTESIAN_POINT('',(-0.7155,0.103,-0.092));
#22483=CARTESIAN_POINT('',(-0.7155,0.103,1.));
#22484=CARTESIAN_POINT('',(-0.7155,0.103,-0.108));
#22485=CARTESIAN_POINT('',(-0.7155,-0.168,-0.108));
#22486=CARTESIAN_POINT('',(-0.7155,-0.168,-0.108));
#22487=CARTESIAN_POINT('',(-0.7155,-0.168,-0.076));
#22488=CARTESIAN_POINT('',(-0.6155,-0.35,1.));
#22489=CARTESIAN_POINT('',(-0.6155,1.,0.230179491924311));
#22490=CARTESIAN_POINT('',(-0.6155,-0.168,-0.076));
#22491=CARTESIAN_POINT('',(-0.6155,-0.168,-0.092));
#22492=CARTESIAN_POINT('',(-0.6155,0.108,-0.092));
#22493=CARTESIAN_POINT('',(-0.6155,0.103,-0.092));
#22494=CARTESIAN_POINT('',(-0.6155,0.103,1.));
#22495=CARTESIAN_POINT('',(-0.6155,0.103,-0.108));
#22496=CARTESIAN_POINT('',(-0.6155,-0.168,-0.108));
#22497=CARTESIAN_POINT('',(-0.6155,-0.168,-0.108));
#22498=CARTESIAN_POINT('',(-0.6155,-0.168,-0.076));
#22499=CARTESIAN_POINT('',(-0.6845,0.103,1.));
#22500=CARTESIAN_POINT('',(-0.6845,-0.168,-0.076));
#22501=CARTESIAN_POINT('',(-0.6845,-0.168,-0.108));
#22502=CARTESIAN_POINT('',(-0.6845,-0.168,-0.108));
#22503=CARTESIAN_POINT('',(-0.6845,0.103,-0.108));
#22504=CARTESIAN_POINT('',(-0.6845,0.103,1.));
#22505=CARTESIAN_POINT('',(-0.6845,0.103,-0.092));
#22506=CARTESIAN_POINT('',(-0.6845,0.108,-0.092));
#22507=CARTESIAN_POINT('',(-0.6845,-0.168,-0.092));
#22508=CARTESIAN_POINT('',(-0.6845,-0.168,-0.076));
#22509=CARTESIAN_POINT('',(-0.6845,1.,0.230179491924311));
#22510=CARTESIAN_POINT('',(-0.5155,-0.35,1.));
#22511=CARTESIAN_POINT('',(-0.5155,1.,0.230179491924311));
#22512=CARTESIAN_POINT('',(-0.5155,-0.168,-0.076));
#22513=CARTESIAN_POINT('',(-0.5155,-0.168,-0.092));
#22514=CARTESIAN_POINT('',(-0.5155,0.108,-0.092));
#22515=CARTESIAN_POINT('',(-0.5155,0.103,-0.092));
#22516=CARTESIAN_POINT('',(-0.5155,0.103,1.));
#22517=CARTESIAN_POINT('',(-0.5155,0.103,-0.108));
#22518=CARTESIAN_POINT('',(-0.5155,-0.168,-0.108));
#22519=CARTESIAN_POINT('',(-0.5155,-0.168,-0.108));
#22520=CARTESIAN_POINT('',(-0.5155,-0.168,-0.076));
#22521=CARTESIAN_POINT('',(-0.5845,0.103,1.));
#22522=CARTESIAN_POINT('',(-0.5845,-0.168,-0.076));
#22523=CARTESIAN_POINT('',(-0.5845,-0.168,-0.108));
#22524=CARTESIAN_POINT('',(-0.5845,-0.168,-0.108));
#22525=CARTESIAN_POINT('',(-0.5845,0.103,-0.108));
#22526=CARTESIAN_POINT('',(-0.5845,0.103,1.));
#22527=CARTESIAN_POINT('',(-0.5845,0.103,-0.092));
#22528=CARTESIAN_POINT('',(-0.5845,0.108,-0.092));
#22529=CARTESIAN_POINT('',(-0.5845,-0.168,-0.092));
#22530=CARTESIAN_POINT('',(-0.5845,-0.168,-0.076));
#22531=CARTESIAN_POINT('',(-0.5845,1.,0.230179491924311));
#22532=CARTESIAN_POINT('',(-0.4155,-0.35,1.));
#22533=CARTESIAN_POINT('',(-0.4155,1.,0.230179491924311));
#22534=CARTESIAN_POINT('',(-0.4155,-0.168,-0.076));
#22535=CARTESIAN_POINT('',(-0.4155,-0.168,-0.092));
#22536=CARTESIAN_POINT('',(-0.4155,0.108,-0.092));
#22537=CARTESIAN_POINT('',(-0.4155,0.103,-0.092));
#22538=CARTESIAN_POINT('',(-0.4155,0.103,1.));
#22539=CARTESIAN_POINT('',(-0.4155,0.103,-0.108));
#22540=CARTESIAN_POINT('',(-0.4155,-0.168,-0.108));
#22541=CARTESIAN_POINT('',(-0.4155,-0.168,-0.108));
#22542=CARTESIAN_POINT('',(-0.4155,-0.168,-0.076));
#22543=CARTESIAN_POINT('',(-0.4845,0.103,1.));
#22544=CARTESIAN_POINT('',(-0.4845,-0.168,-0.076));
#22545=CARTESIAN_POINT('',(-0.4845,-0.168,-0.108));
#22546=CARTESIAN_POINT('',(-0.4845,-0.168,-0.108));
#22547=CARTESIAN_POINT('',(-0.4845,0.103,-0.108));
#22548=CARTESIAN_POINT('',(-0.4845,0.103,1.));
#22549=CARTESIAN_POINT('',(-0.4845,0.103,-0.092));
#22550=CARTESIAN_POINT('',(-0.4845,0.108,-0.092));
#22551=CARTESIAN_POINT('',(-0.4845,-0.168,-0.092));
#22552=CARTESIAN_POINT('',(-0.4845,-0.168,-0.076));
#22553=CARTESIAN_POINT('',(-0.4845,1.,0.230179491924311));
#22554=CARTESIAN_POINT('',(-0.3155,-0.35,1.));
#22555=CARTESIAN_POINT('',(-0.3155,1.,0.230179491924311));
#22556=CARTESIAN_POINT('',(-0.3155,-0.168,-0.076));
#22557=CARTESIAN_POINT('',(-0.3155,-0.168,-0.092));
#22558=CARTESIAN_POINT('',(-0.3155,0.108,-0.092));
#22559=CARTESIAN_POINT('',(-0.3155,0.103,-0.092));
#22560=CARTESIAN_POINT('',(-0.3155,0.103,1.));
#22561=CARTESIAN_POINT('',(-0.3155,0.103,-0.108));
#22562=CARTESIAN_POINT('',(-0.3155,-0.168,-0.108));
#22563=CARTESIAN_POINT('',(-0.3155,-0.168,-0.108));
#22564=CARTESIAN_POINT('',(-0.3155,-0.168,-0.076));
#22565=CARTESIAN_POINT('',(-0.3845,0.103,1.));
#22566=CARTESIAN_POINT('',(-0.3845,-0.168,-0.076));
#22567=CARTESIAN_POINT('',(-0.3845,-0.168,-0.108));
#22568=CARTESIAN_POINT('',(-0.3845,-0.168,-0.108));
#22569=CARTESIAN_POINT('',(-0.3845,0.103,-0.108));
#22570=CARTESIAN_POINT('',(-0.3845,0.103,1.));
#22571=CARTESIAN_POINT('',(-0.3845,0.103,-0.092));
#22572=CARTESIAN_POINT('',(-0.3845,0.108,-0.092));
#22573=CARTESIAN_POINT('',(-0.3845,-0.168,-0.092));
#22574=CARTESIAN_POINT('',(-0.3845,-0.168,-0.076));
#22575=CARTESIAN_POINT('',(-0.3845,1.,0.230179491924311));
#22576=CARTESIAN_POINT('',(-0.2155,-0.35,1.));
#22577=CARTESIAN_POINT('',(-0.2155,1.,0.230179491924311));
#22578=CARTESIAN_POINT('',(-0.2155,-0.168,-0.076));
#22579=CARTESIAN_POINT('',(-0.2155,-0.168,-0.092));
#22580=CARTESIAN_POINT('',(-0.2155,0.108,-0.092));
#22581=CARTESIAN_POINT('',(-0.2155,0.103,-0.092));
#22582=CARTESIAN_POINT('',(-0.2155,0.103,1.));
#22583=CARTESIAN_POINT('',(-0.2155,0.103,-0.108));
#22584=CARTESIAN_POINT('',(-0.2155,-0.168,-0.108));
#22585=CARTESIAN_POINT('',(-0.2155,-0.168,-0.108));
#22586=CARTESIAN_POINT('',(-0.2155,-0.168,-0.076));
#22587=CARTESIAN_POINT('',(-0.2845,0.103,1.));
#22588=CARTESIAN_POINT('',(-0.2845,-0.168,-0.076));
#22589=CARTESIAN_POINT('',(-0.2845,-0.168,-0.108));
#22590=CARTESIAN_POINT('',(-0.2845,-0.168,-0.108));
#22591=CARTESIAN_POINT('',(-0.2845,0.103,-0.108));
#22592=CARTESIAN_POINT('',(-0.2845,0.103,1.));
#22593=CARTESIAN_POINT('',(-0.2845,0.103,-0.092));
#22594=CARTESIAN_POINT('',(-0.2845,0.108,-0.092));
#22595=CARTESIAN_POINT('',(-0.2845,-0.168,-0.092));
#22596=CARTESIAN_POINT('',(-0.2845,-0.168,-0.076));
#22597=CARTESIAN_POINT('',(-0.2845,1.,0.230179491924311));
#22598=CARTESIAN_POINT('',(-0.1155,-0.35,1.));
#22599=CARTESIAN_POINT('',(-0.1155,1.,0.230179491924311));
#22600=CARTESIAN_POINT('',(-0.1155,-0.168,-0.076));
#22601=CARTESIAN_POINT('',(-0.1155,-0.168,-0.092));
#22602=CARTESIAN_POINT('',(-0.1155,0.108,-0.092));
#22603=CARTESIAN_POINT('',(-0.1155,0.103,-0.092));
#22604=CARTESIAN_POINT('',(-0.1155,0.103,1.));
#22605=CARTESIAN_POINT('',(-0.1155,0.103,-0.108));
#22606=CARTESIAN_POINT('',(-0.1155,-0.168,-0.108));
#22607=CARTESIAN_POINT('',(-0.1155,-0.168,-0.108));
#22608=CARTESIAN_POINT('',(-0.1155,-0.168,-0.076));
#22609=CARTESIAN_POINT('',(-0.1845,0.103,1.));
#22610=CARTESIAN_POINT('',(-0.1845,-0.168,-0.076));
#22611=CARTESIAN_POINT('',(-0.1845,-0.168,-0.108));
#22612=CARTESIAN_POINT('',(-0.1845,-0.168,-0.108));
#22613=CARTESIAN_POINT('',(-0.1845,0.103,-0.108));
#22614=CARTESIAN_POINT('',(-0.1845,0.103,1.));
#22615=CARTESIAN_POINT('',(-0.1845,0.103,-0.092));
#22616=CARTESIAN_POINT('',(-0.1845,0.108,-0.092));
#22617=CARTESIAN_POINT('',(-0.1845,-0.168,-0.092));
#22618=CARTESIAN_POINT('',(-0.1845,-0.168,-0.076));
#22619=CARTESIAN_POINT('',(-0.1845,1.,0.230179491924311));
#22620=CARTESIAN_POINT('',(-0.0155000000000001,-0.35,1.));
#22621=CARTESIAN_POINT('',(-0.0155000000000001,1.,0.230179491924311));
#22622=CARTESIAN_POINT('',(-0.0155000000000001,-0.168,-0.076));
#22623=CARTESIAN_POINT('',(-0.0155000000000001,-0.168,-0.092));
#22624=CARTESIAN_POINT('',(-0.0155000000000001,0.108,-0.092));
#22625=CARTESIAN_POINT('',(-0.0155000000000001,0.103,-0.092));
#22626=CARTESIAN_POINT('',(-0.0155000000000001,0.103,1.));
#22627=CARTESIAN_POINT('',(-0.0155000000000001,0.103,-0.108));
#22628=CARTESIAN_POINT('',(-0.0155000000000001,-0.168,-0.108));
#22629=CARTESIAN_POINT('',(-0.0155000000000001,-0.168,-0.108));
#22630=CARTESIAN_POINT('',(-0.0155000000000001,-0.168,-0.076));
#22631=CARTESIAN_POINT('',(-0.0845000000000001,0.103,1.));
#22632=CARTESIAN_POINT('',(-0.0845,-0.168,-0.076));
#22633=CARTESIAN_POINT('',(-0.0845,-0.168,-0.108));
#22634=CARTESIAN_POINT('',(-0.0845,-0.168,-0.108));
#22635=CARTESIAN_POINT('',(-0.0845000000000001,0.103,-0.108));
#22636=CARTESIAN_POINT('',(-0.0845000000000001,0.103,1.));
#22637=CARTESIAN_POINT('',(-0.0845000000000001,0.103,-0.092));
#22638=CARTESIAN_POINT('',(-0.0845,0.108,-0.092));
#22639=CARTESIAN_POINT('',(-0.0845,-0.168,-0.092));
#22640=CARTESIAN_POINT('',(-0.0845,-0.168,-0.076));
#22641=CARTESIAN_POINT('',(-0.0845000000000001,1.,0.230179491924311));
#22642=CARTESIAN_POINT('',(0.0844999999999999,-0.35,1.));
#22643=CARTESIAN_POINT('',(0.0844999999999999,1.,0.230179491924311));
#22644=CARTESIAN_POINT('',(0.0844999999999999,-0.168,-0.076));
#22645=CARTESIAN_POINT('',(0.0844999999999999,-0.168,-0.092));
#22646=CARTESIAN_POINT('',(0.0844999999999999,0.108,-0.092));
#22647=CARTESIAN_POINT('',(0.0844999999999999,0.103,-0.092));
#22648=CARTESIAN_POINT('',(0.0844999999999999,0.103,1.));
#22649=CARTESIAN_POINT('',(0.0844999999999999,0.103,-0.108));
#22650=CARTESIAN_POINT('',(0.0844999999999999,-0.168,-0.108));
#22651=CARTESIAN_POINT('',(0.0844999999999999,-0.168,-0.108));
#22652=CARTESIAN_POINT('',(0.0844999999999999,-0.168,-0.076));
#22653=CARTESIAN_POINT('',(0.0154999999999999,0.103,1.));
#22654=CARTESIAN_POINT('',(0.0154999999999999,-0.168,-0.076));
#22655=CARTESIAN_POINT('',(0.0154999999999999,-0.168,-0.108));
#22656=CARTESIAN_POINT('',(0.0154999999999999,-0.168,-0.108));
#22657=CARTESIAN_POINT('',(0.0154999999999999,0.103,-0.108));
#22658=CARTESIAN_POINT('',(0.0154999999999999,0.103,1.));
#22659=CARTESIAN_POINT('',(0.0154999999999999,0.103,-0.092));
#22660=CARTESIAN_POINT('',(0.0154999999999999,0.108,-0.092));
#22661=CARTESIAN_POINT('',(0.0154999999999999,-0.168,-0.092));
#22662=CARTESIAN_POINT('',(0.0154999999999999,-0.168,-0.076));
#22663=CARTESIAN_POINT('',(0.0154999999999999,1.,0.230179491924311));
#22664=CARTESIAN_POINT('',(0.1845,-0.35,1.));
#22665=CARTESIAN_POINT('',(0.1845,1.,0.230179491924311));
#22666=CARTESIAN_POINT('',(0.1845,-0.168,-0.076));
#22667=CARTESIAN_POINT('',(0.1845,-0.168,-0.092));
#22668=CARTESIAN_POINT('',(0.1845,0.108,-0.092));
#22669=CARTESIAN_POINT('',(0.1845,0.103,-0.092));
#22670=CARTESIAN_POINT('',(0.1845,0.103,1.));
#22671=CARTESIAN_POINT('',(0.1845,0.103,-0.108));
#22672=CARTESIAN_POINT('',(0.1845,-0.168,-0.108));
#22673=CARTESIAN_POINT('',(0.1845,-0.168,-0.108));
#22674=CARTESIAN_POINT('',(0.1845,-0.168,-0.076));
#22675=CARTESIAN_POINT('',(0.1155,0.103,1.));
#22676=CARTESIAN_POINT('',(0.1155,-0.168,-0.076));
#22677=CARTESIAN_POINT('',(0.1155,-0.168,-0.108));
#22678=CARTESIAN_POINT('',(0.1155,-0.168,-0.108));
#22679=CARTESIAN_POINT('',(0.1155,0.103,-0.108));
#22680=CARTESIAN_POINT('',(0.1155,0.103,1.));
#22681=CARTESIAN_POINT('',(0.1155,0.103,-0.092));
#22682=CARTESIAN_POINT('',(0.1155,0.108,-0.092));
#22683=CARTESIAN_POINT('',(0.1155,-0.168,-0.092));
#22684=CARTESIAN_POINT('',(0.1155,-0.168,-0.076));
#22685=CARTESIAN_POINT('',(0.1155,1.,0.230179491924311));
#22686=CARTESIAN_POINT('',(0.2845,-0.35,1.));
#22687=CARTESIAN_POINT('',(0.2845,1.,0.230179491924311));
#22688=CARTESIAN_POINT('',(0.2845,-0.168,-0.076));
#22689=CARTESIAN_POINT('',(0.2845,-0.168,-0.092));
#22690=CARTESIAN_POINT('',(0.2845,0.108,-0.092));
#22691=CARTESIAN_POINT('',(0.2845,0.103,-0.092));
#22692=CARTESIAN_POINT('',(0.2845,0.103,1.));
#22693=CARTESIAN_POINT('',(0.2845,0.103,-0.108));
#22694=CARTESIAN_POINT('',(0.2845,-0.168,-0.108));
#22695=CARTESIAN_POINT('',(0.2845,-0.168,-0.108));
#22696=CARTESIAN_POINT('',(0.2845,-0.168,-0.076));
#22697=CARTESIAN_POINT('',(0.2155,0.103,1.));
#22698=CARTESIAN_POINT('',(0.2155,-0.168,-0.076));
#22699=CARTESIAN_POINT('',(0.2155,-0.168,-0.108));
#22700=CARTESIAN_POINT('',(0.2155,-0.168,-0.108));
#22701=CARTESIAN_POINT('',(0.2155,0.103,-0.108));
#22702=CARTESIAN_POINT('',(0.2155,0.103,1.));
#22703=CARTESIAN_POINT('',(0.2155,0.103,-0.092));
#22704=CARTESIAN_POINT('',(0.2155,0.108,-0.092));
#22705=CARTESIAN_POINT('',(0.2155,-0.168,-0.092));
#22706=CARTESIAN_POINT('',(0.2155,-0.168,-0.076));
#22707=CARTESIAN_POINT('',(0.2155,1.,0.230179491924311));
#22708=CARTESIAN_POINT('',(0.3845,-0.35,1.));
#22709=CARTESIAN_POINT('',(0.3845,1.,0.230179491924311));
#22710=CARTESIAN_POINT('',(0.3845,-0.168,-0.076));
#22711=CARTESIAN_POINT('',(0.3845,-0.168,-0.092));
#22712=CARTESIAN_POINT('',(0.3845,0.108,-0.092));
#22713=CARTESIAN_POINT('',(0.3845,0.103,-0.092));
#22714=CARTESIAN_POINT('',(0.3845,0.103,1.));
#22715=CARTESIAN_POINT('',(0.3845,0.103,-0.108));
#22716=CARTESIAN_POINT('',(0.3845,-0.168,-0.108));
#22717=CARTESIAN_POINT('',(0.3845,-0.168,-0.108));
#22718=CARTESIAN_POINT('',(0.3845,-0.168,-0.076));
#22719=CARTESIAN_POINT('',(0.3155,0.103,1.));
#22720=CARTESIAN_POINT('',(0.3155,-0.168,-0.076));
#22721=CARTESIAN_POINT('',(0.3155,-0.168,-0.108));
#22722=CARTESIAN_POINT('',(0.3155,-0.168,-0.108));
#22723=CARTESIAN_POINT('',(0.3155,0.103,-0.108));
#22724=CARTESIAN_POINT('',(0.3155,0.103,1.));
#22725=CARTESIAN_POINT('',(0.3155,0.103,-0.092));
#22726=CARTESIAN_POINT('',(0.3155,0.108,-0.092));
#22727=CARTESIAN_POINT('',(0.3155,-0.168,-0.092));
#22728=CARTESIAN_POINT('',(0.3155,-0.168,-0.076));
#22729=CARTESIAN_POINT('',(0.3155,1.,0.230179491924311));
#22730=CARTESIAN_POINT('',(0.4845,-0.35,1.));
#22731=CARTESIAN_POINT('',(0.4845,1.,0.230179491924311));
#22732=CARTESIAN_POINT('',(0.4845,-0.168,-0.076));
#22733=CARTESIAN_POINT('',(0.4845,-0.168,-0.092));
#22734=CARTESIAN_POINT('',(0.4845,0.108,-0.092));
#22735=CARTESIAN_POINT('',(0.4845,0.103,-0.092));
#22736=CARTESIAN_POINT('',(0.4845,0.103,1.));
#22737=CARTESIAN_POINT('',(0.4845,0.103,-0.108));
#22738=CARTESIAN_POINT('',(0.4845,-0.168,-0.108));
#22739=CARTESIAN_POINT('',(0.4845,-0.168,-0.108));
#22740=CARTESIAN_POINT('',(0.4845,-0.168,-0.076));
#22741=CARTESIAN_POINT('',(0.4155,0.103,1.));
#22742=CARTESIAN_POINT('',(0.4155,-0.168,-0.076));
#22743=CARTESIAN_POINT('',(0.4155,-0.168,-0.108));
#22744=CARTESIAN_POINT('',(0.4155,-0.168,-0.108));
#22745=CARTESIAN_POINT('',(0.4155,0.103,-0.108));
#22746=CARTESIAN_POINT('',(0.4155,0.103,1.));
#22747=CARTESIAN_POINT('',(0.4155,0.103,-0.092));
#22748=CARTESIAN_POINT('',(0.4155,0.108,-0.092));
#22749=CARTESIAN_POINT('',(0.4155,-0.168,-0.092));
#22750=CARTESIAN_POINT('',(0.4155,-0.168,-0.076));
#22751=CARTESIAN_POINT('',(0.4155,1.,0.230179491924311));
#22752=CARTESIAN_POINT('',(0.5845,-0.35,1.));
#22753=CARTESIAN_POINT('',(0.5845,1.,0.230179491924311));
#22754=CARTESIAN_POINT('',(0.5845,-0.168,-0.076));
#22755=CARTESIAN_POINT('',(0.5845,-0.168,-0.092));
#22756=CARTESIAN_POINT('',(0.5845,0.108,-0.092));
#22757=CARTESIAN_POINT('',(0.5845,0.103,-0.092));
#22758=CARTESIAN_POINT('',(0.5845,0.103,1.));
#22759=CARTESIAN_POINT('',(0.5845,0.103,-0.108));
#22760=CARTESIAN_POINT('',(0.5845,-0.168,-0.108));
#22761=CARTESIAN_POINT('',(0.5845,-0.168,-0.108));
#22762=CARTESIAN_POINT('',(0.5845,-0.168,-0.076));
#22763=CARTESIAN_POINT('',(0.5155,0.103,1.));
#22764=CARTESIAN_POINT('',(0.5155,-0.168,-0.076));
#22765=CARTESIAN_POINT('',(0.5155,-0.168,-0.108));
#22766=CARTESIAN_POINT('',(0.5155,-0.168,-0.108));
#22767=CARTESIAN_POINT('',(0.5155,0.103,-0.108));
#22768=CARTESIAN_POINT('',(0.5155,0.103,1.));
#22769=CARTESIAN_POINT('',(0.5155,0.103,-0.092));
#22770=CARTESIAN_POINT('',(0.5155,0.108,-0.092));
#22771=CARTESIAN_POINT('',(0.5155,-0.168,-0.092));
#22772=CARTESIAN_POINT('',(0.5155,-0.168,-0.076));
#22773=CARTESIAN_POINT('',(0.5155,1.,0.230179491924311));
#22774=CARTESIAN_POINT('',(0.6845,-0.35,1.));
#22775=CARTESIAN_POINT('',(0.6845,1.,0.230179491924311));
#22776=CARTESIAN_POINT('',(0.6845,-0.168,-0.076));
#22777=CARTESIAN_POINT('',(0.6845,-0.168,-0.092));
#22778=CARTESIAN_POINT('',(0.6845,0.108,-0.092));
#22779=CARTESIAN_POINT('',(0.6845,0.103,-0.092));
#22780=CARTESIAN_POINT('',(0.6845,0.103,1.));
#22781=CARTESIAN_POINT('',(0.6845,0.103,-0.108));
#22782=CARTESIAN_POINT('',(0.6845,-0.168,-0.108));
#22783=CARTESIAN_POINT('',(0.6845,-0.168,-0.108));
#22784=CARTESIAN_POINT('',(0.6845,-0.168,-0.076));
#22785=CARTESIAN_POINT('',(0.6155,0.103,1.));
#22786=CARTESIAN_POINT('',(0.6155,-0.168,-0.076));
#22787=CARTESIAN_POINT('',(0.6155,-0.168,-0.108));
#22788=CARTESIAN_POINT('',(0.6155,-0.168,-0.108));
#22789=CARTESIAN_POINT('',(0.6155,0.103,-0.108));
#22790=CARTESIAN_POINT('',(0.6155,0.103,1.));
#22791=CARTESIAN_POINT('',(0.6155,0.103,-0.092));
#22792=CARTESIAN_POINT('',(0.6155,0.108,-0.092));
#22793=CARTESIAN_POINT('',(0.6155,-0.168,-0.092));
#22794=CARTESIAN_POINT('',(0.6155,-0.168,-0.076));
#22795=CARTESIAN_POINT('',(0.6155,1.,0.230179491924311));
#22796=CARTESIAN_POINT('',(0.7155,0.103,1.));
#22797=CARTESIAN_POINT('',(0.7155,1.,0.230179491924311));
#22798=CARTESIAN_POINT('',(0.7155,-0.168,-0.076));
#22799=CARTESIAN_POINT('',(0.7155,-0.168,-0.108));
#22800=CARTESIAN_POINT('',(0.7155,-0.168,-0.108));
#22801=CARTESIAN_POINT('',(0.7155,0.103,-0.108));
#22802=CARTESIAN_POINT('',(0.7155,0.103,1.));
#22803=CARTESIAN_POINT('',(0.7155,0.103,-0.092));
#22804=CARTESIAN_POINT('',(0.7155,0.108,-0.092));
#22805=CARTESIAN_POINT('',(0.7155,-0.168,-0.092));
#22806=CARTESIAN_POINT('',(0.7155,-0.168,-0.076));
#22807=CARTESIAN_POINT('',(-0.7155,-0.35,1.));
#22808=CARTESIAN_POINT('',(-0.7155,1.,0.230179491924311));
#22809=CARTESIAN_POINT('',(-0.7155,-0.068,0.024));
#22810=CARTESIAN_POINT('',(-0.7155,-0.068,0.008));
#22811=CARTESIAN_POINT('',(-0.7155,0.108,0.008));
#22812=CARTESIAN_POINT('',(-0.7155,0.103,0.00800000000000002));
#22813=CARTESIAN_POINT('',(-0.7155,0.103,1.));
#22814=CARTESIAN_POINT('',(-0.7155,0.103,-0.00800000000000002));
#22815=CARTESIAN_POINT('',(-0.7155,-0.068,-0.008));
#22816=CARTESIAN_POINT('',(-0.7155,-0.068,-0.00799999999999999));
#22817=CARTESIAN_POINT('',(-0.7155,-0.068,0.024));
#22818=CARTESIAN_POINT('',(-0.6155,-0.35,1.));
#22819=CARTESIAN_POINT('',(-0.6155,1.,0.230179491924311));
#22820=CARTESIAN_POINT('',(-0.6155,-0.068,0.024));
#22821=CARTESIAN_POINT('',(-0.6155,-0.068,0.008));
#22822=CARTESIAN_POINT('',(-0.6155,0.108,0.008));
#22823=CARTESIAN_POINT('',(-0.6155,0.103,0.00800000000000002));
#22824=CARTESIAN_POINT('',(-0.6155,0.103,1.));
#22825=CARTESIAN_POINT('',(-0.6155,0.103,-0.00800000000000002));
#22826=CARTESIAN_POINT('',(-0.6155,-0.068,-0.008));
#22827=CARTESIAN_POINT('',(-0.6155,-0.068,-0.00799999999999999));
#22828=CARTESIAN_POINT('',(-0.6155,-0.068,0.024));
#22829=CARTESIAN_POINT('',(-0.6845,0.103,1.));
#22830=CARTESIAN_POINT('',(-0.6845,-0.068,0.024));
#22831=CARTESIAN_POINT('',(-0.6845,-0.068,-0.00799999999999999));
#22832=CARTESIAN_POINT('',(-0.6845,-0.068,-0.008));
#22833=CARTESIAN_POINT('',(-0.6845,0.103,-0.00800000000000002));
#22834=CARTESIAN_POINT('',(-0.6845,0.103,1.));
#22835=CARTESIAN_POINT('',(-0.6845,0.103,0.00800000000000002));
#22836=CARTESIAN_POINT('',(-0.6845,0.108,0.008));
#22837=CARTESIAN_POINT('',(-0.6845,-0.068,0.008));
#22838=CARTESIAN_POINT('',(-0.6845,-0.068,0.024));
#22839=CARTESIAN_POINT('',(-0.6845,1.,0.230179491924311));
#22840=CARTESIAN_POINT('',(-0.5155,-0.35,1.));
#22841=CARTESIAN_POINT('',(-0.5155,1.,0.230179491924311));
#22842=CARTESIAN_POINT('',(-0.5155,-0.068,0.024));
#22843=CARTESIAN_POINT('',(-0.5155,-0.068,0.008));
#22844=CARTESIAN_POINT('',(-0.5155,0.108,0.008));
#22845=CARTESIAN_POINT('',(-0.5155,0.103,0.00800000000000002));
#22846=CARTESIAN_POINT('',(-0.5155,0.103,1.));
#22847=CARTESIAN_POINT('',(-0.5155,0.103,-0.00800000000000002));
#22848=CARTESIAN_POINT('',(-0.5155,-0.068,-0.008));
#22849=CARTESIAN_POINT('',(-0.5155,-0.068,-0.00799999999999999));
#22850=CARTESIAN_POINT('',(-0.5155,-0.068,0.024));
#22851=CARTESIAN_POINT('',(-0.5845,0.103,1.));
#22852=CARTESIAN_POINT('',(-0.5845,-0.068,0.024));
#22853=CARTESIAN_POINT('',(-0.5845,-0.068,-0.00799999999999999));
#22854=CARTESIAN_POINT('',(-0.5845,-0.068,-0.008));
#22855=CARTESIAN_POINT('',(-0.5845,0.103,-0.00800000000000002));
#22856=CARTESIAN_POINT('',(-0.5845,0.103,1.));
#22857=CARTESIAN_POINT('',(-0.5845,0.103,0.00800000000000002));
#22858=CARTESIAN_POINT('',(-0.5845,0.108,0.008));
#22859=CARTESIAN_POINT('',(-0.5845,-0.068,0.008));
#22860=CARTESIAN_POINT('',(-0.5845,-0.068,0.024));
#22861=CARTESIAN_POINT('',(-0.5845,1.,0.230179491924311));
#22862=CARTESIAN_POINT('',(-0.4155,-0.35,1.));
#22863=CARTESIAN_POINT('',(-0.4155,1.,0.230179491924311));
#22864=CARTESIAN_POINT('',(-0.4155,-0.068,0.024));
#22865=CARTESIAN_POINT('',(-0.4155,-0.068,0.008));
#22866=CARTESIAN_POINT('',(-0.4155,0.108,0.008));
#22867=CARTESIAN_POINT('',(-0.4155,0.103,0.00800000000000002));
#22868=CARTESIAN_POINT('',(-0.4155,0.103,1.));
#22869=CARTESIAN_POINT('',(-0.4155,0.103,-0.00800000000000002));
#22870=CARTESIAN_POINT('',(-0.4155,-0.068,-0.008));
#22871=CARTESIAN_POINT('',(-0.4155,-0.068,-0.00799999999999999));
#22872=CARTESIAN_POINT('',(-0.4155,-0.068,0.024));
#22873=CARTESIAN_POINT('',(-0.4845,0.103,1.));
#22874=CARTESIAN_POINT('',(-0.4845,-0.068,0.024));
#22875=CARTESIAN_POINT('',(-0.4845,-0.068,-0.00799999999999999));
#22876=CARTESIAN_POINT('',(-0.4845,-0.068,-0.008));
#22877=CARTESIAN_POINT('',(-0.4845,0.103,-0.00800000000000002));
#22878=CARTESIAN_POINT('',(-0.4845,0.103,1.));
#22879=CARTESIAN_POINT('',(-0.4845,0.103,0.00800000000000002));
#22880=CARTESIAN_POINT('',(-0.4845,0.108,0.008));
#22881=CARTESIAN_POINT('',(-0.4845,-0.068,0.008));
#22882=CARTESIAN_POINT('',(-0.4845,-0.068,0.024));
#22883=CARTESIAN_POINT('',(-0.4845,1.,0.230179491924311));
#22884=CARTESIAN_POINT('',(-0.3155,-0.35,1.));
#22885=CARTESIAN_POINT('',(-0.3155,1.,0.230179491924311));
#22886=CARTESIAN_POINT('',(-0.3155,-0.068,0.024));
#22887=CARTESIAN_POINT('',(-0.3155,-0.068,0.008));
#22888=CARTESIAN_POINT('',(-0.3155,0.108,0.008));
#22889=CARTESIAN_POINT('',(-0.3155,0.103,0.00800000000000002));
#22890=CARTESIAN_POINT('',(-0.3155,0.103,1.));
#22891=CARTESIAN_POINT('',(-0.3155,0.103,-0.00800000000000002));
#22892=CARTESIAN_POINT('',(-0.3155,-0.068,-0.008));
#22893=CARTESIAN_POINT('',(-0.3155,-0.068,-0.00799999999999999));
#22894=CARTESIAN_POINT('',(-0.3155,-0.068,0.024));
#22895=CARTESIAN_POINT('',(-0.3845,0.103,1.));
#22896=CARTESIAN_POINT('',(-0.3845,-0.068,0.024));
#22897=CARTESIAN_POINT('',(-0.3845,-0.068,-0.00799999999999999));
#22898=CARTESIAN_POINT('',(-0.3845,-0.068,-0.008));
#22899=CARTESIAN_POINT('',(-0.3845,0.103,-0.00800000000000002));
#22900=CARTESIAN_POINT('',(-0.3845,0.103,1.));
#22901=CARTESIAN_POINT('',(-0.3845,0.103,0.00800000000000002));
#22902=CARTESIAN_POINT('',(-0.3845,0.108,0.008));
#22903=CARTESIAN_POINT('',(-0.3845,-0.068,0.008));
#22904=CARTESIAN_POINT('',(-0.3845,-0.068,0.024));
#22905=CARTESIAN_POINT('',(-0.3845,1.,0.230179491924311));
#22906=CARTESIAN_POINT('',(-0.2155,-0.35,1.));
#22907=CARTESIAN_POINT('',(-0.2155,1.,0.230179491924311));
#22908=CARTESIAN_POINT('',(-0.2155,-0.068,0.024));
#22909=CARTESIAN_POINT('',(-0.2155,-0.068,0.008));
#22910=CARTESIAN_POINT('',(-0.2155,0.108,0.008));
#22911=CARTESIAN_POINT('',(-0.2155,0.103,0.00800000000000002));
#22912=CARTESIAN_POINT('',(-0.2155,0.103,1.));
#22913=CARTESIAN_POINT('',(-0.2155,0.103,-0.00800000000000002));
#22914=CARTESIAN_POINT('',(-0.2155,-0.068,-0.008));
#22915=CARTESIAN_POINT('',(-0.2155,-0.068,-0.00799999999999999));
#22916=CARTESIAN_POINT('',(-0.2155,-0.068,0.024));
#22917=CARTESIAN_POINT('',(-0.2845,0.103,1.));
#22918=CARTESIAN_POINT('',(-0.2845,-0.068,0.024));
#22919=CARTESIAN_POINT('',(-0.2845,-0.068,-0.00799999999999999));
#22920=CARTESIAN_POINT('',(-0.2845,-0.068,-0.008));
#22921=CARTESIAN_POINT('',(-0.2845,0.103,-0.00800000000000002));
#22922=CARTESIAN_POINT('',(-0.2845,0.103,1.));
#22923=CARTESIAN_POINT('',(-0.2845,0.103,0.00800000000000002));
#22924=CARTESIAN_POINT('',(-0.2845,0.108,0.008));
#22925=CARTESIAN_POINT('',(-0.2845,-0.068,0.008));
#22926=CARTESIAN_POINT('',(-0.2845,-0.068,0.024));
#22927=CARTESIAN_POINT('',(-0.2845,1.,0.230179491924311));
#22928=CARTESIAN_POINT('',(-0.1155,-0.35,1.));
#22929=CARTESIAN_POINT('',(-0.1155,1.,0.230179491924311));
#22930=CARTESIAN_POINT('',(-0.1155,-0.068,0.024));
#22931=CARTESIAN_POINT('',(-0.1155,-0.068,0.008));
#22932=CARTESIAN_POINT('',(-0.1155,0.108,0.008));
#22933=CARTESIAN_POINT('',(-0.1155,0.103,0.00800000000000002));
#22934=CARTESIAN_POINT('',(-0.1155,0.103,1.));
#22935=CARTESIAN_POINT('',(-0.1155,0.103,-0.00800000000000002));
#22936=CARTESIAN_POINT('',(-0.1155,-0.068,-0.008));
#22937=CARTESIAN_POINT('',(-0.1155,-0.068,-0.00799999999999999));
#22938=CARTESIAN_POINT('',(-0.1155,-0.068,0.024));
#22939=CARTESIAN_POINT('',(-0.1845,0.103,1.));
#22940=CARTESIAN_POINT('',(-0.1845,-0.068,0.024));
#22941=CARTESIAN_POINT('',(-0.1845,-0.068,-0.00799999999999999));
#22942=CARTESIAN_POINT('',(-0.1845,-0.068,-0.008));
#22943=CARTESIAN_POINT('',(-0.1845,0.103,-0.00800000000000002));
#22944=CARTESIAN_POINT('',(-0.1845,0.103,1.));
#22945=CARTESIAN_POINT('',(-0.1845,0.103,0.00800000000000002));
#22946=CARTESIAN_POINT('',(-0.1845,0.108,0.008));
#22947=CARTESIAN_POINT('',(-0.1845,-0.068,0.008));
#22948=CARTESIAN_POINT('',(-0.1845,-0.068,0.024));
#22949=CARTESIAN_POINT('',(-0.1845,1.,0.230179491924311));
#22950=CARTESIAN_POINT('',(-0.0155000000000001,-0.35,1.));
#22951=CARTESIAN_POINT('',(-0.0155000000000001,1.,0.230179491924311));
#22952=CARTESIAN_POINT('',(-0.0155000000000001,-0.068,0.024));
#22953=CARTESIAN_POINT('',(-0.0155000000000001,-0.068,0.008));
#22954=CARTESIAN_POINT('',(-0.0155000000000001,0.108,0.008));
#22955=CARTESIAN_POINT('',(-0.0155000000000001,0.103,0.00800000000000002));
#22956=CARTESIAN_POINT('',(-0.0155000000000001,0.103,1.));
#22957=CARTESIAN_POINT('',(-0.0155000000000001,0.103,-0.00800000000000002));
#22958=CARTESIAN_POINT('',(-0.0155000000000001,-0.068,-0.008));
#22959=CARTESIAN_POINT('',(-0.0155000000000001,-0.068,-0.00799999999999999));
#22960=CARTESIAN_POINT('',(-0.0155000000000001,-0.068,0.024));
#22961=CARTESIAN_POINT('',(-0.0845000000000001,0.103,1.));
#22962=CARTESIAN_POINT('',(-0.0845,-0.068,0.024));
#22963=CARTESIAN_POINT('',(-0.0845,-0.068,-0.00799999999999999));
#22964=CARTESIAN_POINT('',(-0.0845,-0.068,-0.008));
#22965=CARTESIAN_POINT('',(-0.0845000000000001,0.103,-0.00800000000000002));
#22966=CARTESIAN_POINT('',(-0.0845000000000001,0.103,1.));
#22967=CARTESIAN_POINT('',(-0.0845000000000001,0.103,0.00800000000000002));
#22968=CARTESIAN_POINT('',(-0.0845,0.108,0.008));
#22969=CARTESIAN_POINT('',(-0.0845,-0.068,0.008));
#22970=CARTESIAN_POINT('',(-0.0845,-0.068,0.024));
#22971=CARTESIAN_POINT('',(-0.0845000000000001,1.,0.230179491924311));
#22972=CARTESIAN_POINT('',(0.0844999999999999,-0.35,1.));
#22973=CARTESIAN_POINT('',(0.0844999999999999,1.,0.230179491924311));
#22974=CARTESIAN_POINT('',(0.0844999999999999,-0.068,0.024));
#22975=CARTESIAN_POINT('',(0.0844999999999999,-0.068,0.008));
#22976=CARTESIAN_POINT('',(0.0844999999999999,0.108,0.008));
#22977=CARTESIAN_POINT('',(0.0844999999999999,0.103,0.00800000000000002));
#22978=CARTESIAN_POINT('',(0.0844999999999999,0.103,1.));
#22979=CARTESIAN_POINT('',(0.0844999999999999,0.103,-0.00800000000000002));
#22980=CARTESIAN_POINT('',(0.0844999999999999,-0.068,-0.008));
#22981=CARTESIAN_POINT('',(0.0844999999999999,-0.068,-0.00799999999999999));
#22982=CARTESIAN_POINT('',(0.0844999999999999,-0.068,0.024));
#22983=CARTESIAN_POINT('',(0.0154999999999999,0.103,1.));
#22984=CARTESIAN_POINT('',(0.0154999999999999,-0.068,0.024));
#22985=CARTESIAN_POINT('',(0.0154999999999999,-0.068,-0.00799999999999999));
#22986=CARTESIAN_POINT('',(0.0154999999999999,-0.068,-0.008));
#22987=CARTESIAN_POINT('',(0.0154999999999999,0.103,-0.00800000000000002));
#22988=CARTESIAN_POINT('',(0.0154999999999999,0.103,1.));
#22989=CARTESIAN_POINT('',(0.0154999999999999,0.103,0.00800000000000002));
#22990=CARTESIAN_POINT('',(0.0154999999999999,0.108,0.008));
#22991=CARTESIAN_POINT('',(0.0154999999999999,-0.068,0.008));
#22992=CARTESIAN_POINT('',(0.0154999999999999,-0.068,0.024));
#22993=CARTESIAN_POINT('',(0.0154999999999999,1.,0.230179491924311));
#22994=CARTESIAN_POINT('',(0.1845,-0.35,1.));
#22995=CARTESIAN_POINT('',(0.1845,1.,0.230179491924311));
#22996=CARTESIAN_POINT('',(0.1845,-0.068,0.024));
#22997=CARTESIAN_POINT('',(0.1845,-0.068,0.008));
#22998=CARTESIAN_POINT('',(0.1845,0.108,0.008));
#22999=CARTESIAN_POINT('',(0.1845,0.103,0.00800000000000002));
#23000=CARTESIAN_POINT('',(0.1845,0.103,1.));
#23001=CARTESIAN_POINT('',(0.1845,0.103,-0.00800000000000002));
#23002=CARTESIAN_POINT('',(0.1845,-0.068,-0.008));
#23003=CARTESIAN_POINT('',(0.1845,-0.068,-0.00799999999999999));
#23004=CARTESIAN_POINT('',(0.1845,-0.068,0.024));
#23005=CARTESIAN_POINT('',(0.1155,0.103,1.));
#23006=CARTESIAN_POINT('',(0.1155,-0.068,0.024));
#23007=CARTESIAN_POINT('',(0.1155,-0.068,-0.00799999999999999));
#23008=CARTESIAN_POINT('',(0.1155,-0.068,-0.008));
#23009=CARTESIAN_POINT('',(0.1155,0.103,-0.00800000000000002));
#23010=CARTESIAN_POINT('',(0.1155,0.103,1.));
#23011=CARTESIAN_POINT('',(0.1155,0.103,0.00800000000000002));
#23012=CARTESIAN_POINT('',(0.1155,0.108,0.008));
#23013=CARTESIAN_POINT('',(0.1155,-0.068,0.008));
#23014=CARTESIAN_POINT('',(0.1155,-0.068,0.024));
#23015=CARTESIAN_POINT('',(0.1155,1.,0.230179491924311));
#23016=CARTESIAN_POINT('',(0.2845,-0.35,1.));
#23017=CARTESIAN_POINT('',(0.2845,1.,0.230179491924311));
#23018=CARTESIAN_POINT('',(0.2845,-0.068,0.024));
#23019=CARTESIAN_POINT('',(0.2845,-0.068,0.008));
#23020=CARTESIAN_POINT('',(0.2845,0.108,0.008));
#23021=CARTESIAN_POINT('',(0.2845,0.103,0.00800000000000002));
#23022=CARTESIAN_POINT('',(0.2845,0.103,1.));
#23023=CARTESIAN_POINT('',(0.2845,0.103,-0.00800000000000002));
#23024=CARTESIAN_POINT('',(0.2845,-0.068,-0.008));
#23025=CARTESIAN_POINT('',(0.2845,-0.068,-0.00799999999999999));
#23026=CARTESIAN_POINT('',(0.2845,-0.068,0.024));
#23027=CARTESIAN_POINT('',(0.2155,0.103,1.));
#23028=CARTESIAN_POINT('',(0.2155,-0.068,0.024));
#23029=CARTESIAN_POINT('',(0.2155,-0.068,-0.00799999999999999));
#23030=CARTESIAN_POINT('',(0.2155,-0.068,-0.008));
#23031=CARTESIAN_POINT('',(0.2155,0.103,-0.00800000000000002));
#23032=CARTESIAN_POINT('',(0.2155,0.103,1.));
#23033=CARTESIAN_POINT('',(0.2155,0.103,0.00800000000000002));
#23034=CARTESIAN_POINT('',(0.2155,0.108,0.008));
#23035=CARTESIAN_POINT('',(0.2155,-0.068,0.008));
#23036=CARTESIAN_POINT('',(0.2155,-0.068,0.024));
#23037=CARTESIAN_POINT('',(0.2155,1.,0.230179491924311));
#23038=CARTESIAN_POINT('',(0.3845,-0.35,1.));
#23039=CARTESIAN_POINT('',(0.3845,1.,0.230179491924311));
#23040=CARTESIAN_POINT('',(0.3845,-0.068,0.024));
#23041=CARTESIAN_POINT('',(0.3845,-0.068,0.008));
#23042=CARTESIAN_POINT('',(0.3845,0.108,0.008));
#23043=CARTESIAN_POINT('',(0.3845,0.103,0.00800000000000002));
#23044=CARTESIAN_POINT('',(0.3845,0.103,1.));
#23045=CARTESIAN_POINT('',(0.3845,0.103,-0.00800000000000002));
#23046=CARTESIAN_POINT('',(0.3845,-0.068,-0.008));
#23047=CARTESIAN_POINT('',(0.3845,-0.068,-0.00799999999999999));
#23048=CARTESIAN_POINT('',(0.3845,-0.068,0.024));
#23049=CARTESIAN_POINT('',(0.3155,0.103,1.));
#23050=CARTESIAN_POINT('',(0.3155,-0.068,0.024));
#23051=CARTESIAN_POINT('',(0.3155,-0.068,-0.00799999999999999));
#23052=CARTESIAN_POINT('',(0.3155,-0.068,-0.008));
#23053=CARTESIAN_POINT('',(0.3155,0.103,-0.00800000000000002));
#23054=CARTESIAN_POINT('',(0.3155,0.103,1.));
#23055=CARTESIAN_POINT('',(0.3155,0.103,0.00800000000000002));
#23056=CARTESIAN_POINT('',(0.3155,0.108,0.008));
#23057=CARTESIAN_POINT('',(0.3155,-0.068,0.008));
#23058=CARTESIAN_POINT('',(0.3155,-0.068,0.024));
#23059=CARTESIAN_POINT('',(0.3155,1.,0.230179491924311));
#23060=CARTESIAN_POINT('',(0.4845,-0.35,1.));
#23061=CARTESIAN_POINT('',(0.4845,1.,0.230179491924311));
#23062=CARTESIAN_POINT('',(0.4845,-0.068,0.024));
#23063=CARTESIAN_POINT('',(0.4845,-0.068,0.008));
#23064=CARTESIAN_POINT('',(0.4845,0.108,0.008));
#23065=CARTESIAN_POINT('',(0.4845,0.103,0.00800000000000002));
#23066=CARTESIAN_POINT('',(0.4845,0.103,1.));
#23067=CARTESIAN_POINT('',(0.4845,0.103,-0.00800000000000002));
#23068=CARTESIAN_POINT('',(0.4845,-0.068,-0.008));
#23069=CARTESIAN_POINT('',(0.4845,-0.068,-0.00799999999999999));
#23070=CARTESIAN_POINT('',(0.4845,-0.068,0.024));
#23071=CARTESIAN_POINT('',(0.4155,0.103,1.));
#23072=CARTESIAN_POINT('',(0.4155,-0.068,0.024));
#23073=CARTESIAN_POINT('',(0.4155,-0.068,-0.00799999999999999));
#23074=CARTESIAN_POINT('',(0.4155,-0.068,-0.008));
#23075=CARTESIAN_POINT('',(0.4155,0.103,-0.00800000000000002));
#23076=CARTESIAN_POINT('',(0.4155,0.103,1.));
#23077=CARTESIAN_POINT('',(0.4155,0.103,0.00800000000000002));
#23078=CARTESIAN_POINT('',(0.4155,0.108,0.008));
#23079=CARTESIAN_POINT('',(0.4155,-0.068,0.008));
#23080=CARTESIAN_POINT('',(0.4155,-0.068,0.024));
#23081=CARTESIAN_POINT('',(0.4155,1.,0.230179491924311));
#23082=CARTESIAN_POINT('',(0.5845,-0.35,1.));
#23083=CARTESIAN_POINT('',(0.5845,1.,0.230179491924311));
#23084=CARTESIAN_POINT('',(0.5845,-0.068,0.024));
#23085=CARTESIAN_POINT('',(0.5845,-0.068,0.008));
#23086=CARTESIAN_POINT('',(0.5845,0.108,0.008));
#23087=CARTESIAN_POINT('',(0.5845,0.103,0.00800000000000002));
#23088=CARTESIAN_POINT('',(0.5845,0.103,1.));
#23089=CARTESIAN_POINT('',(0.5845,0.103,-0.00800000000000002));
#23090=CARTESIAN_POINT('',(0.5845,-0.068,-0.008));
#23091=CARTESIAN_POINT('',(0.5845,-0.068,-0.00799999999999999));
#23092=CARTESIAN_POINT('',(0.5845,-0.068,0.024));
#23093=CARTESIAN_POINT('',(0.5155,0.103,1.));
#23094=CARTESIAN_POINT('',(0.5155,-0.068,0.024));
#23095=CARTESIAN_POINT('',(0.5155,-0.068,-0.00799999999999999));
#23096=CARTESIAN_POINT('',(0.5155,-0.068,-0.008));
#23097=CARTESIAN_POINT('',(0.5155,0.103,-0.00800000000000002));
#23098=CARTESIAN_POINT('',(0.5155,0.103,1.));
#23099=CARTESIAN_POINT('',(0.5155,0.103,0.00800000000000002));
#23100=CARTESIAN_POINT('',(0.5155,0.108,0.008));
#23101=CARTESIAN_POINT('',(0.5155,-0.068,0.008));
#23102=CARTESIAN_POINT('',(0.5155,-0.068,0.024));
#23103=CARTESIAN_POINT('',(0.5155,1.,0.230179491924311));
#23104=CARTESIAN_POINT('',(0.6845,-0.35,1.));
#23105=CARTESIAN_POINT('',(0.6845,1.,0.230179491924311));
#23106=CARTESIAN_POINT('',(0.6845,-0.068,0.024));
#23107=CARTESIAN_POINT('',(0.6845,-0.068,0.008));
#23108=CARTESIAN_POINT('',(0.6845,0.108,0.008));
#23109=CARTESIAN_POINT('',(0.6845,0.103,0.00800000000000002));
#23110=CARTESIAN_POINT('',(0.6845,0.103,1.));
#23111=CARTESIAN_POINT('',(0.6845,0.103,-0.00800000000000002));
#23112=CARTESIAN_POINT('',(0.6845,-0.068,-0.008));
#23113=CARTESIAN_POINT('',(0.6845,-0.068,-0.00799999999999999));
#23114=CARTESIAN_POINT('',(0.6845,-0.068,0.024));
#23115=CARTESIAN_POINT('',(0.6155,0.103,1.));
#23116=CARTESIAN_POINT('',(0.6155,-0.068,0.024));
#23117=CARTESIAN_POINT('',(0.6155,-0.068,-0.00799999999999999));
#23118=CARTESIAN_POINT('',(0.6155,-0.068,-0.008));
#23119=CARTESIAN_POINT('',(0.6155,0.103,-0.00800000000000002));
#23120=CARTESIAN_POINT('',(0.6155,0.103,1.));
#23121=CARTESIAN_POINT('',(0.6155,0.103,0.00800000000000002));
#23122=CARTESIAN_POINT('',(0.6155,0.108,0.008));
#23123=CARTESIAN_POINT('',(0.6155,-0.068,0.008));
#23124=CARTESIAN_POINT('',(0.6155,-0.068,0.024));
#23125=CARTESIAN_POINT('',(0.6155,1.,0.230179491924311));
#23126=CARTESIAN_POINT('',(0.7155,0.103,1.));
#23127=CARTESIAN_POINT('',(0.7155,1.,0.230179491924311));
#23128=CARTESIAN_POINT('',(0.7155,-0.068,0.024));
#23129=CARTESIAN_POINT('',(0.7155,-0.068,-0.00799999999999999));
#23130=CARTESIAN_POINT('',(0.7155,-0.068,-0.008));
#23131=CARTESIAN_POINT('',(0.7155,0.103,-0.00800000000000002));
#23132=CARTESIAN_POINT('',(0.7155,0.103,1.));
#23133=CARTESIAN_POINT('',(0.7155,0.103,0.00800000000000002));
#23134=CARTESIAN_POINT('',(0.7155,0.108,0.008));
#23135=CARTESIAN_POINT('',(0.7155,-0.068,0.008));
#23136=CARTESIAN_POINT('',(0.7155,-0.068,0.024));
#23137=CARTESIAN_POINT('',(-0.7155,-0.35,1.));
#23138=CARTESIAN_POINT('',(-0.7155,1.,0.230179491924311));
#23139=CARTESIAN_POINT('',(-0.7155,0.032,0.124));
#23140=CARTESIAN_POINT('',(-0.7155,0.032,0.108));
#23141=CARTESIAN_POINT('',(-0.7155,0.108,0.108));
#23142=CARTESIAN_POINT('',(-0.7155,0.103,0.108));
#23143=CARTESIAN_POINT('',(-0.7155,0.103,1.));
#23144=CARTESIAN_POINT('',(-0.7155,0.103,0.092));
#23145=CARTESIAN_POINT('',(-0.7155,0.032,0.092));
#23146=CARTESIAN_POINT('',(-0.7155,0.032,0.092));
#23147=CARTESIAN_POINT('',(-0.7155,0.032,0.124));
#23148=CARTESIAN_POINT('',(-0.6155,-0.35,1.));
#23149=CARTESIAN_POINT('',(-0.6155,1.,0.230179491924311));
#23150=CARTESIAN_POINT('',(-0.6155,0.032,0.124));
#23151=CARTESIAN_POINT('',(-0.6155,0.032,0.108));
#23152=CARTESIAN_POINT('',(-0.6155,0.108,0.108));
#23153=CARTESIAN_POINT('',(-0.6155,0.103,0.108));
#23154=CARTESIAN_POINT('',(-0.6155,0.103,1.));
#23155=CARTESIAN_POINT('',(-0.6155,0.103,0.092));
#23156=CARTESIAN_POINT('',(-0.6155,0.032,0.092));
#23157=CARTESIAN_POINT('',(-0.6155,0.032,0.092));
#23158=CARTESIAN_POINT('',(-0.6155,0.032,0.124));
#23159=CARTESIAN_POINT('',(-0.6845,0.103,1.));
#23160=CARTESIAN_POINT('',(-0.6845,0.032,0.124));
#23161=CARTESIAN_POINT('',(-0.6845,0.032,0.092));
#23162=CARTESIAN_POINT('',(-0.6845,0.032,0.092));
#23163=CARTESIAN_POINT('',(-0.6845,0.103,0.092));
#23164=CARTESIAN_POINT('',(-0.6845,0.103,1.));
#23165=CARTESIAN_POINT('',(-0.6845,0.103,0.108));
#23166=CARTESIAN_POINT('',(-0.6845,0.108,0.108));
#23167=CARTESIAN_POINT('',(-0.6845,0.032,0.108));
#23168=CARTESIAN_POINT('',(-0.6845,0.032,0.124));
#23169=CARTESIAN_POINT('',(-0.6845,1.,0.230179491924311));
#23170=CARTESIAN_POINT('',(-0.5155,-0.35,1.));
#23171=CARTESIAN_POINT('',(-0.5155,1.,0.230179491924311));
#23172=CARTESIAN_POINT('',(-0.5155,0.032,0.124));
#23173=CARTESIAN_POINT('',(-0.5155,0.032,0.108));
#23174=CARTESIAN_POINT('',(-0.5155,0.108,0.108));
#23175=CARTESIAN_POINT('',(-0.5155,0.103,0.108));
#23176=CARTESIAN_POINT('',(-0.5155,0.103,1.));
#23177=CARTESIAN_POINT('',(-0.5155,0.103,0.092));
#23178=CARTESIAN_POINT('',(-0.5155,0.032,0.092));
#23179=CARTESIAN_POINT('',(-0.5155,0.032,0.092));
#23180=CARTESIAN_POINT('',(-0.5155,0.032,0.124));
#23181=CARTESIAN_POINT('',(-0.5845,0.103,1.));
#23182=CARTESIAN_POINT('',(-0.5845,0.032,0.124));
#23183=CARTESIAN_POINT('',(-0.5845,0.032,0.092));
#23184=CARTESIAN_POINT('',(-0.5845,0.032,0.092));
#23185=CARTESIAN_POINT('',(-0.5845,0.103,0.092));
#23186=CARTESIAN_POINT('',(-0.5845,0.103,1.));
#23187=CARTESIAN_POINT('',(-0.5845,0.103,0.108));
#23188=CARTESIAN_POINT('',(-0.5845,0.108,0.108));
#23189=CARTESIAN_POINT('',(-0.5845,0.032,0.108));
#23190=CARTESIAN_POINT('',(-0.5845,0.032,0.124));
#23191=CARTESIAN_POINT('',(-0.5845,1.,0.230179491924311));
#23192=CARTESIAN_POINT('',(-0.4155,-0.35,1.));
#23193=CARTESIAN_POINT('',(-0.4155,1.,0.230179491924311));
#23194=CARTESIAN_POINT('',(-0.4155,0.032,0.124));
#23195=CARTESIAN_POINT('',(-0.4155,0.032,0.108));
#23196=CARTESIAN_POINT('',(-0.4155,0.108,0.108));
#23197=CARTESIAN_POINT('',(-0.4155,0.103,0.108));
#23198=CARTESIAN_POINT('',(-0.4155,0.103,1.));
#23199=CARTESIAN_POINT('',(-0.4155,0.103,0.092));
#23200=CARTESIAN_POINT('',(-0.4155,0.032,0.092));
#23201=CARTESIAN_POINT('',(-0.4155,0.032,0.092));
#23202=CARTESIAN_POINT('',(-0.4155,0.032,0.124));
#23203=CARTESIAN_POINT('',(-0.4845,0.103,1.));
#23204=CARTESIAN_POINT('',(-0.4845,0.032,0.124));
#23205=CARTESIAN_POINT('',(-0.4845,0.032,0.092));
#23206=CARTESIAN_POINT('',(-0.4845,0.032,0.092));
#23207=CARTESIAN_POINT('',(-0.4845,0.103,0.092));
#23208=CARTESIAN_POINT('',(-0.4845,0.103,1.));
#23209=CARTESIAN_POINT('',(-0.4845,0.103,0.108));
#23210=CARTESIAN_POINT('',(-0.4845,0.108,0.108));
#23211=CARTESIAN_POINT('',(-0.4845,0.032,0.108));
#23212=CARTESIAN_POINT('',(-0.4845,0.032,0.124));
#23213=CARTESIAN_POINT('',(-0.4845,1.,0.230179491924311));
#23214=CARTESIAN_POINT('',(-0.3155,-0.35,1.));
#23215=CARTESIAN_POINT('',(-0.3155,1.,0.230179491924311));
#23216=CARTESIAN_POINT('',(-0.3155,0.032,0.124));
#23217=CARTESIAN_POINT('',(-0.3155,0.032,0.108));
#23218=CARTESIAN_POINT('',(-0.3155,0.108,0.108));
#23219=CARTESIAN_POINT('',(-0.3155,0.103,0.108));
#23220=CARTESIAN_POINT('',(-0.3155,0.103,1.));
#23221=CARTESIAN_POINT('',(-0.3155,0.103,0.092));
#23222=CARTESIAN_POINT('',(-0.3155,0.032,0.092));
#23223=CARTESIAN_POINT('',(-0.3155,0.032,0.092));
#23224=CARTESIAN_POINT('',(-0.3155,0.032,0.124));
#23225=CARTESIAN_POINT('',(-0.3845,0.103,1.));
#23226=CARTESIAN_POINT('',(-0.3845,0.032,0.124));
#23227=CARTESIAN_POINT('',(-0.3845,0.032,0.092));
#23228=CARTESIAN_POINT('',(-0.3845,0.032,0.092));
#23229=CARTESIAN_POINT('',(-0.3845,0.103,0.092));
#23230=CARTESIAN_POINT('',(-0.3845,0.103,1.));
#23231=CARTESIAN_POINT('',(-0.3845,0.103,0.108));
#23232=CARTESIAN_POINT('',(-0.3845,0.108,0.108));
#23233=CARTESIAN_POINT('',(-0.3845,0.032,0.108));
#23234=CARTESIAN_POINT('',(-0.3845,0.032,0.124));
#23235=CARTESIAN_POINT('',(-0.3845,1.,0.230179491924311));
#23236=CARTESIAN_POINT('',(-0.2155,-0.35,1.));
#23237=CARTESIAN_POINT('',(-0.2155,1.,0.230179491924311));
#23238=CARTESIAN_POINT('',(-0.2155,0.032,0.124));
#23239=CARTESIAN_POINT('',(-0.2155,0.032,0.108));
#23240=CARTESIAN_POINT('',(-0.2155,0.108,0.108));
#23241=CARTESIAN_POINT('',(-0.2155,0.103,0.108));
#23242=CARTESIAN_POINT('',(-0.2155,0.103,1.));
#23243=CARTESIAN_POINT('',(-0.2155,0.103,0.092));
#23244=CARTESIAN_POINT('',(-0.2155,0.032,0.092));
#23245=CARTESIAN_POINT('',(-0.2155,0.032,0.092));
#23246=CARTESIAN_POINT('',(-0.2155,0.032,0.124));
#23247=CARTESIAN_POINT('',(-0.2845,0.103,1.));
#23248=CARTESIAN_POINT('',(-0.2845,0.032,0.124));
#23249=CARTESIAN_POINT('',(-0.2845,0.032,0.092));
#23250=CARTESIAN_POINT('',(-0.2845,0.032,0.092));
#23251=CARTESIAN_POINT('',(-0.2845,0.103,0.092));
#23252=CARTESIAN_POINT('',(-0.2845,0.103,1.));
#23253=CARTESIAN_POINT('',(-0.2845,0.103,0.108));
#23254=CARTESIAN_POINT('',(-0.2845,0.108,0.108));
#23255=CARTESIAN_POINT('',(-0.2845,0.032,0.108));
#23256=CARTESIAN_POINT('',(-0.2845,0.032,0.124));
#23257=CARTESIAN_POINT('',(-0.2845,1.,0.230179491924311));
#23258=CARTESIAN_POINT('',(-0.1155,-0.35,1.));
#23259=CARTESIAN_POINT('',(-0.1155,1.,0.230179491924311));
#23260=CARTESIAN_POINT('',(-0.1155,0.032,0.124));
#23261=CARTESIAN_POINT('',(-0.1155,0.032,0.108));
#23262=CARTESIAN_POINT('',(-0.1155,0.108,0.108));
#23263=CARTESIAN_POINT('',(-0.1155,0.103,0.108));
#23264=CARTESIAN_POINT('',(-0.1155,0.103,1.));
#23265=CARTESIAN_POINT('',(-0.1155,0.103,0.092));
#23266=CARTESIAN_POINT('',(-0.1155,0.032,0.092));
#23267=CARTESIAN_POINT('',(-0.1155,0.032,0.092));
#23268=CARTESIAN_POINT('',(-0.1155,0.032,0.124));
#23269=CARTESIAN_POINT('',(-0.1845,0.103,1.));
#23270=CARTESIAN_POINT('',(-0.1845,0.032,0.124));
#23271=CARTESIAN_POINT('',(-0.1845,0.032,0.092));
#23272=CARTESIAN_POINT('',(-0.1845,0.032,0.092));
#23273=CARTESIAN_POINT('',(-0.1845,0.103,0.092));
#23274=CARTESIAN_POINT('',(-0.1845,0.103,1.));
#23275=CARTESIAN_POINT('',(-0.1845,0.103,0.108));
#23276=CARTESIAN_POINT('',(-0.1845,0.108,0.108));
#23277=CARTESIAN_POINT('',(-0.1845,0.032,0.108));
#23278=CARTESIAN_POINT('',(-0.1845,0.032,0.124));
#23279=CARTESIAN_POINT('',(-0.1845,1.,0.230179491924311));
#23280=CARTESIAN_POINT('',(-0.0155000000000001,-0.35,1.));
#23281=CARTESIAN_POINT('',(-0.0155000000000001,1.,0.230179491924311));
#23282=CARTESIAN_POINT('',(-0.0155000000000001,0.032,0.124));
#23283=CARTESIAN_POINT('',(-0.0155000000000001,0.032,0.108));
#23284=CARTESIAN_POINT('',(-0.0155000000000001,0.108,0.108));
#23285=CARTESIAN_POINT('',(-0.0155000000000001,0.103,0.108));
#23286=CARTESIAN_POINT('',(-0.0155000000000001,0.103,1.));
#23287=CARTESIAN_POINT('',(-0.0155000000000001,0.103,0.092));
#23288=CARTESIAN_POINT('',(-0.0155000000000001,0.032,0.092));
#23289=CARTESIAN_POINT('',(-0.0155000000000001,0.032,0.092));
#23290=CARTESIAN_POINT('',(-0.0155000000000001,0.032,0.124));
#23291=CARTESIAN_POINT('',(-0.0845000000000001,0.103,1.));
#23292=CARTESIAN_POINT('',(-0.0845,0.032,0.124));
#23293=CARTESIAN_POINT('',(-0.0845,0.032,0.092));
#23294=CARTESIAN_POINT('',(-0.0845,0.032,0.092));
#23295=CARTESIAN_POINT('',(-0.0845000000000001,0.103,0.092));
#23296=CARTESIAN_POINT('',(-0.0845000000000001,0.103,1.));
#23297=CARTESIAN_POINT('',(-0.0845000000000001,0.103,0.108));
#23298=CARTESIAN_POINT('',(-0.0845,0.108,0.108));
#23299=CARTESIAN_POINT('',(-0.0845,0.032,0.108));
#23300=CARTESIAN_POINT('',(-0.0845,0.032,0.124));
#23301=CARTESIAN_POINT('',(-0.0845000000000001,1.,0.230179491924311));
#23302=CARTESIAN_POINT('',(0.0844999999999999,-0.35,1.));
#23303=CARTESIAN_POINT('',(0.0844999999999999,1.,0.230179491924311));
#23304=CARTESIAN_POINT('',(0.0844999999999999,0.032,0.124));
#23305=CARTESIAN_POINT('',(0.0844999999999999,0.032,0.108));
#23306=CARTESIAN_POINT('',(0.0844999999999999,0.108,0.108));
#23307=CARTESIAN_POINT('',(0.0844999999999999,0.103,0.108));
#23308=CARTESIAN_POINT('',(0.0844999999999999,0.103,1.));
#23309=CARTESIAN_POINT('',(0.0844999999999999,0.103,0.092));
#23310=CARTESIAN_POINT('',(0.0844999999999999,0.032,0.092));
#23311=CARTESIAN_POINT('',(0.0844999999999999,0.032,0.092));
#23312=CARTESIAN_POINT('',(0.0844999999999999,0.032,0.124));
#23313=CARTESIAN_POINT('',(0.0154999999999999,0.103,1.));
#23314=CARTESIAN_POINT('',(0.0154999999999999,0.032,0.124));
#23315=CARTESIAN_POINT('',(0.0154999999999999,0.032,0.092));
#23316=CARTESIAN_POINT('',(0.0154999999999999,0.032,0.092));
#23317=CARTESIAN_POINT('',(0.0154999999999999,0.103,0.092));
#23318=CARTESIAN_POINT('',(0.0154999999999999,0.103,1.));
#23319=CARTESIAN_POINT('',(0.0154999999999999,0.103,0.108));
#23320=CARTESIAN_POINT('',(0.0154999999999999,0.108,0.108));
#23321=CARTESIAN_POINT('',(0.0154999999999999,0.032,0.108));
#23322=CARTESIAN_POINT('',(0.0154999999999999,0.032,0.124));
#23323=CARTESIAN_POINT('',(0.0154999999999999,1.,0.230179491924311));
#23324=CARTESIAN_POINT('',(0.1845,-0.35,1.));
#23325=CARTESIAN_POINT('',(0.1845,1.,0.230179491924311));
#23326=CARTESIAN_POINT('',(0.1845,0.032,0.124));
#23327=CARTESIAN_POINT('',(0.1845,0.032,0.108));
#23328=CARTESIAN_POINT('',(0.1845,0.108,0.108));
#23329=CARTESIAN_POINT('',(0.1845,0.103,0.108));
#23330=CARTESIAN_POINT('',(0.1845,0.103,1.));
#23331=CARTESIAN_POINT('',(0.1845,0.103,0.092));
#23332=CARTESIAN_POINT('',(0.1845,0.032,0.092));
#23333=CARTESIAN_POINT('',(0.1845,0.032,0.092));
#23334=CARTESIAN_POINT('',(0.1845,0.032,0.124));
#23335=CARTESIAN_POINT('',(0.1155,0.103,1.));
#23336=CARTESIAN_POINT('',(0.1155,0.032,0.124));
#23337=CARTESIAN_POINT('',(0.1155,0.032,0.092));
#23338=CARTESIAN_POINT('',(0.1155,0.032,0.092));
#23339=CARTESIAN_POINT('',(0.1155,0.103,0.092));
#23340=CARTESIAN_POINT('',(0.1155,0.103,1.));
#23341=CARTESIAN_POINT('',(0.1155,0.103,0.108));
#23342=CARTESIAN_POINT('',(0.1155,0.108,0.108));
#23343=CARTESIAN_POINT('',(0.1155,0.032,0.108));
#23344=CARTESIAN_POINT('',(0.1155,0.032,0.124));
#23345=CARTESIAN_POINT('',(0.1155,1.,0.230179491924311));
#23346=CARTESIAN_POINT('',(0.2845,-0.35,1.));
#23347=CARTESIAN_POINT('',(0.2845,1.,0.230179491924311));
#23348=CARTESIAN_POINT('',(0.2845,0.032,0.124));
#23349=CARTESIAN_POINT('',(0.2845,0.032,0.108));
#23350=CARTESIAN_POINT('',(0.2845,0.108,0.108));
#23351=CARTESIAN_POINT('',(0.2845,0.103,0.108));
#23352=CARTESIAN_POINT('',(0.2845,0.103,1.));
#23353=CARTESIAN_POINT('',(0.2845,0.103,0.092));
#23354=CARTESIAN_POINT('',(0.2845,0.032,0.092));
#23355=CARTESIAN_POINT('',(0.2845,0.032,0.092));
#23356=CARTESIAN_POINT('',(0.2845,0.032,0.124));
#23357=CARTESIAN_POINT('',(0.2155,0.103,1.));
#23358=CARTESIAN_POINT('',(0.2155,0.032,0.124));
#23359=CARTESIAN_POINT('',(0.2155,0.032,0.092));
#23360=CARTESIAN_POINT('',(0.2155,0.032,0.092));
#23361=CARTESIAN_POINT('',(0.2155,0.103,0.092));
#23362=CARTESIAN_POINT('',(0.2155,0.103,1.));
#23363=CARTESIAN_POINT('',(0.2155,0.103,0.108));
#23364=CARTESIAN_POINT('',(0.2155,0.108,0.108));
#23365=CARTESIAN_POINT('',(0.2155,0.032,0.108));
#23366=CARTESIAN_POINT('',(0.2155,0.032,0.124));
#23367=CARTESIAN_POINT('',(0.2155,1.,0.230179491924311));
#23368=CARTESIAN_POINT('',(0.3845,-0.35,1.));
#23369=CARTESIAN_POINT('',(0.3845,1.,0.230179491924311));
#23370=CARTESIAN_POINT('',(0.3845,0.032,0.124));
#23371=CARTESIAN_POINT('',(0.3845,0.032,0.108));
#23372=CARTESIAN_POINT('',(0.3845,0.108,0.108));
#23373=CARTESIAN_POINT('',(0.3845,0.103,0.108));
#23374=CARTESIAN_POINT('',(0.3845,0.103,1.));
#23375=CARTESIAN_POINT('',(0.3845,0.103,0.092));
#23376=CARTESIAN_POINT('',(0.3845,0.032,0.092));
#23377=CARTESIAN_POINT('',(0.3845,0.032,0.092));
#23378=CARTESIAN_POINT('',(0.3845,0.032,0.124));
#23379=CARTESIAN_POINT('',(0.3155,0.103,1.));
#23380=CARTESIAN_POINT('',(0.3155,0.032,0.124));
#23381=CARTESIAN_POINT('',(0.3155,0.032,0.092));
#23382=CARTESIAN_POINT('',(0.3155,0.032,0.092));
#23383=CARTESIAN_POINT('',(0.3155,0.103,0.092));
#23384=CARTESIAN_POINT('',(0.3155,0.103,1.));
#23385=CARTESIAN_POINT('',(0.3155,0.103,0.108));
#23386=CARTESIAN_POINT('',(0.3155,0.108,0.108));
#23387=CARTESIAN_POINT('',(0.3155,0.032,0.108));
#23388=CARTESIAN_POINT('',(0.3155,0.032,0.124));
#23389=CARTESIAN_POINT('',(0.3155,1.,0.230179491924311));
#23390=CARTESIAN_POINT('',(0.4845,-0.35,1.));
#23391=CARTESIAN_POINT('',(0.4845,1.,0.230179491924311));
#23392=CARTESIAN_POINT('',(0.4845,0.032,0.124));
#23393=CARTESIAN_POINT('',(0.4845,0.032,0.108));
#23394=CARTESIAN_POINT('',(0.4845,0.108,0.108));
#23395=CARTESIAN_POINT('',(0.4845,0.103,0.108));
#23396=CARTESIAN_POINT('',(0.4845,0.103,1.));
#23397=CARTESIAN_POINT('',(0.4845,0.103,0.092));
#23398=CARTESIAN_POINT('',(0.4845,0.032,0.092));
#23399=CARTESIAN_POINT('',(0.4845,0.032,0.092));
#23400=CARTESIAN_POINT('',(0.4845,0.032,0.124));
#23401=CARTESIAN_POINT('',(0.4155,0.103,1.));
#23402=CARTESIAN_POINT('',(0.4155,0.032,0.124));
#23403=CARTESIAN_POINT('',(0.4155,0.032,0.092));
#23404=CARTESIAN_POINT('',(0.4155,0.032,0.092));
#23405=CARTESIAN_POINT('',(0.4155,0.103,0.092));
#23406=CARTESIAN_POINT('',(0.4155,0.103,1.));
#23407=CARTESIAN_POINT('',(0.4155,0.103,0.108));
#23408=CARTESIAN_POINT('',(0.4155,0.108,0.108));
#23409=CARTESIAN_POINT('',(0.4155,0.032,0.108));
#23410=CARTESIAN_POINT('',(0.4155,0.032,0.124));
#23411=CARTESIAN_POINT('',(0.4155,1.,0.230179491924311));
#23412=CARTESIAN_POINT('',(0.5845,-0.35,1.));
#23413=CARTESIAN_POINT('',(0.5845,1.,0.230179491924311));
#23414=CARTESIAN_POINT('',(0.5845,0.032,0.124));
#23415=CARTESIAN_POINT('',(0.5845,0.032,0.108));
#23416=CARTESIAN_POINT('',(0.5845,0.108,0.108));
#23417=CARTESIAN_POINT('',(0.5845,0.103,0.108));
#23418=CARTESIAN_POINT('',(0.5845,0.103,1.));
#23419=CARTESIAN_POINT('',(0.5845,0.103,0.092));
#23420=CARTESIAN_POINT('',(0.5845,0.032,0.092));
#23421=CARTESIAN_POINT('',(0.5845,0.032,0.092));
#23422=CARTESIAN_POINT('',(0.5845,0.032,0.124));
#23423=CARTESIAN_POINT('',(0.5155,0.103,1.));
#23424=CARTESIAN_POINT('',(0.5155,0.032,0.124));
#23425=CARTESIAN_POINT('',(0.5155,0.032,0.092));
#23426=CARTESIAN_POINT('',(0.5155,0.032,0.092));
#23427=CARTESIAN_POINT('',(0.5155,0.103,0.092));
#23428=CARTESIAN_POINT('',(0.5155,0.103,1.));
#23429=CARTESIAN_POINT('',(0.5155,0.103,0.108));
#23430=CARTESIAN_POINT('',(0.5155,0.108,0.108));
#23431=CARTESIAN_POINT('',(0.5155,0.032,0.108));
#23432=CARTESIAN_POINT('',(0.5155,0.032,0.124));
#23433=CARTESIAN_POINT('',(0.5155,1.,0.230179491924311));
#23434=CARTESIAN_POINT('',(0.6845,-0.35,1.));
#23435=CARTESIAN_POINT('',(0.6845,1.,0.230179491924311));
#23436=CARTESIAN_POINT('',(0.6845,0.032,0.124));
#23437=CARTESIAN_POINT('',(0.6845,0.032,0.108));
#23438=CARTESIAN_POINT('',(0.6845,0.108,0.108));
#23439=CARTESIAN_POINT('',(0.6845,0.103,0.108));
#23440=CARTESIAN_POINT('',(0.6845,0.103,1.));
#23441=CARTESIAN_POINT('',(0.6845,0.103,0.092));
#23442=CARTESIAN_POINT('',(0.6845,0.032,0.092));
#23443=CARTESIAN_POINT('',(0.6845,0.032,0.092));
#23444=CARTESIAN_POINT('',(0.6845,0.032,0.124));
#23445=CARTESIAN_POINT('',(0.6155,0.103,1.));
#23446=CARTESIAN_POINT('',(0.6155,0.032,0.124));
#23447=CARTESIAN_POINT('',(0.6155,0.032,0.092));
#23448=CARTESIAN_POINT('',(0.6155,0.032,0.092));
#23449=CARTESIAN_POINT('',(0.6155,0.103,0.092));
#23450=CARTESIAN_POINT('',(0.6155,0.103,1.));
#23451=CARTESIAN_POINT('',(0.6155,0.103,0.108));
#23452=CARTESIAN_POINT('',(0.6155,0.108,0.108));
#23453=CARTESIAN_POINT('',(0.6155,0.032,0.108));
#23454=CARTESIAN_POINT('',(0.6155,0.032,0.124));
#23455=CARTESIAN_POINT('',(0.6155,1.,0.230179491924311));
#23456=CARTESIAN_POINT('',(0.7155,0.103,1.));
#23457=CARTESIAN_POINT('',(0.7155,1.,0.230179491924311));
#23458=CARTESIAN_POINT('',(0.7155,0.032,0.124));
#23459=CARTESIAN_POINT('',(0.7155,0.032,0.092));
#23460=CARTESIAN_POINT('',(0.7155,0.032,0.092));
#23461=CARTESIAN_POINT('',(0.7155,0.103,0.092));
#23462=CARTESIAN_POINT('',(0.7155,0.103,1.));
#23463=CARTESIAN_POINT('',(0.7155,0.103,0.108));
#23464=CARTESIAN_POINT('',(0.7155,0.108,0.108));
#23465=CARTESIAN_POINT('',(0.7155,0.032,0.108));
#23466=CARTESIAN_POINT('',(0.7155,0.032,0.124));
#23467=CARTESIAN_POINT('',(-0.7205,0.108,-0.124));
#23468=CARTESIAN_POINT('',(-0.7205,0.103,-0.124));
#23469=CARTESIAN_POINT('',(-0.7205,0.103,-0.124));
#23470=CARTESIAN_POINT('',(-0.7205,0.103,0.124));
#23471=CARTESIAN_POINT('',(-0.7205,0.108,0.124));
#23472=CARTESIAN_POINT('',(-0.7205,0.108,0.124));
#23473=CARTESIAN_POINT('',(-0.7205,0.108,-0.124));
#23474=CARTESIAN_POINT('',(-0.7205,0.108,-0.124));
#23475=CARTESIAN_POINT('',(-0.7205,0.108,-0.124));
#23476=CARTESIAN_POINT('',(0.7205,0.108,0.124));
#23477=CARTESIAN_POINT('',(0.7205,0.103,0.124));
#23478=CARTESIAN_POINT('',(0.7205,0.103,0.124));
#23479=CARTESIAN_POINT('',(0.7205,0.103,-0.124));
#23480=CARTESIAN_POINT('',(0.7205,0.108,-0.124));
#23481=CARTESIAN_POINT('',(0.7205,0.108,-0.124));
#23482=CARTESIAN_POINT('',(0.7205,0.108,0.124));
#23483=CARTESIAN_POINT('',(0.7205,0.108,0.124));
#23484=CARTESIAN_POINT('',(0.7205,0.108,0.124));
#23485=CARTESIAN_POINT('',(0.7205,0.032,0.092));
#23486=CARTESIAN_POINT('',(0.7205,0.032,0.092));
#23487=CARTESIAN_POINT('',(0.,0.103,0.092));
#23488=CARTESIAN_POINT('',(0.7205,0.032,0.092));
#23489=CARTESIAN_POINT('',(0.7205,0.032,0.092));
#23490=CARTESIAN_POINT('',(0.,0.103,0.092));
#23491=CARTESIAN_POINT('',(0.7205,0.032,0.092));
#23492=CARTESIAN_POINT('',(0.7205,0.032,0.092));
#23493=CARTESIAN_POINT('',(0.,0.103,0.092));
#23494=CARTESIAN_POINT('',(0.7205,0.032,0.092));
#23495=CARTESIAN_POINT('',(0.7205,0.032,0.092));
#23496=CARTESIAN_POINT('',(0.,0.103,0.092));
#23497=CARTESIAN_POINT('',(0.7205,0.032,0.092));
#23498=CARTESIAN_POINT('',(0.7205,0.032,0.092));
#23499=CARTESIAN_POINT('',(0.,0.103,0.092));
#23500=CARTESIAN_POINT('',(0.7205,0.032,0.092));
#23501=CARTESIAN_POINT('',(0.7205,0.032,0.092));
#23502=CARTESIAN_POINT('',(0.,0.103,0.092));
#23503=CARTESIAN_POINT('',(0.7205,0.032,0.092));
#23504=CARTESIAN_POINT('',(0.7205,0.032,0.092));
#23505=CARTESIAN_POINT('',(0.,0.103,0.092));
#23506=CARTESIAN_POINT('',(0.7205,0.032,0.092));
#23507=CARTESIAN_POINT('',(0.7205,0.032,0.092));
#23508=CARTESIAN_POINT('',(0.,0.103,0.092));
#23509=CARTESIAN_POINT('',(0.7205,0.032,0.092));
#23510=CARTESIAN_POINT('',(0.7205,0.032,0.092));
#23511=CARTESIAN_POINT('',(0.,0.103,0.092));
#23512=CARTESIAN_POINT('',(0.7205,0.032,0.092));
#23513=CARTESIAN_POINT('',(0.7205,0.032,0.092));
#23514=CARTESIAN_POINT('',(0.,0.103,0.092));
#23515=CARTESIAN_POINT('',(0.7205,0.032,0.092));
#23516=CARTESIAN_POINT('',(0.7205,0.032,0.092));
#23517=CARTESIAN_POINT('',(0.,0.103,0.092));
#23518=CARTESIAN_POINT('',(0.7205,0.032,0.092));
#23519=CARTESIAN_POINT('',(0.7205,0.032,0.092));
#23520=CARTESIAN_POINT('',(0.,0.103,0.092));
#23521=CARTESIAN_POINT('',(0.7205,0.032,0.092));
#23522=CARTESIAN_POINT('',(0.7205,0.032,0.092));
#23523=CARTESIAN_POINT('',(0.,0.103,0.092));
#23524=CARTESIAN_POINT('',(0.7205,0.032,0.092));
#23525=CARTESIAN_POINT('',(0.7205,0.032,0.092));
#23526=CARTESIAN_POINT('',(0.,0.103,0.092));
#23527=CARTESIAN_POINT('',(0.7205,0.032,0.092));
#23528=CARTESIAN_POINT('',(0.7205,0.032,0.092));
#23529=CARTESIAN_POINT('',(0.,0.103,0.092));
#23530=CARTESIAN_POINT('',(0.7205,0.108,0.108));
#23531=CARTESIAN_POINT('',(0.,0.103,0.108));
#23532=CARTESIAN_POINT('',(0.7205,0.032,0.108));
#23533=CARTESIAN_POINT('',(0.7205,0.108,0.108));
#23534=CARTESIAN_POINT('',(0.,0.103,0.108));
#23535=CARTESIAN_POINT('',(0.7205,0.032,0.108));
#23536=CARTESIAN_POINT('',(0.7205,0.108,0.108));
#23537=CARTESIAN_POINT('',(0.,0.103,0.108));
#23538=CARTESIAN_POINT('',(0.7205,0.032,0.108));
#23539=CARTESIAN_POINT('',(0.7205,0.108,0.108));
#23540=CARTESIAN_POINT('',(0.,0.103,0.108));
#23541=CARTESIAN_POINT('',(0.7205,0.032,0.108));
#23542=CARTESIAN_POINT('',(0.7205,0.108,0.108));
#23543=CARTESIAN_POINT('',(0.,0.103,0.108));
#23544=CARTESIAN_POINT('',(0.7205,0.032,0.108));
#23545=CARTESIAN_POINT('',(0.7205,0.108,0.108));
#23546=CARTESIAN_POINT('',(0.,0.103,0.108));
#23547=CARTESIAN_POINT('',(0.7205,0.032,0.108));
#23548=CARTESIAN_POINT('',(0.7205,0.108,0.108));
#23549=CARTESIAN_POINT('',(0.,0.103,0.108));
#23550=CARTESIAN_POINT('',(0.7205,0.032,0.108));
#23551=CARTESIAN_POINT('',(0.7205,0.108,0.108));
#23552=CARTESIAN_POINT('',(0.,0.103,0.108));
#23553=CARTESIAN_POINT('',(0.7205,0.032,0.108));
#23554=CARTESIAN_POINT('',(0.7205,0.108,0.108));
#23555=CARTESIAN_POINT('',(0.,0.103,0.108));
#23556=CARTESIAN_POINT('',(0.7205,0.032,0.108));
#23557=CARTESIAN_POINT('',(0.7205,0.108,0.108));
#23558=CARTESIAN_POINT('',(0.,0.103,0.108));
#23559=CARTESIAN_POINT('',(0.7205,0.032,0.108));
#23560=CARTESIAN_POINT('',(0.7205,0.108,0.108));
#23561=CARTESIAN_POINT('',(0.,0.103,0.108));
#23562=CARTESIAN_POINT('',(0.7205,0.032,0.108));
#23563=CARTESIAN_POINT('',(0.7205,0.108,0.108));
#23564=CARTESIAN_POINT('',(0.,0.103,0.108));
#23565=CARTESIAN_POINT('',(0.7205,0.032,0.108));
#23566=CARTESIAN_POINT('',(0.7205,0.108,0.108));
#23567=CARTESIAN_POINT('',(0.,0.103,0.108));
#23568=CARTESIAN_POINT('',(0.7205,0.032,0.108));
#23569=CARTESIAN_POINT('',(0.7205,0.108,0.108));
#23570=CARTESIAN_POINT('',(0.,0.103,0.108));
#23571=CARTESIAN_POINT('',(0.7205,0.032,0.108));
#23572=CARTESIAN_POINT('',(0.7205,0.108,0.108));
#23573=CARTESIAN_POINT('',(0.,0.103,0.108));
#23574=CARTESIAN_POINT('',(0.7205,0.032,0.108));
#23575=CARTESIAN_POINT('',(0.7205,0.032,0.124));
#23576=CARTESIAN_POINT('',(0.7205,0.032,0.124));
#23577=CARTESIAN_POINT('',(0.7205,0.032,0.124));
#23578=CARTESIAN_POINT('',(0.7205,0.032,0.124));
#23579=CARTESIAN_POINT('',(0.7205,0.032,0.124));
#23580=CARTESIAN_POINT('',(0.7205,0.032,0.124));
#23581=CARTESIAN_POINT('',(0.7205,0.032,0.124));
#23582=CARTESIAN_POINT('',(0.7205,0.032,0.124));
#23583=CARTESIAN_POINT('',(0.7205,0.032,0.124));
#23584=CARTESIAN_POINT('',(0.7205,0.032,0.124));
#23585=CARTESIAN_POINT('',(0.7205,0.032,0.124));
#23586=CARTESIAN_POINT('',(0.7205,0.032,0.124));
#23587=CARTESIAN_POINT('',(0.7205,0.032,0.124));
#23588=CARTESIAN_POINT('',(0.7205,0.032,0.124));
#23589=CARTESIAN_POINT('',(0.7205,0.032,0.124));
#23590=CARTESIAN_POINT('',(0.7205,0.032,0.124));
#23591=CARTESIAN_POINT('',(0.7205,0.032,0.124));
#23592=CARTESIAN_POINT('',(0.7205,0.032,0.124));
#23593=CARTESIAN_POINT('',(0.7205,0.032,0.124));
#23594=CARTESIAN_POINT('',(0.7205,0.032,0.124));
#23595=CARTESIAN_POINT('',(0.7205,0.032,0.124));
#23596=CARTESIAN_POINT('',(0.7205,0.032,0.124));
#23597=CARTESIAN_POINT('',(0.7205,0.032,0.124));
#23598=CARTESIAN_POINT('',(0.7205,0.032,0.124));
#23599=CARTESIAN_POINT('',(0.7205,0.032,0.124));
#23600=CARTESIAN_POINT('',(0.7205,0.032,0.124));
#23601=CARTESIAN_POINT('',(0.7205,0.032,0.124));
#23602=CARTESIAN_POINT('',(0.7205,0.032,0.124));
#23603=CARTESIAN_POINT('',(0.7205,0.032,0.124));
#23604=CARTESIAN_POINT('',(0.7205,0.032,0.124));
#23605=CARTESIAN_POINT('',(0.7205,-0.068,-0.008));
#23606=CARTESIAN_POINT('',(0.7205,-0.068,-0.00799999999999999));
#23607=CARTESIAN_POINT('',(0.,0.103,-0.008));
#23608=CARTESIAN_POINT('',(0.7205,-0.068,-0.008));
#23609=CARTESIAN_POINT('',(0.7205,-0.068,-0.00799999999999999));
#23610=CARTESIAN_POINT('',(0.,0.103,-0.008));
#23611=CARTESIAN_POINT('',(0.7205,-0.068,-0.008));
#23612=CARTESIAN_POINT('',(0.7205,-0.068,-0.00799999999999999));
#23613=CARTESIAN_POINT('',(0.,0.103,-0.008));
#23614=CARTESIAN_POINT('',(0.7205,-0.068,-0.008));
#23615=CARTESIAN_POINT('',(0.7205,-0.068,-0.00799999999999999));
#23616=CARTESIAN_POINT('',(0.,0.103,-0.008));
#23617=CARTESIAN_POINT('',(0.7205,-0.068,-0.008));
#23618=CARTESIAN_POINT('',(0.7205,-0.068,-0.00799999999999999));
#23619=CARTESIAN_POINT('',(0.,0.103,-0.008));
#23620=CARTESIAN_POINT('',(0.7205,-0.068,-0.008));
#23621=CARTESIAN_POINT('',(0.7205,-0.068,-0.00799999999999999));
#23622=CARTESIAN_POINT('',(0.,0.103,-0.008));
#23623=CARTESIAN_POINT('',(0.7205,-0.068,-0.008));
#23624=CARTESIAN_POINT('',(0.7205,-0.068,-0.00799999999999999));
#23625=CARTESIAN_POINT('',(0.,0.103,-0.008));
#23626=CARTESIAN_POINT('',(0.7205,-0.068,-0.008));
#23627=CARTESIAN_POINT('',(0.7205,-0.068,-0.00799999999999999));
#23628=CARTESIAN_POINT('',(0.,0.103,-0.008));
#23629=CARTESIAN_POINT('',(0.7205,-0.068,-0.008));
#23630=CARTESIAN_POINT('',(0.7205,-0.068,-0.00799999999999999));
#23631=CARTESIAN_POINT('',(0.,0.103,-0.008));
#23632=CARTESIAN_POINT('',(0.7205,-0.068,-0.008));
#23633=CARTESIAN_POINT('',(0.7205,-0.068,-0.00799999999999999));
#23634=CARTESIAN_POINT('',(0.,0.103,-0.008));
#23635=CARTESIAN_POINT('',(0.7205,-0.068,-0.008));
#23636=CARTESIAN_POINT('',(0.7205,-0.068,-0.00799999999999999));
#23637=CARTESIAN_POINT('',(0.,0.103,-0.008));
#23638=CARTESIAN_POINT('',(0.7205,-0.068,-0.008));
#23639=CARTESIAN_POINT('',(0.7205,-0.068,-0.00799999999999999));
#23640=CARTESIAN_POINT('',(0.,0.103,-0.008));
#23641=CARTESIAN_POINT('',(0.7205,-0.068,-0.008));
#23642=CARTESIAN_POINT('',(0.7205,-0.068,-0.00799999999999999));
#23643=CARTESIAN_POINT('',(0.,0.103,-0.008));
#23644=CARTESIAN_POINT('',(0.7205,-0.068,-0.008));
#23645=CARTESIAN_POINT('',(0.7205,-0.068,-0.00799999999999999));
#23646=CARTESIAN_POINT('',(0.,0.103,-0.008));
#23647=CARTESIAN_POINT('',(0.7205,-0.068,-0.008));
#23648=CARTESIAN_POINT('',(0.7205,-0.068,-0.00799999999999999));
#23649=CARTESIAN_POINT('',(0.,0.103,-0.008));
#23650=CARTESIAN_POINT('',(0.7205,0.108,0.008));
#23651=CARTESIAN_POINT('',(0.,0.103,0.008));
#23652=CARTESIAN_POINT('',(0.7205,-0.068,0.008));
#23653=CARTESIAN_POINT('',(0.7205,0.108,0.008));
#23654=CARTESIAN_POINT('',(0.,0.103,0.008));
#23655=CARTESIAN_POINT('',(0.7205,-0.068,0.008));
#23656=CARTESIAN_POINT('',(0.7205,0.108,0.008));
#23657=CARTESIAN_POINT('',(0.,0.103,0.008));
#23658=CARTESIAN_POINT('',(0.7205,-0.068,0.008));
#23659=CARTESIAN_POINT('',(0.7205,0.108,0.008));
#23660=CARTESIAN_POINT('',(0.,0.103,0.008));
#23661=CARTESIAN_POINT('',(0.7205,-0.068,0.008));
#23662=CARTESIAN_POINT('',(0.7205,0.108,0.008));
#23663=CARTESIAN_POINT('',(0.,0.103,0.008));
#23664=CARTESIAN_POINT('',(0.7205,-0.068,0.008));
#23665=CARTESIAN_POINT('',(0.7205,0.108,0.008));
#23666=CARTESIAN_POINT('',(0.,0.103,0.008));
#23667=CARTESIAN_POINT('',(0.7205,-0.068,0.008));
#23668=CARTESIAN_POINT('',(0.7205,0.108,0.008));
#23669=CARTESIAN_POINT('',(0.,0.103,0.008));
#23670=CARTESIAN_POINT('',(0.7205,-0.068,0.008));
#23671=CARTESIAN_POINT('',(0.7205,0.108,0.008));
#23672=CARTESIAN_POINT('',(0.,0.103,0.008));
#23673=CARTESIAN_POINT('',(0.7205,-0.068,0.008));
#23674=CARTESIAN_POINT('',(0.7205,0.108,0.008));
#23675=CARTESIAN_POINT('',(0.,0.103,0.008));
#23676=CARTESIAN_POINT('',(0.7205,-0.068,0.008));
#23677=CARTESIAN_POINT('',(0.7205,0.108,0.008));
#23678=CARTESIAN_POINT('',(0.,0.103,0.008));
#23679=CARTESIAN_POINT('',(0.7205,-0.068,0.008));
#23680=CARTESIAN_POINT('',(0.7205,0.108,0.008));
#23681=CARTESIAN_POINT('',(0.,0.103,0.008));
#23682=CARTESIAN_POINT('',(0.7205,-0.068,0.008));
#23683=CARTESIAN_POINT('',(0.7205,0.108,0.008));
#23684=CARTESIAN_POINT('',(0.,0.103,0.008));
#23685=CARTESIAN_POINT('',(0.7205,-0.068,0.008));
#23686=CARTESIAN_POINT('',(0.7205,0.108,0.008));
#23687=CARTESIAN_POINT('',(0.,0.103,0.008));
#23688=CARTESIAN_POINT('',(0.7205,-0.068,0.008));
#23689=CARTESIAN_POINT('',(0.7205,0.108,0.008));
#23690=CARTESIAN_POINT('',(0.,0.103,0.008));
#23691=CARTESIAN_POINT('',(0.7205,-0.068,0.008));
#23692=CARTESIAN_POINT('',(0.7205,0.108,0.008));
#23693=CARTESIAN_POINT('',(0.,0.103,0.008));
#23694=CARTESIAN_POINT('',(0.7205,-0.068,0.008));
#23695=CARTESIAN_POINT('',(0.7205,-0.068,0.024));
#23696=CARTESIAN_POINT('',(0.7205,-0.068,0.024));
#23697=CARTESIAN_POINT('',(0.7205,-0.068,0.024));
#23698=CARTESIAN_POINT('',(0.7205,-0.068,0.024));
#23699=CARTESIAN_POINT('',(0.7205,-0.068,0.024));
#23700=CARTESIAN_POINT('',(0.7205,-0.068,0.024));
#23701=CARTESIAN_POINT('',(0.7205,-0.068,0.024));
#23702=CARTESIAN_POINT('',(0.7205,-0.068,0.024));
#23703=CARTESIAN_POINT('',(0.7205,-0.068,0.024));
#23704=CARTESIAN_POINT('',(0.7205,-0.068,0.024));
#23705=CARTESIAN_POINT('',(0.7205,-0.068,0.024));
#23706=CARTESIAN_POINT('',(0.7205,-0.068,0.024));
#23707=CARTESIAN_POINT('',(0.7205,-0.068,0.024));
#23708=CARTESIAN_POINT('',(0.7205,-0.068,0.024));
#23709=CARTESIAN_POINT('',(0.7205,-0.068,0.024));
#23710=CARTESIAN_POINT('',(0.7205,-0.068,0.024));
#23711=CARTESIAN_POINT('',(0.7205,-0.068,0.024));
#23712=CARTESIAN_POINT('',(0.7205,-0.068,0.024));
#23713=CARTESIAN_POINT('',(0.7205,-0.068,0.024));
#23714=CARTESIAN_POINT('',(0.7205,-0.068,0.024));
#23715=CARTESIAN_POINT('',(0.7205,-0.068,0.024));
#23716=CARTESIAN_POINT('',(0.7205,-0.068,0.024));
#23717=CARTESIAN_POINT('',(0.7205,-0.068,0.024));
#23718=CARTESIAN_POINT('',(0.7205,-0.068,0.024));
#23719=CARTESIAN_POINT('',(0.7205,-0.068,0.024));
#23720=CARTESIAN_POINT('',(0.7205,-0.068,0.024));
#23721=CARTESIAN_POINT('',(0.7205,-0.068,0.024));
#23722=CARTESIAN_POINT('',(0.7205,-0.068,0.024));
#23723=CARTESIAN_POINT('',(0.7205,-0.068,0.024));
#23724=CARTESIAN_POINT('',(0.7205,-0.068,0.024));
#23725=CARTESIAN_POINT('',(0.7205,-0.168,-0.108));
#23726=CARTESIAN_POINT('',(0.7205,-0.168,-0.108));
#23727=CARTESIAN_POINT('',(0.,0.103,-0.108));
#23728=CARTESIAN_POINT('',(0.7205,-0.168,-0.108));
#23729=CARTESIAN_POINT('',(0.7205,-0.168,-0.108));
#23730=CARTESIAN_POINT('',(0.,0.103,-0.108));
#23731=CARTESIAN_POINT('',(0.7205,-0.168,-0.108));
#23732=CARTESIAN_POINT('',(0.7205,-0.168,-0.108));
#23733=CARTESIAN_POINT('',(0.,0.103,-0.108));
#23734=CARTESIAN_POINT('',(0.7205,-0.168,-0.108));
#23735=CARTESIAN_POINT('',(0.7205,-0.168,-0.108));
#23736=CARTESIAN_POINT('',(0.,0.103,-0.108));
#23737=CARTESIAN_POINT('',(0.7205,-0.168,-0.108));
#23738=CARTESIAN_POINT('',(0.7205,-0.168,-0.108));
#23739=CARTESIAN_POINT('',(0.,0.103,-0.108));
#23740=CARTESIAN_POINT('',(0.7205,-0.168,-0.108));
#23741=CARTESIAN_POINT('',(0.7205,-0.168,-0.108));
#23742=CARTESIAN_POINT('',(0.,0.103,-0.108));
#23743=CARTESIAN_POINT('',(0.7205,-0.168,-0.108));
#23744=CARTESIAN_POINT('',(0.7205,-0.168,-0.108));
#23745=CARTESIAN_POINT('',(0.,0.103,-0.108));
#23746=CARTESIAN_POINT('',(0.7205,-0.168,-0.108));
#23747=CARTESIAN_POINT('',(0.7205,-0.168,-0.108));
#23748=CARTESIAN_POINT('',(0.,0.103,-0.108));
#23749=CARTESIAN_POINT('',(0.7205,-0.168,-0.108));
#23750=CARTESIAN_POINT('',(0.7205,-0.168,-0.108));
#23751=CARTESIAN_POINT('',(0.,0.103,-0.108));
#23752=CARTESIAN_POINT('',(0.7205,-0.168,-0.108));
#23753=CARTESIAN_POINT('',(0.7205,-0.168,-0.108));
#23754=CARTESIAN_POINT('',(0.,0.103,-0.108));
#23755=CARTESIAN_POINT('',(0.7205,-0.168,-0.108));
#23756=CARTESIAN_POINT('',(0.7205,-0.168,-0.108));
#23757=CARTESIAN_POINT('',(0.,0.103,-0.108));
#23758=CARTESIAN_POINT('',(0.7205,-0.168,-0.108));
#23759=CARTESIAN_POINT('',(0.7205,-0.168,-0.108));
#23760=CARTESIAN_POINT('',(0.,0.103,-0.108));
#23761=CARTESIAN_POINT('',(0.7205,-0.168,-0.108));
#23762=CARTESIAN_POINT('',(0.7205,-0.168,-0.108));
#23763=CARTESIAN_POINT('',(0.,0.103,-0.108));
#23764=CARTESIAN_POINT('',(0.7205,-0.168,-0.108));
#23765=CARTESIAN_POINT('',(0.7205,-0.168,-0.108));
#23766=CARTESIAN_POINT('',(0.,0.103,-0.108));
#23767=CARTESIAN_POINT('',(0.7205,-0.168,-0.108));
#23768=CARTESIAN_POINT('',(0.7205,-0.168,-0.108));
#23769=CARTESIAN_POINT('',(0.,0.103,-0.108));
#23770=CARTESIAN_POINT('',(0.7205,0.108,-0.092));
#23771=CARTESIAN_POINT('',(0.,0.103,-0.092));
#23772=CARTESIAN_POINT('',(0.7205,-0.168,-0.092));
#23773=CARTESIAN_POINT('',(0.7205,0.108,-0.092));
#23774=CARTESIAN_POINT('',(0.,0.103,-0.092));
#23775=CARTESIAN_POINT('',(0.7205,-0.168,-0.092));
#23776=CARTESIAN_POINT('',(0.7205,0.108,-0.092));
#23777=CARTESIAN_POINT('',(0.,0.103,-0.092));
#23778=CARTESIAN_POINT('',(0.7205,-0.168,-0.092));
#23779=CARTESIAN_POINT('',(0.7205,0.108,-0.092));
#23780=CARTESIAN_POINT('',(0.,0.103,-0.092));
#23781=CARTESIAN_POINT('',(0.7205,-0.168,-0.092));
#23782=CARTESIAN_POINT('',(0.7205,0.108,-0.092));
#23783=CARTESIAN_POINT('',(0.,0.103,-0.092));
#23784=CARTESIAN_POINT('',(0.7205,-0.168,-0.092));
#23785=CARTESIAN_POINT('',(0.7205,0.108,-0.092));
#23786=CARTESIAN_POINT('',(0.,0.103,-0.092));
#23787=CARTESIAN_POINT('',(0.7205,-0.168,-0.092));
#23788=CARTESIAN_POINT('',(0.7205,0.108,-0.092));
#23789=CARTESIAN_POINT('',(0.,0.103,-0.092));
#23790=CARTESIAN_POINT('',(0.7205,-0.168,-0.092));
#23791=CARTESIAN_POINT('',(0.7205,0.108,-0.092));
#23792=CARTESIAN_POINT('',(0.,0.103,-0.092));
#23793=CARTESIAN_POINT('',(0.7205,-0.168,-0.092));
#23794=CARTESIAN_POINT('',(0.7205,0.108,-0.092));
#23795=CARTESIAN_POINT('',(0.,0.103,-0.092));
#23796=CARTESIAN_POINT('',(0.7205,-0.168,-0.092));
#23797=CARTESIAN_POINT('',(0.7205,0.108,-0.092));
#23798=CARTESIAN_POINT('',(0.,0.103,-0.092));
#23799=CARTESIAN_POINT('',(0.7205,-0.168,-0.092));
#23800=CARTESIAN_POINT('',(0.7205,0.108,-0.092));
#23801=CARTESIAN_POINT('',(0.,0.103,-0.092));
#23802=CARTESIAN_POINT('',(0.7205,-0.168,-0.092));
#23803=CARTESIAN_POINT('',(0.7205,0.108,-0.092));
#23804=CARTESIAN_POINT('',(0.,0.103,-0.092));
#23805=CARTESIAN_POINT('',(0.7205,-0.168,-0.092));
#23806=CARTESIAN_POINT('',(0.7205,0.108,-0.092));
#23807=CARTESIAN_POINT('',(0.,0.103,-0.092));
#23808=CARTESIAN_POINT('',(0.7205,-0.168,-0.092));
#23809=CARTESIAN_POINT('',(0.7205,0.108,-0.092));
#23810=CARTESIAN_POINT('',(0.,0.103,-0.092));
#23811=CARTESIAN_POINT('',(0.7205,-0.168,-0.092));
#23812=CARTESIAN_POINT('',(0.7205,0.108,-0.092));
#23813=CARTESIAN_POINT('',(0.,0.103,-0.092));
#23814=CARTESIAN_POINT('',(0.7205,-0.168,-0.092));
#23815=CARTESIAN_POINT('',(0.7205,-0.168,-0.076));
#23816=CARTESIAN_POINT('',(0.7205,-0.168,-0.076));
#23817=CARTESIAN_POINT('',(0.7205,-0.168,-0.076));
#23818=CARTESIAN_POINT('',(0.7205,-0.168,-0.076));
#23819=CARTESIAN_POINT('',(0.7205,-0.168,-0.076));
#23820=CARTESIAN_POINT('',(0.7205,-0.168,-0.076));
#23821=CARTESIAN_POINT('',(0.7205,-0.168,-0.076));
#23822=CARTESIAN_POINT('',(0.7205,-0.168,-0.076));
#23823=CARTESIAN_POINT('',(0.7205,-0.168,-0.076));
#23824=CARTESIAN_POINT('',(0.7205,-0.168,-0.076));
#23825=CARTESIAN_POINT('',(0.7205,-0.168,-0.076));
#23826=CARTESIAN_POINT('',(0.7205,-0.168,-0.076));
#23827=CARTESIAN_POINT('',(0.7205,-0.168,-0.076));
#23828=CARTESIAN_POINT('',(0.7205,-0.168,-0.076));
#23829=CARTESIAN_POINT('',(0.7205,-0.168,-0.076));
#23830=CARTESIAN_POINT('',(0.7205,-0.168,-0.076));
#23831=CARTESIAN_POINT('',(0.7205,-0.168,-0.076));
#23832=CARTESIAN_POINT('',(0.7205,-0.168,-0.076));
#23833=CARTESIAN_POINT('',(0.7205,-0.168,-0.076));
#23834=CARTESIAN_POINT('',(0.7205,-0.168,-0.076));
#23835=CARTESIAN_POINT('',(0.7205,-0.168,-0.076));
#23836=CARTESIAN_POINT('',(0.7205,-0.168,-0.076));
#23837=CARTESIAN_POINT('',(0.7205,-0.168,-0.076));
#23838=CARTESIAN_POINT('',(0.7205,-0.168,-0.076));
#23839=CARTESIAN_POINT('',(0.7205,-0.168,-0.076));
#23840=CARTESIAN_POINT('',(0.7205,-0.168,-0.076));
#23841=CARTESIAN_POINT('',(0.7205,-0.168,-0.076));
#23842=CARTESIAN_POINT('',(0.7205,-0.168,-0.076));
#23843=CARTESIAN_POINT('',(0.7205,-0.168,-0.076));
#23844=CARTESIAN_POINT('',(0.7205,-0.168,-0.076));
#23845=CARTESIAN_POINT('',(0.,0.103,0.));
#23846=CARTESIAN_POINT('',(0.7205,0.103,-0.124));
#23847=CARTESIAN_POINT('',(-0.7205,0.103,0.124));
#23848=CARTESIAN_POINT('',(0.7205,0.108,-0.124));
#23849=CARTESIAN_POINT('',(0.7205,0.108,-0.124));
#23850=CARTESIAN_POINT('',(-0.7205,0.108,0.124));
#23851=CARTESIAN_POINT('',(-0.7205,0.108,0.124));
#23852=CARTESIAN_POINT('',(0.,0.108,0.));
#23853=CARTESIAN_POINT('',(0.7155,1.,0.230179491924311));
#23854=CARTESIAN_POINT('',(0.6155,1.,0.230179491924311));
#23855=CARTESIAN_POINT('',(0.6945,1.,0.2475));
#23856=CARTESIAN_POINT('',(0.5155,1.,0.230179491924311));
#23857=CARTESIAN_POINT('',(0.5945,1.,0.2475));
#23858=CARTESIAN_POINT('',(0.4155,1.,0.230179491924311));
#23859=CARTESIAN_POINT('',(0.4945,1.,0.2475));
#23860=CARTESIAN_POINT('',(0.3155,1.,0.230179491924311));
#23861=CARTESIAN_POINT('',(0.3945,1.,0.2475));
#23862=CARTESIAN_POINT('',(0.2155,1.,0.230179491924311));
#23863=CARTESIAN_POINT('',(0.2945,1.,0.2475));
#23864=CARTESIAN_POINT('',(0.1155,1.,0.230179491924311));
#23865=CARTESIAN_POINT('',(0.1945,1.,0.2475));
#23866=CARTESIAN_POINT('',(0.0154999999999999,1.,0.230179491924311));
#23867=CARTESIAN_POINT('',(0.0944999999999999,1.,0.2475));
#23868=CARTESIAN_POINT('',(-0.0845000000000001,1.,0.230179491924311));
#23869=CARTESIAN_POINT('',(-0.00550000000000009,1.,0.2475));
#23870=CARTESIAN_POINT('',(-0.1845,1.,0.230179491924311));
#23871=CARTESIAN_POINT('',(-0.1055,1.,0.2475));
#23872=CARTESIAN_POINT('',(-0.2845,1.,0.230179491924311));
#23873=CARTESIAN_POINT('',(-0.2055,1.,0.2475));
#23874=CARTESIAN_POINT('',(-0.3845,1.,0.230179491924311));
#23875=CARTESIAN_POINT('',(-0.3055,1.,0.2475));
#23876=CARTESIAN_POINT('',(-0.4845,1.,0.230179491924311));
#23877=CARTESIAN_POINT('',(-0.4055,1.,0.2475));
#23878=CARTESIAN_POINT('',(-0.5845,1.,0.230179491924311));
#23879=CARTESIAN_POINT('',(-0.5055,1.,0.2475));
#23880=CARTESIAN_POINT('',(-0.6845,1.,0.230179491924311));
#23881=CARTESIAN_POINT('',(-0.6055,1.,0.2475));
#23882=CARTESIAN_POINT('',(-0.7055,1.,0.2475));
#23883=CARTESIAN_POINT('',(0.7155,1.,0.230179491924311));
#23884=CARTESIAN_POINT('',(0.6155,1.,0.230179491924311));
#23885=CARTESIAN_POINT('',(0.6945,1.,0.2475));
#23886=CARTESIAN_POINT('',(0.5155,1.,0.230179491924311));
#23887=CARTESIAN_POINT('',(0.5945,1.,0.2475));
#23888=CARTESIAN_POINT('',(0.4155,1.,0.230179491924311));
#23889=CARTESIAN_POINT('',(0.4945,1.,0.2475));
#23890=CARTESIAN_POINT('',(0.3155,1.,0.230179491924311));
#23891=CARTESIAN_POINT('',(0.3945,1.,0.2475));
#23892=CARTESIAN_POINT('',(0.2155,1.,0.230179491924311));
#23893=CARTESIAN_POINT('',(0.2945,1.,0.2475));
#23894=CARTESIAN_POINT('',(0.1155,1.,0.230179491924311));
#23895=CARTESIAN_POINT('',(0.1945,1.,0.2475));
#23896=CARTESIAN_POINT('',(0.0154999999999999,1.,0.230179491924311));
#23897=CARTESIAN_POINT('',(0.0944999999999999,1.,0.2475));
#23898=CARTESIAN_POINT('',(-0.0845000000000001,1.,0.230179491924311));
#23899=CARTESIAN_POINT('',(-0.00550000000000009,1.,0.2475));
#23900=CARTESIAN_POINT('',(-0.1845,1.,0.230179491924311));
#23901=CARTESIAN_POINT('',(-0.1055,1.,0.2475));
#23902=CARTESIAN_POINT('',(-0.2845,1.,0.230179491924311));
#23903=CARTESIAN_POINT('',(-0.2055,1.,0.2475));
#23904=CARTESIAN_POINT('',(-0.3845,1.,0.230179491924311));
#23905=CARTESIAN_POINT('',(-0.3055,1.,0.2475));
#23906=CARTESIAN_POINT('',(-0.4845,1.,0.230179491924311));
#23907=CARTESIAN_POINT('',(-0.4055,1.,0.2475));
#23908=CARTESIAN_POINT('',(-0.5845,1.,0.230179491924311));
#23909=CARTESIAN_POINT('',(-0.5055,1.,0.2475));
#23910=CARTESIAN_POINT('',(-0.6845,1.,0.230179491924311));
#23911=CARTESIAN_POINT('',(-0.6055,1.,0.2475));
#23912=CARTESIAN_POINT('',(-0.7055,1.,0.2475));
#23913=CARTESIAN_POINT('',(0.7155,1.,0.230179491924311));
#23914=CARTESIAN_POINT('',(0.6155,1.,0.230179491924311));
#23915=CARTESIAN_POINT('',(0.6945,1.,0.2475));
#23916=CARTESIAN_POINT('',(0.5155,1.,0.230179491924311));
#23917=CARTESIAN_POINT('',(0.5945,1.,0.2475));
#23918=CARTESIAN_POINT('',(0.4155,1.,0.230179491924311));
#23919=CARTESIAN_POINT('',(0.4945,1.,0.2475));
#23920=CARTESIAN_POINT('',(0.3155,1.,0.230179491924311));
#23921=CARTESIAN_POINT('',(0.3945,1.,0.2475));
#23922=CARTESIAN_POINT('',(0.2155,1.,0.230179491924311));
#23923=CARTESIAN_POINT('',(0.2945,1.,0.2475));
#23924=CARTESIAN_POINT('',(0.1155,1.,0.230179491924311));
#23925=CARTESIAN_POINT('',(0.1945,1.,0.2475));
#23926=CARTESIAN_POINT('',(0.0154999999999999,1.,0.230179491924311));
#23927=CARTESIAN_POINT('',(0.0944999999999999,1.,0.2475));
#23928=CARTESIAN_POINT('',(-0.0845000000000001,1.,0.230179491924311));
#23929=CARTESIAN_POINT('',(-0.00550000000000009,1.,0.2475));
#23930=CARTESIAN_POINT('',(-0.1845,1.,0.230179491924311));
#23931=CARTESIAN_POINT('',(-0.1055,1.,0.2475));
#23932=CARTESIAN_POINT('',(-0.2845,1.,0.230179491924311));
#23933=CARTESIAN_POINT('',(-0.2055,1.,0.2475));
#23934=CARTESIAN_POINT('',(-0.3845,1.,0.230179491924311));
#23935=CARTESIAN_POINT('',(-0.3055,1.,0.2475));
#23936=CARTESIAN_POINT('',(-0.4845,1.,0.230179491924311));
#23937=CARTESIAN_POINT('',(-0.4055,1.,0.2475));
#23938=CARTESIAN_POINT('',(-0.5845,1.,0.230179491924311));
#23939=CARTESIAN_POINT('',(-0.5055,1.,0.2475));
#23940=CARTESIAN_POINT('',(-0.6845,1.,0.230179491924311));
#23941=CARTESIAN_POINT('',(-0.6055,1.,0.2475));
#23942=CARTESIAN_POINT('',(-0.7055,1.,0.2475));
#23943=CARTESIAN_POINT('',(0.,-0.068,-8.327598234202E-18));
#23944=MECHANICAL_DESIGN_GEOMETRIC_PRESENTATION_REPRESENTATION('',(#14977,
#14978),#23945);
#23945=(
GEOMETRIC_REPRESENTATION_CONTEXT(3)
GLOBAL_UNCERTAINTY_ASSIGNED_CONTEXT((#23948))
GLOBAL_UNIT_ASSIGNED_CONTEXT((#23953,#23952,#23951))
REPRESENTATION_CONTEXT('SSW-115-22-S-T-RA','TOP_LEVEL_ASSEMBLY_PART')
);
#23946=(
GEOMETRIC_REPRESENTATION_CONTEXT(3)
GLOBAL_UNCERTAINTY_ASSIGNED_CONTEXT((#23949))
GLOBAL_UNIT_ASSIGNED_CONTEXT((#23953,#23952,#23951))
REPRESENTATION_CONTEXT('T1SSW-115-22-S-T-RA','COMPONENT_PART')
);
#23947=(
GEOMETRIC_REPRESENTATION_CONTEXT(3)
GLOBAL_UNCERTAINTY_ASSIGNED_CONTEXT((#23950))
GLOBAL_UNIT_ASSIGNED_CONTEXT((#23953,#23952,#23951))
REPRESENTATION_CONTEXT('P2SSW-115-22-S-T-RA','COMPONENT_PART')
);
#23948=UNCERTAINTY_MEASURE_WITH_UNIT(LENGTH_MEASURE(0.000196850393700787),
#23953,'DISTANCE_ACCURACY_VALUE','Maximum Tolerance applied to model');
#23949=UNCERTAINTY_MEASURE_WITH_UNIT(LENGTH_MEASURE(0.000196850393700787),
#23953,'DISTANCE_ACCURACY_VALUE','Maximum Tolerance applied to model');
#23950=UNCERTAINTY_MEASURE_WITH_UNIT(LENGTH_MEASURE(0.000196850393700787),
#23953,'DISTANCE_ACCURACY_VALUE','Maximum Tolerance applied to model');
#23951=(
NAMED_UNIT(*)
SI_UNIT($,.STERADIAN.)
SOLID_ANGLE_UNIT()
);
#23952=(
NAMED_UNIT(*)
PLANE_ANGLE_UNIT()
SI_UNIT($,.RADIAN.)
);
#23953=(
CONVERSION_BASED_UNIT('INCH',#23955)
LENGTH_UNIT()
NAMED_UNIT(#23954)
);
#23954=DIMENSIONAL_EXPONENTS(1.,0.,0.,0.,0.,0.,0.);
#23955=LENGTH_MEASURE_WITH_UNIT(LENGTH_MEASURE(25.4),#23956);
#23956=(
LENGTH_UNIT()
NAMED_UNIT(*)
SI_UNIT(.MILLI.,.METRE.)
);
#23957=PRODUCT_DEFINITION_SHAPE('','',#23962);
#23958=PRODUCT_DEFINITION_SHAPE('','',#23963);
#23959=PRODUCT_DEFINITION_SHAPE(' ','NAUO PRDDFN',#291);
#23960=PRODUCT_DEFINITION_SHAPE('','',#23964);
#23961=PRODUCT_DEFINITION_SHAPE(' ','NAUO PRDDFN',#292);
#23962=PRODUCT_DEFINITION('','',#23968,#23965);
#23963=PRODUCT_DEFINITION('','',#23969,#23966);
#23964=PRODUCT_DEFINITION('','',#23970,#23967);
#23965=PRODUCT_DEFINITION_CONTEXT('',#23984,'design');
#23966=PRODUCT_DEFINITION_CONTEXT('',#23984,'design');
#23967=PRODUCT_DEFINITION_CONTEXT('',#23984,'design');
#23968=PRODUCT_DEFINITION_FORMATION_WITH_SPECIFIED_SOURCE('','',#23974,
 .NOT_KNOWN.);
#23969=PRODUCT_DEFINITION_FORMATION_WITH_SPECIFIED_SOURCE('','',#23975,
 .NOT_KNOWN.);
#23970=PRODUCT_DEFINITION_FORMATION_WITH_SPECIFIED_SOURCE('','',#23976,
 .NOT_KNOWN.);
#23971=PRODUCT_RELATED_PRODUCT_CATEGORY('','',(#23974));
#23972=PRODUCT_RELATED_PRODUCT_CATEGORY('','',(#23975));
#23973=PRODUCT_RELATED_PRODUCT_CATEGORY('','',(#23976));
#23974=PRODUCT('SSW-115-22-S-T-RA','SSW-115-22-S-T-RA',
'SSW-115-22-S-T-RA',(#23980));
#23975=PRODUCT('T1SSW-115-22-S-T-RA','T1SSW-115-22-S-T-RA',
'T1SSW-115-22-S-T-RA',(#23981));
#23976=PRODUCT('P2SSW-115-22-S-T-RA','P2SSW-115-22-S-T-RA',
'P2SSW-115-22-S-T-RA',(#23982));
#23977=PRODUCT_CATEGORY('','');
#23978=PRODUCT_CATEGORY('','');
#23979=PRODUCT_CATEGORY('','');
#23980=PRODUCT_CONTEXT('',#23984,'mechanical');
#23981=PRODUCT_CONTEXT('',#23984,'mechanical');
#23982=PRODUCT_CONTEXT('',#23984,'mechanical');
#23983=APPLICATION_PROTOCOL_DEFINITION('international standard',
'automotive_design',2010,#23984);
#23984=APPLICATION_CONTEXT(
'core data for automotive mechanical design processes');
ENDSEC;
END-ISO-10303-21;
