ISO-10303-21;
HEADER;
FILE_DESCRIPTION (( 'STEP AP214' ),
    '1' );
FILE_NAME ('WP934SA_3GD.STEP',
    '2024-09-19T08:11:23',
    ( '' ),
    ( '' ),
    'SwSTEP 2.0',
    'SolidWorks 2023',
    '' );
FILE_SCHEMA (( 'AUTOMOTIVE_DESIGN' ));
ENDSEC;

DATA;
#1 = EDGE_LOOP ( 'NONE', ( #4626, #962, #2521, #2427 ) ) ;
#2 = CARTESIAN_POINT ( 'NONE',  ( 1.020000000000000018, -7.620000000000000107, -10.11746870376959961 ) ) ;
#3 = DIRECTION ( 'NONE',  ( 0.000000000000000000, -1.000000000000000000, 0.000000000000000000 ) ) ;
#4 = MECHANICAL_DESIGN_GEOMETRIC_PRESENTATION_REPRESENTATION (  '', ( #4559 ), #5168 ) ;
#5 = SURFACE_SIDE_STYLE ('',( #3417 ) ) ;
#6 = CARTESIAN_POINT ( 'NONE',  ( -1.538461538461525002, -2.158003108003060166, 5.814999999999999503 ) ) ;
#7 = VERTEX_POINT ( 'NONE', #5351 ) ;
#8 = VERTEX_POINT ( 'NONE', #4183 ) ;
#9 = SPHERICAL_SURFACE ( 'NONE', #5119, 1.449999999999999956 ) ;
#10 = FACE_BOUND ( 'NONE', #2578, .T. ) ;
#11 = CARTESIAN_POINT ( 'NONE',  ( -1.520000000000000018, -11.11999999999999922, -3.564999999999999947 ) ) ;
#12 = CARTESIAN_POINT ( 'NONE',  ( 1.020000000000000018, -7.119999999999999218, -10.11746870376959961 ) ) ;
#13 = DIRECTION ( 'NONE',  ( 0.000000000000000000, 1.138269997360109921E-16, -1.000000000000000000 ) ) ;
#14 = ADVANCED_FACE ( 'NONE', ( #1973 ), #4098, .T. ) ;
#15 = ADVANCED_FACE ( 'NONE', ( #1594 ), #5432, .F. ) ;
#16 = CARTESIAN_POINT ( 'NONE',  ( 0.000000000000000000, -5.076999999999999957, 6.884999999999999787 ) ) ;
#17 = FACE_OUTER_BOUND ( 'NONE', #935, .T. ) ;
#18 = PLANE ( 'NONE',  #3262 ) ;
#19 = FILL_AREA_STYLE ('',( #3461 ) ) ;
#20 = SURFACE_SIDE_STYLE ('',( #1771 ) ) ;
#21 = DIRECTION ( 'NONE',  ( 0.000000000000000000, -5.072290865429260706E-16, -1.000000000000000000 ) ) ;
#22 = EDGE_LOOP ( 'NONE', ( #2828, #1067, #1974, #5213 ) ) ;
#23 = ORIENTED_EDGE ( 'NONE', *, *, #2402, .F. ) ;
#24 =( NAMED_UNIT ( * ) PLANE_ANGLE_UNIT ( ) SI_UNIT ( $, .RADIAN. ) );
#25 =( NAMED_UNIT ( * ) SI_UNIT ( $, .STERADIAN. ) SOLID_ANGLE_UNIT ( ) );
#26 = DIRECTION ( 'NONE',  ( 1.000000000000000000, 0.000000000000000000, 0.000000000000000000 ) ) ;
#27 = EDGE_LOOP ( 'NONE', ( #4281, #204, #3526, #564 ) ) ;
#28 = COLOUR_RGB ( '',0.7529411764705882248, 0.7529411764705882248, 0.7529411764705882248 ) ;
#29 = SURFACE_STYLE_FILL_AREA ( #3853 ) ;
#30 = ORIENTED_EDGE ( 'NONE', *, *, #3026, .T. ) ;
#31 = CARTESIAN_POINT ( 'NONE',  ( -1.020000000000000018, -11.11999999999999922, -10.11746870376959961 ) ) ;
#32 = VERTEX_POINT ( 'NONE', #2410 ) ;
#33 = VECTOR ( 'NONE', #5317, 1000.000000000000000 ) ;
#34 = SURFACE_STYLE_USAGE ( .BOTH. , #2532 ) ;
#35 = VECTOR ( 'NONE', #1758, 1000.000000000000000 ) ;
#36 = VERTEX_POINT ( 'NONE', #4165 ) ;
#37 = FACE_OUTER_BOUND ( 'NONE', #4430, .T. ) ;
#38 =( NAMED_UNIT ( * ) SI_UNIT ( $, .STERADIAN. ) SOLID_ANGLE_UNIT ( ) );
#39 = FILL_AREA_STYLE ('',( #976 ) ) ;
#40 = DIRECTION ( 'NONE',  ( 0.000000000000000000, -1.000000000000000000, 0.000000000000000000 ) ) ;
#41 = COLOUR_RGB ( '',0.2509803921568627416, 0.2509803921568627416, 0.2509803921568627416 ) ;
#42 = COLOUR_RGB ( '',0.000000000000000000, 1.000000000000000000, 0.000000000000000000 ) ;
#43 =( GEOMETRIC_REPRESENTATION_CONTEXT ( 3 ) GLOBAL_UNCERTAINTY_ASSIGNED_CONTEXT ( ( #263 ) ) GLOBAL_UNIT_ASSIGNED_CONTEXT ( ( #2307, #2785, #1512 ) ) REPRESENTATION_CONTEXT ( 'NONE', 'WORKASPACE' ) );
#44 = EDGE_CURVE ( 'NONE', #4213, #4363, #5410, .T. ) ;
#45 = FACE_OUTER_BOUND ( 'NONE', #2241, .T. ) ;
#46 = EDGE_CURVE ( 'NONE', #3249, #3998, #290, .T. ) ;
#47 = PLANE ( 'NONE',  #3351 ) ;
#48 = VECTOR ( 'NONE', #2673, 1000.000000000000000 ) ;
#49 = VECTOR ( 'NONE', #575, 1000.000000000000000 ) ;
#50 = MECHANICAL_DESIGN_GEOMETRIC_PRESENTATION_REPRESENTATION (  '', ( #4240 ), #1649 ) ;
#51 = CARTESIAN_POINT ( 'NONE',  ( -1.020000000000000018, -7.119999999999999218, -1.025000000000000133 ) ) ;
#52 = FACE_OUTER_BOUND ( 'NONE', #2547, .T. ) ;
#53 = PRESENTATION_LAYER_ASSIGNMENT (  '', '', ( #4773 ) ) ;
#54 = MECHANICAL_DESIGN_GEOMETRIC_PRESENTATION_REPRESENTATION (  '', ( #232 ), #1657 ) ;
#55 = EDGE_LOOP ( 'NONE', ( #5089, #783, #992, #2466 ) ) ;
#56 = VERTEX_POINT ( 'NONE', #5438 ) ;
#57 = FILL_AREA_STYLE ('',( #3874 ) ) ;
#58 = FILL_AREA_STYLE_COLOUR ( '', #321 ) ;
#59 =( GEOMETRIC_REPRESENTATION_CONTEXT ( 3 ) GLOBAL_UNCERTAINTY_ASSIGNED_CONTEXT ( ( #4667 ) ) GLOBAL_UNIT_ASSIGNED_CONTEXT ( ( #2846, #4175, #4551 ) ) REPRESENTATION_CONTEXT ( 'NONE', 'WORKASPACE' ) );
#60 = LINE ( 'NONE', #2396, #4349 ) ;
#61 = EDGE_CURVE ( 'NONE', #1640, #3388, #2501, .T. ) ;
#62 = CARTESIAN_POINT ( 'NONE',  ( 1.520000000000000018, -6.412893218813461083, -10.11746870376959961 ) ) ;
#63 = ORIENTED_EDGE ( 'NONE', *, *, #1618, .F. ) ;
#64 = SURFACE_STYLE_FILL_AREA ( #3031 ) ;
#65 = FACE_OUTER_BOUND ( 'NONE', #2181, .T. ) ;
#66 = PLANE ( 'NONE',  #686 ) ;
#67 = ORIENTED_EDGE ( 'NONE', *, *, #739, .F. ) ;
#68 = SURFACE_STYLE_USAGE ( .BOTH. , #857 ) ;
#69 = ORIENTED_EDGE ( 'NONE', *, *, #2683, .F. ) ;
#70 = ORIENTED_EDGE ( 'NONE', *, *, #5454, .T. ) ;
#71 = ADVANCED_FACE ( 'NONE', ( #4734 ), #977, .F. ) ;
#72 = DIRECTION ( 'NONE',  ( -1.000000000000000000, 0.000000000000000000, 0.000000000000000000 ) ) ;
#73 = CARTESIAN_POINT ( 'NONE',  ( -1.243589743589730068, -2.247746697746650035, 5.814999999999999503 ) ) ;
#74 = PRESENTATION_STYLE_ASSIGNMENT (( #1709 ) ) ;
#75 = LINE ( 'NONE', #1554, #1878 ) ;
#76 = DIRECTION ( 'NONE',  ( 0.000000000000000000, 0.000000000000000000, -1.000000000000000000 ) ) ;
#77 = FILL_AREA_STYLE_COLOUR ( '', #2903 ) ;
#78 = UNCERTAINTY_MEASURE_WITH_UNIT (LENGTH_MEASURE( 1.000000000000000082E-05 ), #139, 'distance_accuracy_value', 'NONE');
#79 = LINE ( 'NONE', #3077, #4577 ) ;
#80 = FILL_AREA_STYLE_COLOUR ( '', #2693 ) ;
#81 = ORIENTED_EDGE ( 'NONE', *, *, #3860, .T. ) ;
#82 = CARTESIAN_POINT ( 'NONE',  ( 2.160000000000000142, -7.119999999999999218, -16.22427834969624882 ) ) ;
#83 = FILL_AREA_STYLE ('',( #2166 ) ) ;
#84 = EDGE_CURVE ( 'NONE', #1438, #2674, #492, .T. ) ;
#85 = EDGE_CURVE ( 'NONE', #1932, #2296, #3473, .T. ) ;
#86 = ORIENTED_EDGE ( 'NONE', *, *, #2795, .F. ) ;
#87 = CARTESIAN_POINT ( 'NONE',  ( -1.520000000000000018, -7.420000000000000817, -10.11746870376959961 ) ) ;
#88 =( LENGTH_UNIT ( ) NAMED_UNIT ( * ) SI_UNIT ( .MILLI., .METRE. ) );
#89 = LINE ( 'NONE', #3882, #836 ) ;
#90 = FILL_AREA_STYLE ('',( #3915 ) ) ;
#91 = DIRECTION ( 'NONE',  ( 0.000000000000000000, -1.000000000000000000, 0.000000000000000000 ) ) ;
#92 = EDGE_LOOP ( 'NONE', ( #2382, #4924, #1199, #2882 ) ) ;
#93 = AXIS2_PLACEMENT_3D ( 'NONE', #4599, #834, #1220 ) ;
#94 = CARTESIAN_POINT ( 'NONE',  ( -0.8589743589743469299, -2.247746697746650035, 5.714999999999999858 ) ) ;
#95 = ORIENTED_EDGE ( 'NONE', *, *, #2233, .T. ) ;
#96 = ORIENTED_EDGE ( 'NONE', *, *, #980, .F. ) ;
#97 = CARTESIAN_POINT ( 'NONE',  ( 1.192307692307703837, -2.260567210567149932, 5.814999999999999503 ) ) ;
#98 = VECTOR ( 'NONE', #2939, 1000.000000000000000 ) ;
#99 = ORIENTED_EDGE ( 'NONE', *, *, #1777, .F. ) ;
#100 = SURFACE_STYLE_USAGE ( .BOTH. , #3101 ) ;
#101 = FILL_AREA_STYLE_COLOUR ( '', #923 ) ;
#102 = FILL_AREA_STYLE ('',( #3425 ) ) ;
#103 = MECHANICAL_DESIGN_GEOMETRIC_PRESENTATION_REPRESENTATION (  '', ( #1447 ), #2045 ) ;
#104 = CARTESIAN_POINT ( 'NONE',  ( 1.020000000000000018, -7.119999999999999218, -16.22427834969624882 ) ) ;
#105 = FILL_AREA_STYLE_COLOUR ( '', #1355 ) ;
#106 =( GEOMETRIC_REPRESENTATION_CONTEXT ( 3 ) GLOBAL_UNCERTAINTY_ASSIGNED_CONTEXT ( ( #5448 ) ) GLOBAL_UNIT_ASSIGNED_CONTEXT ( ( #4033, #1448, #4486 ) ) REPRESENTATION_CONTEXT ( 'NONE', 'WORKASPACE' ) );
#107 = FILL_AREA_STYLE_COLOUR ( '', #1113 ) ;
#108 = CARTESIAN_POINT ( 'NONE',  ( -1.277036423998930248, -11.11999999999999922, -10.11746870376959961 ) ) ;
#109 = VECTOR ( 'NONE', #4459, 1000.000000000000000 ) ;
#110 = FACE_OUTER_BOUND ( 'NONE', #4999, .T. ) ;
#111 = ORIENTED_EDGE ( 'NONE', *, *, #1558, .F. ) ;
#112 = STYLED_ITEM ( 'NONE', ( #2322 ), #2703 ) ;
#113 = UNCERTAINTY_MEASURE_WITH_UNIT (LENGTH_MEASURE( 1.000000000000000082E-05 ), #1277, 'distance_accuracy_value', 'NONE');
#114 =( GEOMETRIC_REPRESENTATION_CONTEXT ( 3 ) GLOBAL_UNCERTAINTY_ASSIGNED_CONTEXT ( ( #5299 ) ) GLOBAL_UNIT_ASSIGNED_CONTEXT ( ( #3698, #4197, #1579 ) ) REPRESENTATION_CONTEXT ( 'NONE', 'WORKASPACE' ) );
#115 = ORIENTED_EDGE ( 'NONE', *, *, #897, .F. ) ;
#116 = CARTESIAN_POINT ( 'NONE',  ( -1.520000000000000018, 5.083000000000000185, -4.065000000000000391 ) ) ;
#117 =( NAMED_UNIT ( * ) SI_UNIT ( $, .STERADIAN. ) SOLID_ANGLE_UNIT ( ) );
#119 = ORIENTED_EDGE ( 'NONE', *, *, #2509, .F. ) ;
#118 = CARTESIAN_POINT ( 'NONE',  ( -1.153846153846141975, -2.542618492618445192, 5.714999999999999858 ) ) ;
#120 = EDGE_CURVE ( 'NONE', #4989, #626, #4945, .T. ) ;
#121 = EDGE_CURVE ( 'NONE', #5330, #2719, #5151, .T. ) ;
#122 = LINE ( 'NONE', #174, #3709 ) ;
#123 = CARTESIAN_POINT ( 'NONE',  ( 2.160000000000000142, 7.620000000000000107, 5.714999999999999858 ) ) ;
#124 = VERTEX_POINT ( 'NONE', #3563 ) ;
#125 = ORIENTED_EDGE ( 'NONE', *, *, #3732, .F. ) ;
#126 =( LENGTH_UNIT ( ) NAMED_UNIT ( * ) SI_UNIT ( .MILLI., .METRE. ) );
#127 =( LENGTH_UNIT ( ) NAMED_UNIT ( * ) SI_UNIT ( .MILLI., .METRE. ) );
#128 = FACE_OUTER_BOUND ( 'NONE', #92, .T. ) ;
#129 = AXIS2_PLACEMENT_3D ( 'NONE', #4314, #5148, #4265 ) ;
#130 = FILL_AREA_STYLE ('',( #466 ) ) ;
#131 = DIRECTION ( 'NONE',  ( 0.000000000000000000, -1.000000000000000000, 0.000000000000000000 ) ) ;
#132 = LINE ( 'NONE', #3041, #2279 ) ;
#133 =( NAMED_UNIT ( * ) SI_UNIT ( $, .STERADIAN. ) SOLID_ANGLE_UNIT ( ) );
#134 = MECHANICAL_DESIGN_GEOMETRIC_PRESENTATION_REPRESENTATION (  '', ( #1905 ), #1722 ) ;
#135 = VECTOR ( 'NONE', #5440, 1000.000000000000000 ) ;
#136 = VECTOR ( 'NONE', #1400, 1000.000000000000000 ) ;
#137 = DIRECTION ( 'NONE',  ( 1.000000000000000000, 0.000000000000000000, 0.000000000000000000 ) ) ;
#138 = STYLED_ITEM ( 'NONE', ( #1645 ), #15 ) ;
#139 =( LENGTH_UNIT ( ) NAMED_UNIT ( * ) SI_UNIT ( .MILLI., .METRE. ) );
#140 = FACE_OUTER_BOUND ( 'NONE', #1150, .T. ) ;
#141 = ORIENTED_EDGE ( 'NONE', *, *, #5425, .F. ) ;
#142 = PRESENTATION_LAYER_ASSIGNMENT (  '', '', ( #1308 ) ) ;
#143 = CARTESIAN_POINT ( 'NONE',  ( 0.000000000000000000, -5.076999999999999957, 5.714999999999999858 ) ) ;
#144 = VECTOR ( 'NONE', #484, 1000.000000000000000 ) ;
#145 = VECTOR ( 'NONE', #3246, 1000.000000000000000 ) ;
#146 = DIRECTION ( 'NONE',  ( 0.000000000000000000, 0.000000000000000000, -1.000000000000000000 ) ) ;
#148 = EDGE_LOOP ( 'NONE', ( #2003, #628, #3948, #5329 ) ) ;
#147 = DIRECTION ( 'NONE',  ( 0.000000000000000000, 0.000000000000000000, -1.000000000000000000 ) ) ;
#149 = DIRECTION ( 'NONE',  ( 0.000000000000000000, 1.000000000000000000, 0.000000000000000000 ) ) ;
#150 = FILL_AREA_STYLE_COLOUR ( '', #5045 ) ;
#151 = ORIENTED_EDGE ( 'NONE', *, *, #1026, .F. ) ;
#152 = VERTEX_POINT ( 'NONE', #5252 ) ;
#153 = AXIS2_PLACEMENT_3D ( 'NONE', #2305, #1449, #4897 ) ;
#154 = ORIENTED_EDGE ( 'NONE', *, *, #2195, .F. ) ;
#155 =( NAMED_UNIT ( * ) SI_UNIT ( $, .STERADIAN. ) SOLID_ANGLE_UNIT ( ) );
#156 =( NAMED_UNIT ( * ) PLANE_ANGLE_UNIT ( ) SI_UNIT ( $, .RADIAN. ) );
#157 = DIRECTION ( 'NONE',  ( 0.000000000000000000, 0.000000000000000000, 1.000000000000000000 ) ) ;
#158 = DIRECTION ( 'NONE',  ( 0.000000000000000000, 0.000000000000000000, -1.000000000000000000 ) ) ;
#159 = COLOUR_RGB ( '',0.7529411764705882248, 0.7529411764705882248, 0.7529411764705882248 ) ;
#160 = EDGE_CURVE ( 'NONE', #2164, #4701, #3859, .T. ) ;
#161 = CARTESIAN_POINT ( 'NONE',  ( 1.020000000000000018, -6.412893218813461083, -1.525000000000000133 ) ) ;
#162 = CARTESIAN_POINT ( 'NONE',  ( -1.020000000000000018, -11.11999999999999922, -10.11746870376959961 ) ) ;
#163 = FACE_OUTER_BOUND ( 'NONE', #3889, .T. ) ;
#164 = ADVANCED_FACE ( 'NONE', ( #5198 ), #4756, .F. ) ;
#165 = DIRECTION ( 'NONE',  ( 0.000000000000000000, 0.000000000000000000, 1.000000000000000000 ) ) ;
#166 =( NAMED_UNIT ( * ) PLANE_ANGLE_UNIT ( ) SI_UNIT ( $, .RADIAN. ) );
#167 = EDGE_CURVE ( 'NONE', #1216, #2406, #3458, .T. ) ;
#168 = LINE ( 'NONE', #595, #1219 ) ;
#169 =( NAMED_UNIT ( * ) SI_UNIT ( $, .STERADIAN. ) SOLID_ANGLE_UNIT ( ) );
#171 = VERTEX_POINT ( 'NONE', #4200 ) ;
#170 = FILL_AREA_STYLE_COLOUR ( '', #582 ) ;
#172 = VERTEX_POINT ( 'NONE', #811 ) ;
#173 = SURFACE_STYLE_USAGE ( .BOTH. , #3632 ) ;
#174 = CARTESIAN_POINT ( 'NONE',  ( -1.277036423998930248, -5.120000000000000107, -4.065000000000000391 ) ) ;
#175 = ORIENTED_EDGE ( 'NONE', *, *, #1133, .F. ) ;
#176 = UNCERTAINTY_MEASURE_WITH_UNIT (LENGTH_MEASURE( 1.000000000000000082E-05 ), #5108, 'distance_accuracy_value', 'NONE');
#177 = FILL_AREA_STYLE_COLOUR ( '', #3538 ) ;
#178 = ORIENTED_EDGE ( 'NONE', *, *, #1059, .F. ) ;
#179 = ORIENTED_EDGE ( 'NONE', *, *, #1979, .F. ) ;
#180 =( NAMED_UNIT ( * ) PLANE_ANGLE_UNIT ( ) SI_UNIT ( $, .RADIAN. ) );
#181 = DIRECTION ( 'NONE',  ( 0.000000000000000000, 1.000000000000000000, 0.000000000000000000 ) ) ;
#182 = SURFACE_SIDE_STYLE ('',( #1056 ) ) ;
#183 = CARTESIAN_POINT ( 'NONE',  ( 2.160000000000000142, -7.119999999999999218, 2.295000000000000373 ) ) ;
#184 = SURFACE_SIDE_STYLE ('',( #2805 ) ) ;
#185 = FILL_AREA_STYLE_COLOUR ( '', #2362 ) ;
#186 = ADVANCED_FACE ( 'NONE', ( #866 ), #2041, .T. ) ;
#187 = PRESENTATION_LAYER_ASSIGNMENT (  '', '', ( #2238 ) ) ;
#188 = EDGE_CURVE ( 'NONE', #397, #4892, #438, .T. ) ;
#189 = VECTOR ( 'NONE', #5476, 1000.000000000000000 ) ;
#190 = CARTESIAN_POINT ( 'NONE',  ( -1.277036423998930248, -7.119999999999998330, -4.065000000000000391 ) ) ;
#191 = SURFACE_SIDE_STYLE ('',( #3269 ) ) ;
#192 = ORIENTED_EDGE ( 'NONE', *, *, #3264, .F. ) ;
#193 = FILL_AREA_STYLE_COLOUR ( '', #3096 ) ;
#194 = VECTOR ( 'NONE', #2392, 1000.000000000000000 ) ;
#195 = DIRECTION ( 'NONE',  ( 0.000000000000000000, 0.000000000000000000, 1.000000000000000000 ) ) ;
#196 =( NAMED_UNIT ( * ) PLANE_ANGLE_UNIT ( ) SI_UNIT ( $, .RADIAN. ) );
#197 = COLOUR_RGB ( '',0.7529411764705882248, 0.7529411764705882248, 0.7529411764705882248 ) ;
#198 = CARTESIAN_POINT ( 'NONE',  ( 2.160000000000000142, -0.3723944653317539655, -16.22427834969624882 ) ) ;
#199 = LINE ( 'NONE', #3168, #393 ) ;
#200 = LINE ( 'NONE', #651, #2660 ) ;
#201 = CARTESIAN_POINT ( 'NONE',  ( -1.020000000000000018, -6.412893218813461083, 1.515000000000000124 ) ) ;
#202 = CARTESIAN_POINT ( 'NONE',  ( -1.520000000000000018, -11.11999999999999922, -4.065000000000000391 ) ) ;
#203 = PRESENTATION_LAYER_ASSIGNMENT (  '', '', ( #2059 ) ) ;
#204 = ORIENTED_EDGE ( 'NONE', *, *, #1143, .F. ) ;
#205 = VERTEX_POINT ( 'NONE', #5115 ) ;
#206 = CARTESIAN_POINT ( 'NONE',  ( -1.020000000000000018, -7.620000000000000107, -10.11746870376959961 ) ) ;
#207 = CARTESIAN_POINT ( 'NONE',  ( 1.520000000000000018, -6.412893218813461083, -10.11746870376959961 ) ) ;
#208 = VECTOR ( 'NONE', #2201, 1000.000000000000000 ) ;
#209 = DIRECTION ( 'NONE',  ( 0.000000000000000000, -5.981805089575200142E-16, 1.000000000000000000 ) ) ;
#210 = ORIENTED_EDGE ( 'NONE', *, *, #4727, .T. ) ;
#211 = FACE_OUTER_BOUND ( 'NONE', #3653, .T. ) ;
#212 = STYLED_ITEM ( 'NONE', ( #3423 ), #2957 ) ;
#213 = ADVANCED_FACE ( 'NONE', ( #1222 ), #1607, .T. ) ;
#214 = EDGE_CURVE ( 'NONE', #4029, #1544, #4339, .T. ) ;
#215 = COLOUR_RGB ( '',0.7529411764705882248, 0.7529411764705882248, 0.7529411764705882248 ) ;
#216 = CARTESIAN_POINT ( 'NONE',  ( -3.966440926441800130, -8.419999999999999929, 1.015000000000000124 ) ) ;
#217 = VECTOR ( 'NONE', #1805, 1000.000000000000000 ) ;
#218 = CARTESIAN_POINT ( 'NONE',  ( -1.020000000000000018, 5.083000000000000185, -4.065000000000000391 ) ) ;
#219 = SURFACE_STYLE_USAGE ( .BOTH. , #5263 ) ;
#220 = MECHANICAL_DESIGN_GEOMETRIC_PRESENTATION_REPRESENTATION (  '', ( #5289 ), #3438 ) ;
#221 = LINE ( 'NONE', #2790, #5424 ) ;
#222 = AXIS2_PLACEMENT_3D ( 'NONE', #288, #769, #1181 ) ;
#223 = VECTOR ( 'NONE', #3070, 1000.000000000000000 ) ;
#225 = ORIENTED_EDGE ( 'NONE', *, *, #5256, .T. ) ;
#224 = CARTESIAN_POINT ( 'NONE',  ( 1.020000000000000018, -11.11999999999999922, 1.515000000000000124 ) ) ;
#226 = VERTEX_POINT ( 'NONE', #1189 ) ;
#227 = CARTESIAN_POINT ( 'NONE',  ( -1.277036423998930248, -11.11999999999999922, -1.525000000000000133 ) ) ;
#228 = DIRECTION ( 'NONE',  ( 0.000000000000000000, 0.000000000000000000, 1.000000000000000000 ) ) ;
#229 = VERTEX_POINT ( 'NONE', #408 ) ;
#230 = VECTOR ( 'NONE', #662, 1000.000000000000000 ) ;
#231 = STYLED_ITEM ( 'NONE', ( #3221 ), #1063 ) ;
#232 = STYLED_ITEM ( 'NONE', ( #4372 ), #4135 ) ;
#233 =( GEOMETRIC_REPRESENTATION_CONTEXT ( 3 ) GLOBAL_UNCERTAINTY_ASSIGNED_CONTEXT ( ( #1451 ) ) GLOBAL_UNIT_ASSIGNED_CONTEXT ( ( #463, #2067, #3837 ) ) REPRESENTATION_CONTEXT ( 'NONE', 'WORKASPACE' ) );
#234 = EDGE_LOOP ( 'NONE', ( #2697, #3805, #5133, #1762 ) ) ;
#235 = SURFACE_STYLE_FILL_AREA ( #4161 ) ;
#236 = DIRECTION ( 'NONE',  ( 0.000000000000000000, 0.000000000000000000, 1.000000000000000000 ) ) ;
#237 = PRESENTATION_LAYER_ASSIGNMENT (  '', '', ( #1131 ) ) ;
#238 = MECHANICAL_DESIGN_GEOMETRIC_PRESENTATION_REPRESENTATION (  '', ( #1112 ), #4322 ) ;
#239 = DIRECTION ( 'NONE',  ( 1.000000000000000000, 0.000000000000000000, 0.000000000000000000 ) ) ;
#240 = STYLED_ITEM ( 'NONE', ( #4393 ), #5161 ) ;
#241 = FILL_AREA_STYLE_COLOUR ( '', #2245 ) ;
#242 =( NAMED_UNIT ( * ) SI_UNIT ( $, .STERADIAN. ) SOLID_ANGLE_UNIT ( ) );
#243 = PRESENTATION_STYLE_ASSIGNMENT (( #1984 ) ) ;
#244 = AXIS2_PLACEMENT_3D ( 'NONE', #5371, #4935, #4908 ) ;
#245 =( LENGTH_UNIT ( ) NAMED_UNIT ( * ) SI_UNIT ( .MILLI., .METRE. ) );
#246 = SURFACE_SIDE_STYLE ('',( #1514 ) ) ;
#247 = FACE_OUTER_BOUND ( 'NONE', #1095, .T. ) ;
#248 = SURFACE_STYLE_FILL_AREA ( #1537 ) ;
#250 = ORIENTED_EDGE ( 'NONE', *, *, #998, .F. ) ;
#249 = LINE ( 'NONE', #4532, #3433 ) ;
#251 = ORIENTED_EDGE ( 'NONE', *, *, #2020, .T. ) ;
#252 = DIRECTION ( 'NONE',  ( 0.000000000000000000, -1.000000000000000000, 0.000000000000000000 ) ) ;
#253 = ORIENTED_EDGE ( 'NONE', *, *, #1383, .T. ) ;
#254 = EDGE_CURVE ( 'NONE', #1867, #1894, #2895, .T. ) ;
#255 = FACE_OUTER_BOUND ( 'NONE', #4310, .T. ) ;
#256 = EDGE_CURVE ( 'NONE', #3098, #3383, #3740, .T. ) ;
#257 = ORIENTED_EDGE ( 'NONE', *, *, #5196, .T. ) ;
#258 = FACE_OUTER_BOUND ( 'NONE', #3092, .T. ) ;
#259 = DIRECTION ( 'NONE',  ( 0.000000000000000000, -1.000000000000000000, 0.000000000000000000 ) ) ;
#260 = SURFACE_STYLE_USAGE ( .BOTH. , #182 ) ;
#261 = DIRECTION ( 'NONE',  ( 0.000000000000000000, 0.000000000000000000, 1.000000000000000000 ) ) ;
#262 = FACE_OUTER_BOUND ( 'NONE', #888, .T. ) ;
#263 = UNCERTAINTY_MEASURE_WITH_UNIT (LENGTH_MEASURE( 1.000000000000000082E-05 ), #2307, 'distance_accuracy_value', 'NONE');
#264 =( NAMED_UNIT ( * ) PLANE_ANGLE_UNIT ( ) SI_UNIT ( $, .RADIAN. ) );
#265 = SURFACE_STYLE_USAGE ( .BOTH. , #2357 ) ;
#266 = PRESENTATION_STYLE_ASSIGNMENT (( #3468 ) ) ;
#267 = FILL_AREA_STYLE_COLOUR ( '', #370 ) ;
#268 = DIRECTION ( 'NONE',  ( 0.000000000000000000, 0.000000000000000000, -1.000000000000000000 ) ) ;
#269 = VECTOR ( 'NONE', #2679, 1000.000000000000000 ) ;
#270 = DIRECTION ( 'NONE',  ( -1.000000000000000000, 0.000000000000000000, 0.000000000000000000 ) ) ;
#271 = PRESENTATION_LAYER_ASSIGNMENT (  '', '', ( #2770 ) ) ;
#272 = DIRECTION ( 'NONE',  ( 0.000000000000000000, 1.000000000000000000, 1.301042606982598024E-15 ) ) ;
#273 = FACE_OUTER_BOUND ( 'NONE', #2095, .T. ) ;
#275 = VERTEX_POINT ( 'NONE', #1622 ) ;
#274 = LINE ( 'NONE', #1971, #2627 ) ;
#276 = ORIENTED_EDGE ( 'NONE', *, *, #829, .F. ) ;
#277 = MECHANICAL_DESIGN_GEOMETRIC_PRESENTATION_REPRESENTATION (  '', ( #3485 ), #3665 ) ;
#278 = LINE ( 'NONE', #4535, #1934 ) ;
#279 =( NAMED_UNIT ( * ) PLANE_ANGLE_UNIT ( ) SI_UNIT ( $, .RADIAN. ) );
#280 = VERTEX_POINT ( 'NONE', #799 ) ;
#281 = VECTOR ( 'NONE', #3699, 1000.000000000000000 ) ;
#282 = ORIENTED_EDGE ( 'NONE', *, *, #2700, .F. ) ;
#283 = FILL_AREA_STYLE ('',( #3561 ) ) ;
#284 = ADVANCED_FACE ( 'NONE', ( #2942 ), #1598, .F. ) ;
#285 = ADVANCED_FACE ( 'NONE', ( #1157 ), #4763, .F. ) ;
#286 = DIRECTION ( 'NONE',  ( 0.000000000000000000, -1.000000000000000000, 0.000000000000000000 ) ) ;
#287 = SURFACE_SIDE_STYLE ('',( #1210 ) ) ;
#288 = CARTESIAN_POINT ( 'NONE',  ( 0.000000000000000000, -5.076999999999999957, 6.884999999999999787 ) ) ;
#289 = MECHANICAL_DESIGN_GEOMETRIC_PRESENTATION_REPRESENTATION (  '', ( #2059 ), #3497 ) ;
#290 = LINE ( 'NONE', #343, #2453 ) ;
#291 = ADVANCED_FACE ( 'NONE', ( #5336 ), #2108, .T. ) ;
#292 = LINE ( 'NONE', #3697, #3654 ) ;
#293 = CARTESIAN_POINT ( 'NONE',  ( -1.277036423998930248, -7.119999999999998330, -4.065000000000000391 ) ) ;
#294 = DIRECTION ( 'NONE',  ( 0.000000000000000000, 1.000000000000000000, 0.000000000000000000 ) ) ;
#295 = DIRECTION ( 'NONE',  ( 0.000000000000000000, 0.000000000000000000, -1.000000000000000000 ) ) ;
#296 = EDGE_CURVE ( 'NONE', #4251, #4312, #816, .T. ) ;
#297 = CARTESIAN_POINT ( 'NONE',  ( -0.9200000000000000400, -7.420000000000000817, 1.015000000000000124 ) ) ;
#298 = FILL_AREA_STYLE ('',( #1560 ) ) ;
#299 = VECTOR ( 'NONE', #2812, 1000.000000000000000 ) ;
#300 = COLOUR_RGB ( '',0.7529411764705882248, 0.7529411764705882248, 0.7529411764705882248 ) ;
#301 = PRESENTATION_STYLE_ASSIGNMENT (( #2515 ) ) ;
#302 = ADVANCED_FACE ( 'NONE', ( #1619 ), #2906, .T. ) ;
#303 = PLANE ( 'NONE',  #545 ) ;
#305 = ORIENTED_EDGE ( 'NONE', *, *, #5063, .F. ) ;
#304 = CARTESIAN_POINT ( 'NONE',  ( -2.160000000000000142, -0.3723944653317614595, 5.714999999999999858 ) ) ;
#306 = ORIENTED_EDGE ( 'NONE', *, *, #3905, .T. ) ;
#307 = VECTOR ( 'NONE', #4119, 1000.000000000000000 ) ;
#308 = DIRECTION ( 'NONE',  ( -0.000000000000000000, 1.000000000000000000, 0.000000000000000000 ) ) ;
#309 = CLOSED_SHELL ( 'NONE', ( #4544, #647, #4444, #2815, #1075, #2753, #2831, #3659, #5388, #4983, #213, #3465, #2079, #1432, #733, #1585, #3411, #5027, #2684, #3493, #5025, #291, #285, #606, #2034, #3120, #5127, #585, #327, #2203, #2703, #3381, #15, #3730, #4135, #3865, #4276, #2936, #1896, #2752, #186, #4284, #1501, #5261, #409, #2331, #1548, #2300, #812, #4153, #1384, #5161, #3531, #4630, #4489, #1693, #2433, #4014, #4038, #2885, #1147, #1795 ) ) ;
#310 = SURFACE_STYLE_FILL_AREA ( #4969 ) ;
#311 = ORIENTED_EDGE ( 'NONE', *, *, #3429, .T. ) ;
#312 = COLOUR_RGB ( '',0.7529411764705882248, 0.7529411764705882248, 0.7529411764705882248 ) ;
#313 = CARTESIAN_POINT ( 'NONE',  ( 1.619999999999999885, -8.693396881765760753, -0.2056555615733750009 ) ) ;
#314 = AXIS2_PLACEMENT_3D ( 'NONE', #3111, #3508, #4761 ) ;
#315 = PLANE ( 'NONE',  #2439 ) ;
#316 = CARTESIAN_POINT ( 'NONE',  ( -1.153846153846141975, -1.863131313131265010, 5.814999999999999503 ) ) ;
#317 = PLANE ( 'NONE',  #3441 ) ;
#318 = AXIS2_PLACEMENT_3D ( 'NONE', #207, #5333, #157 ) ;
#319 = EDGE_CURVE ( 'NONE', #3172, #422, #5479, .T. ) ;
#320 = DIRECTION ( 'NONE',  ( 0.000000000000000000, 0.000000000000000000, 1.000000000000000000 ) ) ;
#321 = COLOUR_RGB ( '',0.7529411764705882248, 0.7529411764705882248, 0.7529411764705882248 ) ;
#322 =( NAMED_UNIT ( * ) PLANE_ANGLE_UNIT ( ) SI_UNIT ( $, .RADIAN. ) );
#323 =( GEOMETRIC_REPRESENTATION_CONTEXT ( 3 ) GLOBAL_UNCERTAINTY_ASSIGNED_CONTEXT ( ( #4116 ) ) GLOBAL_UNIT_ASSIGNED_CONTEXT ( ( #5325, #2268, #3149 ) ) REPRESENTATION_CONTEXT ( 'NONE', 'WORKASPACE' ) );
#324 = PRESENTATION_STYLE_ASSIGNMENT (( #5003 ) ) ;
#325 =( LENGTH_UNIT ( ) NAMED_UNIT ( * ) SI_UNIT ( .MILLI., .METRE. ) );
#326 =( NAMED_UNIT ( * ) PLANE_ANGLE_UNIT ( ) SI_UNIT ( $, .RADIAN. ) );
#327 = ADVANCED_FACE ( 'NONE', ( #4614 ), #844, .T. ) ;
#328 = COLOUR_RGB ( '',0.2509803921568627416, 0.2509803921568627416, 0.2509803921568627416 ) ;
#329 = EDGE_CURVE ( 'NONE', #2629, #2349, #2544, .T. ) ;
#330 = SURFACE_STYLE_USAGE ( .BOTH. , #4148 ) ;
#331 = SURFACE_STYLE_FILL_AREA ( #2537 ) ;
#332 = PRESENTATION_STYLE_ASSIGNMENT (( #753 ) ) ;
#333 = UNCERTAINTY_MEASURE_WITH_UNIT (LENGTH_MEASURE( 1.000000000000000082E-05 ), #4595, 'distance_accuracy_value', 'NONE');
#334 = UNCERTAINTY_MEASURE_WITH_UNIT (LENGTH_MEASURE( 1.000000000000000082E-05 ), #3967, 'distance_accuracy_value', 'NONE');
#335 = FILL_AREA_STYLE_COLOUR ( '', #42 ) ;
#336 = DIRECTION ( 'NONE',  ( -1.000000000000000000, 0.000000000000000000, 0.000000000000000000 ) ) ;
#337 = ORIENTED_EDGE ( 'NONE', *, *, #5407, .F. ) ;
#338 = ORIENTED_EDGE ( 'NONE', *, *, #2688, .F. ) ;
#339 = EDGE_LOOP ( 'NONE', ( #567, #3086, #5144, #1806, #115, #2952, #4305, #1929 ) ) ;
#340 =( NAMED_UNIT ( * ) SI_UNIT ( $, .STERADIAN. ) SOLID_ANGLE_UNIT ( ) );
#341 =( NAMED_UNIT ( * ) SI_UNIT ( $, .STERADIAN. ) SOLID_ANGLE_UNIT ( ) );
#342 = FILL_AREA_STYLE_COLOUR ( '', #2732 ) ;
#343 = CARTESIAN_POINT ( 'NONE',  ( -3.966440926441800130, -8.419999999999999929, 1.515000000000000124 ) ) ;
#344 = EDGE_LOOP ( 'NONE', ( #5328, #3669, #2317, #4720 ) ) ;
#345 = CARTESIAN_POINT ( 'NONE',  ( -1.520000000000000018, -6.412893218813461083, 1.515000000000000124 ) ) ;
#346 = CARTESIAN_POINT ( 'NONE',  ( 2.160000000000000142, -6.119999999999999218, -0.005000000000001530130 ) ) ;
#347 = LINE ( 'NONE', #293, #1543 ) ;
#348 = FILL_AREA_STYLE_COLOUR ( '', #4865 ) ;
#349 = SURFACE_SIDE_STYLE ('',( #5418 ) ) ;
#350 = EDGE_CURVE ( 'NONE', #2209, #4939, #419, .T. ) ;
#351 = DIRECTION ( 'NONE',  ( 0.000000000000000000, 0.000000000000000000, 1.000000000000000000 ) ) ;
#352 = EDGE_CURVE ( 'NONE', #760, #3856, #2455, .T. ) ;
#353 = STYLED_ITEM ( 'NONE', ( #1578 ), #1693 ) ;
#354 = DIRECTION ( 'NONE',  ( 0.000000000000000000, 1.000000000000000000, 0.000000000000000000 ) ) ;
#355 = DIRECTION ( 'NONE',  ( 0.000000000000000000, 1.000000000000000000, 1.301042606982598024E-15 ) ) ;
#356 = COLOUR_RGB ( '',0.2509803921568627416, 0.2509803921568627416, 0.2509803921568627416 ) ;
#357 =( LENGTH_UNIT ( ) NAMED_UNIT ( * ) SI_UNIT ( .MILLI., .METRE. ) );
#358 = LINE ( 'NONE', #2967, #1529 ) ;
#359 = ORIENTED_EDGE ( 'NONE', *, *, #4891, .F. ) ;
#360 = CARTESIAN_POINT ( 'NONE',  ( 2.160000000000000142, -7.620000000000000107, -16.22427834969624882 ) ) ;
#361 = UNCERTAINTY_MEASURE_WITH_UNIT (LENGTH_MEASURE( 1.000000000000000082E-05 ), #5286, 'distance_accuracy_value', 'NONE');
#362 = PRESENTATION_STYLE_ASSIGNMENT (( #2880 ) ) ;
#363 = DIRECTION ( 'NONE',  ( 1.000000000000000000, 0.000000000000000000, 0.000000000000000000 ) ) ;
#364 = DIRECTION ( 'NONE',  ( 0.000000000000000000, 0.000000000000000000, 1.000000000000000000 ) ) ;
#365 = ORIENTED_EDGE ( 'NONE', *, *, #1070, .F. ) ;
#366 = CARTESIAN_POINT ( 'NONE',  ( 2.160000000000000142, -6.119999999999999218, 2.295000000000000373 ) ) ;
#367 = MECHANICAL_DESIGN_GEOMETRIC_PRESENTATION_REPRESENTATION (  '', ( #2513 ), #5262 ) ;
#368 = ORIENTED_EDGE ( 'NONE', *, *, #3462, .T. ) ;
#369 = FACE_OUTER_BOUND ( 'NONE', #2926, .T. ) ;
#370 = COLOUR_RGB ( '',0.7529411764705882248, 0.7529411764705882248, 0.7529411764705882248 ) ;
#371 = VERTEX_POINT ( 'NONE', #2659 ) ;
#372 = LINE ( 'NONE', #2180, #4506 ) ;
#373 =( NAMED_UNIT ( * ) PLANE_ANGLE_UNIT ( ) SI_UNIT ( $, .RADIAN. ) );
#374 = DIRECTION ( 'NONE',  ( 0.000000000000000000, 0.000000000000000000, -1.000000000000000000 ) ) ;
#375 = VECTOR ( 'NONE', #3723, 1000.000000000000000 ) ;
#376 = PRESENTATION_STYLE_ASSIGNMENT (( #784 ) ) ;
#377 = SURFACE_STYLE_FILL_AREA ( #4199 ) ;
#378 = UNCERTAINTY_MEASURE_WITH_UNIT (LENGTH_MEASURE( 1.000000000000000082E-05 ), #1763, 'distance_accuracy_value', 'NONE');
#379 = COLOUR_RGB ( '',0.2509803921568627416, 0.2509803921568627416, 0.2509803921568627416 ) ;
#380 = DIRECTION ( 'NONE',  ( 0.000000000000000000, -1.000000000000000000, 0.000000000000000000 ) ) ;
#381 = DIRECTION ( 'NONE',  ( 0.000000000000000000, 0.000000000000000000, -1.000000000000000000 ) ) ;
#382 = SURFACE_STYLE_FILL_AREA ( #19 ) ;
#383 = UNCERTAINTY_MEASURE_WITH_UNIT (LENGTH_MEASURE( 1.000000000000000082E-05 ), #1445, 'distance_accuracy_value', 'NONE');
#384 = ADVANCED_FACE ( 'NONE', ( #1798 ), #925, .T. ) ;
#385 = SURFACE_SIDE_STYLE ('',( #1636 ) ) ;
#386 = PRESENTATION_STYLE_ASSIGNMENT (( #4635 ) ) ;
#387 = SURFACE_STYLE_USAGE ( .BOTH. , #473 ) ;
#388 = ORIENTED_EDGE ( 'NONE', *, *, #2859, .F. ) ;
#389 = VERTEX_POINT ( 'NONE', #3115 ) ;
#390 = MECHANICAL_DESIGN_GEOMETRIC_PRESENTATION_REPRESENTATION (  '', ( #4497 ), #2266 ) ;
#391 = ORIENTED_EDGE ( 'NONE', *, *, #1681, .T. ) ;
#392 = SURFACE_STYLE_FILL_AREA ( #4216 ) ;
#393 = VECTOR ( 'NONE', #4017, 1000.000000000000000 ) ;
#394 = ORIENTED_EDGE ( 'NONE', *, *, #4561, .F. ) ;
#395 = DIRECTION ( 'NONE',  ( 0.000000000000000000, 0.000000000000000000, -1.000000000000000000 ) ) ;
#396 = SURFACE_SIDE_STYLE ('',( #3745 ) ) ;
#397 = VERTEX_POINT ( 'NONE', #2620 ) ;
#398 =( GEOMETRIC_REPRESENTATION_CONTEXT ( 3 ) GLOBAL_UNCERTAINTY_ASSIGNED_CONTEXT ( ( #1279 ) ) GLOBAL_UNIT_ASSIGNED_CONTEXT ( ( #2682, #4296, #504 ) ) REPRESENTATION_CONTEXT ( 'NONE', 'WORKASPACE' ) );
#399 = STYLED_ITEM ( 'NONE', ( #4952 ), #3531 ) ;
#400 = VERTEX_POINT ( 'NONE', #51 ) ;
#401 = ORIENTED_EDGE ( 'NONE', *, *, #4316, .F. ) ;
#402 = DIRECTION ( 'NONE',  ( -4.336808689942020201E-16, 1.000000000000000000, 0.000000000000000000 ) ) ;
#403 = CARTESIAN_POINT ( 'NONE',  ( -1.277036423998930248, -6.412893218813461083, -1.025000000000000133 ) ) ;
#404 = SURFACE_SIDE_STYLE ('',( #4681 ) ) ;
#405 = VECTOR ( 'NONE', #2160, 1000.000000000000000 ) ;
#406 = VECTOR ( 'NONE', #808, 1000.000000000000000 ) ;
#407 = VECTOR ( 'NONE', #261, 1000.000000000000000 ) ;
#408 = CARTESIAN_POINT ( 'NONE',  ( -2.160000000000000142, -7.620000000000000107, 5.714999999999999858 ) ) ;
#409 = ADVANCED_FACE ( 'NONE', ( #4325 ), #3930, .F. ) ;
#410 = MECHANICAL_DESIGN_GEOMETRIC_PRESENTATION_REPRESENTATION (  '', ( #1125 ), #5212 ) ;
#411 = VECTOR ( 'NONE', #146, 1000.000000000000000 ) ;
#412 = VECTOR ( 'NONE', #2314, 1000.000000000000000 ) ;
#413 = PLANE ( 'NONE',  #815 ) ;
#414 = CARTESIAN_POINT ( 'NONE',  ( -3.966440926441800130, -8.419999999999999929, -0.2056555615733750009 ) ) ;
#415 = CARTESIAN_POINT ( 'NONE',  ( -1.277036423998930248, -11.11999999999999922, -10.11746870376959961 ) ) ;
#416 = AXIS2_PLACEMENT_3D ( 'NONE', #1372, #2232, #1674 ) ;
#417 = MECHANICAL_DESIGN_GEOMETRIC_PRESENTATION_REPRESENTATION (  '', ( #691 ), #4521 ) ;
#418 =( NAMED_UNIT ( * ) SI_UNIT ( $, .STERADIAN. ) SOLID_ANGLE_UNIT ( ) );
#419 = LINE ( 'NONE', #1996, #4133 ) ;
#420 = DIRECTION ( 'NONE',  ( -0.000000000000000000, 1.000000000000000000, 0.000000000000000000 ) ) ;
#421 =( NAMED_UNIT ( * ) SI_UNIT ( $, .STERADIAN. ) SOLID_ANGLE_UNIT ( ) );
#422 = VERTEX_POINT ( 'NONE', #3903 ) ;
#423 = UNCERTAINTY_MEASURE_WITH_UNIT (LENGTH_MEASURE( 1.000000000000000082E-05 ), #4560, 'distance_accuracy_value', 'NONE');
#424 = VECTOR ( 'NONE', #1519, 1000.000000000000000 ) ;
#425 = PRESENTATION_STYLE_ASSIGNMENT (( #2581 ) ) ;
#426 = ORIENTED_EDGE ( 'NONE', *, *, #907, .F. ) ;
#427 = CARTESIAN_POINT ( 'NONE',  ( 1.520000000000000018, -6.412893218813461083, -1.025000000000000133 ) ) ;
#428 = VERTEX_POINT ( 'NONE', #954 ) ;
#429 = ADVANCED_FACE ( 'NONE', ( #3546 ), #4361, .T. ) ;
#430 = ADVANCED_FACE ( 'NONE', ( #4923 ), #4515, .F. ) ;
#431 = CARTESIAN_POINT ( 'NONE',  ( -1.277036423998930248, 5.083000000000000185, -4.065000000000000391 ) ) ;
#432 = ORIENTED_EDGE ( 'NONE', *, *, #531, .T. ) ;
#433 = ORIENTED_EDGE ( 'NONE', *, *, #4861, .F. ) ;
#434 = DIRECTION ( 'NONE',  ( 0.000000000000000000, -1.000000000000000000, 0.000000000000000000 ) ) ;
#435 = ORIENTED_EDGE ( 'NONE', *, *, #4250, .F. ) ;
#436 =( LENGTH_UNIT ( ) NAMED_UNIT ( * ) SI_UNIT ( .MILLI., .METRE. ) );
#437 = LINE ( 'NONE', #1790, #1118 ) ;
#438 = LINE ( 'NONE', #5068, #5474 ) ;
#439 =( LENGTH_UNIT ( ) NAMED_UNIT ( * ) SI_UNIT ( .MILLI., .METRE. ) );
#440 = EDGE_CURVE ( 'NONE', #3831, #3061, #2411, .T. ) ;
#441 = CARTESIAN_POINT ( 'NONE',  ( 2.160000000000000142, -0.3723944653317539655, 2.295000000000000373 ) ) ;
#442 = LINE ( 'NONE', #4717, #5208 ) ;
#443 = SURFACE_STYLE_FILL_AREA ( #4270 ) ;
#444 = VERTEX_POINT ( 'NONE', #4108 ) ;
#445 = CARTESIAN_POINT ( 'NONE',  ( -1.243589743589730068, -2.542618492618445192, 5.714999999999999858 ) ) ;
#446 = CARTESIAN_POINT ( 'NONE',  ( -1.020000000000000018, -6.412893218813461083, -10.11746870376959961 ) ) ;
#447 = DIRECTION ( 'NONE',  ( 0.000000000000000000, 0.000000000000000000, -1.000000000000000000 ) ) ;
#448 = CARTESIAN_POINT ( 'NONE',  ( -1.277036423998930248, -7.119999999999999218, -1.525000000000000133 ) ) ;
#449 = FACE_OUTER_BOUND ( 'NONE', #5105, .T. ) ;
#450 = VECTOR ( 'NONE', #336, 1000.000000000000000 ) ;
#451 = LINE ( 'NONE', #4345, #2477 ) ;
#452 = CARTESIAN_POINT ( 'NONE',  ( -1.750000000000000000, -7.620000000000000107, 5.714999999999999858 ) ) ;
#453 = ORIENTED_EDGE ( 'NONE', *, *, #3164, .T. ) ;
#454 = CARTESIAN_POINT ( 'NONE',  ( 2.160000000000000142, -7.620000000000000107, 5.714999999999999858 ) ) ;
#455 = ORIENTED_EDGE ( 'NONE', *, *, #4523, .F. ) ;
#456 = EDGE_CURVE ( 'NONE', #1473, #4569, #1602, .T. ) ;
#457 = EDGE_CURVE ( 'NONE', #1568, #280, #1185, .T. ) ;
#458 = CARTESIAN_POINT ( 'NONE',  ( -1.538461538461525002, -2.158003108003060166, 5.814999999999999503 ) ) ;
#459 = VERTEX_POINT ( 'NONE', #3749 ) ;
#460 = DIRECTION ( 'NONE',  ( 1.000000000000000000, 0.000000000000000000, 0.000000000000000000 ) ) ;
#461 = SURFACE_STYLE_USAGE ( .BOTH. , #4289 ) ;
#462 =( NAMED_UNIT ( * ) PLANE_ANGLE_UNIT ( ) SI_UNIT ( $, .RADIAN. ) );
#463 =( LENGTH_UNIT ( ) NAMED_UNIT ( * ) SI_UNIT ( .MILLI., .METRE. ) );
#464 = MECHANICAL_DESIGN_GEOMETRIC_PRESENTATION_REPRESENTATION (  '', ( #4106 ), #4201 ) ;
#465 = COLOUR_RGB ( '',0.2509803921568627416, 0.2509803921568627416, 0.2509803921568627416 ) ;
#466 = FILL_AREA_STYLE_COLOUR ( '', #1256 ) ;
#467 = LINE ( 'NONE', #4319, #5174 ) ;
#468 = DIRECTION ( 'NONE',  ( 1.000000000000000000, 0.000000000000000000, 0.000000000000000000 ) ) ;
#469 = CARTESIAN_POINT ( 'NONE',  ( -3.966440926441800130, -8.419999999999999929, 1.515000000000000124 ) ) ;
#470 = AXIS2_PLACEMENT_3D ( 'NONE', #4869, #4030, #2386 ) ;
#471 = UNCERTAINTY_MEASURE_WITH_UNIT (LENGTH_MEASURE( 1.000000000000000082E-05 ), #4986, 'distance_accuracy_value', 'NONE');
#472 = CARTESIAN_POINT ( 'NONE',  ( -1.520000000000000018, -7.119999999999999218, -1.525000000000000133 ) ) ;
#473 = SURFACE_SIDE_STYLE ('',( #3845 ) ) ;
#474 = COLOUR_RGB ( '',0.2509803921568627416, 0.2509803921568627416, 0.2509803921568627416 ) ;
#475 = ORIENTED_EDGE ( 'NONE', *, *, #2586, .F. ) ;
#476 = CARTESIAN_POINT ( 'NONE',  ( -1.619999999999999885, -7.420000000000000817, 1.515000000000000124 ) ) ;
#477 = CARTESIAN_POINT ( 'NONE',  ( 2.160000000000000142, -7.620000000000000107, 5.714999999999999858 ) ) ;
#478 = EDGE_CURVE ( 'NONE', #1544, #1498, #3696, .T. ) ;
#479 = DIRECTION ( 'NONE',  ( -1.000000000000000000, 0.000000000000000000, 0.000000000000000000 ) ) ;
#480 = VERTEX_POINT ( 'NONE', #4410 ) ;
#481 = SURFACE_STYLE_USAGE ( .BOTH. , #3416 ) ;
#482 = DIRECTION ( 'NONE',  ( -1.000000000000000000, 0.000000000000000000, 0.000000000000000000 ) ) ;
#483 = DIRECTION ( 'NONE',  ( -1.000000000000000000, 0.000000000000000000, 0.000000000000000000 ) ) ;
#484 = DIRECTION ( 'NONE',  ( 0.000000000000000000, 0.000000000000000000, -1.000000000000000000 ) ) ;
#485 = ORIENTED_EDGE ( 'NONE', *, *, #3634, .T. ) ;
#486 = CARTESIAN_POINT ( 'NONE',  ( 0.000000000000000000, -3.627000000000000224, 6.884999999999999787 ) ) ;
#487 = AXIS2_PLACEMENT_3D ( 'NONE', #3997, #2339, #1065 ) ;
#488 = ORIENTED_EDGE ( 'NONE', *, *, #3238, .T. ) ;
#489 = PLANE ( 'NONE',  #2985 ) ;
#490 = CARTESIAN_POINT ( 'NONE',  ( 1.020000000000000018, -5.120000000000000107, -4.845000000000000639 ) ) ;
#491 = DIRECTION ( 'NONE',  ( 0.000000000000000000, 1.138269997360109921E-16, -1.000000000000000000 ) ) ;
#492 = LINE ( 'NONE', #3986, #4866 ) ;
#493 = VECTOR ( 'NONE', #3551, 1000.000000000000000 ) ;
#494 = EDGE_CURVE ( 'NONE', #124, #3277, #2438, .T. ) ;
#495 = VECTOR ( 'NONE', #4137, 1000.000000000000000 ) ;
#496 =( GEOMETRIC_REPRESENTATION_CONTEXT ( 3 ) GLOBAL_UNCERTAINTY_ASSIGNED_CONTEXT ( ( #663 ) ) GLOBAL_UNIT_ASSIGNED_CONTEXT ( ( #1941, #639, #4925 ) ) REPRESENTATION_CONTEXT ( 'NONE', 'WORKASPACE' ) );
#497 = AXIS2_PLACEMENT_3D ( 'NONE', #97, #3099, #973 ) ;
#498 = SURFACE_STYLE_FILL_AREA ( #946 ) ;
#499 = MECHANICAL_DESIGN_GEOMETRIC_PRESENTATION_REPRESENTATION (  '', ( #2282 ), #947 ) ;
#500 = CARTESIAN_POINT ( 'NONE',  ( 1.619999999999999885, -7.420000000000000817, 1.015000000000000124 ) ) ;
#501 = EDGE_CURVE ( 'NONE', #3761, #2495, #2891, .T. ) ;
#502 = COLOUR_RGB ( '',0.2509803921568627416, 0.2509803921568627416, 0.2509803921568627416 ) ;
#503 = VECTOR ( 'NONE', #3724, 1000.000000000000000 ) ;
#504 =( NAMED_UNIT ( * ) SI_UNIT ( $, .STERADIAN. ) SOLID_ANGLE_UNIT ( ) );
#505 = PRESENTATION_STYLE_ASSIGNMENT (( #1317 ) ) ;
#506 = AXIS2_PLACEMENT_3D ( 'NONE', #763, #3795, #4937 ) ;
#507 = VECTOR ( 'NONE', #4303, 1000.000000000000000 ) ;
#508 = PRESENTATION_LAYER_ASSIGNMENT (  '', '', ( #1905 ) ) ;
#509 = UNCERTAINTY_MEASURE_WITH_UNIT (LENGTH_MEASURE( 1.000000000000000082E-05 ), #3343, 'distance_accuracy_value', 'NONE');
#510 = SURFACE_STYLE_USAGE ( .BOTH. , #5134 ) ;
#511 = DIRECTION ( 'NONE',  ( -1.000000000000000000, 0.000000000000000000, 0.000000000000000000 ) ) ;
#512 = VECTOR ( 'NONE', #754, 1000.000000000000000 ) ;
#513 = CARTESIAN_POINT ( 'NONE',  ( 2.160000000000000142, -6.119999999999999218, 2.295000000000000373 ) ) ;
#514 = LINE ( 'NONE', #988, #1608 ) ;
#515 = CARTESIAN_POINT ( 'NONE',  ( -1.020000000000000018, 7.620000000000000107, -5.714999999999999858 ) ) ;
#516 = ORIENTED_EDGE ( 'NONE', *, *, #2722, .F. ) ;
#517 = COLOUR_RGB ( '',0.2509803921568627416, 0.2509803921568627416, 0.2509803921568627416 ) ;
#518 = CARTESIAN_POINT ( 'NONE',  ( -1.520000000000000018, 7.620000000000000107, -3.564999999999999947 ) ) ;
#519 = PRESENTATION_STYLE_ASSIGNMENT (( #2144 ) ) ;
#520 = CARTESIAN_POINT ( 'NONE',  ( 1.020000000000000018, -11.11999999999999922, 1.015000000000000124 ) ) ;
#521 = ORIENTED_EDGE ( 'NONE', *, *, #2265, .F. ) ;
#522 = ORIENTED_EDGE ( 'NONE', *, *, #4190, .T. ) ;
#523 = PRESENTATION_STYLE_ASSIGNMENT (( #3130 ) ) ;
#524 = SURFACE_STYLE_FILL_AREA ( #2182 ) ;
#525 = SURFACE_STYLE_FILL_AREA ( #1789 ) ;
#526 =( NAMED_UNIT ( * ) PLANE_ANGLE_UNIT ( ) SI_UNIT ( $, .RADIAN. ) );
#527 = CARTESIAN_POINT ( 'NONE',  ( 1.775679213042445151E-16, -1.446999999999999842, 6.884999999999999787 ) ) ;
#528 = LINE ( 'NONE', #3926, #2324 ) ;
#529 =( NAMED_UNIT ( * ) PLANE_ANGLE_UNIT ( ) SI_UNIT ( $, .RADIAN. ) );
#530 = FILL_AREA_STYLE_COLOUR ( '', #1292 ) ;
#531 = EDGE_CURVE ( 'NONE', #3856, #4213, #2478, .T. ) ;
#532 = DIRECTION ( 'NONE',  ( 1.000000000000000000, 0.000000000000000000, 0.000000000000000000 ) ) ;
#533 = ORIENTED_EDGE ( 'NONE', *, *, #5230, .T. ) ;
#534 = SURFACE_STYLE_FILL_AREA ( #2662 ) ;
#535 = FACE_OUTER_BOUND ( 'NONE', #1589, .T. ) ;
#536 = LINE ( 'NONE', #2713, #3622 ) ;
#537 = DIRECTION ( 'NONE',  ( 0.000000000000000000, 0.000000000000000000, 1.000000000000000000 ) ) ;
#538 = DIRECTION ( 'NONE',  ( -1.000000000000000000, 0.000000000000000000, 0.000000000000000000 ) ) ;
#539 =( NAMED_UNIT ( * ) PLANE_ANGLE_UNIT ( ) SI_UNIT ( $, .RADIAN. ) );
#540 = ORIENTED_EDGE ( 'NONE', *, *, #5230, .F. ) ;
#541 = VECTOR ( 'NONE', #1667, 1000.000000000000000 ) ;
#542 = ORIENTED_EDGE ( 'NONE', *, *, #4490, .T. ) ;
#543 = ORIENTED_EDGE ( 'NONE', *, *, #1583, .T. ) ;
#544 = SURFACE_SIDE_STYLE ('',( #1850 ) ) ;
#545 = AXIS2_PLACEMENT_3D ( 'NONE', #5320, #3199, #3355 ) ;
#546 = FACE_OUTER_BOUND ( 'NONE', #4373, .T. ) ;
#547 = LINE ( 'NONE', #3068, #2422 ) ;
#548 =( NAMED_UNIT ( * ) SI_UNIT ( $, .STERADIAN. ) SOLID_ANGLE_UNIT ( ) );
#549 = VECTOR ( 'NONE', #3161, 1000.000000000000000 ) ;
#550 = SURFACE_SIDE_STYLE ('',( #498 ) ) ;
#551 = AXIS2_PLACEMENT_3D ( 'NONE', #414, #3403, #5499 ) ;
#552 = LINE ( 'NONE', #162, #1172 ) ;
#553 = PRESENTATION_STYLE_ASSIGNMENT (( #5233 ) ) ;
#554 = DIRECTION ( 'NONE',  ( -1.000000000000000000, 0.000000000000000000, 0.000000000000000000 ) ) ;
#555 = PRESENTATION_LAYER_ASSIGNMENT (  '', '', ( #1177 ) ) ;
#556 = LINE ( 'NONE', #3932, #208 ) ;
#557 = CARTESIAN_POINT ( 'NONE',  ( 0.9200000000000000400, -8.693396881765760753, 1.015000000000000124 ) ) ;
#558 = VERTEX_POINT ( 'NONE', #587 ) ;
#559 = CARTESIAN_POINT ( 'NONE',  ( -1.020000000000000018, -8.419999999999999929, -10.11746870376959961 ) ) ;
#560 = EDGE_CURVE ( 'NONE', #2316, #4127, #3609, .T. ) ;
#561 = FILL_AREA_STYLE_COLOUR ( '', #1500 ) ;
#562 = CARTESIAN_POINT ( 'NONE',  ( -1.020000000000000018, -11.11999999999999922, -1.025000000000000133 ) ) ;
#564 = ORIENTED_EDGE ( 'NONE', *, *, #1920, .T. ) ;
#563 = CARTESIAN_POINT ( 'NONE',  ( 1.520000000000000018, -0.3723944653317580178, -4.845000000000000639 ) ) ;
#565 = ORIENTED_EDGE ( 'NONE', *, *, #3453, .F. ) ;
#566 = CARTESIAN_POINT ( 'NONE',  ( -1.277036423998930248, -7.119999999999999218, 1.015000000000000124 ) ) ;
#567 = ORIENTED_EDGE ( 'NONE', *, *, #3830, .T. ) ;
#568 = LINE ( 'NONE', #2269, #2094 ) ;
#569 = EDGE_CURVE ( 'NONE', #3716, #4127, #372, .T. ) ;
#570 = ORIENTED_EDGE ( 'NONE', *, *, #2265, .T. ) ;
#571 = VERTEX_POINT ( 'NONE', #4678 ) ;
#572 = ORIENTED_EDGE ( 'NONE', *, *, #4589, .T. ) ;
#573 = SURFACE_STYLE_FILL_AREA ( #5306 ) ;
#574 = DIRECTION ( 'NONE',  ( 0.000000000000000000, 0.000000000000000000, 1.000000000000000000 ) ) ;
#575 = DIRECTION ( 'NONE',  ( 0.000000000000000000, -7.608436298143890073E-16, -1.000000000000000000 ) ) ;
#576 =( LENGTH_UNIT ( ) NAMED_UNIT ( * ) SI_UNIT ( .MILLI., .METRE. ) );
#577 = VECTOR ( 'NONE', #286, 1000.000000000000000 ) ;
#578 =( NAMED_UNIT ( * ) SI_UNIT ( $, .STERADIAN. ) SOLID_ANGLE_UNIT ( ) );
#579 = CARTESIAN_POINT ( 'NONE',  ( 2.160000000000000142, -0.3723944653317539655, 2.295000000000000373 ) ) ;
#580 = FILL_AREA_STYLE ('',( #105 ) ) ;
#581 = VECTOR ( 'NONE', #355, 1000.000000000000000 ) ;
#582 = COLOUR_RGB ( '',0.7529411764705882248, 0.7529411764705882248, 0.7529411764705882248 ) ;
#583 = CARTESIAN_POINT ( 'NONE',  ( 2.160000000000000142, -7.119999999999999218, -3.564999999999999947 ) ) ;
#584 = CLOSED_SHELL ( 'NONE', ( #4749, #4750, #3758, #738, #2541, #3010 ) ) ;
#585 = ADVANCED_FACE ( 'NONE', ( #3775 ), #9, .T. ) ;
#586 = STYLED_ITEM ( 'NONE', ( #4115 ), #4544 ) ;
#587 = CARTESIAN_POINT ( 'NONE',  ( 1.520000000000000018, -7.119999999999999218, -4.065000000000000391 ) ) ;
#588 = CARTESIAN_POINT ( 'NONE',  ( 2.160000000000000142, -6.119999999999999218, -16.22427834969624882 ) ) ;
#589 = COLOUR_RGB ( '',0.7529411764705882248, 0.7529411764705882248, 0.7529411764705882248 ) ;
#590 = MECHANICAL_DESIGN_GEOMETRIC_PRESENTATION_REPRESENTATION (  '', ( #4855 ), #2642 ) ;
#591 = CIRCLE ( 'NONE', #3266, 1.449999999999999067 ) ;
#592 = FILL_AREA_STYLE ('',( #4414 ) ) ;
#593 = VECTOR ( 'NONE', #959, 1000.000000000000000 ) ;
#594 = VECTOR ( 'NONE', #1013, 1000.000000000000000 ) ;
#595 = CARTESIAN_POINT ( 'NONE',  ( -1.243589743589730068, -2.247746697746650035, 5.714999999999999858 ) ) ;
#596 = VECTOR ( 'NONE', #2297, 1000.000000000000000 ) ;
#597 = CARTESIAN_POINT ( 'NONE',  ( 1.520000000000000018, -5.120000000000000995, -4.065000000000000391 ) ) ;
#598 = ORIENTED_EDGE ( 'NONE', *, *, #1050, .F. ) ;
#599 = LINE ( 'NONE', #4043, #4789 ) ;
#600 = CARTESIAN_POINT ( 'NONE',  ( 2.160000000000000142, -7.620000000000000107, -16.22427834969624882 ) ) ;
#601 = COLOUR_RGB ( '',0.2509803921568627416, 0.2509803921568627416, 0.2509803921568627416 ) ;
#602 = CARTESIAN_POINT ( 'NONE',  ( -1.277036423998930248, -6.412893218813461083, -1.525000000000000133 ) ) ;
#603 = ORIENTED_EDGE ( 'NONE', *, *, #1854, .F. ) ;
#604 = VERTEX_POINT ( 'NONE', #3421 ) ;
#605 = SURFACE_STYLE_USAGE ( .BOTH. , #2725 ) ;
#606 = ADVANCED_FACE ( 'NONE', ( #1333 ), #916, .T. ) ;
#607 = COLOUR_RGB ( '',0.2509803921568627416, 0.2509803921568627416, 0.2509803921568627416 ) ;
#608 = ORIENTED_EDGE ( 'NONE', *, *, #4522, .T. ) ;
#609 = EDGE_CURVE ( 'NONE', #4840, #3687, #4709, .T. ) ;
#610 = LINE ( 'NONE', #1073, #851 ) ;
#611 = FACE_OUTER_BOUND ( 'NONE', #4970, .T. ) ;
#612 = CARTESIAN_POINT ( 'NONE',  ( -1.153846153846141975, -2.247746697746650035, 5.714999999999999858 ) ) ;
#613 =( GEOMETRIC_REPRESENTATION_CONTEXT ( 3 ) GLOBAL_UNCERTAINTY_ASSIGNED_CONTEXT ( ( #2492 ) ) GLOBAL_UNIT_ASSIGNED_CONTEXT ( ( #2341, #3204, #4832 ) ) REPRESENTATION_CONTEXT ( 'NONE', 'WORKASPACE' ) );
#614 = DIRECTION ( 'NONE',  ( 0.000000000000000000, -1.000000000000000000, 0.000000000000000000 ) ) ;
#615 = LINE ( 'NONE', #2806, #281 ) ;
#616 = DIRECTION ( 'NONE',  ( 0.000000000000000000, 1.000000000000000000, 0.000000000000000000 ) ) ;
#617 = UNCERTAINTY_MEASURE_WITH_UNIT (LENGTH_MEASURE( 1.000000000000000082E-05 ), #576, 'distance_accuracy_value', 'NONE');
#618 = EDGE_CURVE ( 'NONE', #4029, #2060, #2979, .T. ) ;
#619 = PRESENTATION_STYLE_ASSIGNMENT (( #2419 ) ) ;
#620 = CARTESIAN_POINT ( 'NONE',  ( -1.449999999999999956, 5.083000000000000185, 6.884999999999999787 ) ) ;
#621 = FACE_OUTER_BOUND ( 'NONE', #5300, .T. ) ;
#622 = LINE ( 'NONE', #1802, #2657 ) ;
#623 = FILL_AREA_STYLE_COLOUR ( '', #2287 ) ;
#624 =( LENGTH_UNIT ( ) NAMED_UNIT ( * ) SI_UNIT ( .MILLI., .METRE. ) );
#625 = ORIENTED_EDGE ( 'NONE', *, *, #4095, .T. ) ;
#626 = VERTEX_POINT ( 'NONE', #486 ) ;
#627 = DIRECTION ( 'NONE',  ( 0.000000000000000000, 7.608436298143890073E-16, 1.000000000000000000 ) ) ;
#628 = ORIENTED_EDGE ( 'NONE', *, *, #1208, .F. ) ;
#629 = UNCERTAINTY_MEASURE_WITH_UNIT (LENGTH_MEASURE( 1.000000000000000082E-05 ), #436, 'distance_accuracy_value', 'NONE');
#630 = EDGE_LOOP ( 'NONE', ( #192, #3393, #5169, #5189 ) ) ;
#631 = ORIENTED_EDGE ( 'NONE', *, *, #4938, .F. ) ;
#632 = DIRECTION ( 'NONE',  ( -1.000000000000000000, 0.000000000000000000, 0.000000000000000000 ) ) ;
#633 = ORIENTED_EDGE ( 'NONE', *, *, #3466, .F. ) ;
#634 = MECHANICAL_DESIGN_GEOMETRIC_PRESENTATION_REPRESENTATION (  '', ( #2966 ), #3571 ) ;
#635 = CARTESIAN_POINT ( 'NONE',  ( 1.020000000000000018, 4.583000000000000185, -3.564999999999999947 ) ) ;
#636 = EDGE_CURVE ( 'NONE', #2949, #3100, #1217, .T. ) ;
#637 = CARTESIAN_POINT ( 'NONE',  ( -1.520000000000000018, -5.120000000000000107, -4.065000000000000391 ) ) ;
#638 = SURFACE_STYLE_FILL_AREA ( #1030 ) ;
#639 =( NAMED_UNIT ( * ) PLANE_ANGLE_UNIT ( ) SI_UNIT ( $, .RADIAN. ) );
#640 = VECTOR ( 'NONE', #2870, 1000.000000000000000 ) ;
#641 = AXIS2_PLACEMENT_3D ( 'NONE', #2253, #3040, #3072 ) ;
#642 = LINE ( 'NONE', #190, #5020 ) ;
#643 =( NAMED_UNIT ( * ) SI_UNIT ( $, .STERADIAN. ) SOLID_ANGLE_UNIT ( ) );
#644 = DIRECTION ( 'NONE',  ( 0.000000000000000000, -1.000000000000000000, -1.301042606982598024E-15 ) ) ;
#645 = MECHANICAL_DESIGN_GEOMETRIC_PRESENTATION_REPRESENTATION (  '', ( #2327 ), #3673 ) ;
#646 = CARTESIAN_POINT ( 'NONE',  ( -2.160000000000000142, -0.3723944653317550202, -5.714999999999999858 ) ) ;
#647 = ADVANCED_FACE ( 'NONE', ( #2503 ), #4195, .T. ) ;
#648 = LINE ( 'NONE', #2849, #145 ) ;
#649 = PRESENTATION_STYLE_ASSIGNMENT (( #3247 ) ) ;
#650 =( LENGTH_UNIT ( ) NAMED_UNIT ( * ) SI_UNIT ( .MILLI., .METRE. ) );
#651 = CARTESIAN_POINT ( 'NONE',  ( -1.277036423998930248, 4.583000000000000185, -4.065000000000000391 ) ) ;
#652 = VERTEX_POINT ( 'NONE', #2676 ) ;
#653 = PLANE ( 'NONE',  #1310 ) ;
#654 = MANIFOLD_SOLID_BREP ( 'NONE', #309 ) ;
#655 = ORIENTED_EDGE ( 'NONE', *, *, #1315, .T. ) ;
#656 = ORIENTED_EDGE ( 'NONE', *, *, #457, .F. ) ;
#657 = DIRECTION ( 'NONE',  ( 0.000000000000000000, -1.000000000000000000, 0.000000000000000000 ) ) ;
#658 = ORIENTED_EDGE ( 'NONE', *, *, #3430, .T. ) ;
#659 = LINE ( 'NONE', #4380, #3431 ) ;
#660 = PRESENTATION_STYLE_ASSIGNMENT (( #4894 ) ) ;
#661 = CARTESIAN_POINT ( 'NONE',  ( 1.192307692307703837, -2.260567210567149932, 5.714999999999999858 ) ) ;
#662 = DIRECTION ( 'NONE',  ( 0.000000000000000000, -1.000000000000000000, 0.000000000000000000 ) ) ;
#663 = UNCERTAINTY_MEASURE_WITH_UNIT (LENGTH_MEASURE( 1.000000000000000082E-05 ), #1941, 'distance_accuracy_value', 'NONE');
#664 = CARTESIAN_POINT ( 'NONE',  ( -1.449999999999999956, -5.076999999999999957, 6.884999999999999787 ) ) ;
#665 = LINE ( 'NONE', #4463, #3544 ) ;
#666 = SURFACE_SIDE_STYLE ('',( #5280 ) ) ;
#667 = FILL_AREA_STYLE ('',( #185 ) ) ;
#668 = PRESENTATION_LAYER_ASSIGNMENT (  '', '', ( #3084 ) ) ;
#669 = MECHANICAL_DESIGN_GEOMETRIC_PRESENTATION_REPRESENTATION (  '', ( #2356 ), #1301 ) ;
#670 = EDGE_CURVE ( 'NONE', #480, #5268, #3155, .T. ) ;
#671 = FILL_AREA_STYLE ('',( #4901 ) ) ;
#672 = CARTESIAN_POINT ( 'NONE',  ( -1.020000000000000018, -11.11999999999999922, 1.515000000000000124 ) ) ;
#673 = COLOUR_RGB ( '',0.2509803921568627416, 0.2509803921568627416, 0.2509803921568627416 ) ;
#674 = VECTOR ( 'NONE', #2804, 1000.000000000000000 ) ;
#675 =( NAMED_UNIT ( * ) SI_UNIT ( $, .STERADIAN. ) SOLID_ANGLE_UNIT ( ) );
#676 =( LENGTH_UNIT ( ) NAMED_UNIT ( * ) SI_UNIT ( .MILLI., .METRE. ) );
#677 =( GEOMETRIC_REPRESENTATION_CONTEXT ( 3 ) GLOBAL_UNCERTAINTY_ASSIGNED_CONTEXT ( ( #1990 ) ) GLOBAL_UNIT_ASSIGNED_CONTEXT ( ( #4445, #1491, #4012 ) ) REPRESENTATION_CONTEXT ( 'NONE', 'WORKASPACE' ) );
#678 = STYLED_ITEM ( 'NONE', ( #3923 ), #164 ) ;
#680 = ORIENTED_EDGE ( 'NONE', *, *, #2720, .T. ) ;
#679 = CARTESIAN_POINT ( 'NONE',  ( 1.619999999999999885, -8.693396881765760753, 1.015000000000000124 ) ) ;
#681 = ORIENTED_EDGE ( 'NONE', *, *, #2484, .T. ) ;
#682 = ORIENTED_EDGE ( 'NONE', *, *, #943, .T. ) ;
#683 = MANIFOLD_SOLID_BREP ( 'NONE', #584 ) ;
#684 = PRESENTATION_LAYER_ASSIGNMENT (  '', '', ( #1125 ) ) ;
#685 = AXIS2_PLACEMENT_3D ( 'NONE', #823, #2522, #2555 ) ;
#686 = AXIS2_PLACEMENT_3D ( 'NONE', #600, #1440, #2718 ) ;
#687 = ORIENTED_EDGE ( 'NONE', *, *, #3065, .F. ) ;
#688 =( NAMED_UNIT ( * ) SI_UNIT ( $, .STERADIAN. ) SOLID_ANGLE_UNIT ( ) );
#689 = PLANE ( 'NONE',  #2273 ) ;
#690 = FACE_OUTER_BOUND ( 'NONE', #2206, .T. ) ;
#691 = STYLED_ITEM ( 'NONE', ( #4041 ), #1075 ) ;
#692 = PRESENTATION_STYLE_ASSIGNMENT (( #1098 ) ) ;
#693 = COLOUR_RGB ( '',0.2509803921568627416, 0.2509803921568627416, 0.2509803921568627416 ) ;
#694 =( LENGTH_UNIT ( ) NAMED_UNIT ( * ) SI_UNIT ( .MILLI., .METRE. ) );
#695 = FACE_OUTER_BOUND ( 'NONE', #1331, .T. ) ;
#696 = LINE ( 'NONE', #837, #4738 ) ;
#697 = SURFACE_STYLE_USAGE ( .BOTH. , #3593 ) ;
#698 =( GEOMETRIC_REPRESENTATION_CONTEXT ( 3 ) GLOBAL_UNCERTAINTY_ASSIGNED_CONTEXT ( ( #4991 ) ) GLOBAL_UNIT_ASSIGNED_CONTEXT ( ( #3240, #2391, #3541 ) ) REPRESENTATION_CONTEXT ( 'NONE', 'WORKASPACE' ) );
#699 = DIRECTION ( 'NONE',  ( 0.000000000000000000, -1.000000000000000000, 0.000000000000000000 ) ) ;
#700 = CARTESIAN_POINT ( 'NONE',  ( -3.966440926441800130, -8.419999999999999929, 1.015000000000000124 ) ) ;
#701 = SURFACE_SIDE_STYLE ('',( #4525 ) ) ;
#702 = EDGE_LOOP ( 'NONE', ( #985, #4719, #655, #3585, #1385, #3363, #3765, #3890 ) ) ;
#703 = CARTESIAN_POINT ( 'NONE',  ( -1.520000000000000018, -8.419999999999999929, 1.015000000000000124 ) ) ;
#704 = ADVANCED_FACE ( 'NONE', ( #1357 ), #4751, .T. ) ;
#705 = ADVANCED_FACE ( 'NONE', ( #258 ), #5353, .T. ) ;
#706 = DIRECTION ( 'NONE',  ( 0.000000000000000000, 0.000000000000000000, 1.000000000000000000 ) ) ;
#707 = SURFACE_STYLE_USAGE ( .BOTH. , #1998 ) ;
#708 = EDGE_LOOP ( 'NONE', ( #2876, #4471, #1444, #3498 ) ) ;
#709 = CARTESIAN_POINT ( 'NONE',  ( -1.520000000000000018, -7.119999999999999218, -10.11746870376959961 ) ) ;
#710 = DIRECTION ( 'NONE',  ( 0.000000000000000000, 0.000000000000000000, -1.000000000000000000 ) ) ;
#711 = SURFACE_STYLE_FILL_AREA ( #2403 ) ;
#712 = ORIENTED_EDGE ( 'NONE', *, *, #1207, .T. ) ;
#713 = DIRECTION ( 'NONE',  ( 1.000000000000000000, 0.000000000000000000, 0.000000000000000000 ) ) ;
#714 = FILL_AREA_STYLE ('',( #2973 ) ) ;
#715 = FILL_AREA_STYLE ('',( #4541 ) ) ;
#716 = CARTESIAN_POINT ( 'NONE',  ( -1.277036423998930248, -11.11999999999999922, -4.065000000000000391 ) ) ;
#717 = EDGE_CURVE ( 'NONE', #4047, #4378, #1504, .T. ) ;
#718 = ORIENTED_EDGE ( 'NONE', *, *, #46, .T. ) ;
#719 = FILL_AREA_STYLE_COLOUR ( '', #2355 ) ;
#720 =( NAMED_UNIT ( * ) PLANE_ANGLE_UNIT ( ) SI_UNIT ( $, .RADIAN. ) );
#721 = CARTESIAN_POINT ( 'NONE',  ( -0.9200000000000000400, -7.420000000000000817, -0.2056555615733750009 ) ) ;
#722 = STYLED_ITEM ( 'NONE', ( #5254 ), #1585 ) ;
#723 = EDGE_CURVE ( 'NONE', #1473, #5136, #4479, .T. ) ;
#724 = CARTESIAN_POINT ( 'NONE',  ( 1.750000000000000000, -0.3723944653317614595, 5.714999999999999858 ) ) ;
#725 = CARTESIAN_POINT ( 'NONE',  ( 1.520000000000000018, -11.11999999999999922, -3.564999999999999947 ) ) ;
#726 = UNCERTAINTY_MEASURE_WITH_UNIT (LENGTH_MEASURE( 1.000000000000000082E-05 ), #4997, 'distance_accuracy_value', 'NONE');
#727 = SURFACE_STYLE_FILL_AREA ( #4069 ) ;
#728 = COLOUR_RGB ( '',0.000000000000000000, 1.000000000000000000, 0.000000000000000000 ) ;
#730 = ORIENTED_EDGE ( 'NONE', *, *, #494, .T. ) ;
#729 = LINE ( 'NONE', #304, #1901 ) ;
#731 = ORIENTED_EDGE ( 'NONE', *, *, #2656, .F. ) ;
#732 = VECTOR ( 'NONE', #381, 1000.000000000000000 ) ;
#733 = ADVANCED_FACE ( 'NONE', ( #2883 ), #4587, .T. ) ;
#734 = FILL_AREA_STYLE_COLOUR ( '', #5031 ) ;
#735 = VECTOR ( 'NONE', #2728, 1000.000000000000000 ) ;
#736 = ORIENTED_EDGE ( 'NONE', *, *, #3660, .T. ) ;
#737 = LINE ( 'NONE', #1976, #932 ) ;
#738 = ADVANCED_FACE ( 'NONE', ( #5137 ), #3029, .T. ) ;
#739 = EDGE_CURVE ( 'NONE', #1640, #2674, #2497, .T. ) ;
#740 = LINE ( 'NONE', #830, #1127 ) ;
#741 =( GEOMETRIC_REPRESENTATION_CONTEXT ( 3 ) GLOBAL_UNCERTAINTY_ASSIGNED_CONTEXT ( ( #4023 ) ) GLOBAL_UNIT_ASSIGNED_CONTEXT ( ( #2833, #156, #3612 ) ) REPRESENTATION_CONTEXT ( 'NONE', 'WORKASPACE' ) );
#742 = DIRECTION ( 'NONE',  ( 0.000000000000000000, 0.000000000000000000, -1.000000000000000000 ) ) ;
#743 = DIRECTION ( 'NONE',  ( -1.000000000000000000, 0.000000000000000000, 0.000000000000000000 ) ) ;
#744 = FILL_AREA_STYLE ('',( #4138 ) ) ;
#745 = DIRECTION ( 'NONE',  ( 0.000000000000000000, 7.608436298143890073E-16, 1.000000000000000000 ) ) ;
#746 =( NAMED_UNIT ( * ) PLANE_ANGLE_UNIT ( ) SI_UNIT ( $, .RADIAN. ) );
#747 = FILL_AREA_STYLE ('',( #5405 ) ) ;
#748 = SURFACE_STYLE_USAGE ( .BOTH. , #5443 ) ;
#749 = PRESENTATION_LAYER_ASSIGNMENT (  '', '', ( #1021 ) ) ;
#750 = CARTESIAN_POINT ( 'NONE',  ( -1.243589743589730068, -2.542618492618445192, 5.814999999999999503 ) ) ;
#751 = EDGE_CURVE ( 'NONE', #4351, #4307, #4723, .T. ) ;
#752 = PRESENTATION_LAYER_ASSIGNMENT (  '', '', ( #3165 ) ) ;
#753 = SURFACE_STYLE_USAGE ( .BOTH. , #246 ) ;
#754 = DIRECTION ( 'NONE',  ( -4.336808689942020201E-16, 1.000000000000000000, 0.000000000000000000 ) ) ;
#755 = AXIS2_PLACEMENT_3D ( 'NONE', #4926, #2393, #4524 ) ;
#756 = VECTOR ( 'NONE', #2607, 1000.000000000000000 ) ;
#757 = CARTESIAN_POINT ( 'NONE',  ( 2.160000000000000142, -0.3723944653317750042, -0.004999999999998059816 ) ) ;
#758 = DIRECTION ( 'NONE',  ( -1.000000000000000000, 0.000000000000000000, 0.000000000000000000 ) ) ;
#759 = CARTESIAN_POINT ( 'NONE',  ( -1.020000000000000018, -6.412893218813461083, -10.11746870376959961 ) ) ;
#760 = VERTEX_POINT ( 'NONE', #906 ) ;
#761 =( GEOMETRIC_REPRESENTATION_CONTEXT ( 3 ) GLOBAL_UNCERTAINTY_ASSIGNED_CONTEXT ( ( #5393 ) ) GLOBAL_UNIT_ASSIGNED_CONTEXT ( ( #2625, #24, #1673 ) ) REPRESENTATION_CONTEXT ( 'NONE', 'WORKASPACE' ) );
#762 = APPLICATION_PROTOCOL_DEFINITION ( 'draft international standard', 'automotive_design', 1998, #3197 ) ;
#763 = CARTESIAN_POINT ( 'NONE',  ( -1.153846153846141975, -2.158003108003060166, 5.814999999999999503 ) ) ;
#764 = PRESENTATION_STYLE_ASSIGNMENT (( #2796 ) ) ;
#765 = COLOUR_RGB ( '',0.7529411764705882248, 0.7529411764705882248, 0.7529411764705882248 ) ;
#766 = ORIENTED_EDGE ( 'NONE', *, *, #296, .T. ) ;
#767 = SURFACE_STYLE_FILL_AREA ( #283 ) ;
#768 = STYLED_ITEM ( 'NONE', ( #4169 ), #186 ) ;
#769 = DIRECTION ( 'NONE',  ( 0.000000000000000000, 0.000000000000000000, -1.000000000000000000 ) ) ;
#770 = STYLED_ITEM ( 'NONE', ( #4729 ), #4805 ) ;
#771 =( LENGTH_UNIT ( ) NAMED_UNIT ( * ) SI_UNIT ( .MILLI., .METRE. ) );
#772 = COLOUR_RGB ( '',0.2509803921568627416, 0.2509803921568627416, 0.2509803921568627416 ) ;
#773 = VECTOR ( 'NONE', #4582, 1000.000000000000000 ) ;
#774 =( GEOMETRIC_REPRESENTATION_CONTEXT ( 3 ) GLOBAL_UNCERTAINTY_ASSIGNED_CONTEXT ( ( #4007 ) ) GLOBAL_UNIT_ASSIGNED_CONTEXT ( ( #2932, #3345, #2570 ) ) REPRESENTATION_CONTEXT ( 'NONE', 'WORKASPACE' ) );
#775 = EDGE_CURVE ( 'NONE', #4273, #1925, #1268, .T. ) ;
#776 = EDGE_CURVE ( 'NONE', #124, #3098, #2116, .T. ) ;
#777 = ORIENTED_EDGE ( 'NONE', *, *, #3056, .F. ) ;
#778 = CARTESIAN_POINT ( 'NONE',  ( 1.520000000000000018, 5.083000000000000185, -10.11746870376959961 ) ) ;
#779 = PRESENTATION_LAYER_ASSIGNMENT (  '', '', ( #2467 ) ) ;
#780 = CIRCLE ( 'NONE', #4062, 0.5000000000000000000 ) ;
#781 = VECTOR ( 'NONE', #4473, 1000.000000000000000 ) ;
#783 = ORIENTED_EDGE ( 'NONE', *, *, #2847, .F. ) ;
#782 = DIRECTION ( 'NONE',  ( -1.000000000000000000, 0.000000000000000000, 0.000000000000000000 ) ) ;
#784 = SURFACE_STYLE_USAGE ( .BOTH. , #404 ) ;
#785 = FACE_OUTER_BOUND ( 'NONE', #148, .T. ) ;
#786 = CARTESIAN_POINT ( 'NONE',  ( 0.000000000000000000, 0.002999999999999389873, 6.884999999999999787 ) ) ;
#787 = LINE ( 'NONE', #3729, #5111 ) ;
#788 = AXIS2_PLACEMENT_3D ( 'NONE', #2694, #4779, #886 ) ;
#789 = DIRECTION ( 'NONE',  ( 0.000000000000000000, 1.000000000000000000, 0.000000000000000000 ) ) ;
#790 = UNCERTAINTY_MEASURE_WITH_UNIT (LENGTH_MEASURE( 1.000000000000000082E-05 ), #1936, 'distance_accuracy_value', 'NONE');
#791 = FILL_AREA_STYLE ('',( #1614 ) ) ;
#792 = UNCERTAINTY_MEASURE_WITH_UNIT (LENGTH_MEASURE( 1.000000000000000082E-05 ), #5036, 'distance_accuracy_value', 'NONE');
#793 = DIRECTION ( 'NONE',  ( 1.000000000000000000, 0.000000000000000000, 0.000000000000000000 ) ) ;
#794 = CARTESIAN_POINT ( 'NONE',  ( -1.020000000000000018, -6.412893218813461083, -1.525000000000000133 ) ) ;
#795 = ORIENTED_EDGE ( 'NONE', *, *, #3310, .F. ) ;
#796 = ORIENTED_EDGE ( 'NONE', *, *, #3043, .F. ) ;
#797 = CARTESIAN_POINT ( 'NONE',  ( 0.000000000000000000, 0.000000000000000000, 0.000000000000000000 ) ) ;
#798 = FACE_OUTER_BOUND ( 'NONE', #3062, .T. ) ;
#799 = CARTESIAN_POINT ( 'NONE',  ( -1.020000000000000018, 7.620000000000000107, -5.714999999999999858 ) ) ;
#800 = DIRECTION ( 'NONE',  ( 1.000000000000000000, 0.000000000000000000, 0.000000000000000000 ) ) ;
#801 = ORIENTED_EDGE ( 'NONE', *, *, #1995, .F. ) ;
#802 = ORIENTED_EDGE ( 'NONE', *, *, #1471, .T. ) ;
#803 =( LENGTH_UNIT ( ) NAMED_UNIT ( * ) SI_UNIT ( .MILLI., .METRE. ) );
#804 = SURFACE_STYLE_USAGE ( .BOTH. , #2832 ) ;
#805 =( LENGTH_UNIT ( ) NAMED_UNIT ( * ) SI_UNIT ( .MILLI., .METRE. ) );
#806 = PRESENTATION_STYLE_ASSIGNMENT (( #2090 ) ) ;
#807 =( NAMED_UNIT ( * ) SI_UNIT ( $, .STERADIAN. ) SOLID_ANGLE_UNIT ( ) );
#808 = DIRECTION ( 'NONE',  ( 0.000000000000000000, 0.000000000000000000, -1.000000000000000000 ) ) ;
#809 =( LENGTH_UNIT ( ) NAMED_UNIT ( * ) SI_UNIT ( .MILLI., .METRE. ) );
#810 = DIRECTION ( 'NONE',  ( 0.000000000000000000, -1.301042606982598024E-15, 1.000000000000000000 ) ) ;
#811 = CARTESIAN_POINT ( 'NONE',  ( 1.020000000000000018, -11.11999999999999922, -1.525000000000000133 ) ) ;
#812 = ADVANCED_FACE ( 'NONE', ( #3849 ), #5081, .F. ) ;
#813 =( NAMED_UNIT ( * ) PLANE_ANGLE_UNIT ( ) SI_UNIT ( $, .RADIAN. ) );
#814 = CARTESIAN_POINT ( 'NONE',  ( 2.160000000000000142, -0.3723944653317580178, -4.845000000000000639 ) ) ;
#815 = AXIS2_PLACEMENT_3D ( 'NONE', #4204, #3402, #380 ) ;
#816 = LINE ( 'NONE', #3736, #5460 ) ;
#817 =( GEOMETRIC_REPRESENTATION_CONTEXT ( 3 ) GLOBAL_UNCERTAINTY_ASSIGNED_CONTEXT ( ( #334 ) ) GLOBAL_UNIT_ASSIGNED_CONTEXT ( ( #3967, #5266, #117 ) ) REPRESENTATION_CONTEXT ( 'NONE', 'WORKASPACE' ) );
#818 =( LENGTH_UNIT ( ) NAMED_UNIT ( * ) SI_UNIT ( .MILLI., .METRE. ) );
#819 = PRESENTATION_STYLE_ASSIGNMENT (( #387 ) ) ;
#820 = EDGE_LOOP ( 'NONE', ( #2010, #225, #5132, #4988 ) ) ;
#821 = VECTOR ( 'NONE', #3675, 1000.000000000000000 ) ;
#822 = VERTEX_POINT ( 'NONE', #1860 ) ;
#823 = CARTESIAN_POINT ( 'NONE',  ( -1.520000000000000018, 5.083000000000000185, -10.11746870376959961 ) ) ;
#824 = COLOUR_RGB ( '',0.2509803921568627416, 0.2509803921568627416, 0.2509803921568627416 ) ;
#825 = PRESENTATION_LAYER_ASSIGNMENT (  '', '', ( #4814 ) ) ;
#826 = CARTESIAN_POINT ( 'NONE',  ( 2.160000000000000142, 7.620000000000000107, 5.714999999999999858 ) ) ;
#827 = ORIENTED_EDGE ( 'NONE', *, *, #1405, .T. ) ;
#828 = FILL_AREA_STYLE ('',( #2856 ) ) ;
#829 = EDGE_CURVE ( 'NONE', #934, #1932, #2207, .T. ) ;
#830 = CARTESIAN_POINT ( 'NONE',  ( 1.520000000000000018, -7.420000000000000817, -10.11746870376959961 ) ) ;
#831 = ORIENTED_EDGE ( 'NONE', *, *, #4170, .T. ) ;
#832 = FILL_AREA_STYLE_COLOUR ( '', #2730 ) ;
#833 = ORIENTED_EDGE ( 'NONE', *, *, #456, .T. ) ;
#834 = DIRECTION ( 'NONE',  ( 0.000000000000000000, 0.000000000000000000, -1.000000000000000000 ) ) ;
#835 = DIRECTION ( 'NONE',  ( 0.000000000000000000, 1.000000000000000000, 3.469446951953615175E-16 ) ) ;
#836 = VECTOR ( 'NONE', #3492, 1000.000000000000000 ) ;
#837 = CARTESIAN_POINT ( 'NONE',  ( 2.160000000000000142, -7.620000000000000107, -16.22427834969624882 ) ) ;
#838 = UNCERTAINTY_MEASURE_WITH_UNIT (LENGTH_MEASURE( 1.000000000000000082E-05 ), #694, 'distance_accuracy_value', 'NONE');
#839 = VECTOR ( 'NONE', #5414, 1000.000000000000000 ) ;
#840 = FACE_OUTER_BOUND ( 'NONE', #708, .T. ) ;
#841 = SURFACE_STYLE_USAGE ( .BOTH. , #1193 ) ;
#842 = DIRECTION ( 'NONE',  ( 0.000000000000000000, 0.000000000000000000, 1.000000000000000000 ) ) ;
#843 = FACE_OUTER_BOUND ( 'NONE', #4732, .T. ) ;
#844 = CYLINDRICAL_SURFACE ( 'NONE', #2542, 1.449999999999999956 ) ;
#845 = EDGE_CURVE ( 'NONE', #422, #3299, #3939, .T. ) ;
#846 = SURFACE_STYLE_USAGE ( .BOTH. , #1259 ) ;
#847 =( NAMED_UNIT ( * ) PLANE_ANGLE_UNIT ( ) SI_UNIT ( $, .RADIAN. ) );
#848 = ORIENTED_EDGE ( 'NONE', *, *, #4171, .F. ) ;
#849 = VERTEX_POINT ( 'NONE', #3911 ) ;
#850 =( NAMED_UNIT ( * ) SI_UNIT ( $, .STERADIAN. ) SOLID_ANGLE_UNIT ( ) );
#851 = VECTOR ( 'NONE', #181, 1000.000000000000000 ) ;
#852 = ORIENTED_EDGE ( 'NONE', *, *, #1748, .T. ) ;
#853 = PRESENTATION_LAYER_ASSIGNMENT (  '', '', ( #3085 ) ) ;
#854 = ORIENTED_EDGE ( 'NONE', *, *, #2847, .T. ) ;
#855 = FACE_OUTER_BOUND ( 'NONE', #3520, .T. ) ;
#856 = ORIENTED_EDGE ( 'NONE', *, *, #2126, .F. ) ;
#857 = SURFACE_SIDE_STYLE ('',( #3033 ) ) ;
#858 = EDGE_LOOP ( 'NONE', ( #4831, #4156, #3550, #4695 ) ) ;
#859 = PRESENTATION_LAYER_ASSIGNMENT (  '', '', ( #2632 ) ) ;
#860 = MECHANICAL_DESIGN_GEOMETRIC_PRESENTATION_REPRESENTATION (  '', ( #399 ), #496 ) ;
#861 = CARTESIAN_POINT ( 'NONE',  ( 0.000000000000000000, 1.453000000000000069, 5.714999999999999858 ) ) ;
#862 = EDGE_LOOP ( 'NONE', ( #455, #1522, #3797, #3326 ) ) ;
#863 = MECHANICAL_DESIGN_GEOMETRIC_PRESENTATION_REPRESENTATION (  '', ( #4140 ), #2280 ) ;
#864 = COLOUR_RGB ( '',0.7529411764705882248, 0.7529411764705882248, 0.7529411764705882248 ) ;
#865 = CARTESIAN_POINT ( 'NONE',  ( -1.277036423998940240, 5.083000000000000185, -3.564999999999999947 ) ) ;
#866 = FACE_OUTER_BOUND ( 'NONE', #4580, .T. ) ;
#867 =( GEOMETRIC_REPRESENTATION_CONTEXT ( 3 ) GLOBAL_UNCERTAINTY_ASSIGNED_CONTEXT ( ( #3734 ) ) GLOBAL_UNIT_ASSIGNED_CONTEXT ( ( #3094, #3886, #2175 ) ) REPRESENTATION_CONTEXT ( 'NONE', 'WORKASPACE' ) );
#868 = VECTOR ( 'NONE', #3995, 1000.000000000000000 ) ;
#869 = PRESENTATION_LAYER_ASSIGNMENT (  '', '', ( #3273 ) ) ;
#870 = SURFACE_STYLE_FILL_AREA ( #1192 ) ;
#871 = LINE ( 'NONE', #4656, #4907 ) ;
#872 = LINE ( 'NONE', #4075, #307 ) ;
#873 =( LENGTH_UNIT ( ) NAMED_UNIT ( * ) SI_UNIT ( .MILLI., .METRE. ) );
#874 = SURFACE_STYLE_FILL_AREA ( #4117 ) ;
#875 = COLOUR_RGB ( '',0.7529411764705882248, 0.7529411764705882248, 0.7529411764705882248 ) ;
#876 = CARTESIAN_POINT ( 'NONE',  ( 2.160000000000000142, -7.620000000000000107, -16.22427834969624882 ) ) ;
#877 = CARTESIAN_POINT ( 'NONE',  ( -1.538461538461525002, -2.247746697746650035, 5.714999999999999858 ) ) ;
#878 = ORIENTED_EDGE ( 'NONE', *, *, #2367, .T. ) ;
#879 = ORIENTED_EDGE ( 'NONE', *, *, #1383, .F. ) ;
#880 = EDGE_CURVE ( 'NONE', #4213, #3761, #3054, .T. ) ;
#881 = MECHANICAL_DESIGN_GEOMETRIC_PRESENTATION_REPRESENTATION (  '', ( #4441 ), #4071 ) ;
#882 = FILL_AREA_STYLE ('',( #4249 ) ) ;
#883 = EDGE_CURVE ( 'NONE', #2677, #905, #780, .T. ) ;
#884 = VERTEX_POINT ( 'NONE', #2260 ) ;
#885 = DIRECTION ( 'NONE',  ( 0.000000000000000000, 0.000000000000000000, -1.000000000000000000 ) ) ;
#886 = DIRECTION ( 'NONE',  ( 1.000000000000000000, 0.000000000000000000, 0.000000000000000000 ) ) ;
#887 = CARTESIAN_POINT ( 'NONE',  ( -1.020000000000000018, -7.119999999999999218, -3.564999999999999947 ) ) ;
#888 = EDGE_LOOP ( 'NONE', ( #1685, #856, #3682, #4212 ) ) ;
#889 = CARTESIAN_POINT ( 'NONE',  ( 1.020000000000000018, -7.420000000000000817, 1.515000000000000124 ) ) ;
#890 = ORIENTED_EDGE ( 'NONE', *, *, #2051, .F. ) ;
#891 = ORIENTED_EDGE ( 'NONE', *, *, #900, .F. ) ;
#892 = PRESENTATION_STYLE_ASSIGNMENT (( #2950 ) ) ;
#893 = ORIENTED_EDGE ( 'NONE', *, *, #2813, .F. ) ;
#894 = FILL_AREA_STYLE_COLOUR ( '', #5445 ) ;
#895 = LINE ( 'NONE', #1130, #2970 ) ;
#896 = DIRECTION ( 'NONE',  ( -1.000000000000000000, 0.000000000000000000, -8.673617379884029556E-16 ) ) ;
#897 = EDGE_CURVE ( 'NONE', #5326, #3831, #5215, .T. ) ;
#898 = CARTESIAN_POINT ( 'NONE',  ( 1.520000000000000018, -6.412893218813461083, 1.515000000000000124 ) ) ;
#899 = CARTESIAN_POINT ( 'NONE',  ( 1.520000000000000018, -7.119999999999999218, 1.515000000000000124 ) ) ;
#900 = EDGE_CURVE ( 'NONE', #2115, #4273, #1047, .T. ) ;
#901 = DIRECTION ( 'NONE',  ( -1.000000000000000000, 0.000000000000000000, 0.000000000000000000 ) ) ;
#902 = VERTEX_POINT ( 'NONE', #3467 ) ;
#903 = DIRECTION ( 'NONE',  ( -0.000000000000000000, 1.000000000000000000, 0.000000000000000000 ) ) ;
#904 = SURFACE_SIDE_STYLE ('',( #3875 ) ) ;
#905 = VERTEX_POINT ( 'NONE', #2630 ) ;
#906 = CARTESIAN_POINT ( 'NONE',  ( -1.520000000000000018, -7.119999999999999218, 1.015000000000000124 ) ) ;
#907 = EDGE_CURVE ( 'NONE', #3004, #389, #3966, .T. ) ;
#908 = CARTESIAN_POINT ( 'NONE',  ( 2.160000000000000142, -6.119999999999999218, -16.22427834969624882 ) ) ;
#909 =( NAMED_UNIT ( * ) PLANE_ANGLE_UNIT ( ) SI_UNIT ( $, .RADIAN. ) );
#910 = VECTOR ( 'NONE', #3293, 1000.000000000000000 ) ;
#911 = CARTESIAN_POINT ( 'NONE',  ( 1.449999999999999956, -5.076999999999999957, 5.714999999999999858 ) ) ;
#912 = LINE ( 'NONE', #2610, #2739 ) ;
#913 = CARTESIAN_POINT ( 'NONE',  ( 0.000000000000000000, -5.076999999999999957, 6.884999999999999787 ) ) ;
#914 = ORIENTED_EDGE ( 'NONE', *, *, #4269, .F. ) ;
#915 = ORIENTED_EDGE ( 'NONE', *, *, #917, .F. ) ;
#916 = PLANE ( 'NONE',  #1825 ) ;
#917 = EDGE_CURVE ( 'NONE', #4251, #3080, #1346, .T. ) ;
#918 = VERTEX_POINT ( 'NONE', #513 ) ;
#919 = FACE_BOUND ( 'NONE', #3582, .T. ) ;
#920 =( LENGTH_UNIT ( ) NAMED_UNIT ( * ) SI_UNIT ( .MILLI., .METRE. ) );
#921 = SURFACE_SIDE_STYLE ('',( #1738 ) ) ;
#922 =( GEOMETRIC_REPRESENTATION_CONTEXT ( 3 ) GLOBAL_UNCERTAINTY_ASSIGNED_CONTEXT ( ( #113 ) ) GLOBAL_UNIT_ASSIGNED_CONTEXT ( ( #1277, #1662, #2099 ) ) REPRESENTATION_CONTEXT ( 'NONE', 'WORKASPACE' ) );
#923 = COLOUR_RGB ( '',0.2509803921568627416, 0.2509803921568627416, 0.2509803921568627416 ) ;
#924 = CARTESIAN_POINT ( 'NONE',  ( 1.449999999999999956, 5.083000000000000185, 5.714999999999999858 ) ) ;
#925 = PLANE ( 'NONE',  #4323 ) ;
#926 = UNCERTAINTY_MEASURE_WITH_UNIT (LENGTH_MEASURE( 1.000000000000000082E-05 ), #803, 'distance_accuracy_value', 'NONE');
#927 = DIRECTION ( 'NONE',  ( 0.000000000000000000, 0.000000000000000000, -1.000000000000000000 ) ) ;
#928 = ORIENTED_EDGE ( 'NONE', *, *, #3296, .F. ) ;
#929 = ORIENTED_EDGE ( 'NONE', *, *, #3935, .T. ) ;
#930 = CARTESIAN_POINT ( 'NONE',  ( -1.277036423998930248, -7.119999999999999218, -1.025000000000000133 ) ) ;
#931 = DIRECTION ( 'NONE',  ( -1.000000000000000000, 0.000000000000000000, 0.000000000000000000 ) ) ;
#932 = VECTOR ( 'NONE', #2884, 1000.000000000000000 ) ;
#933 = LINE ( 'NONE', #4282, #3005 ) ;
#934 = VERTEX_POINT ( 'NONE', #3521 ) ;
#935 = EDGE_LOOP ( 'NONE', ( #915, #766, #2112, #2579 ) ) ;
#936 = AXIS2_PLACEMENT_3D ( 'NONE', #3712, #4984, #1197 ) ;
#937 =( GEOMETRIC_REPRESENTATION_CONTEXT ( 3 ) GLOBAL_UNCERTAINTY_ASSIGNED_CONTEXT ( ( #1099 ) ) GLOBAL_UNIT_ASSIGNED_CONTEXT ( ( #88, #3880, #4643 ) ) REPRESENTATION_CONTEXT ( 'NONE', 'WORKASPACE' ) );
#938 = EDGE_LOOP ( 'NONE', ( #4803, #3210, #1389, #2149 ) ) ;
#939 =( NAMED_UNIT ( * ) SI_UNIT ( $, .STERADIAN. ) SOLID_ANGLE_UNIT ( ) );
#940 = DIRECTION ( 'NONE',  ( -1.000000000000000000, 0.000000000000000000, 0.000000000000000000 ) ) ;
#941 = FILL_AREA_STYLE ('',( #4436 ) ) ;
#942 = VECTOR ( 'NONE', #5067, 1000.000000000000000 ) ;
#943 = EDGE_CURVE ( 'NONE', #3422, #2209, #1781, .T. ) ;
#944 = EDGE_CURVE ( 'NONE', #3687, #371, #2295, .T. ) ;
#945 = VECTOR ( 'NONE', #2576, 1000.000000000000000 ) ;
#946 = FILL_AREA_STYLE ('',( #3459 ) ) ;
#947 =( GEOMETRIC_REPRESENTATION_CONTEXT ( 3 ) GLOBAL_UNCERTAINTY_ASSIGNED_CONTEXT ( ( #3350 ) ) GLOBAL_UNIT_ASSIGNED_CONTEXT ( ( #2931, #1278, #1663 ) ) REPRESENTATION_CONTEXT ( 'NONE', 'WORKASPACE' ) );
#948 = FILL_AREA_STYLE ('',( #107 ) ) ;
#949 = FILL_AREA_STYLE_COLOUR ( '', #1646 ) ;
#950 = AXIS2_PLACEMENT_3D ( 'NONE', #108, #5357, #1831 ) ;
#951 = MECHANICAL_DESIGN_GEOMETRIC_PRESENTATION_REPRESENTATION (  '', ( #3708 ), #1046 ) ;
#952 = AXIS2_PLACEMENT_3D ( 'NONE', #4624, #2062, #3770 ) ;
#953 = MECHANICAL_DESIGN_GEOMETRIC_PRESENTATION_REPRESENTATION (  '', ( #2651 ), #3419 ) ;
#954 = CARTESIAN_POINT ( 'NONE',  ( 1.020000000000000018, 5.083000000000000185, -3.564999999999999947 ) ) ;
#955 = FACE_OUTER_BOUND ( 'NONE', #1701, .T. ) ;
#956 = LINE ( 'NONE', #557, #549 ) ;
#957 = AXIS2_PLACEMENT_3D ( 'NONE', #1230, #420, #793 ) ;
#958 = UNCERTAINTY_MEASURE_WITH_UNIT (LENGTH_MEASURE( 1.000000000000000082E-05 ), #3507, 'distance_accuracy_value', 'NONE');
#959 = DIRECTION ( 'NONE',  ( 0.000000000000000000, -1.000000000000000000, -3.469446951953615175E-16 ) ) ;
#960 = EDGE_CURVE ( 'NONE', #2098, #4838, #5186, .T. ) ;
#961 = MECHANICAL_DESIGN_GEOMETRIC_PRESENTATION_REPRESENTATION (  '', ( #240 ), #3112 ) ;
#962 = ORIENTED_EDGE ( 'NONE', *, *, #121, .T. ) ;
#963 = CARTESIAN_POINT ( 'NONE',  ( 1.192307692307703837, -2.260567210567149932, 5.814999999999999503 ) ) ;
#964 = CARTESIAN_POINT ( 'NONE',  ( 2.160000000000000142, -7.620000000000000107, -4.845000000000000639 ) ) ;
#965 = LINE ( 'NONE', #5218, #3604 ) ;
#966 = EDGE_LOOP ( 'NONE', ( #2672, #5113, #1128, #1624 ) ) ;
#967 = FILL_AREA_STYLE_COLOUR ( '', #1363 ) ;
#968 = PRODUCT_DEFINITION_FORMATION_WITH_SPECIFIED_SOURCE ( 'ANY', '', #1142, .NOT_KNOWN. ) ;
#969 = LINE ( 'NONE', #1379, #4528 ) ;
#970 = LINE ( 'NONE', #1699, #5386 ) ;
#971 = VERTEX_POINT ( 'NONE', #963 ) ;
#972 = ORIENTED_EDGE ( 'NONE', *, *, #1059, .T. ) ;
#973 = DIRECTION ( 'NONE',  ( 1.000000000000000000, 0.000000000000000000, 0.000000000000000000 ) ) ;
#974 = VERTEX_POINT ( 'NONE', #562 ) ;
#975 = SURFACE_STYLE_FILL_AREA ( #3454 ) ;
#976 = FILL_AREA_STYLE_COLOUR ( '', #3097 ) ;
#977 = PLANE ( 'NONE',  #1119 ) ;
#978 = EDGE_CURVE ( 'NONE', #5268, #4556, #1374, .T. ) ;
#979 = SURFACE_STYLE_FILL_AREA ( #3476 ) ;
#980 = EDGE_CURVE ( 'NONE', #3150, #5451, #2665, .T. ) ;
#981 = SURFACE_STYLE_FILL_AREA ( #4385 ) ;
#982 = SURFACE_STYLE_USAGE ( .BOTH. , #20 ) ;
#983 = CARTESIAN_POINT ( 'NONE',  ( -1.277036423998930248, -11.11999999999999922, -3.564999999999999947 ) ) ;
#984 = PLANE ( 'NONE',  #1169 ) ;
#985 = ORIENTED_EDGE ( 'NONE', *, *, #3957, .F. ) ;
#986 = PRESENTATION_STYLE_ASSIGNMENT (( #219 ) ) ;
#987 = LINE ( 'NONE', #116, #4243 ) ;
#988 = CARTESIAN_POINT ( 'NONE',  ( 1.192307692307703837, -2.260567210567149932, 5.814999999999999503 ) ) ;
#989 = PLANE ( 'NONE',  #5117 ) ;
#990 = ORIENTED_EDGE ( 'NONE', *, *, #829, .T. ) ;
#991 = DIRECTION ( 'NONE',  ( 0.000000000000000000, 1.000000000000000000, 1.301042606982598024E-15 ) ) ;
#992 = ORIENTED_EDGE ( 'NONE', *, *, #4172, .F. ) ;
#993 = MECHANICAL_DESIGN_GEOMETRIC_PRESENTATION_REPRESENTATION (  '', ( #3138 ), #3742 ) ;
#994 = SURFACE_STYLE_FILL_AREA ( #3655 ) ;
#995 = ORIENTED_EDGE ( 'NONE', *, *, #1570, .T. ) ;
#996 = ORIENTED_EDGE ( 'NONE', *, *, #3532, .F. ) ;
#997 = COLOUR_RGB ( '',0.2509803921568627416, 0.2509803921568627416, 0.2509803921568627416 ) ;
#998 = EDGE_CURVE ( 'NONE', #4569, #5433, #536, .T. ) ;
#999 = PRESENTATION_STYLE_ASSIGNMENT (( #3179 ) ) ;
#1000 = CARTESIAN_POINT ( 'NONE',  ( -1.750000000000000000, -7.119999999999999218, -16.22427834969624882 ) ) ;
#1001 = CARTESIAN_POINT ( 'NONE',  ( -1.153846153846141975, -1.863131313131265010, 5.814999999999999503 ) ) ;
#1002 = CARTESIAN_POINT ( 'NONE',  ( -1.277036423998940240, 7.620000000000000107, -3.564999999999999947 ) ) ;
#1003 = VECTOR ( 'NONE', #2680, 1000.000000000000000 ) ;
#1004 = CARTESIAN_POINT ( 'NONE',  ( -1.153846153846141975, -2.158003108003060166, 5.814999999999999503 ) ) ;
#1005 =( NAMED_UNIT ( * ) SI_UNIT ( $, .STERADIAN. ) SOLID_ANGLE_UNIT ( ) );
#1006 = VECTOR ( 'NONE', #3314, 1000.000000000000000 ) ;
#1007 = SURFACE_SIDE_STYLE ('',( #1160 ) ) ;
#1008 =( NAMED_UNIT ( * ) SI_UNIT ( $, .STERADIAN. ) SOLID_ANGLE_UNIT ( ) );
#1009 = ORIENTED_EDGE ( 'NONE', *, *, #3830, .F. ) ;
#1010 = PRESENTATION_LAYER_ASSIGNMENT (  '', '', ( #5101 ) ) ;
#1011 =( NAMED_UNIT ( * ) SI_UNIT ( $, .STERADIAN. ) SOLID_ANGLE_UNIT ( ) );
#1012 = EDGE_CURVE ( 'NONE', #2928, #4932, #168, .T. ) ;
#1013 = DIRECTION ( 'NONE',  ( 0.000000000000000000, 0.000000000000000000, -1.000000000000000000 ) ) ;
#1014 = SURFACE_SIDE_STYLE ('',( #4370 ) ) ;
#1015 = LINE ( 'NONE', #3124, #3346 ) ;
#1016 = ORIENTED_EDGE ( 'NONE', *, *, #2366, .T. ) ;
#1017 = LINE ( 'NONE', #566, #412 ) ;
#1018 = ORIENTED_EDGE ( 'NONE', *, *, #5290, .T. ) ;
#1019 = ORIENTED_EDGE ( 'NONE', *, *, #5455, .T. ) ;
#1020 = ORIENTED_EDGE ( 'NONE', *, *, #214, .F. ) ;
#1021 = STYLED_ITEM ( 'NONE', ( #386 ), #1147 ) ;
#1022 =( GEOMETRIC_REPRESENTATION_CONTEXT ( 3 ) GLOBAL_UNCERTAINTY_ASSIGNED_CONTEXT ( ( #3237 ) ) GLOBAL_UNIT_ASSIGNED_CONTEXT ( ( #3284, #4082, #1156 ) ) REPRESENTATION_CONTEXT ( 'NONE', 'WORKASPACE' ) );
#1023 = DIRECTION ( 'NONE',  ( 0.000000000000000000, -1.000000000000000000, 0.000000000000000000 ) ) ;
#1024 = LINE ( 'NONE', #4509, #1206 ) ;
#1025 = DIRECTION ( 'NONE',  ( -1.000000000000000000, 0.000000000000000000, 0.000000000000000000 ) ) ;
#1026 = EDGE_CURVE ( 'NONE', #3327, #4965, #987, .T. ) ;
#1027 =( GEOMETRIC_REPRESENTATION_CONTEXT ( 3 ) GLOBAL_UNCERTAINTY_ASSIGNED_CONTEXT ( ( #1937 ) ) GLOBAL_UNIT_ASSIGNED_CONTEXT ( ( #5163, #4671, #2558 ) ) REPRESENTATION_CONTEXT ( 'NONE', 'WORKASPACE' ) );
#1028 = SURFACE_STYLE_FILL_AREA ( #4843 ) ;
#1029 = CARTESIAN_POINT ( 'NONE',  ( -1.020000000000000018, -7.119999999999999218, -10.11746870376959961 ) ) ;
#1030 = FILL_AREA_STYLE ('',( #1483 ) ) ;
#1031 = MECHANICAL_DESIGN_GEOMETRIC_PRESENTATION_REPRESENTATION (  '', ( #1484 ), #4048 ) ;
#1032 =( GEOMETRIC_REPRESENTATION_CONTEXT ( 3 ) GLOBAL_UNCERTAINTY_ASSIGNED_CONTEXT ( ( #3399 ) ) GLOBAL_UNIT_ASSIGNED_CONTEXT ( ( #4177, #3819, #5502 ) ) REPRESENTATION_CONTEXT ( 'NONE', 'WORKASPACE' ) );
#1033 = CARTESIAN_POINT ( 'NONE',  ( -0.8589743589743469299, -2.247746697746650035, 5.814999999999999503 ) ) ;
#1034 = CARTESIAN_POINT ( 'NONE',  ( -1.277036423998930248, -6.412893218813461083, 1.515000000000000124 ) ) ;
#1035 =( GEOMETRIC_REPRESENTATION_CONTEXT ( 3 ) GLOBAL_UNCERTAINTY_ASSIGNED_CONTEXT ( ( #3294 ) ) GLOBAL_UNIT_ASSIGNED_CONTEXT ( ( #3244, #1989, #1110 ) ) REPRESENTATION_CONTEXT ( 'NONE', 'WORKASPACE' ) );
#1036 = STYLED_ITEM ( 'NONE', ( #1551 ), #430 ) ;
#1037 =( GEOMETRIC_REPRESENTATION_CONTEXT ( 3 ) GLOBAL_UNCERTAINTY_ASSIGNED_CONTEXT ( ( #5335 ) ) GLOBAL_UNIT_ASSIGNED_CONTEXT ( ( #2254, #529, #2196 ) ) REPRESENTATION_CONTEXT ( 'NONE', 'WORKASPACE' ) );
#1038 =( NAMED_UNIT ( * ) SI_UNIT ( $, .STERADIAN. ) SOLID_ANGLE_UNIT ( ) );
#1039 = CARTESIAN_POINT ( 'NONE',  ( 1.520000000000000018, -11.11999999999999922, 1.015000000000000124 ) ) ;
#1040 = ORIENTED_EDGE ( 'NONE', *, *, #1995, .T. ) ;
#1041 = PRESENTATION_LAYER_ASSIGNMENT (  '', '', ( #4771 ) ) ;
#1042 = VECTOR ( 'NONE', #3255, 1000.000000000000000 ) ;
#1043 = COLOUR_RGB ( '',0.2509803921568627416, 0.2509803921568627416, 0.2509803921568627416 ) ;
#1044 = FILL_AREA_STYLE_COLOUR ( '', #2361 ) ;
#1045 = DIRECTION ( 'NONE',  ( 0.000000000000000000, 0.000000000000000000, -1.000000000000000000 ) ) ;
#1046 =( GEOMETRIC_REPRESENTATION_CONTEXT ( 3 ) GLOBAL_UNCERTAINTY_ASSIGNED_CONTEXT ( ( #3046 ) ) GLOBAL_UNIT_ASSIGNED_CONTEXT ( ( #1676, #4670, #340 ) ) REPRESENTATION_CONTEXT ( 'NONE', 'WORKASPACE' ) );
#1047 = LINE ( 'NONE', #930, #2190 ) ;
#1048 = DIRECTION ( 'NONE',  ( 0.000000000000000000, 7.608436298143890073E-16, 1.000000000000000000 ) ) ;
#1049 = FILL_AREA_STYLE ('',( #2262 ) ) ;
#1050 = EDGE_CURVE ( 'NONE', #5060, #5166, #5264, .T. ) ;
#1051 = EDGE_CURVE ( 'NONE', #5147, #7, #60, .T. ) ;
#1052 = PLANE ( 'NONE',  #244 ) ;
#1053 = CARTESIAN_POINT ( 'NONE',  ( 2.160000000000000142, -5.120000000000000107, -0.005000000000004240636 ) ) ;
#1054 =( LENGTH_UNIT ( ) NAMED_UNIT ( * ) SI_UNIT ( .MILLI., .METRE. ) );
#1055 = ORIENTED_EDGE ( 'NONE', *, *, #3139, .F. ) ;
#1056 = SURFACE_STYLE_FILL_AREA ( #4540 ) ;
#1057 = SURFACE_STYLE_FILL_AREA ( #4918 ) ;
#1058 = SURFACE_STYLE_FILL_AREA ( #1939 ) ;
#1059 = EDGE_CURVE ( 'NONE', #1414, #3720, #648, .T. ) ;
#1060 = LINE ( 'NONE', #3566, #3785 ) ;
#1061 = LINE ( 'NONE', #4089, #1378 ) ;
#1062 = DIRECTION ( 'NONE',  ( 0.000000000000000000, 0.000000000000000000, 1.000000000000000000 ) ) ;
#1063 = ADVANCED_FACE ( 'NONE', ( #1587 ), #2424, .T. ) ;
#1064 = SURFACE_SIDE_STYLE ('',( #3515 ) ) ;
#1065 = DIRECTION ( 'NONE',  ( -4.336808689942020201E-16, 1.000000000000000000, 0.000000000000000000 ) ) ;
#1066 = SURFACE_STYLE_FILL_AREA ( #5297 ) ;
#1067 = ORIENTED_EDGE ( 'NONE', *, *, #1882, .F. ) ;
#1068 = UNCERTAINTY_MEASURE_WITH_UNIT (LENGTH_MEASURE( 1.000000000000000082E-05 ), #3131, 'distance_accuracy_value', 'NONE');
#1069 = EDGE_LOOP ( 'NONE', ( #4376, #4187, #827, #633 ) ) ;
#1070 = EDGE_CURVE ( 'NONE', #3299, #8, #1535, .T. ) ;
#1071 = ORIENTED_EDGE ( 'NONE', *, *, #751, .T. ) ;
#1072 = ORIENTED_EDGE ( 'NONE', *, *, #3278, .T. ) ;
#1073 = CARTESIAN_POINT ( 'NONE',  ( -2.160000000000000142, -0.3723944653317539655, 2.295000000000000373 ) ) ;
#1074 = ADVANCED_FACE ( 'NONE', ( #4118 ), #5292, .T. ) ;
#1075 = ADVANCED_FACE ( 'NONE', ( #4930 ), #4073, .T. ) ;
#1076 = LINE ( 'NONE', #3591, #4704 ) ;
#1077 = LINE ( 'NONE', #583, #4764 ) ;
#1078 = AXIS2_PLACEMENT_3D ( 'NONE', #4797, #4390, #5182 ) ;
#1079 = PRESENTATION_LAYER_ASSIGNMENT (  '', '', ( #3485 ) ) ;
#1080 = COLOUR_RGB ( '',0.000000000000000000, 1.000000000000000000, 0.000000000000000000 ) ;
#1081 = CARTESIAN_POINT ( 'NONE',  ( -2.160000000000000142, -7.620000000000000107, -4.845000000000000639 ) ) ;
#1082 = CARTESIAN_POINT ( 'NONE',  ( 2.160000000000000142, -7.119999999999999218, -4.845000000000000639 ) ) ;
#1083 = CARTESIAN_POINT ( 'NONE',  ( 1.576923076923089972, -2.260567210567149932, 5.814999999999999503 ) ) ;
#1084 =( GEOMETRIC_REPRESENTATION_CONTEXT ( 3 ) GLOBAL_UNCERTAINTY_ASSIGNED_CONTEXT ( ( #3081 ) ) GLOBAL_UNIT_ASSIGNED_CONTEXT ( ( #1250, #746, #3811 ) ) REPRESENTATION_CONTEXT ( 'NONE', 'WORKASPACE' ) );
#1085 = SURFACE_STYLE_USAGE ( .BOTH. , #3516 ) ;
#1086 =( NAMED_UNIT ( * ) SI_UNIT ( $, .STERADIAN. ) SOLID_ANGLE_UNIT ( ) );
#1087 = MECHANICAL_DESIGN_GEOMETRIC_PRESENTATION_REPRESENTATION (  '', ( #5101 ), #1705 ) ;
#1088 = DIRECTION ( 'NONE',  ( -1.000000000000000000, 0.000000000000000000, 0.000000000000000000 ) ) ;
#1090 = ORIENTED_EDGE ( 'NONE', *, *, #4922, .F. ) ;
#1089 = DIRECTION ( 'NONE',  ( 0.000000000000000000, 1.000000000000000000, 0.000000000000000000 ) ) ;
#1091 = ORIENTED_EDGE ( 'NONE', *, *, #4558, .T. ) ;
#1092 = DIRECTION ( 'NONE',  ( 0.000000000000000000, 0.000000000000000000, -1.000000000000000000 ) ) ;
#1093 = PRESENTATION_LAYER_ASSIGNMENT (  '', '', ( #2063 ) ) ;
#1094 = ORIENTED_EDGE ( 'NONE', *, *, #978, .T. ) ;
#1095 = EDGE_LOOP ( 'NONE', ( #1262, #5489, #2065, #5369 ) ) ;
#1096 = CARTESIAN_POINT ( 'NONE',  ( -1.520000000000000018, -7.119999999999999218, -1.025000000000000133 ) ) ;
#1097 = SURFACE_STYLE_USAGE ( .BOTH. , #1507 ) ;
#1098 = SURFACE_STYLE_USAGE ( .BOTH. , #1365 ) ;
#1099 = UNCERTAINTY_MEASURE_WITH_UNIT (LENGTH_MEASURE( 1.000000000000000082E-05 ), #88, 'distance_accuracy_value', 'NONE');
#1100 = CARTESIAN_POINT ( 'NONE',  ( -1.520000000000000018, 7.620000000000000107, -5.714999999999999858 ) ) ;
#1101 = FILL_AREA_STYLE ('',( #719 ) ) ;
#1102 = PRESENTATION_STYLE_ASSIGNMENT (( #697 ) ) ;
#1103 = EDGE_CURVE ( 'NONE', #4822, #3150, #4178, .T. ) ;
#1104 = ADVANCED_FACE ( 'NONE', ( #1671 ), #2874, .F. ) ;
#1105 = VECTOR ( 'NONE', #1209, 1000.000000000000000 ) ;
#1106 = AXIS2_PLACEMENT_3D ( 'NONE', #4207, #3380, #5102 ) ;
#1107 = CARTESIAN_POINT ( 'NONE',  ( -1.277036423998930248, -7.119999999999999218, -1.525000000000000133 ) ) ;
#1108 = VECTOR ( 'NONE', #147, 1000.000000000000000 ) ;
#1109 = FACE_OUTER_BOUND ( 'NONE', #1651, .T. ) ;
#1110 =( NAMED_UNIT ( * ) SI_UNIT ( $, .STERADIAN. ) SOLID_ANGLE_UNIT ( ) );
#1111 = DIRECTION ( 'NONE',  ( -2.168404344971010101E-16, -1.000000000000000000, 0.000000000000000000 ) ) ;
#1112 = STYLED_ITEM ( 'NONE', ( #5373 ), #4276 ) ;
#1113 = COLOUR_RGB ( '',0.2509803921568627416, 0.2509803921568627416, 0.2509803921568627416 ) ;
#1114 = FILL_AREA_STYLE_COLOUR ( '', #1213 ) ;
#1115 = FILL_AREA_STYLE_COLOUR ( '', #997 ) ;
#1116 = PRESENTATION_LAYER_ASSIGNMENT (  '', '', ( #5468 ) ) ;
#1117 = PRESENTATION_LAYER_ASSIGNMENT (  '', '', ( #4428 ) ) ;
#1118 = VECTOR ( 'NONE', #4381, 1000.000000000000000 ) ;
#1119 = AXIS2_PLACEMENT_3D ( 'NONE', #2249, #1362, #158 ) ;
#1120 = ORIENTED_EDGE ( 'NONE', *, *, #4359, .T. ) ;
#1121 = ORIENTED_EDGE ( 'NONE', *, *, #636, .T. ) ;
#1122 = DIRECTION ( 'NONE',  ( 0.000000000000000000, 1.000000000000000000, -5.072290865429260706E-16 ) ) ;
#1123 = FACE_OUTER_BOUND ( 'NONE', #2517, .T. ) ;
#1124 = ORIENTED_EDGE ( 'NONE', *, *, #3304, .F. ) ;
#1125 = STYLED_ITEM ( 'NONE', ( #4105 ), #4795 ) ;
#1126 = VECTOR ( 'NONE', #2235, 1000.000000000000000 ) ;
#1127 = VECTOR ( 'NONE', #3287, 1000.000000000000000 ) ;
#1128 = ORIENTED_EDGE ( 'NONE', *, *, #3401, .T. ) ;
#1129 = FILL_AREA_STYLE_COLOUR ( '', #2892 ) ;
#1130 = CARTESIAN_POINT ( 'NONE',  ( -1.243589743589730068, -2.247746697746650035, 5.814999999999999503 ) ) ;
#1131 = STYLED_ITEM ( 'NONE', ( #3208 ), #4958 ) ;
#1132 = MECHANICAL_DESIGN_GEOMETRIC_PRESENTATION_REPRESENTATION (  '', ( #2374 ), #1838 ) ;
#1133 = EDGE_CURVE ( 'NONE', #2591, #2629, #1632, .T. ) ;
#1134 = CARTESIAN_POINT ( 'NONE',  ( -1.520000000000000018, -6.412893218813461083, 1.015000000000000124 ) ) ;
#1135 = LINE ( 'NONE', #1401, #4144 ) ;
#1136 = AXIS2_PLACEMENT_3D ( 'NONE', #4013, #2789, #4825 ) ;
#1137 =( NAMED_UNIT ( * ) PLANE_ANGLE_UNIT ( ) SI_UNIT ( $, .RADIAN. ) );
#1138 = ORIENTED_EDGE ( 'NONE', *, *, #4379, .T. ) ;
#1139 = CARTESIAN_POINT ( 'NONE',  ( -1.020000000000000018, -0.3723944653317580178, -4.845000000000000639 ) ) ;
#1140 =( LENGTH_UNIT ( ) NAMED_UNIT ( * ) SI_UNIT ( .MILLI., .METRE. ) );
#1141 = CARTESIAN_POINT ( 'NONE',  ( 0.000000000000000000, 5.083000000000000185, 6.884999999999999787 ) ) ;
#1142 = PRODUCT ( 'WP934SA_3GD', 'WP934SA_3GD', '', ( #5153 ) ) ;
#1143 = EDGE_CURVE ( 'NONE', #1734, #2242, #3759, .T. ) ;
#1144 = LINE ( 'NONE', #4009, #33 ) ;
#1145 = DIRECTION ( 'NONE',  ( 0.000000000000000000, -1.000000000000000000, 0.000000000000000000 ) ) ;
#1146 = PLANE ( 'NONE',  #153 ) ;
#1147 = ADVANCED_FACE ( 'NONE', ( #2457 ), #2109, .F. ) ;
#1148 = FACE_OUTER_BOUND ( 'NONE', #4003, .T. ) ;
#1150 = EDGE_LOOP ( 'NONE', ( #2087, #565, #311, #736 ) ) ;
#1149 = SURFACE_SIDE_STYLE ('',( #3648 ) ) ;
#1151 = VERTEX_POINT ( 'NONE', #4766 ) ;
#1152 = FILL_AREA_STYLE_COLOUR ( '', #41 ) ;
#1153 =( NAMED_UNIT ( * ) SI_UNIT ( $, .STERADIAN. ) SOLID_ANGLE_UNIT ( ) );
#1154 = VERTEX_POINT ( 'NONE', #1836 ) ;
#1155 = PRESENTATION_STYLE_ASSIGNMENT (( #4971 ) ) ;
#1156 =( NAMED_UNIT ( * ) SI_UNIT ( $, .STERADIAN. ) SOLID_ANGLE_UNIT ( ) );
#1157 = FACE_OUTER_BOUND ( 'NONE', #339, .T. ) ;
#1158 = CARTESIAN_POINT ( 'NONE',  ( 2.160000000000000142, -7.620000000000000107, -16.22427834969624882 ) ) ;
#1159 = EDGE_CURVE ( 'NONE', #4617, #1603, #79, .T. ) ;
#1160 = SURFACE_STYLE_FILL_AREA ( #4947 ) ;
#1161 = SURFACE_STYLE_USAGE ( .BOTH. , #5065 ) ;
#1162 = SURFACE_STYLE_FILL_AREA ( #2505 ) ;
#1163 = SURFACE_STYLE_USAGE ( .BOTH. , #2442 ) ;
#1164 = CARTESIAN_POINT ( 'NONE',  ( 1.576923076923089972, -2.260567210567149932, 5.814999999999999503 ) ) ;
#1165 = VECTOR ( 'NONE', #1604, 1000.000000000000000 ) ;
#1166 = SURFACE_STYLE_FILL_AREA ( #2869 ) ;
#1167 = AXIS2_PLACEMENT_3D ( 'NONE', #2822, #3222, #1088 ) ;
#1168 = UNCERTAINTY_MEASURE_WITH_UNIT (LENGTH_MEASURE( 1.000000000000000082E-05 ), #3739, 'distance_accuracy_value', 'NONE');
#1169 = AXIS2_PLACEMENT_3D ( 'NONE', #4443, #2258, #3549 ) ;
#1170 = VERTEX_POINT ( 'NONE', #1407 ) ;
#1171 = VERTEX_POINT ( 'NONE', #472 ) ;
#1172 = VECTOR ( 'NONE', #3955, 1000.000000000000000 ) ;
#1173 = CARTESIAN_POINT ( 'NONE',  ( 1.619999999999999885, -8.419999999999999929, 1.015000000000000124 ) ) ;
#1174 = ADVANCED_FACE ( 'NONE', ( #110 ), #4412, .F. ) ;
#1175 = FILL_AREA_STYLE_COLOUR ( '', #601 ) ;
#1176 = EDGE_CURVE ( 'NONE', #226, #3452, #3906, .T. ) ;
#1177 = STYLED_ITEM ( 'NONE', ( #4356 ), #2628 ) ;
#1178 = ORIENTED_EDGE ( 'NONE', *, *, #717, .F. ) ;
#1179 = CARTESIAN_POINT ( 'NONE',  ( -1.020000000000000018, 5.083000000000000185, -3.564999999999999947 ) ) ;
#1180 = DIRECTION ( 'NONE',  ( 0.000000000000000000, -1.000000000000000000, 0.000000000000000000 ) ) ;
#1181 = DIRECTION ( 'NONE',  ( -1.000000000000000000, 0.000000000000000000, 0.000000000000000000 ) ) ;
#1182 = AXIS2_PLACEMENT_3D ( 'NONE', #1158, #5490, #1243 ) ;
#1183 =( NAMED_UNIT ( * ) PLANE_ANGLE_UNIT ( ) SI_UNIT ( $, .RADIAN. ) );
#1184 = EDGE_LOOP ( 'NONE', ( #2548, #4708, #833, #2824 ) ) ;
#1185 = LINE ( 'NONE', #2861, #4141 ) ;
#1186 = VERTEX_POINT ( 'NONE', #5128 ) ;
#1187 = SURFACE_STYLE_FILL_AREA ( #744 ) ;
#1188 = FILL_AREA_STYLE_COLOUR ( '', #3940 ) ;
#1189 = CARTESIAN_POINT ( 'NONE',  ( 1.020000000000000018, -7.119999999999999218, 1.515000000000000790 ) ) ;
#1190 = EDGE_CURVE ( 'NONE', #2119, #2561, #5207, .T. ) ;
#1191 = STYLED_ITEM ( 'NONE', ( #505 ), #1174 ) ;
#1192 = FILL_AREA_STYLE ('',( #4574 ) ) ;
#1193 = SURFACE_SIDE_STYLE ('',( #1710 ) ) ;
#1194 =( NAMED_UNIT ( * ) SI_UNIT ( $, .STERADIAN. ) SOLID_ANGLE_UNIT ( ) );
#1195 = MECHANICAL_DESIGN_GEOMETRIC_PRESENTATION_REPRESENTATION (  '', ( #1900 ), #5370 ) ;
#1196 =( GEOMETRIC_REPRESENTATION_CONTEXT ( 3 ) GLOBAL_UNCERTAINTY_ASSIGNED_CONTEXT ( ( #1550 ) ) GLOBAL_UNIT_ASSIGNED_CONTEXT ( ( #4092, #1689, #2001 ) ) REPRESENTATION_CONTEXT ( 'NONE', 'WORKASPACE' ) );
#1197 = DIRECTION ( 'NONE',  ( 0.000000000000000000, 0.000000000000000000, 1.000000000000000000 ) ) ;
#1198 = ORIENTED_EDGE ( 'NONE', *, *, #2712, .F. ) ;
#1199 = ORIENTED_EDGE ( 'NONE', *, *, #5126, .F. ) ;
#1200 = VECTOR ( 'NONE', #4823, 1000.000000000000000 ) ;
#1201 = FILL_AREA_STYLE_COLOUR ( '', #3879 ) ;
#1202 = PLANE ( 'NONE',  #3362 ) ;
#1203 = COLOUR_RGB ( '',0.000000000000000000, 1.000000000000000000, 0.000000000000000000 ) ;
#1204 = ORIENTED_EDGE ( 'NONE', *, *, #478, .F. ) ;
#1205 = PRESENTATION_LAYER_ASSIGNMENT (  '', '', ( #3616 ) ) ;
#1206 = VECTOR ( 'NONE', #4813, 1000.000000000000000 ) ;
#1207 = EDGE_CURVE ( 'NONE', #2137, #5145, #556, .T. ) ;
#1208 = EDGE_CURVE ( 'NONE', #4966, #1236, #3482, .T. ) ;
#1209 = DIRECTION ( 'NONE',  ( -1.000000000000000000, 0.000000000000000000, 0.000000000000000000 ) ) ;
#1210 = SURFACE_STYLE_FILL_AREA ( #1652 ) ;
#1211 = VECTOR ( 'NONE', #5409, 1000.000000000000000 ) ;
#1212 = DIRECTION ( 'NONE',  ( 0.000000000000000000, -1.000000000000000000, 0.000000000000000000 ) ) ;
#1213 = COLOUR_RGB ( '',0.7529411764705882248, 0.7529411764705882248, 0.7529411764705882248 ) ;
#1214 = PRESENTATION_LAYER_ASSIGNMENT (  '', '', ( #1915 ) ) ;
#1215 = VECTOR ( 'NONE', #2913, 1000.000000000000000 ) ;
#1216 = VERTEX_POINT ( 'NONE', #3512 ) ;
#1217 = LINE ( 'NONE', #2927, #406 ) ;
#1218 = ORIENTED_EDGE ( 'NONE', *, *, #569, .T. ) ;
#1219 = VECTOR ( 'NONE', #479, 1000.000000000000000 ) ;
#1220 = DIRECTION ( 'NONE',  ( 0.000000000000000000, 1.000000000000000000, 0.000000000000000000 ) ) ;
#1221 = SURFACE_SIDE_STYLE ('',( #4227 ) ) ;
#1222 = FACE_OUTER_BOUND ( 'NONE', #1540, .T. ) ;
#1223 = STYLED_ITEM ( 'NONE', ( #2933 ), #1453 ) ;
#1224 = VECTOR ( 'NONE', #3574, 1000.000000000000000 ) ;
#1225 =( NAMED_UNIT ( * ) SI_UNIT ( $, .STERADIAN. ) SOLID_ANGLE_UNIT ( ) );
#1226 = DIRECTION ( 'NONE',  ( 0.000000000000000000, 0.000000000000000000, -1.000000000000000000 ) ) ;
#1227 = FACE_OUTER_BOUND ( 'NONE', #3202, .T. ) ;
#1228 = UNCERTAINTY_MEASURE_WITH_UNIT (LENGTH_MEASURE( 1.000000000000000082E-05 ), #4306, 'distance_accuracy_value', 'NONE');
#1229 = UNCERTAINTY_MEASURE_WITH_UNIT (LENGTH_MEASURE( 1.000000000000000082E-05 ), #624, 'distance_accuracy_value', 'NONE');
#1230 = CARTESIAN_POINT ( 'NONE',  ( -3.966440926441800130, -8.419999999999999929, -0.2056555615733750009 ) ) ;
#1231 = DIRECTION ( 'NONE',  ( -1.000000000000000000, 0.000000000000000000, 0.000000000000000000 ) ) ;
#1232 = ORIENTED_EDGE ( 'NONE', *, *, #2445, .F. ) ;
#1233 = ORIENTED_EDGE ( 'NONE', *, *, #5454, .F. ) ;
#1234 = MECHANICAL_DESIGN_GEOMETRIC_PRESENTATION_REPRESENTATION (  '', ( #1223 ), #3121 ) ;
#1235 = SURFACE_STYLE_FILL_AREA ( #3717 ) ;
#1236 = VERTEX_POINT ( 'NONE', #2621 ) ;
#1237 =( NAMED_UNIT ( * ) SI_UNIT ( $, .STERADIAN. ) SOLID_ANGLE_UNIT ( ) );
#1238 = PLANE ( 'NONE',  #4781 ) ;
#1239 = VERTEX_POINT ( 'NONE', #5181 ) ;
#1240 = SURFACE_SIDE_STYLE ('',( #2031 ) ) ;
#1241 = PLANE ( 'NONE',  #4590 ) ;
#1242 = ORIENTED_EDGE ( 'NONE', *, *, #5006, .T. ) ;
#1243 = DIRECTION ( 'NONE',  ( 1.000000000000000000, 0.000000000000000000, 0.000000000000000000 ) ) ;
#1244 = CARTESIAN_POINT ( 'NONE',  ( -1.020000000000000018, -7.420000000000000817, 1.515000000000000124 ) ) ;
#1245 = SURFACE_STYLE_FILL_AREA ( #2475 ) ;
#1246 = ORIENTED_EDGE ( 'NONE', *, *, #1323, .T. ) ;
#1247 = SURFACE_SIDE_STYLE ('',( #5064 ) ) ;
#1248 = ORIENTED_EDGE ( 'NONE', *, *, #2779, .T. ) ;
#1249 = DIRECTION ( 'NONE',  ( 0.000000000000000000, -1.000000000000000000, -1.301042606982598024E-15 ) ) ;
#1250 =( LENGTH_UNIT ( ) NAMED_UNIT ( * ) SI_UNIT ( .MILLI., .METRE. ) );
#1251 = DIRECTION ( 'NONE',  ( 0.000000000000000000, 0.000000000000000000, 1.000000000000000000 ) ) ;
#1252 = DIRECTION ( 'NONE',  ( 0.000000000000000000, 0.000000000000000000, -1.000000000000000000 ) ) ;
#1253 = ADVANCED_FACE ( 'NONE', ( #955 ), #2661, .T. ) ;
#1254 = DIRECTION ( 'NONE',  ( 0.000000000000000000, 0.000000000000000000, 1.000000000000000000 ) ) ;
#1255 = FILL_AREA_STYLE_COLOUR ( '', #824 ) ;
#1256 = COLOUR_RGB ( '',0.2509803921568627416, 0.2509803921568627416, 0.2509803921568627416 ) ;
#1257 =( NAMED_UNIT ( * ) PLANE_ANGLE_UNIT ( ) SI_UNIT ( $, .RADIAN. ) );
#1258 = PRESENTATION_LAYER_ASSIGNMENT (  '', '', ( #4559 ) ) ;
#1259 = SURFACE_SIDE_STYLE ('',( #1637 ) ) ;
#1260 = FACE_OUTER_BOUND ( 'NONE', #1848, .T. ) ;
#1261 = VERTEX_POINT ( 'NONE', #297 ) ;
#1262 = ORIENTED_EDGE ( 'NONE', *, *, #2167, .F. ) ;
#1263 = SURFACE_STYLE_FILL_AREA ( #57 ) ;
#1264 = UNCERTAINTY_MEASURE_WITH_UNIT (LENGTH_MEASURE( 1.000000000000000082E-05 ), #2449, 'distance_accuracy_value', 'NONE');
#1265 = STYLED_ITEM ( 'NONE', ( #819 ), #2034 ) ;
#1266 = EDGE_CURVE ( 'NONE', #3172, #1299, #1144, .T. ) ;
#1267 = ORIENTED_EDGE ( 'NONE', *, *, #1980, .T. ) ;
#1268 = LINE ( 'NONE', #427, #1573 ) ;
#1269 = FILL_AREA_STYLE ('',( #3389 ) ) ;
#1270 = FACE_OUTER_BOUND ( 'NONE', #2172, .T. ) ;
#1271 = FILL_AREA_STYLE_COLOUR ( '', #1490 ) ;
#1272 = MECHANICAL_DESIGN_GEOMETRIC_PRESENTATION_REPRESENTATION (  '', ( #1177 ), #4032 ) ;
#1273 = ORIENTED_EDGE ( 'NONE', *, *, #4616, .T. ) ;
#1274 = DIRECTION ( 'NONE',  ( 0.000000000000000000, 0.000000000000000000, 1.000000000000000000 ) ) ;
#1275 = ORIENTED_EDGE ( 'NONE', *, *, #1583, .F. ) ;
#1276 = MECHANICAL_DESIGN_GEOMETRIC_PRESENTATION_REPRESENTATION (  '', ( #4836 ), #4573 ) ;
#1277 =( LENGTH_UNIT ( ) NAMED_UNIT ( * ) SI_UNIT ( .MILLI., .METRE. ) );
#1278 =( NAMED_UNIT ( * ) PLANE_ANGLE_UNIT ( ) SI_UNIT ( $, .RADIAN. ) );
#1279 = UNCERTAINTY_MEASURE_WITH_UNIT (LENGTH_MEASURE( 1.000000000000000082E-05 ), #2682, 'distance_accuracy_value', 'NONE');
#1280 = SURFACE_STYLE_USAGE ( .BOTH. , #4205 ) ;
#1281 = EDGE_CURVE ( 'NONE', #1170, #1186, #5259, .T. ) ;
#1282 = CARTESIAN_POINT ( 'NONE',  ( 1.576923076923089972, -2.260567210567149932, 5.814999999999999503 ) ) ;
#1283 = DIRECTION ( 'NONE',  ( -1.000000000000000000, 0.000000000000000000, 0.000000000000000000 ) ) ;
#1284 = SURFACE_STYLE_USAGE ( .BOTH. , #1318 ) ;
#1285 = EDGE_CURVE ( 'NONE', #4126, #3445, #4442, .T. ) ;
#1286 = VERTEX_POINT ( 'NONE', #1081 ) ;
#1287 = ORIENTED_EDGE ( 'NONE', *, *, #2330, .T. ) ;
#1288 = SURFACE_SIDE_STYLE ('',( #1263 ) ) ;
#1289 = PRESENTATION_LAYER_ASSIGNMENT (  '', '', ( #1897 ) ) ;
#1290 = ORIENTED_EDGE ( 'NONE', *, *, #3265, .T. ) ;
#1291 = FILL_AREA_STYLE_COLOUR ( '', #1741 ) ;
#1292 = COLOUR_RGB ( '',0.7529411764705882248, 0.7529411764705882248, 0.7529411764705882248 ) ;
#1293 = EDGE_CURVE ( 'NONE', #571, #2088, #1061, .T. ) ;
#1294 = MECHANICAL_DESIGN_GEOMETRIC_PRESENTATION_REPRESENTATION (  '', ( #2072 ), #937 ) ;
#1295 = ORIENTED_EDGE ( 'NONE', *, *, #4456, .F. ) ;
#1296 = DIRECTION ( 'NONE',  ( 0.000000000000000000, -1.000000000000000000, 0.000000000000000000 ) ) ;
#1297 = PLANE ( 'NONE',  #2909 ) ;
#1298 = CARTESIAN_POINT ( 'NONE',  ( 2.160000000000000142, -5.120000000000000107, -4.845000000000000639 ) ) ;
#1299 = VERTEX_POINT ( 'NONE', #4037 ) ;
#1300 =( GEOMETRIC_REPRESENTATION_CONTEXT ( 3 ) GLOBAL_UNCERTAINTY_ASSIGNED_CONTEXT ( ( #838 ) ) GLOBAL_UNIT_ASSIGNED_CONTEXT ( ( #694, #1137, #4085 ) ) REPRESENTATION_CONTEXT ( 'NONE', 'WORKASPACE' ) );
#1301 =( GEOMETRIC_REPRESENTATION_CONTEXT ( 3 ) GLOBAL_UNCERTAINTY_ASSIGNED_CONTEXT ( ( #2388 ) ) GLOBAL_UNIT_ASSIGNED_CONTEXT ( ( #4931, #3680, #2823 ) ) REPRESENTATION_CONTEXT ( 'NONE', 'WORKASPACE' ) );
#1302 = ORIENTED_EDGE ( 'NONE', *, *, #1499, .F. ) ;
#1303 = ORIENTED_EDGE ( 'NONE', *, *, #3026, .F. ) ;
#1304 =( NAMED_UNIT ( * ) SI_UNIT ( $, .STERADIAN. ) SOLID_ANGLE_UNIT ( ) );
#1305 = CARTESIAN_POINT ( 'NONE',  ( 2.160000000000000142, -5.120000000000000107, -16.22427834969624882 ) ) ;
#1306 = VECTOR ( 'NONE', #4920, 1000.000000000000000 ) ;
#1307 = PRESENTATION_LAYER_ASSIGNMENT (  '', '', ( #1567 ) ) ;
#1308 = STYLED_ITEM ( 'NONE', ( #2678 ), #3758 ) ;
#1309 =( NAMED_UNIT ( * ) SI_UNIT ( $, .STERADIAN. ) SOLID_ANGLE_UNIT ( ) );
#1310 = AXIS2_PLACEMENT_3D ( 'NONE', #5327, #228, #4400 ) ;
#1311 = COLOUR_RGB ( '',0.000000000000000000, 1.000000000000000000, 0.000000000000000000 ) ;
#1312 =( NAMED_UNIT ( * ) PLANE_ANGLE_UNIT ( ) SI_UNIT ( $, .RADIAN. ) );
#1313 = SURFACE_STYLE_USAGE ( .BOTH. , #1794 ) ;
#1314 =( NAMED_UNIT ( * ) PLANE_ANGLE_UNIT ( ) SI_UNIT ( $, .RADIAN. ) );
#1315 = EDGE_CURVE ( 'NONE', #5057, #1348, #4467, .T. ) ;
#1316 = MECHANICAL_DESIGN_GEOMETRIC_PRESENTATION_REPRESENTATION (  '', ( #1666 ), #3892 ) ;
#1317 = SURFACE_STYLE_USAGE ( .BOTH. , #2290 ) ;
#1318 = SURFACE_SIDE_STYLE ('',( #5103 ) ) ;
#1319 = ORIENTED_EDGE ( 'NONE', *, *, #2958, .T. ) ;
#1320 = DIRECTION ( 'NONE',  ( -1.000000000000000000, 0.000000000000000000, 0.000000000000000000 ) ) ;
#1321 = PRESENTATION_LAYER_ASSIGNMENT (  '', '', ( #1747 ) ) ;
#1322 = PRESENTATION_STYLE_ASSIGNMENT (( #4741 ) ) ;
#1323 = EDGE_CURVE ( 'NONE', #1813, #4586, #3242, .T. ) ;
#1324 = EDGE_CURVE ( 'NONE', #2701, #849, #3193, .T. ) ;
#1325 = FILL_AREA_STYLE ('',( #5058 ) ) ;
#1326 = EDGE_LOOP ( 'NONE', ( #658, #2002, #516, #2972 ) ) ;
#1327 = EDGE_LOOP ( 'NONE', ( #2321, #1521, #3471, #3335 ) ) ;
#1328 = FILL_AREA_STYLE_COLOUR ( '', #3060 ) ;
#1329 = LINE ( 'NONE', #1351, #3898 ) ;
#1330 = DIRECTION ( 'NONE',  ( 1.000000000000000000, 0.000000000000000000, 0.000000000000000000 ) ) ;
#1331 = EDGE_LOOP ( 'NONE', ( #2359, #3147, #4706, #2765 ) ) ;
#1332 = ORIENTED_EDGE ( 'NONE', *, *, #1012, .F. ) ;
#1333 = FACE_OUTER_BOUND ( 'NONE', #1903, .T. ) ;
#1334 = ORIENTED_EDGE ( 'NONE', *, *, #4657, .F. ) ;
#1335 =( NAMED_UNIT ( * ) SI_UNIT ( $, .STERADIAN. ) SOLID_ANGLE_UNIT ( ) );
#1336 = CARTESIAN_POINT ( 'NONE',  ( 1.520000000000000018, 7.620000000000000107, -3.564999999999999947 ) ) ;
#1337 = PRESENTATION_STYLE_ASSIGNMENT (( #3039 ) ) ;
#1338 =( NAMED_UNIT ( * ) PLANE_ANGLE_UNIT ( ) SI_UNIT ( $, .RADIAN. ) );
#1339 = PRESENTATION_STYLE_ASSIGNMENT (( #1744 ) ) ;
#1340 = FILL_AREA_STYLE_COLOUR ( '', #3610 ) ;
#1341 = SHAPE_DEFINITION_REPRESENTATION ( #3113, #4800 ) ;
#1342 = EDGE_LOOP ( 'NONE', ( #4837, #3312, #1683, #3715 ) ) ;
#1343 = SURFACE_STYLE_FILL_AREA ( #1754 ) ;
#1344 = SURFACE_STYLE_FILL_AREA ( #83 ) ;
#1345 =( GEOMETRIC_REPRESENTATION_CONTEXT ( 3 ) GLOBAL_UNCERTAINTY_ASSIGNED_CONTEXT ( ( #2048 ) ) GLOBAL_UNIT_ASSIGNED_CONTEXT ( ( #676, #2376, #1923 ) ) REPRESENTATION_CONTEXT ( 'NONE', 'WORKASPACE' ) );
#1346 = LINE ( 'NONE', #4801, #2915 ) ;
#1347 = FACE_OUTER_BOUND ( 'NONE', #1764, .T. ) ;
#1348 = VERTEX_POINT ( 'NONE', #1963 ) ;
#1349 = EDGE_CURVE ( 'NONE', #2559, #400, #5282, .T. ) ;
#1350 = EDGE_CURVE ( 'NONE', #2566, #5330, #3215, .T. ) ;
#1351 = CARTESIAN_POINT ( 'NONE',  ( 0.9200000000000000400, -8.419999999999999929, -0.2056555615733750009 ) ) ;
#1352 =( NAMED_UNIT ( * ) SI_UNIT ( $, .STERADIAN. ) SOLID_ANGLE_UNIT ( ) );
#1353 = FILL_AREA_STYLE_COLOUR ( '', #1832 ) ;
#1354 = ORIENTED_EDGE ( 'NONE', *, *, #2886, .F. ) ;
#1355 = COLOUR_RGB ( '',0.000000000000000000, 1.000000000000000000, 0.000000000000000000 ) ;
#1356 = ORIENTED_EDGE ( 'NONE', *, *, #1883, .T. ) ;
#1357 = FACE_OUTER_BOUND ( 'NONE', #1, .T. ) ;
#1358 = ORIENTED_EDGE ( 'NONE', *, *, #897, .T. ) ;
#1359 = SURFACE_STYLE_FILL_AREA ( #1735 ) ;
#1360 = SURFACE_STYLE_USAGE ( .BOTH. , #4812 ) ;
#1361 = SURFACE_STYLE_USAGE ( .BOTH. , #1390 ) ;
#1362 = DIRECTION ( 'NONE',  ( 0.000000000000000000, -1.000000000000000000, 0.000000000000000000 ) ) ;
#1363 = COLOUR_RGB ( '',0.2509803921568627416, 0.2509803921568627416, 0.2509803921568627416 ) ;
#1364 = LINE ( 'NONE', #1004, #4324 ) ;
#1365 = SURFACE_SIDE_STYLE ('',( #3257 ) ) ;
#1366 = PRESENTATION_LAYER_ASSIGNMENT (  '', '', ( #3067 ) ) ;
#1367 =( NAMED_UNIT ( * ) SI_UNIT ( $, .STERADIAN. ) SOLID_ANGLE_UNIT ( ) );
#1368 = UNCERTAINTY_MEASURE_WITH_UNIT (LENGTH_MEASURE( 1.000000000000000082E-05 ), #357, 'distance_accuracy_value', 'NONE');
#1369 = DIRECTION ( 'NONE',  ( -0.000000000000000000, 1.000000000000000000, 0.000000000000000000 ) ) ;
#1370 =( NAMED_UNIT ( * ) SI_UNIT ( $, .STERADIAN. ) SOLID_ANGLE_UNIT ( ) );
#1371 = LINE ( 'NONE', #4666, #4851 ) ;
#1372 = CARTESIAN_POINT ( 'NONE',  ( 1.020000000000000018, 5.083000000000000185, -10.11746870376959961 ) ) ;
#1373 = COLOUR_RGB ( '',0.7529411764705882248, 0.7529411764705882248, 0.7529411764705882248 ) ;
#1374 = LINE ( 'NONE', #2689, #594 ) ;
#1375 = DIRECTION ( 'NONE',  ( 0.000000000000000000, -1.000000000000000000, 0.000000000000000000 ) ) ;
#1376 = ORIENTED_EDGE ( 'NONE', *, *, #2877, .T. ) ;
#1377 =( NAMED_UNIT ( * ) SI_UNIT ( $, .STERADIAN. ) SOLID_ANGLE_UNIT ( ) );
#1378 = VECTOR ( 'NONE', #1513, 1000.000000000000000 ) ;
#1379 = CARTESIAN_POINT ( 'NONE',  ( -1.277036423998930248, -11.11999999999999922, -4.065000000000000391 ) ) ;
#1380 = PRESENTATION_LAYER_ASSIGNMENT (  '', '', ( #5365 ) ) ;
#1381 =( LENGTH_UNIT ( ) NAMED_UNIT ( * ) SI_UNIT ( .MILLI., .METRE. ) );
#1382 = DIRECTION ( 'NONE',  ( 0.000000000000000000, 0.000000000000000000, -1.000000000000000000 ) ) ;
#1383 = EDGE_CURVE ( 'NONE', #558, #1733, #642, .T. ) ;
#1384 = ADVANCED_FACE ( 'NONE', ( #5362 ), #2740, .F. ) ;
#1385 = ORIENTED_EDGE ( 'NONE', *, *, #3238, .F. ) ;
#1386 = PRESENTATION_LAYER_ASSIGNMENT (  '', '', ( #3517 ) ) ;
#1387 =( NAMED_UNIT ( * ) SI_UNIT ( $, .STERADIAN. ) SOLID_ANGLE_UNIT ( ) );
#1388 = VECTOR ( 'NONE', #4420, 1000.000000000000000 ) ;
#1389 = ORIENTED_EDGE ( 'NONE', *, *, #3466, .T. ) ;
#1390 = SURFACE_SIDE_STYLE ('',( #5197 ) ) ;
#1391 = STYLED_ITEM ( 'NONE', ( #3963 ), #4423 ) ;
#1392 = VECTOR ( 'NONE', #4598, 1000.000000000000000 ) ;
#1393 = AXIS2_PLACEMENT_3D ( 'NONE', #1141, #2329, #4036 ) ;
#1394 = PRESENTATION_LAYER_ASSIGNMENT (  '', '', ( #4140 ) ) ;
#1395 = VECTOR ( 'NONE', #4311, 1000.000000000000000 ) ;
#1396 = DIRECTION ( 'NONE',  ( 0.000000000000000000, 0.000000000000000000, -1.000000000000000000 ) ) ;
#1397 = VECTOR ( 'NONE', #5311, 1000.000000000000000 ) ;
#1398 = VECTOR ( 'NONE', #4192, 1000.000000000000000 ) ;
#1399 = PRESENTATION_STYLE_ASSIGNMENT (( #2617 ) ) ;
#1400 = DIRECTION ( 'NONE',  ( -1.000000000000000000, 0.000000000000000000, -1.734723475976810053E-15 ) ) ;
#1401 = CARTESIAN_POINT ( 'NONE',  ( 1.520000000000000018, -11.11999999999999922, -10.11746870376959961 ) ) ;
#1402 = VECTOR ( 'NONE', #4747, 1000.000000000000000 ) ;
#1403 =( GEOMETRIC_REPRESENTATION_CONTEXT ( 3 ) GLOBAL_UNCERTAINTY_ASSIGNED_CONTEXT ( ( #5155 ) ) GLOBAL_UNIT_ASSIGNED_CONTEXT ( ( #5305, #4890, #25 ) ) REPRESENTATION_CONTEXT ( 'NONE', 'WORKASPACE' ) );
#1404 = MECHANICAL_DESIGN_GEOMETRIC_PRESENTATION_REPRESENTATION (  '', ( #3273 ), #323 ) ;
#1405 = EDGE_CURVE ( 'NONE', #1733, #3857, #787, .T. ) ;
#1406 = CARTESIAN_POINT ( 'NONE',  ( 2.160000000000000142, -7.119999999999999218, -16.22427834969624882 ) ) ;
#1407 = CARTESIAN_POINT ( 'NONE',  ( 1.020000000000000018, -7.119999999999999218, -1.525000000000000133 ) ) ;
#1408 = MECHANICAL_DESIGN_GEOMETRIC_PRESENTATION_REPRESENTATION (  '', ( #4520 ), #3987 ) ;
#1409 = PRESENTATION_LAYER_ASSIGNMENT (  '', '', ( #691 ) ) ;
#1410 = UNCERTAINTY_MEASURE_WITH_UNIT (LENGTH_MEASURE( 1.000000000000000082E-05 ), #245, 'distance_accuracy_value', 'NONE');
#1411 = PRESENTATION_STYLE_ASSIGNMENT (( #5211 ) ) ;
#1412 = SURFACE_STYLE_FILL_AREA ( #1918 ) ;
#1413 = PRESENTATION_LAYER_ASSIGNMENT (  '', '', ( #3802 ) ) ;
#1414 = VERTEX_POINT ( 'NONE', #750 ) ;
#1415 = DIRECTION ( 'NONE',  ( 0.000000000000000000, -1.000000000000000000, 0.000000000000000000 ) ) ;
#1416 = SURFACE_STYLE_USAGE ( .BOTH. , #1014 ) ;
#1418 = EDGE_LOOP ( 'NONE', ( #4079, #1018, #4547, #5321, #2481 ) ) ;
#1417 = CARTESIAN_POINT ( 'NONE',  ( 2.160000000000000142, -0.3723944653317614595, 5.714999999999999858 ) ) ;
#1419 = ORIENTED_EDGE ( 'NONE', *, *, #4655, .T. ) ;
#1420 =( NAMED_UNIT ( * ) PLANE_ANGLE_UNIT ( ) SI_UNIT ( $, .RADIAN. ) );
#1421 = DIRECTION ( 'NONE',  ( 1.000000000000000000, 0.000000000000000000, 0.000000000000000000 ) ) ;
#1422 = VERTEX_POINT ( 'NONE', #2572 ) ;
#1423 = CARTESIAN_POINT ( 'NONE',  ( 2.160000000000000142, 7.620000000000000107, -16.22427834969624882 ) ) ;
#1424 = EDGE_LOOP ( 'NONE', ( #2565, #2204, #1055, #2122 ) ) ;
#1425 = ORIENTED_EDGE ( 'NONE', *, *, #4190, .F. ) ;
#1426 = CARTESIAN_POINT ( 'NONE',  ( 1.576923076923089972, -2.363131313131250355, 5.814999999999999503 ) ) ;
#1427 = DIRECTION ( 'NONE',  ( 0.000000000000000000, 0.000000000000000000, 1.000000000000000000 ) ) ;
#1428 = CARTESIAN_POINT ( 'NONE',  ( 1.520000000000000018, -6.412893218813461083, 1.515000000000000124 ) ) ;
#1429 = CARTESIAN_POINT ( 'NONE',  ( 2.160000000000000142, -7.620000000000000107, 5.714999999999999858 ) ) ;
#1430 = SURFACE_STYLE_FILL_AREA ( #1446 ) ;
#1431 = CARTESIAN_POINT ( 'NONE',  ( -1.520000000000000018, -6.412893218813461083, 1.015000000000000124 ) ) ;
#1432 = ADVANCED_FACE ( 'NONE', ( #4685 ), #2104, .T. ) ;
#1433 = SURFACE_SIDE_STYLE ('',( #3959 ) ) ;
#1434 =( LENGTH_UNIT ( ) NAMED_UNIT ( * ) SI_UNIT ( .MILLI., .METRE. ) );
#1435 =( LENGTH_UNIT ( ) NAMED_UNIT ( * ) SI_UNIT ( .MILLI., .METRE. ) );
#1436 = CARTESIAN_POINT ( 'NONE',  ( -1.243589743589730068, -2.158003108003060166, 5.814999999999999503 ) ) ;
#1437 = EDGE_LOOP ( 'NONE', ( #890, #3122, #5107, #3028 ) ) ;
#1438 = VERTEX_POINT ( 'NONE', #2961 ) ;
#1439 = PRESENTATION_STYLE_ASSIGNMENT (( #2211 ) ) ;
#1440 = DIRECTION ( 'NONE',  ( -0.000000000000000000, 1.000000000000000000, 0.000000000000000000 ) ) ;
#1441 =( GEOMETRIC_REPRESENTATION_CONTEXT ( 3 ) GLOBAL_UNCERTAINTY_ASSIGNED_CONTEXT ( ( #4176 ) ) GLOBAL_UNIT_ASSIGNED_CONTEXT ( ( #2252, #1338, #1768 ) ) REPRESENTATION_CONTEXT ( 'NONE', 'WORKASPACE' ) );
#1442 = SURFACE_STYLE_USAGE ( .BOTH. , #2298 ) ;
#1443 = ORIENTED_EDGE ( 'NONE', *, *, #1618, .T. ) ;
#1444 = ORIENTED_EDGE ( 'NONE', *, *, #1324, .T. ) ;
#1445 =( LENGTH_UNIT ( ) NAMED_UNIT ( * ) SI_UNIT ( .MILLI., .METRE. ) );
#1446 = FILL_AREA_STYLE ('',( #2650 ) ) ;
#1447 = STYLED_ITEM ( 'NONE', ( #2228 ), #2052 ) ;
#1448 =( NAMED_UNIT ( * ) PLANE_ANGLE_UNIT ( ) SI_UNIT ( $, .RADIAN. ) );
#1449 = DIRECTION ( 'NONE',  ( -0.000000000000000000, 1.000000000000000000, 0.000000000000000000 ) ) ;
#1450 = PRESENTATION_LAYER_ASSIGNMENT (  '', '', ( #5094 ) ) ;
#1451 = UNCERTAINTY_MEASURE_WITH_UNIT (LENGTH_MEASURE( 1.000000000000000082E-05 ), #463, 'distance_accuracy_value', 'NONE');
#1452 = EDGE_CURVE ( 'NONE', #56, #1677, #2103, .T. ) ;
#1453 = ADVANCED_FACE ( 'NONE', ( #840 ), #413, .F. ) ;
#1454 = DIRECTION ( 'NONE',  ( 0.000000000000000000, 1.000000000000000000, 0.000000000000000000 ) ) ;
#1455 = PRESENTATION_LAYER_ASSIGNMENT (  '', '', ( #1623 ) ) ;
#1456 = SURFACE_STYLE_USAGE ( .BOTH. , #2231 ) ;
#1457 = FACE_OUTER_BOUND ( 'NONE', #3413, .T. ) ;
#1458 = CARTESIAN_POINT ( 'NONE',  ( 1.520000000000000018, 7.620000000000000107, -5.714999999999999858 ) ) ;
#1459 = AXIS2_PLACEMENT_3D ( 'NONE', #4565, #2436, #2012 ) ;
#1460 = FILL_AREA_STYLE_COLOUR ( '', #2687 ) ;
#1462 = ORIENTED_EDGE ( 'NONE', *, *, #2476, .T. ) ;
#1461 = PRESENTATION_STYLE_ASSIGNMENT (( #3577 ) ) ;
#1463 = ORIENTED_EDGE ( 'NONE', *, *, #84, .T. ) ;
#1464 = DIRECTION ( 'NONE',  ( -1.000000000000000000, 0.000000000000000000, 0.000000000000000000 ) ) ;
#1465 = ORIENTED_EDGE ( 'NONE', *, *, #3783, .T. ) ;
#1466 = UNCERTAINTY_MEASURE_WITH_UNIT (LENGTH_MEASURE( 1.000000000000000082E-05 ), #3014, 'distance_accuracy_value', 'NONE');
#1467 = DIRECTION ( 'NONE',  ( 0.000000000000000000, -1.000000000000000000, 0.000000000000000000 ) ) ;
#1468 = AXIS2_PLACEMENT_3D ( 'NONE', #588, #2709, #3993 ) ;
#1469 = ORIENTED_EDGE ( 'NONE', *, *, #3265, .F. ) ;
#1470 = ORIENTED_EDGE ( 'NONE', *, *, #1854, .T. ) ;
#1471 = EDGE_CURVE ( 'NONE', #3388, #4307, #2069, .T. ) ;
#1472 =( LENGTH_UNIT ( ) NAMED_UNIT ( * ) SI_UNIT ( .MILLI., .METRE. ) );
#1473 = VERTEX_POINT ( 'NONE', #3377 ) ;
#1474 = MECHANICAL_DESIGN_GEOMETRIC_PRESENTATION_REPRESENTATION (  '', ( #3862 ), #4619 ) ;
#1475 = AXIS2_PLACEMENT_3D ( 'NONE', #1817, #2471, #2032 ) ;
#1476 = SURFACE_SIDE_STYLE ('',( #573 ) ) ;
#1477 = SURFACE_SIDE_STYLE ('',( #4055 ) ) ;
#1478 = PRESENTATION_STYLE_ASSIGNMENT (( #4056 ) ) ;
#1479 = PRESENTATION_LAYER_ASSIGNMENT (  '', '', ( #3862 ) ) ;
#1480 = EDGE_CURVE ( 'NONE', #4892, #2164, #3814, .T. ) ;
#1481 = CARTESIAN_POINT ( 'NONE',  ( -1.020000000000000018, -6.412893218813461083, -10.11746870376959961 ) ) ;
#1482 =( NAMED_UNIT ( * ) PLANE_ANGLE_UNIT ( ) SI_UNIT ( $, .RADIAN. ) );
#1483 = FILL_AREA_STYLE_COLOUR ( '', #1696 ) ;
#1484 = STYLED_ITEM ( 'NONE', ( #2379 ), #4284 ) ;
#1485 = VECTOR ( 'NONE', #2188, 1000.000000000000000 ) ;
#1486 = FILL_AREA_STYLE ('',( #2843 ) ) ;
#1487 = UNCERTAINTY_MEASURE_WITH_UNIT (LENGTH_MEASURE( 1.000000000000000082E-05 ), #4915, 'distance_accuracy_value', 'NONE');
#1488 = CARTESIAN_POINT ( 'NONE',  ( -1.520000000000000018, -6.412893218813461083, -10.11746870376959961 ) ) ;
#1489 = AXIS2_PLACEMENT_3D ( 'NONE', #1811, #2213, #3917 ) ;
#1490 = COLOUR_RGB ( '',0.2509803921568627416, 0.2509803921568627416, 0.2509803921568627416 ) ;
#1491 =( NAMED_UNIT ( * ) PLANE_ANGLE_UNIT ( ) SI_UNIT ( $, .RADIAN. ) );
#1492 = AXIS2_PLACEMENT_3D ( 'NONE', #3813, #13, #4266 ) ;
#1493 = VECTOR ( 'NONE', #2084, 1000.000000000000000 ) ;
#1494 = CARTESIAN_POINT ( 'NONE',  ( -1.153846153846141975, -2.158003108003060166, 5.714999999999999858 ) ) ;
#1495 = EDGE_LOOP ( 'NONE', ( #2978, #1864, #3636, #2793 ) ) ;
#1496 = ORIENTED_EDGE ( 'NONE', *, *, #2795, .T. ) ;
#1497 = PRESENTATION_STYLE_ASSIGNMENT (( #173 ) ) ;
#1498 = VERTEX_POINT ( 'NONE', #1743 ) ;
#1499 = EDGE_CURVE ( 'NONE', #36, #934, #2157, .T. ) ;
#1500 = COLOUR_RGB ( '',0.000000000000000000, 1.000000000000000000, 0.000000000000000000 ) ;
#1501 = ADVANCED_FACE ( 'NONE', ( #4791 ), #2129, .T. ) ;
#1502 = ORIENTED_EDGE ( 'NONE', *, *, #618, .T. ) ;
#1503 = ORIENTED_EDGE ( 'NONE', *, *, #2476, .F. ) ;
#1504 = LINE ( 'NONE', #1179, #1042 ) ;
#1505 = MECHANICAL_DESIGN_GEOMETRIC_PRESENTATION_REPRESENTATION (  '', ( #2016 ), #1582 ) ;
#1506 = CARTESIAN_POINT ( 'NONE',  ( -1.020000000000000018, -7.119999999999999218, -16.22427834969624882 ) ) ;
#1507 = SURFACE_SIDE_STYLE ('',( #1057 ) ) ;
#1508 = CARTESIAN_POINT ( 'NONE',  ( -1.153846153846141975, -2.542618492618445192, 5.714999999999999858 ) ) ;
#1509 = DIRECTION ( 'NONE',  ( -1.000000000000000000, 0.000000000000000000, 0.000000000000000000 ) ) ;
#1510 = SURFACE_STYLE_USAGE ( .BOTH. , #184 ) ;
#1511 = CARTESIAN_POINT ( 'NONE',  ( -1.243589743589730068, -2.158003108003060166, 5.814999999999999503 ) ) ;
#1512 =( NAMED_UNIT ( * ) SI_UNIT ( $, .STERADIAN. ) SOLID_ANGLE_UNIT ( ) );
#1513 = DIRECTION ( 'NONE',  ( 0.000000000000000000, 0.000000000000000000, -1.000000000000000000 ) ) ;
#1514 = SURFACE_STYLE_FILL_AREA ( #298 ) ;
#1515 = SURFACE_SIDE_STYLE ('',( #4498 ) ) ;
#1516 = PLANE ( 'NONE',  #1167 ) ;
#1517 = DIRECTION ( 'NONE',  ( 0.000000000000000000, 0.000000000000000000, -1.000000000000000000 ) ) ;
#1518 = ORIENTED_EDGE ( 'NONE', *, *, #1777, .T. ) ;
#1519 = DIRECTION ( 'NONE',  ( -1.000000000000000000, 0.000000000000000000, 0.000000000000000000 ) ) ;
#1520 = FILL_AREA_STYLE ('',( #4909 ) ) ;
#1521 = ORIENTED_EDGE ( 'NONE', *, *, #3332, .T. ) ;
#1522 = ORIENTED_EDGE ( 'NONE', *, *, #917, .T. ) ;
#1523 = ORIENTED_EDGE ( 'NONE', *, *, #167, .T. ) ;
#1524 = CARTESIAN_POINT ( 'NONE',  ( -3.966440926441800130, -8.419999999999999929, -0.2056555615733750009 ) ) ;
#1525 = EDGE_CURVE ( 'NONE', #1733, #2214, #5152, .T. ) ;
#1526 = FILL_AREA_STYLE_COLOUR ( '', #4848 ) ;
#1527 = VECTOR ( 'NONE', #1960, 1000.000000000000000 ) ;
#1528 = CARTESIAN_POINT ( 'NONE',  ( 1.520000000000000018, -11.11999999999999922, -10.11746870376959961 ) ) ;
#1529 = VECTOR ( 'NONE', #5051, 1000.000000000000000 ) ;
#1530 = FACE_OUTER_BOUND ( 'NONE', #2851, .T. ) ;
#1531 = CARTESIAN_POINT ( 'NONE',  ( -1.520000000000000018, -7.119999999999999218, -16.22427834969624882 ) ) ;
#1532 =( GEOMETRIC_REPRESENTATION_CONTEXT ( 3 ) GLOBAL_UNCERTAINTY_ASSIGNED_CONTEXT ( ( #1410 ) ) GLOBAL_UNIT_ASSIGNED_CONTEXT ( ( #245, #2394, #643 ) ) REPRESENTATION_CONTEXT ( 'NONE', 'WORKASPACE' ) );
#1533 = CARTESIAN_POINT ( 'NONE',  ( 1.020000000000000018, -7.420000000000000817, 1.015000000000000124 ) ) ;
#1534 = SURFACE_STYLE_USAGE ( .BOTH. , #2421 ) ;
#1535 = LINE ( 'NONE', #5397, #3357 ) ;
#1536 = MECHANICAL_DESIGN_GEOMETRIC_PRESENTATION_REPRESENTATION (  '', ( #112 ), #741 ) ;
#1537 = FILL_AREA_STYLE ('',( #4882 ) ) ;
#1539 = ORIENTED_EDGE ( 'NONE', *, *, #4248, .F. ) ;
#1538 = PRESENTATION_STYLE_ASSIGNMENT (( #3817 ) ) ;
#1540 = EDGE_LOOP ( 'NONE', ( #4748, #3024, #2399, #5195 ) ) ;
#1541 = DIRECTION ( 'NONE',  ( 0.000000000000000000, -1.000000000000000000, -1.138269997360109921E-16 ) ) ;
#1542 = DIRECTION ( 'NONE',  ( 1.000000000000000000, 0.000000000000000000, 0.000000000000000000 ) ) ;
#1543 = VECTOR ( 'NONE', #1983, 1000.000000000000000 ) ;
#1544 = VERTEX_POINT ( 'NONE', #527 ) ;
#1545 = PRESENTATION_STYLE_ASSIGNMENT (( #4101 ) ) ;
#1546 = CARTESIAN_POINT ( 'NONE',  ( -1.277036423998930248, 4.583000000000000185, -3.564999999999999947 ) ) ;
#1547 = LINE ( 'NONE', #316, #4434 ) ;
#1548 = ADVANCED_FACE ( 'NONE', ( #5200 ), #4318, .F. ) ;
#1549 = EDGE_CURVE ( 'NONE', #4989, #1620, #4184, .T. ) ;
#1550 = UNCERTAINTY_MEASURE_WITH_UNIT (LENGTH_MEASURE( 1.000000000000000082E-05 ), #4092, 'distance_accuracy_value', 'NONE');
#1551 = PRESENTATION_STYLE_ASSIGNMENT (( #2837 ) ) ;
#1552 =( NAMED_UNIT ( * ) SI_UNIT ( $, .STERADIAN. ) SOLID_ANGLE_UNIT ( ) );
#1553 = DIRECTION ( 'NONE',  ( 0.000000000000000000, 1.000000000000000000, 5.981805089575197183E-16 ) ) ;
#1554 = CARTESIAN_POINT ( 'NONE',  ( 1.020000000000000018, -5.120000000000000995, -10.11746870376959961 ) ) ;
#1555 = SPHERICAL_SURFACE ( 'NONE', #1393, 1.449999999999999956 ) ;
#1556 = VECTOR ( 'NONE', #4954, 1000.000000000000000 ) ;
#1557 = COLOUR_RGB ( '',0.2509803921568627416, 0.2509803921568627416, 0.2509803921568627416 ) ;
#1558 = EDGE_CURVE ( 'NONE', #4351, #1734, #3475, .T. ) ;
#1559 = CARTESIAN_POINT ( 'NONE',  ( 1.020000000000000018, -7.119999999999999218, -1.025000000000000133 ) ) ;
#1560 = FILL_AREA_STYLE_COLOUR ( '', #1203 ) ;
#1561 = UNCERTAINTY_MEASURE_WITH_UNIT (LENGTH_MEASURE( 1.000000000000000082E-05 ), #771, 'distance_accuracy_value', 'NONE');
#1562 = PRESENTATION_LAYER_ASSIGNMENT (  '', '', ( #1391 ) ) ;
#1563 = COLOUR_RGB ( '',0.7529411764705882248, 0.7529411764705882248, 0.7529411764705882248 ) ;
#1564 = VECTOR ( 'NONE', #3135, 1000.000000000000000 ) ;
#1565 =( LENGTH_UNIT ( ) NAMED_UNIT ( * ) SI_UNIT ( .MILLI., .METRE. ) );
#1566 = STYLED_ITEM ( 'NONE', ( #3510 ), #4630 ) ;
#1567 = STYLED_ITEM ( 'NONE', ( #2246 ), #654 ) ;
#1568 = VERTEX_POINT ( 'NONE', #3506 ) ;
#1569 = ORIENTED_EDGE ( 'NONE', *, *, #4287, .T. ) ;
#1570 = EDGE_CURVE ( 'NONE', #4457, #4569, #2654, .T. ) ;
#1571 = ORIENTED_EDGE ( 'NONE', *, *, #2155, .T. ) ;
#1572 = AXIS2_PLACEMENT_3D ( 'NONE', #3448, #4258, #3128 ) ;
#1573 = VECTOR ( 'NONE', #4252, 1000.000000000000000 ) ;
#1574 = ORIENTED_EDGE ( 'NONE', *, *, #4172, .T. ) ;
#1575 = CARTESIAN_POINT ( 'NONE',  ( 1.020000000000000018, 7.620000000000000107, -5.714999999999999858 ) ) ;
#1576 = STYLED_ITEM ( 'NONE', ( #425 ), #5062 ) ;
#1577 = DIRECTION ( 'NONE',  ( 0.000000000000000000, 0.000000000000000000, 1.000000000000000000 ) ) ;
#1578 = PRESENTATION_STYLE_ASSIGNMENT (( #1161 ) ) ;
#1579 =( NAMED_UNIT ( * ) SI_UNIT ( $, .STERADIAN. ) SOLID_ANGLE_UNIT ( ) );
#1580 =( NAMED_UNIT ( * ) PLANE_ANGLE_UNIT ( ) SI_UNIT ( $, .RADIAN. ) );
#1581 = CARTESIAN_POINT ( 'NONE',  ( -1.243589743589730068, -2.158003108003060166, 5.814999999999999503 ) ) ;
#1582 =( GEOMETRIC_REPRESENTATION_CONTEXT ( 3 ) GLOBAL_UNCERTAINTY_ASSIGNED_CONTEXT ( ( #3822 ) ) GLOBAL_UNIT_ASSIGNED_CONTEXT ( ( #3225, #1865, #3170 ) ) REPRESENTATION_CONTEXT ( 'NONE', 'WORKASPACE' ) );
#1583 = EDGE_CURVE ( 'NONE', #5145, #2349, #3924, .T. ) ;
#1584 = PRESENTATION_STYLE_ASSIGNMENT (( #3243 ) ) ;
#1585 = ADVANCED_FACE ( 'NONE', ( #2782 ), #4462, .T. ) ;
#1586 = CARTESIAN_POINT ( 'NONE',  ( 1.520000000000000018, -11.11999999999999922, -4.065000000000000391 ) ) ;
#1587 = FACE_OUTER_BOUND ( 'NONE', #820, .T. ) ;
#1588 = FILL_AREA_STYLE ('',( #1115 ) ) ;
#1589 = EDGE_LOOP ( 'NONE', ( #3174, #1443, #3637, #3608 ) ) ;
#1590 = ORIENTED_EDGE ( 'NONE', *, *, #1159, .F. ) ;
#1591 = CARTESIAN_POINT ( 'NONE',  ( 1.520000000000000018, -7.119999999999999218, -1.025000000000000133 ) ) ;
#1592 = UNCERTAINTY_MEASURE_WITH_UNIT (LENGTH_MEASURE( 1.000000000000000082E-05 ), #2998, 'distance_accuracy_value', 'NONE');
#1593 =( NAMED_UNIT ( * ) PLANE_ANGLE_UNIT ( ) SI_UNIT ( $, .RADIAN. ) );
#1594 = FACE_OUTER_BOUND ( 'NONE', #4403, .T. ) ;
#1595 = ORIENTED_EDGE ( 'NONE', *, *, #2445, .T. ) ;
#1596 =( LENGTH_UNIT ( ) NAMED_UNIT ( * ) SI_UNIT ( .MILLI., .METRE. ) );
#1597 = FILL_AREA_STYLE ('',( #1129 ) ) ;
#1598 = PLANE ( 'NONE',  #1459 ) ;
#1599 =( NAMED_UNIT ( * ) SI_UNIT ( $, .STERADIAN. ) SOLID_ANGLE_UNIT ( ) );
#1600 = CARTESIAN_POINT ( 'NONE',  ( -1.020000000000000018, -6.412893218813461083, -1.025000000000000133 ) ) ;
#1601 = ORIENTED_EDGE ( 'NONE', *, *, #352, .F. ) ;
#1602 = LINE ( 'NONE', #4568, #4684 ) ;
#1603 = VERTEX_POINT ( 'NONE', #637 ) ;
#1604 = DIRECTION ( 'NONE',  ( 0.000000000000000000, 1.000000000000000000, 0.000000000000000000 ) ) ;
#1605 = LINE ( 'NONE', #3397, #1006 ) ;
#1606 = CARTESIAN_POINT ( 'NONE',  ( -1.619999999999999885, -8.419999999999999929, 1.515000000000000124 ) ) ;
#1607 = PLANE ( 'NONE',  #5303 ) ;
#1608 = VECTOR ( 'NONE', #3522, 1000.000000000000000 ) ;
#1609 =( NAMED_UNIT ( * ) PLANE_ANGLE_UNIT ( ) SI_UNIT ( $, .RADIAN. ) );
#1610 = STYLED_ITEM ( 'NONE', ( #2992 ), #2043 ) ;
#1611 = CARTESIAN_POINT ( 'NONE',  ( 0.000000000000000000, 0.002999999999999389873, 6.884999999999999787 ) ) ;
#1612 = DIRECTION ( 'NONE',  ( 0.000000000000000000, -1.000000000000000000, -3.469446951953615175E-16 ) ) ;
#1613 = UNCERTAINTY_MEASURE_WITH_UNIT (LENGTH_MEASURE( 1.000000000000000082E-05 ), #4835, 'distance_accuracy_value', 'NONE');
#1614 = FILL_AREA_STYLE_COLOUR ( '', #693 ) ;
#1615 = UNCERTAINTY_MEASURE_WITH_UNIT (LENGTH_MEASURE( 1.000000000000000082E-05 ), #4362, 'distance_accuracy_value', 'NONE');
#1616 = EDGE_CURVE ( 'NONE', #849, #1422, #2733, .T. ) ;
#1617 = COLOUR_RGB ( '',0.2509803921568627416, 0.2509803921568627416, 0.2509803921568627416 ) ;
#1618 = EDGE_CURVE ( 'NONE', #1170, #172, #3617, .T. ) ;
#1619 = FACE_OUTER_BOUND ( 'NONE', #4121, .T. ) ;
#1620 = VERTEX_POINT ( 'NONE', #664 ) ;
#1621 = ORIENTED_EDGE ( 'NONE', *, *, #214, .T. ) ;
#1622 = CARTESIAN_POINT ( 'NONE',  ( -2.160000000000000142, 7.620000000000000107, -5.714999999999999858 ) ) ;
#1623 = STYLED_ITEM ( 'NONE', ( #4672 ), #2815 ) ;
#1624 = ORIENTED_EDGE ( 'NONE', *, *, #4208, .T. ) ;
#1625 = FACE_OUTER_BOUND ( 'NONE', #858, .T. ) ;
#1626 = DIRECTION ( 'NONE',  ( 1.000000000000000000, 0.000000000000000000, 0.000000000000000000 ) ) ;
#1627 = CARTESIAN_POINT ( 'NONE',  ( -1.020000000000000018, 5.083000000000000185, -10.11746870376959961 ) ) ;
#1628 =( LENGTH_UNIT ( ) NAMED_UNIT ( * ) SI_UNIT ( .MILLI., .METRE. ) );
#1629 =( NAMED_UNIT ( * ) PLANE_ANGLE_UNIT ( ) SI_UNIT ( $, .RADIAN. ) );
#1630 = DIRECTION ( 'NONE',  ( 0.000000000000000000, 0.000000000000000000, -1.000000000000000000 ) ) ;
#1631 = CARTESIAN_POINT ( 'NONE',  ( -2.160000000000000142, -0.3723944653317539655, -16.22427834969624882 ) ) ;
#1632 = CIRCLE ( 'NONE', #3686, 1.449999999999999956 ) ;
#1633 = EDGE_CURVE ( 'NONE', #32, #371, #2304, .T. ) ;
#1634 =( LENGTH_UNIT ( ) NAMED_UNIT ( * ) SI_UNIT ( .MILLI., .METRE. ) );
#1635 = VECTOR ( 'NONE', #2426, 1000.000000000000000 ) ;
#1636 = SURFACE_STYLE_FILL_AREA ( #3404 ) ;
#1637 = SURFACE_STYLE_FILL_AREA ( #2545 ) ;
#1638 = DIRECTION ( 'NONE',  ( 0.000000000000000000, 0.000000000000000000, -1.000000000000000000 ) ) ;
#1639 = ORIENTED_EDGE ( 'NONE', *, *, #4395, .F. ) ;
#1640 = VERTEX_POINT ( 'NONE', #183 ) ;
#1641 = VECTOR ( 'NONE', #1320, 1000.000000000000000 ) ;
#1642 =( GEOMETRIC_REPRESENTATION_CONTEXT ( 3 ) GLOBAL_UNCERTAINTY_ASSIGNED_CONTEXT ( ( #4683 ) ) GLOBAL_UNIT_ASSIGNED_CONTEXT ( ( #1628, #264, #5000 ) ) REPRESENTATION_CONTEXT ( 'NONE', 'WORKASPACE' ) );
#1643 =( NAMED_UNIT ( * ) SI_UNIT ( $, .STERADIAN. ) SOLID_ANGLE_UNIT ( ) );
#1644 = AXIS2_PLACEMENT_3D ( 'NONE', #2006, #364, #2029 ) ;
#1645 = PRESENTATION_STYLE_ASSIGNMENT (( #4912 ) ) ;
#1646 = COLOUR_RGB ( '',0.7529411764705882248, 0.7529411764705882248, 0.7529411764705882248 ) ;
#1647 = ORIENTED_EDGE ( 'NONE', *, *, #717, .T. ) ;
#1648 =( GEOMETRIC_REPRESENTATION_CONTEXT ( 3 ) GLOBAL_UNCERTAINTY_ASSIGNED_CONTEXT ( ( #4229 ) ) GLOBAL_UNIT_ASSIGNED_CONTEXT ( ( #4352, #5248, #4839 ) ) REPRESENTATION_CONTEXT ( 'NONE', 'WORKASPACE' ) );
#1649 =( GEOMETRIC_REPRESENTATION_CONTEXT ( 3 ) GLOBAL_UNCERTAINTY_ASSIGNED_CONTEXT ( ( #617 ) ) GLOBAL_UNIT_ASSIGNED_CONTEXT ( ( #576, #526, #3897 ) ) REPRESENTATION_CONTEXT ( 'NONE', 'WORKASPACE' ) );
#1650 = DIRECTION ( 'NONE',  ( 1.000000000000000000, 0.000000000000000000, 0.000000000000000000 ) ) ;
#1651 = EDGE_LOOP ( 'NONE', ( #282, #3211 ) ) ;
#1652 = FILL_AREA_STYLE ('',( #2033 ) ) ;
#1653 = ADVANCED_FACE ( 'NONE', ( #5315 ), #5360, .F. ) ;
#1654 = LINE ( 'NONE', #2474, #2186 ) ;
#1655 = COLOUR_RGB ( '',0.7529411764705882248, 0.7529411764705882248, 0.7529411764705882248 ) ;
#1656 =( NAMED_UNIT ( * ) SI_UNIT ( $, .STERADIAN. ) SOLID_ANGLE_UNIT ( ) );
#1657 =( GEOMETRIC_REPRESENTATION_CONTEXT ( 3 ) GLOBAL_UNCERTAINTY_ASSIGNED_CONTEXT ( ( #5011 ) ) GLOBAL_UNIT_ASSIGNED_CONTEXT ( ( #1381, #539, #1678 ) ) REPRESENTATION_CONTEXT ( 'NONE', 'WORKASPACE' ) );
#1658 = VECTOR ( 'NONE', #2483, 1000.000000000000000 ) ;
#1659 = ORIENTED_EDGE ( 'NONE', *, *, #501, .T. ) ;
#1660 = DIRECTION ( 'NONE',  ( 1.000000000000000000, 4.336808689942020201E-16, 0.000000000000000000 ) ) ;
#1661 = FACE_OUTER_BOUND ( 'NONE', #2301, .T. ) ;
#1662 =( NAMED_UNIT ( * ) PLANE_ANGLE_UNIT ( ) SI_UNIT ( $, .RADIAN. ) );
#1663 =( NAMED_UNIT ( * ) SI_UNIT ( $, .STERADIAN. ) SOLID_ANGLE_UNIT ( ) );
#1664 = PRESENTATION_STYLE_ASSIGNMENT (( #5470 ) ) ;
#1665 = UNCERTAINTY_MEASURE_WITH_UNIT (LENGTH_MEASURE( 1.000000000000000082E-05 ), #2873, 'distance_accuracy_value', 'NONE');
#1666 = STYLED_ITEM ( 'NONE', ( #2971 ), #5099 ) ;
#1667 = DIRECTION ( 'NONE',  ( 0.000000000000000000, 1.000000000000000000, 0.000000000000000000 ) ) ;
#1668 = MECHANICAL_DESIGN_GEOMETRIC_PRESENTATION_REPRESENTATION (  '', ( #2830 ), #2924 ) ;
#1669 = SURFACE_STYLE_USAGE ( .BOTH. , #2619 ) ;
#1670 = UNCERTAINTY_MEASURE_WITH_UNIT (LENGTH_MEASURE( 1.000000000000000082E-05 ), #873, 'distance_accuracy_value', 'NONE');
#1671 = FACE_OUTER_BOUND ( 'NONE', #3833, .T. ) ;
#1672 = FACE_OUTER_BOUND ( 'NONE', #938, .T. ) ;
#1673 =( NAMED_UNIT ( * ) SI_UNIT ( $, .STERADIAN. ) SOLID_ANGLE_UNIT ( ) );
#1674 = DIRECTION ( 'NONE',  ( 0.000000000000000000, 0.000000000000000000, 1.000000000000000000 ) ) ;
#1675 = ORIENTED_EDGE ( 'NONE', *, *, #5044, .F. ) ;
#1676 =( LENGTH_UNIT ( ) NAMED_UNIT ( * ) SI_UNIT ( .MILLI., .METRE. ) );
#1677 = VERTEX_POINT ( 'NONE', #3259 ) ;
#1678 =( NAMED_UNIT ( * ) SI_UNIT ( $, .STERADIAN. ) SOLID_ANGLE_UNIT ( ) );
#1679 = LINE ( 'NONE', #3725, #2907 ) ;
#1680 = EDGE_LOOP ( 'NONE', ( #1595, #2699, #69, #388 ) ) ;
#1681 = EDGE_CURVE ( 'NONE', #3150, #918, #4407, .T. ) ;
#1682 = EDGE_CURVE ( 'NONE', #849, #974, #3750, .T. ) ;
#1683 = ORIENTED_EDGE ( 'NONE', *, *, #4561, .T. ) ;
#1684 =( NAMED_UNIT ( * ) SI_UNIT ( $, .STERADIAN. ) SOLID_ANGLE_UNIT ( ) );
#1685 = ORIENTED_EDGE ( 'NONE', *, *, #2404, .F. ) ;
#1686 = FACE_OUTER_BOUND ( 'NONE', #702, .T. ) ;
#1687 = CARTESIAN_POINT ( 'NONE',  ( -1.153846153846141975, -2.542618492618445192, 5.814999999999999503 ) ) ;
#1688 = LINE ( 'NONE', #2984, #732 ) ;
#1689 =( NAMED_UNIT ( * ) PLANE_ANGLE_UNIT ( ) SI_UNIT ( $, .RADIAN. ) );
#1690 =( NAMED_UNIT ( * ) SI_UNIT ( $, .STERADIAN. ) SOLID_ANGLE_UNIT ( ) );
#1691 = PRODUCT_DEFINITION_CONTEXT ( 'detailed design', #2318, 'design' ) ;
#1692 = AXIS2_PLACEMENT_3D ( 'NONE', #1488, #3625, #1062 ) ;
#1693 = ADVANCED_FACE ( 'NONE', ( #4570 ), #2953, .T. ) ;
#1694 = ORIENTED_EDGE ( 'NONE', *, *, #4008, .F. ) ;
#1695 = DIRECTION ( 'NONE',  ( 0.000000000000000000, 0.000000000000000000, 1.000000000000000000 ) ) ;
#1696 = COLOUR_RGB ( '',0.7529411764705882248, 0.7529411764705882248, 0.7529411764705882248 ) ;
#1697 = LINE ( 'NONE', #515, #3518 ) ;
#1698 =( LENGTH_UNIT ( ) NAMED_UNIT ( * ) SI_UNIT ( .MILLI., .METRE. ) );
#1699 = CARTESIAN_POINT ( 'NONE',  ( -1.277036423998940240, 7.620000000000000107, -3.564999999999999947 ) ) ;
#1700 = ORIENTED_EDGE ( 'NONE', *, *, #85, .T. ) ;
#1701 = EDGE_LOOP ( 'NONE', ( #5493, #5304, #2691, #4283 ) ) ;
#1702 = CARTESIAN_POINT ( 'NONE',  ( 0.000000000000000000, -5.076999999999999957, 6.884999999999999787 ) ) ;
#1703 = ORIENTED_EDGE ( 'NONE', *, *, #4891, .T. ) ;
#1704 = SURFACE_SIDE_STYLE ('',( #524 ) ) ;
#1705 =( GEOMETRIC_REPRESENTATION_CONTEXT ( 3 ) GLOBAL_UNCERTAINTY_ASSIGNED_CONTEXT ( ( #4860 ) ) GLOBAL_UNIT_ASSIGNED_CONTEXT ( ( #4593, #2013, #1599 ) ) REPRESENTATION_CONTEXT ( 'NONE', 'WORKASPACE' ) );
#1706 = DIRECTION ( 'NONE',  ( -1.000000000000000000, 0.000000000000000000, 0.000000000000000000 ) ) ;
#1707 = CARTESIAN_POINT ( 'NONE',  ( 0.000000000000000000, 0.002999999999999389873, 6.884999999999999787 ) ) ;
#1708 = FILL_AREA_STYLE ('',( #3780 ) ) ;
#1709 = SURFACE_STYLE_USAGE ( .BOTH. , #3925 ) ;
#1710 = SURFACE_STYLE_FILL_AREA ( #2934 ) ;
#1711 = LINE ( 'NONE', #5203, #1906 ) ;
#1712 = EDGE_CURVE ( 'NONE', #1348, #5451, #2018, .T. ) ;
#1713 = ADVANCED_FACE ( 'NONE', ( #2862 ), #5385, .F. ) ;
#1714 =( LENGTH_UNIT ( ) NAMED_UNIT ( * ) SI_UNIT ( .MILLI., .METRE. ) );
#1715 = SURFACE_STYLE_USAGE ( .BOTH. , #2133 ) ;
#1716 = FILL_AREA_STYLE_COLOUR ( '', #3539 ) ;
#1717 = PRESENTATION_LAYER_ASSIGNMENT (  '', '', ( #2538 ) ) ;
#1718 = CARTESIAN_POINT ( 'NONE',  ( -1.153846153846141975, -2.158003108003060166, 5.814999999999999503 ) ) ;
#1719 = ORIENTED_EDGE ( 'NONE', *, *, #2117, .F. ) ;
#1720 = MECHANICAL_DESIGN_GEOMETRIC_PRESENTATION_REPRESENTATION (  '', ( #2989 ), #1027 ) ;
#1721 = DIRECTION ( 'NONE',  ( -1.000000000000000000, 0.000000000000000000, 0.000000000000000000 ) ) ;
#1722 =( GEOMETRIC_REPRESENTATION_CONTEXT ( 3 ) GLOBAL_UNCERTAINTY_ASSIGNED_CONTEXT ( ( #2047 ) ) GLOBAL_UNIT_ASSIGNED_CONTEXT ( ( #3025, #2205, #5077 ) ) REPRESENTATION_CONTEXT ( 'NONE', 'WORKASPACE' ) );
#1723 = PRESENTATION_LAYER_ASSIGNMENT (  '', '', ( #4507 ) ) ;
#1724 = SURFACE_STYLE_FILL_AREA ( #1269 ) ;
#1725 = ORIENTED_EDGE ( 'NONE', *, *, #1208, .T. ) ;
#1726 =( NAMED_UNIT ( * ) SI_UNIT ( $, .STERADIAN. ) SOLID_ANGLE_UNIT ( ) );
#1727 = CARTESIAN_POINT ( 'NONE',  ( 0.000000000000000000, 1.453000000000000069, 6.884999999999999787 ) ) ;
#1728 = ORIENTED_EDGE ( 'NONE', *, *, #3532, .T. ) ;
#1729 = ORIENTED_EDGE ( 'NONE', *, *, #1853, .F. ) ;
#1730 = AXIS2_PLACEMENT_3D ( 'NONE', #1083, #2788, #354 ) ;
#1731 =( GEOMETRIC_REPRESENTATION_CONTEXT ( 3 ) GLOBAL_UNCERTAINTY_ASSIGNED_CONTEXT ( ( #2571 ) ) GLOBAL_UNIT_ASSIGNED_CONTEXT ( ( #4650, #3372, #3891 ) ) REPRESENTATION_CONTEXT ( 'NONE', 'WORKASPACE' ) );
#1732 = AXIS2_PLACEMENT_3D ( 'NONE', #3190, #3990, #2842 ) ;
#1733 = VERTEX_POINT ( 'NONE', #2096 ) ;
#1734 = VERTEX_POINT ( 'NONE', #346 ) ;
#1735 = FILL_AREA_STYLE ('',( #4753 ) ) ;
#1736 =( GEOMETRIC_REPRESENTATION_CONTEXT ( 3 ) GLOBAL_UNCERTAINTY_ASSIGNED_CONTEXT ( ( #4529 ) ) GLOBAL_UNIT_ASSIGNED_CONTEXT ( ( #1596, #1933, #688 ) ) REPRESENTATION_CONTEXT ( 'NONE', 'WORKASPACE' ) );
#1737 = PLANE ( 'NONE',  #3352 ) ;
#1738 = SURFACE_STYLE_FILL_AREA ( #941 ) ;
#1739 = PRESENTATION_LAYER_ASSIGNMENT (  '', '', ( #4240 ) ) ;
#1740 = VECTOR ( 'NONE', #3848, 1000.000000000000000 ) ;
#1741 = COLOUR_RGB ( '',0.2509803921568627416, 0.2509803921568627416, 0.2509803921568627416 ) ;
#1742 =( GEOMETRIC_REPRESENTATION_CONTEXT ( 3 ) GLOBAL_UNCERTAINTY_ASSIGNED_CONTEXT ( ( #1228 ) ) GLOBAL_UNIT_ASSIGNED_CONTEXT ( ( #4306, #2671, #1352 ) ) REPRESENTATION_CONTEXT ( 'NONE', 'WORKASPACE' ) );
#1743 = CARTESIAN_POINT ( 'NONE',  ( 1.775679213042445151E-16, -1.446999999999999842, 5.714999999999999858 ) ) ;
#1744 = SURFACE_STYLE_USAGE ( .BOTH. , #3542 ) ;
#1745 = VECTOR ( 'NONE', #3677, 1000.000000000000000 ) ;
#1746 = EDGE_CURVE ( 'NONE', #400, #2701, #4110, .T. ) ;
#1747 = STYLED_ITEM ( 'NONE', ( #4087 ), #5261 ) ;
#1748 = EDGE_CURVE ( 'NONE', #4840, #32, #2412, .T. ) ;
#1749 = UNCERTAINTY_MEASURE_WITH_UNIT (LENGTH_MEASURE( 1.000000000000000082E-05 ), #3319, 'distance_accuracy_value', 'NONE');
#1750 =( NAMED_UNIT ( * ) PLANE_ANGLE_UNIT ( ) SI_UNIT ( $, .RADIAN. ) );
#1751 = PLANE ( 'NONE',  #1692 ) ;
#1752 = ORIENTED_EDGE ( 'NONE', *, *, #3594, .F. ) ;
#1753 = AXIS2_PLACEMENT_3D ( 'NONE', #2044, #3753, #5390 ) ;
#1754 = FILL_AREA_STYLE ('',( #2078 ) ) ;
#1755 = FILL_AREA_STYLE ('',( #58 ) ) ;
#1756 = ORIENTED_EDGE ( 'NONE', *, *, #2853, .F. ) ;
#1757 = DIRECTION ( 'NONE',  ( 0.000000000000000000, 0.000000000000000000, 1.000000000000000000 ) ) ;
#1758 = DIRECTION ( 'NONE',  ( -1.000000000000000000, 0.000000000000000000, 0.000000000000000000 ) ) ;
#1759 = SURFACE_SIDE_STYLE ('',( #64 ) ) ;
#1760 = SURFACE_STYLE_USAGE ( .BOTH. , #1844 ) ;
#1761 = ORIENTED_EDGE ( 'NONE', *, *, #775, .F. ) ;
#1762 = ORIENTED_EDGE ( 'NONE', *, *, #3163, .F. ) ;
#1763 =( LENGTH_UNIT ( ) NAMED_UNIT ( * ) SI_UNIT ( .MILLI., .METRE. ) );
#1764 = EDGE_LOOP ( 'NONE', ( #5219, #4772, #1659, #3999 ) ) ;
#1765 = CARTESIAN_POINT ( 'NONE',  ( -2.160000000000000142, 7.620000000000000107, 5.714999999999999858 ) ) ;
#1766 = DIRECTION ( 'NONE',  ( -1.000000000000000000, 0.000000000000000000, 0.000000000000000000 ) ) ;
#1767 = CARTESIAN_POINT ( 'NONE',  ( 0.000000000000000000, -5.076999999999999957, 6.884999999999999787 ) ) ;
#1768 =( NAMED_UNIT ( * ) SI_UNIT ( $, .STERADIAN. ) SOLID_ANGLE_UNIT ( ) );
#1769 = CARTESIAN_POINT ( 'NONE',  ( 1.520000000000000018, 4.583000000000000185, -4.065000000000000391 ) ) ;
#1770 = SURFACE_STYLE_FILL_AREA ( #3664 ) ;
#1771 = SURFACE_STYLE_FILL_AREA ( #4796 ) ;
#1772 = FILL_AREA_STYLE_COLOUR ( '', #3596 ) ;
#1773 =( GEOMETRIC_REPRESENTATION_CONTEXT ( 3 ) GLOBAL_UNCERTAINTY_ASSIGNED_CONTEXT ( ( #792 ) ) GLOBAL_UNIT_ASSIGNED_CONTEXT ( ( #5036, #322, #3374 ) ) REPRESENTATION_CONTEXT ( 'NONE', 'WORKASPACE' ) );
#1774 = PLANE ( 'NONE',  #2320 ) ;
#1775 = UNCERTAINTY_MEASURE_WITH_UNIT (LENGTH_MEASURE( 1.000000000000000082E-05 ), #439, 'distance_accuracy_value', 'NONE');
#1776 = PLANE ( 'NONE',  #1820 ) ;
#1777 = EDGE_CURVE ( 'NONE', #3716, #5060, #292, .T. ) ;
#1778 = PLANE ( 'NONE',  #416 ) ;
#1779 = EDGE_CURVE ( 'NONE', #1186, #4273, #5187, .T. ) ;
#1780 = AXIS2_PLACEMENT_3D ( 'NONE', #759, #4499, #2875 ) ;
#1781 = LINE ( 'NONE', #3488, #5472 ) ;
#1782 = LINE ( 'NONE', #964, #4731 ) ;
#1783 = PRESENTATION_LAYER_ASSIGNMENT (  '', '', ( #1265 ) ) ;
#1784 = CARTESIAN_POINT ( 'NONE',  ( 2.160000000000000142, -5.120000000000000107, -16.22427834969624882 ) ) ;
#1785 = ORIENTED_EDGE ( 'NONE', *, *, #3937, .T. ) ;
#1786 = COLOUR_RGB ( '',0.7529411764705882248, 0.7529411764705882248, 0.7529411764705882248 ) ;
#1787 = EDGE_LOOP ( 'NONE', ( #3871, #3359, #4804, #1071 ) ) ;
#1788 = ORIENTED_EDGE ( 'NONE', *, *, #2859, .T. ) ;
#1789 = FILL_AREA_STYLE ('',( #101 ) ) ;
#1790 = CARTESIAN_POINT ( 'NONE',  ( 1.020000000000000018, -6.412893218813461083, 1.515000000000000124 ) ) ;
#1791 = AXIS2_PLACEMENT_3D ( 'NONE', #1305, #4712, #3038 ) ;
#1792 = AXIS2_PLACEMENT_3D ( 'NONE', #4726, #4703, #2120 ) ;
#1793 = LINE ( 'NONE', #898, #2418 ) ;
#1794 = SURFACE_SIDE_STYLE ('',( #5122 ) ) ;
#1795 = ADVANCED_FACE ( 'NONE', ( #5239 ), #1841, .T. ) ;
#1796 = LINE ( 'NONE', #3545, #230 ) ;
#1797 = AXIS2_PLACEMENT_3D ( 'NONE', #5467, #782, #2533 ) ;
#1798 = FACE_OUTER_BOUND ( 'NONE', #2229, .T. ) ;
#1799 = CARTESIAN_POINT ( 'NONE',  ( -1.520000000000000018, -7.119999999999999218, -3.564999999999999947 ) ) ;
#1800 = ORIENTED_EDGE ( 'NONE', *, *, #1779, .T. ) ;
#1801 = SURFACE_SIDE_STYLE ('',( #534 ) ) ;
#1802 = CARTESIAN_POINT ( 'NONE',  ( -1.619999999999999885, -8.419999999999999929, -0.2056555615733750009 ) ) ;
#1803 = CARTESIAN_POINT ( 'NONE',  ( -1.153846153846141975, -1.863131313131265010, 5.714999999999999858 ) ) ;
#1804 = CARTESIAN_POINT ( 'NONE',  ( -0.9200000000000000400, -8.419999999999999929, 1.015000000000000124 ) ) ;
#1806 = ORIENTED_EDGE ( 'NONE', *, *, #440, .F. ) ;
#1805 = DIRECTION ( 'NONE',  ( -1.000000000000000000, 0.000000000000000000, 0.000000000000000000 ) ) ;
#1807 = PLANE ( 'NONE',  #3371 ) ;
#1808 =( GEOMETRIC_REPRESENTATION_CONTEXT ( 3 ) GLOBAL_UNCERTAINTY_ASSIGNED_CONTEXT ( ( #3583 ) ) GLOBAL_UNIT_ASSIGNED_CONTEXT ( ( #2982, #3037, #939 ) ) REPRESENTATION_CONTEXT ( 'NONE', 'WORKASPACE' ) );
#1809 = CARTESIAN_POINT ( 'NONE',  ( -1.520000000000000018, -7.420000000000000817, 1.515000000000000124 ) ) ;
#1810 = ORIENTED_EDGE ( 'NONE', *, *, #4035, .T. ) ;
#1811 = CARTESIAN_POINT ( 'NONE',  ( 0.000000000000000000, 5.083000000000000185, 6.884999999999999787 ) ) ;
#1812 = VERTEX_POINT ( 'NONE', #3554 ) ;
#1813 = VERTEX_POINT ( 'NONE', #1804 ) ;
#1814 = AXIS2_PLACEMENT_3D ( 'NONE', #2086, #4253, #4277 ) ;
#1815 = EDGE_CURVE ( 'NONE', #971, #4286, #514, .T. ) ;
#1816 = EDGE_CURVE ( 'NONE', #1894, #1286, #1782, .T. ) ;
#1817 = CARTESIAN_POINT ( 'NONE',  ( 2.160000000000000142, -7.119999999999999218, -16.22427834969624882 ) ) ;
#1818 = DIRECTION ( 'NONE',  ( 0.000000000000000000, -1.000000000000000000, 0.000000000000000000 ) ) ;
#1819 = CARTESIAN_POINT ( 'NONE',  ( -2.160000000000000142, -7.620000000000000107, -5.714999999999999858 ) ) ;
#1820 = AXIS2_PLACEMENT_3D ( 'NONE', #82, #903, #2604 ) ;
#1821 = STYLED_ITEM ( 'NONE', ( #892 ), #585 ) ;
#1822 = PRESENTATION_LAYER_ASSIGNMENT (  '', '', ( #5032 ) ) ;
#1823 = COLOUR_RGB ( '',0.2509803921568627416, 0.2509803921568627416, 0.2509803921568627416 ) ;
#1824 = VECTOR ( 'NONE', #1145, 1000.000000000000000 ) ;
#1825 = AXIS2_PLACEMENT_3D ( 'NONE', #5088, #3011, #1274 ) ;
#1826 = DIRECTION ( 'NONE',  ( 0.000000000000000000, 3.469446951953615175E-16, -1.000000000000000000 ) ) ;
#1827 = PRESENTATION_LAYER_ASSIGNMENT (  '', '', ( #2282 ) ) ;
#1828 =( GEOMETRIC_REPRESENTATION_CONTEXT ( 3 ) GLOBAL_UNCERTAINTY_ASSIGNED_CONTEXT ( ( #2738 ) ) GLOBAL_UNIT_ASSIGNED_CONTEXT ( ( #5457, #4504, #1953 ) ) REPRESENTATION_CONTEXT ( 'NONE', 'WORKASPACE' ) );
#1829 = SURFACE_STYLE_FILL_AREA ( #580 ) ;
#1830 = CARTESIAN_POINT ( 'NONE',  ( -2.160000000000000142, -7.119999999999999218, 2.295000000000000373 ) ) ;
#1831 = DIRECTION ( 'NONE',  ( 0.000000000000000000, 0.000000000000000000, -1.000000000000000000 ) ) ;
#1832 = COLOUR_RGB ( '',0.7529411764705882248, 0.7529411764705882248, 0.7529411764705882248 ) ;
#1833 = VECTOR ( 'NONE', #4275, 1000.000000000000000 ) ;
#1834 = VECTOR ( 'NONE', #2947, 1000.000000000000000 ) ;
#1835 =( NAMED_UNIT ( * ) PLANE_ANGLE_UNIT ( ) SI_UNIT ( $, .RADIAN. ) );
#1836 = CARTESIAN_POINT ( 'NONE',  ( -1.020000000000000018, 7.620000000000000107, -3.564999999999999947 ) ) ;
#1837 = COLOUR_RGB ( '',0.2509803921568627416, 0.2509803921568627416, 0.2509803921568627416 ) ;
#1838 =( GEOMETRIC_REPRESENTATION_CONTEXT ( 3 ) GLOBAL_UNCERTAINTY_ASSIGNED_CONTEXT ( ( #2200 ) ) GLOBAL_UNIT_ASSIGNED_CONTEXT ( ( #5073, #4661, #5050 ) ) REPRESENTATION_CONTEXT ( 'NONE', 'WORKASPACE' ) );
#1839 = DIRECTION ( 'NONE',  ( -1.000000000000000000, 0.000000000000000000, 0.000000000000000000 ) ) ;
#1840 = CARTESIAN_POINT ( 'NONE',  ( 0.9200000000000000400, -8.693396881765760753, 1.515000000000000124 ) ) ;
#1841 = PLANE ( 'NONE',  #4290 ) ;
#1842 = SURFACE_SIDE_STYLE ('',( #3145 ) ) ;
#1843 = EDGE_LOOP ( 'NONE', ( #1332, #4309, #2968, #2025 ) ) ;
#1844 = SURFACE_SIDE_STYLE ('',( #4728 ) ) ;
#1845 = CARTESIAN_POINT ( 'NONE',  ( -0.8589743589743469299, -2.158003108003060166, 5.814999999999999503 ) ) ;
#1846 = ORIENTED_EDGE ( 'NONE', *, *, #560, .F. ) ;
#1847 = FILL_AREA_STYLE ('',( #150 ) ) ;
#1848 = EDGE_LOOP ( 'NONE', ( #4564, #5140, #251, #3175 ) ) ;
#1849 = ORIENTED_EDGE ( 'NONE', *, *, #3278, .F. ) ;
#1850 = SURFACE_STYLE_FILL_AREA ( #3586 ) ;
#1851 = CARTESIAN_POINT ( 'NONE',  ( -1.020000000000000018, -7.119999999999999218, -4.065000000000000391 ) ) ;
#1852 = CARTESIAN_POINT ( 'NONE',  ( 1.020000000000000018, -8.419999999999999929, -10.11746870376959961 ) ) ;
#1853 = EDGE_CURVE ( 'NONE', #2349, #5145, #3142, .T. ) ;
#1854 = EDGE_CURVE ( 'NONE', #652, #1216, #4829, .T. ) ;
#1855 =( LENGTH_UNIT ( ) NAMED_UNIT ( * ) SI_UNIT ( .MILLI., .METRE. ) );
#1856 = PLANE ( 'NONE',  #3628 ) ;
#1857 = DIRECTION ( 'NONE',  ( 1.000000000000000000, 6.599266530932140288E-31, 8.673617379884029556E-16 ) ) ;
#1858 = FACE_OUTER_BOUND ( 'NONE', #3858, .T. ) ;
#1859 = EDGE_CURVE ( 'NONE', #2495, #4363, #3088, .T. ) ;
#1860 = CARTESIAN_POINT ( 'NONE',  ( -1.153846153846141975, -2.247746697746650035, 5.814999999999999503 ) ) ;
#1861 = FILL_AREA_STYLE ('',( #1460 ) ) ;
#1863 = ORIENTED_EDGE ( 'NONE', *, *, #4490, .F. ) ;
#1862 = CARTESIAN_POINT ( 'NONE',  ( 1.020000000000000018, -11.11999999999999922, -1.025000000000000133 ) ) ;
#1864 = ORIENTED_EDGE ( 'NONE', *, *, #2022, .T. ) ;
#1865 =( NAMED_UNIT ( * ) PLANE_ANGLE_UNIT ( ) SI_UNIT ( $, .RADIAN. ) );
#1866 = LINE ( 'NONE', #3581, #773 ) ;
#1867 = VERTEX_POINT ( 'NONE', #4775 ) ;
#1868 = COLOUR_RGB ( '',0.7529411764705882248, 0.7529411764705882248, 0.7529411764705882248 ) ;
#1869 = SURFACE_SIDE_STYLE ('',( #994 ) ) ;
#1870 = ADVANCED_FACE ( 'NONE', ( #2236 ), #2666, .F. ) ;
#1871 = ORIENTED_EDGE ( 'NONE', *, *, #352, .T. ) ;
#1872 = ORIENTED_EDGE ( 'NONE', *, *, #4456, .T. ) ;
#1873 = STYLED_ITEM ( 'NONE', ( #3167 ), #1870 ) ;
#1874 = ORIENTED_EDGE ( 'NONE', *, *, #2080, .F. ) ;
#1875 = CARTESIAN_POINT ( 'NONE',  ( 0.9200000000000000400, -8.419999999999999929, 1.515000000000000124 ) ) ;
#1876 = SURFACE_STYLE_USAGE ( .BOTH. , #3988 ) ;
#1877 =( LENGTH_UNIT ( ) NAMED_UNIT ( * ) SI_UNIT ( .MILLI., .METRE. ) );
#1878 = VECTOR ( 'NONE', #3189, 1000.000000000000000 ) ;
#1879 = SURFACE_STYLE_FILL_AREA ( #667 ) ;
#1880 = UNCERTAINTY_MEASURE_WITH_UNIT (LENGTH_MEASURE( 1.000000000000000082E-05 ), #4583, 'distance_accuracy_value', 'NONE');
#1881 = PRESENTATION_LAYER_ASSIGNMENT (  '', '', ( #4300 ) ) ;
#1882 = EDGE_CURVE ( 'NONE', #152, #3918, #221, .T. ) ;
#1883 = EDGE_CURVE ( 'NONE', #3831, #275, #3298, .T. ) ;
#1884 = FACE_OUTER_BOUND ( 'NONE', #27, .T. ) ;
#1885 = FILL_AREA_STYLE_COLOUR ( '', #607 ) ;
#1886 = SURFACE_STYLE_USAGE ( .BOTH. , #4448 ) ;
#1887 = ORIENTED_EDGE ( 'NONE', *, *, #883, .F. ) ;
#1888 = LINE ( 'NONE', #2400, #424 ) ;
#1889 = LINE ( 'NONE', #4424, #2817 ) ;
#1890 = UNCERTAINTY_MEASURE_WITH_UNIT (LENGTH_MEASURE( 1.000000000000000082E-05 ), #1698, 'distance_accuracy_value', 'NONE');
#1891 = CARTESIAN_POINT ( 'NONE',  ( -1.243589743589730068, -1.863131313131265010, 5.814999999999999503 ) ) ;
#1892 = VECTOR ( 'NONE', #1857, 1000.000000000000000 ) ;
#1893 = VERTEX_POINT ( 'NONE', #5398 ) ;
#1894 = VERTEX_POINT ( 'NONE', #4074 ) ;
#1895 = SURFACE_SIDE_STYLE ('',( #235 ) ) ;
#1896 = ADVANCED_FACE ( 'NONE', ( #273 ), #1516, .T. ) ;
#1897 = STYLED_ITEM ( 'NONE', ( #1545 ), #3027 ) ;
#1898 = LINE ( 'NONE', #2918, #3241 ) ;
#1899 = LINE ( 'NONE', #1429, #1397 ) ;
#1900 = STYLED_ITEM ( 'NONE', ( #3872 ), #291 ) ;
#1901 = VECTOR ( 'NONE', #5098, 1000.000000000000000 ) ;
#1902 = DIRECTION ( 'NONE',  ( -1.000000000000000000, 0.000000000000000000, 0.000000000000000000 ) ) ;
#1903 = EDGE_LOOP ( 'NONE', ( #2854, #3808, #5104, #3360, #2910, #2030, #3965, #338 ) ) ;
#1904 = LINE ( 'NONE', #4034, #3318 ) ;
#1905 = STYLED_ITEM ( 'NONE', ( #2165 ), #4317 ) ;
#1906 = VECTOR ( 'NONE', #2130, 1000.000000000000000 ) ;
#1907 = DIRECTION ( 'NONE',  ( 0.000000000000000000, 0.000000000000000000, -1.000000000000000000 ) ) ;
#1908 = CLOSED_SHELL ( 'NONE', ( #4631, #5099, #4955, #284, #2925, #3027 ) ) ;
#1909 = AXIS2_PLACEMENT_3D ( 'NONE', #5204, #4484, #554 ) ;
#1910 = MECHANICAL_DESIGN_GEOMETRIC_PRESENTATION_REPRESENTATION (  '', ( #1567 ), #4058 ) ;
#1911 = CARTESIAN_POINT ( 'NONE',  ( -1.277036423998930248, 7.620000000000000107, -3.564999999999999947 ) ) ;
#1912 = LINE ( 'NONE', #1082, #3231 ) ;
#1913 = MECHANICAL_DESIGN_GEOMETRIC_PRESENTATION_REPRESENTATION (  '', ( #4692 ), #3103 ) ;
#1914 = MECHANICAL_DESIGN_GEOMETRIC_PRESENTATION_REPRESENTATION (  '', ( #231 ), #2648 ) ;
#1915 = STYLED_ITEM ( 'NONE', ( #519 ), #4038 ) ;
#1916 = LINE ( 'NONE', #4468, #1200 ) ;
#1917 = PRESENTATION_LAYER_ASSIGNMENT (  '', '', ( #4611 ) ) ;
#1918 = FILL_AREA_STYLE ('',( #561 ) ) ;
#1919 = EDGE_CURVE ( 'NONE', #4218, #1414, #4579, .T. ) ;
#1920 = EDGE_CURVE ( 'NONE', #1239, #3943, #3679, .T. ) ;
#1921 =( GEOMETRIC_REPRESENTATION_CONTEXT ( 3 ) GLOBAL_UNCERTAINTY_ASSIGNED_CONTEXT ( ( #1613 ) ) GLOBAL_UNIT_ASSIGNED_CONTEXT ( ( #4835, #2315, #2345 ) ) REPRESENTATION_CONTEXT ( 'NONE', 'WORKASPACE' ) );
#1922 = COLOUR_RGB ( '',0.2509803921568627416, 0.2509803921568627416, 0.2509803921568627416 ) ;
#1923 =( NAMED_UNIT ( * ) SI_UNIT ( $, .STERADIAN. ) SOLID_ANGLE_UNIT ( ) );
#1925 = VERTEX_POINT ( 'NONE', #5344 ) ;
#1924 = LINE ( 'NONE', #3970, #1108 ) ;
#1926 = EDGE_LOOP ( 'NONE', ( #5452, #2980, #5110, #3201 ) ) ;
#1927 = LINE ( 'NONE', #3683, #4261 ) ;
#1928 = FACE_OUTER_BOUND ( 'NONE', #4368, .T. ) ;
#1929 = ORIENTED_EDGE ( 'NONE', *, *, #1159, .T. ) ;
#1930 = SURFACE_STYLE_USAGE ( .BOTH. , #1869 ) ;
#1931 = ORIENTED_EDGE ( 'NONE', *, *, #2156, .F. ) ;
#1932 = VERTEX_POINT ( 'NONE', #1494 ) ;
#1933 =( NAMED_UNIT ( * ) PLANE_ANGLE_UNIT ( ) SI_UNIT ( $, .RADIAN. ) );
#1934 = VECTOR ( 'NONE', #4885, 1000.000000000000000 ) ;
#1935 = CARTESIAN_POINT ( 'NONE',  ( -1.277036423998930248, -11.11999999999999922, -10.11746870376959961 ) ) ;
#1936 =( LENGTH_UNIT ( ) NAMED_UNIT ( * ) SI_UNIT ( .MILLI., .METRE. ) );
#1937 = UNCERTAINTY_MEASURE_WITH_UNIT (LENGTH_MEASURE( 1.000000000000000082E-05 ), #5163, 'distance_accuracy_value', 'NONE');
#1938 = CARTESIAN_POINT ( 'NONE',  ( -1.243589743589730068, -2.247746697746650035, 5.814999999999999503 ) ) ;
#1940 = ORIENTED_EDGE ( 'NONE', *, *, #3732, .T. ) ;
#1939 = FILL_AREA_STYLE ('',( #2705 ) ) ;
#1941 =( LENGTH_UNIT ( ) NAMED_UNIT ( * ) SI_UNIT ( .MILLI., .METRE. ) );
#1942 = DIRECTION ( 'NONE',  ( 1.000000000000000000, 0.000000000000000000, 0.000000000000000000 ) ) ;
#1943 = LINE ( 'NONE', #4039, #2417 ) ;
#1944 =( LENGTH_UNIT ( ) NAMED_UNIT ( * ) SI_UNIT ( .MILLI., .METRE. ) );
#1945 = SURFACE_STYLE_FILL_AREA ( #791 ) ;
#1946 = DIRECTION ( 'NONE',  ( -0.000000000000000000, 1.000000000000000000, 0.000000000000000000 ) ) ;
#1948 = ORIENTED_EDGE ( 'NONE', *, *, #560, .T. ) ;
#1947 = FILL_AREA_STYLE_COLOUR ( '', #4760 ) ;
#1949 = ORIENTED_EDGE ( 'NONE', *, *, #4103, .T. ) ;
#1950 = ADVANCED_FACE ( 'NONE', ( #1148 ), #303, .T. ) ;
#1951 = CARTESIAN_POINT ( 'NONE',  ( 2.160000000000000142, -0.3723944653317550202, -5.714999999999999858 ) ) ;
#1952 = ORIENTED_EDGE ( 'NONE', *, *, #3757, .F. ) ;
#1953 =( NAMED_UNIT ( * ) SI_UNIT ( $, .STERADIAN. ) SOLID_ANGLE_UNIT ( ) );
#1954 = ORIENTED_EDGE ( 'NONE', *, *, #943, .F. ) ;
#1955 = DIRECTION ( 'NONE',  ( 0.000000000000000000, 1.000000000000000000, 0.000000000000000000 ) ) ;
#1956 = COLOUR_RGB ( '',0.2509803921568627416, 0.2509803921568627416, 0.2509803921568627416 ) ;
#1957 = EDGE_CURVE ( 'NONE', #1151, #1932, #5450, .T. ) ;
#1958 = PRESENTATION_STYLE_ASSIGNMENT (( #1097 ) ) ;
#1959 = DIRECTION ( 'NONE',  ( 0.000000000000000000, 0.000000000000000000, -1.000000000000000000 ) ) ;
#1960 = DIRECTION ( 'NONE',  ( 0.000000000000000000, 0.000000000000000000, -1.000000000000000000 ) ) ;
#1961 = ORIENTED_EDGE ( 'NONE', *, *, #3203, .F. ) ;
#1962 = SURFACE_STYLE_FILL_AREA ( #4465 ) ;
#1963 = CARTESIAN_POINT ( 'NONE',  ( 1.750000000000000000, -7.620000000000000107, 5.714999999999999858 ) ) ;
#1964 = LINE ( 'NONE', #4979, #821 ) ;
#1965 = EDGE_CURVE ( 'NONE', #4932, #32, #4179, .T. ) ;
#1966 = SPHERICAL_SURFACE ( 'NONE', #1992, 1.449999999999999956 ) ;
#1967 = PRESENTATION_LAYER_ASSIGNMENT (  '', '', ( #4572 ) ) ;
#1968 =( LENGTH_UNIT ( ) NAMED_UNIT ( * ) SI_UNIT ( .MILLI., .METRE. ) );
#1969 = COLOUR_RGB ( '',0.2509803921568627416, 0.2509803921568627416, 0.2509803921568627416 ) ;
#1970 = DIRECTION ( 'NONE',  ( -1.000000000000000000, 0.000000000000000000, 0.000000000000000000 ) ) ;
#1971 = CARTESIAN_POINT ( 'NONE',  ( -0.9200000000000000400, -8.693396881765760753, 1.015000000000000124 ) ) ;
#1972 =( LENGTH_UNIT ( ) NAMED_UNIT ( * ) SI_UNIT ( .MILLI., .METRE. ) );
#1973 = FACE_OUTER_BOUND ( 'NONE', #1787, .T. ) ;
#1974 = ORIENTED_EDGE ( 'NONE', *, *, #3567, .F. ) ;
#1975 = PRESENTATION_STYLE_ASSIGNMENT (( #2384 ) ) ;
#1976 = CARTESIAN_POINT ( 'NONE',  ( -1.243589743589730068, -2.542618492618445192, 5.814999999999999503 ) ) ;
#1977 = PLANE ( 'NONE',  #1182 ) ;
#1978 = DIRECTION ( 'NONE',  ( -1.000000000000000000, 0.000000000000000000, 0.000000000000000000 ) ) ;
#1979 = EDGE_CURVE ( 'NONE', #2559, #205, #4211, .T. ) ;
#1980 = EDGE_CURVE ( 'NONE', #2677, #2949, #358, .T. ) ;
#1981 = DIRECTION ( 'NONE',  ( -1.000000000000000000, 0.000000000000000000, 0.000000000000000000 ) ) ;
#1982 = CARTESIAN_POINT ( 'NONE',  ( -1.277036423998930248, -11.11999999999999922, -1.025000000000000133 ) ) ;
#1983 = DIRECTION ( 'NONE',  ( 1.000000000000000000, -0.000000000000000000, 0.000000000000000000 ) ) ;
#1984 = SURFACE_STYLE_USAGE ( .BOTH. , #666 ) ;
#1985 = DIRECTION ( 'NONE',  ( 1.000000000000000000, 0.000000000000000000, 0.000000000000000000 ) ) ;
#1986 = MECHANICAL_DESIGN_GEOMETRIC_PRESENTATION_REPRESENTATION (  '', ( #2068 ), #3689 ) ;
#1987 = DIRECTION ( 'NONE',  ( 0.000000000000000000, 0.000000000000000000, -1.000000000000000000 ) ) ;
#1988 = DIRECTION ( 'NONE',  ( -1.000000000000000000, 0.000000000000000000, 0.000000000000000000 ) ) ;
#1989 =( NAMED_UNIT ( * ) PLANE_ANGLE_UNIT ( ) SI_UNIT ( $, .RADIAN. ) );
#1990 = UNCERTAINTY_MEASURE_WITH_UNIT (LENGTH_MEASURE( 1.000000000000000082E-05 ), #4445, 'distance_accuracy_value', 'NONE');
#1991 = PRESENTATION_STYLE_ASSIGNMENT (( #2872 ) ) ;
#1992 = AXIS2_PLACEMENT_3D ( 'NONE', #2899, #5010, #789 ) ;
#1993 = AXIS2_PLACEMENT_3D ( 'NONE', #4388, #3511, #3958 ) ;
#1994 = VECTOR ( 'NONE', #616, 1000.000000000000000 ) ;
#1995 = EDGE_CURVE ( 'NONE', #1925, #3282, #3406, .T. ) ;
#1996 = CARTESIAN_POINT ( 'NONE',  ( 1.020000000000000018, -7.420000000000000817, -10.11746870376959961 ) ) ;
#1997 = DIRECTION ( 'NONE',  ( 1.000000000000000000, 0.000000000000000000, 0.000000000000000000 ) ) ;
#1998 = SURFACE_SIDE_STYLE ('',( #4987 ) ) ;
#1999 = STYLED_ITEM ( 'NONE', ( #1975 ), #704 ) ;
#2000 = STYLED_ITEM ( 'NONE', ( #1958 ), #3800 ) ;
#2002 = ORIENTED_EDGE ( 'NONE', *, *, #4070, .T. ) ;
#2001 =( NAMED_UNIT ( * ) SI_UNIT ( $, .STERADIAN. ) SOLID_ANGLE_UNIT ( ) );
#2003 = ORIENTED_EDGE ( 'NONE', *, *, #4170, .F. ) ;
#2004 =( NAMED_UNIT ( * ) SI_UNIT ( $, .STERADIAN. ) SOLID_ANGLE_UNIT ( ) );
#2005 = LINE ( 'NONE', #4214, #3796 ) ;
#2006 = CARTESIAN_POINT ( 'NONE',  ( 2.160000000000000142, -0.3723944653317539655, 2.295000000000000373 ) ) ;
#2007 = STYLED_ITEM ( 'NONE', ( #5056 ), #5025 ) ;
#2008 = PRESENTATION_LAYER_ASSIGNMENT (  '', '', ( #3708 ) ) ;
#2009 = AXIS2_PLACEMENT_3D ( 'NONE', #3884, #5165, #4346 ) ;
#2010 = ORIENTED_EDGE ( 'NONE', *, *, #5389, .F. ) ;
#2011 = LINE ( 'NONE', #3722, #5456 ) ;
#2012 = DIRECTION ( 'NONE',  ( 0.000000000000000000, 0.000000000000000000, 1.000000000000000000 ) ) ;
#2013 =( NAMED_UNIT ( * ) PLANE_ANGLE_UNIT ( ) SI_UNIT ( $, .RADIAN. ) );
#2014 = DIRECTION ( 'NONE',  ( 0.000000000000000000, -1.000000000000000000, 0.000000000000000000 ) ) ;
#2015 = PRESENTATION_STYLE_ASSIGNMENT (( #2500 ) ) ;
#2016 = STYLED_ITEM ( 'NONE', ( #1497 ), #5487 ) ;
#2017 = CARTESIAN_POINT ( 'NONE',  ( 2.160000000000000142, -7.620000000000000107, -4.845000000000000639 ) ) ;
#2018 = LINE ( 'NONE', #4196, #2504 ) ;
#2019 = CARTESIAN_POINT ( 'NONE',  ( 1.520000000000000018, -7.119999999999999218, -10.11746870376959961 ) ) ;
#2020 = EDGE_CURVE ( 'NONE', #5057, #2098, #2546, .T. ) ;
#2021 = AXIS2_PLACEMENT_3D ( 'NONE', #797, #3020, #468 ) ;
#2022 = EDGE_CURVE ( 'NONE', #2614, #3100, #4663, .T. ) ;
#2023 = CARTESIAN_POINT ( 'NONE',  ( 1.192307692307703837, -2.363131313131250355, 5.814999999999999503 ) ) ;
#2024 =( NAMED_UNIT ( * ) PLANE_ANGLE_UNIT ( ) SI_UNIT ( $, .RADIAN. ) );
#2025 = ORIENTED_EDGE ( 'NONE', *, *, #2264, .T. ) ;
#2026 = EDGE_LOOP ( 'NONE', ( #2593, #3152, #1496, #3036 ) ) ;
#2027 = UNCERTAINTY_MEASURE_WITH_UNIT (LENGTH_MEASURE( 1.000000000000000082E-05 ), #2670, 'distance_accuracy_value', 'NONE');
#2028 = SURFACE_STYLE_FILL_AREA ( #2464 ) ;
#2029 = DIRECTION ( 'NONE',  ( 1.000000000000000000, 0.000000000000000000, 0.000000000000000000 ) ) ;
#2030 = ORIENTED_EDGE ( 'NONE', *, *, #5018, .T. ) ;
#2031 = SURFACE_STYLE_FILL_AREA ( #1325 ) ;
#2032 = DIRECTION ( 'NONE',  ( 1.000000000000000000, 0.000000000000000000, 0.000000000000000000 ) ) ;
#2033 = FILL_AREA_STYLE_COLOUR ( '', #1969 ) ;
#2034 = ADVANCED_FACE ( 'NONE', ( #1260 ), #5015, .F. ) ;
#2035 = CYLINDRICAL_SURFACE ( 'NONE', #952, 1.449999999999999956 ) ;
#2036 =( LENGTH_UNIT ( ) NAMED_UNIT ( * ) SI_UNIT ( .MILLI., .METRE. ) );
#2037 = ORIENTED_EDGE ( 'NONE', *, *, #609, .F. ) ;
#2038 = CARTESIAN_POINT ( 'NONE',  ( -3.966440926441800130, -7.420000000000000817, 1.015000000000000124 ) ) ;
#2039 = AXIS2_PLACEMENT_3D ( 'NONE', #4714, #4291, #3954 ) ;
#2040 = CARTESIAN_POINT ( 'NONE',  ( 0.000000000000000000, -5.076999999999999957, 5.714999999999999858 ) ) ;
#2041 = PLANE ( 'NONE',  #1492 ) ;
#2042 =( GEOMETRIC_REPRESENTATION_CONTEXT ( 3 ) GLOBAL_UNCERTAINTY_ASSIGNED_CONTEXT ( ( #1229 ) ) GLOBAL_UNIT_ASSIGNED_CONTEXT ( ( #624, #2714, #169 ) ) REPRESENTATION_CONTEXT ( 'NONE', 'WORKASPACE' ) );
#2043 = ADVANCED_FACE ( 'NONE', ( #1672 ), #3382, .T. ) ;
#2044 = CARTESIAN_POINT ( 'NONE',  ( 0.000000000000000000, -5.076999999999999957, 5.714999999999999858 ) ) ;
#2045 =( GEOMETRIC_REPRESENTATION_CONTEXT ( 3 ) GLOBAL_UNCERTAINTY_ASSIGNED_CONTEXT ( ( #1615 ) ) GLOBAL_UNIT_ASSIGNED_CONTEXT ( ( #4362, #3047, #1370 ) ) REPRESENTATION_CONTEXT ( 'NONE', 'WORKASPACE' ) );
#2046 =( LENGTH_UNIT ( ) NAMED_UNIT ( * ) SI_UNIT ( .MILLI., .METRE. ) );
#2047 = UNCERTAINTY_MEASURE_WITH_UNIT (LENGTH_MEASURE( 1.000000000000000082E-05 ), #3025, 'distance_accuracy_value', 'NONE');
#2048 = UNCERTAINTY_MEASURE_WITH_UNIT (LENGTH_MEASURE( 1.000000000000000082E-05 ), #676, 'distance_accuracy_value', 'NONE');
#2049 = VECTOR ( 'NONE', #2105, 1000.000000000000000 ) ;
#2050 = SURFACE_STYLE_USAGE ( .BOTH. , #385 ) ;
#2051 = EDGE_CURVE ( 'NONE', #2566, #4221, #956, .T. ) ;
#2052 = ADVANCED_FACE ( 'NONE', ( #1858 ), #984, .T. ) ;
#2053 = DIRECTION ( 'NONE',  ( -1.000000000000000000, 0.000000000000000000, 0.000000000000000000 ) ) ;
#2054 = ORIENTED_EDGE ( 'NONE', *, *, #1480, .T. ) ;
#2055 = ORIENTED_EDGE ( 'NONE', *, *, #1965, .F. ) ;
#2056 = SURFACE_STYLE_USAGE ( .BOTH. , #5054 ) ;
#2057 = SURFACE_SIDE_STYLE ('',( #711 ) ) ;
#2058 = FILL_AREA_STYLE ('',( #5402 ) ) ;
#2059 = STYLED_ITEM ( 'NONE', ( #3285 ), #2752 ) ;
#2060 = VERTEX_POINT ( 'NONE', #3961 ) ;
#2061 = EDGE_LOOP ( 'NONE', ( #175, #2092, #359 ) ) ;
#2062 = DIRECTION ( 'NONE',  ( 0.000000000000000000, 0.000000000000000000, -1.000000000000000000 ) ) ;
#2063 = STYLED_ITEM ( 'NONE', ( #3375 ), #2885 ) ;
#2064 =( NAMED_UNIT ( * ) PLANE_ANGLE_UNIT ( ) SI_UNIT ( $, .RADIAN. ) );
#2065 = ORIENTED_EDGE ( 'NONE', *, *, #1558, .T. ) ;
#2066 = FILL_AREA_STYLE ('',( #2534 ) ) ;
#2067 =( NAMED_UNIT ( * ) PLANE_ANGLE_UNIT ( ) SI_UNIT ( $, .RADIAN. ) );
#2068 = STYLED_ITEM ( 'NONE', ( #4821 ), #1253 ) ;
#2069 = LINE ( 'NONE', #5475, #541 ) ;
#2070 = CARTESIAN_POINT ( 'NONE',  ( -3.966440926441800130, -7.420000000000000817, -0.2056555615733750009 ) ) ;
#2071 =( GEOMETRIC_REPRESENTATION_CONTEXT ( 3 ) GLOBAL_UNCERTAINTY_ASSIGNED_CONTEXT ( ( #1665 ) ) GLOBAL_UNIT_ASSIGNED_CONTEXT ( ( #2873, #5049, #2937 ) ) REPRESENTATION_CONTEXT ( 'NONE', 'WORKASPACE' ) );
#2072 = STYLED_ITEM ( 'NONE', ( #3824 ), #3120 ) ;
#2073 = SURFACE_STYLE_FILL_AREA ( #3820 ) ;
#2074 =( LENGTH_UNIT ( ) NAMED_UNIT ( * ) SI_UNIT ( .MILLI., .METRE. ) );
#2075 = EDGE_LOOP ( 'NONE', ( #4537, #2398, #2769, #1094 ) ) ;
#2076 = COLOUR_RGB ( '',0.000000000000000000, 1.000000000000000000, 0.000000000000000000 ) ;
#2077 = MECHANICAL_DESIGN_GEOMETRIC_PRESENTATION_REPRESENTATION (  '', ( #4507 ), #2447 ) ;
#2078 = FILL_AREA_STYLE_COLOUR ( '', #5310 ) ;
#2079 = ADVANCED_FACE ( 'NONE', ( #140 ), #1774, .T. ) ;
#2080 = EDGE_CURVE ( 'NONE', #2591, #3437, #2600, .T. ) ;
#2081 = MECHANICAL_DESIGN_GEOMETRIC_PRESENTATION_REPRESENTATION (  '', ( #2363 ), #3983 ) ;
#2082 = VERTEX_POINT ( 'NONE', #1799 ) ;
#2083 = COLOUR_RGB ( '',0.7529411764705882248, 0.7529411764705882248, 0.7529411764705882248 ) ;
#2084 = DIRECTION ( 'NONE',  ( -1.000000000000000000, 0.000000000000000000, 0.000000000000000000 ) ) ;
#2085 = MECHANICAL_DESIGN_GEOMETRIC_PRESENTATION_REPRESENTATION (  '', ( #4332 ), #5210 ) ;
#2087 = ORIENTED_EDGE ( 'NONE', *, *, #160, .F. ) ;
#2086 = CARTESIAN_POINT ( 'NONE',  ( -3.966440926441800130, -7.420000000000000817, -0.2056555615733750009 ) ) ;
#2088 = VERTEX_POINT ( 'NONE', #1039 ) ;
#2089 = PRESENTATION_STYLE_ASSIGNMENT (( #4130 ) ) ;
#2090 = SURFACE_STYLE_USAGE ( .BOTH. , #396 ) ;
#2091 = EDGE_LOOP ( 'NONE', ( #3034, #687, #2247, #796, #5346, #3420, #2590, #2635 ) ) ;
#2092 = ORIENTED_EDGE ( 'NONE', *, *, #2080, .T. ) ;
#2093 =( NAMED_UNIT ( * ) PLANE_ANGLE_UNIT ( ) SI_UNIT ( $, .RADIAN. ) );
#2094 = VECTOR ( 'NONE', #2721, 1000.000000000000000 ) ;
#2095 = EDGE_LOOP ( 'NONE', ( #3633, #4025, #4618, #656 ) ) ;
#2096 = CARTESIAN_POINT ( 'NONE',  ( 1.020000000000000018, -7.119999999999999218, -4.065000000000000391 ) ) ;
#2098 = VERTEX_POINT ( 'NONE', #3870 ) ;
#2097 = PRESENTATION_STYLE_ASSIGNMENT (( #100 ) ) ;
#2099 =( NAMED_UNIT ( * ) SI_UNIT ( $, .STERADIAN. ) SOLID_ANGLE_UNIT ( ) );
#2100 = FILL_AREA_STYLE ('',( #5417 ) ) ;
#2101 = ADVANCED_FACE ( 'NONE', ( #52 ), #1751, .T. ) ;
#2102 = UNCERTAINTY_MEASURE_WITH_UNIT (LENGTH_MEASURE( 1.000000000000000082E-05 ), #4142, 'distance_accuracy_value', 'NONE');
#2103 = CIRCLE ( 'NONE', #1753, 1.449999999999999956 ) ;
#2104 = PLANE ( 'NONE',  #2922 ) ;
#2105 = DIRECTION ( 'NONE',  ( 0.000000000000000000, 0.000000000000000000, -1.000000000000000000 ) ) ;
#2106 = VECTOR ( 'NONE', #3580, 1000.000000000000000 ) ;
#2107 = LINE ( 'NONE', #3841, #945 ) ;
#2108 = PLANE ( 'NONE',  #1106 ) ;
#2109 = PLANE ( 'NONE',  #1468 ) ;
#2110 = DIRECTION ( 'NONE',  ( -1.000000000000000000, 0.000000000000000000, 0.000000000000000000 ) ) ;
#2111 = ORIENTED_EDGE ( 'NONE', *, *, #4461, .T. ) ;
#2112 = ORIENTED_EDGE ( 'NONE', *, *, #2991, .T. ) ;
#2113 = CARTESIAN_POINT ( 'NONE',  ( -1.020000000000000018, -11.11999999999999922, -4.065000000000000391 ) ) ;
#2114 = LINE ( 'NONE', #5078, #593 ) ;
#2115 = VERTEX_POINT ( 'NONE', #1559 ) ;
#2116 = LINE ( 'NONE', #2, #3272 ) ;
#2117 = EDGE_CURVE ( 'NONE', #3851, #4299, #4878, .T. ) ;
#2118 = DIRECTION ( 'NONE',  ( 0.000000000000000000, -1.000000000000000000, 0.000000000000000000 ) ) ;
#2119 = VERTEX_POINT ( 'NONE', #725 ) ;
#2120 = DIRECTION ( 'NONE',  ( 0.000000000000000000, -1.000000000000000000, 0.000000000000000000 ) ) ;
#2121 = FACE_OUTER_BOUND ( 'NONE', #4665, .T. ) ;
#2122 = ORIENTED_EDGE ( 'NONE', *, *, #2853, .T. ) ;
#2123 = DIRECTION ( 'NONE',  ( 0.000000000000000000, 0.000000000000000000, 1.000000000000000000 ) ) ;
#2124 = ORIENTED_EDGE ( 'NONE', *, *, #4727, .F. ) ;
#2125 = EDGE_LOOP ( 'NONE', ( #63, #5086, #4780, #1462 ) ) ;
#2126 = EDGE_CURVE ( 'NONE', #2639, #4378, #2334, .T. ) ;
#2127 = DIRECTION ( 'NONE',  ( 0.000000000000000000, -1.000000000000000000, 0.000000000000000000 ) ) ;
#2128 = SURFACE_STYLE_USAGE ( .BOTH. , #349 ) ;
#2129 = PLANE ( 'NONE',  #2039 ) ;
#2130 = DIRECTION ( 'NONE',  ( 0.000000000000000000, -1.000000000000000000, 0.000000000000000000 ) ) ;
#2131 = MECHANICAL_DESIGN_GEOMETRIC_PRESENTATION_REPRESENTATION (  '', ( #722 ), #106 ) ;
#2132 =( NAMED_UNIT ( * ) SI_UNIT ( $, .STERADIAN. ) SOLID_ANGLE_UNIT ( ) );
#2133 = SURFACE_SIDE_STYLE ('',( #443 ) ) ;
#2134 = AXIS2_PLACEMENT_3D ( 'NONE', #4167, #1660, #402 ) ;
#2135 = CARTESIAN_POINT ( 'NONE',  ( 1.192307692307703837, -2.363131313131250355, 5.814999999999999503 ) ) ;
#2136 = ORIENTED_EDGE ( 'NONE', *, *, #1979, .T. ) ;
#2137 = VERTEX_POINT ( 'NONE', #620 ) ;
#2138 = PRESENTATION_LAYER_ASSIGNMENT (  '', '', ( #3931 ) ) ;
#2139 = PRESENTATION_LAYER_ASSIGNMENT (  '', '', ( #4567 ) ) ;
#2140 = CARTESIAN_POINT ( 'NONE',  ( -1.750000000000000000, -0.3723944653317539655, -16.22427834969624882 ) ) ;
#2141 = ORIENTED_EDGE ( 'NONE', *, *, #3365, .F. ) ;
#2142 = CARTESIAN_POINT ( 'NONE',  ( 1.192307692307703837, -2.363131313131250355, 5.814999999999999503 ) ) ;
#2143 =( LENGTH_UNIT ( ) NAMED_UNIT ( * ) SI_UNIT ( .MILLI., .METRE. ) );
#2144 = SURFACE_STYLE_USAGE ( .BOTH. , #5 ) ;
#2145 = ORIENTED_EDGE ( 'NONE', *, *, #3139, .T. ) ;
#2146 = LINE ( 'NONE', #31, #144 ) ;
#2147 =( GEOMETRIC_REPRESENTATION_CONTEXT ( 3 ) GLOBAL_UNCERTAINTY_ASSIGNED_CONTEXT ( ( #3908 ) ) GLOBAL_UNIT_ASSIGNED_CONTEXT ( ( #3534, #3102, #1335 ) ) REPRESENTATION_CONTEXT ( 'NONE', 'WORKASPACE' ) );
#2148 = ORIENTED_EDGE ( 'NONE', *, *, #5323, .T. ) ;
#2149 = ORIENTED_EDGE ( 'NONE', *, *, #5323, .F. ) ;
#2150 = DIRECTION ( 'NONE',  ( 0.000000000000000000, 1.228521068536771930E-16, -1.000000000000000000 ) ) ;
#2151 = FACE_BOUND ( 'NONE', #1926, .T. ) ;
#2152 = MECHANICAL_DESIGN_GEOMETRIC_PRESENTATION_REPRESENTATION (  '', ( #1623 ), #2332 ) ;
#2153 =( NAMED_UNIT ( * ) PLANE_ANGLE_UNIT ( ) SI_UNIT ( $, .RADIAN. ) );
#2154 = SURFACE_STYLE_USAGE ( .BOTH. , #3069 ) ;
#2155 = EDGE_CURVE ( 'NONE', #5347, #884, #1943, .T. ) ;
#2156 = EDGE_CURVE ( 'NONE', #2674, #884, #1912, .T. ) ;
#2157 = LINE ( 'NONE', #1001, #3487 ) ;
#2158 = CARTESIAN_POINT ( 'NONE',  ( 1.576923076923089972, -2.260567210567149932, 5.714999999999999858 ) ) ;
#2159 =( LENGTH_UNIT ( ) NAMED_UNIT ( * ) SI_UNIT ( .MILLI., .METRE. ) );
#2160 = DIRECTION ( 'NONE',  ( 1.000000000000000000, 0.000000000000000000, 0.000000000000000000 ) ) ;
#2161 = FILL_AREA_STYLE ('',( #1772 ) ) ;
#2162 = MECHANICAL_DESIGN_GEOMETRIC_PRESENTATION_REPRESENTATION (  '', ( #2538 ), #3776 ) ;
#2163 =( NAMED_UNIT ( * ) PLANE_ANGLE_UNIT ( ) SI_UNIT ( $, .RADIAN. ) );
#2164 = VERTEX_POINT ( 'NONE', #5318 ) ;
#2165 = PRESENTATION_STYLE_ASSIGNMENT (( #510 ) ) ;
#2166 = FILL_AREA_STYLE_COLOUR ( '', #3451 ) ;
#2167 = EDGE_CURVE ( 'NONE', #4307, #2242, #4956, .T. ) ;
#2168 = MECHANICAL_DESIGN_GEOMETRIC_PRESENTATION_REPRESENTATION (  '', ( #4230 ), #4134 ) ;
#2169 = DIRECTION ( 'NONE',  ( 0.000000000000000000, -1.000000000000000000, 0.000000000000000000 ) ) ;
#2170 = PRESENTATION_LAYER_ASSIGNMENT (  '', '', ( #4233 ) ) ;
#2171 = CARTESIAN_POINT ( 'NONE',  ( 2.160000000000000142, -7.620000000000000107, 2.295000000000000373 ) ) ;
#2172 = EDGE_LOOP ( 'NONE', ( #485, #2994, #4255, #1246, #2723, #250, #2944, #5243, #257, #4674, #4019, #4702 ) ) ;
#2173 =( NAMED_UNIT ( * ) PLANE_ANGLE_UNIT ( ) SI_UNIT ( $, .RADIAN. ) );
#2174 = CARTESIAN_POINT ( 'NONE',  ( 1.020000000000000018, 4.583000000000000185, -4.065000000000000391 ) ) ;
#2175 =( NAMED_UNIT ( * ) SI_UNIT ( $, .STERADIAN. ) SOLID_ANGLE_UNIT ( ) );
#2176 = ORIENTED_EDGE ( 'NONE', *, *, #2712, .T. ) ;
#2177 = COLOUR_RGB ( '',0.000000000000000000, 1.000000000000000000, 0.000000000000000000 ) ;
#2178 = PRESENTATION_LAYER_ASSIGNMENT (  '', '', ( #3181 ) ) ;
#2179 =( GEOMETRIC_REPRESENTATION_CONTEXT ( 3 ) GLOBAL_UNCERTAINTY_ASSIGNED_CONTEXT ( ( #4576 ) ) GLOBAL_UNIT_ASSIGNED_CONTEXT ( ( #4755, #462, #548 ) ) REPRESENTATION_CONTEXT ( 'NONE', 'WORKASPACE' ) );
#2180 = CARTESIAN_POINT ( 'NONE',  ( 1.520000000000000018, 7.620000000000000107, -3.564999999999999947 ) ) ;
#2181 = EDGE_LOOP ( 'NONE', ( #276, #1302, #929, #5458 ) ) ;
#2182 = FILL_AREA_STYLE ('',( #3834 ) ) ;
#2183 = PLANE ( 'NONE',  #3055 ) ;
#2184 = COLOUR_RGB ( '',0.7529411764705882248, 0.7529411764705882248, 0.7529411764705882248 ) ;
#2185 = PRESENTATION_LAYER_ASSIGNMENT (  '', '', ( #5209 ) ) ;
#2186 = VECTOR ( 'NONE', #4191, 1000.000000000000000 ) ;
#2187 = PRESENTATION_STYLE_ASSIGNMENT (( #2154 ) ) ;
#2188 = DIRECTION ( 'NONE',  ( 1.000000000000000000, 0.000000000000000000, 0.000000000000000000 ) ) ;
#2189 = MECHANICAL_DESIGN_GEOMETRIC_PRESENTATION_REPRESENTATION (  '', ( #5222 ), #2373 ) ;
#2190 = VECTOR ( 'NONE', #4337, 1000.000000000000000 ) ;
#2191 = AXIS2_PLACEMENT_3D ( 'NONE', #360, #1122, #3652 ) ;
#2192 = DIRECTION ( 'NONE',  ( -1.000000000000000000, 0.000000000000000000, 0.000000000000000000 ) ) ;
#2193 = EDGE_CURVE ( 'NONE', #1620, #626, #4193, .T. ) ;
#2194 = CARTESIAN_POINT ( 'NONE',  ( -1.277036423998940240, 5.083000000000000185, -3.564999999999999947 ) ) ;
#2195 = EDGE_CURVE ( 'NONE', #558, #2792, #1964, .T. ) ;
#2196 =( NAMED_UNIT ( * ) SI_UNIT ( $, .STERADIAN. ) SOLID_ANGLE_UNIT ( ) );
#2197 = DIRECTION ( 'NONE',  ( 0.000000000000000000, -1.000000000000000000, 0.000000000000000000 ) ) ;
#2198 = CARTESIAN_POINT ( 'NONE',  ( -1.520000000000000018, 7.620000000000000107, -10.11746870376959961 ) ) ;
#2199 = PRESENTATION_STYLE_ASSIGNMENT (( #3843 ) ) ;
#2200 = UNCERTAINTY_MEASURE_WITH_UNIT (LENGTH_MEASURE( 1.000000000000000082E-05 ), #5073, 'distance_accuracy_value', 'NONE');
#2201 = DIRECTION ( 'NONE',  ( 0.000000000000000000, 0.000000000000000000, -1.000000000000000000 ) ) ;
#2202 = CARTESIAN_POINT ( 'NONE',  ( -1.153846153846141975, -2.247746697746650035, 5.814999999999999503 ) ) ;
#2203 = ADVANCED_FACE ( 'NONE', ( #1109 ), #3378, .T. ) ;
#2204 = ORIENTED_EDGE ( 'NONE', *, *, #1266, .F. ) ;
#2205 =( NAMED_UNIT ( * ) PLANE_ANGLE_UNIT ( ) SI_UNIT ( $, .RADIAN. ) );
#2206 = EDGE_LOOP ( 'NONE', ( #2343, #1703, #1376, #712, #543 ) ) ;
#2207 = LINE ( 'NONE', #1803, #5214 ) ;
#2208 = FILL_AREA_STYLE ('',( #4016 ) ) ;
#2209 = VERTEX_POINT ( 'NONE', #1533 ) ;
#2210 = SURFACE_STYLE_USAGE ( .BOTH. , #4102 ) ;
#2211 = SURFACE_STYLE_USAGE ( .BOTH. , #5164 ) ;
#2212 = DIRECTION ( 'NONE',  ( -0.000000000000000000, 1.000000000000000000, 0.000000000000000000 ) ) ;
#2213 = DIRECTION ( 'NONE',  ( 0.000000000000000000, 0.000000000000000000, -1.000000000000000000 ) ) ;
#2214 = VERTEX_POINT ( 'NONE', #4575 ) ;
#2215 = ORIENTED_EDGE ( 'NONE', *, *, #4395, .T. ) ;
#2216 = SURFACE_STYLE_FILL_AREA ( #4028 ) ;
#2217 = ORIENTED_EDGE ( 'NONE', *, *, #5176, .F. ) ;
#2218 = ADVANCED_FACE ( 'NONE', ( #17 ), #3786, .T. ) ;
#2219 = SURFACE_STYLE_USAGE ( .BOTH. , #1704 ) ;
#2220 = CARTESIAN_POINT ( 'NONE',  ( -1.020000000000000018, -7.119999999999999218, -1.525000000000000133 ) ) ;
#2221 = SURFACE_STYLE_USAGE ( .BOTH. , #921 ) ;
#2222 = SURFACE_STYLE_FILL_AREA ( #130 ) ;
#2223 = DIRECTION ( 'NONE',  ( -1.000000000000000000, 0.000000000000000000, 0.000000000000000000 ) ) ;
#2224 = LINE ( 'NONE', #2707, #1564 ) ;
#2225 =( LENGTH_UNIT ( ) NAMED_UNIT ( * ) SI_UNIT ( .MILLI., .METRE. ) );
#2226 =( LENGTH_UNIT ( ) NAMED_UNIT ( * ) SI_UNIT ( .MILLI., .METRE. ) );
#2227 = AXIS2_PLACEMENT_3D ( 'NONE', #16, #1396, #2192 ) ;
#2228 = PRESENTATION_STYLE_ASSIGNMENT (( #2685 ) ) ;
#2229 = EDGE_LOOP ( 'NONE', ( #1871, #4354, #2724, #453 ) ) ;
#2230 = UNCERTAINTY_MEASURE_WITH_UNIT (LENGTH_MEASURE( 1.000000000000000082E-05 ), #1140, 'distance_accuracy_value', 'NONE');
#2231 = SURFACE_SIDE_STYLE ('',( #2336 ) ) ;
#2232 = DIRECTION ( 'NONE',  ( -1.000000000000000000, 0.000000000000000000, 0.000000000000000000 ) ) ;
#2233 = EDGE_CURVE ( 'NONE', #2531, #4457, #5009, .T. ) ;
#2234 = VECTOR ( 'NONE', #2490, 1000.000000000000000 ) ;
#2235 = DIRECTION ( 'NONE',  ( -1.000000000000000000, 0.000000000000000000, 0.000000000000000000 ) ) ;
#2236 = FACE_OUTER_BOUND ( 'NONE', #3767, .T. ) ;
#2237 = FACE_OUTER_BOUND ( 'NONE', #1437, .T. ) ;
#2238 = STYLED_ITEM ( 'NONE', ( #1584 ), #2101 ) ;
#2239 = PRESENTATION_STYLE_ASSIGNMENT (( #1760 ) ) ;
#2240 = LINE ( 'NONE', #4833, #3984 ) ;
#2241 = EDGE_LOOP ( 'NONE', ( #5359, #5076, #433 ) ) ;
#2242 = VERTEX_POINT ( 'NONE', #2898 ) ;
#2243 = AXIS2_PLACEMENT_3D ( 'NONE', #4464, #3592, #294 ) ;
#2244 = ORIENTED_EDGE ( 'NONE', *, *, #618, .F. ) ;
#2245 = COLOUR_RGB ( '',0.7529411764705882248, 0.7529411764705882248, 0.7529411764705882248 ) ;
#2246 = PRESENTATION_STYLE_ASSIGNMENT (( #5275 ) ) ;
#2247 = ORIENTED_EDGE ( 'NONE', *, *, #776, .T. ) ;
#2248 = LINE ( 'NONE', #3456, #4944 ) ;
#2249 = CARTESIAN_POINT ( 'NONE',  ( -3.966440926441800130, -7.420000000000000817, -0.2056555615733750009 ) ) ;
#2250 = AXIS2_PLACEMENT_3D ( 'NONE', #5442, #1630, #5037 ) ;
#2251 = STYLED_ITEM ( 'NONE', ( #266 ), #2831 ) ;
#2252 =( LENGTH_UNIT ( ) NAMED_UNIT ( * ) SI_UNIT ( .MILLI., .METRE. ) );
#2253 = CARTESIAN_POINT ( 'NONE',  ( 2.160000000000000142, -0.3723944653317539655, 2.295000000000000373 ) ) ;
#2254 =( LENGTH_UNIT ( ) NAMED_UNIT ( * ) SI_UNIT ( .MILLI., .METRE. ) );
#2255 = VECTOR ( 'NONE', #745, 1000.000000000000000 ) ;
#2256 = DIRECTION ( 'NONE',  ( -0.000000000000000000, 1.000000000000000000, 0.000000000000000000 ) ) ;
#2257 = FILL_AREA_STYLE ('',( #4389 ) ) ;
#2258 = DIRECTION ( 'NONE',  ( 0.000000000000000000, 3.469446951953615175E-16, -1.000000000000000000 ) ) ;
#2259 = CARTESIAN_POINT ( 'NONE',  ( 2.160000000000000142, -0.3723944653317539655, -16.22427834969624882 ) ) ;
#2260 = CARTESIAN_POINT ( 'NONE',  ( -2.160000000000000142, -7.119999999999999218, -4.845000000000000639 ) ) ;
#2261 = SURFACE_SIDE_STYLE ('',( #4340 ) ) ;
#2263 = ORIENTED_EDGE ( 'NONE', *, *, #5400, .T. ) ;
#2262 = FILL_AREA_STYLE_COLOUR ( '', #3782 ) ;
#2264 = EDGE_CURVE ( 'NONE', #3053, #4932, #1688, .T. ) ;
#2265 = EDGE_CURVE ( 'NONE', #2645, #275, #871, .T. ) ;
#2266 =( GEOMETRIC_REPRESENTATION_CONTEXT ( 3 ) GLOBAL_UNCERTAINTY_ASSIGNED_CONTEXT ( ( #3481 ) ) GLOBAL_UNIT_ASSIGNED_CONTEXT ( ( #3570, #4492, #1038 ) ) REPRESENTATION_CONTEXT ( 'NONE', 'WORKASPACE' ) );
#2267 = DIRECTION ( 'NONE',  ( 1.000000000000000000, 0.000000000000000000, 0.000000000000000000 ) ) ;
#2268 =( NAMED_UNIT ( * ) PLANE_ANGLE_UNIT ( ) SI_UNIT ( $, .RADIAN. ) );
#2269 = CARTESIAN_POINT ( 'NONE',  ( 1.020000000000000018, 7.620000000000000107, -3.564999999999999947 ) ) ;
#2270 = ORIENTED_EDGE ( 'NONE', *, *, #4171, .T. ) ;
#2271 = ORIENTED_EDGE ( 'NONE', *, *, #944, .T. ) ;
#2272 = FILL_AREA_STYLE_COLOUR ( '', #772 ) ;
#2273 = AXIS2_PLACEMENT_3D ( 'NONE', #62, #931, #5138 ) ;
#2274 = ORIENTED_EDGE ( 'NONE', *, *, #3429, .F. ) ;
#2275 = SURFACE_STYLE_USAGE ( .BOTH. , #3233 ) ;
#2276 = LINE ( 'NONE', #206, #4114 ) ;
#2277 = LINE ( 'NONE', #3588, #4512 ) ;
#2278 = MECHANICAL_DESIGN_GEOMETRIC_PRESENTATION_REPRESENTATION (  '', ( #2641 ), #1035 ) ;
#2279 = VECTOR ( 'NONE', #3073, 1000.000000000000000 ) ;
#2280 =( GEOMETRIC_REPRESENTATION_CONTEXT ( 3 ) GLOBAL_UNCERTAINTY_ASSIGNED_CONTEXT ( ( #4960 ) ) GLOBAL_UNIT_ASSIGNED_CONTEXT ( ( #1944, #3733, #3644 ) ) REPRESENTATION_CONTEXT ( 'NONE', 'WORKASPACE' ) );
#2281 = CARTESIAN_POINT ( 'NONE',  ( 0.000000000000000000, 5.083000000000000185, 5.714999999999999858 ) ) ;
#2282 = STYLED_ITEM ( 'NONE', ( #2507 ), #3659 ) ;
#2283 = VECTOR ( 'NONE', #3270, 1000.000000000000000 ) ;
#2284 = DIRECTION ( 'NONE',  ( -8.673617379884029556E-16, 0.000000000000000000, 1.000000000000000000 ) ) ;
#2285 = FILL_AREA_STYLE_COLOUR ( '', #1617 ) ;
#2286 = LINE ( 'NONE', #3159, #1994 ) ;
#2287 = COLOUR_RGB ( '',0.7529411764705882248, 0.7529411764705882248, 0.7529411764705882248 ) ;
#2288 = VECTOR ( 'NONE', #2588, 1000.000000000000000 ) ;
#2289 = CARTESIAN_POINT ( 'NONE',  ( 1.520000000000000018, 4.583000000000000185, -3.564999999999999947 ) ) ;
#2290 = SURFACE_SIDE_STYLE ('',( #4327 ) ) ;
#2291 = FILL_AREA_STYLE ('',( #80 ) ) ;
#2292 = AXIS2_PLACEMENT_3D ( 'NONE', #446, #5504, #4302 ) ;
#2293 = EDGE_CURVE ( 'NONE', #229, #4342, #2486, .T. ) ;
#2294 = VECTOR ( 'NONE', #2735, 1000.000000000000000 ) ;
#2295 = LINE ( 'NONE', #1436, #507 ) ;
#2296 = VERTEX_POINT ( 'NONE', #2573 ) ;
#2297 = DIRECTION ( 'NONE',  ( 0.000000000000000000, 0.000000000000000000, -1.000000000000000000 ) ) ;
#2298 = SURFACE_SIDE_STYLE ('',( #5244 ) ) ;
#2299 = ORIENTED_EDGE ( 'NONE', *, *, #319, .F. ) ;
#2300 = ADVANCED_FACE ( 'NONE', ( #3731 ), #3754, .F. ) ;
#2301 = EDGE_LOOP ( 'NONE', ( #1872, #1425, #2299, #4889 ) ) ;
#2302 = FILL_AREA_STYLE_COLOUR ( '', #300 ) ;
#2303 = FILL_AREA_STYLE_COLOUR ( '', #1043 ) ;
#2304 = LINE ( 'NONE', #2390, #3395 ) ;
#2305 = CARTESIAN_POINT ( 'NONE',  ( 2.160000000000000142, -6.119999999999999218, -16.22427834969624882 ) ) ;
#2306 = SURFACE_SIDE_STYLE ('',( #638 ) ) ;
#2307 =( LENGTH_UNIT ( ) NAMED_UNIT ( * ) SI_UNIT ( .MILLI., .METRE. ) );
#2308 = DIRECTION ( 'NONE',  ( 0.000000000000000000, -1.000000000000000000, -3.414809992080330502E-16 ) ) ;
#2309 = FILL_AREA_STYLE_COLOUR ( '', #728 ) ;
#2310 = PLANE ( 'NONE',  #1730 ) ;
#2311 = DIRECTION ( 'NONE',  ( 0.000000000000000000, 0.000000000000000000, -1.000000000000000000 ) ) ;
#2312 = EDGE_LOOP ( 'NONE', ( #1621, #4783, #2380, #2244 ) ) ;
#2313 = DIRECTION ( 'NONE',  ( 0.000000000000000000, -5.981805089575200142E-16, 1.000000000000000000 ) ) ;
#2314 = DIRECTION ( 'NONE',  ( 1.000000000000000000, 0.000000000000000000, 0.000000000000000000 ) ) ;
#2315 =( NAMED_UNIT ( * ) PLANE_ANGLE_UNIT ( ) SI_UNIT ( $, .RADIAN. ) );
#2316 = VERTEX_POINT ( 'NONE', #1769 ) ;
#2317 = ORIENTED_EDGE ( 'NONE', *, *, #2510, .T. ) ;
#2318 = APPLICATION_CONTEXT ( 'automotive_design' ) ;
#2319 = SURFACE_STYLE_FILL_AREA ( #4404 ) ;
#2320 = AXIS2_PLACEMENT_3D ( 'NONE', #2202, #4767, #1454 ) ;
#2321 = ORIENTED_EDGE ( 'NONE', *, *, #3863, .F. ) ;
#2322 = PRESENTATION_STYLE_ASSIGNMENT (( #260 ) ) ;
#2323 = DIRECTION ( 'NONE',  ( 0.000000000000000000, 0.000000000000000000, 1.000000000000000000 ) ) ;
#2324 = VECTOR ( 'NONE', #4384, 1000.000000000000000 ) ;
#2325 = CARTESIAN_POINT ( 'NONE',  ( -1.520000000000000018, -11.11999999999999922, -10.11746870376959961 ) ) ;
#2326 = DIRECTION ( 'NONE',  ( -1.000000000000000000, 0.000000000000000000, 0.000000000000000000 ) ) ;
#2327 = STYLED_ITEM ( 'NONE', ( #660 ), #2684 ) ;
#2328 = PRESENTATION_STYLE_ASSIGNMENT (( #4951 ) ) ;
#2329 = DIRECTION ( 'NONE',  ( 0.000000000000000000, 0.000000000000000000, 1.000000000000000000 ) ) ;
#2330 = EDGE_CURVE ( 'NONE', #4425, #905, #3110, .T. ) ;
#2331 = ADVANCED_FACE ( 'NONE', ( #4792 ), #5255, .F. ) ;
#2332 =( GEOMETRIC_REPRESENTATION_CONTEXT ( 3 ) GLOBAL_UNCERTAINTY_ASSIGNED_CONTEXT ( ( #176 ) ) GLOBAL_UNIT_ASSIGNED_CONTEXT ( ( #5108, #2173, #5141 ) ) REPRESENTATION_CONTEXT ( 'NONE', 'WORKASPACE' ) );
#2333 = CARTESIAN_POINT ( 'NONE',  ( -1.750000000000000000, -7.620000000000000107, -16.22427834969624882 ) ) ;
#2334 = LINE ( 'NONE', #4493, #3747 ) ;
#2335 =( GEOMETRIC_REPRESENTATION_CONTEXT ( 3 ) GLOBAL_UNCERTAINTY_ASSIGNED_CONTEXT ( ( #3207 ) ) GLOBAL_UNIT_ASSIGNED_CONTEXT ( ( #4139, #1629, #4627 ) ) REPRESENTATION_CONTEXT ( 'NONE', 'WORKASPACE' ) );
#2336 = SURFACE_STYLE_FILL_AREA ( #592 ) ;
#2337 =( LENGTH_UNIT ( ) NAMED_UNIT ( * ) SI_UNIT ( .MILLI., .METRE. ) );
#2338 = SURFACE_STYLE_USAGE ( .BOTH. , #4470 ) ;
#2339 = DIRECTION ( 'NONE',  ( 1.000000000000000000, 4.336808689942020201E-16, 0.000000000000000000 ) ) ;
#2340 = EDGE_LOOP ( 'NONE', ( #2124, #1040, #5427, #1503 ) ) ;
#2341 =( LENGTH_UNIT ( ) NAMED_UNIT ( * ) SI_UNIT ( .MILLI., .METRE. ) );
#2342 = CARTESIAN_POINT ( 'NONE',  ( 0.9200000000000000400, -7.420000000000000817, 1.015000000000000124 ) ) ;
#2343 = ORIENTED_EDGE ( 'NONE', *, *, #329, .F. ) ;
#2344 = UNCERTAINTY_MEASURE_WITH_UNIT (LENGTH_MEASURE( 1.000000000000000082E-05 ), #127, 'distance_accuracy_value', 'NONE');
#2345 =( NAMED_UNIT ( * ) SI_UNIT ( $, .STERADIAN. ) SOLID_ANGLE_UNIT ( ) );
#2346 = EDGE_LOOP ( 'NONE', ( #2055, #4810, #4739, #852 ) ) ;
#2347 = ORIENTED_EDGE ( 'NONE', *, *, #4922, .T. ) ;
#2348 = CARTESIAN_POINT ( 'NONE',  ( -1.277036423998930248, -11.11999999999999922, 1.515000000000000124 ) ) ;
#2349 = VERTEX_POINT ( 'NONE', #924 ) ;
#2350 = MECHANICAL_DESIGN_GEOMETRIC_PRESENTATION_REPRESENTATION (  '', ( #5365 ), #3427 ) ;
#2351 = FACE_OUTER_BOUND ( 'NONE', #1680, .T. ) ;
#2352 = DIRECTION ( 'NONE',  ( -1.000000000000000000, 0.000000000000000000, 0.000000000000000000 ) ) ;
#2353 = SURFACE_SIDE_STYLE ('',( #5278 ) ) ;
#2354 = LINE ( 'NONE', #716, #3356 ) ;
#2355 = COLOUR_RGB ( '',0.2509803921568627416, 0.2509803921568627416, 0.2509803921568627416 ) ;
#2356 = STYLED_ITEM ( 'NONE', ( #1538 ), #3381 ) ;
#2357 = SURFACE_SIDE_STYLE ('',( #1028 ) ) ;
#2358 = CARTESIAN_POINT ( 'NONE',  ( -1.277036423998940240, -6.412893218813461083, 1.515000000000000124 ) ) ;
#2359 = ORIENTED_EDGE ( 'NONE', *, *, #5423, .T. ) ;
#2360 =( NAMED_UNIT ( * ) PLANE_ANGLE_UNIT ( ) SI_UNIT ( $, .RADIAN. ) );
#2361 = COLOUR_RGB ( '',0.2509803921568627416, 0.2509803921568627416, 0.2509803921568627416 ) ;
#2362 = COLOUR_RGB ( '',0.2509803921568627416, 0.2509803921568627416, 0.2509803921568627416 ) ;
#2363 = STYLED_ITEM ( 'NONE', ( #692 ), #4631 ) ;
#2364 = MECHANICAL_DESIGN_GEOMETRIC_PRESENTATION_REPRESENTATION (  '', ( #1999 ), #1736 ) ;
#2365 = AXIS2_PLACEMENT_3D ( 'NONE', #3702, #4168, #5092 ) ;
#2366 = EDGE_CURVE ( 'NONE', #4221, #2209, #467, .T. ) ;
#2367 = EDGE_CURVE ( 'NONE', #3209, #8, #3017, .T. ) ;
#2368 =( NAMED_UNIT ( * ) SI_UNIT ( $, .STERADIAN. ) SOLID_ANGLE_UNIT ( ) );
#2369 = VECTOR ( 'NONE', #76, 1000.000000000000000 ) ;
#2370 = VECTOR ( 'NONE', #4852, 1000.000000000000000 ) ;
#2371 = LINE ( 'NONE', #4495, #4418 ) ;
#2372 = CARTESIAN_POINT ( 'NONE',  ( -2.160000000000000142, -5.120000000000000107, -0.005000000000004240636 ) ) ;
#2373 =( GEOMETRIC_REPRESENTATION_CONTEXT ( 3 ) GLOBAL_UNCERTAINTY_ASSIGNED_CONTEXT ( ( #5055 ) ) GLOBAL_UNIT_ASSIGNED_CONTEXT ( ( #1972, #1593, #4584 ) ) REPRESENTATION_CONTEXT ( 'NONE', 'WORKASPACE' ) );
#2374 = STYLED_ITEM ( 'NONE', ( #5449 ), #1104 ) ;
#2375 = FILL_AREA_STYLE ('',( #623 ) ) ;
#2376 =( NAMED_UNIT ( * ) PLANE_ANGLE_UNIT ( ) SI_UNIT ( $, .RADIAN. ) );
#2378 = ORIENTED_EDGE ( 'NONE', *, *, #845, .T. ) ;
#2377 = DIRECTION ( 'NONE',  ( 0.000000000000000000, 1.000000000000000000, 0.000000000000000000 ) ) ;
#2379 = PRESENTATION_STYLE_ASSIGNMENT (( #2056 ) ) ;
#2380 = ORIENTED_EDGE ( 'NONE', *, *, #5425, .T. ) ;
#2381 = MECHANICAL_DESIGN_GEOMETRIC_PRESENTATION_REPRESENTATION (  '', ( #4067 ), #5480 ) ;
#2382 = ORIENTED_EDGE ( 'NONE', *, *, #440, .T. ) ;
#2383 = ORIENTED_EDGE ( 'NONE', *, *, #3401, .F. ) ;
#2384 = SURFACE_STYLE_USAGE ( .BOTH. , #3283 ) ;
#2385 = PRESENTATION_LAYER_ASSIGNMENT (  '', '', ( #2016 ) ) ;
#2386 = DIRECTION ( 'NONE',  ( -1.000000000000000000, 0.000000000000000000, 0.000000000000000000 ) ) ;
#2387 = CARTESIAN_POINT ( 'NONE',  ( -1.520000000000000018, -7.119999999999999218, 1.515000000000000124 ) ) ;
#2388 = UNCERTAINTY_MEASURE_WITH_UNIT (LENGTH_MEASURE( 1.000000000000000082E-05 ), #4931, 'distance_accuracy_value', 'NONE');
#2389 = EDGE_CURVE ( 'NONE', #5326, #4425, #528, .T. ) ;
#2390 = CARTESIAN_POINT ( 'NONE',  ( -1.538461538461525002, -2.158003108003060166, 5.714999999999999858 ) ) ;
#2391 =( NAMED_UNIT ( * ) PLANE_ANGLE_UNIT ( ) SI_UNIT ( $, .RADIAN. ) );
#2392 = DIRECTION ( 'NONE',  ( 0.000000000000000000, 0.000000000000000000, 1.000000000000000000 ) ) ;
#2393 = DIRECTION ( 'NONE',  ( -0.000000000000000000, 1.000000000000000000, 0.000000000000000000 ) ) ;
#2394 =( NAMED_UNIT ( * ) PLANE_ANGLE_UNIT ( ) SI_UNIT ( $, .RADIAN. ) );
#2395 = LINE ( 'NONE', #2023, #1745 ) ;
#2396 = CARTESIAN_POINT ( 'NONE',  ( -2.160000000000000142, -5.120000000000000107, -16.22427834969624882 ) ) ;
#2397 = PRESENTATION_STYLE_ASSIGNMENT (( #707 ) ) ;
#2398 = ORIENTED_EDGE ( 'NONE', *, *, #4737, .F. ) ;
#2399 = ORIENTED_EDGE ( 'NONE', *, *, #4004, .T. ) ;
#2400 = CARTESIAN_POINT ( 'NONE',  ( -3.966440926441800130, -8.419999999999999929, 1.515000000000000124 ) ) ;
#2401 =( NAMED_UNIT ( * ) PLANE_ANGLE_UNIT ( ) SI_UNIT ( $, .RADIAN. ) );
#2402 = EDGE_CURVE ( 'NONE', #3080, #571, #1793, .T. ) ;
#2403 = FILL_AREA_STYLE ('',( #4159 ) ) ;
#2404 = EDGE_CURVE ( 'NONE', #4378, #4299, #552, .T. ) ;
#2405 = ORIENTED_EDGE ( 'NONE', *, *, #84, .F. ) ;
#2406 = VERTEX_POINT ( 'NONE', #500 ) ;
#2407 = DIRECTION ( 'NONE',  ( 1.000000000000000000, 0.000000000000000000, 0.000000000000000000 ) ) ;
#2408 = SURFACE_STYLE_FILL_AREA ( #714 ) ;
#2409 = SURFACE_STYLE_USAGE ( .BOTH. , #2920 ) ;
#2410 = CARTESIAN_POINT ( 'NONE',  ( -1.538461538461525002, -2.158003108003060166, 5.714999999999999858 ) ) ;
#2411 = LINE ( 'NONE', #1100, #674 ) ;
#2412 = LINE ( 'NONE', #2839, #4097 ) ;
#2413 = SURFACE_STYLE_FILL_AREA ( #1101 ) ;
#2414 = ORIENTED_EDGE ( 'NONE', *, *, #1712, .T. ) ;
#2415 =( NAMED_UNIT ( * ) SI_UNIT ( $, .STERADIAN. ) SOLID_ANGLE_UNIT ( ) );
#2416 = CARTESIAN_POINT ( 'NONE',  ( -1.153846153846141975, -2.542618492618445192, 5.814999999999999503 ) ) ;
#2417 = VECTOR ( 'NONE', #4090, 1000.000000000000000 ) ;
#2418 = VECTOR ( 'NONE', #131, 1000.000000000000000 ) ;
#2419 = SURFACE_STYLE_USAGE ( .BOTH. , #3624 ) ;
#2420 = SURFACE_STYLE_USAGE ( .BOTH. , #191 ) ;
#2421 = SURFACE_SIDE_STYLE ('',( #4068 ) ) ;
#2422 = VECTOR ( 'NONE', #1706, 1000.000000000000000 ) ;
#2423 = CARTESIAN_POINT ( 'NONE',  ( -1.750000000000000000, -7.119999999999999218, -16.22427834969624882 ) ) ;
#2424 = PLANE ( 'NONE',  #4693 ) ;
#2425 = PRESENTATION_LAYER_ASSIGNMENT (  '', '', ( #4836 ) ) ;
#2427 = ORIENTED_EDGE ( 'NONE', *, *, #5358, .F. ) ;
#2426 = DIRECTION ( 'NONE',  ( 0.000000000000000000, 0.000000000000000000, -1.000000000000000000 ) ) ;
#2428 = ORIENTED_EDGE ( 'NONE', *, *, #256, .F. ) ;
#2429 = SURFACE_STYLE_USAGE ( .BOTH. , #2878 ) ;
#2430 = LINE ( 'NONE', #2465, #3707 ) ;
#2431 = VERTEX_POINT ( 'NONE', #2158 ) ;
#2432 = EDGE_LOOP ( 'NONE', ( #893, #1800, #3920, #210 ) ) ;
#2433 = ADVANCED_FACE ( 'NONE', ( #45 ), #3642, .T. ) ;
#2434 = EDGE_CURVE ( 'NONE', #444, #2614, #75, .T. ) ;
#2435 = PRESENTATION_STYLE_ASSIGNMENT (( #804 ) ) ;
#2436 = DIRECTION ( 'NONE',  ( -1.000000000000000000, 0.000000000000000000, 0.000000000000000000 ) ) ;
#2437 =( NAMED_UNIT ( * ) SI_UNIT ( $, .STERADIAN. ) SOLID_ANGLE_UNIT ( ) );
#2438 = LINE ( 'NONE', #2017, #3784 ) ;
#2439 = AXIS2_PLACEMENT_3D ( 'NONE', #2799, #5024, #1650 ) ;
#2440 = DIRECTION ( 'NONE',  ( 0.000000000000000000, -5.981805089575200142E-16, 1.000000000000000000 ) ) ;
#2441 = SURFACE_STYLE_USAGE ( .BOTH. , #2506 ) ;
#2442 = SURFACE_SIDE_STYLE ('',( #5416 ) ) ;
#2443 = VECTOR ( 'NONE', #4235, 1000.000000000000000 ) ;
#2444 = MANIFOLD_SOLID_BREP ( 'NONE', #3519 ) ;
#2445 = EDGE_CURVE ( 'NONE', #3327, #2082, #4438, .T. ) ;
#2446 = PRESENTATION_STYLE_ASSIGNMENT (( #2897 ) ) ;
#2447 =( GEOMETRIC_REPRESENTATION_CONTEXT ( 3 ) GLOBAL_UNCERTAINTY_ASSIGNED_CONTEXT ( ( #4514 ) ) GLOBAL_UNIT_ASSIGNED_CONTEXT ( ( #4113, #326, #2865 ) ) REPRESENTATION_CONTEXT ( 'NONE', 'WORKASPACE' ) );
#2448 = UNCERTAINTY_MEASURE_WITH_UNIT (LENGTH_MEASURE( 1.000000000000000082E-05 ), #1714, 'distance_accuracy_value', 'NONE');
#2449 =( LENGTH_UNIT ( ) NAMED_UNIT ( * ) SI_UNIT ( .MILLI., .METRE. ) );
#2450 = AXIS2_PLACEMENT_3D ( 'NONE', #3818, #3788, #4236 ) ;
#2451 = PRESENTATION_LAYER_ASSIGNMENT (  '', '', ( #4855 ) ) ;
#2452 = PRESENTATION_LAYER_ASSIGNMENT (  '', '', ( #2000 ) ) ;
#2453 = VECTOR ( 'NONE', #1978, 1000.000000000000000 ) ;
#2454 = UNCERTAINTY_MEASURE_WITH_UNIT (LENGTH_MEASURE( 1.000000000000000082E-05 ), #2074, 'distance_accuracy_value', 'NONE');
#2455 = LINE ( 'NONE', #3434, #3176 ) ;
#2456 = EDGE_CURVE ( 'NONE', #4556, #3828, #1904, .T. ) ;
#2457 = FACE_OUTER_BOUND ( 'NONE', #1424, .T. ) ;
#2458 = MANIFOLD_SOLID_BREP ( 'NONE', #4231 ) ;
#2459 = CARTESIAN_POINT ( 'NONE',  ( -1.153846153846141975, -2.542618492618445192, 5.814999999999999503 ) ) ;
#2460 = AXIS2_PLACEMENT_3D ( 'NONE', #431, #2123, #5223 ) ;
#2461 = AXIS2_PLACEMENT_3D ( 'NONE', #865, #2569, #2127 ) ;
#2462 = ORIENTED_EDGE ( 'NONE', *, *, #3217, .F. ) ;
#2463 = VERTEX_POINT ( 'NONE', #2784 ) ;
#2464 = FILL_AREA_STYLE ('',( #3330 ) ) ;
#2465 = CARTESIAN_POINT ( 'NONE',  ( -3.966440926441800130, -7.420000000000000817, 1.515000000000000124 ) ) ;
#2466 = ORIENTED_EDGE ( 'NONE', *, *, #5419, .T. ) ;
#2467 = STYLED_ITEM ( 'NONE', ( #3173 ), #4983 ) ;
#2468 = VECTOR ( 'NONE', #91, 1000.000000000000000 ) ;
#2469 = ORIENTED_EDGE ( 'NONE', *, *, #723, .T. ) ;
#2470 =( NAMED_UNIT ( * ) PLANE_ANGLE_UNIT ( ) SI_UNIT ( $, .RADIAN. ) );
#2471 = DIRECTION ( 'NONE',  ( -0.000000000000000000, 1.000000000000000000, 0.000000000000000000 ) ) ;
#2472 = SURFACE_SIDE_STYLE ('',( #4219 ) ) ;
#2473 = AXIS2_PLACEMENT_3D ( 'NONE', #4613, #4527, #1111 ) ;
#2474 = CARTESIAN_POINT ( 'NONE',  ( 1.020000000000000018, -11.11999999999999922, -10.11746870376959961 ) ) ;
#2475 = FILL_AREA_STYLE ('',( #5463 ) ) ;
#2476 = EDGE_CURVE ( 'NONE', #4505, #172, #615, .T. ) ;
#2477 = VECTOR ( 'NONE', #3469, 1000.000000000000000 ) ;
#2478 = LINE ( 'NONE', #345, #135 ) ;
#2479 = SURFACE_STYLE_USAGE ( .BOTH. , #5001 ) ;
#2481 = ORIENTED_EDGE ( 'NONE', *, *, #2193, .T. ) ;
#2480 = LINE ( 'NONE', #2019, #2255 ) ;
#2482 = CARTESIAN_POINT ( 'NONE',  ( 1.192307692307703837, -2.260567210567149932, 5.714999999999999858 ) ) ;
#2483 = DIRECTION ( 'NONE',  ( 0.000000000000000000, -1.000000000000000000, -3.469446951953615175E-16 ) ) ;
#2484 = EDGE_CURVE ( 'NONE', #3687, #4966, #3158, .T. ) ;
#2485 =( NAMED_UNIT ( * ) SI_UNIT ( $, .STERADIAN. ) SOLID_ANGLE_UNIT ( ) );
#2486 = LINE ( 'NONE', #5121, #189 ) ;
#2487 = DIRECTION ( 'NONE',  ( 0.000000000000000000, -1.000000000000000000, 0.000000000000000000 ) ) ;
#2488 = LINE ( 'NONE', #2901, #512 ) ;
#2489 = SURFACE_SIDE_STYLE ('',( #874 ) ) ;
#2490 = DIRECTION ( 'NONE',  ( 0.000000000000000000, -7.608436298143890073E-16, -1.000000000000000000 ) ) ;
#2491 = ORIENTED_EDGE ( 'NONE', *, *, #1350, .F. ) ;
#2492 = UNCERTAINTY_MEASURE_WITH_UNIT (LENGTH_MEASURE( 1.000000000000000082E-05 ), #2341, 'distance_accuracy_value', 'NONE');
#2493 = SURFACE_SIDE_STYLE ('',( #2028 ) ) ;
#2494 = FACE_OUTER_BOUND ( 'NONE', #1326, .T. ) ;
#2495 = VERTEX_POINT ( 'NONE', #4898 ) ;
#2496 = VERTEX_POINT ( 'NONE', #4487 ) ;
#2497 = LINE ( 'NONE', #4186, #1833 ) ;
#2498 = CARTESIAN_POINT ( 'NONE',  ( -0.8589743589743469299, -2.158003108003060166, 5.814999999999999503 ) ) ;
#2499 = MANIFOLD_SOLID_BREP ( 'NONE', #4936 ) ;
#2500 = SURFACE_STYLE_USAGE ( .BOTH. , #2948 ) ;
#2501 = LINE ( 'NONE', #2921, #1398 ) ;
#2502 = ORIENTED_EDGE ( 'NONE', *, *, #5245, .T. ) ;
#2503 = FACE_OUTER_BOUND ( 'NONE', #3146, .T. ) ;
#2504 = VECTOR ( 'NONE', #4652, 1000.000000000000000 ) ;
#2505 = FILL_AREA_STYLE ('',( #4977 ) ) ;
#2506 = SURFACE_SIDE_STYLE ('',( #3728 ) ) ;
#2507 = PRESENTATION_STYLE_ASSIGNMENT (( #2955 ) ) ;
#2508 = VECTOR ( 'NONE', #1638, 1000.000000000000000 ) ;
#2509 = EDGE_CURVE ( 'NONE', #2496, #3254, #696, .T. ) ;
#2510 = EDGE_CURVE ( 'NONE', #2214, #2561, #1605, .T. ) ;
#2511 = FILL_AREA_STYLE_COLOUR ( '', #2177 ) ;
#2512 = UNCERTAINTY_MEASURE_WITH_UNIT (LENGTH_MEASURE( 1.000000000000000082E-05 ), #920, 'distance_accuracy_value', 'NONE');
#2513 = STYLED_ITEM ( 'NONE', ( #5420 ), #2218 ) ;
#2514 = AXIS2_PLACEMENT_3D ( 'NONE', #4383, #1826, #3540 ) ;
#2515 = SURFACE_STYLE_USAGE ( .BOTH. , #2489 ) ;
#2516 = CARTESIAN_POINT ( 'NONE',  ( -1.277036423998930248, -11.11999999999999922, -1.025000000000000133 ) ) ;
#2517 = EDGE_LOOP ( 'NONE', ( #4076, #3030, #2976, #2271 ) ) ;
#2518 = ORIENTED_EDGE ( 'NONE', *, *, #1103, .F. ) ;
#2519 = SURFACE_STYLE_USAGE ( .BOTH. , #1288 ) ;
#2520 = AXIS2_PLACEMENT_3D ( 'NONE', #3234, #4432, #1955 ) ;
#2521 = ORIENTED_EDGE ( 'NONE', *, *, #3462, .F. ) ;
#2522 = DIRECTION ( 'NONE',  ( -1.000000000000000000, 0.000000000000000000, 0.000000000000000000 ) ) ;
#2523 = SURFACE_SIDE_STYLE ('',( #1724 ) ) ;
#2524 = ORIENTED_EDGE ( 'NONE', *, *, #880, .F. ) ;
#2525 = LINE ( 'NONE', #3390, #3756 ) ;
#2526 = DIRECTION ( 'NONE',  ( 0.000000000000000000, -1.000000000000000000, -3.414809992080330502E-16 ) ) ;
#2527 = MANIFOLD_SOLID_BREP ( 'NONE', #4591 ) ;
#2528 = CIRCLE ( 'NONE', #5185, 1.449999999999999956 ) ;
#2529 =( NAMED_UNIT ( * ) SI_UNIT ( $, .STERADIAN. ) SOLID_ANGLE_UNIT ( ) );
#2530 = EDGE_LOOP ( 'NONE', ( #2766, #2945, #4500, #4449 ) ) ;
#2531 = VERTEX_POINT ( 'NONE', #2864 ) ;
#2532 = SURFACE_SIDE_STYLE ('',( #3807 ) ) ;
#2533 = DIRECTION ( 'NONE',  ( 0.000000000000000000, 0.000000000000000000, 1.000000000000000000 ) ) ;
#2534 = FILL_AREA_STYLE_COLOUR ( '', #4828 ) ;
#2535 = PLANE ( 'NONE',  #5295 ) ;
#2536 = CARTESIAN_POINT ( 'NONE',  ( -0.8589743589743469299, -2.158003108003060166, 5.814999999999999503 ) ) ;
#2537 = FILL_AREA_STYLE ('',( #2962 ) ) ;
#2538 = STYLED_ITEM ( 'NONE', ( #3950 ), #2974 ) ;
#2539 = DIRECTION ( 'NONE',  ( 0.000000000000000000, -1.000000000000000000, 0.000000000000000000 ) ) ;
#2540 = LINE ( 'NONE', #4206, #2729 ) ;
#2541 = ADVANCED_FACE ( 'NONE', ( #5415 ), #5066, .T. ) ;
#2542 = AXIS2_PLACEMENT_3D ( 'NONE', #3295, #3793, #2990 ) ;
#2543 = VECTOR ( 'NONE', #3, 1000.000000000000000 ) ;
#2544 = LINE ( 'NONE', #4690, #3694 ) ;
#2545 = FILL_AREA_STYLE ('',( #1716 ) ) ;
#2546 = LINE ( 'NONE', #3325, #2234 ) ;
#2547 = EDGE_LOOP ( 'NONE', ( #2524, #5276, #1601, #3499 ) ) ;
#2548 = ORIENTED_EDGE ( 'NONE', *, *, #4820, .F. ) ;
#2549 = PRESENTATION_LAYER_ASSIGNMENT (  '', '', ( #1821 ) ) ;
#2550 = MECHANICAL_DESIGN_GEOMETRIC_PRESENTATION_REPRESENTATION (  '', ( #4233 ), #1037 ) ;
#2551 = UNCERTAINTY_MEASURE_WITH_UNIT (LENGTH_MEASURE( 1.000000000000000082E-05 ), #1054, 'distance_accuracy_value', 'NONE');
#2552 = PLANE ( 'NONE',  #2292 ) ;
#2553 = EDGE_CURVE ( 'NONE', #1438, #5347, #4198, .T. ) ;
#2554 = ORIENTED_EDGE ( 'NONE', *, *, #3364, .T. ) ;
#2555 = DIRECTION ( 'NONE',  ( 0.000000000000000000, 0.000000000000000000, 1.000000000000000000 ) ) ;
#2556 = STYLED_ITEM ( 'NONE', ( #2187 ), #3730 ) ;
#2557 = VECTOR ( 'NONE', #40, 1000.000000000000000 ) ;
#2558 =( NAMED_UNIT ( * ) SI_UNIT ( $, .STERADIAN. ) SOLID_ANGLE_UNIT ( ) );
#2559 = VERTEX_POINT ( 'NONE', #2220 ) ;
#2560 = CARTESIAN_POINT ( 'NONE',  ( 1.520000000000000018, 5.083000000000000185, -3.564999999999999947 ) ) ;
#2561 = VERTEX_POINT ( 'NONE', #3922 ) ;
#2562 = PRESENTATION_LAYER_ASSIGNMENT (  '', '', ( #770 ) ) ;
#2563 = LINE ( 'NONE', #3006, #2999 ) ;
#2564 = AXIS2_PLACEMENT_3D ( 'NONE', #3087, #4774, #3143 ) ;
#2565 = ORIENTED_EDGE ( 'NONE', *, *, #4938, .T. ) ;
#2566 = VERTEX_POINT ( 'NONE', #3455 ) ;
#2567 = ORIENTED_EDGE ( 'NONE', *, *, #3491, .T. ) ;
#2568 = PRESENTATION_STYLE_ASSIGNMENT (( #2441 ) ) ;
#2569 = DIRECTION ( 'NONE',  ( 1.734723475976810053E-15, 0.000000000000000000, -1.000000000000000000 ) ) ;
#2570 =( NAMED_UNIT ( * ) SI_UNIT ( $, .STERADIAN. ) SOLID_ANGLE_UNIT ( ) );
#2571 = UNCERTAINTY_MEASURE_WITH_UNIT (LENGTH_MEASURE( 1.000000000000000082E-05 ), #4650, 'distance_accuracy_value', 'NONE');
#2572 = CARTESIAN_POINT ( 'NONE',  ( -1.520000000000000018, -11.11999999999999922, -1.525000000000000133 ) ) ;
#2573 = CARTESIAN_POINT ( 'NONE',  ( -0.8589743589743469299, -2.158003108003060166, 5.714999999999999858 ) ) ;
#2574 = PRESENTATION_LAYER_ASSIGNMENT (  '', '', ( #2830 ) ) ;
#2575 = LINE ( 'NONE', #1282, #1635 ) ;
#2576 = DIRECTION ( 'NONE',  ( 0.000000000000000000, 0.000000000000000000, -1.000000000000000000 ) ) ;
#2577 = FILL_AREA_STYLE_COLOUR ( '', #312 ) ;
#2578 = EDGE_LOOP ( 'NONE', ( #4975, #4426 ) ) ;
#2579 = ORIENTED_EDGE ( 'NONE', *, *, #4616, .F. ) ;
#2580 = LINE ( 'NONE', #5503, #2896 ) ;
#2581 = SURFACE_STYLE_USAGE ( .BOTH. , #3387 ) ;
#2582 = SURFACE_STYLE_USAGE ( .BOTH. , #2523 ) ;
#2583 = ORIENTED_EDGE ( 'NONE', *, *, #4136, .F. ) ;
#2584 = EDGE_CURVE ( 'NONE', #459, #3856, #547, .T. ) ;
#2585 = CARTESIAN_POINT ( 'NONE',  ( 1.520000000000000018, -7.119999999999999218, -3.564999999999999947 ) ) ;
#2586 = EDGE_CURVE ( 'NONE', #3452, #1812, #2594, .T. ) ;
#2587 = LINE ( 'NONE', #3524, #4962 ) ;
#2588 = DIRECTION ( 'NONE',  ( 0.000000000000000000, 1.000000000000000000, 0.000000000000000000 ) ) ;
#2589 = CARTESIAN_POINT ( 'NONE',  ( -1.750000000000000000, -7.119999999999999218, 5.714999999999999858 ) ) ;
#2590 = ORIENTED_EDGE ( 'NONE', *, *, #3816, .T. ) ;
#2591 = VERTEX_POINT ( 'NONE', #2647 ) ;
#2592 = FILL_AREA_STYLE ('',( #4263 ) ) ;
#2593 = ORIENTED_EDGE ( 'NONE', *, *, #5196, .F. ) ;
#2594 = LINE ( 'NONE', #1428, #5265 ) ;
#2595 = DIRECTION ( 'NONE',  ( 0.000000000000000000, 1.000000000000000000, 0.000000000000000000 ) ) ;
#2596 =( NAMED_UNIT ( * ) SI_UNIT ( $, .STERADIAN. ) SOLID_ANGLE_UNIT ( ) );
#2597 = FACE_OUTER_BOUND ( 'NONE', #2346, .T. ) ;
#2598 = STYLED_ITEM ( 'NONE', ( #649 ), #1950 ) ;
#2599 = FILL_AREA_STYLE ('',( #530 ) ) ;
#2600 = CIRCLE ( 'NONE', #5430, 1.449999999999999956 ) ;
#2601 = UNCERTAINTY_MEASURE_WITH_UNIT (LENGTH_MEASURE( 1.000000000000000082E-05 ), #1634, 'distance_accuracy_value', 'NONE');
#2602 =( NAMED_UNIT ( * ) PLANE_ANGLE_UNIT ( ) SI_UNIT ( $, .RADIAN. ) );
#2603 = ORIENTED_EDGE ( 'NONE', *, *, #4820, .T. ) ;
#2604 = DIRECTION ( 'NONE',  ( 1.000000000000000000, 0.000000000000000000, 0.000000000000000000 ) ) ;
#2605 = PRESENTATION_LAYER_ASSIGNMENT (  '', '', ( #1447 ) ) ;
#2606 = PRESENTATION_STYLE_ASSIGNMENT (( #3798 ) ) ;
#2607 = DIRECTION ( 'NONE',  ( 0.000000000000000000, 0.000000000000000000, -1.000000000000000000 ) ) ;
#2608 = FILL_AREA_STYLE ('',( #967 ) ) ;
#2609 = SURFACE_STYLE_FILL_AREA ( #90 ) ;
#2610 = CARTESIAN_POINT ( 'NONE',  ( -0.8589743589743469299, -2.158003108003060166, 5.714999999999999858 ) ) ;
#2611 = DIRECTION ( 'NONE',  ( -1.000000000000000000, 0.000000000000000000, 0.000000000000000000 ) ) ;
#2612 = PRESENTATION_LAYER_ASSIGNMENT (  '', '', ( #2327 ) ) ;
#2613 = ADVANCED_FACE ( 'NONE', ( #3503 ), #4315, .T. ) ;
#2614 = VERTEX_POINT ( 'NONE', #490 ) ;
#2615 = SURFACE_SIDE_STYLE ('',( #1359 ) ) ;
#2616 = CARTESIAN_POINT ( 'NONE',  ( 2.160000000000000142, -5.120000000000000107, -4.845000000000000639 ) ) ;
#2617 = SURFACE_STYLE_USAGE ( .BOTH. , #5201 ) ;
#2618 = VECTOR ( 'NONE', #901, 1000.000000000000000 ) ;
#2619 = SURFACE_SIDE_STYLE ('',( #382 ) ) ;
#2620 = CARTESIAN_POINT ( 'NONE',  ( -0.8589743589743469299, -2.247746697746650035, 5.814999999999999503 ) ) ;
#2621 = CARTESIAN_POINT ( 'NONE',  ( -1.243589743589730068, -1.863131313131265010, 5.714999999999999858 ) ) ;
#2622 = SURFACE_STYLE_FILL_AREA ( #5236 ) ;
#2623 = VERTEX_POINT ( 'NONE', #3952 ) ;
#2624 = UNCERTAINTY_MEASURE_WITH_UNIT (LENGTH_MEASURE( 1.000000000000000082E-05 ), #5361, 'distance_accuracy_value', 'NONE');
#2625 =( LENGTH_UNIT ( ) NAMED_UNIT ( * ) SI_UNIT ( .MILLI., .METRE. ) );
#2626 = SURFACE_STYLE_USAGE ( .BOTH. , #3052 ) ;
#2627 = VECTOR ( 'NONE', #4687, 1000.000000000000000 ) ;
#2628 = ADVANCED_FACE ( 'NONE', ( #5149 ), #2183, .T. ) ;
#2629 = VERTEX_POINT ( 'NONE', #3835 ) ;
#2630 = CARTESIAN_POINT ( 'NONE',  ( -1.020000000000000018, 5.083000000000000185, -3.564999999999999947 ) ) ;
#2631 = DIRECTION ( 'NONE',  ( 0.000000000000000000, 1.000000000000000000, 0.000000000000000000 ) ) ;
#2632 = STYLED_ITEM ( 'NONE', ( #4247 ), #4367 ) ;
#2633 = MECHANICAL_DESIGN_GEOMETRIC_PRESENTATION_REPRESENTATION (  '', ( #5294 ), #1300 ) ;
#2634 = SURFACE_SIDE_STYLE ('',( #3913 ) ) ;
#2635 = ORIENTED_EDGE ( 'NONE', *, *, #2722, .T. ) ;
#2636 = PLANE ( 'NONE',  #5441 ) ;
#2637 =( NAMED_UNIT ( * ) PLANE_ANGLE_UNIT ( ) SI_UNIT ( $, .RADIAN. ) );
#2638 = CARTESIAN_POINT ( 'NONE',  ( -1.520000000000000018, 5.083000000000000185, -3.564999999999999947 ) ) ;
#2639 = VERTEX_POINT ( 'NONE', #11 ) ;
#2640 = DIRECTION ( 'NONE',  ( 0.000000000000000000, 0.000000000000000000, -1.000000000000000000 ) ) ;
#2641 = STYLED_ITEM ( 'NONE', ( #1411 ), #4444 ) ;
#2642 =( GEOMETRIC_REPRESENTATION_CONTEXT ( 3 ) GLOBAL_UNCERTAINTY_ASSIGNED_CONTEXT ( ( #378 ) ) GLOBAL_UNIT_ASSIGNED_CONTEXT ( ( #1763, #2093, #1684 ) ) REPRESENTATION_CONTEXT ( 'NONE', 'WORKASPACE' ) );
#2643 = CIRCLE ( 'NONE', #222, 1.449999999999999956 ) ;
#2644 = ORIENTED_EDGE ( 'NONE', *, *, #4862, .T. ) ;
#2645 = VERTEX_POINT ( 'NONE', #1765 ) ;
#2646 = FACE_BOUND ( 'NONE', #3407, .T. ) ;
#2647 = CARTESIAN_POINT ( 'NONE',  ( -1.775679213042445151E-16, 6.532999999999999474, 6.884999999999999787 ) ) ;
#2648 =( GEOMETRIC_REPRESENTATION_CONTEXT ( 3 ) GLOBAL_UNCERTAINTY_ASSIGNED_CONTEXT ( ( #4326 ) ) GLOBAL_UNIT_ASSIGNED_CONTEXT ( ( #1968, #4447, #675 ) ) REPRESENTATION_CONTEXT ( 'NONE', 'WORKASPACE' ) );
#2649 =( NAMED_UNIT ( * ) PLANE_ANGLE_UNIT ( ) SI_UNIT ( $, .RADIAN. ) );
#2650 = FILL_AREA_STYLE_COLOUR ( '', #3615 ) ;
#2651 = STYLED_ITEM ( 'NONE', ( #362 ), #284 ) ;
#2652 = PRESENTATION_LAYER_ASSIGNMENT (  '', '', ( #2007 ) ) ;
#2653 = AXIS2_PLACEMENT_3D ( 'NONE', #3646, #1946, #1997 ) ;
#2654 = LINE ( 'NONE', #1431, #4552 ) ;
#2655 = CARTESIAN_POINT ( 'NONE',  ( 1.520000000000000018, -5.120000000000000995, -10.11746870376959961 ) ) ;
#2656 = EDGE_CURVE ( 'NONE', #3720, #3053, #895, .T. ) ;
#2657 = VECTOR ( 'NONE', #195, 1000.000000000000000 ) ;
#2658 = FILL_AREA_STYLE ('',( #949 ) ) ;
#2659 = CARTESIAN_POINT ( 'NONE',  ( -1.243589743589730068, -2.158003108003060166, 5.714999999999999858 ) ) ;
#2660 = VECTOR ( 'NONE', #4858, 1000.000000000000000 ) ;
#2661 = PLANE ( 'NONE',  #755 ) ;
#2662 = FILL_AREA_STYLE ('',( #193 ) ) ;
#2663 = SURFACE_STYLE_FILL_AREA ( #882 ) ;
#2664 = ORIENTED_EDGE ( 'NONE', *, *, #2367, .F. ) ;
#2665 = LINE ( 'NONE', #4369, #868 ) ;
#2666 = PLANE ( 'NONE',  #1780 ) ;
#2667 = CARTESIAN_POINT ( 'NONE',  ( 0.000000000000000000, 5.083000000000000185, 6.884999999999999787 ) ) ;
#2668 = ORIENTED_EDGE ( 'NONE', *, *, #3304, .T. ) ;
#2669 = EDGE_CURVE ( 'NONE', #3716, #2838, #3156, .T. ) ;
#2670 =( LENGTH_UNIT ( ) NAMED_UNIT ( * ) SI_UNIT ( .MILLI., .METRE. ) );
#2671 =( NAMED_UNIT ( * ) PLANE_ANGLE_UNIT ( ) SI_UNIT ( $, .RADIAN. ) );
#2672 = ORIENTED_EDGE ( 'NONE', *, *, #85, .F. ) ;
#2673 = DIRECTION ( 'NONE',  ( 0.000000000000000000, -1.000000000000000000, 0.000000000000000000 ) ) ;
#2674 = VERTEX_POINT ( 'NONE', #2755 ) ;
#2675 = ORIENTED_EDGE ( 'NONE', *, *, #4209, .T. ) ;
#2676 = CARTESIAN_POINT ( 'NONE',  ( 1.520000000000000018, -7.119999999999999218, 1.015000000000000346 ) ) ;
#2677 = VERTEX_POINT ( 'NONE', #4917 ) ;
#2678 = PRESENTATION_STYLE_ASSIGNMENT (( #1361 ) ) ;
#2679 = DIRECTION ( 'NONE',  ( 0.000000000000000000, 0.000000000000000000, 1.000000000000000000 ) ) ;
#2680 = DIRECTION ( 'NONE',  ( 0.000000000000000000, 0.000000000000000000, -1.000000000000000000 ) ) ;
#2681 = FACE_OUTER_BOUND ( 'NONE', #2530, .T. ) ;
#2682 =( LENGTH_UNIT ( ) NAMED_UNIT ( * ) SI_UNIT ( .MILLI., .METRE. ) );
#2683 = EDGE_CURVE ( 'NONE', #3851, #4047, #5355, .T. ) ;
#2684 = ADVANCED_FACE ( 'NONE', ( #3662 ), #4942, .T. ) ;
#2685 = SURFACE_STYLE_USAGE ( .BOTH. , #3483 ) ;
#2686 = EDGE_LOOP ( 'NONE', ( #5399, #1647, #5139, #1719 ) ) ;
#2687 = COLOUR_RGB ( '',0.7529411764705882248, 0.7529411764705882248, 0.7529411764705882248 ) ;
#2688 = EDGE_CURVE ( 'NONE', #3277, #3383, #2276, .T. ) ;
#2689 = CARTESIAN_POINT ( 'NONE',  ( 1.192307692307703837, -2.363131313131250355, 5.814999999999999503 ) ) ;
#2691 = ORIENTED_EDGE ( 'NONE', *, *, #1349, .F. ) ;
#2690 = DIRECTION ( 'NONE',  ( 0.000000000000000000, 0.000000000000000000, -1.000000000000000000 ) ) ;
#2692 = ORIENTED_EDGE ( 'NONE', *, *, #4725, .F. ) ;
#2693 = COLOUR_RGB ( '',0.2509803921568627416, 0.2509803921568627416, 0.2509803921568627416 ) ;
#2694 = CARTESIAN_POINT ( 'NONE',  ( -1.277036423998930248, -6.412893218813461083, 1.015000000000000124 ) ) ;
#2695 = DIRECTION ( 'NONE',  ( 0.000000000000000000, 0.000000000000000000, 1.000000000000000000 ) ) ;
#2696 = ORIENTED_EDGE ( 'NONE', *, *, #5290, .F. ) ;
#2697 = ORIENTED_EDGE ( 'NONE', *, *, #3860, .F. ) ;
#2698 = VECTOR ( 'NONE', #4715, 1000.000000000000000 ) ;
#2699 = ORIENTED_EDGE ( 'NONE', *, *, #3400, .F. ) ;
#2700 = EDGE_CURVE ( 'NONE', #1544, #4029, #4401, .T. ) ;
#2701 = VERTEX_POINT ( 'NONE', #1096 ) ;
#2702 = MECHANICAL_DESIGN_GEOMETRIC_PRESENTATION_REPRESENTATION (  '', ( #4654 ), #4913 ) ;
#2703 = ADVANCED_FACE ( 'NONE', ( #690 ), #5277, .T. ) ;
#2704 = SURFACE_STYLE_USAGE ( .BOTH. , #550 ) ;
#2705 = FILL_AREA_STYLE_COLOUR ( '', #328 ) ;
#2706 =( LENGTH_UNIT ( ) NAMED_UNIT ( * ) SI_UNIT ( .MILLI., .METRE. ) );
#2707 = CARTESIAN_POINT ( 'NONE',  ( -1.153846153846141975, -2.247746697746650035, 5.814999999999999503 ) ) ;
#2708 = CARTESIAN_POINT ( 'NONE',  ( 1.775679213042445151E-16, -1.446999999999999842, 5.714999999999999858 ) ) ;
#2709 = DIRECTION ( 'NONE',  ( -0.000000000000000000, 1.000000000000000000, 0.000000000000000000 ) ) ;
#2710 = SURFACE_STYLE_FILL_AREA ( #2291 ) ;
#2711 = PRESENTATION_STYLE_ASSIGNMENT (( #4365 ) ) ;
#2712 = EDGE_CURVE ( 'NONE', #2623, #5166, #1898, .T. ) ;
#2713 = CARTESIAN_POINT ( 'NONE',  ( -1.277036423998930248, -11.11999999999999922, 1.015000000000000124 ) ) ;
#2714 =( NAMED_UNIT ( * ) PLANE_ANGLE_UNIT ( ) SI_UNIT ( $, .RADIAN. ) );
#2715 = CARTESIAN_POINT ( 'NONE',  ( -1.020000000000000018, -7.620000000000000107, -4.845000000000000639 ) ) ;
#2716 = ORIENTED_EDGE ( 'NONE', *, *, #5400, .F. ) ;
#2717 = AXIS2_PLACEMENT_3D ( 'NONE', #1935, #2727, #4916 ) ;
#2718 = DIRECTION ( 'NONE',  ( 1.000000000000000000, 0.000000000000000000, 0.000000000000000000 ) ) ;
#2719 = VERTEX_POINT ( 'NONE', #5406 ) ;
#2720 = EDGE_CURVE ( 'NONE', #3918, #4078, #3338, .T. ) ;
#2721 = DIRECTION ( 'NONE',  ( 0.000000000000000000, -1.000000000000000000, 0.000000000000000000 ) ) ;
#2722 = EDGE_CURVE ( 'NONE', #4077, #444, #3801, .T. ) ;
#2723 = ORIENTED_EDGE ( 'NONE', *, *, #3063, .T. ) ;
#2724 = ORIENTED_EDGE ( 'NONE', *, *, #5232, .F. ) ;
#2725 = SURFACE_SIDE_STYLE ('',( #2216 ) ) ;
#2726 = PRESENTATION_LAYER_ASSIGNMENT (  '', '', ( #4230 ) ) ;
#2727 = DIRECTION ( 'NONE',  ( 0.000000000000000000, -1.000000000000000000, 0.000000000000000000 ) ) ;
#2728 = DIRECTION ( 'NONE',  ( -1.000000000000000000, 0.000000000000000000, 0.000000000000000000 ) ) ;
#2729 = VECTOR ( 'NONE', #2197, 1000.000000000000000 ) ;
#2730 = COLOUR_RGB ( '',0.2509803921568627416, 0.2509803921568627416, 0.2509803921568627416 ) ;
#2731 = AXIS2_PLACEMENT_3D ( 'NONE', #4658, #842, #2539 ) ;
#2732 = COLOUR_RGB ( '',0.7529411764705882248, 0.7529411764705882248, 0.7529411764705882248 ) ;
#2733 = LINE ( 'NONE', #2325, #1527 ) ;
#2734 = VECTOR ( 'NONE', #3344, 1000.000000000000000 ) ;
#2735 = DIRECTION ( 'NONE',  ( 0.000000000000000000, 7.608436298143890073E-16, 1.000000000000000000 ) ) ;
#2736 = FILL_AREA_STYLE ('',( #267 ) ) ;
#2737 = FILL_AREA_STYLE_COLOUR ( '', #5120 ) ;
#2738 = UNCERTAINTY_MEASURE_WITH_UNIT (LENGTH_MEASURE( 1.000000000000000082E-05 ), #5457, 'distance_accuracy_value', 'NONE');
#2739 = VECTOR ( 'NONE', #3032, 1000.000000000000000 ) ;
#2740 = PLANE ( 'NONE',  #4222 ) ;
#2741 = AXIS2_PLACEMENT_3D ( 'NONE', #2358, #2284, #4064 ) ;
#2742 = CARTESIAN_POINT ( 'NONE',  ( -1.520000000000000018, 5.083000000000000185, -3.564999999999999947 ) ) ;
#2743 = CARTESIAN_POINT ( 'NONE',  ( -1.449999999999999956, 5.083000000000000185, 5.714999999999999858 ) ) ;
#2744 = FILL_AREA_STYLE ('',( #1114 ) ) ;
#2746 = ORIENTED_EDGE ( 'NONE', *, *, #4103, .F. ) ;
#2745 = SURFACE_STYLE_FILL_AREA ( #1049 ) ;
#2747 = EDGE_LOOP ( 'NONE', ( #253, #5247, #2567, #154 ) ) ;
#2748 = DIRECTION ( 'NONE',  ( 1.000000000000000000, 0.000000000000000000, 0.000000000000000000 ) ) ;
#2749 = UNCERTAINTY_MEASURE_WITH_UNIT (LENGTH_MEASURE( 1.000000000000000082E-05 ), #805, 'distance_accuracy_value', 'NONE');
#2750 = EDGE_LOOP ( 'NONE', ( #1874, #1849, #5080 ) ) ;
#2751 = ORIENTED_EDGE ( 'NONE', *, *, #5291, .F. ) ;
#2752 = ADVANCED_FACE ( 'NONE', ( #5378 ), #1977, .F. ) ;
#2753 = ADVANCED_FACE ( 'NONE', ( #369 ), #4162, .T. ) ;
#2754 =( NAMED_UNIT ( * ) SI_UNIT ( $, .STERADIAN. ) SOLID_ANGLE_UNIT ( ) );
#2755 = CARTESIAN_POINT ( 'NONE',  ( 2.160000000000000142, -7.119999999999999218, -4.845000000000000639 ) ) ;
#2756 = PLANE ( 'NONE',  #318 ) ;
#2757 = DIRECTION ( 'NONE',  ( 0.000000000000000000, -1.000000000000000000, 0.000000000000000000 ) ) ;
#2758 = PLANE ( 'NONE',  #3178 ) ;
#2759 = DIRECTION ( 'NONE',  ( 0.000000000000000000, 0.000000000000000000, -1.000000000000000000 ) ) ;
#2760 = DIRECTION ( 'NONE',  ( 1.000000000000000000, 0.000000000000000000, 1.734723475976810053E-15 ) ) ;
#2761 = DIRECTION ( 'NONE',  ( 0.000000000000000000, -1.301042606982598024E-15, 1.000000000000000000 ) ) ;
#2762 = PRESENTATION_LAYER_ASSIGNMENT (  '', '', ( #722 ) ) ;
#2763 = SURFACE_STYLE_FILL_AREA ( #4881 ) ;
#2764 =( NAMED_UNIT ( * ) PLANE_ANGLE_UNIT ( ) SI_UNIT ( $, .RADIAN. ) );
#2765 = ORIENTED_EDGE ( 'NONE', *, *, #4072, .T. ) ;
#2766 = ORIENTED_EDGE ( 'NONE', *, *, #1480, .F. ) ;
#2767 = LINE ( 'NONE', #709, #2106 ) ;
#2768 = LINE ( 'NONE', #5242, #4518 ) ;
#2769 = ORIENTED_EDGE ( 'NONE', *, *, #670, .T. ) ;
#2770 = STYLED_ITEM ( 'NONE', ( #4397 ), #1795 ) ;
#2771 = ORIENTED_EDGE ( 'NONE', *, *, #1816, .F. ) ;
#2772 = ORIENTED_EDGE ( 'NONE', *, *, #1026, .T. ) ;
#2773 =( GEOMETRIC_REPRESENTATION_CONTEXT ( 3 ) GLOBAL_UNCERTAINTY_ASSIGNED_CONTEXT ( ( #3735 ) ) GLOBAL_UNIT_ASSIGNED_CONTEXT ( ( #4272, #2602, #3023 ) ) REPRESENTATION_CONTEXT ( 'NONE', 'WORKASPACE' ) );
#2774 = ORIENTED_EDGE ( 'NONE', *, *, #4379, .F. ) ;
#2775 = FILL_AREA_STYLE ('',( #2302 ) ) ;
#2776 =( NAMED_UNIT ( * ) PLANE_ANGLE_UNIT ( ) SI_UNIT ( $, .RADIAN. ) );
#2777 = LINE ( 'NONE', #1000, #49 ) ;
#2778 =( NAMED_UNIT ( * ) PLANE_ANGLE_UNIT ( ) SI_UNIT ( $, .RADIAN. ) );
#2779 = EDGE_CURVE ( 'NONE', #5451, #2098, #2525, .T. ) ;
#2780 = AXIS2_PLACEMENT_3D ( 'NONE', #1611, #351, #4234 ) ;
#2781 = ADVANCED_FACE ( 'NONE', ( #1270 ), #3307, .T. ) ;
#2782 = FACE_OUTER_BOUND ( 'NONE', #1843, .T. ) ;
#2783 = CARTESIAN_POINT ( 'NONE',  ( -1.277036423998930248, -11.11999999999999922, 1.015000000000000124 ) ) ;
#2784 = CARTESIAN_POINT ( 'NONE',  ( -0.8589743589743469299, -2.158003108003060166, 5.814999999999999503 ) ) ;
#2785 =( NAMED_UNIT ( * ) PLANE_ANGLE_UNIT ( ) SI_UNIT ( $, .RADIAN. ) );
#2786 =( NAMED_UNIT ( * ) PLANE_ANGLE_UNIT ( ) SI_UNIT ( $, .RADIAN. ) );
#2787 = AXIS2_PLACEMENT_3D ( 'NONE', #2930, #810, #1249 ) ;
#2788 = DIRECTION ( 'NONE',  ( 1.000000000000000000, 0.000000000000000000, 0.000000000000000000 ) ) ;
#2789 = DIRECTION ( 'NONE',  ( -1.000000000000000000, 0.000000000000000000, 0.000000000000000000 ) ) ;
#2790 = CARTESIAN_POINT ( 'NONE',  ( -3.966440926441800130, -7.420000000000000817, 1.515000000000000124 ) ) ;
#2791 = CARTESIAN_POINT ( 'NONE',  ( -1.520000000000000018, -7.119999999999999218, -4.065000000000000391 ) ) ;
#2792 = VERTEX_POINT ( 'NONE', #2585 ) ;
#2793 = ORIENTED_EDGE ( 'NONE', *, *, #494, .F. ) ;
#2794 = FILL_AREA_STYLE ('',( #3151 ) ) ;
#2795 = EDGE_CURVE ( 'NONE', #3579, #4363, #3914, .T. ) ;
#2796 = SURFACE_STYLE_USAGE ( .BOTH. , #3302 ) ;
#2797 = ORIENTED_EDGE ( 'NONE', *, *, #2020, .F. ) ;
#2798 = PRESENTATION_LAYER_ASSIGNMENT (  '', '', ( #4497 ) ) ;
#2799 = CARTESIAN_POINT ( 'NONE',  ( 2.160000000000000142, -7.119999999999999218, -16.22427834969624882 ) ) ;
#2800 = FILL_AREA_STYLE_COLOUR ( '', #465 ) ;
#2801 = CARTESIAN_POINT ( 'NONE',  ( -0.9200000000000000400, -8.419999999999999929, -0.2056555615733750009 ) ) ;
#2802 = PRESENTATION_LAYER_ASSIGNMENT (  '', '', ( #5281 ) ) ;
#2803 =( GEOMETRIC_REPRESENTATION_CONTEXT ( 3 ) GLOBAL_UNCERTAINTY_ASSIGNED_CONTEXT ( ( #3667 ) ) GLOBAL_UNIT_ASSIGNED_CONTEXT ( ( #4592, #4129, #3766 ) ) REPRESENTATION_CONTEXT ( 'NONE', 'WORKASPACE' ) );
#2804 = DIRECTION ( 'NONE',  ( 0.000000000000000000, -1.000000000000000000, 0.000000000000000000 ) ) ;
#2805 = SURFACE_STYLE_FILL_AREA ( #4005 ) ;
#2806 = CARTESIAN_POINT ( 'NONE',  ( -1.277036423998930248, -11.11999999999999922, -1.525000000000000133 ) ) ;
#2807 = STYLED_ITEM ( 'NONE', ( #2711 ), #4394 ) ;
#2808 = PRESENTATION_LAYER_ASSIGNMENT (  '', '', ( #1036 ) ) ;
#2809 = CIRCLE ( 'NONE', #2365, 0.5000000000000000000 ) ;
#2810 = AXIS2_PLACEMENT_3D ( 'NONE', #2259, #3162, #4850 ) ;
#2811 = PRESENTATION_LAYER_ASSIGNMENT (  '', '', ( #1999 ) ) ;
#2812 = DIRECTION ( 'NONE',  ( 1.000000000000000000, 0.000000000000000000, 0.000000000000000000 ) ) ;
#2813 = EDGE_CURVE ( 'NONE', #1186, #4505, #89, .T. ) ;
#2814 = PRESENTATION_STYLE_ASSIGNMENT (( #2420 ) ) ;
#2815 = ADVANCED_FACE ( 'NONE', ( #4279 ), #2636, .T. ) ;
#2816 = VECTOR ( 'NONE', #1382, 1000.000000000000000 ) ;
#2817 = VECTOR ( 'NONE', #4502, 1000.000000000000000 ) ;
#2818 = LINE ( 'NONE', #4980, #4854 ) ;
#2819 = COLOUR_RGB ( '',0.7529411764705882248, 0.7529411764705882248, 0.7529411764705882248 ) ;
#2820 = VECTOR ( 'NONE', #21, 1000.000000000000000 ) ;
#2821 = DIRECTION ( 'NONE',  ( -1.000000000000000000, 0.000000000000000000, 0.000000000000000000 ) ) ;
#2822 = CARTESIAN_POINT ( 'NONE',  ( 2.160000000000000142, -0.3723944653317550202, -5.714999999999999858 ) ) ;
#2824 = ORIENTED_EDGE ( 'NONE', *, *, #998, .T. ) ;
#2823 =( NAMED_UNIT ( * ) SI_UNIT ( $, .STERADIAN. ) SOLID_ANGLE_UNIT ( ) );
#2825 = LINE ( 'NONE', #4472, #3992 ) ;
#2826 = SURFACE_SIDE_STYLE ('',( #5401 ) ) ;
#2827 = ORIENTED_EDGE ( 'NONE', *, *, #3829, .T. ) ;
#2828 = ORIENTED_EDGE ( 'NONE', *, *, #2720, .F. ) ;
#2829 = SURFACE_STYLE_USAGE ( .BOTH. , #3305 ) ;
#2830 = STYLED_ITEM ( 'NONE', ( #2239 ), #5388 ) ;
#2831 = ADVANCED_FACE ( 'NONE', ( #449 ), #3313, .T. ) ;
#2832 = SURFACE_SIDE_STYLE ('',( #2855 ) ) ;
#2833 =( LENGTH_UNIT ( ) NAMED_UNIT ( * ) SI_UNIT ( .MILLI., .METRE. ) );
#2834 = LINE ( 'NONE', #2498, #1834 ) ;
#2835 =( NAMED_UNIT ( * ) SI_UNIT ( $, .STERADIAN. ) SOLID_ANGLE_UNIT ( ) );
#2836 = UNCERTAINTY_MEASURE_WITH_UNIT (LENGTH_MEASURE( 1.000000000000000082E-05 ), #2159, 'distance_accuracy_value', 'NONE');
#2837 = SURFACE_STYLE_USAGE ( .BOTH. , #1007 ) ;
#2838 = VERTEX_POINT ( 'NONE', #4111 ) ;
#2839 = CARTESIAN_POINT ( 'NONE',  ( -1.538461538461525002, -2.158003108003060166, 5.814999999999999503 ) ) ;
#2840 = LINE ( 'NONE', #4546, #3760 ) ;
#2841 = FILL_AREA_STYLE ('',( #4088 ) ) ;
#2842 = DIRECTION ( 'NONE',  ( 0.000000000000000000, 0.000000000000000000, 1.000000000000000000 ) ) ;
#2843 = FILL_AREA_STYLE_COLOUR ( '', #4757 ) ;
#2844 = FACE_OUTER_BOUND ( 'NONE', #2977, .T. ) ;
#2845 = UNCERTAINTY_MEASURE_WITH_UNIT (LENGTH_MEASURE( 1.000000000000000082E-05 ), #2036, 'distance_accuracy_value', 'NONE');
#2846 =( LENGTH_UNIT ( ) NAMED_UNIT ( * ) SI_UNIT ( .MILLI., .METRE. ) );
#2847 = EDGE_CURVE ( 'NONE', #652, #3452, #2480, .T. ) ;
#2848 = EDGE_CURVE ( 'NONE', #3277, #3100, #2894, .T. ) ;
#2849 = CARTESIAN_POINT ( 'NONE',  ( -1.243589743589730068, -2.542618492618445192, 5.814999999999999503 ) ) ;
#2851 = EDGE_LOOP ( 'NONE', ( #23, #1273, #2215, #394, #475, #5052, #1120, #4274, #426, #368, #1940, #1952 ) ) ;
#2850 = DIRECTION ( 'NONE',  ( 0.000000000000000000, -1.000000000000000000, 0.000000000000000000 ) ) ;
#2852 = SURFACE_STYLE_FILL_AREA ( #2940 ) ;
#2853 = EDGE_CURVE ( 'NONE', #918, #3490, #5002, .T. ) ;
#2854 = ORIENTED_EDGE ( 'NONE', *, *, #2848, .T. ) ;
#2855 = SURFACE_STYLE_FILL_AREA ( #4972 ) ;
#2856 = FILL_AREA_STYLE_COLOUR ( '', #3324 ) ;
#2857 = PRESENTATION_LAYER_ASSIGNMENT (  '', '', ( #3138 ) ) ;
#2858 = DIRECTION ( 'NONE',  ( 0.000000000000000000, 0.000000000000000000, -1.000000000000000000 ) ) ;
#2859 = EDGE_CURVE ( 'NONE', #3327, #3851, #347, .T. ) ;
#2860 = VECTOR ( 'NONE', #1375, 1000.000000000000000 ) ;
#2861 = CARTESIAN_POINT ( 'NONE',  ( 2.160000000000000142, 7.620000000000000107, -5.714999999999999858 ) ) ;
#2862 = FACE_OUTER_BOUND ( 'NONE', #2026, .T. ) ;
#2863 = SURFACE_SIDE_STYLE ('',( #1162 ) ) ;
#2864 = CARTESIAN_POINT ( 'NONE',  ( -1.520000000000000018, -8.419999999999999929, 1.515000000000000124 ) ) ;
#2865 =( NAMED_UNIT ( * ) SI_UNIT ( $, .STERADIAN. ) SOLID_ANGLE_UNIT ( ) );
#2866 = MECHANICAL_DESIGN_GEOMETRIC_PRESENTATION_REPRESENTATION (  '', ( #3931 ), #2965 ) ;
#2867 = EDGE_CURVE ( 'NONE', #1677, #56, #2528, .T. ) ;
#2868 =( GEOMETRIC_REPRESENTATION_CONTEXT ( 3 ) GLOBAL_UNCERTAINTY_ASSIGNED_CONTEXT ( ( #1775 ) ) GLOBAL_UNIT_ASSIGNED_CONTEXT ( ( #439, #1312, #4149 ) ) REPRESENTATION_CONTEXT ( 'NONE', 'WORKASPACE' ) );
#2869 = FILL_AREA_STYLE ('',( #3292 ) ) ;
#2870 = DIRECTION ( 'NONE',  ( 0.000000000000000000, -1.000000000000000000, 0.000000000000000000 ) ) ;
#2871 = PRESENTATION_LAYER_ASSIGNMENT (  '', '', ( #4654 ) ) ;
#2872 = SURFACE_STYLE_USAGE ( .BOTH. , #4961 ) ;
#2873 =( LENGTH_UNIT ( ) NAMED_UNIT ( * ) SI_UNIT ( .MILLI., .METRE. ) );
#2874 = PLANE ( 'NONE',  #957 ) ;
#2875 = DIRECTION ( 'NONE',  ( 0.000000000000000000, 0.000000000000000000, 1.000000000000000000 ) ) ;
#2876 = ORIENTED_EDGE ( 'NONE', *, *, #3937, .F. ) ;
#2877 = EDGE_CURVE ( 'NONE', #3437, #2137, #4662, .T. ) ;
#2878 = SURFACE_SIDE_STYLE ('',( #3279 ) ) ;
#2879 = UNCERTAINTY_MEASURE_WITH_UNIT (LENGTH_MEASURE( 1.000000000000000082E-05 ), #1877, 'distance_accuracy_value', 'NONE');
#2880 = SURFACE_STYLE_USAGE ( .BOTH. , #2493 ) ;
#2881 =( LENGTH_UNIT ( ) NAMED_UNIT ( * ) SI_UNIT ( .MILLI., .METRE. ) );
#2882 = ORIENTED_EDGE ( 'NONE', *, *, #1883, .F. ) ;
#2883 = FACE_OUTER_BOUND ( 'NONE', #3630, .T. ) ;
#2884 = DIRECTION ( 'NONE',  ( 0.000000000000000000, 0.000000000000000000, -1.000000000000000000 ) ) ;
#2885 = ADVANCED_FACE ( 'NONE', ( #1661 ), #4950, .F. ) ;
#2886 = EDGE_CURVE ( 'NONE', #1894, #3061, #2840, .T. ) ;
#2887 =( GEOMETRIC_REPRESENTATION_CONTEXT ( 3 ) GLOBAL_UNCERTAINTY_ASSIGNED_CONTEXT ( ( #78 ) ) GLOBAL_UNIT_ASSIGNED_CONTEXT ( ( #139, #5156, #4718 ) ) REPRESENTATION_CONTEXT ( 'NONE', 'WORKASPACE' ) );
#2888 = DIRECTION ( 'NONE',  ( 0.000000000000000000, -1.000000000000000000, 0.000000000000000000 ) ) ;
#2889 = DIRECTION ( 'NONE',  ( -1.000000000000000000, 0.000000000000000000, 0.000000000000000000 ) ) ;
#2890 = VECTOR ( 'NONE', #3595, 1000.000000000000000 ) ;
#2891 = LINE ( 'NONE', #2038, #1392 ) ;
#2892 = COLOUR_RGB ( '',0.7529411764705882248, 0.7529411764705882248, 0.7529411764705882248 ) ;
#2893 =( NAMED_UNIT ( * ) SI_UNIT ( $, .STERADIAN. ) SOLID_ANGLE_UNIT ( ) );
#2894 = LINE ( 'NONE', #1139, #4210 ) ;
#2895 = LINE ( 'NONE', #4606, #1658 ) ;
#2896 = VECTOR ( 'NONE', #4301, 1000.000000000000000 ) ;
#2897 = SURFACE_STYLE_USAGE ( .BOTH. , #3706 ) ;
#2898 = CARTESIAN_POINT ( 'NONE',  ( -2.160000000000000142, -6.119999999999999218, -0.005000000000001530130 ) ) ;
#2899 = CARTESIAN_POINT ( 'NONE',  ( 0.000000000000000000, 0.002999999999999389873, 6.884999999999999787 ) ) ;
#2900 = UNCERTAINTY_MEASURE_WITH_UNIT (LENGTH_MEASURE( 1.000000000000000082E-05 ), #4046, 'distance_accuracy_value', 'NONE');
#2901 = CARTESIAN_POINT ( 'NONE',  ( -1.619999999999999885, -8.693396881765760753, 1.015000000000000124 ) ) ;
#2902 = MECHANICAL_DESIGN_GEOMETRIC_PRESENTATION_REPRESENTATION (  '', ( #1566 ), #5038 ) ;
#2903 = COLOUR_RGB ( '',0.2509803921568627416, 0.2509803921568627416, 0.2509803921568627416 ) ;
#2904 = VECTOR ( 'NONE', #295, 1000.000000000000000 ) ;
#2905 = UNCERTAINTY_MEASURE_WITH_UNIT (LENGTH_MEASURE( 1.000000000000000082E-05 ), #1565, 'distance_accuracy_value', 'NONE');
#2906 = PLANE ( 'NONE',  #936 ) ;
#2907 = VECTOR ( 'NONE', #2888, 1000.000000000000000 ) ;
#2908 = AXIS2_PLACEMENT_3D ( 'NONE', #313, #2407, #3721 ) ;
#2909 = AXIS2_PLACEMENT_3D ( 'NONE', #1784, #2212, #1330 ) ;
#2910 = ORIENTED_EDGE ( 'NONE', *, *, #5423, .F. ) ;
#2911 = ORIENTED_EDGE ( 'NONE', *, *, #1919, .F. ) ;
#2912 =( LENGTH_UNIT ( ) NAMED_UNIT ( * ) SI_UNIT ( .MILLI., .METRE. ) );
#2913 = DIRECTION ( 'NONE',  ( -1.000000000000000000, 0.000000000000000000, 0.000000000000000000 ) ) ;
#2914 = CARTESIAN_POINT ( 'NONE',  ( -1.538461538461525002, -2.158003108003060166, 5.814999999999999503 ) ) ;
#2915 = VECTOR ( 'NONE', #5238, 1000.000000000000000 ) ;
#2916 = ORIENTED_EDGE ( 'NONE', *, *, #120, .T. ) ;
#2917 = LINE ( 'NONE', #5354, #4413 ) ;
#2918 = CARTESIAN_POINT ( 'NONE',  ( 1.520000000000000018, -7.620000000000000107, -10.11746870376959961 ) ) ;
#2919 = PRESENTATION_LAYER_ASSIGNMENT (  '', '', ( #4067 ) ) ;
#2920 = SURFACE_SIDE_STYLE ('',( #5085 ) ) ;
#2921 = CARTESIAN_POINT ( 'NONE',  ( 2.160000000000000142, -7.119999999999999218, 2.295000000000000373 ) ) ;
#2922 = AXIS2_PLACEMENT_3D ( 'NONE', #1687, #4267, #1987 ) ;
#2923 = EDGE_CURVE ( 'NONE', #2406, #171, #3290, .T. ) ;
#2924 =( GEOMETRIC_REPRESENTATION_CONTEXT ( 3 ) GLOBAL_UNCERTAINTY_ASSIGNED_CONTEXT ( ( #2027 ) ) GLOBAL_UNIT_ASSIGNED_CONTEXT ( ( #2670, #2637, #3944 ) ) REPRESENTATION_CONTEXT ( 'NONE', 'WORKASPACE' ) );
#2925 = ADVANCED_FACE ( 'NONE', ( #4711 ), #489, .T. ) ;
#2926 = EDGE_LOOP ( 'NONE', ( #2037, #3741, #731, #178, #2911, #2274, #4474, #4994, #2383, #3450, #2583, #4888 ) ) ;
#2927 = CARTESIAN_POINT ( 'NONE',  ( -1.020000000000000018, -5.120000000000000995, -10.11746870376959961 ) ) ;
#2928 = VERTEX_POINT ( 'NONE', #5495 ) ;
#2929 = FILL_AREA_STYLE_COLOUR ( '', #3220 ) ;
#2930 = CARTESIAN_POINT ( 'NONE',  ( 2.160000000000000142, -0.3723944653317750042, -0.004999999999998059816 ) ) ;
#2931 =( LENGTH_UNIT ( ) NAMED_UNIT ( * ) SI_UNIT ( .MILLI., .METRE. ) );
#2932 =( LENGTH_UNIT ( ) NAMED_UNIT ( * ) SI_UNIT ( .MILLI., .METRE. ) );
#2933 = PRESENTATION_STYLE_ASSIGNMENT (( #330 ) ) ;
#2934 = FILL_AREA_STYLE ('',( #1255 ) ) ;
#2935 = DIRECTION ( 'NONE',  ( 0.000000000000000000, 0.000000000000000000, -1.000000000000000000 ) ) ;
#2936 = ADVANCED_FACE ( 'NONE', ( #3472, #2646, #10, #919, #2151, #1686 ), #3894, .F. ) ;
#2937 =( NAMED_UNIT ( * ) SI_UNIT ( $, .STERADIAN. ) SOLID_ANGLE_UNIT ( ) );
#2938 = DIRECTION ( 'NONE',  ( -1.000000000000000000, 0.000000000000000000, 0.000000000000000000 ) ) ;
#2939 = DIRECTION ( 'NONE',  ( 0.000000000000000000, 1.000000000000000000, 0.000000000000000000 ) ) ;
#2940 = FILL_AREA_STYLE ('',( #1201 ) ) ;
#2941 = UNCERTAINTY_MEASURE_WITH_UNIT (LENGTH_MEASURE( 1.000000000000000082E-05 ), #1435, 'distance_accuracy_value', 'NONE');
#2942 = FACE_OUTER_BOUND ( 'NONE', #2432, .T. ) ;
#2943 = DIRECTION ( 'NONE',  ( 1.000000000000000000, 0.000000000000000000, 0.000000000000000000 ) ) ;
#2944 = ORIENTED_EDGE ( 'NONE', *, *, #1570, .F. ) ;
#2945 = ORIENTED_EDGE ( 'NONE', *, *, #188, .F. ) ;
#2946 = DIRECTION ( 'NONE',  ( 0.000000000000000000, 0.000000000000000000, 1.000000000000000000 ) ) ;
#2947 = DIRECTION ( 'NONE',  ( 0.000000000000000000, -1.000000000000000000, 0.000000000000000000 ) ) ;
#2948 = SURFACE_SIDE_STYLE ('',( #1245 ) ) ;
#2949 = VERTEX_POINT ( 'NONE', #3921 ) ;
#2950 = SURFACE_STYLE_USAGE ( .BOTH. , #1247 ) ;
#2951 = VECTOR ( 'NONE', #5494, 1000.000000000000000 ) ;
#2952 = ORIENTED_EDGE ( 'NONE', *, *, #2389, .T. ) ;
#2953 = CYLINDRICAL_SURFACE ( 'NONE', #93, 1.449999999999999956 ) ;
#2954 = CARTESIAN_POINT ( 'NONE',  ( 1.619999999999999885, -7.420000000000000817, -0.2056555615733750009 ) ) ;
#2955 = SURFACE_STYLE_USAGE ( .BOTH. , #3779 ) ;
#2956 = FILL_AREA_STYLE_COLOUR ( '', #4429 ) ;
#2957 = ADVANCED_FACE ( 'NONE', ( #37 ), #3066, .T. ) ;
#2958 = EDGE_CURVE ( 'NONE', #4342, #3490, #610, .T. ) ;
#2959 = UNCERTAINTY_MEASURE_WITH_UNIT (LENGTH_MEASURE( 1.000000000000000082E-05 ), #1472, 'distance_accuracy_value', 'NONE');
#2960 = MECHANICAL_DESIGN_GEOMETRIC_PRESENTATION_REPRESENTATION (  '', ( #4817 ), #3575 ) ;
#2961 = CARTESIAN_POINT ( 'NONE',  ( 2.160000000000000142, -5.120000000000000107, -4.845000000000000639 ) ) ;
#2962 = FILL_AREA_STYLE_COLOUR ( '', #1786 ) ;
#2963 = SPHERICAL_SURFACE ( 'NONE', #2731, 1.449999999999999956 ) ;
#2964 = DIRECTION ( 'NONE',  ( 1.000000000000000000, 0.000000000000000000, 0.000000000000000000 ) ) ;
#2965 =( GEOMETRIC_REPRESENTATION_CONTEXT ( 3 ) GLOBAL_UNCERTAINTY_ASSIGNED_CONTEXT ( ( #4798 ) ) GLOBAL_UNIT_ASSIGNED_CONTEXT ( ( #5284, #2786, #2368 ) ) REPRESENTATION_CONTEXT ( 'NONE', 'WORKASPACE' ) );
#2966 = STYLED_ITEM ( 'NONE', ( #4736 ), #1501 ) ;
#2967 = CARTESIAN_POINT ( 'NONE',  ( -1.020000000000000018, 5.083000000000000185, -4.065000000000000391 ) ) ;
#2968 = ORIENTED_EDGE ( 'NONE', *, *, #2656, .T. ) ;
#2969 = ORIENTED_EDGE ( 'NONE', *, *, #2293, .T. ) ;
#2970 = VECTOR ( 'NONE', #2352, 1000.000000000000000 ) ;
#2971 = PRESENTATION_STYLE_ASSIGNMENT (( #2626 ) ) ;
#2972 = ORIENTED_EDGE ( 'NONE', *, *, #5471, .T. ) ;
#2973 = FILL_AREA_STYLE_COLOUR ( '', #3412 ) ;
#2974 = ADVANCED_FACE ( 'NONE', ( #546 ), #4431, .T. ) ;
#2975 = CARTESIAN_POINT ( 'NONE',  ( -1.277036423998930248, -5.120000000000000107, -4.065000000000000391 ) ) ;
#2976 = ORIENTED_EDGE ( 'NONE', *, *, #609, .T. ) ;
#2977 = EDGE_LOOP ( 'NONE', ( #2217, #3949, #4676, #5225 ) ) ;
#2978 = ORIENTED_EDGE ( 'NONE', *, *, #3065, .T. ) ;
#2979 = LINE ( 'NONE', #861, #3976 ) ;
#2980 = ORIENTED_EDGE ( 'NONE', *, *, #2456, .T. ) ;
#2981 = DIRECTION ( 'NONE',  ( 1.000000000000000000, 0.000000000000000000, 0.000000000000000000 ) ) ;
#2982 =( LENGTH_UNIT ( ) NAMED_UNIT ( * ) SI_UNIT ( .MILLI., .METRE. ) );
#2983 = DIRECTION ( 'NONE',  ( 1.000000000000000000, 0.000000000000000000, 0.000000000000000000 ) ) ;
#2984 = CARTESIAN_POINT ( 'NONE',  ( -1.538461538461525002, -2.247746697746650035, 5.814999999999999503 ) ) ;
#2985 = AXIS2_PLACEMENT_3D ( 'NONE', #403, #3810, #460 ) ;
#2986 = CARTESIAN_POINT ( 'NONE',  ( 2.160000000000000142, -5.120000000000000107, -4.845000000000000639 ) ) ;
#2987 = SURFACE_STYLE_USAGE ( .BOTH. , #5070 ) ;
#2988 = AXIS2_PLACEMENT_3D ( 'NONE', #2198, #5178, #3075 ) ;
#2989 = STYLED_ITEM ( 'NONE', ( #4217 ), #3134 ) ;
#2990 = DIRECTION ( 'NONE',  ( 0.000000000000000000, 1.000000000000000000, 0.000000000000000000 ) ) ;
#2991 = EDGE_CURVE ( 'NONE', #4312, #4027, #659, .T. ) ;
#2992 = PRESENTATION_STYLE_ASSIGNMENT (( #1284 ) ) ;
#2993 = ORIENTED_EDGE ( 'NONE', *, *, #2167, .T. ) ;
#2994 = ORIENTED_EDGE ( 'NONE', *, *, #4794, .F. ) ;
#2995 = AXIS2_PLACEMENT_3D ( 'NONE', #3668, #3311, #3569 ) ;
#2996 = PRESENTATION_LAYER_ASSIGNMENT (  '', '', ( #5289 ) ) ;
#2997 =( GEOMETRIC_REPRESENTATION_CONTEXT ( 3 ) GLOBAL_UNCERTAINTY_ASSIGNED_CONTEXT ( ( #3568 ) ) GLOBAL_UNIT_ASSIGNED_CONTEXT ( ( #2881, #3253, #4585 ) ) REPRESENTATION_CONTEXT ( 'NONE', 'WORKASPACE' ) );
#2998 =( LENGTH_UNIT ( ) NAMED_UNIT ( * ) SI_UNIT ( .MILLI., .METRE. ) );
#2999 = VECTOR ( 'NONE', #4707, 1000.000000000000000 ) ;
#3000 = ORIENTED_EDGE ( 'NONE', *, *, #1633, .T. ) ;
#3001 = MECHANICAL_DESIGN_GEOMETRIC_PRESENTATION_REPRESENTATION (  '', ( #1308 ), #2179 ) ;
#3002 = LINE ( 'NONE', #908, #756 ) ;
#3003 = ORIENTED_EDGE ( 'NONE', *, *, #2509, .T. ) ;
#3004 = VERTEX_POINT ( 'NONE', #1875 ) ;
#3005 = VECTOR ( 'NONE', #3855, 1000.000000000000000 ) ;
#3006 = CARTESIAN_POINT ( 'NONE',  ( -2.160000000000000142, -6.119999999999999218, -16.22427834969624882 ) ) ;
#3007 = PRESENTATION_LAYER_ASSIGNMENT (  '', '', ( #5384 ) ) ;
#3008 = COLOUR_RGB ( '',0.2509803921568627416, 0.2509803921568627416, 0.2509803921568627416 ) ;
#3009 = VERTEX_POINT ( 'NONE', #3587 ) ;
#3010 = ADVANCED_FACE ( 'NONE', ( #2351 ), #4868, .T. ) ;
#3011 = DIRECTION ( 'NONE',  ( -1.000000000000000000, 0.000000000000000000, 0.000000000000000000 ) ) ;
#3012 = VECTOR ( 'NONE', #511, 1000.000000000000000 ) ;
#3013 = ORIENTED_EDGE ( 'NONE', *, *, #3114, .F. ) ;
#3014 =( LENGTH_UNIT ( ) NAMED_UNIT ( * ) SI_UNIT ( .MILLI., .METRE. ) );
#3015 = DIRECTION ( 'NONE',  ( -1.000000000000000000, 0.000000000000000000, 0.000000000000000000 ) ) ;
#3016 = STYLED_ITEM ( 'NONE', ( #3620 ), #5260 ) ;
#3017 = LINE ( 'NONE', #2655, #1003 ) ;
#3018 = VECTOR ( 'NONE', #1541, 1000.000000000000000 ) ;
#3019 = PRESENTATION_STYLE_ASSIGNMENT (( #1313 ) ) ;
#3020 = DIRECTION ( 'NONE',  ( 0.000000000000000000, 0.000000000000000000, 1.000000000000000000 ) ) ;
#3021 = PRESENTATION_STYLE_ASSIGNMENT (( #1715 ) ) ;
#3022 =( LENGTH_UNIT ( ) NAMED_UNIT ( * ) SI_UNIT ( .MILLI., .METRE. ) );
#3023 =( NAMED_UNIT ( * ) SI_UNIT ( $, .STERADIAN. ) SOLID_ANGLE_UNIT ( ) );
#3024 = ORIENTED_EDGE ( 'NONE', *, *, #4208, .F. ) ;
#3025 =( LENGTH_UNIT ( ) NAMED_UNIT ( * ) SI_UNIT ( .MILLI., .METRE. ) );
#3026 = EDGE_CURVE ( 'NONE', #1414, #4375, #737, .T. ) ;
#3027 = ADVANCED_FACE ( 'NONE', ( #1625 ), #315, .T. ) ;
#3028 = ORIENTED_EDGE ( 'NONE', *, *, #3982, .F. ) ;
#3029 = PLANE ( 'NONE',  #685 ) ;
#3030 = ORIENTED_EDGE ( 'NONE', *, *, #1748, .F. ) ;
#3031 = FILL_AREA_STYLE ('',( #1328 ) ) ;
#3032 = DIRECTION ( 'NONE',  ( 0.000000000000000000, -1.000000000000000000, 0.000000000000000000 ) ) ;
#3033 = SURFACE_STYLE_FILL_AREA ( #3418 ) ;
#3034 = ORIENTED_EDGE ( 'NONE', *, *, #2434, .T. ) ;
#3035 = EDGE_LOOP ( 'NONE', ( #718, #1138, #5016, #4777 ) ) ;
#3036 = ORIENTED_EDGE ( 'NONE', *, *, #1859, .F. ) ;
#3037 =( NAMED_UNIT ( * ) PLANE_ANGLE_UNIT ( ) SI_UNIT ( $, .RADIAN. ) );
#3038 = DIRECTION ( 'NONE',  ( 1.000000000000000000, 0.000000000000000000, 0.000000000000000000 ) ) ;
#3039 = SURFACE_STYLE_USAGE ( .BOTH. , #4788 ) ;
#3040 = DIRECTION ( 'NONE',  ( 0.000000000000000000, 0.000000000000000000, 1.000000000000000000 ) ) ;
#3041 = CARTESIAN_POINT ( 'NONE',  ( -1.153846153846141975, -2.247746697746650035, 5.814999999999999503 ) ) ;
#3042 = AXIS2_PLACEMENT_3D ( 'NONE', #3489, #5217, #3144 ) ;
#3043 = EDGE_CURVE ( 'NONE', #1568, #3098, #3306, .T. ) ;
#3044 = DIRECTION ( 'NONE',  ( 0.000000000000000000, 7.608436298143890073E-16, 1.000000000000000000 ) ) ;
#3045 = MECHANICAL_DESIGN_GEOMETRIC_PRESENTATION_REPRESENTATION (  '', ( #2238 ), #1532 ) ;
#3046 = UNCERTAINTY_MEASURE_WITH_UNIT (LENGTH_MEASURE( 1.000000000000000082E-05 ), #1676, 'distance_accuracy_value', 'NONE');
#3047 =( NAMED_UNIT ( * ) PLANE_ANGLE_UNIT ( ) SI_UNIT ( $, .RADIAN. ) );
#3048 = ORIENTED_EDGE ( 'NONE', *, *, #5095, .T. ) ;
#3049 = EDGE_LOOP ( 'NONE', ( #3825, #625, #4185, #1178 ) ) ;
#3050 = DIRECTION ( 'NONE',  ( -1.000000000000000000, 0.000000000000000000, 0.000000000000000000 ) ) ;
#3051 = PRESENTATION_LAYER_ASSIGNMENT (  '', '', ( #3317 ) ) ;
#3052 = SURFACE_SIDE_STYLE ('',( #1344 ) ) ;
#3053 = VERTEX_POINT ( 'NONE', #5435 ) ;
#3054 = LINE ( 'NONE', #87, #2370 ) ;
#3055 = AXIS2_PLACEMENT_3D ( 'NONE', #3895, #72, #574 ) ;
#3056 = EDGE_CURVE ( 'NONE', #3061, #3748, #3366, .T. ) ;
#3057 = LINE ( 'NONE', #448, #35 ) ;
#3058 = ORIENTED_EDGE ( 'NONE', *, *, #329, .T. ) ;
#3059 = LINE ( 'NONE', #911, #3806 ) ;
#3060 = COLOUR_RGB ( '',0.2509803921568627416, 0.2509803921568627416, 0.2509803921568627416 ) ;
#3061 = VERTEX_POINT ( 'NONE', #3661 ) ;
#3062 = EDGE_LOOP ( 'NONE', ( #3436, #2827, #2969, #1675 ) ) ;
#3063 = EDGE_CURVE ( 'NONE', #4586, #5433, #2917, .T. ) ;
#3064 = ORIENTED_EDGE ( 'NONE', *, *, #319, .T. ) ;
#3065 = EDGE_CURVE ( 'NONE', #124, #2614, #2011, .T. ) ;
#3066 = PLANE ( 'NONE',  #2717 ) ;
#3067 = STYLED_ITEM ( 'NONE', ( #2097 ), #2925 ) ;
#3068 = CARTESIAN_POINT ( 'NONE',  ( -1.277036423998930248, -7.119999999999999218, 1.515000000000000124 ) ) ;
#3069 = SURFACE_SIDE_STYLE ('',( #3896 ) ) ;
#3070 = DIRECTION ( 'NONE',  ( 0.000000000000000000, 0.000000000000000000, 1.000000000000000000 ) ) ;
#3071 = DIRECTION ( 'NONE',  ( 0.000000000000000000, 0.000000000000000000, -1.000000000000000000 ) ) ;
#3072 = DIRECTION ( 'NONE',  ( 1.000000000000000000, 0.000000000000000000, 0.000000000000000000 ) ) ;
#3073 = DIRECTION ( 'NONE',  ( 0.000000000000000000, 0.000000000000000000, -1.000000000000000000 ) ) ;
#3074 =( NAMED_UNIT ( * ) PLANE_ANGLE_UNIT ( ) SI_UNIT ( $, .RADIAN. ) );
#3075 = DIRECTION ( 'NONE',  ( 0.000000000000000000, 0.000000000000000000, 1.000000000000000000 ) ) ;
#3076 = VECTOR ( 'NONE', #2308, 1000.000000000000000 ) ;
#3077 = CARTESIAN_POINT ( 'NONE',  ( -1.520000000000000018, 5.083000000000000185, -4.065000000000000391 ) ) ;
#3078 = MECHANICAL_DESIGN_GEOMETRIC_PRESENTATION_REPRESENTATION (  '', ( #4224 ), #2803 ) ;
#3079 = FILL_AREA_STYLE_COLOUR ( '', #4735 ) ;
#3080 = VERTEX_POINT ( 'NONE', #3256 ) ;
#3081 = UNCERTAINTY_MEASURE_WITH_UNIT (LENGTH_MEASURE( 1.000000000000000082E-05 ), #1250, 'distance_accuracy_value', 'NONE');
#3082 =( NAMED_UNIT ( * ) PLANE_ANGLE_UNIT ( ) SI_UNIT ( $, .RADIAN. ) );
#3083 = FACE_OUTER_BOUND ( 'NONE', #4808, .T. ) ;
#3084 = STYLED_ITEM ( 'NONE', ( #4660 ), #327 ) ;
#3085 = STYLED_ITEM ( 'NONE', ( #3200 ), #3286 ) ;
#3086 = ORIENTED_EDGE ( 'NONE', *, *, #254, .T. ) ;
#3087 = CARTESIAN_POINT ( 'NONE',  ( 1.020000000000000018, 7.620000000000000107, -10.11746870376959961 ) ) ;
#3088 = LINE ( 'NONE', #3996, #5084 ) ;
#3089 = MECHANICAL_DESIGN_GEOMETRIC_PRESENTATION_REPRESENTATION (  '', ( #2807 ), #3968 ) ;
#3090 = AXIS2_PLACEMENT_3D ( 'NONE', #2289, #3991, #165 ) ;
#3091 = DIRECTION ( 'NONE',  ( 0.000000000000000000, -1.000000000000000000, -3.414809992080330502E-16 ) ) ;
#3092 = EDGE_LOOP ( 'NONE', ( #4884, #2668, #4257, #1639 ) ) ;
#3093 = FILL_AREA_STYLE ('',( #4806 ) ) ;
#3094 =( LENGTH_UNIT ( ) NAMED_UNIT ( * ) SI_UNIT ( .MILLI., .METRE. ) );
#3095 = PRODUCT_DEFINITION ( 'UNKNOWN', '', #968, #1691 ) ;
#3096 = COLOUR_RGB ( '',0.2509803921568627416, 0.2509803921568627416, 0.2509803921568627416 ) ;
#3097 = COLOUR_RGB ( '',0.7529411764705882248, 0.7529411764705882248, 0.7529411764705882248 ) ;
#3098 = VERTEX_POINT ( 'NONE', #3744 ) ;
#3099 = DIRECTION ( 'NONE',  ( -0.000000000000000000, 1.000000000000000000, 0.000000000000000000 ) ) ;
#3100 = VERTEX_POINT ( 'NONE', #5377 ) ;
#3101 = SURFACE_SIDE_STYLE ('',( #975 ) ) ;
#3102 =( NAMED_UNIT ( * ) PLANE_ANGLE_UNIT ( ) SI_UNIT ( $, .RADIAN. ) );
#3103 =( GEOMETRIC_REPRESENTATION_CONTEXT ( 3 ) GLOBAL_UNCERTAINTY_ASSIGNED_CONTEXT ( ( #1561 ) ) GLOBAL_UNIT_ASSIGNED_CONTEXT ( ( #771, #1183, #2529 ) ) REPRESENTATION_CONTEXT ( 'NONE', 'WORKASPACE' ) );
#3104 = COLOUR_RGB ( '',0.2509803921568627416, 0.2509803921568627416, 0.2509803921568627416 ) ;
#3105 =( LENGTH_UNIT ( ) NAMED_UNIT ( * ) SI_UNIT ( .MILLI., .METRE. ) );
#3106 = COLOUR_RGB ( '',0.2509803921568627416, 0.2509803921568627416, 0.2509803921568627416 ) ;
#3107 = ADVANCED_FACE ( 'NONE', ( #4622 ), #689, .F. ) ;
#3108 = EDGE_CURVE ( 'NONE', #280, #3383, #1697, .T. ) ;
#3109 = DIRECTION ( 'NONE',  ( 0.000000000000000000, -1.000000000000000000, 0.000000000000000000 ) ) ;
#3110 = LINE ( 'NONE', #2194, #2698 ) ;
#3111 = CARTESIAN_POINT ( 'NONE',  ( -1.538461538461525002, -2.247746697746650035, 5.814999999999999503 ) ) ;
#3112 =( GEOMETRIC_REPRESENTATION_CONTEXT ( 3 ) GLOBAL_UNCERTAINTY_ASSIGNED_CONTEXT ( ( #361 ) ) GLOBAL_UNIT_ASSIGNED_CONTEXT ( ( #5286, #3196, #4469 ) ) REPRESENTATION_CONTEXT ( 'NONE', 'WORKASPACE' ) );
#3113 = PRODUCT_DEFINITION_SHAPE ( 'NONE', 'NONE',  #3095 ) ;
#3114 = EDGE_CURVE ( 'NONE', #2559, #1171, #3057, .T. ) ;
#3115 = CARTESIAN_POINT ( 'NONE',  ( 0.9200000000000000400, -7.420000000000000817, 1.515000000000000124 ) ) ;
#3116 = CIRCLE ( 'NONE', #5231, 1.449999999999999956 ) ;
#3117 = SURFACE_STYLE_USAGE ( .BOTH. , #1433 ) ;
#3118 = SURFACE_STYLE_USAGE ( .BOTH. , #4328 ) ;
#3119 = FACE_OUTER_BOUND ( 'NONE', #4246, .T. ) ;
#3120 = ADVANCED_FACE ( 'NONE', ( #3414 ), #1241, .T. ) ;
#3121 =( GEOMETRIC_REPRESENTATION_CONTEXT ( 3 ) GLOBAL_UNCERTAINTY_ASSIGNED_CONTEXT ( ( #2601 ) ) GLOBAL_UNIT_ASSIGNED_CONTEXT ( ( #1634, #813, #1225 ) ) REPRESENTATION_CONTEXT ( 'NONE', 'WORKASPACE' ) );
#3122 = ORIENTED_EDGE ( 'NONE', *, *, #5358, .T. ) ;
#3123 = DIRECTION ( 'NONE',  ( 0.000000000000000000, 0.000000000000000000, -1.000000000000000000 ) ) ;
#3124 = CARTESIAN_POINT ( 'NONE',  ( -2.160000000000000142, -5.120000000000000107, -16.22427834969624882 ) ) ;
#3125 = CARTESIAN_POINT ( 'NONE',  ( -1.153846153846141975, -1.863131313131265010, 5.814999999999999503 ) ) ;
#3126 = CARTESIAN_POINT ( 'NONE',  ( 1.520000000000000018, -8.419999999999999929, 1.015000000000000124 ) ) ;
#3127 = VERTEX_POINT ( 'NONE', #826 ) ;
#3128 = DIRECTION ( 'NONE',  ( 1.000000000000000000, 0.000000000000000000, 0.000000000000000000 ) ) ;
#3129 = ORIENTED_EDGE ( 'NONE', *, *, #2051, .T. ) ;
#3130 = SURFACE_STYLE_USAGE ( .BOTH. , #3980 ) ;
#3131 =( LENGTH_UNIT ( ) NAMED_UNIT ( * ) SI_UNIT ( .MILLI., .METRE. ) );
#3132 = FILL_AREA_STYLE ('',( #2303 ) ) ;
#3133 = EDGE_CURVE ( 'NONE', #2115, #3282, #4744, .T. ) ;
#3134 = ADVANCED_FACE ( 'NONE', ( #1347 ), #4304, .T. ) ;
#3135 = DIRECTION ( 'NONE',  ( 0.000000000000000000, -1.000000000000000000, 0.000000000000000000 ) ) ;
#3136 = SURFACE_STYLE_FILL_AREA ( #2599 ) ;
#3137 = DIRECTION ( 'NONE',  ( 1.000000000000000000, 0.000000000000000000, 0.000000000000000000 ) ) ;
#3138 = STYLED_ITEM ( 'NONE', ( #3640 ), #1653 ) ;
#3139 = EDGE_CURVE ( 'NONE', #918, #3172, #3002, .T. ) ;
#3140 = PLANE ( 'NONE',  #3607 ) ;
#3141 = LINE ( 'NONE', #646, #1224 ) ;
#3142 = CIRCLE ( 'NONE', #3042, 1.449999999999999956 ) ;
#3143 = DIRECTION ( 'NONE',  ( 0.000000000000000000, 0.000000000000000000, 1.000000000000000000 ) ) ;
#3144 = DIRECTION ( 'NONE',  ( 0.000000000000000000, 1.000000000000000000, 5.981805089575197183E-16 ) ) ;
#3146 = EDGE_LOOP ( 'NONE', ( #1752, #1961, #4752, #3367 ) ) ;
#3145 = SURFACE_STYLE_FILL_AREA ( #5188 ) ;
#3147 = ORIENTED_EDGE ( 'NONE', *, *, #2330, .F. ) ;
#3148 = AXIS2_PLACEMENT_3D ( 'NONE', #4927, #3216, #1988 ) ;
#3149 =( NAMED_UNIT ( * ) SI_UNIT ( $, .STERADIAN. ) SOLID_ANGLE_UNIT ( ) );
#3150 = VERTEX_POINT ( 'NONE', #2171 ) ;
#3151 = FILL_AREA_STYLE_COLOUR ( '', #589 ) ;
#3152 = ORIENTED_EDGE ( 'NONE', *, *, #5160, .T. ) ;
#3153 = COLOUR_RGB ( '',0.7529411764705882248, 0.7529411764705882248, 0.7529411764705882248 ) ;
#3154 = VERTEX_POINT ( 'NONE', #224 ) ;
#3155 = LINE ( 'NONE', #1426, #4511 ) ;
#3156 = LINE ( 'NONE', #5307, #735 ) ;
#3157 = VECTOR ( 'NONE', #1180, 1000.000000000000000 ) ;
#3158 = LINE ( 'NONE', #1511, #5096 ) ;
#3159 = CARTESIAN_POINT ( 'NONE',  ( -1.243589743589730068, -2.542618492618445192, 5.714999999999999858 ) ) ;
#3160 = CARTESIAN_POINT ( 'NONE',  ( -1.520000000000000018, -6.412893218813461083, -1.025000000000000133 ) ) ;
#3161 = DIRECTION ( 'NONE',  ( -4.336808689942020201E-16, 1.000000000000000000, 0.000000000000000000 ) ) ;
#3162 = DIRECTION ( 'NONE',  ( 1.000000000000000000, 0.000000000000000000, 0.000000000000000000 ) ) ;
#3163 = EDGE_CURVE ( 'NONE', #2623, #8, #3941, .T. ) ;
#3164 = EDGE_CURVE ( 'NONE', #3009, #760, #199, .T. ) ;
#3165 = STYLED_ITEM ( 'NONE', ( #4355 ), #2936 ) ;
#3166 = DIRECTION ( 'NONE',  ( 0.000000000000000000, -1.000000000000000000, 0.000000000000000000 ) ) ;
#3167 = PRESENTATION_STYLE_ASSIGNMENT (( #1416 ) ) ;
#3168 = CARTESIAN_POINT ( 'NONE',  ( -1.277036423998930248, -7.119999999999999218, 1.015000000000000124 ) ) ;
#3169 = COLOUR_RGB ( '',0.2509803921568627416, 0.2509803921568627416, 0.2509803921568627416 ) ;
#3170 =( NAMED_UNIT ( * ) SI_UNIT ( $, .STERADIAN. ) SOLID_ANGLE_UNIT ( ) );
#3171 = PLANE ( 'NONE',  #5216 ) ;
#3172 = VERTEX_POINT ( 'NONE', #5267 ) ;
#3173 = PRESENTATION_STYLE_ASSIGNMENT (( #1442 ) ) ;
#3174 = ORIENTED_EDGE ( 'NONE', *, *, #3704, .F. ) ;
#3175 = ORIENTED_EDGE ( 'NONE', *, *, #2779, .F. ) ;
#3176 = VECTOR ( 'NONE', #3044, 1000.000000000000000 ) ;
#3177 = FILL_AREA_STYLE_COLOUR ( '', #3184 ) ;
#3178 = AXIS2_PLACEMENT_3D ( 'NONE', #1631, #1985, #3398 ) ;
#3179 = SURFACE_STYLE_USAGE ( .BOTH. , #1476 ) ;
#3180 =( GEOMETRIC_REPRESENTATION_CONTEXT ( 3 ) GLOBAL_UNCERTAINTY_ASSIGNED_CONTEXT ( ( #1670 ) ) GLOBAL_UNIT_ASSIGNED_CONTEXT ( ( #873, #1314, #418 ) ) REPRESENTATION_CONTEXT ( 'NONE', 'WORKASPACE' ) );
#3181 = STYLED_ITEM ( 'NONE', ( #5180 ), #409 ) ;
#3182 = PRESENTATION_LAYER_ASSIGNMENT (  '', '', ( #2556 ) ) ;
#3183 = PRESENTATION_LAYER_ASSIGNMENT (  '', '', ( #4692 ) ) ;
#3184 = COLOUR_RGB ( '',0.2509803921568627416, 0.2509803921568627416, 0.2509803921568627416 ) ;
#3185 = FILL_AREA_STYLE ('',( #4063 ) ) ;
#3186 = VECTOR ( 'NONE', #991, 1000.000000000000000 ) ;
#3187 = MECHANICAL_DESIGN_GEOMETRIC_PRESENTATION_REPRESENTATION (  '', ( #4611 ), #774 ) ;
#3188 = PLANE ( 'NONE',  #2741 ) ;
#3189 = DIRECTION ( 'NONE',  ( 0.000000000000000000, 0.000000000000000000, -1.000000000000000000 ) ) ;
#3190 = CARTESIAN_POINT ( 'NONE',  ( -1.277036423998930248, 4.583000000000000185, -3.564999999999999947 ) ) ;
#3191 = VECTOR ( 'NONE', #3123, 1000.000000000000000 ) ;
#3192 = VECTOR ( 'NONE', #1464, 1000.000000000000000 ) ;
#3193 = LINE ( 'NONE', #3160, #2890 ) ;
#3194 = COLOUR_RGB ( '',0.7529411764705882248, 0.7529411764705882248, 0.7529411764705882248 ) ;
#3195 =( LENGTH_UNIT ( ) NAMED_UNIT ( * ) SI_UNIT ( .MILLI., .METRE. ) );
#3196 =( NAMED_UNIT ( * ) PLANE_ANGLE_UNIT ( ) SI_UNIT ( $, .RADIAN. ) );
#3197 = APPLICATION_CONTEXT ( 'automotive_design' ) ;
#3198 = FILL_AREA_STYLE_COLOUR ( '', #1922 ) ;
#3199 = DIRECTION ( 'NONE',  ( -1.000000000000000000, 0.000000000000000000, 0.000000000000000000 ) ) ;
#3201 = ORIENTED_EDGE ( 'NONE', *, *, #4657, .T. ) ;
#3200 = PRESENTATION_STYLE_ASSIGNMENT (( #1886 ) ) ;
#3202 = EDGE_LOOP ( 'NONE', ( #3232, #3058, #5271, #3230, #1072 ) ) ;
#3203 = EDGE_CURVE ( 'NONE', #971, #3828, #1924, .T. ) ;
#3204 =( NAMED_UNIT ( * ) PLANE_ANGLE_UNIT ( ) SI_UNIT ( $, .RADIAN. ) );
#3205 = SURFACE_STYLE_FILL_AREA ( #1520 ) ;
#3206 = ORIENTED_EDGE ( 'NONE', *, *, #5313, .F. ) ;
#3207 = UNCERTAINTY_MEASURE_WITH_UNIT (LENGTH_MEASURE( 1.000000000000000082E-05 ), #4139, 'distance_accuracy_value', 'NONE');
#3208 = PRESENTATION_STYLE_ASSIGNMENT (( #1930 ) ) ;
#3209 = VERTEX_POINT ( 'NONE', #597 ) ;
#3210 = ORIENTED_EDGE ( 'NONE', *, *, #1190, .T. ) ;
#3211 = ORIENTED_EDGE ( 'NONE', *, *, #3772, .T. ) ;
#3212 = FILL_AREA_STYLE ('',( #2800 ) ) ;
#3213 = DIRECTION ( 'NONE',  ( 0.000000000000000000, 0.000000000000000000, -1.000000000000000000 ) ) ;
#3214 = DIRECTION ( 'NONE',  ( 0.000000000000000000, 1.000000000000000000, 5.981805089575197183E-16 ) ) ;
#3215 = LINE ( 'NONE', #216, #3599 ) ;
#3216 = DIRECTION ( 'NONE',  ( 0.000000000000000000, 0.000000000000000000, -1.000000000000000000 ) ) ;
#3217 = EDGE_CURVE ( 'NONE', #4701, #4375, #4398, .T. ) ;
#3218 = CARTESIAN_POINT ( 'NONE',  ( 1.520000000000000018, -6.412893218813461083, 1.015000000000000124 ) ) ;
#3219 = SURFACE_STYLE_FILL_AREA ( #3598 ) ;
#3220 = COLOUR_RGB ( '',0.7529411764705882248, 0.7529411764705882248, 0.7529411764705882248 ) ;
#3221 = PRESENTATION_STYLE_ASSIGNMENT (( #4963 ) ) ;
#3222 = DIRECTION ( 'NONE',  ( 0.000000000000000000, 1.138269997360109921E-16, -1.000000000000000000 ) ) ;
#3223 = ORIENTED_EDGE ( 'NONE', *, *, #4259, .T. ) ;
#3224 = ORIENTED_EDGE ( 'NONE', *, *, #978, .F. ) ;
#3225 =( LENGTH_UNIT ( ) NAMED_UNIT ( * ) SI_UNIT ( .MILLI., .METRE. ) );
#3226 = SURFACE_SIDE_STYLE ('',( #3205 ) ) ;
#3227 = VECTOR ( 'NONE', #5426, 1000.000000000000000 ) ;
#3228 =( NAMED_UNIT ( * ) SI_UNIT ( $, .STERADIAN. ) SOLID_ANGLE_UNIT ( ) );
#3229 = ORIENTED_EDGE ( 'NONE', *, *, #3203, .T. ) ;
#3230 = ORIENTED_EDGE ( 'NONE', *, *, #1207, .F. ) ;
#3231 = VECTOR ( 'NONE', #5391, 1000.000000000000000 ) ;
#3232 = ORIENTED_EDGE ( 'NONE', *, *, #1133, .T. ) ;
#3233 = SURFACE_SIDE_STYLE ('',( #4841 ) ) ;
#3234 = CARTESIAN_POINT ( 'NONE',  ( 0.000000000000000000, 0.002999999999999389873, 6.884999999999999787 ) ) ;
#3235 = CARTESIAN_POINT ( 'NONE',  ( 1.576923076923089972, -2.363131313131250355, 5.814999999999999503 ) ) ;
#3236 = ADVANCED_FACE ( 'NONE', ( #2237 ), #4830, .F. ) ;
#3237 = UNCERTAINTY_MEASURE_WITH_UNIT (LENGTH_MEASURE( 1.000000000000000082E-05 ), #3284, 'distance_accuracy_value', 'NONE');
#3238 = EDGE_CURVE ( 'NONE', #3127, #4822, #4883, .T. ) ;
#3239 =( NAMED_UNIT ( * ) PLANE_ANGLE_UNIT ( ) SI_UNIT ( $, .RADIAN. ) );
#3240 =( LENGTH_UNIT ( ) NAMED_UNIT ( * ) SI_UNIT ( .MILLI., .METRE. ) );
#3241 = VECTOR ( 'NONE', #395, 1000.000000000000000 ) ;
#3242 = LINE ( 'NONE', #700, #4677 ) ;
#3243 = SURFACE_STYLE_USAGE ( .BOTH. , #701 ) ;
#3244 =( LENGTH_UNIT ( ) NAMED_UNIT ( * ) SI_UNIT ( .MILLI., .METRE. ) );
#3245 =( NAMED_UNIT ( * ) PLANE_ANGLE_UNIT ( ) SI_UNIT ( $, .RADIAN. ) );
#3246 = DIRECTION ( 'NONE',  ( 0.000000000000000000, 1.000000000000000000, 0.000000000000000000 ) ) ;
#3247 = SURFACE_STYLE_USAGE ( .BOTH. , #3714 ) ;
#3248 = ORIENTED_EDGE ( 'NONE', *, *, #1965, .T. ) ;
#3249 = VERTEX_POINT ( 'NONE', #4776 ) ;
#3250 = DIRECTION ( 'NONE',  ( 0.000000000000000000, 0.000000000000000000, -1.000000000000000000 ) ) ;
#3251 = CARTESIAN_POINT ( 'NONE',  ( 1.020000000000000018, 7.620000000000000107, -10.11746870376959961 ) ) ;
#3252 = LINE ( 'NONE', #3440, #1740 ) ;
#3253 =( NAMED_UNIT ( * ) PLANE_ANGLE_UNIT ( ) SI_UNIT ( $, .RADIAN. ) );
#3254 = VERTEX_POINT ( 'NONE', #4857 ) ;
#3255 = DIRECTION ( 'NONE',  ( 0.000000000000000000, -1.000000000000000000, 0.000000000000000000 ) ) ;
#3256 = CARTESIAN_POINT ( 'NONE',  ( 1.520000000000000018, -8.419999999999999929, 1.515000000000000124 ) ) ;
#3257 = SURFACE_STYLE_FILL_AREA ( #2658 ) ;
#3258 = VECTOR ( 'NONE', #3091, 1000.000000000000000 ) ;
#3259 = CARTESIAN_POINT ( 'NONE',  ( 1.449999999999999956, -5.076999999999999957, 5.714999999999999858 ) ) ;
#3260 = COLOUR_RGB ( '',0.7529411764705882248, 0.7529411764705882248, 0.7529411764705882248 ) ;
#3261 = MECHANICAL_DESIGN_GEOMETRIC_PRESENTATION_REPRESENTATION (  '', ( #1821 ), #1731 ) ;
#3262 = AXIS2_PLACEMENT_3D ( 'NONE', #1033, #5316, #1907 ) ;
#3263 = PRESENTATION_LAYER_ASSIGNMENT (  '', '', ( #138 ) ) ;
#3264 = EDGE_CURVE ( 'NONE', #3943, #5347, #1015, .T. ) ;
#3265 = EDGE_CURVE ( 'NONE', #974, #205, #965, .T. ) ;
#3266 = AXIS2_PLACEMENT_3D ( 'NONE', #1707, #3015, #4406 ) ;
#3267 = AXIS2_PLACEMENT_3D ( 'NONE', #1767, #1025, #3505 ) ;
#3268 = CARTESIAN_POINT ( 'NONE',  ( -1.020000000000000018, -7.119999999999999218, -10.11746870376959961 ) ) ;
#3269 = SURFACE_STYLE_FILL_AREA ( #4011 ) ;
#3270 = DIRECTION ( 'NONE',  ( 1.000000000000000000, 0.000000000000000000, 0.000000000000000000 ) ) ;
#3271 = AXIS2_PLACEMENT_3D ( 'NONE', #3309, #1212, #742 ) ;
#3272 = VECTOR ( 'NONE', #447, 1000.000000000000000 ) ;
#3273 = STYLED_ITEM ( 'NONE', ( #3972 ), #4153 ) ;
#3274 = CARTESIAN_POINT ( 'NONE',  ( 1.520000000000000018, 5.083000000000000185, -4.065000000000000391 ) ) ;
#3275 =( GEOMETRIC_REPRESENTATION_CONTEXT ( 3 ) GLOBAL_UNCERTAINTY_ASSIGNED_CONTEXT ( ( #2900 ) ) GLOBAL_UNIT_ASSIGNED_CONTEXT ( ( #4046, #4809, #3228 ) ) REPRESENTATION_CONTEXT ( 'NONE', 'WORKASPACE' ) );
#3276 = DIRECTION ( 'NONE',  ( 0.000000000000000000, 0.000000000000000000, -1.000000000000000000 ) ) ;
#3277 = VERTEX_POINT ( 'NONE', #2715 ) ;
#3278 = EDGE_CURVE ( 'NONE', #2137, #2591, #3695, .T. ) ;
#3279 = SURFACE_STYLE_FILL_AREA ( #4096 ) ;
#3280 =( GEOMETRIC_REPRESENTATION_CONTEXT ( 3 ) GLOBAL_UNCERTAINTY_ASSIGNED_CONTEXT ( ( #2941 ) ) GLOBAL_UNIT_ASSIGNED_CONTEXT ( ( #1435, #166, #4902 ) ) REPRESENTATION_CONTEXT ( 'NONE', 'WORKASPACE' ) );
#3281 = ORIENTED_EDGE ( 'NONE', *, *, #1452, .T. ) ;
#3282 = VERTEX_POINT ( 'NONE', #1862 ) ;
#3283 = SURFACE_SIDE_STYLE ('',( #767 ) ) ;
#3284 =( LENGTH_UNIT ( ) NAMED_UNIT ( * ) SI_UNIT ( .MILLI., .METRE. ) );
#3285 = PRESENTATION_STYLE_ASSIGNMENT (( #4645 ) ) ;
#3286 = ADVANCED_FACE ( 'NONE', ( #4802 ), #989, .T. ) ;
#3287 = DIRECTION ( 'NONE',  ( 0.000000000000000000, 0.000000000000000000, 1.000000000000000000 ) ) ;
#3288 = ORIENTED_EDGE ( 'NONE', *, *, #5245, .F. ) ;
#3289 = PRESENTATION_STYLE_ASSIGNMENT (( #2479 ) ) ;
#3290 = LINE ( 'NONE', #2954, #839 ) ;
#3291 = CARTESIAN_POINT ( 'NONE',  ( -1.243589743589730068, -1.863131313131265010, 5.814999999999999503 ) ) ;
#3292 = FILL_AREA_STYLE_COLOUR ( '', #5314 ) ;
#3293 = DIRECTION ( 'NONE',  ( 0.000000000000000000, 0.000000000000000000, -1.000000000000000000 ) ) ;
#3294 = UNCERTAINTY_MEASURE_WITH_UNIT (LENGTH_MEASURE( 1.000000000000000082E-05 ), #3244, 'distance_accuracy_value', 'NONE');
#3295 = CARTESIAN_POINT ( 'NONE',  ( 0.000000000000000000, 0.002999999999999529952, 5.714999999999999858 ) ) ;
#3296 = EDGE_CURVE ( 'NONE', #2645, #229, #729, .T. ) ;
#3297 = EDGE_CURVE ( 'NONE', #1239, #1438, #4964, .T. ) ;
#3298 = LINE ( 'NONE', #4553, #450 ) ;
#3299 = VERTEX_POINT ( 'NONE', #2986 ) ;
#3300 = EDGE_LOOP ( 'NONE', ( #2428, #3971, #730, #4215 ) ) ;
#3301 = LINE ( 'NONE', #3251, #3523 ) ;
#3302 = SURFACE_SIDE_STYLE ('',( #310 ) ) ;
#3303 = ORIENTED_EDGE ( 'NONE', *, *, #2456, .F. ) ;
#3304 = EDGE_CURVE ( 'NONE', #4312, #2406, #4268, .T. ) ;
#3305 = SURFACE_SIDE_STYLE ('',( #3638 ) ) ;
#3306 = LINE ( 'NONE', #1575, #577 ) ;
#3307 = PLANE ( 'NONE',  #1792 ) ;
#3308 = LINE ( 'NONE', #5436, #5473 ) ;
#3309 = CARTESIAN_POINT ( 'NONE',  ( -1.277036423998930248, -11.11999999999999922, -10.11746870376959961 ) ) ;
#3310 = EDGE_CURVE ( 'NONE', #4286, #2431, #2575, .T. ) ;
#3311 = DIRECTION ( 'NONE',  ( -0.000000000000000000, 1.000000000000000000, 0.000000000000000000 ) ) ;
#3312 = ORIENTED_EDGE ( 'NONE', *, *, #4008, .T. ) ;
#3313 = PLANE ( 'NONE',  #1797 ) ;
#3314 = DIRECTION ( 'NONE',  ( 0.000000000000000000, -1.000000000000000000, 0.000000000000000000 ) ) ;
#3315 = PRESENTATION_STYLE_ASSIGNMENT (( #1163 ) ) ;
#3316 = FILL_AREA_STYLE ('',( #2956 ) ) ;
#3317 = STYLED_ITEM ( 'NONE', ( #243 ), #2458 ) ;
#3318 = VECTOR ( 'NONE', #3621, 1000.000000000000000 ) ;
#3319 =( LENGTH_UNIT ( ) NAMED_UNIT ( * ) SI_UNIT ( .MILLI., .METRE. ) );
#3320 = PRODUCT_RELATED_PRODUCT_CATEGORY ( 'part', '', ( #1142 ) ) ;
#3321 = LINE ( 'NONE', #3218, #4510 ) ;
#3322 = SURFACE_SIDE_STYLE ('',( #1945 ) ) ;
#3323 = FILL_AREA_STYLE_COLOUR ( '', #3426 ) ;
#3324 = COLOUR_RGB ( '',0.2509803921568627416, 0.2509803921568627416, 0.2509803921568627416 ) ;
#3325 = CARTESIAN_POINT ( 'NONE',  ( 1.750000000000000000, -7.119999999999999218, -16.22427834969624882 ) ) ;
#3326 = ORIENTED_EDGE ( 'NONE', *, *, #1293, .T. ) ;
#3327 = VERTEX_POINT ( 'NONE', #2791 ) ;
#3328 = FACE_OUTER_BOUND ( 'NONE', #5075, .T. ) ;
#3329 = UNCERTAINTY_MEASURE_WITH_UNIT (LENGTH_MEASURE( 1.000000000000000082E-05 ), #2143, 'distance_accuracy_value', 'NONE');
#3330 = FILL_AREA_STYLE_COLOUR ( '', #5043 ) ;
#3331 = EDGE_CURVE ( 'NONE', #1640, #4351, #4554, .T. ) ;
#3332 = EDGE_CURVE ( 'NONE', #1813, #1261, #274, .T. ) ;
#3333 = SURFACE_SIDE_STYLE ('',( #3764 ) ) ;
#3334 = PRESENTATION_LAYER_ASSIGNMENT (  '', '', ( #4491 ) ) ;
#3335 = ORIENTED_EDGE ( 'NONE', *, *, #4826, .F. ) ;
#3336 =( NAMED_UNIT ( * ) SI_UNIT ( $, .STERADIAN. ) SOLID_ANGLE_UNIT ( ) );
#3337 = SURFACE_SIDE_STYLE ('',( #4539 ) ) ;
#3338 = LINE ( 'NONE', #5026, #375 ) ;
#3339 = FILL_AREA_STYLE ('',( #342 ) ) ;
#3340 = ORIENTED_EDGE ( 'NONE', *, *, #5176, .T. ) ;
#3341 = FILL_AREA_STYLE_COLOUR ( '', #1563 ) ;
#3342 = DIRECTION ( 'NONE',  ( 0.000000000000000000, 0.000000000000000000, -1.000000000000000000 ) ) ;
#3343 =( LENGTH_UNIT ( ) NAMED_UNIT ( * ) SI_UNIT ( .MILLI., .METRE. ) );
#3344 = DIRECTION ( 'NONE',  ( 0.000000000000000000, -1.000000000000000000, 0.000000000000000000 ) ) ;
#3345 =( NAMED_UNIT ( * ) PLANE_ANGLE_UNIT ( ) SI_UNIT ( $, .RADIAN. ) );
#3346 = VECTOR ( 'NONE', #2690, 1000.000000000000000 ) ;
#3347 = VECTOR ( 'NONE', #1839, 1000.000000000000000 ) ;
#3348 = PRESENTATION_LAYER_ASSIGNMENT (  '', '', ( #399 ) ) ;
#3349 =( NAMED_UNIT ( * ) PLANE_ANGLE_UNIT ( ) SI_UNIT ( $, .RADIAN. ) );
#3350 = UNCERTAINTY_MEASURE_WITH_UNIT (LENGTH_MEASURE( 1.000000000000000082E-05 ), #2931, 'distance_accuracy_value', 'NONE');
#3351 = AXIS2_PLACEMENT_3D ( 'NONE', #2070, #5048, #2935 ) ;
#3352 = AXIS2_PLACEMENT_3D ( 'NONE', #3504, #491, #1766 ) ;
#3353 = COLOUR_RGB ( '',0.7529411764705882248, 0.7529411764705882248, 0.7529411764705882248 ) ;
#3354 = UNCERTAINTY_MEASURE_WITH_UNIT (LENGTH_MEASURE( 1.000000000000000082E-05 ), #4358, 'distance_accuracy_value', 'NONE');
#3355 = DIRECTION ( 'NONE',  ( 0.000000000000000000, 0.000000000000000000, 1.000000000000000000 ) ) ;
#3356 = VECTOR ( 'NONE', #239, 1000.000000000000000 ) ;
#3357 = VECTOR ( 'NONE', #2821, 1000.000000000000000 ) ;
#3358 = PRESENTATION_LAYER_ASSIGNMENT (  '', '', ( #2651 ) ) ;
#3359 = ORIENTED_EDGE ( 'NONE', *, *, #61, .F. ) ;
#3360 = ORIENTED_EDGE ( 'NONE', *, *, #883, .T. ) ;
#3361 = FILL_AREA_STYLE ('',( #1175 ) ) ;
#3362 = AXIS2_PLACEMENT_3D ( 'NONE', #2914, #4182, #363 ) ;
#3363 = ORIENTED_EDGE ( 'NONE', *, *, #4818, .T. ) ;
#3364 = EDGE_CURVE ( 'NONE', #4617, #2677, #872, .T. ) ;
#3365 = EDGE_CURVE ( 'NONE', #1286, #3748, #249, .T. ) ;
#3366 = LINE ( 'NONE', #3691, #1105 ) ;
#3367 = ORIENTED_EDGE ( 'NONE', *, *, #3310, .T. ) ;
#3368 = PRESENTATION_LAYER_ASSIGNMENT (  '', '', ( #240 ) ) ;
#3369 = LINE ( 'NONE', #5462, #2288 ) ;
#3370 = FACE_OUTER_BOUND ( 'NONE', #2686, .T. ) ;
#3371 = AXIS2_PLACEMENT_3D ( 'NONE', #3125, #2267, #149 ) ;
#3372 =( NAMED_UNIT ( * ) PLANE_ANGLE_UNIT ( ) SI_UNIT ( $, .RADIAN. ) );
#3373 = ORIENTED_EDGE ( 'NONE', *, *, #3364, .F. ) ;
#3374 =( NAMED_UNIT ( * ) SI_UNIT ( $, .STERADIAN. ) SOLID_ANGLE_UNIT ( ) );
#3375 = PRESENTATION_STYLE_ASSIGNMENT (( #4571 ) ) ;
#3376 = DIRECTION ( 'NONE',  ( 0.000000000000000000, 1.000000000000000000, 0.000000000000000000 ) ) ;
#3377 = CARTESIAN_POINT ( 'NONE',  ( -1.520000000000000018, -11.11999999999999922, 1.515000000000000124 ) ) ;
#3378 = SPHERICAL_SURFACE ( 'NONE', #2780, 1.449999999999999956 ) ;
#3379 = FILL_AREA_STYLE ('',( #2511 ) ) ;
#3380 = DIRECTION ( 'NONE',  ( 0.000000000000000000, 0.000000000000000000, -1.000000000000000000 ) ) ;
#3381 = ADVANCED_FACE ( 'NONE', ( #3629 ), #2963, .T. ) ;
#3382 = PLANE ( 'NONE',  #1078 ) ;
#3383 = VERTEX_POINT ( 'NONE', #5345 ) ;
#3384 = ORIENTED_EDGE ( 'NONE', *, *, #5291, .T. ) ;
#3385 =( NAMED_UNIT ( * ) PLANE_ANGLE_UNIT ( ) SI_UNIT ( $, .RADIAN. ) );
#3386 = UNCERTAINTY_MEASURE_WITH_UNIT (LENGTH_MEASURE( 1.000000000000000082E-05 ), #5184, 'distance_accuracy_value', 'NONE');
#3387 = SURFACE_SIDE_STYLE ('',( #2663 ) ) ;
#3388 = VERTEX_POINT ( 'NONE', #1830 ) ;
#3389 = FILL_AREA_STYLE_COLOUR ( '', #4501 ) ;
#3390 = CARTESIAN_POINT ( 'NONE',  ( 1.750000000000000000, -0.3723944653317539655, 2.295000000000000373 ) ) ;
#3391 = DIRECTION ( 'NONE',  ( 1.000000000000000000, 0.000000000000000000, 1.734723475976810053E-15 ) ) ;
#3392 = CARTESIAN_POINT ( 'NONE',  ( -3.966440926441800130, -7.420000000000000817, 1.015000000000000124 ) ) ;
#3393 = ORIENTED_EDGE ( 'NONE', *, *, #1920, .F. ) ;
#3394 = ORIENTED_EDGE ( 'NONE', *, *, #456, .F. ) ;
#3395 = VECTOR ( 'NONE', #4086, 1000.000000000000000 ) ;
#3396 = ORIENTED_EDGE ( 'NONE', *, *, #2022, .F. ) ;
#3397 = CARTESIAN_POINT ( 'NONE',  ( 1.020000000000000018, 5.083000000000000185, -3.564999999999999947 ) ) ;
#3398 = DIRECTION ( 'NONE',  ( 0.000000000000000000, 1.000000000000000000, 0.000000000000000000 ) ) ;
#3399 = UNCERTAINTY_MEASURE_WITH_UNIT (LENGTH_MEASURE( 1.000000000000000082E-05 ), #4177, 'distance_accuracy_value', 'NONE');
#3400 = EDGE_CURVE ( 'NONE', #4047, #2082, #3543, .T. ) ;
#3401 = EDGE_CURVE ( 'NONE', #1151, #2463, #1364, .T. ) ;
#3402 = DIRECTION ( 'NONE',  ( 0.000000000000000000, 0.000000000000000000, -1.000000000000000000 ) ) ;
#3403 = DIRECTION ( 'NONE',  ( 0.000000000000000000, -1.000000000000000000, 0.000000000000000000 ) ) ;
#3404 = FILL_AREA_STYLE ('',( #335 ) ) ;
#3405 = SURFACE_SIDE_STYLE ('',( #2073 ) ) ;
#3406 = LINE ( 'NONE', #2516, #4646 ) ;
#3407 = EDGE_LOOP ( 'NONE', ( #1275, #1729 ) ) ;
#3408 = EDGE_LOOP ( 'NONE', ( #1319, #1756, #4644, #5492, #1248, #4534, #3688, #4180 ) ) ;
#3409 = MECHANICAL_DESIGN_GEOMETRIC_PRESENTATION_REPRESENTATION (  '', ( #4300 ), #1084 ) ;
#3410 = LINE ( 'NONE', #3909, #1641 ) ;
#3411 = ADVANCED_FACE ( 'NONE', ( #2597 ), #4816, .T. ) ;
#3412 = COLOUR_RGB ( '',0.7529411764705882248, 0.7529411764705882248, 0.7529411764705882248 ) ;
#3413 = EDGE_LOOP ( 'NONE', ( #2696, #306, #3631, #1019, #3281 ) ) ;
#3414 = FACE_OUTER_BOUND ( 'NONE', #4049, .T. ) ;
#3415 = ORIENTED_EDGE ( 'NONE', *, *, #5160, .F. ) ;
#3416 = SURFACE_SIDE_STYLE ('',( #3826 ) ) ;
#3417 = SURFACE_STYLE_FILL_AREA ( #3827 ) ;
#3418 = FILL_AREA_STYLE ('',( #1353 ) ) ;
#3419 =( GEOMETRIC_REPRESENTATION_CONTEXT ( 3 ) GLOBAL_UNCERTAINTY_ASSIGNED_CONTEXT ( ( #1880 ) ) GLOBAL_UNIT_ASSIGNED_CONTEXT ( ( #4583, #5453, #1237 ) ) REPRESENTATION_CONTEXT ( 'NONE', 'WORKASPACE' ) );
#3420 = ORIENTED_EDGE ( 'NONE', *, *, #4982, .T. ) ;
#3421 = CARTESIAN_POINT ( 'NONE',  ( 2.160000000000000142, 7.620000000000000107, -5.714999999999999858 ) ) ;
#3422 = VERTEX_POINT ( 'NONE', #4409 ) ;
#3423 = PRESENTATION_STYLE_ASSIGNMENT (( #2219 ) ) ;
#3424 = PRESENTATION_STYLE_ASSIGNMENT (( #1360 ) ) ;
#3425 = FILL_AREA_STYLE_COLOUR ( '', #5382 ) ;
#3426 = COLOUR_RGB ( '',0.2509803921568627416, 0.2509803921568627416, 0.2509803921568627416 ) ;
#3427 =( GEOMETRIC_REPRESENTATION_CONTEXT ( 3 ) GLOBAL_UNCERTAINTY_ASSIGNED_CONTEXT ( ( #4946 ) ) GLOBAL_UNIT_ASSIGNED_CONTEXT ( ( #4458, #4405, #155 ) ) REPRESENTATION_CONTEXT ( 'NONE', 'WORKASPACE' ) );
#3428 =( NAMED_UNIT ( * ) PLANE_ANGLE_UNIT ( ) SI_UNIT ( $, .RADIAN. ) );
#3429 = EDGE_CURVE ( 'NONE', #822, #4218, #2224, .T. ) ;
#3430 = EDGE_CURVE ( 'NONE', #2316, #3209, #1711, .T. ) ;
#3431 = VECTOR ( 'NONE', #1427, 1000.000000000000000 ) ;
#3432 = CARTESIAN_POINT ( 'NONE',  ( 1.192307692307703837, -2.363131313131250355, 5.714999999999999858 ) ) ;
#3433 = VECTOR ( 'NONE', #5477, 1000.000000000000000 ) ;
#3434 = CARTESIAN_POINT ( 'NONE',  ( -1.520000000000000018, -7.119999999999999218, -10.11746870376959961 ) ) ;
#3435 = DIRECTION ( 'NONE',  ( 0.000000000000000000, 1.000000000000000000, 0.000000000000000000 ) ) ;
#3436 = ORIENTED_EDGE ( 'NONE', *, *, #1285, .F. ) ;
#3437 = VERTEX_POINT ( 'NONE', #4793 ) ;
#3438 =( GEOMETRIC_REPRESENTATION_CONTEXT ( 3 ) GLOBAL_UNCERTAINTY_ASSIGNED_CONTEXT ( ( #2836 ) ) GLOBAL_UNIT_ASSIGNED_CONTEXT ( ( #2159, #4321, #3901 ) ) REPRESENTATION_CONTEXT ( 'NONE', 'WORKASPACE' ) );
#3439 = COLOUR_RGB ( '',0.2509803921568627416, 0.2509803921568627416, 0.2509803921568627416 ) ;
#3440 = CARTESIAN_POINT ( 'NONE',  ( 2.160000000000000142, -7.620000000000000107, 2.295000000000000373 ) ) ;
#3441 = AXIS2_PLACEMENT_3D ( 'NONE', #1627, #3746, #3804 ) ;
#3442 =( GEOMETRIC_REPRESENTATION_CONTEXT ( 3 ) GLOBAL_UNCERTAINTY_ASSIGNED_CONTEXT ( ( #1487 ) ) GLOBAL_UNIT_ASSIGNED_CONTEXT ( ( #4915, #2470, #4538 ) ) REPRESENTATION_CONTEXT ( 'NONE', 'WORKASPACE' ) );
#3443 = PRESENTATION_STYLE_ASSIGNMENT (( #4621 ) ) ;
#3444 = AXIS2_PLACEMENT_3D ( 'NONE', #635, #4842, #2323 ) ;
#3445 = VERTEX_POINT ( 'NONE', #3927 ) ;
#3446 = CARTESIAN_POINT ( 'NONE',  ( 1.020000000000000018, -8.419999999999999929, 1.015000000000000124 ) ) ;
#3447 = SURFACE_STYLE_USAGE ( .BOTH. , #3495 ) ;
#3448 = CARTESIAN_POINT ( 'NONE',  ( -3.966440926441800130, -8.419999999999999929, -0.2056555615733750009 ) ) ;
#3449 = MECHANICAL_DESIGN_GEOMETRIC_PRESENTATION_REPRESENTATION (  '', ( #3616 ), #1403 ) ;
#3450 = ORIENTED_EDGE ( 'NONE', *, *, #3935, .F. ) ;
#3451 = COLOUR_RGB ( '',0.7529411764705882248, 0.7529411764705882248, 0.7529411764705882248 ) ;
#3452 = VERTEX_POINT ( 'NONE', #899 ) ;
#3453 = EDGE_CURVE ( 'NONE', #822, #2164, #132, .T. ) ;
#3454 = FILL_AREA_STYLE ('',( #894 ) ) ;
#3455 = CARTESIAN_POINT ( 'NONE',  ( 0.9200000000000000400, -8.419999999999999929, 1.015000000000000124 ) ) ;
#3456 = CARTESIAN_POINT ( 'NONE',  ( -1.750000000000000000, -0.3723944653317539655, 2.295000000000000373 ) ) ;
#3457 = CARTESIAN_POINT ( 'NONE',  ( -1.153846153846141975, -2.158003108003060166, 5.714999999999999858 ) ) ;
#3458 = LINE ( 'NONE', #3626, #2283 ) ;
#3459 = FILL_AREA_STYLE_COLOUR ( '', #3645 ) ;
#3460 = CARTESIAN_POINT ( 'NONE',  ( 2.160000000000000142, -7.119999999999999218, -3.564999999999999947 ) ) ;
#3461 = FILL_AREA_STYLE_COLOUR ( '', #765 ) ;
#3462 = EDGE_CURVE ( 'NONE', #3004, #2719, #3840, .T. ) ;
#3463 = CARTESIAN_POINT ( 'NONE',  ( -1.277036423998940240, -7.119999999999999218, 1.515000000000000124 ) ) ;
#3464 = FILL_AREA_STYLE_COLOUR ( '', #5258 ) ;
#3465 = ADVANCED_FACE ( 'NONE', ( #2681 ), #18, .T. ) ;
#3466 = EDGE_CURVE ( 'NONE', #2561, #3857, #1060, .T. ) ;
#3467 = CARTESIAN_POINT ( 'NONE',  ( 1.576923076923089972, -2.363131313131250355, 5.714999999999999858 ) ) ;
#3468 = SURFACE_STYLE_USAGE ( .BOTH. , #1759 ) ;
#3469 = DIRECTION ( 'NONE',  ( 0.000000000000000000, -1.000000000000000000, 0.000000000000000000 ) ) ;
#3470 = ORIENTED_EDGE ( 'NONE', *, *, #2586, .T. ) ;
#3471 = ORIENTED_EDGE ( 'NONE', *, *, #3567, .T. ) ;
#3472 = FACE_BOUND ( 'NONE', #4555, .T. ) ;
#3473 = LINE ( 'NONE', #3457, #1485 ) ;
#3474 = PRESENTATION_LAYER_ASSIGNMENT (  '', '', ( #353 ) ) ;
#3475 = LINE ( 'NONE', #5173, #3938 ) ;
#3476 = FILL_AREA_STYLE ('',( #2285 ) ) ;
#3477 = CARTESIAN_POINT ( 'NONE',  ( -3.966440926441800130, -8.419999999999999929, 1.515000000000000124 ) ) ;
#3478 = MECHANICAL_DESIGN_GEOMETRIC_PRESENTATION_REPRESENTATION (  '', ( #1873 ), #2042 ) ;
#3479 = LINE ( 'NONE', #5312, #4061 ) ;
#3480 = AXIS2_PLACEMENT_3D ( 'NONE', #4636, #5482, #3435 ) ;
#3481 = UNCERTAINTY_MEASURE_WITH_UNIT (LENGTH_MEASURE( 1.000000000000000082E-05 ), #3570, 'distance_accuracy_value', 'NONE');
#3482 = LINE ( 'NONE', #5235, #3769 ) ;
#3483 = SURFACE_SIDE_STYLE ('',( #2710 ) ) ;
#3484 = CARTESIAN_POINT ( 'NONE',  ( 2.160000000000000142, -6.119999999999999218, 2.295000000000000373 ) ) ;
#3485 = STYLED_ITEM ( 'NONE', ( #1399 ), #2331 ) ;
#3486 = LINE ( 'NONE', #477, #3012 ) ;
#3487 = VECTOR ( 'NONE', #3899, 1000.000000000000000 ) ;
#3488 = CARTESIAN_POINT ( 'NONE',  ( 1.020000000000000018, -6.412893218813461083, 1.015000000000000124 ) ) ;
#3489 = CARTESIAN_POINT ( 'NONE',  ( 0.000000000000000000, 5.083000000000000185, 5.714999999999999858 ) ) ;
#3490 = VERTEX_POINT ( 'NONE', #4006 ) ;
#3491 = EDGE_CURVE ( 'NONE', #2214, #2792, #1077, .T. ) ;
#3492 = DIRECTION ( 'NONE',  ( 0.000000000000000000, -1.000000000000000000, 0.000000000000000000 ) ) ;
#3493 = ADVANCED_FACE ( 'NONE', ( #163 ), #4846, .T. ) ;
#3494 = DIRECTION ( 'NONE',  ( 1.000000000000000000, 0.000000000000000000, 0.000000000000000000 ) ) ;
#3495 = SURFACE_SIDE_STYLE ('',( #29 ) ) ;
#3496 = LINE ( 'NONE', #5191, #48 ) ;
#3497 =( GEOMETRIC_REPRESENTATION_CONTEXT ( 3 ) GLOBAL_UNCERTAINTY_ASSIGNED_CONTEXT ( ( #2749 ) ) GLOBAL_UNIT_ASSIGNED_CONTEXT ( ( #805, #4188, #341 ) ) REPRESENTATION_CONTEXT ( 'NONE', 'WORKASPACE' ) );
#3498 = ORIENTED_EDGE ( 'NONE', *, *, #1682, .T. ) ;
#3499 = ORIENTED_EDGE ( 'NONE', *, *, #3981, .T. ) ;
#3500 = PRESENTATION_STYLE_ASSIGNMENT (( #605 ) ) ;
#3501 = ORIENTED_EDGE ( 'NONE', *, *, #1349, .T. ) ;
#3502 = AXIS2_PLACEMENT_3D ( 'NONE', #3778, #374, #4600 ) ;
#3503 = FACE_OUTER_BOUND ( 'NONE', #630, .T. ) ;
#3504 = CARTESIAN_POINT ( 'NONE',  ( 2.160000000000000142, -0.3723944653317550202, -5.714999999999999858 ) ) ;
#3505 = DIRECTION ( 'NONE',  ( 0.000000000000000000, 0.000000000000000000, 1.000000000000000000 ) ) ;
#3506 = CARTESIAN_POINT ( 'NONE',  ( 1.020000000000000018, 7.620000000000000107, -5.714999999999999858 ) ) ;
#3507 =( LENGTH_UNIT ( ) NAMED_UNIT ( * ) SI_UNIT ( .MILLI., .METRE. ) );
#3508 = DIRECTION ( 'NONE',  ( -1.000000000000000000, 0.000000000000000000, 0.000000000000000000 ) ) ;
#3509 =( GEOMETRIC_REPRESENTATION_CONTEXT ( 3 ) GLOBAL_UNCERTAINTY_ASSIGNED_CONTEXT ( ( #4765 ) ) GLOBAL_UNIT_ASSIGNED_CONTEXT ( ( #818, #2024, #5481 ) ) REPRESENTATION_CONTEXT ( 'NONE', 'WORKASPACE' ) );
#3510 = PRESENTATION_STYLE_ASSIGNMENT (( #2987 ) ) ;
#3511 = DIRECTION ( 'NONE',  ( 0.000000000000000000, 3.469446951953615175E-16, -1.000000000000000000 ) ) ;
#3512 = CARTESIAN_POINT ( 'NONE',  ( 1.520000000000000018, -7.420000000000000817, 1.015000000000000124 ) ) ;
#3513 = PRESENTATION_LAYER_ASSIGNMENT (  '', '', ( #212 ) ) ;
#3514 = UNCERTAINTY_MEASURE_WITH_UNIT (LENGTH_MEASURE( 1.000000000000000082E-05 ), #1434, 'distance_accuracy_value', 'NONE');
#3515 = SURFACE_STYLE_FILL_AREA ( #3597 ) ;
#3516 = SURFACE_SIDE_STYLE ('',( #3219 ) ) ;
#3517 = STYLED_ITEM ( 'NONE', ( #301 ), #302 ) ;
#3518 = VECTOR ( 'NONE', #2118, 1000.000000000000000 ) ;
#3519 = CLOSED_SHELL ( 'NONE', ( #2957, #4958, #5093, #1453, #1063, #1253 ) ) ;
#3520 = EDGE_LOOP ( 'NONE', ( #777, #1354, #4166, #3907 ) ) ;
#3521 = CARTESIAN_POINT ( 'NONE',  ( -1.153846153846141975, -1.863131313131265010, 5.714999999999999858 ) ) ;
#3522 = DIRECTION ( 'NONE',  ( 1.000000000000000000, 0.000000000000000000, 0.000000000000000000 ) ) ;
#3523 = VECTOR ( 'NONE', #710, 1000.000000000000000 ) ;
#3524 = CARTESIAN_POINT ( 'NONE',  ( -1.750000000000000000, -7.119999999999999218, 5.714999999999999858 ) ) ;
#3525 = LINE ( 'NONE', #201, #781 ) ;
#3526 = ORIENTED_EDGE ( 'NONE', *, *, #4269, .T. ) ;
#3527 = DIRECTION ( 'NONE',  ( -1.000000000000000000, 0.000000000000000000, 0.000000000000000000 ) ) ;
#3528 = ORIENTED_EDGE ( 'NONE', *, *, #3816, .F. ) ;
#3529 = PRESENTATION_LAYER_ASSIGNMENT (  '', '', ( #586 ) ) ;
#3530 = AXIS2_PLACEMENT_3D ( 'NONE', #5061, #4594, #4163 ) ;
#3531 = ADVANCED_FACE ( 'NONE', ( #4875 ), #1555, .T. ) ;
#3532 = EDGE_CURVE ( 'NONE', #4375, #2928, #2286, .T. ) ;
#3533 = ORIENTED_EDGE ( 'NONE', *, *, #3783, .F. ) ;
#3534 =( LENGTH_UNIT ( ) NAMED_UNIT ( * ) SI_UNIT ( .MILLI., .METRE. ) );
#3535 =( GEOMETRIC_REPRESENTATION_CONTEXT ( 3 ) GLOBAL_UNCERTAINTY_ASSIGNED_CONTEXT ( ( #333 ) ) GLOBAL_UNIT_ASSIGNED_CONTEXT ( ( #4595, #2064, #1656 ) ) REPRESENTATION_CONTEXT ( 'NONE', 'WORKASPACE' ) );
#3536 = VECTOR ( 'NONE', #4220, 1000.000000000000000 ) ;
#3537 =( NAMED_UNIT ( * ) SI_UNIT ( $, .STERADIAN. ) SOLID_ANGLE_UNIT ( ) );
#3538 = COLOUR_RGB ( '',0.7529411764705882248, 0.7529411764705882248, 0.7529411764705882248 ) ;
#3539 = COLOUR_RGB ( '',0.7529411764705882248, 0.7529411764705882248, 0.7529411764705882248 ) ;
#3540 = DIRECTION ( 'NONE',  ( -1.000000000000000000, 0.000000000000000000, 0.000000000000000000 ) ) ;
#3541 =( NAMED_UNIT ( * ) SI_UNIT ( $, .STERADIAN. ) SOLID_ANGLE_UNIT ( ) );
#3542 = SURFACE_SIDE_STYLE ('',( #1829 ) ) ;
#3543 = LINE ( 'NONE', #3460, #136 ) ;
#3544 = VECTOR ( 'NONE', #2757, 1000.000000000000000 ) ;
#3545 = CARTESIAN_POINT ( 'NONE',  ( 1.576923076923089972, -2.260567210567149932, 5.714999999999999858 ) ) ;
#3546 = FACE_OUTER_BOUND ( 'NONE', #55, .T. ) ;
#3547 = COLOUR_RGB ( '',0.7529411764705882248, 0.7529411764705882248, 0.7529411764705882248 ) ;
#3548 = CARTESIAN_POINT ( 'NONE',  ( 2.160000000000000142, -7.119999999999999218, -16.22427834969624882 ) ) ;
#3549 = DIRECTION ( 'NONE',  ( -1.000000000000000000, 0.000000000000000000, 0.000000000000000000 ) ) ;
#3550 = ORIENTED_EDGE ( 'NONE', *, *, #1281, .F. ) ;
#3551 = DIRECTION ( 'NONE',  ( 0.000000000000000000, 0.000000000000000000, -1.000000000000000000 ) ) ;
#3552 = ADVANCED_FACE ( 'NONE', ( #211 ), #2758, .F. ) ;
#3553 = DIRECTION ( 'NONE',  ( -4.336808689942020201E-16, 1.000000000000000000, 0.000000000000000000 ) ) ;
#3554 = CARTESIAN_POINT ( 'NONE',  ( 1.520000000000000018, -7.420000000000000817, 1.515000000000000124 ) ) ;
#3556 = ORIENTED_EDGE ( 'NONE', *, *, #4070, .F. ) ;
#3555 =( NAMED_UNIT ( * ) PLANE_ANGLE_UNIT ( ) SI_UNIT ( $, .RADIAN. ) );
#3557 = EDGE_LOOP ( 'NONE', ( #4675, #4664, #4933, #1863 ) ) ;
#3558 = FACE_OUTER_BOUND ( 'NONE', #966, .T. ) ;
#3559 = ORIENTED_EDGE ( 'NONE', *, *, #2434, .F. ) ;
#3560 = ORIENTED_EDGE ( 'NONE', *, *, #5256, .F. ) ;
#3561 = FILL_AREA_STYLE_COLOUR ( '', #4609 ) ;
#3562 = CARTESIAN_POINT ( 'NONE',  ( 1.020000000000000018, -11.11999999999999922, -4.065000000000000391 ) ) ;
#3563 = CARTESIAN_POINT ( 'NONE',  ( 1.020000000000000018, -7.620000000000000107, -4.845000000000000639 ) ) ;
#3564 = DIRECTION ( 'NONE',  ( 0.000000000000000000, -1.000000000000000000, 0.000000000000000000 ) ) ;
#3565 = DIRECTION ( 'NONE',  ( 1.734723475976810053E-15, 0.000000000000000000, -1.000000000000000000 ) ) ;
#3566 = CARTESIAN_POINT ( 'NONE',  ( 1.020000000000000018, -11.11999999999999922, -10.11746870376959961 ) ) ;
#3567 = EDGE_CURVE ( 'NONE', #1261, #152, #4228, .T. ) ;
#3568 = UNCERTAINTY_MEASURE_WITH_UNIT (LENGTH_MEASURE( 1.000000000000000082E-05 ), #2881, 'distance_accuracy_value', 'NONE');
#3569 = DIRECTION ( 'NONE',  ( 1.000000000000000000, 0.000000000000000000, 0.000000000000000000 ) ) ;
#3570 =( LENGTH_UNIT ( ) NAMED_UNIT ( * ) SI_UNIT ( .MILLI., .METRE. ) );
#3571 =( GEOMETRIC_REPRESENTATION_CONTEXT ( 3 ) GLOBAL_UNCERTAINTY_ASSIGNED_CONTEXT ( ( #3354 ) ) GLOBAL_UNIT_ASSIGNED_CONTEXT ( ( #4358, #3428, #2596 ) ) REPRESENTATION_CONTEXT ( 'NONE', 'WORKASPACE' ) );
#3572 = PRESENTATION_STYLE_ASSIGNMENT (( #3118 ) ) ;
#3573 = CARTESIAN_POINT ( 'NONE',  ( -3.966440926441800130, -8.419999999999999929, 1.015000000000000124 ) ) ;
#3574 = DIRECTION ( 'NONE',  ( 0.000000000000000000, -1.000000000000000000, -1.138269997360109921E-16 ) ) ;
#3575 =( GEOMETRIC_REPRESENTATION_CONTEXT ( 3 ) GLOBAL_UNCERTAINTY_ASSIGNED_CONTEXT ( ( #2905 ) ) GLOBAL_UNIT_ASSIGNED_CONTEXT ( ( #1565, #2764, #3647 ) ) REPRESENTATION_CONTEXT ( 'NONE', 'WORKASPACE' ) );
#3576 = DIRECTION ( 'NONE',  ( 0.000000000000000000, -1.000000000000000000, 0.000000000000000000 ) ) ;
#3578 = EDGE_LOOP ( 'NONE', ( #533, #99, #5274, #1569, #5158, #3881, #3650, #1358, #1356, #521, #3649, #2347 ) ) ;
#3577 = SURFACE_STYLE_USAGE ( .BOTH. , #1842 ) ;
#3579 = VERTEX_POINT ( 'NONE', #1606 ) ;
#3580 = DIRECTION ( 'NONE',  ( 0.000000000000000000, 7.608436298143890073E-16, 1.000000000000000000 ) ) ;
#3581 = CARTESIAN_POINT ( 'NONE',  ( 2.160000000000000142, -0.3723944653317750042, -0.004999999999998059816 ) ) ;
#3582 = EDGE_LOOP ( 'NONE', ( #3248, #3000, #2270, #831, #990, #1700, #1810, #2054, #4722, #4264, #1728, #4018 ) ) ;
#3583 = UNCERTAINTY_MEASURE_WITH_UNIT (LENGTH_MEASURE( 1.000000000000000082E-05 ), #2982, 'distance_accuracy_value', 'NONE');
#3584 = EDGE_LOOP ( 'NONE', ( #5192, #2491, #3129, #1016, #1954, #1574, #1470, #1523, #1124, #5428, #4053, #2502 ) ) ;
#3585 = ORIENTED_EDGE ( 'NONE', *, *, #5095, .F. ) ;
#3586 = FILL_AREA_STYLE ('',( #3177 ) ) ;
#3587 = CARTESIAN_POINT ( 'NONE',  ( -1.020000000000000018, -7.119999999999999218, 1.015000000000000124 ) ) ;
#3588 = CARTESIAN_POINT ( 'NONE',  ( -1.520000000000000018, -5.120000000000000995, -10.11746870376959961 ) ) ;
#3589 =( GEOMETRIC_REPRESENTATION_CONTEXT ( 3 ) GLOBAL_UNCERTAINTY_ASSIGNED_CONTEXT ( ( #2624 ) ) GLOBAL_UNIT_ASSIGNED_CONTEXT ( ( #5361, #2360, #2415 ) ) REPRESENTATION_CONTEXT ( 'NONE', 'WORKASPACE' ) );
#3590 = COLOUR_RGB ( '',0.000000000000000000, 1.000000000000000000, 0.000000000000000000 ) ;
#3591 = CARTESIAN_POINT ( 'NONE',  ( 2.160000000000000142, 7.620000000000000107, -5.714999999999999858 ) ) ;
#3592 = DIRECTION ( 'NONE',  ( 0.000000000000000000, 0.000000000000000000, 1.000000000000000000 ) ) ;
#3593 = SURFACE_SIDE_STYLE ('',( #1879 ) ) ;
#3594 = EDGE_CURVE ( 'NONE', #3828, #2431, #4548, .T. ) ;
#3595 = DIRECTION ( 'NONE',  ( 0.000000000000000000, -1.000000000000000000, 0.000000000000000000 ) ) ;
#3596 = COLOUR_RGB ( '',0.2509803921568627416, 0.2509803921568627416, 0.2509803921568627416 ) ;
#3597 = FILL_AREA_STYLE ('',( #1044 ) ) ;
#3598 = FILL_AREA_STYLE ('',( #1885 ) ) ;
#3599 = VECTOR ( 'NONE', #1942, 1000.000000000000000 ) ;
#3600 = MECHANICAL_DESIGN_GEOMETRIC_PRESENTATION_REPRESENTATION (  '', ( #212 ), #4679 ) ;
#3601 = DIRECTION ( 'NONE',  ( -1.000000000000000000, 0.000000000000000000, 0.000000000000000000 ) ) ;
#3602 =( GEOMETRIC_REPRESENTATION_CONTEXT ( 3 ) GLOBAL_UNCERTAINTY_ASSIGNED_CONTEXT ( ( #4847 ) ) GLOBAL_UNIT_ASSIGNED_CONTEXT ( ( #325, #4387, #1005 ) ) REPRESENTATION_CONTEXT ( 'NONE', 'WORKASPACE' ) );
#3603 = FILL_AREA_STYLE_COLOUR ( '', #3547 ) ;
#3604 = VECTOR ( 'NONE', #2311, 1000.000000000000000 ) ;
#3605 = SURFACE_STYLE_USAGE ( .BOTH. , #3226 ) ;
#3606 = ORIENTED_EDGE ( 'NONE', *, *, #1285, .T. ) ;
#3607 = AXIS2_PLACEMENT_3D ( 'NONE', #5285, #2761, #644 ) ;
#3608 = ORIENTED_EDGE ( 'NONE', *, *, #3133, .F. ) ;
#3609 = CIRCLE ( 'NONE', #3090, 0.5000000000000000000 ) ;
#3610 = COLOUR_RGB ( '',0.2509803921568627416, 0.2509803921568627416, 0.2509803921568627416 ) ;
#3611 = DIRECTION ( 'NONE',  ( 0.000000000000000000, 0.000000000000000000, -1.000000000000000000 ) ) ;
#3612 =( NAMED_UNIT ( * ) SI_UNIT ( $, .STERADIAN. ) SOLID_ANGLE_UNIT ( ) );
#3613 = VECTOR ( 'NONE', #272, 1000.000000000000000 ) ;
#3614 = MECHANICAL_DESIGN_GEOMETRIC_PRESENTATION_REPRESENTATION (  '', ( #4428 ), #4238 ) ;
#3615 = COLOUR_RGB ( '',0.7529411764705882248, 0.7529411764705882248, 0.7529411764705882248 ) ;
#3616 = STYLED_ITEM ( 'NONE', ( #1155 ), #733 ) ;
#3617 = LINE ( 'NONE', #161, #4653 ) ;
#3618 = VECTOR ( 'NONE', #2526, 1000.000000000000000 ) ;
#3619 = AXIS2_PLACEMENT_3D ( 'NONE', #786, #1252, #5040 ) ;
#3620 = PRESENTATION_STYLE_ASSIGNMENT (( #1510 ) ) ;
#3621 = DIRECTION ( 'NONE',  ( 0.000000000000000000, 1.000000000000000000, 0.000000000000000000 ) ) ;
#3622 = VECTOR ( 'NONE', #4417, 1000.000000000000000 ) ;
#3623 = PRESENTATION_LAYER_ASSIGNMENT (  '', '', ( #2807 ) ) ;
#3624 = SURFACE_SIDE_STYLE ('',( #4877 ) ) ;
#3625 = DIRECTION ( 'NONE',  ( -1.000000000000000000, 0.000000000000000000, 0.000000000000000000 ) ) ;
#3626 = CARTESIAN_POINT ( 'NONE',  ( -3.966440926441800130, -7.420000000000000817, 1.015000000000000124 ) ) ;
#3627 = LINE ( 'NONE', #3573, #3347 ) ;
#3628 = AXIS2_PLACEMENT_3D ( 'NONE', #1002, #3565, #4873 ) ;
#3630 = EDGE_LOOP ( 'NONE', ( #996, #1303, #972, #4262 ) ) ;
#3629 = FACE_OUTER_BOUND ( 'NONE', #2061, .T. ) ;
#3631 = ORIENTED_EDGE ( 'NONE', *, *, #1549, .T. ) ;
#3632 = SURFACE_SIDE_STYLE ('',( #1066 ) ) ;
#3633 = ORIENTED_EDGE ( 'NONE', *, *, #3043, .T. ) ;
#3634 = EDGE_CURVE ( 'NONE', #3009, #4078, #4605, .T. ) ;
#3635 = EDGE_CURVE ( 'NONE', #4425, #4617, #2809, .T. ) ;
#3636 = ORIENTED_EDGE ( 'NONE', *, *, #2848, .F. ) ;
#3637 = ORIENTED_EDGE ( 'NONE', *, *, #3946, .F. ) ;
#3638 = SURFACE_STYLE_FILL_AREA ( #3658 ) ;
#3639 = LINE ( 'NONE', #1528, #2369 ) ;
#3640 = PRESENTATION_STYLE_ASSIGNMENT (( #265 ) ) ;
#3641 = SURFACE_SIDE_STYLE ('',( #1058 ) ) ;
#3642 = SPHERICAL_SURFACE ( 'NONE', #2243, 1.449999999999999956 ) ;
#3643 = CARTESIAN_POINT ( 'NONE',  ( -2.160000000000000142, -6.119999999999999218, -16.22427834969624882 ) ) ;
#3644 =( NAMED_UNIT ( * ) SI_UNIT ( $, .STERADIAN. ) SOLID_ANGLE_UNIT ( ) );
#3645 = COLOUR_RGB ( '',0.2509803921568627416, 0.2509803921568627416, 0.2509803921568627416 ) ;
#3646 = CARTESIAN_POINT ( 'NONE',  ( -3.966440926441800130, -7.420000000000000817, -0.2056555615733750009 ) ) ;
#3647 =( NAMED_UNIT ( * ) SI_UNIT ( $, .STERADIAN. ) SOLID_ANGLE_UNIT ( ) );
#3649 = ORIENTED_EDGE ( 'NONE', *, *, #4818, .F. ) ;
#3648 = SURFACE_STYLE_FILL_AREA ( #5500 ) ;
#3650 = ORIENTED_EDGE ( 'NONE', *, *, #4072, .F. ) ;
#3651 = FACE_OUTER_BOUND ( 'NONE', #344, .T. ) ;
#3652 = DIRECTION ( 'NONE',  ( 0.000000000000000000, -5.072290865429260706E-16, -1.000000000000000000 ) ) ;
#3653 = EDGE_LOOP ( 'NONE', ( #4450, #1571, #4329, #802, #2993, #3223 ) ) ;
#3654 = VECTOR ( 'NONE', #4976, 1000.000000000000000 ) ;
#3655 = FILL_AREA_STYLE ('',( #177 ) ) ;
#3656 = EDGE_LOOP ( 'NONE', ( #2462, #3934, #5376, #30 ) ) ;
#3657 = EDGE_LOOP ( 'NONE', ( #2111, #3003, #2716, #1090, #488, #3893, #391, #2145, #3064, #2378 ) ) ;
#3658 = FILL_AREA_STYLE ('',( #5404 ) ) ;
#3659 = ADVANCED_FACE ( 'NONE', ( #785 ), #2535, .T. ) ;
#3660 = EDGE_CURVE ( 'NONE', #4218, #4701, #5497, .T. ) ;
#3661 = CARTESIAN_POINT ( 'NONE',  ( -1.520000000000000018, -7.620000000000000107, -5.714999999999999858 ) ) ;
#3662 = FACE_OUTER_BOUND ( 'NONE', #4620, .T. ) ;
#3663 = PLANE ( 'NONE',  #3530 ) ;
#3664 = FILL_AREA_STYLE ('',( #3902 ) ) ;
#3665 =( GEOMETRIC_REPRESENTATION_CONTEXT ( 3 ) GLOBAL_UNCERTAINTY_ASSIGNED_CONTEXT ( ( #958 ) ) GLOBAL_UNIT_ASSIGNED_CONTEXT ( ( #3507, #3989, #3861 ) ) REPRESENTATION_CONTEXT ( 'NONE', 'WORKASPACE' ) );
#3666 = DIRECTION ( 'NONE',  ( 1.000000000000000000, 0.000000000000000000, 0.000000000000000000 ) ) ;
#3667 = UNCERTAINTY_MEASURE_WITH_UNIT (LENGTH_MEASURE( 1.000000000000000082E-05 ), #4592, 'distance_accuracy_value', 'NONE');
#3668 = CARTESIAN_POINT ( 'NONE',  ( 2.160000000000000142, -7.119999999999999218, -16.22427834969624882 ) ) ;
#3669 = ORIENTED_EDGE ( 'NONE', *, *, #3491, .F. ) ;
#3670 = DIRECTION ( 'NONE',  ( 0.000000000000000000, 0.000000000000000000, 1.000000000000000000 ) ) ;
#3671 = SURFACE_SIDE_STYLE ('',( #2413 ) ) ;
#3672 = DIRECTION ( 'NONE',  ( -1.000000000000000000, 0.000000000000000000, 0.000000000000000000 ) ) ;
#3673 =( GEOMETRIC_REPRESENTATION_CONTEXT ( 3 ) GLOBAL_UNCERTAINTY_ASSIGNED_CONTEXT ( ( #4475 ) ) GLOBAL_UNIT_ASSIGNED_CONTEXT ( ( #5250, #2776, #4508 ) ) REPRESENTATION_CONTEXT ( 'NONE', 'WORKASPACE' ) );
#3674 = DIRECTION ( 'NONE',  ( -1.000000000000000000, 0.000000000000000000, 0.000000000000000000 ) ) ;
#3675 = DIRECTION ( 'NONE',  ( 0.000000000000000000, 0.000000000000000000, 1.000000000000000000 ) ) ;
#3676 = LINE ( 'NONE', #3274, #1824 ) ;
#3677 = DIRECTION ( 'NONE',  ( 0.000000000000000000, 1.000000000000000000, 0.000000000000000000 ) ) ;
#3678 = DIRECTION ( 'NONE',  ( -1.000000000000000000, 0.000000000000000000, 0.000000000000000000 ) ) ;
#3679 = LINE ( 'NONE', #4154, #4285 ) ;
#3681 = ORIENTED_EDGE ( 'NONE', *, *, #61, .T. ) ;
#3680 =( NAMED_UNIT ( * ) PLANE_ANGLE_UNIT ( ) SI_UNIT ( $, .RADIAN. ) );
#3682 = ORIENTED_EDGE ( 'NONE', *, *, #5407, .T. ) ;
#3683 = CARTESIAN_POINT ( 'NONE',  ( -1.020000000000000018, 7.620000000000000107, -3.564999999999999947 ) ) ;
#3684 = CARTESIAN_POINT ( 'NONE',  ( 1.576923076923089972, -2.260567210567149932, 5.814999999999999503 ) ) ;
#3685 =( NAMED_UNIT ( * ) PLANE_ANGLE_UNIT ( ) SI_UNIT ( $, .RADIAN. ) );
#3686 = AXIS2_PLACEMENT_3D ( 'NONE', #5014, #4578, #758 ) ;
#3687 = VERTEX_POINT ( 'NONE', #1581 ) ;
#3688 = ORIENTED_EDGE ( 'NONE', *, *, #3703, .F. ) ;
#3689 =( GEOMETRIC_REPRESENTATION_CONTEXT ( 3 ) GLOBAL_UNCERTAINTY_ASSIGNED_CONTEXT ( ( #3869 ) ) GLOBAL_UNIT_ASSIGNED_CONTEXT ( ( #3022, #1750, #4549 ) ) REPRESENTATION_CONTEXT ( 'NONE', 'WORKASPACE' ) );
#3690 = PRESENTATION_LAYER_ASSIGNMENT (  '', '', ( #4224 ) ) ;
#3691 = CARTESIAN_POINT ( 'NONE',  ( 2.160000000000000142, -7.620000000000000107, -5.714999999999999858 ) ) ;
#3692 = CARTESIAN_POINT ( 'NONE',  ( -1.750000000000000000, -0.3723944653317614595, 5.714999999999999858 ) ) ;
#3693 = EDGE_CURVE ( 'NONE', #4286, #480, #4978, .T. ) ;
#3694 = VECTOR ( 'NONE', #4241, 1000.000000000000000 ) ;
#3695 = CIRCLE ( 'NONE', #4044, 1.449999999999999956 ) ;
#3696 = LINE ( 'NONE', #2708, #495 ) ;
#3697 = CARTESIAN_POINT ( 'NONE',  ( 1.520000000000000018, 7.620000000000000107, -10.11746870376959961 ) ) ;
#3698 =( LENGTH_UNIT ( ) NAMED_UNIT ( * ) SI_UNIT ( .MILLI., .METRE. ) );
#3699 = DIRECTION ( 'NONE',  ( -1.000000000000000000, 0.000000000000000000, 0.000000000000000000 ) ) ;
#3700 = MECHANICAL_DESIGN_GEOMETRIC_PRESENTATION_REPRESENTATION (  '', ( #586 ), #3180 ) ;
#3701 = VECTOR ( 'NONE', #3956, 1000.000000000000000 ) ;
#3702 = CARTESIAN_POINT ( 'NONE',  ( -1.520000000000000018, 4.583000000000000185, -3.564999999999999947 ) ) ;
#3703 = EDGE_CURVE ( 'NONE', #3445, #4838, #2248, .T. ) ;
#3704 = EDGE_CURVE ( 'NONE', #1170, #2115, #5150, .T. ) ;
#3705 = STYLED_ITEM ( 'NONE', ( #5350 ), #4955 ) ;
#3706 = SURFACE_SIDE_STYLE ('',( #870 ) ) ;
#3707 = VECTOR ( 'NONE', #800, 1000.000000000000000 ) ;
#3708 = STYLED_ITEM ( 'NONE', ( #2606 ), #812 ) ;
#3709 = VECTOR ( 'NONE', #4022, 1000.000000000000000 ) ;
#3710 = CARTESIAN_POINT ( 'NONE',  ( -2.160000000000000142, -0.3723944653317750042, -0.004999999999998059816 ) ) ;
#3711 = DIRECTION ( 'NONE',  ( 0.000000000000000000, -1.000000000000000000, 7.608436298143890073E-16 ) ) ;
#3712 = CARTESIAN_POINT ( 'NONE',  ( 1.020000000000000018, -6.412893218813461083, -10.11746870376959961 ) ) ;
#3713 = MECHANICAL_DESIGN_GEOMETRIC_PRESENTATION_REPRESENTATION (  '', ( #1576 ), #4347 ) ;
#3714 = SURFACE_SIDE_STYLE ('',( #248 ) ) ;
#3715 = ORIENTED_EDGE ( 'NONE', *, *, #2923, .F. ) ;
#3716 = VERTEX_POINT ( 'NONE', #1336 ) ;
#3717 = FILL_AREA_STYLE ('',( #1152 ) ) ;
#3718 = PRESENTATION_LAYER_ASSIGNMENT (  '', '', ( #3016 ) ) ;
#3719 = CARTESIAN_POINT ( 'NONE',  ( -1.277036423998930248, 5.083000000000000185, -4.065000000000000391 ) ) ;
#3720 = VERTEX_POINT ( 'NONE', #73 ) ;
#3721 = DIRECTION ( 'NONE',  ( 0.000000000000000000, 1.000000000000000000, 0.000000000000000000 ) ) ;
#3722 = CARTESIAN_POINT ( 'NONE',  ( 1.020000000000000018, -0.3723944653317580178, -4.845000000000000639 ) ) ;
#3723 = DIRECTION ( 'NONE',  ( 0.000000000000000000, 0.000000000000000000, -1.000000000000000000 ) ) ;
#3724 = DIRECTION ( 'NONE',  ( 0.000000000000000000, -1.000000000000000000, 0.000000000000000000 ) ) ;
#3725 = CARTESIAN_POINT ( 'NONE',  ( -1.520000000000000018, -6.412893218813461083, 1.515000000000000124 ) ) ;
#3726 = DIRECTION ( 'NONE',  ( -1.000000000000000000, 0.000000000000000000, 0.000000000000000000 ) ) ;
#3727 = SURFACE_STYLE_FILL_AREA ( #3777 ) ;
#3728 = SURFACE_STYLE_FILL_AREA ( #2736 ) ;
#3729 = CARTESIAN_POINT ( 'NONE',  ( 1.020000000000000018, 5.083000000000000185, -4.065000000000000391 ) ) ;
#3730 = ADVANCED_FACE ( 'NONE', ( #128 ), #1737, .T. ) ;
#3731 = FACE_OUTER_BOUND ( 'NONE', #234, .T. ) ;
#3732 = EDGE_CURVE ( 'NONE', #2719, #3154, #437, .T. ) ;
#3733 =( NAMED_UNIT ( * ) PLANE_ANGLE_UNIT ( ) SI_UNIT ( $, .RADIAN. ) );
#3734 = UNCERTAINTY_MEASURE_WITH_UNIT (LENGTH_MEASURE( 1.000000000000000082E-05 ), #3094, 'distance_accuracy_value', 'NONE');
#3735 = UNCERTAINTY_MEASURE_WITH_UNIT (LENGTH_MEASURE( 1.000000000000000082E-05 ), #4272, 'distance_accuracy_value', 'NONE');
#3736 = CARTESIAN_POINT ( 'NONE',  ( -3.966440926441800130, -8.419999999999999929, 1.015000000000000124 ) ) ;
#3737 = EDGE_LOOP ( 'NONE', ( #4651, #2916, #5485 ) ) ;
#3738 = ORIENTED_EDGE ( 'NONE', *, *, #4826, .T. ) ;
#3739 =( LENGTH_UNIT ( ) NAMED_UNIT ( * ) SI_UNIT ( .MILLI., .METRE. ) );
#3740 = LINE ( 'NONE', #5429, #1215 ) ;
#3741 = ORIENTED_EDGE ( 'NONE', *, *, #4024, .F. ) ;
#3742 =( GEOMETRIC_REPRESENTATION_CONTEXT ( 3 ) GLOBAL_UNCERTAINTY_ASSIGNED_CONTEXT ( ( #4634 ) ) GLOBAL_UNIT_ASSIGNED_CONTEXT ( ( #1855, #3239, #1552 ) ) REPRESENTATION_CONTEXT ( 'NONE', 'WORKASPACE' ) );
#3743 = ORIENTED_EDGE ( 'NONE', *, *, #46, .F. ) ;
#3744 = CARTESIAN_POINT ( 'NONE',  ( 1.020000000000000018, -7.620000000000000107, -5.714999999999999858 ) ) ;
#3745 = SURFACE_STYLE_FILL_AREA ( #715 ) ;
#3746 = DIRECTION ( 'NONE',  ( -1.000000000000000000, 0.000000000000000000, 0.000000000000000000 ) ) ;
#3747 = VECTOR ( 'NONE', #2760, 1000.000000000000000 ) ;
#3748 = VERTEX_POINT ( 'NONE', #1819 ) ;
#3749 = CARTESIAN_POINT ( 'NONE',  ( -1.020000000000000018, -7.119999999999999218, 1.515000000000000124 ) ) ;
#3750 = LINE ( 'NONE', #1982, #2951 ) ;
#3751 = SURFACE_STYLE_FILL_AREA ( #2100 ) ;
#3752 = SURFACE_STYLE_FILL_AREA ( #1708 ) ;
#3753 = DIRECTION ( 'NONE',  ( 0.000000000000000000, -5.981805089575200142E-16, 1.000000000000000000 ) ) ;
#3754 = PLANE ( 'NONE',  #3842 ) ;
#3755 = LINE ( 'NONE', #3710, #3613 ) ;
#3756 = VECTOR ( 'NONE', #5083, 1000.000000000000000 ) ;
#3757 = EDGE_CURVE ( 'NONE', #571, #3154, #5114, .T. ) ;
#3758 = ADVANCED_FACE ( 'NONE', ( #4357 ), #5229, .F. ) ;
#3759 = LINE ( 'NONE', #3844, #5363 ) ;
#3760 = VECTOR ( 'NONE', #3342, 1000.000000000000000 ) ;
#3761 = VERTEX_POINT ( 'NONE', #3836 ) ;
#3762 = CARTESIAN_POINT ( 'NONE',  ( 2.160000000000000142, -7.620000000000000107, -16.22427834969624882 ) ) ;
#3763 = DIRECTION ( 'NONE',  ( 0.000000000000000000, 0.000000000000000000, 1.000000000000000000 ) ) ;
#3764 = SURFACE_STYLE_FILL_AREA ( #2058 ) ;
#3765 = ORIENTED_EDGE ( 'NONE', *, *, #3296, .T. ) ;
#3767 = EDGE_LOOP ( 'NONE', ( #2774, #3919, #2603, #4886 ) ) ;
#3766 =( NAMED_UNIT ( * ) SI_UNIT ( $, .STERADIAN. ) SOLID_ANGLE_UNIT ( ) );
#3768 = CARTESIAN_POINT ( 'NONE',  ( -1.243589743589730068, -2.158003108003060166, 5.814999999999999503 ) ) ;
#3769 = VECTOR ( 'NONE', #927, 1000.000000000000000 ) ;
#3770 = DIRECTION ( 'NONE',  ( -1.000000000000000000, 0.000000000000000000, 0.000000000000000000 ) ) ;
#3771 = SURFACE_SIDE_STYLE ('',( #1770 ) ) ;
#3772 = EDGE_CURVE ( 'NONE', #1544, #4029, #591, .T. ) ;
#3773 = ORIENTED_EDGE ( 'NONE', *, *, #3133, .T. ) ;
#3774 = VECTOR ( 'NONE', #5339, 1000.000000000000000 ) ;
#3775 = FACE_OUTER_BOUND ( 'NONE', #3737, .T. ) ;
#3776 =( GEOMETRIC_REPRESENTATION_CONTEXT ( 3 ) GLOBAL_UNCERTAINTY_ASSIGNED_CONTEXT ( ( #1068 ) ) GLOBAL_UNIT_ASSIGNED_CONTEXT ( ( #3131, #5331, #4054 ) ) REPRESENTATION_CONTEXT ( 'NONE', 'WORKASPACE' ) );
#3777 = FILL_AREA_STYLE ('',( #2929 ) ) ;
#3778 = CARTESIAN_POINT ( 'NONE',  ( 0.000000000000000000, 5.083000000000000185, 6.884999999999999787 ) ) ;
#3779 = SURFACE_SIDE_STYLE ('',( #377 ) ) ;
#3780 = FILL_AREA_STYLE_COLOUR ( '', #3106 ) ;
#3781 = UNCERTAINTY_MEASURE_WITH_UNIT (LENGTH_MEASURE( 1.000000000000000082E-05 ), #126, 'distance_accuracy_value', 'NONE');
#3782 = COLOUR_RGB ( '',0.7529411764705882248, 0.7529411764705882248, 0.7529411764705882248 ) ;
#3783 = EDGE_CURVE ( 'NONE', #4941, #4838, #2777, .T. ) ;
#3784 = VECTOR ( 'NONE', #3726, 1000.000000000000000 ) ;
#3785 = VECTOR ( 'NONE', #268, 1000.000000000000000 ) ;
#3786 = PLANE ( 'NONE',  #551 ) ;
#3787 = CARTESIAN_POINT ( 'NONE',  ( 2.160000000000000142, -5.120000000000000107, -16.22427834969624882 ) ) ;
#3788 = DIRECTION ( 'NONE',  ( 0.000000000000000000, 0.000000000000000000, -1.000000000000000000 ) ) ;
#3789 = UNCERTAINTY_MEASURE_WITH_UNIT (LENGTH_MEASURE( 1.000000000000000082E-05 ), #2912, 'distance_accuracy_value', 'NONE');
#3790 = PRESENTATION_LAYER_ASSIGNMENT (  '', '', ( #3877 ) ) ;
#3791 = CIRCLE ( 'NONE', #3444, 0.5000000000000000000 ) ;
#3792 = PRESENTATION_LAYER_ASSIGNMENT (  '', '', ( #678 ) ) ;
#3793 = DIRECTION ( 'NONE',  ( 0.000000000000000000, 0.000000000000000000, -1.000000000000000000 ) ) ;
#3794 = FILL_AREA_STYLE ('',( #4242 ) ) ;
#3795 = DIRECTION ( 'NONE',  ( -0.000000000000000000, 1.000000000000000000, 0.000000000000000000 ) ) ;
#3796 = VECTOR ( 'NONE', #5431, 1000.000000000000000 ) ;
#3797 = ORIENTED_EDGE ( 'NONE', *, *, #2402, .T. ) ;
#3798 = SURFACE_STYLE_USAGE ( .BOTH. , #5486 ) ;
#3799 = FILL_AREA_STYLE ('',( #3850 ) ) ;
#3800 = ADVANCED_FACE ( 'NONE', ( #611 ), #2756, .F. ) ;
#3801 = LINE ( 'NONE', #4623, #3157 ) ;
#3802 = STYLED_ITEM ( 'NONE', ( #5012 ), #5206 ) ;
#3803 = CARTESIAN_POINT ( 'NONE',  ( 1.619999999999999885, -8.419999999999999929, 1.515000000000000124 ) ) ;
#3804 = DIRECTION ( 'NONE',  ( 0.000000000000000000, 0.000000000000000000, 1.000000000000000000 ) ) ;
#3805 = ORIENTED_EDGE ( 'NONE', *, *, #4461, .F. ) ;
#3806 = VECTOR ( 'NONE', #4705, 1000.000000000000000 ) ;
#3807 = SURFACE_STYLE_FILL_AREA ( #5112 ) ;
#3808 = ORIENTED_EDGE ( 'NONE', *, *, #636, .F. ) ;
#3809 = CARTESIAN_POINT ( 'NONE',  ( -1.277036423998930248, -7.119999999999999218, -1.025000000000000133 ) ) ;
#3810 = DIRECTION ( 'NONE',  ( 0.000000000000000000, 0.000000000000000000, 1.000000000000000000 ) ) ;
#3811 =( NAMED_UNIT ( * ) SI_UNIT ( $, .STERADIAN. ) SOLID_ANGLE_UNIT ( ) );
#3812 = DIRECTION ( 'NONE',  ( 1.000000000000000000, 0.000000000000000000, 0.000000000000000000 ) ) ;
#3813 = CARTESIAN_POINT ( 'NONE',  ( 2.160000000000000142, -0.3723944653317550202, -5.714999999999999858 ) ) ;
#3814 = LINE ( 'NONE', #5498, #3832 ) ;
#3815 = CARTESIAN_POINT ( 'NONE',  ( -1.520000000000000018, -8.419999999999999929, -10.11746870376959961 ) ) ;
#3816 = EDGE_CURVE ( 'NONE', #428, #4077, #3791, .T. ) ;
#3817 = SURFACE_STYLE_USAGE ( .BOTH. , #1149 ) ;
#3818 = CARTESIAN_POINT ( 'NONE',  ( 1.192307692307703837, -2.260567210567149932, 5.814999999999999503 ) ) ;
#3819 =( NAMED_UNIT ( * ) PLANE_ANGLE_UNIT ( ) SI_UNIT ( $, .RADIAN. ) );
#3820 = FILL_AREA_STYLE ('',( #3323 ) ) ;
#3821 = CARTESIAN_POINT ( 'NONE',  ( 2.160000000000000142, -5.120000000000000107, -4.845000000000000639 ) ) ;
#3822 = UNCERTAINTY_MEASURE_WITH_UNIT (LENGTH_MEASURE( 1.000000000000000082E-05 ), #3225, 'distance_accuracy_value', 'NONE');
#3823 = ORIENTED_EDGE ( 'NONE', *, *, #944, .F. ) ;
#3824 = PRESENTATION_STYLE_ASSIGNMENT (( #4341 ) ) ;
#3825 = ORIENTED_EDGE ( 'NONE', *, *, #3400, .T. ) ;
#3826 = SURFACE_STYLE_FILL_AREA ( #2608 ) ;
#3827 = FILL_AREA_STYLE ('',( #1271 ) ) ;
#3828 = VERTEX_POINT ( 'NONE', #661 ) ;
#3829 = EDGE_CURVE ( 'NONE', #4126, #229, #1899, .T. ) ;
#3830 = EDGE_CURVE ( 'NONE', #1603, #1867, #2277, .T. ) ;
#3831 = VERTEX_POINT ( 'NONE', #4031 ) ;
#3832 = VECTOR ( 'NONE', #5097, 1000.000000000000000 ) ;
#3833 = EDGE_LOOP ( 'NONE', ( #4642, #70, #3415, #4730 ) ) ;
#3834 = FILL_AREA_STYLE_COLOUR ( '', #4929 ) ;
#3835 = CARTESIAN_POINT ( 'NONE',  ( 1.449999999999999956, 5.083000000000000185, 6.884999999999999787 ) ) ;
#3836 = CARTESIAN_POINT ( 'NONE',  ( -1.520000000000000018, -7.420000000000000817, 1.015000000000000124 ) ) ;
#3837 =( NAMED_UNIT ( * ) SI_UNIT ( $, .STERADIAN. ) SOLID_ANGLE_UNIT ( ) );
#3838 = COLOUR_RGB ( '',0.7529411764705882248, 0.7529411764705882248, 0.7529411764705882248 ) ;
#3839 =( NAMED_UNIT ( * ) SI_UNIT ( $, .STERADIAN. ) SOLID_ANGLE_UNIT ( ) );
#3840 = LINE ( 'NONE', #3477, #3701 ) ;
#3841 = CARTESIAN_POINT ( 'NONE',  ( -2.160000000000000142, -7.119999999999999218, -16.22427834969624882 ) ) ;
#3842 = AXIS2_PLACEMENT_3D ( 'NONE', #814, #3900, #2223 ) ;
#3843 = SURFACE_STYLE_USAGE ( .BOTH. , #5234 ) ;
#3844 = CARTESIAN_POINT ( 'NONE',  ( 2.160000000000000142, -6.119999999999999218, -0.005000000000001530130 ) ) ;
#3845 = SURFACE_STYLE_FILL_AREA ( #3794 ) ;
#3846 = ORIENTED_EDGE ( 'NONE', *, *, #2553, .F. ) ;
#3847 = CARTESIAN_POINT ( 'NONE',  ( -2.160000000000000142, -7.620000000000000107, 2.295000000000000373 ) ) ;
#3848 = DIRECTION ( 'NONE',  ( -1.000000000000000000, 0.000000000000000000, 0.000000000000000000 ) ) ;
#3849 = FACE_OUTER_BOUND ( 'NONE', #2091, .T. ) ;
#3850 = FILL_AREA_STYLE_COLOUR ( '', #5283 ) ;
#3851 = VERTEX_POINT ( 'NONE', #1851 ) ;
#3852 = CARTESIAN_POINT ( 'NONE',  ( 1.576923076923089972, -2.363131313131250355, 5.814999999999999503 ) ) ;
#3853 = FILL_AREA_STYLE ('',( #5491 ) ) ;
#3854 = ORIENTED_EDGE ( 'NONE', *, *, #2117, .T. ) ;
#3855 = DIRECTION ( 'NONE',  ( 2.168404344971010101E-16, 1.000000000000000000, 0.000000000000000000 ) ) ;
#3856 = VERTEX_POINT ( 'NONE', #2387 ) ;
#3857 = VERTEX_POINT ( 'NONE', #3562 ) ;
#3858 = EDGE_LOOP ( 'NONE', ( #4402, #3846, #1463, #4254 ) ) ;
#3859 = LINE ( 'NONE', #612, #2557 ) ;
#3860 = EDGE_CURVE ( 'NONE', #2496, #2623, #1024, .T. ) ;
#3861 =( NAMED_UNIT ( * ) SI_UNIT ( $, .STERADIAN. ) SOLID_ANGLE_UNIT ( ) );
#3862 = STYLED_ITEM ( 'NONE', ( #2446 ), #1432 ) ;
#3863 = EDGE_CURVE ( 'NONE', #1813, #3249, #4435, .T. ) ;
#3864 = APPLICATION_PROTOCOL_DEFINITION ( 'draft international standard', 'automotive_design', 1998, #2318 ) ;
#3865 = ADVANCED_FACE ( 'NONE', ( #4895 ), #3663, .F. ) ;
#3866 = CARTESIAN_POINT ( 'NONE',  ( -1.520000000000000018, 4.583000000000000185, -4.065000000000000391 ) ) ;
#3867 = PRESENTATION_LAYER_ASSIGNMENT (  '', '', ( #1112 ) ) ;
#3868 = MECHANICAL_DESIGN_GEOMETRIC_PRESENTATION_REPRESENTATION (  '', ( #4686 ), #2997 ) ;
#3869 = UNCERTAINTY_MEASURE_WITH_UNIT (LENGTH_MEASURE( 1.000000000000000082E-05 ), #3022, 'distance_accuracy_value', 'NONE');
#3870 = CARTESIAN_POINT ( 'NONE',  ( 1.750000000000000000, -7.119999999999999218, 2.295000000000000373 ) ) ;
#3871 = ORIENTED_EDGE ( 'NONE', *, *, #1471, .F. ) ;
#3872 = PRESENTATION_STYLE_ASSIGNMENT (( #4740 ) ) ;
#3873 = PRESENTATION_LAYER_ASSIGNMENT (  '', '', ( #4332 ) ) ;
#3874 = FILL_AREA_STYLE_COLOUR ( '', #3260 ) ;
#3875 = SURFACE_STYLE_FILL_AREA ( #1755 ) ;
#3876 = AXIS2_PLACEMENT_3D ( 'NONE', #913, #2640, #2611 ) ;
#3877 = STYLED_ITEM ( 'NONE', ( #523 ), #683 ) ;
#3878 = DIRECTION ( 'NONE',  ( 1.000000000000000000, 0.000000000000000000, 0.000000000000000000 ) ) ;
#3879 = COLOUR_RGB ( '',0.2509803921568627416, 0.2509803921568627416, 0.2509803921568627416 ) ;
#3880 =( NAMED_UNIT ( * ) PLANE_ANGLE_UNIT ( ) SI_UNIT ( $, .RADIAN. ) );
#3881 = ORIENTED_EDGE ( 'NONE', *, *, #5018, .F. ) ;
#3882 = CARTESIAN_POINT ( 'NONE',  ( 1.520000000000000018, -6.412893218813461083, -1.525000000000000133 ) ) ;
#3883 = PLANE ( 'NONE',  #788 ) ;
#3884 = CARTESIAN_POINT ( 'NONE',  ( 0.000000000000000000, 0.002999999999999529952, 5.714999999999999858 ) ) ;
#3885 = AXIS2_PLACEMENT_3D ( 'NONE', #602, #1092, #1467 ) ;
#3886 =( NAMED_UNIT ( * ) PLANE_ANGLE_UNIT ( ) SI_UNIT ( $, .RADIAN. ) );
#3887 = MECHANICAL_DESIGN_GEOMETRIC_PRESENTATION_REPRESENTATION (  '', ( #4773 ), #4612 ) ;
#3888 = MECHANICAL_DESIGN_GEOMETRIC_PRESENTATION_REPRESENTATION (  '', ( #1391 ), #677 ) ;
#3889 = EDGE_LOOP ( 'NONE', ( #5483, #1287, #1887, #3373 ) ) ;
#3890 = ORIENTED_EDGE ( 'NONE', *, *, #3829, .F. ) ;
#3891 =( NAMED_UNIT ( * ) SI_UNIT ( $, .STERADIAN. ) SOLID_ANGLE_UNIT ( ) );
#3892 =( GEOMETRIC_REPRESENTATION_CONTEXT ( 3 ) GLOBAL_UNCERTAINTY_ASSIGNED_CONTEXT ( ( #4158 ) ) GLOBAL_UNIT_ASSIGNED_CONTEXT ( ( #2337, #4496, #3964 ) ) REPRESENTATION_CONTEXT ( 'NONE', 'WORKASPACE' ) );
#3893 = ORIENTED_EDGE ( 'NONE', *, *, #1103, .T. ) ;
#3894 = PLANE ( 'NONE',  #129 ) ;
#3895 = CARTESIAN_POINT ( 'NONE',  ( -1.520000000000000018, -6.412893218813461083, -10.11746870376959961 ) ) ;
#3896 = SURFACE_STYLE_FILL_AREA ( #102 ) ;
#3897 =( NAMED_UNIT ( * ) SI_UNIT ( $, .STERADIAN. ) SOLID_ANGLE_UNIT ( ) );
#3898 = VECTOR ( 'NONE', #5190, 1000.000000000000000 ) ;
#3899 = DIRECTION ( 'NONE',  ( 0.000000000000000000, 0.000000000000000000, -1.000000000000000000 ) ) ;
#3900 = DIRECTION ( 'NONE',  ( 0.000000000000000000, 3.469446951953615175E-16, -1.000000000000000000 ) ) ;
#3901 =( NAMED_UNIT ( * ) SI_UNIT ( $, .STERADIAN. ) SOLID_ANGLE_UNIT ( ) );
#3902 = FILL_AREA_STYLE_COLOUR ( '', #1655 ) ;
#3903 = CARTESIAN_POINT ( 'NONE',  ( 2.160000000000000142, -5.120000000000000107, -0.005000000000004240636 ) ) ;
#3904 = EDGE_CURVE ( 'NONE', #3720, #2928, #5028, .T. ) ;
#3905 = EDGE_CURVE ( 'NONE', #4649, #4989, #2643, .T. ) ;
#3906 = LINE ( 'NONE', #3463, #1892 ) ;
#3907 = ORIENTED_EDGE ( 'NONE', *, *, #3365, .T. ) ;
#3908 = UNCERTAINTY_MEASURE_WITH_UNIT (LENGTH_MEASURE( 1.000000000000000082E-05 ), #3534, 'distance_accuracy_value', 'NONE');
#3909 = CARTESIAN_POINT ( 'NONE',  ( -1.277036423998930248, 5.083000000000000185, -3.564999999999999947 ) ) ;
#3910 =( NAMED_UNIT ( * ) SI_UNIT ( $, .STERADIAN. ) SOLID_ANGLE_UNIT ( ) );
#3911 = CARTESIAN_POINT ( 'NONE',  ( -1.520000000000000018, -11.11999999999999922, -1.025000000000000133 ) ) ;
#3912 = SURFACE_STYLE_USAGE ( .BOTH. , #2261 ) ;
#3913 = SURFACE_STYLE_FILL_AREA ( #3799 ) ;
#3914 = LINE ( 'NONE', #4746, #4919 ) ;
#3915 = FILL_AREA_STYLE_COLOUR ( '', #159 ) ;
#3916 = LINE ( 'NONE', #2638, #2468 ) ;
#3917 = DIRECTION ( 'NONE',  ( -1.000000000000000000, 0.000000000000000000, 0.000000000000000000 ) ) ;
#3918 = VERTEX_POINT ( 'NONE', #1244 ) ;
#3919 = ORIENTED_EDGE ( 'NONE', *, *, #4248, .T. ) ;
#3920 = ORIENTED_EDGE ( 'NONE', *, *, #775, .T. ) ;
#3921 = CARTESIAN_POINT ( 'NONE',  ( -1.020000000000000018, -5.120000000000000995, -4.065000000000000391 ) ) ;
#3922 = CARTESIAN_POINT ( 'NONE',  ( 1.020000000000000018, -11.11999999999999922, -3.564999999999999947 ) ) ;
#3923 = PRESENTATION_STYLE_ASSIGNMENT (( #2221 ) ) ;
#3924 = CIRCLE ( 'NONE', #5079, 1.449999999999999956 ) ;
#3925 = SURFACE_SIDE_STYLE ('',( #2222 ) ) ;
#3926 = CARTESIAN_POINT ( 'NONE',  ( -1.520000000000000018, 7.620000000000000107, -3.564999999999999947 ) ) ;
#3927 = CARTESIAN_POINT ( 'NONE',  ( -1.750000000000000000, -7.620000000000000107, 2.295000000000000373 ) ) ;
#3928 = PRESENTATION_LAYER_ASSIGNMENT (  '', '', ( #2598 ) ) ;
#3929 = PLANE ( 'NONE',  #950 ) ;
#3930 = PLANE ( 'NONE',  #1993 ) ;
#3931 = STYLED_ITEM ( 'NONE', ( #2814 ), #2203 ) ;
#3932 = CARTESIAN_POINT ( 'NONE',  ( -1.449999999999999956, 5.083000000000000185, 5.714999999999999858 ) ) ;
#3933 = DIRECTION ( 'NONE',  ( 0.000000000000000000, 0.000000000000000000, -1.000000000000000000 ) ) ;
#3934 = ORIENTED_EDGE ( 'NONE', *, *, #3660, .F. ) ;
#3935 = EDGE_CURVE ( 'NONE', #36, #1151, #1547, .T. ) ;
#3936 = PLANE ( 'NONE',  #1136 ) ;
#3937 = EDGE_CURVE ( 'NONE', #400, #974, #4973, .T. ) ;
#3938 = VECTOR ( 'NONE', #3071, 1000.000000000000000 ) ;
#3939 = LINE ( 'NONE', #4396, #3191 ) ;
#3940 = COLOUR_RGB ( '',0.7529411764705882248, 0.7529411764705882248, 0.7529411764705882248 ) ;
#3942 = ORIENTED_EDGE ( 'NONE', *, *, #3982, .T. ) ;
#3941 = LINE ( 'NONE', #563, #1388 ) ;
#3943 = VERTEX_POINT ( 'NONE', #4943 ) ;
#3944 =( NAMED_UNIT ( * ) SI_UNIT ( $, .STERADIAN. ) SOLID_ANGLE_UNIT ( ) );
#3945 = LINE ( 'NONE', #123, #1402 ) ;
#3946 = EDGE_CURVE ( 'NONE', #3282, #172, #1654, .T. ) ;
#3947 = AXIS2_PLACEMENT_3D ( 'NONE', #3768, #2946, #1626 ) ;
#3948 = ORIENTED_EDGE ( 'NONE', *, *, #4136, .T. ) ;
#3949 = ORIENTED_EDGE ( 'NONE', *, *, #670, .F. ) ;
#3950 = PRESENTATION_STYLE_ASSIGNMENT (( #2275 ) ) ;
#3951 = VECTOR ( 'NONE', #3672, 1000.000000000000000 ) ;
#3952 = CARTESIAN_POINT ( 'NONE',  ( 1.520000000000000018, -7.620000000000000107, -4.845000000000000639 ) ) ;
#3953 =( NAMED_UNIT ( * ) PLANE_ANGLE_UNIT ( ) SI_UNIT ( $, .RADIAN. ) );
#3954 = DIRECTION ( 'NONE',  ( 1.000000000000000000, 0.000000000000000000, 0.000000000000000000 ) ) ;
#3955 = DIRECTION ( 'NONE',  ( 0.000000000000000000, 0.000000000000000000, -1.000000000000000000 ) ) ;
#3956 = DIRECTION ( 'NONE',  ( 1.000000000000000000, 0.000000000000000000, 0.000000000000000000 ) ) ;
#3957 = EDGE_CURVE ( 'NONE', #4941, #4126, #5408, .T. ) ;
#3958 = DIRECTION ( 'NONE',  ( -1.000000000000000000, 0.000000000000000000, 0.000000000000000000 ) ) ;
#3959 = SURFACE_STYLE_FILL_AREA ( #2257 ) ;
#3960 = MECHANICAL_DESIGN_GEOMETRIC_PRESENTATION_REPRESENTATION (  '', ( #3165 ), #1808 ) ;
#3961 = CARTESIAN_POINT ( 'NONE',  ( 0.000000000000000000, 1.453000000000000069, 5.714999999999999858 ) ) ;
#3962 = ORIENTED_EDGE ( 'NONE', *, *, #1682, .F. ) ;
#3963 = PRESENTATION_STYLE_ASSIGNMENT (( #1456 ) ) ;
#3964 =( NAMED_UNIT ( * ) SI_UNIT ( $, .STERADIAN. ) SOLID_ANGLE_UNIT ( ) );
#3965 = ORIENTED_EDGE ( 'NONE', *, *, #3108, .T. ) ;
#3966 = LINE ( 'NONE', #1840, #5309 ) ;
#3967 =( LENGTH_UNIT ( ) NAMED_UNIT ( * ) SI_UNIT ( .MILLI., .METRE. ) );
#3968 =( GEOMETRIC_REPRESENTATION_CONTEXT ( 3 ) GLOBAL_UNCERTAINTY_ASSIGNED_CONTEXT ( ( #5447 ) ) GLOBAL_UNIT_ASSIGNED_CONTEXT ( ( #3195, #3082, #1011 ) ) REPRESENTATION_CONTEXT ( 'NONE', 'WORKASPACE' ) );
#3969 = MECHANICAL_DESIGN_GEOMETRIC_PRESENTATION_REPRESENTATION (  '', ( #3181 ), #4050 ) ;
#3970 = CARTESIAN_POINT ( 'NONE',  ( 1.192307692307703837, -2.260567210567149932, 5.814999999999999503 ) ) ;
#3971 = ORIENTED_EDGE ( 'NONE', *, *, #776, .F. ) ;
#3972 = PRESENTATION_STYLE_ASSIGNMENT (( #3605 ) ) ;
#3973 = PLANE ( 'NONE',  #506 ) ;
#3974 = EDGE_LOOP ( 'NONE', ( #1204, #4194, #1502, #1949 ) ) ;
#3975 = PRESENTATION_LAYER_ASSIGNMENT (  '', '', ( #2363 ) ) ;
#3976 = VECTOR ( 'NONE', #2150, 1000.000000000000000 ) ;
#3977 =( GEOMETRIC_REPRESENTATION_CONTEXT ( 3 ) GLOBAL_UNCERTAINTY_ASSIGNED_CONTEXT ( ( #383 ) ) GLOBAL_UNIT_ASSIGNED_CONTEXT ( ( #1445, #4460, #4482 ) ) REPRESENTATION_CONTEXT ( 'NONE', 'WORKASPACE' ) );
#3978 = AXIS2_PLACEMENT_3D ( 'NONE', #1034, #2759, #699 ) ;
#3979 = ORIENTED_EDGE ( 'NONE', *, *, #121, .F. ) ;
#3980 = SURFACE_SIDE_STYLE ('',( #2319 ) ) ;
#3981 = EDGE_CURVE ( 'NONE', #760, #3761, #5379, .T. ) ;
#3982 = EDGE_CURVE ( 'NONE', #4221, #389, #3308, .T. ) ;
#3983 =( GEOMETRIC_REPRESENTATION_CONTEXT ( 3 ) GLOBAL_UNCERTAINTY_ASSIGNED_CONTEXT ( ( #4633 ) ) GLOBAL_UNIT_ASSIGNED_CONTEXT ( ( #5334, #3074, #133 ) ) REPRESENTATION_CONTEXT ( 'NONE', 'WORKASPACE' ) );
#3984 = VECTOR ( 'NONE', #4452, 1000.000000000000000 ) ;
#3985 =( NAMED_UNIT ( * ) PLANE_ANGLE_UNIT ( ) SI_UNIT ( $, .RADIAN. ) );
#3986 = CARTESIAN_POINT ( 'NONE',  ( 2.160000000000000142, -0.3723944653317580178, -4.845000000000000639 ) ) ;
#3987 =( GEOMETRIC_REPRESENTATION_CONTEXT ( 3 ) GLOBAL_UNCERTAINTY_ASSIGNED_CONTEXT ( ( #3386 ) ) GLOBAL_UNIT_ASSIGNED_CONTEXT ( ( #5184, #4769, #4696 ) ) REPRESENTATION_CONTEXT ( 'NONE', 'WORKASPACE' ) );
#3988 = SURFACE_SIDE_STYLE ('',( #4437 ) ) ;
#3989 =( NAMED_UNIT ( * ) PLANE_ANGLE_UNIT ( ) SI_UNIT ( $, .RADIAN. ) );
#3990 = DIRECTION ( 'NONE',  ( -1.000000000000000000, 0.000000000000000000, 0.000000000000000000 ) ) ;
#3991 = DIRECTION ( 'NONE',  ( 1.000000000000000000, 0.000000000000000000, 0.000000000000000000 ) ) ;
#3992 = VECTOR ( 'NONE', #3250, 1000.000000000000000 ) ;
#3993 = DIRECTION ( 'NONE',  ( 1.000000000000000000, 0.000000000000000000, 0.000000000000000000 ) ) ;
#3994 = ORIENTED_EDGE ( 'NONE', *, *, #845, .F. ) ;
#3995 = DIRECTION ( 'NONE',  ( -1.000000000000000000, 0.000000000000000000, 0.000000000000000000 ) ) ;
#3996 = CARTESIAN_POINT ( 'NONE',  ( -1.619999999999999885, -7.420000000000000817, -0.2056555615733750009 ) ) ;
#3998 = VERTEX_POINT ( 'NONE', #4647 ) ;
#3997 = CARTESIAN_POINT ( 'NONE',  ( 0.9200000000000000400, -8.693396881765760753, -0.2056555615733750009 ) ) ;
#3999 = ORIENTED_EDGE ( 'NONE', *, *, #1859, .T. ) ;
#4000 = CARTESIAN_POINT ( 'NONE',  ( -1.153846153846141975, -2.542618492618445192, 5.814999999999999503 ) ) ;
#4001 = FACE_OUTER_BOUND ( 'NONE', #2125, .T. ) ;
#4002 = ORIENTED_EDGE ( 'NONE', *, *, #4982, .F. ) ;
#4003 = EDGE_LOOP ( 'NONE', ( #682, #4834, #5352, #4867 ) ) ;
#4004 = EDGE_CURVE ( 'NONE', #2463, #397, #2834, .T. ) ;
#4005 = FILL_AREA_STYLE ('',( #4408 ) ) ;
#4006 = CARTESIAN_POINT ( 'NONE',  ( -2.160000000000000142, -6.119999999999999218, 2.295000000000000373 ) ) ;
#4007 = UNCERTAINTY_MEASURE_WITH_UNIT (LENGTH_MEASURE( 1.000000000000000082E-05 ), #2932, 'distance_accuracy_value', 'NONE');
#4008 = EDGE_CURVE ( 'NONE', #1216, #1812, #740, .T. ) ;
#4009 = CARTESIAN_POINT ( 'NONE',  ( 2.160000000000000142, -6.119999999999999218, -0.005000000000001530130 ) ) ;
#4010 = VECTOR ( 'NONE', #5090, 1000.000000000000000 ) ;
#4011 = FILL_AREA_STYLE ('',( #2309 ) ) ;
#4012 =( NAMED_UNIT ( * ) SI_UNIT ( $, .STERADIAN. ) SOLID_ANGLE_UNIT ( ) );
#4013 = CARTESIAN_POINT ( 'NONE',  ( 1.020000000000000018, -6.412893218813461083, -10.11746870376959961 ) ) ;
#4014 = ADVANCED_FACE ( 'NONE', ( #4566 ), #2035, .T. ) ;
#4015 = PRESENTATION_LAYER_ASSIGNMENT (  '', '', ( #1610 ) ) ;
#4016 = FILL_AREA_STYLE_COLOUR ( '', #356 ) ;
#4018 = ORIENTED_EDGE ( 'NONE', *, *, #1012, .T. ) ;
#4017 = DIRECTION ( 'NONE',  ( -1.000000000000000000, 0.000000000000000000, 0.000000000000000000 ) ) ;
#4019 = ORIENTED_EDGE ( 'NONE', *, *, #3981, .F. ) ;
#4020 = MECHANICAL_DESIGN_GEOMETRIC_PRESENTATION_REPRESENTATION (  '', ( #3317 ), #3589 ) ;
#4021 = CARTESIAN_POINT ( 'NONE',  ( 1.750000000000000000, -7.620000000000000107, 2.295000000000000373 ) ) ;
#4022 = DIRECTION ( 'NONE',  ( 1.000000000000000000, -0.000000000000000000, 0.000000000000000000 ) ) ;
#4023 = UNCERTAINTY_MEASURE_WITH_UNIT (LENGTH_MEASURE( 1.000000000000000082E-05 ), #2833, 'distance_accuracy_value', 'NONE');
#4024 = EDGE_CURVE ( 'NONE', #3053, #4840, #3369, .T. ) ;
#4025 = ORIENTED_EDGE ( 'NONE', *, *, #256, .T. ) ;
#4026 = STYLED_ITEM ( 'NONE', ( #3424 ), #2613 ) ;
#4027 = VERTEX_POINT ( 'NONE', #3803 ) ;
#4028 = FILL_AREA_STYLE ('',( #2272 ) ) ;
#4029 = VERTEX_POINT ( 'NONE', #1727 ) ;
#4030 = DIRECTION ( 'NONE',  ( 0.000000000000000000, 0.000000000000000000, -1.000000000000000000 ) ) ;
#4031 = CARTESIAN_POINT ( 'NONE',  ( -1.520000000000000018, 7.620000000000000107, -5.714999999999999858 ) ) ;
#4032 =( GEOMETRIC_REPRESENTATION_CONTEXT ( 3 ) GLOBAL_UNCERTAINTY_ASSIGNED_CONTEXT ( ( #2344 ) ) GLOBAL_UNIT_ASSIGNED_CONTEXT ( ( #127, #2153, #38 ) ) REPRESENTATION_CONTEXT ( 'NONE', 'WORKASPACE' ) );
#4033 =( LENGTH_UNIT ( ) NAMED_UNIT ( * ) SI_UNIT ( .MILLI., .METRE. ) );
#4034 = CARTESIAN_POINT ( 'NONE',  ( 1.192307692307703837, -2.363131313131250355, 5.714999999999999858 ) ) ;
#4035 = EDGE_CURVE ( 'NONE', #2296, #4892, #912, .T. ) ;
#4036 = DIRECTION ( 'NONE',  ( 0.000000000000000000, -1.000000000000000000, 0.000000000000000000 ) ) ;
#4037 = CARTESIAN_POINT ( 'NONE',  ( -2.160000000000000142, -6.119999999999999218, -0.005000000000001530130 ) ) ;
#4038 = ADVANCED_FACE ( 'NONE', ( #2121 ), #1297, .F. ) ;
#4039 = CARTESIAN_POINT ( 'NONE',  ( -2.160000000000000142, -0.3723944653317580178, -4.845000000000000639 ) ) ;
#4040 = MECHANICAL_DESIGN_GEOMETRIC_PRESENTATION_REPRESENTATION (  '', ( #1897 ), #1022 ) ;
#4041 = PRESENTATION_STYLE_ASSIGNMENT (( #2338 ) ) ;
#4042 = EDGE_LOOP ( 'NONE', ( #5413, #1590, #2554, #1267 ) ) ;
#4043 = CARTESIAN_POINT ( 'NONE',  ( 1.020000000000000018, -7.119999999999999218, -10.11746870376959961 ) ) ;
#4044 = AXIS2_PLACEMENT_3D ( 'NONE', #2667, #4371, #538 ) ;
#4045 = LINE ( 'NONE', #227, #5302 ) ;
#4046 =( LENGTH_UNIT ( ) NAMED_UNIT ( * ) SI_UNIT ( .MILLI., .METRE. ) );
#4047 = VERTEX_POINT ( 'NONE', #887 ) ;
#4048 =( GEOMETRIC_REPRESENTATION_CONTEXT ( 3 ) GLOBAL_UNCERTAINTY_ASSIGNED_CONTEXT ( ( #4174 ) ) GLOBAL_UNIT_ASSIGNED_CONTEXT ( ( #5349, #4967, #1643 ) ) REPRESENTATION_CONTEXT ( 'NONE', 'WORKASPACE' ) );
#4049 = EDGE_LOOP ( 'NONE', ( #3606, #4533, #3533, #5273 ) ) ;
#4050 =( GEOMETRIC_REPRESENTATION_CONTEXT ( 3 ) GLOBAL_UNCERTAINTY_ASSIGNED_CONTEXT ( ( #5069 ) ) GLOBAL_UNIT_ASSIGNED_CONTEXT ( ( #2226, #1835, #1367 ) ) REPRESENTATION_CONTEXT ( 'NONE', 'WORKASPACE' ) );
#4051 = FILL_AREA_STYLE_COLOUR ( '', #502 ) ;
#4052 = MECHANICAL_DESIGN_GEOMETRIC_PRESENTATION_REPRESENTATION (  '', ( #138 ), #1828 ) ;
#4053 = ORIENTED_EDGE ( 'NONE', *, *, #4523, .T. ) ;
#4054 =( NAMED_UNIT ( * ) SI_UNIT ( $, .STERADIAN. ) SOLID_ANGLE_UNIT ( ) );
#4055 = SURFACE_STYLE_FILL_AREA ( #3212 ) ;
#4056 = SURFACE_STYLE_USAGE ( .BOTH. , #2353 ) ;
#4057 = CARTESIAN_POINT ( 'NONE',  ( 1.449999999999999956, -5.076999999999999957, 6.884999999999999787 ) ) ;
#4058 =( GEOMETRIC_REPRESENTATION_CONTEXT ( 3 ) GLOBAL_UNCERTAINTY_ASSIGNED_CONTEXT ( ( #3781 ) ) GLOBAL_UNIT_ASSIGNED_CONTEXT ( ( #126, #180, #5227 ) ) REPRESENTATION_CONTEXT ( 'NONE', 'WORKASPACE' ) );
#4059 = MECHANICAL_DESIGN_GEOMETRIC_PRESENTATION_REPRESENTATION (  '', ( #2000 ), #3977 ) ;
#4060 = UNCERTAINTY_MEASURE_WITH_UNIT (LENGTH_MEASURE( 1.000000000000000082E-05 ), #650, 'distance_accuracy_value', 'NONE');
#4061 = VECTOR ( 'NONE', #5177, 1000.000000000000000 ) ;
#4062 = AXIS2_PLACEMENT_3D ( 'NONE', #4742, #3878, #1757 ) ;
#4063 = FILL_AREA_STYLE_COLOUR ( '', #1956 ) ;
#4064 = DIRECTION ( 'NONE',  ( 1.000000000000000000, 0.000000000000000000, 8.673617379884029556E-16 ) ) ;
#4065 = MECHANICAL_DESIGN_GEOMETRIC_PRESENTATION_REPRESENTATION (  '', ( #1131 ), #3275 ) ;
#4066 = PRESENTATION_LAYER_ASSIGNMENT (  '', '', ( #2374 ) ) ;
#4067 = STYLED_ITEM ( 'NONE', ( #1991 ), #5194 ) ;
#4068 = SURFACE_STYLE_FILL_AREA ( #671 ) ;
#4069 = FILL_AREA_STYLE ('',( #4981 ) ) ;
#4070 = EDGE_CURVE ( 'NONE', #3209, #444, #4673, .T. ) ;
#4071 =( GEOMETRIC_REPRESENTATION_CONTEXT ( 3 ) GLOBAL_UNCERTAINTY_ASSIGNED_CONTEXT ( ( #3329 ) ) GLOBAL_UNIT_ASSIGNED_CONTEXT ( ( #2143, #1420, #1726 ) ) REPRESENTATION_CONTEXT ( 'NONE', 'WORKASPACE' ) );
#4072 = EDGE_CURVE ( 'NONE', #5326, #1154, #970, .T. ) ;
#4073 = PLANE ( 'NONE',  #5224 ) ;
#4074 = CARTESIAN_POINT ( 'NONE',  ( -1.520000000000000018, -7.620000000000000107, -4.845000000000000639 ) ) ;
#4076 = ORIENTED_EDGE ( 'NONE', *, *, #1633, .F. ) ;
#4075 = CARTESIAN_POINT ( 'NONE',  ( -1.020000000000000018, 4.583000000000000185, -4.065000000000000391 ) ) ;
#4077 = VERTEX_POINT ( 'NONE', #2174 ) ;
#4078 = VERTEX_POINT ( 'NONE', #4280 ) ;
#4079 = ORIENTED_EDGE ( 'NONE', *, *, #4861, .T. ) ;
#4080 = ORIENTED_EDGE ( 'NONE', *, *, #3163, .T. ) ;
#4081 = DIRECTION ( 'NONE',  ( 0.000000000000000000, 0.000000000000000000, -1.000000000000000000 ) ) ;
#4082 =( NAMED_UNIT ( * ) PLANE_ANGLE_UNIT ( ) SI_UNIT ( $, .RADIAN. ) );
#4083 = FILL_AREA_STYLE_COLOUR ( '', #3590 ) ;
#4084 = LINE ( 'NONE', #3235, #1306 ) ;
#4085 =( NAMED_UNIT ( * ) SI_UNIT ( $, .STERADIAN. ) SOLID_ANGLE_UNIT ( ) );
#4086 = DIRECTION ( 'NONE',  ( 1.000000000000000000, 0.000000000000000000, 0.000000000000000000 ) ) ;
#4087 = PRESENTATION_STYLE_ASSIGNMENT (( #5337 ) ) ;
#4088 = FILL_AREA_STYLE_COLOUR ( '', #3153 ) ;
#4089 = CARTESIAN_POINT ( 'NONE',  ( 1.520000000000000018, -11.11999999999999922, -10.11746870376959961 ) ) ;
#4090 = DIRECTION ( 'NONE',  ( 0.000000000000000000, -1.000000000000000000, -3.469446951953615175E-16 ) ) ;
#4091 = CARTESIAN_POINT ( 'NONE',  ( -1.520000000000000018, -6.412893218813461083, -10.11746870376959961 ) ) ;
#4093 = EDGE_LOOP ( 'NONE', ( #432, #5035, #86, #1233, #5368, #2469, #1539, #3743, #3738, #5375, #2751, #4910 ) ) ;
#4092 =( LENGTH_UNIT ( ) NAMED_UNIT ( * ) SI_UNIT ( .MILLI., .METRE. ) );
#4094 = ORIENTED_EDGE ( 'NONE', *, *, #1051, .F. ) ;
#4095 = EDGE_CURVE ( 'NONE', #2082, #2639, #3916, .T. ) ;
#4096 = FILL_AREA_STYLE ('',( #734 ) ) ;
#4097 = VECTOR ( 'NONE', #4545, 1000.000000000000000 ) ;
#4098 = PLANE ( 'NONE',  #1644 ) ;
#4099 = EDGE_LOOP ( 'NONE', ( #5220, #1232, #2772, #337 ) ) ;
#4100 = PRESENTATION_STYLE_ASSIGNMENT (( #2829 ) ) ;
#4101 = SURFACE_STYLE_USAGE ( .BOTH. , #3337 ) ;
#4102 = SURFACE_SIDE_STYLE ('',( #2408 ) ) ;
#4103 = EDGE_CURVE ( 'NONE', #2060, #1498, #5131, .T. ) ;
#4104 =( NAMED_UNIT ( * ) PLANE_ANGLE_UNIT ( ) SI_UNIT ( $, .RADIAN. ) );
#4105 = PRESENTATION_STYLE_ASSIGNMENT (( #2409 ) ) ;
#4106 = STYLED_ITEM ( 'NONE', ( #1339 ), #2433 ) ;
#4107 = CARTESIAN_POINT ( 'NONE',  ( -3.966440926441800130, -7.420000000000000817, 1.515000000000000124 ) ) ;
#4108 = CARTESIAN_POINT ( 'NONE',  ( 1.020000000000000462, -5.120000000000000107, -4.065000000000000391 ) ) ;
#4109 = ORIENTED_EDGE ( 'NONE', *, *, #1405, .F. ) ;
#4110 = LINE ( 'NONE', #3809, #4010 ) ;
#4111 = CARTESIAN_POINT ( 'NONE',  ( 1.020000000000000018, 7.620000000000000107, -3.564999999999999947 ) ) ;
#4112 = MECHANICAL_DESIGN_GEOMETRIC_PRESENTATION_REPRESENTATION (  '', ( #4572 ), #922 ) ;
#4113 =( LENGTH_UNIT ( ) NAMED_UNIT ( * ) SI_UNIT ( .MILLI., .METRE. ) );
#4114 = VECTOR ( 'NONE', #5332, 1000.000000000000000 ) ;
#4115 = PRESENTATION_STYLE_ASSIGNMENT (( #1534 ) ) ;
#4116 = UNCERTAINTY_MEASURE_WITH_UNIT (LENGTH_MEASURE( 1.000000000000000082E-05 ), #5325, 'distance_accuracy_value', 'NONE');
#4117 = FILL_AREA_STYLE ('',( #5072 ) ) ;
#4118 = FACE_OUTER_BOUND ( 'NONE', #22, .T. ) ;
#4120 = ORIENTED_EDGE ( 'NONE', *, *, #960, .F. ) ;
#4119 = DIRECTION ( 'NONE',  ( 1.000000000000000000, 0.000000000000000000, 0.000000000000000000 ) ) ;
#4121 = EDGE_LOOP ( 'NONE', ( #3979, #572, #5296, #125 ) ) ;
#4122 = SURFACE_STYLE_USAGE ( .BOTH. , #4557 ) ;
#4123 = SURFACE_STYLE_USAGE ( .BOTH. , #2826 ) ;
#4124 = MECHANICAL_DESIGN_GEOMETRIC_PRESENTATION_REPRESENTATION (  '', ( #1021 ), #3509 ) ;
#4125 = MECHANICAL_DESIGN_GEOMETRIC_PRESENTATION_REPRESENTATION (  '', ( #3067 ), #5199 ) ;
#4126 = VERTEX_POINT ( 'NONE', #452 ) ;
#4127 = VERTEX_POINT ( 'NONE', #2560 ) ;
#4128 = MECHANICAL_DESIGN_GEOMETRIC_PRESENTATION_REPRESENTATION (  '', ( #3085 ), #1196 ) ;
#4129 =( NAMED_UNIT ( * ) PLANE_ANGLE_UNIT ( ) SI_UNIT ( $, .RADIAN. ) );
#4130 = SURFACE_STYLE_USAGE ( .BOTH. , #2472 ) ;
#4131 = CARTESIAN_POINT ( 'NONE',  ( -1.243589743589730068, -2.247746697746650035, 5.814999999999999503 ) ) ;
#4132 = SURFACE_STYLE_USAGE ( .BOTH. , #3771 ) ;
#4133 = VECTOR ( 'NONE', #5396, 1000.000000000000000 ) ;
#4134 =( GEOMETRIC_REPRESENTATION_CONTEXT ( 3 ) GLOBAL_UNCERTAINTY_ASSIGNED_CONTEXT ( ( #4060 ) ) GLOBAL_UNIT_ASSIGNED_CONTEXT ( ( #650, #3555, #5240 ) ) REPRESENTATION_CONTEXT ( 'NONE', 'WORKASPACE' ) );
#4135 = ADVANCED_FACE ( 'NONE', ( #855 ), #66, .F. ) ;
#4136 = EDGE_CURVE ( 'NONE', #4966, #36, #2768, .T. ) ;
#4137 = DIRECTION ( 'NONE',  ( 0.000000000000000000, 1.228521068536771930E-16, -1.000000000000000000 ) ) ;
#4138 = FILL_AREA_STYLE_COLOUR ( '', #1080 ) ;
#4139 =( LENGTH_UNIT ( ) NAMED_UNIT ( * ) SI_UNIT ( .MILLI., .METRE. ) );
#4140 = STYLED_ITEM ( 'NONE', ( #332 ), #4489 ) ;
#4141 = VECTOR ( 'NONE', #1981, 1000.000000000000000 ) ;
#4142 =( LENGTH_UNIT ( ) NAMED_UNIT ( * ) SI_UNIT ( .MILLI., .METRE. ) );
#4143 = CLOSED_SHELL ( 'NONE', ( #3552, #4423, #2052, #1174, #14, #5206, #4394, #2613 ) ) ;
#4144 = VECTOR ( 'NONE', #1959, 1000.000000000000000 ) ;
#4145 = MECHANICAL_DESIGN_GEOMETRIC_PRESENTATION_REPRESENTATION (  '', ( #3877 ), #1648 ) ;
#4146 = VECTOR ( 'NONE', #4682, 1000.000000000000000 ) ;
#4147 = MECHANICAL_DESIGN_GEOMETRIC_PRESENTATION_REPRESENTATION (  '', ( #768 ), #233 ) ;
#4148 = SURFACE_SIDE_STYLE ('',( #1166 ) ) ;
#4149 =( NAMED_UNIT ( * ) SI_UNIT ( $, .STERADIAN. ) SOLID_ANGLE_UNIT ( ) );
#4150 =( GEOMETRIC_REPRESENTATION_CONTEXT ( 3 ) GLOBAL_UNCERTAINTY_ASSIGNED_CONTEXT ( ( #423 ) ) GLOBAL_UNIT_ASSIGNED_CONTEXT ( ( #4560, #279, #4968 ) ) REPRESENTATION_CONTEXT ( 'NONE', 'WORKASPACE' ) );
#4151 = COLOUR_RGB ( '',0.7529411764705882248, 0.7529411764705882248, 0.7529411764705882248 ) ;
#4152 = FACE_OUTER_BOUND ( 'NONE', #4245, .T. ) ;
#4153 = ADVANCED_FACE ( 'NONE', ( #1928 ), #3171, .T. ) ;
#4154 = CARTESIAN_POINT ( 'NONE',  ( 2.160000000000000142, -5.120000000000000107, -0.005000000000004240636 ) ) ;
#4155 = EDGE_LOOP ( 'NONE', ( #3303, #3224, #3340, #3229 ) ) ;
#4156 = ORIENTED_EDGE ( 'NONE', *, *, #1779, .F. ) ;
#4157 = PRESENTATION_STYLE_ASSIGNMENT (( #2429 ) ) ;
#4158 = UNCERTAINTY_MEASURE_WITH_UNIT (LENGTH_MEASURE( 1.000000000000000082E-05 ), #2337, 'distance_accuracy_value', 'NONE');
#4159 = FILL_AREA_STYLE_COLOUR ( '', #1837 ) ;
#4160 = ORIENTED_EDGE ( 'NONE', *, *, #2669, .F. ) ;
#4161 = FILL_AREA_STYLE ('',( #4051 ) ) ;
#4162 = PLANE ( 'NONE',  #3947 ) ;
#4163 = DIRECTION ( 'NONE',  ( 0.000000000000000000, -5.072290865429260706E-16, -1.000000000000000000 ) ) ;
#4164 = LINE ( 'NONE', #3392, #1211 ) ;
#4165 = CARTESIAN_POINT ( 'NONE',  ( -1.153846153846141975, -1.863131313131265010, 5.814999999999999503 ) ) ;
#4166 = ORIENTED_EDGE ( 'NONE', *, *, #1816, .T. ) ;
#4167 = CARTESIAN_POINT ( 'NONE',  ( -1.619999999999999885, -8.693396881765760753, -0.2056555615733750009 ) ) ;
#4168 = DIRECTION ( 'NONE',  ( -1.000000000000000000, 0.000000000000000000, 0.000000000000000000 ) ) ;
#4169 = PRESENTATION_STYLE_ASSIGNMENT (( #2128 ) ) ;
#4170 = EDGE_CURVE ( 'NONE', #1236, #934, #1889, .T. ) ;
#4171 = EDGE_CURVE ( 'NONE', #371, #1236, #2240, .T. ) ;
#4172 = EDGE_CURVE ( 'NONE', #3422, #652, #1017, .T. ) ;
#4173 = PLANE ( 'NONE',  #2450 ) ;
#4174 = UNCERTAINTY_MEASURE_WITH_UNIT (LENGTH_MEASURE( 1.000000000000000082E-05 ), #5349, 'distance_accuracy_value', 'NONE');
#4175 =( NAMED_UNIT ( * ) PLANE_ANGLE_UNIT ( ) SI_UNIT ( $, .RADIAN. ) );
#4176 = UNCERTAINTY_MEASURE_WITH_UNIT (LENGTH_MEASURE( 1.000000000000000082E-05 ), #2252, 'distance_accuracy_value', 'NONE');
#4177 =( LENGTH_UNIT ( ) NAMED_UNIT ( * ) SI_UNIT ( .MILLI., .METRE. ) );
#4178 = LINE ( 'NONE', #876, #2820 ) ;
#4179 = LINE ( 'NONE', #877, #98 ) ;
#4180 = ORIENTED_EDGE ( 'NONE', *, *, #5044, .T. ) ;
#4181 = ORIENTED_EDGE ( 'NONE', *, *, #3757, .T. ) ;
#4182 = DIRECTION ( 'NONE',  ( -0.000000000000000000, 1.000000000000000000, 0.000000000000000000 ) ) ;
#4183 = CARTESIAN_POINT ( 'NONE',  ( 1.520000000000000018, -5.120000000000000107, -4.845000000000000639 ) ) ;
#4184 = CIRCLE ( 'NONE', #2227, 1.449999999999999956 ) ;
#4185 = ORIENTED_EDGE ( 'NONE', *, *, #2126, .T. ) ;
#4186 = CARTESIAN_POINT ( 'NONE',  ( 2.160000000000000142, -7.119999999999999218, -16.22427834969624882 ) ) ;
#4187 = ORIENTED_EDGE ( 'NONE', *, *, #1525, .F. ) ;
#4188 =( NAMED_UNIT ( * ) PLANE_ANGLE_UNIT ( ) SI_UNIT ( $, .RADIAN. ) );
#4189 = PRESENTATION_LAYER_ASSIGNMENT (  '', '', ( #1873 ) ) ;
#4190 = EDGE_CURVE ( 'NONE', #422, #5147, #4859, .T. ) ;
#4191 = DIRECTION ( 'NONE',  ( 0.000000000000000000, 0.000000000000000000, -1.000000000000000000 ) ) ;
#4192 = DIRECTION ( 'NONE',  ( -1.000000000000000000, 0.000000000000000000, 0.000000000000000000 ) ) ;
#4193 = CIRCLE ( 'NONE', #3148, 1.449999999999999956 ) ;
#4194 = ORIENTED_EDGE ( 'NONE', *, *, #2700, .T. ) ;
#4195 = PLANE ( 'NONE',  #497 ) ;
#4196 = CARTESIAN_POINT ( 'NONE',  ( 1.750000000000000000, -7.620000000000000107, -16.22427834969624882 ) ) ;
#4197 =( NAMED_UNIT ( * ) PLANE_ANGLE_UNIT ( ) SI_UNIT ( $, .RADIAN. ) );
#4198 = LINE ( 'NONE', #2616, #5179 ) ;
#4199 = FILL_AREA_STYLE ('',( #348 ) ) ;
#4200 = CARTESIAN_POINT ( 'NONE',  ( 1.619999999999999885, -7.420000000000000817, 1.515000000000000124 ) ) ;
#4201 =( GEOMETRIC_REPRESENTATION_CONTEXT ( 3 ) GLOBAL_UNCERTAINTY_ASSIGNED_CONTEXT ( ( #5183 ) ) GLOBAL_UNIT_ASSIGNED_CONTEXT ( ( #2706, #4815, #4292 ) ) REPRESENTATION_CONTEXT ( 'NONE', 'WORKASPACE' ) );
#4202 = MECHANICAL_DESIGN_GEOMETRIC_PRESENTATION_REPRESENTATION (  '', ( #353 ), #1773 ) ;
#4203 = MECHANICAL_DESIGN_GEOMETRIC_PRESENTATION_REPRESENTATION (  '', ( #4026 ), #2147 ) ;
#4204 = CARTESIAN_POINT ( 'NONE',  ( -1.277036423998930248, -6.412893218813461083, -1.025000000000000133 ) ) ;
#4205 = SURFACE_SIDE_STYLE ('',( #331 ) ) ;
#4206 = CARTESIAN_POINT ( 'NONE',  ( 1.020000000000000018, -6.412893218813461083, 1.015000000000000124 ) ) ;
#4207 = CARTESIAN_POINT ( 'NONE',  ( -1.277036423998930248, 5.083000000000000185, -4.065000000000000391 ) ) ;
#4208 = EDGE_CURVE ( 'NONE', #2463, #2296, #5221, .T. ) ;
#4209 = EDGE_CURVE ( 'NONE', #1603, #2949, #122, .T. ) ;
#4210 = VECTOR ( 'NONE', #835, 1000.000000000000000 ) ;
#4211 = LINE ( 'NONE', #794, #3227 ) ;
#4212 = ORIENTED_EDGE ( 'NONE', *, *, #4725, .T. ) ;
#4213 = VERTEX_POINT ( 'NONE', #1809 ) ;
#4214 = CARTESIAN_POINT ( 'NONE',  ( -1.020000000000000018, 7.620000000000000107, -10.11746870376959961 ) ) ;
#4215 = ORIENTED_EDGE ( 'NONE', *, *, #2688, .T. ) ;
#4216 = FILL_AREA_STYLE ('',( #1291 ) ) ;
#4217 = PRESENTATION_STYLE_ASSIGNMENT (( #2582 ) ) ;
#4218 = VERTEX_POINT ( 'NONE', #4000 ) ;
#4219 = SURFACE_STYLE_FILL_AREA ( #828 ) ;
#4220 = DIRECTION ( 'NONE',  ( 0.000000000000000000, -1.000000000000000000, 0.000000000000000000 ) ) ;
#4221 = VERTEX_POINT ( 'NONE', #2342 ) ;
#4222 = AXIS2_PLACEMENT_3D ( 'NONE', #1911, #1254, #2983 ) ;
#4223 = PRESENTATION_STYLE_ASSIGNMENT (( #34 ) ) ;
#4224 = STYLED_ITEM ( 'NONE', ( #2435 ), #3107 ) ;
#4225 = MECHANICAL_DESIGN_GEOMETRIC_PRESENTATION_REPRESENTATION (  '', ( #4491 ), #3602 ) ;
#4226 = CARTESIAN_POINT ( 'NONE',  ( 2.160000000000000142, -6.119999999999999218, 2.295000000000000373 ) ) ;
#4227 = SURFACE_STYLE_FILL_AREA ( #2066 ) ;
#4228 = LINE ( 'NONE', #721, #5205 ) ;
#4229 = UNCERTAINTY_MEASURE_WITH_UNIT (LENGTH_MEASURE( 1.000000000000000082E-05 ), #4352, 'distance_accuracy_value', 'NONE');
#4230 = STYLED_ITEM ( 'NONE', ( #1461 ), #3236 ) ;
#4231 = CLOSED_SHELL ( 'NONE', ( #2974, #3107, #2218, #705, #3236, #704, #302, #4625, #71, #3800, #1950, #5322, #5260, #429 ) ) ;
#4232 = MECHANICAL_DESIGN_GEOMETRIC_PRESENTATION_REPRESENTATION (  '', ( #2632 ), #761 ) ;
#4233 = STYLED_ITEM ( 'NONE', ( #553 ), #3411 ) ;
#4234 = DIRECTION ( 'NONE',  ( 0.000000000000000000, 1.000000000000000000, 0.000000000000000000 ) ) ;
#4235 = DIRECTION ( 'NONE',  ( 0.000000000000000000, 0.000000000000000000, -1.000000000000000000 ) ) ;
#4236 = DIRECTION ( 'NONE',  ( 0.000000000000000000, -1.000000000000000000, 0.000000000000000000 ) ) ;
#4237 = COLOUR_RGB ( '',0.2509803921568627416, 0.2509803921568627416, 0.2509803921568627416 ) ;
#4238 =( GEOMETRIC_REPRESENTATION_CONTEXT ( 3 ) GLOBAL_UNCERTAINTY_ASSIGNED_CONTEXT ( ( #2959 ) ) GLOBAL_UNIT_ASSIGNED_CONTEXT ( ( #1472, #4784, #1387 ) ) REPRESENTATION_CONTEXT ( 'NONE', 'WORKASPACE' ) );
#4239 = VECTOR ( 'NONE', #896, 1000.000000000000000 ) ;
#4240 = STYLED_ITEM ( 'NONE', ( #1337 ), #71 ) ;
#4241 = DIRECTION ( 'NONE',  ( 0.000000000000000000, 0.000000000000000000, -1.000000000000000000 ) ) ;
#4242 = FILL_AREA_STYLE_COLOUR ( '', #5172 ) ;
#4243 = VECTOR ( 'NONE', #3576, 1000.000000000000000 ) ;
#4244 =( GEOMETRIC_REPRESENTATION_CONTEXT ( 3 ) GLOBAL_UNCERTAINTY_ASSIGNED_CONTEXT ( ( #726 ) ) GLOBAL_UNIT_ASSIGNED_CONTEXT ( ( #4997, #4104, #2437 ) ) REPRESENTATION_CONTEXT ( 'NONE', 'WORKASPACE' ) );
#4245 = EDGE_LOOP ( 'NONE', ( #4480, #1020 ) ) ;
#4246 = EDGE_LOOP ( 'NONE', ( #4478, #914, #111, #5237, #4724, #2405 ) ) ;
#4247 = PRESENTATION_STYLE_ASSIGNMENT (( #2519 ) ) ;
#4248 = EDGE_CURVE ( 'NONE', #3998, #5136, #3525, .T. ) ;
#4249 = FILL_AREA_STYLE_COLOUR ( '', #2819 ) ;
#4250 = EDGE_CURVE ( 'NONE', #1422, #205, #4045, .T. ) ;
#4251 = VERTEX_POINT ( 'NONE', #3126 ) ;
#4252 = DIRECTION ( 'NONE',  ( 0.000000000000000000, -1.000000000000000000, 0.000000000000000000 ) ) ;
#4254 = ORIENTED_EDGE ( 'NONE', *, *, #2156, .T. ) ;
#4253 = DIRECTION ( 'NONE',  ( -0.000000000000000000, 1.000000000000000000, 0.000000000000000000 ) ) ;
#4255 = ORIENTED_EDGE ( 'NONE', *, *, #3332, .F. ) ;
#4256 = AXIS2_PLACEMENT_3D ( 'NONE', #143, #1045, #4415 ) ;
#4257 = ORIENTED_EDGE ( 'NONE', *, *, #2923, .T. ) ;
#4258 = DIRECTION ( 'NONE',  ( -0.000000000000000000, 1.000000000000000000, 0.000000000000000000 ) ) ;
#4259 = EDGE_CURVE ( 'NONE', #2242, #3943, #4807, .T. ) ;
#4260 = ORIENTED_EDGE ( 'NONE', *, *, #5063, .T. ) ;
#4261 = VECTOR ( 'NONE', #252, 1000.000000000000000 ) ;
#4262 = ORIENTED_EDGE ( 'NONE', *, *, #3904, .T. ) ;
#4263 = FILL_AREA_STYLE_COLOUR ( '', #2076 ) ;
#4264 = ORIENTED_EDGE ( 'NONE', *, *, #3217, .T. ) ;
#4265 = DIRECTION ( 'NONE',  ( -1.000000000000000000, 0.000000000000000000, 0.000000000000000000 ) ) ;
#4266 = DIRECTION ( 'NONE',  ( -1.000000000000000000, 0.000000000000000000, 0.000000000000000000 ) ) ;
#4267 = DIRECTION ( 'NONE',  ( 0.000000000000000000, -1.000000000000000000, 0.000000000000000000 ) ) ;
#4268 = LINE ( 'NONE', #679, #4320 ) ;
#4269 = EDGE_CURVE ( 'NONE', #1734, #1239, #1866, .T. ) ;
#4270 = FILL_AREA_STYLE ('',( #2577 ) ) ;
#4271 = DIRECTION ( 'NONE',  ( 0.000000000000000000, 0.000000000000000000, 1.000000000000000000 ) ) ;
#4272 =( LENGTH_UNIT ( ) NAMED_UNIT ( * ) SI_UNIT ( .MILLI., .METRE. ) );
#4273 = VERTEX_POINT ( 'NONE', #1591 ) ;
#4274 = ORIENTED_EDGE ( 'NONE', *, *, #5006, .F. ) ;
#4275 = DIRECTION ( 'NONE',  ( 0.000000000000000000, 0.000000000000000000, -1.000000000000000000 ) ) ;
#4276 = ADVANCED_FACE ( 'NONE', ( #798 ), #4990, .F. ) ;
#4277 = DIRECTION ( 'NONE',  ( 1.000000000000000000, 0.000000000000000000, 0.000000000000000000 ) ) ;
#4278 = ORIENTED_EDGE ( 'NONE', *, *, #3634, .F. ) ;
#4279 = FACE_OUTER_BOUND ( 'NONE', #2075, .T. ) ;
#4280 = CARTESIAN_POINT ( 'NONE',  ( -1.020000000000000018, -7.420000000000000817, 1.015000000000000124 ) ) ;
#4281 = ORIENTED_EDGE ( 'NONE', *, *, #4259, .F. ) ;
#4282 = CARTESIAN_POINT ( 'NONE',  ( -0.9200000000000000400, -8.693396881765760753, 1.515000000000000124 ) ) ;
#4283 = ORIENTED_EDGE ( 'NONE', *, *, #3114, .T. ) ;
#4284 = ADVANCED_FACE ( 'NONE', ( #3328 ), #5019, .F. ) ;
#4285 = VECTOR ( 'NONE', #5367, 1000.000000000000000 ) ;
#4286 = VERTEX_POINT ( 'NONE', #3684 ) ;
#4287 = EDGE_CURVE ( 'NONE', #2838, #1568, #3301, .T. ) ;
#4288 =( NAMED_UNIT ( * ) PLANE_ANGLE_UNIT ( ) SI_UNIT ( $, .RADIAN. ) );
#4289 = SURFACE_SIDE_STYLE ('',( #4787 ) ) ;
#4290 = AXIS2_PLACEMENT_3D ( 'NONE', #198, #2981, #2631 ) ;
#4291 = DIRECTION ( 'NONE',  ( -0.000000000000000000, 1.000000000000000000, 0.000000000000000000 ) ) ;
#4292 =( NAMED_UNIT ( * ) SI_UNIT ( $, .STERADIAN. ) SOLID_ANGLE_UNIT ( ) );
#4293 = LINE ( 'NONE', #469, #405 ) ;
#4294 = MANIFOLD_SOLID_BREP ( 'NONE', #4143 ) ;
#4295 = PRESENTATION_LAYER_ASSIGNMENT (  '', '', ( #2513 ) ) ;
#4296 =( NAMED_UNIT ( * ) PLANE_ANGLE_UNIT ( ) SI_UNIT ( $, .RADIAN. ) );
#4297 = DIRECTION ( 'NONE',  ( 0.000000000000000000, -1.000000000000000000, 0.000000000000000000 ) ) ;
#4298 = FILL_AREA_STYLE ('',( #5074 ) ) ;
#4299 = VERTEX_POINT ( 'NONE', #2113 ) ;
#4300 = STYLED_ITEM ( 'NONE', ( #2568 ), #2499 ) ;
#4301 = DIRECTION ( 'NONE',  ( 0.000000000000000000, -1.000000000000000000, 0.000000000000000000 ) ) ;
#4302 = DIRECTION ( 'NONE',  ( 0.000000000000000000, 0.000000000000000000, 1.000000000000000000 ) ) ;
#4303 = DIRECTION ( 'NONE',  ( 0.000000000000000000, 0.000000000000000000, -1.000000000000000000 ) ) ;
#4304 = PLANE ( 'NONE',  #1814 ) ;
#4305 = ORIENTED_EDGE ( 'NONE', *, *, #3635, .T. ) ;
#4306 =( LENGTH_UNIT ( ) NAMED_UNIT ( * ) SI_UNIT ( .MILLI., .METRE. ) );
#4307 = VERTEX_POINT ( 'NONE', #5159 ) ;
#4308 = CARTESIAN_POINT ( 'NONE',  ( -1.538461538461525002, -2.247746697746650035, 5.714999999999999858 ) ) ;
#4309 = ORIENTED_EDGE ( 'NONE', *, *, #3904, .F. ) ;
#4310 = EDGE_LOOP ( 'NONE', ( #3013, #2136, #435, #3560 ) ) ;
#4311 = DIRECTION ( 'NONE',  ( 1.000000000000000000, 0.000000000000000000, 0.000000000000000000 ) ) ;
#4312 = VERTEX_POINT ( 'NONE', #1173 ) ;
#4313 = AXIS2_PLACEMENT_3D ( 'NONE', #3548, #1369, #3137 ) ;
#4314 = CARTESIAN_POINT ( 'NONE',  ( 2.160000000000000142, -0.3723944653317614595, 5.714999999999999858 ) ) ;
#4315 = PLANE ( 'NONE',  #1791 ) ;
#4316 = EDGE_CURVE ( 'NONE', #4127, #428, #3410, .T. ) ;
#4317 = ADVANCED_FACE ( 'NONE', ( #5484 ), #1776, .T. ) ;
#4318 = PLANE ( 'NONE',  #2514 ) ;
#4319 = CARTESIAN_POINT ( 'NONE',  ( -3.966440926441800130, -7.420000000000000817, 1.015000000000000124 ) ) ;
#4320 = VECTOR ( 'NONE', #1089, 1000.000000000000000 ) ;
#4321 =( NAMED_UNIT ( * ) PLANE_ANGLE_UNIT ( ) SI_UNIT ( $, .RADIAN. ) );
#4322 =( GEOMETRIC_REPRESENTATION_CONTEXT ( 3 ) GLOBAL_UNCERTAINTY_ASSIGNED_CONTEXT ( ( #3789 ) ) GLOBAL_UNIT_ASSIGNED_CONTEXT ( ( #2912, #2401, #2004 ) ) REPRESENTATION_CONTEXT ( 'NONE', 'WORKASPACE' ) );
#4323 = AXIS2_PLACEMENT_3D ( 'NONE', #1406, #2256, #137 ) ;
#4324 = VECTOR ( 'NONE', #4716, 1000.000000000000000 ) ;
#4325 = FACE_OUTER_BOUND ( 'NONE', #4343, .T. ) ;
#4326 = UNCERTAINTY_MEASURE_WITH_UNIT (LENGTH_MEASURE( 1.000000000000000082E-05 ), #1968, 'distance_accuracy_value', 'NONE');
#4327 = SURFACE_STYLE_FILL_AREA ( #2161 ) ;
#4328 = SURFACE_SIDE_STYLE ('',( #2622 ) ) ;
#4329 = ORIENTED_EDGE ( 'NONE', *, *, #4558, .F. ) ;
#4330 = MECHANICAL_DESIGN_GEOMETRIC_PRESENTATION_REPRESENTATION (  '', ( #5468 ), #4602 ) ;
#4331 = VECTOR ( 'NONE', #713, 1000.000000000000000 ) ;
#4332 = STYLED_ITEM ( 'NONE', ( #1478 ), #3865 ) ;
#4333 = VECTOR ( 'NONE', #2889, 1000.000000000000000 ) ;
#4334 = CARTESIAN_POINT ( 'NONE',  ( 1.750000000000000000, -7.119999999999999218, 5.714999999999999858 ) ) ;
#4335 = MECHANICAL_DESIGN_GEOMETRIC_PRESENTATION_REPRESENTATION (  '', ( #770 ), #867 ) ;
#4336 = PRESENTATION_LAYER_ASSIGNMENT (  '', '', ( #231 ) ) ;
#4337 = DIRECTION ( 'NONE',  ( 1.000000000000000000, 0.000000000000000000, 0.000000000000000000 ) ) ;
#4338 = MECHANICAL_DESIGN_GEOMETRIC_PRESENTATION_REPRESENTATION (  '', ( #4871 ), #4244 ) ;
#4339 = CIRCLE ( 'NONE', #3619, 1.449999999999999956 ) ;
#4340 = SURFACE_STYLE_FILL_AREA ( #2208 ) ;
#4342 = VERTEX_POINT ( 'NONE', #3847 ) ;
#4341 = SURFACE_STYLE_USAGE ( .BOTH. , #2634 ) ;
#4343 = EDGE_LOOP ( 'NONE', ( #2771, #4710, #2644, #4260 ) ) ;
#4344 = PRESENTATION_STYLE_ASSIGNMENT (( #2210 ) ) ;
#4345 = CARTESIAN_POINT ( 'NONE',  ( -1.020000000000000018, -6.412893218813461083, 1.515000000000000124 ) ) ;
#4346 = DIRECTION ( 'NONE',  ( 0.000000000000000000, 1.000000000000000000, 5.981805089575197183E-16 ) ) ;
#4347 =( GEOMETRIC_REPRESENTATION_CONTEXT ( 3 ) GLOBAL_UNCERTAINTY_ASSIGNED_CONTEXT ( ( #1592 ) ) GLOBAL_UNIT_ASSIGNED_CONTEXT ( ( #2998, #4721, #3910 ) ) REPRESENTATION_CONTEXT ( 'NONE', 'WORKASPACE' ) );
#4348 = LINE ( 'NONE', #1298, #4516 ) ;
#4349 = VECTOR ( 'NONE', #3276, 1000.000000000000000 ) ;
#4350 = MECHANICAL_DESIGN_GEOMETRIC_PRESENTATION_REPRESENTATION (  '', ( #4940 ), #5464 ) ;
#4351 = VERTEX_POINT ( 'NONE', #3484 ) ;
#4352 =( LENGTH_UNIT ( ) NAMED_UNIT ( * ) SI_UNIT ( .MILLI., .METRE. ) );
#4353 = STYLED_ITEM ( 'NONE', ( #986 ), #5127 ) ;
#4354 = ORIENTED_EDGE ( 'NONE', *, *, #2584, .F. ) ;
#4355 = PRESENTATION_STYLE_ASSIGNMENT (( #5091 ) ) ;
#4356 = PRESENTATION_STYLE_ASSIGNMENT (( #461 ) ) ;
#4357 = FACE_OUTER_BOUND ( 'NONE', #3049, .T. ) ;
#4358 =( LENGTH_UNIT ( ) NAMED_UNIT ( * ) SI_UNIT ( .MILLI., .METRE. ) );
#4359 = EDGE_CURVE ( 'NONE', #226, #4939, #2580, .T. ) ;
#4360 = EDGE_CURVE ( 'NONE', #397, #822, #1371, .T. ) ;
#4361 = PLANE ( 'NONE',  #2995 ) ;
#4362 =( LENGTH_UNIT ( ) NAMED_UNIT ( * ) SI_UNIT ( .MILLI., .METRE. ) );
#4363 = VERTEX_POINT ( 'NONE', #476 ) ;
#4364 = UNCERTAINTY_MEASURE_WITH_UNIT (LENGTH_MEASURE( 1.000000000000000082E-05 ), #2046, 'distance_accuracy_value', 'NONE');
#4365 = SURFACE_STYLE_USAGE ( .BOTH. , #1064 ) ;
#4366 = FACE_OUTER_BOUND ( 'NONE', #1069, .T. ) ;
#4367 = MANIFOLD_SOLID_BREP ( 'NONE', #1908 ) ;
#4368 = EDGE_LOOP ( 'NONE', ( #4080, #2664, #5053, #1948, #5411, #1518, #4638, #1198 ) ) ;
#4369 = CARTESIAN_POINT ( 'NONE',  ( 2.160000000000000142, -7.620000000000000107, 2.295000000000000373 ) ) ;
#4370 = SURFACE_STYLE_FILL_AREA ( #1861 ) ;
#4371 = DIRECTION ( 'NONE',  ( 0.000000000000000000, 0.000000000000000000, -1.000000000000000000 ) ) ;
#4372 = PRESENTATION_STYLE_ASSIGNMENT (( #3447 ) ) ;
#4373 = EDGE_LOOP ( 'NONE', ( #5021, #4181, #608, #3288 ) ) ;
#4374 = LINE ( 'NONE', #1423, #2816 ) ;
#4375 = VERTEX_POINT ( 'NONE', #445 ) ;
#4376 = ORIENTED_EDGE ( 'NONE', *, *, #2510, .F. ) ;
#4377 = FILL_AREA_STYLE_COLOUR ( '', #4688 ) ;
#4378 = VERTEX_POINT ( 'NONE', #4879 ) ;
#4379 = EDGE_CURVE ( 'NONE', #3998, #4586, #4639, .T. ) ;
#4380 = CARTESIAN_POINT ( 'NONE',  ( 1.619999999999999885, -8.419999999999999929, -0.2056555615733750009 ) ) ;
#4381 = DIRECTION ( 'NONE',  ( 0.000000000000000000, -1.000000000000000000, 0.000000000000000000 ) ) ;
#4382 = MECHANICAL_DESIGN_GEOMETRIC_PRESENTATION_REPRESENTATION (  '', ( #4814 ), #1441 ) ;
#4383 = CARTESIAN_POINT ( 'NONE',  ( 2.160000000000000142, -0.3723944653317580178, -4.845000000000000639 ) ) ;
#4384 = DIRECTION ( 'NONE',  ( 0.000000000000000000, -1.000000000000000000, 0.000000000000000000 ) ) ;
#4385 = FILL_AREA_STYLE ('',( #1340 ) ) ;
#4386 = VECTOR ( 'NONE', #1048, 1000.000000000000000 ) ;
#4387 =( NAMED_UNIT ( * ) PLANE_ANGLE_UNIT ( ) SI_UNIT ( $, .RADIAN. ) );
#4388 = CARTESIAN_POINT ( 'NONE',  ( 2.160000000000000142, -0.3723944653317580178, -4.845000000000000639 ) ) ;
#4389 = FILL_AREA_STYLE_COLOUR ( '', #1373 ) ;
#4390 = DIRECTION ( 'NONE',  ( 0.000000000000000000, -1.000000000000000000, 0.000000000000000000 ) ) ;
#4391 = PLANE ( 'NONE',  #2810 ) ;
#4392 =( GEOMETRIC_REPRESENTATION_CONTEXT ( 3 ) GLOBAL_UNCERTAINTY_ASSIGNED_CONTEXT ( ( #2230 ) ) GLOBAL_UNIT_ASSIGNED_CONTEXT ( ( #1140, #720, #4874 ) ) REPRESENTATION_CONTEXT ( 'NONE', 'WORKASPACE' ) );
#4393 = PRESENTATION_STYLE_ASSIGNMENT (( #1085 ) ) ;
#4394 = ADVANCED_FACE ( 'NONE', ( #1884 ), #3140, .T. ) ;
#4395 = EDGE_CURVE ( 'NONE', #4027, #171, #1916, .T. ) ;
#4396 = CARTESIAN_POINT ( 'NONE',  ( 2.160000000000000142, -5.120000000000000107, -16.22427834969624882 ) ) ;
#4397 = PRESENTATION_STYLE_ASSIGNMENT (( #3912 ) ) ;
#4398 = LINE ( 'NONE', #118, #217 ) ;
#4399 = CARTESIAN_POINT ( 'NONE',  ( -2.160000000000000142, -0.3723944653317750042, -0.004999999999998059816 ) ) ;
#4400 = DIRECTION ( 'NONE',  ( 1.000000000000000000, 0.000000000000000000, 0.000000000000000000 ) ) ;
#4401 = CIRCLE ( 'NONE', #2520, 1.449999999999999956 ) ;
#4402 = ORIENTED_EDGE ( 'NONE', *, *, #2155, .F. ) ;
#4403 = EDGE_LOOP ( 'NONE', ( #305, #4094, #1295, #631, #5017, #5226, #928, #570, #5033, #2141 ) ) ;
#4404 = FILL_AREA_STYLE ('',( #4377 ) ) ;
#4405 =( NAMED_UNIT ( * ) PLANE_ANGLE_UNIT ( ) SI_UNIT ( $, .RADIAN. ) );
#4406 = DIRECTION ( 'NONE',  ( 0.000000000000000000, 0.000000000000000000, 1.000000000000000000 ) ) ;
#4407 = LINE ( 'NONE', #579, #1165 ) ;
#4408 = FILL_AREA_STYLE_COLOUR ( '', #3194 ) ;
#4409 = CARTESIAN_POINT ( 'NONE',  ( 1.020000000000000018, -7.119999999999999218, 1.015000000000000124 ) ) ;
#4410 = CARTESIAN_POINT ( 'NONE',  ( 1.576923076923089972, -2.363131313131250355, 5.814999999999999503 ) ) ;
#4411 = PRESENTATION_LAYER_ASSIGNMENT (  '', '', ( #2068 ) ) ;
#4412 = PLANE ( 'NONE',  #4313 ) ;
#4413 = VECTOR ( 'NONE', #259, 1000.000000000000000 ) ;
#4414 = FILL_AREA_STYLE_COLOUR ( '', #673 ) ;
#4415 = DIRECTION ( 'NONE',  ( -1.000000000000000000, 0.000000000000000000, 0.000000000000000000 ) ) ;
#4416 = MECHANICAL_DESIGN_GEOMETRIC_PRESENTATION_REPRESENTATION (  '', ( #5281 ), #398 ) ;
#4417 = DIRECTION ( 'NONE',  ( 1.000000000000000000, 0.000000000000000000, 0.000000000000000000 ) ) ;
#4418 = VECTOR ( 'NONE', #4550, 1000.000000000000000 ) ;
#4419 = PRESENTATION_LAYER_ASSIGNMENT (  '', '', ( #4686 ) ) ;
#4420 = DIRECTION ( 'NONE',  ( 0.000000000000000000, 1.000000000000000000, 3.469446951953615175E-16 ) ) ;
#4421 = ORIENTED_EDGE ( 'NONE', *, *, #1051, .T. ) ;
#4422 = EDGE_CURVE ( 'NONE', #4457, #1893, #3627, .T. ) ;
#4423 = ADVANCED_FACE ( 'NONE', ( #3119 ), #4391, .T. ) ;
#4424 = CARTESIAN_POINT ( 'NONE',  ( -1.243589743589730068, -1.863131313131265010, 5.714999999999999858 ) ) ;
#4425 = VERTEX_POINT ( 'NONE', #2742 ) ;
#4426 = ORIENTED_EDGE ( 'NONE', *, *, #2867, .F. ) ;
#4427 = MECHANICAL_DESIGN_GEOMETRIC_PRESENTATION_REPRESENTATION (  '', ( #4771 ), #3535 ) ;
#4428 = STYLED_ITEM ( 'NONE', ( #3500 ), #647 ) ;
#4429 = COLOUR_RGB ( '',0.2509803921568627416, 0.2509803921568627416, 0.2509803921568627416 ) ;
#4430 = EDGE_LOOP ( 'NONE', ( #1469, #3962, #4906, #5439 ) ) ;
#4431 = PLANE ( 'NONE',  #4758 ) ;
#4432 = DIRECTION ( 'NONE',  ( 0.000000000000000000, 0.000000000000000000, -1.000000000000000000 ) ) ;
#4433 = PRESENTATION_LAYER_ASSIGNMENT (  '', '', ( #5222 ) ) ;
#4434 = VECTOR ( 'NONE', #2014, 1000.000000000000000 ) ;
#4435 = LINE ( 'NONE', #2801, #407 ) ;
#4436 = FILL_AREA_STYLE_COLOUR ( '', #3353 ) ;
#4437 = SURFACE_STYLE_FILL_AREA ( #3185 ) ;
#4438 = LINE ( 'NONE', #1531, #194 ) ;
#4439 = SURFACE_SIDE_STYLE ('',( #1962 ) ) ;
#4440 = MECHANICAL_DESIGN_GEOMETRIC_PRESENTATION_REPRESENTATION (  '', ( #3016 ), #5135 ) ;
#4441 = STYLED_ITEM ( 'NONE', ( #1439 ), #5322 ) ;
#4442 = LINE ( 'NONE', #2333, #3774 ) ;
#4443 = CARTESIAN_POINT ( 'NONE',  ( 2.160000000000000142, -0.3723944653317580178, -4.845000000000000639 ) ) ;
#4444 = ADVANCED_FACE ( 'NONE', ( #621 ), #2310, .T. ) ;
#4445 =( LENGTH_UNIT ( ) NAMED_UNIT ( * ) SI_UNIT ( .MILLI., .METRE. ) );
#4446 = PLANE ( 'NONE',  #4957 ) ;
#4447 =( NAMED_UNIT ( * ) PLANE_ANGLE_UNIT ( ) SI_UNIT ( $, .RADIAN. ) );
#4449 = ORIENTED_EDGE ( 'NONE', *, *, #3453, .T. ) ;
#4448 = SURFACE_SIDE_STYLE ('',( #2745 ) ) ;
#4450 = ORIENTED_EDGE ( 'NONE', *, *, #3264, .T. ) ;
#4451 = CARTESIAN_POINT ( 'NONE',  ( -1.020000000000000018, -11.11999999999999922, 1.015000000000000124 ) ) ;
#4452 = DIRECTION ( 'NONE',  ( 0.000000000000000000, 1.000000000000000000, 0.000000000000000000 ) ) ;
#4453 = ORIENTED_EDGE ( 'NONE', *, *, #350, .F. ) ;
#4454 = SURFACE_STYLE_FILL_AREA ( #2794 ) ;
#4455 = EDGE_LOOP ( 'NONE', ( #151, #1788, #3854, #2692 ) ) ;
#4456 = EDGE_CURVE ( 'NONE', #1299, #5147, #3755, .T. ) ;
#4457 = VERTEX_POINT ( 'NONE', #703 ) ;
#4458 =( LENGTH_UNIT ( ) NAMED_UNIT ( * ) SI_UNIT ( .MILLI., .METRE. ) );
#4459 = DIRECTION ( 'NONE',  ( 0.000000000000000000, 0.000000000000000000, 1.000000000000000000 ) ) ;
#4460 =( NAMED_UNIT ( * ) PLANE_ANGLE_UNIT ( ) SI_UNIT ( $, .RADIAN. ) );
#4461 = EDGE_CURVE ( 'NONE', #3299, #2496, #2818, .T. ) ;
#4462 = PLANE ( 'NONE',  #5253 ) ;
#4463 = CARTESIAN_POINT ( 'NONE',  ( -1.520000000000000018, -6.412893218813461083, -1.525000000000000133 ) ) ;
#4464 = CARTESIAN_POINT ( 'NONE',  ( 0.000000000000000000, -5.076999999999999957, 6.884999999999999787 ) ) ;
#4465 = FILL_AREA_STYLE ('',( #2737 ) ) ;
#4466 = UNCERTAINTY_MEASURE_WITH_UNIT (LENGTH_MEASURE( 1.000000000000000082E-05 ), #3105, 'distance_accuracy_value', 'NONE');
#4467 = LINE ( 'NONE', #724, #3076 ) ;
#4468 = CARTESIAN_POINT ( 'NONE',  ( 1.619999999999999885, -8.693396881765760753, 1.515000000000000124 ) ) ;
#4469 =( NAMED_UNIT ( * ) SI_UNIT ( $, .STERADIAN. ) SOLID_ANGLE_UNIT ( ) );
#4470 = SURFACE_SIDE_STYLE ('',( #2763 ) ) ;
#4471 = ORIENTED_EDGE ( 'NONE', *, *, #1746, .T. ) ;
#4472 = CARTESIAN_POINT ( 'NONE',  ( -1.520000000000000018, -11.11999999999999922, -10.11746870376959961 ) ) ;
#4473 = DIRECTION ( 'NONE',  ( 0.000000000000000000, -1.000000000000000000, 0.000000000000000000 ) ) ;
#4474 = ORIENTED_EDGE ( 'NONE', *, *, #4360, .F. ) ;
#4475 = UNCERTAINTY_MEASURE_WITH_UNIT (LENGTH_MEASURE( 1.000000000000000082E-05 ), #5250, 'distance_accuracy_value', 'NONE');
#4476 = EDGE_LOOP ( 'NONE', ( #3384, #680, #4278, #5246 ) ) ;
#4477 = PRESENTATION_LAYER_ASSIGNMENT (  '', '', ( #4026 ) ) ;
#4478 = ORIENTED_EDGE ( 'NONE', *, *, #3297, .F. ) ;
#4479 = LINE ( 'NONE', #2348, #4331 ) ;
#4480 = ORIENTED_EDGE ( 'NONE', *, *, #3772, .F. ) ;
#4481 = DIRECTION ( 'NONE',  ( -1.000000000000000000, 0.000000000000000000, 0.000000000000000000 ) ) ;
#4482 =( NAMED_UNIT ( * ) SI_UNIT ( $, .STERADIAN. ) SOLID_ANGLE_UNIT ( ) );
#4483 = PRESENTATION_LAYER_ASSIGNMENT (  '', '', ( #2251 ) ) ;
#4484 = DIRECTION ( 'NONE',  ( 0.000000000000000000, 0.000000000000000000, -1.000000000000000000 ) ) ;
#4485 = MECHANICAL_DESIGN_GEOMETRIC_PRESENTATION_REPRESENTATION (  '', ( #2063 ), #2335 ) ;
#4486 =( NAMED_UNIT ( * ) SI_UNIT ( $, .STERADIAN. ) SOLID_ANGLE_UNIT ( ) );
#4487 = CARTESIAN_POINT ( 'NONE',  ( 2.160000000000000142, -7.620000000000000107, -4.845000000000000639 ) ) ;
#4488 = DIRECTION ( 'NONE',  ( 1.000000000000000000, 0.000000000000000000, 0.000000000000000000 ) ) ;
#4489 = ADVANCED_FACE ( 'NONE', ( #4152 ), #1966, .T. ) ;
#4490 = EDGE_CURVE ( 'NONE', #558, #5193, #3676, .T. ) ;
#4491 = STYLED_ITEM ( 'NONE', ( #3315 ), #285 ) ;
#4492 =( NAMED_UNIT ( * ) PLANE_ANGLE_UNIT ( ) SI_UNIT ( $, .RADIAN. ) );
#4493 = CARTESIAN_POINT ( 'NONE',  ( -1.277036423998940240, -11.11999999999999922, -3.564999999999999947 ) ) ;
#4494 = MECHANICAL_DESIGN_GEOMETRIC_PRESENTATION_REPRESENTATION (  '', ( #1191 ), #2887 ) ;
#4495 = CARTESIAN_POINT ( 'NONE',  ( 1.020000000000000018, -11.11999999999999922, -10.11746870376959961 ) ) ;
#4496 =( NAMED_UNIT ( * ) PLANE_ANGLE_UNIT ( ) SI_UNIT ( $, .RADIAN. ) );
#4497 = STYLED_ITEM ( 'NONE', ( #619 ), #1384 ) ;
#4498 = SURFACE_STYLE_FILL_AREA ( #2744 ) ;
#4499 = DIRECTION ( 'NONE',  ( -1.000000000000000000, 0.000000000000000000, 0.000000000000000000 ) ) ;
#4500 = ORIENTED_EDGE ( 'NONE', *, *, #4360, .T. ) ;
#4501 = COLOUR_RGB ( '',0.7529411764705882248, 0.7529411764705882248, 0.7529411764705882248 ) ;
#4502 = DIRECTION ( 'NONE',  ( 1.000000000000000000, 0.000000000000000000, 0.000000000000000000 ) ) ;
#4503 = SURFACE_STYLE_USAGE ( .BOTH. , #4887 ) ;
#4504 =( NAMED_UNIT ( * ) PLANE_ANGLE_UNIT ( ) SI_UNIT ( $, .RADIAN. ) );
#4505 = VERTEX_POINT ( 'NONE', #4959 ) ;
#4506 = VECTOR ( 'NONE', #434, 1000.000000000000000 ) ;
#4507 = STYLED_ITEM ( 'NONE', ( #5004 ), #3552 ) ;
#4508 =( NAMED_UNIT ( * ) SI_UNIT ( $, .STERADIAN. ) SOLID_ANGLE_UNIT ( ) );
#4509 = CARTESIAN_POINT ( 'NONE',  ( 2.160000000000000142, -7.620000000000000107, -4.845000000000000639 ) ) ;
#4510 = VECTOR ( 'NONE', #2487, 1000.000000000000000 ) ;
#4511 = VECTOR ( 'NONE', #632, 1000.000000000000000 ) ;
#4512 = VECTOR ( 'NONE', #3213, 1000.000000000000000 ) ;
#4513 = MECHANICAL_DESIGN_GEOMETRIC_PRESENTATION_REPRESENTATION (  '', ( #678 ), #5383 ) ;
#4514 = UNCERTAINTY_MEASURE_WITH_UNIT (LENGTH_MEASURE( 1.000000000000000082E-05 ), #4113, 'distance_accuracy_value', 'NONE');
#4515 = PLANE ( 'NONE',  #5465 ) ;
#4516 = VECTOR ( 'NONE', #3527, 1000.000000000000000 ) ;
#4517 = AXIS2_PLACEMENT_3D ( 'NONE', #4700, #1721, #1695 ) ;
#4518 = VECTOR ( 'NONE', #2748, 1000.000000000000000 ) ;
#4519 = LINE ( 'NONE', #2783, #5228 ) ;
#4520 = STYLED_ITEM ( 'NONE', ( #1322 ), #5093 ) ;
#4521 =( GEOMETRIC_REPRESENTATION_CONTEXT ( 3 ) GLOBAL_UNCERTAINTY_ASSIGNED_CONTEXT ( ( #1368 ) ) GLOBAL_UNIT_ASSIGNED_CONTEXT ( ( #357, #4691, #1690 ) ) REPRESENTATION_CONTEXT ( 'NONE', 'WORKASPACE' ) );
#4522 = EDGE_CURVE ( 'NONE', #3154, #4863, #2371, .T. ) ;
#4523 = EDGE_CURVE ( 'NONE', #4251, #2088, #3321, .T. ) ;
#4524 = DIRECTION ( 'NONE',  ( 1.000000000000000000, 0.000000000000000000, 0.000000000000000000 ) ) ;
#4525 = SURFACE_STYLE_FILL_AREA ( #5157 ) ;
#4526 = MECHANICAL_DESIGN_GEOMETRIC_PRESENTATION_REPRESENTATION (  '', ( #3802 ), #59 ) ;
#4527 = DIRECTION ( 'NONE',  ( 1.000000000000000000, -2.168404344971010101E-16, 0.000000000000000000 ) ) ;
#4528 = VECTOR ( 'NONE', #482, 1000.000000000000000 ) ;
#4529 = UNCERTAINTY_MEASURE_WITH_UNIT (LENGTH_MEASURE( 1.000000000000000082E-05 ), #1596, 'distance_accuracy_value', 'NONE');
#4530 = SURFACE_SIDE_STYLE ('',( #4904 ) ) ;
#4531 = DIRECTION ( 'NONE',  ( -1.000000000000000000, 0.000000000000000000, 0.000000000000000000 ) ) ;
#4533 = ORIENTED_EDGE ( 'NONE', *, *, #3703, .T. ) ;
#4532 = CARTESIAN_POINT ( 'NONE',  ( -2.160000000000000142, -7.620000000000000107, -16.22427834969624882 ) ) ;
#4534 = ORIENTED_EDGE ( 'NONE', *, *, #960, .T. ) ;
#4535 = CARTESIAN_POINT ( 'NONE',  ( -1.449999999999999956, -5.076999999999999957, 5.714999999999999858 ) ) ;
#4536 = PRESENTATION_STYLE_ASSIGNMENT (( #4123 ) ) ;
#4537 = ORIENTED_EDGE ( 'NONE', *, *, #4588, .F. ) ;
#4538 =( NAMED_UNIT ( * ) SI_UNIT ( $, .STERADIAN. ) SOLID_ANGLE_UNIT ( ) );
#4539 = SURFACE_STYLE_FILL_AREA ( #1597 ) ;
#4540 = FILL_AREA_STYLE ('',( #4083 ) ) ;
#4541 = FILL_AREA_STYLE_COLOUR ( '', #1311 ) ;
#4542 = FACE_OUTER_BOUND ( 'NONE', #2340, .T. ) ;
#4543 = CARTESIAN_POINT ( 'NONE',  ( -2.160000000000000142, -0.3723944653317539655, -16.22427834969624882 ) ) ;
#4544 = ADVANCED_FACE ( 'NONE', ( #2844 ), #4173, .F. ) ;
#4545 = DIRECTION ( 'NONE',  ( 0.000000000000000000, 0.000000000000000000, -1.000000000000000000 ) ) ;
#4547 = ORIENTED_EDGE ( 'NONE', *, *, #2867, .T. ) ;
#4546 = CARTESIAN_POINT ( 'NONE',  ( -1.520000000000000018, -7.620000000000000107, -10.11746870376959961 ) ) ;
#4548 = LINE ( 'NONE', #2482, #4597 ) ;
#4549 =( NAMED_UNIT ( * ) SI_UNIT ( $, .STERADIAN. ) SOLID_ANGLE_UNIT ( ) );
#4550 = DIRECTION ( 'NONE',  ( 0.000000000000000000, 0.000000000000000000, -1.000000000000000000 ) ) ;
#4551 =( NAMED_UNIT ( * ) SI_UNIT ( $, .STERADIAN. ) SOLID_ANGLE_UNIT ( ) );
#4552 = VECTOR ( 'NONE', #3109, 1000.000000000000000 ) ;
#4553 = CARTESIAN_POINT ( 'NONE',  ( 2.160000000000000142, 7.620000000000000107, -5.714999999999999858 ) ) ;
#4555 = EDGE_LOOP ( 'NONE', ( #2746, #141 ) ) ;
#4554 = LINE ( 'NONE', #441, #5023 ) ;
#4556 = VERTEX_POINT ( 'NONE', #3432 ) ;
#4557 = SURFACE_SIDE_STYLE ('',( #2852 ) ) ;
#4558 = EDGE_CURVE ( 'NONE', #3388, #884, #2107, .T. ) ;
#4559 = STYLED_ITEM ( 'NONE', ( #3289 ), #1713 ) ;
#4560 =( LENGTH_UNIT ( ) NAMED_UNIT ( * ) SI_UNIT ( .MILLI., .METRE. ) );
#4561 = EDGE_CURVE ( 'NONE', #1812, #171, #5123, .T. ) ;
#4562 = EDGE_LOOP ( 'NONE', ( #5082, #95, #995, #3394 ) ) ;
#4563 = PRESENTATION_LAYER_ASSIGNMENT (  '', '', ( #4648 ) ) ;
#4564 = ORIENTED_EDGE ( 'NONE', *, *, #1712, .F. ) ;
#4565 = CARTESIAN_POINT ( 'NONE',  ( 1.520000000000000018, -6.412893218813461083, -10.11746870376959961 ) ) ;
#4566 = FACE_OUTER_BOUND ( 'NONE', #1418, .T. ) ;
#4567 = STYLED_ITEM ( 'NONE', ( #2328 ), #2444 ) ;
#4568 = CARTESIAN_POINT ( 'NONE',  ( -1.520000000000000018, -11.11999999999999922, -10.11746870376959961 ) ) ;
#4569 = VERTEX_POINT ( 'NONE', #4659 ) ;
#4570 = FACE_OUTER_BOUND ( 'NONE', #2312, .T. ) ;
#4571 = SURFACE_STYLE_USAGE ( .BOTH. , #2863 ) ;
#4572 = STYLED_ITEM ( 'NONE', ( #324 ), #2527 ) ;
#4573 =( GEOMETRIC_REPRESENTATION_CONTEXT ( 3 ) GLOBAL_UNCERTAINTY_ASSIGNED_CONTEXT ( ( #1890 ) ) GLOBAL_UNIT_ASSIGNED_CONTEXT ( ( #1698, #909, #1377 ) ) REPRESENTATION_CONTEXT ( 'NONE', 'WORKASPACE' ) );
#4574 = FILL_AREA_STYLE_COLOUR ( '', #3169 ) ;
#4575 = CARTESIAN_POINT ( 'NONE',  ( 1.020000000000000018, -7.119999999999999218, -3.564999999999999947 ) ) ;
#4576 = UNCERTAINTY_MEASURE_WITH_UNIT (LENGTH_MEASURE( 1.000000000000000082E-05 ), #4755, 'distance_accuracy_value', 'NONE');
#4577 = VECTOR ( 'NONE', #4297, 1000.000000000000000 ) ;
#4578 = DIRECTION ( 'NONE',  ( 0.000000000000000000, 0.000000000000000000, -1.000000000000000000 ) ) ;
#4579 = LINE ( 'NONE', #2459, #5340 ) ;
#4580 = EDGE_LOOP ( 'NONE', ( #1419, #598, #540, #2263 ) ) ;
#4581 = EDGE_LOOP ( 'NONE', ( #891, #3773, #801, #1761 ) ) ;
#4582 = DIRECTION ( 'NONE',  ( 0.000000000000000000, 1.000000000000000000, 1.301042606982598024E-15 ) ) ;
#4583 =( LENGTH_UNIT ( ) NAMED_UNIT ( * ) SI_UNIT ( .MILLI., .METRE. ) );
#4584 =( NAMED_UNIT ( * ) SI_UNIT ( $, .STERADIAN. ) SOLID_ANGLE_UNIT ( ) );
#4585 =( NAMED_UNIT ( * ) SI_UNIT ( $, .STERADIAN. ) SOLID_ANGLE_UNIT ( ) );
#4586 = VERTEX_POINT ( 'NONE', #4632 ) ;
#4587 = PLANE ( 'NONE',  #4517 ) ;
#4588 = EDGE_CURVE ( 'NONE', #902, #4556, #442, .T. ) ;
#4589 = EDGE_CURVE ( 'NONE', #5330, #4863, #2540, .T. ) ;
#4590 = AXIS2_PLACEMENT_3D ( 'NONE', #2140, #26, #5488 ) ;
#4591 = CLOSED_SHELL ( 'NONE', ( #2043, #430, #5487, #5062, #4795, #4317 ) ) ;
#4592 =( LENGTH_UNIT ( ) NAMED_UNIT ( * ) SI_UNIT ( .MILLI., .METRE. ) );
#4593 =( LENGTH_UNIT ( ) NAMED_UNIT ( * ) SI_UNIT ( .MILLI., .METRE. ) );
#4594 = DIRECTION ( 'NONE',  ( 0.000000000000000000, 1.000000000000000000, -5.072290865429260706E-16 ) ) ;
#4595 =( LENGTH_UNIT ( ) NAMED_UNIT ( * ) SI_UNIT ( .MILLI., .METRE. ) );
#4596 = PRESENTATION_LAYER_ASSIGNMENT (  '', '', ( #4940 ) ) ;
#4597 = VECTOR ( 'NONE', #4629, 1000.000000000000000 ) ;
#4598 = DIRECTION ( 'NONE',  ( -1.000000000000000000, 0.000000000000000000, 0.000000000000000000 ) ) ;
#4599 = CARTESIAN_POINT ( 'NONE',  ( 0.000000000000000000, 0.002999999999999529952, 5.714999999999999858 ) ) ;
#4600 = DIRECTION ( 'NONE',  ( -1.000000000000000000, 0.000000000000000000, 0.000000000000000000 ) ) ;
#4601 = FILL_AREA_STYLE ('',( #1188 ) ) ;
#4602 =( GEOMETRIC_REPRESENTATION_CONTEXT ( 3 ) GLOBAL_UNCERTAINTY_ASSIGNED_CONTEXT ( ( #2448 ) ) GLOBAL_UNIT_ASSIGNED_CONTEXT ( ( #1714, #1257, #2132 ) ) REPRESENTATION_CONTEXT ( 'NONE', 'WORKASPACE' ) );
#4603 = PRESENTATION_LAYER_ASSIGNMENT (  '', '', ( #5294 ) ) ;
#4604 = VECTOR ( 'NONE', #2858, 1000.000000000000000 ) ;
#4605 = LINE ( 'NONE', #5039, #942 ) ;
#4606 = CARTESIAN_POINT ( 'NONE',  ( -1.520000000000000018, 7.619999999999998330, -4.844999999999997975 ) ) ;
#4607 = AXIS2_PLACEMENT_3D ( 'NONE', #4543, #3666, #5030 ) ;
#4608 = PRESENTATION_LAYER_ASSIGNMENT (  '', '', ( #3705 ) ) ;
#4609 = COLOUR_RGB ( '',0.7529411764705882248, 0.7529411764705882248, 0.7529411764705882248 ) ;
#4610 = PRESENTATION_LAYER_ASSIGNMENT (  '', '', ( #232 ) ) ;
#4611 = STYLED_ITEM ( 'NONE', ( #1664 ), #213 ) ;
#4612 =( GEOMETRIC_REPRESENTATION_CONTEXT ( 3 ) GLOBAL_UNCERTAINTY_ASSIGNED_CONTEXT ( ( #926 ) ) GLOBAL_UNIT_ASSIGNED_CONTEXT ( ( #803, #5459, #3336 ) ) REPRESENTATION_CONTEXT ( 'NONE', 'WORKASPACE' ) );
#4613 = CARTESIAN_POINT ( 'NONE',  ( -0.9200000000000000400, -8.693396881765760753, -0.2056555615733750009 ) ) ;
#4614 = FACE_OUTER_BOUND ( 'NONE', #3974, .T. ) ;
#4615 = MECHANICAL_DESIGN_GEOMETRIC_PRESENTATION_REPRESENTATION (  '', ( #4353 ), #3280 ) ;
#4616 = EDGE_CURVE ( 'NONE', #3080, #4027, #4293, .T. ) ;
#4617 = VERTEX_POINT ( 'NONE', #3866 ) ;
#4618 = ORIENTED_EDGE ( 'NONE', *, *, #3108, .F. ) ;
#4619 =( GEOMETRIC_REPRESENTATION_CONTEXT ( 3 ) GLOBAL_UNCERTAINTY_ASSIGNED_CONTEXT ( ( #1749 ) ) GLOBAL_UNIT_ASSIGNED_CONTEXT ( ( #3319, #1609, #2485 ) ) REPRESENTATION_CONTEXT ( 'NONE', 'WORKASPACE' ) );
#4620 = EDGE_LOOP ( 'NONE', ( #1846, #4699, #3528, #401 ) ) ;
#4621 = SURFACE_STYLE_USAGE ( .BOTH. , #1240 ) ;
#4622 = FACE_OUTER_BOUND ( 'NONE', #862, .T. ) ;
#4623 = CARTESIAN_POINT ( 'NONE',  ( 1.020000000000000018, 5.083000000000000185, -4.065000000000000391 ) ) ;
#4624 = CARTESIAN_POINT ( 'NONE',  ( 0.000000000000000000, -5.076999999999999957, 5.714999999999999858 ) ) ;
#4625 = ADVANCED_FACE ( 'NONE', ( #843 ), #47, .F. ) ;
#4626 = ORIENTED_EDGE ( 'NONE', *, *, #1350, .T. ) ;
#4627 =( NAMED_UNIT ( * ) SI_UNIT ( $, .STERADIAN. ) SOLID_ANGLE_UNIT ( ) );
#4628 =( NAMED_UNIT ( * ) SI_UNIT ( $, .STERADIAN. ) SOLID_ANGLE_UNIT ( ) );
#4629 = DIRECTION ( 'NONE',  ( 1.000000000000000000, 0.000000000000000000, 0.000000000000000000 ) ) ;
#4630 = ADVANCED_FACE ( 'NONE', ( #1227 ), #5100, .T. ) ;
#4631 = ADVANCED_FACE ( 'NONE', ( #4542 ), #3929, .T. ) ;
#4632 = CARTESIAN_POINT ( 'NONE',  ( -1.020000000000000018, -8.419999999999999929, 1.015000000000000124 ) ) ;
#4633 = UNCERTAINTY_MEASURE_WITH_UNIT (LENGTH_MEASURE( 1.000000000000000082E-05 ), #5334, 'distance_accuracy_value', 'NONE');
#4634 = UNCERTAINTY_MEASURE_WITH_UNIT (LENGTH_MEASURE( 1.000000000000000082E-05 ), #1855, 'distance_accuracy_value', 'NONE');
#4635 = SURFACE_STYLE_USAGE ( .BOTH. , #3405 ) ;
#4636 = CARTESIAN_POINT ( 'NONE',  ( 1.750000000000000000, -0.3723944653317539655, -16.22427834969624882 ) ) ;
#4637 = ORIENTED_EDGE ( 'NONE', *, *, #4862, .F. ) ;
#4638 = ORIENTED_EDGE ( 'NONE', *, *, #1050, .T. ) ;
#4639 = LINE ( 'NONE', #559, #493 ) ;
#4640 = CARTESIAN_POINT ( 'NONE',  ( 1.775679213042445151E-16, -6.527000000000000135, 6.884999999999999787 ) ) ;
#4641 = AXIS2_PLACEMENT_3D ( 'NONE', #1481, #1509, #3670 ) ;
#4642 = ORIENTED_EDGE ( 'NONE', *, *, #2233, .F. ) ;
#4643 =( NAMED_UNIT ( * ) SI_UNIT ( $, .STERADIAN. ) SOLID_ANGLE_UNIT ( ) );
#4644 = ORIENTED_EDGE ( 'NONE', *, *, #1681, .F. ) ;
#4645 = SURFACE_STYLE_USAGE ( .BOTH. , #287 ) ;
#4646 = VECTOR ( 'NONE', #1231, 1000.000000000000000 ) ;
#4647 = CARTESIAN_POINT ( 'NONE',  ( -1.020000000000000018, -8.419999999999999929, 1.515000000000000124 ) ) ;
#4648 = STYLED_ITEM ( 'NONE', ( #3572 ), #2079 ) ;
#4649 = VERTEX_POINT ( 'NONE', #4057 ) ;
#4650 =( LENGTH_UNIT ( ) NAMED_UNIT ( * ) SI_UNIT ( .MILLI., .METRE. ) );
#4651 = ORIENTED_EDGE ( 'NONE', *, *, #1549, .F. ) ;
#4652 = DIRECTION ( 'NONE',  ( 0.000000000000000000, -5.072290865429260706E-16, -1.000000000000000000 ) ) ;
#4653 = VECTOR ( 'NONE', #614, 1000.000000000000000 ) ;
#4654 = STYLED_ITEM ( 'NONE', ( #376 ), #2541 ) ;
#4655 = EDGE_CURVE ( 'NONE', #3254, #5166, #3479, .T. ) ;
#4656 = CARTESIAN_POINT ( 'NONE',  ( -2.160000000000000142, 7.620000000000000107, -16.22427834969624882 ) ) ;
#4657 = EDGE_CURVE ( 'NONE', #2431, #902, #1796, .T. ) ;
#4658 = CARTESIAN_POINT ( 'NONE',  ( 0.000000000000000000, 5.083000000000000185, 6.884999999999999787 ) ) ;
#4659 = CARTESIAN_POINT ( 'NONE',  ( -1.520000000000000018, -11.11999999999999922, 1.015000000000000124 ) ) ;
#4660 = PRESENTATION_STYLE_ASSIGNMENT (( #2050 ) ) ;
#4661 =( NAMED_UNIT ( * ) PLANE_ANGLE_UNIT ( ) SI_UNIT ( $, .RADIAN. ) );
#4662 = CIRCLE ( 'NONE', #3502, 1.449999999999999956 ) ;
#4663 = LINE ( 'NONE', #3821, #5342 ) ;
#4664 = ORIENTED_EDGE ( 'NONE', *, *, #4921, .T. ) ;
#4665 = EDGE_LOOP ( 'NONE', ( #2675, #1121, #3396, #3559, #3556, #878, #365, #3994, #522, #4421, #4637, #1009 ) ) ;
#4666 = CARTESIAN_POINT ( 'NONE',  ( -0.8589743589743469299, -2.247746697746650035, 5.814999999999999503 ) ) ;
#4667 = UNCERTAINTY_MEASURE_WITH_UNIT (LENGTH_MEASURE( 1.000000000000000082E-05 ), #2846, 'distance_accuracy_value', 'NONE');
#4668 = CARTESIAN_POINT ( 'NONE',  ( 1.520000000000000018, 7.620000000000000107, -5.714999999999999858 ) ) ;
#4669 = ORIENTED_EDGE ( 'NONE', *, *, #4737, .T. ) ;
#4670 =( NAMED_UNIT ( * ) PLANE_ANGLE_UNIT ( ) SI_UNIT ( $, .RADIAN. ) );
#4671 =( NAMED_UNIT ( * ) PLANE_ANGLE_UNIT ( ) SI_UNIT ( $, .RADIAN. ) );
#4672 = PRESENTATION_STYLE_ASSIGNMENT (( #481 ) ) ;
#4673 = LINE ( 'NONE', #2975, #5042 ) ;
#4674 = ORIENTED_EDGE ( 'NONE', *, *, #501, .F. ) ;
#4675 = ORIENTED_EDGE ( 'NONE', *, *, #2195, .T. ) ;
#4676 = ORIENTED_EDGE ( 'NONE', *, *, #3693, .F. ) ;
#4677 = VECTOR ( 'NONE', #270, 1000.000000000000000 ) ;
#4678 = CARTESIAN_POINT ( 'NONE',  ( 1.520000000000000018, -11.11999999999999922, 1.515000000000000124 ) ) ;
#4679 =( GEOMETRIC_REPRESENTATION_CONTEXT ( 3 ) GLOBAL_UNCERTAINTY_ASSIGNED_CONTEXT ( ( #1466 ) ) GLOBAL_UNIT_ASSIGNED_CONTEXT ( ( #3014, #4893, #2754 ) ) REPRESENTATION_CONTEXT ( 'NONE', 'WORKASPACE' ) );
#4680 = EDGE_LOOP ( 'NONE', ( #4120, #2797, #3206, #1465 ) ) ;
#4681 = SURFACE_STYLE_FILL_AREA ( #4601 ) ;
#4682 = DIRECTION ( 'NONE',  ( 0.000000000000000000, 7.608436298143890073E-16, 1.000000000000000000 ) ) ;
#4683 = UNCERTAINTY_MEASURE_WITH_UNIT (LENGTH_MEASURE( 1.000000000000000082E-05 ), #1628, 'distance_accuracy_value', 'NONE');
#4684 = VECTOR ( 'NONE', #5412, 1000.000000000000000 ) ;
#4685 = FACE_OUTER_BOUND ( 'NONE', #3656, .T. ) ;
#4686 = STYLED_ITEM ( 'NONE', ( #764 ), #14 ) ;
#4687 = DIRECTION ( 'NONE',  ( 2.168404344971010101E-16, 1.000000000000000000, 0.000000000000000000 ) ) ;
#4688 = COLOUR_RGB ( '',0.7529411764705882248, 0.7529411764705882248, 0.7529411764705882248 ) ;
#4689 = MECHANICAL_DESIGN_GEOMETRIC_PRESENTATION_REPRESENTATION (  '', ( #2556 ), #5124 ) ;
#4690 = CARTESIAN_POINT ( 'NONE',  ( 1.449999999999999956, 5.083000000000000185, 5.714999999999999858 ) ) ;
#4691 =( NAMED_UNIT ( * ) PLANE_ANGLE_UNIT ( ) SI_UNIT ( $, .RADIAN. ) );
#4692 = STYLED_ITEM ( 'NONE', ( #2015 ), #4750 ) ;
#4693 = AXIS2_PLACEMENT_3D ( 'NONE', #4091, #3678, #706 ) ;
#4694 = PRESENTATION_LAYER_ASSIGNMENT (  '', '', ( #4871 ) ) ;
#4695 = ORIENTED_EDGE ( 'NONE', *, *, #3704, .T. ) ;
#4696 =( NAMED_UNIT ( * ) SI_UNIT ( $, .STERADIAN. ) SOLID_ANGLE_UNIT ( ) );
#4697 = MECHANICAL_DESIGN_GEOMETRIC_PRESENTATION_REPRESENTATION (  '', ( #2007 ), #4150 ) ;
#4698 = EDGE_CURVE ( 'NONE', #2119, #5193, #1135, .T. ) ;
#4699 = ORIENTED_EDGE ( 'NONE', *, *, #5471, .F. ) ;
#4700 = CARTESIAN_POINT ( 'NONE',  ( -1.243589743589730068, -2.542618492618445192, 5.814999999999999503 ) ) ;
#4701 = VERTEX_POINT ( 'NONE', #1508 ) ;
#4702 = ORIENTED_EDGE ( 'NONE', *, *, #3164, .F. ) ;
#4703 = DIRECTION ( 'NONE',  ( 0.000000000000000000, 0.000000000000000000, -1.000000000000000000 ) ) ;
#4704 = VECTOR ( 'NONE', #1902, 1000.000000000000000 ) ;
#4705 = DIRECTION ( 'NONE',  ( 0.000000000000000000, 0.000000000000000000, -1.000000000000000000 ) ) ;
#4706 = ORIENTED_EDGE ( 'NONE', *, *, #2389, .F. ) ;
#4707 = DIRECTION ( 'NONE',  ( 0.000000000000000000, 0.000000000000000000, -1.000000000000000000 ) ) ;
#4708 = ORIENTED_EDGE ( 'NONE', *, *, #723, .F. ) ;
#4709 = LINE ( 'NONE', #458, #1395 ) ;
#4710 = ORIENTED_EDGE ( 'NONE', *, *, #254, .F. ) ;
#4711 = FACE_OUTER_BOUND ( 'NONE', #4581, .T. ) ;
#4712 = DIRECTION ( 'NONE',  ( -0.000000000000000000, 1.000000000000000000, 0.000000000000000000 ) ) ;
#4713 = DIRECTION ( 'NONE',  ( 0.000000000000000000, 0.000000000000000000, -1.000000000000000000 ) ) ;
#4714 = CARTESIAN_POINT ( 'NONE',  ( 2.160000000000000142, 7.620000000000000107, -16.22427834969624882 ) ) ;
#4715 = DIRECTION ( 'NONE',  ( 1.000000000000000000, 0.000000000000000000, 1.734723475976810053E-15 ) ) ;
#4716 = DIRECTION ( 'NONE',  ( 1.000000000000000000, 0.000000000000000000, 0.000000000000000000 ) ) ;
#4717 = CARTESIAN_POINT ( 'NONE',  ( 1.576923076923089972, -2.363131313131250355, 5.714999999999999858 ) ) ;
#4718 =( NAMED_UNIT ( * ) SI_UNIT ( $, .STERADIAN. ) SOLID_ANGLE_UNIT ( ) );
#4719 = ORIENTED_EDGE ( 'NONE', *, *, #5313, .T. ) ;
#4720 = ORIENTED_EDGE ( 'NONE', *, *, #1190, .F. ) ;
#4721 =( NAMED_UNIT ( * ) PLANE_ANGLE_UNIT ( ) SI_UNIT ( $, .RADIAN. ) );
#4722 = ORIENTED_EDGE ( 'NONE', *, *, #160, .T. ) ;
#4723 = LINE ( 'NONE', #366, #1493 ) ;
#4724 = ORIENTED_EDGE ( 'NONE', *, *, #739, .T. ) ;
#4725 = EDGE_CURVE ( 'NONE', #4965, #4299, #2354, .T. ) ;
#4726 = CARTESIAN_POINT ( 'NONE',  ( -1.277036423998930248, -6.412893218813461083, 1.015000000000000124 ) ) ;
#4727 = EDGE_CURVE ( 'NONE', #1925, #4505, #3639, .T. ) ;
#4728 = SURFACE_STYLE_FILL_AREA ( #3093 ) ;
#4729 = PRESENTATION_STYLE_ASSIGNMENT (( #68 ) ) ;
#4730 = ORIENTED_EDGE ( 'NONE', *, *, #4422, .F. ) ;
#4731 = VECTOR ( 'NONE', #3601, 1000.000000000000000 ) ;
#4732 = EDGE_LOOP ( 'NONE', ( #4453, #4914, #3942, #1242 ) ) ;
#4733 = FILL_AREA_STYLE ('',( #4754 ) ) ;
#4734 = FACE_OUTER_BOUND ( 'NONE', #1342, .T. ) ;
#4735 = COLOUR_RGB ( '',0.2509803921568627416, 0.2509803921568627416, 0.2509803921568627416 ) ;
#4736 = PRESENTATION_STYLE_ASSIGNMENT (( #2704 ) ) ;
#4737 = EDGE_CURVE ( 'NONE', #480, #902, #4084, .T. ) ;
#4738 = VECTOR ( 'NONE', #5496, 1000.000000000000000 ) ;
#4739 = ORIENTED_EDGE ( 'NONE', *, *, #4024, .T. ) ;
#4740 = SURFACE_STYLE_USAGE ( .BOTH. , #3671 ) ;
#4741 = SURFACE_STYLE_USAGE ( .BOTH. , #904 ) ;
#4742 = CARTESIAN_POINT ( 'NONE',  ( -1.020000000000000018, 4.583000000000000185, -3.564999999999999947 ) ) ;
#4743 = CARTESIAN_POINT ( 'NONE',  ( 1.520000000000000018, -6.412893218813461083, 1.015000000000000124 ) ) ;
#4744 = LINE ( 'NONE', #5106, #2543 ) ;
#4745 = ORIENTED_EDGE ( 'NONE', *, *, #4655, .F. ) ;
#4746 = CARTESIAN_POINT ( 'NONE',  ( -1.619999999999999885, -8.693396881765760753, 1.515000000000000124 ) ) ;
#4747 = DIRECTION ( 'NONE',  ( -1.000000000000000000, 0.000000000000000000, 0.000000000000000000 ) ) ;
#4748 = ORIENTED_EDGE ( 'NONE', *, *, #4035, .F. ) ;
#4749 = ADVANCED_FACE ( 'NONE', ( #262 ), #4762, .T. ) ;
#4750 = ADVANCED_FACE ( 'NONE', ( #3370 ), #317, .F. ) ;
#4751 = PLANE ( 'NONE',  #5469 ) ;
#4752 = ORIENTED_EDGE ( 'NONE', *, *, #1815, .T. ) ;
#4753 = FILL_AREA_STYLE_COLOUR ( '', #1557 ) ;
#4754 = FILL_AREA_STYLE_COLOUR ( '', #197 ) ;
#4755 =( LENGTH_UNIT ( ) NAMED_UNIT ( * ) SI_UNIT ( .MILLI., .METRE. ) );
#4756 = PLANE ( 'NONE',  #3978 ) ;
#4757 = COLOUR_RGB ( '',0.2509803921568627416, 0.2509803921568627416, 0.2509803921568627416 ) ;
#4758 = AXIS2_PLACEMENT_3D ( 'NONE', #5249, #1023, #3611 ) ;
#4759 = DIRECTION ( 'NONE',  ( 1.000000000000000000, 0.000000000000000000, 0.000000000000000000 ) ) ;
#4760 = COLOUR_RGB ( '',0.000000000000000000, 1.000000000000000000, 0.000000000000000000 ) ;
#4761 = DIRECTION ( 'NONE',  ( 0.000000000000000000, 0.000000000000000000, 1.000000000000000000 ) ) ;
#4762 = PLANE ( 'NONE',  #3271 ) ;
#4763 = PLANE ( 'NONE',  #2988 ) ;
#4764 = VECTOR ( 'NONE', #4488, 1000.000000000000000 ) ;
#4765 = UNCERTAINTY_MEASURE_WITH_UNIT (LENGTH_MEASURE( 1.000000000000000082E-05 ), #818, 'distance_accuracy_value', 'NONE');
#4766 = CARTESIAN_POINT ( 'NONE',  ( -1.153846153846141975, -2.158003108003060166, 5.814999999999999503 ) ) ;
#4767 = DIRECTION ( 'NONE',  ( 1.000000000000000000, 0.000000000000000000, 0.000000000000000000 ) ) ;
#4768 = PRESENTATION_LAYER_ASSIGNMENT (  '', '', ( #2641 ) ) ;
#4769 =( NAMED_UNIT ( * ) PLANE_ANGLE_UNIT ( ) SI_UNIT ( $, .RADIAN. ) );
#4770 = EDGE_CURVE ( 'NONE', #2531, #1473, #1679, .T. ) ;
#4771 = STYLED_ITEM ( 'NONE', ( #5029 ), #4749 ) ;
#4772 = ORIENTED_EDGE ( 'NONE', *, *, #880, .T. ) ;
#4773 = STYLED_ITEM ( 'NONE', ( #3443 ), #738 ) ;
#4774 = DIRECTION ( 'NONE',  ( -1.000000000000000000, 0.000000000000000000, 0.000000000000000000 ) ) ;
#4775 = CARTESIAN_POINT ( 'NONE',  ( -1.520000000000000018, -5.120000000000000107, -4.845000000000000639 ) ) ;
#4776 = CARTESIAN_POINT ( 'NONE',  ( -0.9200000000000000400, -8.419999999999999929, 1.515000000000000124 ) ) ;
#4777 = ORIENTED_EDGE ( 'NONE', *, *, #3863, .T. ) ;
#4778 = DIRECTION ( 'NONE',  ( -4.336808689942020201E-16, 1.000000000000000000, 0.000000000000000000 ) ) ;
#4779 = DIRECTION ( 'NONE',  ( 0.000000000000000000, 0.000000000000000000, 1.000000000000000000 ) ) ;
#4780 = ORIENTED_EDGE ( 'NONE', *, *, #2813, .T. ) ;
#4781 = AXIS2_PLACEMENT_3D ( 'NONE', #3719, #3763, #2943 ) ;
#4782 = FACE_OUTER_BOUND ( 'NONE', #3035, .T. ) ;
#4783 = ORIENTED_EDGE ( 'NONE', *, *, #478, .T. ) ;
#4784 =( NAMED_UNIT ( * ) PLANE_ANGLE_UNIT ( ) SI_UNIT ( $, .RADIAN. ) );
#4785 = PRESENTATION_LAYER_ASSIGNMENT (  '', '', ( #1666 ) ) ;
#4786 = EDGE_LOOP ( 'NONE', ( #5403, #4002, #4160, #1218 ) ) ;
#4787 = SURFACE_STYLE_FILL_AREA ( #4733 ) ;
#4788 = SURFACE_SIDE_STYLE ('',( #1430 ) ) ;
#4789 = VECTOR ( 'NONE', #627, 1000.000000000000000 ) ;
#4790 =( NAMED_UNIT ( * ) PLANE_ANGLE_UNIT ( ) SI_UNIT ( $, .RADIAN. ) );
#4791 = FACE_OUTER_BOUND ( 'NONE', #3578, .T. ) ;
#4792 = FACE_OUTER_BOUND ( 'NONE', #3408, .T. ) ;
#4793 = CARTESIAN_POINT ( 'NONE',  ( 0.000000000000000000, 3.633000000000000007, 6.884999999999999787 ) ) ;
#4794 = EDGE_CURVE ( 'NONE', #1261, #4078, #4164, .T. ) ;
#4795 = ADVANCED_FACE ( 'NONE', ( #4974 ), #5437, .F. ) ;
#4796 = FILL_AREA_STYLE ('',( #77 ) ) ;
#4797 = CARTESIAN_POINT ( 'NONE',  ( -1.277036423998930248, -11.11999999999999922, -10.11746870376959961 ) ) ;
#4798 = UNCERTAINTY_MEASURE_WITH_UNIT (LENGTH_MEASURE( 1.000000000000000082E-05 ), #5284, 'distance_accuracy_value', 'NONE');
#4799 = FACE_OUTER_BOUND ( 'NONE', #4680, .T. ) ;
#4800 = ADVANCED_BREP_SHAPE_REPRESENTATION ( 'WP934SA_3GD', ( #4294, #2444, #2499, #4367, #683, #2527, #2458, #654, #2021 ), #613 ) ;
#4801 = CARTESIAN_POINT ( 'NONE',  ( 1.520000000000000018, -8.419999999999999929, -10.11746870376959961 ) ) ;
#4803 = ORIENTED_EDGE ( 'NONE', *, *, #4698, .F. ) ;
#4802 = FACE_OUTER_BOUND ( 'NONE', #1184, .T. ) ;
#4804 = ORIENTED_EDGE ( 'NONE', *, *, #3331, .T. ) ;
#4805 = ADVANCED_FACE ( 'NONE', ( #4782 ), #5109, .F. ) ;
#4806 = FILL_AREA_STYLE_COLOUR ( '', #517 ) ;
#4807 = LINE ( 'NONE', #4399, #3186 ) ;
#4808 = EDGE_LOOP ( 'NONE', ( #179, #3501, #1785, #1290 ) ) ;
#4809 =( NAMED_UNIT ( * ) PLANE_ANGLE_UNIT ( ) SI_UNIT ( $, .RADIAN. ) );
#4810 = ORIENTED_EDGE ( 'NONE', *, *, #2264, .F. ) ;
#4811 = EDGE_LOOP ( 'NONE', ( #879, #542, #2148, #4109 ) ) ;
#4812 = SURFACE_SIDE_STYLE ('',( #525 ) ) ;
#4813 = DIRECTION ( 'NONE',  ( -1.000000000000000000, 0.000000000000000000, 0.000000000000000000 ) ) ;
#4814 = STYLED_ITEM ( 'NONE', ( #74 ), #1548 ) ;
#4815 =( NAMED_UNIT ( * ) PLANE_ANGLE_UNIT ( ) SI_UNIT ( $, .RADIAN. ) );
#4816 = PLANE ( 'NONE',  #314 ) ;
#4817 = STYLED_ITEM ( 'NONE', ( #2397 ), #1896 ) ;
#4818 = EDGE_CURVE ( 'NONE', #3127, #2645, #3945, .T. ) ;
#4819 = MECHANICAL_DESIGN_GEOMETRIC_PRESENTATION_REPRESENTATION (  '', ( #1610 ), #2773 ) ;
#4820 = EDGE_CURVE ( 'NONE', #5136, #5433, #2146, .T. ) ;
#4821 = PRESENTATION_STYLE_ASSIGNMENT (( #3117 ) ) ;
#4822 = VERTEX_POINT ( 'NONE', #454 ) ;
#4823 = DIRECTION ( 'NONE',  ( 0.000000000000000000, 1.000000000000000000, 0.000000000000000000 ) ) ;
#4824 = MECHANICAL_DESIGN_GEOMETRIC_PRESENTATION_REPRESENTATION (  '', ( #4567 ), #4392 ) ;
#4825 = DIRECTION ( 'NONE',  ( 0.000000000000000000, 0.000000000000000000, 1.000000000000000000 ) ) ;
#4826 = EDGE_CURVE ( 'NONE', #3249, #152, #933, .T. ) ;
#4827 = CARTESIAN_POINT ( 'NONE',  ( 2.160000000000000142, -7.119999999999999218, 2.295000000000000373 ) ) ;
#4828 = COLOUR_RGB ( '',0.7529411764705882248, 0.7529411764705882248, 0.7529411764705882248 ) ;
#4829 = LINE ( 'NONE', #4743, #2860 ) ;
#4830 = PLANE ( 'NONE',  #487 ) ;
#4831 = ORIENTED_EDGE ( 'NONE', *, *, #900, .T. ) ;
#4832 =( NAMED_UNIT ( * ) SI_UNIT ( $, .STERADIAN. ) SOLID_ANGLE_UNIT ( ) );
#4833 = CARTESIAN_POINT ( 'NONE',  ( -1.243589743589730068, -2.158003108003060166, 5.714999999999999858 ) ) ;
#4834 = ORIENTED_EDGE ( 'NONE', *, *, #350, .T. ) ;
#4835 =( LENGTH_UNIT ( ) NAMED_UNIT ( * ) SI_UNIT ( .MILLI., .METRE. ) );
#4836 = STYLED_ITEM ( 'NONE', ( #4344 ), #2781 ) ;
#4837 = ORIENTED_EDGE ( 'NONE', *, *, #167, .F. ) ;
#4838 = VERTEX_POINT ( 'NONE', #5143 ) ;
#4839 =( NAMED_UNIT ( * ) SI_UNIT ( $, .STERADIAN. ) SOLID_ANGLE_UNIT ( ) );
#4840 = VERTEX_POINT ( 'NONE', #6 ) ;
#4841 = SURFACE_STYLE_FILL_AREA ( #2775 ) ;
#4842 = DIRECTION ( 'NONE',  ( -1.000000000000000000, 0.000000000000000000, 0.000000000000000000 ) ) ;
#4843 = FILL_AREA_STYLE ('',( #241 ) ) ;
#4844 = LINE ( 'NONE', #1029, #2294 ) ;
#4845 = DIRECTION ( 'NONE',  ( 0.000000000000000000, 1.000000000000000000, 0.000000000000000000 ) ) ;
#4846 = CYLINDRICAL_SURFACE ( 'NONE', #1732, 0.5000000000000000000 ) ;
#4847 = UNCERTAINTY_MEASURE_WITH_UNIT (LENGTH_MEASURE( 1.000000000000000082E-05 ), #325, 'distance_accuracy_value', 'NONE');
#4848 = COLOUR_RGB ( '',0.7529411764705882248, 0.7529411764705882248, 0.7529411764705882248 ) ;
#4849 = CARTESIAN_POINT ( 'NONE',  ( 0.000000000000000000, 5.083000000000000185, 6.884999999999999787 ) ) ;
#4850 = DIRECTION ( 'NONE',  ( 0.000000000000000000, 1.000000000000000000, 0.000000000000000000 ) ) ;
#4851 = VECTOR ( 'NONE', #3050, 1000.000000000000000 ) ;
#4852 = DIRECTION ( 'NONE',  ( 0.000000000000000000, 0.000000000000000000, -1.000000000000000000 ) ) ;
#4853 = CARTESIAN_POINT ( 'NONE',  ( 1.520000000000000018, -7.119999999999999218, -10.11746870376959961 ) ) ;
#4854 = VECTOR ( 'NONE', #1612, 1000.000000000000000 ) ;
#4855 = STYLED_ITEM ( 'NONE', ( #4223 ), #606 ) ;
#4856 = COLOUR_RGB ( '',0.2509803921568627416, 0.2509803921568627416, 0.2509803921568627416 ) ;
#4857 = CARTESIAN_POINT ( 'NONE',  ( 2.160000000000000142, -7.620000000000000107, -5.714999999999999858 ) ) ;
#4858 = DIRECTION ( 'NONE',  ( 1.000000000000000000, 0.000000000000000000, 0.000000000000000000 ) ) ;
#4859 = LINE ( 'NONE', #1053, #3192 ) ;
#4860 = UNCERTAINTY_MEASURE_WITH_UNIT (LENGTH_MEASURE( 1.000000000000000082E-05 ), #4593, 'distance_accuracy_value', 'NONE');
#4861 = EDGE_CURVE ( 'NONE', #626, #4649, #5380, .T. ) ;
#4862 = EDGE_CURVE ( 'NONE', #1867, #7, #4348, .T. ) ;
#4863 = VERTEX_POINT ( 'NONE', #520 ) ;
#4864 = CIRCLE ( 'NONE', #1489, 1.449999999999999956 ) ;
#4865 = COLOUR_RGB ( '',0.2509803921568627416, 0.2509803921568627416, 0.2509803921568627416 ) ;
#4866 = VECTOR ( 'NONE', #5171, 1000.000000000000000 ) ;
#4867 = ORIENTED_EDGE ( 'NONE', *, *, #5419, .F. ) ;
#4868 = PLANE ( 'NONE',  #1475 ) ;
#4869 = CARTESIAN_POINT ( 'NONE',  ( 0.000000000000000000, 5.083000000000000185, 5.714999999999999858 ) ) ;
#4870 = MECHANICAL_DESIGN_GEOMETRIC_PRESENTATION_REPRESENTATION (  '', ( #2467 ), #5129 ) ;
#4871 = STYLED_ITEM ( 'NONE', ( #806 ), #4014 ) ;
#4872 =( NAMED_UNIT ( * ) SI_UNIT ( $, .STERADIAN. ) SOLID_ANGLE_UNIT ( ) );
#4873 = DIRECTION ( 'NONE',  ( 0.000000000000000000, -1.000000000000000000, 0.000000000000000000 ) ) ;
#4874 =( NAMED_UNIT ( * ) SI_UNIT ( $, .STERADIAN. ) SOLID_ANGLE_UNIT ( ) );
#4875 = FACE_OUTER_BOUND ( 'NONE', #2750, .T. ) ;
#4876 = MECHANICAL_DESIGN_GEOMETRIC_PRESENTATION_REPRESENTATION (  '', ( #1747 ), #698 ) ;
#4877 = SURFACE_STYLE_FILL_AREA ( #1486 ) ;
#4878 = LINE ( 'NONE', #218, #640 ) ;
#4879 = CARTESIAN_POINT ( 'NONE',  ( -1.020000000000000018, -11.11999999999999922, -3.564999999999999947 ) ) ;
#4880 = CYLINDRICAL_SURFACE ( 'NONE', #4256, 1.449999999999999956 ) ;
#4881 = FILL_AREA_STYLE ('',( #3198 ) ) ;
#4882 = FILL_AREA_STYLE_COLOUR ( '', #1868 ) ;
#4883 = LINE ( 'NONE', #1417, #3258 ) ;
#4884 = ORIENTED_EDGE ( 'NONE', *, *, #2991, .F. ) ;
#4885 = DIRECTION ( 'NONE',  ( 0.000000000000000000, 0.000000000000000000, -1.000000000000000000 ) ) ;
#4886 = ORIENTED_EDGE ( 'NONE', *, *, #3063, .F. ) ;
#4887 = SURFACE_SIDE_STYLE ('',( #4454 ) ) ;
#4888 = ORIENTED_EDGE ( 'NONE', *, *, #2484, .F. ) ;
#4889 = ORIENTED_EDGE ( 'NONE', *, *, #1266, .T. ) ;
#4890 =( NAMED_UNIT ( * ) PLANE_ANGLE_UNIT ( ) SI_UNIT ( $, .RADIAN. ) );
#4891 = EDGE_CURVE ( 'NONE', #2629, #3437, #4864, .T. ) ;
#4892 = VERTEX_POINT ( 'NONE', #94 ) ;
#4893 =( NAMED_UNIT ( * ) PLANE_ANGLE_UNIT ( ) SI_UNIT ( $, .RADIAN. ) );
#4894 = SURFACE_STYLE_USAGE ( .BOTH. , #1477 ) ;
#4895 = FACE_OUTER_BOUND ( 'NONE', #4905, .T. ) ;
#4896 = DIRECTION ( 'NONE',  ( 0.000000000000000000, 0.000000000000000000, -1.000000000000000000 ) ) ;
#4897 = DIRECTION ( 'NONE',  ( 1.000000000000000000, 0.000000000000000000, 0.000000000000000000 ) ) ;
#4898 = CARTESIAN_POINT ( 'NONE',  ( -1.619999999999999885, -7.420000000000000817, 1.015000000000000124 ) ) ;
#4899 = SURFACE_STYLE_USAGE ( .BOTH. , #4439 ) ;
#4900 = MECHANICAL_DESIGN_GEOMETRIC_PRESENTATION_REPRESENTATION (  '', ( #2598 ), #1345 ) ;
#4901 = FILL_AREA_STYLE_COLOUR ( '', #4237 ) ;
#4902 =( NAMED_UNIT ( * ) SI_UNIT ( $, .STERADIAN. ) SOLID_ANGLE_UNIT ( ) );
#4903 = MECHANICAL_DESIGN_GEOMETRIC_PRESENTATION_REPRESENTATION (  '', ( #1265 ), #4995 ) ;
#4904 = SURFACE_STYLE_FILL_AREA ( #2375 ) ;
#4905 = EDGE_LOOP ( 'NONE', ( #3048, #2414, #96, #2518 ) ) ;
#4906 = ORIENTED_EDGE ( 'NONE', *, *, #1616, .T. ) ;
#4907 = VECTOR ( 'NONE', #1226, 1000.000000000000000 ) ;
#4908 = DIRECTION ( 'NONE',  ( 1.000000000000000000, 0.000000000000000000, 0.000000000000000000 ) ) ;
#4909 = FILL_AREA_STYLE_COLOUR ( '', #3008 ) ;
#4910 = ORIENTED_EDGE ( 'NONE', *, *, #2584, .T. ) ;
#4911 = PLANE ( 'NONE',  #3885 ) ;
#4912 = SURFACE_STYLE_USAGE ( .BOTH. , #3333 ) ;
#4913 =( GEOMETRIC_REPRESENTATION_CONTEXT ( 3 ) GLOBAL_UNCERTAINTY_ASSIGNED_CONTEXT ( ( #509 ) ) GLOBAL_UNIT_ASSIGNED_CONTEXT ( ( #3343, #1580, #4628 ) ) REPRESENTATION_CONTEXT ( 'NONE', 'WORKASPACE' ) );
#4914 = ORIENTED_EDGE ( 'NONE', *, *, #2366, .F. ) ;
#4915 =( LENGTH_UNIT ( ) NAMED_UNIT ( * ) SI_UNIT ( .MILLI., .METRE. ) );
#4916 = DIRECTION ( 'NONE',  ( 0.000000000000000000, 0.000000000000000000, -1.000000000000000000 ) ) ;
#4917 = CARTESIAN_POINT ( 'NONE',  ( -1.020000000000000018, 4.583000000000000185, -4.065000000000000391 ) ) ;
#4918 = FILL_AREA_STYLE ('',( #5251 ) ) ;
#4919 = VECTOR ( 'NONE', #4778, 1000.000000000000000 ) ;
#4920 = DIRECTION ( 'NONE',  ( 0.000000000000000000, 0.000000000000000000, -1.000000000000000000 ) ) ;
#4921 = EDGE_CURVE ( 'NONE', #2792, #2119, #3496, .T. ) ;
#4922 = EDGE_CURVE ( 'NONE', #3127, #604, #4374, .T. ) ;
#4923 = FACE_OUTER_BOUND ( 'NONE', #3557, .T. ) ;
#4924 = ORIENTED_EDGE ( 'NONE', *, *, #3056, .T. ) ;
#4925 =( NAMED_UNIT ( * ) SI_UNIT ( $, .STERADIAN. ) SOLID_ANGLE_UNIT ( ) );
#4926 = CARTESIAN_POINT ( 'NONE',  ( 2.160000000000000142, -7.119999999999999218, -16.22427834969624882 ) ) ;
#4927 = CARTESIAN_POINT ( 'NONE',  ( 0.000000000000000000, -5.076999999999999957, 6.884999999999999787 ) ) ;
#4928 = FACE_OUTER_BOUND ( 'NONE', #1327, .T. ) ;
#4929 = COLOUR_RGB ( '',0.7529411764705882248, 0.7529411764705882248, 0.7529411764705882248 ) ;
#4930 = FACE_OUTER_BOUND ( 'NONE', #4155, .T. ) ;
#4932 = VERTEX_POINT ( 'NONE', #4308 ) ;
#4931 =( LENGTH_UNIT ( ) NAMED_UNIT ( * ) SI_UNIT ( .MILLI., .METRE. ) );
#4933 = ORIENTED_EDGE ( 'NONE', *, *, #4698, .T. ) ;
#4934 = MECHANICAL_DESIGN_GEOMETRIC_PRESENTATION_REPRESENTATION (  '', ( #3084 ), #2071 ) ;
#4935 = DIRECTION ( 'NONE',  ( 0.000000000000000000, 0.000000000000000000, 1.000000000000000000 ) ) ;
#4936 = CLOSED_SHELL ( 'NONE', ( #3134, #1713, #1104, #2628, #3286, #1870, #4805, #5194, #1074, #2781, #1653, #164, #2101, #384 ) ) ;
#4937 = DIRECTION ( 'NONE',  ( 1.000000000000000000, 0.000000000000000000, 0.000000000000000000 ) ) ;
#4938 = EDGE_CURVE ( 'NONE', #3490, #1299, #2563, .T. ) ;
#4939 = VERTEX_POINT ( 'NONE', #889 ) ;
#4940 = STYLED_ITEM ( 'NONE', ( #4157 ), #4294 ) ;
#4941 = VERTEX_POINT ( 'NONE', #2589 ) ;
#4942 = CYLINDRICAL_SURFACE ( 'NONE', #5007, 0.5000000000000000000 ) ;
#4943 = CARTESIAN_POINT ( 'NONE',  ( -2.160000000000000142, -5.120000000000000107, -0.005000000000004240636 ) ) ;
#4944 = VECTOR ( 'NONE', #2595, 1000.000000000000000 ) ;
#4945 = CIRCLE ( 'NONE', #3267, 1.449999999999999067 ) ;
#4946 = UNCERTAINTY_MEASURE_WITH_UNIT (LENGTH_MEASURE( 1.000000000000000082E-05 ), #4458, 'distance_accuracy_value', 'NONE');
#4947 = FILL_AREA_STYLE ('',( #3341 ) ) ;
#4948 = VECTOR ( 'NONE', #2169, 1000.000000000000000 ) ;
#4949 = MECHANICAL_DESIGN_GEOMETRIC_PRESENTATION_REPRESENTATION (  '', ( #1915 ), #1742 ) ;
#4950 = PLANE ( 'NONE',  #2787 ) ;
#4951 = SURFACE_STYLE_USAGE ( .BOTH. , #2306 ) ;
#4952 = PRESENTATION_STYLE_ASSIGNMENT (( #4899 ) ) ;
#4953 = PRESENTATION_LAYER_ASSIGNMENT (  '', '', ( #4520 ) ) ;
#4954 = DIRECTION ( 'NONE',  ( 0.000000000000000000, 7.608436298143890073E-16, 1.000000000000000000 ) ) ;
#4955 = ADVANCED_FACE ( 'NONE', ( #4001 ), #653, .F. ) ;
#4956 = LINE ( 'NONE', #3643, #910 ) ;
#4957 = AXIS2_PLACEMENT_3D ( 'NONE', #2423, #3711, #5421 ) ;
#4958 = ADVANCED_FACE ( 'NONE', ( #255 ), #4911, .T. ) ;
#4959 = CARTESIAN_POINT ( 'NONE',  ( 1.520000000000000018, -11.11999999999999922, -1.525000000000000133 ) ) ;
#4960 = UNCERTAINTY_MEASURE_WITH_UNIT (LENGTH_MEASURE( 1.000000000000000082E-05 ), #1944, 'distance_accuracy_value', 'NONE');
#4961 = SURFACE_SIDE_STYLE ('',( #727 ) ) ;
#4962 = VECTOR ( 'NONE', #3494, 1000.000000000000000 ) ;
#4963 = SURFACE_STYLE_USAGE ( .BOTH. , #1515 ) ;
#4965 = VERTEX_POINT ( 'NONE', #202 ) ;
#4964 = LINE ( 'NONE', #3787, #2443 ) ;
#4966 = VERTEX_POINT ( 'NONE', #1891 ) ;
#4967 =( NAMED_UNIT ( * ) PLANE_ANGLE_UNIT ( ) SI_UNIT ( $, .RADIAN. ) );
#4968 =( NAMED_UNIT ( * ) SI_UNIT ( $, .STERADIAN. ) SOLID_ANGLE_UNIT ( ) );
#4969 = FILL_AREA_STYLE ('',( #4993 ) ) ;
#4970 = EDGE_LOOP ( 'NONE', ( #1694, #603, #854, #3470 ) ) ;
#4971 = SURFACE_STYLE_USAGE ( .BOTH. , #1895 ) ;
#4972 = FILL_AREA_STYLE ('',( #5059 ) ) ;
#4973 = LINE ( 'NONE', #1600, #503 ) ;
#4974 = FACE_OUTER_BOUND ( 'NONE', #4811, .T. ) ;
#4975 = ORIENTED_EDGE ( 'NONE', *, *, #1452, .F. ) ;
#4976 = DIRECTION ( 'NONE',  ( 0.000000000000000000, 0.000000000000000000, -1.000000000000000000 ) ) ;
#4977 = FILL_AREA_STYLE_COLOUR ( '', #379 ) ;
#4978 = LINE ( 'NONE', #1164, #2734 ) ;
#4979 = CARTESIAN_POINT ( 'NONE',  ( 1.520000000000000018, -7.119999999999999218, -16.22427834969624882 ) ) ;
#4980 = CARTESIAN_POINT ( 'NONE',  ( 2.160000000000000142, -0.3723944653317580178, -4.845000000000000639 ) ) ;
#4981 = FILL_AREA_STYLE_COLOUR ( '', #875 ) ;
#4982 = EDGE_CURVE ( 'NONE', #2838, #428, #568, .T. ) ;
#4983 = ADVANCED_FACE ( 'NONE', ( #3558 ), #3973, .T. ) ;
#4984 = DIRECTION ( 'NONE',  ( -1.000000000000000000, 0.000000000000000000, 0.000000000000000000 ) ) ;
#4985 = PRESENTATION_LAYER_ASSIGNMENT (  '', '', ( #4817 ) ) ;
#4986 =( LENGTH_UNIT ( ) NAMED_UNIT ( * ) SI_UNIT ( .MILLI., .METRE. ) );
#4987 = SURFACE_STYLE_FILL_AREA ( #1588 ) ;
#4988 = ORIENTED_EDGE ( 'NONE', *, *, #1324, .F. ) ;
#4989 = VERTEX_POINT ( 'NONE', #4640 ) ;
#4990 = PLANE ( 'NONE',  #2191 ) ;
#4991 = UNCERTAINTY_MEASURE_WITH_UNIT (LENGTH_MEASURE( 1.000000000000000082E-05 ), #3240, 'distance_accuracy_value', 'NONE');
#4992 =( GEOMETRIC_REPRESENTATION_CONTEXT ( 3 ) GLOBAL_UNCERTAINTY_ASSIGNED_CONTEXT ( ( #3514 ) ) GLOBAL_UNIT_ASSIGNED_CONTEXT ( ( #1434, #2163, #1008 ) ) REPRESENTATION_CONTEXT ( 'NONE', 'WORKASPACE' ) );
#4993 = FILL_AREA_STYLE_COLOUR ( '', #1823 ) ;
#4994 = ORIENTED_EDGE ( 'NONE', *, *, #4004, .F. ) ;
#4995 =( GEOMETRIC_REPRESENTATION_CONTEXT ( 3 ) GLOBAL_UNCERTAINTY_ASSIGNED_CONTEXT ( ( #2454 ) ) GLOBAL_UNIT_ASSIGNED_CONTEXT ( ( #2074, #847, #421 ) ) REPRESENTATION_CONTEXT ( 'NONE', 'WORKASPACE' ) );
#4996 = DIRECTION ( 'NONE',  ( 0.000000000000000000, 1.000000000000000000, 3.469446951953615175E-16 ) ) ;
#4997 =( LENGTH_UNIT ( ) NAMED_UNIT ( * ) SI_UNIT ( .MILLI., .METRE. ) );
#4998 = PRESENTATION_LAYER_ASSIGNMENT (  '', '', ( #4106 ) ) ;
#4999 = EDGE_LOOP ( 'NONE', ( #1091, #1931, #67, #3681 ) ) ;
#5000 =( NAMED_UNIT ( * ) SI_UNIT ( $, .STERADIAN. ) SOLID_ANGLE_UNIT ( ) );
#5001 = SURFACE_SIDE_STYLE ('',( #3727 ) ) ;
#5002 = LINE ( 'NONE', #4226, #3951 ) ;
#5003 = SURFACE_STYLE_USAGE ( .BOTH. , #1221 ) ;
#5004 = PRESENTATION_STYLE_ASSIGNMENT (( #748 ) ) ;
#5005 = DIRECTION ( 'NONE',  ( 1.000000000000000000, 0.000000000000000000, 0.000000000000000000 ) ) ;
#5006 = EDGE_CURVE ( 'NONE', #389, #4939, #2430, .T. ) ;
#5007 = AXIS2_PLACEMENT_3D ( 'NONE', #1546, #4481, #236 ) ;
#5008 = DIRECTION ( 'NONE',  ( 0.000000000000000000, -1.000000000000000000, 0.000000000000000000 ) ) ;
#5009 = LINE ( 'NONE', #3815, #2049 ) ;
#5010 = DIRECTION ( 'NONE',  ( 0.000000000000000000, 0.000000000000000000, 1.000000000000000000 ) ) ;
#5011 = UNCERTAINTY_MEASURE_WITH_UNIT (LENGTH_MEASURE( 1.000000000000000082E-05 ), #1381, 'distance_accuracy_value', 'NONE');
#5012 = PRESENTATION_STYLE_ASSIGNMENT (( #5341 ) ) ;
#5013 = UNCERTAINTY_MEASURE_WITH_UNIT (LENGTH_MEASURE( 1.000000000000000082E-05 ), #809, 'distance_accuracy_value', 'NONE');
#5014 = CARTESIAN_POINT ( 'NONE',  ( 0.000000000000000000, 5.083000000000000185, 6.884999999999999787 ) ) ;
#5015 = PLANE ( 'NONE',  #3480 ) ;
#5016 = ORIENTED_EDGE ( 'NONE', *, *, #1323, .F. ) ;
#5017 = ORIENTED_EDGE ( 'NONE', *, *, #2958, .F. ) ;
#5018 = EDGE_CURVE ( 'NONE', #1154, #280, #2005, .T. ) ;
#5019 = PLANE ( 'NONE',  #5047 ) ;
#5020 = VECTOR ( 'NONE', #3674, 1000.000000000000000 ) ;
#5021 = ORIENTED_EDGE ( 'NONE', *, *, #1293, .F. ) ;
#5022 = PRESENTATION_LAYER_ASSIGNMENT (  '', '', ( #1900 ) ) ;
#5023 = VECTOR ( 'NONE', #2377, 1000.000000000000000 ) ;
#5024 = DIRECTION ( 'NONE',  ( -0.000000000000000000, 1.000000000000000000, 0.000000000000000000 ) ) ;
#5025 = ADVANCED_FACE ( 'NONE', ( #2494 ), #1238, .F. ) ;
#5026 = CARTESIAN_POINT ( 'NONE',  ( -1.020000000000000018, -7.420000000000000817, -10.11746870376959961 ) ) ;
#5027 = ADVANCED_FACE ( 'NONE', ( #1123 ), #1202, .T. ) ;
#5028 = LINE ( 'NONE', #4131, #4604 ) ;
#5029 = PRESENTATION_STYLE_ASSIGNMENT (( #4132 ) ) ;
#5030 = DIRECTION ( 'NONE',  ( 0.000000000000000000, 1.000000000000000000, 0.000000000000000000 ) ) ;
#5031 = COLOUR_RGB ( '',0.2509803921568627416, 0.2509803921568627416, 0.2509803921568627416 ) ;
#5032 = STYLED_ITEM ( 'NONE', ( #1102 ), #3493 ) ;
#5033 = ORIENTED_EDGE ( 'NONE', *, *, #5126, .T. ) ;
#5034 = DIRECTION ( 'NONE',  ( 0.000000000000000000, 0.000000000000000000, 1.000000000000000000 ) ) ;
#5035 = ORIENTED_EDGE ( 'NONE', *, *, #44, .T. ) ;
#5036 =( LENGTH_UNIT ( ) NAMED_UNIT ( * ) SI_UNIT ( .MILLI., .METRE. ) );
#5037 = DIRECTION ( 'NONE',  ( 0.000000000000000000, -1.000000000000000000, 0.000000000000000000 ) ) ;
#5038 =( GEOMETRIC_REPRESENTATION_CONTEXT ( 3 ) GLOBAL_UNCERTAINTY_ASSIGNED_CONTEXT ( ( #5071 ) ) GLOBAL_UNIT_ASSIGNED_CONTEXT ( ( #2225, #2778, #2835 ) ) REPRESENTATION_CONTEXT ( 'NONE', 'WORKASPACE' ) );
#5039 = CARTESIAN_POINT ( 'NONE',  ( -1.020000000000000018, -6.412893218813461083, 1.015000000000000124 ) ) ;
#5040 = DIRECTION ( 'NONE',  ( 0.000000000000000000, 1.000000000000000000, 0.000000000000000000 ) ) ;
#5041 = MECHANICAL_DESIGN_GEOMETRIC_PRESENTATION_REPRESENTATION (  '', ( #3705 ), #1921 ) ;
#5042 = VECTOR ( 'NONE', #483, 1000.000000000000000 ) ;
#5043 = COLOUR_RGB ( '',0.7529411764705882248, 0.7529411764705882248, 0.7529411764705882248 ) ;
#5044 = EDGE_CURVE ( 'NONE', #3445, #4342, #3252, .T. ) ;
#5045 = COLOUR_RGB ( '',0.2509803921568627416, 0.2509803921568627416, 0.2509803921568627416 ) ;
#5046 =( GEOMETRIC_REPRESENTATION_CONTEXT ( 3 ) GLOBAL_UNCERTAINTY_ASSIGNED_CONTEXT ( ( #471 ) ) GLOBAL_UNIT_ASSIGNED_CONTEXT ( ( #4986, #196, #1086 ) ) REPRESENTATION_CONTEXT ( 'NONE', 'WORKASPACE' ) );
#5047 = AXIS2_PLACEMENT_3D ( 'NONE', #3762, #308, #1542 ) ;
#5048 = DIRECTION ( 'NONE',  ( 0.000000000000000000, -1.000000000000000000, 0.000000000000000000 ) ) ;
#5049 =( NAMED_UNIT ( * ) PLANE_ANGLE_UNIT ( ) SI_UNIT ( $, .RADIAN. ) );
#5050 =( NAMED_UNIT ( * ) SI_UNIT ( $, .STERADIAN. ) SOLID_ANGLE_UNIT ( ) );
#5051 = DIRECTION ( 'NONE',  ( 0.000000000000000000, -1.000000000000000000, 0.000000000000000000 ) ) ;
#5052 = ORIENTED_EDGE ( 'NONE', *, *, #1176, .F. ) ;
#5053 = ORIENTED_EDGE ( 'NONE', *, *, #3430, .F. ) ;
#5054 = SURFACE_SIDE_STYLE ('',( #1235 ) ) ;
#5055 = UNCERTAINTY_MEASURE_WITH_UNIT (LENGTH_MEASURE( 1.000000000000000082E-05 ), #1972, 'distance_accuracy_value', 'NONE');
#5056 = PRESENTATION_STYLE_ASSIGNMENT (( #5374 ) ) ;
#5057 = VERTEX_POINT ( 'NONE', #4334 ) ;
#5058 = FILL_AREA_STYLE_COLOUR ( '', #4151 ) ;
#5059 = FILL_AREA_STYLE_COLOUR ( '', #28 ) ;
#5060 = VERTEX_POINT ( 'NONE', #4668 ) ;
#5061 = CARTESIAN_POINT ( 'NONE',  ( 2.160000000000000142, -7.620000000000000107, -16.22427834969624882 ) ) ;
#5062 = ADVANCED_FACE ( 'NONE', ( #4366 ), #1778, .T. ) ;
#5063 = EDGE_CURVE ( 'NONE', #7, #1286, #2114, .T. ) ;
#5064 = SURFACE_STYLE_FILL_AREA ( #2592 ) ;
#5065 = SURFACE_SIDE_STYLE ('',( #1187 ) ) ;
#5066 = PLANE ( 'NONE',  #2250 ) ;
#5067 = DIRECTION ( 'NONE',  ( 0.000000000000000000, -1.000000000000000000, 0.000000000000000000 ) ) ;
#5068 = CARTESIAN_POINT ( 'NONE',  ( -0.8589743589743469299, -2.247746697746650035, 5.814999999999999503 ) ) ;
#5069 = UNCERTAINTY_MEASURE_WITH_UNIT (LENGTH_MEASURE( 1.000000000000000082E-05 ), #2226, 'distance_accuracy_value', 'NONE');
#5070 = SURFACE_SIDE_STYLE ('',( #5478 ) ) ;
#5071 = UNCERTAINTY_MEASURE_WITH_UNIT (LENGTH_MEASURE( 1.000000000000000082E-05 ), #2225, 'distance_accuracy_value', 'NONE');
#5072 = FILL_AREA_STYLE_COLOUR ( '', #215 ) ;
#5073 =( LENGTH_UNIT ( ) NAMED_UNIT ( * ) SI_UNIT ( .MILLI., .METRE. ) );
#5074 = FILL_AREA_STYLE_COLOUR ( '', #3838 ) ;
#5075 = EDGE_LOOP ( 'NONE', ( #2176, #4745, #119, #81 ) ) ;
#5076 = ORIENTED_EDGE ( 'NONE', *, *, #3905, .F. ) ;
#5077 =( NAMED_UNIT ( * ) SI_UNIT ( $, .STERADIAN. ) SOLID_ANGLE_UNIT ( ) );
#5078 = CARTESIAN_POINT ( 'NONE',  ( -2.160000000000000142, -0.3723944653317580178, -4.845000000000000639 ) ) ;
#5079 = AXIS2_PLACEMENT_3D ( 'NONE', #2281, #209, #3214 ) ;
#5080 = ORIENTED_EDGE ( 'NONE', *, *, #2877, .F. ) ;
#5081 = PLANE ( 'NONE',  #2564 ) ;
#5082 = ORIENTED_EDGE ( 'NONE', *, *, #4770, .F. ) ;
#5083 = DIRECTION ( 'NONE',  ( 0.000000000000000000, 1.000000000000000000, 0.000000000000000000 ) ) ;
#5084 = VECTOR ( 'NONE', #537, 1000.000000000000000 ) ;
#5085 = SURFACE_STYLE_FILL_AREA ( #3339 ) ;
#5086 = ORIENTED_EDGE ( 'NONE', *, *, #1281, .T. ) ;
#5087 = MECHANICAL_DESIGN_GEOMETRIC_PRESENTATION_REPRESENTATION (  '', ( #4648 ), #4992 ) ;
#5088 = CARTESIAN_POINT ( 'NONE',  ( -1.020000000000000018, 7.620000000000000107, -10.11746870376959961 ) ) ;
#5089 = ORIENTED_EDGE ( 'NONE', *, *, #1176, .T. ) ;
#5090 = DIRECTION ( 'NONE',  ( -1.000000000000000000, 0.000000000000000000, 0.000000000000000000 ) ) ;
#5091 = SURFACE_STYLE_USAGE ( .BOTH. , #2615 ) ;
#5092 = DIRECTION ( 'NONE',  ( 0.000000000000000000, 0.000000000000000000, 1.000000000000000000 ) ) ;
#5093 = ADVANCED_FACE ( 'NONE', ( #3083 ), #2552, .F. ) ;
#5094 = STYLED_ITEM ( 'NONE', ( #5446 ), #2300 ) ;
#5095 = EDGE_CURVE ( 'NONE', #4822, #1348, #3486, .T. ) ;
#5096 = VECTOR ( 'NONE', #4845, 1000.000000000000000 ) ;
#5097 = DIRECTION ( 'NONE',  ( -1.000000000000000000, 0.000000000000000000, 0.000000000000000000 ) ) ;
#5098 = DIRECTION ( 'NONE',  ( 0.000000000000000000, -1.000000000000000000, -3.414809992080330502E-16 ) ) ;
#5099 = ADVANCED_FACE ( 'NONE', ( #535 ), #3936, .T. ) ;
#5100 = CYLINDRICAL_SURFACE ( 'NONE', #1909, 1.449999999999999956 ) ;
#5101 = STYLED_ITEM ( 'NONE', ( #2089 ), #2753 ) ;
#5102 = DIRECTION ( 'NONE',  ( 0.000000000000000000, -1.000000000000000000, 0.000000000000000000 ) ) ;
#5103 = SURFACE_STYLE_FILL_AREA ( #4298 ) ;
#5104 = ORIENTED_EDGE ( 'NONE', *, *, #1980, .F. ) ;
#5105 = EDGE_LOOP ( 'NONE', ( #848, #3823, #681, #1725 ) ) ;
#5106 = CARTESIAN_POINT ( 'NONE',  ( 1.020000000000000018, -6.412893218813461083, -1.025000000000000133 ) ) ;
#5107 = ORIENTED_EDGE ( 'NONE', *, *, #907, .T. ) ;
#5108 =( LENGTH_UNIT ( ) NAMED_UNIT ( * ) SI_UNIT ( .MILLI., .METRE. ) );
#5109 = PLANE ( 'NONE',  #1572 ) ;
#5110 = ORIENTED_EDGE ( 'NONE', *, *, #3594, .T. ) ;
#5111 = VECTOR ( 'NONE', #5008, 1000.000000000000000 ) ;
#5112 = FILL_AREA_STYLE ('',( #832 ) ) ;
#5113 = ORIENTED_EDGE ( 'NONE', *, *, #1957, .F. ) ;
#5114 = LINE ( 'NONE', #5170, #4239 ) ;
#5115 = CARTESIAN_POINT ( 'NONE',  ( -1.020000000000000018, -11.11999999999999922, -1.525000000000000133 ) ) ;
#5116 = MECHANICAL_DESIGN_GEOMETRIC_PRESENTATION_REPRESENTATION (  '', ( #3517 ), #1032 ) ;
#5117 = AXIS2_PLACEMENT_3D ( 'NONE', #415, #2850, #1517 ) ;
#5118 = VECTOR ( 'NONE', #2964, 1000.000000000000000 ) ;
#5119 = AXIS2_PLACEMENT_3D ( 'NONE', #1702, #5034, #5146 ) ;
#5120 = COLOUR_RGB ( '',0.000000000000000000, 1.000000000000000000, 0.000000000000000000 ) ;
#5121 = CARTESIAN_POINT ( 'NONE',  ( -2.160000000000000142, -7.620000000000000107, -16.22427834969624882 ) ) ;
#5122 = SURFACE_STYLE_FILL_AREA ( #948 ) ;
#5123 = LINE ( 'NONE', #5501, #5118 ) ;
#5124 =( GEOMETRIC_REPRESENTATION_CONTEXT ( 3 ) GLOBAL_UNCERTAINTY_ASSIGNED_CONTEXT ( ( #2512 ) ) GLOBAL_UNIT_ASSIGNED_CONTEXT ( ( #920, #2649, #1309 ) ) REPRESENTATION_CONTEXT ( 'NONE', 'WORKASPACE' ) );
#5125 = PRESENTATION_LAYER_ASSIGNMENT (  '', '', ( #768 ) ) ;
#5126 = EDGE_CURVE ( 'NONE', #275, #3748, #3141, .T. ) ;
#5127 = ADVANCED_FACE ( 'NONE', ( #1457 ), #4880, .T. ) ;
#5128 = CARTESIAN_POINT ( 'NONE',  ( 1.520000000000000018, -7.119999999999999218, -1.525000000000000133 ) ) ;
#5129 =( GEOMETRIC_REPRESENTATION_CONTEXT ( 3 ) GLOBAL_UNCERTAINTY_ASSIGNED_CONTEXT ( ( #2551 ) ) GLOBAL_UNIT_ASSIGNED_CONTEXT ( ( #1054, #3685, #1153 ) ) REPRESENTATION_CONTEXT ( 'NONE', 'WORKASPACE' ) );
#5130 = MECHANICAL_DESIGN_GEOMETRIC_PRESENTATION_REPRESENTATION (  '', ( #5384 ), #5046 ) ;
#5131 = CIRCLE ( 'NONE', #2009, 1.449999999999999956 ) ;
#5132 = ORIENTED_EDGE ( 'NONE', *, *, #1616, .F. ) ;
#5133 = ORIENTED_EDGE ( 'NONE', *, *, #1070, .T. ) ;
#5134 = SURFACE_SIDE_STYLE ('',( #1343 ) ) ;
#5135 =( GEOMETRIC_REPRESENTATION_CONTEXT ( 3 ) GLOBAL_UNCERTAINTY_ASSIGNED_CONTEXT ( ( #2879 ) ) GLOBAL_UNIT_ASSIGNED_CONTEXT ( ( #1877, #1482, #242 ) ) REPRESENTATION_CONTEXT ( 'NONE', 'WORKASPACE' ) );
#5136 = VERTEX_POINT ( 'NONE', #672 ) ;
#5137 = FACE_OUTER_BOUND ( 'NONE', #4099, .T. ) ;
#5139 = ORIENTED_EDGE ( 'NONE', *, *, #2404, .T. ) ;
#5138 = DIRECTION ( 'NONE',  ( 0.000000000000000000, 0.000000000000000000, 1.000000000000000000 ) ) ;
#5140 = ORIENTED_EDGE ( 'NONE', *, *, #1315, .F. ) ;
#5141 =( NAMED_UNIT ( * ) SI_UNIT ( $, .STERADIAN. ) SOLID_ANGLE_UNIT ( ) );
#5142 = CARTESIAN_POINT ( 'NONE',  ( -2.160000000000000142, -5.120000000000000107, -4.845000000000000639 ) ) ;
#5143 = CARTESIAN_POINT ( 'NONE',  ( -1.750000000000000222, -7.119999999999999218, 2.295000000000000373 ) ) ;
#5144 = ORIENTED_EDGE ( 'NONE', *, *, #2886, .T. ) ;
#5145 = VERTEX_POINT ( 'NONE', #2743 ) ;
#5146 = DIRECTION ( 'NONE',  ( 0.000000000000000000, 1.000000000000000000, 0.000000000000000000 ) ) ;
#5147 = VERTEX_POINT ( 'NONE', #2372 ) ;
#5148 = DIRECTION ( 'NONE',  ( 0.000000000000000000, 3.414809992080330502E-16, -1.000000000000000000 ) ) ;
#5149 = FACE_OUTER_BOUND ( 'NONE', #4562, .T. ) ;
#5150 = LINE ( 'NONE', #12, #4146 ) ;
#5151 = LINE ( 'NONE', #1852, #223 ) ;
#5152 = LINE ( 'NONE', #104, #269 ) ;
#5153 = PRODUCT_CONTEXT ( 'NONE', #3197, 'mechanical' ) ;
#5154 = PRESENTATION_STYLE_ASSIGNMENT (( #1669 ) ) ;
#5155 = UNCERTAINTY_MEASURE_WITH_UNIT (LENGTH_MEASURE( 1.000000000000000082E-05 ), #5305, 'distance_accuracy_value', 'NONE');
#5156 =( NAMED_UNIT ( * ) PLANE_ANGLE_UNIT ( ) SI_UNIT ( $, .RADIAN. ) );
#5157 = FILL_AREA_STYLE ('',( #3464 ) ) ;
#5158 = ORIENTED_EDGE ( 'NONE', *, *, #457, .T. ) ;
#5159 = CARTESIAN_POINT ( 'NONE',  ( -2.160000000000000142, -6.119999999999999218, 2.295000000000000373 ) ) ;
#5160 = EDGE_CURVE ( 'NONE', #1893, #3579, #622, .T. ) ;
#5161 = ADVANCED_FACE ( 'NONE', ( #4799 ), #4446, .T. ) ;
#5162 = CARTESIAN_POINT ( 'NONE',  ( -1.520000000000000018, 7.620000000000000107, -10.11746870376959961 ) ) ;
#5163 =( LENGTH_UNIT ( ) NAMED_UNIT ( * ) SI_UNIT ( .MILLI., .METRE. ) );
#5164 = SURFACE_SIDE_STYLE ('',( #2609 ) ) ;
#5165 = DIRECTION ( 'NONE',  ( 0.000000000000000000, -5.981805089575200142E-16, 1.000000000000000000 ) ) ;
#5166 = VERTEX_POINT ( 'NONE', #5394 ) ;
#5167 = ORIENTED_EDGE ( 'NONE', *, *, #3693, .T. ) ;
#5168 =( GEOMETRIC_REPRESENTATION_CONTEXT ( 3 ) GLOBAL_UNCERTAINTY_ASSIGNED_CONTEXT ( ( #5013 ) ) GLOBAL_UNIT_ASSIGNED_CONTEXT ( ( #809, #373, #2893 ) ) REPRESENTATION_CONTEXT ( 'NONE', 'WORKASPACE' ) );
#5169 = ORIENTED_EDGE ( 'NONE', *, *, #3297, .T. ) ;
#5170 = CARTESIAN_POINT ( 'NONE',  ( -1.277036423998940240, -11.11999999999999922, 1.515000000000000124 ) ) ;
#5171 = DIRECTION ( 'NONE',  ( 0.000000000000000000, -1.000000000000000000, -3.469446951953615175E-16 ) ) ;
#5172 = COLOUR_RGB ( '',0.2509803921568627416, 0.2509803921568627416, 0.2509803921568627416 ) ;
#5173 = CARTESIAN_POINT ( 'NONE',  ( 2.160000000000000142, -6.119999999999999218, -16.22427834969624882 ) ) ;
#5174 = VECTOR ( 'NONE', #4759, 1000.000000000000000 ) ;
#5175 = SURFACE_SIDE_STYLE ('',( #981 ) ) ;
#5176 = EDGE_CURVE ( 'NONE', #5268, #971, #2395, .T. ) ;
#5177 = DIRECTION ( 'NONE',  ( -1.000000000000000000, 0.000000000000000000, 0.000000000000000000 ) ) ;
#5178 = DIRECTION ( 'NONE',  ( -1.000000000000000000, 0.000000000000000000, 0.000000000000000000 ) ) ;
#5179 = VECTOR ( 'NONE', #940, 1000.000000000000000 ) ;
#5180 = PRESENTATION_STYLE_ASSIGNMENT (( #982 ) ) ;
#5181 = CARTESIAN_POINT ( 'NONE',  ( 2.160000000000000142, -5.120000000000000107, -0.005000000000004240636 ) ) ;
#5182 = DIRECTION ( 'NONE',  ( 0.000000000000000000, 0.000000000000000000, -1.000000000000000000 ) ) ;
#5183 = UNCERTAINTY_MEASURE_WITH_UNIT (LENGTH_MEASURE( 1.000000000000000082E-05 ), #2706, 'distance_accuracy_value', 'NONE');
#5184 =( LENGTH_UNIT ( ) NAMED_UNIT ( * ) SI_UNIT ( .MILLI., .METRE. ) );
#5185 = AXIS2_PLACEMENT_3D ( 'NONE', #2040, #2440, #1553 ) ;
#5186 = LINE ( 'NONE', #4827, #1126 ) ;
#5187 = LINE ( 'NONE', #4853, #4386 ) ;
#5188 = FILL_AREA_STYLE ('',( #170 ) ) ;
#5189 = ORIENTED_EDGE ( 'NONE', *, *, #2553, .T. ) ;
#5190 = DIRECTION ( 'NONE',  ( 0.000000000000000000, 0.000000000000000000, 1.000000000000000000 ) ) ;
#5191 = CARTESIAN_POINT ( 'NONE',  ( 1.520000000000000018, 5.083000000000000185, -3.564999999999999947 ) ) ;
#5192 = ORIENTED_EDGE ( 'NONE', *, *, #4589, .F. ) ;
#5193 = VERTEX_POINT ( 'NONE', #1586 ) ;
#5194 = ADVANCED_FACE ( 'NONE', ( #4928 ), #5364, .T. ) ;
#5195 = ORIENTED_EDGE ( 'NONE', *, *, #188, .T. ) ;
#5196 = EDGE_CURVE ( 'NONE', #1893, #2495, #2488, .T. ) ;
#5197 = SURFACE_STYLE_FILL_AREA ( #39 ) ;
#5198 = FACE_OUTER_BOUND ( 'NONE', #4093, .T. ) ;
#5199 =( GEOMETRIC_REPRESENTATION_CONTEXT ( 3 ) GLOBAL_UNCERTAINTY_ASSIGNED_CONTEXT ( ( #629 ) ) GLOBAL_UNIT_ASSIGNED_CONTEXT ( ( #436, #4288, #1304 ) ) REPRESENTATION_CONTEXT ( 'NONE', 'WORKASPACE' ) );
#5200 = FACE_OUTER_BOUND ( 'NONE', #1495, .T. ) ;
#5201 = SURFACE_SIDE_STYLE ('',( #979 ) ) ;
#5202 = PRESENTATION_LAYER_ASSIGNMENT (  '', '', ( #2072 ) ) ;
#5203 = CARTESIAN_POINT ( 'NONE',  ( 1.520000000000000018, 5.083000000000000185, -4.065000000000000391 ) ) ;
#5204 = CARTESIAN_POINT ( 'NONE',  ( 0.000000000000000000, 5.083000000000000185, 5.714999999999999858 ) ) ;
#5205 = VECTOR ( 'NONE', #1251, 1000.000000000000000 ) ;
#5206 = ADVANCED_FACE ( 'NONE', ( #247 ), #1146, .T. ) ;
#5207 = LINE ( 'NONE', #983, #2618 ) ;
#5208 = VECTOR ( 'NONE', #1283, 1000.000000000000000 ) ;
#5209 = STYLED_ITEM ( 'NONE', ( #4100 ), #705 ) ;
#5210 =( GEOMETRIC_REPRESENTATION_CONTEXT ( 3 ) GLOBAL_UNCERTAINTY_ASSIGNED_CONTEXT ( ( #790 ) ) GLOBAL_UNIT_ASSIGNED_CONTEXT ( ( #1936, #3985, #4872 ) ) REPRESENTATION_CONTEXT ( 'NONE', 'WORKASPACE' ) );
#5211 = SURFACE_STYLE_USAGE ( .BOTH. , #1801 ) ;
#5212 =( GEOMETRIC_REPRESENTATION_CONTEXT ( 3 ) GLOBAL_UNCERTAINTY_ASSIGNED_CONTEXT ( ( #2845 ) ) GLOBAL_UNIT_ASSIGNED_CONTEXT ( ( #2036, #5381, #807 ) ) REPRESENTATION_CONTEXT ( 'NONE', 'WORKASPACE' ) );
#5213 = ORIENTED_EDGE ( 'NONE', *, *, #4794, .T. ) ;
#5214 = VECTOR ( 'NONE', #3166, 1000.000000000000000 ) ;
#5215 = LINE ( 'NONE', #5162, #411 ) ;
#5216 = AXIS2_PLACEMENT_3D ( 'NONE', #5270, #5298, #2695 ) ;
#5217 = DIRECTION ( 'NONE',  ( 0.000000000000000000, -5.981805089575200142E-16, 1.000000000000000000 ) ) ;
#5219 = ORIENTED_EDGE ( 'NONE', *, *, #44, .F. ) ;
#5218 = CARTESIAN_POINT ( 'NONE',  ( -1.020000000000000018, -11.11999999999999922, -10.11746870376959961 ) ) ;
#5220 = ORIENTED_EDGE ( 'NONE', *, *, #4095, .F. ) ;
#5221 = LINE ( 'NONE', #1845, #596 ) ;
#5222 = STYLED_ITEM ( 'NONE', ( #4536 ), #5027 ) ;
#5223 = DIRECTION ( 'NONE',  ( 1.000000000000000000, 0.000000000000000000, 0.000000000000000000 ) ) ;
#5224 = AXIS2_PLACEMENT_3D ( 'NONE', #2135, #2053, #4271 ) ;
#5225 = ORIENTED_EDGE ( 'NONE', *, *, #1815, .F. ) ;
#5226 = ORIENTED_EDGE ( 'NONE', *, *, #2293, .F. ) ;
#5227 =( NAMED_UNIT ( * ) SI_UNIT ( $, .STERADIAN. ) SOLID_ANGLE_UNIT ( ) );
#5228 = VECTOR ( 'NONE', #2326, 1000.000000000000000 ) ;
#5229 = PLANE ( 'NONE',  #2461 ) ;
#5230 = EDGE_CURVE ( 'NONE', #604, #5060, #1076, .T. ) ;
#5231 = AXIS2_PLACEMENT_3D ( 'NONE', #5324, #2313, #5269 ) ;
#5232 = EDGE_CURVE ( 'NONE', #3009, #459, #4844, .T. ) ;
#5233 = SURFACE_STYLE_USAGE ( .BOTH. , #5175 ) ;
#5234 = SURFACE_SIDE_STYLE ('',( #3136 ) ) ;
#5235 = CARTESIAN_POINT ( 'NONE',  ( -1.243589743589730068, -1.863131313131265010, 5.814999999999999503 ) ) ;
#5236 = FILL_AREA_STYLE ('',( #3079 ) ) ;
#5237 = ORIENTED_EDGE ( 'NONE', *, *, #3331, .F. ) ;
#5238 = DIRECTION ( 'NONE',  ( 0.000000000000000000, 0.000000000000000000, 1.000000000000000000 ) ) ;
#5239 = FACE_OUTER_BOUND ( 'NONE', #3657, .T. ) ;
#5240 =( NAMED_UNIT ( * ) SI_UNIT ( $, .STERADIAN. ) SOLID_ANGLE_UNIT ( ) );
#5241 = FACE_OUTER_BOUND ( 'NONE', #3584, .T. ) ;
#5242 = CARTESIAN_POINT ( 'NONE',  ( -1.243589743589730068, -1.863131313131265010, 5.814999999999999503 ) ) ;
#5243 = ORIENTED_EDGE ( 'NONE', *, *, #4422, .T. ) ;
#5244 = SURFACE_STYLE_FILL_AREA ( #1847 ) ;
#5245 = EDGE_CURVE ( 'NONE', #2088, #4863, #4519, .T. ) ;
#5246 = ORIENTED_EDGE ( 'NONE', *, *, #5232, .T. ) ;
#5247 = ORIENTED_EDGE ( 'NONE', *, *, #1525, .T. ) ;
#5248 =( NAMED_UNIT ( * ) PLANE_ANGLE_UNIT ( ) SI_UNIT ( $, .RADIAN. ) );
#5249 = CARTESIAN_POINT ( 'NONE',  ( -1.277036423998930248, -11.11999999999999922, -10.11746870376959961 ) ) ;
#5250 =( LENGTH_UNIT ( ) NAMED_UNIT ( * ) SI_UNIT ( .MILLI., .METRE. ) );
#5251 = FILL_AREA_STYLE_COLOUR ( '', #864 ) ;
#5252 = CARTESIAN_POINT ( 'NONE',  ( -0.9200000000000000400, -7.420000000000000817, 1.515000000000000124 ) ) ;
#5253 = AXIS2_PLACEMENT_3D ( 'NONE', #1938, #3564, #4896 ) ;
#5254 = PRESENTATION_STYLE_ASSIGNMENT (( #1876 ) ) ;
#5255 = PLANE ( 'NONE',  #641 ) ;
#5256 = EDGE_CURVE ( 'NONE', #1171, #1422, #665, .T. ) ;
#5257 = MECHANICAL_DESIGN_GEOMETRIC_PRESENTATION_REPRESENTATION (  '', ( #2770 ), #817 ) ;
#5258 = COLOUR_RGB ( '',0.7529411764705882248, 0.7529411764705882248, 0.7529411764705882248 ) ;
#5259 = LINE ( 'NONE', #1107, #299 ) ;
#5260 = ADVANCED_FACE ( 'NONE', ( #1530 ), #3188, .T. ) ;
#5261 = ADVANCED_FACE ( 'NONE', ( #695 ), #1856, .T. ) ;
#5262 =( GEOMETRIC_REPRESENTATION_CONTEXT ( 3 ) GLOBAL_UNCERTAINTY_ASSIGNED_CONTEXT ( ( #4364 ) ) GLOBAL_UNIT_ASSIGNED_CONTEXT ( ( #2046, #3349, #3839 ) ) REPRESENTATION_CONTEXT ( 'NONE', 'WORKASPACE' ) );
#5263 = SURFACE_SIDE_STYLE ('',( #1412 ) ) ;
#5264 = LINE ( 'NONE', #1458, #4948 ) ;
#5265 = VECTOR ( 'NONE', #1818, 1000.000000000000000 ) ;
#5266 =( NAMED_UNIT ( * ) PLANE_ANGLE_UNIT ( ) SI_UNIT ( $, .RADIAN. ) );
#5267 = CARTESIAN_POINT ( 'NONE',  ( 2.160000000000000142, -6.119999999999999218, -0.005000000000001530130 ) ) ;
#5268 = VERTEX_POINT ( 'NONE', #2142 ) ;
#5269 = DIRECTION ( 'NONE',  ( 0.000000000000000000, 1.000000000000000000, 5.981805089575197183E-16 ) ) ;
#5270 = CARTESIAN_POINT ( 'NONE',  ( 1.520000000000000018, 7.620000000000000107, -10.11746870376959961 ) ) ;
#5271 = ORIENTED_EDGE ( 'NONE', *, *, #1853, .T. ) ;
#5272 = PRESENTATION_LAYER_ASSIGNMENT (  '', '', ( #112 ) ) ;
#5273 = ORIENTED_EDGE ( 'NONE', *, *, #3957, .T. ) ;
#5274 = ORIENTED_EDGE ( 'NONE', *, *, #2669, .T. ) ;
#5275 = SURFACE_STYLE_USAGE ( .BOTH. , #544 ) ;
#5276 = ORIENTED_EDGE ( 'NONE', *, *, #531, .F. ) ;
#5277 = CYLINDRICAL_SURFACE ( 'NONE', #470, 1.449999999999999956 ) ;
#5278 = SURFACE_STYLE_FILL_AREA ( #3132 ) ;
#5279 = PRESENTATION_LAYER_ASSIGNMENT (  '', '', ( #1191 ) ) ;
#5280 = SURFACE_STYLE_FILL_AREA ( #2841 ) ;
#5281 = STYLED_ITEM ( 'NONE', ( #2199 ), #384 ) ;
#5282 = LINE ( 'NONE', #3268, #1556 ) ;
#5283 = COLOUR_RGB ( '',0.2509803921568627416, 0.2509803921568627416, 0.2509803921568627416 ) ;
#5284 =( LENGTH_UNIT ( ) NAMED_UNIT ( * ) SI_UNIT ( .MILLI., .METRE. ) );
#5285 = CARTESIAN_POINT ( 'NONE',  ( 2.160000000000000142, -0.3723944653317750042, -0.004999999999998059816 ) ) ;
#5286 =( LENGTH_UNIT ( ) NAMED_UNIT ( * ) SI_UNIT ( .MILLI., .METRE. ) );
#5287 = PRESENTATION_LAYER_ASSIGNMENT (  '', '', ( #1484 ) ) ;
#5288 = MECHANICAL_DESIGN_GEOMETRIC_PRESENTATION_REPRESENTATION (  '', ( #1036 ), #1642 ) ;
#5289 = STYLED_ITEM ( 'NONE', ( #3019 ), #3465 ) ;
#5290 = EDGE_CURVE ( 'NONE', #4649, #1677, #3059, .T. ) ;
#5291 = EDGE_CURVE ( 'NONE', #459, #3918, #451, .T. ) ;
#5292 = PLANE ( 'NONE',  #2653 ) ;
#5293 = PRESENTATION_LAYER_ASSIGNMENT (  '', '', ( #1566 ) ) ;
#5294 = STYLED_ITEM ( 'NONE', ( #3021 ), #429 ) ;
#5295 = AXIS2_PLACEMENT_3D ( 'NONE', #3291, #5387, #3812 ) ;
#5296 = ORIENTED_EDGE ( 'NONE', *, *, #4522, .F. ) ;
#5297 = FILL_AREA_STYLE ('',( #3603 ) ) ;
#5298 = DIRECTION ( 'NONE',  ( -1.000000000000000000, 0.000000000000000000, 0.000000000000000000 ) ) ;
#5299 = UNCERTAINTY_MEASURE_WITH_UNIT (LENGTH_MEASURE( 1.000000000000000082E-05 ), #3698, 'distance_accuracy_value', 'NONE');
#5300 = EDGE_LOOP ( 'NONE', ( #1334, #795, #5167, #4669 ) ) ;
#5301 = MECHANICAL_DESIGN_GEOMETRIC_PRESENTATION_REPRESENTATION (  '', ( #5209 ), #3442 ) ;
#5302 = VECTOR ( 'NONE', #1421, 1000.000000000000000 ) ;
#5303 = AXIS2_PLACEMENT_3D ( 'NONE', #2536, #5005, #3376 ) ;
#5304 = ORIENTED_EDGE ( 'NONE', *, *, #1746, .F. ) ;
#5305 =( LENGTH_UNIT ( ) NAMED_UNIT ( * ) SI_UNIT ( .MILLI., .METRE. ) );
#5306 = FILL_AREA_STYLE ('',( #1526 ) ) ;
#5307 = CARTESIAN_POINT ( 'NONE',  ( -1.277036423998930248, 7.620000000000000107, -3.564999999999999947 ) ) ;
#5308 = PRESENTATION_LAYER_ASSIGNMENT (  '', '', ( #1576 ) ) ;
#5309 = VECTOR ( 'NONE', #3553, 1000.000000000000000 ) ;
#5310 = COLOUR_RGB ( '',0.7529411764705882248, 0.7529411764705882248, 0.7529411764705882248 ) ;
#5311 = DIRECTION ( 'NONE',  ( -1.000000000000000000, 0.000000000000000000, 0.000000000000000000 ) ) ;
#5312 = CARTESIAN_POINT ( 'NONE',  ( 2.160000000000000142, -7.620000000000000107, -5.714999999999999858 ) ) ;
#5313 = EDGE_CURVE ( 'NONE', #4941, #5057, #2587, .T. ) ;
#5314 = COLOUR_RGB ( '',0.7529411764705882248, 0.7529411764705882248, 0.7529411764705882248 ) ;
#5315 = FACE_OUTER_BOUND ( 'NONE', #4476, .T. ) ;
#5316 = DIRECTION ( 'NONE',  ( 0.000000000000000000, -1.000000000000000000, 0.000000000000000000 ) ) ;
#5317 = DIRECTION ( 'NONE',  ( -1.000000000000000000, 0.000000000000000000, 0.000000000000000000 ) ) ;
#5318 = CARTESIAN_POINT ( 'NONE',  ( -1.153846153846141975, -2.247746697746650035, 5.714999999999999858 ) ) ;
#5319 = PRESENTATION_LAYER_ASSIGNMENT (  '', '', ( #1223 ) ) ;
#5320 = CARTESIAN_POINT ( 'NONE',  ( 1.020000000000000018, -6.412893218813461083, -10.11746870376959961 ) ) ;
#5321 = ORIENTED_EDGE ( 'NONE', *, *, #5455, .F. ) ;
#5322 = ADVANCED_FACE ( 'NONE', ( #5241 ), #3883, .F. ) ;
#5323 = EDGE_CURVE ( 'NONE', #5193, #3857, #969, .T. ) ;
#5324 = CARTESIAN_POINT ( 'NONE',  ( 0.000000000000000000, 0.002999999999999529952, 5.714999999999999858 ) ) ;
#5325 =( LENGTH_UNIT ( ) NAMED_UNIT ( * ) SI_UNIT ( .MILLI., .METRE. ) );
#5326 = VERTEX_POINT ( 'NONE', #518 ) ;
#5327 = CARTESIAN_POINT ( 'NONE',  ( -1.277036423998930248, -6.412893218813461083, -1.525000000000000133 ) ) ;
#5328 = ORIENTED_EDGE ( 'NONE', *, *, #4921, .F. ) ;
#5329 = ORIENTED_EDGE ( 'NONE', *, *, #1499, .T. ) ;
#5330 = VERTEX_POINT ( 'NONE', #3446 ) ;
#5331 =( NAMED_UNIT ( * ) PLANE_ANGLE_UNIT ( ) SI_UNIT ( $, .RADIAN. ) );
#5332 = DIRECTION ( 'NONE',  ( 0.000000000000000000, 0.000000000000000000, -1.000000000000000000 ) ) ;
#5333 = DIRECTION ( 'NONE',  ( -1.000000000000000000, 0.000000000000000000, 0.000000000000000000 ) ) ;
#5334 =( LENGTH_UNIT ( ) NAMED_UNIT ( * ) SI_UNIT ( .MILLI., .METRE. ) );
#5335 = UNCERTAINTY_MEASURE_WITH_UNIT (LENGTH_MEASURE( 1.000000000000000082E-05 ), #2254, 'distance_accuracy_value', 'NONE');
#5336 = FACE_OUTER_BOUND ( 'NONE', #4042, .T. ) ;
#5337 = SURFACE_STYLE_USAGE ( .BOTH. , #3641 ) ;
#5338 = PRESENTATION_LAYER_ASSIGNMENT (  '', '', ( #2966 ) ) ;
#5339 = DIRECTION ( 'NONE',  ( 0.000000000000000000, -5.072290865429260706E-16, -1.000000000000000000 ) ) ;
#5340 = VECTOR ( 'NONE', #1970, 1000.000000000000000 ) ;
#5341 = SURFACE_STYLE_USAGE ( .BOTH. , #3322 ) ;
#5342 = VECTOR ( 'NONE', #2110, 1000.000000000000000 ) ;
#5343 = PRESENTATION_STYLE_ASSIGNMENT (( #5366 ) ) ;
#5344 = CARTESIAN_POINT ( 'NONE',  ( 1.520000000000000018, -11.11999999999999922, -1.025000000000000133 ) ) ;
#5346 = ORIENTED_EDGE ( 'NONE', *, *, #4287, .F. ) ;
#5345 = CARTESIAN_POINT ( 'NONE',  ( -1.020000000000000018, -7.620000000000000107, -5.714999999999999858 ) ) ;
#5347 = VERTEX_POINT ( 'NONE', #5142 ) ;
#5348 = LINE ( 'NONE', #1951, #3018 ) ;
#5349 =( LENGTH_UNIT ( ) NAMED_UNIT ( * ) SI_UNIT ( .MILLI., .METRE. ) );
#5350 = PRESENTATION_STYLE_ASSIGNMENT (( #4503 ) ) ;
#5351 = CARTESIAN_POINT ( 'NONE',  ( -2.160000000000000142, -5.120000000000000107, -4.845000000000000639 ) ) ;
#5352 = ORIENTED_EDGE ( 'NONE', *, *, #4359, .F. ) ;
#5353 = PLANE ( 'NONE',  #2908 ) ;
#5354 = CARTESIAN_POINT ( 'NONE',  ( -1.020000000000000018, -6.412893218813461083, 1.015000000000000124 ) ) ;
#5355 = LINE ( 'NONE', #1506, #109 ) ;
#5356 = MECHANICAL_DESIGN_GEOMETRIC_PRESENTATION_REPRESENTATION (  '', ( #2251 ), #114 ) ;
#5357 = DIRECTION ( 'NONE',  ( 0.000000000000000000, -1.000000000000000000, 0.000000000000000000 ) ) ;
#5358 = EDGE_CURVE ( 'NONE', #2566, #3004, #1329, .T. ) ;
#5359 = ORIENTED_EDGE ( 'NONE', *, *, #120, .F. ) ;
#5360 = PLANE ( 'NONE',  #4641 ) ;
#5361 =( LENGTH_UNIT ( ) NAMED_UNIT ( * ) SI_UNIT ( .MILLI., .METRE. ) );
#5362 = FACE_OUTER_BOUND ( 'NONE', #4786, .T. ) ;
#5363 = VECTOR ( 'NONE', #2938, 1000.000000000000000 ) ;
#5364 = PLANE ( 'NONE',  #2473 ) ;
#5365 = STYLED_ITEM ( 'NONE', ( #999 ), #3010 ) ;
#5366 = SURFACE_STYLE_USAGE ( .BOTH. , #4530 ) ;
#5367 = DIRECTION ( 'NONE',  ( -1.000000000000000000, 0.000000000000000000, 0.000000000000000000 ) ) ;
#5368 = ORIENTED_EDGE ( 'NONE', *, *, #4770, .T. ) ;
#5369 = ORIENTED_EDGE ( 'NONE', *, *, #1143, .T. ) ;
#5370 =( GEOMETRIC_REPRESENTATION_CONTEXT ( 3 ) GLOBAL_UNCERTAINTY_ASSIGNED_CONTEXT ( ( #2102 ) ) GLOBAL_UNIT_ASSIGNED_CONTEXT ( ( #4142, #4790, #578 ) ) REPRESENTATION_CONTEXT ( 'NONE', 'WORKASPACE' ) );
#5371 = CARTESIAN_POINT ( 'NONE',  ( -1.277036423998930248, 5.083000000000000185, -3.564999999999999947 ) ) ;
#5372 = PRESENTATION_LAYER_ASSIGNMENT (  '', '', ( #2989 ) ) ;
#5373 = PRESENTATION_STYLE_ASSIGNMENT (( #4122 ) ) ;
#5374 = SURFACE_STYLE_USAGE ( .BOTH. , #2057 ) ;
#5375 = ORIENTED_EDGE ( 'NONE', *, *, #1882, .T. ) ;
#5376 = ORIENTED_EDGE ( 'NONE', *, *, #1919, .T. ) ;
#5377 = CARTESIAN_POINT ( 'NONE',  ( -1.020000000000000018, -5.120000000000000107, -4.845000000000000639 ) ) ;
#5378 = FACE_OUTER_BOUND ( 'NONE', #3300, .T. ) ;
#5379 = LINE ( 'NONE', #1134, #3536 ) ;
#5380 = CIRCLE ( 'NONE', #3876, 1.449999999999999956 ) ;
#5381 =( NAMED_UNIT ( * ) PLANE_ANGLE_UNIT ( ) SI_UNIT ( $, .RADIAN. ) );
#5382 = COLOUR_RGB ( '',0.2509803921568627416, 0.2509803921568627416, 0.2509803921568627416 ) ;
#5383 =( GEOMETRIC_REPRESENTATION_CONTEXT ( 3 ) GLOBAL_UNCERTAINTY_ASSIGNED_CONTEXT ( ( #4466 ) ) GLOBAL_UNIT_ASSIGNED_CONTEXT ( ( #3105, #3953, #3537 ) ) REPRESENTATION_CONTEXT ( 'NONE', 'WORKASPACE' ) );
#5384 = STYLED_ITEM ( 'NONE', ( #5343 ), #1074 ) ;
#5385 = PLANE ( 'NONE',  #2134 ) ;
#5386 = VECTOR ( 'NONE', #3391, 1000.000000000000000 ) ;
#5387 = DIRECTION ( 'NONE',  ( -0.000000000000000000, 1.000000000000000000, 0.000000000000000000 ) ) ;
#5388 = ADVANCED_FACE ( 'NONE', ( #65 ), #1807, .T. ) ;
#5389 = EDGE_CURVE ( 'NONE', #1171, #2701, #2767, .T. ) ;
#5390 = DIRECTION ( 'NONE',  ( 0.000000000000000000, 1.000000000000000000, 5.981805089575197183E-16 ) ) ;
#5391 = DIRECTION ( 'NONE',  ( -1.000000000000000000, 0.000000000000000000, 0.000000000000000000 ) ) ;
#5392 = PRESENTATION_LAYER_ASSIGNMENT (  '', '', ( #4353 ) ) ;
#5393 = UNCERTAINTY_MEASURE_WITH_UNIT (LENGTH_MEASURE( 1.000000000000000082E-05 ), #2625, 'distance_accuracy_value', 'NONE');
#5394 = CARTESIAN_POINT ( 'NONE',  ( 1.520000000000000018, -7.620000000000000107, -5.714999999999999858 ) ) ;
#5395 = PRESENTATION_LAYER_ASSIGNMENT (  '', '', ( #4441 ) ) ;
#5396 = DIRECTION ( 'NONE',  ( 0.000000000000000000, 0.000000000000000000, 1.000000000000000000 ) ) ;
#5397 = CARTESIAN_POINT ( 'NONE',  ( 2.160000000000000142, -5.120000000000000107, -4.845000000000000639 ) ) ;
#5398 = CARTESIAN_POINT ( 'NONE',  ( -1.619999999999999885, -8.419999999999999929, 1.015000000000000124 ) ) ;
#5399 = ORIENTED_EDGE ( 'NONE', *, *, #2683, .T. ) ;
#5400 = EDGE_CURVE ( 'NONE', #604, #3254, #5348, .T. ) ;
#5401 = SURFACE_STYLE_FILL_AREA ( #3361 ) ;
#5402 = FILL_AREA_STYLE_COLOUR ( '', #3439 ) ;
#5403 = ORIENTED_EDGE ( 'NONE', *, *, #4316, .T. ) ;
#5404 = FILL_AREA_STYLE_COLOUR ( '', #2083 ) ;
#5405 = FILL_AREA_STYLE_COLOUR ( '', #474 ) ;
#5406 = CARTESIAN_POINT ( 'NONE',  ( 1.020000000000000018, -8.419999999999999929, 1.515000000000000124 ) ) ;
#5407 = EDGE_CURVE ( 'NONE', #2639, #4965, #2825, .T. ) ;
#5408 = LINE ( 'NONE', #3692, #3618 ) ;
#5409 = DIRECTION ( 'NONE',  ( -1.000000000000000000, 0.000000000000000000, 0.000000000000000000 ) ) ;
#5410 = LINE ( 'NONE', #4107, #4333 ) ;
#5411 = ORIENTED_EDGE ( 'NONE', *, *, #569, .F. ) ;
#5412 = DIRECTION ( 'NONE',  ( 0.000000000000000000, 0.000000000000000000, -1.000000000000000000 ) ) ;
#5413 = ORIENTED_EDGE ( 'NONE', *, *, #4209, .F. ) ;
#5414 = DIRECTION ( 'NONE',  ( 0.000000000000000000, 0.000000000000000000, 1.000000000000000000 ) ) ;
#5415 = FACE_OUTER_BOUND ( 'NONE', #4455, .T. ) ;
#5416 = SURFACE_STYLE_FILL_AREA ( #747 ) ;
#5417 = FILL_AREA_STYLE_COLOUR ( '', #4856 ) ;
#5418 = SURFACE_STYLE_FILL_AREA ( #3316 ) ;
#5419 = EDGE_CURVE ( 'NONE', #3422, #226, #599, .T. ) ;
#5420 = PRESENTATION_STYLE_ASSIGNMENT (( #1280 ) ) ;
#5421 = DIRECTION ( 'NONE',  ( -1.000000000000000000, 0.000000000000000000, 0.000000000000000000 ) ) ;
#5422 = DIRECTION ( 'NONE',  ( 1.000000000000000000, 0.000000000000000000, 0.000000000000000000 ) ) ;
#5423 = EDGE_CURVE ( 'NONE', #1154, #905, #1927, .T. ) ;
#5424 = VECTOR ( 'NONE', #4531, 1000.000000000000000 ) ;
#5425 = EDGE_CURVE ( 'NONE', #1498, #2060, #3116, .T. ) ;
#5426 = DIRECTION ( 'NONE',  ( 0.000000000000000000, -1.000000000000000000, 0.000000000000000000 ) ) ;
#5427 = ORIENTED_EDGE ( 'NONE', *, *, #3946, .T. ) ;
#5428 = ORIENTED_EDGE ( 'NONE', *, *, #296, .F. ) ;
#5429 = CARTESIAN_POINT ( 'NONE',  ( 2.160000000000000142, -7.620000000000000107, -5.714999999999999858 ) ) ;
#5430 = AXIS2_PLACEMENT_3D ( 'NONE', #4849, #532, #3933 ) ;
#5431 = DIRECTION ( 'NONE',  ( 0.000000000000000000, 0.000000000000000000, -1.000000000000000000 ) ) ;
#5432 = PLANE ( 'NONE',  #4607 ) ;
#5433 = VERTEX_POINT ( 'NONE', #4451 ) ;
#5434 = MECHANICAL_DESIGN_GEOMETRIC_PRESENTATION_REPRESENTATION (  '', ( #5094 ), #2868 ) ;
#5435 = CARTESIAN_POINT ( 'NONE',  ( -1.538461538461525002, -2.247746697746650035, 5.814999999999999503 ) ) ;
#5436 = CARTESIAN_POINT ( 'NONE',  ( 0.9200000000000000400, -7.420000000000000817, -0.2056555615733750009 ) ) ;
#5437 = PLANE ( 'NONE',  #2460 ) ;
#5438 = CARTESIAN_POINT ( 'NONE',  ( -1.449999999999999956, -5.076999999999999957, 5.714999999999999858 ) ) ;
#5439 = ORIENTED_EDGE ( 'NONE', *, *, #4250, .T. ) ;
#5440 = DIRECTION ( 'NONE',  ( 0.000000000000000000, -1.000000000000000000, 0.000000000000000000 ) ) ;
#5441 = AXIS2_PLACEMENT_3D ( 'NONE', #3852, #1296, #885 ) ;
#5442 = CARTESIAN_POINT ( 'NONE',  ( -1.277036423998930248, 5.083000000000000185, -4.065000000000000391 ) ) ;
#5443 = SURFACE_SIDE_STYLE ('',( #3751 ) ) ;
#5444 = SURFACE_SIDE_STYLE ('',( #3752 ) ) ;
#5445 = COLOUR_RGB ( '',0.7529411764705882248, 0.7529411764705882248, 0.7529411764705882248 ) ;
#5446 = PRESENTATION_STYLE_ASSIGNMENT (( #841 ) ) ;
#5447 = UNCERTAINTY_MEASURE_WITH_UNIT (LENGTH_MEASURE( 1.000000000000000082E-05 ), #3195, 'distance_accuracy_value', 'NONE');
#5448 = UNCERTAINTY_MEASURE_WITH_UNIT (LENGTH_MEASURE( 1.000000000000000082E-05 ), #4033, 'distance_accuracy_value', 'NONE');
#5449 = PRESENTATION_STYLE_ASSIGNMENT (( #846 ) ) ;
#5450 = LINE ( 'NONE', #1718, #2508 ) ;
#5451 = VERTEX_POINT ( 'NONE', #4021 ) ;
#5452 = ORIENTED_EDGE ( 'NONE', *, *, #4588, .T. ) ;
#5453 =( NAMED_UNIT ( * ) PLANE_ANGLE_UNIT ( ) SI_UNIT ( $, .RADIAN. ) );
#5454 = EDGE_CURVE ( 'NONE', #2531, #3579, #1888, .T. ) ;
#5455 = EDGE_CURVE ( 'NONE', #1620, #56, #278, .T. ) ;
#5456 = VECTOR ( 'NONE', #4996, 1000.000000000000000 ) ;
#5457 =( LENGTH_UNIT ( ) NAMED_UNIT ( * ) SI_UNIT ( .MILLI., .METRE. ) );
#5458 = ORIENTED_EDGE ( 'NONE', *, *, #1957, .T. ) ;
#5459 =( NAMED_UNIT ( * ) PLANE_ANGLE_UNIT ( ) SI_UNIT ( $, .RADIAN. ) );
#5460 = VECTOR ( 'NONE', #5422, 1000.000000000000000 ) ;
#5461 = PRESENTATION_LAYER_ASSIGNMENT (  '', '', ( #2356 ) ) ;
#5462 = CARTESIAN_POINT ( 'NONE',  ( -1.538461538461525002, -2.247746697746650035, 5.814999999999999503 ) ) ;
#5463 = FILL_AREA_STYLE_COLOUR ( '', #2184 ) ;
#5464 =( GEOMETRIC_REPRESENTATION_CONTEXT ( 3 ) GLOBAL_UNCERTAINTY_ASSIGNED_CONTEXT ( ( #1168 ) ) GLOBAL_UNIT_ASSIGNED_CONTEXT ( ( #3739, #3385, #850 ) ) REPRESENTATION_CONTEXT ( 'NONE', 'WORKASPACE' ) );
#5465 = AXIS2_PLACEMENT_3D ( 'NONE', #778, #743, #320 ) ;
#5466 = MECHANICAL_DESIGN_GEOMETRIC_PRESENTATION_REPRESENTATION (  '', ( #5032 ), #43 ) ;
#5467 = CARTESIAN_POINT ( 'NONE',  ( -1.243589743589730068, -2.158003108003060166, 5.814999999999999503 ) ) ;
#5468 = STYLED_ITEM ( 'NONE', ( #5154 ), #4625 ) ;
#5469 = AXIS2_PLACEMENT_3D ( 'NONE', #1524, #657, #4081 ) ;
#5470 = SURFACE_STYLE_USAGE ( .BOTH. , #5444 ) ;
#5471 = EDGE_CURVE ( 'NONE', #4077, #2316, #200, .T. ) ;
#5472 = VECTOR ( 'NONE', #1415, 1000.000000000000000 ) ;
#5473 = VECTOR ( 'NONE', #1577, 1000.000000000000000 ) ;
#5474 = VECTOR ( 'NONE', #4713, 1000.000000000000000 ) ;
#5475 = CARTESIAN_POINT ( 'NONE',  ( -2.160000000000000142, -0.3723944653317539655, 2.295000000000000373 ) ) ;
#5476 = DIRECTION ( 'NONE',  ( 0.000000000000000000, -5.072290865429260706E-16, -1.000000000000000000 ) ) ;
#5477 = DIRECTION ( 'NONE',  ( 0.000000000000000000, 0.000000000000000000, -1.000000000000000000 ) ) ;
#5478 = SURFACE_STYLE_FILL_AREA ( #3379 ) ;
#5479 = LINE ( 'NONE', #757, #581 ) ;
#5480 =( GEOMETRIC_REPRESENTATION_CONTEXT ( 3 ) GLOBAL_UNCERTAINTY_ASSIGNED_CONTEXT ( ( #1264 ) ) GLOBAL_UNIT_ASSIGNED_CONTEXT ( ( #2449, #3245, #1194 ) ) REPRESENTATION_CONTEXT ( 'NONE', 'WORKASPACE' ) );
#5481 =( NAMED_UNIT ( * ) SI_UNIT ( $, .STERADIAN. ) SOLID_ANGLE_UNIT ( ) );
#5482 = DIRECTION ( 'NONE',  ( 1.000000000000000000, 0.000000000000000000, 0.000000000000000000 ) ) ;
#5483 = ORIENTED_EDGE ( 'NONE', *, *, #3635, .F. ) ;
#5484 = FACE_OUTER_BOUND ( 'NONE', #2747, .T. ) ;
#5485 = ORIENTED_EDGE ( 'NONE', *, *, #2193, .F. ) ;
#5486 = SURFACE_SIDE_STYLE ('',( #392 ) ) ;
#5487 = ADVANCED_FACE ( 'NONE', ( #3651 ), #1052, .T. ) ;
#5488 = DIRECTION ( 'NONE',  ( 0.000000000000000000, 1.000000000000000000, 0.000000000000000000 ) ) ;
#5489 = ORIENTED_EDGE ( 'NONE', *, *, #751, .F. ) ;
#5490 = DIRECTION ( 'NONE',  ( -0.000000000000000000, 1.000000000000000000, 0.000000000000000000 ) ) ;
#5491 = FILL_AREA_STYLE_COLOUR ( '', #3104 ) ;
#5492 = ORIENTED_EDGE ( 'NONE', *, *, #980, .T. ) ;
#5493 = ORIENTED_EDGE ( 'NONE', *, *, #5389, .T. ) ;
#5494 = DIRECTION ( 'NONE',  ( 1.000000000000000000, 0.000000000000000000, 0.000000000000000000 ) ) ;
#5495 = CARTESIAN_POINT ( 'NONE',  ( -1.243589743589730068, -2.247746697746650035, 5.714999999999999858 ) ) ;
#5496 = DIRECTION ( 'NONE',  ( 0.000000000000000000, 0.000000000000000000, -1.000000000000000000 ) ) ;
#5497 = LINE ( 'NONE', #2416, #2904 ) ;
#5498 = CARTESIAN_POINT ( 'NONE',  ( -0.8589743589743469299, -2.247746697746650035, 5.714999999999999858 ) ) ;
#5499 = DIRECTION ( 'NONE',  ( 0.000000000000000000, 0.000000000000000000, -1.000000000000000000 ) ) ;
#5500 = FILL_AREA_STYLE ('',( #1947 ) ) ;
#5501 = CARTESIAN_POINT ( 'NONE',  ( -3.966440926441800130, -7.420000000000000817, 1.515000000000000124 ) ) ;
#5502 =( NAMED_UNIT ( * ) SI_UNIT ( $, .STERADIAN. ) SOLID_ANGLE_UNIT ( ) );
#5503 = CARTESIAN_POINT ( 'NONE',  ( 1.020000000000000018, -6.412893218813461083, 1.515000000000000124 ) ) ;
#5504 = DIRECTION ( 'NONE',  ( -1.000000000000000000, 0.000000000000000000, 0.000000000000000000 ) ) ;
ENDSEC;
END-ISO-10303-21;
