ISO-10303-21;
HEADER;
FILE_DESCRIPTION (( 'STEP AP214' ),
    '1' );
FILE_NAME ('A00-108-262-450.STEP',
    '2018-01-27T01:50:35',
    ( '' ),
    ( '' ),
    'SwSTEP 2.0',
    'SolidWorks 2017',
    '' );
FILE_SCHEMA (( 'AUTOMOTIVE_DESIGN' ));
ENDSEC;

DATA;
#1 = AXIS2_PLACEMENT_3D ( 'NONE', #8553, #11019, #3390 ) ;
#2 = CARTESIAN_POINT ( 'NONE',  ( 0.3125000000000025000, 0.04959782299446936800, 0.7479635790510822400 ) ) ;
#3 = EDGE_LOOP ( 'NONE', ( #9804, #8763, #7685, #9152 ) ) ;
#4 = PLANE ( 'NONE',  #8838 ) ;
#5 = VECTOR ( 'NONE', #6199, 39.37007874015748100 ) ;
#6 = ORIENTED_EDGE ( 'NONE', *, *, #600, .F. ) ;
#7 = DIRECTION ( 'NONE',  ( 0.0000000000000000000, -1.000000000000000000, 2.551844114882811400E-016 ) ) ;
#8 = FILL_AREA_STYLE_COLOUR ( '', #10224 ) ;
#9 = ADVANCED_FACE ( 'NONE', ( #6213 ), #6727, .T. ) ;
#10 = CARTESIAN_POINT ( 'NONE',  ( -0.2417957872900946800, 0.04959782299446938200, 0.7479635790510820200 ) ) ;
#11 = EDGE_CURVE ( 'NONE', #8829, #6872, #10461, .T. ) ;
#12 = ORIENTED_EDGE ( 'NONE', *, *, #9912, .T. ) ;
#13 = CARTESIAN_POINT ( 'NONE',  ( 0.03484251968503928500, -0.2525000000000000600, 0.7681574803149606700 ) ) ;
#14 = DIRECTION ( 'NONE',  ( 0.0000000000000000000, -0.4413750231038431300, 0.8973227340149595400 ) ) ;
#15 = EDGE_CURVE ( 'NONE', #3477, #10742, #4472, .T. ) ;
#16 = LINE ( 'NONE', #10026, #7471 ) ;
#17 = ORIENTED_EDGE ( 'NONE', *, *, #8215, .F. ) ;
#18 = CARTESIAN_POINT ( 'NONE',  ( -0.09724409448818897800, 0.004804859663680982400, 0.8122440944881890200 ) ) ;
#19 = CARTESIAN_POINT ( 'NONE',  ( 0.1848425196850392300, -0.2525000000000000600, 0.6681574803149605800 ) ) ;
#20 = DIRECTION ( 'NONE',  ( 0.0000000000000000000, 1.000000000000000000, -0.0000000000000000000 ) ) ;
#22 = AXIS2_PLACEMENT_3D ( 'NONE', #633, #5788, #10841 ) ;
#21 = CARTESIAN_POINT ( 'NONE',  ( 0.2975000000000010400, 0.2517928932188133700, 0.3333283132285402800 ) ) ;
#23 = VERTEX_POINT ( 'NONE', #1771 ) ;
#24 = LENGTH_MEASURE_WITH_UNIT ( LENGTH_MEASURE( 0.02539999999999999900 ), #4900 );
#25 = DIRECTION ( 'NONE',  ( 1.000000000000000000, -0.0000000000000000000, 0.0000000000000000000 ) ) ;
#26 = LINE ( 'NONE', #8431, #10943 ) ;
#27 = VERTEX_POINT ( 'NONE', #832 ) ;
#28 = CARTESIAN_POINT ( 'NONE',  ( -0.3065944881889773300, -0.2517928932188134300, 0.2810314960629909900 ) ) ;
#29 = EDGE_CURVE ( 'NONE', #10727, #2220, #6454, .T. ) ;
#30 = CARTESIAN_POINT ( 'NONE',  ( -0.2967928932188135200, 0.2675000000000000700, 0.01499999999999994700 ) ) ;
#31 = CARTESIAN_POINT ( 'NONE',  ( -0.2417957872900946800, -0.1811070463003418000, 0.7479635790510820200 ) ) ;
#32 = VECTOR ( 'NONE', #10904, 39.37007874015748100 ) ;
#33 = ORIENTED_EDGE ( 'NONE', *, *, #6572, .F. ) ;
#34 = CARTESIAN_POINT ( 'NONE',  ( -0.3125000000000023900, 0.2525000000000028900, 0.8199999999999999500 ) ) ;
#35 = VECTOR ( 'NONE', #4785, 39.37007874015748100 ) ;
#36 = CARTESIAN_POINT ( 'NONE',  ( -0.03484251968503945100, -0.2525000000000000600, 0.6878425196850395100 ) ) ;
#37 = CIRCLE ( 'NONE', #3510, 0.009842519685039378600 ) ;
#38 = LINE ( 'NONE', #650, #8847 ) ;
#39 = EDGE_CURVE ( 'NONE', #6676, #4401, #10978, .T. ) ;
#40 = CARTESIAN_POINT ( 'NONE',  ( -0.2249999999999999800, -0.2675000000000014600, 0.4279999999999999400 ) ) ;
#41 = LINE ( 'NONE', #6125, #5100 ) ;
#42 = ORIENTED_EDGE ( 'NONE', *, *, #4420, .F. ) ;
#43 = DIRECTION ( 'NONE',  ( -1.000000000000000000, -0.0000000000000000000, -3.493822457470852400E-015 ) ) ;
#44 = LINE ( 'NONE', #3663, #3757 ) ;
#45 = DIRECTION ( 'NONE',  ( 1.036724799359237700E-029, 1.000000000000000000, -2.982321770406309100E-015 ) ) ;
#46 = DIRECTION ( 'NONE',  ( 1.000000000000000000, 0.0000000000000000000, 0.0000000000000000000 ) ) ;
#47 = ORIENTED_EDGE ( 'NONE', *, *, #1147, .F. ) ;
#48 = EDGE_CURVE ( 'NONE', #10914, #9953, #6862, .T. ) ;
#49 = LINE ( 'NONE', #6366, #981 ) ;
#50 = CARTESIAN_POINT ( 'NONE',  ( -0.1151574803149606800, -0.3855000000000022300, 0.6681574803149612500 ) ) ;
#51 = FACE_OUTER_BOUND ( 'NONE', #1465, .T. ) ;
#52 = DIRECTION ( 'NONE',  ( -1.707404996040159400E-015, 0.0000000000000000000, 1.000000000000000000 ) ) ;
#53 = FACE_OUTER_BOUND ( 'NONE', #9851, .T. ) ;
#54 = LINE ( 'NONE', #7958, #8861 ) ;
#55 = EDGE_CURVE ( 'NONE', #8788, #7052, #2853, .T. ) ;
#56 = CARTESIAN_POINT ( 'NONE',  ( 0.3125000000000009400, -0.3856102362204703600, 0.2731574803149595700 ) ) ;
#57 = ORIENTED_EDGE ( 'NONE', *, *, #5674, .F. ) ;
#58 = CARTESIAN_POINT ( 'NONE',  ( 0.2816278565449311100, -0.2525000000000000600, 0.01499999999999999900 ) ) ;
#59 = LINE ( 'NONE', #8572, #1369 ) ;
#60 = AXIS2_PLACEMENT_3D ( 'NONE', #7101, #2045, #5348 ) ;
#61 = PLANE ( 'NONE',  #2854 ) ;
#62 = VECTOR ( 'NONE', #943, 39.37007874015748100 ) ;
#63 = LINE ( 'NONE', #6808, #6324 ) ;
#64 = ADVANCED_FACE ( 'NONE', ( #5125 ), #2977, .T. ) ;
#65 = PLANE ( 'NONE',  #8181 ) ;
#66 = DIRECTION ( 'NONE',  ( 1.000000000000000000, -1.458800866809831900E-016, 3.623343611582382000E-015 ) ) ;
#67 = CARTESIAN_POINT ( 'NONE',  ( 0.1949240715574873100, 0.06541338582677166900, 0.2170187865154117300 ) ) ;
#68 = FACE_OUTER_BOUND ( 'NONE', #1535, .T. ) ;
#69 = LINE ( 'NONE', #3320, #577 ) ;
#70 = EDGE_LOOP ( 'NONE', ( #2953, #101, #6476, #678 ) ) ;
#71 = DIRECTION ( 'NONE',  ( 0.7071067811865471300, 0.0000000000000000000, 0.7071067811865480200 ) ) ;
#72 = ORIENTED_EDGE ( 'NONE', *, *, #8993, .T. ) ;
#73 = ORIENTED_EDGE ( 'NONE', *, *, #11013, .T. ) ;
#74 = ORIENTED_EDGE ( 'NONE', *, *, #2508, .T. ) ;
#75 = CARTESIAN_POINT ( 'NONE',  ( -0.1799811510861111200, -0.01332677165354330000, 0.2157114503741968100 ) ) ;
#76 = ORIENTED_EDGE ( 'NONE', *, *, #2375, .F. ) ;
#77 = DIRECTION ( 'NONE',  ( -1.000000000000000000, -1.458800866809831600E-016, 3.623343611582382000E-015 ) ) ;
#78 = AXIS2_PLACEMENT_3D ( 'NONE', #914, #2619, #134 ) ;
#79 = FILL_AREA_STYLE ('',( #10171 ) ) ;
#80 = EDGE_CURVE ( 'NONE', #2902, #10792, #7259, .T. ) ;
#81 = LINE ( 'NONE', #4111, #1258 ) ;
#82 = STYLED_ITEM ( 'NONE', ( #3069 ), #1835 ) ;
#83 = DIRECTION ( 'NONE',  ( -1.000000000000000000, -1.458800866809831900E-016, 3.623343611582382000E-015 ) ) ;
#84 = VERTEX_POINT ( 'NONE', #6036 ) ;
#85 = CARTESIAN_POINT ( 'NONE',  ( 0.3294888549426408000, -0.2515000000000000000, 0.8098162275806200000 ) ) ;
#86 = VERTEX_POINT ( 'NONE', #6889 ) ;
#87 = ORIENTED_EDGE ( 'NONE', *, *, #794, .F. ) ;
#88 = CARTESIAN_POINT ( 'NONE',  ( 0.3125000000000010500, 0.2517928932188133700, 0.3333283132285403400 ) ) ;
#89 = VERTEX_POINT ( 'NONE', #879 ) ;
#90 = DIRECTION ( 'NONE',  ( 0.08715574274766170500, -1.262932893932225400E-016, 0.9961946980917451000 ) ) ;
#91 = VECTOR ( 'NONE', #10260, 39.37007874015748900 ) ;
#92 = ORIENTED_EDGE ( 'NONE', *, *, #10370, .F. ) ;
#93 = LINE ( 'NONE', #951, #6106 ) ;
#94 = CARTESIAN_POINT ( 'NONE',  ( 0.3125000000000023900, -0.2019842793760456800, 0.7479635790510845700 ) ) ;
#95 = CARTESIAN_POINT ( 'NONE',  ( -0.2816278565449310500, -0.2525000000000000600, 0.01499999999999999900 ) ) ;
#96 = ORIENTED_EDGE ( 'NONE', *, *, #2352, .T. ) ;
#97 = ORIENTED_EDGE ( 'NONE', *, *, #9951, .F. ) ;
#98 = VERTEX_POINT ( 'NONE', #2467 ) ;
#99 = EDGE_CURVE ( 'NONE', #4872, #5875, #1653, .T. ) ;
#100 = DIRECTION ( 'NONE',  ( -1.000000000000000000, -0.0000000000000000000, -0.0000000000000000000 ) ) ;
#101 = ORIENTED_EDGE ( 'NONE', *, *, #7435, .F. ) ;
#102 = VERTEX_POINT ( 'NONE', #4319 ) ;
#103 = CARTESIAN_POINT ( 'NONE',  ( 0.2975000000000023700, -0.2019842793760456800, 0.7479635790510845700 ) ) ;
#104 = CARTESIAN_POINT ( 'NONE',  ( -0.08333333333333299600, -0.01443748287504011100, 0.2013517060367453800 ) ) ;
#105 = VERTEX_POINT ( 'NONE', #5169 ) ;
#106 = ORIENTED_EDGE ( 'NONE', *, *, #7682, .F. ) ;
#107 = UNCERTAINTY_MEASURE_WITH_UNIT (LENGTH_MEASURE( 1.000000000000000100E-005 ), #2733, 'distance_accuracy_value', 'NONE');
#108 = DIRECTION ( 'NONE',  ( -1.000000000000000000, -1.458800866809831600E-016, 3.623343611582382000E-015 ) ) ;
#109 = LENGTH_MEASURE_WITH_UNIT ( LENGTH_MEASURE( 0.02539999999999999900 ), #8461 );
#110 = ORIENTED_EDGE ( 'NONE', *, *, #1721, .F. ) ;
#111 = ORIENTED_EDGE ( 'NONE', *, *, #5881, .T. ) ;
#112 = AXIS2_PLACEMENT_3D ( 'NONE', #7875, #2813, #10389 ) ;
#113 = DIRECTION ( 'NONE',  ( 1.000000000000000000, 0.0000000000000000000, 0.0000000000000000000 ) ) ;
#114 = ORIENTED_EDGE ( 'NONE', *, *, #3350, .T. ) ;
#115 = CARTESIAN_POINT ( 'NONE',  ( 0.2975000000000023700, -0.1219842793760456800, 0.7479635790510845700 ) ) ;
#116 = CARTESIAN_POINT ( 'NONE',  ( 0.2717853368598917600, -1.021197244730353200, 0.8200000000000035000 ) ) ;
#117 = EDGE_CURVE ( 'NONE', #9962, #7779, #9384, .T. ) ;
#118 = AXIS2_PLACEMENT_3D ( 'NONE', #912, #1726, #2615 ) ;
#119 = ORIENTED_EDGE ( 'NONE', *, *, #783, .T. ) ;
#120 = DIRECTION ( 'NONE',  ( 0.0000000000000000000, 0.0000000000000000000, -1.000000000000000000 ) ) ;
#121 = VECTOR ( 'NONE', #10798, 39.37007874015748100 ) ;
#122 = ORIENTED_EDGE ( 'NONE', *, *, #4445, .F. ) ;
#123 = CARTESIAN_POINT ( 'NONE',  ( -0.2975000000000023200, 0.2675000000000029000, 0.8199999999999999500 ) ) ;
#124 = EDGE_CURVE ( 'NONE', #10428, #7724, #4840, .T. ) ;
#125 = CARTESIAN_POINT ( 'NONE',  ( -0.09842519685039372000, -0.2322769844133475100, 0.01499999999999999900 ) ) ;
#126 = DIRECTION ( 'NONE',  ( 0.0000000000000000000, 3.469446951953613800E-015, -1.000000000000000000 ) ) ;
#127 = FILL_AREA_STYLE_COLOUR ( '', #5522 ) ;
#128 = CARTESIAN_POINT ( 'NONE',  ( -0.08011811023622049400, -0.2497393201453811900, 0.8122440944881890200 ) ) ;
#129 = FACE_OUTER_BOUND ( 'NONE', #6342, .T. ) ;
#130 = ORIENTED_EDGE ( 'NONE', *, *, #452, .T. ) ;
#131 = CARTESIAN_POINT ( 'NONE',  ( 0.2967928932188133600, 0.2525000000000000600, 0.01499999999999999900 ) ) ;
#132 = CARTESIAN_POINT ( 'NONE',  ( 0.3125000000000022800, -0.2019842793760456800, 0.7879635790510847200 ) ) ;
#133 = VERTEX_POINT ( 'NONE', #1655 ) ;
#134 = DIRECTION ( 'NONE',  ( 0.0000000000000000000, 5.316972882242442600E-016, -1.000000000000000000 ) ) ;
#135 = EDGE_LOOP ( 'NONE', ( #1088, #10500, #9596, #3965 ) ) ;
#136 = ADVANCED_FACE ( 'NONE', ( #1373 ), #792, .F. ) ;
#137 = CARTESIAN_POINT ( 'NONE',  ( -0.1848425196850394000, -0.5313388496530164800, 0.7681574803149606700 ) ) ;
#138 = VECTOR ( 'NONE', #10259, 39.37007874015748100 ) ;
#139 = ORIENTED_EDGE ( 'NONE', *, *, #2949, .T. ) ;
#140 = CLOSED_SHELL ( 'NONE', ( #8871, #10823, #4002, #6610, #2817, #5539 ) ) ;
#141 = DIRECTION ( 'NONE',  ( 1.000000000000000000, 0.0000000000000000000, -3.491481338843134500E-015 ) ) ;
#142 = CARTESIAN_POINT ( 'NONE',  ( 0.2974999999999998800, 0.1454527559055146500, -1.093155637708641500E-015 ) ) ;
#143 = VERTEX_POINT ( 'NONE', #11004 ) ;
#144 = CARTESIAN_POINT ( 'NONE',  ( 0.1948031496062992700, -0.2052511311690032600, 0.0000000000000000000 ) ) ;
#145 = DIRECTION ( 'NONE',  ( 0.0000000000000000000, 1.000000000000000000, 0.0000000000000000000 ) ) ;
#146 = VECTOR ( 'NONE', #2340, 39.37007874015748100 ) ;
#147 = ORIENTED_EDGE ( 'NONE', *, *, #10111, .F. ) ;
#148 = DIRECTION ( 'NONE',  ( 0.0000000000000000000, -1.000000000000000000, 0.0000000000000000000 ) ) ;
#149 = DIRECTION ( 'NONE',  ( 0.0000000000000000000, 0.0000000000000000000, 1.000000000000000000 ) ) ;
#150 = CARTESIAN_POINT ( 'NONE',  ( 0.2967928932188134100, 0.2525000000000029400, 0.8349999999999999600 ) ) ;
#151 = ORIENTED_EDGE ( 'NONE', *, *, #4271, .F. ) ;
#152 = ORIENTED_EDGE ( 'NONE', *, *, #373, .F. ) ;
#153 = CARTESIAN_POINT ( 'NONE',  ( -0.2519685039370078700, -0.01332677165354330000, 0.0000000000000000000 ) ) ;
#154 = CLOSED_SHELL ( 'NONE', ( #5037, #10526, #5707, #775, #1605, #6232 ) ) ;
#156 = CARTESIAN_POINT ( 'NONE',  ( -1.461507861341100800E-031, -0.3854999999999999000, -1.389844020060765000E-015 ) ) ;
#155 = LINE ( 'NONE', #4502, #8956 ) ;
#157 = ORIENTED_EDGE ( 'NONE', *, *, #5585, .T. ) ;
#158 = CARTESIAN_POINT ( 'NONE',  ( -0.09842519685039370600, -0.2322769844133475100, 0.0000000000000000000 ) ) ;
#159 = B_SPLINE_CURVE_WITH_KNOTS ( 'NONE', 3,
 ( #6247, #306, #8819, #5623 ),
 .UNSPECIFIED., .F., .F.,
 ( 4, 4 ),
 ( 0.0000000000000000000, 0.0005571691404770405300 ),
 .UNSPECIFIED. ) ;
#160 = AXIS2_PLACEMENT_3D ( 'NONE', #8817, #375, #299 ) ;
#161 = FACE_BOUND ( 'NONE', #5808, .T. ) ;
#162 = EDGE_CURVE ( 'NONE', #10976, #10581, #10193, .T. ) ;
#163 = CARTESIAN_POINT ( 'NONE',  ( 0.2975000000000019300, 0.2454289321881376600, 0.8350000000000021800 ) ) ;
#164 = FACE_OUTER_BOUND ( 'NONE', #7298, .T. ) ;
#165 = DIRECTION ( 'NONE',  ( -0.0000000000000000000, 0.0000000000000000000, -1.000000000000000000 ) ) ;
#166 = AXIS2_PLACEMENT_3D ( 'NONE', #8455, #10273, #3334 ) ;
#167 = ORIENTED_EDGE ( 'NONE', *, *, #8032, .T. ) ;
#168 = LINE ( 'NONE', #271, #3625 ) ;
#169 = DIRECTION ( 'NONE',  ( 1.000000000000000000, -7.458331254478632400E-017, -6.982962677686265900E-015 ) ) ;
#170 = PRESENTATION_STYLE_ASSIGNMENT (( #9276 ) ) ;
#171 = VERTEX_POINT ( 'NONE', #2707 ) ;
#172 = DIRECTION ( 'NONE',  ( 0.0000000000000000000, 0.0000000000000000000, -1.000000000000000000 ) ) ;
#173 = FACE_OUTER_BOUND ( 'NONE', #9304, .T. ) ;
#174 = PLANE ( 'NONE',  #6435 ) ;
#175 = EDGE_LOOP ( 'NONE', ( #10102, #743, #4674, #2123 ) ) ;
#176 = DIRECTION ( 'NONE',  ( 0.0000000000000000000, 0.0000000000000000000, 1.000000000000000000 ) ) ;
#177 = DIRECTION ( 'NONE',  ( 0.08715574274766170500, 0.0000000000000000000, 0.9961946980917451000 ) ) ;
#178 = LINE ( 'NONE', #1857, #9755 ) ;
#179 = LINE ( 'NONE', #3795, #5501 ) ;
#180 = EDGE_CURVE ( 'NONE', #6656, #2024, #63, .T. ) ;
#181 = DIRECTION ( 'NONE',  ( 0.9961946980917453200, 0.0000000000000000000, -0.08715574274766166300 ) ) ;
#182 = CARTESIAN_POINT ( 'NONE',  ( 0.2967928932188134100, 0.2525000000000028300, 0.8199999999999999500 ) ) ;
#184 = CARTESIAN_POINT ( 'NONE',  ( 0.1848425196850392300, -0.3855000000000022300, 0.6681574803149611400 ) ) ;
#183 = LINE ( 'NONE', #6581, #8169 ) ;
#185 = CARTESIAN_POINT ( 'NONE',  ( 0.2975000000000023200, -0.2515000000000000600, 0.8200000000000033900 ) ) ;
#186 = EDGE_CURVE ( 'NONE', #7845, #7425, #8873, .T. ) ;
#187 = VECTOR ( 'NONE', #3377, 39.37007874015748100 ) ;
#188 = DIRECTION ( 'NONE',  ( 0.0000000000000000000, -1.000000000000000000, 0.0000000000000000000 ) ) ;
#189 = FACE_OUTER_BOUND ( 'NONE', #8668, .T. ) ;
#190 = CARTESIAN_POINT ( 'NONE',  ( -0.2717853368598916500, 0.2426574803149606500, 0.02484251968503935600 ) ) ;
#191 = ADVANCED_FACE ( 'NONE', ( #4590 ), #10347, .F. ) ;
#192 = DIRECTION ( 'NONE',  ( 0.0000000000000000000, 1.000000000000000000, 0.0000000000000000000 ) ) ;
#193 = LINE ( 'NONE', #9825, #560 ) ;
#194 = CARTESIAN_POINT ( 'NONE',  ( 0.2816278565449313300, -0.1771838596522949400, 0.01499999999999999900 ) ) ;
#195 = EDGE_CURVE ( 'NONE', #7571, #5800, #7945, .T. ) ;
#196 = DIRECTION ( 'NONE',  ( 0.0000000000000000000, 1.000000000000000000, 0.0000000000000000000 ) ) ;
#197 = CARTESIAN_POINT ( 'NONE',  ( -0.1651574803149606400, -0.3855000000000025600, 0.7681574803149606700 ) ) ;
#198 = ORIENTED_EDGE ( 'NONE', *, *, #9584, .T. ) ;
#199 = DIRECTION ( 'NONE',  ( -1.000000000000000000, -0.0000000000000000000, -0.0000000000000000000 ) ) ;
#200 = PRESENTATION_STYLE_ASSIGNMENT (( #2036 ) ) ;
#201 = CARTESIAN_POINT ( 'NONE',  ( -0.1169291338582677000, 0.1522291837916265300, 0.5125280012291644200 ) ) ;
#202 = EDGE_CURVE ( 'NONE', #8840, #5317, #3394, .T. ) ;
#203 = VECTOR ( 'NONE', #9505, 39.37007874015748100 ) ;
#204 = ORIENTED_EDGE ( 'NONE', *, *, #2497, .T. ) ;
#205 = ADVANCED_FACE ( 'NONE', ( #10698 ), #7832, .F. ) ;
#206 = LINE ( 'NONE', #10645, #6725 ) ;
#207 = VERTEX_POINT ( 'NONE', #9818 ) ;
#208 = COLOUR_RGB ( '',1.000000000000000000, 1.000000000000000000, 1.000000000000000000 ) ;
#209 = DIRECTION ( 'NONE',  ( 0.0000000000000000000, -1.000000000000000000, 0.0000000000000000000 ) ) ;
#210 = CARTESIAN_POINT ( 'NONE',  ( -0.08011811023622049400, -0.2497393201453811900, 0.8122440944881890200 ) ) ;
#211 = FACE_OUTER_BOUND ( 'NONE', #5166, .T. ) ;
#212 = PLANE ( 'NONE',  #7394 ) ;
#213 = ORIENTED_EDGE ( 'NONE', *, *, #8536, .F. ) ;
#214 = VERTEX_POINT ( 'NONE', #4755 ) ;
#215 = ORIENTED_EDGE ( 'NONE', *, *, #9376, .T. ) ;
#216 = DIRECTION ( 'NONE',  ( 1.000000000000000000, 7.400031521858132100E-030, 3.623343611582458500E-015 ) ) ;
#217 = AXIS2_PLACEMENT_3D ( 'NONE', #182, #4399, #3528 ) ;
#218 = DIRECTION ( 'NONE',  ( -1.000000000000000000, -0.0000000000000000000, -0.0000000000000000000 ) ) ;
#219 = VERTEX_POINT ( 'NONE', #3094 ) ;
#220 = DIRECTION ( 'NONE',  ( 0.0000000000000000000, -1.000000000000000000, 0.0000000000000000000 ) ) ;
#221 = CYLINDRICAL_SURFACE ( 'NONE', #1469, 0.004999999999999946300 ) ;
#222 = FACE_OUTER_BOUND ( 'NONE', #3270, .T. ) ;
#223 = CARTESIAN_POINT ( 'NONE',  ( 0.1651574803149604700, -0.5313388496530164800, 0.6878425196850395100 ) ) ;
#224 = DIRECTION ( 'NONE',  ( -0.0000000000000000000, -1.000000000000000000, -0.0000000000000000000 ) ) ;
#225 = VERTEX_POINT ( 'NONE', #5689 ) ;
#226 = DIRECTION ( 'NONE',  ( -0.0000000000000000000, -1.000000000000000000, -0.0000000000000000000 ) ) ;
#227 = VERTEX_POINT ( 'NONE', #4714 ) ;
#228 = ORIENTED_EDGE ( 'NONE', *, *, #5584, .F. ) ;
#229 = AXIS2_PLACEMENT_3D ( 'NONE', #2712, #5327, #1851 ) ;
#230 = CARTESIAN_POINT ( 'NONE',  ( -0.2925000000000024200, -0.2515000000000000600, 0.6900912614787658700 ) ) ;
#231 = EDGE_CURVE ( 'NONE', #7908, #1060, #9908, .T. ) ;
#232 = EDGE_LOOP ( 'NONE', ( #9886, #1546, #392, #7984 ) ) ;
#233 = VECTOR ( 'NONE', #10056, 39.37007874015748100 ) ;
#234 = ORIENTED_EDGE ( 'NONE', *, *, #10329, .T. ) ;
#235 = LINE ( 'NONE', #5904, #10226 ) ;
#236 = DIRECTION ( 'NONE',  ( 1.040834085586076100E-014, -0.0000000000000000000, -1.000000000000000000 ) ) ;
#237 = EDGE_CURVE ( 'NONE', #3410, #5028, #5394, .T. ) ;
#238 = CARTESIAN_POINT ( 'NONE',  ( 0.07283464566929136200, 0.3255628348940304800, 0.1601378170038762200 ) ) ;
#239 = ORIENTED_EDGE ( 'NONE', *, *, #1608, .F. ) ;
#240 = CARTESIAN_POINT ( 'NONE',  ( 0.2816278565449311100, -0.2525000000000000600, 0.02484251968503935600 ) ) ;
#241 = ORIENTED_EDGE ( 'NONE', *, *, #7694, .F. ) ;
#242 = EDGE_LOOP ( 'NONE', ( #5698, #8216, #6354, #3660 ) ) ;
#243 = DIRECTION ( 'NONE',  ( 0.0000000000000000000, 0.0000000000000000000, 1.000000000000000000 ) ) ;
#244 = ORIENTED_EDGE ( 'NONE', *, *, #1582, .F. ) ;
#245 = DIRECTION ( 'NONE',  ( -0.0000000000000000000, 1.000000000000000000, 0.0000000000000000000 ) ) ;
#246 = DIRECTION ( 'NONE',  ( 1.000000000000000000, -7.458331254478632400E-017, -6.982962677686265900E-015 ) ) ;
#247 = CIRCLE ( 'NONE', #4291, 0.06400002813435827500 ) ;
#248 = EDGE_CURVE ( 'NONE', #5418, #3813, #7664, .T. ) ;
#249 = EDGE_CURVE ( 'NONE', #826, #9873, #8608, .T. ) ;
#250 = VERTEX_POINT ( 'NONE', #8977 ) ;
#251 = CARTESIAN_POINT ( 'NONE',  ( -0.01515748031496071300, -0.3855000000000022900, 0.6878425196850395100 ) ) ;
#252 = UNCERTAINTY_MEASURE_WITH_UNIT (LENGTH_MEASURE( 1.000000000000000100E-005 ), #2837, 'distance_accuracy_value', 'NONE');
#253 = ADVANCED_FACE ( 'NONE', ( #1787 ), #10629, .F. ) ;
#254 = FACE_OUTER_BOUND ( 'NONE', #5949, .T. ) ;
#255 = ORIENTED_EDGE ( 'NONE', *, *, #7771, .F. ) ;
#256 = DIRECTION ( 'NONE',  ( 0.0000000000000000000, -8.673617379884033500E-016, -1.000000000000000000 ) ) ;
#257 = PLANE ( 'NONE',  #6646 ) ;
#258 = EDGE_CURVE ( 'NONE', #5971, #9540, #6072, .T. ) ;
#259 = CARTESIAN_POINT ( 'NONE',  ( -0.2486744556699771700, 0.06541338582677162800, 0.05437007874015750700 ) ) ;
#260 = VECTOR ( 'NONE', #3372, 39.37007874015748100 ) ;
#261 = ORIENTED_EDGE ( 'NONE', *, *, #3472, .F. ) ;
#262 = CARTESIAN_POINT ( 'NONE',  ( 0.08011811023622049400, -0.2497393201453811900, 0.8122440944881890200 ) ) ;
#263 = ADVANCED_FACE ( 'NONE', ( #10327 ), #3141, .F. ) ;
#264 = EDGE_CURVE ( 'NONE', #9940, #98, #3037, .T. ) ;
#265 = AXIS2_PLACEMENT_3D ( 'NONE', #4822, #681, #5838 ) ;
#266 = DIRECTION ( 'NONE',  ( 2.979517754969636500E-029, 1.000000000000000000, -8.628769876621049200E-015 ) ) ;
#267 = CARTESIAN_POINT ( 'NONE',  ( -0.2417957872900946000, -0.1861070463003418300, 0.7690197545653724200 ) ) ;
#268 = LINE ( 'NONE', #3079, #9705 ) ;
#269 = EDGE_CURVE ( 'NONE', #1015, #5880, #9047, .T. ) ;
#270 = VERTEX_POINT ( 'NONE', #5647 ) ;
#271 = CARTESIAN_POINT ( 'NONE',  ( 0.1976555047254741900, 0.06541338582677166900, 0.01369266385878507300 ) ) ;
#272 = ORIENTED_EDGE ( 'NONE', *, *, #1582, .T. ) ;
#273 = CARTESIAN_POINT ( 'NONE',  ( 0.3125000000000025500, 0.1087205899187654700, 0.7479635790510845700 ) ) ;
#274 = LINE ( 'NONE', #967, #9056 ) ;
#275 = VERTEX_POINT ( 'NONE', #3934 ) ;
#276 = CARTESIAN_POINT ( 'NONE',  ( 0.03484251968503928500, -0.2525000000000000600, 0.7681574803149606700 ) ) ;
#277 = DIRECTION ( 'NONE',  ( 0.0000000000000000000, 0.0000000000000000000, -1.000000000000000000 ) ) ;
#278 = ORIENTED_EDGE ( 'NONE', *, *, #2531, .T. ) ;
#279 = CARTESIAN_POINT ( 'NONE',  ( -0.01220472440944881700, 0.004804859663680982400, 0.8122440944881890200 ) ) ;
#280 = LINE ( 'NONE', #30, #10414 ) ;
#281 = ORIENTED_EDGE ( 'NONE', *, *, #9369, .F. ) ;
#282 = AXIS2_PLACEMENT_3D ( 'NONE', #5144, #7736, #6827 ) ;
#283 = CARTESIAN_POINT ( 'NONE',  ( -0.2054877261269016100, -0.3275620754407599900, 0.3621433520032130700 ) ) ;
#284 = EDGE_CURVE ( 'NONE', #4862, #6415, #2793, .T. ) ;
#285 = CARTESIAN_POINT ( 'NONE',  ( -2.607362870388476600E-030, -0.2514999999999993900, 0.01499999999999999900 ) ) ;
#286 = ORIENTED_EDGE ( 'NONE', *, *, #849, .F. ) ;
#287 = LINE ( 'NONE', #3861, #8435 ) ;
#288 = PLANE ( 'NONE',  #3924 ) ;
#289 = CIRCLE ( 'NONE', #2428, 0.009842519685039369900 ) ;
#290 = VERTEX_POINT ( 'NONE', #8229 ) ;
#291 = ADVANCED_FACE ( 'NONE', ( #2651 ), #5578, .F. ) ;
#292 = CARTESIAN_POINT ( 'NONE',  ( 0.1153543307086614100, 0.0000000000000000000, 0.0000000000000000000 ) ) ;
#293 = ORIENTED_EDGE ( 'NONE', *, *, #6921, .F. ) ;
#294 = FACE_OUTER_BOUND ( 'NONE', #8022, .T. ) ;
#295 = CARTESIAN_POINT ( 'NONE',  ( 0.2816278565449311700, -0.2675000000000022900, 0.6900912614787635400 ) ) ;
#296 = AXIS2_PLACEMENT_3D ( 'NONE', #5740, #1475, #9162 ) ;
#297 = CARTESIAN_POINT ( 'NONE',  ( -0.2486744556699771700, 0.06541338582677164200, 0.05437007874015750700 ) ) ;
#298 = CIRCLE ( 'NONE', #658, 0.03937007874015750100 ) ;
#299 = DIRECTION ( 'NONE',  ( 0.0000000000000000000, 0.0000000000000000000, -1.000000000000000000 ) ) ;
#300 = CIRCLE ( 'NONE', #9860, 0.01968503937007869100 ) ;
#301 = EDGE_CURVE ( 'NONE', #3266, #1969, #5592, .T. ) ;
#302 = ORIENTED_EDGE ( 'NONE', *, *, #7815, .T. ) ;
#303 = CARTESIAN_POINT ( 'NONE',  ( 0.1948031496062992700, -0.2052511311690032600, 0.0000000000000000000 ) ) ;
#304 = VECTOR ( 'NONE', #3890, 39.37007874015748100 ) ;
#305 = VERTEX_POINT ( 'NONE', #4784 ) ;
#306 = CARTESIAN_POINT ( 'NONE',  ( -0.2445122359226449300, -0.3725573093637819000, 0.4783357799789805200 ) ) ;
#307 = AXIS2_PLACEMENT_3D ( 'NONE', #6185, #5381, #3957 ) ;
#308 = ADVANCED_FACE ( 'NONE', ( #10122 ), #2131, .T. ) ;
#309 = FACE_OUTER_BOUND ( 'NONE', #4747, .T. ) ;
#310 = VECTOR ( 'NONE', #808, 39.37007874015748100 ) ;
#311 = CARTESIAN_POINT ( 'NONE',  ( -0.1799811510861111200, 0.06541338582677164200, 0.2157114503741968100 ) ) ;
#312 = DIRECTION ( 'NONE',  ( 0.0000000000000000000, -0.8973227340149595400, -0.4413750231038431300 ) ) ;
#313 = AXIS2_PLACEMENT_3D ( 'NONE', #3900, #9828, #2176 ) ;
#314 = FACE_OUTER_BOUND ( 'NONE', #7769, .T. ) ;
#315 = CARTESIAN_POINT ( 'NONE',  ( -0.2486744556699771700, 0.06541338582677164200, 0.05437007874015750700 ) ) ;
#316 = ORIENTED_EDGE ( 'NONE', *, *, #1991, .T. ) ;
#317 = EDGE_CURVE ( 'NONE', #9899, #2490, #5192, .T. ) ;
#318 = DIRECTION ( 'NONE',  ( 0.0000000000000000000, -1.000000000000000000, 0.0000000000000000000 ) ) ;
#319 = AXIS2_PLACEMENT_3D ( 'NONE', #5583, #2241, #9782 ) ;
#320 = LINE ( 'NONE', #769, #444 ) ;
#321 = CARTESIAN_POINT ( 'NONE',  ( -0.2054877259868692600, -0.3334805806756923600, 0.3578595639789236600 ) ) ;
#322 = FACE_OUTER_BOUND ( 'NONE', #3006, .T. ) ;
#323 = VECTOR ( 'NONE', #90, 39.37007874015748900 ) ;
#324 = ORIENTED_EDGE ( 'NONE', *, *, #7219, .F. ) ;
#325 = EDGE_CURVE ( 'NONE', #2116, #7954, #1310, .T. ) ;
#326 = LINE ( 'NONE', #10911, #3101 ) ;
#327 = FACE_OUTER_BOUND ( 'NONE', #7467, .T. ) ;
#328 = MANIFOLD_SOLID_BREP ( 'Boss-Extrude4[2]', #10592 ) ;
#329 = VECTOR ( 'NONE', #10511, 39.37007874015748100 ) ;
#330 = DIRECTION ( 'NONE',  ( 0.0000000000000000000, 0.0000000000000000000, -1.000000000000000000 ) ) ;
#331 = AXIS2_PLACEMENT_3D ( 'NONE', #10452, #4530, #8761 ) ;
#332 = ORIENTED_EDGE ( 'NONE', *, *, #8610, .T. ) ;
#333 =( NAMED_UNIT ( * ) PLANE_ANGLE_UNIT ( ) SI_UNIT ( $, .RADIAN. ) );
#334 = EDGE_LOOP ( 'NONE', ( #3508, #8364, #5663, #725, #8555, #3066, #3470, #10052, #106, #9431, #1014, #1363, #2111, #4490, #3342, #10471, #1934, #9185, #1876, #2322 ) ) ;
#335 = ORIENTED_EDGE ( 'NONE', *, *, #8147, .T. ) ;
#336 = VERTEX_POINT ( 'NONE', #9070 ) ;
#337 = DIRECTION ( 'NONE',  ( 0.0000000000000000000, 0.0000000000000000000, -1.000000000000000000 ) ) ;
#338 = EDGE_LOOP ( 'NONE', ( #9985, #6175, #1095, #130 ) ) ;
#339 = CARTESIAN_POINT ( 'NONE',  ( 0.1348425196850392400, -0.2525000000000000600, 0.7681574803149606700 ) ) ;
#340 = LINE ( 'NONE', #546, #3791 ) ;
#341 = VECTOR ( 'NONE', #697, 39.37007874015748100 ) ;
#342 = DIRECTION ( 'NONE',  ( 1.387778780781444300E-014, -0.0000000000000000000, 1.000000000000000000 ) ) ;
#343 = SURFACE_SIDE_STYLE ('',( #8729 ) ) ;
#344 = VERTEX_POINT ( 'NONE', #5545 ) ;
#345 = ORIENTED_EDGE ( 'NONE', *, *, #6803, .F. ) ;
#346 = ORIENTED_EDGE ( 'NONE', *, *, #7302, .T. ) ;
#347 = ADVANCED_FACE ( 'NONE', ( #5458 ), #608, .F. ) ;
#348 = ORIENTED_EDGE ( 'NONE', *, *, #11038, .T. ) ;
#349 = AXIS2_PLACEMENT_3D ( 'NONE', #9243, #10822, #1439 ) ;
#350 = CARTESIAN_POINT ( 'NONE',  ( -0.1609999718656416900, -0.3275000000000013500, 0.4279999999999999400 ) ) ;
#351 = ORIENTED_EDGE ( 'NONE', *, *, #944, .T. ) ;
#352 = CYLINDRICAL_SURFACE ( 'NONE', #10361, 0.009842519685039378600 ) ;
#353 = CARTESIAN_POINT ( 'NONE',  ( 0.1151574803149605400, -0.2525000000000000600, 0.7878425196850393800 ) ) ;
#354 = ORIENTED_EDGE ( 'NONE', *, *, #6790, .F. ) ;
#355 = CARTESIAN_POINT ( 'NONE',  ( -0.01220472440944881700, 0.3077060962964917600, 0.1513544460802586400 ) ) ;
#356 = EDGE_LOOP ( 'NONE', ( #8083, #9728, #7050, #3721 ) ) ;
#357 = VERTEX_POINT ( 'NONE', #9586 ) ;
#358 = CARTESIAN_POINT ( 'NONE',  ( -0.2054877261357553900, -0.3275207688027486600, 0.3624142014303082200 ) ) ;
#359 = ORIENTED_EDGE ( 'NONE', *, *, #4069, .F. ) ;
#360 = ADVANCED_FACE ( 'NONE', ( #1434 ), #174, .T. ) ;
#361 = ORIENTED_EDGE ( 'NONE', *, *, #966, .F. ) ;
#362 = VECTOR ( 'NONE', #10835, 39.37007874015748100 ) ;
#363 = DIRECTION ( 'NONE',  ( -1.000000000000000000, 0.0000000000000000000, -3.441691376337984900E-015 ) ) ;
#364 = VERTEX_POINT ( 'NONE', #4494 ) ;
#365 = ORIENTED_EDGE ( 'NONE', *, *, #6446, .T. ) ;
#366 = AXIS2_PLACEMENT_3D ( 'NONE', #5189, #1055, #7922 ) ;
#367 = FACE_OUTER_BOUND ( 'NONE', #1937, .T. ) ;
#368 = EDGE_LOOP ( 'NONE', ( #6306, #6968, #528, #1405 ) ) ;
#369 = CARTESIAN_POINT ( 'NONE',  ( 0.2975000000000010400, -0.2517928932188134300, 0.3026850393700776800 ) ) ;
#370 = ORIENTED_EDGE ( 'NONE', *, *, #6874, .T. ) ;
#371 = EDGE_CURVE ( 'NONE', #1270, #10976, #8003, .T. ) ;
#372 = ORIENTED_EDGE ( 'NONE', *, *, #7025, .T. ) ;
#373 = EDGE_CURVE ( 'NONE', #9089, #9713, #9588, .T. ) ;
#374 = FILL_AREA_STYLE_COLOUR ( '', #6994 ) ;
#375 = DIRECTION ( 'NONE',  ( -1.000000000000000000, 0.0000000000000000000, 3.453004075404071100E-015 ) ) ;
#376 = VECTOR ( 'NONE', #9593, 39.37007874015748100 ) ;
#377 = VERTEX_POINT ( 'NONE', #10449 ) ;
#378 = FILL_AREA_STYLE_COLOUR ( '', #10837 ) ;
#379 = AXIS2_PLACEMENT_3D ( 'NONE', #9220, #2305, #4040 ) ;
#380 = CARTESIAN_POINT ( 'NONE',  ( -0.2975000000000024800, -0.1219842793760456800, 0.7479635790510822400 ) ) ;
#381 = EDGE_CURVE ( 'NONE', #7914, #133, #7886, .T. ) ;
#382 = CARTESIAN_POINT ( 'NONE',  ( 0.2966278565449310700, 0.08784335684306161800, 0.7690197545653726400 ) ) ;
#383 = CARTESIAN_POINT ( 'NONE',  ( -0.2967928932188135200, 0.2675000000000000700, 0.01499999999999994700 ) ) ;
#384 = ORIENTED_EDGE ( 'NONE', *, *, #6357, .T. ) ;
#385 = CARTESIAN_POINT ( 'NONE',  ( 0.08011811023622049400, -0.1855660917989245300, 0.8122440944881890200 ) ) ;
#386 = EDGE_CURVE ( 'NONE', #4256, #5042, #3323, .T. ) ;
#387 = ORIENTED_EDGE ( 'NONE', *, *, #8812, .T. ) ;
#388 = PLANE ( 'NONE',  #4415 ) ;
#389 = VERTEX_POINT ( 'NONE', #6184 ) ;
#390 = DIRECTION ( 'NONE',  ( 1.000000000000000000, 1.491666250894816100E-016, 3.466400071163393600E-015 ) ) ;
#391 = VECTOR ( 'NONE', #6204, 39.37007874015748100 ) ;
#392 = ORIENTED_EDGE ( 'NONE', *, *, #10184, .F. ) ;
#393 = EDGE_CURVE ( 'NONE', #6109, #10843, #9846, .T. ) ;
#394 = ORIENTED_EDGE ( 'NONE', *, *, #7310, .T. ) ;
#395 = AXIS2_PLACEMENT_3D ( 'NONE', #2964, #1254, #2930 ) ;
#396 = PLANE ( 'NONE',  #632 ) ;
#397 = ADVANCED_FACE ( 'NONE', ( #8547 ), #2702, .F. ) ;
#398 = ORIENTED_EDGE ( 'NONE', *, *, #6531, .T. ) ;
#399 = EDGE_CURVE ( 'NONE', #10615, #5493, #10263, .T. ) ;
#400 = CARTESIAN_POINT ( 'NONE',  ( 0.3136167114875705300, 0.1454527559055146500, 0.4396684505418362900 ) ) ;
#401 = CARTESIAN_POINT ( 'NONE',  ( -0.1169291338582677000, -0.01737224260835761400, 0.8122440944881890200 ) ) ;
#402 = VECTOR ( 'NONE', #7182, 39.37007874015748100 ) ;
#403 = ORIENTED_EDGE ( 'NONE', *, *, #8765, .T. ) ;
#404 = DIRECTION ( 'NONE',  ( 1.000000000000000000, -6.982962677686267500E-015, 7.109629533472137400E-017 ) ) ;
#405 = CARTESIAN_POINT ( 'NONE',  ( 0.03031496062992127300, 0.3077060962964917600, 0.1513544460802586400 ) ) ;
#406 = ORIENTED_EDGE ( 'NONE', *, *, #3232, .F. ) ;
#407 = DIRECTION ( 'NONE',  ( 0.9961946980917451000, -0.0000000000000000000, 0.08715574274766177400 ) ) ;
#408 = ORIENTED_EDGE ( 'NONE', *, *, #1756, .T. ) ;
#409 = ADVANCED_FACE ( 'NONE', ( #11049 ), #991, .T. ) ;
#410 = PLANE ( 'NONE',  #6753 ) ;
#411 = VERTEX_POINT ( 'NONE', #4425 ) ;
#412 = LINE ( 'NONE', #834, #2533 ) ;
#413 = ORIENTED_EDGE ( 'NONE', *, *, #6506, .F. ) ;
#414 = CARTESIAN_POINT ( 'NONE',  ( 0.1751181102362205100, -0.1174558555784520600, 0.8122440944881890200 ) ) ;
#415 = VECTOR ( 'NONE', #9197, 39.37007874015748100 ) ;
#416 = ORIENTED_EDGE ( 'NONE', *, *, #5532, .T. ) ;
#417 = CARTESIAN_POINT ( 'NONE',  ( -0.3125000000000023900, -0.1811070463003417700, 0.7740197545653727500 ) ) ;
#418 = EDGE_LOOP ( 'NONE', ( #6240, #9949, #9140, #8134 ) ) ;
#419 = LINE ( 'NONE', #8439, #2016 ) ;
#420 = LINE ( 'NONE', #9157, #9223 ) ;
#421 = ORIENTED_EDGE ( 'NONE', *, *, #821, .T. ) ;
#422 = ORIENTED_EDGE ( 'NONE', *, *, #2065, .T. ) ;
#423 = AXIS2_PLACEMENT_3D ( 'NONE', #10342, #20, #1874 ) ;
#424 = VECTOR ( 'NONE', #7204, 39.37007874015748100 ) ;
#425 = EDGE_CURVE ( 'NONE', #7954, #1305, #7743, .T. ) ;
#426 = VERTEX_POINT ( 'NONE', #6963 ) ;
#427 = DIRECTION ( 'NONE',  ( 2.385472965096928100E-016, -1.000000000000000000, 2.385472965096935500E-016 ) ) ;
#428 = EDGE_CURVE ( 'NONE', #9962, #4439, #10520, .T. ) ;
#429 = FACE_OUTER_BOUND ( 'NONE', #9114, .T. ) ;
#430 = CARTESIAN_POINT ( 'NONE',  ( -0.2054877272512063400, -0.2675000000000012400, 0.3670469458240577200 ) ) ;
#431 = LINE ( 'NONE', #8824, #8047 ) ;
#432 = LENGTH_MEASURE_WITH_UNIT ( LENGTH_MEASURE( 0.02539999999999999900 ), #3258 );
#433 = DIRECTION ( 'NONE',  ( -1.000000000000000000, -0.0000000000000000000, -2.383254761742044200E-016 ) ) ;
#434 = AXIS2_PLACEMENT_3D ( 'NONE', #3641, #2098, #4644 ) ;
#435 = LINE ( 'NONE', #848, #9245 ) ;
#436 = EDGE_CURVE ( 'NONE', #5662, #8620, #8254, .T. ) ;
#437 = EDGE_CURVE ( 'NONE', #8902, #305, #7321, .T. ) ;
#438 = FACE_OUTER_BOUND ( 'NONE', #8296, .T. ) ;
#439 = DIRECTION ( 'NONE',  ( 0.0000000000000000000, -1.000000000000000000, 2.551844114882811400E-016 ) ) ;
#440 = CARTESIAN_POINT ( 'NONE',  ( -0.2975000000000051500, -0.2515000000000000000, 1.028802906174471800E-015 ) ) ;
#441 = LINE ( 'NONE', #8532, #10191 ) ;
#442 = ORIENTED_EDGE ( 'NONE', *, *, #6260, .F. ) ;
#443 = ADVANCED_FACE ( 'NONE', ( #5334 ), #7001, .F. ) ;
#444 = VECTOR ( 'NONE', #1629, 39.37007874015748100 ) ;
#445 = FACE_OUTER_BOUND ( 'NONE', #6451, .T. ) ;
#446 = DIRECTION ( 'NONE',  ( 0.0000000000000000000, 0.0000000000000000000, -1.000000000000000000 ) ) ;
#447 = AXIS2_PLACEMENT_3D ( 'NONE', #3918, #2229, #1485 ) ;
#448 = ORIENTED_EDGE ( 'NONE', *, *, #1600, .F. ) ;
#449 = CARTESIAN_POINT ( 'NONE',  ( -0.2816278565449286100, 7.933232240194955700E-017, -0.005498733049304680600 ) ) ;
#450 = VERTEX_POINT ( 'NONE', #7826 ) ;
#451 = ORIENTED_EDGE ( 'NONE', *, *, #436, .T. ) ;
#452 = EDGE_CURVE ( 'NONE', #9048, #3477, #4778, .T. ) ;
#453 = DIRECTION ( 'NONE',  ( 0.0000000000000000000, 0.7071067811865464600, 0.7071067811865485700 ) ) ;
#454 = AXIS2_PLACEMENT_3D ( 'NONE', #8232, #3975, #723 ) ;
#455 = FACE_OUTER_BOUND ( 'NONE', #3988, .T. ) ;
#456 = VECTOR ( 'NONE', #4027, 39.37007874015748900 ) ;
#457 = ADVANCED_FACE ( 'NONE', ( #5054 ), #7039, .F. ) ;
#458 = EDGE_CURVE ( 'NONE', #9089, #9940, #268, .T. ) ;
#459 = LINE ( 'NONE', #10459, #9269 ) ;
#460 = CARTESIAN_POINT ( 'NONE',  ( 0.2054877304056738900, -0.3275000000000012900, 0.4930370533388128700 ) ) ;
#461 = ORIENTED_EDGE ( 'NONE', *, *, #124, .T. ) ;
#462 = ORIENTED_EDGE ( 'NONE', *, *, #2095, .T. ) ;
#463 = ORIENTED_EDGE ( 'NONE', *, *, #3063, .F. ) ;
#464 = ORIENTED_EDGE ( 'NONE', *, *, #10258, .T. ) ;
#465 = CIRCLE ( 'NONE', #10756, 0.004999999999999946300 ) ;
#466 = VECTOR ( 'NONE', #3461, 39.37007874015748100 ) ;
#467 = DIRECTION ( 'NONE',  ( 0.0000000000000000000, 0.0000000000000000000, -1.000000000000000000 ) ) ;
#468 = DIRECTION ( 'NONE',  ( -1.000000000000000000, 0.0000000000000000000, -2.383254761742044200E-016 ) ) ;
#469 = AXIS2_PLACEMENT_3D ( 'NONE', #303, #5552, #1323 ) ;
#470 = PLANE ( 'NONE',  #7465 ) ;
#471 = ORIENTED_EDGE ( 'NONE', *, *, #2989, .T. ) ;
#472 = CARTESIAN_POINT ( 'NONE',  ( 0.7909457491260202300, -0.2515000000000000000, 0.1987165801646096400 ) ) ;
#473 = ORIENTED_EDGE ( 'NONE', *, *, #9537, .T. ) ;
#474 = ORIENTED_EDGE ( 'NONE', *, *, #231, .F. ) ;
#475 = DIRECTION ( 'NONE',  ( -1.000000000000000000, 2.385472965096935500E-016, 3.441691376337984500E-015 ) ) ;
#476 = DIRECTION ( 'NONE',  ( 0.0000000000000000000, -3.469446951953613800E-015, 1.000000000000000000 ) ) ;
#477 = ORIENTED_EDGE ( 'NONE', *, *, #4789, .F. ) ;
#478 = DIRECTION ( 'NONE',  ( 0.0000000000000000000, 0.4413750231038431300, -0.8973227340149595400 ) ) ;
#479 = CARTESIAN_POINT ( 'NONE',  ( -0.01220472440944881700, -0.01737224260835761400, 0.8122440944881890200 ) ) ;
#480 = LINE ( 'NONE', #8318, #2198 ) ;
#481 = CARTESIAN_POINT ( 'NONE',  ( -0.05472440944881888600, 0.3255628348940304800, 0.1601378170038762200 ) ) ;
#482 = ORIENTED_EDGE ( 'NONE', *, *, #9602, .T. ) ;
#483 = LINE ( 'NONE', #7786, #7565 ) ;
#484 = FILL_AREA_STYLE_COLOUR ( '', #208 ) ;
#485 = ORIENTED_EDGE ( 'NONE', *, *, #6244, .F. ) ;
#486 = CARTESIAN_POINT ( 'NONE',  ( 0.2975000000000022600, -0.2019842793760456800, 0.7879635790510847200 ) ) ;
#487 = VERTEX_POINT ( 'NONE', #3121 ) ;
#488 = ORIENTED_EDGE ( 'NONE', *, *, #3800, .F. ) ;
#489 = DIRECTION ( 'NONE',  ( 0.0000000000000000000, 0.0000000000000000000, 1.000000000000000000 ) ) ;
#490 = EDGE_CURVE ( 'NONE', #6286, #6948, #8813, .T. ) ;
#491 = VERTEX_POINT ( 'NONE', #7999 ) ;
#492 = DIRECTION ( 'NONE',  ( 3.594536833768767100E-016, -1.000000000000000000, 0.0000000000000000000 ) ) ;
#493 = CARTESIAN_POINT ( 'NONE',  ( 0.1609999718656416900, -0.3275000000000013500, 0.4279999999999999400 ) ) ;
#494 = CARTESIAN_POINT ( 'NONE',  ( 0.1948031496062992700, -0.2052511311690032600, 0.01499999999999999900 ) ) ;
#495 = ORIENTED_EDGE ( 'NONE', *, *, #1666, .F. ) ;
#496 = LINE ( 'NONE', #2549, #11029 ) ;
#497 = EDGE_LOOP ( 'NONE', ( #6161, #8272, #3049, #10545 ) ) ;
#498 = CARTESIAN_POINT ( 'NONE',  ( -0.2249999999999999800, -0.3334805806756923600, 0.4279999999999999400 ) ) ;
#499 = ADVANCED_FACE ( 'NONE', ( #7386 ), #9055, .F. ) ;
#500 = EDGE_CURVE ( 'NONE', #9178, #3517, #2512, .T. ) ;
#501 = FACE_OUTER_BOUND ( 'NONE', #2997, .T. ) ;
#502 = ORIENTED_EDGE ( 'NONE', *, *, #9130, .T. ) ;
#503 = AXIS2_PLACEMENT_3D ( 'NONE', #6150, #10484, #2657 ) ;
#504 = DIRECTION ( 'NONE',  ( -3.498098040667654100E-015, 2.982321770406309100E-015, 1.000000000000000000 ) ) ;
#505 = CARTESIAN_POINT ( 'NONE',  ( -0.2816278565449314400, -1.228561976065939900E-018, 0.8098162275806177800 ) ) ;
#506 = CARTESIAN_POINT ( 'NONE',  ( 0.05314960629921262200, 0.0000000000000000000, 0.0000000000000000000 ) ) ;
#507 = PLANE ( 'NONE',  #5456 ) ;
#508 = AXIS2_PLACEMENT_3D ( 'NONE', #4434, #3460, #4325 ) ;
#509 = ADVANCED_FACE ( 'NONE', ( #6004 ), #5713, .F. ) ;
#510 = DIRECTION ( 'NONE',  ( 0.0000000000000000000, 0.0000000000000000000, 1.000000000000000000 ) ) ;
#511 = LENGTH_MEASURE_WITH_UNIT ( LENGTH_MEASURE( 0.02539999999999999900 ), #1314 );
#512 =( NAMED_UNIT ( * ) PLANE_ANGLE_UNIT ( ) SI_UNIT ( $, .RADIAN. ) );
#513 = VERTEX_POINT ( 'NONE', #2190 ) ;
#514 = DIRECTION ( 'NONE',  ( -1.000000000000000000, -0.0000000000000000000, -0.0000000000000000000 ) ) ;
#515 = EDGE_CURVE ( 'NONE', #10539, #5558, #6076, .T. ) ;
#516 =( CONVERSION_BASED_UNIT ( 'INCH', #4569 ) LENGTH_UNIT ( ) NAMED_UNIT ( #6786 ) );
#517 = DIRECTION ( 'NONE',  ( -2.529146936815852400E-016, 0.0000000000000000000, 1.000000000000000000 ) ) ;
#518 = EDGE_LOOP ( 'NONE', ( #6617, #10582, #2362, #1077 ) ) ;
#519 = CARTESIAN_POINT ( 'NONE',  ( -0.2967928932188135200, 0.2454289321881375800, 0.8199999999999999500 ) ) ;
#520 = DIRECTION ( 'NONE',  ( -1.266221515311538300E-016, -1.000000000000000000, 0.0000000000000000000 ) ) ;
#521 = VECTOR ( 'NONE', #1788, 39.37007874015748100 ) ;
#522 = ORIENTED_EDGE ( 'NONE', *, *, #7588, .T. ) ;
#523 = EDGE_CURVE ( 'NONE', #10066, #9455, #1657, .T. ) ;
#524 = ORIENTED_EDGE ( 'NONE', *, *, #4604, .F. ) ;
#525 = STYLED_ITEM ( 'NONE', ( #7653 ), #6613 ) ;
#526 = DIRECTION ( 'NONE',  ( 3.623343611582458500E-015, 0.0000000000000000000, -1.000000000000000000 ) ) ;
#527 = VECTOR ( 'NONE', #8448, 39.37007874015748100 ) ;
#528 = ORIENTED_EDGE ( 'NONE', *, *, #1675, .F. ) ;
#529 = EDGE_CURVE ( 'NONE', #7823, #8238, #3920, .T. ) ;
#530 = DIRECTION ( 'NONE',  ( 0.0000000000000000000, -0.0000000000000000000, 1.000000000000000000 ) ) ;
#531 = ORIENTED_EDGE ( 'NONE', *, *, #2894, .T. ) ;
#532 = DIRECTION ( 'NONE',  ( 0.0000000000000000000, 5.316972882242442600E-016, -1.000000000000000000 ) ) ;
#533 = FACE_OUTER_BOUND ( 'NONE', #3603, .T. ) ;
#534 = CARTESIAN_POINT ( 'NONE',  ( 0.2966278565449284000, 0.0000000000000000000, -0.005498733049304612000 ) ) ;
#535 = FACE_OUTER_BOUND ( 'NONE', #1589, .T. ) ;
#536 = ORIENTED_EDGE ( 'NONE', *, *, #4010, .T. ) ;
#537 = CARTESIAN_POINT ( 'NONE',  ( -0.1949240715574873100, 0.06541338582677164200, 0.2170187865154117300 ) ) ;
#538 = DIRECTION ( 'NONE',  ( 0.08715574274766170500, 0.0000000000000000000, -0.9961946980917451000 ) ) ;
#539 = SURFACE_STYLE_FILL_AREA ( #5812 ) ;
#540 = AXIS2_PLACEMENT_3D ( 'NONE', #3354, #10135, #1633 ) ;
#541 = ORIENTED_EDGE ( 'NONE', *, *, #3118, .T. ) ;
#542 = CARTESIAN_POINT ( 'NONE',  ( 0.08484251968503923900, -0.2525000000000000600, 0.6878425196850395100 ) ) ;
#543 = PLANE ( 'NONE',  #7538 ) ;
#544 = VECTOR ( 'NONE', #5936, 39.37007874015748100 ) ;
#545 = LINE ( 'NONE', #8028, #7921 ) ;
#546 = CARTESIAN_POINT ( 'NONE',  ( 0.2816278565449310500, -0.2525000000000000600, 0.01499999999999999900 ) ) ;
#547 = CARTESIAN_POINT ( 'NONE',  ( 0.03031496062992127300, -0.01737224260835761400, 0.8122440944881890200 ) ) ;
#548 = ADVANCED_FACE ( 'NONE', ( #8064 ), #2841, .T. ) ;
#549 = COLOUR_RGB ( '',0.7921568627450980000, 0.8196078431372548800, 0.9333333333333333500 ) ;
#550 = EDGE_LOOP ( 'NONE', ( #3557, #7306, #7137, #10908 ) ) ;
#551 = LINE ( 'NONE', #3172, #4698 ) ;
#552 = ORIENTED_EDGE ( 'NONE', *, *, #7510, .T. ) ;
#553 = SURFACE_SIDE_STYLE ('',( #10686 ) ) ;
#554 = CYLINDRICAL_SURFACE ( 'NONE', #2980, 0.01968503937007869100 ) ;
#555 = UNCERTAINTY_MEASURE_WITH_UNIT (LENGTH_MEASURE( 1.000000000000000100E-005 ), #10679, 'distance_accuracy_value', 'NONE');
#556 = PRESENTATION_LAYER_ASSIGNMENT (  '', '', ( #5306 ) ) ;
#557 = EDGE_CURVE ( 'NONE', #7892, #2347, #3399, .T. ) ;
#558 = DIRECTION ( 'NONE',  ( 0.0000000000000000000, 0.0000000000000000000, -1.000000000000000000 ) ) ;
#559 = ADVANCED_FACE ( 'NONE', ( #10465 ), #2253, .T. ) ;
#560 = VECTOR ( 'NONE', #2105, 39.37007874015748100 ) ;
#561 = EDGE_CURVE ( 'NONE', #10268, #9927, #6328, .T. ) ;
#562 = DIRECTION ( 'NONE',  ( 0.0000000000000000000, 0.0000000000000000000, -1.000000000000000000 ) ) ;
#563 = CARTESIAN_POINT ( 'NONE',  ( 0.3125000000000026100, 0.1504527559055176300, 0.7179527559055123300 ) ) ;
#564 = EDGE_LOOP ( 'NONE', ( #8569, #7351, #751, #6423 ) ) ;
#565 = LENGTH_MEASURE_WITH_UNIT ( LENGTH_MEASURE( 0.02539999999999999900 ), #5515 );
#566 = LINE ( 'NONE', #7331, #4982 ) ;
#567 = FACE_OUTER_BOUND ( 'NONE', #3, .T. ) ;
#568 = CARTESIAN_POINT ( 'NONE',  ( -0.2816278565449310500, -0.1771838596522949400, 0.6900912614787635400 ) ) ;
#569 = AXIS2_PLACEMENT_3D ( 'NONE', #2350, #6652, #4123 ) ;
#570 = FACE_OUTER_BOUND ( 'NONE', #714, .T. ) ;
#571 = VECTOR ( 'NONE', #9300, 39.37007874015748100 ) ;
#572 = DIRECTION ( 'NONE',  ( -1.000000000000000000, -0.0000000000000000000, -0.0000000000000000000 ) ) ;
#573 = EDGE_CURVE ( 'NONE', #5965, #10510, #5782, .T. ) ;
#574 = DIRECTION ( 'NONE',  ( -0.7071067811865462400, 0.0000000000000000000, -0.7071067811865486800 ) ) ;
#575 = DIRECTION ( 'NONE',  ( -1.000000000000000000, 0.0000000000000000000, 0.0000000000000000000 ) ) ;
#576 = VECTOR ( 'NONE', #5701, 39.37007874015748100 ) ;
#577 = VECTOR ( 'NONE', #5937, 39.37007874015748100 ) ;
#578 = CARTESIAN_POINT ( 'NONE',  ( 0.1348425196850393500, -0.2525000000000000600, 0.7878425196850394900 ) ) ;
#579 = CARTESIAN_POINT ( 'NONE',  ( 0.2977445680324977100, 0.1454527559055146500, 0.8098162275806200000 ) ) ;
#580 = EDGE_LOOP ( 'NONE', ( #10141, #9466, #1933 ) ) ;
#581 = EDGE_LOOP ( 'NONE', ( #2454, #9743, #6025, #8915 ) ) ;
#582 = ORIENTED_EDGE ( 'NONE', *, *, #2461, .T. ) ;
#583 = VERTEX_POINT ( 'NONE', #9091 ) ;
#584 = EDGE_CURVE ( 'NONE', #2394, #2555, #5265, .T. ) ;
#585 =( NAMED_UNIT ( * ) PLANE_ANGLE_UNIT ( ) SI_UNIT ( $, .RADIAN. ) );
#586 = DIRECTION ( 'NONE',  ( 0.0000000000000000000, 1.000000000000000000, -0.0000000000000000000 ) ) ;
#587 = UNCERTAINTY_MEASURE_WITH_UNIT (LENGTH_MEASURE( 1.000000000000000100E-005 ), #8125, 'distance_accuracy_value', 'NONE');
#588 = EDGE_LOOP ( 'NONE', ( #4412, #4283, #2662, #2464 ) ) ;
#589 = DIRECTION ( 'NONE',  ( 0.0000000000000000000, 1.000000000000000000, -0.0000000000000000000 ) ) ;
#590 = ADVANCED_FACE ( 'NONE', ( #68 ), #9869, .T. ) ;
#591 = CARTESIAN_POINT ( 'NONE',  ( -0.2500000000000000000, -0.1174558555784520800, 0.8122440944881890200 ) ) ;
#592 = EDGE_CURVE ( 'NONE', #270, #4253, #2856, .T. ) ;
#593 = AXIS2_PLACEMENT_3D ( 'NONE', #5929, #8627, #46 ) ;
#594 = ORIENTED_EDGE ( 'NONE', *, *, #5014, .F. ) ;
#595 = EDGE_LOOP ( 'NONE', ( #636, #1973, #1399, #4501, #8474, #7395 ) ) ;
#596 = ORIENTED_EDGE ( 'NONE', *, *, #11013, .F. ) ;
#597 = VERTEX_POINT ( 'NONE', #4739 ) ;
#598 = FACE_OUTER_BOUND ( 'NONE', #10599, .T. ) ;
#600 = EDGE_CURVE ( 'NONE', #3931, #5282, #8193, .T. ) ;
#599 = VERTEX_POINT ( 'NONE', #8209 ) ;
#601 = DIRECTION ( 'NONE',  ( -1.000000000000000000, 2.385472965096935500E-016, 3.441691376337984500E-015 ) ) ;
#602 = VERTEX_POINT ( 'NONE', #4115 ) ;
#603 = ADVANCED_FACE ( 'NONE', ( #1128 ), #1572, .F. ) ;
#604 = DIRECTION ( 'NONE',  ( 0.0000000000000000000, 1.000000000000000000, 0.0000000000000000000 ) ) ;
#605 = ORIENTED_EDGE ( 'NONE', *, *, #9951, .T. ) ;
#606 = ORIENTED_EDGE ( 'NONE', *, *, #7502, .F. ) ;
#607 = CARTESIAN_POINT ( 'NONE',  ( -0.2966278565449310700, -0.1428615124517495800, 0.7690197545653726400 ) ) ;
#608 = PLANE ( 'NONE',  #4717 ) ;
#609 = EDGE_LOOP ( 'NONE', ( #7402, #870, #8580, #10472 ) ) ;
#610 = CARTESIAN_POINT ( 'NONE',  ( -0.2974999999999999900, -0.2514999999999994500, -3.431017124514569300E-016 ) ) ;
#611 = EDGE_LOOP ( 'NONE', ( #4728, #4243, #7582, #5758 ) ) ;
#612 = VECTOR ( 'NONE', #2260, 39.37007874015748100 ) ;
#613 = ORIENTED_EDGE ( 'NONE', *, *, #8044, .F. ) ;
#614 = DIRECTION ( 'NONE',  ( -1.000000000000000000, 0.0000000000000000000, 0.0000000000000000000 ) ) ;
#615 = DIRECTION ( 'NONE',  ( -0.0000000000000000000, -1.000000000000000000, -0.0000000000000000000 ) ) ;
#616 = ORIENTED_EDGE ( 'NONE', *, *, #490, .F. ) ;
#617 = ORIENTED_EDGE ( 'NONE', *, *, #10210, .F. ) ;
#618 =( LENGTH_UNIT ( ) NAMED_UNIT ( * ) SI_UNIT ( $, .METRE. ) );
#619 = DIMENSIONAL_EXPONENTS ( 1.000000000000000000, 0.0000000000000000000, 0.0000000000000000000, 0.0000000000000000000, 0.0000000000000000000, 0.0000000000000000000, 0.0000000000000000000 ) ;
#620 = VERTEX_POINT ( 'NONE', #6602 ) ;
#621 = CARTESIAN_POINT ( 'NONE',  ( -0.2970285954792090700, 0.2658834035541473000, 0.007170200118550732400 ) ) ;
#622 = PLANE ( 'NONE',  #4901 ) ;
#623 = PLANE ( 'NONE',  #9352 ) ;
#624 = AXIS2_PLACEMENT_3D ( 'NONE', #2670, #10276, #7801 ) ;
#625 = LINE ( 'NONE', #4847, #3453 ) ;
#626 = ORIENTED_EDGE ( 'NONE', *, *, #9625, .T. ) ;
#627 = EDGE_CURVE ( 'NONE', #5550, #7399, #1377, .T. ) ;
#628 = CARTESIAN_POINT ( 'NONE',  ( -3.126991719028464500E-017, -0.1371408949485307900, 0.01499999999999999900 ) ) ;
#629 = MECHANICAL_DESIGN_GEOMETRIC_PRESENTATION_REPRESENTATION (  '', ( #82 ), #1789 ) ;
#630 = VECTOR ( 'NONE', #9986, 39.37007874015748100 ) ;
#631 = COLOUR_RGB ( '',1.000000000000000000, 1.000000000000000000, 1.000000000000000000 ) ;
#632 = AXIS2_PLACEMENT_3D ( 'NONE', #3712, #6362, #1207 ) ;
#633 = CARTESIAN_POINT ( 'NONE',  ( 0.07283464566929136200, 0.1522291837916265600, 0.0000000000000000000 ) ) ;
#634 = CARTESIAN_POINT ( 'NONE',  ( -0.2966278565449314600, 0.1454527559055146500, 0.8098162275806177800 ) ) ;
#635 = EDGE_CURVE ( 'NONE', #7425, #1384, #3529, .T. ) ;
#636 = ORIENTED_EDGE ( 'NONE', *, *, #4459, .F. ) ;
#637 = DIRECTION ( 'NONE',  ( -0.0000000000000000000, -0.0000000000000000000, 1.000000000000000000 ) ) ;
#638 = ADVANCED_FACE ( 'NONE', ( #8612 ), #7525, .T. ) ;
#639 = FILL_AREA_STYLE ('',( #9993 ) ) ;
#640 = LINE ( 'NONE', #6086, #4916 ) ;
#641 = EDGE_LOOP ( 'NONE', ( #613, #1388, #2523, #8434 ) ) ;
#642 = DIRECTION ( 'NONE',  ( 0.0000000000000000000, 0.0000000000000000000, 1.000000000000000000 ) ) ;
#643 = ORIENTED_EDGE ( 'NONE', *, *, #9584, .F. ) ;
#644 = CARTESIAN_POINT ( 'NONE',  ( -0.2417957872900946800, 0.08784335684306161800, 0.7529635790510819100 ) ) ;
#645 = CARTESIAN_POINT ( 'NONE',  ( 0.2816278565449311100, 0.2426574803149606500, 0.02484251968503935600 ) ) ;
#646 = CARTESIAN_POINT ( 'NONE',  ( 0.2054877305055445000, -0.3284081716294871000, 0.4960922372051140800 ) ) ;
#647 = DIRECTION ( 'NONE',  ( 0.0000000000000000000, -0.0000000000000000000, -1.000000000000000000 ) ) ;
#648 = VERTEX_POINT ( 'NONE', #1527 ) ;
#649 = DIRECTION ( 'NONE',  ( 1.000000000000000000, 3.346303001498510500E-015, -1.124126789939941800E-029 ) ) ;
#650 = CARTESIAN_POINT ( 'NONE',  ( 0.1153543307086614100, 0.1522291837916265600, 0.4674415849128674100 ) ) ;
#651 = FACE_OUTER_BOUND ( 'NONE', #8509, .T. ) ;
#652 = ORIENTED_EDGE ( 'NONE', *, *, #6572, .T. ) ;
#653 = CARTESIAN_POINT ( 'NONE',  ( 0.2960355339059350700, 0.1454527559055146000, 0.6936267953846964000 ) ) ;
#654 = EDGE_CURVE ( 'NONE', #7282, #6946, #326, .T. ) ;
#655 = CARTESIAN_POINT ( 'NONE',  ( -0.08011811023622045200, -1.021197244730353200, 0.8200000000000035000 ) ) ;
#656 = DIRECTION ( 'NONE',  ( 0.0000000000000000000, 0.0000000000000000000, -1.000000000000000000 ) ) ;
#657 = ADVANCED_FACE ( 'NONE', ( #5654 ), #663, .T. ) ;
#658 = AXIS2_PLACEMENT_3D ( 'NONE', #8954, #8160, #10752 ) ;
#659 = DIRECTION ( 'NONE',  ( 0.0000000000000000000, -0.0000000000000000000, -1.000000000000000000 ) ) ;
#660 = ORIENTED_EDGE ( 'NONE', *, *, #10940, .F. ) ;
#661 = ORIENTED_EDGE ( 'NONE', *, *, #9012, .F. ) ;
#662 = DIRECTION ( 'NONE',  ( 1.000000000000000000, -1.458800866809831900E-016, 3.623343611582382000E-015 ) ) ;
#663 = PLANE ( 'NONE',  #5705 ) ;
#664 = EDGE_CURVE ( 'NONE', #7491, #7845, #6867, .T. ) ;
#665 = DIRECTION ( 'NONE',  ( -1.000000000000000000, -1.458800866809831900E-016, 3.623343611582382000E-015 ) ) ;
#666 = EDGE_LOOP ( 'NONE', ( #8654, #7043, #6487, #1286 ) ) ;
#667 = LINE ( 'NONE', #2915, #7215 ) ;
#668 = ORIENTED_EDGE ( 'NONE', *, *, #10506, .F. ) ;
#669 = VECTOR ( 'NONE', #2486, 39.37007874015748100 ) ;
#670 = ORIENTED_EDGE ( 'NONE', *, *, #8815, .T. ) ;
#671 = ADVANCED_FACE ( 'NONE', ( #7814 ), #4070, .F. ) ;
#672 = DIRECTION ( 'NONE',  ( 0.0000000000000000000, 0.0000000000000000000, -1.000000000000000000 ) ) ;
#673 = ORIENTED_EDGE ( 'NONE', *, *, #2595, .F. ) ;
#674 = FACE_OUTER_BOUND ( 'NONE', #9542, .T. ) ;
#675 = DIRECTION ( 'NONE',  ( 0.0000000000000000000, -1.000000000000000000, -0.0000000000000000000 ) ) ;
#676 = LINE ( 'NONE', #3944, #9747 ) ;
#677 = EDGE_LOOP ( 'NONE', ( #239, #5577, #1202, #6766 ) ) ;
#678 = ORIENTED_EDGE ( 'NONE', *, *, #1666, .T. ) ;
#679 = VECTOR ( 'NONE', #2776, 39.37007874015748100 ) ;
#680 = ORIENTED_EDGE ( 'NONE', *, *, #428, .T. ) ;
#681 = DIRECTION ( 'NONE',  ( 0.0000000000000000000, 0.0000000000000000000, 1.000000000000000000 ) ) ;
#682 = CARTESIAN_POINT ( 'NONE',  ( 0.0000000000000000000, 0.0000000000000000000, 0.01499999999999999900 ) ) ;
#683 = CARTESIAN_POINT ( 'NONE',  ( -0.2975000000000032600, 9.931589494015456100E-016, -3.336328423310537000E-030 ) ) ;
#684 = LINE ( 'NONE', #267, #1770 ) ;
#685 = FACE_OUTER_BOUND ( 'NONE', #11003, .T. ) ;
#686 = VECTOR ( 'NONE', #11021, 39.37007874015748100 ) ;
#687 = AXIS2_PLACEMENT_3D ( 'NONE', #4580, #1152, #6332 ) ;
#688 = CARTESIAN_POINT ( 'NONE',  ( 0.3125000000000026100, 0.1504527559055081600, 0.4417395183537080100 ) ) ;
#689 = CARTESIAN_POINT ( 'NONE',  ( 0.2974999999999998800, -0.2514999999999994500, -3.431017124514564400E-016 ) ) ;
#690 = LINE ( 'NONE', #10769, #2961 ) ;
#691 = CARTESIAN_POINT ( 'NONE',  ( 0.2975000000000026500, -0.2515000000000000000, 0.7214882898114461900 ) ) ;
#692 = CARTESIAN_POINT ( 'NONE',  ( -0.2972642977396046700, 0.2603297998814492800, 0.001616596445852792500 ) ) ;
#693 = PLANE ( 'NONE',  #9479 ) ;
#694 = LINE ( 'NONE', #4856, #1239 ) ;
#695 = CARTESIAN_POINT ( 'NONE',  ( -0.2445122359227294400, -0.3775000000000012800, 0.3830525540763712300 ) ) ;
#696 = VECTOR ( 'NONE', #5947, 39.37007874015748100 ) ;
#697 = DIRECTION ( 'NONE',  ( 0.0000000000000000000, -1.000000000000000000, 0.0000000000000000000 ) ) ;
#698 = ADVANCED_FACE ( 'NONE', ( #10578 ), #6644, .F. ) ;
#699 = LINE ( 'NONE', #5459, #7244 ) ;
#700 = DIRECTION ( 'NONE',  ( 0.0000000000000000000, -6.829619984160668500E-015, -1.000000000000000000 ) ) ;
#701 = LINE ( 'NONE', #7703, #9769 ) ;
#702 = DIRECTION ( 'NONE',  ( 2.541721370382715300E-016, -0.7071067811865470200, 0.7071067811865481300 ) ) ;
#703 = DIRECTION ( 'NONE',  ( 0.0000000000000000000, -1.000000000000000000, 0.0000000000000000000 ) ) ;
#704 =( GEOMETRIC_REPRESENTATION_CONTEXT ( 3 ) GLOBAL_UNCERTAINTY_ASSIGNED_CONTEXT ( ( #4205 ) ) GLOBAL_UNIT_ASSIGNED_CONTEXT ( ( #8675, #3589, #3552 ) ) REPRESENTATION_CONTEXT ( 'NONE', 'WORKASPACE' ) );
#705 = B_SPLINE_SURFACE_WITH_KNOTS ( 'NONE', 1, 3, ( 
 ( #10717, #2115, #6348, #9760 ),
 ( #383, #6493, #1232, #2225 ) ),
 .UNSPECIFIED., .F., .F., .F.,
 ( 2, 2 ),
 ( 4, 4 ),
 ( 0.0000000000000000000, 1.000000000000000000 ),
 ( 0.0000000000000000000, 1.000000000000000000 ),
 .UNSPECIFIED. ) ;
#706 = FACE_OUTER_BOUND ( 'NONE', #7213, .T. ) ;
#707 = EDGE_CURVE ( 'NONE', #5752, #9727, #2972, .T. ) ;
#708 = CIRCLE ( 'NONE', #160, 0.001968503937007828000 ) ;
#709 =( NAMED_UNIT ( * ) SI_UNIT ( $, .STERADIAN. ) SOLID_ANGLE_UNIT ( ) );
#710 = VECTOR ( 'NONE', #6807, 39.37007874015748100 ) ;
#711 = ORIENTED_EDGE ( 'NONE', *, *, #6167, .T. ) ;
#712 = AXIS2_PLACEMENT_3D ( 'NONE', #3175, #2314, #4859 ) ;
#713 = DIRECTION ( 'NONE',  ( 0.0000000000000000000, 0.4413750231038433600, -0.8973227340149595400 ) ) ;
#714 = EDGE_LOOP ( 'NONE', ( #384, #5301, #5462, #4429 ) ) ;
#715 = ORIENTED_EDGE ( 'NONE', *, *, #3590, .T. ) ;
#716 = ADVANCED_FACE ( 'NONE', ( #3664 ), #8329, .T. ) ;
#717 = CARTESIAN_POINT ( 'NONE',  ( -0.2417957872900946800, -0.1428615124517495800, 0.7529635790510819100 ) ) ;
#718 = LINE ( 'NONE', #10173, #7389 ) ;
#719 = LINE ( 'NONE', #2251, #456 ) ;
#720 = AXIS2_PLACEMENT_3D ( 'NONE', #10936, #1471, #3151 ) ;
#721 = CARTESIAN_POINT ( 'NONE',  ( -0.2500000000000000000, -0.1174558555784520800, 0.8122440944881890200 ) ) ;
#722 = LINE ( 'NONE', #6937, #7674 ) ;
#723 = DIRECTION ( 'NONE',  ( 6.829619984160731600E-015, 0.0000000000000000000, -1.000000000000000000 ) ) ;
#724 = CARTESIAN_POINT ( 'NONE',  ( -0.1651574803149606400, -0.5313388496530164800, 0.7878425196850393800 ) ) ;
#725 = ORIENTED_EDGE ( 'NONE', *, *, #5605, .F. ) ;
#726 = ORIENTED_EDGE ( 'NONE', *, *, #9169, .T. ) ;
#727 = ORIENTED_EDGE ( 'NONE', *, *, #1287, .T. ) ;
#728 = EDGE_CURVE ( 'NONE', #7847, #597, #7947, .T. ) ;
#729 = DIRECTION ( 'NONE',  ( 0.0000000000000000000, 1.000000000000000000, 3.571460140260036800E-015 ) ) ;
#730 = DIRECTION ( 'NONE',  ( -1.000000000000000000, 0.0000000000000000000, -6.938893903907203100E-015 ) ) ;
#731 = VERTEX_POINT ( 'NONE', #9970 ) ;
#732 = CARTESIAN_POINT ( 'NONE',  ( -0.2125984251968503800, -0.01332677165354330000, 0.01499999999999999900 ) ) ;
#733 = DIRECTION ( 'NONE',  ( -2.385472965096935500E-016, -1.000000000000000000, 5.605974818747514000E-030 ) ) ;
#734 = CIRCLE ( 'NONE', #6356, 0.01968503937007869100 ) ;
#735 = EDGE_CURVE ( 'NONE', #1066, #3938, #10332, .T. ) ;
#736 = CARTESIAN_POINT ( 'NONE',  ( -0.1948031496062992700, -0.1324212598425196800, 0.01499999999999999900 ) ) ;
#737 = ORIENTED_EDGE ( 'NONE', *, *, #8014, .F. ) ;
#738 = CARTESIAN_POINT ( 'NONE',  ( 0.2966278565449306200, 0.1454527559055146500, 0.8098162275806200000 ) ) ;
#739 = ORIENTED_EDGE ( 'NONE', *, *, #4622, .F. ) ;
#740 = CARTESIAN_POINT ( 'NONE',  ( 0.2717853368598917600, 0.2426574803149606500, 0.8101574803149606000 ) ) ;
#741 = ORIENTED_EDGE ( 'NONE', *, *, #7917, .F. ) ;
#742 = PLANE ( 'NONE',  #4155 ) ;
#743 = ORIENTED_EDGE ( 'NONE', *, *, #6393, .F. ) ;
#744 = FACE_OUTER_BOUND ( 'NONE', #9653, .T. ) ;
#745 = VERTEX_POINT ( 'NONE', #9934 ) ;
#746 = LINE ( 'NONE', #10955, #5559 ) ;
#747 = EDGE_CURVE ( 'NONE', #3874, #10913, #5521, .T. ) ;
#748 = AXIS2_PLACEMENT_3D ( 'NONE', #2540, #3415, #177 ) ;
#749 = DIRECTION ( 'NONE',  ( -1.000000000000000000, -1.468979316883002200E-016, -3.491481338843132600E-015 ) ) ;
#750 = EDGE_LOOP ( 'NONE', ( #1256, #726, #7681, #9660 ) ) ;
#751 = ORIENTED_EDGE ( 'NONE', *, *, #5601, .T. ) ;
#752 = ORIENTED_EDGE ( 'NONE', *, *, #2228, .T. ) ;
#753 = DIRECTION ( 'NONE',  ( -7.458331254473630600E-017, -1.000000000000000000, 7.163401044396570500E-015 ) ) ;
#754 = EDGE_CURVE ( 'NONE', #7916, #2769, #995, .T. ) ;
#755 = EDGE_LOOP ( 'NONE', ( #2888, #771, #680, #8011 ) ) ;
#756 = CARTESIAN_POINT ( 'NONE',  ( 0.2054877303728713500, -0.3628306842890497400, 0.4920335787552722100 ) ) ;
#757 = PLANE ( 'NONE',  #5165 ) ;
#758 = PLANE ( 'NONE',  #6770 ) ;
#759 = ORIENTED_EDGE ( 'NONE', *, *, #10184, .T. ) ;
#760 = DIRECTION ( 'NONE',  ( 0.0000000000000000000, 0.0000000000000000000, 1.000000000000000000 ) ) ;
#761 = LINE ( 'NONE', #9096, #10757 ) ;
#762 = EDGE_LOOP ( 'NONE', ( #1335, #1561, #10393, #7284 ) ) ;
#763 = ADVANCED_FACE ( 'NONE', ( #706 ), #8269, .F. ) ;
#764 =( CONVERSION_BASED_UNIT ( 'INCH', #2400 ) LENGTH_UNIT ( ) NAMED_UNIT ( #5161 ) );
#765 = CARTESIAN_POINT ( 'NONE',  ( 0.2445122359227436800, -0.2675000000000012400, 0.3670469609432729900 ) ) ;
#766 = PLANE ( 'NONE',  #10396 ) ;
#767 = CARTESIAN_POINT ( 'NONE',  ( -0.08484251968503943300, -0.3855000000000025600, 0.7681574803149606700 ) ) ;
#768 = CARTESIAN_POINT ( 'NONE',  ( -0.2816278565449310500, -0.1771838596522949400, 0.6900912614787635400 ) ) ;
#769 = CARTESIAN_POINT ( 'NONE',  ( -0.3125000000000025500, 0.1087205899187654700, 0.7479635790510822400 ) ) ;
#770 = COLOUR_RGB ( '',0.7921568627450980000, 0.8196078431372548800, 0.9333333333333333500 ) ;
#771 = ORIENTED_EDGE ( 'NONE', *, *, #7302, .F. ) ;
#772 = CARTESIAN_POINT ( 'NONE',  ( 0.2967928932188130800, 0.2454289321881376600, 0.8350000000000021800 ) ) ;
#773 = CARTESIAN_POINT ( 'NONE',  ( -0.3125000000000025500, 0.08784335684306159000, 0.7479635790510822400 ) ) ;
#774 = DIRECTION ( 'NONE',  ( -1.000000000000000000, -1.458800866809831600E-016, 3.623343611582382000E-015 ) ) ;
#775 = ADVANCED_FACE ( 'NONE', ( #9773 ), #6546, .T. ) ;
#776 = CARTESIAN_POINT ( 'NONE',  ( 0.08484251968503923900, -0.2525000000000000600, 0.6681574803149606900 ) ) ;
#777 = DIRECTION ( 'NONE',  ( 3.791200677927630300E-031, 1.000000000000000000, 3.469446951953613800E-015 ) ) ;
#778 = MECHANICAL_DESIGN_GEOMETRIC_PRESENTATION_REPRESENTATION (  '', ( #1568 ), #8866 ) ;
#779 = EDGE_CURVE ( 'NONE', #8646, #7459, #9391, .T. ) ;
#780 = VECTOR ( 'NONE', #10499, 39.37007874015748100 ) ;
#781 = ORIENTED_EDGE ( 'NONE', *, *, #4459, .T. ) ;
#782 = CARTESIAN_POINT ( 'NONE',  ( -0.3065944881889773300, -0.2438779527559034600, 0.2829999999999989200 ) ) ;
#783 = EDGE_CURVE ( 'NONE', #2673, #4872, #1510, .T. ) ;
#784 = CARTESIAN_POINT ( 'NONE',  ( 0.1948031496062992700, -0.1324212598425196800, 0.0000000000000000000 ) ) ;
#785 = DIRECTION ( 'NONE',  ( -3.466400071163393600E-015, 0.0000000000000000000, 1.000000000000000000 ) ) ;
#786 = ORIENTED_EDGE ( 'NONE', *, *, #381, .T. ) ;
#787 = AXIS2_PLACEMENT_3D ( 'NONE', #1616, #6842, #3294 ) ;
#788 = CARTESIAN_POINT ( 'NONE',  ( 0.2519685039370078700, 0.06541338582677168300, 0.0000000000000000000 ) ) ;
#789 = LINE ( 'NONE', #5219, #9457 ) ;
#790 = ORIENTED_EDGE ( 'NONE', *, *, #10631, .F. ) ;
#791 = DIRECTION ( 'NONE',  ( 0.0000000000000000000, 0.0000000000000000000, -1.000000000000000000 ) ) ;
#792 = PLANE ( 'NONE',  #9071 ) ;
#793 = EDGE_CURVE ( 'NONE', #9274, #2519, #10196, .T. ) ;
#794 = EDGE_CURVE ( 'NONE', #9928, #8285, #859, .T. ) ;
#795 = CARTESIAN_POINT ( 'NONE',  ( -0.2094541919655777400, 0.06541338582677164200, 0.05093875028552515700 ) ) ;
#796 = ORIENTED_EDGE ( 'NONE', *, *, #6045, .F. ) ;
#797 =( LENGTH_UNIT ( ) NAMED_UNIT ( * ) SI_UNIT ( $, .METRE. ) );
#798 = CARTESIAN_POINT ( 'NONE',  ( -0.3125000000000011700, 0.2517928932188133700, 0.3333283132285381800 ) ) ;
#799 = CARTESIAN_POINT ( 'NONE',  ( -0.3125000000000025000, -0.1219842793760456800, 0.7479635790510822400 ) ) ;
#800 = DIRECTION ( 'NONE',  ( 0.0000000000000000000, -3.469446951953611400E-015, 1.000000000000000000 ) ) ;
#801 = LINE ( 'NONE', #2887, #7337 ) ;
#802 = VERTEX_POINT ( 'NONE', #10937 ) ;
#803 = EDGE_CURVE ( 'NONE', #1836, #1384, #2299, .T. ) ;
#804 = SURFACE_STYLE_USAGE ( .BOTH. , #1667 ) ;
#805 =( LENGTH_UNIT ( ) NAMED_UNIT ( * ) SI_UNIT ( $, .METRE. ) );
#806 = CARTESIAN_POINT ( 'NONE',  ( 0.1348425196850392400, -0.5313388496530164800, 0.7681574803149606700 ) ) ;
#807 = DIRECTION ( 'NONE',  ( -0.0000000000000000000, 1.000000000000000000, -0.0000000000000000000 ) ) ;
#808 = DIRECTION ( 'NONE',  ( -4.253578305793948600E-015, -5.316972882242435700E-016, 1.000000000000000000 ) ) ;
#809 = VERTEX_POINT ( 'NONE', #4055 ) ;
#810 = VECTOR ( 'NONE', #4863, 39.37007874015748100 ) ;
#811 = EDGE_CURVE ( 'NONE', #8234, #4256, #6582, .T. ) ;
#812 = CARTESIAN_POINT ( 'NONE',  ( 0.3125000000000023900, -0.1811070463003417700, 0.7740197545653727500 ) ) ;
#813 = DIRECTION ( 'NONE',  ( -3.469446951953622900E-015, 0.0000000000000000000, 1.000000000000000000 ) ) ;
#814 = PRODUCT_DEFINITION_FORMATION_WITH_SPECIFIED_SOURCE ( 'ANY', '', #1017, .NOT_KNOWN. ) ;
#815 = LINE ( 'NONE', #4290, #1092 ) ;
#816 = ORIENTED_EDGE ( 'NONE', *, *, #7438, .F. ) ;
#817 = VECTOR ( 'NONE', #10012, 39.37007874015748100 ) ;
#818 = ADVANCED_FACE ( 'NONE', ( #5398 ), #10093, .T. ) ;
#819 = ORIENTED_EDGE ( 'NONE', *, *, #8376, .F. ) ;
#820 = DIRECTION ( 'NONE',  ( -6.829619984160731600E-015, 0.0000000000000000000, 1.000000000000000000 ) ) ;
#821 = EDGE_CURVE ( 'NONE', #7576, #2384, #2575, .T. ) ;
#822 = DIRECTION ( 'NONE',  ( -3.453004075404071500E-015, 0.0000000000000000000, 1.000000000000000000 ) ) ;
#823 = FACE_OUTER_BOUND ( 'NONE', #8473, .T. ) ;
#824 = CARTESIAN_POINT ( 'NONE',  ( 0.2499999999999999700, 0.1522291837916266400, 0.8122440944881890200 ) ) ;
#825 = FACE_OUTER_BOUND ( 'NONE', #3053, .T. ) ;
#826 = VERTEX_POINT ( 'NONE', #9309 ) ;
#827 = AXIS2_PLACEMENT_3D ( 'NONE', #8202, #1366, #5520 ) ;
#828 = VERTEX_POINT ( 'NONE', #9345 ) ;
#829 = CARTESIAN_POINT ( 'NONE',  ( 0.2975000000000022600, 0.2525000000000021100, -8.616870994565307800E-016 ) ) ;
#830 = ADVANCED_FACE ( 'NONE', ( #10455 ), #8469, .T. ) ;
#831 = LINE ( 'NONE', #4127, #10444 ) ;
#832 = CARTESIAN_POINT ( 'NONE',  ( 0.2966278565449309000, 0.1454527559055146500, 0.7163187439931626400 ) ) ;
#833 = LINE ( 'NONE', #824, #3642 ) ;
#834 = CARTESIAN_POINT ( 'NONE',  ( 0.2975000000000023700, 0.1087205899187654700, 0.7479635790510845700 ) ) ;
#835 = FACE_OUTER_BOUND ( 'NONE', #8937, .T. ) ;
#836 = CARTESIAN_POINT ( 'NONE',  ( -0.2417957872900946000, -0.1861070463003418300, 0.7690197545653724200 ) ) ;
#838 = DIRECTION ( 'NONE',  ( -0.0000000000000000000, -0.0000000000000000000, -1.000000000000000000 ) ) ;
#837 = FACE_OUTER_BOUND ( 'NONE', #609, .T. ) ;
#839 = CARTESIAN_POINT ( 'NONE',  ( 0.01515748031496052600, -0.3855000000000025600, 0.7681574803149612300 ) ) ;
#840 = VERTEX_POINT ( 'NONE', #3103 ) ;
#841 = CARTESIAN_POINT ( 'NONE',  ( -0.3125000000000023900, 0.04959782299446936800, 0.7740197545653726400 ) ) ;
#842 = LINE ( 'NONE', #882, #1367 ) ;
#843 = PLANE ( 'NONE',  #7095 ) ;
#844 = CIRCLE ( 'NONE', #454, 0.004999999999999946300 ) ;
#845 = AXIS2_PLACEMENT_3D ( 'NONE', #9635, #4545, #5406 ) ;
#846 =( LENGTH_UNIT ( ) NAMED_UNIT ( * ) SI_UNIT ( $, .METRE. ) );
#847 = CARTESIAN_POINT ( 'NONE',  ( 0.09842519685039372000, -0.2322769844133475100, 0.01499999999999999900 ) ) ;
#848 = CARTESIAN_POINT ( 'NONE',  ( -0.06515748031496067200, -0.2525000000000000600, 0.7681574803149606700 ) ) ;
#849 = EDGE_CURVE ( 'NONE', #1313, #2562, #7134, .T. ) ;
#850 = VECTOR ( 'NONE', #4738, 39.37007874015748900 ) ;
#851 = VECTOR ( 'NONE', #7654, 39.37007874015748100 ) ;
#852 = VECTOR ( 'NONE', #8575, 39.37007874015748100 ) ;
#853 = DIRECTION ( 'NONE',  ( 1.000000000000000000, 0.0000000000000000000, 0.0000000000000000000 ) ) ;
#854 = DIRECTION ( 'NONE',  ( -1.000000000000000000, 0.0000000000000000000, -3.453004075404071100E-015 ) ) ;
#855 = AXIS2_PLACEMENT_3D ( 'NONE', #4258, #5882, #10205 ) ;
#856 = CARTESIAN_POINT ( 'NONE',  ( 0.01062992125984253000, 0.1522291837916265600, 0.4674415849128674100 ) ) ;
#857 = CARTESIAN_POINT ( 'NONE',  ( -0.1651574803149606400, -0.5313388496530164800, 0.7681574803149606700 ) ) ;
#858 = CARTESIAN_POINT ( 'NONE',  ( -0.2054877305644769200, -0.3307046060313643100, 0.4978950635515626000 ) ) ;
#859 = LINE ( 'NONE', #4903, #9648 ) ;
#860 = LINE ( 'NONE', #10331, #3102 ) ;
#861 = DIRECTION ( 'NONE',  ( -3.791200677927630300E-031, 1.000000000000000000, 3.469446951953613800E-015 ) ) ;
#862 = VECTOR ( 'NONE', #3383, 39.37007874015748100 ) ;
#863 = ORIENTED_EDGE ( 'NONE', *, *, #9092, .F. ) ;
#864 = AXIS2_PLACEMENT_3D ( 'NONE', #10979, #6863, #2485 ) ;
#865 = ORIENTED_EDGE ( 'NONE', *, *, #8449, .T. ) ;
#866 = ORIENTED_EDGE ( 'NONE', *, *, #1299, .T. ) ;
#867 = DIRECTION ( 'NONE',  ( -0.0000000000000000000, 1.000000000000000000, -0.0000000000000000000 ) ) ;
#868 = ORIENTED_EDGE ( 'NONE', *, *, #9209, .T. ) ;
#869 = EDGE_CURVE ( 'NONE', #10411, #8902, #5119, .T. ) ;
#870 = ORIENTED_EDGE ( 'NONE', *, *, #7668, .F. ) ;
#871 = CARTESIAN_POINT ( 'NONE',  ( 0.1651574803149604700, -0.3855000000000022900, 0.6878425196850395100 ) ) ;
#872 = LINE ( 'NONE', #6136, #9546 ) ;
#873 = LENGTH_MEASURE_WITH_UNIT ( LENGTH_MEASURE( 0.02539999999999999900 ), #5628 );
#874 = CARTESIAN_POINT ( 'NONE',  ( 0.1651574803149606600, -0.5313388496530164800, 0.6681574803149605800 ) ) ;
#875 = EDGE_CURVE ( 'NONE', #9347, #1071, #4332, .T. ) ;
#876 = DIRECTION ( 'NONE',  ( 1.000000000000000000, 2.237499376341878000E-016, -3.466400071163319000E-015 ) ) ;
#877 = VERTEX_POINT ( 'NONE', #10169 ) ;
#878 = EDGE_LOOP ( 'NONE', ( #111, #2757, #7967, #9667 ) ) ;
#879 = CARTESIAN_POINT ( 'NONE',  ( 0.07283464566929136200, 0.1522291837916265300, 0.5125280012291644200 ) ) ;
#880 = EDGE_LOOP ( 'NONE', ( #2360, #9915, #5822, #2987 ) ) ;
#881 = DIRECTION ( 'NONE',  ( 0.0000000000000000000, 0.0000000000000000000, -1.000000000000000000 ) ) ;
#882 = CARTESIAN_POINT ( 'NONE',  ( -0.2975000000000024300, 0.0000000000000000000, 0.6900912614787658700 ) ) ;
#883 = ORIENTED_EDGE ( 'NONE', *, *, #2352, .F. ) ;
#884 = AXIS2_PLACEMENT_3D ( 'NONE', #9454, #8665, #4440 ) ;
#885 = CARTESIAN_POINT ( 'NONE',  ( 0.2696850393700788200, 3.414809992080330300E-017, 0.01499999999999999900 ) ) ;
#886 = FACE_OUTER_BOUND ( 'NONE', #6111, .T. ) ;
#887 = ORIENTED_EDGE ( 'NONE', *, *, #7061, .F. ) ;
#888 = LINE ( 'NONE', #5967, #7417 ) ;
#889 = CARTESIAN_POINT ( 'NONE',  ( 0.0000000000000000000, 0.2674999999999999600, -9.881134459612445300E-016 ) ) ;
#890 = EDGE_CURVE ( 'NONE', #6094, #1305, #6320, .T. ) ;
#891 = ORIENTED_EDGE ( 'NONE', *, *, #8833, .F. ) ;
#892 = AXIS2_PLACEMENT_3D ( 'NONE', #534, #3858, #4788 ) ;
#893 = CARTESIAN_POINT ( 'NONE',  ( 0.3164370078740185200, -0.2515000000000000000, 0.3026850393700797900 ) ) ;
#894 = ORIENTED_EDGE ( 'NONE', *, *, #6502, .T. ) ;
#895 = ORIENTED_EDGE ( 'NONE', *, *, #1374, .F. ) ;
#896 = CARTESIAN_POINT ( 'NONE',  ( 0.2717853368598917600, 0.2426574803149606500, 0.02484251968503935600 ) ) ;
#897 = CARTESIAN_POINT ( 'NONE',  ( 0.2499999999999999700, 0.1522291837916266400, 0.03468503937007873200 ) ) ;
#898 = CARTESIAN_POINT ( 'NONE',  ( -0.2966278565449299600, 0.1454527559055146800, 0.4341697174925306900 ) ) ;
#899 = ORIENTED_EDGE ( 'NONE', *, *, #8164, .F. ) ;
#901 = EDGE_CURVE ( 'NONE', #1798, #10880, #320, .T. ) ;
#900 = ORIENTED_EDGE ( 'NONE', *, *, #5944, .T. ) ;
#902 = FACE_OUTER_BOUND ( 'NONE', #10494, .T. ) ;
#903 = DIRECTION ( 'NONE',  ( 0.0000000000000000000, 2.126789152896974300E-015, 1.000000000000000000 ) ) ;
#904 = ADVANCED_FACE ( 'NONE', ( #7005 ), #5885, .F. ) ;
#905 = ORIENTED_EDGE ( 'NONE', *, *, #8843, .F. ) ;
#906 = ORIENTED_EDGE ( 'NONE', *, *, #7834, .F. ) ;
#907 = ORIENTED_EDGE ( 'NONE', *, *, #7884, .F. ) ;
#908 = DIRECTION ( 'NONE',  ( -8.876942833622265700E-013, -3.469446951953613800E-015, 1.000000000000000000 ) ) ;
#909 = ORIENTED_EDGE ( 'NONE', *, *, #7359, .F. ) ;
#910 = AXIS2_PLACEMENT_3D ( 'NONE', #2571, #9393, #9249 ) ;
#911 = CARTESIAN_POINT ( 'NONE',  ( -0.06515748031496067200, -0.5313388496530164800, 0.7878425196850393800 ) ) ;
#912 = CARTESIAN_POINT ( 'NONE',  ( -0.1651574803149606400, -0.5313388496530164800, 0.7878425196850393800 ) ) ;
#913 = ORIENTED_EDGE ( 'NONE', *, *, #6710, .F. ) ;
#914 = CARTESIAN_POINT ( 'NONE',  ( -0.2417957872900946000, 0.04459782299446937700, 0.7690197545653725300 ) ) ;
#915 = VECTOR ( 'NONE', #3772, 39.37007874015748100 ) ;
#916 = ORIENTED_EDGE ( 'NONE', *, *, #231, .T. ) ;
#917 = DIRECTION ( 'NONE',  ( -1.000000000000000000, 1.458800866809831600E-016, -3.623343611582382000E-015 ) ) ;
#918 = CARTESIAN_POINT ( 'NONE',  ( -0.2966278565449310700, -0.1811070463003418000, 0.7690197545653726400 ) ) ;
#919 = DIRECTION ( 'NONE',  ( -1.000000000000000000, 0.0000000000000000000, 0.0000000000000000000 ) ) ;
#920 = UNCERTAINTY_MEASURE_WITH_UNIT (LENGTH_MEASURE( 1.000000000000000100E-005 ), #7619, 'distance_accuracy_value', 'NONE');
#921 = CARTESIAN_POINT ( 'NONE',  ( -0.2417957872900946800, -0.1378615124517496000, 0.7529635790510820200 ) ) ;
#922 = DIRECTION ( 'NONE',  ( 0.0000000000000000000, 1.000000000000000000, -8.628769876621049200E-015 ) ) ;
#923 = AXIS2_PLACEMENT_3D ( 'NONE', #9043, #5619, #3940 ) ;
#924 = DIRECTION ( 'NONE',  ( -2.385472965096935500E-016, 1.000000000000000000, 8.643388228686462800E-031 ) ) ;
#925 = LINE ( 'NONE', #1454, #3839 ) ;
#926 = VECTOR ( 'NONE', #10660, 39.37007874015748100 ) ;
#927 = DIRECTION ( 'NONE',  ( -3.346303001498510500E-015, 1.000000000000000000, 0.0000000000000000000 ) ) ;
#928 = CARTESIAN_POINT ( 'NONE',  ( -0.2486744556699771700, 0.06541338582677164200, 1.707404996040164500E-017 ) ) ;
#929 = AXIS2_PLACEMENT_3D ( 'NONE', #5089, #108, #3420 ) ;
#930 = DIRECTION ( 'NONE',  ( 3.429670035967256600E-015, -2.982321770406309900E-015, -1.000000000000000000 ) ) ;
#931 = DIRECTION ( 'NONE',  ( -0.0000000000000000000, 1.000000000000000000, -0.0000000000000000000 ) ) ;
#932 = EDGE_LOOP ( 'NONE', ( #9918, #6335, #2952, #6254 ) ) ;
#933 = CARTESIAN_POINT ( 'NONE',  ( 0.2966278565449310700, 0.08784335684306161800, 0.7529635790510820200 ) ) ;
#934 = CARTESIAN_POINT ( 'NONE',  ( 0.05314960629921262200, 0.004804859663680982400, 0.8122440944881890200 ) ) ;
#935 = VECTOR ( 'NONE', #8775, 39.37007874015748100 ) ;
#936 = CLOSED_SHELL ( 'NONE', ( #3851, #9832, #3922, #4896, #2265, #7130 ) ) ;
#937 = DIRECTION ( 'NONE',  ( -1.000000000000000000, -2.280130751809684600E-016, 0.0000000000000000000 ) ) ;
#938 = VERTEX_POINT ( 'NONE', #5060 ) ;
#939 = CARTESIAN_POINT ( 'NONE',  ( 0.3125000000000023900, 0.08784335684306159000, 0.7690197545653728600 ) ) ;
#940 = CARTESIAN_POINT ( 'NONE',  ( 0.09566929133858267900, 0.0000000000000000000, 0.8122440944881890200 ) ) ;
#941 = EDGE_CURVE ( 'NONE', #8840, #7571, #4711, .T. ) ;
#942 = ORIENTED_EDGE ( 'NONE', *, *, #6100, .T. ) ;
#943 = DIRECTION ( 'NONE',  ( 8.537024980200823800E-016, -1.000000000000000000, -0.0000000000000000000 ) ) ;
#944 = EDGE_CURVE ( 'NONE', #1950, #1018, #6448, .T. ) ;
#945 = LINE ( 'NONE', #8172, #6399 ) ;
#946 = ORIENTED_EDGE ( 'NONE', *, *, #3687, .F. ) ;
#947 = DIRECTION ( 'NONE',  ( 1.000000000000000000, -6.982962677686267500E-015, 7.109629533472137400E-017 ) ) ;
#948 = MANIFOLD_SOLID_BREP ( 'Boss-Extrude4[8]', #2458 ) ;
#949 = CARTESIAN_POINT ( 'NONE',  ( 0.2054877282796835100, -0.3275000000000013500, 0.4279999985457437200 ) ) ;
#950 = EDGE_LOOP ( 'NONE', ( #5678, #7852 ) ) ;
#951 = CARTESIAN_POINT ( 'NONE',  ( -0.2755905511811023700, -0.1324212598425196800, 0.01499999999999999900 ) ) ;
#952 = AXIS2_PLACEMENT_3D ( 'NONE', #6615, #4891, #7439 ) ;
#953 = ORIENTED_EDGE ( 'NONE', *, *, #3385, .F. ) ;
#954 = EDGE_LOOP ( 'NONE', ( #8464, #1669, #524, #643 ) ) ;
#955 = ADVANCED_FACE ( 'NONE', ( #10567 ), #4259, .T. ) ;
#956 = LINE ( 'NONE', #3673, #5608 ) ;
#957 = EDGE_LOOP ( 'NONE', ( #4346, #781 ) ) ;
#958 = DIRECTION ( 'NONE',  ( -3.441691376337984900E-015, -2.126789152896973900E-015, -1.000000000000000000 ) ) ;
#959 = EDGE_CURVE ( 'NONE', #2876, #10771, #4467, .T. ) ;
#960 = CARTESIAN_POINT ( 'NONE',  ( 0.2972642977396043900, 0.2603297998814492800, 0.001616596445852791600 ) ) ;
#961 = EDGE_LOOP ( 'NONE', ( #2548, #4237, #10124, #1460 ) ) ;
#962 = CARTESIAN_POINT ( 'NONE',  ( 0.3016278565449309600, -0.3922200722424393200, 0.7163187439931625300 ) ) ;
#963 = DIRECTION ( 'NONE',  ( -0.0000000000000000000, -1.000000000000000000, -0.0000000000000000000 ) ) ;
#964 = VERTEX_POINT ( 'NONE', #7335 ) ;
#965 = CIRCLE ( 'NONE', #6419, 0.004999999999999946300 ) ;
#966 = EDGE_CURVE ( 'NONE', #10088, #9086, #8864, .T. ) ;
#967 = CARTESIAN_POINT ( 'NONE',  ( 0.3125000000000022800, -0.2019842793760456800, 0.7879635790510847200 ) ) ;
#968 = LINE ( 'NONE', #9753, #5233 ) ;
#969 = ORIENTED_EDGE ( 'NONE', *, *, #4998, .T. ) ;
#970 = ORIENTED_EDGE ( 'NONE', *, *, #1784, .F. ) ;
#971 = DIRECTION ( 'NONE',  ( 1.000000000000000000, 0.0000000000000000000, -0.0000000000000000000 ) ) ;
#972 = DIMENSIONAL_EXPONENTS ( 1.000000000000000000, 0.0000000000000000000, 0.0000000000000000000, 0.0000000000000000000, 0.0000000000000000000, 0.0000000000000000000, 0.0000000000000000000 ) ;
#973 = LINE ( 'NONE', #6312, #8590 ) ;
#974 = DIRECTION ( 'NONE',  ( 1.000000000000000000, -0.0000000000000000000, 0.0000000000000000000 ) ) ;
#975 = PLANE ( 'NONE',  #4033 ) ;
#976 = ORIENTED_EDGE ( 'NONE', *, *, #2222, .T. ) ;
#977 = DIRECTION ( 'NONE',  ( -2.529146936815852400E-016, 0.0000000000000000000, 1.000000000000000000 ) ) ;
#978 = EDGE_CURVE ( 'NONE', #10528, #3951, #9637, .T. ) ;
#979 = MECHANICAL_DESIGN_GEOMETRIC_PRESENTATION_REPRESENTATION (  '', ( #3310 ), #5597 ) ;
#980 = CARTESIAN_POINT ( 'NONE',  ( -0.08011811023622049400, -0.2497393201453811900, 0.03468503937007873200 ) ) ;
#981 = VECTOR ( 'NONE', #4646, 39.37007874015748100 ) ;
#982 = LINE ( 'NONE', #9399, #4451 ) ;
#983 = CARTESIAN_POINT ( 'NONE',  ( -0.3164370078740166800, -0.2438779527559034600, 0.2849685039370066800 ) ) ;
#984 = LINE ( 'NONE', #9990, #1349 ) ;
#985 = EDGE_CURVE ( 'NONE', #491, #2978, #6718, .T. ) ;
#986 = CARTESIAN_POINT ( 'NONE',  ( 0.2975000000000022600, 0.2454289321881376300, 0.8200000000000021700 ) ) ;
#987 = DIRECTION ( 'NONE',  ( 1.000000000000000000, 2.280130751809684600E-016, 0.0000000000000000000 ) ) ;
#988 = CONICAL_SURFACE ( 'NONE', #2564, 0.06400002813435827500, 0.1973955598498808300 ) ;
#989 = LINE ( 'NONE', #10964, #10445 ) ;
#990 = LINE ( 'NONE', #8141, #7655 ) ;
#991 = PLANE ( 'NONE',  #10278 ) ;
#992 = CARTESIAN_POINT ( 'NONE',  ( 0.2967928932188133600, 0.2674999999999999600, -9.881134459612445300E-016 ) ) ;
#993 = LINE ( 'NONE', #4386, #9644 ) ;
#994 = DIRECTION ( 'NONE',  ( 0.0000000000000000000, 1.000000000000000000, 0.0000000000000000000 ) ) ;
#995 = LINE ( 'NONE', #579, #576 ) ;
#996 = LINE ( 'NONE', #4626, #9639 ) ;
#997 = DIRECTION ( 'NONE',  ( 0.0000000000000000000, 0.0000000000000000000, -1.000000000000000000 ) ) ;
#998 = VECTOR ( 'NONE', #7996, 39.37007874015748100 ) ;
#999 = DIRECTION ( 'NONE',  ( 0.0000000000000000000, 0.0000000000000000000, 1.000000000000000000 ) ) ;
#1000 = VERTEX_POINT ( 'NONE', #5590 ) ;
#1001 = CARTESIAN_POINT ( 'NONE',  ( -0.2980923226389982100, -0.2515000000000000600, 0.7127832100872321100 ) ) ;
#1002 = ORIENTED_EDGE ( 'NONE', *, *, #1864, .F. ) ;
#1003 = ORIENTED_EDGE ( 'NONE', *, *, #7983, .F. ) ;
#1004 = CARTESIAN_POINT ( 'NONE',  ( 0.2975000000000022600, 0.2454289321881376900, 0.8200000000000021700 ) ) ;
#1005 = VECTOR ( 'NONE', #8273, 39.37007874015748100 ) ;
#1006 = PLANE ( 'NONE',  #5295 ) ;
#1007 = SURFACE_STYLE_USAGE ( .BOTH. , #9492 ) ;
#1008 = EDGE_CURVE ( 'NONE', #5800, #1532, #3653, .T. ) ;
#1009 = LINE ( 'NONE', #8168, #8073 ) ;
#1010 = CIRCLE ( 'NONE', #6151, 0.009842519685039378600 ) ;
#1011 = CARTESIAN_POINT ( 'NONE',  ( 0.1651574803149606600, -0.2525000000000000600, 0.6681574803149605800 ) ) ;
#1012 = EDGE_CURVE ( 'NONE', #4384, #2323, #2037, .T. ) ;
#1013 = CARTESIAN_POINT ( 'NONE',  ( -0.2975000000000052000, -6.656320013343941500E-017, 1.028802906174472200E-015 ) ) ;
#1014 = ORIENTED_EDGE ( 'NONE', *, *, #10532, .F. ) ;
#1015 = VERTEX_POINT ( 'NONE', #6378 ) ;
#1016 = VERTEX_POINT ( 'NONE', #8159 ) ;
#1017 = PRODUCT ( 'A00-108-262-450', 'A00-108-262-450', '', ( #11006 ) ) ;
#1018 = VERTEX_POINT ( 'NONE', #10672 ) ;
#1019 = VERTEX_POINT ( 'NONE', #3003 ) ;
#1020 = CARTESIAN_POINT ( 'NONE',  ( -0.2816278565449310500, -0.2525000000000054400, 0.8101574803149641500 ) ) ;
#1021 = VECTOR ( 'NONE', #9495, 39.37007874015748100 ) ;
#1022 = LINE ( 'NONE', #10421, #3933 ) ;
#1023 = DIRECTION ( 'NONE',  ( 1.000000000000000000, 0.0000000000000000000, -0.0000000000000000000 ) ) ;
#1024 = AXIS2_PLACEMENT_3D ( 'NONE', #3008, #3071, #3949 ) ;
#1025 = DIRECTION ( 'NONE',  ( 0.0000000000000000000, -1.000000000000000000, -0.0000000000000000000 ) ) ;
#1026 = ORIENTED_EDGE ( 'NONE', *, *, #9938, .T. ) ;
#1027 = EDGE_LOOP ( 'NONE', ( #3416, #3593, #4197, #4601 ) ) ;
#1028 = ORIENTED_EDGE ( 'NONE', *, *, #7089, .F. ) ;
#1029 = EDGE_CURVE ( 'NONE', #9338, #7627, #7380, .T. ) ;
#1030 = EDGE_CURVE ( 'NONE', #1809, #9375, #7659, .T. ) ;
#1031 = ADVANCED_FACE ( 'NONE', ( #3091 ), #8184, .T. ) ;
#1032 = ORIENTED_EDGE ( 'NONE', *, *, #875, .T. ) ;
#1033 = CARTESIAN_POINT ( 'NONE',  ( -0.1751181102362205100, -0.1855660917989245000, 0.03468503937007873200 ) ) ;
#1034 = ORIENTED_EDGE ( 'NONE', *, *, #1748, .F. ) ;
#1035 = PLANE ( 'NONE',  #331 ) ;
#1036 = ORIENTED_EDGE ( 'NONE', *, *, #5446, .T. ) ;
#1037 = CARTESIAN_POINT ( 'NONE',  ( 0.2717853368598917600, 0.2426574803149606500, 0.02484251968503935600 ) ) ;
#1038 = DIRECTION ( 'NONE',  ( -3.469446951953622900E-015, 0.0000000000000000000, -1.000000000000000000 ) ) ;
#1039 = ORIENTED_EDGE ( 'NONE', *, *, #4748, .T. ) ;
#1040 = VERTEX_POINT ( 'NONE', #9045 ) ;
#1041 = AXIS2_PLACEMENT_3D ( 'NONE', #5451, #342, #8890 ) ;
#1042 = CARTESIAN_POINT ( 'NONE',  ( 0.2816278565449311100, 0.2525000000000000600, 0.8101574803149606000 ) ) ;
#1043 = EDGE_LOOP ( 'NONE', ( #2730, #5675, #1034, #4763, #9297, #4879, #1479, #9680, #7774, #9156 ) ) ;
#1044 = ADVANCED_FACE ( 'NONE', ( #2165 ), #6441, .T. ) ;
#1045 = EDGE_CURVE ( 'NONE', #5042, #7422, #1645, .T. ) ;
#1046 = AXIS2_PLACEMENT_3D ( 'NONE', #1588, #8462, #4978 ) ;
#1047 = CARTESIAN_POINT ( 'NONE',  ( -0.3125000000000008900, -0.2514999999999986100, 0.2633149606299201600 ) ) ;
#1048 = ORIENTED_EDGE ( 'NONE', *, *, #9979, .F. ) ;
#1049 = CIRCLE ( 'NONE', #10306, 0.004999999999999946300 ) ;
#1050 = ORIENTED_EDGE ( 'NONE', *, *, #811, .T. ) ;
#1051 = CARTESIAN_POINT ( 'NONE',  ( 0.2519685039370078700, 0.06541338582677166900, 0.0000000000000000000 ) ) ;
#1052 = EDGE_CURVE ( 'NONE', #3351, #8850, #3387, .T. ) ;
#1053 = PLANE ( 'NONE',  #6223 ) ;
#1054 = CARTESIAN_POINT ( 'NONE',  ( 0.2966278565449310100, -0.1428615124517495800, 0.7529635790510820200 ) ) ;
#1055 = DIRECTION ( 'NONE',  ( -0.7071067811865471300, 0.0000000000000000000, 0.7071067811865480200 ) ) ;
#1056 = CARTESIAN_POINT ( 'NONE',  ( -0.2417957872900946000, 0.09284335684306162200, 0.7690197545653725300 ) ) ;
#1057 = CLOSED_SHELL ( 'NONE', ( #9221, #4706, #6381, #6885, #291, #1547 ) ) ;
#1058 = CARTESIAN_POINT ( 'NONE',  ( 0.2417957872900946000, -0.1861070463003418300, 0.7690197545653724200 ) ) ;
#1059 = CARTESIAN_POINT ( 'NONE',  ( 0.2094541919655777400, 0.06541338582677166900, 0.05093875028552515700 ) ) ;
#1060 = VERTEX_POINT ( 'NONE', #7266 ) ;
#1061 = ORIENTED_EDGE ( 'NONE', *, *, #7983, .T. ) ;
#1062 = DIRECTION ( 'NONE',  ( -0.0000000000000000000, -0.0000000000000000000, -1.000000000000000000 ) ) ;
#1063 = DIRECTION ( 'NONE',  ( -1.000000000000000000, 0.0000000000000000000, -3.453004075404071100E-015 ) ) ;
#1064 = CIRCLE ( 'NONE', #3134, 0.009842519685039369900 ) ;
#1065 = VECTOR ( 'NONE', #7070, 39.37007874015748100 ) ;
#1066 = VERTEX_POINT ( 'NONE', #7232 ) ;
#1067 = DIRECTION ( 'NONE',  ( 1.000000000000000000, -1.458800866809831900E-016, 3.623343611582382000E-015 ) ) ;
#1068 = DIRECTION ( 'NONE',  ( -0.0000000000000000000, 1.000000000000000000, -0.0000000000000000000 ) ) ;
#1069 = CARTESIAN_POINT ( 'NONE',  ( -0.05472440944881888600, 0.004804859663680982400, 0.8122440944881890200 ) ) ;
#1070 = AXIS2_PLACEMENT_3D ( 'NONE', #939, #10980, #1634 ) ;
#1071 = VERTEX_POINT ( 'NONE', #2177 ) ;
#1072 = DIRECTION ( 'NONE',  ( -3.441691376337984100E-015, 0.0000000000000000000, 1.000000000000000000 ) ) ;
#1073 = EDGE_CURVE ( 'NONE', #10536, #7779, #6855, .T. ) ;
#1074 = CARTESIAN_POINT ( 'NONE',  ( 0.3124999999999998900, 0.2517928932188134800, -1.145527857791288600E-015 ) ) ;
#1075 = PLANE ( 'NONE',  #6692 ) ;
#1076 = FACE_OUTER_BOUND ( 'NONE', #5012, .T. ) ;
#1077 = ORIENTED_EDGE ( 'NONE', *, *, #2090, .T. ) ;
#1078 = ADVANCED_FACE ( 'NONE', ( #7937 ), #4282, .F. ) ;
#1079 = DIRECTION ( 'NONE',  ( 0.0000000000000000000, -1.000000000000000000, 0.0000000000000000000 ) ) ;
#1080 = ORIENTED_EDGE ( 'NONE', *, *, #10759, .F. ) ;
#1081 = DIRECTION ( 'NONE',  ( 0.08715574274766170500, 0.0000000000000000000, 0.9961946980917451000 ) ) ;
#1082 = PRESENTATION_LAYER_ASSIGNMENT (  '', '', ( #10418 ) ) ;
#1083 = LINE ( 'NONE', #8803, #5354 ) ;
#1084 = VERTEX_POINT ( 'NONE', #8504 ) ;
#1085 = DIRECTION ( 'NONE',  ( -3.414809992080319300E-015, -0.0000000000000000000, -1.000000000000000000 ) ) ;
#1086 = EDGE_CURVE ( 'NONE', #6676, #938, #842, .T. ) ;
#1087 = DIRECTION ( 'NONE',  ( -1.000000000000000000, -0.0000000000000000000, -0.0000000000000000000 ) ) ;
#1088 = ORIENTED_EDGE ( 'NONE', *, *, #8106, .F. ) ;
#1089 = ADVANCED_FACE ( 'NONE', ( #4585 ), #3684, .T. ) ;
#1090 = LINE ( 'NONE', #6020, #1618 ) ;
#1091 = CARTESIAN_POINT ( 'NONE',  ( -0.2975000000000024800, 0.2454289321881375800, 0.8199999999999999500 ) ) ;
#1092 = VECTOR ( 'NONE', #43, 39.37007874015748100 ) ;
#1093 = ORIENTED_EDGE ( 'NONE', *, *, #1107, .F. ) ;
#1094 = CARTESIAN_POINT ( 'NONE',  ( 0.09980314960629924100, -0.2052511311690032900, 0.01499999999999999900 ) ) ;
#1095 = ORIENTED_EDGE ( 'NONE', *, *, #7007, .T. ) ;
#1096 = DIRECTION ( 'NONE',  ( -0.0000000000000000000, -0.0000000000000000000, -1.000000000000000000 ) ) ;
#1097 = LINE ( 'NONE', #841, #6835 ) ;
#1098 = CIRCLE ( 'NONE', #10177, 0.009842519685039369900 ) ;
#1099 = EDGE_CURVE ( 'NONE', #8488, #4889, #6198, .T. ) ;
#1100 = PLANE ( 'NONE',  #7312 ) ;
#1101 = VECTOR ( 'NONE', #2903, 39.37007874015748100 ) ;
#1102 = VECTOR ( 'NONE', #6403, 39.37007874015748100 ) ;
#1104 = PLANE ( 'NONE',  #7447 ) ;
#1103 = FACE_OUTER_BOUND ( 'NONE', #2355, .T. ) ;
#1105 = ORIENTED_EDGE ( 'NONE', *, *, #1733, .T. ) ;
#1106 = DIRECTION ( 'NONE',  ( 6.982962677686265900E-015, -1.000000000000000000, 3.412622176065438900E-015 ) ) ;
#1107 = EDGE_CURVE ( 'NONE', #8145, #10541, #5111, .T. ) ;
#1108 = VECTOR ( 'NONE', #7519, 39.37007874015748100 ) ;
#1109 = LINE ( 'NONE', #7598, #4460 ) ;
#1110 = LINE ( 'NONE', #3694, #2017 ) ;
#1111 = DIRECTION ( 'NONE',  ( 0.0000000000000000000, 0.0000000000000000000, -1.000000000000000000 ) ) ;
#1112 = LINE ( 'NONE', #5672, #5916 ) ;
#1113 = VECTOR ( 'NONE', #476, 39.37007874015748100 ) ;
#1114 = DIRECTION ( 'NONE',  ( 0.0000000000000000000, 0.0000000000000000000, -1.000000000000000000 ) ) ;
#1115 = AXIS2_PLACEMENT_3D ( 'NONE', #5412, #1940, #9607 ) ;
#1116 = DIRECTION ( 'NONE',  ( 0.0000000000000000000, 1.000000000000000000, 0.0000000000000000000 ) ) ;
#1117 = EDGE_LOOP ( 'NONE', ( #4819, #5040, #5548, #215 ) ) ;
#1118 = CARTESIAN_POINT ( 'NONE',  ( 0.08484251968503923900, -0.2525000000000000600, 0.6681574803149606900 ) ) ;
#1119 = VECTOR ( 'NONE', #1632, 39.37007874015748100 ) ;
#1120 = LINE ( 'NONE', #6241, #8865 ) ;
#1121 =( CONVERSION_BASED_UNIT ( 'INCH', #1641 ) LENGTH_UNIT ( ) NAMED_UNIT ( #972 ) );
#1122 = EDGE_CURVE ( 'NONE', #1664, #10065, #3770, .T. ) ;
#1123 = VECTOR ( 'NONE', #1096, 39.37007874015748100 ) ;
#1124 = LINE ( 'NONE', #5152, #8060 ) ;
#1125 = VECTOR ( 'NONE', #9948, 39.37007874015748100 ) ;
#1126 = CARTESIAN_POINT ( 'NONE',  ( 0.3066421356237331000, 0.0000000000000000000, 0.7042333971024948800 ) ) ;
#1127 = ADVANCED_FACE ( 'NONE', ( #7931 ), #4251, .T. ) ;
#1128 = FACE_OUTER_BOUND ( 'NONE', #7035, .T. ) ;
#1129 = VECTOR ( 'NONE', #7778, 39.37007874015748100 ) ;
#1130 = LINE ( 'NONE', #8548, #7829 ) ;
#1131 = EDGE_LOOP ( 'NONE', ( #3620, #7718, #7021, #8701 ) ) ;
#1132 = DIRECTION ( 'NONE',  ( -1.000000000000000000, -1.458800866809831900E-016, 0.0000000000000000000 ) ) ;
#1133 = ORIENTED_EDGE ( 'NONE', *, *, #10025, .F. ) ;
#1134 = ORIENTED_EDGE ( 'NONE', *, *, #5777, .T. ) ;
#1135 = VERTEX_POINT ( 'NONE', #6038 ) ;
#1136 = DIRECTION ( 'NONE',  ( -0.0000000000000000000, 1.000000000000000000, -0.0000000000000000000 ) ) ;
#1137 = EDGE_LOOP ( 'NONE', ( #9003, #8079, #10495, #157 ) ) ;
#1138 = CARTESIAN_POINT ( 'NONE',  ( -0.2054877260061890900, -0.3299476128335674900, 0.3584505847625018600 ) ) ;
#1139 = VECTOR ( 'NONE', #5776, 39.37007874015748100 ) ;
#1140 = CARTESIAN_POINT ( 'NONE',  ( -0.2500000000000000000, -0.1174558555784520800, 0.03468503937007873200 ) ) ;
#1141 = ADVANCED_FACE ( 'NONE', ( #10960 ), #8611, .F. ) ;
#1142 = DIRECTION ( 'NONE',  ( -5.204170427930380300E-015, 3.469446951953613800E-015, -1.000000000000000000 ) ) ;
#1143 = ORIENTED_EDGE ( 'NONE', *, *, #7110, .F. ) ;
#1144 = VERTEX_POINT ( 'NONE', #4206 ) ;
#1145 = EDGE_LOOP ( 'NONE', ( #324, #7409, #10565, #5958 ) ) ;
#1146 = AXIS2_PLACEMENT_3D ( 'NONE', #2407, #5819, #9200 ) ;
#1147 = EDGE_CURVE ( 'NONE', #602, #8212, #7516, .T. ) ;
#1148 = VERTEX_POINT ( 'NONE', #2510 ) ;
#1149 = VECTOR ( 'NONE', #8266, 39.37007874015748100 ) ;
#1150 = ORIENTED_EDGE ( 'NONE', *, *, #9354, .F. ) ;
#1151 = VECTOR ( 'NONE', #5055, 39.37007874015748100 ) ;
#1152 = DIRECTION ( 'NONE',  ( -0.0000000000000000000, 1.000000000000000000, 0.0000000000000000000 ) ) ;
#1153 = EDGE_CURVE ( 'NONE', #4864, #9040, #8739, .T. ) ;
#1154 = VERTEX_POINT ( 'NONE', #7629 ) ;
#1155 = CARTESIAN_POINT ( 'NONE',  ( -0.2975000000000027100, 0.1469172219995819000, 0.7214882898114439700 ) ) ;
#1156 = ORIENTED_EDGE ( 'NONE', *, *, #7620, .F. ) ;
#1157 = ORIENTED_EDGE ( 'NONE', *, *, #3877, .F. ) ;
#1158 = ORIENTED_EDGE ( 'NONE', *, *, #5253, .F. ) ;
#1159 = FILL_AREA_STYLE ('',( #378 ) ) ;
#1160 = CARTESIAN_POINT ( 'NONE',  ( -0.1348425196850394100, -0.5313388496530164800, 0.6681574803149606900 ) ) ;
#1161 = EDGE_CURVE ( 'NONE', #4870, #3351, #3896, .T. ) ;
#1162 = VERTEX_POINT ( 'NONE', #795 ) ;
#1163 = DIRECTION ( 'NONE',  ( 0.0000000000000000000, 0.0000000000000000000, -1.000000000000000000 ) ) ;
#1164 = LINE ( 'NONE', #4130, #7720 ) ;
#1165 = ORIENTED_EDGE ( 'NONE', *, *, #9053, .T. ) ;
#1166 = VERTEX_POINT ( 'NONE', #6075 ) ;
#1167 = DIRECTION ( 'NONE',  ( 1.000000000000000000, 0.0000000000000000000, -3.453004075404071100E-015 ) ) ;
#1168 = ORIENTED_EDGE ( 'NONE', *, *, #7615, .T. ) ;
#1169 = DIRECTION ( 'NONE',  ( 0.0000000000000000000, 0.0000000000000000000, 1.000000000000000000 ) ) ;
#1170 = EDGE_CURVE ( 'NONE', #7995, #9944, #7678, .T. ) ;
#1171 = CARTESIAN_POINT ( 'NONE',  ( 0.2445122359227294400, -0.3775000000000012800, 0.3830525540763712300 ) ) ;
#1172 = ORIENTED_EDGE ( 'NONE', *, *, #7506, .T. ) ;
#1173 = DIRECTION ( 'NONE',  ( -3.466400071163319000E-015, 0.0000000000000000000, -1.000000000000000000 ) ) ;
#1174 = FACE_OUTER_BOUND ( 'NONE', #2684, .T. ) ;
#1175 = ORIENTED_EDGE ( 'NONE', *, *, #4158, .T. ) ;
#1176 = CARTESIAN_POINT ( 'NONE',  ( 0.3125000000000022800, 0.1087205899187654700, 0.7879635790510846100 ) ) ;
#1177 = EDGE_CURVE ( 'NONE', #583, #5270, #10178, .T. ) ;
#1178 = AXIS2_PLACEMENT_3D ( 'NONE', #7642, #3506, #10282 ) ;
#1179 = CARTESIAN_POINT ( 'NONE',  ( 0.2519685039370078700, -0.01332677165354330000, 0.01499999999999999900 ) ) ;
#1180 = ADVANCED_FACE ( 'NONE', ( #6436 ), #4432, .F. ) ;
#1181 = CARTESIAN_POINT ( 'NONE',  ( -0.1651574803149606400, -0.3855000000000025600, 0.7681574803149606700 ) ) ;
#1182 = LINE ( 'NONE', #3088, #2099 ) ;
#1183 = EDGE_CURVE ( 'NONE', #8359, #6948, #5634, .T. ) ;
#1184 = CARTESIAN_POINT ( 'NONE',  ( 0.2975000000000026000, 0.1504527559055081100, 0.4417395183537080100 ) ) ;
#1185 = CARTESIAN_POINT ( 'NONE',  ( 0.1578740157480314800, 0.1522291837916265600, 0.0000000000000000000 ) ) ;
#1186 =( CONVERSION_BASED_UNIT ( 'INCH', #1918 ) LENGTH_UNIT ( ) NAMED_UNIT ( #4984 ) );
#1187 = ORIENTED_EDGE ( 'NONE', *, *, #6373, .T. ) ;
#1188 = AXIS2_PLACEMENT_3D ( 'NONE', #7357, #7401, #4000 ) ;
#1189 = ADVANCED_FACE ( 'NONE', ( #1635 ), #554, .T. ) ;
#1190 = VECTOR ( 'NONE', #5296, 39.37007874015748100 ) ;
#1191 = ORIENTED_EDGE ( 'NONE', *, *, #4069, .T. ) ;
#1192 = ADVANCED_FACE ( 'NONE', ( #9630 ), #9366, .T. ) ;
#1193 = ORIENTED_EDGE ( 'NONE', *, *, #5970, .T. ) ;
#1194 = DIRECTION ( 'NONE',  ( -1.000000000000000000, 0.0000000000000000000, 0.0000000000000000000 ) ) ;
#1195 = DIRECTION ( 'NONE',  ( 0.0000000000000000000, 0.4413750231038431300, -0.8973227340149595400 ) ) ;
#1196 = ORIENTED_EDGE ( 'NONE', *, *, #6790, .T. ) ;
#1197 = PLANE ( 'NONE',  #7990 ) ;
#1198 = VECTOR ( 'NONE', #9031, 39.37007874015748100 ) ;
#1199 = ORIENTED_EDGE ( 'NONE', *, *, #7241, .F. ) ;
#1200 = AXIS2_PLACEMENT_3D ( 'NONE', #5753, #5078, #4194 ) ;
#1201 = EDGE_CURVE ( 'NONE', #9023, #9960, #8054, .T. ) ;
#1202 = ORIENTED_EDGE ( 'NONE', *, *, #6953, .T. ) ;
#1203 = ORIENTED_EDGE ( 'NONE', *, *, #5077, .T. ) ;
#1204 = LINE ( 'NONE', #238, #5615 ) ;
#1205 = AXIS2_PLACEMENT_3D ( 'NONE', #6233, #4444, #9491 ) ;
#1206 = EDGE_LOOP ( 'NONE', ( #87, #8421, #9429, #3029 ) ) ;
#1207 = DIRECTION ( 'NONE',  ( -4.011848926865880900E-016, 1.000000000000000000, 0.0000000000000000000 ) ) ;
#1208 = VECTOR ( 'NONE', #2846, 39.37007874015748100 ) ;
#1209 = ORIENTED_EDGE ( 'NONE', *, *, #6825, .T. ) ;
#1210 = LINE ( 'NONE', #2443, #4012 ) ;
#1211 = DIRECTION ( 'NONE',  ( 0.0000000000000000000, 0.0000000000000000000, 1.000000000000000000 ) ) ;
#1212 = EDGE_LOOP ( 'NONE', ( #1484, #10203, #1261, #7550 ) ) ;
#1213 = DIRECTION ( 'NONE',  ( -0.0000000000000000000, 0.0000000000000000000, -1.000000000000000000 ) ) ;
#1214 =( LENGTH_UNIT ( ) NAMED_UNIT ( * ) SI_UNIT ( $, .METRE. ) );
#1215 = LINE ( 'NONE', #10126, #10009 ) ;
#1216 = CARTESIAN_POINT ( 'NONE',  ( 0.07283464566929136200, 0.3077060962964917600, 0.1513544460802586400 ) ) ;
#1217 = VECTOR ( 'NONE', #4655, 39.37007874015748100 ) ;
#1218 = EDGE_LOOP ( 'NONE', ( #5811, #7658, #673, #6296 ) ) ;
#1219 = EDGE_CURVE ( 'NONE', #5880, #5686, #5910, .T. ) ;
#1220 = ORIENTED_EDGE ( 'NONE', *, *, #8825, .F. ) ;
#1221 = DIRECTION ( 'NONE',  ( 0.0000000000000000000, 0.4413750231038433600, -0.8973227340149595400 ) ) ;
#1222 = LINE ( 'NONE', #9758, #2141 ) ;
#1223 = ORIENTED_EDGE ( 'NONE', *, *, #3708, .F. ) ;
#1224 = CARTESIAN_POINT ( 'NONE',  ( 0.2966278565449310700, -0.1378615124517495700, 0.7690197545653723000 ) ) ;
#1225 = DIRECTION ( 'NONE',  ( -0.0000000000000000000, -0.0000000000000000000, 1.000000000000000000 ) ) ;
#1226 = FACE_OUTER_BOUND ( 'NONE', #7051, .T. ) ;
#1227 = FACE_BOUND ( 'NONE', #7099, .T. ) ;
#1228 = CARTESIAN_POINT ( 'NONE',  ( -0.2967928932188134100, 0.2454289321881376600, 0.8349999999999998500 ) ) ;
#1229 = DIRECTION ( 'NONE',  ( 0.0000000000000000000, -0.4413750231038431300, 0.8973227340149595400 ) ) ;
#1230 = ADVANCED_FACE ( 'NONE', ( #7367 ), #10416, .T. ) ;
#1231 = VECTOR ( 'NONE', #7528, 39.37007874015748100 ) ;
#1232 = CARTESIAN_POINT ( 'NONE',  ( -0.2972642977396045500, 0.2603539816339745000, -1.173840934777613000E-017 ) ) ;
#1233 = VECTOR ( 'NONE', #2309, 39.37007874015748100 ) ;
#1234 = CARTESIAN_POINT ( 'NONE',  ( 0.2417957872900946800, -0.1428615124517495800, 0.7529635790510819100 ) ) ;
#1235 = EDGE_LOOP ( 'NONE', ( #1806, #5294, #1663, #8718 ) ) ;
#1236 = EDGE_CURVE ( 'NONE', #3624, #6811, #1354, .T. ) ;
#1237 = CARTESIAN_POINT ( 'NONE',  ( -0.2717853368598916500, -0.2675000000000027900, 0.8200000000000035000 ) ) ;
#1238 = AXIS2_PLACEMENT_3D ( 'NONE', #5024, #1167, #2800 ) ;
#1239 = VECTOR ( 'NONE', #1585, 39.37007874015748100 ) ;
#1240 = VECTOR ( 'NONE', #2498, 39.37007874015748100 ) ;
#1241 = DIRECTION ( 'NONE',  ( 6.829619984160731600E-015, 0.0000000000000000000, -1.000000000000000000 ) ) ;
#1242 = FACE_OUTER_BOUND ( 'NONE', #762, .T. ) ;
#1243 = ADVANCED_FACE ( 'NONE', ( #10683 ), #1810, .T. ) ;
#1244 = VECTOR ( 'NONE', #6558, 39.37007874015748100 ) ;
#1245 = EDGE_CURVE ( 'NONE', #9326, #8042, #2423, .T. ) ;
#1246 = UNCERTAINTY_MEASURE_WITH_UNIT (LENGTH_MEASURE( 1.000000000000000100E-005 ), #4144, 'distance_accuracy_value', 'NONE');
#1247 = VECTOR ( 'NONE', #8170, 39.37007874015748100 ) ;
#1248 = CARTESIAN_POINT ( 'NONE',  ( 0.01515748031496052600, -0.2525000000000000600, 0.7681574803149606700 ) ) ;
#1249 = FACE_BOUND ( 'NONE', #6015, .T. ) ;
#1250 = VECTOR ( 'NONE', #8717, 39.37007874015748100 ) ;
#1251 = PLANE ( 'NONE',  #5286 ) ;
#1252 = AXIS2_PLACEMENT_3D ( 'NONE', #4030, #8483, #1722 ) ;
#1253 = ORIENTED_EDGE ( 'NONE', *, *, #8815, .F. ) ;
#1254 = DIRECTION ( 'NONE',  ( 1.000000000000000000, 1.491666250894816100E-016, 3.466400071163393600E-015 ) ) ;
#1255 = ORIENTED_EDGE ( 'NONE', *, *, #3209, .F. ) ;
#1256 = ORIENTED_EDGE ( 'NONE', *, *, #4309, .T. ) ;
#1257 = VECTOR ( 'NONE', #7311, 39.37007874015748100 ) ;
#1258 = VECTOR ( 'NONE', #1524, 39.37007874015748100 ) ;
#1259 = DIRECTION ( 'NONE',  ( 1.000000000000000000, 0.0000000000000000000, -3.623343611582382800E-015 ) ) ;
#1260 = FACE_OUTER_BOUND ( 'NONE', #2021, .T. ) ;
#1261 = ORIENTED_EDGE ( 'NONE', *, *, #10734, .T. ) ;
#1262 = ORIENTED_EDGE ( 'NONE', *, *, #8536, .T. ) ;
#1263 = EDGE_LOOP ( 'NONE', ( #9401, #6875, #1850, #4214 ) ) ;
#1264 = CARTESIAN_POINT ( 'NONE',  ( 0.2816278565449308900, 0.0000000000000000000, 0.7163187439931625300 ) ) ;
#1265 = CARTESIAN_POINT ( 'NONE',  ( 0.2966278565449284000, 0.1454527559055146500, -0.005498733049304612000 ) ) ;
#1266 = ORIENTED_EDGE ( 'NONE', *, *, #8388, .T. ) ;
#1267 = AXIS2_PLACEMENT_3D ( 'NONE', #9153, #2242, #6477 ) ;
#1268 = ORIENTED_EDGE ( 'NONE', *, *, #10454, .T. ) ;
#1269 = LINE ( 'NONE', #4515, #3117 ) ;
#1270 = VERTEX_POINT ( 'NONE', #3572 ) ;
#1271 = VECTOR ( 'NONE', #9569, 39.37007874015748100 ) ;
#1272 = DIRECTION ( 'NONE',  ( 1.266221515311538300E-016, -1.000000000000000000, 0.0000000000000000000 ) ) ;
#1273 = VERTEX_POINT ( 'NONE', #8656 ) ;
#1274 = DIRECTION ( 'NONE',  ( -0.0000000000000000000, -3.498098040667654500E-015, -1.000000000000000000 ) ) ;
#1275 = AXIS2_PLACEMENT_3D ( 'NONE', #6276, #10722, #520 ) ;
#1276 = ORIENTED_EDGE ( 'NONE', *, *, #5170, .T. ) ;
#1277 = VERTEX_POINT ( 'NONE', #9477 ) ;
#1278 = ORIENTED_EDGE ( 'NONE', *, *, #1357, .F. ) ;
#1279 = CARTESIAN_POINT ( 'NONE',  ( -0.1397637795275590600, 0.1522291837916265600, 0.0000000000000000000 ) ) ;
#1280 = ORIENTED_EDGE ( 'NONE', *, *, #2072, .T. ) ;
#1281 = DIRECTION ( 'NONE',  ( -1.000000000000000000, 3.791200677927630300E-031, 0.0000000000000000000 ) ) ;
#1282 = ORIENTED_EDGE ( 'NONE', *, *, #9885, .F. ) ;
#1283 = MECHANICAL_DESIGN_GEOMETRIC_PRESENTATION_REPRESENTATION (  '', ( #5306 ), #8214 ) ;
#1284 = ADVANCED_FACE ( 'NONE', ( #8454 ), #2269, .T. ) ;
#1285 = VERTEX_POINT ( 'NONE', #9102 ) ;
#1286 = ORIENTED_EDGE ( 'NONE', *, *, #6248, .T. ) ;
#1287 = EDGE_CURVE ( 'NONE', #7338, #219, #5969, .T. ) ;
#1288 = DIRECTION ( 'NONE',  ( 0.0000000000000000000, 1.000000000000000000, -0.0000000000000000000 ) ) ;
#1289 = ORIENTED_EDGE ( 'NONE', *, *, #10503, .F. ) ;
#1290 = DIRECTION ( 'NONE',  ( 1.000000000000000000, 0.0000000000000000000, -3.491481338843133700E-015 ) ) ;
#1291 = ORIENTED_EDGE ( 'NONE', *, *, #10399, .T. ) ;
#1292 = DIRECTION ( 'NONE',  ( 0.7071067811865462400, 0.0000000000000000000, 0.7071067811865486800 ) ) ;
#1293 = FACE_OUTER_BOUND ( 'NONE', #3681, .T. ) ;
#1294 = ORIENTED_EDGE ( 'NONE', *, *, #3930, .T. ) ;
#1295 = CARTESIAN_POINT ( 'NONE',  ( -0.01515748031496071300, -0.5313388496530164800, 0.6878425196850395100 ) ) ;
#1296 = ADVANCED_FACE ( 'NONE', ( #5375 ), #9963, .F. ) ;
#1297 = CARTESIAN_POINT ( 'NONE',  ( 0.2519685039370078700, -0.01332677165354330000, 0.01499999999999999900 ) ) ;
#1298 = CARTESIAN_POINT ( 'NONE',  ( -0.1397637795275590600, 0.1522291837916265600, 0.4674415849128674100 ) ) ;
#1299 = EDGE_CURVE ( 'NONE', #6343, #583, #9763, .T. ) ;
#1300 = CARTESIAN_POINT ( 'NONE',  ( -0.2519685039370078700, -0.01332677165354330000, 0.01499999999999999900 ) ) ;
#1301 = DIRECTION ( 'NONE',  ( 0.0000000000000000000, 0.0000000000000000000, 1.000000000000000000 ) ) ;
#1302 = FACE_OUTER_BOUND ( 'NONE', #4744, .T. ) ;
#1303 = ORIENTED_EDGE ( 'NONE', *, *, #2420, .T. ) ;
#1304 = EDGE_CURVE ( 'NONE', #2116, #6693, #4703, .T. ) ;
#1305 = VERTEX_POINT ( 'NONE', #7443 ) ;
#1306 = DIRECTION ( 'NONE',  ( 0.0000000000000000000, 0.0000000000000000000, 1.000000000000000000 ) ) ;
#1307 = ORIENTED_EDGE ( 'NONE', *, *, #573, .T. ) ;
#1308 = PLANE ( 'NONE',  #6479 ) ;
#1309 = FACE_OUTER_BOUND ( 'NONE', #4521, .T. ) ;
#1310 = LINE ( 'NONE', #9144, #5859 ) ;
#1311 = EDGE_CURVE ( 'NONE', #8788, #6083, #694, .T. ) ;
#1312 = AXIS2_PLACEMENT_3D ( 'NONE', #10236, #7717, #3526 ) ;
#1313 = VERTEX_POINT ( 'NONE', #6573 ) ;
#1314 =( LENGTH_UNIT ( ) NAMED_UNIT ( * ) SI_UNIT ( $, .METRE. ) );
#1315 = CARTESIAN_POINT ( 'NONE',  ( -0.1945112714942015500, -0.01332677165354322400, 0.04963141414431022900 ) ) ;
#1316 = VERTEX_POINT ( 'NONE', #7560 ) ;
#1317 = EDGE_CURVE ( 'NONE', #1842, #4636, #5773, .T. ) ;
#1318 = DIRECTION ( 'NONE',  ( -0.0000000000000000000, 0.0000000000000000000, -1.000000000000000000 ) ) ;
#1319 = DIRECTION ( 'NONE',  ( 3.791200677927629800E-031, 1.000000000000000000, 3.469446951953614200E-015 ) ) ;
#1320 = LINE ( 'NONE', #4919, #4422 ) ;
#1321 = ORIENTED_EDGE ( 'NONE', *, *, #523, .F. ) ;
#1322 = CARTESIAN_POINT ( 'NONE',  ( -0.2696850393700787100, 0.1719142231617053800, 0.01499999999999999900 ) ) ;
#1323 = DIRECTION ( 'NONE',  ( 0.0000000000000000000, 0.0000000000000000000, -1.000000000000000000 ) ) ;
#1324 = AXIS2_PLACEMENT_3D ( 'NONE', #683, #6663, #8424 ) ;
#1325 = DIRECTION ( 'NONE',  ( 0.0000000000000000000, 0.4413750231038431300, -0.8973227340149595400 ) ) ;
#1326 = ORIENTED_EDGE ( 'NONE', *, *, #2209, .T. ) ;
#1327 = CARTESIAN_POINT ( 'NONE',  ( -0.08011811023622049400, -0.2497393201453811900, 0.03468503937007873200 ) ) ;
#1328 = ORIENTED_EDGE ( 'NONE', *, *, #1741, .F. ) ;
#1329 = FACE_OUTER_BOUND ( 'NONE', #1418, .T. ) ;
#1330 = ORIENTED_EDGE ( 'NONE', *, *, #2441, .T. ) ;
#1331 = CARTESIAN_POINT ( 'NONE',  ( 0.3125000000000023900, -0.1428615124517496300, 0.7740197545653727500 ) ) ;
#1332 = AXIS2_PLACEMENT_3D ( 'NONE', #2709, #7049, #9519 ) ;
#1333 = ADVANCED_FACE ( 'NONE', ( #10036 ), #8419, .T. ) ;
#1334 = DIRECTION ( 'NONE',  ( -1.000000000000000000, -1.458800866809831600E-016, 3.623343611582382800E-015 ) ) ;
#1335 = ORIENTED_EDGE ( 'NONE', *, *, #4712, .F. ) ;
#1336 = DIRECTION ( 'NONE',  ( 0.0000000000000000000, 1.000000000000000000, -6.842163256825776100E-015 ) ) ;
#1337 = VECTOR ( 'NONE', #2722, 39.37007874015748100 ) ;
#1338 = CARTESIAN_POINT ( 'NONE',  ( -0.2967928932188135200, 0.2675000000000000700, 0.01499999999999994700 ) ) ;
#1339 = ORIENTED_EDGE ( 'NONE', *, *, #779, .F. ) ;
#1340 = AXIS2_PLACEMENT_3D ( 'NONE', #3462, #6801, #2699 ) ;
#1341 = VECTOR ( 'NONE', #3072, 39.37007874015748100 ) ;
#1342 = EDGE_CURVE ( 'NONE', #5404, #6049, #3640, .T. ) ;
#1343 = EDGE_LOOP ( 'NONE', ( #2432, #7700, #10619, #2067 ) ) ;
#1344 = EDGE_CURVE ( 'NONE', #3146, #5029, #6707, .T. ) ;
#1345 = VECTOR ( 'NONE', #10137, 39.37007874015748100 ) ;
#1346 = CARTESIAN_POINT ( 'NONE',  ( -0.3125000000000000600, -0.2517580193329664300, 0.01499999999999994700 ) ) ;
#1347 = LINE ( 'NONE', #10602, #10437 ) ;
#1348 = VECTOR ( 'NONE', #10705, 39.37007874015748100 ) ;
#1349 = VECTOR ( 'NONE', #604, 39.37007874015748100 ) ;
#1350 = DIRECTION ( 'NONE',  ( -1.000000000000000000, 0.0000000000000000000, 0.0000000000000000000 ) ) ;
#1351 = ORIENTED_EDGE ( 'NONE', *, *, #4240, .T. ) ;
#1352 = AXIS2_PLACEMENT_3D ( 'NONE', #7250, #526, #2236 ) ;
#1353 = CARTESIAN_POINT ( 'NONE',  ( -0.1948031496062992700, -0.2052511311690032600, 0.0000000000000000000 ) ) ;
#1354 = LINE ( 'NONE', #6191, #3374 ) ;
#1355 = EDGE_CURVE ( 'NONE', #2384, #5965, #1906, .T. ) ;
#1356 = LINE ( 'NONE', #18, #10037 ) ;
#1357 = EDGE_CURVE ( 'NONE', #411, #10615, #831, .T. ) ;
#1358 = CARTESIAN_POINT ( 'NONE',  ( -0.1151574803149606800, -0.3855000000000022900, 0.6878425196850395100 ) ) ;
#1359 = CARTESIAN_POINT ( 'NONE',  ( -0.1848425196850394000, -0.3855000000000025600, 0.7681574803149612300 ) ) ;
#1360 = LINE ( 'NONE', #2948, #1910 ) ;
#1361 = DIRECTION ( 'NONE',  ( -1.000000000000000000, 0.0000000000000000000, 0.0000000000000000000 ) ) ;
#1362 = DIRECTION ( 'NONE',  ( -1.000000000000000000, 0.0000000000000000000, -3.557093741750340100E-015 ) ) ;
#1363 = ORIENTED_EDGE ( 'NONE', *, *, #9502, .T. ) ;
#1364 = EDGE_CURVE ( 'NONE', #8314, #5743, #4458, .T. ) ;
#1365 = CARTESIAN_POINT ( 'NONE',  ( -0.1594488188976377900, -0.01737224260835761400, 0.8122440944881890200 ) ) ;
#1366 = DIRECTION ( 'NONE',  ( 3.491481338843133700E-015, -1.000000000000000000, 3.431785758285150200E-014 ) ) ;
#1367 = VECTOR ( 'NONE', #10240, 39.37007874015748100 ) ;
#1368 = VECTOR ( 'NONE', #6541, 39.37007874015748100 ) ;
#1369 = VECTOR ( 'NONE', #2663, 39.37007874015748100 ) ;
#1370 = FILL_AREA_STYLE ('',( #2152 ) ) ;
#1371 = CIRCLE ( 'NONE', #2380, 0.004999999999999946300 ) ;
#1373 = FACE_OUTER_BOUND ( 'NONE', #6142, .T. ) ;
#1372 = DIRECTION ( 'NONE',  ( 0.0000000000000000000, -0.0000000000000000000, 1.000000000000000000 ) ) ;
#1374 = EDGE_CURVE ( 'NONE', #7712, #10117, #1738, .T. ) ;
#1375 = CARTESIAN_POINT ( 'NONE',  ( -0.2417957872900947400, 0.08784335684306161800, 0.7479635790510820200 ) ) ;
#1376 = PRODUCT_RELATED_PRODUCT_CATEGORY ( 'part', '', ( #1017 ) ) ;
#1377 = LINE ( 'NONE', #7543, #1794 ) ;
#1378 = VECTOR ( 'NONE', #6757, 39.37007874015748100 ) ;
#1379 = PLANE ( 'NONE',  #4066 ) ;
#1380 = EDGE_CURVE ( 'NONE', #4009, #133, #3236, .T. ) ;
#1381 = VECTOR ( 'NONE', #145, 39.37007874015748100 ) ;
#1382 = CARTESIAN_POINT ( 'NONE',  ( 0.2417957872900946800, 0.09284335684306158100, 0.7529635790510819100 ) ) ;
#1383 = ORIENTED_EDGE ( 'NONE', *, *, #2261, .T. ) ;
#1384 = VERTEX_POINT ( 'NONE', #5977 ) ;
#1385 = ORIENTED_EDGE ( 'NONE', *, *, #3849, .T. ) ;
#1386 = ADVANCED_FACE ( 'NONE', ( #2965 ), #7242, .T. ) ;
#1387 = CARTESIAN_POINT ( 'NONE',  ( -0.2054877305724979200, -0.3334805806756992500, 0.4981404372967629400 ) ) ;
#1388 = ORIENTED_EDGE ( 'NONE', *, *, #1183, .F. ) ;
#1389 = VECTOR ( 'NONE', #2705, 39.37007874015748100 ) ;
#1390 = DIRECTION ( 'NONE',  ( 0.0000000000000000000, 0.0000000000000000000, -1.000000000000000000 ) ) ;
#1391 = AXIS2_PLACEMENT_3D ( 'NONE', #7998, #5483, #1982 ) ;
#1392 = CARTESIAN_POINT ( 'NONE',  ( 0.3125000000000009400, -0.3856102362204703600, 0.2829999999999989200 ) ) ;
#1393 = CARTESIAN_POINT ( 'NONE',  ( -0.2975000000000023200, -0.1219842793760456800, 0.7879635790510823900 ) ) ;
#1394 = EDGE_LOOP ( 'NONE', ( #9679, #10294, #2845, #7590 ) ) ;
#1395 = ORIENTED_EDGE ( 'NONE', *, *, #4271, .T. ) ;
#1396 = ORIENTED_EDGE ( 'NONE', *, *, #9657, .F. ) ;
#1397 = DIRECTION ( 'NONE',  ( 0.0000000000000000000, 0.0000000000000000000, 1.000000000000000000 ) ) ;
#1398 = PLANE ( 'NONE',  #2537 ) ;
#1399 = ORIENTED_EDGE ( 'NONE', *, *, #6134, .F. ) ;
#1400 = DIRECTION ( 'NONE',  ( -3.453004075404071500E-015, 0.0000000000000000000, -1.000000000000000000 ) ) ;
#1401 = ADVANCED_FACE ( 'NONE', ( #7803 ), #988, .T. ) ;
#1402 = FACE_OUTER_BOUND ( 'NONE', #3126, .T. ) ;
#1403 = ORIENTED_EDGE ( 'NONE', *, *, #7771, .T. ) ;
#1404 = CARTESIAN_POINT ( 'NONE',  ( -0.01220472440944881700, 0.0000000000000000000, 0.8122440944881890200 ) ) ;
#1405 = ORIENTED_EDGE ( 'NONE', *, *, #7591, .F. ) ;
#1406 = EDGE_LOOP ( 'NONE', ( #1450, #3927, #10753, #2574 ) ) ;
#1407 = ORIENTED_EDGE ( 'NONE', *, *, #1827, .F. ) ;
#1408 = AXIS2_PLACEMENT_3D ( 'NONE', #2071, #1213, #9706 ) ;
#1409 = EDGE_CURVE ( 'NONE', #6872, #9960, #4971, .T. ) ;
#1410 = VERTEX_POINT ( 'NONE', #3435 ) ;
#1411 =( CONVERSION_BASED_UNIT ( 'INCH', #9779 ) LENGTH_UNIT ( ) NAMED_UNIT ( #5950 ) );
#1412 = CARTESIAN_POINT ( 'NONE',  ( 0.1799811510861111200, -0.01332677165354327400, 0.2157114503741968100 ) ) ;
#1413 = VECTOR ( 'NONE', #6503, 39.37007874015748100 ) ;
#1414 = DIRECTION ( 'NONE',  ( -1.000000000000000000, -0.0000000000000000000, -0.0000000000000000000 ) ) ;
#1415 = ORIENTED_EDGE ( 'NONE', *, *, #5385, .T. ) ;
#1416 = FACE_OUTER_BOUND ( 'NONE', #6605, .T. ) ;
#1417 = ORIENTED_EDGE ( 'NONE', *, *, #1583, .T. ) ;
#1418 = EDGE_LOOP ( 'NONE', ( #2216, #7763, #7303, #10470 ) ) ;
#1419 = ORIENTED_EDGE ( 'NONE', *, *, #944, .F. ) ;
#1420 = AXIS2_PLACEMENT_3D ( 'NONE', #9453, #3539, #3613 ) ;
#1421 = CARTESIAN_POINT ( 'NONE',  ( -0.3164370078740166800, -0.2438779527559034600, 0.2810314960629910500 ) ) ;
#1422 = CARTESIAN_POINT ( 'NONE',  ( 0.2054877305712164400, -0.3312207452180528900, 0.4981012346961267700 ) ) ;
#1423 = EDGE_CURVE ( 'NONE', #6693, #7271, #435, .T. ) ;
#1424 = ORIENTED_EDGE ( 'NONE', *, *, #1507, .T. ) ;
#1425 = VECTOR ( 'NONE', #7184, 39.37007874015748100 ) ;
#1426 = EDGE_LOOP ( 'NONE', ( #6474, #9955, #10844, #7087 ) ) ;
#1427 = ADVANCED_FACE ( 'NONE', ( #5255 ), #6011, .T. ) ;
#1428 = CARTESIAN_POINT ( 'NONE',  ( 0.2977445680324991000, 0.1454527559055146500, 0.4341697174925329700 ) ) ;
#1429 = DIRECTION ( 'NONE',  ( -1.000000000000000000, 2.385472965096936000E-016, 3.441691376337984900E-015 ) ) ;
#1430 = CARTESIAN_POINT ( 'NONE',  ( 0.1381889763779527700, 0.0000000000000000000, 0.8122440944881890200 ) ) ;
#1431 = CARTESIAN_POINT ( 'NONE',  ( 0.3136167114875705300, 0.1454527559055146500, 0.4396684505418362900 ) ) ;
#1432 = AXIS2_PLACEMENT_3D ( 'NONE', #7805, #931, #120 ) ;
#1433 = LINE ( 'NONE', #3777, #7885 ) ;
#1434 = FACE_OUTER_BOUND ( 'NONE', #2080, .T. ) ;
#1435 =( CONVERSION_BASED_UNIT ( 'INCH', #5902 ) LENGTH_UNIT ( ) NAMED_UNIT ( #2638 ) );
#1436 = PLANE ( 'NONE',  #5639 ) ;
#1437 = EDGE_CURVE ( 'NONE', #5307, #7895, #6310, .T. ) ;
#1438 = PLANE ( 'NONE',  #8981 ) ;
#1439 = DIRECTION ( 'NONE',  ( -6.829619984160731600E-015, 0.0000000000000000000, 1.000000000000000000 ) ) ;
#1440 = ADVANCED_FACE ( 'NONE', ( #10027 ), #10257, .F. ) ;
#1441 = AXIS2_PLACEMENT_3D ( 'NONE', #8120, #8264, #4720 ) ;
#1442 = ORIENTED_EDGE ( 'NONE', *, *, #793, .F. ) ;
#1443 = DIRECTION ( 'NONE',  ( -0.0000000000000000000, 0.0000000000000000000, -1.000000000000000000 ) ) ;
#1444 = DIRECTION ( 'NONE',  ( -0.7071067811865462400, 0.0000000000000000000, 0.7071067811865486800 ) ) ;
#1445 = VECTOR ( 'NONE', #6939, 39.37007874015748100 ) ;
#1446 = ORIENTED_EDGE ( 'NONE', *, *, #5216, .T. ) ;
#1447 = EDGE_CURVE ( 'NONE', #5987, #8840, #2276, .T. ) ;
#1448 = ORIENTED_EDGE ( 'NONE', *, *, #8072, .F. ) ;
#1449 = PLANE ( 'NONE',  #447 ) ;
#1450 = ORIENTED_EDGE ( 'NONE', *, *, #5601, .F. ) ;
#1451 = ADVANCED_FACE ( 'NONE', ( #3634 ), #10209, .F. ) ;
#1452 = AXIS2_PLACEMENT_3D ( 'NONE', #10272, #10344, #4279 ) ;
#1453 = DIRECTION ( 'NONE',  ( 1.000000000000000000, -0.0000000000000000000, -0.0000000000000000000 ) ) ;
#1454 = CARTESIAN_POINT ( 'NONE',  ( 0.2967928932188134100, 0.2675000000000029000, 0.8199999999999998400 ) ) ;
#1455 = VECTOR ( 'NONE', #2532, 39.37007874015748100 ) ;
#1456 = VERTEX_POINT ( 'NONE', #2601 ) ;
#1457 = CARTESIAN_POINT ( 'NONE',  ( 0.2249999999999999800, -0.3625000000000013800, 0.4279999999999999400 ) ) ;
#1458 = CARTESIAN_POINT ( 'NONE',  ( -0.2975000000000001000, 0.2524999999999999500, -4.268512490100411300E-018 ) ) ;
#1459 = ORIENTED_EDGE ( 'NONE', *, *, #10648, .T. ) ;
#1460 = ORIENTED_EDGE ( 'NONE', *, *, #754, .F. ) ;
#1461 = DIRECTION ( 'NONE',  ( 0.0000000000000000000, -3.469446951953611400E-015, 1.000000000000000000 ) ) ;
#1462 = FACE_OUTER_BOUND ( 'NONE', #4242, .T. ) ;
#1463 = DIRECTION ( 'NONE',  ( -1.000000000000000000, -3.594536833768767100E-016, 0.0000000000000000000 ) ) ;
#1464 = EDGE_LOOP ( 'NONE', ( #9592, #6830, #10417, #1150 ) ) ;
#1465 = EDGE_LOOP ( 'NONE', ( #3486, #1419 ) ) ;
#1466 = CARTESIAN_POINT ( 'NONE',  ( 0.2967928932188132500, 0.2675000000000032400, 0.3396922742592156100 ) ) ;
#1467 = CARTESIAN_POINT ( 'NONE',  ( 0.2054877304511534600, -0.3276457196948455200, 0.4944283385391100000 ) ) ;
#1468 = FACE_BOUND ( 'NONE', #957, .T. ) ;
#1469 = AXIS2_PLACEMENT_3D ( 'NONE', #2928, #10504, #9633 ) ;
#1470 = ORIENTED_EDGE ( 'NONE', *, *, #6526, .F. ) ;
#1471 = DIRECTION ( 'NONE',  ( -1.000000000000000000, 0.0000000000000000000, 0.0000000000000000000 ) ) ;
#1472 = CARTESIAN_POINT ( 'NONE',  ( -0.3125000000000023900, 0.2525000000000012800, 0.3396922742592156700 ) ) ;
#1473 = CARTESIAN_POINT ( 'NONE',  ( -0.2717853368598916500, 0.2525000000000000600, 1.576493224244851900 ) ) ;
#1474 = VECTOR ( 'NONE', #2434, 39.37007874015748100 ) ;
#1475 = DIRECTION ( 'NONE',  ( -1.000000000000000000, 0.0000000000000000000, 0.0000000000000000000 ) ) ;
#1476 = DIRECTION ( 'NONE',  ( 1.491666250894578900E-016, -1.000000000000000000, 6.842163256825777700E-015 ) ) ;
#1477 = DIRECTION ( 'NONE',  ( -1.000000000000000000, 3.594536833768767100E-016, 0.0000000000000000000 ) ) ;
#1478 = LINE ( 'NONE', #8982, #1217 ) ;
#1479 = ORIENTED_EDGE ( 'NONE', *, *, #9850, .T. ) ;
#1480 = ORIENTED_EDGE ( 'NONE', *, *, #1201, .F. ) ;
#1481 = CARTESIAN_POINT ( 'NONE',  ( -0.2975000000000001000, -0.2514999999999993900, 0.01499999999999999900 ) ) ;
#1482 = LINE ( 'NONE', #8826, #9228 ) ;
#1483 = ADVANCED_FACE ( 'NONE', ( #9232 ), #1673, .F. ) ;
#1484 = ORIENTED_EDGE ( 'NONE', *, *, #1955, .T. ) ;
#1485 = DIRECTION ( 'NONE',  ( 1.000000000000000000, -1.458800866809831900E-016, 0.0000000000000000000 ) ) ;
#1486 = LINE ( 'NONE', #2791, #8593 ) ;
#1487 = VECTOR ( 'NONE', #6146, 39.37007874015748900 ) ;
#1488 = PRESENTATION_LAYER_ASSIGNMENT (  '', '', ( #8942 ) ) ;
#1489 = LINE ( 'NONE', #4371, #686 ) ;
#1490 = EDGE_CURVE ( 'NONE', #6039, #10580, #9496, .T. ) ;
#1491 = DIRECTION ( 'NONE',  ( -2.385472965097058200E-016, 1.000000000000000000, 3.571460140260037600E-015 ) ) ;
#1492 = SURFACE_STYLE_FILL_AREA ( #5448 ) ;
#1493 = AXIS2_PLACEMENT_3D ( 'NONE', #9476, #4794, #10221 ) ;
#1494 = CARTESIAN_POINT ( 'NONE',  ( -0.2975000000000024800, -0.2675000000000001800, 0.6900912614787635400 ) ) ;
#1495 = CARTESIAN_POINT ( 'NONE',  ( 0.2967928932188134100, 0.2525000000000028300, 0.8199999999999999500 ) ) ;
#1496 = CLOSED_SHELL ( 'NONE', ( #4852, #2774, #2026, #10103, #7881, #638 ) ) ;
#1497 = ADVANCED_FACE ( 'NONE', ( #8045 ), #6746, .T. ) ;
#1498 = CARTESIAN_POINT ( 'NONE',  ( -0.3066421356237333300, 0.1454527559055146500, 0.7042333971024971100 ) ) ;
#1499 = VECTOR ( 'NONE', #5173, 39.37007874015748100 ) ;
#1500 = VECTOR ( 'NONE', #867, 39.37007874015748100 ) ;
#1501 = VECTOR ( 'NONE', #3915, 39.37007874015748100 ) ;
#1502 =( NAMED_UNIT ( * ) SI_UNIT ( $, .STERADIAN. ) SOLID_ANGLE_UNIT ( ) );
#1503 = FACE_OUTER_BOUND ( 'NONE', #10481, .T. ) ;
#1504 = VECTOR ( 'NONE', #467, 39.37007874015748100 ) ;
#1505 = CARTESIAN_POINT ( 'NONE',  ( -0.2975000000000022600, 0.2675000000000011800, 0.3396922742592156700 ) ) ;
#1506 = DIRECTION ( 'NONE',  ( 3.791200677927630300E-031, 1.000000000000000000, 3.469446951953613800E-015 ) ) ;
#1507 = EDGE_CURVE ( 'NONE', #10792, #8234, #4962, .T. ) ;
#1508 = CARTESIAN_POINT ( 'NONE',  ( 0.3124999999999998900, -0.2514999999999994500, -3.954739325341034700E-016 ) ) ;
#1509 = CARTESIAN_POINT ( 'NONE',  ( -0.2717853368598916500, 0.2426574803149606500, 0.8101574803149606000 ) ) ;
#1510 = LINE ( 'NONE', #8311, #9520 ) ;
#1511 = FACE_OUTER_BOUND ( 'NONE', #9842, .T. ) ;
#1512 = PLANE ( 'NONE',  #6114 ) ;
#1513 = ADVANCED_FACE ( 'NONE', ( #8728 ), #9421, .F. ) ;
#1514 = CARTESIAN_POINT ( 'NONE',  ( 0.3164370078740186800, -0.2514999999999986100, 0.2633149606299223200 ) ) ;
#1515 = CARTESIAN_POINT ( 'NONE',  ( 0.3125000000000023900, 0.09284335684306160900, 0.7690197545653728600 ) ) ;
#1516 = VECTOR ( 'NONE', #1087, 39.37007874015748100 ) ;
#1517 = ORIENTED_EDGE ( 'NONE', *, *, #5401, .T. ) ;
#1518 = ORIENTED_EDGE ( 'NONE', *, *, #3317, .T. ) ;
#1519 = ORIENTED_EDGE ( 'NONE', *, *, #4248, .F. ) ;
#1520 = EDGE_CURVE ( 'NONE', #5752, #10818, #1897, .T. ) ;
#1521 = PLANE ( 'NONE',  #2573 ) ;
#1522 = FILL_AREA_STYLE_COLOUR ( '', #2689 ) ;
#1523 = CARTESIAN_POINT ( 'NONE',  ( 0.2975000000000022600, -0.2019842793760456800, 0.7879635790510847200 ) ) ;
#1524 = DIRECTION ( 'NONE',  ( 1.000000000000000000, -6.982962677686267500E-015, 7.109629533472137400E-017 ) ) ;
#1525 = VECTOR ( 'NONE', #3110, 39.37007874015748100 ) ;
#1526 = CARTESIAN_POINT ( 'NONE',  ( -0.1751181102362205100, -0.1855660917989245000, 0.03468503937007873200 ) ) ;
#1527 = CARTESIAN_POINT ( 'NONE',  ( 0.2966278565449310100, -0.1428615124517495800, 0.7479635790510821300 ) ) ;
#1528 = LINE ( 'NONE', #6285, #5279 ) ;
#1529 = EDGE_CURVE ( 'NONE', #2069, #3410, #8304, .T. ) ;
#1530 = DIRECTION ( 'NONE',  ( -0.0000000000000000000, 1.000000000000000000, 0.0000000000000000000 ) ) ;
#1531 =( GEOMETRIC_REPRESENTATION_CONTEXT ( 3 ) GLOBAL_UNCERTAINTY_ASSIGNED_CONTEXT ( ( #5016 ) ) GLOBAL_UNIT_ASSIGNED_CONTEXT ( ( #8521, #7767, #3391 ) ) REPRESENTATION_CONTEXT ( 'NONE', 'WORKASPACE' ) );
#1532 = VERTEX_POINT ( 'NONE', #4409 ) ;
#1533 = ORIENTED_EDGE ( 'NONE', *, *, #3050, .T. ) ;
#1534 = EDGE_LOOP ( 'NONE', ( #970, #2319, #5297, #7602 ) ) ;
#1535 = EDGE_LOOP ( 'NONE', ( #4480, #9562, #1157, #3276 ) ) ;
#1536 = ORIENTED_EDGE ( 'NONE', *, *, #5989, .F. ) ;
#1537 = DIRECTION ( 'NONE',  ( 1.000000000000000000, -1.458800866809831900E-016, 3.623343611582382000E-015 ) ) ;
#1539 = EDGE_CURVE ( 'NONE', #10412, #809, #4692, .T. ) ;
#1538 = VERTEX_POINT ( 'NONE', #8704 ) ;
#1540 = VECTOR ( 'NONE', #5997, 39.37007874015748100 ) ;
#1541 = CARTESIAN_POINT ( 'NONE',  ( -0.9786058776227792900, -0.1771838596522949400, 0.6900912614787635400 ) ) ;
#1542 = CARTESIAN_POINT ( 'NONE',  ( -0.2054877260864639300, -0.3481569792024361600, 0.3609063064222380900 ) ) ;
#1543 = ORIENTED_EDGE ( 'NONE', *, *, #8407, .F. ) ;
#1544 = FILL_AREA_STYLE ('',( #6655 ) ) ;
#1545 = ORIENTED_EDGE ( 'NONE', *, *, #2735, .T. ) ;
#1546 = ORIENTED_EDGE ( 'NONE', *, *, #8186, .T. ) ;
#1547 = ADVANCED_FACE ( 'NONE', ( #4573 ), #6985, .F. ) ;
#1548 = ORIENTED_EDGE ( 'NONE', *, *, #5543, .F. ) ;
#1549 =( NAMED_UNIT ( * ) SI_UNIT ( $, .STERADIAN. ) SOLID_ANGLE_UNIT ( ) );
#1550 =( NAMED_UNIT ( * ) SI_UNIT ( $, .STERADIAN. ) SOLID_ANGLE_UNIT ( ) );
#1551 = ORIENTED_EDGE ( 'NONE', *, *, #9030, .T. ) ;
#1552 = LINE ( 'NONE', #5679, #612 ) ;
#1553 = CARTESIAN_POINT ( 'NONE',  ( 0.3125000000000022800, 0.2525000000000033300, 0.3396922742592156700 ) ) ;
#1554 = ORIENTED_EDGE ( 'NONE', *, *, #2835, .T. ) ;
#1555 =( LENGTH_UNIT ( ) NAMED_UNIT ( * ) SI_UNIT ( $, .METRE. ) );
#1556 = VECTOR ( 'NONE', #7006, 39.37007874015748100 ) ;
#1557 = ORIENTED_EDGE ( 'NONE', *, *, #3913, .F. ) ;
#1558 = ORIENTED_EDGE ( 'NONE', *, *, #9959, .F. ) ;
#1559 = DIRECTION ( 'NONE',  ( -0.0000000000000000000, 0.8973227340149595400, 0.4413750231038433600 ) ) ;
#1560 = DIRECTION ( 'NONE',  ( -0.0000000000000000000, -1.000000000000000000, -0.0000000000000000000 ) ) ;
#1561 = ORIENTED_EDGE ( 'NONE', *, *, #6910, .T. ) ;
#1562 = PLANE ( 'NONE',  #7160 ) ;
#1563 = CARTESIAN_POINT ( 'NONE',  ( -0.1151574803149606800, -0.5313388496530164800, 0.6878425196850395100 ) ) ;
#1564 = DIRECTION ( 'NONE',  ( 3.414809992080319300E-015, 0.0000000000000000000, -1.000000000000000000 ) ) ;
#1565 = ADVANCED_FACE ( 'NONE', ( #2706 ), #1006, .F. ) ;
#1566 = CARTESIAN_POINT ( 'NONE',  ( 0.2054877260290877100, -0.3290929042978361600, 0.3591510868747336800 ) ) ;
#1567 = PLANE ( 'NONE',  #10501 ) ;
#1568 = STYLED_ITEM ( 'NONE', ( #3962 ), #8615 ) ;
#1569 = CIRCLE ( 'NONE', #3220, 0.004999999999999946300 ) ;
#1570 = ORIENTED_EDGE ( 'NONE', *, *, #7438, .T. ) ;
#1571 = EDGE_CURVE ( 'NONE', #1410, #389, #178, .T. ) ;
#1572 = PLANE ( 'NONE',  #4909 ) ;
#1573 = CARTESIAN_POINT ( 'NONE',  ( -0.2967928932188135200, 0.2525000000000000600, 0.01499999999999999900 ) ) ;
#1574 = EDGE_CURVE ( 'NONE', #2484, #3804, #3511, .T. ) ;
#1575 = LINE ( 'NONE', #2504, #260 ) ;
#1576 = VERTEX_POINT ( 'NONE', #8669 ) ;
#1578 = AXIS2_PLACEMENT_3D ( 'NONE', #7624, #8496, #11040 ) ;
#1577 = DIRECTION ( 'NONE',  ( 1.000000000000000000, -1.458800866809831900E-016, 3.623343611582382000E-015 ) ) ;
#1579 = CARTESIAN_POINT ( 'NONE',  ( 0.01062992125984253000, 0.004804859663680982400, 0.8122440944881890200 ) ) ;
#1580 = ORIENTED_EDGE ( 'NONE', *, *, #9638, .F. ) ;
#1581 =( NAMED_UNIT ( * ) SI_UNIT ( $, .STERADIAN. ) SOLID_ANGLE_UNIT ( ) );
#1582 = EDGE_CURVE ( 'NONE', #7170, #9338, #1486, .T. ) ;
#1583 = EDGE_CURVE ( 'NONE', #8081, #8638, #8856, .T. ) ;
#1584 = ORIENTED_EDGE ( 'NONE', *, *, #10399, .F. ) ;
#1585 = DIRECTION ( 'NONE',  ( -1.000000000000000000, 3.791200677927630300E-031, 0.0000000000000000000 ) ) ;
#1586 = CARTESIAN_POINT ( 'NONE',  ( 0.3125000000000023900, 0.08784335684306159000, 0.7740197545653727500 ) ) ;
#1587 = VECTOR ( 'NONE', #266, 39.37007874015748100 ) ;
#1588 = CARTESIAN_POINT ( 'NONE',  ( 0.2486744556699771700, -0.01332677165354326600, 0.05437007874015750700 ) ) ;
#1589 = EDGE_LOOP ( 'NONE', ( #5724, #605, #8368, #9875 ) ) ;
#1590 = DIRECTION ( 'NONE',  ( -1.000000000000000000, 2.280130751809684600E-016, 0.0000000000000000000 ) ) ;
#1591 = CARTESIAN_POINT ( 'NONE',  ( -0.1751181102362205100, -0.1855660917989245000, 0.8122440944881890200 ) ) ;
#1592 = DIRECTION ( 'NONE',  ( 3.506465672938382600E-015, -0.0000000000000000000, -1.000000000000000000 ) ) ;
#1593 = CARTESIAN_POINT ( 'NONE',  ( -0.3125000000000023900, 0.04959782299446936800, 0.7690197545653728600 ) ) ;
#1594 = ORIENTED_EDGE ( 'NONE', *, *, #10293, .F. ) ;
#1595 = CARTESIAN_POINT ( 'NONE',  ( 0.2250393700787401100, -0.09249522565719221800, 0.05964566929133856300 ) ) ;
#1596 = CARTESIAN_POINT ( 'NONE',  ( -0.1945112714942015500, 0.06541338582677164200, 0.04963141414431022900 ) ) ;
#1597 = VECTOR ( 'NONE', #3018, 39.37007874015748100 ) ;
#1598 = ORIENTED_EDGE ( 'NONE', *, *, #8316, .F. ) ;
#1599 = DIRECTION ( 'NONE',  ( 1.000000000000000000, -0.0000000000000000000, -0.0000000000000000000 ) ) ;
#1600 = EDGE_CURVE ( 'NONE', #7908, #3967, #10674, .T. ) ;
#1601 = CARTESIAN_POINT ( 'NONE',  ( 0.1945112714942015500, 0.0000000000000000000, 0.04963141414431022900 ) ) ;
#1602 = AXIS2_PLACEMENT_3D ( 'NONE', #682, #2431, #10893 ) ;
#1603 = CARTESIAN_POINT ( 'NONE',  ( 0.2054877260897649800, -0.3278312692519191300, 0.3610072901221805200 ) ) ;
#1604 = CARTESIAN_POINT ( 'NONE',  ( -0.2717853368598916500, 0.2525000000000000600, 0.02484251968503935600 ) ) ;
#1605 = ADVANCED_FACE ( 'NONE', ( #10810 ), #2759, .T. ) ;
#1606 = ORIENTED_EDGE ( 'NONE', *, *, #7889, .T. ) ;
#1607 = PLANE ( 'NONE',  #3750 ) ;
#1608 = EDGE_CURVE ( 'NONE', #4716, #10843, #684, .T. ) ;
#1609 = CARTESIAN_POINT ( 'NONE',  ( -0.2054877282796835100, -0.3275000000000013500, 0.4279999985457437200 ) ) ;
#1610 = ORIENTED_EDGE ( 'NONE', *, *, #1600, .T. ) ;
#1611 = LINE ( 'NONE', #5127, #4430 ) ;
#1612 = ORIENTED_EDGE ( 'NONE', *, *, #3993, .F. ) ;
#1613 = CARTESIAN_POINT ( 'NONE',  ( -0.1948031496062992700, -0.2052511311690032600, 0.01499999999999999900 ) ) ;
#1614 = DIRECTION ( 'NONE',  ( -0.5773502691896261800, -0.5773502691896259500, -0.5773502691896249500 ) ) ;
#1615 = AXIS2_PLACEMENT_3D ( 'NONE', #5653, #10703, #5511 ) ;
#1616 = CARTESIAN_POINT ( 'NONE',  ( -0.2967928932188135200, 0.2525000000000028300, 0.8199999999999999500 ) ) ;
#1617 = ORIENTED_EDGE ( 'NONE', *, *, #4699, .T. ) ;
#1618 = VECTOR ( 'NONE', #6865, 39.37007874015748100 ) ;
#1619 = PLANE ( 'NONE',  #22 ) ;
#1620 = ADVANCED_FACE ( 'NONE', ( #5243 ), #6132, .T. ) ;
#1621 = ORIENTED_EDGE ( 'NONE', *, *, #1380, .T. ) ;
#1622 = CARTESIAN_POINT ( 'NONE',  ( 0.2973821488698022400, 0.2564269908169872800, -1.107145427119794000E-017 ) ) ;
#1623 = ORIENTED_EDGE ( 'NONE', *, *, #5369, .T. ) ;
#1624 = DIRECTION ( 'NONE',  ( 1.000000000000000000, 0.0000000000000000000, -0.0000000000000000000 ) ) ;
#1625 = LINE ( 'NONE', #5851, #6417 ) ;
#1626 = LINE ( 'NONE', #4796, #10436 ) ;
#1627 = CARTESIAN_POINT ( 'NONE',  ( 0.1348425196850393500, -0.5313388496530164800, 0.7878425196850394900 ) ) ;
#1628 = AXIS2_PLACEMENT_3D ( 'NONE', #7580, #774, #6019 ) ;
#1629 = DIRECTION ( 'NONE',  ( -5.122214988120495500E-015, -0.0000000000000000000, -1.000000000000000000 ) ) ;
#1630 = CYLINDRICAL_SURFACE ( 'NONE', #10743, 0.004999999999999946300 ) ;
#1631 = EDGE_CURVE ( 'NONE', #5800, #9780, #5499, .T. ) ;
#1632 = DIRECTION ( 'NONE',  ( 0.0000000000000000000, 0.4413750231038433600, -0.8973227340149595400 ) ) ;
#1633 = DIRECTION ( 'NONE',  ( 3.453004075404071500E-015, 0.0000000000000000000, 1.000000000000000000 ) ) ;
#1634 = DIRECTION ( 'NONE',  ( 0.0000000000000000000, 0.0000000000000000000, 1.000000000000000000 ) ) ;
#1635 = FACE_OUTER_BOUND ( 'NONE', #6971, .T. ) ;
#1636 = CARTESIAN_POINT ( 'NONE',  ( 0.2054877260166550800, -0.3294859291416683500, 0.3587707550871522800 ) ) ;
#1637 = CIRCLE ( 'NONE', #2155, 0.02000000000000005900 ) ;
#1638 = CARTESIAN_POINT ( 'NONE',  ( -0.2054877304882577200, -0.3281266234469185100, 0.4955634101282933600 ) ) ;
#1639 = VECTOR ( 'NONE', #3163, 39.37007874015748100 ) ;
#1640 = DIRECTION ( 'NONE',  ( 0.0000000000000000000, 0.0000000000000000000, 1.000000000000000000 ) ) ;
#1641 = LENGTH_MEASURE_WITH_UNIT ( LENGTH_MEASURE( 0.02539999999999999900 ), #8921 );
#1642 = CARTESIAN_POINT ( 'NONE',  ( -0.3125000000000027200, 0.1504527559055146300, 0.4417395183536995700 ) ) ;
#1643 = ORIENTED_EDGE ( 'NONE', *, *, #6763, .T. ) ;
#1644 = DIRECTION ( 'NONE',  ( 1.000000000000000000, -0.0000000000000000000, -0.0000000000000000000 ) ) ;
#1645 = CIRCLE ( 'NONE', #2847, 0.004999999999999946300 ) ;
#1646 = EDGE_CURVE ( 'NONE', #3804, #8230, #6844, .T. ) ;
#1647 = FACE_OUTER_BOUND ( 'NONE', #2860, .T. ) ;
#1648 = CARTESIAN_POINT ( 'NONE',  ( 0.2967928932188133600, 0.2525000000000048900, 0.8199999999999998400 ) ) ;
#1649 = EDGE_CURVE ( 'NONE', #4384, #9326, #7234, .T. ) ;
#1650 = CARTESIAN_POINT ( 'NONE',  ( 0.2717853368598917600, -1.021197244730353200, 0.8200000000000035000 ) ) ;
#1652 = CARTESIAN_POINT ( 'NONE',  ( -1.461507861341100800E-031, -0.3854999999999999000, -1.389844020060765000E-015 ) ) ;
#1651 = VECTOR ( 'NONE', #662, 39.37007874015748100 ) ;
#1653 = CIRCLE ( 'NONE', #166, 0.009842519685039378600 ) ;
#1654 = DIRECTION ( 'NONE',  ( 0.0000000000000000000, 0.0000000000000000000, 1.000000000000000000 ) ) ;
#1655 = CARTESIAN_POINT ( 'NONE',  ( -0.1848425196850394000, -0.2525000000000000600, 0.7681574803149606700 ) ) ;
#1656 = DIRECTION ( 'NONE',  ( 0.0000000000000000000, -1.000000000000000000, 0.0000000000000000000 ) ) ;
#1657 = LINE ( 'NONE', #9028, #7251 ) ;
#1658 = ADVANCED_FACE ( 'NONE', ( #4173 ), #8972, .T. ) ;
#1659 = LENGTH_MEASURE_WITH_UNIT ( LENGTH_MEASURE( 0.02539999999999999900 ), #9544 );
#1660 = FILL_AREA_STYLE_COLOUR ( '', #6917 ) ;
#1661 = VECTOR ( 'NONE', #8463, 39.37007874015748100 ) ;
#1662 = PLANE ( 'NONE',  #1340 ) ;
#1663 = ORIENTED_EDGE ( 'NONE', *, *, #3298, .F. ) ;
#1664 = VERTEX_POINT ( 'NONE', #7191 ) ;
#1665 = ORIENTED_EDGE ( 'NONE', *, *, #10143, .F. ) ;
#1666 = EDGE_CURVE ( 'NONE', #10536, #9178, #6425, .T. ) ;
#1667 = SURFACE_SIDE_STYLE ('',( #7783 ) ) ;
#1668 = CARTESIAN_POINT ( 'NONE',  ( 0.03484251968503928500, -0.5313388496530164800, 0.7681574803149606700 ) ) ;
#1669 = ORIENTED_EDGE ( 'NONE', *, *, #4264, .T. ) ;
#1670 = CARTESIAN_POINT ( 'NONE',  ( -0.2816278565449310500, -0.2674999999999999600, 0.01499999999999999900 ) ) ;
#1671 = DIRECTION ( 'NONE',  ( -0.0000000000000000000, -0.0000000000000000000, -1.000000000000000000 ) ) ;
#1672 = FACE_OUTER_BOUND ( 'NONE', #242, .T. ) ;
#1673 = PLANE ( 'NONE',  #10214 ) ;
#1674 = FACE_OUTER_BOUND ( 'NONE', #2626, .T. ) ;
#1675 = EDGE_CURVE ( 'NONE', #10729, #10606, #6188, .T. ) ;
#1676 = DIRECTION ( 'NONE',  ( 6.829619984160731600E-015, 0.0000000000000000000, 1.000000000000000000 ) ) ;
#1677 = PLANE ( 'NONE',  #10486 ) ;
#1678 = CARTESIAN_POINT ( 'NONE',  ( -0.2417957872900946800, -0.1428615124517496100, 0.7479635790510820200 ) ) ;
#1679 = ADVANCED_FACE ( 'NONE', ( #429 ), #3748, .F. ) ;
#1680 = VERTEX_POINT ( 'NONE', #1248 ) ;
#1681 = CARTESIAN_POINT ( 'NONE',  ( 0.2054877259910081700, -0.3309383941284168000, 0.3579861795847907300 ) ) ;
#1682 = ORIENTED_EDGE ( 'NONE', *, *, #7456, .T. ) ;
#1683 = DIRECTION ( 'NONE',  ( -1.000000000000000000, -0.0000000000000000000, -0.0000000000000000000 ) ) ;
#1684 = ORIENTED_EDGE ( 'NONE', *, *, #99, .F. ) ;
#1685 = EDGE_LOOP ( 'NONE', ( #6542, #8429, #9134, #4616 ) ) ;
#1686 = CARTESIAN_POINT ( 'NONE',  ( -0.2975000000000024300, 0.1454527559055146500, 0.6900912614787658700 ) ) ;
#1687 = LINE ( 'NONE', #7645, #10488 ) ;
#1688 = ORIENTED_EDGE ( 'NONE', *, *, #2878, .T. ) ;
#1689 = VECTOR ( 'NONE', #6148, 39.37007874015748100 ) ;
#1690 = AXIS2_PLACEMENT_3D ( 'NONE', #10872, #7504, #8208 ) ;
#1691 = DIRECTION ( 'NONE',  ( -1.000000000000000000, 0.0000000000000000000, 0.0000000000000000000 ) ) ;
#1692 = FILL_AREA_STYLE_COLOUR ( '', #10180 ) ;
#1693 = ORIENTED_EDGE ( 'NONE', *, *, #2126, .F. ) ;
#1694 = ORIENTED_EDGE ( 'NONE', *, *, #7740, .T. ) ;
#1695 = ORIENTED_EDGE ( 'NONE', *, *, #2819, .T. ) ;
#1696 = CARTESIAN_POINT ( 'NONE',  ( 0.08011811023622049400, -0.2497393201453811900, 0.8122440944881890200 ) ) ;
#1697 = DIMENSIONAL_EXPONENTS ( 1.000000000000000000, 0.0000000000000000000, 0.0000000000000000000, 0.0000000000000000000, 0.0000000000000000000, 0.0000000000000000000, 0.0000000000000000000 ) ;
#1698 = EDGE_CURVE ( 'NONE', #10483, #2074, #3224, .T. ) ;
#1699 = EDGE_LOOP ( 'NONE', ( #7343, #6737, #4603, #4851 ) ) ;
#1700 = CARTESIAN_POINT ( 'NONE',  ( -0.06515748031496067200, -0.3855000000000026200, 0.7878425196850393800 ) ) ;
#1701 = VECTOR ( 'NONE', #5637, 39.37007874015748100 ) ;
#1702 = CARTESIAN_POINT ( 'NONE',  ( -0.2417957872900946800, -0.1811070463003417700, 0.7479635790510820200 ) ) ;
#1703 = ORIENTED_EDGE ( 'NONE', *, *, #4854, .F. ) ;
#1704 = CARTESIAN_POINT ( 'NONE',  ( 0.3125000000000010500, -0.2438779527559034600, 0.2928425196850381600 ) ) ;
#1705 = SURFACE_STYLE_FILL_AREA ( #7596 ) ;
#1706 = ORIENTED_EDGE ( 'NONE', *, *, #1903, .F. ) ;
#1707 = CARTESIAN_POINT ( 'NONE',  ( -0.09842519685039370600, -0.2322769844133475100, 0.01499999999999999900 ) ) ;
#1708 = VERTEX_POINT ( 'NONE', #1181 ) ;
#1709 = DIRECTION ( 'NONE',  ( 6.982962677686265900E-015, -2.384397308030406000E-015, -1.000000000000000000 ) ) ;
#1710 = AXIS2_PLACEMENT_3D ( 'NONE', #9302, #10313, #5961 ) ;
#1711 = CARTESIAN_POINT ( 'NONE',  ( 0.01515748031496052600, -0.2525000000000000600, 0.7681574803149606700 ) ) ;
#1712 = DIRECTION ( 'NONE',  ( 0.0000000000000000000, -0.4413750231038433600, 0.8973227340149595400 ) ) ;
#1713 = CARTESIAN_POINT ( 'NONE',  ( -0.2975000000000024800, -0.1219842793760456800, 0.7479635790510822400 ) ) ;
#1714 = DIRECTION ( 'NONE',  ( 3.506465672938382600E-015, -0.0000000000000000000, -1.000000000000000000 ) ) ;
#1715 = VERTEX_POINT ( 'NONE', #8916 ) ;
#1716 = CARTESIAN_POINT ( 'NONE',  ( 0.2249999999999999800, -0.3775000000000013900, 0.4279999999999999400 ) ) ;
#1717 = DIRECTION ( 'NONE',  ( -0.0000000000000000000, 1.000000000000000000, 0.0000000000000000000 ) ) ;
#1718 = CARTESIAN_POINT ( 'NONE',  ( 0.2445122359226401800, -0.3675427394653139100, 0.4836582195793567300 ) ) ;
#1719 = DIRECTION ( 'NONE',  ( 0.0000000000000000000, 0.0000000000000000000, 1.000000000000000000 ) ) ;
#1720 = DIRECTION ( 'NONE',  ( 0.0000000000000000000, 1.000000000000000000, 0.0000000000000000000 ) ) ;
#1721 = EDGE_CURVE ( 'NONE', #6178, #1715, #49, .T. ) ;
#1722 = DIRECTION ( 'NONE',  ( 0.0000000000000000000, -0.0000000000000000000, -1.000000000000000000 ) ) ;
#1723 = LINE ( 'NONE', #3679, #5053 ) ;
#1724 = VECTOR ( 'NONE', #9852, 39.37007874015748900 ) ;
#1725 = EDGE_CURVE ( 'NONE', #6273, #5789, #4318, .T. ) ;
#1726 = DIRECTION ( 'NONE',  ( -0.0000000000000000000, 0.0000000000000000000, -1.000000000000000000 ) ) ;
#1727 = PLANE ( 'NONE',  #6554 ) ;
#1728 = ORIENTED_EDGE ( 'NONE', *, *, #9766, .T. ) ;
#1729 = VECTOR ( 'NONE', #7, 39.37007874015748100 ) ;
#1730 = ORIENTED_EDGE ( 'NONE', *, *, #9295, .F. ) ;
#1731 = ADVANCED_FACE ( 'NONE', ( #1226 ), #2926, .F. ) ;
#1732 = DIRECTION ( 'NONE',  ( 0.0000000000000000000, 0.0000000000000000000, -1.000000000000000000 ) ) ;
#1733 = EDGE_CURVE ( 'NONE', #9400, #9944, #2145, .T. ) ;
#1734 = UNCERTAINTY_MEASURE_WITH_UNIT (LENGTH_MEASURE( 1.000000000000000100E-005 ), #3543, 'distance_accuracy_value', 'NONE');
#1735 = CARTESIAN_POINT ( 'NONE',  ( 0.3066421356237331600, 0.1454527559055146500, 0.7042333971024948800 ) ) ;
#1736 = CARTESIAN_POINT ( 'NONE',  ( 0.3124999999999999400, 0.2517928932188135400, 0.01499999999999994700 ) ) ;
#1737 = ORIENTED_EDGE ( 'NONE', *, *, #3996, .F. ) ;
#1738 = B_SPLINE_CURVE_WITH_KNOTS ( 'NONE', 3,
 ( #5017, #3216, #9181, #5873, #7670, #1458 ),
 .UNSPECIFIED., .F., .F.,
 ( 4, 2, 4 ),
 ( 0.0000000000000000000, 0.5000000000000000000, 1.000000000000000000 ),
 .UNSPECIFIED. ) ;
#1739 = LINE ( 'NONE', #7318, #1869 ) ;
#1740 = CLOSED_SHELL ( 'NONE', ( #7557, #10057, #8383, #4552, #7173, #603 ) ) ;
#1741 = EDGE_CURVE ( 'NONE', #7627, #10242, #3886, .T. ) ;
#1742 = CARTESIAN_POINT ( 'NONE',  ( -0.2975000000000001000, 0.2517928932188135400, 0.01499999999999999900 ) ) ;
#1743 = CARTESIAN_POINT ( 'NONE',  ( 0.2975000000000019300, 0.2454289321881376600, 0.8350000000000021800 ) ) ;
#1744 = DIRECTION ( 'NONE',  ( 0.0000000000000000000, 1.000000000000000000, 0.0000000000000000000 ) ) ;
#1745 = DIRECTION ( 'NONE',  ( -0.08715574274766170500, 1.262932893932225400E-016, 0.9961946980917451000 ) ) ;
#1746 = ORIENTED_EDGE ( 'NONE', *, *, #6180, .T. ) ;
#1747 = VERTEX_POINT ( 'NONE', #5441 ) ;
#1748 = EDGE_CURVE ( 'NONE', #8862, #2410, #4449, .T. ) ;
#1749 = CARTESIAN_POINT ( 'NONE',  ( -0.2054877302721722900, -0.3775000000000016700, 0.4889530518230040800 ) ) ;
#1750 = AXIS2_PLACEMENT_3D ( 'NONE', #1392, #3143, #7365 ) ;
#1752 = CARTESIAN_POINT ( 'NONE',  ( 0.2816278565449311700, 0.0000000000000000000, 0.8098162275806201100 ) ) ;
#1751 = VECTOR ( 'NONE', #6144, 39.37007874015748100 ) ;
#1753 = VERTEX_POINT ( 'NONE', #1591 ) ;
#1754 = CYLINDRICAL_SURFACE ( 'NONE', #2703, 0.004999999999999946300 ) ;
#1755 = EDGE_LOOP ( 'NONE', ( #57, #5410, #6048, #7295 ) ) ;
#1756 = EDGE_CURVE ( 'NONE', #7802, #1680, #5901, .T. ) ;
#1757 = CARTESIAN_POINT ( 'NONE',  ( 0.2054877262871946400, -0.6172700275952924800, 0.3670469428126474400 ) ) ;
#1758 = LINE ( 'NONE', #2568, #9219 ) ;
#1759 = LINE ( 'NONE', #10707, #9081 ) ;
#1760 = UNCERTAINTY_MEASURE_WITH_UNIT (LENGTH_MEASURE( 1.000000000000000100E-005 ), #10767, 'distance_accuracy_value', 'NONE');
#1761 = VECTOR ( 'NONE', #924, 39.37007874015748100 ) ;
#1762 = VERTEX_POINT ( 'NONE', #2395 ) ;
#1763 = ORIENTED_EDGE ( 'NONE', *, *, #1490, .F. ) ;
#1764 = FACE_OUTER_BOUND ( 'NONE', #3561, .T. ) ;
#1765 = AXIS2_PLACEMENT_3D ( 'NONE', #8156, #3942, #538 ) ;
#1766 = VERTEX_POINT ( 'NONE', #3386 ) ;
#1767 = CARTESIAN_POINT ( 'NONE',  ( -0.3125000000000025000, -0.1428615124517496300, 0.7479635790510822400 ) ) ;
#1768 = DIRECTION ( 'NONE',  ( 6.829619984160731600E-015, 0.0000000000000000000, -1.000000000000000000 ) ) ;
#1769 = DIRECTION ( 'NONE',  ( 0.0000000000000000000, -3.469446951953613800E-015, 1.000000000000000000 ) ) ;
#1770 = VECTOR ( 'NONE', #7806, 39.37007874015748100 ) ;
#1771 = CARTESIAN_POINT ( 'NONE',  ( -0.3125000000000023900, 0.04959782299446936800, 0.7740197545653726400 ) ) ;
#1772 = CARTESIAN_POINT ( 'NONE',  ( 0.0000000000000000000, -0.2525000000000000600, 0.0000000000000000000 ) ) ;
#1773 = VECTOR ( 'NONE', #6299, 39.37007874015748100 ) ;
#1774 = CARTESIAN_POINT ( 'NONE',  ( 0.2717853368598917600, 0.2426574803149606500, 0.02484251968503937300 ) ) ;
#1775 = CARTESIAN_POINT ( 'NONE',  ( -0.2966278565449310700, -0.1811070463003417700, 0.7740197545653726400 ) ) ;
#1776 = ORIENTED_EDGE ( 'NONE', *, *, #735, .F. ) ;
#1777 = VECTOR ( 'NONE', #8241, 39.37007874015748100 ) ;
#1778 = CARTESIAN_POINT ( 'NONE',  ( -0.2966278565449311200, 0.09284335684306162200, 0.7690197545653724200 ) ) ;
#1779 = LINE ( 'NONE', #4154, #10322 ) ;
#1780 = DIRECTION ( 'NONE',  ( 1.000000000000000000, -3.791200677927630300E-031, 0.0000000000000000000 ) ) ;
#1781 = AXIS2_PLACEMENT_3D ( 'NONE', #10316, #4326, #4212 ) ;
#1782 = DIRECTION ( 'NONE',  ( 0.0000000000000000000, 1.000000000000000000, 0.0000000000000000000 ) ) ;
#1783 = SURFACE_SIDE_STYLE ('',( #4825 ) ) ;
#1784 = EDGE_CURVE ( 'NONE', #10616, #7257, #10308, .T. ) ;
#1785 = LINE ( 'NONE', #2741, #7520 ) ;
#1786 = LINE ( 'NONE', #5988, #4047 ) ;
#1787 = FACE_OUTER_BOUND ( 'NONE', #961, .T. ) ;
#1788 = DIRECTION ( 'NONE',  ( 0.0000000000000000000, 0.0000000000000000000, 1.000000000000000000 ) ) ;
#1789 =( GEOMETRIC_REPRESENTATION_CONTEXT ( 3 ) GLOBAL_UNCERTAINTY_ASSIGNED_CONTEXT ( ( #2092 ) ) GLOBAL_UNIT_ASSIGNED_CONTEXT ( ( #3268, #9234, #2517 ) ) REPRESENTATION_CONTEXT ( 'NONE', 'WORKASPACE' ) );
#1790 = DIRECTION ( 'NONE',  ( 0.0000000000000000000, 0.0000000000000000000, -1.000000000000000000 ) ) ;
#1791 = ADVANCED_FACE ( 'NONE', ( #8161, #309 ), #9189, .F. ) ;
#1792 = DIRECTION ( 'NONE',  ( 1.000000000000000000, 0.0000000000000000000, -0.0000000000000000000 ) ) ;
#1793 = DIRECTION ( 'NONE',  ( 0.0000000000000000000, 1.000000000000000000, 0.0000000000000000000 ) ) ;
#1794 = VECTOR ( 'NONE', #4031, 39.37007874015748100 ) ;
#1795 = CARTESIAN_POINT ( 'NONE',  ( -0.2925000000000024200, 0.3248392745685750900, 0.6900912614787658700 ) ) ;
#1796 = ORIENTED_EDGE ( 'NONE', *, *, #9703, .F. ) ;
#1797 = AXIS2_PLACEMENT_3D ( 'NONE', #5467, #8809, #363 ) ;
#1798 = VERTEX_POINT ( 'NONE', #10164 ) ;
#1799 = PLANE ( 'NONE',  #6046 ) ;
#1800 = ORIENTED_EDGE ( 'NONE', *, *, #747, .T. ) ;
#1801 = EDGE_CURVE ( 'NONE', #9687, #4876, #10799, .T. ) ;
#1802 = DIRECTION ( 'NONE',  ( -2.270671604221864000E-015, -0.7071067811865569000, 0.7071067811865382500 ) ) ;
#1803 = FACE_OUTER_BOUND ( 'NONE', #8491, .T. ) ;
#1804 = CARTESIAN_POINT ( 'NONE',  ( -0.2874857209212000100, 2.401980572579086400E-016, 0.7021766083694339600 ) ) ;
#1805 = LINE ( 'NONE', #3306, #10343 ) ;
#1806 = ORIENTED_EDGE ( 'NONE', *, *, #4116, .T. ) ;
#1807 = ORIENTED_EDGE ( 'NONE', *, *, #8233, .F. ) ;
#1808 = DIRECTION ( 'NONE',  ( 3.623343611582382800E-015, -0.0000000000000000000, 1.000000000000000000 ) ) ;
#1809 = VERTEX_POINT ( 'NONE', #8513 ) ;
#1810 = PLANE ( 'NONE',  #1915 ) ;
#1811 = ORIENTED_EDGE ( 'NONE', *, *, #9069, .F. ) ;
#1812 = VERTEX_POINT ( 'NONE', #10966 ) ;
#1813 = AXIS2_PLACEMENT_3D ( 'NONE', #3842, #1306, #2154 ) ;
#1814 = CARTESIAN_POINT ( 'NONE',  ( 0.1151574803149604800, -0.2525000000000000600, 0.7681574803149606700 ) ) ;
#1815 = LINE ( 'NONE', #10401, #5006 ) ;
#1816 = EDGE_LOOP ( 'NONE', ( #1548, #1545, #7009, #6914 ) ) ;
#1817 = VECTOR ( 'NONE', #5291, 39.37007874015748100 ) ;
#1818 = DIRECTION ( 'NONE',  ( 0.0000000000000000000, -1.000000000000000000, 0.0000000000000000000 ) ) ;
#1819 = CARTESIAN_POINT ( 'NONE',  ( -0.2816278565449310500, -0.2675000000000001800, 0.6900912614787635400 ) ) ;
#1820 = EDGE_CURVE ( 'NONE', #10412, #5752, #1215, .T. ) ;
#1821 = EDGE_LOOP ( 'NONE', ( #5176, #5086, #9655, #351 ) ) ;
#1822 = ORIENTED_EDGE ( 'NONE', *, *, #4309, .F. ) ;
#1823 = ORIENTED_EDGE ( 'NONE', *, *, #9209, .F. ) ;
#1824 = DIRECTION ( 'NONE',  ( -1.491666250894743400E-016, 1.000000000000000000, -2.386666001431589400E-015 ) ) ;
#1825 = VERTEX_POINT ( 'NONE', #9308 ) ;
#1827 = EDGE_CURVE ( 'NONE', #9455, #8029, #6976, .T. ) ;
#1826 = EDGE_LOOP ( 'NONE', ( #8280, #8774, #10593, #2181 ) ) ;
#1828 = FACE_BOUND ( 'NONE', #9210, .T. ) ;
#1829 = DIRECTION ( 'NONE',  ( 3.414809992080329900E-015, 0.0000000000000000000, 1.000000000000000000 ) ) ;
#1830 = EDGE_LOOP ( 'NONE', ( #1134, #10638, #8745, #1623 ) ) ;
#1831 = CARTESIAN_POINT ( 'NONE',  ( -0.2974999999999999900, 0.0000000000000000000, -1.093155637708642100E-015 ) ) ;
#1832 = LINE ( 'NONE', #765, #9432 ) ;
#1833 = ORIENTED_EDGE ( 'NONE', *, *, #1304, .F. ) ;
#1834 = ORIENTED_EDGE ( 'NONE', *, *, #4189, .F. ) ;
#1835 = MANIFOLD_SOLID_BREP ( 'Boss-Extrude13', #5146 ) ;
#1836 = VERTEX_POINT ( 'NONE', #4176 ) ;
#1837 = AXIS2_PLACEMENT_3D ( 'NONE', #4304, #10182, #700 ) ;
#1838 = DIRECTION ( 'NONE',  ( -1.491666250894743400E-016, 1.000000000000000000, -2.386666001431589400E-015 ) ) ;
#1839 = CARTESIAN_POINT ( 'NONE',  ( -1.014146181345640700E-031, -0.2674999999999999000, -9.804492797302384800E-016 ) ) ;
#1840 = DIRECTION ( 'NONE',  ( 0.0000000000000000000, 0.4413750231038433600, -0.8973227340149595400 ) ) ;
#1841 = VECTOR ( 'NONE', #7211, 39.37007874015748900 ) ;
#1842 = VERTEX_POINT ( 'NONE', #8466 ) ;
#1843 = DIRECTION ( 'NONE',  ( 1.491666250894743400E-016, -1.000000000000000000, 2.386666001431589400E-015 ) ) ;
#1844 = CARTESIAN_POINT ( 'NONE',  ( 0.3125000000000023300, -0.2515000000000000000, 0.8200000000000057200 ) ) ;
#1845 = CARTESIAN_POINT ( 'NONE',  ( -0.3125000000000008900, -0.3856102362204703600, 0.2633149606299201600 ) ) ;
#1846 = DIRECTION ( 'NONE',  ( 0.0000000000000000000, 0.0000000000000000000, 1.000000000000000000 ) ) ;
#1847 = PRESENTATION_LAYER_ASSIGNMENT (  '', '', ( #2047 ) ) ;
#1848 = DIRECTION ( 'NONE',  ( 0.0000000000000000000, 0.0000000000000000000, -1.000000000000000000 ) ) ;
#1849 = LINE ( 'NONE', #10958, #5846 ) ;
#1850 = ORIENTED_EDGE ( 'NONE', *, *, #7517, .F. ) ;
#1851 = DIRECTION ( 'NONE',  ( 0.0000000000000000000, 0.0000000000000000000, 1.000000000000000000 ) ) ;
#1852 = DIRECTION ( 'NONE',  ( 0.0000000000000000000, -3.734946786957687200E-015, 1.000000000000000000 ) ) ;
#1853 = ORIENTED_EDGE ( 'NONE', *, *, #4814, .F. ) ;
#1854 = AXIS2_PLACEMENT_3D ( 'NONE', #3153, #3187, #8353 ) ;
#1855 = ORIENTED_EDGE ( 'NONE', *, *, #7342, .F. ) ;
#1856 = ADVANCED_FACE ( 'NONE', ( #5231 ), #4136, .F. ) ;
#1857 = CARTESIAN_POINT ( 'NONE',  ( -0.1397637795275590600, 0.0000000000000000000, 0.8122440944881890200 ) ) ;
#1858 = ORIENTED_EDGE ( 'NONE', *, *, #5989, .T. ) ;
#1859 = DIRECTION ( 'NONE',  ( -1.266221515311538300E-016, 1.000000000000000000, 0.0000000000000000000 ) ) ;
#1860 = ORIENTED_EDGE ( 'NONE', *, *, #4592, .F. ) ;
#1861 = DIRECTION ( 'NONE',  ( 0.0000000000000000000, 1.925929944387235400E-031, -1.000000000000000000 ) ) ;
#1862 = CARTESIAN_POINT ( 'NONE',  ( -0.2249999999999999800, -0.3625000000000013800, 0.4279999999999999400 ) ) ;
#1863 = B_SPLINE_CURVE_WITH_KNOTS ( 'NONE', 3,
 ( #7817, #4344, #1976, #8021, #5341, #10570 ),
 .UNSPECIFIED., .F., .F.,
 ( 4, 2, 4 ),
 ( 0.0000000000000000000, 0.5000000000000001100, 1.000000000000000000 ),
 .UNSPECIFIED. ) ;
#1864 = EDGE_CURVE ( 'NONE', #23, #10555, #1097, .T. ) ;
#1865 = ORIENTED_EDGE ( 'NONE', *, *, #5906, .T. ) ;
#1866 = DIRECTION ( 'NONE',  ( 1.000000000000000000, 0.0000000000000000000, 3.623343611582382000E-015 ) ) ;
#1867 = CARTESIAN_POINT ( 'NONE',  ( 0.2966278565449310100, -0.1811070463003418000, 0.7479635790510821300 ) ) ;
#1868 = ADVANCED_FACE ( 'NONE', ( #823 ), #4979, .T. ) ;
#1869 = VECTOR ( 'NONE', #14, 39.37007874015748100 ) ;
#1870 = ORIENTED_EDGE ( 'NONE', *, *, #7734, .F. ) ;
#1871 = CARTESIAN_POINT ( 'NONE',  ( -0.2966278565449310100, -0.1861070463003417800, 0.7529635790510822400 ) ) ;
#1872 = ADVANCED_FACE ( 'NONE', ( #9745 ), #6697, .F. ) ;
#1873 = CARTESIAN_POINT ( 'NONE',  ( 0.2975000000000019300, 0.2454289321881376900, 0.8350000000000021800 ) ) ;
#1874 = DIRECTION ( 'NONE',  ( 0.0000000000000000000, 0.0000000000000000000, 1.000000000000000000 ) ) ;
#1875 = AXIS2_PLACEMENT_3D ( 'NONE', #3304, #10927, #4255 ) ;
#1876 = ORIENTED_EDGE ( 'NONE', *, *, #2692, .F. ) ;
#1877 = ORIENTED_EDGE ( 'NONE', *, *, #1507, .F. ) ;
#1878 = CARTESIAN_POINT ( 'NONE',  ( 0.01515748031496052600, -0.5313388496530164800, 0.7878425196850393800 ) ) ;
#1879 = LINE ( 'NONE', #9370, #9734 ) ;
#1880 = ORIENTED_EDGE ( 'NONE', *, *, #5792, .F. ) ;
#1881 = EDGE_CURVE ( 'NONE', #8639, #8015, #7108, .T. ) ;
#1882 = DIRECTION ( 'NONE',  ( -0.0000000000000000000, -0.0000000000000000000, 1.000000000000000000 ) ) ;
#1883 = DIRECTION ( 'NONE',  ( -0.9999999999999994400, 0.0000000000000000000, 3.268890876087486000E-008 ) ) ;
#1884 = LINE ( 'NONE', #285, #10062 ) ;
#1885 = PLANE ( 'NONE',  #1926 ) ;
#1886 = CARTESIAN_POINT ( 'NONE',  ( 0.2445122359227436800, -0.6172700275952924800, 0.3670469609432717700 ) ) ;
#1887 = ORIENTED_EDGE ( 'NONE', *, *, #8752, .F. ) ;
#1888 = LINE ( 'NONE', #7304, #2005 ) ;
#1889 = EDGE_CURVE ( 'NONE', #10541, #357, #2694, .T. ) ;
#1890 = CYLINDRICAL_SURFACE ( 'NONE', #8546, 0.004999999999999946300 ) ;
#1891 = ORIENTED_EDGE ( 'NONE', *, *, #10864, .T. ) ;
#1892 = LINE ( 'NONE', #2942, #10669 ) ;
#1893 = ORIENTED_EDGE ( 'NONE', *, *, #2508, .F. ) ;
#1894 = PLANE ( 'NONE',  #9848 ) ;
#1895 = EDGE_CURVE ( 'NONE', #487, #1966, #4681, .T. ) ;
#1896 = DIRECTION ( 'NONE',  ( 0.0000000000000000000, -1.000000000000000000, 5.103688229765622800E-016 ) ) ;
#1897 = LINE ( 'NONE', #6052, #6990 ) ;
#1898 = DIRECTION ( 'NONE',  ( -6.829619984160731600E-015, 0.0000000000000000000, -1.000000000000000000 ) ) ;
#1899 = VECTOR ( 'NONE', #246, 39.37007874015748100 ) ;
#1900 = FACE_OUTER_BOUND ( 'NONE', #8375, .T. ) ;
#1901 = DIRECTION ( 'NONE',  ( 1.000000000000000000, 0.0000000000000000000, 0.0000000000000000000 ) ) ;
#1902 = COLOUR_RGB ( '',0.7921568627450980000, 0.8196078431372548800, 0.9333333333333333500 ) ;
#1903 = EDGE_CURVE ( 'NONE', #9873, #2129, #4018, .T. ) ;
#1904 = DIRECTION ( 'NONE',  ( 0.0000000000000000000, -1.000000000000000000, 0.0000000000000000000 ) ) ;
#1905 = SURFACE_SIDE_STYLE ('',( #9247 ) ) ;
#1906 = LINE ( 'NONE', #3174, #5509 ) ;
#1907 = FACE_OUTER_BOUND ( 'NONE', #5664, .T. ) ;
#1908 = CARTESIAN_POINT ( 'NONE',  ( 0.2816278565449310500, -0.2525000000000000600, 0.01499999999999999900 ) ) ;
#1909 = ADVANCED_FACE ( 'NONE', ( #674 ), #7287, .T. ) ;
#1910 = VECTOR ( 'NONE', #3809, 39.37007874015748100 ) ;
#1911 = CARTESIAN_POINT ( 'NONE',  ( -0.1848425196850394000, -0.2525000000000000600, 0.7681574803149606700 ) ) ;
#1912 = AXIS2_PLACEMENT_3D ( 'NONE', #2289, #4908, #8398 ) ;
#1913 = CARTESIAN_POINT ( 'NONE',  ( 0.2975000000000023700, 0.02872058991876547500, 0.7479635790510845700 ) ) ;
#1914 = ORIENTED_EDGE ( 'NONE', *, *, #5261, .T. ) ;
#1915 = AXIS2_PLACEMENT_3D ( 'NONE', #6155, #7797, #2667 ) ;
#1916 = DIRECTION ( 'NONE',  ( -1.000000000000000000, -1.468979316883001700E-016, -3.491481338843132600E-015 ) ) ;
#1917 = VECTOR ( 'NONE', #2108, 39.37007874015748100 ) ;
#1918 = LENGTH_MEASURE_WITH_UNIT ( LENGTH_MEASURE( 0.02539999999999999900 ), #5508 );
#1919 = CARTESIAN_POINT ( 'NONE',  ( 0.1381889763779527700, 0.004804859663680982400, 0.8122440944881890200 ) ) ;
#1920 = FACE_OUTER_BOUND ( 'NONE', #641, .T. ) ;
#1921 = CARTESIAN_POINT ( 'NONE',  ( -0.05472440944881888600, 0.004804859663680982400, 0.8122440944881890200 ) ) ;
#1922 = ORIENTED_EDGE ( 'NONE', *, *, #5688, .F. ) ;
#1923 = ADVANCED_FACE ( 'NONE', ( #4816 ), #3237, .F. ) ;
#1924 = VECTOR ( 'NONE', #5957, 39.37007874015748100 ) ;
#1925 = CARTESIAN_POINT ( 'NONE',  ( -0.2417957872900946800, -0.1861070463003418300, 0.7529635790510820200 ) ) ;
#1926 = AXIS2_PLACEMENT_3D ( 'NONE', #7879, #2788, #8770 ) ;
#1927 = VECTOR ( 'NONE', #514, 39.37007874015748100 ) ;
#1928 = EDGE_CURVE ( 'NONE', #9798, #1825, #37, .T. ) ;
#1929 = LINE ( 'NONE', #1935, #10333 ) ;
#1930 = VECTOR ( 'NONE', #7726, 39.37007874015748100 ) ;
#1931 = EDGE_CURVE ( 'NONE', #10492, #2519, #4563, .T. ) ;
#1932 = ORIENTED_EDGE ( 'NONE', *, *, #9529, .T. ) ;
#1933 = ORIENTED_EDGE ( 'NONE', *, *, #7189, .F. ) ;
#1934 = ORIENTED_EDGE ( 'NONE', *, *, #10700, .F. ) ;
#1935 = CARTESIAN_POINT ( 'NONE',  ( -0.3125000000000025000, -0.1219842793760456800, 0.7479635790510822400 ) ) ;
#1936 = EDGE_CURVE ( 'NONE', #8068, #1285, #965, .T. ) ;
#1937 = EDGE_LOOP ( 'NONE', ( #5033, #3001, #7216, #711 ) ) ;
#1938 = SURFACE_SIDE_STYLE ('',( #1492 ) ) ;
#1939 = VECTOR ( 'NONE', #5179, 39.37007874015748100 ) ;
#1940 = DIRECTION ( 'NONE',  ( -1.000000000000000000, 2.385472965096936000E-016, 3.441691376337984900E-015 ) ) ;
#1941 = CARTESIAN_POINT ( 'NONE',  ( 0.2974999999999999300, 0.2525000000000000600, 0.007499999999999999700 ) ) ;
#1942 = EDGE_LOOP ( 'NONE', ( #10431, #4261, #7697, #10883 ) ) ;
#1943 = ORIENTED_EDGE ( 'NONE', *, *, #1287, .F. ) ;
#1944 = ORIENTED_EDGE ( 'NONE', *, *, #600, .T. ) ;
#1945 = EDGE_CURVE ( 'NONE', #840, #7559, #8676, .T. ) ;
#1946 = EDGE_CURVE ( 'NONE', #4401, #86, #9080, .T. ) ;
#1947 = PLANE ( 'NONE',  #1391 ) ;
#1948 = ORIENTED_EDGE ( 'NONE', *, *, #5035, .T. ) ;
#1949 = CARTESIAN_POINT ( 'NONE',  ( -0.08484251968503943300, -0.5313388496530164800, 0.7681574803149606700 ) ) ;
#1950 = VERTEX_POINT ( 'NONE', #695 ) ;
#1951 = CARTESIAN_POINT ( 'NONE',  ( -0.3164370078740166800, -0.2438779527559034600, 0.2829999999999988600 ) ) ;
#1952 = LINE ( 'NONE', #2487, #6895 ) ;
#1953 = EDGE_LOOP ( 'NONE', ( #4431, #2142, #5175, #1093 ) ) ;
#1954 = LINE ( 'NONE', #6112, #1689 ) ;
#1955 = EDGE_CURVE ( 'NONE', #9350, #2074, #419, .T. ) ;
#1956 = EDGE_LOOP ( 'NONE', ( #9559, #495, #4999, #5223 ) ) ;
#1957 = CARTESIAN_POINT ( 'NONE',  ( 0.2975000000000010400, -0.2517928932188134300, 0.3026850393700776800 ) ) ;
#1958 = EDGE_LOOP ( 'NONE', ( #5218, #6334, #865, #3432 ) ) ;
#1959 = ORIENTED_EDGE ( 'NONE', *, *, #6179, .T. ) ;
#1960 = CARTESIAN_POINT ( 'NONE',  ( -0.3125000000000027200, 0.1469172219995818800, 0.7214882898114441900 ) ) ;
#1961 = ORIENTED_EDGE ( 'NONE', *, *, #5025, .T. ) ;
#1962 = DIRECTION ( 'NONE',  ( 0.0000000000000000000, -0.0000000000000000000, -1.000000000000000000 ) ) ;
#1963 = EDGE_CURVE ( 'NONE', #1950, #1018, #3363, .T. ) ;
#1964 = AXIS2_PLACEMENT_3D ( 'NONE', #2170, #6473, #6577 ) ;
#1965 = DIRECTION ( 'NONE',  ( 1.000000000000000000, -3.791200677927630300E-031, 0.0000000000000000000 ) ) ;
#1966 = VERTEX_POINT ( 'NONE', #4183 ) ;
#1967 = ADVANCED_FACE ( 'NONE', ( #7225 ), #10981, .F. ) ;
#1968 = SPHERICAL_SURFACE ( 'NONE', #8759, 0.009842519685039369900 ) ;
#1969 = VERTEX_POINT ( 'NONE', #776 ) ;
#1970 = DIRECTION ( 'NONE',  ( -0.0000000000000000000, 1.000000000000000000, -0.0000000000000000000 ) ) ;
#1971 = EDGE_CURVE ( 'NONE', #344, #8067, #3499, .T. ) ;
#1972 = CARTESIAN_POINT ( 'NONE',  ( 0.07283464566929136200, 0.004804859663680982400, 0.8122440944881890200 ) ) ;
#1973 = ORIENTED_EDGE ( 'NONE', *, *, #6100, .F. ) ;
#1974 = DIRECTION ( 'NONE',  ( 0.7071067811865487900, 0.0000000000000000000, -0.7071067811865463500 ) ) ;
#1975 = DIRECTION ( 'NONE',  ( 1.000000000000000000, -1.458800866809831900E-016, 3.623343611582382000E-015 ) ) ;
#1976 = CARTESIAN_POINT ( 'NONE',  ( 0.3053297998814492000, 0.2522642977396045700, 0.001616596445852792500 ) ) ;
#1977 = VECTOR ( 'NONE', #5027, 39.37007874015748100 ) ;
#1978 = ORIENTED_EDGE ( 'NONE', *, *, #10075, .F. ) ;
#1979 = AXIS2_PLACEMENT_3D ( 'NONE', #10474, #9750, #3655 ) ;
#1980 = ADVANCED_FACE ( 'NONE', ( #4946 ), #9389, .F. ) ;
#1981 = DIRECTION ( 'NONE',  ( 0.0000000000000000000, -1.000000000000000000, 0.0000000000000000000 ) ) ;
#1982 = DIRECTION ( 'NONE',  ( 1.000000000000000000, 0.0000000000000000000, -0.0000000000000000000 ) ) ;
#1983 = DIRECTION ( 'NONE',  ( 1.000000000000000000, 2.385472965096936000E-016, 3.441691376337984900E-015 ) ) ;
#1984 = DIRECTION ( 'NONE',  ( 2.385472965096927600E-016, -1.000000000000000000, 2.385472965096935500E-016 ) ) ;
#1985 = VECTOR ( 'NONE', #8012, 39.37007874015748100 ) ;
#1986 = VECTOR ( 'NONE', #209, 39.37007874015748100 ) ;
#1987 = CARTESIAN_POINT ( 'NONE',  ( 0.2500000000000000000, -0.1174558555784520800, 0.03468503937007873200 ) ) ;
#1988 = ORIENTED_EDGE ( 'NONE', *, *, #3859, .T. ) ;
#1989 = AXIS2_PLACEMENT_3D ( 'NONE', #2577, #7867, #4352 ) ;
#1990 = CARTESIAN_POINT ( 'NONE',  ( -0.2966278565449309000, 2.479417206762324000E-016, 0.7163187439931647500 ) ) ;
#1991 = EDGE_CURVE ( 'NONE', #2769, #3313, #10161, .T. ) ;
#1992 = DIRECTION ( 'NONE',  ( 0.0000000000000000000, 1.000000000000000000, 0.0000000000000000000 ) ) ;
#1993 = LINE ( 'NONE', #9536, #5345 ) ;
#1994 = ORIENTED_EDGE ( 'NONE', *, *, #6526, .T. ) ;
#1995 = DIRECTION ( 'NONE',  ( 0.0000000000000000000, 1.000000000000000000, -7.051100721037203400E-015 ) ) ;
#1996 = ORIENTED_EDGE ( 'NONE', *, *, #5944, .F. ) ;
#1997 = AXIS2_PLACEMENT_3D ( 'NONE', #8663, #188, #5182 ) ;
#1999 = CARTESIAN_POINT ( 'NONE',  ( -0.2445122359227436800, -0.3625000000000013800, 0.3670469609432717700 ) ) ;
#1998 = LINE ( 'NONE', #6560, #8564 ) ;
#2000 = EDGE_LOOP ( 'NONE', ( #7200, #5298, #7899, #5883, #3267, #8109, #9690, #3142, #4951, #596 ) ) ;
#2001 = CARTESIAN_POINT ( 'NONE',  ( -0.2249999999999999800, -0.3775000000000013900, 0.4279999999999999400 ) ) ;
#2002 = EDGE_CURVE ( 'NONE', #9132, #3624, #1758, .T. ) ;
#2003 = CARTESIAN_POINT ( 'NONE',  ( -0.3125000000000023300, 0.02872058991876547500, 0.7879635790510822700 ) ) ;
#2004 = ORIENTED_EDGE ( 'NONE', *, *, #7591, .T. ) ;
#2005 = VECTOR ( 'NONE', #1116, 39.37007874015748100 ) ;
#2006 = SURFACE_STYLE_USAGE ( .BOTH. , #343 ) ;
#2007 = CIRCLE ( 'NONE', #10244, 0.004999999999999946300 ) ;
#2008 = ORIENTED_EDGE ( 'NONE', *, *, #5465, .T. ) ;
#2009 = DIRECTION ( 'NONE',  ( 0.0000000000000000000, 0.0000000000000000000, -1.000000000000000000 ) ) ;
#2010 = ADVANCED_FACE ( 'NONE', ( #2402 ), #6991, .F. ) ;
#2011 = VECTOR ( 'NONE', #4022, 39.37007874015748100 ) ;
#2012 = CARTESIAN_POINT ( 'NONE',  ( -0.03484251968503945100, -0.5313388496530164800, 0.6681574803149606900 ) ) ;
#2013 = VERTEX_POINT ( 'NONE', #3441 ) ;
#2014 = LINE ( 'NONE', #9887, #35 ) ;
#2015 = DIRECTION ( 'NONE',  ( 1.000000000000000000, 0.0000000000000000000, -0.0000000000000000000 ) ) ;
#2016 = VECTOR ( 'NONE', #3319, 39.37007874015748100 ) ;
#2017 = VECTOR ( 'NONE', #2938, 39.37007874015748100 ) ;
#2018 = EDGE_CURVE ( 'NONE', #9455, #6890, #9620, .T. ) ;
#2019 = PRESENTATION_LAYER_ASSIGNMENT (  '', '', ( #3879 ) ) ;
#2020 = VECTOR ( 'NONE', #6377, 39.37007874015748100 ) ;
#2021 = EDGE_LOOP ( 'NONE', ( #394, #8345, #6853, #3108 ) ) ;
#2023 = CARTESIAN_POINT ( 'NONE',  ( 0.08011811023622049400, -0.2675000000000027900, 0.8122440944881915700 ) ) ;
#2022 = LINE ( 'NONE', #4525, #10805 ) ;
#2024 = VERTEX_POINT ( 'NONE', #10217 ) ;
#2025 = DIRECTION ( 'NONE',  ( 1.000000000000000000, 0.0000000000000000000, 3.441691376337984100E-015 ) ) ;
#2026 = ADVANCED_FACE ( 'NONE', ( #9878 ), #10425, .T. ) ;
#2027 = EDGE_CURVE ( 'NONE', #6475, #250, #7633, .T. ) ;
#2028 = ADVANCED_FACE ( 'NONE', ( #5624 ), #7698, .F. ) ;
#2029 = VECTOR ( 'NONE', #7085, 39.37007874015748100 ) ;
#2030 = VECTOR ( 'NONE', #1025, 39.37007874015748100 ) ;
#2031 = CARTESIAN_POINT ( 'NONE',  ( 0.2054877302721722900, -0.6172700275952924800, 0.4889530518230032500 ) ) ;
#2032 = LINE ( 'NONE', #10607, #10314 ) ;
#2033 = DIRECTION ( 'NONE',  ( -0.0000000000000000000, -1.000000000000000000, -0.0000000000000000000 ) ) ;
#2034 =( NAMED_UNIT ( * ) SI_UNIT ( $, .STERADIAN. ) SOLID_ANGLE_UNIT ( ) );
#2035 = ORIENTED_EDGE ( 'NONE', *, *, #10876, .F. ) ;
#2036 = SURFACE_STYLE_USAGE ( .BOTH. , #8052 ) ;
#2037 = LINE ( 'NONE', #3067, #3908 ) ;
#2038 = VECTOR ( 'NONE', #404, 39.37007874015748100 ) ;
#2039 = DIRECTION ( 'NONE',  ( -1.000000000000000000, 0.0000000000000000000, 0.0000000000000000000 ) ) ;
#2040 = VECTOR ( 'NONE', #10721, 39.37007874015748100 ) ;
#2041 = CARTESIAN_POINT ( 'NONE',  ( 0.09980314960629924100, 0.0000000000000000000, 0.01499999999999999900 ) ) ;
#2042 = LINE ( 'NONE', #8447, #5393 ) ;
#2043 = VECTOR ( 'NONE', #7667, 39.37007874015748900 ) ;
#2044 = CARTESIAN_POINT ( 'NONE',  ( -0.2874857209212000100, 0.1454527559055146500, 0.7021766083694339600 ) ) ;
#2045 = DIRECTION ( 'NONE',  ( 2.468850131082223500E-015, -0.7071067811865379100, -0.7071067811865571200 ) ) ;
#2046 = FACE_OUTER_BOUND ( 'NONE', #8655, .T. ) ;
#2047 = STYLED_ITEM ( 'NONE', ( #3130 ), #2652 ) ;
#2048 = DIRECTION ( 'NONE',  ( -1.000000000000000000, 2.385472965096935500E-016, 3.441691376337984500E-015 ) ) ;
#2049 = VECTOR ( 'NONE', #7094, 39.37007874015748100 ) ;
#2050 = ORIENTED_EDGE ( 'NONE', *, *, #6710, .T. ) ;
#2051 = DIRECTION ( 'NONE',  ( -0.0000000000000000000, 1.000000000000000000, -0.0000000000000000000 ) ) ;
#2052 = EDGE_LOOP ( 'NONE', ( #2376, #6421, #3828, #1518 ) ) ;
#2053 = ORIENTED_EDGE ( 'NONE', *, *, #959, .T. ) ;
#2054 = ORIENTED_EDGE ( 'NONE', *, *, #2018, .T. ) ;
#2055 = DIRECTION ( 'NONE',  ( -0.0000000000000000000, -1.000000000000000000, -0.0000000000000000000 ) ) ;
#2056 = PLANE ( 'NONE',  #3854 ) ;
#2057 = LINE ( 'NONE', #1404, #8756 ) ;
#2058 = LINE ( 'NONE', #8102, #3119 ) ;
#2059 = DIRECTION ( 'NONE',  ( -0.0000000000000000000, 3.498098040667654500E-015, 1.000000000000000000 ) ) ;
#2060 = CLOSED_SHELL ( 'NONE', ( #1333, #4128, #2872, #4036, #5145, #6287 ) ) ;
#2061 = VERTEX_POINT ( 'NONE', #7776 ) ;
#2062 = ORIENTED_EDGE ( 'NONE', *, *, #9354, .T. ) ;
#2063 = AXIS2_PLACEMENT_3D ( 'NONE', #9618, #4527, #2780 ) ;
#2064 = ADVANCED_FACE ( 'NONE', ( #6031 ), #10372, .T. ) ;
#2065 = EDGE_CURVE ( 'NONE', #2323, #1842, #4295, .T. ) ;
#2066 = ORIENTED_EDGE ( 'NONE', *, *, #5150, .F. ) ;
#2067 = ORIENTED_EDGE ( 'NONE', *, *, #7181, .T. ) ;
#2068 = LINE ( 'NONE', #3234, #9412 ) ;
#2069 = VERTEX_POINT ( 'NONE', #8594 ) ;
#2070 = VECTOR ( 'NONE', #6841, 39.37007874015748100 ) ;
#2071 = CARTESIAN_POINT ( 'NONE',  ( 0.03484251968503928500, -0.5313388496530164800, 0.7878425196850393800 ) ) ;
#2072 = EDGE_CURVE ( 'NONE', #1316, #599, #1090, .T. ) ;
#2073 = CARTESIAN_POINT ( 'NONE',  ( -0.2486744556699771700, -0.01332677165354327400, 0.05437007874015750700 ) ) ;
#2074 = VERTEX_POINT ( 'NONE', #9428 ) ;
#2075 = FILL_AREA_STYLE_COLOUR ( '', #5926 ) ;
#2076 = EDGE_LOOP ( 'NONE', ( #1988, #6081, #488, #10230 ) ) ;
#2077 = ORIENTED_EDGE ( 'NONE', *, *, #3413, .T. ) ;
#2078 = EDGE_LOOP ( 'NONE', ( #6259, #3734, #8154, #3155, #6544, #4771, #6878, #6667, #1948, #7617, #5896, #3144 ) ) ;
#2079 = ADVANCED_FACE ( 'NONE', ( #3489 ), #8151, .T. ) ;
#2080 = EDGE_LOOP ( 'NONE', ( #6065, #9061, #10284, #1003, #4945, #3180, #10739, #3482 ) ) ;
#2081 = CARTESIAN_POINT ( 'NONE',  ( 0.2975000000000023700, -0.1219842793760456800, 0.7479635790510845700 ) ) ;
#2082 = EDGE_CURVE ( 'NONE', #5481, #207, #9074, .T. ) ;
#2083 = VERTEX_POINT ( 'NONE', #3475 ) ;
#2084 = ORIENTED_EDGE ( 'NONE', *, *, #7046, .F. ) ;
#2085 = ORIENTED_EDGE ( 'NONE', *, *, #6190, .T. ) ;
#2086 = ORIENTED_EDGE ( 'NONE', *, *, #1364, .F. ) ;
#2087 =( NAMED_UNIT ( * ) PLANE_ANGLE_UNIT ( ) SI_UNIT ( $, .RADIAN. ) );
#2088 = ORIENTED_EDGE ( 'NONE', *, *, #8186, .F. ) ;
#2089 = CARTESIAN_POINT ( 'NONE',  ( -0.3125000000000023900, -0.1378615124517496000, 0.7690197545653726400 ) ) ;
#2090 = EDGE_CURVE ( 'NONE', #8488, #5987, #3741, .T. ) ;
#2091 = DIRECTION ( 'NONE',  ( 0.0000000000000000000, 1.000000000000000000, 0.0000000000000000000 ) ) ;
#2092 = UNCERTAINTY_MEASURE_WITH_UNIT (LENGTH_MEASURE( 1.000000000000000100E-005 ), #3268, 'distance_accuracy_value', 'NONE');
#2093 = VERTEX_POINT ( 'NONE', #7811 ) ;
#2094 = CARTESIAN_POINT ( 'NONE',  ( 0.2755905511811023700, -0.1324212598425196800, 0.01499999999999999900 ) ) ;
#2095 = EDGE_CURVE ( 'NONE', #5604, #9566, #6687, .T. ) ;
#2096 = AXIS2_PLACEMENT_3D ( 'NONE', #259, #7111, #181 ) ;
#2097 = MECHANICAL_DESIGN_GEOMETRIC_PRESENTATION_REPRESENTATION (  '', ( #5534 ), #1531 ) ;
#2098 = DIRECTION ( 'NONE',  ( 0.0000000000000000000, -1.000000000000000000, 0.0000000000000000000 ) ) ;
#2099 = VECTOR ( 'NONE', #1281, 39.37007874015748100 ) ;
#2100 = ORIENTED_EDGE ( 'NONE', *, *, #373, .T. ) ;
#2101 = EDGE_CURVE ( 'NONE', #1000, #1950, #7024, .T. ) ;
#2102 = ORIENTED_EDGE ( 'NONE', *, *, #5377, .T. ) ;
#2103 = PLANE ( 'NONE',  #6819 ) ;
#2104 = VERTEX_POINT ( 'NONE', #3549 ) ;
#2105 = DIRECTION ( 'NONE',  ( -0.0000000000000000000, -1.000000000000000000, -0.0000000000000000000 ) ) ;
#2106 = AXIS2_PLACEMENT_3D ( 'NONE', #8737, #1992, #4471 ) ;
#2107 = CARTESIAN_POINT ( 'NONE',  ( -0.3125000000000009400, -0.3856102362204703600, 0.2829999999999989200 ) ) ;
#2108 = DIRECTION ( 'NONE',  ( 0.0000000000000000000, 1.000000000000000000, 0.0000000000000000000 ) ) ;
#2109 = ORIENTED_EDGE ( 'NONE', *, *, #10924, .F. ) ;
#2110 = DIRECTION ( 'NONE',  ( -2.366193544264482700E-015, 0.7071067811865462400, 0.7071067811865487900 ) ) ;
#2111 = ORIENTED_EDGE ( 'NONE', *, *, #8414, .F. ) ;
#2112 = DIRECTION ( 'NONE',  ( 1.000000000000000000, 0.0000000000000000000, 0.0000000000000000000 ) ) ;
#2113 = PLANE ( 'NONE',  #3035 ) ;
#2114 = ADVANCED_FACE ( 'NONE', ( #6540 ), #7124, .T. ) ;
#2115 = CARTESIAN_POINT ( 'NONE',  ( -0.2970285954792090700, 0.2525000000000000000, 0.01499999999999999900 ) ) ;
#2116 = VERTEX_POINT ( 'NONE', #3619 ) ;
#2117 = CARTESIAN_POINT ( 'NONE',  ( -0.03188976377952755500, 0.3255628348940304800, 0.1601378170038762200 ) ) ;
#2118 = LINE ( 'NONE', #1609, #8113 ) ;
#2119 = ORIENTED_EDGE ( 'NONE', *, *, #1571, .F. ) ;
#2120 = CARTESIAN_POINT ( 'NONE',  ( 0.3065944881889773300, -0.3856102362204703600, 0.2849685039370067900 ) ) ;
#2121 = AXIS2_PLACEMENT_3D ( 'NONE', #9450, #2513, #6813 ) ;
#2122 = EDGE_CURVE ( 'NONE', #10999, #89, #1204, .T. ) ;
#2123 = ORIENTED_EDGE ( 'NONE', *, *, #10096, .T. ) ;
#2124 = CARTESIAN_POINT ( 'NONE',  ( -0.2417957872900946800, 0.09284335684306158100, 0.7529635790510819100 ) ) ;
#2125 = ORIENTED_EDGE ( 'NONE', *, *, #3479, .F. ) ;
#2126 = EDGE_CURVE ( 'NONE', #5799, #1060, #168, .T. ) ;
#2127 = ORIENTED_EDGE ( 'NONE', *, *, #5321, .T. ) ;
#2128 = FACE_OUTER_BOUND ( 'NONE', #7613, .T. ) ;
#2129 = VERTEX_POINT ( 'NONE', #7062 ) ;
#2130 = LINE ( 'NONE', #812, #4156 ) ;
#2131 = PLANE ( 'NONE',  #6650 ) ;
#2132 = CARTESIAN_POINT ( 'NONE',  ( 0.3125000000000026100, 0.1469172219995819900, 0.7214882898114463000 ) ) ;
#2133 =( GEOMETRIC_REPRESENTATION_CONTEXT ( 3 ) GLOBAL_UNCERTAINTY_ASSIGNED_CONTEXT ( ( #6901 ) ) GLOBAL_UNIT_ASSIGNED_CONTEXT ( ( #6783, #7684, #3465 ) ) REPRESENTATION_CONTEXT ( 'NONE', 'WORKASPACE' ) );
#2134 = ORIENTED_EDGE ( 'NONE', *, *, #2763, .F. ) ;
#2135 = DIRECTION ( 'NONE',  ( 0.0000000000000000000, -3.483718471400136200E-015, -1.000000000000000000 ) ) ;
#2136 = CIRCLE ( 'NONE', #7828, 0.004999999999999946300 ) ;
#2137 = ORIENTED_EDGE ( 'NONE', *, *, #5096, .F. ) ;
#2138 = EDGE_CURVE ( 'NONE', #9397, #648, #9609, .T. ) ;
#2139 = EDGE_CURVE ( 'NONE', #2457, #5799, #7097, .T. ) ;
#2140 = DIRECTION ( 'NONE',  ( 0.0000000000000000000, 0.0000000000000000000, -1.000000000000000000 ) ) ;
#2141 = VECTOR ( 'NONE', #6447, 39.37007874015748100 ) ;
#2142 = ORIENTED_EDGE ( 'NONE', *, *, #4089, .F. ) ;
#2143 = DIRECTION ( 'NONE',  ( -4.253578305794020300E-015, 0.0000000000000000000, 1.000000000000000000 ) ) ;
#2144 = DIRECTION ( 'NONE',  ( 1.000000000000000000, -0.0000000000000000000, -0.0000000000000000000 ) ) ;
#2145 = LINE ( 'NONE', #8877, #10951 ) ;
#2146 = VECTOR ( 'NONE', #7865, 39.37007874015748100 ) ;
#2147 = DIRECTION ( 'NONE',  ( 4.011848926865880400E-016, -1.000000000000000000, -0.0000000000000000000 ) ) ;
#2148 = CARTESIAN_POINT ( 'NONE',  ( 0.2486744556699771700, 0.06541338582677161400, 0.01500000000000001900 ) ) ;
#2149 = FACE_OUTER_BOUND ( 'NONE', #1406, .T. ) ;
#2150 = DIRECTION ( 'NONE',  ( 0.0000000000000000000, 2.276539994720217200E-015, 1.000000000000000000 ) ) ;
#2151 = AXIS2_PLACEMENT_3D ( 'NONE', #8486, #8410, #5943 ) ;
#2152 = FILL_AREA_STYLE_COLOUR ( '', #2157 ) ;
#2153 = EDGE_CURVE ( 'NONE', #491, #3803, #287, .T. ) ;
#2154 = DIRECTION ( 'NONE',  ( 1.000000000000000000, 0.0000000000000000000, -0.0000000000000000000 ) ) ;
#2155 = AXIS2_PLACEMENT_3D ( 'NONE', #9148, #8341, #10123 ) ;
#2156 = VECTOR ( 'NONE', #5914, 39.37007874015748100 ) ;
#2157 = COLOUR_RGB ( '',0.7921568627450980000, 0.8196078431372548800, 0.9333333333333333500 ) ;
#2158 = CARTESIAN_POINT ( 'NONE',  ( 0.2967928932188133600, 0.2524999999999999500, -9.357412258785974500E-016 ) ) ;
#2159 = FACE_OUTER_BOUND ( 'NONE', #4372, .T. ) ;
#2160 = EDGE_CURVE ( 'NONE', #6938, #214, #8963, .T. ) ;
#2161 = DIRECTION ( 'NONE',  ( 0.0000000000000000000, -3.469446951953613800E-015, 1.000000000000000000 ) ) ;
#2162 = ORIENTED_EDGE ( 'NONE', *, *, #269, .F. ) ;
#2163 = ADVANCED_FACE ( 'NONE', ( #1462 ), #8785, .F. ) ;
#2164 = PLANE ( 'NONE',  #5612 ) ;
#2165 = FACE_OUTER_BOUND ( 'NONE', #2631, .T. ) ;
#2166 = VECTOR ( 'NONE', #4652, 39.37007874015748100 ) ;
#2167 = LINE ( 'NONE', #131, #203 ) ;
#2168 = AXIS2_PLACEMENT_3D ( 'NONE', #1457, #3090, #3929 ) ;
#2169 = ORIENTED_EDGE ( 'NONE', *, *, #2002, .F. ) ;
#2170 = CARTESIAN_POINT ( 'NONE',  ( 0.2249999999999999800, -0.6172700275952924800, 0.4279999999999999400 ) ) ;
#2171 = VECTOR ( 'NONE', #2583, 39.37007874015748100 ) ;
#2172 = CARTESIAN_POINT ( 'NONE',  ( -0.01220472440944881700, 0.1522291837916265600, 0.4674415849128674100 ) ) ;
#2173 = CARTESIAN_POINT ( 'NONE',  ( 0.3125000000000025000, 0.09284335684306156700, 0.7529635790510822400 ) ) ;
#2174 = VECTOR ( 'NONE', #2971, 39.37007874015748100 ) ;
#2175 = LINE ( 'NONE', #2529, #8482 ) ;
#2176 = DIRECTION ( 'NONE',  ( 0.0000000000000000000, 0.0000000000000000000, 1.000000000000000000 ) ) ;
#2177 = CARTESIAN_POINT ( 'NONE',  ( -0.2975000000000001000, 0.2517928932188134800, 0.01499999999999999900 ) ) ;
#2178 = LINE ( 'NONE', #1819, #1930 ) ;
#2179 = ORIENTED_EDGE ( 'NONE', *, *, #1889, .T. ) ;
#2180 = ORIENTED_EDGE ( 'NONE', *, *, #9083, .F. ) ;
#2181 = ORIENTED_EDGE ( 'NONE', *, *, #7896, .T. ) ;
#2182 = SURFACE_SIDE_STYLE ('',( #4994 ) ) ;
#2183 = FILL_AREA_STYLE ('',( #9900 ) ) ;
#2184 = EDGE_LOOP ( 'NONE', ( #2668, #10628, #9287, #1133 ) ) ;
#2185 = MECHANICAL_DESIGN_GEOMETRIC_PRESENTATION_REPRESENTATION (  '', ( #2047 ), #10048 ) ;
#2186 = DIRECTION ( 'NONE',  ( 0.0000000000000000000, 1.000000000000000000, 0.0000000000000000000 ) ) ;
#2187 = EDGE_CURVE ( 'NONE', #9960, #8212, #4006, .T. ) ;
#2188 = VECTOR ( 'NONE', #1984, 39.37007874015748100 ) ;
#2189 = DIRECTION ( 'NONE',  ( -0.0000000000000000000, -0.0000000000000000000, -1.000000000000000000 ) ) ;
#2190 = CARTESIAN_POINT ( 'NONE',  ( -0.2975000000000025400, 0.1087205899187654700, 0.7479635790510822400 ) ) ;
#2191 = VERTEX_POINT ( 'NONE', #8744 ) ;
#2192 = DIRECTION ( 'NONE',  ( -0.7071067811865462400, 0.0000000000000000000, 0.7071067811865486800 ) ) ;
#2193 = AXIS2_PLACEMENT_3D ( 'NONE', #10430, #2677, #10466 ) ;
#2194 = ORIENTED_EDGE ( 'NONE', *, *, #7089, .T. ) ;
#2195 = ORIENTED_EDGE ( 'NONE', *, *, #9591, .T. ) ;
#2196 = EDGE_LOOP ( 'NONE', ( #7785, #626, #204, #370, #387, #9922, #8393, #7957 ) ) ;
#2197 = SURFACE_STYLE_USAGE ( .BOTH. , #7391 ) ;
#2198 = VECTOR ( 'NONE', #4910, 39.37007874015748100 ) ;
#2199 = ORIENTED_EDGE ( 'NONE', *, *, #7435, .T. ) ;
#2200 = FACE_OUTER_BOUND ( 'NONE', #11037, .T. ) ;
#2201 = AXIS2_PLACEMENT_3D ( 'NONE', #2524, #853, #5890 ) ;
#2202 = DIRECTION ( 'NONE',  ( 3.623343611582382800E-015, -0.0000000000000000000, 1.000000000000000000 ) ) ;
#2203 = EDGE_LOOP ( 'NONE', ( #92, #668, #10497, #916 ) ) ;
#2204 = CARTESIAN_POINT ( 'NONE',  ( 0.2054877305574726300, -0.3301681886776942600, 0.4976807923188747400 ) ) ;
#2205 = ORIENTED_EDGE ( 'NONE', *, *, #3622, .T. ) ;
#2206 = VERTEX_POINT ( 'NONE', #4721 ) ;
#2207 = EDGE_CURVE ( 'NONE', #2208, #9470, #7345, .T. ) ;
#2208 = VERTEX_POINT ( 'NONE', #2173 ) ;
#2209 = EDGE_CURVE ( 'NONE', #4348, #5987, #9868, .T. ) ;
#2210 = DIRECTION ( 'NONE',  ( -0.0000000000000000000, -1.000000000000000000, -0.0000000000000000000 ) ) ;
#2211 = LINE ( 'NONE', #10762, #6772 ) ;
#2212 = CARTESIAN_POINT ( 'NONE',  ( 0.9786058776227789500, -0.2675000000000001800, 0.6900912614787636500 ) ) ;
#2213 = ORIENTED_EDGE ( 'NONE', *, *, #6311, .F. ) ;
#2214 = DIRECTION ( 'NONE',  ( 0.0000000000000000000, 1.000000000000000000, -3.557093741750340100E-015 ) ) ;
#2215 = PLANE ( 'NONE',  #5197 ) ;
#2216 = ORIENTED_EDGE ( 'NONE', *, *, #3030, .T. ) ;
#2217 = CARTESIAN_POINT ( 'NONE',  ( 0.1848425196850392300, -0.5313388496530164800, 0.6878425196850395100 ) ) ;
#2218 = AXIS2_PLACEMENT_3D ( 'NONE', #5734, #9933, #7527 ) ;
#2219 = CARTESIAN_POINT ( 'NONE',  ( 0.3125000000000023900, -0.1861070463003418300, 0.7690197545653726400 ) ) ;
#2220 = VERTEX_POINT ( 'NONE', #1322 ) ;
#2221 = FILL_AREA_STYLE ('',( #484 ) ) ;
#2222 = EDGE_CURVE ( 'NONE', #7819, #10528, #1888, .T. ) ;
#2223 = DIRECTION ( 'NONE',  ( 1.000000000000000000, 7.400031521858132100E-030, 0.0000000000000000000 ) ) ;
#2224 = ADVANCED_FACE ( 'NONE', ( #5082 ), #7909, .T. ) ;
#2225 = CARTESIAN_POINT ( 'NONE',  ( -0.2975000000000001000, 0.2525000000000000600, -1.067128122525102800E-017 ) ) ;
#2226 = VECTOR ( 'NONE', #5099, 39.37007874015748100 ) ;
#2227 = VERTEX_POINT ( 'NONE', #8816 ) ;
#2228 = EDGE_CURVE ( 'NONE', #1708, #4009, #7623, .T. ) ;
#2229 = DIRECTION ( 'NONE',  ( 1.458800866809831900E-016, 1.000000000000000000, 6.205123719535811900E-031 ) ) ;
#2230 = CARTESIAN_POINT ( 'NONE',  ( -0.2417957872900946800, 0.04459782299446939100, 0.7529635790510819100 ) ) ;
#2231 = ADVANCED_FACE ( 'NONE', ( #533 ), #5360, .T. ) ;
#2232 = VECTOR ( 'NONE', #10689, 39.37007874015748100 ) ;
#2233 = VECTOR ( 'NONE', #9616, 39.37007874015748100 ) ;
#2234 = AXIS2_PLACEMENT_3D ( 'NONE', #6117, #25, #1732 ) ;
#2235 = EDGE_LOOP ( 'NONE', ( #8413, #7680, #2109, #9471 ) ) ;
#2236 = DIRECTION ( 'NONE',  ( -1.000000000000000000, 0.0000000000000000000, -3.623343611582458500E-015 ) ) ;
#2237 = ORIENTED_EDGE ( 'NONE', *, *, #7247, .F. ) ;
#2238 = EDGE_CURVE ( 'NONE', #143, #4543, #2818, .T. ) ;
#2239 = LINE ( 'NONE', #10280, #5 ) ;
#2240 = ORIENTED_EDGE ( 'NONE', *, *, #6647, .T. ) ;
#2241 = DIRECTION ( 'NONE',  ( -0.0000000000000000000, 1.000000000000000000, 0.0000000000000000000 ) ) ;
#2242 = DIRECTION ( 'NONE',  ( 1.000000000000000000, -0.0000000000000000000, 0.0000000000000000000 ) ) ;
#2243 = DIRECTION ( 'NONE',  ( 0.0000000000000000000, 3.469446951953613800E-015, -1.000000000000000000 ) ) ;
#2244 = EDGE_LOOP ( 'NONE', ( #6539, #6900, #9626, #2240 ) ) ;
#2245 = DIRECTION ( 'NONE',  ( -0.0000000000000000000, 1.000000000000000000, 0.0000000000000000000 ) ) ;
#2246 = LINE ( 'NONE', #6604, #10783 ) ;
#2247 = ORIENTED_EDGE ( 'NONE', *, *, #2018, .F. ) ;
#2248 = DIRECTION ( 'NONE',  ( -1.000000000000000000, -1.458800866809831600E-016, 3.623343611582382800E-015 ) ) ;
#2249 = AXIS2_PLACEMENT_3D ( 'NONE', #847, #8432, #3311 ) ;
#2250 = DIRECTION ( 'NONE',  ( 0.0000000000000000000, 1.000000000000000000, 0.0000000000000000000 ) ) ;
#2251 = CARTESIAN_POINT ( 'NONE',  ( 0.1949240715574873100, -0.01332677165354327400, 0.2170187865154117300 ) ) ;
#2252 = ORIENTED_EDGE ( 'NONE', *, *, #9369, .T. ) ;
#2253 = PLANE ( 'NONE',  #3769 ) ;
#2254 = CARTESIAN_POINT ( 'NONE',  ( -0.2486744556699771700, 0.06541338582677162800, 0.01500000000000001900 ) ) ;
#2255 = VECTOR ( 'NONE', #7573, 39.37007874015748900 ) ;
#2256 = ORIENTED_EDGE ( 'NONE', *, *, #6357, .F. ) ;
#2257 = AXIS2_PLACEMENT_3D ( 'NONE', #9286, #9430, #3442 ) ;
#2258 = EDGE_CURVE ( 'NONE', #6676, #2484, #10285, .T. ) ;
#2259 = ORIENTED_EDGE ( 'NONE', *, *, #9314, .T. ) ;
#2260 = DIRECTION ( 'NONE',  ( 0.0000000000000000000, 0.0000000000000000000, -1.000000000000000000 ) ) ;
#2261 = EDGE_CURVE ( 'NONE', #10483, #8780, #6824, .T. ) ;
#2262 = VECTOR ( 'NONE', #5972, 39.37007874015748900 ) ;
#2263 = DIRECTION ( 'NONE',  ( 0.0000000000000000000, -0.4413750231038431300, 0.8973227340149595400 ) ) ;
#2264 = LINE ( 'NONE', #1473, #3376 ) ;
#2265 = ADVANCED_FACE ( 'NONE', ( #6176 ), #3976, .T. ) ;
#2266 = CARTESIAN_POINT ( 'NONE',  ( 0.2054877305214773700, -0.3287872320861740500, 0.4965796465614436000 ) ) ;
#2267 = FACE_OUTER_BOUND ( 'NONE', #880, .T. ) ;
#2268 = ORIENTED_EDGE ( 'NONE', *, *, #6825, .F. ) ;
#2269 = PLANE ( 'NONE',  #4072 ) ;
#2270 = LINE ( 'NONE', #276, #7501 ) ;
#2271 = CARTESIAN_POINT ( 'NONE',  ( 0.2486744556699771700, 0.06541338582677157200, 0.05437007874015750700 ) ) ;
#2272 = ORIENTED_EDGE ( 'NONE', *, *, #10438, .T. ) ;
#2273 = AXIS2_PLACEMENT_3D ( 'NONE', #9063, #6566, #672 ) ;
#2274 =( LENGTH_UNIT ( ) NAMED_UNIT ( * ) SI_UNIT ( $, .METRE. ) );
#2275 = CARTESIAN_POINT ( 'NONE',  ( 0.1578740157480314800, 0.004804859663680982400, 0.8122440944881890200 ) ) ;
#2276 = LINE ( 'NONE', #6906, #9093 ) ;
#2277 = EDGE_CURVE ( 'NONE', #4256, #9205, #3060, .T. ) ;
#2278 = SURFACE_SIDE_STYLE ('',( #10664 ) ) ;
#2280 = DIRECTION ( 'NONE',  ( 0.0000000000000000000, 1.000000000000000000, 0.0000000000000000000 ) ) ;
#2279 = FACE_BOUND ( 'NONE', #10868, .T. ) ;
#2281 = CARTESIAN_POINT ( 'NONE',  ( 0.1153543307086614100, 0.3255628348940304800, 0.1601378170038762200 ) ) ;
#2282 = DIRECTION ( 'NONE',  ( 0.0000000000000000000, -0.4413750231038431300, 0.8973227340149595400 ) ) ;
#2283 = FACE_OUTER_BOUND ( 'NONE', #1953, .T. ) ;
#2284 = CARTESIAN_POINT ( 'NONE',  ( 0.1948031496062992700, -0.2052511311690032600, 0.0000000000000000000 ) ) ;
#2285 = MANIFOLD_SOLID_BREP ( 'Cut-Extrude15', #10650 ) ;
#2286 = ORIENTED_EDGE ( 'NONE', *, *, #9716, .F. ) ;
#2287 = EDGE_CURVE ( 'NONE', #9178, #8288, #7770, .T. ) ;
#2288 = DIRECTION ( 'NONE',  ( -3.414809992080319300E-015, 0.0000000000000000000, 1.000000000000000000 ) ) ;
#2289 = CARTESIAN_POINT ( 'NONE',  ( 0.1848425196850392300, -0.5313388496530164800, 0.6681574803149605800 ) ) ;
#2290 = CARTESIAN_POINT ( 'NONE',  ( -0.2249999999999999800, -0.3775000000000013900, 0.4279999999999999400 ) ) ;
#2291 = VECTOR ( 'NONE', #3835, 39.37007874015748100 ) ;
#2292 = CARTESIAN_POINT ( 'NONE',  ( -0.2519685039370078700, -0.01332677165354330000, 0.01499999999999999900 ) ) ;
#2293 = LINE ( 'NONE', #1913, #10571 ) ;
#2294 = CARTESIAN_POINT ( 'NONE',  ( 0.3125000000000022800, 0.2525000000000049400, 0.8199999999999999500 ) ) ;
#2295 = LINE ( 'NONE', #6245, #8872 ) ;
#2297 = ORIENTED_EDGE ( 'NONE', *, *, #3687, .T. ) ;
#2296 = DIRECTION ( 'NONE',  ( -0.0000000000000000000, 1.000000000000000000, -0.0000000000000000000 ) ) ;
#2298 = EDGE_CURVE ( 'NONE', #171, #6359, #3199, .T. ) ;
#2299 = LINE ( 'NONE', #1595, #8876 ) ;
#2300 = CIRCLE ( 'NONE', #7431, 0.02000000000000005900 ) ;
#2301 = PLANE ( 'NONE',  #1200 ) ;
#2302 = EDGE_CURVE ( 'NONE', #10539, #8620, #3423, .T. ) ;
#2303 = LINE ( 'NONE', #5168, #4345 ) ;
#2304 = EDGE_LOOP ( 'NONE', ( #7699, #1209, #2698, #9735 ) ) ;
#2305 = DIRECTION ( 'NONE',  ( 1.000000000000000000, -0.0000000000000000000, 3.453004075404071500E-015 ) ) ;
#2306 = VERTEX_POINT ( 'NONE', #10747 ) ;
#2307 = ORIENTED_EDGE ( 'NONE', *, *, #9739, .T. ) ;
#2308 = ORIENTED_EDGE ( 'NONE', *, *, #2334, .T. ) ;
#2309 = DIRECTION ( 'NONE',  ( -1.000000000000000000, 0.0000000000000000000, 3.441691376337984100E-015 ) ) ;
#2310 = ORIENTED_EDGE ( 'NONE', *, *, #7377, .T. ) ;
#2311 = VECTOR ( 'NONE', #2147, 39.37007874015748100 ) ;
#2312 = ADVANCED_FACE ( 'NONE', ( #5300 ), #11008, .T. ) ;
#2313 = CIRCLE ( 'NONE', #4575, 0.02000000000000005900 ) ;
#2314 = DIRECTION ( 'NONE',  ( 3.791200677927629800E-031, 1.000000000000000000, 3.469446951953614200E-015 ) ) ;
#2315 = AXIS2_PLACEMENT_3D ( 'NONE', #382, #7172, #9585 ) ;
#2316 = CARTESIAN_POINT ( 'NONE',  ( 0.01062992125984253000, -0.01737224260835761400, 0.8122440944881890200 ) ) ;
#2317 = ORIENTED_EDGE ( 'NONE', *, *, #8997, .F. ) ;
#2318 = ORIENTED_EDGE ( 'NONE', *, *, #6461, .T. ) ;
#2319 = ORIENTED_EDGE ( 'NONE', *, *, #4966, .T. ) ;
#2320 =( NAMED_UNIT ( * ) SI_UNIT ( $, .STERADIAN. ) SOLID_ANGLE_UNIT ( ) );
#2321 = DIRECTION ( 'NONE',  ( 1.000000000000000000, -0.0000000000000000000, 0.0000000000000000000 ) ) ;
#2322 = ORIENTED_EDGE ( 'NONE', *, *, #6165, .F. ) ;
#2323 = VERTEX_POINT ( 'NONE', #1358 ) ;
#2324 = DIRECTION ( 'NONE',  ( 0.0000000000000000000, 0.0000000000000000000, -1.000000000000000000 ) ) ;
#2325 = VECTOR ( 'NONE', #5110, 39.37007874015748100 ) ;
#2326 = ORIENTED_EDGE ( 'NONE', *, *, #8147, .F. ) ;
#2327 = VECTOR ( 'NONE', #6152, 39.37007874015748100 ) ;
#2328 = CARTESIAN_POINT ( 'NONE',  ( 0.9786058776227790600, -0.1771838596522949400, 0.01500000000000016600 ) ) ;
#2329 = ORIENTED_EDGE ( 'NONE', *, *, #8970, .F. ) ;
#2330 = ADVANCED_FACE ( 'NONE', ( #5477 ), #4363, .T. ) ;
#2331 = ORIENTED_EDGE ( 'NONE', *, *, #1099, .F. ) ;
#2332 = ORIENTED_EDGE ( 'NONE', *, *, #4995, .T. ) ;
#2333 = DIRECTION ( 'NONE',  ( 1.000000000000000000, -0.0000000000000000000, -0.0000000000000000000 ) ) ;
#2334 = EDGE_CURVE ( 'NONE', #1538, #5860, #5153, .T. ) ;
#2335 = EDGE_LOOP ( 'NONE', ( #6888, #8957, #4734, #3490 ) ) ;
#2336 = DIRECTION ( 'NONE',  ( 0.0000000000000000000, 1.000000000000000000, 0.0000000000000000000 ) ) ;
#2337 = CARTESIAN_POINT ( 'NONE',  ( -0.1594488188976377900, 0.0000000000000000000, 0.0000000000000000000 ) ) ;
#2338 = EDGE_LOOP ( 'NONE', ( #2592, #3852, #1193, #8247 ) ) ;
#2339 = FACE_OUTER_BOUND ( 'NONE', #7570, .T. ) ;
#2340 = DIRECTION ( 'NONE',  ( 0.0000000000000000000, -1.000000000000000000, 0.0000000000000000000 ) ) ;
#2341 = EDGE_LOOP ( 'NONE', ( #9273, #5442, #8705, #2169 ) ) ;
#2342 = EDGE_LOOP ( 'NONE', ( #17, #47, #1959, #6101 ) ) ;
#2343 = LINE ( 'NONE', #9268, #7432 ) ;
#2344 = ORIENTED_EDGE ( 'NONE', *, *, #8388, .F. ) ;
#2345 = EDGE_LOOP ( 'NONE', ( #10543, #7980, #2756, #473, #7963, #9732, #6788, #8912 ) ) ;
#2346 = PLANE ( 'NONE',  #7729 ) ;
#2347 = VERTEX_POINT ( 'NONE', #537 ) ;
#2349 = AXIS2_PLACEMENT_3D ( 'NONE', #2675, #4474, #3581 ) ;
#2348 = DIRECTION ( 'NONE',  ( -0.0000000000000000000, -1.000000000000000000, -0.0000000000000000000 ) ) ;
#2350 = CARTESIAN_POINT ( 'NONE',  ( -1.461507861341100800E-031, -0.3854999999999999000, -1.389844020060765000E-015 ) ) ;
#2351 = CARTESIAN_POINT ( 'NONE',  ( -0.09842519685039369200, -0.2052511311690032600, 0.01499999999999999900 ) ) ;
#2352 = EDGE_CURVE ( 'NONE', #1162, #344, #7563, .T. ) ;
#2353 = DIRECTION ( 'NONE',  ( -1.000000000000000000, 3.791200677927630300E-031, 0.0000000000000000000 ) ) ;
#2354 = LINE ( 'NONE', #2023, #1425 ) ;
#2355 = EDGE_LOOP ( 'NONE', ( #2767, #8687, #6641, #1694 ) ) ;
#2356 = CARTESIAN_POINT ( 'NONE',  ( -0.2975000000000024800, -0.2675000000000001800, 0.6900912614787635400 ) ) ;
#2357 = DIRECTION ( 'NONE',  ( -0.0000000000000000000, -0.0000000000000000000, -1.000000000000000000 ) ) ;
#2358 = AXIS2_PLACEMENT_3D ( 'NONE', #1772, #10239, #2628 ) ;
#2359 = LENGTH_MEASURE_WITH_UNIT ( LENGTH_MEASURE( 0.02539999999999999900 ), #805 );
#2360 = ORIENTED_EDGE ( 'NONE', *, *, #9583, .F. ) ;
#2361 = DIRECTION ( 'NONE',  ( 0.0000000000000000000, 0.0000000000000000000, 1.000000000000000000 ) ) ;
#2362 = ORIENTED_EDGE ( 'NONE', *, *, #3612, .F. ) ;
#2363 = CARTESIAN_POINT ( 'NONE',  ( 0.2417957872900946800, -0.1811070463003417700, 0.7479635790510820200 ) ) ;
#2364 = EDGE_CURVE ( 'NONE', #290, #938, #7288, .T. ) ;
#2365 = CARTESIAN_POINT ( 'NONE',  ( 0.3125000000000022800, 0.1087205899187654700, 0.7879635790510846100 ) ) ;
#2366 = AXIS2_PLACEMENT_3D ( 'NONE', #6717, #5046, #4273 ) ;
#2367 = DIRECTION ( 'NONE',  ( -0.0000000000000000000, 0.0000000000000000000, -1.000000000000000000 ) ) ;
#2368 = DIRECTION ( 'NONE',  ( -1.000000000000000000, -1.458800866809831600E-016, 3.623343611582382800E-015 ) ) ;
#2369 = ORIENTED_EDGE ( 'NONE', *, *, #9307, .T. ) ;
#2370 = ADVANCED_FACE ( 'NONE', ( #9558 ), #693, .T. ) ;
#2371 = PLANE ( 'NONE',  #3404 ) ;
#2372 = DIRECTION ( 'NONE',  ( 0.0000000000000000000, 0.0000000000000000000, -1.000000000000000000 ) ) ;
#2373 = VECTOR ( 'NONE', #2636, 39.37007874015748100 ) ;
#2374 = ORIENTED_EDGE ( 'NONE', *, *, #3820, .T. ) ;
#2375 = EDGE_CURVE ( 'NONE', #4659, #1015, #7156, .T. ) ;
#2376 = ORIENTED_EDGE ( 'NONE', *, *, #5866, .F. ) ;
#2377 = DIRECTION ( 'NONE',  ( 4.253578305794020300E-015, 0.0000000000000000000, -1.000000000000000000 ) ) ;
#2378 = CARTESIAN_POINT ( 'NONE',  ( 0.2417957872900946000, -0.1378615124517495700, 0.7690197545653724200 ) ) ;
#2379 = ORIENTED_EDGE ( 'NONE', *, *, #3324, .T. ) ;
#2380 = AXIS2_PLACEMENT_3D ( 'NONE', #4188, #6712, #3322 ) ;
#2381 = DIRECTION ( 'NONE',  ( -1.000000000000000000, -0.0000000000000000000, -0.0000000000000000000 ) ) ;
#2382 = CARTESIAN_POINT ( 'NONE',  ( 0.2966278565449310700, -0.1811070463003418000, 0.7690197545653726400 ) ) ;
#2383 = LINE ( 'NONE', #2254, #6160 ) ;
#2384 = VERTEX_POINT ( 'NONE', #8361 ) ;
#2385 = ADVANCED_FACE ( 'NONE', ( #744 ), #622, .F. ) ;
#2386 = SURFACE_SIDE_STYLE ('',( #5103 ) ) ;
#2387 = DIRECTION ( 'NONE',  ( -1.000000000000000000, -2.385472965096935500E-016, -3.441691376337984500E-015 ) ) ;
#2388 = EDGE_LOOP ( 'NONE', ( #1796, #4126, #3947, #3958 ) ) ;
#2389 = VERTEX_POINT ( 'NONE', #9119 ) ;
#2390 = SURFACE_SIDE_STYLE ('',( #9481 ) ) ;
#2391 = DIRECTION ( 'NONE',  ( -1.000000000000000000, -3.491481338843133700E-015, 1.224956986590464300E-029 ) ) ;
#2392 = ORIENTED_EDGE ( 'NONE', *, *, #3913, .T. ) ;
#2393 = LINE ( 'NONE', #8544, #3618 ) ;
#2394 = VERTEX_POINT ( 'NONE', #9198 ) ;
#2395 = CARTESIAN_POINT ( 'NONE',  ( 0.2874857209211998900, -0.2515000000000000000, 0.7021766083694317400 ) ) ;
#2396 = FACE_OUTER_BOUND ( 'NONE', #8201, .T. ) ;
#2397 = DIRECTION ( 'NONE',  ( -1.000000000000000000, 0.0000000000000000000, 3.453004075404071500E-015 ) ) ;
#2398 = DIMENSIONAL_EXPONENTS ( 1.000000000000000000, 0.0000000000000000000, 0.0000000000000000000, 0.0000000000000000000, 0.0000000000000000000, 0.0000000000000000000, 0.0000000000000000000 ) ;
#2399 = CARTESIAN_POINT ( 'NONE',  ( 0.0000000000000000000, 5.940041322148724500E-015, 0.8350000000000017400 ) ) ;
#2400 = LENGTH_MEASURE_WITH_UNIT ( LENGTH_MEASURE( 0.02539999999999999900 ), #797 );
#2401 = ORIENTED_EDGE ( 'NONE', *, *, #5746, .T. ) ;
#2402 = FACE_OUTER_BOUND ( 'NONE', #4349, .T. ) ;
#2403 = DIRECTION ( 'NONE',  ( 3.791200677927630300E-031, 1.000000000000000000, 3.469446951953613800E-015 ) ) ;
#2405 = CARTESIAN_POINT ( 'NONE',  ( 0.2054877260417568000, -0.3286924049315635400, 0.3595386517889881400 ) ) ;
#2404 = VECTOR ( 'NONE', #6785, 39.37007874015748100 ) ;
#2406 = ORIENTED_EDGE ( 'NONE', *, *, #8395, .F. ) ;
#2407 = CARTESIAN_POINT ( 'NONE',  ( 0.2975000000000021500, 0.2675000000000049000, 0.8199999999999999500 ) ) ;
#2408 = ORIENTED_EDGE ( 'NONE', *, *, #4789, .T. ) ;
#2409 = VECTOR ( 'NONE', #3952, 39.37007874015748100 ) ;
#2410 = VERTEX_POINT ( 'NONE', #6595 ) ;
#2411 = DIRECTION ( 'NONE',  ( -0.0000000000000000000, 1.000000000000000000, 2.551844114882811400E-016 ) ) ;
#2412 = CARTESIAN_POINT ( 'NONE',  ( 0.3125000000000010500, -0.2517928932188134300, 0.3026850393700775700 ) ) ;
#2413 = VECTOR ( 'NONE', #6294, 39.37007874015748100 ) ;
#2414 = FACE_OUTER_BOUND ( 'NONE', #2235, .T. ) ;
#2415 = AXIS2_PLACEMENT_3D ( 'NONE', #10537, #7955, #3719 ) ;
#2416 = LINE ( 'NONE', #4262, #310 ) ;
#2417 = EDGE_CURVE ( 'NONE', #4357, #7271, #9288, .T. ) ;
#2418 = DIRECTION ( 'NONE',  ( 0.0000000000000000000, 0.0000000000000000000, -1.000000000000000000 ) ) ;
#2419 = LINE ( 'NONE', #3028, #9624 ) ;
#2420 = EDGE_CURVE ( 'NONE', #5987, #4889, #7042, .T. ) ;
#2421 = CARTESIAN_POINT ( 'NONE',  ( 0.2500000000000000000, -0.1174558555784520800, 0.8122440944881890200 ) ) ;
#2422 = CARTESIAN_POINT ( 'NONE',  ( -0.1848425196850394000, -0.5313388496530164800, 0.7878425196850393800 ) ) ;
#2423 = LINE ( 'NONE', #7403, #7117 ) ;
#2424 = VECTOR ( 'NONE', #4192, 39.37007874015748100 ) ;
#2425 = DIRECTION ( 'NONE',  ( -7.400031521858132100E-030, 1.000000000000000000, -2.526970158255056200E-044 ) ) ;
#2426 = ADVANCED_FACE ( 'NONE', ( #9810 ), #2472, .T. ) ;
#2427 = LINE ( 'NONE', #7279, #5636 ) ;
#2428 = AXIS2_PLACEMENT_3D ( 'NONE', #190, #6940, #2637 ) ;
#2430 = DIRECTION ( 'NONE',  ( -1.000000000000000000, 0.0000000000000000000, 0.0000000000000000000 ) ) ;
#2429 = VECTOR ( 'NONE', #3034, 39.37007874015748100 ) ;
#2431 = DIRECTION ( 'NONE',  ( 0.0000000000000000000, 0.0000000000000000000, -1.000000000000000000 ) ) ;
#2432 = ORIENTED_EDGE ( 'NONE', *, *, #6977, .F. ) ;
#2433 = EDGE_CURVE ( 'NONE', #9937, #1060, #6761, .T. ) ;
#2434 = DIRECTION ( 'NONE',  ( 1.000000000000000000, 7.400031521858132100E-030, 3.623343611582458500E-015 ) ) ;
#2435 = SURFACE_STYLE_FILL_AREA ( #7372 ) ;
#2436 = VECTOR ( 'NONE', #3790, 39.37007874015748100 ) ;
#2437 = PLANE ( 'NONE',  #4613 ) ;
#2438 = LINE ( 'NONE', #8793, #8989 ) ;
#2439 = ORIENTED_EDGE ( 'NONE', *, *, #1122, .T. ) ;
#2440 = VERTEX_POINT ( 'NONE', #6638 ) ;
#2441 = EDGE_CURVE ( 'NONE', #9687, #6030, #480, .T. ) ;
#2442 = CARTESIAN_POINT ( 'NONE',  ( -0.2967928932188134700, -0.2124228144786558000, 0.8350000000000033000 ) ) ;
#2443 = CARTESIAN_POINT ( 'NONE',  ( 0.2975000000000022600, 0.02872058991876547500, 0.7879635790510846100 ) ) ;
#2444 = CARTESIAN_POINT ( 'NONE',  ( -0.2975000000000010400, -0.3856102362204703600, 0.3026850393700776200 ) ) ;
#2445 = ADVANCED_FACE ( 'NONE', ( #598 ), #10861, .T. ) ;
#2446 = DIRECTION ( 'NONE',  ( 0.0000000000000000000, 0.0000000000000000000, 1.000000000000000000 ) ) ;
#2447 = DIRECTION ( 'NONE',  ( -0.0000000000000000000, 1.000000000000000000, -0.0000000000000000000 ) ) ;
#2448 = VECTOR ( 'NONE', #9427, 39.37007874015748100 ) ;
#2449 = VECTOR ( 'NONE', #4065, 39.37007874015748100 ) ;
#2450 = FACE_OUTER_BOUND ( 'NONE', #8574, .T. ) ;
#2451 = EDGE_CURVE ( 'NONE', #143, #1313, #5021, .T. ) ;
#2452 = AXIS2_PLACEMENT_3D ( 'NONE', #3198, #5712, #8366 ) ;
#2453 = DIRECTION ( 'NONE',  ( -3.414809992080329900E-015, 0.0000000000000000000, 1.000000000000000000 ) ) ;
#2454 = ORIENTED_EDGE ( 'NONE', *, *, #10949, .F. ) ;
#2455 = VERTEX_POINT ( 'NONE', #7421 ) ;
#2456 = PLANE ( 'NONE',  #3318 ) ;
#2457 = VERTEX_POINT ( 'NONE', #5772 ) ;
#2458 = CLOSED_SHELL ( 'NONE', ( #5293, #7790, #10614, #9050, #4835, #2010 ) ) ;
#2459 = CARTESIAN_POINT ( 'NONE',  ( 0.1751181102362205100, -0.1174558555784520600, 0.8122440944881890200 ) ) ;
#2460 = LENGTH_MEASURE_WITH_UNIT ( LENGTH_MEASURE( 0.02539999999999999900 ), #6093 );
#2461 = EDGE_CURVE ( 'NONE', #3424, #1753, #2068, .T. ) ;
#2462 = DIRECTION ( 'NONE',  ( -1.000000000000000000, 1.458800866809831600E-016, -3.623343611582382000E-015 ) ) ;
#2463 = PLANE ( 'NONE',  #2871 ) ;
#2464 = ORIENTED_EDGE ( 'NONE', *, *, #2787, .T. ) ;
#2465 = ORIENTED_EDGE ( 'NONE', *, *, #9502, .F. ) ;
#2466 = VERTEX_POINT ( 'NONE', #4832 ) ;
#2467 = CARTESIAN_POINT ( 'NONE',  ( -0.1948031496062992700, -0.1371408949485308200, 0.01499999999999999900 ) ) ;
#2468 = CARTESIAN_POINT ( 'NONE',  ( 0.3124999999999999400, 0.2520285954792090300, 0.007146018366025476100 ) ) ;
#2469 = EDGE_LOOP ( 'NONE', ( #2770, #7040, #1459, #448 ) ) ;
#2470 =( NAMED_UNIT ( * ) SI_UNIT ( $, .STERADIAN. ) SOLID_ANGLE_UNIT ( ) );
#2471 = SURFACE_STYLE_USAGE ( .BOTH. , #8507 ) ;
#2472 = CYLINDRICAL_SURFACE ( 'NONE', #349, 0.004999999999999946300 ) ;
#2473 = ORIENTED_EDGE ( 'NONE', *, *, #5720, .F. ) ;
#2474 = VECTOR ( 'NONE', #6181, 39.37007874015748100 ) ;
#2475 = ORIENTED_EDGE ( 'NONE', *, *, #1012, .T. ) ;
#2476 = CARTESIAN_POINT ( 'NONE',  ( 0.2125984251968503800, 0.06541338582677166900, 0.01499999999999999900 ) ) ;
#2477 = FILL_AREA_STYLE ('',( #9417 ) ) ;
#2478 = ORIENTED_EDGE ( 'NONE', *, *, #3324, .F. ) ;
#2479 = ORIENTED_EDGE ( 'NONE', *, *, #8017, .F. ) ;
#2480 = DIRECTION ( 'NONE',  ( -0.0000000000000000000, 1.000000000000000000, 0.0000000000000000000 ) ) ;
#2481 = DIRECTION ( 'NONE',  ( -1.000000000000000000, 0.0000000000000000000, 5.204170427930380300E-015 ) ) ;
#2482 = DIRECTION ( 'NONE',  ( 0.0000000000000000000, 1.000000000000000000, 0.0000000000000000000 ) ) ;
#2483 = CARTESIAN_POINT ( 'NONE',  ( -0.2966278565449310100, -0.1428615124517495800, 0.7529635790510820200 ) ) ;
#2484 = VERTEX_POINT ( 'NONE', #7457 ) ;
#2485 = DIRECTION ( 'NONE',  ( 0.0000000000000000000, 3.498098040667654100E-015, 1.000000000000000000 ) ) ;
#2486 = DIRECTION ( 'NONE',  ( -1.000000000000000000, -0.0000000000000000000, -0.0000000000000000000 ) ) ;
#2487 = CARTESIAN_POINT ( 'NONE',  ( -0.2966278565449310100, 0.04959782299446936100, 0.7479635790510821300 ) ) ;
#2488 = CARTESIAN_POINT ( 'NONE',  ( -0.2975000000000010400, 0.2925606032236730000, 0.2925606032236796600 ) ) ;
#2489 = PLANE ( 'NONE',  #2257 ) ;
#2490 = VERTEX_POINT ( 'NONE', #8246 ) ;
#2491 = AXIS2_PLACEMENT_3D ( 'NONE', #889, #6851, #2589 ) ;
#2492 = FACE_OUTER_BOUND ( 'NONE', #2244, .T. ) ;
#2493 = EDGE_LOOP ( 'NONE', ( #7314, #7398, #6530, #10219, #11031, #10110 ) ) ;
#2495 = EDGE_CURVE ( 'NONE', #9677, #6282, #4746, .T. ) ;
#2494 = ADVANCED_FACE ( 'NONE', ( #2761 ), #3986, .T. ) ;
#2496 = DIRECTION ( 'NONE',  ( 3.441691376337984100E-015, 1.122586608262958800E-030, -1.000000000000000000 ) ) ;
#2497 = EDGE_CURVE ( 'NONE', #2622, #7888, #9133, .T. ) ;
#2498 = DIRECTION ( 'NONE',  ( 4.766509523484087900E-017, -3.469446951953613800E-015, 1.000000000000000000 ) ) ;
#2499 = CARTESIAN_POINT ( 'NONE',  ( 0.2975000000000024300, -0.1219842793760456800, 0.7879635790510847200 ) ) ;
#2500 = LINE ( 'NONE', #1495, #630 ) ;
#2501 = ORIENTED_EDGE ( 'NONE', *, *, #10701, .F. ) ;
#2503 = AXIS2_PLACEMENT_3D ( 'NONE', #2382, #601, #9097 ) ;
#2502 = DIRECTION ( 'NONE',  ( 0.0000000000000000000, -0.4413750231038431300, 0.8973227340149595400 ) ) ;
#2504 = CARTESIAN_POINT ( 'NONE',  ( 0.2816278565449311100, -1.021197244730353200, 0.8101574803149641500 ) ) ;
#2505 = ADVANCED_FACE ( 'NONE', ( #8779 ), #6482, .T. ) ;
#2506 = CARTESIAN_POINT ( 'NONE',  ( 0.08011811023622049400, -0.1855660917989245300, 0.8122440944881890200 ) ) ;
#2507 = EDGE_CURVE ( 'NONE', #219, #102, #6611, .T. ) ;
#2508 = EDGE_CURVE ( 'NONE', #2061, #4416, #2882, .T. ) ;
#2509 = CARTESIAN_POINT ( 'NONE',  ( 0.0000000000000000000, -0.2525000000000000600, 0.0000000000000000000 ) ) ;
#2510 = CARTESIAN_POINT ( 'NONE',  ( 0.2816278565449309400, 0.1454527559055147100, 0.7163187439931628700 ) ) ;
#2511 = DIRECTION ( 'NONE',  ( -1.000000000000000000, -1.458800866809831600E-016, 0.0000000000000000000 ) ) ;
#2512 = LINE ( 'NONE', #4559, #4904 ) ;
#2513 = DIRECTION ( 'NONE',  ( 0.0000000000000000000, 0.0000000000000000000, -1.000000000000000000 ) ) ;
#2514 = ORIENTED_EDGE ( 'NONE', *, *, #80, .T. ) ;
#2515 = CARTESIAN_POINT ( 'NONE',  ( 0.2249999999999999800, -0.2675000000000014600, 0.4279999999999999400 ) ) ;
#2516 = EDGE_CURVE ( 'NONE', #3446, #1066, #1952, .T. ) ;
#2517 =( NAMED_UNIT ( * ) SI_UNIT ( $, .STERADIAN. ) SOLID_ANGLE_UNIT ( ) );
#2518 = PLANE ( 'NONE',  #8451 ) ;
#2519 = VERTEX_POINT ( 'NONE', #3397 ) ;
#2520 = DIRECTION ( 'NONE',  ( 1.000000000000000000, 0.0000000000000000000, 0.0000000000000000000 ) ) ;
#2521 = CARTESIAN_POINT ( 'NONE',  ( 0.2486744556699771700, 0.06541338582677162800, 0.05437007874015750700 ) ) ;
#2522 = VECTOR ( 'NONE', #10321, 39.37007874015748100 ) ;
#2523 = ORIENTED_EDGE ( 'NONE', *, *, #4647, .T. ) ;
#2524 = CARTESIAN_POINT ( 'NONE',  ( 0.08011811023622049400, -1.021197244730353200, 0.8122440944881890200 ) ) ;
#2525 = EDGE_CURVE ( 'NONE', #10483, #9553, #9017, .T. ) ;
#2526 = CARTESIAN_POINT ( 'NONE',  ( -0.3164370078740166800, -0.3856102362204703600, 0.2829999999999989200 ) ) ;
#2527 = CARTESIAN_POINT ( 'NONE',  ( -0.3125000000000025000, 0.09284335684306156700, 0.7529635790510822400 ) ) ;
#2528 = DIRECTION ( 'NONE',  ( 0.0000000000000000000, 0.0000000000000000000, -1.000000000000000000 ) ) ;
#2529 = CARTESIAN_POINT ( 'NONE',  ( 0.3125000000000052200, -0.2515000000000000000, 1.081175126257141200E-015 ) ) ;
#2530 = ORIENTED_EDGE ( 'NONE', *, *, #7910, .F. ) ;
#2531 = EDGE_CURVE ( 'NONE', #4416, #9677, #9672, .T. ) ;
#2532 = DIRECTION ( 'NONE',  ( 1.000000000000000000, -3.791200677927630300E-031, 0.0000000000000000000 ) ) ;
#2533 = VECTOR ( 'NONE', #6846, 39.37007874015748100 ) ;
#2534 = VERTEX_POINT ( 'NONE', #2565 ) ;
#2535 = CARTESIAN_POINT ( 'NONE',  ( -0.2975000000000022600, 0.2675000000000011800, 0.3396922742592156700 ) ) ;
#2536 = DIRECTION ( 'NONE',  ( -0.0000000000000000000, -0.0000000000000000000, -1.000000000000000000 ) ) ;
#2537 = AXIS2_PLACEMENT_3D ( 'NONE', #405, #7370, #3100 ) ;
#2538 = CARTESIAN_POINT ( 'NONE',  ( -0.1348425196850394100, -0.3855000000000022900, 0.6878425196850395100 ) ) ;
#2539 = VERTEX_POINT ( 'NONE', #5068 ) ;
#2540 = CARTESIAN_POINT ( 'NONE',  ( -0.2122858626369492100, 0.0000000000000000000, 0.01857260640755533200 ) ) ;
#2541 = VECTOR ( 'NONE', #6857, 39.37007874015748100 ) ;
#2542 = VERTEX_POINT ( 'NONE', #8525 ) ;
#2543 = UNCERTAINTY_MEASURE_WITH_UNIT (LENGTH_MEASURE( 1.000000000000000100E-005 ), #6601, 'distance_accuracy_value', 'NONE');
#2544 = DIRECTION ( 'NONE',  ( 0.0000000000000000000, 3.469446951953613800E-015, -1.000000000000000000 ) ) ;
#2545 = CARTESIAN_POINT ( 'NONE',  ( 0.2969107443490111000, 0.2675000000000000200, 0.01107300918301271300 ) ) ;
#2546 = LENGTH_MEASURE_WITH_UNIT ( LENGTH_MEASURE( 0.02539999999999999900 ), #6637 );
#2547 = ADVANCED_FACE ( 'NONE', ( #8897 ), #8508, .T. ) ;
#2548 = ORIENTED_EDGE ( 'NONE', *, *, #7615, .F. ) ;
#2549 = CARTESIAN_POINT ( 'NONE',  ( -0.1751181102362205100, -0.1855660917989245000, 0.8122440944881890200 ) ) ;
#2550 = CARTESIAN_POINT ( 'NONE',  ( 0.2975000000000031000, 9.931589494015450100E-016, -3.336328423310535600E-030 ) ) ;
#2551 = CARTESIAN_POINT ( 'NONE',  ( 0.1381889763779527700, 0.1522291837916265600, 0.0000000000000000000 ) ) ;
#2552 = LINE ( 'NONE', #1297, #4019 ) ;
#2553 = CARTESIAN_POINT ( 'NONE',  ( -0.3001179938779916000, 0.2522642977396044600, 0.009999999999999995000 ) ) ;
#2554 = CARTESIAN_POINT ( 'NONE',  ( -0.01220472440944881700, 0.3255628348940304800, 0.1601378170038762200 ) ) ;
#2555 = VERTEX_POINT ( 'NONE', #2604 ) ;
#2556 = AXIS2_PLACEMENT_3D ( 'NONE', #874, #7749, #5278 ) ;
#2557 = CARTESIAN_POINT ( 'NONE',  ( -0.3125000000000010500, -0.2515000000000000000, 0.3026850393700775700 ) ) ;
#2558 = FACE_OUTER_BOUND ( 'NONE', #7482, .T. ) ;
#2559 = DIRECTION ( 'NONE',  ( 1.000000000000000000, 0.0000000000000000000, -3.557093741750340100E-015 ) ) ;
#2560 = PLANE ( 'NONE',  #8252 ) ;
#2561 = EDGE_CURVE ( 'NONE', #6166, #2455, #3946, .T. ) ;
#2562 = VERTEX_POINT ( 'NONE', #10215 ) ;
#2563 = CARTESIAN_POINT ( 'NONE',  ( -0.1948031496062992700, -0.2052511311690032600, 0.0000000000000000000 ) ) ;
#2564 = AXIS2_PLACEMENT_3D ( 'NONE', #1716, #1782, #8470 ) ;
#2565 = CARTESIAN_POINT ( 'NONE',  ( 0.2486744556699771700, -0.01332677165354329200, 1.707404996040164500E-017 ) ) ;
#2566 = ADVANCED_FACE ( 'NONE', ( #7704 ), #7609, .T. ) ;
#2567 = VECTOR ( 'NONE', #2357, 39.37007874015748100 ) ;
#2568 = CARTESIAN_POINT ( 'NONE',  ( 0.3125000000000022800, 0.2454289321881376600, 0.8200000000000022800 ) ) ;
#2569 = COLOUR_RGB ( '',0.2509803921568627400, 0.2509803921568627400, 0.2509803921568627400 ) ;
#2570 = LENGTH_MEASURE_WITH_UNIT ( LENGTH_MEASURE( 0.02539999999999999900 ), #6789 );
#2571 = CARTESIAN_POINT ( 'NONE',  ( 0.1578740157480314800, 0.0000000000000000000, 0.8122440944881890200 ) ) ;
#2572 = CARTESIAN_POINT ( 'NONE',  ( -0.03484251968503945100, -0.3855000000000022900, 0.6878425196850395100 ) ) ;
#2573 = AXIS2_PLACEMENT_3D ( 'NONE', #9972, #10819, #903 ) ;
#2574 = ORIENTED_EDGE ( 'NONE', *, *, #6800, .T. ) ;
#2575 = LINE ( 'NONE', #10860, #9902 ) ;
#2576 = EDGE_CURVE ( 'NONE', #6832, #9040, #6235, .T. ) ;
#2577 = CARTESIAN_POINT ( 'NONE',  ( -0.2975000000000001000, 0.2517928932188134800, 0.01499999999999999900 ) ) ;
#2578 = DIMENSIONAL_EXPONENTS ( 1.000000000000000000, 0.0000000000000000000, 0.0000000000000000000, 0.0000000000000000000, 0.0000000000000000000, 0.0000000000000000000, 0.0000000000000000000 ) ;
#2579 = VECTOR ( 'NONE', #9590, 39.37007874015748100 ) ;
#2580 = CARTESIAN_POINT ( 'NONE',  ( 0.2970285954792089600, 0.2625000000000000100, 0.009764012244016984400 ) ) ;
#2581 = FACE_OUTER_BOUND ( 'NONE', #1145, .T. ) ;
#2582 = ORIENTED_EDGE ( 'NONE', *, *, #6593, .T. ) ;
#2583 = DIRECTION ( 'NONE',  ( 0.0000000000000000000, 1.000000000000000000, 0.0000000000000000000 ) ) ;
#2584 = DIRECTION ( 'NONE',  ( 0.0000000000000000000, -1.000000000000000000, 0.0000000000000000000 ) ) ;
#2585 = VECTOR ( 'NONE', #3989, 39.37007874015748100 ) ;
#2586 = SURFACE_STYLE_FILL_AREA ( #3621 ) ;
#2587 = AXIS2_PLACEMENT_3D ( 'NONE', #7759, #7723, #6157 ) ;
#2588 = FACE_OUTER_BOUND ( 'NONE', #7768, .T. ) ;
#2589 = DIRECTION ( 'NONE',  ( 0.0000000000000000000, 3.498098040667654100E-015, 1.000000000000000000 ) ) ;
#2590 = ORIENTED_EDGE ( 'NONE', *, *, #10659, .F. ) ;
#2591 = CARTESIAN_POINT ( 'NONE',  ( -0.1169291338582677000, 0.0000000000000000000, 0.0000000000000000000 ) ) ;
#2592 = ORIENTED_EDGE ( 'NONE', *, *, #2665, .F. ) ;
#2593 = ORIENTED_EDGE ( 'NONE', *, *, #264, .F. ) ;
#2594 = VERTEX_POINT ( 'NONE', #8478 ) ;
#2595 = EDGE_CURVE ( 'NONE', #8780, #7423, #5420, .T. ) ;
#2596 = DIRECTION ( 'NONE',  ( -1.000000000000000000, -0.0000000000000000000, -0.0000000000000000000 ) ) ;
#2597 = AXIS2_PLACEMENT_3D ( 'NONE', #4554, #5374, #7233 ) ;
#2598 = SURFACE_STYLE_USAGE ( .BOTH. , #10165 ) ;
#2599 = ORIENTED_EDGE ( 'NONE', *, *, #1099, .T. ) ;
#2600 = SURFACE_SIDE_STYLE ('',( #6420 ) ) ;
#2601 = CARTESIAN_POINT ( 'NONE',  ( 0.06515748031496050600, -0.2525000000000000600, 0.6681574803149606900 ) ) ;
#2602 = DIRECTION ( 'NONE',  ( -0.7071067811865462400, 0.0000000000000000000, -0.7071067811865486800 ) ) ;
#2603 = EDGE_CURVE ( 'NONE', #3202, #8638, #1687, .T. ) ;
#2604 = CARTESIAN_POINT ( 'NONE',  ( -0.08011811023622007800, -0.2525000000000000600, 0.01499999999999999900 ) ) ;
#2605 = ORIENTED_EDGE ( 'NONE', *, *, #3209, .T. ) ;
#2606 = ORIENTED_EDGE ( 'NONE', *, *, #10140, .F. ) ;
#2607 = ORIENTED_EDGE ( 'NONE', *, *, #10554, .F. ) ;
#2608 = ORIENTED_EDGE ( 'NONE', *, *, #7154, .F. ) ;
#2609 = PLANE ( 'NONE',  #2963 ) ;
#2610 = VECTOR ( 'NONE', #9316, 39.37007874015748100 ) ;
#2611 = EDGE_LOOP ( 'NONE', ( #2990, #5138, #1199, #8031 ) ) ;
#2612 = VECTOR ( 'NONE', #2737, 39.37007874015748100 ) ;
#2613 = AXIS2_PLACEMENT_3D ( 'NONE', #5941, #6760, #820 ) ;
#2614 = CARTESIAN_POINT ( 'NONE',  ( 0.08011811023622049400, -0.2525000000000000600, 0.8122440944881890200 ) ) ;
#2615 = DIRECTION ( 'NONE',  ( -1.000000000000000000, 0.0000000000000000000, 0.0000000000000000000 ) ) ;
#2616 = ORIENTED_EDGE ( 'NONE', *, *, #5898, .F. ) ;
#2617 = ORIENTED_EDGE ( 'NONE', *, *, #6921, .T. ) ;
#2618 = ORIENTED_EDGE ( 'NONE', *, *, #5460, .F. ) ;
#2619 = DIRECTION ( 'NONE',  ( 1.458800866809812400E-016, -1.000000000000000000, -5.316972882242442600E-016 ) ) ;
#2620 = EDGE_LOOP ( 'NONE', ( #3447, #9749 ) ) ;
#2621 = DIRECTION ( 'NONE',  ( 1.000000000000000000, -0.0000000000000000000, -0.0000000000000000000 ) ) ;
#2622 = VERTEX_POINT ( 'NONE', #2527 ) ;
#2623 = CIRCLE ( 'NONE', #6709, 0.009842519685039369900 ) ;
#2624 = ADVANCED_FACE ( 'NONE', ( #1402 ), #9386, .T. ) ;
#2625 = CARTESIAN_POINT ( 'NONE',  ( -0.3164370078740166800, -0.2438779527559034600, 0.2810314960629909900 ) ) ;
#2626 = EDGE_LOOP ( 'NONE', ( #5690, #2475, #9407, #8894 ) ) ;
#2627 = ORIENTED_EDGE ( 'NONE', *, *, #978, .T. ) ;
#2628 = DIRECTION ( 'NONE',  ( 0.0000000000000000000, -0.0000000000000000000, 1.000000000000000000 ) ) ;
#2629 = VECTOR ( 'NONE', #11039, 39.37007874015748100 ) ;
#2630 = VERTEX_POINT ( 'NONE', #7695 ) ;
#2631 = EDGE_LOOP ( 'NONE', ( #905, #4855, #4709, #1002 ) ) ;
#2632 = DIRECTION ( 'NONE',  ( 0.0000000000000000000, 0.0000000000000000000, 1.000000000000000000 ) ) ;
#2633 = EDGE_LOOP ( 'NONE', ( #661, #2297, #1039, #7220 ) ) ;
#2634 = PLANE ( 'NONE',  #2842 ) ;
#2635 = AXIS2_PLACEMENT_3D ( 'NONE', #4765, #10636, #6481 ) ;
#2636 = DIRECTION ( 'NONE',  ( 0.0000000000000000000, 1.000000000000000000, 0.0000000000000000000 ) ) ;
#2637 = DIRECTION ( 'NONE',  ( 0.0000000000000000000, 0.0000000000000000000, 1.000000000000000000 ) ) ;
#2638 = DIMENSIONAL_EXPONENTS ( 1.000000000000000000, 0.0000000000000000000, 0.0000000000000000000, 0.0000000000000000000, 0.0000000000000000000, 0.0000000000000000000, 0.0000000000000000000 ) ;
#2639 = FACE_OUTER_BOUND ( 'NONE', #3043, .T. ) ;
#2640 = VERTEX_POINT ( 'NONE', #856 ) ;
#2641 = CARTESIAN_POINT ( 'NONE',  ( -0.3125000000000023900, 0.08784335684306159000, 0.7690197545653728600 ) ) ;
#2642 = CARTESIAN_POINT ( 'NONE',  ( 0.03484251968503928500, -0.5313388496530164800, 0.7681574803149606700 ) ) ;
#2643 = CARTESIAN_POINT ( 'NONE',  ( 0.2500000000000000000, -0.1174558555784520800, 0.8122440944881890200 ) ) ;
#2644 = DIRECTION ( 'NONE',  ( 1.000000000000000000, 0.0000000000000000000, 0.0000000000000000000 ) ) ;
#2645 = CARTESIAN_POINT ( 'NONE',  ( 0.2249999999999999800, -0.6172700275952924800, 0.4279999999999999400 ) ) ;
#2646 = DIRECTION ( 'NONE',  ( 3.414809992080319300E-015, 0.0000000000000000000, 1.000000000000000000 ) ) ;
#2647 = AXIS2_PLACEMENT_3D ( 'NONE', #8860, #9693, #4597 ) ;
#2648 = EDGE_CURVE ( 'NONE', #4538, #2539, #10732, .T. ) ;
#2649 = DIRECTION ( 'NONE',  ( 0.0000000000000000000, 1.000000000000000000, -7.051100721037203400E-015 ) ) ;
#2650 = CYLINDRICAL_SURFACE ( 'NONE', #8820, 0.004999999999999946300 ) ;
#2651 = FACE_OUTER_BOUND ( 'NONE', #7710, .T. ) ;
#2652 = MANIFOLD_SOLID_BREP ( 'LPattern1[1]', #4667 ) ;
#2653 = EDGE_CURVE ( 'NONE', #290, #4423, #7277, .T. ) ;
#2654 = EDGE_LOOP ( 'NONE', ( #5427, #7848, #6230, #5240 ) ) ;
#2655 = PLANE ( 'NONE',  #1989 ) ;
#2656 = ORIENTED_EDGE ( 'NONE', *, *, #3299, .F. ) ;
#2657 = DIRECTION ( 'NONE',  ( 3.498098040667654100E-015, 0.0000000000000000000, -1.000000000000000000 ) ) ;
#2658 = DIRECTION ( 'NONE',  ( -1.000000000000000000, 0.0000000000000000000, -3.453004075404071100E-015 ) ) ;
#2659 = AXIS2_PLACEMENT_3D ( 'NONE', #6723, #8415, #5867 ) ;
#2660 = CYLINDRICAL_SURFACE ( 'NONE', #8291, 0.004999999999999946300 ) ;
#2661 = VERTEX_POINT ( 'NONE', #6168 ) ;
#2662 = ORIENTED_EDGE ( 'NONE', *, *, #10759, .T. ) ;
#2663 = DIRECTION ( 'NONE',  ( -0.0000000000000000000, -1.000000000000000000, -0.0000000000000000000 ) ) ;
#2664 = DIRECTION ( 'NONE',  ( 1.000000000000000000, 0.0000000000000000000, -3.453004075404071500E-015 ) ) ;
#2665 = EDGE_CURVE ( 'NONE', #5962, #8932, #6349, .T. ) ;
#2666 = CARTESIAN_POINT ( 'NONE',  ( 0.1151574803149605400, -0.3855000000000026200, 0.7878425196850393800 ) ) ;
#2667 = DIRECTION ( 'NONE',  ( 3.441691376337984900E-015, 9.880952548175142300E-017, -1.000000000000000000 ) ) ;
#2668 = ORIENTED_EDGE ( 'NONE', *, *, #4673, .T. ) ;
#2669 = CARTESIAN_POINT ( 'NONE',  ( -0.09724409448818897800, 0.1522291837916265600, 0.0000000000000000000 ) ) ;
#2670 = CARTESIAN_POINT ( 'NONE',  ( 0.01062992125984253000, 0.0000000000000000000, 0.0000000000000000000 ) ) ;
#2671 = CARTESIAN_POINT ( 'NONE',  ( 0.1153543307086614100, 0.1522291837916265300, 0.5125280012291644200 ) ) ;
#2672 = LINE ( 'NONE', #1375, #4142 ) ;
#2673 = VERTEX_POINT ( 'NONE', #6950 ) ;
#2674 = EDGE_CURVE ( 'NONE', #3497, #2775, #7689, .T. ) ;
#2675 = CARTESIAN_POINT ( 'NONE',  ( 0.3016278565449309600, -0.2515000000000000000, 0.7163187439931625300 ) ) ;
#2676 = CARTESIAN_POINT ( 'NONE',  ( 0.1153543307086614100, 0.0000000000000000000, 0.8122440944881890200 ) ) ;
#2677 = DIRECTION ( 'NONE',  ( -2.468850131082223500E-015, -0.7071067811865379100, -0.7071067811865571200 ) ) ;
#2678 = DIRECTION ( 'NONE',  ( 0.0000000000000000000, 0.0000000000000000000, -1.000000000000000000 ) ) ;
#2679 = ORIENTED_EDGE ( 'NONE', *, *, #1437, .T. ) ;
#2680 = ORIENTED_EDGE ( 'NONE', *, *, #1355, .F. ) ;
#2681 = DIRECTION ( 'NONE',  ( 1.000000000000000000, 0.0000000000000000000, 0.0000000000000000000 ) ) ;
#2682 = EDGE_CURVE ( 'NONE', #2024, #6110, #5542, .T. ) ;
#2683 = CARTESIAN_POINT ( 'NONE',  ( -0.05472440944881888600, 0.3255628348940304800, 0.1601378170038762200 ) ) ;
#2684 = EDGE_LOOP ( 'NONE', ( #9694, #3344, #9976, #5847 ) ) ;
#2686 = DIRECTION ( 'NONE',  ( 3.791200677927630300E-031, 1.000000000000000000, 3.469446951953613800E-015 ) ) ;
#2685 = VECTOR ( 'NONE', #3540, 39.37007874015748100 ) ;
#2687 = ORIENTED_EDGE ( 'NONE', *, *, #237, .F. ) ;
#2688 = SURFACE_STYLE_USAGE ( .BOTH. , #6098 ) ;
#2689 = COLOUR_RGB ( '',1.000000000000000000, 1.000000000000000000, 1.000000000000000000 ) ;
#2690 = ORIENTED_EDGE ( 'NONE', *, *, #8964, .T. ) ;
#2691 = DIRECTION ( 'NONE',  ( 3.623343611582382000E-015, -6.470313641616160400E-030, -1.000000000000000000 ) ) ;
#2692 = EDGE_CURVE ( 'NONE', #10232, #7408, #1815, .T. ) ;
#2693 = ORIENTED_EDGE ( 'NONE', *, *, #9803, .T. ) ;
#2694 = LINE ( 'NONE', #2476, #2262 ) ;
#2695 = CARTESIAN_POINT ( 'NONE',  ( -0.4906598079919066200, 0.1454527559055146500, 0.5202157247343229800 ) ) ;
#2696 = PRESENTATION_STYLE_ASSIGNMENT (( #4827 ) ) ;
#2697 = ORIENTED_EDGE ( 'NONE', *, *, #2648, .F. ) ;
#2698 = ORIENTED_EDGE ( 'NONE', *, *, #5732, .T. ) ;
#2699 = DIRECTION ( 'NONE',  ( 3.498098040667654100E-015, 0.0000000000000000000, -1.000000000000000000 ) ) ;
#2700 = ADVANCED_FACE ( 'NONE', ( #5951 ), #1053, .T. ) ;
#2701 = LINE ( 'NONE', #414, #4168 ) ;
#2702 = PLANE ( 'NONE',  #503 ) ;
#2703 = AXIS2_PLACEMENT_3D ( 'NONE', #9973, #7378, #10055 ) ;
#2704 = ORIENTED_EDGE ( 'NONE', *, *, #5365, .T. ) ;
#2705 = DIRECTION ( 'NONE',  ( -0.0000000000000000000, 1.000000000000000000, -0.0000000000000000000 ) ) ;
#2706 = FACE_OUTER_BOUND ( 'NONE', #7953, .T. ) ;
#2707 = CARTESIAN_POINT ( 'NONE',  ( 0.2445122359227294400, -0.3775000000000012800, 0.3830525540763712300 ) ) ;
#2708 = LINE ( 'NONE', #1059, #5245 ) ;
#2709 = CARTESIAN_POINT ( 'NONE',  ( -0.05472440944881888600, 0.0000000000000000000, 0.0000000000000000000 ) ) ;
#2711 = DIRECTION ( 'NONE',  ( 0.0000000000000000000, 1.000000000000000000, 0.0000000000000000000 ) ) ;
#2710 = FACE_OUTER_BOUND ( 'NONE', #4529, .T. ) ;
#2712 = CARTESIAN_POINT ( 'NONE',  ( 0.2717853368598917600, -0.2525000000000000600, 0.02484251968503935600 ) ) ;
#2713 = VECTOR ( 'NONE', #11020, 39.37007874015748100 ) ;
#2714 = CARTESIAN_POINT ( 'NONE',  ( 0.2417957872900946000, 0.04959782299446938200, 0.7740197545653724200 ) ) ;
#2715 = CARTESIAN_POINT ( 'NONE',  ( -0.3016278565449310700, 0.1454527559055146500, 0.7163187439931647500 ) ) ;
#2716 = EDGE_CURVE ( 'NONE', #10581, #9195, #4222, .T. ) ;
#2717 = VECTOR ( 'NONE', #7973, 39.37007874015748100 ) ;
#2718 = LINE ( 'NONE', #10104, #4336 ) ;
#2719 = DIRECTION ( 'NONE',  ( 1.124126789939941800E-029, -3.924867709568941600E-044, -1.000000000000000000 ) ) ;
#2720 = EDGE_CURVE ( 'NONE', #1842, #10549, #3272, .T. ) ;
#2721 = DIRECTION ( 'NONE',  ( -0.0000000000000000000, 1.000000000000000000, -0.0000000000000000000 ) ) ;
#2722 = DIRECTION ( 'NONE',  ( -0.0000000000000000000, 1.000000000000000000, -0.0000000000000000000 ) ) ;
#2723 = ORIENTED_EDGE ( 'NONE', *, *, #2716, .T. ) ;
#2724 = DIRECTION ( 'NONE',  ( 0.0000000000000000000, 1.000000000000000000, 0.0000000000000000000 ) ) ;
#2725 = B_SPLINE_CURVE_WITH_KNOTS ( 'NONE', 3,
 ( #4284, #3579, #3639, #6973 ),
 .UNSPECIFIED., .F., .F.,
 ( 4, 4 ),
 ( 0.002372833013330001600, 0.003515011455866557400 ),
 .UNSPECIFIED. ) ;
#2726 = VECTOR ( 'NONE', #6744, 39.37007874015748100 ) ;
#2727 = LINE ( 'NONE', #8884, #2166 ) ;
#2728 = CARTESIAN_POINT ( 'NONE',  ( 0.2445122359227436800, -0.3775000000000012200, 0.3670469609432726000 ) ) ;
#2729 = LINE ( 'NONE', #4102, #9257 ) ;
#2730 = ORIENTED_EDGE ( 'NONE', *, *, #5889, .T. ) ;
#2731 = CARTESIAN_POINT ( 'NONE',  ( 0.2967928932188133600, 0.2525000000000011700, 0.3396922742592156700 ) ) ;
#2732 = ORIENTED_EDGE ( 'NONE', *, *, #5732, .F. ) ;
#2733 =( CONVERSION_BASED_UNIT ( 'INCH', #7648 ) LENGTH_UNIT ( ) NAMED_UNIT ( #10301 ) );
#2734 = EDGE_LOOP ( 'NONE', ( #7363, #1480, #4551, #8119 ) ) ;
#2735 = EDGE_CURVE ( 'NONE', #10144, #10794, #872, .T. ) ;
#2736 = EDGE_CURVE ( 'NONE', #4583, #9687, #3676, .T. ) ;
#2737 = DIRECTION ( 'NONE',  ( -1.000000000000000000, 0.0000000000000000000, 0.0000000000000000000 ) ) ;
#2738 = FACE_OUTER_BOUND ( 'NONE', #6032, .T. ) ;
#2739 = VECTOR ( 'NONE', #7458, 39.37007874015748100 ) ;
#2740 = VECTOR ( 'NONE', #7880, 39.37007874015748100 ) ;
#2741 = CARTESIAN_POINT ( 'NONE',  ( -0.2975000000000023700, 5.560001898241540800E-015, 0.8200000000000017300 ) ) ;
#2742 = ORIENTED_EDGE ( 'NONE', *, *, #3070, .T. ) ;
#2743 = ORIENTED_EDGE ( 'NONE', *, *, #4604, .T. ) ;
#2744 = ORIENTED_EDGE ( 'NONE', *, *, #9037, .F. ) ;
#2745 = CARTESIAN_POINT ( 'NONE',  ( 0.2417957872900946800, -0.1428615124517496100, 0.7479635790510820200 ) ) ;
#2746 = ORIENTED_EDGE ( 'NONE', *, *, #890, .T. ) ;
#2747 = AXIS2_PLACEMENT_3D ( 'NONE', #4997, #1530, #7505 ) ;
#2748 = CARTESIAN_POINT ( 'NONE',  ( -0.2054877259910081700, -0.3309383941284168000, 0.3579861795847907300 ) ) ;
#2749 = LINE ( 'NONE', #4650, #10208 ) ;
#2750 = CIRCLE ( 'NONE', #2918, 0.01499999999999997700 ) ;
#2751 = DIRECTION ( 'NONE',  ( 0.0000000000000000000, -1.000000000000000000, 0.0000000000000000000 ) ) ;
#2752 = CARTESIAN_POINT ( 'NONE',  ( 0.2975000000000023700, -0.1219842793760456800, 0.7479635790510845700 ) ) ;
#2753 = EDGE_CURVE ( 'NONE', #9023, #602, #9801, .T. ) ;
#2754 = ORIENTED_EDGE ( 'NONE', *, *, #1490, .T. ) ;
#2755 = AXIS2_PLACEMENT_3D ( 'NONE', #4133, #7523, #642 ) ;
#2756 = ORIENTED_EDGE ( 'NONE', *, *, #4466, .T. ) ;
#2757 = ORIENTED_EDGE ( 'NONE', *, *, #3413, .F. ) ;
#2758 = ADVANCED_FACE ( 'NONE', ( #7551 ), #8945, .F. ) ;
#2759 = PLANE ( 'NONE',  #4842 ) ;
#2760 = ORIENTED_EDGE ( 'NONE', *, *, #985, .T. ) ;
#2761 = FACE_OUTER_BOUND ( 'NONE', #5668, .T. ) ;
#2763 = EDGE_CURVE ( 'NONE', #8029, #2191, #1269, .T. ) ;
#2762 = EDGE_LOOP ( 'NONE', ( #6153, #8552, #5352, #2053 ) ) ;
#2764 = FACE_OUTER_BOUND ( 'NONE', #9009, .T. ) ;
#2765 = CARTESIAN_POINT ( 'NONE',  ( -0.2966278565449314600, 0.1454527559055146500, 0.8098162275806177800 ) ) ;
#2766 = DIRECTION ( 'NONE',  ( 0.0000000000000000000, 0.0000000000000000000, 1.000000000000000000 ) ) ;
#2767 = ORIENTED_EDGE ( 'NONE', *, *, #9724, .T. ) ;
#2768 = DIRECTION ( 'NONE',  ( 0.0000000000000000000, 0.4413750231038433600, -0.8973227340149595400 ) ) ;
#2769 = VERTEX_POINT ( 'NONE', #4624 ) ;
#2770 = ORIENTED_EDGE ( 'NONE', *, *, #6563, .F. ) ;
#2771 = ORIENTED_EDGE ( 'NONE', *, *, #9439, .F. ) ;
#2772 =( GEOMETRIC_REPRESENTATION_CONTEXT ( 3 ) GLOBAL_UNCERTAINTY_ASSIGNED_CONTEXT ( ( #3227 ) ) GLOBAL_UNIT_ASSIGNED_CONTEXT ( ( #1121, #2834, #5473 ) ) REPRESENTATION_CONTEXT ( 'NONE', 'WORKASPACE' ) );
#2773 =( NAMED_UNIT ( * ) PLANE_ANGLE_UNIT ( ) SI_UNIT ( $, .RADIAN. ) );
#2774 = ADVANCED_FACE ( 'NONE', ( #1672 ), #1251, .T. ) ;
#2775 = VERTEX_POINT ( 'NONE', #1184 ) ;
#2776 = DIRECTION ( 'NONE',  ( -0.0000000000000000000, -1.000000000000000000, -0.0000000000000000000 ) ) ;
#2777 = LINE ( 'NONE', #6933, #4762 ) ;
#2778 = VERTEX_POINT ( 'NONE', #5403 ) ;
#2779 = CARTESIAN_POINT ( 'NONE',  ( -0.2486744556699771700, -0.01332677165354325700, 0.01500000000000001900 ) ) ;
#2780 = DIRECTION ( 'NONE',  ( 0.0000000000000000000, 0.0000000000000000000, 1.000000000000000000 ) ) ;
#2781 = CARTESIAN_POINT ( 'NONE',  ( -0.1169291338582677000, 0.004804859663680982400, 0.8122440944881890200 ) ) ;
#2782 = DIRECTION ( 'NONE',  ( 1.000000000000000000, 0.0000000000000000000, 0.0000000000000000000 ) ) ;
#2783 = AXIS2_PLACEMENT_3D ( 'NONE', #9022, #2112, #7339 ) ;
#2784 = CARTESIAN_POINT ( 'NONE',  ( -0.3125000000000025000, 0.04459782299446937700, 0.7529635790510822400 ) ) ;
#2785 = LINE ( 'NONE', #10192, #4520 ) ;
#2786 = ORIENTED_EDGE ( 'NONE', *, *, #592, .F. ) ;
#2787 = EDGE_CURVE ( 'NONE', #10999, #10742, #9662, .T. ) ;
#2788 = DIRECTION ( 'NONE',  ( -0.0000000000000000000, 0.0000000000000000000, -1.000000000000000000 ) ) ;
#2789 = PLANE ( 'NONE',  #7264 ) ;
#2790 = AXIS2_PLACEMENT_3D ( 'NONE', #7568, #6818, #5097 ) ;
#2791 = CARTESIAN_POINT ( 'NONE',  ( 0.2974999999999998800, -0.2675000000000001300, 0.01500000000000254800 ) ) ;
#2792 = LINE ( 'NONE', #3027, #8690 ) ;
#2793 = LINE ( 'NONE', #6433, #7454 ) ;
#2794 = ORIENTED_EDGE ( 'NONE', *, *, #99, .T. ) ;
#2795 = DIRECTION ( 'NONE',  ( 0.0000000000000000000, 0.4413750231038433600, -0.8973227340149595400 ) ) ;
#2796 = CARTESIAN_POINT ( 'NONE',  ( -0.2054877305750416300, -0.3331057321686084500, 0.4982182538574145800 ) ) ;
#2797 = EDGE_CURVE ( 'NONE', #4166, #10367, #10719, .T. ) ;
#2798 = ORIENTED_EDGE ( 'NONE', *, *, #8164, .T. ) ;
#2799 = DIRECTION ( 'NONE',  ( -1.000000000000000000, -1.458800866809831900E-016, 3.623343611582382000E-015 ) ) ;
#2800 = DIRECTION ( 'NONE',  ( 3.453004075404071500E-015, 0.0000000000000000000, 1.000000000000000000 ) ) ;
#2801 = AXIS2_PLACEMENT_3D ( 'NONE', #6472, #1318, #1350 ) ;
#2802 = VECTOR ( 'NONE', #6133, 39.37007874015748100 ) ;
#2803 = VERTEX_POINT ( 'NONE', #7221 ) ;
#2804 = DIRECTION ( 'NONE',  ( -0.9961946980917451000, 0.0000000000000000000, -0.08715574274766177400 ) ) ;
#2805 = DIRECTION ( 'NONE',  ( -0.7071067811865487900, 0.0000000000000000000, -0.7071067811865463500 ) ) ;
#2806 = ADVANCED_FACE ( 'NONE', ( #6104 ), #8814, .F. ) ;
#2807 = MECHANICAL_DESIGN_GEOMETRIC_PRESENTATION_REPRESENTATION (  '', ( #6658 ), #7757 ) ;
#2808 = ORIENTED_EDGE ( 'NONE', *, *, #8685, .F. ) ;
#2809 = PLANE ( 'NONE',  #9321 ) ;
#2810 = LINE ( 'NONE', #9658, #10145 ) ;
#2811 = ORIENTED_EDGE ( 'NONE', *, *, #1304, .T. ) ;
#2812 = EDGE_CURVE ( 'NONE', #8025, #2069, #2749, .T. ) ;
#2813 = DIRECTION ( 'NONE',  ( -7.400031521858132100E-030, 1.000000000000000000, -2.526970158255047800E-044 ) ) ;
#2814 = CARTESIAN_POINT ( 'NONE',  ( -0.2054877260897649800, -0.3278312692519191300, 0.3610072901221805200 ) ) ;
#2815 = DIRECTION ( 'NONE',  ( 0.7071067811865479100, -0.0000000000000000000, -0.7071067811865470200 ) ) ;
#2816 = ORIENTED_EDGE ( 'NONE', *, *, #4995, .F. ) ;
#2817 = ADVANCED_FACE ( 'NONE', ( #2991 ), #5470, .F. ) ;
#2818 = LINE ( 'NONE', #1508, #10789 ) ;
#2819 = EDGE_CURVE ( 'NONE', #5789, #9823, #465, .T. ) ;
#2820 = DIRECTION ( 'NONE',  ( -7.458331254473503600E-017, -1.000000000000000000, 7.159998004294771700E-015 ) ) ;
#2821 = LINE ( 'NONE', #3346, #5617 ) ;
#2822 = ORIENTED_EDGE ( 'NONE', *, *, #6874, .F. ) ;
#2823 = VECTOR ( 'NONE', #10786, 39.37007874015748100 ) ;
#2824 = CARTESIAN_POINT ( 'NONE',  ( 0.0000000000000000000, -0.2525000000000000600, 0.0000000000000000000 ) ) ;
#2825 = ORIENTED_EDGE ( 'NONE', *, *, #7364, .F. ) ;
#2826 = SHAPE_DEFINITION_REPRESENTATION ( #4920, #3020 ) ;
#2827 = DIRECTION ( 'NONE',  ( 4.253578305793948600E-015, -5.316972882242435700E-016, 1.000000000000000000 ) ) ;
#2828 = VECTOR ( 'NONE', #3228, 39.37007874015748100 ) ;
#2829 = DIRECTION ( 'NONE',  ( 0.0000000000000000000, 0.0000000000000000000, 1.000000000000000000 ) ) ;
#2830 = VECTOR ( 'NONE', #10673, 39.37007874015748100 ) ;
#2831 = DIRECTION ( 'NONE',  ( 1.000000000000000000, 1.458800866809831600E-016, 0.0000000000000000000 ) ) ;
#2832 = LINE ( 'NONE', #7864, #1751 ) ;
#2833 = VERTEX_POINT ( 'NONE', #295 ) ;
#2834 =( NAMED_UNIT ( * ) PLANE_ANGLE_UNIT ( ) SI_UNIT ( $, .RADIAN. ) );
#2835 = EDGE_CURVE ( 'NONE', #6282, #8343, #8205, .T. ) ;
#2836 = ORIENTED_EDGE ( 'NONE', *, *, #4776, .F. ) ;
#2837 =( CONVERSION_BASED_UNIT ( 'INCH', #5785 ) LENGTH_UNIT ( ) NAMED_UNIT ( #6010 ) );
#2838 = VECTOR ( 'NONE', #3459, 39.37007874015748100 ) ;
#2839 = VECTOR ( 'NONE', #2110, 39.37007874015748100 ) ;
#2840 = LINE ( 'NONE', #898, #9371 ) ;
#2841 = PLANE ( 'NONE',  #3042 ) ;
#2842 = AXIS2_PLACEMENT_3D ( 'NONE', #5094, #5968, #5135 ) ;
#2843 = DIRECTION ( 'NONE',  ( -0.0000000000000000000, -1.000000000000000000, 7.051100721037203400E-015 ) ) ;
#2844 = LINE ( 'NONE', #8236, #2429 ) ;
#2845 = ORIENTED_EDGE ( 'NONE', *, *, #728, .F. ) ;
#2846 = DIRECTION ( 'NONE',  ( 1.000000000000000000, -1.458800866809831900E-016, 3.623343611582382000E-015 ) ) ;
#2847 = AXIS2_PLACEMENT_3D ( 'NONE', #9896, #8983, #7308 ) ;
#2848 = FACE_OUTER_BOUND ( 'NONE', #497, .T. ) ;
#2849 = CARTESIAN_POINT ( 'NONE',  ( -0.2054877259832936200, -0.3323493292117864500, 0.3577501801583716200 ) ) ;
#2850 = LINE ( 'NONE', #3875, #2040 ) ;
#2851 = CARTESIAN_POINT ( 'NONE',  ( 0.2975000000000021500, 0.2675000000000049000, 0.8199999999999999500 ) ) ;
#2852 = LINE ( 'NONE', #7614, #7385 ) ;
#2853 = LINE ( 'NONE', #4280, #571 ) ;
#2854 = AXIS2_PLACEMENT_3D ( 'NONE', #9442, #7827, #9513 ) ;
#2855 = ADVANCED_FACE ( 'NONE', ( #9278 ), #221, .F. ) ;
#2856 = LINE ( 'NONE', #8325, #4843 ) ;
#2857 = EDGE_CURVE ( 'NONE', #8015, #10290, #10072, .T. ) ;
#2858 = LINE ( 'NONE', #10826, #6458 ) ;
#2859 = LINE ( 'NONE', #5180, #1381 ) ;
#2860 = EDGE_LOOP ( 'NONE', ( #5106, #10352, #3321, #8228 ) ) ;
#2861 = EDGE_CURVE ( 'NONE', #3749, #7559, #10598, .T. ) ;
#2862 = ORIENTED_EDGE ( 'NONE', *, *, #7115, .T. ) ;
#2863 = ORIENTED_EDGE ( 'NONE', *, *, #2516, .T. ) ;
#2864 = ORIENTED_EDGE ( 'NONE', *, *, #6055, .T. ) ;
#2865 = CARTESIAN_POINT ( 'NONE',  ( 0.3125000000000023900, -0.1811070463003417700, 0.7740197545653727500 ) ) ;
#2866 = ORIENTED_EDGE ( 'NONE', *, *, #4882, .F. ) ;
#2867 = DIRECTION ( 'NONE',  ( 0.0000000000000000000, 0.4413750231038433600, -0.8973227340149595400 ) ) ;
#2868 = LENGTH_MEASURE_WITH_UNIT ( LENGTH_MEASURE( 0.02539999999999999900 ), #9796 );
#2869 = LINE ( 'NONE', #5382, #9923 ) ;
#2870 = CARTESIAN_POINT ( 'NONE',  ( -0.2054877302721722900, -0.3275000000000013500, 0.4889530518230032500 ) ) ;
#2871 = AXIS2_PLACEMENT_3D ( 'NONE', #1652, #10998, #9329 ) ;
#2872 = ADVANCED_FACE ( 'NONE', ( #3412 ), #6265, .T. ) ;
#2873 = CARTESIAN_POINT ( 'NONE',  ( -0.03484251968503945100, -0.2525000000000000600, 0.6681574803149606900 ) ) ;
#2874 = ADVANCED_FACE ( 'NONE', ( #10354 ), #10630, .F. ) ;
#2875 = EDGE_LOOP ( 'NONE', ( #3185, #7752, #3551, #10531, #9113, #3488, #3768, #5384, #3535, #10053 ) ) ;
#2876 = VERTEX_POINT ( 'NONE', #2132 ) ;
#2877 = ORIENTED_EDGE ( 'NONE', *, *, #2561, .F. ) ;
#2878 = EDGE_CURVE ( 'NONE', #9338, #2833, #8084, .T. ) ;
#2879 = DIRECTION ( 'NONE',  ( 0.0000000000000000000, 1.000000000000000000, 0.0000000000000000000 ) ) ;
#2880 = ORIENTED_EDGE ( 'NONE', *, *, #7897, .F. ) ;
#2881 = CARTESIAN_POINT ( 'NONE',  ( 0.03484251968503928500, -0.3855000000000026200, 0.7878425196850393800 ) ) ;
#2882 = LINE ( 'NONE', #5892, #2610 ) ;
#2883 = EDGE_LOOP ( 'NONE', ( #3743, #2939, #1517, #10758, #10386, #4427 ) ) ;
#2884 = LINE ( 'NONE', #8537, #5422 ) ;
#2885 = EDGE_CURVE ( 'NONE', #620, #828, #9004, .T. ) ;
#2886 = ORIENTED_EDGE ( 'NONE', *, *, #258, .T. ) ;
#2887 = CARTESIAN_POINT ( 'NONE',  ( 0.09566929133858267900, 0.3255628348940304800, 0.1601378170038762200 ) ) ;
#2888 = ORIENTED_EDGE ( 'NONE', *, *, #4293, .F. ) ;
#2889 = ORIENTED_EDGE ( 'NONE', *, *, #5015, .F. ) ;
#2890 = CARTESIAN_POINT ( 'NONE',  ( -0.2054877259843398100, -0.3320257118635111500, 0.3577821852201871800 ) ) ;
#2891 = EDGE_LOOP ( 'NONE', ( #3089, #6569, #8243 ) ) ;
#2892 = ORIENTED_EDGE ( 'NONE', *, *, #5342, .F. ) ;
#2893 = LINE ( 'NONE', #9215, #9950 ) ;
#2894 = EDGE_CURVE ( 'NONE', #1071, #7712, #4736, .T. ) ;
#2895 = ORIENTED_EDGE ( 'NONE', *, *, #7463, .T. ) ;
#2896 = LINE ( 'NONE', #4246, #8657 ) ;
#2897 = ORIENTED_EDGE ( 'NONE', *, *, #5235, .T. ) ;
#2898 = DIRECTION ( 'NONE',  ( -6.829619984160731600E-015, 0.0000000000000000000, 1.000000000000000000 ) ) ;
#2899 = VERTEX_POINT ( 'NONE', #10661 ) ;
#2900 = EDGE_CURVE ( 'NONE', #10615, #7462, #8071, .T. ) ;
#2901 = CARTESIAN_POINT ( 'NONE',  ( 0.3125000000000022800, -0.1219842793760456800, 0.7879635790510847200 ) ) ;
#2902 = VERTEX_POINT ( 'NONE', #7203 ) ;
#2903 = DIRECTION ( 'NONE',  ( -1.000000000000000000, -0.0000000000000000000, -0.0000000000000000000 ) ) ;
#2904 = DIRECTION ( 'NONE',  ( -1.000000000000000000, 3.791200677927630300E-031, 0.0000000000000000000 ) ) ;
#2905 = FACE_OUTER_BOUND ( 'NONE', #9827, .T. ) ;
#2906 = VERTEX_POINT ( 'NONE', #3853 ) ;
#2907 = MECHANICAL_DESIGN_GEOMETRIC_PRESENTATION_REPRESENTATION (  '', ( #4630 ), #2772 ) ;
#2908 = CARTESIAN_POINT ( 'NONE',  ( -0.2975000000000023200, 0.1087205899187654700, 0.7879635790510822700 ) ) ;
#2909 =( NAMED_UNIT ( * ) PLANE_ANGLE_UNIT ( ) SI_UNIT ( $, .RADIAN. ) );
#2910 = DIRECTION ( 'NONE',  ( 0.0000000000000000000, -1.000000000000000000, 0.0000000000000000000 ) ) ;
#2911 = ADVANCED_FACE ( 'NONE', ( #8888 ), #7236, .F. ) ;
#2912 = FACE_OUTER_BOUND ( 'NONE', #7676, .T. ) ;
#2913 = PRESENTATION_STYLE_ASSIGNMENT (( #8301 ) ) ;
#2914 = DIRECTION ( 'NONE',  ( 3.414809992080329900E-015, 0.0000000000000000000, -1.000000000000000000 ) ) ;
#2915 = CARTESIAN_POINT ( 'NONE',  ( -0.03188976377952755500, 0.0000000000000000000, 0.8122440944881890200 ) ) ;
#2916 = MANIFOLD_SOLID_BREP ( 'Boss-Extrude4[7]', #1057 ) ;
#2917 = ORIENTED_EDGE ( 'NONE', *, *, #5289, .F. ) ;
#2918 = AXIS2_PLACEMENT_3D ( 'NONE', #185, #7843, #999 ) ;
#2919 = EDGE_CURVE ( 'NONE', #2306, #1148, #3260, .T. ) ;
#2920 = DIRECTION ( 'NONE',  ( -3.453004075404071500E-015, -2.551844114882811900E-016, 1.000000000000000000 ) ) ;
#2921 = ADVANCED_FACE ( 'NONE', ( #2738 ), #10713, .F. ) ;
#2922 = LINE ( 'NONE', #1011, #4277 ) ;
#2923 = ORIENTED_EDGE ( 'NONE', *, *, #10772, .T. ) ;
#2924 = ORIENTED_EDGE ( 'NONE', *, *, #5810, .T. ) ;
#2925 = CARTESIAN_POINT ( 'NONE',  ( -0.2975000000000023200, 0.02872058991876547800, 0.7879635790510822700 ) ) ;
#2926 = PLANE ( 'NONE',  #4702 ) ;
#2927 = ORIENTED_EDGE ( 'NONE', *, *, #3164, .T. ) ;
#2928 = CARTESIAN_POINT ( 'NONE',  ( 0.3016278565449309600, -0.3922200722424393200, 0.7163187439931625300 ) ) ;
#2929 = AXIS2_PLACEMENT_3D ( 'NONE', #5560, #3905, #8061 ) ;
#2930 = DIRECTION ( 'NONE',  ( 3.466400071163393600E-015, 0.0000000000000000000, -1.000000000000000000 ) ) ;
#2931 = LINE ( 'NONE', #9952, #10132 ) ;
#2932 = ORIENTED_EDGE ( 'NONE', *, *, #10319, .T. ) ;
#2933 = EDGE_CURVE ( 'NONE', #3758, #1084, #4475, .T. ) ;
#2934 = DIRECTION ( 'NONE',  ( 0.0000000000000000000, 0.0000000000000000000, 1.000000000000000000 ) ) ;
#2935 = ORIENTED_EDGE ( 'NONE', *, *, #180, .T. ) ;
#2936 = DIRECTION ( 'NONE',  ( 0.0000000000000000000, -0.8973227340149595400, -0.4413750231038431300 ) ) ;
#2937 = ORIENTED_EDGE ( 'NONE', *, *, #9770, .T. ) ;
#2938 = DIRECTION ( 'NONE',  ( 1.000000000000000000, 0.0000000000000000000, -3.453004075404071500E-015 ) ) ;
#2939 = ORIENTED_EDGE ( 'NONE', *, *, #10688, .F. ) ;
#2940 = LINE ( 'NONE', #9531, #3203 ) ;
#2941 = ORIENTED_EDGE ( 'NONE', *, *, #5543, .T. ) ;
#2942 = CARTESIAN_POINT ( 'NONE',  ( -0.1751181102362205100, -0.1174558555784520600, 0.8122440944881890200 ) ) ;
#2943 = LINE ( 'NONE', #5109, #8034 ) ;
#2944 = VERTEX_POINT ( 'NONE', #10676 ) ;
#2945 = PLANE ( 'NONE',  #8810 ) ;
#2946 = FACE_OUTER_BOUND ( 'NONE', #5217, .T. ) ;
#2947 = ORIENTED_EDGE ( 'NONE', *, *, #1756, .F. ) ;
#2948 = CARTESIAN_POINT ( 'NONE',  ( 0.3125000000000023900, 0.04959782299446936800, 0.7740197545653726400 ) ) ;
#2949 = EDGE_CURVE ( 'NONE', #8836, #8639, #6599, .T. ) ;
#2950 = CARTESIAN_POINT ( 'NONE',  ( 0.2519685039370078700, -0.1324212598425196500, -0.0000000000000000000 ) ) ;
#2951 = LINE ( 'NONE', #885, #5627 ) ;
#2952 = ORIENTED_EDGE ( 'NONE', *, *, #4539, .T. ) ;
#2953 = ORIENTED_EDGE ( 'NONE', *, *, #2287, .T. ) ;
#2954 = VECTOR ( 'NONE', #4557, 39.37007874015748100 ) ;
#2955 = ORIENTED_EDGE ( 'NONE', *, *, #557, .T. ) ;
#2956 = CARTESIAN_POINT ( 'NONE',  ( -0.2966278565449310700, 0.09284335684306158100, 0.7529635790510820200 ) ) ;
#2957 = EDGE_CURVE ( 'NONE', #4932, #10423, #10983, .T. ) ;
#2958 = VECTOR ( 'NONE', #5333, 39.37007874015748100 ) ;
#2959 = LINE ( 'NONE', #5313, #10028 ) ;
#2960 = ADVANCED_FACE ( 'NONE', ( #455 ), #6457, .T. ) ;
#2961 = VECTOR ( 'NONE', #5685, 39.37007874015748100 ) ;
#2962 = DIRECTION ( 'NONE',  ( -6.829619984160731600E-015, 0.0000000000000000000, -1.000000000000000000 ) ) ;
#2963 = AXIS2_PLACEMENT_3D ( 'NONE', #6955, #3591, #6870 ) ;
#2964 = CARTESIAN_POINT ( 'NONE',  ( 0.2975000000000051500, 4.437546675563312000E-017, 1.028802906174493900E-015 ) ) ;
#2965 = FACE_OUTER_BOUND ( 'NONE', #5738, .T. ) ;
#2966 = FACE_OUTER_BOUND ( 'NONE', #9052, .T. ) ;
#2967 = DIRECTION ( 'NONE',  ( -3.441691376337984100E-015, -5.316972882242447500E-016, 1.000000000000000000 ) ) ;
#2968 = ADVANCED_FACE ( 'NONE', ( #4353 ), #7824, .T. ) ;
#2969 =( NAMED_UNIT ( * ) PLANE_ANGLE_UNIT ( ) SI_UNIT ( $, .RADIAN. ) );
#2970 = LINE ( 'NONE', #8403, #8607 ) ;
#2971 = DIRECTION ( 'NONE',  ( -3.414809992080319300E-015, 0.0000000000000000000, 1.000000000000000000 ) ) ;
#2972 = LINE ( 'NONE', #1472, #4595 ) ;
#2973 = LINE ( 'NONE', #3753, #10188 ) ;
#2974 = LINE ( 'NONE', #8542, #710 ) ;
#2975 = ORIENTED_EDGE ( 'NONE', *, *, #6988, .F. ) ;
#2976 = COLOUR_RGB ( '',1.000000000000000000, 1.000000000000000000, 1.000000000000000000 ) ;
#2977 = CYLINDRICAL_SURFACE ( 'NONE', #4160, 0.009842519685039378600 ) ;
#2978 = VERTEX_POINT ( 'NONE', #5626 ) ;
#2979 = DIRECTION ( 'NONE',  ( 7.400031521858132100E-030, -1.000000000000000000, 2.526970158255056200E-044 ) ) ;
#2980 = AXIS2_PLACEMENT_3D ( 'NONE', #7876, #6932, #1038 ) ;
#2981 = FACE_OUTER_BOUND ( 'NONE', #6367, .T. ) ;
#2982 = VECTOR ( 'NONE', #7539, 39.37007874015748100 ) ;
#2983 = CARTESIAN_POINT ( 'NONE',  ( 0.1799811510861111200, 0.06541338582677166900, 0.2157114503741968100 ) ) ;
#2984 = CYLINDRICAL_SURFACE ( 'NONE', #9109, 0.004999999999999946300 ) ;
#2985 = ORIENTED_EDGE ( 'NONE', *, *, #4712, .T. ) ;
#2986 = ORIENTED_EDGE ( 'NONE', *, *, #6739, .T. ) ;
#2987 = ORIENTED_EDGE ( 'NONE', *, *, #3647, .F. ) ;
#2988 = AXIS2_PLACEMENT_3D ( 'NONE', #1862, #2724, #8713 ) ;
#2989 = EDGE_CURVE ( 'NONE', #2899, #9057, #4207, .T. ) ;
#2990 = ORIENTED_EDGE ( 'NONE', *, *, #1945, .F. ) ;
#2991 = FACE_OUTER_BOUND ( 'NONE', #564, .T. ) ;
#2992 = LINE ( 'NONE', #223, #1389 ) ;
#2993 = DIRECTION ( 'NONE',  ( 0.0000000000000000000, 0.0000000000000000000, -1.000000000000000000 ) ) ;
#2994 = CARTESIAN_POINT ( 'NONE',  ( -0.08011811023622049400, -0.1855660917989245300, 0.8122440944881890200 ) ) ;
#2995 = EDGE_CURVE ( 'NONE', #5282, #6552, #10704, .T. ) ;
#2996 = DIRECTION ( 'NONE',  ( 0.0000000000000000000, -0.0000000000000000000, -1.000000000000000000 ) ) ;
#2997 = EDGE_LOOP ( 'NONE', ( #2607, #9289, #255, #8955 ) ) ;
#2998 = DIRECTION ( 'NONE',  ( 2.470505551939520200E-015, -0.7071067811865382500, -0.7071067811865569000 ) ) ;
#2999 = ORIENTED_EDGE ( 'NONE', *, *, #2433, .T. ) ;
#3000 = EDGE_LOOP ( 'NONE', ( #8335, #2162, #76, #6823 ) ) ;
#3001 = ORIENTED_EDGE ( 'NONE', *, *, #9357, .F. ) ;
#3002 = DIRECTION ( 'NONE',  ( -0.0000000000000000000, 0.0000000000000000000, -1.000000000000000000 ) ) ;
#3003 = CARTESIAN_POINT ( 'NONE',  ( 0.2094541919655777400, -0.01332677165354329200, 0.05093875028552515700 ) ) ;
#3004 = VECTOR ( 'NONE', #6513, 39.37007874015748100 ) ;
#3005 = CARTESIAN_POINT ( 'NONE',  ( 0.1949240715574873100, 0.06541338582677166900, 0.2170187865154117300 ) ) ;
#3006 = EDGE_LOOP ( 'NONE', ( #6683, #4743, #5568, #8302 ) ) ;
#3007 = CIRCLE ( 'NONE', #3704, 0.06790100862076549300 ) ;
#3008 = CARTESIAN_POINT ( 'NONE',  ( -0.2975000000000001000, -0.2514999999999993900, 0.01499999999999999900 ) ) ;
#3009 = EDGE_CURVE ( 'NONE', #8862, #5790, #4067, .T. ) ;
#3010 = ORIENTED_EDGE ( 'NONE', *, *, #9784, .F. ) ;
#3011 = ADVANCED_FACE ( 'NONE', ( #9265 ), #4800, .F. ) ;
#3012 = EDGE_LOOP ( 'NONE', ( #1730, #4124, #976, #2627 ) ) ;
#3013 = ORIENTED_EDGE ( 'NONE', *, *, #5970, .F. ) ;
#3014 = DIRECTION ( 'NONE',  ( 1.000000000000000000, 0.0000000000000000000, -0.0000000000000000000 ) ) ;
#3015 = EDGE_LOOP ( 'NONE', ( #10842, #3058, #8961, #4812 ) ) ;
#3016 = PLANE ( 'NONE',  #6462 ) ;
#3017 = EDGE_CURVE ( 'NONE', #9350, #7330, #4857, .T. ) ;
#3018 = DIRECTION ( 'NONE',  ( -0.0000000000000000000, 1.000000000000000000, -0.0000000000000000000 ) ) ;
#3019 = VERTEX_POINT ( 'NONE', #1365 ) ;
#3020 = ADVANCED_BREP_SHAPE_REPRESENTATION ( 'A00-108-262-450', ( #6535, #6085, #10901, #328, #6613, #7800, #7727, #4566, #2916, #948, #4086, #2652, #4892, #6972, #10508, #3736, #7436, #4967, #8615, #8551, #9740, #10824, #2285, #1835, #265 ), #8479 ) ;
#3021 = CIRCLE ( 'NONE', #5580, 0.06400000250777354600 ) ;
#3022 = ORIENTED_EDGE ( 'NONE', *, *, #9853, .F. ) ;
#3023 = CARTESIAN_POINT ( 'NONE',  ( -0.2816278565449310500, -0.1771838596522949400, 0.6900912614787635400 ) ) ;
#3024 = ADVANCED_FACE ( 'NONE', ( #2981 ), #1562, .F. ) ;
#3025 = EDGE_CURVE ( 'NONE', #2594, #3315, #8481, .T. ) ;
#3026 = STYLED_ITEM ( 'NONE', ( #10460 ), #6535 ) ;
#3027 = CARTESIAN_POINT ( 'NONE',  ( 0.2417957872900946800, -0.1861070463003418300, 0.7529635790510820200 ) ) ;
#3028 = CARTESIAN_POINT ( 'NONE',  ( -0.08011811023622049400, -0.1855660917989245300, 0.8122440944881890200 ) ) ;
#3029 = ORIENTED_EDGE ( 'NONE', *, *, #4518, .F. ) ;
#3030 = EDGE_CURVE ( 'NONE', #5686, #8015, #9532, .T. ) ;
#3031 = CARTESIAN_POINT ( 'NONE',  ( 0.3074317698892222200, 0.1454527559055146500, 0.7050230313679838300 ) ) ;
#3032 = CARTESIAN_POINT ( 'NONE',  ( -0.2445122359227436800, -0.2675000000000017400, 0.3670469609432717700 ) ) ;
#3033 = DIRECTION ( 'NONE',  ( 0.0000000000000000000, 0.0000000000000000000, -1.000000000000000000 ) ) ;
#3034 = DIRECTION ( 'NONE',  ( -3.268890873095160100E-008, 0.0000000000000000000, 0.9999999999999994400 ) ) ;
#3035 = AXIS2_PLACEMENT_3D ( 'NONE', #10677, #10642, #3871 ) ;
#3036 = DIRECTION ( 'NONE',  ( 0.0000000000000000000, -1.000000000000000000, 0.0000000000000000000 ) ) ;
#3037 = LINE ( 'NONE', #4820, #1724 ) ;
#3038 = CARTESIAN_POINT ( 'NONE',  ( 0.1153543307086614100, 0.3077060962964917600, 0.1513544460802586400 ) ) ;
#3039 = ORIENTED_EDGE ( 'NONE', *, *, #6298, .F. ) ;
#3040 = DIRECTION ( 'NONE',  ( 0.0000000000000000000, 0.0000000000000000000, 1.000000000000000000 ) ) ;
#3041 = SURFACE_SIDE_STYLE ('',( #9751 ) ) ;
#3042 = AXIS2_PLACEMENT_3D ( 'NONE', #6559, #8827, #1444 ) ;
#3043 = EDGE_LOOP ( 'NONE', ( #3696, #10690, #652, #4367 ) ) ;
#3044 = DIRECTION ( 'NONE',  ( -1.000000000000000000, 3.791200677927630300E-031, 0.0000000000000000000 ) ) ;
#3045 = FACE_OUTER_BOUND ( 'NONE', #1534, .T. ) ;
#3046 = EDGE_LOOP ( 'NONE', ( #8332, #907, #4120, #3881 ) ) ;
#3047 = AXIS2_PLACEMENT_3D ( 'NONE', #8726, #2621, #3566 ) ;
#3048 = EDGE_CURVE ( 'NONE', #10624, #10771, #6088, .T. ) ;
#3049 = ORIENTED_EDGE ( 'NONE', *, *, #707, .F. ) ;
#3050 = EDGE_CURVE ( 'NONE', #1809, #6365, #2057, .T. ) ;
#3051 = CARTESIAN_POINT ( 'NONE',  ( -0.2717853368598916500, 0.2426574803149606500, 0.02484251968503937300 ) ) ;
#3052 = FACE_OUTER_BOUND ( 'NONE', #1826, .T. ) ;
#3053 = EDGE_LOOP ( 'NONE', ( #5004, #9945, #7721, #5613 ) ) ;
#3054 = ADVANCED_FACE ( 'NONE', ( #1803 ), #5770, .T. ) ;
#3055 = CARTESIAN_POINT ( 'NONE',  ( 0.2054877305757012400, -0.3323362475016345400, 0.4982384320423597400 ) ) ;
#3056 = DIRECTION ( 'NONE',  ( 1.000000000000000000, -1.458800866809831900E-016, 3.623343611582382000E-015 ) ) ;
#3057 = AXIS2_PLACEMENT_3D ( 'NONE', #3388, #6699, #4981 ) ;
#3058 = ORIENTED_EDGE ( 'NONE', *, *, #4642, .F. ) ;
#3059 = CARTESIAN_POINT ( 'NONE',  ( 0.0000000000000000000, -0.2525000000000000600, 0.0000000000000000000 ) ) ;
#3060 = CIRCLE ( 'NONE', #923, 0.004999999999999946300 ) ;
#3061 = VERTEX_POINT ( 'NONE', #10865 ) ;
#3062 = EDGE_CURVE ( 'NONE', #4583, #7408, #10846, .T. ) ;
#3063 = EDGE_CURVE ( 'NONE', #9940, #8238, #9402, .T. ) ;
#3064 = CARTESIAN_POINT ( 'NONE',  ( 0.2974999999999998800, -0.2675000000000001300, 0.01499999999999999900 ) ) ;
#3065 = VECTOR ( 'NONE', #1476, 39.37007874015748100 ) ;
#3066 = ORIENTED_EDGE ( 'NONE', *, *, #9517, .T. ) ;
#3067 = CARTESIAN_POINT ( 'NONE',  ( -0.1151574803149606800, -0.3855000000000022900, 0.6878425196850395100 ) ) ;
#3068 = LENGTH_MEASURE_WITH_UNIT ( LENGTH_MEASURE( 0.02539999999999999900 ), #2274 );
#3069 = PRESENTATION_STYLE_ASSIGNMENT (( #804 ) ) ;
#3070 = EDGE_CURVE ( 'NONE', #10117, #5134, #7813, .T. ) ;
#3071 = DIRECTION ( 'NONE',  ( -1.036724799359237700E-029, -1.000000000000000000, 2.982321770406309500E-015 ) ) ;
#3072 = DIRECTION ( 'NONE',  ( 1.000000000000000000, -3.791200677927630300E-031, 0.0000000000000000000 ) ) ;
#3073 = LINE ( 'NONE', #1224, #9360 ) ;
#3074 = VERTEX_POINT ( 'NONE', #4021 ) ;
#3075 = DIRECTION ( 'NONE',  ( 0.0000000000000000000, 0.0000000000000000000, 1.000000000000000000 ) ) ;
#3076 = VECTOR ( 'NONE', #1654, 39.37007874015748100 ) ;
#3077 = ORIENTED_EDGE ( 'NONE', *, *, #10514, .F. ) ;
#3078 = CARTESIAN_POINT ( 'NONE',  ( -0.1948031496062992700, -0.2052511311690032600, 0.0000000000000000000 ) ) ;
#3079 = CARTESIAN_POINT ( 'NONE',  ( -0.1751181102362205100, -0.1855660917989245000, 0.03468503937007873200 ) ) ;
#3080 = EDGE_CURVE ( 'NONE', #4606, #7464, #340, .T. ) ;
#3081 = CARTESIAN_POINT ( 'NONE',  ( 0.2717853368598917600, 0.2525000000000000600, 0.02484251968503935600 ) ) ;
#3082 = AXIS2_PLACEMENT_3D ( 'NONE', #4943, #10008, #6702 ) ;
#3083 = VECTOR ( 'NONE', #2353, 39.37007874015748100 ) ;
#3084 = VECTOR ( 'NONE', #1644, 39.37007874015748100 ) ;
#3085 = LINE ( 'NONE', #4761, #6315 ) ;
#3086 = EDGE_CURVE ( 'NONE', #8640, #6887, #7145, .T. ) ;
#3087 = PLANE ( 'NONE',  #5009 ) ;
#3088 = CARTESIAN_POINT ( 'NONE',  ( 0.03484251968503928500, -0.3855000000000025600, 0.7681574803149606700 ) ) ;
#3089 = ORIENTED_EDGE ( 'NONE', *, *, #8111, .F. ) ;
#3090 = DIRECTION ( 'NONE',  ( -0.0000000000000000000, 1.000000000000000000, -0.0000000000000000000 ) ) ;
#3091 = FACE_OUTER_BOUND ( 'NONE', #1137, .T. ) ;
#3092 = LINE ( 'NONE', #472, #8748 ) ;
#3093 = VECTOR ( 'NONE', #5383, 39.37007874015748100 ) ;
#3094 = CARTESIAN_POINT ( 'NONE',  ( -0.2054877302721724000, -0.3775000000000015600, 0.4889530551430127900 ) ) ;
#3095 = AXIS2_PLACEMENT_3D ( 'NONE', #3373, #10194, #3212 ) ;
#3096 = LINE ( 'NONE', #163, #10574 ) ;
#3097 = VECTOR ( 'NONE', #8115, 39.37007874015748100 ) ;
#3098 = DIRECTION ( 'NONE',  ( -1.266221515311538300E-016, -1.000000000000000000, 0.0000000000000000000 ) ) ;
#3099 = SURFACE_STYLE_USAGE ( .BOTH. , #2278 ) ;
#3100 = DIRECTION ( 'NONE',  ( 0.0000000000000000000, 0.4413750231038431300, -0.8973227340149595400 ) ) ;
#3101 = VECTOR ( 'NONE', #9168, 39.37007874015748100 ) ;
#3102 = VECTOR ( 'NONE', #9463, 39.37007874015748100 ) ;
#3103 = CARTESIAN_POINT ( 'NONE',  ( 0.2054877259868692600, -0.3334805806756923600, 0.3578595639789236600 ) ) ;
#3104 = CARTESIAN_POINT ( 'NONE',  ( 0.1848425196850392300, -0.3855000000000022300, 0.6681574803149605800 ) ) ;
#3105 = VECTOR ( 'NONE', #7010, 39.37007874015748100 ) ;
#3106 = ORIENTED_EDGE ( 'NONE', *, *, #1317, .F. ) ;
#3107 = ORIENTED_EDGE ( 'NONE', *, *, #9394, .T. ) ;
#3108 = ORIENTED_EDGE ( 'NONE', *, *, #5430, .F. ) ;
#3109 = ORIENTED_EDGE ( 'NONE', *, *, #2497, .F. ) ;
#3110 = DIRECTION ( 'NONE',  ( -1.000000000000000000, -2.280130751809684600E-016, 0.0000000000000000000 ) ) ;
#3111 = CARTESIAN_POINT ( 'NONE',  ( -0.2974999999999999900, 0.2517928932188134800, -1.093155637708642100E-015 ) ) ;
#3112 = DIRECTION ( 'NONE',  ( 0.0000000000000000000, 0.0000000000000000000, 1.000000000000000000 ) ) ;
#3113 = ADVANCED_FACE ( 'NONE', ( #10059 ), #8245, .F. ) ;
#3114 = ORIENTED_EDGE ( 'NONE', *, *, #6026, .T. ) ;
#3115 = CARTESIAN_POINT ( 'NONE',  ( -0.03188976377952755500, -0.01737224260835761400, 0.8122440944881890200 ) ) ;
#3116 =( GEOMETRIC_REPRESENTATION_CONTEXT ( 3 ) GLOBAL_UNCERTAINTY_ASSIGNED_CONTEXT ( ( #10349 ) ) GLOBAL_UNIT_ASSIGNED_CONTEXT ( ( #4035, #9984, #4923 ) ) REPRESENTATION_CONTEXT ( 'NONE', 'WORKASPACE' ) );
#3117 = VECTOR ( 'NONE', #7088, 39.37007874015748100 ) ;
#3118 = EDGE_CURVE ( 'NONE', #4059, #7971, #5528, .T. ) ;
#3119 = VECTOR ( 'NONE', #2186, 39.37007874015748100 ) ;
#3120 = CARTESIAN_POINT ( 'NONE',  ( 0.1578740157480314800, 0.1522291837916265300, 0.5125280012291644200 ) ) ;
#3121 = CARTESIAN_POINT ( 'NONE',  ( -0.2519685039370078700, 0.1754133858267716600, 0.01499999999999999900 ) ) ;
#3122 = DIRECTION ( 'NONE',  ( -1.000000000000000000, 0.0000000000000000000, 0.0000000000000000000 ) ) ;
#3123 = AXIS2_PLACEMENT_3D ( 'NONE', #5774, #6755, #2367 ) ;
#3124 = VERTEX_POINT ( 'NONE', #653 ) ;
#3125 = ORIENTED_EDGE ( 'NONE', *, *, #5235, .F. ) ;
#3126 = EDGE_LOOP ( 'NONE', ( #7758, #10921, #3995, #8807 ) ) ;
#3127 = VERTEX_POINT ( 'NONE', #9939 ) ;
#3128 = CARTESIAN_POINT ( 'NONE',  ( 0.1751181102362205100, -0.1855660917989245000, 0.03468503937007873200 ) ) ;
#3129 = ADVANCED_FACE ( 'NONE', ( #7404 ), #1521, .T. ) ;
#3130 = PRESENTATION_STYLE_ASSIGNMENT (( #10371 ) ) ;
#3131 = ORIENTED_EDGE ( 'NONE', *, *, #8049, .F. ) ;
#3132 = VECTOR ( 'NONE', #7711, 39.37007874015748100 ) ;
#3134 = AXIS2_PLACEMENT_3D ( 'NONE', #3051, #4781, #10654 ) ;
#3133 = CARTESIAN_POINT ( 'NONE',  ( 0.1578740157480314800, 0.0000000000000000000, 0.0000000000000000000 ) ) ;
#3135 = DIRECTION ( 'NONE',  ( 1.000000000000000000, 0.0000000000000000000, -3.623343611582382800E-015 ) ) ;
#3136 = EDGE_LOOP ( 'NONE', ( #9145, #1351, #9395, #8094 ) ) ;
#3137 = ORIENTED_EDGE ( 'NONE', *, *, #10155, .T. ) ;
#3138 = VERTEX_POINT ( 'NONE', #736 ) ;
#3139 = EDGE_CURVE ( 'NONE', #10510, #6938, #718, .T. ) ;
#3140 = CARTESIAN_POINT ( 'NONE',  ( 0.1578740157480314800, 0.1522291837916265600, 0.0000000000000000000 ) ) ;
#3141 = PLANE ( 'NONE',  #9506 ) ;
#3142 = ORIENTED_EDGE ( 'NONE', *, *, #10311, .T. ) ;
#3143 = DIRECTION ( 'NONE',  ( -1.000000000000000000, -0.0000000000000000000, 3.453004075404071100E-015 ) ) ;
#3144 = ORIENTED_EDGE ( 'NONE', *, *, #10068, .T. ) ;
#3145 = CARTESIAN_POINT ( 'NONE',  ( -0.07440944881889763300, 0.004804859663680982400, 0.8122440944881890200 ) ) ;
#3146 = VERTEX_POINT ( 'NONE', #3471 ) ;
#3147 = CARTESIAN_POINT ( 'NONE',  ( 0.2054877304229142900, -0.3275191816317532500, 0.4935644637869132700 ) ) ;
#3148 = VECTOR ( 'NONE', #2502, 39.37007874015748100 ) ;
#3149 = ORIENTED_EDGE ( 'NONE', *, *, #10589, .T. ) ;
#3150 = EDGE_LOOP ( 'NONE', ( #4495, #5338, #8661, #11009 ) ) ;
#3151 = DIRECTION ( 'NONE',  ( 0.0000000000000000000, 0.0000000000000000000, 1.000000000000000000 ) ) ;
#3152 = AXIS2_PLACEMENT_3D ( 'NONE', #8581, #10275, #997 ) ;
#3153 = CARTESIAN_POINT ( 'NONE',  ( 0.1153543307086614100, 0.3255628348940304800, 0.1601378170038762200 ) ) ;
#3154 = CARTESIAN_POINT ( 'NONE',  ( 0.3164370078740185200, -0.2515000000000000000, 0.3026850393700797900 ) ) ;
#3155 = ORIENTED_EDGE ( 'NONE', *, *, #9280, .F. ) ;
#3156 = DIRECTION ( 'NONE',  ( 0.0000000000000000000, 1.000000000000000000, 0.0000000000000000000 ) ) ;
#3157 = EDGE_CURVE ( 'NONE', #8644, #3926, #5276, .T. ) ;
#3158 = DIRECTION ( 'NONE',  ( -0.0000000000000000000, 1.000000000000000000, 0.0000000000000000000 ) ) ;
#3159 = CARTESIAN_POINT ( 'NONE',  ( -0.09724409448818897800, 0.0000000000000000000, 0.8122440944881890200 ) ) ;
#3160 = CIRCLE ( 'NONE', #2659, 0.004999999999999946300 ) ;
#3161 = ORIENTED_EDGE ( 'NONE', *, *, #9130, .F. ) ;
#3162 = ADVANCED_FACE ( 'NONE', ( #2046 ), #4339, .F. ) ;
#3163 = DIRECTION ( 'NONE',  ( -1.000000000000000000, -3.491481338843133700E-015, 1.110011529149451000E-029 ) ) ;
#3164 = EDGE_CURVE ( 'NONE', #1753, #2944, #9508, .T. ) ;
#3165 = CARTESIAN_POINT ( 'NONE',  ( 0.2966278565449312300, -0.2515000000000000000, 0.8098162275806202200 ) ) ;
#3166 =( LENGTH_UNIT ( ) NAMED_UNIT ( * ) SI_UNIT ( $, .METRE. ) );
#3167 = FACE_OUTER_BOUND ( 'NONE', #5474, .T. ) ;
#3168 = VECTOR ( 'NONE', #9469, 39.37007874015748100 ) ;
#3169 = PLANE ( 'NONE',  #952 ) ;
#3170 = CARTESIAN_POINT ( 'NONE',  ( 0.08011811023622049400, -0.2497393201453811900, 0.03468503937007873200 ) ) ;
#3171 = ADVANCED_FACE ( 'NONE', ( #4436 ), #8436, .F. ) ;
#3172 = CARTESIAN_POINT ( 'NONE',  ( 0.08011811023622049400, -0.1855660917989245300, 0.03468503937007873200 ) ) ;
#3173 = ORIENTED_EDGE ( 'NONE', *, *, #7387, .T. ) ;
#3174 = CARTESIAN_POINT ( 'NONE',  ( -0.01515748031496071300, -0.3855000000000022300, 0.6681574803149606900 ) ) ;
#3175 = CARTESIAN_POINT ( 'NONE',  ( -0.2249999999999999800, -0.2675000000000014600, 0.4279999999999999400 ) ) ;
#3176 = APPLICATION_PROTOCOL_DEFINITION ( 'draft international standard', 'automotive_design', 1998, #7448 ) ;
#3177 = LINE ( 'NONE', #8370, #10912 ) ;
#3178 = EDGE_LOOP ( 'NONE', ( #213, #10345, #10710, #471 ) ) ;
#3179 = DIRECTION ( 'NONE',  ( 1.000000000000000000, -3.594536833768767100E-016, 0.0000000000000000000 ) ) ;
#3180 = ORIENTED_EDGE ( 'NONE', *, *, #6739, .F. ) ;
#3181 = CARTESIAN_POINT ( 'NONE',  ( -0.1169291338582677000, 0.1522291837916265600, 0.0000000000000000000 ) ) ;
#3182 = CARTESIAN_POINT ( 'NONE',  ( -0.2925000000000024200, 0.3248392745685750900, 0.6900912614787658700 ) ) ;
#3183 = CARTESIAN_POINT ( 'NONE',  ( 0.2054877304882577200, -0.3281266234469185100, 0.4955634101282933600 ) ) ;
#3184 = CARTESIAN_POINT ( 'NONE',  ( 0.3164370078740166800, -0.3856102362204703600, 0.2810314960629910500 ) ) ;
#3185 = ORIENTED_EDGE ( 'NONE', *, *, #941, .T. ) ;
#3186 = ADVANCED_FACE ( 'NONE', ( #886 ), #4991, .F. ) ;
#3187 = DIRECTION ( 'NONE',  ( -0.0000000000000000000, 0.8973227340149595400, 0.4413750231038433600 ) ) ;
#3188 = CARTESIAN_POINT ( 'NONE',  ( -0.2975000000000023700, 0.2454289321881376900, 0.8349999999999999600 ) ) ;
#3189 = LINE ( 'NONE', #5045, #4928 ) ;
#3190 = ORIENTED_EDGE ( 'NONE', *, *, #8522, .T. ) ;
#3191 = CARTESIAN_POINT ( 'NONE',  ( 0.1578740157480314800, 0.0000000000000000000, 0.8122440944881890200 ) ) ;
#3192 = AXIS2_PLACEMENT_3D ( 'NONE', #836, #4322, #3335 ) ;
#3193 = CARTESIAN_POINT ( 'NONE',  ( 0.2417957872900946800, -0.1811070463003418000, 0.7529635790510819100 ) ) ;
#3194 = CARTESIAN_POINT ( 'NONE',  ( -0.3016278565449309600, -0.2515000000000000600, 0.7163187439931648600 ) ) ;
#3195 = CARTESIAN_POINT ( 'NONE',  ( 0.2519685039370078700, 0.06541338582677166900, 0.01499999999999999900 ) ) ;
#3196 = ORIENTED_EDGE ( 'NONE', *, *, #7115, .F. ) ;
#3197 = ORIENTED_EDGE ( 'NONE', *, *, #7575, .T. ) ;
#3198 = CARTESIAN_POINT ( 'NONE',  ( -0.2417957872900946000, -0.1428615124517495800, 0.7690197545653725300 ) ) ;
#3199 = CIRCLE ( 'NONE', #8733, 0.04900000250777329600 ) ;
#3200 = DIRECTION ( 'NONE',  ( 1.000000000000000000, -2.280130751809684600E-016, 0.0000000000000000000 ) ) ;
#3201 = DIRECTION ( 'NONE',  ( 0.0000000000000000000, 0.0000000000000000000, -1.000000000000000000 ) ) ;
#3202 = VERTEX_POINT ( 'NONE', #3316 ) ;
#3203 = VECTOR ( 'NONE', #6087, 39.37007874015748100 ) ;
#3204 = ORIENTED_EDGE ( 'NONE', *, *, #1201, .T. ) ;
#3205 = EDGE_CURVE ( 'NONE', #3061, #7722, #1625, .T. ) ;
#3206 = ORIENTED_EDGE ( 'NONE', *, *, #9770, .F. ) ;
#3207 = DIRECTION ( 'NONE',  ( -0.08715574274766178800, 0.0000000000000000000, -0.9961946980917452100 ) ) ;
#3208 = LINE ( 'NONE', #3751, #9741 ) ;
#3209 = EDGE_CURVE ( 'NONE', #2061, #6333, #7840, .T. ) ;
#3210 = CARTESIAN_POINT ( 'NONE',  ( 0.2966278565449310100, 0.04959782299446936800, 0.7479635790510821300 ) ) ;
#3211 = VECTOR ( 'NONE', #2596, 39.37007874015748100 ) ;
#3212 = DIRECTION ( 'NONE',  ( 0.0000000000000000000, 0.0000000000000000000, 1.000000000000000000 ) ) ;
#3213 = LINE ( 'NONE', #7839, #6551 ) ;
#3214 = ORIENTED_EDGE ( 'NONE', *, *, #4032, .T. ) ;
#3215 = EDGE_LOOP ( 'NONE', ( #10502, #10133, #3573, #9666 ) ) ;
#3216 = CARTESIAN_POINT ( 'NONE',  ( -0.3125000000000001700, 0.2519107443490111200, 0.01107300918301271300 ) ) ;
#3217 = VECTOR ( 'NONE', #9717, 39.37007874015748100 ) ;
#3218 = ADVANCED_FACE ( 'NONE', ( #3806 ), #7693, .F. ) ;
#3219 = ORIENTED_EDGE ( 'NONE', *, *, #8556, .T. ) ;
#3220 = AXIS2_PLACEMENT_3D ( 'NONE', #4198, #2462, #5907 ) ;
#3221 = CARTESIAN_POINT ( 'NONE',  ( 0.2974999999999999300, 0.2525000000000000600, -1.067128122525102800E-017 ) ) ;
#3222 = CARTESIAN_POINT ( 'NONE',  ( -0.08011811023622049400, -0.1855660917989245300, 0.8122440944881890200 ) ) ;
#3223 = CARTESIAN_POINT ( 'NONE',  ( -0.2816278565449310500, 0.2426574803149606500, 0.8101574803149607100 ) ) ;
#3224 = CIRCLE ( 'NONE', #6018, 0.02000000000000005900 ) ;
#3225 = LINE ( 'NONE', #4424, #7235 ) ;
#3226 = EDGE_CURVE ( 'NONE', #3585, #8359, #10967, .T. ) ;
#3227 = UNCERTAINTY_MEASURE_WITH_UNIT (LENGTH_MEASURE( 1.000000000000000100E-005 ), #1121, 'distance_accuracy_value', 'NONE');
#3228 = DIRECTION ( 'NONE',  ( 1.000000000000000000, -6.982962677686267500E-015, 7.109629533472137400E-017 ) ) ;
#3229 = PLANE ( 'NONE',  #5761 ) ;
#3230 = DIRECTION ( 'NONE',  ( 0.0000000000000000000, -0.4413750231038433600, 0.8973227340149595400 ) ) ;
#3231 = DIRECTION ( 'NONE',  ( 1.000000000000000000, -0.0000000000000000000, -0.0000000000000000000 ) ) ;
#3232 = EDGE_CURVE ( 'NONE', #6359, #3409, #6952, .T. ) ;
#3233 = CARTESIAN_POINT ( 'NONE',  ( -0.2519685039370078700, 0.06541338582677166900, 0.0000000000000000000 ) ) ;
#3234 = CARTESIAN_POINT ( 'NONE',  ( -0.08011811023622049400, -0.1855660917989245300, 0.8122440944881890200 ) ) ;
#3235 = ADVANCED_FACE ( 'NONE', ( #10575 ), #2660, .T. ) ;
#3236 = LINE ( 'NONE', #5142, #4182 ) ;
#3237 = PLANE ( 'NONE',  #3123 ) ;
#3238 = FACE_OUTER_BOUND ( 'NONE', #611, .T. ) ;
#3239 = CARTESIAN_POINT ( 'NONE',  ( 0.2974999999999999300, -0.2514999999999994500, -8.537024980200822600E-018 ) ) ;
#3240 = FACE_OUTER_BOUND ( 'NONE', #6590, .T. ) ;
#3241 = DIRECTION ( 'NONE',  ( 0.0000000000000000000, 0.0000000000000000000, 1.000000000000000000 ) ) ;
#3242 = LINE ( 'NONE', #9843, #3766 ) ;
#3243 = DIRECTION ( 'NONE',  ( 1.000000000000000000, -0.0000000000000000000, 0.0000000000000000000 ) ) ;
#3244 = EDGE_CURVE ( 'NONE', #7019, #3443, #6659, .T. ) ;
#3245 = AXIS2_PLACEMENT_3D ( 'NONE', #9125, #9909, #4808 ) ;
#3246 = CARTESIAN_POINT ( 'NONE',  ( 0.05314960629921262200, 0.1522291837916265300, 0.5125280012291644200 ) ) ;
#3247 = VECTOR ( 'NONE', #2282, 39.37007874015748100 ) ;
#3248 = LINE ( 'NONE', #7701, #7672 ) ;
#3249 = DIRECTION ( 'NONE',  ( -0.0000000000000000000, 1.000000000000000000, 0.0000000000000000000 ) ) ;
#3250 = EDGE_CURVE ( 'NONE', #597, #6253, #6014, .T. ) ;
#3251 = LINE ( 'NONE', #4305, #10335 ) ;
#3252 = EDGE_LOOP ( 'NONE', ( #4534, #7567, #3280, #6965 ) ) ;
#3253 = CARTESIAN_POINT ( 'NONE',  ( -0.2445122359227436800, -0.2675000000000012400, 0.3670469609432729900 ) ) ;
#3255 = CARTESIAN_POINT ( 'NONE',  ( -0.2054877262871947200, -0.3775000000000011700, 0.3670469461326569300 ) ) ;
#3254 = FACE_OUTER_BOUND ( 'NONE', #9589, .T. ) ;
#3256 = ORIENTED_EDGE ( 'NONE', *, *, #7974, .T. ) ;
#3257 = ORIENTED_EDGE ( 'NONE', *, *, #4473, .T. ) ;
#3258 =( LENGTH_UNIT ( ) NAMED_UNIT ( * ) SI_UNIT ( $, .METRE. ) );
#3259 = CARTESIAN_POINT ( 'NONE',  ( -0.1151574803149606800, -0.3855000000000022300, 0.6681574803149606900 ) ) ;
#3260 = LINE ( 'NONE', #1264, #1257 ) ;
#3261 = LINE ( 'NONE', #10058, #7405 ) ;
#3262 = CARTESIAN_POINT ( 'NONE',  ( 0.3124999999999999400, -0.2514999999999993400, 0.01499999999999994700 ) ) ;
#3263 = VECTOR ( 'NONE', #9482, 39.37007874015748100 ) ;
#3264 = DIRECTION ( 'NONE',  ( -1.000000000000000000, 0.0000000000000000000, 0.0000000000000000000 ) ) ;
#3265 = ORIENTED_EDGE ( 'NONE', *, *, #7061, .T. ) ;
#3266 = VERTEX_POINT ( 'NONE', #7577 ) ;
#3267 = ORIENTED_EDGE ( 'NONE', *, *, #2495, .T. ) ;
#3268 =( CONVERSION_BASED_UNIT ( 'INCH', #10546 ) LENGTH_UNIT ( ) NAMED_UNIT ( #9015 ) );
#3269 = VERTEX_POINT ( 'NONE', #772 ) ;
#3270 = EDGE_LOOP ( 'NONE', ( #7831, #8199, #4060, #9528 ) ) ;
#3271 = CARTESIAN_POINT ( 'NONE',  ( 0.3125000000000009400, -0.3856102362204703600, 0.2928425196850381600 ) ) ;
#3272 = LINE ( 'NONE', #8630, #8492 ) ;
#3273 = DIRECTION ( 'NONE',  ( -0.0000000000000000000, -1.000000000000000000, 0.0000000000000000000 ) ) ;
#3274 = VECTOR ( 'NONE', #3426, 39.37007874015748100 ) ;
#3275 = DIRECTION ( 'NONE',  ( 4.011848926865880400E-016, 1.000000000000000000, 0.0000000000000000000 ) ) ;
#3276 = ORIENTED_EDGE ( 'NONE', *, *, #3009, .T. ) ;
#3277 = CARTESIAN_POINT ( 'NONE',  ( 0.1751181102362205100, -0.1174558555784520600, 0.8122440944881890200 ) ) ;
#3278 = ORIENTED_EDGE ( 'NONE', *, *, #5889, .F. ) ;
#3279 = CARTESIAN_POINT ( 'NONE',  ( 0.2054877260729794400, -0.3280966167401616100, 0.3604937960199826000 ) ) ;
#3280 = ORIENTED_EDGE ( 'NONE', *, *, #2139, .F. ) ;
#3281 = CARTESIAN_POINT ( 'NONE',  ( 0.2975000000000026500, 0.1504527559055176000, 0.7179527559055124400 ) ) ;
#3283 = EDGE_CURVE ( 'NONE', #336, #1273, #8938, .T. ) ;
#3282 = ADVANCED_FACE ( 'NONE', ( #9184 ), #7199, .T. ) ;
#3284 = ORIENTED_EDGE ( 'NONE', *, *, #4807, .F. ) ;
#3285 = DIRECTION ( 'NONE',  ( -1.000000000000000000, -1.458800866809831600E-016, 3.623343611582382000E-015 ) ) ;
#3286 = ORIENTED_EDGE ( 'NONE', *, *, #9037, .T. ) ;
#3287 = LINE ( 'NONE', #6961, #2612 ) ;
#3288 = EDGE_CURVE ( 'NONE', #4439, #8288, #7461, .T. ) ;
#3289 = VERTEX_POINT ( 'NONE', #9494 ) ;
#3290 = EDGE_LOOP ( 'NONE', ( #2618, #5440, #1533, #4492 ) ) ;
#3291 = ORIENTED_EDGE ( 'NONE', *, *, #2516, .F. ) ;
#3292 =( NAMED_UNIT ( * ) PLANE_ANGLE_UNIT ( ) SI_UNIT ( $, .RADIAN. ) );
#3293 = ORIENTED_EDGE ( 'NONE', *, *, #9739, .F. ) ;
#3295 = AXIS2_PLACEMENT_3D ( 'NONE', #3887, #3850, #9814 ) ;
#3294 = DIRECTION ( 'NONE',  ( 0.0000000000000000000, 0.0000000000000000000, -1.000000000000000000 ) ) ;
#3296 = ADVANCED_FACE ( 'NONE', ( #6805 ), #6947, .F. ) ;
#3297 = PLANE ( 'NONE',  #10956 ) ;
#3298 = EDGE_CURVE ( 'NONE', #7330, #6475, #8262, .T. ) ;
#3299 = EDGE_CURVE ( 'NONE', #3740, #2410, #7751, .T. ) ;
#3300 = ORIENTED_EDGE ( 'NONE', *, *, #10174, .T. ) ;
#3301 = CARTESIAN_POINT ( 'NONE',  ( 0.3125000000000023900, 0.04959782299446936800, 0.7690197545653728600 ) ) ;
#3302 = FACE_BOUND ( 'NONE', #750, .T. ) ;
#3303 = ORIENTED_EDGE ( 'NONE', *, *, #6910, .F. ) ;
#3304 = CARTESIAN_POINT ( 'NONE',  ( -0.1397637795275590600, 0.3255628348940304800, 0.1601378170038762200 ) ) ;
#3305 = DIRECTION ( 'NONE',  ( 0.0000000000000000000, 0.4413750231038431300, -0.8973227340149595400 ) ) ;
#3306 = CARTESIAN_POINT ( 'NONE',  ( -0.2975000000000023700, 0.2525000000000000600, -8.616870994565237800E-016 ) ) ;
#3307 = CARTESIAN_POINT ( 'NONE',  ( -0.09842519685039372000, -0.2674999999999999600, 0.0000000000000000000 ) ) ;
#3308 = CARTESIAN_POINT ( 'NONE',  ( -0.01220472440944881700, 0.3255628348940304800, 0.1601378170038762200 ) ) ;
#3309 = CARTESIAN_POINT ( 'NONE',  ( -0.2417957872900946000, 0.08784335684306161800, 0.7690197545653725300 ) ) ;
#3310 = STYLED_ITEM ( 'NONE', ( #4057 ), #6085 ) ;
#3311 = DIRECTION ( 'NONE',  ( 0.0000000000000000000, -0.0000000000000000000, 1.000000000000000000 ) ) ;
#3312 = LINE ( 'NONE', #7440, #9039 ) ;
#3313 = VERTEX_POINT ( 'NONE', #10328 ) ;
#3314 = DIRECTION ( 'NONE',  ( -1.000000000000000000, -0.0000000000000000000, -0.0000000000000000000 ) ) ;
#3315 = VERTEX_POINT ( 'NONE', #3547 ) ;
#3316 = CARTESIAN_POINT ( 'NONE',  ( 0.2967928932188134100, 0.2454289321881376600, 0.8199999999999999500 ) ) ;
#3317 = EDGE_CURVE ( 'NONE', #7599, #5662, #2922, .T. ) ;
#3318 = AXIS2_PLACEMENT_3D ( 'NONE', #8601, #8489, #3408 ) ;
#3319 = DIRECTION ( 'NONE',  ( 3.441691376337984100E-015, 9.880952548175142300E-017, -1.000000000000000000 ) ) ;
#3320 = CARTESIAN_POINT ( 'NONE',  ( 0.2975000000000023200, 1.756808322782802000E-015, 0.8200000000000027300 ) ) ;
#3321 = ORIENTED_EDGE ( 'NONE', *, *, #4089, .T. ) ;
#3322 = DIRECTION ( 'NONE',  ( 0.0000000000000000000, 0.0000000000000000000, 1.000000000000000000 ) ) ;
#3323 = LINE ( 'NONE', #8688, #2233 ) ;
#3324 = EDGE_CURVE ( 'NONE', #7916, #5586, #789, .T. ) ;
#3325 = EDGE_LOOP ( 'NONE', ( #4803, #9671, #5414, #1737 ) ) ;
#3326 = DIRECTION ( 'NONE',  ( 1.000000000000000000, 0.0000000000000000000, 0.0000000000000000000 ) ) ;
#3327 = DIRECTION ( 'NONE',  ( 0.0000000000000000000, 1.000000000000000000, 0.0000000000000000000 ) ) ;
#3328 = VERTEX_POINT ( 'NONE', #5262 ) ;
#3329 = AXIS2_PLACEMENT_3D ( 'NONE', #10482, #5454, #1163 ) ;
#3330 = DIRECTION ( 'NONE',  ( 6.982962677686265900E-015, -2.384397308030406000E-015, -1.000000000000000000 ) ) ;
#3331 = CARTESIAN_POINT ( 'NONE',  ( -0.3125000000000009400, -0.2438779527559034600, 0.2829999999999988600 ) ) ;
#3332 = FACE_OUTER_BOUND ( 'NONE', #3683, .T. ) ;
#3333 = VERTEX_POINT ( 'NONE', #3615 ) ;
#3334 = DIRECTION ( 'NONE',  ( 0.0000000000000000000, 0.0000000000000000000, -1.000000000000000000 ) ) ;
#3335 = DIRECTION ( 'NONE',  ( 1.000000000000000000, 1.458800866809831900E-016, 0.0000000000000000000 ) ) ;
#3336 = ADVANCED_FACE ( 'NONE', ( #7329 ), #1894, .F. ) ;
#3337 = ORIENTED_EDGE ( 'NONE', *, *, #1931, .T. ) ;
#3338 =( CONVERSION_BASED_UNIT ( 'INCH', #109 ) LENGTH_UNIT ( ) NAMED_UNIT ( #9789 ) );
#3339 = CARTESIAN_POINT ( 'NONE',  ( -0.2975000000000023700, 0.2525000000000028900, 0.8199999999999999500 ) ) ;
#3340 = ORIENTED_EDGE ( 'NONE', *, *, #6511, .T. ) ;
#3341 = LINE ( 'NONE', #2745, #1208 ) ;
#3342 = ORIENTED_EDGE ( 'NONE', *, *, #399, .F. ) ;
#3343 = CARTESIAN_POINT ( 'NONE',  ( 0.2975000000000021500, 0.2675000000000032400, 0.3396922742592156100 ) ) ;
#3344 = ORIENTED_EDGE ( 'NONE', *, *, #5571, .F. ) ;
#3345 = AXIS2_PLACEMENT_3D ( 'NONE', #9578, #10667, #2829 ) ;
#3346 = CARTESIAN_POINT ( 'NONE',  ( -0.1799811510861111200, 0.06541338582677164200, 0.2157114503741968100 ) ) ;
#3347 = FILL_AREA_STYLE_COLOUR ( '', #5387 ) ;
#3348 = DIRECTION ( 'NONE',  ( -1.000000000000000000, -1.458800866809831600E-016, 3.623343611582382000E-015 ) ) ;
#3349 = CARTESIAN_POINT ( 'NONE',  ( -0.3125000000000009400, -0.3856102362204703600, 0.2731574803149595700 ) ) ;
#3350 = EDGE_CURVE ( 'NONE', #1969, #4932, #7604, .T. ) ;
#3351 = VERTEX_POINT ( 'NONE', #7772 ) ;
#3352 = VECTOR ( 'NONE', #2766, 39.37007874015748100 ) ;
#3353 = CARTESIAN_POINT ( 'NONE',  ( -0.09724409448818897800, 0.3255628348940304800, 0.1601378170038762200 ) ) ;
#3354 = CARTESIAN_POINT ( 'NONE',  ( 0.3065944881889773300, -0.2438779527559034600, 0.2829999999999989200 ) ) ;
#3355 = AXIS2_PLACEMENT_3D ( 'NONE', #7647, #5069, #2528 ) ;
#3356 = DIRECTION ( 'NONE',  ( 3.268890876087486000E-008, 3.469446951953611800E-015, -0.9999999999999994400 ) ) ;
#3357 = ADVANCED_FACE ( 'NONE', ( #3045 ), #3509, .F. ) ;
#3358 = ORIENTED_EDGE ( 'NONE', *, *, #3845, .T. ) ;
#3359 = CARTESIAN_POINT ( 'NONE',  ( 0.08484251968503923900, -0.5313388496530164800, 0.6878425196850395100 ) ) ;
#3360 = FACE_OUTER_BOUND ( 'NONE', #5476, .T. ) ;
#3361 = ORIENTED_EDGE ( 'NONE', *, *, #3244, .T. ) ;
#3362 = PLANE ( 'NONE',  #6679 ) ;
#3363 = LINE ( 'NONE', #10944, #1345 ) ;
#3364 = LINE ( 'NONE', #5807, #8293 ) ;
#3365 = LINE ( 'NONE', #6986, #1101 ) ;
#3366 = LINE ( 'NONE', #5589, #8167 ) ;
#3367 = EDGE_CURVE ( 'NONE', #809, #10818, #4537, .T. ) ;
#3368 = DIRECTION ( 'NONE',  ( 0.0000000000000000000, 0.0000000000000000000, 1.000000000000000000 ) ) ;
#3369 = CIRCLE ( 'NONE', #1188, 0.03937007874015750100 ) ;
#3370 = VERTEX_POINT ( 'NONE', #6989 ) ;
#3371 = DIRECTION ( 'NONE',  ( -6.829619984160731600E-015, 0.0000000000000000000, 1.000000000000000000 ) ) ;
#3372 = DIRECTION ( 'NONE',  ( -0.0000000000000000000, 1.000000000000000000, -0.0000000000000000000 ) ) ;
#3373 = CARTESIAN_POINT ( 'NONE',  ( 0.3065944881889773300, -0.2438779527559034600, 0.2810314960631515300 ) ) ;
#3374 = VECTOR ( 'NONE', #1916, 39.37007874015748100 ) ;
#3375 = LINE ( 'NONE', #10809, #10825 ) ;
#3376 = VECTOR ( 'NONE', #7489, 39.37007874015748100 ) ;
#3377 = DIRECTION ( 'NONE',  ( -6.982962677686267500E-015, -7.163401044396570500E-015, -1.000000000000000000 ) ) ;
#3378 = LINE ( 'NONE', #4838, #1244 ) ;
#3379 = PRESENTATION_LAYER_ASSIGNMENT (  '', '', ( #8384 ) ) ;
#3381 = DIRECTION ( 'NONE',  ( -8.876942833622265700E-013, -3.469446951953613800E-015, 1.000000000000000000 ) ) ;
#3380 = VECTOR ( 'NONE', #8887, 39.37007874015748100 ) ;
#3382 = CARTESIAN_POINT ( 'NONE',  ( 0.2966278565449284000, -0.2515000000000000000, -0.005498733049304612000 ) ) ;
#3383 = DIRECTION ( 'NONE',  ( 0.0000000000000000000, 0.0000000000000000000, -1.000000000000000000 ) ) ;
#3384 = VERTEX_POINT ( 'NONE', #8743 ) ;
#3385 = EDGE_CURVE ( 'NONE', #89, #5563, #9595, .T. ) ;
#3386 = CARTESIAN_POINT ( 'NONE',  ( 0.2717853368598917600, 0.2426574803149606500, 0.01499999999999999900 ) ) ;
#3387 = CIRCLE ( 'NONE', #2635, 0.009842519685039311000 ) ;
#3388 = CARTESIAN_POINT ( 'NONE',  ( 0.3124999999999998900, 0.0000000000000000000, -1.145527857791288600E-015 ) ) ;
#3389 = PLANE ( 'NONE',  #5092 ) ;
#3390 = DIRECTION ( 'NONE',  ( 0.0000000000000000000, -2.787599850868259200E-015, 1.000000000000000000 ) ) ;
#3391 =( NAMED_UNIT ( * ) SI_UNIT ( $, .STERADIAN. ) SOLID_ANGLE_UNIT ( ) );
#3392 = FACE_OUTER_BOUND ( 'NONE', #6246, .T. ) ;
#3393 = VECTOR ( 'NONE', #908, 39.37007874015748100 ) ;
#3394 = CIRCLE ( 'NONE', #307, 0.01499999999999997700 ) ;
#3395 = EDGE_CURVE ( 'NONE', #7281, #10555, #6945, .T. ) ;
#3396 = DIRECTION ( 'NONE',  ( 0.0000000000000000000, 1.000000000000000000, 0.0000000000000000000 ) ) ;
#3397 = CARTESIAN_POINT ( 'NONE',  ( 0.3125000000000023900, 0.02872058991876547500, 0.7479635790510845700 ) ) ;
#3398 = DIRECTION ( 'NONE',  ( -6.982962677686265900E-015, -1.000000000000000000, 3.483718471400135800E-015 ) ) ;
#3399 = LINE ( 'NONE', #311, #4052 ) ;
#3400 = ADVANCED_FACE ( 'NONE', ( #1076 ), #9603, .F. ) ;
#3401 = FACE_OUTER_BOUND ( 'NONE', #4351, .T. ) ;
#3402 = CARTESIAN_POINT ( 'NONE',  ( 1.431178255917679900E-031, -0.3774999999999999500, -1.362088444445136000E-015 ) ) ;
#3403 = LINE ( 'NONE', #8582, #8485 ) ;
#3404 = AXIS2_PLACEMENT_3D ( 'NONE', #9054, #6643, #1443 ) ;
#3405 = ORIENTED_EDGE ( 'NONE', *, *, #3650, .F. ) ;
#3406 = ORIENTED_EDGE ( 'NONE', *, *, #2261, .F. ) ;
#3407 = ORIENTED_EDGE ( 'NONE', *, *, #10143, .T. ) ;
#3408 = DIRECTION ( 'NONE',  ( -4.011848926865880900E-016, -1.000000000000000000, 0.0000000000000000000 ) ) ;
#3409 = VERTEX_POINT ( 'NONE', #6056 ) ;
#3410 = VERTEX_POINT ( 'NONE', #8782 ) ;
#3411 = CARTESIAN_POINT ( 'NONE',  ( 0.3125000000000009400, -0.3856102362204703600, 0.2829999999999989200 ) ) ;
#3412 = FACE_OUTER_BOUND ( 'NONE', #6219, .T. ) ;
#3413 = EDGE_CURVE ( 'NONE', #10348, #5525, #1993, .T. ) ;
#3414 = ADVANCED_FACE ( 'NONE', ( #3332 ), #1436, .F. ) ;
#3415 = DIRECTION ( 'NONE',  ( -0.9961946980917452100, 0.0000000000000000000, 0.08715574274766171900 ) ) ;
#3416 = ORIENTED_EDGE ( 'NONE', *, *, #10293, .T. ) ;
#3417 = EDGE_LOOP ( 'NONE', ( #151, #10225, #5299, #11022 ) ) ;
#3418 = ORIENTED_EDGE ( 'NONE', *, *, #5739, .F. ) ;
#3419 = DIRECTION ( 'NONE',  ( -1.000000000000000000, -1.458800866809831900E-016, 3.623343611582382000E-015 ) ) ;
#3420 = DIRECTION ( 'NONE',  ( 0.0000000000000000000, 0.0000000000000000000, 1.000000000000000000 ) ) ;
#3421 = ORIENTED_EDGE ( 'NONE', *, *, #8395, .T. ) ;
#3422 = CARTESIAN_POINT ( 'NONE',  ( 0.2975000000000022600, -0.2019842793760456800, 0.7879635790510847200 ) ) ;
#3423 = LINE ( 'NONE', #4760, #1149 ) ;
#3424 = VERTEX_POINT ( 'NONE', #2994 ) ;
#3425 = VECTOR ( 'NONE', #4311, 39.37007874015748100 ) ;
#3426 = DIRECTION ( 'NONE',  ( 0.0000000000000000000, -0.4413750231038431300, 0.8973227340149595400 ) ) ;
#3427 = CARTESIAN_POINT ( 'NONE',  ( 0.1949240715574873100, -0.01332677165354327400, 0.2170187865154117300 ) ) ;
#3428 = ORIENTED_EDGE ( 'NONE', *, *, #5096, .T. ) ;
#3429 = AXIS2_PLACEMENT_3D ( 'NONE', #8926, #2245, #8953 ) ;
#3430 = CARTESIAN_POINT ( 'NONE',  ( -0.3053539816339745400, 0.2522642977396043500, -9.371091336951524000E-018 ) ) ;
#3431 = DIRECTION ( 'NONE',  ( 3.791200677927629800E-031, 1.000000000000000000, 3.469446951953614200E-015 ) ) ;
#3432 = ORIENTED_EDGE ( 'NONE', *, *, #9625, .F. ) ;
#3433 = ORIENTED_EDGE ( 'NONE', *, *, #654, .T. ) ;
#3434 = DIRECTION ( 'NONE',  ( -1.000000000000000000, -1.458800866809831600E-016, 3.623343611582382000E-015 ) ) ;
#3435 = CARTESIAN_POINT ( 'NONE',  ( -0.1397637795275590600, -0.01737224260835761400, 0.8122440944881890200 ) ) ;
#3436 = CARTESIAN_POINT ( 'NONE',  ( -0.7909457491260218900, 0.0000000000000000000, 0.1987165801646102700 ) ) ;
#3437 = ORIENTED_EDGE ( 'NONE', *, *, #9298, .F. ) ;
#3438 = PRESENTATION_STYLE_ASSIGNMENT (( #2197 ) ) ;
#3439 = DIRECTION ( 'NONE',  ( 0.0000000000000000000, -6.938893903907222900E-015, -1.000000000000000000 ) ) ;
#3440 = CARTESIAN_POINT ( 'NONE',  ( -0.2975000000000009900, -0.3856102362204703600, 0.2829999999999989700 ) ) ;
#3441 = CARTESIAN_POINT ( 'NONE',  ( 0.2054877305724979200, -0.3334805806756992500, 0.4981404372967629400 ) ) ;
#3442 = DIRECTION ( 'NONE',  ( 0.0000000000000000000, 0.0000000000000000000, -1.000000000000000000 ) ) ;
#3443 = VERTEX_POINT ( 'NONE', #8235 ) ;
#3444 = AXIS2_PLACEMENT_3D ( 'NONE', #1831, #7812, #10374 ) ;
#3445 = LINE ( 'NONE', #1650, #2629 ) ;
#3446 = VERTEX_POINT ( 'NONE', #8016 ) ;
#3447 = ORIENTED_EDGE ( 'NONE', *, *, #2507, .T. ) ;
#3448 = EDGE_CURVE ( 'NONE', #7892, #3570, #4658, .T. ) ;
#3449 = EDGE_LOOP ( 'NONE', ( #7260, #3567, #2760, #1143 ) ) ;
#3450 = EDGE_CURVE ( 'NONE', #6415, #4629, #640, .T. ) ;
#3451 = ORIENTED_EDGE ( 'NONE', *, *, #8868, .T. ) ;
#3452 = CARTESIAN_POINT ( 'NONE',  ( -0.1948031496062992700, -0.2052511311690032600, 0.0000000000000000000 ) ) ;
#3453 = VECTOR ( 'NONE', #10765, 39.37007874015748100 ) ;
#3454 = ORIENTED_EDGE ( 'NONE', *, *, #5864, .F. ) ;
#3455 = CARTESIAN_POINT ( 'NONE',  ( -0.2975000000000009900, -0.3856102362204703600, 0.2829999999999989700 ) ) ;
#3456 = CARTESIAN_POINT ( 'NONE',  ( -0.03484251968503945100, -0.3855000000000022300, 0.6681574803149612500 ) ) ;
#3457 = DIRECTION ( 'NONE',  ( 0.0000000000000000000, -1.000000000000000000, 0.0000000000000000000 ) ) ;
#3458 = EDGE_CURVE ( 'NONE', #3991, #1040, #5064, .T. ) ;
#3459 = DIRECTION ( 'NONE',  ( -1.000000000000000000, -0.0000000000000000000, -0.0000000000000000000 ) ) ;
#3460 = DIRECTION ( 'NONE',  ( -0.0000000000000000000, 3.483718471400136600E-015, 1.000000000000000000 ) ) ;
#3461 = DIRECTION ( 'NONE',  ( -1.000000000000000000, 0.0000000000000000000, 0.0000000000000000000 ) ) ;
#3462 = CARTESIAN_POINT ( 'NONE',  ( -0.3125000000000000000, 0.0000000000000000000, -1.145527857791289000E-015 ) ) ;
#3463 = EDGE_CURVE ( 'NONE', #4191, #8425, #9855, .T. ) ;
#3464 = CARTESIAN_POINT ( 'NONE',  ( -0.3075000000000001100, 0.2517928932188133700, 0.01499999999999996600 ) ) ;
#3465 =( NAMED_UNIT ( * ) SI_UNIT ( $, .STERADIAN. ) SOLID_ANGLE_UNIT ( ) );
#3466 = DIRECTION ( 'NONE',  ( 0.0000000000000000000, 0.0000000000000000000, -1.000000000000000000 ) ) ;
#3467 = EDGE_LOOP ( 'NONE', ( #5687, #2213, #8418, #5600, #7472, #9988, #5472, #10149 ) ) ;
#3468 = CARTESIAN_POINT ( 'NONE',  ( 0.1948031496062992700, -0.2052511311690032600, 0.0000000000000000000 ) ) ;
#3469 = LINE ( 'NONE', #7055, #1190 ) ;
#3470 = ORIENTED_EDGE ( 'NONE', *, *, #1895, .T. ) ;
#3471 = CARTESIAN_POINT ( 'NONE',  ( -0.2519685039370078700, 0.1754133858267716600, 0.0000000000000000000 ) ) ;
#3472 = EDGE_CURVE ( 'NONE', #2519, #7037, #5463, .T. ) ;
#3473 = ORIENTED_EDGE ( 'NONE', *, *, #8017, .T. ) ;
#3474 = ADVANCED_FACE ( 'NONE', ( #8822 ), #3500, .T. ) ;
#3475 = CARTESIAN_POINT ( 'NONE',  ( 0.1751181102362205100, -0.1174558555784520600, 0.03468503937007873200 ) ) ;
#3476 = CARTESIAN_POINT ( 'NONE',  ( -0.2054877304511534600, -0.3276457196948455200, 0.4944283385391100000 ) ) ;
#3477 = VERTEX_POINT ( 'NONE', #4437 ) ;
#3478 = CARTESIAN_POINT ( 'NONE',  ( -0.07440944881889763300, -0.01737224260835761400, 0.8122440944881890200 ) ) ;
#3479 = EDGE_CURVE ( 'NONE', #98, #9713, #4786, .T. ) ;
#3480 = DIRECTION ( 'NONE',  ( 0.0000000000000000000, 0.0000000000000000000, -1.000000000000000000 ) ) ;
#3481 = VECTOR ( 'NONE', #5900, 39.37007874015748100 ) ;
#3482 = ORIENTED_EDGE ( 'NONE', *, *, #4653, .F. ) ;
#3483 = CARTESIAN_POINT ( 'NONE',  ( 0.08011811023622024400, -0.2674999999999999600, 0.01499999999999999900 ) ) ;
#3484 = DIRECTION ( 'NONE',  ( 0.0000000000000000000, 1.000000000000000000, 0.0000000000000000000 ) ) ;
#3485 = AXIS2_PLACEMENT_3D ( 'NONE', #5695, #575, #6543 ) ;
#3486 = ORIENTED_EDGE ( 'NONE', *, *, #1963, .T. ) ;
#3487 = DIRECTION ( 'NONE',  ( -3.469446951953622900E-015, 0.0000000000000000000, 1.000000000000000000 ) ) ;
#3488 = ORIENTED_EDGE ( 'NONE', *, *, #3048, .T. ) ;
#3489 = FACE_OUTER_BOUND ( 'NONE', #8990, .T. ) ;
#3490 = ORIENTED_EDGE ( 'NONE', *, *, #9357, .T. ) ;
#3491 = CARTESIAN_POINT ( 'NONE',  ( 0.2966278565449310700, 0.04459782299446937000, 0.7690197545653728600 ) ) ;
#3492 = FACE_OUTER_BOUND ( 'NONE', #5956, .T. ) ;
#3493 = EDGE_LOOP ( 'NONE', ( #10397, #5159, #413, #10287 ) ) ;
#3494 = CARTESIAN_POINT ( 'NONE',  ( -0.2975000000000023200, -0.2019842793760456800, 0.7879635790510823900 ) ) ;
#3495 = CARTESIAN_POINT ( 'NONE',  ( 0.2967928932188133600, 0.2675000000000000700, 0.01499999999999994700 ) ) ;
#3496 = LINE ( 'NONE', #11026, #9478 ) ;
#3497 = VERTEX_POINT ( 'NONE', #4406 ) ;
#3498 = CARTESIAN_POINT ( 'NONE',  ( -0.2816278565449310500, -0.2525000000000000600, 0.02484251968503935600 ) ) ;
#3499 = LINE ( 'NONE', #4230, #9484 ) ;
#3500 = PLANE ( 'NONE',  #1420 ) ;
#3501 = LINE ( 'NONE', #5132, #1761 ) ;
#3502 = ORIENTED_EDGE ( 'NONE', *, *, #4780, .T. ) ;
#3503 = ORIENTED_EDGE ( 'NONE', *, *, #5519, .T. ) ;
#3504 = FACE_OUTER_BOUND ( 'NONE', #1263, .T. ) ;
#3505 = DIRECTION ( 'NONE',  ( 0.0000000000000000000, 1.000000000000000000, 0.0000000000000000000 ) ) ;
#3506 = DIRECTION ( 'NONE',  ( -2.468850131082278400E-015, -0.7071067811865487900, 0.7071067811865462400 ) ) ;
#3507 = EDGE_CURVE ( 'NONE', #10290, #5880, #274, .T. ) ;
#3508 = ORIENTED_EDGE ( 'NONE', *, *, #9136, .F. ) ;
#3509 = PLANE ( 'NONE',  #9777 ) ;
#3510 = AXIS2_PLACEMENT_3D ( 'NONE', #740, #2446, #10179 ) ;
#3511 = LINE ( 'NONE', #10363, #3761 ) ;
#3512 = CARTESIAN_POINT ( 'NONE',  ( -0.1948031496062992700, -0.2052511311690032600, 0.01499999999999999900 ) ) ;
#3513 = DIRECTION ( 'NONE',  ( -1.000000000000000000, -1.458800866809831900E-016, 3.623343611582382000E-015 ) ) ;
#3514 = VECTOR ( 'NONE', #615, 39.37007874015748100 ) ;
#3515 = CARTESIAN_POINT ( 'NONE',  ( -0.09842519685039369200, -0.2052511311690032600, 0.0000000000000000000 ) ) ;
#3516 = MECHANICAL_DESIGN_GEOMETRIC_PRESENTATION_REPRESENTATION (  '', ( #10919 ), #5229 ) ;
#3517 = VERTEX_POINT ( 'NONE', #10427 ) ;
#3518 = CARTESIAN_POINT ( 'NONE',  ( -0.1751181102362205100, -0.1174558555784520600, 0.8122440944881890200 ) ) ;
#3519 = VECTOR ( 'NONE', #10887, 39.37007874015748100 ) ;
#3520 = EDGE_CURVE ( 'NONE', #10091, #10064, #2239, .T. ) ;
#3521 = VECTOR ( 'NONE', #5001, 39.37007874015748100 ) ;
#3522 = CARTESIAN_POINT ( 'NONE',  ( -0.2960355339059351800, 0.1454527559055146500, 0.6936267953846987400 ) ) ;
#3523 = FACE_OUTER_BOUND ( 'NONE', #2762, .T. ) ;
#3524 = CARTESIAN_POINT ( 'NONE',  ( -0.3125000000000000600, 0.2675000000000000700, 0.01499999999999994700 ) ) ;
#3525 = FACE_OUTER_BOUND ( 'NONE', #2620, .T. ) ;
#3526 = DIRECTION ( 'NONE',  ( 0.0000000000000000000, 0.0000000000000000000, 1.000000000000000000 ) ) ;
#3527 = DIRECTION ( 'NONE',  ( -1.000000000000000000, -1.458800866809831600E-016, 3.623343611582382800E-015 ) ) ;
#3528 = DIRECTION ( 'NONE',  ( 0.0000000000000000000, 0.0000000000000000000, -1.000000000000000000 ) ) ;
#3529 = LINE ( 'NONE', #628, #5129 ) ;
#3530 = FACE_OUTER_BOUND ( 'NONE', #2875, .T. ) ;
#3531 = AXIS2_PLACEMENT_3D ( 'NONE', #9840, #4669, #10649 ) ;
#3532 = CARTESIAN_POINT ( 'NONE',  ( -0.1015091863517060700, -0.2069571679144100700, 0.01329396325459318600 ) ) ;
#3533 = EDGE_LOOP ( 'NONE', ( #894, #4571, #4287, #8531 ) ) ;
#3534 = DIRECTION ( 'NONE',  ( 1.000000000000000000, -0.0000000000000000000, 0.0000000000000000000 ) ) ;
#3535 = ORIENTED_EDGE ( 'NONE', *, *, #8037, .F. ) ;
#3536 = ORIENTED_EDGE ( 'NONE', *, *, #5573, .F. ) ;
#3537 = EDGE_CURVE ( 'NONE', #4231, #5743, #9330, .T. ) ;
#3538 = AXIS2_PLACEMENT_3D ( 'NONE', #1839, #10443, #5347 ) ;
#3539 = DIRECTION ( 'NONE',  ( 2.364977607443185500E-015, 0.7071067811865485700, -0.7071067811865464600 ) ) ;
#3540 = DIRECTION ( 'NONE',  ( 0.0000000000000000000, 0.0000000000000000000, -1.000000000000000000 ) ) ;
#3541 = ADVANCED_FACE ( 'NONE', ( #10774 ), #10358, .F. ) ;
#3542 = CARTESIAN_POINT ( 'NONE',  ( -0.1348425196850394100, -0.5313388496530164800, 0.6878425196850395100 ) ) ;
#3543 =( CONVERSION_BASED_UNIT ( 'INCH', #3889 ) LENGTH_UNIT ( ) NAMED_UNIT ( #6068 ) );
#3544 = LINE ( 'NONE', #7382, #341 ) ;
#3545 = EDGE_CURVE ( 'NONE', #426, #491, #10269, .T. ) ;
#3546 = VECTOR ( 'NONE', #2391, 39.37007874015748100 ) ;
#3547 = CARTESIAN_POINT ( 'NONE',  ( 0.1578740157480314800, 0.004804859663680982400, 0.8122440944881890200 ) ) ;
#3548 = ORIENTED_EDGE ( 'NONE', *, *, #1721, .T. ) ;
#3549 = CARTESIAN_POINT ( 'NONE',  ( 0.01062992125984253000, 0.1522291837916265300, 0.5125280012291644200 ) ) ;
#3550 = VERTEX_POINT ( 'NONE', #7846 ) ;
#3551 = ORIENTED_EDGE ( 'NONE', *, *, #1008, .T. ) ;
#3552 =( NAMED_UNIT ( * ) SI_UNIT ( $, .STERADIAN. ) SOLID_ANGLE_UNIT ( ) );
#3553 = VERTEX_POINT ( 'NONE', #6047 ) ;
#3554 = CLOSED_SHELL ( 'NONE', ( #1565, #10115, #8571, #2028, #698, #3864 ) ) ;
#3555 = DIRECTION ( 'NONE',  ( -0.9961946980917451000, 0.0000000000000000000, -0.08715574274766177400 ) ) ;
#3556 = VECTOR ( 'NONE', #5368, 39.37007874015748100 ) ;
#3557 = ORIENTED_EDGE ( 'NONE', *, *, #6165, .T. ) ;
#3558 = VECTOR ( 'NONE', #5251, 39.37007874015748100 ) ;
#3559 = CARTESIAN_POINT ( 'NONE',  ( -0.2967928932188134700, -0.2124228144786559100, 0.8200000000000032800 ) ) ;
#3560 = ORIENTED_EDGE ( 'NONE', *, *, #10882, .F. ) ;
#3561 = EDGE_LOOP ( 'NONE', ( #8227, #7477, #6623, #5026 ) ) ;
#3562 = ORIENTED_EDGE ( 'NONE', *, *, #48, .F. ) ;
#3563 = DIRECTION ( 'NONE',  ( -1.000000000000000000, -1.458800866809831600E-016, 3.623343611582382000E-015 ) ) ;
#3564 = DIRECTION ( 'NONE',  ( 4.253578305794020300E-015, -0.0000000000000000000, 1.000000000000000000 ) ) ;
#3565 = ORIENTED_EDGE ( 'NONE', *, *, #3950, .T. ) ;
#3566 = DIRECTION ( 'NONE',  ( 0.0000000000000000000, 0.0000000000000000000, -1.000000000000000000 ) ) ;
#3567 = ORIENTED_EDGE ( 'NONE', *, *, #3545, .T. ) ;
#3568 = LINE ( 'NONE', #4391, #2474 ) ;
#3569 = CARTESIAN_POINT ( 'NONE',  ( -0.05472440944881888600, 0.1522291837916265600, 0.0000000000000000000 ) ) ;
#3570 = VERTEX_POINT ( 'NONE', #75 ) ;
#3571 = DIRECTION ( 'NONE',  ( 1.266221515311538300E-016, -1.000000000000000000, 0.0000000000000000000 ) ) ;
#3572 = CARTESIAN_POINT ( 'NONE',  ( -0.09980314960629924100, -0.2052511311690032900, 0.01499999999999999900 ) ) ;
#3573 = ORIENTED_EDGE ( 'NONE', *, *, #1698, .T. ) ;
#3574 = VERTEX_POINT ( 'NONE', #5331 ) ;
#3575 = AXIS2_PLACEMENT_3D ( 'NONE', #645, #8306, #1397 ) ;
#3576 = DIRECTION ( 'NONE',  ( -1.266221515311538300E-016, 1.000000000000000000, 0.0000000000000000000 ) ) ;
#3577 = EDGE_CURVE ( 'NONE', #2944, #9940, #3469, .T. ) ;
#3578 = EDGE_LOOP ( 'NONE', ( #5330, #8892, #1417 ) ) ;
#3579 = CARTESIAN_POINT ( 'NONE',  ( 0.2054877261864954700, -0.3628306378254354000, 0.3639664127631419600 ) ) ;
#3580 = CARTESIAN_POINT ( 'NONE',  ( 0.2417957872900946000, 0.09284335684306162200, 0.7690197545653725300 ) ) ;
#3581 = DIRECTION ( 'NONE',  ( 0.0000000000000000000, 0.0000000000000000000, 1.000000000000000000 ) ) ;
#3582 = ORIENTED_EDGE ( 'NONE', *, *, #6556, .F. ) ;
#3583 = DIRECTION ( 'NONE',  ( 0.0000000000000000000, 2.276539994720222700E-015, 1.000000000000000000 ) ) ;
#3584 = FACE_BOUND ( 'NONE', #1699, .T. ) ;
#3585 = VERTEX_POINT ( 'NONE', #9530 ) ;
#3586 = DIRECTION ( 'NONE',  ( 1.000000000000000000, -3.491481338843133000E-015, 1.177345019185234600E-029 ) ) ;
#3587 = DIRECTION ( 'NONE',  ( 0.0000000000000000000, 0.0000000000000000000, 1.000000000000000000 ) ) ;
#3588 = DIRECTION ( 'NONE',  ( -1.000000000000000000, 0.0000000000000000000, 0.0000000000000000000 ) ) ;
#3589 =( NAMED_UNIT ( * ) PLANE_ANGLE_UNIT ( ) SI_UNIT ( $, .RADIAN. ) );
#3590 = EDGE_CURVE ( 'NONE', #597, #3758, #5728, .T. ) ;
#3591 = DIRECTION ( 'NONE',  ( 1.000000000000000000, 0.0000000000000000000, -0.0000000000000000000 ) ) ;
#3592 = VECTOR ( 'NONE', #8334, 39.37007874015748100 ) ;
#3593 = ORIENTED_EDGE ( 'NONE', *, *, #186, .F. ) ;
#3594 = EDGE_CURVE ( 'NONE', #10256, #6109, #3990, .T. ) ;
#3595 = CARTESIAN_POINT ( 'NONE',  ( -0.2975000000000000400, -0.2675000000000001300, 0.01499999999999999900 ) ) ;
#3596 = ORIENTED_EDGE ( 'NONE', *, *, #2595, .T. ) ;
#3597 = ORIENTED_EDGE ( 'NONE', *, *, #7463, .F. ) ;
#3598 = ADVANCED_FACE ( 'NONE', ( #8009 ), #7912, .F. ) ;
#3599 = DIRECTION ( 'NONE',  ( 6.829619984160731600E-015, 0.0000000000000000000, -1.000000000000000000 ) ) ;
#3600 = AXIS2_PLACEMENT_3D ( 'NONE', #6850, #5177, #2632 ) ;
#3601 = VECTOR ( 'NONE', #1965, 39.37007874015748100 ) ;
#3602 = VECTOR ( 'NONE', #1062, 39.37007874015748100 ) ;
#3603 = EDGE_LOOP ( 'NONE', ( #5985, #7430, #796, #10346 ) ) ;
#3604 = EDGE_CURVE ( 'NONE', #3127, #5631, #7320, .T. ) ;
#3605 = CARTESIAN_POINT ( 'NONE',  ( 0.2925000000000022600, 0.1454527559055146000, 0.6900912614787637600 ) ) ;
#3606 = ORIENTED_EDGE ( 'NONE', *, *, #5532, .F. ) ;
#3607 = CARTESIAN_POINT ( 'NONE',  ( -0.2054877261082233300, -0.3276492175413505100, 0.3615719574487997200 ) ) ;
#3608 = DIRECTION ( 'NONE',  ( 1.000000000000000000, 0.0000000000000000000, 8.876942833622265700E-013 ) ) ;
#3609 = ADVANCED_FACE ( 'NONE', ( #5858 ), #396, .F. ) ;
#3610 = VECTOR ( 'NONE', #8139, 39.37007874015748100 ) ;
#3611 = ORIENTED_EDGE ( 'NONE', *, *, #3616, .T. ) ;
#3612 = EDGE_CURVE ( 'NONE', #8488, #5317, #11048, .T. ) ;
#3613 = DIRECTION ( 'NONE',  ( 0.0000000000000000000, 0.7071067811865464600, 0.7071067811865485700 ) ) ;
#3614 = ORIENTED_EDGE ( 'NONE', *, *, #3450, .F. ) ;
#3615 = CARTESIAN_POINT ( 'NONE',  ( 0.3125000000000008900, -0.3856102362204703600, 0.2633149606299201600 ) ) ;
#3616 = EDGE_CURVE ( 'NONE', #3550, #2206, #9845, .T. ) ;
#3617 = ORIENTED_EDGE ( 'NONE', *, *, #5648, .F. ) ;
#3619 = CARTESIAN_POINT ( 'NONE',  ( -0.06515748031496067200, -0.3855000000000026200, 0.7681574803149606700 ) ) ;
#3618 = VECTOR ( 'NONE', #1068, 39.37007874015748100 ) ;
#3620 = ORIENTED_EDGE ( 'NONE', *, *, #8458, .T. ) ;
#3621 = FILL_AREA_STYLE ('',( #127 ) ) ;
#3622 = EDGE_CURVE ( 'NONE', #7895, #8788, #1723, .T. ) ;
#3623 = CARTESIAN_POINT ( 'NONE',  ( -0.08484251968503943300, -0.2525000000000000600, 0.7878425196850393800 ) ) ;
#3624 = VERTEX_POINT ( 'NONE', #7190 ) ;
#3625 = VECTOR ( 'NONE', #6239, 39.37007874015748900 ) ;
#3626 = CARTESIAN_POINT ( 'NONE',  ( 0.2975000000000023200, 0.2525000000000032200, 0.3396922742592156700 ) ) ;
#3627 = LINE ( 'NONE', #732, #2255 ) ;
#3628 = ORIENTED_EDGE ( 'NONE', *, *, #803, .F. ) ;
#3629 = CARTESIAN_POINT ( 'NONE',  ( 0.2486744556699771700, -0.01332677165354329200, 0.01500000000000001900 ) ) ;
#3630 = CARTESIAN_POINT ( 'NONE',  ( -0.2966278565449284000, 7.575411295430414200E-017, -0.005498733049304680600 ) ) ;
#3631 = ORIENTED_EDGE ( 'NONE', *, *, #10174, .F. ) ;
#3632 = CARTESIAN_POINT ( 'NONE',  ( 0.2966278565449310100, -0.1811070463003418000, 0.7529635790510820200 ) ) ;
#3633 = CARTESIAN_POINT ( 'NONE',  ( -0.3125000000000027200, 0.1504527559055146300, 0.4417395183536995100 ) ) ;
#3634 = FACE_OUTER_BOUND ( 'NONE', #418, .T. ) ;
#3635 = CARTESIAN_POINT ( 'NONE',  ( 0.3125000000000023900, 0.08784335684306159000, 0.7690197545653728600 ) ) ;
#3636 = AXIS2_PLACEMENT_3D ( 'NONE', #5128, #1656, #9336 ) ;
#3638 = DIRECTION ( 'NONE',  ( 1.000000000000000000, 2.203468975323883200E-016, -3.491481338843134900E-015 ) ) ;
#3637 = FACE_OUTER_BOUND ( 'NONE', #5538, .T. ) ;
#3639 = CARTESIAN_POINT ( 'NONE',  ( 0.2054877260864639300, -0.3481569792024361600, 0.3609063064222380900 ) ) ;
#3640 = LINE ( 'NONE', #4973, #3519 ) ;
#3641 = CARTESIAN_POINT ( 'NONE',  ( 0.0000000000000000000, -0.2525000000000000600, 0.0000000000000000000 ) ) ;
#3642 = VECTOR ( 'NONE', #6877, 39.37007874015748100 ) ;
#3643 = AXIS2_PLACEMENT_3D ( 'NONE', #2983, #9768, #8110 ) ;
#3644 = ADVANCED_FACE ( 'NONE', ( #6795 ), #7149, .F. ) ;
#3645 = VECTOR ( 'NONE', #3231, 39.37007874015748100 ) ;
#3646 = DIRECTION ( 'NONE',  ( 0.0000000000000000000, -0.0000000000000000000, -1.000000000000000000 ) ) ;
#3647 = EDGE_CURVE ( 'NONE', #1762, #745, #1433, .T. ) ;
#3648 = FACE_OUTER_BOUND ( 'NONE', #5729, .T. ) ;
#3649 = VECTOR ( 'NONE', #2243, 39.37007874015748100 ) ;
#3650 = EDGE_CURVE ( 'NONE', #4937, #6754, #7072, .T. ) ;
#3651 = ORIENTED_EDGE ( 'NONE', *, *, #1583, .F. ) ;
#3652 = CARTESIAN_POINT ( 'NONE',  ( 0.1381889763779527700, 0.3255628348940304800, 0.1601378170038762200 ) ) ;
#3653 = LINE ( 'NONE', #440, #5924 ) ;
#3654 = CIRCLE ( 'NONE', #10250, 0.01500000000000001200 ) ;
#3655 = DIRECTION ( 'NONE',  ( 0.0000000000000000000, 6.938893903907222900E-015, 1.000000000000000000 ) ) ;
#3656 = LINE ( 'NONE', #9365, #7129 ) ;
#3657 = AXIS2_PLACEMENT_3D ( 'NONE', #2554, #7637, #1712 ) ;
#3658 = ADVANCED_FACE ( 'NONE', ( #10637 ), #288, .T. ) ;
#3659 = CIRCLE ( 'NONE', #10797, 0.004999999999999946300 ) ;
#3660 = ORIENTED_EDGE ( 'NONE', *, *, #1161, .T. ) ;
#3661 = EDGE_CURVE ( 'NONE', #227, #6919, #10519, .T. ) ;
#3662 = EDGE_CURVE ( 'NONE', #5404, #6110, #7742, .T. ) ;
#3663 = CARTESIAN_POINT ( 'NONE',  ( -0.2519685039370078700, 0.06541338582677166900, 0.0000000000000000000 ) ) ;
#3664 = FACE_OUTER_BOUND ( 'NONE', #2611, .T. ) ;
#3665 = FACE_OUTER_BOUND ( 'NONE', #1821, .T. ) ;
#3666 = CARTESIAN_POINT ( 'NONE',  ( -0.2975000000000008700, -0.2517928932188134300, 0.2633149606299202100 ) ) ;
#3667 = LINE ( 'NONE', #10125, #5531 ) ;
#3668 = CARTESIAN_POINT ( 'NONE',  ( -0.2975000000000001000, 0.2525000000000000600, 0.007499999999999999700 ) ) ;
#3669 = ORIENTED_EDGE ( 'NONE', *, *, #8106, .T. ) ;
#3670 = ORIENTED_EDGE ( 'NONE', *, *, #10210, .T. ) ;
#3671 = ORIENTED_EDGE ( 'NONE', *, *, #6671, .F. ) ;
#3672 = EDGE_CURVE ( 'NONE', #6333, #4543, #8126, .T. ) ;
#3673 = CARTESIAN_POINT ( 'NONE',  ( 0.2975000000000023700, 0.1087205899187654700, 0.7479635790510845700 ) ) ;
#3674 = ORIENTED_EDGE ( 'NONE', *, *, #7342, .T. ) ;
#3675 = CARTESIAN_POINT ( 'NONE',  ( -0.01220472440944881700, 0.3077060962964917600, 0.1513544460802586400 ) ) ;
#3676 = LINE ( 'NONE', #125, #1021 ) ;
#3677 = CYLINDRICAL_SURFACE ( 'NONE', #229, 0.009842519685039369900 ) ;
#3678 = EDGE_CURVE ( 'NONE', #964, #6355, #9587, .T. ) ;
#3679 = CARTESIAN_POINT ( 'NONE',  ( 0.1348425196850392400, -0.3855000000000025600, 0.7681574803149612300 ) ) ;
#3680 = ORIENTED_EDGE ( 'NONE', *, *, #248, .T. ) ;
#3681 = EDGE_LOOP ( 'NONE', ( #9623, #8406, #5541, #9866 ) ) ;
#3682 = VERTEX_POINT ( 'NONE', #10463 ) ;
#3683 = EDGE_LOOP ( 'NONE', ( #8096, #4274, #7132, #463 ) ) ;
#3684 = B_SPLINE_SURFACE_WITH_KNOTS ( 'NONE', 1, 3, ( 
 ( #11044, #8545, #6848, #6001 ),
 ( #1736, #2468, #10156, #10195 ) ),
 .UNSPECIFIED., .F., .F., .F.,
 ( 2, 2 ),
 ( 4, 4 ),
 ( 0.0000000000000000000, 1.000000000000000000 ),
 ( 0.0000000000000000000, 1.000000000000000000 ),
 .UNSPECIFIED. ) ;
#3685 = VECTOR ( 'NONE', #6673, 39.37007874015748100 ) ;
#3687 = EDGE_CURVE ( 'NONE', #8592, #6896, #6391, .T. ) ;
#3686 = ORIENTED_EDGE ( 'NONE', *, *, #6446, .F. ) ;
#3688 = CARTESIAN_POINT ( 'NONE',  ( 0.2966278565449310700, -0.1428615124517495800, 0.7690197545653726400 ) ) ;
#3689 = ORIENTED_EDGE ( 'NONE', *, *, #2138, .T. ) ;
#3690 = ORIENTED_EDGE ( 'NONE', *, *, #10993, .T. ) ;
#3691 = ORIENTED_EDGE ( 'NONE', *, *, #9092, .T. ) ;
#3692 = DIRECTION ( 'NONE',  ( 0.0000000000000000000, -0.4413750231038431300, 0.8973227340149595400 ) ) ;
#3693 = ORIENTED_EDGE ( 'NONE', *, *, #5077, .F. ) ;
#3694 = CARTESIAN_POINT ( 'NONE',  ( 0.2975000000000008700, -0.3856102362204703600, 0.2633149606299202700 ) ) ;
#3695 = VECTOR ( 'NONE', #3774, 39.37007874015748100 ) ;
#3696 = ORIENTED_EDGE ( 'NONE', *, *, #1008, .F. ) ;
#3697 = ADVANCED_FACE ( 'NONE', ( #4131 ), #7083, .F. ) ;
#3698 = FACE_OUTER_BOUND ( 'NONE', #8121, .T. ) ;
#3699 = ORIENTED_EDGE ( 'NONE', *, *, #500, .T. ) ;
#3700 = DIRECTION ( 'NONE',  ( 1.000000000000000000, 0.0000000000000000000, 0.0000000000000000000 ) ) ;
#3701 = CARTESIAN_POINT ( 'NONE',  ( -0.2717853368598916500, -0.2525000000000000600, 0.02484251968503935600 ) ) ;
#3702 = ORIENTED_EDGE ( 'NONE', *, *, #7449, .F. ) ;
#3703 = DIRECTION ( 'NONE',  ( -3.491481338843133000E-015, -1.000000000000000000, 0.0000000000000000000 ) ) ;
#3704 = AXIS2_PLACEMENT_3D ( 'NONE', #9296, #3249, #9362 ) ;
#3705 = CARTESIAN_POINT ( 'NONE',  ( -0.2054877259849794400, -0.3331621059320460900, 0.3578017514089658600 ) ) ;
#3706 = LINE ( 'NONE', #1990, #376 ) ;
#3707 = ORIENTED_EDGE ( 'NONE', *, *, #3935, .F. ) ;
#3708 = EDGE_CURVE ( 'NONE', #1812, #1538, #5719, .T. ) ;
#3709 = DIRECTION ( 'NONE',  ( -0.0000000000000000000, 0.0000000000000000000, -1.000000000000000000 ) ) ;
#3710 = ADVANCED_FACE ( 'NONE', ( #1309 ), #4614, .T. ) ;
#3711 = AXIS2_PLACEMENT_3D ( 'NONE', #8674, #9497, #8527 ) ;
#3712 = CARTESIAN_POINT ( 'NONE',  ( 0.09842519685039372000, -0.2674999999999999600, 0.01499999999999999900 ) ) ;
#3713 = UNCERTAINTY_MEASURE_WITH_UNIT (LENGTH_MEASURE( 1.000000000000000100E-005 ), #4129, 'distance_accuracy_value', 'NONE');
#3714 = DIRECTION ( 'NONE',  ( -0.0000000000000000000, -0.0000000000000000000, -1.000000000000000000 ) ) ;
#3715 = LINE ( 'NONE', #5607, #8002 ) ;
#3716 = CARTESIAN_POINT ( 'NONE',  ( 0.2486744556699771700, -0.01332677165354329200, 0.05437007874015750700 ) ) ;
#3717 = PRESENTATION_LAYER_ASSIGNMENT (  '', '', ( #10919 ) ) ;
#3718 = DIRECTION ( 'NONE',  ( 2.385472965096927600E-016, -1.000000000000000000, 2.385472965096935500E-016 ) ) ;
#3719 = DIRECTION ( 'NONE',  ( 0.0000000000000000000, 0.0000000000000000000, -1.000000000000000000 ) ) ;
#3720 = EDGE_CURVE ( 'NONE', #1715, #2069, #1064, .T. ) ;
#3721 = ORIENTED_EDGE ( 'NONE', *, *, #2919, .F. ) ;
#3722 = CARTESIAN_POINT ( 'NONE',  ( 0.2499999999999999700, 0.1522291837916266400, 0.8122440944881890200 ) ) ;
#3723 =( LENGTH_UNIT ( ) NAMED_UNIT ( * ) SI_UNIT ( $, .METRE. ) );
#3724 = VECTOR ( 'NONE', #7918, 39.37007874015748100 ) ;
#3725 = ORIENTED_EDGE ( 'NONE', *, *, #1423, .T. ) ;
#3726 = DIRECTION ( 'NONE',  ( 0.0000000000000000000, -1.000000000000000000, 0.0000000000000000000 ) ) ;
#3727 = ORIENTED_EDGE ( 'NONE', *, *, #10420, .T. ) ;
#3728 = DIRECTION ( 'NONE',  ( 0.0000000000000000000, 1.000000000000000000, 0.0000000000000000000 ) ) ;
#3729 = DIRECTION ( 'NONE',  ( -0.0000000000000000000, 1.000000000000000000, -0.0000000000000000000 ) ) ;
#3730 =( GEOMETRIC_REPRESENTATION_CONTEXT ( 3 ) GLOBAL_UNCERTAINTY_ASSIGNED_CONTEXT ( ( #5323 ) ) GLOBAL_UNIT_ASSIGNED_CONTEXT ( ( #3338, #10120, #1550 ) ) REPRESENTATION_CONTEXT ( 'NONE', 'WORKASPACE' ) );
#3731 = ORIENTED_EDGE ( 'NONE', *, *, #7317, .T. ) ;
#3732 = DIRECTION ( 'NONE',  ( 2.385472965096938900E-016, -1.000000000000000000, -9.880952548175059700E-017 ) ) ;
#3733 = LINE ( 'NONE', #9170, #4286 ) ;
#3734 = ORIENTED_EDGE ( 'NONE', *, *, #4020, .F. ) ;
#3735 = EDGE_CURVE ( 'NONE', #3289, #105, #2792, .T. ) ;
#3736 = MANIFOLD_SOLID_BREP ( 'LPattern1[5]', #936 ) ;
#3737 = CARTESIAN_POINT ( 'NONE',  ( -0.2054877260567944700, -0.3283524702108943600, 0.3599986745130171500 ) ) ;
#3738 = ORIENTED_EDGE ( 'NONE', *, *, #7588, .F. ) ;
#3739 = CARTESIAN_POINT ( 'NONE',  ( -0.09724409448818897800, 0.1522291837916265300, 0.5125280012291644200 ) ) ;
#3740 = VERTEX_POINT ( 'NONE', #4675 ) ;
#3741 = CIRCLE ( 'NONE', #8517, 0.01499999999999997700 ) ;
#3742 = EDGE_CURVE ( 'NONE', #7052, #4862, #4528, .T. ) ;
#3743 = ORIENTED_EDGE ( 'NONE', *, *, #4505, .F. ) ;
#3744 = FACE_OUTER_BOUND ( 'NONE', #2493, .T. ) ;
#3745 = VERTEX_POINT ( 'NONE', #1421 ) ;
#3746 = ADVANCED_FACE ( 'NONE', ( #10262 ), #5574, .F. ) ;
#3747 = LINE ( 'NONE', #7608, #669 ) ;
#3748 = PLANE ( 'NONE',  #5435 ) ;
#3749 = VERTEX_POINT ( 'NONE', #460 ) ;
#3750 = AXIS2_PLACEMENT_3D ( 'NONE', #3402, #861, #5114 ) ;
#3751 = CARTESIAN_POINT ( 'NONE',  ( 0.2519685039370078700, -0.01332677165354330000, -0.0000000000000000000 ) ) ;
#3752 = COLOUR_RGB ( '',0.7921568627450980000, 0.8196078431372548800, 0.9333333333333333500 ) ;
#3753 = CARTESIAN_POINT ( 'NONE',  ( 0.2417957872900946000, -0.1428615124517496100, 0.7740197545653725300 ) ) ;
#3754 = FACE_OUTER_BOUND ( 'NONE', #4503, .T. ) ;
#3755 = VERTEX_POINT ( 'NONE', #563 ) ;
#3756 = ORIENTED_EDGE ( 'NONE', *, *, #4010, .F. ) ;
#3757 = VECTOR ( 'NONE', #3728, 39.37007874015748100 ) ;
#3758 = VERTEX_POINT ( 'NONE', #1346 ) ;
#3759 = CARTESIAN_POINT ( 'NONE',  ( 0.1151574803149604800, -0.3855000000000025600, 0.7681574803149606700 ) ) ;
#3760 = ADVANCED_FACE ( 'NONE', ( #6003 ), #7292, .F. ) ;
#3761 = VECTOR ( 'NONE', #5257, 39.37007874015748100 ) ;
#3762 = LENGTH_MEASURE_WITH_UNIT ( LENGTH_MEASURE( 0.02539999999999999900 ), #4524 );
#3763 = CARTESIAN_POINT ( 'NONE',  ( -0.1651574803149606400, -0.2525000000000000600, 0.7681574803149606700 ) ) ;
#3764 = FACE_OUTER_BOUND ( 'NONE', #9998, .T. ) ;
#3765 = DIRECTION ( 'NONE',  ( 3.453004075404071500E-015, -2.551844114882811900E-016, -1.000000000000000000 ) ) ;
#3766 = VECTOR ( 'NONE', #2025, 39.37007874015748100 ) ;
#3767 = DIRECTION ( 'NONE',  ( 3.441691376337984900E-015, 9.880952548175142300E-017, -1.000000000000000000 ) ) ;
#3768 = ORIENTED_EDGE ( 'NONE', *, *, #9597, .T. ) ;
#3769 = AXIS2_PLACEMENT_3D ( 'NONE', #10517, #6496, #5417 ) ;
#3770 = LINE ( 'NONE', #31, #1499 ) ;
#3771 = LINE ( 'NONE', #7587, #3521 ) ;
#3772 = DIRECTION ( 'NONE',  ( 1.000000000000000000, 0.0000000000000000000, 0.0000000000000000000 ) ) ;
#3773 = VECTOR ( 'NONE', #9838, 39.37007874015748100 ) ;
#3774 = DIRECTION ( 'NONE',  ( -1.000000000000000000, -0.0000000000000000000, -0.0000000000000000000 ) ) ;
#3775 = CYLINDRICAL_SURFACE ( 'NONE', #7194, 0.004999999999999946300 ) ;
#3776 = VECTOR ( 'NONE', #2059, 39.37007874015748100 ) ;
#3777 = CARTESIAN_POINT ( 'NONE',  ( 0.2874857209211999500, 0.0000000000000000000, 0.7021766083694316300 ) ) ;
#3778 = STYLED_ITEM ( 'NONE', ( #200 ), #9740 ) ;
#3779 = VECTOR ( 'NONE', #5845, 39.37007874015748100 ) ;
#3780 = CARTESIAN_POINT ( 'NONE',  ( 0.2417957872900946000, -0.1861070463003418300, 0.7690197545653724200 ) ) ;
#3781 = EDGE_CURVE ( 'NONE', #4636, #4384, #7597, .T. ) ;
#3782 = VECTOR ( 'NONE', #5895, 39.37007874015748100 ) ;
#3783 = LINE ( 'NONE', #9396, #6587 ) ;
#3784 = DIRECTION ( 'NONE',  ( -0.0000000000000000000, 1.000000000000000000, 0.0000000000000000000 ) ) ;
#3785 = ORIENTED_EDGE ( 'NONE', *, *, #7904, .F. ) ;
#3786 = EDGE_CURVE ( 'NONE', #5955, #10366, #3715, .T. ) ;
#3787 = DIRECTION ( 'NONE',  ( -0.0000000000000000000, -1.000000000000000000, 6.938893903907318300E-015 ) ) ;
#3788 = EDGE_LOOP ( 'NONE', ( #2693, #3265, #10228, #9793 ) ) ;
#3789 = ORIENTED_EDGE ( 'NONE', *, *, #7007, .F. ) ;
#3790 = DIRECTION ( 'NONE',  ( 1.000000000000000000, -0.0000000000000000000, -0.0000000000000000000 ) ) ;
#3791 = VECTOR ( 'NONE', #6592, 39.37007874015748100 ) ;
#3792 = VECTOR ( 'NONE', #1334, 39.37007874015748100 ) ;
#3793 = PLANE ( 'NONE',  #10450 ) ;
#3794 = CARTESIAN_POINT ( 'NONE',  ( 0.03031496062992127300, 0.004804859663680982400, 0.8122440944881890200 ) ) ;
#3795 = CARTESIAN_POINT ( 'NONE',  ( 0.1601049868766403500, 0.06233417066826713000, 0.1245800524934382000 ) ) ;
#3796 = VECTOR ( 'NONE', #2815, 39.37007874015748900 ) ;
#3797 = ORIENTED_EDGE ( 'NONE', *, *, #10105, .T. ) ;
#3798 = ORIENTED_EDGE ( 'NONE', *, *, #3742, .F. ) ;
#3799 = CLOSED_SHELL ( 'NONE', ( #360, #5484, #2624, #6642, #6339, #7379, #6182, #3235, #1127, #9683 ) ) ;
#3800 = EDGE_CURVE ( 'NONE', #10792, #2208, #9971, .T. ) ;
#3801 = CARTESIAN_POINT ( 'NONE',  ( 0.2519685039370078700, 0.06541338582677166900, 0.01499999999999999900 ) ) ;
#3802 = ADVANCED_FACE ( 'NONE', ( #3167 ), #10736, .F. ) ;
#3803 = VERTEX_POINT ( 'NONE', #7356 ) ;
#3804 = VERTEX_POINT ( 'NONE', #8223 ) ;
#3805 = CARTESIAN_POINT ( 'NONE',  ( 0.2974999999999999300, -0.2514999999999993400, 0.01499999999999999900 ) ) ;
#3806 = FACE_OUTER_BOUND ( 'NONE', #878, .T. ) ;
#3807 = ORIENTED_EDGE ( 'NONE', *, *, #635, .T. ) ;
#3808 = LINE ( 'NONE', #6158, #1271 ) ;
#3809 = DIRECTION ( 'NONE',  ( 0.0000000000000000000, 1.000000000000000000, 3.571460140260036800E-015 ) ) ;
#3810 = EDGE_CURVE ( 'NONE', #9057, #3019, #5457, .T. ) ;
#3811 = EDGE_LOOP ( 'NONE', ( #1385, #9301, #1695, #8905, #3689, #9035, #10633, #2004 ) ) ;
#3812 = DIRECTION ( 'NONE',  ( 1.000000000000000000, 2.280130751809684600E-016, 0.0000000000000000000 ) ) ;
#3813 = VERTEX_POINT ( 'NONE', #430 ) ;
#3814 = ORIENTED_EDGE ( 'NONE', *, *, #2065, .F. ) ;
#3815 = ORIENTED_EDGE ( 'NONE', *, *, #584, .T. ) ;
#3816 = PLANE ( 'NONE',  #3643 ) ;
#3817 = ADVANCED_FACE ( 'NONE', ( #1302 ), #2650, .F. ) ;
#3818 = ORIENTED_EDGE ( 'NONE', *, *, #794, .T. ) ;
#3819 = SURFACE_STYLE_FILL_AREA ( #4159 ) ;
#3820 = EDGE_CURVE ( 'NONE', #270, #2227, #1182, .T. ) ;
#3821 = AXIS2_PLACEMENT_3D ( 'NONE', #1004, #1824, #3583 ) ;
#3822 = ORIENTED_EDGE ( 'NONE', *, *, #3009, .F. ) ;
#3823 = LINE ( 'NONE', #2669, #5826 ) ;
#3824 = ORIENTED_EDGE ( 'NONE', *, *, #9226, .F. ) ;
#3825 = EDGE_LOOP ( 'NONE', ( #3303, #9112, #5308, #6123 ) ) ;
#3826 = EDGE_CURVE ( 'NONE', #10256, #4716, #9835, .T. ) ;
#3827 = DIRECTION ( 'NONE',  ( -3.453004075404071500E-015, 0.0000000000000000000, -1.000000000000000000 ) ) ;
#3828 = ORIENTED_EDGE ( 'NONE', *, *, #9012, .T. ) ;
#3829 = CARTESIAN_POINT ( 'NONE',  ( 0.1751181102362205100, -0.1855660917989245000, 0.8122440944881890200 ) ) ;
#3830 = DIRECTION ( 'NONE',  ( -1.000000000000000000, 0.0000000000000000000, -2.383254761742044600E-016 ) ) ;
#3831 = CARTESIAN_POINT ( 'NONE',  ( 0.3016278565449309600, 0.1454527559055146800, 0.7163187439931625300 ) ) ;
#3832 = CIRCLE ( 'NONE', #787, 0.01499999999999997700 ) ;
#3833 = EDGE_LOOP ( 'NONE', ( #3731, #7903, #5946, #6400 ) ) ;
#3834 = CARTESIAN_POINT ( 'NONE',  ( 0.1578740157480314800, 0.3077060962964917600, 0.1513544460802586400 ) ) ;
#3835 = DIRECTION ( 'NONE',  ( -1.000000000000000000, -0.0000000000000000000, -0.0000000000000000000 ) ) ;
#3836 =( NAMED_UNIT ( * ) SI_UNIT ( $, .STERADIAN. ) SOLID_ANGLE_UNIT ( ) );
#3837 = CARTESIAN_POINT ( 'NONE',  ( 0.3125000000000009400, -0.2517928932188134300, 0.2731574803149595100 ) ) ;
#3838 = SURFACE_SIDE_STYLE ('',( #5794 ) ) ;
#3839 = VECTOR ( 'NONE', #9261, 39.37007874015748100 ) ;
#3840 = VERTEX_POINT ( 'NONE', #5868 ) ;
#3841 = ORIENTED_EDGE ( 'NONE', *, *, #8773, .F. ) ;
#3842 = CARTESIAN_POINT ( 'NONE',  ( 0.1348425196850392400, -0.5313388496530164800, 0.7681574803149606700 ) ) ;
#3843 = ORIENTED_EDGE ( 'NONE', *, *, #7764, .F. ) ;
#3844 = MECHANICAL_DESIGN_GEOMETRIC_PRESENTATION_REPRESENTATION (  '', ( #9977 ), #3116 ) ;
#3845 = EDGE_CURVE ( 'NONE', #828, #5481, #9310, .T. ) ;
#3846 = DIRECTION ( 'NONE',  ( -1.000000000000000000, -1.458800866809831900E-016, 3.623343611582382000E-015 ) ) ;
#3847 = VECTOR ( 'NONE', #10530, 39.37007874015748100 ) ;
#3848 = EDGE_LOOP ( 'NONE', ( #442, #2680, #4888, #1156 ) ) ;
#3849 = EDGE_CURVE ( 'NONE', #10729, #6273, #4770, .T. ) ;
#3850 = DIRECTION ( 'NONE',  ( 0.0000000000000000000, -1.000000000000000000, 0.0000000000000000000 ) ) ;
#3851 = ADVANCED_FACE ( 'NONE', ( #9174 ), #757, .T. ) ;
#3852 = ORIENTED_EDGE ( 'NONE', *, *, #7620, .T. ) ;
#3853 = CARTESIAN_POINT ( 'NONE',  ( 0.2054877262871947200, -0.3775000000000011700, 0.3670469461326569300 ) ) ;
#3854 = AXIS2_PLACEMENT_3D ( 'NONE', #10553, #9698, #5389 ) ;
#3855 = CARTESIAN_POINT ( 'NONE',  ( 0.2417957872900946000, 0.04459782299446937700, 0.7690197545653725300 ) ) ;
#3856 = LINE ( 'NONE', #1338, #6281 ) ;
#3857 = ORIENTED_EDGE ( 'NONE', *, *, #10651, .T. ) ;
#3858 = DIRECTION ( 'NONE',  ( -1.000000000000000000, 0.0000000000000000000, 3.441691376337984900E-015 ) ) ;
#3859 = EDGE_CURVE ( 'NONE', #2902, #2539, #5047, .T. ) ;
#3860 = EDGE_CURVE ( 'NONE', #2778, #8638, #925, .T. ) ;
#3861 = CARTESIAN_POINT ( 'NONE',  ( 0.8015523508438183700, -0.2515000000000000000, 0.2093231818824078700 ) ) ;
#3862 = DIRECTION ( 'NONE',  ( 1.000000000000000000, -0.0000000000000000000, 0.0000000000000000000 ) ) ;
#3863 = EDGE_LOOP ( 'NONE', ( #7209, #10662, #7822, #4100 ) ) ;
#3864 = ADVANCED_FACE ( 'NONE', ( #7453 ), #8379, .F. ) ;
#3865 = CARTESIAN_POINT ( 'NONE',  ( 0.2975000000000023700, -0.2675000000000001800, 0.6900912614787635400 ) ) ;
#3866 = CARTESIAN_POINT ( 'NONE',  ( -0.3125000000000023900, 0.08784335684306159000, 0.7740197545653727500 ) ) ;
#3867 = ORIENTED_EDGE ( 'NONE', *, *, #9083, .T. ) ;
#3868 = LINE ( 'NONE', #9335, #4797 ) ;
#3869 = ORIENTED_EDGE ( 'NONE', *, *, #1030, .T. ) ;
#3870 = DIRECTION ( 'NONE',  ( -0.0000000000000000000, -1.000000000000000000, -0.0000000000000000000 ) ) ;
#3871 = DIRECTION ( 'NONE',  ( 0.0000000000000000000, 0.0000000000000000000, -1.000000000000000000 ) ) ;
#3872 = FILL_AREA_STYLE ('',( #7276 ) ) ;
#3873 = AXIS2_PLACEMENT_3D ( 'NONE', #1058, #8854, #10540 ) ;
#3874 = VERTEX_POINT ( 'NONE', #9177 ) ;
#3875 = CARTESIAN_POINT ( 'NONE',  ( -0.05472440944881888600, 0.3077060962964917600, 0.1513544460802586400 ) ) ;
#3876 = VECTOR ( 'NONE', #126, 39.37007874015748100 ) ;
#3877 = EDGE_CURVE ( 'NONE', #8862, #3749, #1849, .T. ) ;
#3878 = CARTESIAN_POINT ( 'NONE',  ( 0.2975000000000022600, 0.02872058991876547500, 0.7879635790510846100 ) ) ;
#3879 = STYLED_ITEM ( 'NONE', ( #6998 ), #10235 ) ;
#3880 = LENGTH_MEASURE_WITH_UNIT ( LENGTH_MEASURE( 0.02539999999999999900 ), #846 );
#3881 = ORIENTED_EDGE ( 'NONE', *, *, #3317, .F. ) ;
#3882 = LINE ( 'NONE', #10941, #5485 ) ;
#3883 = ORIENTED_EDGE ( 'NONE', *, *, #10529, .T. ) ;
#3884 = DIRECTION ( 'NONE',  ( 3.466400071163393600E-015, 0.0000000000000000000, -1.000000000000000000 ) ) ;
#3885 = EDGE_CURVE ( 'NONE', #2093, #2220, #3312, .T. ) ;
#3886 = LINE ( 'NONE', #4618, #2413 ) ;
#3887 = CARTESIAN_POINT ( 'NONE',  ( 0.2816278565449311100, 0.2525000000000000600, 1.576493224244851900 ) ) ;
#3888 = LINE ( 'NONE', #8985, #2830 ) ;
#3889 = LENGTH_MEASURE_WITH_UNIT ( LENGTH_MEASURE( 0.02539999999999999900 ), #1214 );
#3890 = DIRECTION ( 'NONE',  ( 4.011848926865880400E-016, -1.000000000000000000, -0.0000000000000000000 ) ) ;
#3891 = CIRCLE ( 'NONE', #8716, 0.004999999999999946300 ) ;
#3892 = CARTESIAN_POINT ( 'NONE',  ( -0.2054877262871946400, -0.6172700275952924800, 0.3670469428126474400 ) ) ;
#3893 = AXIS2_PLACEMENT_3D ( 'NONE', #7198, #2039, #4586 ) ;
#3894 = CARTESIAN_POINT ( 'NONE',  ( -0.2816278565449310500, -0.2675000000000027400, 0.8101574803149641500 ) ) ;
#3895 = PLANE ( 'NONE',  #892 ) ;
#3896 = LINE ( 'NONE', #1704, #8173 ) ;
#3897 = VECTOR ( 'NONE', #7746, 39.37007874015748100 ) ;
#3898 = FILL_AREA_STYLE_COLOUR ( '', #6288 ) ;
#3899 = LINE ( 'NONE', #8962, #8459 ) ;
#3900 = CARTESIAN_POINT ( 'NONE',  ( -0.1151574803149606800, -0.5313388496530164800, 0.6681574803149606900 ) ) ;
#3901 = DIRECTION ( 'NONE',  ( 1.491666250894578900E-016, -1.000000000000000000, 6.842163256825777700E-015 ) ) ;
#3902 = CIRCLE ( 'NONE', #1615, 0.004999999999999946300 ) ;
#3903 = CARTESIAN_POINT ( 'NONE',  ( -0.2519685039370078700, -0.1324212598425196500, 0.01499999999999999900 ) ) ;
#3904 = ORIENTED_EDGE ( 'NONE', *, *, #9320, .T. ) ;
#3905 = DIRECTION ( 'NONE',  ( -1.000000000000000000, -1.458800866809831900E-016, 3.623343611582382000E-015 ) ) ;
#3906 =( LENGTH_UNIT ( ) NAMED_UNIT ( * ) SI_UNIT ( $, .METRE. ) );
#3907 = ADVANCED_FACE ( 'NONE', ( #6934 ), #6726, .F. ) ;
#3908 = VECTOR ( 'NONE', #4657, 39.37007874015748100 ) ;
#3909 = FACE_OUTER_BOUND ( 'NONE', #666, .T. ) ;
#3910 = AXIS2_PLACEMENT_3D ( 'NONE', #297, #6329, #510 ) ;
#3911 = DIRECTION ( 'NONE',  ( 0.0000000000000000000, 1.000000000000000000, 0.0000000000000000000 ) ) ;
#3912 = B_SPLINE_SURFACE_WITH_KNOTS ( 'NONE', 3, 3, ( 
 ( #6804, #4354, #8605, #6883 ),
 ( #10305, #7714, #2580, #8568 ),
 ( #7750, #6029, #9405, #5164 ),
 ( #4315, #5796, #7522, #3221 ) ),
 .UNSPECIFIED., .F., .F., .F.,
 ( 4, 4 ),
 ( 4, 4 ),
 ( 0.0000000000000000000, 1.000000000000000000 ),
 ( 0.0000000000000000000, 1.000000000000000000 ),
 .UNSPECIFIED. ) ;
#3913 = EDGE_CURVE ( 'NONE', #102, #9398, #4452, .T. ) ;
#3914 = SURFACE_STYLE_FILL_AREA ( #1159 ) ;
#3915 = DIRECTION ( 'NONE',  ( -4.253578305794020300E-015, 0.0000000000000000000, -1.000000000000000000 ) ) ;
#3917 = VECTOR ( 'NONE', #8694, 39.37007874015748100 ) ;
#3916 = DIRECTION ( 'NONE',  ( -0.9961946980917451000, -0.0000000000000000000, 0.08715574274766177400 ) ) ;
#3918 = CARTESIAN_POINT ( 'NONE',  ( 0.2417957872900946000, -0.1378615124517495700, 0.7690197545653724200 ) ) ;
#3919 = AXIS2_PLACEMENT_3D ( 'NONE', #9312, #45, #5928 ) ;
#3920 = LINE ( 'NONE', #591, #1247 ) ;
#3921 = DIRECTION ( 'NONE',  ( 3.791200677927630300E-031, 1.000000000000000000, 3.469446951953613800E-015 ) ) ;
#3922 = ADVANCED_FACE ( 'NONE', ( #6787 ), #1619, .T. ) ;
#3923 = LINE ( 'NONE', #262, #7008 ) ;
#3924 = AXIS2_PLACEMENT_3D ( 'NONE', #8839, #8911, #1995 ) ;
#3925 =( NAMED_UNIT ( * ) PLANE_ANGLE_UNIT ( ) SI_UNIT ( $, .RADIAN. ) );
#3926 = VERTEX_POINT ( 'NONE', #3170 ) ;
#3927 = ORIENTED_EDGE ( 'NONE', *, *, #9176, .T. ) ;
#3928 = ORIENTED_EDGE ( 'NONE', *, *, #7468, .F. ) ;
#3929 = DIRECTION ( 'NONE',  ( 0.0000000000000000000, 0.0000000000000000000, 1.000000000000000000 ) ) ;
#3930 = EDGE_CURVE ( 'NONE', #8638, #2191, #2500, .T. ) ;
#3931 = VERTEX_POINT ( 'NONE', #10885 ) ;
#3932 = VECTOR ( 'NONE', #8191, 39.37007874015748100 ) ;
#3933 = VECTOR ( 'NONE', #8736, 39.37007874015748100 ) ;
#3934 = CARTESIAN_POINT ( 'NONE',  ( 0.08011811023622049400, -0.1855660917989245300, 0.03468503937007873200 ) ) ;
#3935 = EDGE_CURVE ( 'NONE', #8138, #7851, #8678, .T. ) ;
#3936 = EDGE_LOOP ( 'NONE', ( #9115, #2742, #10603, #6907 ) ) ;
#3937 = DIRECTION ( 'NONE',  ( -2.385472965096938900E-016, 1.000000000000000000, 9.880952548175062100E-017 ) ) ;
#3938 = VERTEX_POINT ( 'NONE', #7515 ) ;
#3939 = EDGE_LOOP ( 'NONE', ( #4134, #3137, #2617, #582, #2927, #4783, #6688, #3107, #3361, #9861, #198, #8636 ) ) ;
#3940 = DIRECTION ( 'NONE',  ( -6.829619984160731600E-015, 0.0000000000000000000, -1.000000000000000000 ) ) ;
#3941 = ORIENTED_EDGE ( 'NONE', *, *, #9327, .F. ) ;
#3942 = DIRECTION ( 'NONE',  ( 0.9961946980917452100, -0.0000000000000000000, 0.08715574274766171900 ) ) ;
#3943 = ORIENTED_EDGE ( 'NONE', *, *, #3786, .F. ) ;
#3944 = CARTESIAN_POINT ( 'NONE',  ( 0.1799811510861111200, -0.01332677165354327400, 0.2157114503741968100 ) ) ;
#3945 = MECHANICAL_DESIGN_GEOMETRIC_PRESENTATION_REPRESENTATION (  '', ( #4725 ), #3730 ) ;
#3946 = LINE ( 'NONE', #2444, #2325 ) ;
#3947 = ORIENTED_EDGE ( 'NONE', *, *, #3622, .F. ) ;
#3948 = VECTOR ( 'NONE', #4782, 39.37007874015748100 ) ;
#3949 = DIRECTION ( 'NONE',  ( 0.0000000000000000000, 2.276539994720217200E-015, 1.000000000000000000 ) ) ;
#3950 = EDGE_CURVE ( 'NONE', #3351, #599, #10627, .T. ) ;
#3951 = VERTEX_POINT ( 'NONE', #1579 ) ;
#3952 = DIRECTION ( 'NONE',  ( 1.000000000000000000, -0.0000000000000000000, -0.0000000000000000000 ) ) ;
#3953 = AXIS2_PLACEMENT_3D ( 'NONE', #10952, #10266, #7618 ) ;
#3954 = ORIENTED_EDGE ( 'NONE', *, *, #3288, .T. ) ;
#3955 = EDGE_LOOP ( 'NONE', ( #5148, #7227, #4634, #2975 ) ) ;
#3956 = CARTESIAN_POINT ( 'NONE',  ( -0.2445122359227436800, -0.6172700275952924800, 0.3670469609432717700 ) ) ;
#3957 = DIRECTION ( 'NONE',  ( 0.0000000000000000000, 0.0000000000000000000, 1.000000000000000000 ) ) ;
#3958 = ORIENTED_EDGE ( 'NONE', *, *, #1437, .F. ) ;
#3959 = DIRECTION ( 'NONE',  ( -0.0000000000000000000, -0.0000000000000000000, 1.000000000000000000 ) ) ;
#3960 = DIRECTION ( 'NONE',  ( 0.0000000000000000000, 1.258127052980947800E-016, 1.000000000000000000 ) ) ;
#3961 = EDGE_CURVE ( 'NONE', #6606, #2129, #7064, .T. ) ;
#3962 = PRESENTATION_STYLE_ASSIGNMENT (( #4244 ) ) ;
#3963 = VERTEX_POINT ( 'NONE', #10151 ) ;
#3964 = VECTOR ( 'NONE', #4977, 39.37007874015748100 ) ;
#3965 = ORIENTED_EDGE ( 'NONE', *, *, #4581, .T. ) ;
#3966 = DIRECTION ( 'NONE',  ( -1.000000000000000000, 0.0000000000000000000, 0.0000000000000000000 ) ) ;
#3967 = VERTEX_POINT ( 'NONE', #788 ) ;
#3968 = DIRECTION ( 'NONE',  ( 0.0000000000000000000, 0.0000000000000000000, 1.000000000000000000 ) ) ;
#3969 = CARTESIAN_POINT ( 'NONE',  ( -0.1594488188976377900, 0.3077060962964917600, 0.1513544460802586400 ) ) ;
#3970 = ADVANCED_FACE ( 'NONE', ( #8392 ), #2463, .F. ) ;
#3971 = FACE_OUTER_BOUND ( 'NONE', #10505, .T. ) ;
#3972 = ORIENTED_EDGE ( 'NONE', *, *, #5261, .F. ) ;
#3973 = EDGE_CURVE ( 'NONE', #9472, #9798, #1575, .T. ) ;
#3974 = CARTESIAN_POINT ( 'NONE',  ( -0.09724409448818897800, -0.01737224260835761400, 0.8122440944881890200 ) ) ;
#3975 = DIRECTION ( 'NONE',  ( -1.000000000000000000, -2.385472965096935500E-016, -3.441691376337984500E-015 ) ) ;
#3976 = PLANE ( 'NONE',  #1267 ) ;
#3977 = DIRECTION ( 'NONE',  ( 1.365923996832146300E-014, 0.0000000000000000000, 1.000000000000000000 ) ) ;
#3978 = DIRECTION ( 'NONE',  ( 0.0000000000000000000, 1.000000000000000000, 0.0000000000000000000 ) ) ;
#3979 = ADVANCED_FACE ( 'NONE', ( #501 ), #5908, .T. ) ;
#3980 = DIRECTION ( 'NONE',  ( 0.0000000000000000000, -7.051100721037203400E-015, -1.000000000000000000 ) ) ;
#3981 = VECTOR ( 'NONE', #6261, 39.37007874015748100 ) ;
#3982 = VECTOR ( 'NONE', #5277, 39.37007874015748100 ) ;
#3983 = DIRECTION ( 'NONE',  ( -1.000000000000000000, 0.0000000000000000000, -3.623343611582458500E-015 ) ) ;
#3984 = DIRECTION ( 'NONE',  ( 0.0000000000000000000, -0.0000000000000000000, -1.000000000000000000 ) ) ;
#3985 = AXIS2_PLACEMENT_3D ( 'NONE', #806, #2481, #4221 ) ;
#3986 = PLANE ( 'NONE',  #10617 ) ;
#3987 = CARTESIAN_POINT ( 'NONE',  ( 0.2975000000000019300, 0.2454289321881376600, 0.8350000000000021800 ) ) ;
#3988 = EDGE_LOOP ( 'NONE', ( #8968, #3286, #8658, #11016 ) ) ;
#3989 = DIRECTION ( 'NONE',  ( -0.0000000000000000000, 1.000000000000000000, -0.0000000000000000000 ) ) ;
#3990 = LINE ( 'NONE', #1925, #935 ) ;
#3991 = VERTEX_POINT ( 'NONE', #5083 ) ;
#3992 = AXIS2_PLACEMENT_3D ( 'NONE', #9499, #6061, #7023 ) ;
#3993 = EDGE_CURVE ( 'NONE', #9470, #5042, #2785, .T. ) ;
#3994 = CARTESIAN_POINT ( 'NONE',  ( 0.2717853368598917600, 0.2426574803149606500, 0.02484251968503937300 ) ) ;
#3995 = ORIENTED_EDGE ( 'NONE', *, *, #6685, .T. ) ;
#3996 = EDGE_CURVE ( 'NONE', #6365, #826, #8806, .T. ) ;
#3997 = DIRECTION ( 'NONE',  ( 0.0000000000000000000, -1.000000000000000000, 0.0000000000000000000 ) ) ;
#3998 = CIRCLE ( 'NONE', #8468, 0.05437007874015750000 ) ;
#3999 = ORIENTED_EDGE ( 'NONE', *, *, #2603, .T. ) ;
#4000 = DIRECTION ( 'NONE',  ( 0.0000000000000000000, 0.0000000000000000000, 1.000000000000000000 ) ) ;
#4001 = CARTESIAN_POINT ( 'NONE',  ( -0.2054877304729031400, -0.3481569921139189800, 0.4950936921730762500 ) ) ;
#4002 = ADVANCED_FACE ( 'NONE', ( #6509 ), #8514, .F. ) ;
#4003 = DIRECTION ( 'NONE',  ( -1.000000000000000000, 0.0000000000000000000, -6.938893903907203100E-015 ) ) ;
#4004 = CLOSED_SHELL ( 'NONE', ( #1243, #1427, #3129, #8013, #2064, #10560, #8811, #2960, #1044, #5018 ) ) ;
#4005 = FILL_AREA_STYLE_COLOUR ( '', #4017 ) ;
#4006 = LINE ( 'NONE', #6267, #10150 ) ;
#4007 = CARTESIAN_POINT ( 'NONE',  ( -0.2519685039370078700, 0.1754133858267716600, 0.01499999999999999900 ) ) ;
#4008 = FACE_OUTER_BOUND ( 'NONE', #3863, .T. ) ;
#4009 = VERTEX_POINT ( 'NONE', #6856 ) ;
#4010 = EDGE_CURVE ( 'NONE', #8789, #4538, #6141, .T. ) ;
#4011 = CARTESIAN_POINT ( 'NONE',  ( 0.2975000000000022600, -0.1219842793760456800, 0.7879635790510847200 ) ) ;
#4012 = VECTOR ( 'NONE', #4265, 39.37007874015748100 ) ;
#4013 = EDGE_LOOP ( 'NONE', ( #6147, #6918, #9406, #10114 ) ) ;
#4014 =( NAMED_UNIT ( * ) PLANE_ANGLE_UNIT ( ) SI_UNIT ( $, .RADIAN. ) );
#4015 = CARTESIAN_POINT ( 'NONE',  ( 0.2975000000000009900, -0.3856102362204703600, 0.2829999999999989700 ) ) ;
#4016 = CARTESIAN_POINT ( 'NONE',  ( 0.2519685039370078700, 0.06541338582677166900, 0.01499999999999999900 ) ) ;
#4017 = COLOUR_RGB ( '',0.7921568627450980000, 0.8196078431372548800, 0.9333333333333333500 ) ;
#4018 = LINE ( 'NONE', #5139, #3211 ) ;
#4019 = VECTOR ( 'NONE', #10782, 39.37007874015748100 ) ;
#4020 = EDGE_CURVE ( 'NONE', #4906, #3840, #10392, .T. ) ;
#4021 = CARTESIAN_POINT ( 'NONE',  ( -0.3125000000000023900, -0.1811070463003417700, 0.7740197545653727500 ) ) ;
#4022 = DIRECTION ( 'NONE',  ( 1.000000000000000000, -1.036724799359237700E-029, 0.0000000000000000000 ) ) ;
#4023 = CARTESIAN_POINT ( 'NONE',  ( 0.0000000000000000000, -0.2525000000000000600, 0.0000000000000000000 ) ) ;
#4024 = ADVANCED_FACE ( 'NONE', ( #5576 ), #10251, .F. ) ;
#4025 = LENGTH_MEASURE_WITH_UNIT ( LENGTH_MEASURE( 0.02539999999999999900 ), #618 );
#4026 = ORIENTED_EDGE ( 'NONE', *, *, #2720, .T. ) ;
#4027 = DIRECTION ( 'NONE',  ( -0.08715574274766170500, 1.262932893932225400E-016, 0.9961946980917451000 ) ) ;
#4028 = LINE ( 'NONE', #7898, #679 ) ;
#4029 = EDGE_LOOP ( 'NONE', ( #7561, #7186, #9413, #4677 ) ) ;
#4030 = CARTESIAN_POINT ( 'NONE',  ( 0.2974999999999999300, 0.2517928932188134800, 0.01499999999999999900 ) ) ;
#4031 = DIRECTION ( 'NONE',  ( 1.000000000000000000, -3.791200677927630300E-031, 0.0000000000000000000 ) ) ;
#4032 = EDGE_CURVE ( 'NONE', #10580, #3813, #11036, .T. ) ;
#4033 = AXIS2_PLACEMENT_3D ( 'NONE', #2521, #1717, #6859 ) ;
#4034 = VECTOR ( 'NONE', #3505, 39.37007874015748100 ) ;
#4035 =( CONVERSION_BASED_UNIT ( 'INCH', #10234 ) LENGTH_UNIT ( ) NAMED_UNIT ( #6905 ) );
#4036 = ADVANCED_FACE ( 'NONE', ( #129 ), #6741, .T. ) ;
#4037 = VECTOR ( 'NONE', #1221, 39.37007874015748100 ) ;
#4038 = EDGE_CURVE ( 'NONE', #3384, #9418, #4260, .T. ) ;
#4039 = DIRECTION ( 'NONE',  ( -1.000000000000000000, -2.385472965096935500E-016, -3.441691376337984500E-015 ) ) ;
#4040 = DIRECTION ( 'NONE',  ( 3.453004075404071500E-015, 0.0000000000000000000, -1.000000000000000000 ) ) ;
#4041 = EDGE_LOOP ( 'NONE', ( #5684, #1706, #7841, #3869 ) ) ;
#4042 = LINE ( 'NONE', #58, #3084 ) ;
#4043 = DIRECTION ( 'NONE',  ( 1.000000000000000000, -0.0000000000000000000, -0.0000000000000000000 ) ) ;
#4044 = CIRCLE ( 'NONE', #6834, 0.05437007874015750700 ) ;
#4045 = DIRECTION ( 'NONE',  ( -1.000000000000000000, 3.791200677927630300E-031, 0.0000000000000000000 ) ) ;
#4046 = AXIS2_PLACEMENT_3D ( 'NONE', #11001, #5909, #5954 ) ;
#4047 = VECTOR ( 'NONE', #5857, 39.37007874015748900 ) ;
#4048 = VECTOR ( 'NONE', #5126, 39.37007874015748100 ) ;
#4049 = DIRECTION ( 'NONE',  ( -0.0000000000000000000, 1.000000000000000000, -0.0000000000000000000 ) ) ;
#4050 = UNCERTAINTY_MEASURE_WITH_UNIT (LENGTH_MEASURE( 1.000000000000000100E-005 ), #1411, 'distance_accuracy_value', 'NONE');
#4051 =( NAMED_UNIT ( * ) PLANE_ANGLE_UNIT ( ) SI_UNIT ( $, .RADIAN. ) );
#4052 = VECTOR ( 'NONE', #3916, 39.37007874015748900 ) ;
#4053 = VECTOR ( 'NONE', #2646, 39.37007874015748100 ) ;
#4054 = CARTESIAN_POINT ( 'NONE',  ( -0.09842519685039369200, -0.2052511311690032600, 0.0000000000000000000 ) ) ;
#4055 = CARTESIAN_POINT ( 'NONE',  ( -0.2975000000000027600, 0.1504527559055146000, 0.7179527559055113300 ) ) ;
#4056 = PLANE ( 'NONE',  #7911 ) ;
#4057 = PRESENTATION_STYLE_ASSIGNMENT (( #6211 ) ) ;
#4058 = ORIENTED_EDGE ( 'NONE', *, *, #8791, .F. ) ;
#4059 = VERTEX_POINT ( 'NONE', #8467 ) ;
#4060 = ORIENTED_EDGE ( 'NONE', *, *, #6817, .T. ) ;
#4061 = ORIENTED_EDGE ( 'NONE', *, *, #490, .T. ) ;
#4062 = CARTESIAN_POINT ( 'NONE',  ( -2.607362870388476600E-030, -0.2514999999999994500, -0.0000000000000000000 ) ) ;
#4063 = DIRECTION ( 'NONE',  ( 0.0000000000000000000, 1.000000000000000000, 0.0000000000000000000 ) ) ;
#4064 = CARTESIAN_POINT ( 'NONE',  ( 0.2054877259857949600, -0.3333222692691878400, 0.3578266993711259900 ) ) ;
#4065 = DIRECTION ( 'NONE',  ( -1.000000000000000000, -0.0000000000000000000, -0.0000000000000000000 ) ) ;
#4066 = AXIS2_PLACEMENT_3D ( 'NONE', #7352, #3207, #6529 ) ;
#4067 = CIRCLE ( 'NONE', #4848, 0.06400002813435827500 ) ;
#4069 = EDGE_CURVE ( 'NONE', #3804, #4423, #7589, .T. ) ;
#4068 = ADVANCED_FACE ( 'NONE', ( #9704 ), #2518, .F. ) ;
#4070 = PLANE ( 'NONE',  #8005 ) ;
#4071 = PLANE ( 'NONE',  #3245 ) ;
#4072 = AXIS2_PLACEMENT_3D ( 'NONE', #3140, #7474, #6657 ) ;
#4073 = VERTEX_POINT ( 'NONE', #7728 ) ;
#4074 = ORIENTED_EDGE ( 'NONE', *, *, #10105, .F. ) ;
#4075 = ORIENTED_EDGE ( 'NONE', *, *, #8901, .T. ) ;
#4076 = ORIENTED_EDGE ( 'NONE', *, *, #4578, .T. ) ;
#4077 = VERTEX_POINT ( 'NONE', #8587 ) ;
#4078 = CARTESIAN_POINT ( 'NONE',  ( -0.1151574803149606800, -0.2525000000000000600, 0.6878425196850395100 ) ) ;
#4079 = VECTOR ( 'NONE', #9742, 39.37007874015748100 ) ;
#4080 = ORIENTED_EDGE ( 'NONE', *, *, #10701, .T. ) ;
#4081 = FACE_OUTER_BOUND ( 'NONE', #8939, .T. ) ;
#4083 = AXIS2_PLACEMENT_3D ( 'NONE', #7376, #8315, #6636 ) ;
#4082 = CARTESIAN_POINT ( 'NONE',  ( -0.2094541919655777400, -0.01332677165354330000, 0.05093875028552515700 ) ) ;
#4084 = CLOSED_SHELL ( 'NONE', ( #3598, #9002, #4764, #4611, #7929, #3970 ) ) ;
#4085 = ADVANCED_FACE ( 'NONE', ( #2912 ), #843, .F. ) ;
#4086 = MANIFOLD_SOLID_BREP ( 'Boss-Extrude6', #1740 ) ;
#4087 = ORIENTED_EDGE ( 'NONE', *, *, #1380, .F. ) ;
#4088 = ORIENTED_EDGE ( 'NONE', *, *, #8997, .T. ) ;
#4089 = EDGE_CURVE ( 'NONE', #357, #1019, #8931, .T. ) ;
#4090 = DIRECTION ( 'NONE',  ( -1.000000000000000000, -7.400031521858132100E-030, 0.0000000000000000000 ) ) ;
#4091 = ORIENTED_EDGE ( 'NONE', *, *, #2298, .F. ) ;
#4092 = DIRECTION ( 'NONE',  ( 2.556591728752654000E-015, -0.7071067811865464600, -0.7071067811865485700 ) ) ;
#4093 = ORIENTED_EDGE ( 'NONE', *, *, #301, .F. ) ;
#4094 = LINE ( 'NONE', #6648, #8369 ) ;
#4095 = PLANE ( 'NONE',  #8579 ) ;
#4096 = ORIENTED_EDGE ( 'NONE', *, *, #3650, .T. ) ;
#4097 = DIRECTION ( 'NONE',  ( 1.000000000000000000, 0.0000000000000000000, -0.0000000000000000000 ) ) ;
#4098 = DIRECTION ( 'NONE',  ( 0.0000000000000000000, 0.0000000000000000000, -1.000000000000000000 ) ) ;
#4099 = VECTOR ( 'NONE', #8495, 39.37007874015748100 ) ;
#4100 = ORIENTED_EDGE ( 'NONE', *, *, #2495, .F. ) ;
#4101 = EDGE_LOOP ( 'NONE', ( #942, #6876, #6385, #7784 ) ) ;
#4102 = CARTESIAN_POINT ( 'NONE',  ( 0.1848425196850392300, -0.2525000000000000600, 0.6878425196850395100 ) ) ;
#4103 = ADVANCED_FACE ( 'NONE', ( #2639, #3302, #10255 ), #4289, .T. ) ;
#4104 = CARTESIAN_POINT ( 'NONE',  ( 0.2249999999999999800, -0.3325000000000013500, 0.4279999999999999400 ) ) ;
#4105 = DIRECTION ( 'NONE',  ( 0.0000000000000000000, 7.159998004294770100E-015, 1.000000000000000000 ) ) ;
#4106 = ORIENTED_EDGE ( 'NONE', *, *, #5575, .F. ) ;
#4107 = EDGE_CURVE ( 'NONE', #1285, #6475, #4640, .T. ) ;
#4108 =( NAMED_UNIT ( * ) SI_UNIT ( $, .STERADIAN. ) SOLID_ANGLE_UNIT ( ) );
#4109 = AXIS2_PLACEMENT_3D ( 'NONE', #9926, #2998, #7300 ) ;
#4110 = CARTESIAN_POINT ( 'NONE',  ( 0.2054877259833239000, -0.3326778642794910900, 0.3577511067598224100 ) ) ;
#4111 = CARTESIAN_POINT ( 'NONE',  ( -0.2975000000000023700, 0.2525000000000028900, 0.8200000000000001700 ) ) ;
#4112 = LINE ( 'NONE', #6771, #10623 ) ;
#4113 = ORIENTED_EDGE ( 'NONE', *, *, #10154, .F. ) ;
#4114 =( NAMED_UNIT ( * ) PLANE_ANGLE_UNIT ( ) SI_UNIT ( $, .RADIAN. ) );
#4115 = CARTESIAN_POINT ( 'NONE',  ( -0.05472440944881888600, 0.1522291837916265300, 0.5125280012291644200 ) ) ;
#4116 = EDGE_CURVE ( 'NONE', #10079, #1285, #3706, .T. ) ;
#4117 = DIRECTION ( 'NONE',  ( 0.0000000000000000000, 0.7071067811865569000, -0.7071067811865382500 ) ) ;
#4118 = SURFACE_SIDE_STYLE ('',( #3819 ) ) ;
#4119 = VECTOR ( 'NONE', #4163, 39.37007874015748100 ) ;
#4120 = ORIENTED_EDGE ( 'NONE', *, *, #436, .F. ) ;
#4121 = PRESENTATION_LAYER_ASSIGNMENT (  '', '', ( #4630 ) ) ;
#4122 = DIRECTION ( 'NONE',  ( -3.466400071163319000E-015, 0.0000000000000000000, -1.000000000000000000 ) ) ;
#4123 = DIRECTION ( 'NONE',  ( 0.0000000000000000000, -3.469446951953613800E-015, 1.000000000000000000 ) ) ;
#4124 = ORIENTED_EDGE ( 'NONE', *, *, #9664, .F. ) ;
#4125 = SURFACE_STYLE_USAGE ( .BOTH. , #2386 ) ;
#4126 = ORIENTED_EDGE ( 'NONE', *, *, #1311, .F. ) ;
#4127 = CARTESIAN_POINT ( 'NONE',  ( 0.09842519685039369200, -0.2052511311690032600, 0.0000000000000000000 ) ) ;
#4128 = ADVANCED_FACE ( 'NONE', ( #9165 ), #6224, .T. ) ;
#4129 =( CONVERSION_BASED_UNIT ( 'INCH', #3068 ) LENGTH_UNIT ( ) NAMED_UNIT ( #4275 ) );
#4130 = CARTESIAN_POINT ( 'NONE',  ( 0.08484251968503923900, -0.3855000000000022900, 0.6878425196850395100 ) ) ;
#4131 = FACE_OUTER_BOUND ( 'NONE', #3417, .T. ) ;
#4132 = VERTEX_POINT ( 'NONE', #6194 ) ;
#4133 = CARTESIAN_POINT ( 'NONE',  ( 0.2925000000000022600, -0.2515000000000000000, 0.6900912614787637600 ) ) ;
#4134 = ORIENTED_EDGE ( 'NONE', *, *, #8255, .T. ) ;
#4135 = PLANE ( 'NONE',  #1324 ) ;
#4136 = PLANE ( 'NONE',  #855 ) ;
#4137 = AXIS2_PLACEMENT_3D ( 'NONE', #3182, #4824, #3033 ) ;
#4138 = ORIENTED_EDGE ( 'NONE', *, *, #10568, .F. ) ;
#4139 = DIRECTION ( 'NONE',  ( -0.0000000000000000000, 0.0000000000000000000, -1.000000000000000000 ) ) ;
#4140 = DIRECTION ( 'NONE',  ( 1.000000000000000000, -3.594536833768767100E-016, 0.0000000000000000000 ) ) ;
#4141 = EDGE_CURVE ( 'NONE', #6903, #10204, #7730, .T. ) ;
#4142 = VECTOR ( 'NONE', #665, 39.37007874015748100 ) ;
#4143 = ORIENTED_EDGE ( 'NONE', *, *, #10876, .T. ) ;
#4144 =( CONVERSION_BASED_UNIT ( 'INCH', #2546 ) LENGTH_UNIT ( ) NAMED_UNIT ( #8647 ) );
#4145 = ADVANCED_FACE ( 'NONE', ( #7994 ), #2056, .F. ) ;
#4146 = CARTESIAN_POINT ( 'NONE',  ( 0.2054877261447371500, -0.3275000000000097800, 0.3626889668232849400 ) ) ;
#4147 = CARTESIAN_POINT ( 'NONE',  ( 0.3125000000000025500, 0.08784335684306159000, 0.7479635790510822400 ) ) ;
#4148 = EDGE_LOOP ( 'NONE', ( #5405, #2326, #8540, #6126 ) ) ;
#4149 = DIRECTION ( 'NONE',  ( 2.366193544264534800E-015, -0.7071067811865571200, 0.7071067811865379100 ) ) ;
#4150 = CARTESIAN_POINT ( 'NONE',  ( -0.3125000000000009400, -0.3856102362204703600, 0.2928425196850381600 ) ) ;
#4151 = ORIENTED_EDGE ( 'NONE', *, *, #9930, .F. ) ;
#4152 = FACE_OUTER_BOUND ( 'NONE', #3325, .T. ) ;
#4153 = ORIENTED_EDGE ( 'NONE', *, *, #2082, .T. ) ;
#4154 = CARTESIAN_POINT ( 'NONE',  ( 0.03031496062992127300, 0.3077060962964917600, 0.1513544460802586400 ) ) ;
#4155 = AXIS2_PLACEMENT_3D ( 'NONE', #8637, #6139, #4342 ) ;
#4156 = VECTOR ( 'NONE', #9149, 39.37007874015748100 ) ;
#4157 = EDGE_LOOP ( 'NONE', ( #6394, #4929, #1580, #2530 ) ) ;
#4158 = EDGE_CURVE ( 'NONE', #1715, #1766, #8667, .T. ) ;
#4159 = FILL_AREA_STYLE ('',( #6719 ) ) ;
#4160 = AXIS2_PLACEMENT_3D ( 'NONE', #28, #5050, #6930 ) ;
#4161 = CARTESIAN_POINT ( 'NONE',  ( 0.2054877302721724000, -0.3775000000000015600, 0.4889530551430127900 ) ) ;
#4162 = VERTEX_POINT ( 'NONE', #1919 ) ;
#4163 = DIRECTION ( 'NONE',  ( 1.000000000000000000, -1.458800866809831900E-016, 3.623343611582382000E-015 ) ) ;
#4164 = CARTESIAN_POINT ( 'NONE',  ( -0.08484251968503943300, -0.3855000000000026200, 0.7878425196850393800 ) ) ;
#4165 = LINE ( 'NONE', #688, #2404 ) ;
#4166 = VERTEX_POINT ( 'NONE', #2784 ) ;
#4167 = CARTESIAN_POINT ( 'NONE',  ( -0.01220472440944881700, 0.0000000000000000000, 0.8122440944881890200 ) ) ;
#4168 = VECTOR ( 'NONE', #5667, 39.37007874015748100 ) ;
#4169 = ORIENTED_EDGE ( 'NONE', *, *, #5630, .F. ) ;
#4170 = AXIS2_PLACEMENT_3D ( 'NONE', #7673, #6732, #2511 ) ;
#4171 = PLANE ( 'NONE',  #9244 ) ;
#4172 = CARTESIAN_POINT ( 'NONE',  ( -0.2967928932188135200, 0.2675000000000028500, 0.8199999999999999500 ) ) ;
#4173 = FACE_OUTER_BOUND ( 'NONE', #3788, .T. ) ;
#4174 = VECTOR ( 'NONE', #7168, 39.37007874015748100 ) ;
#4175 = EDGE_CURVE ( 'NONE', #4348, #9780, #5316, .T. ) ;
#4176 = CARTESIAN_POINT ( 'NONE',  ( 0.2500000000000000000, -0.1174558555784520800, 0.03468503937007873200 ) ) ;
#4177 = LINE ( 'NONE', #1185, #10678 ) ;
#4178 = DIRECTION ( 'NONE',  ( 3.441691376337984900E-015, 9.880952548175142300E-017, -1.000000000000000000 ) ) ;
#4179 = VECTOR ( 'NONE', #9263, 39.37007874015748100 ) ;
#4180 = CARTESIAN_POINT ( 'NONE',  ( 0.09842519685039369200, -0.2052511311690032600, 0.01499999999999999900 ) ) ;
#4181 = EDGE_CURVE ( 'NONE', #9398, #10945, #9500, .T. ) ;
#4182 = VECTOR ( 'NONE', #807, 39.37007874015748100 ) ;
#4183 = CARTESIAN_POINT ( 'NONE',  ( 0.2519685039370078700, 0.1754133858267716600, 0.01499999999999999900 ) ) ;
#4184 = LINE ( 'NONE', #11034, #696 ) ;
#4185 = CARTESIAN_POINT ( 'NONE',  ( -0.2054877305574726300, -0.3301681886776942600, 0.4976807923188747400 ) ) ;
#4186 = ADVANCED_FACE ( 'NONE', ( #5836 ), #1104, .F. ) ;
#4187 = FACE_OUTER_BOUND ( 'NONE', #7986, .T. ) ;
#4188 = CARTESIAN_POINT ( 'NONE',  ( -0.3125000000000023900, 0.08784335684306159000, 0.7690197545653728600 ) ) ;
#4189 = EDGE_CURVE ( 'NONE', #10348, #9697, #2354, .T. ) ;
#4190 = AXIS2_PLACEMENT_3D ( 'NONE', #5320, #3732, #7901 ) ;
#4191 = VERTEX_POINT ( 'NONE', #7979 ) ;
#4192 = DIRECTION ( 'NONE',  ( 1.000000000000000000, -1.458800866809831900E-016, 3.623343611582382000E-015 ) ) ;
#4193 = FACE_OUTER_BOUND ( 'NONE', #9720, .T. ) ;
#4194 = DIRECTION ( 'NONE',  ( 0.0000000000000000000, 0.0000000000000000000, 1.000000000000000000 ) ) ;
#4195 = EDGE_CURVE ( 'NONE', #10300, #6178, #8108, .T. ) ;
#4196 = VECTOR ( 'NONE', #7782, 39.37007874015748100 ) ;
#4197 = ORIENTED_EDGE ( 'NONE', *, *, #4673, .F. ) ;
#4198 = CARTESIAN_POINT ( 'NONE',  ( 0.3125000000000025000, -0.1428615124517496100, 0.7529635790510822400 ) ) ;
#4200 = DIRECTION ( 'NONE',  ( 0.0000000000000000000, 0.0000000000000000000, -1.000000000000000000 ) ) ;
#4199 = LINE ( 'NONE', #4700, #6212 ) ;
#4201 = VECTOR ( 'NONE', #958, 39.37007874015748100 ) ;
#4202 = ADVANCED_FACE ( 'NONE', ( #10101 ), #9917, .F. ) ;
#4203 = PLANE ( 'NONE',  #7926 ) ;
#4204 = CARTESIAN_POINT ( 'NONE',  ( 0.3086614173228346400, -0.2497393201453811900, 0.4234645669291333700 ) ) ;
#4205 = UNCERTAINTY_MEASURE_WITH_UNIT (LENGTH_MEASURE( 1.000000000000000100E-005 ), #8675, 'distance_accuracy_value', 'NONE');
#4206 = CARTESIAN_POINT ( 'NONE',  ( -0.2966278565449310100, -0.1378615124517495700, 0.7529635790510820200 ) ) ;
#4207 = LINE ( 'NONE', #1298, #1927 ) ;
#4208 = LINE ( 'NONE', #7891, #1129 ) ;
#4209 = AXIS2_PLACEMENT_3D ( 'NONE', #5432, #10498, #5391 ) ;
#4210 =( NAMED_UNIT ( * ) PLANE_ANGLE_UNIT ( ) SI_UNIT ( $, .RADIAN. ) );
#4211 = FACE_OUTER_BOUND ( 'NONE', #2883, .T. ) ;
#4212 = DIRECTION ( 'NONE',  ( 0.0000000000000000000, 0.0000000000000000000, 1.000000000000000000 ) ) ;
#4213 = CARTESIAN_POINT ( 'NONE',  ( 0.2417957872900946000, 0.08784335684306161800, 0.7690197545653725300 ) ) ;
#4214 = ORIENTED_EDGE ( 'NONE', *, *, #5644, .T. ) ;
#4215 = ORIENTED_EDGE ( 'NONE', *, *, #7657, .T. ) ;
#4216 = ORIENTED_EDGE ( 'NONE', *, *, #7601, .F. ) ;
#4217 =( GEOMETRIC_REPRESENTATION_CONTEXT ( 3 ) GLOBAL_UNCERTAINTY_ASSIGNED_CONTEXT ( ( #587 ) ) GLOBAL_UNIT_ASSIGNED_CONTEXT ( ( #8125, #2969, #6516 ) ) REPRESENTATION_CONTEXT ( 'NONE', 'WORKASPACE' ) );
#4218 = DIRECTION ( 'NONE',  ( 0.0000000000000000000, 0.4413750231038433600, -0.8973227340149595400 ) ) ;
#4219 = VERTEX_POINT ( 'NONE', #10496 ) ;
#4220 = DIRECTION ( 'NONE',  ( 0.08715574274766170500, -1.262932893932225400E-016, 0.9961946980917451000 ) ) ;
#4221 = DIRECTION ( 'NONE',  ( 5.204170427930380300E-015, 0.0000000000000000000, 1.000000000000000000 ) ) ;
#4222 = LINE ( 'NONE', #980, #5411 ) ;
#4223 = CARTESIAN_POINT ( 'NONE',  ( -0.2975000000000027100, 0.1504527559055145500, 0.4417395183536995700 ) ) ;
#4224 = LINE ( 'NONE', #3524, #2327 ) ;
#4225 = CARTESIAN_POINT ( 'NONE',  ( 0.2445122359226354600, -0.3625000000000013800, 0.4889530390574056100 ) ) ;
#4226 = ORIENTED_EDGE ( 'NONE', *, *, #8773, .T. ) ;
#4227 = CARTESIAN_POINT ( 'NONE',  ( -0.1799811510861111200, 0.06541338582677164200, 0.2157114503741968100 ) ) ;
#4228 = DIRECTION ( 'NONE',  ( -0.0000000000000000000, 0.8973227340149595400, 0.4413750231038433600 ) ) ;
#4229 = ORIENTED_EDGE ( 'NONE', *, *, #3594, .F. ) ;
#4230 = CARTESIAN_POINT ( 'NONE',  ( -0.2486744556699771700, 0.06541338582677164200, 0.01500000000000001900 ) ) ;
#4231 = VERTEX_POINT ( 'NONE', #10884 ) ;
#4232 = CARTESIAN_POINT ( 'NONE',  ( 0.3125000000000025000, -0.1811070463003418000, 0.7479635790510822400 ) ) ;
#4233 = EDGE_CURVE ( 'NONE', #2440, #1000, #3021, .T. ) ;
#4234 = EDGE_LOOP ( 'NONE', ( #4513, #6105, #2272, #462 ) ) ;
#4235 = DIRECTION ( 'NONE',  ( 0.0000000000000000000, 0.0000000000000000000, 1.000000000000000000 ) ) ;
#4236 = VECTOR ( 'NONE', #8558, 39.37007874015748100 ) ;
#4237 = ORIENTED_EDGE ( 'NONE', *, *, #7247, .T. ) ;
#4238 = CIRCLE ( 'NONE', #8070, 0.004999999999999946300 ) ;
#4239 = DIRECTION ( 'NONE',  ( 2.556591728752654000E-015, -0.7071067811865464600, -0.7071067811865485700 ) ) ;
#4240 = EDGE_CURVE ( 'NONE', #5757, #8010, #5710, .T. ) ;
#4241 = ORIENTED_EDGE ( 'NONE', *, *, #9812, .T. ) ;
#4242 = EDGE_LOOP ( 'NONE', ( #10158, #6221, #1823, #10804 ) ) ;
#4243 = ORIENTED_EDGE ( 'NONE', *, *, #2989, .F. ) ;
#4244 = SURFACE_STYLE_USAGE ( .BOTH. , #4118 ) ;
#4245 = ORIENTED_EDGE ( 'NONE', *, *, #7322, .T. ) ;
#4246 = CARTESIAN_POINT ( 'NONE',  ( 0.3125000000000022800, 0.2454289321881376600, 0.8200000000000022800 ) ) ;
#4247 = CARTESIAN_POINT ( 'NONE',  ( -0.03188976377952755500, 0.1522291837916265600, 0.0000000000000000000 ) ) ;
#4248 = EDGE_CURVE ( 'NONE', #389, #4568, #6258, .T. ) ;
#4249 = EDGE_CURVE ( 'NONE', #1066, #1747, #1049, .T. ) ;
#4250 = ORIENTED_EDGE ( 'NONE', *, *, #5792, .T. ) ;
#4251 = PLANE ( 'NONE',  #3192 ) ;
#4252 = CIRCLE ( 'NONE', #4866, 0.004999999999999946300 ) ;
#4253 = VERTEX_POINT ( 'NONE', #7396 ) ;
#4254 = ADVANCED_FACE ( 'NONE', ( #2905 ), #3169, .F. ) ;
#4255 = DIRECTION ( 'NONE',  ( 0.0000000000000000000, -0.4413750231038433600, 0.8973227340149595400 ) ) ;
#4256 = VERTEX_POINT ( 'NONE', #3210 ) ;
#4257 = EDGE_CURVE ( 'NONE', #10095, #10088, #7444, .T. ) ;
#4258 = CARTESIAN_POINT ( 'NONE',  ( 0.2975000000000021500, 0.2675000000000032400, 0.3396922742592156100 ) ) ;
#4259 = PLANE ( 'NONE',  #3429 ) ;
#4260 = LINE ( 'NONE', #1743, #1977 ) ;
#4261 = ORIENTED_EDGE ( 'NONE', *, *, #10648, .F. ) ;
#4262 = CARTESIAN_POINT ( 'NONE',  ( 0.3125000000000023900, 0.04459782299446937000, 0.7690197545653728600 ) ) ;
#4263 = CARTESIAN_POINT ( 'NONE',  ( -0.3065944881889773300, -0.2438779527559035200, 0.2849685039370066800 ) ) ;
#4264 = EDGE_CURVE ( 'NONE', #2083, #8523, #625, .T. ) ;
#4265 = DIRECTION ( 'NONE',  ( 1.000000000000000000, 7.400031521858132100E-030, 3.623343611582458500E-015 ) ) ;
#4266 = ADVANCED_FACE ( 'NONE', ( #9826 ), #6651, .T. ) ;
#4267 = AXIS2_PLACEMENT_3D ( 'NONE', #9676, #6371, #2678 ) ;
#4268 = DIRECTION ( 'NONE',  ( 0.0000000000000000000, -1.000000000000000000, 0.0000000000000000000 ) ) ;
#4269 = CARTESIAN_POINT ( 'NONE',  ( 0.0000000000000000000, 0.2525000000000029400, 0.8349999999999999600 ) ) ;
#4270 = VECTOR ( 'NONE', #9879, 39.37007874015748100 ) ;
#4271 = EDGE_CURVE ( 'NONE', #10095, #5002, #6925, .T. ) ;
#4272 = DIRECTION ( 'NONE',  ( -1.000000000000000000, 0.0000000000000000000, -3.453004075404071100E-015 ) ) ;
#4273 = DIRECTION ( 'NONE',  ( 0.0000000000000000000, 1.000000000000000000, -4.553079989440435100E-015 ) ) ;
#4274 = ORIENTED_EDGE ( 'NONE', *, *, #5519, .F. ) ;
#4275 = DIMENSIONAL_EXPONENTS ( 1.000000000000000000, 0.0000000000000000000, 0.0000000000000000000, 0.0000000000000000000, 0.0000000000000000000, 0.0000000000000000000, 0.0000000000000000000 ) ;
#4276 = CARTESIAN_POINT ( 'NONE',  ( -0.2975000000000013200, 0.1454527559055146500, 0.4396684505418341800 ) ) ;
#4277 = VECTOR ( 'NONE', #236, 39.37007874015748100 ) ;
#4278 = ORIENTED_EDGE ( 'NONE', *, *, #10785, .T. ) ;
#4279 = DIRECTION ( 'NONE',  ( 0.0000000000000000000, 0.0000000000000000000, -1.000000000000000000 ) ) ;
#4280 = CARTESIAN_POINT ( 'NONE',  ( 0.1348425196850392400, -0.5313388496530164800, 0.7681574803149606700 ) ) ;
#4281 = CARTESIAN_POINT ( 'NONE',  ( -0.01220472440944881700, 0.0000000000000000000, 0.0000000000000000000 ) ) ;
#4282 = PLANE ( 'NONE',  #3636 ) ;
#4283 = ORIENTED_EDGE ( 'NONE', *, *, #452, .F. ) ;
#4284 = CARTESIAN_POINT ( 'NONE',  ( 0.2054877262871947200, -0.3775000000000011700, 0.3670469461326569300 ) ) ;
#4285 = PLANE ( 'NONE',  #8420 ) ;
#4286 = VECTOR ( 'NONE', #2192, 39.37007874015748900 ) ;
#4287 = ORIENTED_EDGE ( 'NONE', *, *, #3157, .F. ) ;
#4288 = CARTESIAN_POINT ( 'NONE',  ( 0.2519685039370078700, 0.1754133858267716600, 0.01499999999999999900 ) ) ;
#4289 = PLANE ( 'NONE',  #6884 ) ;
#4290 = CARTESIAN_POINT ( 'NONE',  ( 0.3136167114875708700, 0.2517928932188133700, 0.3333283132285403400 ) ) ;
#4291 = AXIS2_PLACEMENT_3D ( 'NONE', #7660, #10071, #4964 ) ;
#4292 = DIRECTION ( 'NONE',  ( -1.000000000000000000, 0.0000000000000000000, 0.0000000000000000000 ) ) ;
#4293 = EDGE_CURVE ( 'NONE', #3682, #7257, #6640, .T. ) ;
#4294 = ORIENTED_EDGE ( 'NONE', *, *, #2525, .F. ) ;
#4295 = LINE ( 'NONE', #50, #3876 ) ;
#4296 = CARTESIAN_POINT ( 'NONE',  ( -0.1751181102362205100, -0.1174558555784520600, 0.03468503937007873200 ) ) ;
#4297 = AXIS2_PLACEMENT_3D ( 'NONE', #3301, #9264, #10118 ) ;
#4298 = DIRECTION ( 'NONE',  ( 0.0000000000000000000, -0.4413750231038433600, 0.8973227340149595400 ) ) ;
#4300 = DIRECTION ( 'NONE',  ( 0.0000000000000000000, 0.0000000000000000000, 1.000000000000000000 ) ) ;
#4299 = FACE_OUTER_BOUND ( 'NONE', #6926, .T. ) ;
#4301 = ORIENTED_EDGE ( 'NONE', *, *, #10834, .F. ) ;
#4302 = DIRECTION ( 'NONE',  ( 0.0000000000000000000, 0.0000000000000000000, 1.000000000000000000 ) ) ;
#4303 = ORIENTED_EDGE ( 'NONE', *, *, #9916, .T. ) ;
#4304 = CARTESIAN_POINT ( 'NONE',  ( -0.2975000000000023200, -0.2124228144786559100, 0.8200000000000032800 ) ) ;
#4305 = CARTESIAN_POINT ( 'NONE',  ( -0.3066421356237333300, 0.0000000000000000000, 0.7042333971024971100 ) ) ;
#4306 = MECHANICAL_DESIGN_GEOMETRIC_PRESENTATION_REPRESENTATION (  '', ( #10418 ), #6370 ) ;
#4307 = FILL_AREA_STYLE ('',( #1692 ) ) ;
#4308 = LINE ( 'NONE', #7414, #10803 ) ;
#4309 = EDGE_CURVE ( 'NONE', #10411, #5479, #7583, .T. ) ;
#4310 = ORIENTED_EDGE ( 'NONE', *, *, #6026, .F. ) ;
#4311 = DIRECTION ( 'NONE',  ( 1.000000000000000000, 0.0000000000000000000, 0.0000000000000000000 ) ) ;
#4312 = FACE_OUTER_BOUND ( 'NONE', #1117, .T. ) ;
#4313 = ORIENTED_EDGE ( 'NONE', *, *, #10365, .F. ) ;
#4314 = CARTESIAN_POINT ( 'NONE',  ( 0.07283464566929136200, -0.01737224260835761400, 0.8122440944881890200 ) ) ;
#4315 = CARTESIAN_POINT ( 'NONE',  ( 0.2974999999999999300, 0.2525000000000000000, 0.01499999999999999900 ) ) ;
#4316 = ADVANCED_FACE ( 'NONE', ( #1174 ), #3087, .T. ) ;
#4317 = PLANE ( 'NONE',  #748 ) ;
#4318 = LINE ( 'NONE', #5468, #7507 ) ;
#4319 = CARTESIAN_POINT ( 'NONE',  ( -0.2054877262871947200, -0.3775000000000011700, 0.3670469461326569300 ) ) ;
#4320 = DIRECTION ( 'NONE',  ( -1.000000000000000000, -0.0000000000000000000, -2.383254761742044200E-016 ) ) ;
#4321 = LINE ( 'NONE', #8471, #7119 ) ;
#4322 = DIRECTION ( 'NONE',  ( 1.458800866809831900E-016, -1.000000000000000000, -6.205123719535811900E-031 ) ) ;
#4323 = AXIS2_PLACEMENT_3D ( 'NONE', #9339, #10198, #6812 ) ;
#4325 = DIRECTION ( 'NONE',  ( 0.0000000000000000000, -1.000000000000000000, 0.0000000000000000000 ) ) ;
#4324 = VECTOR ( 'NONE', #1292, 39.37007874015748900 ) ;
#4326 = DIRECTION ( 'NONE',  ( 0.0000000000000000000, 1.000000000000000000, -0.0000000000000000000 ) ) ;
#4327 = PLANE ( 'NONE',  #8058 ) ;
#4328 = EDGE_LOOP ( 'NONE', ( #4730, #7866, #398, #2746 ) ) ;
#4329 = EDGE_CURVE ( 'NONE', #4401, #5570, #761, .T. ) ;
#4330 = CARTESIAN_POINT ( 'NONE',  ( -0.3025000000000001000, 0.2520285954792089700, 0.01238200612200849300 ) ) ;
#4331 = AXIS2_PLACEMENT_3D ( 'NONE', #5478, #3726, #6274 ) ;
#4332 = LINE ( 'NONE', #10972, #6207 ) ;
#4333 = SURFACE_STYLE_FILL_AREA ( #6268 ) ;
#4334 = DIRECTION ( 'NONE',  ( 6.829619984160731600E-015, 0.0000000000000000000, 1.000000000000000000 ) ) ;
#4335 = LINE ( 'NONE', #3456, #6860 ) ;
#4336 = VECTOR ( 'NONE', #2496, 39.37007874015748100 ) ;
#4337 = ORIENTED_EDGE ( 'NONE', *, *, #7862, .T. ) ;
#4338 = EDGE_CURVE ( 'NONE', #9415, #2206, #7185, .T. ) ;
#4339 = PLANE ( 'NONE',  #10433 ) ;
#4340 = DIRECTION ( 'NONE',  ( -0.7071067811865486800, 0.0000000000000000000, 0.7071067811865462400 ) ) ;
#4341 = DIRECTION ( 'NONE',  ( -0.0000000000000000000, 1.000000000000000000, -0.0000000000000000000 ) ) ;
#4342 = DIRECTION ( 'NONE',  ( -1.000000000000000000, 0.0000000000000000000, -0.0000000000000000000 ) ) ;
#4343 = VECTOR ( 'NONE', #733, 39.37007874015748100 ) ;
#4344 = CARTESIAN_POINT ( 'NONE',  ( 0.3014269908169872100, 0.2523821488698023100, -8.892734354375859100E-018 ) ) ;
#4345 = VECTOR ( 'NONE', #9445, 39.37007874015748100 ) ;
#4346 = ORIENTED_EDGE ( 'NONE', *, *, #317, .T. ) ;
#4347 = PLANE ( 'NONE',  #6383 ) ;
#4348 = VERTEX_POINT ( 'NONE', #5721 ) ;
#4349 = EDGE_LOOP ( 'NONE', ( #10656, #8348, #8529, #946 ) ) ;
#4350 =( NAMED_UNIT ( * ) SI_UNIT ( $, .STERADIAN. ) SOLID_ANGLE_UNIT ( ) );
#4351 = EDGE_LOOP ( 'NONE', ( #10990, #6054, #1887, #5426 ) ) ;
#4352 = DIRECTION ( 'NONE',  ( 0.0000000000000000000, 0.0000000000000000000, 1.000000000000000000 ) ) ;
#4353 = FACE_OUTER_BOUND ( 'NONE', #8966, .T. ) ;
#4354 = CARTESIAN_POINT ( 'NONE',  ( 0.2967928932188134700, 0.2575000000000000100, 0.01499999999999998400 ) ) ;
#4355 = DIRECTION ( 'NONE',  ( -3.623343611582382000E-015, 0.0000000000000000000, -1.000000000000000000 ) ) ;
#4356 = ORIENTED_EDGE ( 'NONE', *, *, #10395, .F. ) ;
#4357 = VERTEX_POINT ( 'NONE', #1700 ) ;
#4358 = ORIENTED_EDGE ( 'NONE', *, *, #10589, .F. ) ;
#4359 = DIRECTION ( 'NONE',  ( 1.000000000000000000, -0.0000000000000000000, -0.0000000000000000000 ) ) ;
#4360 = ORIENTED_EDGE ( 'NONE', *, *, #7387, .F. ) ;
#4361 = AXIS2_PLACEMENT_3D ( 'NONE', #10702, #614, #2214 ) ;
#4362 = CARTESIAN_POINT ( 'NONE',  ( 0.1948031496062992700, -0.1324212598425196800, 0.0000000000000000000 ) ) ;
#4363 = CYLINDRICAL_SURFACE ( 'NONE', #3575, 0.009842519685039369900 ) ;
#4364 = ORIENTED_EDGE ( 'NONE', *, *, #4799, .F. ) ;
#4365 = FACE_OUTER_BOUND ( 'NONE', #5171, .T. ) ;
#4366 = CARTESIAN_POINT ( 'NONE',  ( 0.2054877302721722900, -0.3275000000000013500, 0.4889530518230032500 ) ) ;
#4367 = ORIENTED_EDGE ( 'NONE', *, *, #6311, .T. ) ;
#4368 = ORIENTED_EDGE ( 'NONE', *, *, #1423, .F. ) ;
#4369 = ORIENTED_EDGE ( 'NONE', *, *, #1631, .F. ) ;
#4370 = DIRECTION ( 'NONE',  ( 3.623343611582382000E-015, 0.0000000000000000000, 1.000000000000000000 ) ) ;
#4371 = CARTESIAN_POINT ( 'NONE',  ( -0.2417957872900946000, 0.04459782299446947400, 0.7690197545653725300 ) ) ;
#4372 = EDGE_LOOP ( 'NONE', ( #2102, #6346, #5200, #5141 ) ) ;
#4373 = ORIENTED_EDGE ( 'NONE', *, *, #301, .T. ) ;
#4374 = CARTESIAN_POINT ( 'NONE',  ( -0.08011811023622049400, -0.2497393201453811900, 0.8122440944881890200 ) ) ;
#4375 = DIRECTION ( 'NONE',  ( 1.000000000000000000, -0.0000000000000000000, 0.0000000000000000000 ) ) ;
#4376 = ADVANCED_FACE ( 'NONE', ( #3971 ), #6375, .T. ) ;
#4377 = CARTESIAN_POINT ( 'NONE',  ( 0.2816278565449311100, 0.2525000000000000600, 0.02484251968503935600 ) ) ;
#4378 = ORIENTED_EDGE ( 'NONE', *, *, #10096, .F. ) ;
#4379 = CARTESIAN_POINT ( 'NONE',  ( 0.03031496062992127300, -0.01737224260835761400, 0.8122440944881890200 ) ) ;
#4380 = ORIENTED_EDGE ( 'NONE', *, *, #10395, .T. ) ;
#4381 = B_SPLINE_CURVE_WITH_KNOTS ( 'NONE', 3,
 ( #10493, #8834, #4565, #1171 ),
 .UNSPECIFIED., .F., .F.,
 ( 4, 4 ),
 ( 5.403720430513518600E-015, 0.0005571691404705251200 ),
 .UNSPECIFIED. ) ;
#4382 = PRESENTATION_LAYER_ASSIGNMENT (  '', '', ( #3778 ) ) ;
#4383 = ORIENTED_EDGE ( 'NONE', *, *, #2364, .F. ) ;
#4384 = VERTEX_POINT ( 'NONE', #2538 ) ;
#4385 = EDGE_CURVE ( 'NONE', #2013, #1166, #9579, .T. ) ;
#4386 = CARTESIAN_POINT ( 'NONE',  ( 0.01062992125984253000, 0.1522291837916265600, 0.0000000000000000000 ) ) ;
#4387 = ORIENTED_EDGE ( 'NONE', *, *, #10522, .T. ) ;
#4388 = CARTESIAN_POINT ( 'NONE',  ( 0.1153543307086614100, -0.01737224260835761400, 0.8122440944881890200 ) ) ;
#4389 = EDGE_CURVE ( 'NONE', #4073, #8829, #4112, .T. ) ;
#4390 =( NAMED_UNIT ( * ) PLANE_ANGLE_UNIT ( ) SI_UNIT ( $, .RADIAN. ) );
#4391 = CARTESIAN_POINT ( 'NONE',  ( 0.2975000000000022600, 0.1087205899187654700, 0.7879635790510846100 ) ) ;
#4392 = LINE ( 'NONE', #2421, #6130 ) ;
#4393 = ORIENTED_EDGE ( 'NONE', *, *, #5385, .F. ) ;
#4394 = CARTESIAN_POINT ( 'NONE',  ( -0.09980314960629924100, 0.0000000000000000000, 0.01499999999999999900 ) ) ;
#4395 = DIRECTION ( 'NONE',  ( 1.000000000000000000, 0.0000000000000000000, 0.0000000000000000000 ) ) ;
#4396 = AXIS2_PLACEMENT_3D ( 'NONE', #3675, #7144, #10419 ) ;
#4397 = EDGE_CURVE ( 'NONE', #3443, #1836, #4392, .T. ) ;
#4398 = CARTESIAN_POINT ( 'NONE',  ( 0.2974999999999998800, -0.2675000000000001300, 0.01500000000000000500 ) ) ;
#4399 = DIRECTION ( 'NONE',  ( 1.000000000000000000, -0.0000000000000000000, -0.0000000000000000000 ) ) ;
#4400 = CARTESIAN_POINT ( 'NONE',  ( 0.2816278565449310500, -0.2674999999999999600, 0.01499999999999999900 ) ) ;
#4401 = VERTEX_POINT ( 'NONE', #4276 ) ;
#4402 = CARTESIAN_POINT ( 'NONE',  ( 0.3125000000000025000, -0.1428615124517496300, 0.7479635790510822400 ) ) ;
#4403 = DIRECTION ( 'NONE',  ( -3.791200677927629800E-031, -1.000000000000000000, -3.469446951953614200E-015 ) ) ;
#4404 = EDGE_CURVE ( 'NONE', #1664, #10256, #3160, .T. ) ;
#4405 = ORIENTED_EDGE ( 'NONE', *, *, #3577, .T. ) ;
#4406 = CARTESIAN_POINT ( 'NONE',  ( 0.2975000000000023200, 0.2525000000000032200, 0.3396922742592156700 ) ) ;
#4407 = DIRECTION ( 'NONE',  ( 0.0000000000000000000, 1.000000000000000000, 0.0000000000000000000 ) ) ;
#4408 = ORIENTED_EDGE ( 'NONE', *, *, #4195, .F. ) ;
#4409 = CARTESIAN_POINT ( 'NONE',  ( -0.2975000000000024800, -0.2515000000000000000, 0.8200000000000035000 ) ) ;
#4410 = CARTESIAN_POINT ( 'NONE',  ( 0.2966278565449310700, 0.04959782299446936800, 0.7690197545653726400 ) ) ;
#4411 = VECTOR ( 'NONE', #2719, 39.37007874015748100 ) ;
#4412 = ORIENTED_EDGE ( 'NONE', *, *, #15, .F. ) ;
#4413 = DIRECTION ( 'NONE',  ( 0.0000000000000000000, -1.000000000000000000, 0.0000000000000000000 ) ) ;
#4414 = EDGE_CURVE ( 'NONE', #8029, #3931, #3832, .T. ) ;
#4415 = AXIS2_PLACEMENT_3D ( 'NONE', #6388, #10584, #453 ) ;
#4416 = VERTEX_POINT ( 'NONE', #21 ) ;
#4417 =( GEOMETRIC_REPRESENTATION_CONTEXT ( 3 ) GLOBAL_UNCERTAINTY_ASSIGNED_CONTEXT ( ( #1734 ) ) GLOBAL_UNIT_ASSIGNED_CONTEXT ( ( #3543, #333, #2034 ) ) REPRESENTATION_CONTEXT ( 'NONE', 'WORKASPACE' ) );
#4418 = PLANE ( 'NONE',  #3444 ) ;
#4419 = EDGE_LOOP ( 'NONE', ( #9000, #6620, #9252, #5210 ) ) ;
#4420 = EDGE_CURVE ( 'NONE', #3574, #9019, #1569, .T. ) ;
#4421 = DIRECTION ( 'NONE',  ( 0.0000000000000000000, 2.276539994720222700E-015, 1.000000000000000000 ) ) ;
#4422 = VECTOR ( 'NONE', #3201, 39.37007874015748100 ) ;
#4423 = VERTEX_POINT ( 'NONE', #10997 ) ;
#4424 = CARTESIAN_POINT ( 'NONE',  ( 0.3124999999999998900, -0.2515000000000000000, -1.145527857791288600E-015 ) ) ;
#4425 = CARTESIAN_POINT ( 'NONE',  ( 0.09842519685039369200, -0.2052511311690032600, 0.0000000000000000000 ) ) ;
#4426 = AXIS2_PLACEMENT_3D ( 'NONE', #7419, #4873, #4831 ) ;
#4427 = ORIENTED_EDGE ( 'NONE', *, *, #4592, .T. ) ;
#4428 = EDGE_LOOP ( 'NONE', ( #2119, #7418, #6686, #1519 ) ) ;
#4429 = ORIENTED_EDGE ( 'NONE', *, *, #811, .F. ) ;
#4430 = VECTOR ( 'NONE', #66, 39.37007874015748100 ) ;
#4431 = ORIENTED_EDGE ( 'NONE', *, *, #9459, .F. ) ;
#4432 = PLANE ( 'NONE',  #4768 ) ;
#4433 = CIRCLE ( 'NONE', #6849, 0.01499999999999997700 ) ;
#4434 = CARTESIAN_POINT ( 'NONE',  ( -0.2975000000000023700, 0.2525000000000028900, 0.8199999999999999500 ) ) ;
#4435 = VERTEX_POINT ( 'NONE', #9217 ) ;
#4436 = FACE_OUTER_BOUND ( 'NONE', #6021, .T. ) ;
#4437 = CARTESIAN_POINT ( 'NONE',  ( 0.05314960629921262200, -0.01737224260835761400, 0.8122440944881890200 ) ) ;
#4438 = VECTOR ( 'NONE', #1780, 39.37007874015748100 ) ;
#4439 = VERTEX_POINT ( 'NONE', #9328 ) ;
#4440 = DIRECTION ( 'NONE',  ( 0.0000000000000000000, 0.0000000000000000000, -1.000000000000000000 ) ) ;
#4441 = PRESENTATION_LAYER_ASSIGNMENT (  '', '', ( #9977 ) ) ;
#4442 = ADVANCED_FACE ( 'NONE', ( #4894, #3584, #1293 ), #7621, .F. ) ;
#4443 = LINE ( 'NONE', #3763, #2954 ) ;
#4444 = DIRECTION ( 'NONE',  ( 3.791200677927630300E-031, 1.000000000000000000, 3.469446951953613800E-015 ) ) ;
#4445 = EDGE_CURVE ( 'NONE', #8066, #3410, #7985, .T. ) ;
#4446 = EDGE_LOOP ( 'NONE', ( #6982, #8818, #2256, #1877 ) ) ;
#4447 = EDGE_CURVE ( 'NONE', #10528, #8725, #5174, .T. ) ;
#4448 =( CONVERSION_BASED_UNIT ( 'INCH', #2460 ) LENGTH_UNIT ( ) NAMED_UNIT ( #7512 ) );
#4449 = LINE ( 'NONE', #2031, #10434 ) ;
#4450 = DIRECTION ( 'NONE',  ( 0.0000000000000000000, 1.000000000000000000, 0.0000000000000000000 ) ) ;
#4451 = VECTOR ( 'NONE', #8720, 39.37007874015748100 ) ;
#4452 = B_SPLINE_CURVE_WITH_KNOTS ( 'NONE', 3,
 ( #3255, #4927, #1542, #4968 ),
 .UNSPECIFIED., .F., .F.,
 ( 4, 4 ),
 ( 0.002372833013330001600, 0.003515011455866557400 ),
 .UNSPECIFIED. ) ;
#4453 = FACE_OUTER_BOUND ( 'NONE', #6396, .T. ) ;
#4454 = CARTESIAN_POINT ( 'NONE',  ( 0.1848425196850392300, -0.3855000000000022900, 0.6878425196850395100 ) ) ;
#4455 = SPHERICAL_SURFACE ( 'NONE', #5996, 0.009842519685039369900 ) ;
#4456 = AXIS2_PLACEMENT_3D ( 'NONE', #9299, #876, #4122 ) ;
#4457 = ADVANCED_FACE ( 'NONE', ( #8237 ), #7554, .T. ) ;
#4458 = CIRCLE ( 'NONE', #4297, 0.004999999999999946300 ) ;
#4459 = EDGE_CURVE ( 'NONE', #2490, #9899, #6364, .T. ) ;
#4460 = VECTOR ( 'NONE', #10043, 39.37007874015748100 ) ;
#4461 = EDGE_CURVE ( 'NONE', #10064, #3553, #7174, .T. ) ;
#4462 = FACE_OUTER_BOUND ( 'NONE', #3012, .T. ) ;
#4463 = CARTESIAN_POINT ( 'NONE',  ( 0.1948031496062992700, -0.2052511311690032600, 0.01499999999999999900 ) ) ;
#4464 = CYLINDRICAL_SURFACE ( 'NONE', #5831, 0.009842519685039378600 ) ;
#4465 = ORIENTED_EDGE ( 'NONE', *, *, #1344, .F. ) ;
#4466 = EDGE_CURVE ( 'NONE', #4132, #225, #3445, .T. ) ;
#4467 = LINE ( 'NONE', #10751, #5643 ) ;
#4468 = FACE_OUTER_BOUND ( 'NONE', #3578, .T. ) ;
#4469 = CARTESIAN_POINT ( 'NONE',  ( 0.2486744556699771700, -0.01332677165354329200, 0.05437007874015750700 ) ) ;
#4470 = ORIENTED_EDGE ( 'NONE', *, *, #4473, .F. ) ;
#4471 = DIRECTION ( 'NONE',  ( 0.0000000000000000000, 0.0000000000000000000, 1.000000000000000000 ) ) ;
#4472 = LINE ( 'NONE', #9367, #2171 ) ;
#4473 = EDGE_CURVE ( 'NONE', #2206, #3497, #4886, .T. ) ;
#4474 = DIRECTION ( 'NONE',  ( -0.0000000000000000000, -1.000000000000000000, 0.0000000000000000000 ) ) ;
#4475 = CIRCLE ( 'NONE', #1024, 0.01500000000000001300 ) ;
#4476 = LINE ( 'NONE', #4735, #2982 ) ;
#4477 = EDGE_CURVE ( 'NONE', #4716, #8934, #7057, .T. ) ;
#4478 = FACE_OUTER_BOUND ( 'NONE', #2388, .T. ) ;
#4479 = DIRECTION ( 'NONE',  ( 2.385472965096938900E-016, -1.000000000000000000, -9.880952548175062100E-017 ) ) ;
#4480 = ORIENTED_EDGE ( 'NONE', *, *, #8735, .F. ) ;
#4481 = DIRECTION ( 'NONE',  ( 0.0000000000000000000, -6.829619984160668500E-015, -1.000000000000000000 ) ) ;
#4482 = EDGE_LOOP ( 'NONE', ( #5827, #4679, #2811, #3725 ) ) ;
#4483 = ORIENTED_EDGE ( 'NONE', *, *, #10025, .T. ) ;
#4484 = CARTESIAN_POINT ( 'NONE',  ( -0.2054877305757012400, -0.3323362475016345400, 0.4982384320423597400 ) ) ;
#4485 = ORIENTED_EDGE ( 'NONE', *, *, #6330, .T. ) ;
#4486 = DIRECTION ( 'NONE',  ( 0.0000000000000000000, -1.000000000000000000, 0.0000000000000000000 ) ) ;
#4487 = LINE ( 'NONE', #5351, #2188 ) ;
#4488 = CARTESIAN_POINT ( 'NONE',  ( -0.3125000000000025000, -0.1861070463003418300, 0.7529635790510823500 ) ) ;
#4489 = DIRECTION ( 'NONE',  ( 2.280130751809684600E-016, -1.000000000000000000, 0.0000000000000000000 ) ) ;
#4490 = ORIENTED_EDGE ( 'NONE', *, *, #7053, .F. ) ;
#4491 = EDGE_LOOP ( 'NONE', ( #7978, #5450, #8917, #10807 ) ) ;
#4492 = ORIENTED_EDGE ( 'NONE', *, *, #8976, .T. ) ;
#4493 = ADVANCED_FACE ( 'NONE', ( #254 ), #3912, .T. ) ;
#4494 = CARTESIAN_POINT ( 'NONE',  ( 0.2975000000000022600, 0.1454527559055146000, 0.6900912614787636500 ) ) ;
#4495 = ORIENTED_EDGE ( 'NONE', *, *, #7219, .T. ) ;
#4496 = DIRECTION ( 'NONE',  ( 0.0000000000000000000, 0.0000000000000000000, -1.000000000000000000 ) ) ;
#4497 = VECTOR ( 'NONE', #3356, 39.37007874015748100 ) ;
#4498 = VERTEX_POINT ( 'NONE', #5020 ) ;
#4499 = LINE ( 'NONE', #2459, #9813 ) ;
#4500 = CARTESIAN_POINT ( 'NONE',  ( 0.3124999999999999400, 0.2517928932188134800, 0.01499999999999994700 ) ) ;
#4501 = ORIENTED_EDGE ( 'NONE', *, *, #1963, .F. ) ;
#4502 = CARTESIAN_POINT ( 'NONE',  ( 0.01062992125984253000, 0.3077060962964917600, 0.1513544460802586400 ) ) ;
#4503 = EDGE_LOOP ( 'NONE', ( #5979, #6964, #8350, #4337 ) ) ;
#4504 = ORIENTED_EDGE ( 'NONE', *, *, #3250, .T. ) ;
#4505 = EDGE_CURVE ( 'NONE', #6887, #8640, #1832, .T. ) ;
#4506 = ORIENTED_EDGE ( 'NONE', *, *, #1311, .T. ) ;
#4507 = DIRECTION ( 'NONE',  ( 0.0000000000000000000, -1.000000000000000000, 0.0000000000000000000 ) ) ;
#4508 = ADVANCED_FACE ( 'NONE', ( #367 ), #6781, .F. ) ;
#4509 = CIRCLE ( 'NONE', #9765, 0.009842519685039276300 ) ;
#4510 = DIRECTION ( 'NONE',  ( -0.0000000000000000000, -0.0000000000000000000, -1.000000000000000000 ) ) ;
#4511 = ORIENTED_EDGE ( 'NONE', *, *, #186, .T. ) ;
#4512 = PRESENTATION_STYLE_ASSIGNMENT (( #2471 ) ) ;
#4513 = ORIENTED_EDGE ( 'NONE', *, *, #10685, .T. ) ;
#4514 = CARTESIAN_POINT ( 'NONE',  ( -0.3125000000000027200, 0.1504527559055146300, 0.7179527559055113300 ) ) ;
#4515 = CARTESIAN_POINT ( 'NONE',  ( -0.2967928932188135200, 0.2675000000000029000, 0.8199999999999998400 ) ) ;
#4516 = AXIS2_PLACEMENT_3D ( 'NONE', #9049, #8987, #3040 ) ;
#4517 =( NAMED_UNIT ( * ) SI_UNIT ( $, .STERADIAN. ) SOLID_ANGLE_UNIT ( ) );
#4518 = EDGE_CURVE ( 'NONE', #8285, #7631, #1164, .T. ) ;
#4519 = SURFACE_STYLE_USAGE ( .BOTH. , #1938 ) ;
#4520 = VECTOR ( 'NONE', #10968, 39.37007874015748100 ) ;
#4521 = EDGE_LOOP ( 'NONE', ( #8085, #5065, #6084, #3204 ) ) ;
#4522 =( NAMED_UNIT ( * ) SI_UNIT ( $, .STERADIAN. ) SOLID_ANGLE_UNIT ( ) );
#4523 = EDGE_CURVE ( 'NONE', #1966, #8907, #2343, .T. ) ;
#4524 =( LENGTH_UNIT ( ) NAMED_UNIT ( * ) SI_UNIT ( $, .METRE. ) );
#4525 = CARTESIAN_POINT ( 'NONE',  ( 0.0000000000000000000, 0.2675000000000029000, 0.8199999999999998400 ) ) ;
#4526 = CARTESIAN_POINT ( 'NONE',  ( -0.1751181102362205100, -0.1855660917989245000, 0.03468503937007873200 ) ) ;
#4527 = DIRECTION ( 'NONE',  ( 0.0000000000000000000, 1.000000000000000000, -0.0000000000000000000 ) ) ;
#4528 = LINE ( 'NONE', #6426, #2232 ) ;
#4529 = EDGE_LOOP ( 'NONE', ( #1396, #4151, #6363, #6404 ) ) ;
#4530 = DIRECTION ( 'NONE',  ( 1.000000000000000000, -0.0000000000000000000, 0.0000000000000000000 ) ) ;
#4531 = EDGE_CURVE ( 'NONE', #7823, #5013, #9954, .T. ) ;
#4532 = CARTESIAN_POINT ( 'NONE',  ( -0.2975000000000024800, 0.02872058991876547800, 0.7879635790510822700 ) ) ;
#4533 = AXIS2_PLACEMENT_3D ( 'NONE', #3222, #5840, #3179 ) ;
#4534 = ORIENTED_EDGE ( 'NONE', *, *, #1107, .T. ) ;
#4535 = CARTESIAN_POINT ( 'NONE',  ( -0.2054877259861005700, -0.3314810672110530300, 0.3578360494084401000 ) ) ;
#4536 = CARTESIAN_POINT ( 'NONE',  ( -0.2519685039370078700, -0.01332677165354330000, 0.0000000000000000000 ) ) ;
#4537 = LINE ( 'NONE', #10369, #4411 ) ;
#4538 = VERTEX_POINT ( 'NONE', #1586 ) ;
#4539 = EDGE_CURVE ( 'NONE', #3624, #2876, #2896, .T. ) ;
#4540 = DIRECTION ( 'NONE',  ( 6.982962677686265900E-015, -1.000000000000000000, 3.412622176065438900E-015 ) ) ;
#4541 = UNCERTAINTY_MEASURE_WITH_UNIT (LENGTH_MEASURE( 1.000000000000000100E-005 ), #764, 'distance_accuracy_value', 'NONE');
#4542 = ADVANCED_FACE ( 'NONE', ( #5439 ), #4933, .F. ) ;
#4543 = VERTEX_POINT ( 'NONE', #3262 ) ;
#4545 = DIRECTION ( 'NONE',  ( -1.000000000000000000, 0.0000000000000000000, -3.453004075404071100E-015 ) ) ;
#4544 = CIRCLE ( 'NONE', #10005, 0.009842519685039378600 ) ;
#4546 = ORIENTED_EDGE ( 'NONE', *, *, #3448, .F. ) ;
#4547 = PLANE ( 'NONE',  #5715 ) ;
#4548 = PLANE ( 'NONE',  #3893 ) ;
#4549 = EDGE_CURVE ( 'NONE', #1410, #3019, #8530, .T. ) ;
#4550 = DIRECTION ( 'NONE',  ( 0.0000000000000000000, 1.000000000000000000, 0.0000000000000000000 ) ) ;
#4551 = ORIENTED_EDGE ( 'NONE', *, *, #2753, .T. ) ;
#4552 = ADVANCED_FACE ( 'NONE', ( #2492 ), #8422, .T. ) ;
#4553 = PRESENTATION_STYLE_ASSIGNMENT (( #3099 ) ) ;
#4554 = CARTESIAN_POINT ( 'NONE',  ( -0.2249999999999999800, -0.6172700275952924800, 0.4279999999999999400 ) ) ;
#4555 = LINE ( 'NONE', #9190, #6980 ) ;
#4556 = ORIENTED_EDGE ( 'NONE', *, *, #3647, .T. ) ;
#4557 = DIRECTION ( 'NONE',  ( 1.000000000000000000, -0.0000000000000000000, -0.0000000000000000000 ) ) ;
#4558 = LINE ( 'NONE', #3111, #10793 ) ;
#4559 = CARTESIAN_POINT ( 'NONE',  ( -0.2755905511811023700, -0.1324212598425196800, 0.0000000000000000000 ) ) ;
#4560 = ORIENTED_EDGE ( 'NONE', *, *, #3458, .F. ) ;
#4561 = DIRECTION ( 'NONE',  ( 3.414809992080319300E-015, 0.0000000000000000000, 1.000000000000000000 ) ) ;
#4562 = CARTESIAN_POINT ( 'NONE',  ( 0.3125000000000012200, 0.1454527559055146500, 0.4396684505418362900 ) ) ;
#4563 = LINE ( 'NONE', #9199, #544 ) ;
#4564 = VECTOR ( 'NONE', #8270, 39.37007874015748100 ) ;
#4565 = CARTESIAN_POINT ( 'NONE',  ( 0.2445122359227342400, -0.3725573093637918900, 0.3776642200210644800 ) ) ;
#4566 = MANIFOLD_SOLID_BREP ( 'Boss-Extrude4[6]', #9025 ) ;
#4567 = FACE_OUTER_BOUND ( 'NONE', #5075, .T. ) ;
#4568 = VERTEX_POINT ( 'NONE', #9305 ) ;
#4570 = CARTESIAN_POINT ( 'NONE',  ( -0.2816278565449310500, -0.2525000000000000600, 0.01499999999999999900 ) ) ;
#4569 = LENGTH_MEASURE_WITH_UNIT ( LENGTH_MEASURE( 0.02539999999999999900 ), #3906 );
#4571 = ORIENTED_EDGE ( 'NONE', *, *, #5430, .T. ) ;
#4572 = DIRECTION ( 'NONE',  ( 1.458800866809908800E-016, 1.000000000000000000, -2.126789152896974300E-015 ) ) ;
#4573 = FACE_OUTER_BOUND ( 'NONE', #1206, .T. ) ;
#4574 = VECTOR ( 'NONE', #9550, 39.37007874015748100 ) ;
#4575 = AXIS2_PLACEMENT_3D ( 'NONE', #8204, #10618, #3075 ) ;
#4576 = LINE ( 'NONE', #6398, #6313 ) ;
#4577 = CARTESIAN_POINT ( 'NONE',  ( -0.2519685039370078700, -0.1324212598425196500, 0.01499999999999999900 ) ) ;
#4578 = EDGE_CURVE ( 'NONE', #1753, #9089, #496, .T. ) ;
#4579 = CIRCLE ( 'NONE', #9966, 0.004999999999999946300 ) ;
#4580 = CARTESIAN_POINT ( 'NONE',  ( -0.01220472440944881700, 0.1522291837916265600, 0.0000000000000000000 ) ) ;
#4581 = EDGE_CURVE ( 'NONE', #9727, #2542, #9303, .T. ) ;
#4582 = PLANE ( 'NONE',  #5188 ) ;
#4583 = VERTEX_POINT ( 'NONE', #1707 ) ;
#4584 = CARTESIAN_POINT ( 'NONE',  ( 0.2966278565449310700, -0.1378615124517496300, 0.7690197545653725300 ) ) ;
#4585 = FACE_OUTER_BOUND ( 'NONE', #8374, .T. ) ;
#4586 = DIRECTION ( 'NONE',  ( 0.0000000000000000000, 0.0000000000000000000, 1.000000000000000000 ) ) ;
#4587 = VECTOR ( 'NONE', #1067, 39.37007874015748100 ) ;
#4588 = CARTESIAN_POINT ( 'NONE',  ( 0.2967928932188130800, 0.2454289321881376600, 0.8350000000000021800 ) ) ;
#4589 = VECTOR ( 'NONE', #7861, 39.37007874015748100 ) ;
#4590 = FACE_OUTER_BOUND ( 'NONE', #5421, .T. ) ;
#4591 = DIRECTION ( 'NONE',  ( 0.0000000000000000000, 0.0000000000000000000, -1.000000000000000000 ) ) ;
#4592 = EDGE_CURVE ( 'NONE', #3409, #8640, #9034, .T. ) ;
#4593 = DIRECTION ( 'NONE',  ( -0.7071067811865462400, 0.0000000000000000000, 0.7071067811865486800 ) ) ;
#4594 = ADVANCED_FACE ( 'NONE', ( #8797 ), #5052, .F. ) ;
#4595 = VECTOR ( 'NONE', #4985, 39.37007874015748100 ) ;
#4596 = LINE ( 'NONE', #240, #8757 ) ;
#4597 = DIRECTION ( 'NONE',  ( 0.0000000000000000000, 0.0000000000000000000, -1.000000000000000000 ) ) ;
#4598 = LINE ( 'NONE', #2041, #7254 ) ;
#4599 = VERTEX_POINT ( 'NONE', #798 ) ;
#4600 = PLANE ( 'NONE',  #4190 ) ;
#4601 = ORIENTED_EDGE ( 'NONE', *, *, #4264, .F. ) ;
#4602 = ORIENTED_EDGE ( 'NONE', *, *, #2302, .T. ) ;
#4603 = ORIENTED_EDGE ( 'NONE', *, *, #901, .F. ) ;
#4604 = EDGE_CURVE ( 'NONE', #10914, #8523, #2777, .T. ) ;
#4605 = CARTESIAN_POINT ( 'NONE',  ( 0.08011811023622031300, -0.2525000000000000600, 0.01499999999999999900 ) ) ;
#4606 = VERTEX_POINT ( 'NONE', #5250 ) ;
#4607 = VECTOR ( 'NONE', #2288, 39.37007874015748100 ) ;
#4608 = VECTOR ( 'NONE', #4697, 39.37007874015748100 ) ;
#4609 = CARTESIAN_POINT ( 'NONE',  ( 0.3125000000000051600, 4.657893573095762500E-017, 1.081175126257141000E-015 ) ) ;
#4610 = ADVANCED_FACE ( 'NONE', ( #3698 ), #1968, .T. ) ;
#4611 = ADVANCED_FACE ( 'NONE', ( #1416 ), #9411, .F. ) ;
#4612 = EDGE_CURVE ( 'NONE', #6896, #10539, #5986, .T. ) ;
#4613 = AXIS2_PLACEMENT_3D ( 'NONE', #3154, #9279, #2361 ) ;
#4614 = PLANE ( 'NONE',  #6238 ) ;
#4615 = ORIENTED_EDGE ( 'NONE', *, *, #8622, .T. ) ;
#4616 = ORIENTED_EDGE ( 'NONE', *, *, #5898, .T. ) ;
#4617 = ORIENTED_EDGE ( 'NONE', *, *, #8599, .F. ) ;
#4618 = CARTESIAN_POINT ( 'NONE',  ( 0.2974999999999998800, -0.1771838596522949400, 0.01500000000000254800 ) ) ;
#4619 = VERTEX_POINT ( 'NONE', #34 ) ;
#4620 = VECTOR ( 'NONE', #4340, 39.37007874015748900 ) ;
#4622 = EDGE_CURVE ( 'NONE', #8425, #3446, #4252, .T. ) ;
#4621 = CLOSED_SHELL ( 'NONE', ( #657, #904, #5556, #7915, #4085, #7965 ) ) ;
#4623 = CIRCLE ( 'NONE', #10139, 0.004999999999999946300 ) ;
#4624 = CARTESIAN_POINT ( 'NONE',  ( 0.2816278565449306100, 0.1454527559055146500, 0.8098162275806200000 ) ) ;
#4625 = ORIENTED_EDGE ( 'NONE', *, *, #10626, .F. ) ;
#4626 = CARTESIAN_POINT ( 'NONE',  ( 0.08011811023622049400, -1.021197244730353200, 0.8200000000000035000 ) ) ;
#4627 = ORIENTED_EDGE ( 'NONE', *, *, #10420, .F. ) ;
#4628 = ORIENTED_EDGE ( 'NONE', *, *, #3860, .T. ) ;
#4629 = VERTEX_POINT ( 'NONE', #1814 ) ;
#4630 = STYLED_ITEM ( 'NONE', ( #6442 ), #6972 ) ;
#4631 = DIRECTION ( 'NONE',  ( 6.982962677686265900E-015, -2.237499376342105900E-015, -1.000000000000000000 ) ) ;
#4632 = ORIENTED_EDGE ( 'NONE', *, *, #8449, .F. ) ;
#4633 = LINE ( 'NONE', #9957, #1701 ) ;
#4634 = ORIENTED_EDGE ( 'NONE', *, *, #3973, .T. ) ;
#4635 = ORIENTED_EDGE ( 'NONE', *, *, #1971, .F. ) ;
#4636 = VERTEX_POINT ( 'NONE', #6041 ) ;
#4637 = ORIENTED_EDGE ( 'NONE', *, *, #9150, .T. ) ;
#4638 = CARTESIAN_POINT ( 'NONE',  ( 0.03484251968503928500, -0.3855000000000025600, 0.7681574803149612300 ) ) ;
#4639 = VERTEX_POINT ( 'NONE', #4362 ) ;
#4640 = LINE ( 'NONE', #7905, #9699 ) ;
#4641 = ORIENTED_EDGE ( 'NONE', *, *, #5864, .T. ) ;
#4642 = EDGE_CURVE ( 'NONE', #7971, #1825, #8373, .T. ) ;
#4643 = AXIS2_PLACEMENT_3D ( 'NONE', #10961, #2425, #4090 ) ;
#4644 = DIRECTION ( 'NONE',  ( 0.0000000000000000000, -0.0000000000000000000, -1.000000000000000000 ) ) ;
#4645 = ADVANCED_FACE ( 'NONE', ( #6122 ), #8295, .T. ) ;
#4646 = DIRECTION ( 'NONE',  ( -0.0000000000000000000, 1.000000000000000000, 0.0000000000000000000 ) ) ;
#4647 = EDGE_CURVE ( 'NONE', #8359, #3963, #3823, .T. ) ;
#4648 = FACE_OUTER_BOUND ( 'NONE', #6779, .T. ) ;
#4649 = ORIENTED_EDGE ( 'NONE', *, *, #7974, .F. ) ;
#4650 = CARTESIAN_POINT ( 'NONE',  ( -0.2816278565449310500, 0.2426574803149606500, 1.576493224244851900 ) ) ;
#4651 = ORIENTED_EDGE ( 'NONE', *, *, #2812, .F. ) ;
#4652 = DIRECTION ( 'NONE',  ( -2.366193544264482700E-015, -0.7071067811865462400, -0.7071067811865487900 ) ) ;
#4653 = EDGE_CURVE ( 'NONE', #8934, #6343, #3501, .T. ) ;
#4654 = EDGE_LOOP ( 'NONE', ( #594, #8224, #2608, #4625, #3125 ) ) ;
#4655 = DIRECTION ( 'NONE',  ( -0.0000000000000000000, 1.000000000000000000, -0.0000000000000000000 ) ) ;
#4656 = ADVANCED_FACE ( 'NONE', ( #2267 ), #5371, .T. ) ;
#4657 = DIRECTION ( 'NONE',  ( 1.000000000000000000, -3.791200677927630300E-031, 0.0000000000000000000 ) ) ;
#4658 = LINE ( 'NONE', #6128, #10527 ) ;
#4659 = VERTEX_POINT ( 'NONE', #3422 ) ;
#4660 = ORIENTED_EDGE ( 'NONE', *, *, #6749, .F. ) ;
#4661 = DIRECTION ( 'NONE',  ( -1.000000000000000000, 0.0000000000000000000, 0.0000000000000000000 ) ) ;
#4662 = CARTESIAN_POINT ( 'NONE',  ( -0.3125000000000023300, -0.2019842793760456800, 0.7879635790510823900 ) ) ;
#4663 = DIRECTION ( 'NONE',  ( -1.036724799359237700E-029, -1.000000000000000000, 2.982321770406309500E-015 ) ) ;
#4664 = EDGE_LOOP ( 'NONE', ( #1833, #7139, #8446, #7556 ) ) ;
#4665 = CARTESIAN_POINT ( 'NONE',  ( -0.2966278565449311800, -0.2515000000000000000, 0.8098162275806178900 ) ) ;
#4666 = FACE_OUTER_BOUND ( 'NONE', #6317, .T. ) ;
#4667 = CLOSED_SHELL ( 'NONE', ( #5935, #9202, #6057, #2566, #10006, #8112 ) ) ;
#4668 = EDGE_CURVE ( 'NONE', #7170, #10348, #10016, .T. ) ;
#4669 = DIRECTION ( 'NONE',  ( -0.0000000000000000000, 0.8973227340149595400, 0.4413750231038433600 ) ) ;
#4670 = EDGE_LOOP ( 'NONE', ( #8487, #7047, #10246, #1536 ) ) ;
#4671 = DIRECTION ( 'NONE',  ( 3.498098040667654100E-015, 0.0000000000000000000, 1.000000000000000000 ) ) ;
#4672 = EDGE_LOOP ( 'NONE', ( #10594, #3631, #7548, #8114 ) ) ;
#4673 = EDGE_CURVE ( 'NONE', #8523, #7845, #41, .T. ) ;
#4674 = ORIENTED_EDGE ( 'NONE', *, *, #1895, .F. ) ;
#4675 = CARTESIAN_POINT ( 'NONE',  ( 0.2054877262871946400, -0.2675000000000017400, 0.3670469428126474400 ) ) ;
#4676 = LINE ( 'NONE', #6892, #5480 ) ;
#4677 = ORIENTED_EDGE ( 'NONE', *, *, #6196, .F. ) ;
#4678 = DIRECTION ( 'NONE',  ( -1.000000000000000000, 0.0000000000000000000, -3.491481338843134500E-015 ) ) ;
#4679 = ORIENTED_EDGE ( 'NONE', *, *, #7146, .T. ) ;
#4680 = DIRECTION ( 'NONE',  ( 0.0000000000000000000, -0.0000000000000000000, 1.000000000000000000 ) ) ;
#4681 = LINE ( 'NONE', #4288, #5755 ) ;
#4682 = DIRECTION ( 'NONE',  ( -3.268890876087486000E-008, 3.469446951953611800E-015, -0.9999999999999994400 ) ) ;
#4683 = FACE_OUTER_BOUND ( 'NONE', #6619, .T. ) ;
#4684 = EDGE_LOOP ( 'NONE', ( #9078, #8182, #9715, #335 ) ) ;
#4685 = ORIENTED_EDGE ( 'NONE', *, *, #1741, .T. ) ;
#4686 = CARTESIAN_POINT ( 'NONE',  ( -0.08484251968503943300, -0.3855000000000025600, 0.7681574803149612300 ) ) ;
#4687 = VECTOR ( 'NONE', #1229, 39.37007874015748100 ) ;
#4688 = EDGE_LOOP ( 'NONE', ( #10900, #119, #2794, #241 ) ) ;
#4689 = CARTESIAN_POINT ( 'NONE',  ( 0.1348425196850392400, -0.2525000000000000600, 0.7681574803149606700 ) ) ;
#4690 = DIRECTION ( 'NONE',  ( 0.0000000000000000000, 1.000000000000000000, 0.0000000000000000000 ) ) ;
#4691 = DIRECTION ( 'NONE',  ( 3.623343611582458500E-015, 0.0000000000000000000, -1.000000000000000000 ) ) ;
#4692 = LINE ( 'NONE', #4514, #7792 ) ;
#4693 = TOROIDAL_SURFACE ( 'NONE', #6197, 0.06790100862076549300, 0.005000000000000045200 ) ;
#4694 = ADVANCED_FACE ( 'NONE', ( #7495 ), #9487, .T. ) ;
#4695 = SURFACE_STYLE_FILL_AREA ( #7807 ) ;
#4696 =( GEOMETRIC_REPRESENTATION_CONTEXT ( 3 ) GLOBAL_UNCERTAINTY_ASSIGNED_CONTEXT ( ( #9678 ) ) GLOBAL_UNIT_ASSIGNED_CONTEXT ( ( #8155, #4051, #2320 ) ) REPRESENTATION_CONTEXT ( 'NONE', 'WORKASPACE' ) );
#4697 = DIRECTION ( 'NONE',  ( 1.000000000000000000, 0.0000000000000000000, -3.453004075404071500E-015 ) ) ;
#4698 = VECTOR ( 'NONE', #10691, 39.37007874015748900 ) ;
#4699 = EDGE_CURVE ( 'NONE', #1384, #2093, #2951, .T. ) ;
#4700 = CARTESIAN_POINT ( 'NONE',  ( 0.08011811023622049400, -0.1855660917989245300, 0.8122440944881890200 ) ) ;
#4701 = DIRECTION ( 'NONE',  ( 3.623343611582382000E-015, 0.0000000000000000000, 1.000000000000000000 ) ) ;
#4702 = AXIS2_PLACEMENT_3D ( 'NONE', #10595, #8841, #7153 ) ;
#4703 = LINE ( 'NONE', #6689, #1108 ) ;
#4704 = LINE ( 'NONE', #5118, #9890 ) ;
#4705 = CARTESIAN_POINT ( 'NONE',  ( 0.2974999999999998800, 0.0000000000000000000, -1.093155637708641500E-015 ) ) ;
#4706 = ADVANCED_FACE ( 'NONE', ( #7923 ), #9522, .F. ) ;
#4707 = CIRCLE ( 'NONE', #1979, 0.009842519685039378600 ) ;
#4708 = CARTESIAN_POINT ( 'NONE',  ( -0.2975000000000023200, 0.02872058991876547800, 0.7879635790510822700 ) ) ;
#4709 = ORIENTED_EDGE ( 'NONE', *, *, #3395, .T. ) ;
#4710 = AXIS2_PLACEMENT_3D ( 'NONE', #6372, #9709, #2831 ) ;
#4711 = LINE ( 'NONE', #2557, #9254 ) ;
#4712 = EDGE_CURVE ( 'NONE', #1162, #10616, #3213, .T. ) ;
#4713 = LINE ( 'NONE', #5651, #7381 ) ;
#4714 = CARTESIAN_POINT ( 'NONE',  ( -0.3164370078740166800, -0.3856102362204703600, 0.2849685039370067300 ) ) ;
#4715 = CARTESIAN_POINT ( 'NONE',  ( 0.9786058776227789500, -0.2675000000000001800, 0.6900912614787636500 ) ) ;
#4716 = VERTEX_POINT ( 'NONE', #5555 ) ;
#4717 = AXIS2_PLACEMENT_3D ( 'NONE', #5726, #6576, #2664 ) ;
#4718 = PLANE ( 'NONE',  #7116 ) ;
#4719 = VECTOR ( 'NONE', #10237, 39.37007874015748100 ) ;
#4720 = DIRECTION ( 'NONE',  ( 3.346303001498510500E-015, 1.000000000000000000, 0.0000000000000000000 ) ) ;
#4721 = CARTESIAN_POINT ( 'NONE',  ( 0.2975000000000022600, 0.2525000000000048900, 0.8199999999999999500 ) ) ;
#4722 = VECTOR ( 'NONE', #8928, 39.37007874015748100 ) ;
#4723 = FACE_OUTER_BOUND ( 'NONE', #4664, .T. ) ;
#4724 = CARTESIAN_POINT ( 'NONE',  ( -0.05472440944881888600, 0.3077060962964917600, 0.1513544460802586400 ) ) ;
#4725 = STYLED_ITEM ( 'NONE', ( #4512 ), #4566 ) ;
#4726 = CARTESIAN_POINT ( 'NONE',  ( -0.9786058776227792900, -0.2675000000000001800, 0.6900912614787635400 ) ) ;
#4727 = FACE_OUTER_BOUND ( 'NONE', #5598, .T. ) ;
#4728 = ORIENTED_EDGE ( 'NONE', *, *, #3810, .F. ) ;
#4729 = ORIENTED_EDGE ( 'NONE', *, *, #6255, .F. ) ;
#4730 = ORIENTED_EDGE ( 'NONE', *, *, #425, .F. ) ;
#4731 = DIRECTION ( 'NONE',  ( -2.541721370382715300E-016, -0.7071067811865470200, 0.7071067811865481300 ) ) ;
#4732 = EDGE_CURVE ( 'NONE', #143, #3333, #3366, .T. ) ;
#4733 = CARTESIAN_POINT ( 'NONE',  ( -0.01515748031496071300, -0.3855000000000022900, 0.6878425196850395100 ) ) ;
#4734 = ORIENTED_EDGE ( 'NONE', *, *, #6944, .F. ) ;
#4735 = CARTESIAN_POINT ( 'NONE',  ( -0.08011811023622045200, -0.2525000000000000600, 0.8122440944881890200 ) ) ;
#4736 = LINE ( 'NONE', #6434, #5670 ) ;
#4737 = FACE_OUTER_BOUND ( 'NONE', #1394, .T. ) ;
#4738 = DIRECTION ( 'NONE',  ( -0.08715574274766170500, -0.0000000000000000000, -0.9961946980917451000 ) ) ;
#4739 = CARTESIAN_POINT ( 'NONE',  ( -0.3125000000000008900, -0.2514999999999986100, 0.2633149606299201600 ) ) ;
#4740 = EDGE_CURVE ( 'NONE', #9928, #1456, #1478, .T. ) ;
#4741 = ORIENTED_EDGE ( 'NONE', *, *, #4175, .F. ) ;
#4742 = ORIENTED_EDGE ( 'NONE', *, *, #2375, .T. ) ;
#4743 = ORIENTED_EDGE ( 'NONE', *, *, #1539, .F. ) ;
#4744 = EDGE_LOOP ( 'NONE', ( #868, #9191, #10394, #9864 ) ) ;
#4745 = DIRECTION ( 'NONE',  ( 2.385472965097058200E-016, 1.000000000000000000, 3.571460140260037600E-015 ) ) ;
#4746 = LINE ( 'NONE', #8274, #233 ) ;
#4747 = EDGE_LOOP ( 'NONE', ( #1175, #2897, #6172, #4250, #863, #6525, #9752, #2077, #2606, #5870, #1961, #8298, #9212, #10857, #6252, #3548 ) ) ;
#4748 = EDGE_CURVE ( 'NONE', #6896, #6722, #9085, .T. ) ;
#4749 = DIRECTION ( 'NONE',  ( 0.0000000000000000000, 0.0000000000000000000, 1.000000000000000000 ) ) ;
#4750 = ORIENTED_EDGE ( 'NONE', *, *, #1649, .T. ) ;
#4751 = ADVANCED_FACE ( 'NONE', ( #3754 ), #9014, .T. ) ;
#4752 = ORIENTED_EDGE ( 'NONE', *, *, #5674, .T. ) ;
#4753 = ORIENTED_EDGE ( 'NONE', *, *, #1357, .T. ) ;
#4754 = EDGE_CURVE ( 'NONE', #9823, #9397, #3073, .T. ) ;
#4755 = CARTESIAN_POINT ( 'NONE',  ( -0.01515748031496071300, -0.2525000000000000600, 0.6878425196850395100 ) ) ;
#4756 = EDGE_LOOP ( 'NONE', ( #4093, #372, #8035, #2307 ) ) ;
#4757 = CARTESIAN_POINT ( 'NONE',  ( -0.2816278565449310000, -0.2515000000000000000, 0.7163187439931647500 ) ) ;
#4758 = CARTESIAN_POINT ( 'NONE',  ( 0.2974999999999999300, 0.2525000000000000600, -5.335640612625514100E-018 ) ) ;
#4759 = ORIENTED_EDGE ( 'NONE', *, *, #10522, .F. ) ;
#4760 = CARTESIAN_POINT ( 'NONE',  ( 0.1848425196850392300, -0.5313388496530164800, 0.6681574803149605800 ) ) ;
#4761 = CARTESIAN_POINT ( 'NONE',  ( 0.07283464566929136200, 0.1522291837916265300, 0.5125280012291644200 ) ) ;
#4762 = VECTOR ( 'NONE', #5287, 39.37007874015748100 ) ;
#4763 = ORIENTED_EDGE ( 'NONE', *, *, #3877, .T. ) ;
#4764 = ADVANCED_FACE ( 'NONE', ( #6837 ), #8059, .F. ) ;
#4765 = CARTESIAN_POINT ( 'NONE',  ( 0.3125000000000009400, -0.2438779527559034600, 0.2829999999999988600 ) ) ;
#4766 = DIRECTION ( 'NONE',  ( 0.0000000000000000000, -0.4413750231038433600, 0.8973227340149595400 ) ) ;
#4767 = DIRECTION ( 'NONE',  ( 0.0000000000000000000, 0.0000000000000000000, -1.000000000000000000 ) ) ;
#4768 = AXIS2_PLACEMENT_3D ( 'NONE', #5284, #1883, #8732 ) ;
#4769 = DIRECTION ( 'NONE',  ( -1.000000000000000000, 1.458800866809831600E-016, -3.623343611582382000E-015 ) ) ;
#4770 = CIRCLE ( 'NONE', #2503, 0.004999999999999946300 ) ;
#4771 = ORIENTED_EDGE ( 'NONE', *, *, #3545, .F. ) ;
#4772 = DIRECTION ( 'NONE',  ( 1.000000000000000000, -1.458800866809831900E-016, 3.623343611582382000E-015 ) ) ;
#4773 = DIRECTION ( 'NONE',  ( 0.0000000000000000000, 1.000000000000000000, 0.0000000000000000000 ) ) ;
#4774 = DIRECTION ( 'NONE',  ( -1.000000000000000000, -0.0000000000000000000, -0.0000000000000000000 ) ) ;
#4775 = AXIS2_PLACEMENT_3D ( 'NONE', #10388, #917, #176 ) ;
#4776 = EDGE_CURVE ( 'NONE', #105, #10606, #968, .T. ) ;
#4777 = VECTOR ( 'NONE', #4540, 39.37007874015748100 ) ;
#4778 = LINE ( 'NONE', #10387, #3982 ) ;
#4779 = ORIENTED_EDGE ( 'NONE', *, *, #4293, .T. ) ;
#4780 = EDGE_CURVE ( 'NONE', #8285, #10423, #9622, .T. ) ;
#4781 = DIRECTION ( 'NONE',  ( 0.0000000000000000000, 1.000000000000000000, 0.0000000000000000000 ) ) ;
#4782 = DIRECTION ( 'NONE',  ( 0.0000000000000000000, 3.469446951953613800E-015, -1.000000000000000000 ) ) ;
#4783 = ORIENTED_EDGE ( 'NONE', *, *, #7706, .T. ) ;
#4784 = CARTESIAN_POINT ( 'NONE',  ( -0.3125000000000025500, -0.2019842793760456800, 0.7479635790510822400 ) ) ;
#4785 = DIRECTION ( 'NONE',  ( 0.0000000000000000000, 1.000000000000000000, 0.0000000000000000000 ) ) ;
#4786 = LINE ( 'NONE', #8740, #2522 ) ;
#4787 = ORIENTED_EDGE ( 'NONE', *, *, #237, .T. ) ;
#4788 = DIRECTION ( 'NONE',  ( 3.441691376337984900E-015, 0.0000000000000000000, 1.000000000000000000 ) ) ;
#4789 = EDGE_CURVE ( 'NONE', #6253, #2455, #300, .T. ) ;
#4790 = EDGE_CURVE ( 'NONE', #4629, #7052, #9883, .T. ) ;
#4791 = DIRECTION ( 'NONE',  ( -3.498098040667654100E-015, -2.982321770406309100E-015, -1.000000000000000000 ) ) ;
#4792 = CARTESIAN_POINT ( 'NONE',  ( -0.06515748031496067200, -0.3855000000000025600, 0.7681574803149612300 ) ) ;
#4793 = ORIENTED_EDGE ( 'NONE', *, *, #7896, .F. ) ;
#4794 = DIRECTION ( 'NONE',  ( 0.0000000000000000000, -1.000000000000000000, -0.0000000000000000000 ) ) ;
#4795 = DIRECTION ( 'NONE',  ( 3.623343611582382800E-015, -3.571460140260036800E-015, 1.000000000000000000 ) ) ;
#4796 = CARTESIAN_POINT ( 'NONE',  ( -0.2975000000000024800, 0.02872058991876547800, 0.7479635790510822400 ) ) ;
#4797 = VECTOR ( 'NONE', #4359, 39.37007874015748100 ) ;
#4798 = EDGE_LOOP ( 'NONE', ( #9601, #9067, #4752, #5593 ) ) ;
#4799 = EDGE_CURVE ( 'NONE', #2457, #8145, #676, .T. ) ;
#4800 = PLANE ( 'NONE',  #10766 ) ;
#4801 = ADVANCED_FACE ( 'NONE', ( #10548 ), #3793, .F. ) ;
#4802 = CARTESIAN_POINT ( 'NONE',  ( -0.2975000000000023200, 0.2675000000000029000, 0.8199999999999999500 ) ) ;
#4803 = ORIENTED_EDGE ( 'NONE', *, *, #3050, .F. ) ;
#4804 = CARTESIAN_POINT ( 'NONE',  ( 0.1948031496062992700, -0.2052511311690032600, 0.0000000000000000000 ) ) ;
#4805 = VECTOR ( 'NONE', #9931, 39.37007874015748100 ) ;
#4806 = CARTESIAN_POINT ( 'NONE',  ( -0.2966278565449284000, 7.575411295430414200E-017, -0.005498733049304680600 ) ) ;
#4807 = EDGE_CURVE ( 'NONE', #1747, #450, #10298, .T. ) ;
#4808 = DIRECTION ( 'NONE',  ( -3.623343611582382000E-015, 0.0000000000000000000, 1.000000000000000000 ) ) ;
#4809 = AXIS2_PLACEMENT_3D ( 'NONE', #9778, #3787, #8670 ) ;
#4810 = LINE ( 'NONE', #11018, #10542 ) ;
#4811 = ORIENTED_EDGE ( 'NONE', *, *, #6949, .F. ) ;
#4812 = ORIENTED_EDGE ( 'NONE', *, *, #9537, .F. ) ;
#4813 = ADVANCED_FACE ( 'NONE', ( #825 ), #8123, .T. ) ;
#4814 = EDGE_CURVE ( 'NONE', #4619, #6890, #7226, .T. ) ;
#4815 = CARTESIAN_POINT ( 'NONE',  ( 0.2417957872900946000, 0.04959782299446938200, 0.7690197545653725300 ) ) ;
#4816 = FACE_OUTER_BOUND ( 'NONE', #6631, .T. ) ;
#4817 = DIRECTION ( 'NONE',  ( 1.000000000000000000, -1.458800866809831900E-016, 3.623343611582382000E-015 ) ) ;
#4818 = LINE ( 'NONE', #1515, #8584 ) ;
#4819 = ORIENTED_EDGE ( 'NONE', *, *, #6190, .F. ) ;
#4820 = CARTESIAN_POINT ( 'NONE',  ( -0.1978215223097113400, -0.1401592676519428900, 0.01198162729658793100 ) ) ;
#4821 = ORIENTED_EDGE ( 'NONE', *, *, #10111, .T. ) ;
#4822 = CARTESIAN_POINT ( 'NONE',  ( 0.0000000000000000000, 0.0000000000000000000, 0.0000000000000000000 ) ) ;
#4823 = VECTOR ( 'NONE', #4043, 39.37007874015748100 ) ;
#4824 = DIRECTION ( 'NONE',  ( 0.0000000000000000000, -1.000000000000000000, 0.0000000000000000000 ) ) ;
#4826 = CARTESIAN_POINT ( 'NONE',  ( 0.2717853368598917600, 0.2426574803149606500, 0.8101574803149606000 ) ) ;
#4825 = SURFACE_STYLE_FILL_AREA ( #79 ) ;
#4827 = SURFACE_STYLE_USAGE ( .BOTH. , #5700 ) ;
#4828 = FACE_OUTER_BOUND ( 'NONE', #4482, .T. ) ;
#4829 = DIRECTION ( 'NONE',  ( 0.0000000000000000000, -0.8973227340149595400, -0.4413750231038431300 ) ) ;
#4830 = ORIENTED_EDGE ( 'NONE', *, *, #2302, .F. ) ;
#4831 = DIRECTION ( 'NONE',  ( 0.0000000000000000000, 0.0000000000000000000, 1.000000000000000000 ) ) ;
#4832 = CARTESIAN_POINT ( 'NONE',  ( -0.05472440944881888600, -0.01737224260835761400, 0.8122440944881890200 ) ) ;
#4833 = VECTOR ( 'NONE', #8519, 39.37007874015748100 ) ;
#4834 = VECTOR ( 'NONE', #9107, 39.37007874015748100 ) ;
#4836 = EDGE_CURVE ( 'NONE', #2484, #7423, #4949, .T. ) ;
#4835 = ADVANCED_FACE ( 'NONE', ( #7358 ), #507, .F. ) ;
#4837 = CIRCLE ( 'NONE', #10264, 0.004999999999999946300 ) ;
#4838 = CARTESIAN_POINT ( 'NONE',  ( -0.1397637795275590600, 0.1522291837916265300, 0.5125280012291644200 ) ) ;
#4839 = LINE ( 'NONE', #10405, #323 ) ;
#4840 = LINE ( 'NONE', #3494, #8189 ) ;
#4841 = DIRECTION ( 'NONE',  ( 0.0000000000000000000, -1.000000000000000000, 0.0000000000000000000 ) ) ;
#4842 = AXIS2_PLACEMENT_3D ( 'NONE', #292, #974, #1111 ) ;
#4843 = VECTOR ( 'NONE', #2296, 39.37007874015748100 ) ;
#4844 = DIRECTION ( 'NONE',  ( 0.0000000000000000000, 0.0000000000000000000, -1.000000000000000000 ) ) ;
#4845 = FACE_OUTER_BOUND ( 'NONE', #9072, .T. ) ;
#4846 = ORIENTED_EDGE ( 'NONE', *, *, #3288, .F. ) ;
#4848 = AXIS2_PLACEMENT_3D ( 'NONE', #7272, #3870, #9757 ) ;
#4847 = CARTESIAN_POINT ( 'NONE',  ( 0.1751181102362205100, -0.1855660917989245000, 0.03468503937007873200 ) ) ;
#4849 = ORIENTED_EDGE ( 'NONE', *, *, #6013, .T. ) ;
#4850 = ORIENTED_EDGE ( 'NONE', *, *, #515, .T. ) ;
#4851 = ORIENTED_EDGE ( 'NONE', *, *, #7322, .F. ) ;
#4852 = ADVANCED_FACE ( 'NONE', ( #4567 ), #1512, .F. ) ;
#4853 = CARTESIAN_POINT ( 'NONE',  ( 0.2054877305761266000, -0.3327188667580496300, 0.4982514445364019100 ) ) ;
#4854 = EDGE_CURVE ( 'NONE', #6166, #290, #8849, .T. ) ;
#4855 = ORIENTED_EDGE ( 'NONE', *, *, #8484, .T. ) ;
#4856 = CARTESIAN_POINT ( 'NONE',  ( 0.1348425196850392400, -0.3855000000000025600, 0.7681574803149606700 ) ) ;
#4857 = LINE ( 'NONE', #6486, #4722 ) ;
#4858 = LINE ( 'NONE', #417, #6600 ) ;
#4859 = DIRECTION ( 'NONE',  ( 0.0000000000000000000, -3.734948282487788800E-015, 1.000000000000000000 ) ) ;
#4860 = ORIENTED_EDGE ( 'NONE', *, *, #1012, .F. ) ;
#4861 = ORIENTED_EDGE ( 'NONE', *, *, #2441, .F. ) ;
#4862 = VERTEX_POINT ( 'NONE', #578 ) ;
#4863 = DIRECTION ( 'NONE',  ( -1.000000000000000000, 0.0000000000000000000, -3.491481338843133700E-015 ) ) ;
#4864 = VERTEX_POINT ( 'NONE', #8239 ) ;
#4865 = CARTESIAN_POINT ( 'NONE',  ( -0.2975000000000010400, -0.2517928932188134300, 0.3026850393700776800 ) ) ;
#4866 = AXIS2_PLACEMENT_3D ( 'NONE', #10315, #5206, #10245 ) ;
#4867 = ADVANCED_FACE ( 'NONE', ( #5903 ), #8309, .F. ) ;
#4868 = DIRECTION ( 'NONE',  ( 3.469446951953622900E-015, 0.0000000000000000000, 1.000000000000000000 ) ) ;
#4869 = VECTOR ( 'NONE', #9974, 39.37007874015748100 ) ;
#4870 = VERTEX_POINT ( 'NONE', #3271 ) ;
#4871 = EDGE_CURVE ( 'NONE', #1000, #9899, #420, .T. ) ;
#4872 = VERTEX_POINT ( 'NONE', #3184 ) ;
#4873 = DIRECTION ( 'NONE',  ( -1.000000000000000000, 0.0000000000000000000, -3.453004075404071100E-015 ) ) ;
#4874 = CARTESIAN_POINT ( 'NONE',  ( -0.06515748031496067200, -0.5313388496530164800, 0.7878425196850393800 ) ) ;
#4875 = STYLED_ITEM ( 'NONE', ( #6427 ), #10478 ) ;
#4876 = VERTEX_POINT ( 'NONE', #4054 ) ;
#4877 = ORIENTED_EDGE ( 'NONE', *, *, #9307, .F. ) ;
#4878 = CARTESIAN_POINT ( 'NONE',  ( -0.2975000000000025400, 0.1087205899187654700, 0.7479635790510822400 ) ) ;
#4879 = ORIENTED_EDGE ( 'NONE', *, *, #4385, .T. ) ;
#4880 = DIRECTION ( 'NONE',  ( 0.0000000000000000000, -6.938893903907222900E-015, -1.000000000000000000 ) ) ;
#4882 = EDGE_CURVE ( 'NONE', #2074, #10079, #4308, .T. ) ;
#4881 = ORIENTED_EDGE ( 'NONE', *, *, #10688, .T. ) ;
#4883 = FACE_OUTER_BOUND ( 'NONE', #8512, .T. ) ;
#4884 = EDGE_LOOP ( 'NONE', ( #5196, #5640, #3904, #8142, #10400, #6491, #1598, #3690, #8635, #715 ) ) ;
#4885 = EDGE_LOOP ( 'NONE', ( #7777, #10994, #6350, #5818 ) ) ;
#4886 = LINE ( 'NONE', #829, #9688 ) ;
#4887 = ORIENTED_EDGE ( 'NONE', *, *, #5121, .T. ) ;
#4888 = ORIENTED_EDGE ( 'NONE', *, *, #821, .F. ) ;
#4889 = VERTEX_POINT ( 'NONE', #10859 ) ;
#4890 = AXIS2_PLACEMENT_3D ( 'NONE', #8715, #2691, #1866 ) ;
#4891 = DIRECTION ( 'NONE',  ( -1.000000000000000000, 0.0000000000000000000, 0.0000000000000000000 ) ) ;
#4892 = MANIFOLD_SOLID_BREP ( 'LPattern1[2]', #8853 ) ;
#4893 = DIRECTION ( 'NONE',  ( 1.458800866809831600E-016, -1.000000000000000000, -4.981527776437643600E-031 ) ) ;
#4894 = FACE_BOUND ( 'NONE', #4157, .T. ) ;
#4895 = ORIENTED_EDGE ( 'NONE', *, *, #6749, .T. ) ;
#4896 = ADVANCED_FACE ( 'NONE', ( #8286 ), #10004, .T. ) ;
#4897 =( CONVERSION_BASED_UNIT ( 'INCH', #6517 ) LENGTH_UNIT ( ) NAMED_UNIT ( #619 ) );
#4898 = PLANE ( 'NONE',  #4533 ) ;
#4899 = CARTESIAN_POINT ( 'NONE',  ( -0.3125000000000010500, -0.2438779527559034600, 0.2928425196850381600 ) ) ;
#4900 =( LENGTH_UNIT ( ) NAMED_UNIT ( * ) SI_UNIT ( $, .METRE. ) );
#4901 = AXIS2_PLACEMENT_3D ( 'NONE', #4023, #5706, #656 ) ;
#4902 = DIRECTION ( 'NONE',  ( -0.0000000000000000000, 1.000000000000000000, -0.0000000000000000000 ) ) ;
#4903 = CARTESIAN_POINT ( 'NONE',  ( 0.06515748031496050600, -0.3855000000000022300, 0.6681574803149612500 ) ) ;
#4904 = VECTOR ( 'NONE', #3700, 39.37007874015748100 ) ;
#4905 = DIRECTION ( 'NONE',  ( -2.237499376342115700E-016, 1.000000000000000000, -7.159998004294770100E-015 ) ) ;
#4906 = VERTEX_POINT ( 'NONE', #6666 ) ;
#4907 = CARTESIAN_POINT ( 'NONE',  ( -0.2973821488698022400, 0.2564269908169872800, -1.035447756387638400E-017 ) ) ;
#4908 = DIRECTION ( 'NONE',  ( -1.000000000000000000, 0.0000000000000000000, 0.0000000000000000000 ) ) ;
#4909 = AXIS2_PLACEMENT_3D ( 'NONE', #2337, #3243, #2372 ) ;
#4910 = DIRECTION ( 'NONE',  ( 1.000000000000000000, -0.0000000000000000000, -0.0000000000000000000 ) ) ;
#4911 = ADVANCED_FACE ( 'NONE', ( #4683 ), #4983, .F. ) ;
#4912 = DIRECTION ( 'NONE',  ( 2.473528845811441300E-015, 0.7071067811865569000, -0.7071067811865382500 ) ) ;
#4913 = PLANE ( 'NONE',  #1146 ) ;
#4914 = EDGE_LOOP ( 'NONE', ( #7989, #7162, #5945, #10597 ) ) ;
#4915 =( LENGTH_UNIT ( ) NAMED_UNIT ( * ) SI_UNIT ( $, .METRE. ) );
#4916 = VECTOR ( 'NONE', #5211, 39.37007874015748100 ) ;
#4917 = ORIENTED_EDGE ( 'NONE', *, *, #8812, .F. ) ;
#4918 = ORIENTED_EDGE ( 'NONE', *, *, #2653, .T. ) ;
#4919 = CARTESIAN_POINT ( 'NONE',  ( 0.05314960629921262200, 0.1522291837916265600, 0.0000000000000000000 ) ) ;
#4920 = PRODUCT_DEFINITION_SHAPE ( 'NONE', 'NONE',  #9032 ) ;
#4921 = AXIS2_PLACEMENT_3D ( 'NONE', #3632, #2048, #8036 ) ;
#4922 = EDGE_CURVE ( 'NONE', #10366, #8091, #8438, .T. ) ;
#4923 =( NAMED_UNIT ( * ) SI_UNIT ( $, .STERADIAN. ) SOLID_ANGLE_UNIT ( ) );
#4924 = VERTEX_POINT ( 'NONE', #7451 ) ;
#4925 = ADVANCED_FACE ( 'NONE', ( #8573 ), #10049, .T. ) ;
#4926 = CARTESIAN_POINT ( 'NONE',  ( -0.3125000000000010500, -0.2438779527559034600, 0.2928425196850381600 ) ) ;
#4927 = CARTESIAN_POINT ( 'NONE',  ( -0.2054877261864954700, -0.3628306378254354000, 0.3639664127631419600 ) ) ;
#4928 = VECTOR ( 'NONE', #749, 39.37007874015748100 ) ;
#4929 = ORIENTED_EDGE ( 'NONE', *, *, #437, .F. ) ;
#4930 = CARTESIAN_POINT ( 'NONE',  ( -0.2486744556699771700, 0.06541338582677164200, 0.05437007874015750700 ) ) ;
#4931 = ORIENTED_EDGE ( 'NONE', *, *, #7941, .F. ) ;
#4932 = VERTEX_POINT ( 'NONE', #542 ) ;
#4933 = PLANE ( 'NONE',  #5319 ) ;
#4934 = CARTESIAN_POINT ( 'NONE',  ( -0.1348425196850394100, -0.2525000000000000600, 0.6681574803149606900 ) ) ;
#4935 = EDGE_LOOP ( 'NONE', ( #6220, #8203, #4628, #2808 ) ) ;
#4936 = FACE_OUTER_BOUND ( 'NONE', #6386, .T. ) ;
#4937 = VERTEX_POINT ( 'NONE', #5805 ) ;
#4938 = EDGE_CURVE ( 'NONE', #1532, #2661, #4555, .T. ) ;
#4939 = DIRECTION ( 'NONE',  ( 1.124126789939941800E-029, -3.924867709568941600E-044, -1.000000000000000000 ) ) ;
#4940 = FACE_OUTER_BOUND ( 'NONE', #7202, .T. ) ;
#4941 = ORIENTED_EDGE ( 'NONE', *, *, #2126, .T. ) ;
#4942 = DIRECTION ( 'NONE',  ( -1.000000000000000000, -2.385472965096935500E-016, -3.441691376337984100E-015 ) ) ;
#4943 = CARTESIAN_POINT ( 'NONE',  ( 0.1848425196850392300, -0.5313388496530164800, 0.6681574803149605800 ) ) ;
#4944 = CIRCLE ( 'NONE', #6912, 0.009842519685039378600 ) ;
#4945 = ORIENTED_EDGE ( 'NONE', *, *, #10790, .F. ) ;
#4946 = FACE_OUTER_BOUND ( 'NONE', #6501, .T. ) ;
#4947 = EDGE_CURVE ( 'NONE', #1576, #2775, #4165, .T. ) ;
#4948 = DIRECTION ( 'NONE',  ( -2.385472965096935500E-016, -1.000000000000000000, -8.643388228686462800E-031 ) ) ;
#4950 = CARTESIAN_POINT ( 'NONE',  ( 0.2054877259843398100, -0.3320257118635111500, 0.3577821852201871800 ) ) ;
#4949 = CIRCLE ( 'NONE', #5514, 0.02000000000000005900 ) ;
#4951 = ORIENTED_EDGE ( 'NONE', *, *, #5810, .F. ) ;
#4952 = DIRECTION ( 'NONE',  ( 3.498098040667654100E-015, 0.0000000000000000000, 1.000000000000000000 ) ) ;
#4953 = ORIENTED_EDGE ( 'NONE', *, *, #10529, .F. ) ;
#4954 = LINE ( 'NONE', #6214, #5621 ) ;
#4955 = ADVANCED_FACE ( 'NONE', ( #5085 ), #3389, .F. ) ;
#4956 = ORIENTED_EDGE ( 'NONE', *, *, #9865, .T. ) ;
#4957 =( NAMED_UNIT ( * ) SI_UNIT ( $, .STERADIAN. ) SOLID_ANGLE_UNIT ( ) );
#4958 = CARTESIAN_POINT ( 'NONE',  ( 7.377827511596871900E-017, -0.2052511311690033100, 0.01499999999999999900 ) ) ;
#4959 = EDGE_CURVE ( 'NONE', #10367, #23, #2136, .T. ) ;
#4960 = AXIS2_PLACEMENT_3D ( 'NONE', #8069, #8107, #4701 ) ;
#4961 = PRESENTATION_LAYER_ASSIGNMENT (  '', '', ( #5534 ) ) ;
#4962 = CIRCLE ( 'NONE', #10426, 0.004999999999999946300 ) ;
#4963 = LINE ( 'NONE', #5032, #9759 ) ;
#4964 = DIRECTION ( 'NONE',  ( 0.0000000000000000000, -3.201382960249446300E-015, 1.000000000000000000 ) ) ;
#4965 = LINE ( 'NONE', #1430, #10031 ) ;
#4966 = EDGE_CURVE ( 'NONE', #10616, #7892, #2821, .T. ) ;
#4967 = MANIFOLD_SOLID_BREP ( 'LPattern1[7]', #9552 ) ;
#4968 = CARTESIAN_POINT ( 'NONE',  ( -0.2054877259868692600, -0.3334805806756923600, 0.3578595639789236600 ) ) ;
#4969 = ADVANCED_FACE ( 'NONE', ( #3744 ), #10167, .F. ) ;
#4970 = CARTESIAN_POINT ( 'NONE',  ( -0.2816278565449310500, -0.2525000000000000600, 0.09374015748031498700 ) ) ;
#4971 = LINE ( 'NONE', #8591, #2713 ) ;
#4972 = FACE_OUTER_BOUND ( 'NONE', #4419, .T. ) ;
#4973 = CARTESIAN_POINT ( 'NONE',  ( -0.2975000000000023200, 0.02872058991876547800, 0.7879635790510822700 ) ) ;
#4974 = LINE ( 'NONE', #103, #10325 ) ;
#4975 = STYLED_ITEM ( 'NONE', ( #6183 ), #7727 ) ;
#4977 = DIRECTION ( 'NONE',  ( -1.000000000000000000, -0.0000000000000000000, -0.0000000000000000000 ) ) ;
#4976 = VECTOR ( 'NONE', #5310, 39.37007874015748100 ) ;
#4978 = DIRECTION ( 'NONE',  ( -0.9961946980917452100, 0.0000000000000000000, -0.08715574274766174600 ) ) ;
#4979 = PLANE ( 'NONE',  #9059 ) ;
#4980 = VECTOR ( 'NONE', #8577, 39.37007874015748100 ) ;
#4981 = DIRECTION ( 'NONE',  ( 3.498098040667654100E-015, 0.0000000000000000000, 1.000000000000000000 ) ) ;
#4982 = VECTOR ( 'NONE', #3098, 39.37007874015748100 ) ;
#4983 = PLANE ( 'NONE',  #2218 ) ;
#4984 = DIMENSIONAL_EXPONENTS ( 1.000000000000000000, 0.0000000000000000000, 0.0000000000000000000, 0.0000000000000000000, 0.0000000000000000000, 0.0000000000000000000, 0.0000000000000000000 ) ;
#4985 = DIRECTION ( 'NONE',  ( 2.366193544264534800E-015, 0.7071067811865571200, -0.7071067811865379100 ) ) ;
#4986 = LINE ( 'NONE', #6307, #1516 ) ;
#4987 = ORIENTED_EDGE ( 'NONE', *, *, #3708, .T. ) ;
#4988 = LINE ( 'NONE', #9167, #1651 ) ;
#4989 = EDGE_LOOP ( 'NONE', ( #2379, #4075, #10070, #1168 ) ) ;
#4990 = EDGE_LOOP ( 'NONE', ( #1080, #3789, #953, #9355 ) ) ;
#4991 = PLANE ( 'NONE',  #7745 ) ;
#4992 = CARTESIAN_POINT ( 'NONE',  ( 0.01515748031496052600, -0.2525000000000000600, 0.7878425196850393800 ) ) ;
#4993 = CARTESIAN_POINT ( 'NONE',  ( -0.2975000000000001000, 0.2524999999999999500, 0.004999999999999994000 ) ) ;
#4994 = SURFACE_STYLE_FILL_AREA ( #2221 ) ;
#4995 = EDGE_CURVE ( 'NONE', #86, #4599, #815, .T. ) ;
#4996 = LINE ( 'NONE', #839, #3263 ) ;
#4997 = CARTESIAN_POINT ( 'NONE',  ( 0.1153543307086614100, 0.1522291837916265600, 0.0000000000000000000 ) ) ;
#4998 = EDGE_CURVE ( 'NONE', #7975, #3682, #3627, .T. ) ;
#4999 = ORIENTED_EDGE ( 'NONE', *, *, #9136, .T. ) ;
#5000 = ORIENTED_EDGE ( 'NONE', *, *, #4622, .T. ) ;
#5001 = DIRECTION ( 'NONE',  ( -1.000000000000000000, -0.0000000000000000000, -0.0000000000000000000 ) ) ;
#5002 = VERTEX_POINT ( 'NONE', #768 ) ;
#5003 = EDGE_CURVE ( 'NONE', #8725, #3328, #26, .T. ) ;
#5004 = ORIENTED_EDGE ( 'NONE', *, *, #11, .F. ) ;
#5005 = PLANE ( 'NONE',  #6009 ) ;
#5006 = VECTOR ( 'NONE', #2644, 39.37007874015748100 ) ;
#5007 = LINE ( 'NONE', #210, #6471 ) ;
#5009 = AXIS2_PLACEMENT_3D ( 'NONE', #3133, #7469, #562 ) ;
#5008 = DIRECTION ( 'NONE',  ( -4.474998752684224400E-016, 1.000000000000000000, -2.384397308030409100E-015 ) ) ;
#5010 = ORIENTED_EDGE ( 'NONE', *, *, #9716, .T. ) ;
#5011 = DIRECTION ( 'NONE',  ( 2.468850131082278400E-015, -0.7071067811865487900, 0.7071067811865462400 ) ) ;
#5012 = EDGE_LOOP ( 'NONE', ( #5697, #2723, #10640, #293 ) ) ;
#5013 = VERTEX_POINT ( 'NONE', #10281 ) ;
#5014 = EDGE_CURVE ( 'NONE', #4924, #1766, #8153, .T. ) ;
#5015 = EDGE_CURVE ( 'NONE', #3328, #2640, #8721, .T. ) ;
#5016 = UNCERTAINTY_MEASURE_WITH_UNIT (LENGTH_MEASURE( 1.000000000000000100E-005 ), #8521, 'distance_accuracy_value', 'NONE');
#5017 = CARTESIAN_POINT ( 'NONE',  ( -0.3125000000000000600, 0.2517928932188133700, 0.01499999999999994700 ) ) ;
#5018 = ADVANCED_FACE ( 'NONE', ( #535 ), #1890, .T. ) ;
#5019 = ORIENTED_EDGE ( 'NONE', *, *, #7506, .F. ) ;
#5020 = CARTESIAN_POINT ( 'NONE',  ( -0.2967928932188135200, 0.2525000000000000600, 0.01499999999999999900 ) ) ;
#5021 = LINE ( 'NONE', #10905, #9935 ) ;
#5022 = ORIENTED_EDGE ( 'NONE', *, *, #4790, .T. ) ;
#5023 = LINE ( 'NONE', #5993, #9560 ) ;
#5024 = CARTESIAN_POINT ( 'NONE',  ( 0.3065944881889773300, -0.3856102362204703600, 0.2829999999999989200 ) ) ;
#5025 = EDGE_CURVE ( 'NONE', #2394, #10268, #5893, .T. ) ;
#5026 = ORIENTED_EDGE ( 'NONE', *, *, #10075, .T. ) ;
#5027 = DIRECTION ( 'NONE',  ( -4.474998752684224400E-016, 1.000000000000000000, -2.386666001431590600E-015 ) ) ;
#5028 = VERTEX_POINT ( 'NONE', #5927 ) ;
#5029 = VERTEX_POINT ( 'NONE', #8518 ) ;
#5030 = DIRECTION ( 'NONE',  ( -1.458800866809831600E-016, 1.000000000000000000, 4.981527776437643600E-031 ) ) ;
#5031 = PRESENTATION_LAYER_ASSIGNMENT (  '', '', ( #3310 ) ) ;
#5032 = CARTESIAN_POINT ( 'NONE',  ( -7.377827511596871900E-017, -0.2052511311690033100, 0.01499999999999999900 ) ) ;
#5033 = ORIENTED_EDGE ( 'NONE', *, *, #901, .T. ) ;
#5034 = DIRECTION ( 'NONE',  ( 1.000000000000000000, 1.468979316882750500E-016, -1.026754754221151600E-030 ) ) ;
#5035 = EDGE_CURVE ( 'NONE', #3313, #2306, #4810, .T. ) ;
#5036 = CARTESIAN_POINT ( 'NONE',  ( -0.2975000000000023700, 0.2525000000000012200, 0.3396922742592157200 ) ) ;
#5037 = ADVANCED_FACE ( 'NONE', ( #7348 ), #5058, .T. ) ;
#5038 = CARTESIAN_POINT ( 'NONE',  ( 0.2054877259849794400, -0.3331621059320460900, 0.3578017514089658600 ) ) ;
#5039 = DIRECTION ( 'NONE',  ( -0.0000000000000000000, -1.000000000000000000, 0.0000000000000000000 ) ) ;
#5040 = ORIENTED_EDGE ( 'NONE', *, *, #4549, .F. ) ;
#5041 = VECTOR ( 'NONE', #5839, 39.37007874015748100 ) ;
#5042 = VERTEX_POINT ( 'NONE', #2 ) ;
#5043 = CARTESIAN_POINT ( 'NONE',  ( -0.2417957872900946000, -0.1428615124517496100, 0.7740197545653725300 ) ) ;
#5044 = EDGE_CURVE ( 'NONE', #9697, #4132, #7913, .T. ) ;
#5045 = CARTESIAN_POINT ( 'NONE',  ( 0.3125000000000026100, 0.1469172219995819900, 0.7214882898114463000 ) ) ;
#5046 = DIRECTION ( 'NONE',  ( -0.0000000000000000000, -3.412622176065439700E-015, -1.000000000000000000 ) ) ;
#5047 = LINE ( 'NONE', #10033, #4119 ) ;
#5048 = EDGE_LOOP ( 'NONE', ( #7715, #5444, #10338, #3857 ) ) ;
#5049 = DIRECTION ( 'NONE',  ( -1.000000000000000000, -1.458800866809831900E-016, 3.623343611582382000E-015 ) ) ;
#5050 = DIRECTION ( 'NONE',  ( 1.762305625697248600E-030, 1.000000000000000000, -5.103688229765622800E-016 ) ) ;
#5051 = CARTESIAN_POINT ( 'NONE',  ( -0.05472440944881888600, 0.1522291837916265300, 0.5125280012291644200 ) ) ;
#5052 = PLANE ( 'NONE',  #4323 ) ;
#5053 = VECTOR ( 'NONE', #1142, 39.37007874015748100 ) ;
#5054 = FACE_OUTER_BOUND ( 'NONE', #232, .T. ) ;
#5055 = DIRECTION ( 'NONE',  ( -1.000000000000000000, 0.0000000000000000000, 0.0000000000000000000 ) ) ;
#5056 = ORIENTED_EDGE ( 'NONE', *, *, #1236, .T. ) ;
#5057 = CARTESIAN_POINT ( 'NONE',  ( -0.2717853368598916500, -0.2675000000000027900, 0.8101574803149641500 ) ) ;
#5058 = PLANE ( 'NONE',  #7371 ) ;
#5059 = ORIENTED_EDGE ( 'NONE', *, *, #2451, .F. ) ;
#5060 = CARTESIAN_POINT ( 'NONE',  ( -0.2975000000000024300, -0.2515000000000000600, 0.6900912614787658700 ) ) ;
#5061 = CARTESIAN_POINT ( 'NONE',  ( 0.1348425196850393500, -0.3855000000000026200, 0.7878425196850394900 ) ) ;
#5062 = SURFACE_STYLE_USAGE ( .BOTH. , #1783 ) ;
#5063 = EDGE_CURVE ( 'NONE', #9566, #1715, #289, .T. ) ;
#5064 = LINE ( 'NONE', #8623, #9712 ) ;
#5065 = ORIENTED_EDGE ( 'NONE', *, *, #5666, .F. ) ;
#5066 = DIRECTION ( 'NONE',  ( 1.000000000000000000, -0.0000000000000000000, -3.491481338843134500E-015 ) ) ;
#5067 = DIRECTION ( 'NONE',  ( -0.0000000000000000000, 3.483718471400136600E-015, 1.000000000000000000 ) ) ;
#5068 = CARTESIAN_POINT ( 'NONE',  ( 0.3125000000000023900, 0.09284335684306160900, 0.7690197545653728600 ) ) ;
#5069 = DIRECTION ( 'NONE',  ( 1.000000000000000000, 0.0000000000000000000, 0.0000000000000000000 ) ) ;
#5070 = CARTESIAN_POINT ( 'NONE',  ( 0.2816278565449311100, 0.2426574803149606500, 1.576493224244851900 ) ) ;
#5071 = ADVANCED_FACE ( 'NONE', ( #7626 ), #8624, .F. ) ;
#5072 = ORIENTED_EDGE ( 'NONE', *, *, #8837, .T. ) ;
#5073 = DIRECTION ( 'NONE',  ( 0.0000000000000000000, 1.000000000000000000, 0.0000000000000000000 ) ) ;
#5074 = LINE ( 'NONE', #1957, #7616 ) ;
#5075 = EDGE_LOOP ( 'NONE', ( #5492, #7326, #6935, #6797 ) ) ;
#5076 = PLANE ( 'NONE',  #3953 ) ;
#5077 = EDGE_CURVE ( 'NONE', #10065, #6109, #2007, .T. ) ;
#5078 = DIRECTION ( 'NONE',  ( -1.000000000000000000, 0.0000000000000000000, 0.0000000000000000000 ) ) ;
#5079 = EDGE_CURVE ( 'NONE', #3124, #364, #5361, .T. ) ;
#5080 = CARTESIAN_POINT ( 'NONE',  ( 0.1381889763779527700, 0.3077060962964917600, 0.1513544460802586400 ) ) ;
#5081 = ORIENTED_EDGE ( 'NONE', *, *, #458, .T. ) ;
#5082 = FACE_OUTER_BOUND ( 'NONE', #7927, .T. ) ;
#5083 = CARTESIAN_POINT ( 'NONE',  ( 0.3125000000000022800, 0.2525000000000049400, 0.8199999999999999500 ) ) ;
#5084 = ADVANCED_FACE ( 'NONE', ( #4299 ), #9611, .T. ) ;
#5085 = FACE_OUTER_BOUND ( 'NONE', #3493, .T. ) ;
#5086 = ORIENTED_EDGE ( 'NONE', *, *, #4233, .T. ) ;
#5087 = CARTESIAN_POINT ( 'NONE',  ( 0.2249999999999999800, -0.3625000000000013800, 0.4279999999999999400 ) ) ;
#5088 = DIRECTION ( 'NONE',  ( -0.0000000000000000000, -1.000000000000000000, -0.0000000000000000000 ) ) ;
#5089 = CARTESIAN_POINT ( 'NONE',  ( -0.3125000000000025000, -0.1428615124517496100, 0.7529635790510822400 ) ) ;
#5090 = LINE ( 'NONE', #3023, #9111 ) ;
#5091 = VERTEX_POINT ( 'NONE', #5212 ) ;
#5092 = AXIS2_PLACEMENT_3D ( 'NONE', #1713, #5030, #7686 ) ;
#5093 = LINE ( 'NONE', #1353, #6297 ) ;
#5094 = CARTESIAN_POINT ( 'NONE',  ( 0.08011811023622049400, -0.2497393201453811900, 0.03468503937007873200 ) ) ;
#5095 = VECTOR ( 'NONE', #6951, 39.37007874015748100 ) ;
#5096 = EDGE_CURVE ( 'NONE', #7462, #6030, #8030, .T. ) ;
#5097 = DIRECTION ( 'NONE',  ( 1.000000000000000000, -2.280130751809684600E-016, 0.0000000000000000000 ) ) ;
#5098 = AXIS2_PLACEMENT_3D ( 'NONE', #2212, #5549, #3830 ) ;
#5099 = DIRECTION ( 'NONE',  ( 1.000000000000000000, -1.458800866809831900E-016, 3.623343611582382000E-015 ) ) ;
#5100 = VECTOR ( 'NONE', #6002, 39.37007874015748900 ) ;
#5101 = ORIENTED_EDGE ( 'NONE', *, *, #1574, .F. ) ;
#5102 = CARTESIAN_POINT ( 'NONE',  ( 0.03031496062992127300, 0.1522291837916265600, 0.4674415849128674100 ) ) ;
#5103 = SURFACE_STYLE_FILL_AREA ( #1544 ) ;
#5104 = DIRECTION ( 'NONE',  ( 1.000000000000000000, -3.491481338843133000E-015, 1.157623496554682200E-029 ) ) ;
#5105 = DIRECTION ( 'NONE',  ( 0.7071067811865487900, 0.0000000000000000000, -0.7071067811865463500 ) ) ;
#5106 = ORIENTED_EDGE ( 'NONE', *, *, #3205, .T. ) ;
#5107 = EDGE_CURVE ( 'NONE', #7895, #4862, #2940, .T. ) ;
#5108 = CARTESIAN_POINT ( 'NONE',  ( -0.3125000000000008900, -0.2517928932188134300, 0.2633149606299201600 ) ) ;
#5109 = CARTESIAN_POINT ( 'NONE',  ( 0.1848425196850392300, -0.2525000000000000600, 0.6681574803149605800 ) ) ;
#5110 = DIRECTION ( 'NONE',  ( -1.000000000000000000, 0.0000000000000000000, -3.453004075404071500E-015 ) ) ;
#5111 = LINE ( 'NONE', #67, #2156 ) ;
#5112 = LINE ( 'NONE', #2695, #1487 ) ;
#5113 = CARTESIAN_POINT ( 'NONE',  ( -0.2054877304706642100, -0.3278400795114590500, 0.4950251996153100500 ) ) ;
#5114 = DIRECTION ( 'NONE',  ( 0.0000000000000000000, -3.469446951953613800E-015, 1.000000000000000000 ) ) ;
#5115 = FACE_OUTER_BOUND ( 'NONE', #3955, .T. ) ;
#5116 = DIRECTION ( 'NONE',  ( 2.470505551939520200E-015, -0.7071067811865382500, -0.7071067811865569000 ) ) ;
#5117 = ORIENTED_EDGE ( 'NONE', *, *, #6817, .F. ) ;
#5118 = CARTESIAN_POINT ( 'NONE',  ( 0.2975000000000008700, 0.2925606032236741100, 0.2925606032236807200 ) ) ;
#5119 = LINE ( 'NONE', #9277, #2726 ) ;
#5120 = LINE ( 'NONE', #5409, #2038 ) ;
#5121 = EDGE_CURVE ( 'NONE', #10913, #6286, #9342, .T. ) ;
#5122 = VECTOR ( 'NONE', #8609, 39.37007874015748100 ) ;
#5123 = DIRECTION ( 'NONE',  ( -0.0000000000000000000, -0.0000000000000000000, -1.000000000000000000 ) ) ;
#5124 = CYLINDRICAL_SURFACE ( 'NONE', #2613, 0.004999999999999946300 ) ;
#5125 = FACE_OUTER_BOUND ( 'NONE', #1816, .T. ) ;
#5126 = DIRECTION ( 'NONE',  ( 3.498098040667654100E-015, 0.0000000000000000000, -1.000000000000000000 ) ) ;
#5127 = CARTESIAN_POINT ( 'NONE',  ( 0.2417957872900946800, 0.04459782299446939100, 0.7529635790510819100 ) ) ;
#5128 = CARTESIAN_POINT ( 'NONE',  ( -0.2755905511811023700, -0.1324212598425196800, 0.0000000000000000000 ) ) ;
#5129 = VECTOR ( 'NONE', #3200, 39.37007874015748100 ) ;
#5130 = FACE_OUTER_BOUND ( 'NONE', #175, .T. ) ;
#5131 = AXIS2_PLACEMENT_3D ( 'NONE', #8988, #10714, #2223 ) ;
#5132 = CARTESIAN_POINT ( 'NONE',  ( -0.2966278565449310700, -0.1811070463003417700, 0.7740197545653726400 ) ) ;
#5133 = LINE ( 'NONE', #11012, #8996 ) ;
#5134 = VERTEX_POINT ( 'NONE', #7849 ) ;
#5135 = DIRECTION ( 'NONE',  ( 0.0000000000000000000, -1.000000000000000000, -0.0000000000000000000 ) ) ;
#5136 = EDGE_LOOP ( 'NONE', ( #3106, #3814, #4860, #9776 ) ) ;
#5137 = VERTEX_POINT ( 'NONE', #1735 ) ;
#5138 = ORIENTED_EDGE ( 'NONE', *, *, #8622, .F. ) ;
#5139 = CARTESIAN_POINT ( 'NONE',  ( -0.01220472440944881700, 0.1522291837916265600, 0.4674415849128674100 ) ) ;
#5140 = DIRECTION ( 'NONE',  ( 1.000000000000000000, -0.0000000000000000000, 3.453004075404071500E-015 ) ) ;
#5141 = ORIENTED_EDGE ( 'NONE', *, *, #9529, .F. ) ;
#5142 = CARTESIAN_POINT ( 'NONE',  ( -0.1848425196850394000, -0.5313388496530164800, 0.7681574803149606700 ) ) ;
#5143 = LINE ( 'NONE', #7498, #2449 ) ;
#5144 = CARTESIAN_POINT ( 'NONE',  ( -0.2417957872900946000, -0.1811070463003417700, 0.7740197545653725300 ) ) ;
#5145 = ADVANCED_FACE ( 'NONE', ( #4152 ), #5172, .T. ) ;
#5146 = CLOSED_SHELL ( 'NONE', ( #10235, #1967, #2079, #2874, #8755, #9318, #8240, #7392, #9, #8166, #7032, #3218, #10362, #1180, #11000, #10157, #1401, #590, #716, #1791, #3760, #8959, #4610, #9173, #2330, #7034, #10731, #8772, #7665, #7475, #7231, #8703, #2911, #6429, #5071, #1872, #3296, #9062, #457, #10288, #6962, #10039, #3400, #4969, #8858, #9669, #2921, #6574, #3414, #7274, #1451, #5379, #1141, #8063, #671, #8124, #10478, #9718, #9143, #7737, #6773, #2445, #10464, #9266, #10409, #1980, #10942, #2385, #2758, #9881, #3113, #1513, #4254, #10886, #3697, #397 ) ) ;
#5147 = ORIENTED_EDGE ( 'NONE', *, *, #4505, .T. ) ;
#5148 = ORIENTED_EDGE ( 'NONE', *, *, #4466, .F. ) ;
#5149 = CARTESIAN_POINT ( 'NONE',  ( -0.2054877305055445000, -0.3284081716294871000, 0.4960922372051140800 ) ) ;
#5150 = EDGE_CURVE ( 'NONE', #7627, #1273, #8710, .T. ) ;
#5151 = ORIENTED_EDGE ( 'NONE', *, *, #5186, .F. ) ;
#5152 = CARTESIAN_POINT ( 'NONE',  ( -0.3125000000000025000, 0.04959782299446936800, 0.7479635790510822400 ) ) ;
#5153 = LINE ( 'NONE', #1466, #3004 ) ;
#5154 = VERTEX_POINT ( 'NONE', #11043 ) ;
#5155 = CIRCLE ( 'NONE', #9201, 0.07280391199922013600 ) ;
#5156 = EDGE_CURVE ( 'NONE', #4498, #5134, #280, .T. ) ;
#5157 = ORIENTED_EDGE ( 'NONE', *, *, #1219, .T. ) ;
#5158 = ORIENTED_EDGE ( 'NONE', *, *, #627, .F. ) ;
#5159 = ORIENTED_EDGE ( 'NONE', *, *, #869, .F. ) ;
#5160 = DIRECTION ( 'NONE',  ( 0.0000000000000000000, 0.0000000000000000000, 1.000000000000000000 ) ) ;
#5161 = DIMENSIONAL_EXPONENTS ( 1.000000000000000000, 0.0000000000000000000, 0.0000000000000000000, 0.0000000000000000000, 0.0000000000000000000, 0.0000000000000000000, 0.0000000000000000000 ) ;
#5162 = EDGE_LOOP ( 'NONE', ( #617, #361, #8952, #10926, #3972, #5158, #7323 ) ) ;
#5163 = DIRECTION ( 'NONE',  ( -1.000000000000000000, -2.385472965096935500E-016, -3.441691376337984500E-015 ) ) ;
#5165 = AXIS2_PLACEMENT_3D ( 'NONE', #5833, #6616, #6568 ) ;
#5164 = CARTESIAN_POINT ( 'NONE',  ( 0.2972642977396043900, 0.2603539816339745000, -1.150534758200172000E-017 ) ) ;
#5166 = EDGE_LOOP ( 'NONE', ( #6628, #8080, #10270, #3114 ) ) ;
#5167 = VECTOR ( 'NONE', #8074, 39.37007874015748100 ) ;
#5168 = CARTESIAN_POINT ( 'NONE',  ( -0.2975000000000023200, 0.1087205899187654700, 0.7879635790510822700 ) ) ;
#5169 = CARTESIAN_POINT ( 'NONE',  ( 0.3125000000000025000, -0.1861070463003418300, 0.7529635790510823500 ) ) ;
#5170 = EDGE_CURVE ( 'NONE', #4498, #2389, #3868, .T. ) ;
#5171 = EDGE_LOOP ( 'NONE', ( #6769, #5803, #6358, #7161, #3738, #3077, #4080, #4987, #3867, #345 ) ) ;
#5172 = PLANE ( 'NONE',  #10391 ) ;
#5173 = DIRECTION ( 'NONE',  ( -1.000000000000000000, -1.458800866809831900E-016, 3.623343611582382000E-015 ) ) ;
#5174 = LINE ( 'NONE', #5832, #9573 ) ;
#5175 = ORIENTED_EDGE ( 'NONE', *, *, #1889, .F. ) ;
#5176 = ORIENTED_EDGE ( 'NONE', *, *, #6134, .T. ) ;
#5177 = DIRECTION ( 'NONE',  ( -1.000000000000000000, 0.0000000000000000000, 0.0000000000000000000 ) ) ;
#5178 = ORIENTED_EDGE ( 'NONE', *, *, #10651, .F. ) ;
#5179 = DIRECTION ( 'NONE',  ( -3.441691376337984100E-015, 0.0000000000000000000, -1.000000000000000000 ) ) ;
#5180 = CARTESIAN_POINT ( 'NONE',  ( -0.2975000000000023200, -0.2019842793760456800, 0.7879635790510823900 ) ) ;
#5181 = EDGE_CURVE ( 'NONE', #9027, #10084, #412, .T. ) ;
#5182 = DIRECTION ( 'NONE',  ( 0.0000000000000000000, -0.0000000000000000000, -1.000000000000000000 ) ) ;
#5183 = VECTOR ( 'NONE', #3638, 39.37007874015748100 ) ;
#5184 = EDGE_LOOP ( 'NONE', ( #2194, #1282, #4641, #5786 ) ) ;
#5185 = CARTESIAN_POINT ( 'NONE',  ( -0.1973429421655729900, 0.0000000000000000000, 0.01726527026634040700 ) ) ;
#5186 = EDGE_CURVE ( 'NONE', #8343, #364, #9066, .T. ) ;
#5187 = CARTESIAN_POINT ( 'NONE',  ( 0.1446390498680858400, 0.1454527559055146500, 0.2700518375801494500 ) ) ;
#5188 = AXIS2_PLACEMENT_3D ( 'NONE', #8845, #9744, #4680 ) ;
#5189 = CARTESIAN_POINT ( 'NONE',  ( -0.08011811023622049400, -0.2497393201453811900, 0.03468503937007873200 ) ) ;
#5190 = CARTESIAN_POINT ( 'NONE',  ( -0.2975000000000024800, 0.02872058991876547800, 0.7479635790510822400 ) ) ;
#5191 = SURFACE_STYLE_FILL_AREA ( #2477 ) ;
#5192 = CIRCLE ( 'NONE', #712, 0.06400000250777354600 ) ;
#5193 = EDGE_CURVE ( 'NONE', #10242, #7170, #9999, .T. ) ;
#5194 = DIRECTION ( 'NONE',  ( -3.498098040667654100E-015, 0.0000000000000000000, 1.000000000000000000 ) ) ;
#5195 = CARTESIAN_POINT ( 'NONE',  ( -0.06515748031496067200, -0.2525000000000000600, 0.7681574803149606700 ) ) ;
#5196 = ORIENTED_EDGE ( 'NONE', *, *, #2933, .T. ) ;
#5197 = AXIS2_PLACEMENT_3D ( 'NONE', #8192, #2321, #8347 ) ;
#5198 = CARTESIAN_POINT ( 'NONE',  ( 0.9786058776227790600, -0.1771838596522949400, 0.01500000000000016600 ) ) ;
#5199 = VECTOR ( 'NONE', #977, 39.37007874015748100 ) ;
#5200 = ORIENTED_EDGE ( 'NONE', *, *, #1928, .F. ) ;
#5201 = ORIENTED_EDGE ( 'NONE', *, *, #4249, .F. ) ;
#5202 = ADVANCED_FACE ( 'NONE', ( #8144 ), #6000, .T. ) ;
#5203 = DIRECTION ( 'NONE',  ( -1.000000000000000000, -1.458800866809831600E-016, 3.623343611582382800E-015 ) ) ;
#5204 = CARTESIAN_POINT ( 'NONE',  ( 0.9786058776227789500, -0.1771838596522949400, 0.6900912614787636500 ) ) ;
#5205 = ORIENTED_EDGE ( 'NONE', *, *, #4854, .T. ) ;
#5206 = DIRECTION ( 'NONE',  ( -1.000000000000000000, -2.385472965096935500E-016, -3.441691376337984500E-015 ) ) ;
#5207 = DIRECTION ( 'NONE',  ( -0.0000000000000000000, 3.483718471400136600E-015, 1.000000000000000000 ) ) ;
#5208 = CARTESIAN_POINT ( 'NONE',  ( 0.1153543307086614100, 0.004804859663680982400, 0.8122440944881890200 ) ) ;
#5209 = LINE ( 'NONE', #1573, #3481 ) ;
#5210 = ORIENTED_EDGE ( 'NONE', *, *, #3226, .F. ) ;
#5211 = DIRECTION ( 'NONE',  ( -2.602085213965208300E-015, -0.0000000000000000000, -1.000000000000000000 ) ) ;
#5212 = CARTESIAN_POINT ( 'NONE',  ( 0.2974999999999999300, 0.2525000000000000600, 0.01499999999999999900 ) ) ;
#5213 = DIMENSIONAL_EXPONENTS ( 1.000000000000000000, 0.0000000000000000000, 0.0000000000000000000, 0.0000000000000000000, 0.0000000000000000000, 0.0000000000000000000, 0.0000000000000000000 ) ;
#5214 = DIRECTION ( 'NONE',  ( -1.000000000000000000, 2.385472965096935500E-016, 3.441691376337984500E-015 ) ) ;
#5215 = CARTESIAN_POINT ( 'NONE',  ( 0.07283464566929136200, 0.0000000000000000000, 0.8122440944881890200 ) ) ;
#5216 = EDGE_CURVE ( 'NONE', #1144, #4864, #9474, .T. ) ;
#5217 = EDGE_LOOP ( 'NONE', ( #6762, #4408, #4360 ) ) ;
#5218 = ORIENTED_EDGE ( 'NONE', *, *, #6960, .F. ) ;
#5219 = CARTESIAN_POINT ( 'NONE',  ( 0.2966278565449311800, 0.0000000000000000000, 0.8098162275806200000 ) ) ;
#5220 = AXIS2_PLACEMENT_3D ( 'NONE', #7690, #2482, #2559 ) ;
#5221 = EDGE_LOOP ( 'NONE', ( #4861, #10069, #8792, #3428 ) ) ;
#5222 = FACE_OUTER_BOUND ( 'NONE', #7878, .T. ) ;
#5223 = ORIENTED_EDGE ( 'NONE', *, *, #8747, .F. ) ;
#5224 = CARTESIAN_POINT ( 'NONE',  ( -0.2054877305761266000, -0.3327188667580496300, 0.4982514445364019100 ) ) ;
#5225 = UNCERTAINTY_MEASURE_WITH_UNIT (LENGTH_MEASURE( 1.000000000000000100E-005 ), #9420, 'distance_accuracy_value', 'NONE');
#5226 = EDGE_LOOP ( 'NONE', ( #4106, #2863, #10852, #2822 ) ) ;
#5227 = PRESENTATION_STYLE_ASSIGNMENT (( #9230 ) ) ;
#5228 = CARTESIAN_POINT ( 'NONE',  ( -0.03484251968503945100, -0.3855000000000022300, 0.6681574803149606900 ) ) ;
#5229 =( GEOMETRIC_REPRESENTATION_CONTEXT ( 3 ) GLOBAL_UNCERTAINTY_ASSIGNED_CONTEXT ( ( #1760 ) ) GLOBAL_UNIT_ASSIGNED_CONTEXT ( ( #10767, #3925, #6463 ) ) REPRESENTATION_CONTEXT ( 'NONE', 'WORKASPACE' ) );
#5230 = ORIENTED_EDGE ( 'NONE', *, *, #2420, .F. ) ;
#5231 = FACE_OUTER_BOUND ( 'NONE', #2891, .T. ) ;
#5232 = SURFACE_STYLE_USAGE ( .BOTH. , #1905 ) ;
#5233 = VECTOR ( 'NONE', #2143, 39.37007874015748100 ) ;
#5234 = ORIENTED_EDGE ( 'NONE', *, *, #6664, .F. ) ;
#5235 = EDGE_CURVE ( 'NONE', #1766, #4606, #1879, .T. ) ;
#5236 = EDGE_LOOP ( 'NONE', ( #6894, #9555, #4113, #913 ) ) ;
#5237 = PLANE ( 'NONE',  #78 ) ;
#5238 = CYLINDRICAL_SURFACE ( 'NONE', #3329, 0.009842519685039378600 ) ;
#5239 = CARTESIAN_POINT ( 'NONE',  ( -0.3125000000000025000, -0.2019842793760456800, 0.7479635790510822400 ) ) ;
#5240 = ORIENTED_EDGE ( 'NONE', *, *, #8549, .F. ) ;
#5241 = CARTESIAN_POINT ( 'NONE',  ( -0.2975000000000024800, 0.02872058991876547800, 0.7479635790510822400 ) ) ;
#5242 = DIRECTION ( 'NONE',  ( -1.000000000000000000, 0.0000000000000000000, 3.623343611582382000E-015 ) ) ;
#5243 = FACE_OUTER_BOUND ( 'NONE', #135, .T. ) ;
#5244 = CARTESIAN_POINT ( 'NONE',  ( -0.3125000000000027200, -0.2515000000000000600, 0.7214882898114468600 ) ) ;
#5245 = VECTOR ( 'NONE', #2804, 39.37007874015748900 ) ;
#5246 = SPHERICAL_SURFACE ( 'NONE', #593, 0.009842519685039369900 ) ;
#5247 = CARTESIAN_POINT ( 'NONE',  ( -0.09724409448818897800, 0.1522291837916265300, 0.5125280012291644200 ) ) ;
#5248 = AXIS2_PLACEMENT_3D ( 'NONE', #9208, #5116, #4117 ) ;
#5250 = CARTESIAN_POINT ( 'NONE',  ( 0.2717853368598917600, -0.2525000000000000600, 0.01499999999999999900 ) ) ;
#5249 = PRESENTATION_STYLE_ASSIGNMENT (( #4125 ) ) ;
#5251 = DIRECTION ( 'NONE',  ( 3.498098040667654100E-015, 0.0000000000000000000, 1.000000000000000000 ) ) ;
#5252 = DIRECTION ( 'NONE',  ( 2.366193544264534800E-015, 0.7071067811865571200, -0.7071067811865379100 ) ) ;
#5253 = EDGE_CURVE ( 'NONE', #9205, #7422, #1611, .T. ) ;
#5254 = MECHANICAL_DESIGN_GEOMETRIC_PRESENTATION_REPRESENTATION (  '', ( #3879 ), #5461 ) ;
#5255 = FACE_OUTER_BOUND ( 'NONE', #2196, .T. ) ;
#5256 = LINE ( 'NONE', #7707, #2424 ) ;
#5257 = DIRECTION ( 'NONE',  ( 0.0000000000000000000, -1.000000000000000000, 0.0000000000000000000 ) ) ;
#5258 = DIRECTION ( 'NONE',  ( -6.829619984160731600E-015, 0.0000000000000000000, -1.000000000000000000 ) ) ;
#5259 = FACE_OUTER_BOUND ( 'NONE', #8883, .T. ) ;
#5260 = LINE ( 'NONE', #128, #4976 ) ;
#5261 = EDGE_CURVE ( 'NONE', #7399, #2394, #4676, .T. ) ;
#5262 = CARTESIAN_POINT ( 'NONE',  ( 0.03031496062992127300, 0.1522291837916265600, 0.4674415849128674100 ) ) ;
#5263 =( NAMED_UNIT ( * ) PLANE_ANGLE_UNIT ( ) SI_UNIT ( $, .RADIAN. ) );
#5264 = CARTESIAN_POINT ( 'NONE',  ( 0.3065944881889773300, -0.2517928932188134300, 0.2810314960629909900 ) ) ;
#5265 = LINE ( 'NONE', #9691, #2585 ) ;
#5266 = CIRCLE ( 'NONE', #6428, 0.06400002813435827500 ) ;
#5267 = CARTESIAN_POINT ( 'NONE',  ( -0.2816278565449285000, -0.2515000000000000000, -0.005498733049304680600 ) ) ;
#5268 = VECTOR ( 'NONE', #6923, 39.37007874015748100 ) ;
#5269 = AXIS2_PLACEMENT_3D ( 'NONE', #8146, #8294, #9882 ) ;
#5270 = VERTEX_POINT ( 'NONE', #9446 ) ;
#5271 = ORIENTED_EDGE ( 'NONE', *, *, #4249, .T. ) ;
#5272 = CARTESIAN_POINT ( 'NONE',  ( -0.2975000000000023700, 0.2454289321881376600, 0.8349999999999999600 ) ) ;
#5273 = ORIENTED_EDGE ( 'NONE', *, *, #3720, .T. ) ;
#5274 = DIRECTION ( 'NONE',  ( 1.000000000000000000, 0.0000000000000000000, 0.0000000000000000000 ) ) ;
#5275 = ADVANCED_FACE ( 'NONE', ( #4936 ), #6121, .F. ) ;
#5276 = LINE ( 'NONE', #6826, #2448 ) ;
#5277 = DIRECTION ( 'NONE',  ( -1.000000000000000000, -0.0000000000000000000, -0.0000000000000000000 ) ) ;
#5278 = DIRECTION ( 'NONE',  ( 1.040834085586076100E-014, 0.0000000000000000000, -1.000000000000000000 ) ) ;
#5279 = VECTOR ( 'NONE', #7079, 39.37007874015748100 ) ;
#5280 = ORIENTED_EDGE ( 'NONE', *, *, #3577, .F. ) ;
#5281 = ORIENTED_EDGE ( 'NONE', *, *, #6387, .T. ) ;
#5282 = VERTEX_POINT ( 'NONE', #7795 ) ;
#5283 = DIRECTION ( 'NONE',  ( 0.0000000000000000000, 0.0000000000000000000, 1.000000000000000000 ) ) ;
#5284 = CARTESIAN_POINT ( 'NONE',  ( 0.2054877302721722900, -0.6172700275952924800, 0.4889530518230032500 ) ) ;
#5285 = ORIENTED_EDGE ( 'NONE', *, *, #10233, .F. ) ;
#5286 = AXIS2_PLACEMENT_3D ( 'NONE', #5507, #10563, #3827 ) ;
#5287 = DIRECTION ( 'NONE',  ( -0.0000000000000000000, -0.0000000000000000000, -1.000000000000000000 ) ) ;
#5288 = VECTOR ( 'NONE', #9539, 39.37007874015748100 ) ;
#5289 = EDGE_CURVE ( 'NONE', #3124, #745, #6967, .T. ) ;
#5290 = LINE ( 'NONE', #3532, #10477 ) ;
#5291 = DIRECTION ( 'NONE',  ( -0.0000000000000000000, -0.0000000000000000000, 1.000000000000000000 ) ) ;
#5292 = CARTESIAN_POINT ( 'NONE',  ( -0.07440944881889763300, 0.1522291837916265300, 0.5125280012291644200 ) ) ;
#5293 = ADVANCED_FACE ( 'NONE', ( #10655 ), #6931, .T. ) ;
#5294 = ORIENTED_EDGE ( 'NONE', *, *, #4107, .T. ) ;
#5295 = AXIS2_PLACEMENT_3D ( 'NONE', #2824, #1079, #3646 ) ;
#5296 = DIRECTION ( 'NONE',  ( -0.0000000000000000000, -0.0000000000000000000, -1.000000000000000000 ) ) ;
#5297 = ORIENTED_EDGE ( 'NONE', *, *, #3448, .T. ) ;
#5298 = ORIENTED_EDGE ( 'NONE', *, *, #2238, .T. ) ;
#5299 = ORIENTED_EDGE ( 'NONE', *, *, #966, .T. ) ;
#5300 = FACE_OUTER_BOUND ( 'NONE', #3936, .T. ) ;
#5301 = ORIENTED_EDGE ( 'NONE', *, *, #3993, .T. ) ;
#5302 = DIRECTION ( 'NONE',  ( 1.612295916596607500E-016, -0.7071067811865470200, 0.7071067811865481300 ) ) ;
#5303 = CARTESIAN_POINT ( 'NONE',  ( 0.2967928932188133600, 0.2525000000000000600, 0.01499999999999999900 ) ) ;
#5304 = CARTESIAN_POINT ( 'NONE',  ( 0.1799811510861111200, 0.06541338582677166900, 0.2157114503741968100 ) ) ;
#5305 = EDGE_LOOP ( 'NONE', ( #7150, #4877, #1880, #5415 ) ) ;
#5306 = STYLED_ITEM ( 'NONE', ( #6091 ), #9318 ) ;
#5307 = VERTEX_POINT ( 'NONE', #2666 ) ;
#5308 = ORIENTED_EDGE ( 'NONE', *, *, #4998, .F. ) ;
#5309 = EDGE_CURVE ( 'NONE', #3315, #1016, #10931, .T. ) ;
#5310 = DIRECTION ( 'NONE',  ( 0.0000000000000000000, 1.000000000000000000, 0.0000000000000000000 ) ) ;
#5311 = ORIENTED_EDGE ( 'NONE', *, *, #1748, .T. ) ;
#5312 = DIRECTION ( 'NONE',  ( -1.000000000000000000, 0.0000000000000000000, 0.0000000000000000000 ) ) ;
#5313 = CARTESIAN_POINT ( 'NONE',  ( 0.3125000000000026100, 0.1504527559055166800, 0.6900912614787659800 ) ) ;
#5314 = EDGE_LOOP ( 'NONE', ( #9160, #7349, #1594, #4649 ) ) ;
#5315 = DIRECTION ( 'NONE',  ( 0.0000000000000000000, 1.000000000000000000, -0.0000000000000000000 ) ) ;
#5316 = LINE ( 'NONE', #1960, #5183 ) ;
#5317 = VERTEX_POINT ( 'NONE', #7936 ) ;
#5318 = DIRECTION ( 'NONE',  ( 0.0000000000000000000, -1.000000000000000000, -0.0000000000000000000 ) ) ;
#5319 = AXIS2_PLACEMENT_3D ( 'NONE', #7562, #2430, #8385 ) ;
#5320 = CARTESIAN_POINT ( 'NONE',  ( 0.3294888549426421300, 0.1454527559055148200, 0.4341697174925328600 ) ) ;
#5321 = EDGE_CURVE ( 'NONE', #1708, #3370, #2393, .T. ) ;
#5322 = CARTESIAN_POINT ( 'NONE',  ( -0.2054877262871946400, -0.3275000000000013500, 0.3670469428126474400 ) ) ;
#5323 = UNCERTAINTY_MEASURE_WITH_UNIT (LENGTH_MEASURE( 1.000000000000000100E-005 ), #3338, 'distance_accuracy_value', 'NONE');
#5324 = DIRECTION ( 'NONE',  ( 1.000000000000000000, -0.0000000000000000000, -0.0000000000000000000 ) ) ;
#5325 = VECTOR ( 'NONE', #1592, 39.37007874015748100 ) ;
#5326 = VERTEX_POINT ( 'NONE', #7835 ) ;
#5327 = DIRECTION ( 'NONE',  ( 0.0000000000000000000, 1.000000000000000000, 0.0000000000000000000 ) ) ;
#5328 = PLANE ( 'NONE',  #5917 ) ;
#5329 = EDGE_CURVE ( 'NONE', #7459, #3840, #5074, .T. ) ;
#5330 = ORIENTED_EDGE ( 'NONE', *, *, #3860, .F. ) ;
#5331 = CARTESIAN_POINT ( 'NONE',  ( 0.3125000000000025000, -0.1378615124517496300, 0.7529635790510823500 ) ) ;
#5332 = ADVANCED_FACE ( 'NONE', ( #1329 ), #9518, .F. ) ;
#5333 = DIRECTION ( 'NONE',  ( -2.237499376342115200E-016, 1.000000000000000000, -6.842163256825777700E-015 ) ) ;
#5334 = FACE_OUTER_BOUND ( 'NONE', #6027, .T. ) ;
#5335 = DIRECTION ( 'NONE',  ( -1.000000000000000000, -0.0000000000000000000, -0.0000000000000000000 ) ) ;
#5336 = EDGE_CURVE ( 'NONE', #2640, #10034, #155, .T. ) ;
#5337 = AXIS2_PLACEMENT_3D ( 'NONE', #3633, #3703, #9561 ) ;
#5338 = ORIENTED_EDGE ( 'NONE', *, *, #9657, .T. ) ;
#5339 = CARTESIAN_POINT ( 'NONE',  ( -0.3125000000000023900, 0.2454289321881375800, 0.8200000000000001700 ) ) ;
#5340 = EDGE_LOOP ( 'NONE', ( #891, #1321, #6468, #6492 ) ) ;
#5341 = CARTESIAN_POINT ( 'NONE',  ( 0.3124999999999998300, 0.2519107443490112800, 0.01107300918301270700 ) ) ;
#5342 = EDGE_CURVE ( 'NONE', #7851, #8067, #5749, .T. ) ;
#5343 = SURFACE_SIDE_STYLE ('',( #3914 ) ) ;
#5344 = ADVANCED_FACE ( 'NONE', ( #3492 ), #7775, .T. ) ;
#5345 = VECTOR ( 'NONE', #10533, 39.37007874015748100 ) ;
#5346 = ORIENTED_EDGE ( 'NONE', *, *, #7456, .F. ) ;
#5347 = DIRECTION ( 'NONE',  ( 0.0000000000000000000, -3.469446951953613800E-015, 1.000000000000000000 ) ) ;
#5348 = DIRECTION ( 'NONE',  ( 0.0000000000000000000, 0.7071067811865571200, -0.7071067811865379100 ) ) ;
#5349 = DIRECTION ( 'NONE',  ( -0.5773502691896259500, -0.5773502691896259500, -0.5773502691896251800 ) ) ;
#5350 = AXIS2_PLACEMENT_3D ( 'NONE', #3580, #4572, #9627 ) ;
#5351 = CARTESIAN_POINT ( 'NONE',  ( -0.2980923226389982100, 2.401980572579086400E-016, 0.7127832100872321100 ) ) ;
#5352 = ORIENTED_EDGE ( 'NONE', *, *, #5754, .F. ) ;
#5353 = DIRECTION ( 'NONE',  ( -1.000000000000000000, 3.594536833768767100E-016, 0.0000000000000000000 ) ) ;
#5354 = VECTOR ( 'NONE', #9621, 39.37007874015748100 ) ;
#5355 = EDGE_LOOP ( 'NONE', ( #2180, #2308, #2344, #7622 ) ) ;
#5356 = DIRECTION ( 'NONE',  ( 1.000000000000000000, -1.458800866809831600E-016, 3.623343611582382000E-015 ) ) ;
#5357 = CARTESIAN_POINT ( 'NONE',  ( -0.2054877260729794400, -0.3280966167401616100, 0.3604937960199826000 ) ) ;
#5358 = CARTESIAN_POINT ( 'NONE',  ( 0.2966278565449310100, 0.08784335684306161800, 0.7479635790510821300 ) ) ;
#5359 = ORIENTED_EDGE ( 'NONE', *, *, #9602, .F. ) ;
#5360 = CYLINDRICAL_SURFACE ( 'NONE', #4137, 0.02000000000000005900 ) ;
#5361 = CIRCLE ( 'NONE', #1432, 0.004999999999999946300 ) ;
#5362 = ORIENTED_EDGE ( 'NONE', *, *, #6470, .T. ) ;
#5363 = UNCERTAINTY_MEASURE_WITH_UNIT (LENGTH_MEASURE( 1.000000000000000100E-005 ), #10959, 'distance_accuracy_value', 'NONE');
#5364 = AXIS2_PLACEMENT_3D ( 'NONE', #10487, #312, #1195 ) ;
#5365 = EDGE_CURVE ( 'NONE', #5137, #6903, #7902, .T. ) ;
#5366 = VERTEX_POINT ( 'NONE', #7004 ) ;
#5367 = FACE_OUTER_BOUND ( 'NONE', #5236, .T. ) ;
#5368 = DIRECTION ( 'NONE',  ( -1.000000000000000000, -0.0000000000000000000, -3.493822457470852400E-015 ) ) ;
#5369 = EDGE_CURVE ( 'NONE', #9027, #7037, #956, .T. ) ;
#5370 = LINE ( 'NONE', #2284, #5625 ) ;
#5371 = CYLINDRICAL_SURFACE ( 'NONE', #6040, 0.02000000000000005900 ) ;
#5372 = FACE_OUTER_BOUND ( 'NONE', #8213, .T. ) ;
#5373 = VERTEX_POINT ( 'NONE', #7976 ) ;
#5374 = DIRECTION ( 'NONE',  ( 0.0000000000000000000, 1.000000000000000000, 0.0000000000000000000 ) ) ;
#5375 = FACE_OUTER_BOUND ( 'NONE', #1830, .T. ) ;
#5376 = FACE_OUTER_BOUND ( 'NONE', #3833, .T. ) ;
#5377 = EDGE_CURVE ( 'NONE', #4924, #5604, #6682, .T. ) ;
#5378 = DIRECTION ( 'NONE',  ( 0.0000000000000000000, -1.000000000000000000, 2.551844114882811400E-016 ) ) ;
#5379 = ADVANCED_FACE ( 'NONE', ( #9604 ), #8766, .F. ) ;
#5380 = CIRCLE ( 'NONE', #10585, 0.01500000000000001200 ) ;
#5381 = DIRECTION ( 'NONE',  ( 0.0000000000000000000, 1.000000000000000000, -0.0000000000000000000 ) ) ;
#5382 = CARTESIAN_POINT ( 'NONE',  ( -0.2717853368598916500, 5.835197631456062400E-015, 0.8200000000000017300 ) ) ;
#5383 = DIRECTION ( 'NONE',  ( 0.0000000000000000000, 1.000000000000000000, 0.0000000000000000000 ) ) ;
#5384 = ORIENTED_EDGE ( 'NONE', *, *, #8993, .F. ) ;
#5385 = EDGE_CURVE ( 'NONE', #648, #9019, #3341, .T. ) ;
#5386 = DIRECTION ( 'NONE',  ( 0.0000000000000000000, 1.000000000000000000, 2.551844114882811400E-016 ) ) ;
#5387 = COLOUR_RGB ( '',1.000000000000000000, 1.000000000000000000, 1.000000000000000000 ) ;
#5388 = VECTOR ( 'NONE', #3937, 39.37007874015748100 ) ;
#5389 = DIRECTION ( 'NONE',  ( 0.08715574274766170500, 0.0000000000000000000, -0.9961946980917451000 ) ) ;
#5390 = VECTOR ( 'NONE', #10307, 39.37007874015748100 ) ;
#5391 = DIRECTION ( 'NONE',  ( 0.0000000000000000000, 1.258127052980947800E-016, -1.000000000000000000 ) ) ;
#5392 = ADVANCED_FACE ( 'NONE', ( #5222 ), #1100, .T. ) ;
#5393 = VECTOR ( 'NONE', #6833, 39.37007874015748100 ) ;
#5394 = LINE ( 'NONE', #568, #3097 ) ;
#5395 = EDGE_CURVE ( 'NONE', #6049, #513, #1083, .T. ) ;
#5396 = MECHANICAL_DESIGN_GEOMETRIC_PRESENTATION_REPRESENTATION (  '', ( #5983 ), #4417 ) ;
#5397 = DIRECTION ( 'NONE',  ( 0.0000000000000000000, 1.000000000000000000, 0.0000000000000000000 ) ) ;
#5398 = FACE_OUTER_BOUND ( 'NONE', #8776, .T. ) ;
#5399 = DIRECTION ( 'NONE',  ( 1.000000000000000000, -0.0000000000000000000, -0.0000000000000000000 ) ) ;
#5400 = LINE ( 'NONE', #8787, #10197 ) ;
#5401 = EDGE_CURVE ( 'NONE', #9574, #171, #4381, .T. ) ;
#5402 = FACE_OUTER_BOUND ( 'NONE', #2345, .T. ) ;
#5403 = CARTESIAN_POINT ( 'NONE',  ( 0.2967928932188132500, 0.2675000000000049000, 0.8199999999999998400 ) ) ;
#5404 = VERTEX_POINT ( 'NONE', #4532 ) ;
#5405 = ORIENTED_EDGE ( 'NONE', *, *, #5446, .F. ) ;
#5406 = DIRECTION ( 'NONE',  ( -3.453004075404071500E-015, 0.0000000000000000000, 1.000000000000000000 ) ) ;
#5407 = ORIENTED_EDGE ( 'NONE', *, *, #9452, .F. ) ;
#5408 = ORIENTED_EDGE ( 'NONE', *, *, #2525, .T. ) ;
#5409 = CARTESIAN_POINT ( 'NONE',  ( -0.2975000000000022600, 0.2675000000000011800, 0.3396922742592156700 ) ) ;
#5410 = ORIENTED_EDGE ( 'NONE', *, *, #7181, .F. ) ;
#5411 = VECTOR ( 'NONE', #196, 39.37007874015748100 ) ;
#5412 = CARTESIAN_POINT ( 'NONE',  ( 0.2966278565449284000, 7.575411295430414200E-017, -0.005498733049304680600 ) ) ;
#5413 = FILL_AREA_STYLE_COLOUR ( '', #2569 ) ;
#5414 = ORIENTED_EDGE ( 'NONE', *, *, #249, .F. ) ;
#5415 = ORIENTED_EDGE ( 'NONE', *, *, #6119, .T. ) ;
#5416 = ORIENTED_EDGE ( 'NONE', *, *, #9575, .F. ) ;
#5417 = DIRECTION ( 'NONE',  ( 0.0000000000000000000, 1.000000000000000000, -3.483718471400136200E-015 ) ) ;
#5418 = VERTEX_POINT ( 'NONE', #5322 ) ;
#5419 = DIRECTION ( 'NONE',  ( -0.0000000000000000000, -1.000000000000000000, 0.0000000000000000000 ) ) ;
#5420 = LINE ( 'NONE', #9282, #91 ) ;
#5421 = EDGE_LOOP ( 'NONE', ( #9807, #3437, #7476, #461 ) ) ;
#5422 = VECTOR ( 'NONE', #9325, 39.37007874015748100 ) ;
#5423 = CARTESIAN_POINT ( 'NONE',  ( 0.08484251968503923900, -0.5313388496530164800, 0.6681574803149606900 ) ) ;
#5424 = ORIENTED_EDGE ( 'NONE', *, *, #9870, .F. ) ;
#5425 = PLANE ( 'NONE',  #3531 ) ;
#5426 = ORIENTED_EDGE ( 'NONE', *, *, #1733, .F. ) ;
#5427 = ORIENTED_EDGE ( 'NONE', *, *, #5156, .T. ) ;
#5428 = PRESENTATION_LAYER_ASSIGNMENT (  '', '', ( #1568 ) ) ;
#5429 = CARTESIAN_POINT ( 'NONE',  ( -0.08484251968503943300, -0.5313388496530164800, 0.7681574803149606700 ) ) ;
#5430 = EDGE_CURVE ( 'NONE', #275, #3926, #2810, .T. ) ;
#5431 = ORIENTED_EDGE ( 'NONE', *, *, #3735, .F. ) ;
#5432 = CARTESIAN_POINT ( 'NONE',  ( -0.1799811510861111200, 0.06541338582677164200, 0.2157114503741968100 ) ) ;
#5433 = ORIENTED_EDGE ( 'NONE', *, *, #6678, .F. ) ;
#5434 = VECTOR ( 'NONE', #3846, 39.37007874015748100 ) ;
#5435 = AXIS2_PLACEMENT_3D ( 'NONE', #369, #5504, #9670 ) ;
#5436 = CARTESIAN_POINT ( 'NONE',  ( 0.1848425196850392300, -0.3855000000000022900, 0.6878425196850395100 ) ) ;
#5437 = ORIENTED_EDGE ( 'NONE', *, *, #1409, .T. ) ;
#5438 = ADVANCED_FACE ( 'NONE', ( #2128 ), #5425, .T. ) ;
#5439 = FACE_OUTER_BOUND ( 'NONE', #5865, .T. ) ;
#5440 = ORIENTED_EDGE ( 'NONE', *, *, #1030, .F. ) ;
#5441 = CARTESIAN_POINT ( 'NONE',  ( -0.2966278565449310700, 0.04459782299446940500, 0.7529635790510820200 ) ) ;
#5442 = ORIENTED_EDGE ( 'NONE', *, *, #959, .F. ) ;
#5443 = DIRECTION ( 'NONE',  ( -1.000000000000000000, 2.385472965096935500E-016, 3.441691376337984500E-015 ) ) ;
#5444 = ORIENTED_EDGE ( 'NONE', *, *, #8706, .F. ) ;
#5445 = DIRECTION ( 'NONE',  ( 0.0000000000000000000, -3.201382960249446300E-015, 1.000000000000000000 ) ) ;
#5446 = EDGE_CURVE ( 'NONE', #207, #620, #801, .T. ) ;
#5447 = ORIENTED_EDGE ( 'NONE', *, *, #8641, .T. ) ;
#5448 = FILL_AREA_STYLE ('',( #10439 ) ) ;
#5449 = VECTOR ( 'NONE', #8290, 39.37007874015748100 ) ;
#5450 = ORIENTED_EDGE ( 'NONE', *, *, #2160, .F. ) ;
#5451 = CARTESIAN_POINT ( 'NONE',  ( -0.2717853368598916500, 0.2426574803149606500, 0.8101574803149606000 ) ) ;
#5452 = ADVANCED_FACE ( 'NONE', ( #3052 ), #8992, .F. ) ;
#5453 = CARTESIAN_POINT ( 'NONE',  ( -0.3125000000000027200, 0.1504527559055146300, 0.7179527559055113300 ) ) ;
#5454 = DIRECTION ( 'NONE',  ( 1.000000000000000000, 0.0000000000000000000, 0.0000000000000000000 ) ) ;
#5455 = PLANE ( 'NONE',  #7084 ) ;
#5456 = AXIS2_PLACEMENT_3D ( 'NONE', #5656, #6480, #1361 ) ;
#5457 = LINE ( 'NONE', #3969, #9046 ) ;
#5458 = FACE_OUTER_BOUND ( 'NONE', #5922, .T. ) ;
#5459 = CARTESIAN_POINT ( 'NONE',  ( -0.08011811023622049400, -0.1855660917989245300, 0.03468503937007873200 ) ) ;
#5460 = EDGE_CURVE ( 'NONE', #9375, #8490, #667, .T. ) ;
#5461 =( GEOMETRIC_REPRESENTATION_CONTEXT ( 3 ) GLOBAL_UNCERTAINTY_ASSIGNED_CONTEXT ( ( #107 ) ) GLOBAL_UNIT_ASSIGNED_CONTEXT ( ( #2733, #4390, #4350 ) ) REPRESENTATION_CONTEXT ( 'NONE', 'WORKASPACE' ) );
#5462 = ORIENTED_EDGE ( 'NONE', *, *, #386, .F. ) ;
#5463 = LINE ( 'NONE', #6979, #2373 ) ;
#5464 = ORIENTED_EDGE ( 'NONE', *, *, #8684, .F. ) ;
#5465 = EDGE_CURVE ( 'NONE', #2384, #6938, #6957, .T. ) ;
#5466 = ORIENTED_EDGE ( 'NONE', *, *, #4612, .T. ) ;
#5467 = CARTESIAN_POINT ( 'NONE',  ( 0.2977445680324977100, 0.1454527559055146500, 0.8098162275806200000 ) ) ;
#5468 = CARTESIAN_POINT ( 'NONE',  ( 0.2966278565449310700, -0.1811070463003417700, 0.7740197545653726400 ) ) ;
#5469 = EDGE_LOOP ( 'NONE', ( #8751, #752, #1621, #1172 ) ) ;
#5470 = PLANE ( 'NONE',  #1408 ) ;
#5471 = FACE_OUTER_BOUND ( 'NONE', #5048, .T. ) ;
#5472 = ORIENTED_EDGE ( 'NONE', *, *, #8672, .F. ) ;
#5473 =( NAMED_UNIT ( * ) SI_UNIT ( $, .STERADIAN. ) SOLID_ANGLE_UNIT ( ) );
#5474 = EDGE_LOOP ( 'NONE', ( #8999, #6738, #6242, #3337 ) ) ;
#5475 = DIRECTION ( 'NONE',  ( 0.0000000000000000000, -0.0000000000000000000, 1.000000000000000000 ) ) ;
#5476 = EDGE_LOOP ( 'NONE', ( #10318, #5466, #4602, #9982 ) ) ;
#5477 = FACE_OUTER_BOUND ( 'NONE', #1131, .T. ) ;
#5478 = CARTESIAN_POINT ( 'NONE',  ( -0.3065944881889773300, -0.2438779527559034600, 0.2849685039368462000 ) ) ;
#5479 = VERTEX_POINT ( 'NONE', #10621 ) ;
#5480 = VECTOR ( 'NONE', #2544, 39.37007874015748100 ) ;
#5481 = VERTEX_POINT ( 'NONE', #6456 ) ;
#5482 = DIRECTION ( 'NONE',  ( -1.000000000000000000, 3.594536833768767100E-016, 0.0000000000000000000 ) ) ;
#5483 = DIRECTION ( 'NONE',  ( 0.0000000000000000000, 0.0000000000000000000, 1.000000000000000000 ) ) ;
#5484 = ADVANCED_FACE ( 'NONE', ( #6669 ), #9805, .T. ) ;
#5485 = VECTOR ( 'NONE', #4948, 39.37007874015748100 ) ;
#5486 = AXIS2_PLACEMENT_3D ( 'NONE', #10286, #4228, #4298 ) ;
#5487 = ORIENTED_EDGE ( 'NONE', *, *, #8093, .F. ) ;
#5488 = SURFACE_STYLE_USAGE ( .BOTH. , #3838 ) ;
#5489 = CARTESIAN_POINT ( 'NONE',  ( 3.126991719028464500E-017, -0.1371408949485307900, 0.01499999999999999900 ) ) ;
#5490 = AXIS2_PLACEMENT_3D ( 'NONE', #10873, #10830, #4880 ) ;
#5491 = VECTOR ( 'NONE', #10353, 39.37007874015748100 ) ;
#5492 = ORIENTED_EDGE ( 'NONE', *, *, #7066, .F. ) ;
#5493 = VERTEX_POINT ( 'NONE', #494 ) ;
#5495 = DIRECTION ( 'NONE',  ( 0.0000000000000000000, 0.0000000000000000000, -1.000000000000000000 ) ) ;
#5494 = CYLINDRICAL_SURFACE ( 'NONE', #5699, 0.009842519685039378600 ) ;
#5496 = ORIENTED_EDGE ( 'NONE', *, *, #8111, .T. ) ;
#5497 = DIRECTION ( 'NONE',  ( -0.0000000000000000000, 1.000000000000000000, 0.0000000000000000000 ) ) ;
#5498 = ADVANCED_FACE ( 'NONE', ( #8947 ), #388, .T. ) ;
#5499 = LINE ( 'NONE', #7948, #2958 ) ;
#5500 = CARTESIAN_POINT ( 'NONE',  ( 0.2975000000000021500, 0.2675000000000032400, 0.3396922742592156100 ) ) ;
#5501 = VECTOR ( 'NONE', #8855, 39.37007874015748900 ) ;
#5502 = MECHANICAL_DESIGN_GEOMETRIC_PRESENTATION_REPRESENTATION (  '', ( #3778 ), #10067 ) ;
#5503 = FACE_OUTER_BOUND ( 'NONE', #5622, .T. ) ;
#5504 = DIRECTION ( 'NONE',  ( -3.453004075404071500E-015, 2.551844114882811900E-016, -1.000000000000000000 ) ) ;
#5505 = EDGE_CURVE ( 'NONE', #7282, #5134, #3856, .T. ) ;
#5506 = CIRCLE ( 'NONE', #2168, 0.06400000250777354600 ) ;
#5507 = CARTESIAN_POINT ( 'NONE',  ( 0.3125000000000009400, -0.2438779527559034600, 0.2829999999999988600 ) ) ;
#5508 =( LENGTH_UNIT ( ) NAMED_UNIT ( * ) SI_UNIT ( $, .METRE. ) );
#5509 = VECTOR ( 'NONE', #6621, 39.37007874015748100 ) ;
#5510 = FACE_OUTER_BOUND ( 'NONE', #8219, .T. ) ;
#5511 = DIRECTION ( 'NONE',  ( 0.0000000000000000000, 0.0000000000000000000, 1.000000000000000000 ) ) ;
#5512 = VECTOR ( 'NONE', #2914, 39.37007874015748100 ) ;
#5513 = DIRECTION ( 'NONE',  ( 1.000000000000000000, -0.0000000000000000000, -0.0000000000000000000 ) ) ;
#5514 = AXIS2_PLACEMENT_3D ( 'NONE', #9969, #4902, #6515 ) ;
#5515 =( LENGTH_UNIT ( ) NAMED_UNIT ( * ) SI_UNIT ( $, .METRE. ) );
#5516 = LINE ( 'NONE', #6140, #7663 ) ;
#5517 = CARTESIAN_POINT ( 'NONE',  ( 0.3125000000000026100, 0.1504527559055176300, 0.7179527559055123300 ) ) ;
#5518 = DIRECTION ( 'NONE',  ( -6.982962677686267500E-015, -7.383747941928983900E-015, -1.000000000000000000 ) ) ;
#5519 = EDGE_CURVE ( 'NONE', #802, #98, #8137, .T. ) ;
#5520 = DIRECTION ( 'NONE',  ( 0.0000000000000000000, -3.431785758285150200E-014, -1.000000000000000000 ) ) ;
#5521 = LINE ( 'NONE', #10781, #3247 ) ;
#5522 = COLOUR_RGB ( '',0.2509803921568627400, 0.2509803921568627400, 0.2509803921568627400 ) ;
#5523 = ORIENTED_EDGE ( 'NONE', *, *, #2648, .T. ) ;
#5524 = ORIENTED_EDGE ( 'NONE', *, *, #9577, .T. ) ;
#5525 = VERTEX_POINT ( 'NONE', #4605 ) ;
#5526 = EDGE_CURVE ( 'NONE', #9873, #1809, #8271, .T. ) ;
#5527 = PLANE ( 'NONE',  #8408 ) ;
#5528 = CIRCLE ( 'NONE', #296, 0.009842519685039378600 ) ;
#5529 = LINE ( 'NONE', #3159, #1139 ) ;
#5530 = CARTESIAN_POINT ( 'NONE',  ( -0.01220472440944881700, 0.1522291837916265300, 0.5125280012291644200 ) ) ;
#5531 = VECTOR ( 'NONE', #10894, 39.37007874015748100 ) ;
#5532 = EDGE_CURVE ( 'NONE', #1316, #4870, #5869, .T. ) ;
#5533 = AXIS2_PLACEMENT_3D ( 'NONE', #3605, #1136, #5283 ) ;
#5534 = STYLED_ITEM ( 'NONE', ( #6430 ), #10824 ) ;
#5535 = CARTESIAN_POINT ( 'NONE',  ( -0.3016278565449311300, 0.3252500136692980100, 0.7163187439931647500 ) ) ;
#5536 = EDGE_LOOP ( 'NONE', ( #9983, #8802, #8619, #3405 ) ) ;
#5537 = ORIENTED_EDGE ( 'NONE', *, *, #7502, .T. ) ;
#5538 = EDGE_LOOP ( 'NONE', ( #883, #2985, #1187, #4635 ) ) ;
#5539 = ADVANCED_FACE ( 'NONE', ( #10535 ), #5527, .F. ) ;
#5540 = ORIENTED_EDGE ( 'NONE', *, *, #8297, .F. ) ;
#5541 = ORIENTED_EDGE ( 'NONE', *, *, #1447, .F. ) ;
#5542 = LINE ( 'NONE', #7773, #6469 ) ;
#5543 = EDGE_CURVE ( 'NONE', #10144, #3745, #4544, .T. ) ;
#5544 = CIRCLE ( 'NONE', #4775, 0.004999999999999946300 ) ;
#5545 = CARTESIAN_POINT ( 'NONE',  ( -0.2486744556699771700, 0.06541338582677164200, 0.01500000000000001900 ) ) ;
#5546 = CARTESIAN_POINT ( 'NONE',  ( 0.2816278565449312800, -1.021197244730353200, 0.09374015748031505600 ) ) ;
#5547 = DIRECTION ( 'NONE',  ( 0.9961946980917451000, -0.0000000000000000000, 0.08715574274766177400 ) ) ;
#5548 = ORIENTED_EDGE ( 'NONE', *, *, #1571, .T. ) ;
#5549 = DIRECTION ( 'NONE',  ( 2.383254761742044600E-016, 0.0000000000000000000, -1.000000000000000000 ) ) ;
#5550 = VERTEX_POINT ( 'NONE', #1237 ) ;
#5551 = EDGE_LOOP ( 'NONE', ( #10831, #9128, #7375, #1932, #8908, #2937 ) ) ;
#5552 = DIRECTION ( 'NONE',  ( 0.0000000000000000000, -1.000000000000000000, -0.0000000000000000000 ) ) ;
#5553 = EDGE_LOOP ( 'NONE', ( #5362, #5281, #8143, #7442 ) ) ;
#5554 = AXIS2_PLACEMENT_3D ( 'NONE', #8511, #7677, #6974 ) ;
#5555 = CARTESIAN_POINT ( 'NONE',  ( -0.2966278565449310700, -0.1861070463003418300, 0.7690197545653726400 ) ) ;
#5556 = ADVANCED_FACE ( 'NONE', ( #5599 ), #8965, .F. ) ;
#5557 = SURFACE_STYLE_USAGE ( .BOTH. , #5660 ) ;
#5558 = VERTEX_POINT ( 'NONE', #9762 ) ;
#5559 = VECTOR ( 'NONE', #1614, 39.37007874015748900 ) ;
#5560 = CARTESIAN_POINT ( 'NONE',  ( -0.2417957872900946000, 0.04959782299446938200, 0.7690197545653725300 ) ) ;
#5561 = ORIENTED_EDGE ( 'NONE', *, *, #9251, .T. ) ;
#5562 = DIRECTION ( 'NONE',  ( 0.0000000000000000000, -1.000000000000000000, 5.103688229765622800E-016 ) ) ;
#5563 = VERTEX_POINT ( 'NONE', #8210 ) ;
#5564 = ORIENTED_EDGE ( 'NONE', *, *, #4732, .T. ) ;
#5565 = CARTESIAN_POINT ( 'NONE',  ( -0.06515748031496067200, -0.5313388496530164800, 0.7681574803149606700 ) ) ;
#5566 = ORIENTED_EDGE ( 'NONE', *, *, #1529, .T. ) ;
#5567 = DIRECTION ( 'NONE',  ( 0.0000000000000000000, 0.0000000000000000000, 1.000000000000000000 ) ) ;
#5568 = ORIENTED_EDGE ( 'NONE', *, *, #1820, .T. ) ;
#5569 = VECTOR ( 'NONE', #5324, 39.37007874015748100 ) ;
#5570 = VERTEX_POINT ( 'NONE', #9871 ) ;
#5571 = EDGE_CURVE ( 'NONE', #10091, #2594, #16, .T. ) ;
#5572 = DIRECTION ( 'NONE',  ( -1.000000000000000000, 0.0000000000000000000, 3.498098040667654100E-015 ) ) ;
#5573 = EDGE_CURVE ( 'NONE', #6754, #5631, #8700, .T. ) ;
#5574 = PLANE ( 'NONE',  #9364 ) ;
#5575 = EDGE_CURVE ( 'NONE', #3446, #7888, #2672, .T. ) ;
#5576 = FACE_OUTER_BOUND ( 'NONE', #2000, .T. ) ;
#5577 = ORIENTED_EDGE ( 'NONE', *, *, #4477, .T. ) ;
#5578 = PLANE ( 'NONE',  #2801 ) ;
#5579 = CARTESIAN_POINT ( 'NONE',  ( 0.09566929133858267900, 0.1522291837916265600, 0.0000000000000000000 ) ) ;
#5580 = AXIS2_PLACEMENT_3D ( 'NONE', #10840, #2348, #3968 ) ;
#5581 = DIRECTION ( 'NONE',  ( 0.0000000000000000000, 1.000000000000000000, -3.483718471400136200E-015 ) ) ;
#5582 = ORIENTED_EDGE ( 'NONE', *, *, #325, .F. ) ;
#5583 = CARTESIAN_POINT ( 'NONE',  ( -0.2249999999999999800, -0.3275000000000013500, 0.4279999999999999400 ) ) ;
#5584 = EDGE_CURVE ( 'NONE', #3963, #3874, #5737, .T. ) ;
#5585 = EDGE_CURVE ( 'NONE', #10117, #1084, #2246, .T. ) ;
#5586 = VERTEX_POINT ( 'NONE', #3165 ) ;
#5587 = CARTESIAN_POINT ( 'NONE',  ( -0.2445122359227342400, -0.3725573093637918900, 0.3776642200210644800 ) ) ;
#5588 = DIRECTION ( 'NONE',  ( 0.0000000000000000000, 1.000000000000000000, 0.0000000000000000000 ) ) ;
#5589 = CARTESIAN_POINT ( 'NONE',  ( 0.3125000000000008900, -0.2517928932188134300, 0.2633149606299201600 ) ) ;
#5590 = CARTESIAN_POINT ( 'NONE',  ( -0.2445122359227436800, -0.3625000000000013800, 0.3670469609432717700 ) ) ;
#5591 = COLOUR_RGB ( '',0.7921568627450980000, 0.8196078431372548800, 0.9333333333333333500 ) ;
#5592 = LINE ( 'NONE', #9041, #6796 ) ;
#5593 = ORIENTED_EDGE ( 'NONE', *, *, #8244, .T. ) ;
#5594 = EDGE_CURVE ( 'NONE', #5373, #7802, #945, .T. ) ;
#5595 = CARTESIAN_POINT ( 'NONE',  ( 0.08484251968503923900, -0.2525000000000000600, 0.6878425196850395100 ) ) ;
#5596 = ADVANCED_FACE ( 'NONE', ( #4666 ), #1449, .T. ) ;
#5597 =( GEOMETRIC_REPRESENTATION_CONTEXT ( 3 ) GLOBAL_UNCERTAINTY_ASSIGNED_CONTEXT ( ( #252 ) ) GLOBAL_UNIT_ASSIGNED_CONTEXT ( ( #2837, #2773, #4522 ) ) REPRESENTATION_CONTEXT ( 'NONE', 'WORKASPACE' ) );
#5598 = EDGE_LOOP ( 'NONE', ( #4632, #5000, #7125, #3109 ) ) ;
#5599 = FACE_OUTER_BOUND ( 'NONE', #7532, .T. ) ;
#5600 = ORIENTED_EDGE ( 'NONE', *, *, #10383, .F. ) ;
#5601 = EDGE_CURVE ( 'NONE', #9262, #5373, #2931, .T. ) ;
#5602 = AXIS2_PLACEMENT_3D ( 'NONE', #5992, #3327, #9467 ) ;
#5603 = PLANE ( 'NONE',  #6163 ) ;
#5604 = VERTEX_POINT ( 'NONE', #3081 ) ;
#5605 = EDGE_CURVE ( 'NONE', #344, #9962, #2383, .T. ) ;
#5606 = ORIENTED_EDGE ( 'NONE', *, *, #3086, .T. ) ;
#5607 = CARTESIAN_POINT ( 'NONE',  ( 0.1153543307086614100, 0.0000000000000000000, 0.8122440944881890200 ) ) ;
#5608 = VECTOR ( 'NONE', #216, 39.37007874015748100 ) ;
#5609 = VERTEX_POINT ( 'NONE', #10725 ) ;
#5610 = CARTESIAN_POINT ( 'NONE',  ( 0.2054877305750837100, -0.3317807753338009600, 0.4982195409955727000 ) ) ;
#5611 = CARTESIAN_POINT ( 'NONE',  ( -0.3016278565449310200, 0.1454527559055146500, 0.7163187439931648600 ) ) ;
#5612 = AXIS2_PLACEMENT_3D ( 'NONE', #8257, #6536, #10738 ) ;
#5613 = ORIENTED_EDGE ( 'NONE', *, *, #5666, .T. ) ;
#5614 = DIRECTION ( 'NONE',  ( -1.000000000000000000, 0.0000000000000000000, 0.0000000000000000000 ) ) ;
#5615 = VECTOR ( 'NONE', #6171, 39.37007874015748100 ) ;
#5616 = CARTESIAN_POINT ( 'NONE',  ( -0.2975000000000001500, -0.1771838596522949400, 0.01500000000000011400 ) ) ;
#5617 = VECTOR ( 'NONE', #4220, 39.37007874015748900 ) ;
#5618 = ORIENTED_EDGE ( 'NONE', *, *, #458, .F. ) ;
#5619 = DIRECTION ( 'NONE',  ( -1.000000000000000000, 2.385472965096935500E-016, 3.441691376337984500E-015 ) ) ;
#5620 = CARTESIAN_POINT ( 'NONE',  ( -0.1594488188976377900, 0.1522291837916265300, 0.5125280012291644200 ) ) ;
#5621 = VECTOR ( 'NONE', #2009, 39.37007874015748100 ) ;
#5622 = EDGE_LOOP ( 'NONE', ( #3196, #9292, #3406, #1551 ) ) ;
#5623 = CARTESIAN_POINT ( 'NONE',  ( -0.2445122359226354600, -0.3625000000000013800, 0.4889530390574056100 ) ) ;
#5624 = FACE_OUTER_BOUND ( 'NONE', #5469, .T. ) ;
#5625 = VECTOR ( 'NONE', #10639, 39.37007874015748100 ) ;
#5626 = CARTESIAN_POINT ( 'NONE',  ( 0.2980923226389981500, 0.1454527559055146500, 0.7127832100872298900 ) ) ;
#5627 = VECTOR ( 'NONE', #3576, 39.37007874015748100 ) ;
#5628 =( LENGTH_UNIT ( ) NAMED_UNIT ( * ) SI_UNIT ( $, .METRE. ) );
#5629 = FACE_OUTER_BOUND ( 'NONE', #10360, .T. ) ;
#5630 = EDGE_CURVE ( 'NONE', #364, #4435, #10920, .T. ) ;
#5631 = VERTEX_POINT ( 'NONE', #8284 ) ;
#5632 = DIRECTION ( 'NONE',  ( -0.7071067811865471300, 0.0000000000000000000, 0.7071067811865480200 ) ) ;
#5633 = DIRECTION ( 'NONE',  ( -7.109629533469651300E-017, 3.483718471400136200E-015, 1.000000000000000000 ) ) ;
#5634 = LINE ( 'NONE', #5247, #9889 ) ;
#5635 = FACE_OUTER_BOUND ( 'NONE', #6102, .T. ) ;
#5636 = VECTOR ( 'NONE', #8136, 39.37007874015748100 ) ;
#5637 = DIRECTION ( 'NONE',  ( 0.0000000000000000000, 1.000000000000000000, 0.0000000000000000000 ) ) ;
#5638 = LINE ( 'NONE', #6304, #3380 ) ;
#5639 = AXIS2_PLACEMENT_3D ( 'NONE', #4296, #5302, #937 ) ;
#5640 = ORIENTED_EDGE ( 'NONE', *, *, #7855, .T. ) ;
#5641 = ADVANCED_FACE ( 'NONE', ( #8417 ), #4071, .T. ) ;
#5642 = CARTESIAN_POINT ( 'NONE',  ( 0.2977445680325000500, 0.1454527559055146500, 0.7163187439931625300 ) ) ;
#5643 = VECTOR ( 'NONE', #3901, 39.37007874015748100 ) ;
#5644 = EDGE_CURVE ( 'NONE', #5137, #2978, #3733, .T. ) ;
#5645 = LINE ( 'NONE', #505, #5388 ) ;
#5646 = VECTOR ( 'NONE', #2189, 39.37007874015748100 ) ;
#5647 = CARTESIAN_POINT ( 'NONE',  ( 0.03484251968503928500, -0.3855000000000026200, 0.7681574803149606700 ) ) ;
#5648 = EDGE_CURVE ( 'NONE', #9927, #5028, #6532, .T. ) ;
#5649 = FACE_OUTER_BOUND ( 'NONE', #6579, .T. ) ;
#5650 = VECTOR ( 'NONE', #141, 39.37007874015748100 ) ;
#5651 = CARTESIAN_POINT ( 'NONE',  ( 0.2054877302721722900, -0.3775000000000016700, 0.4889530518230040800 ) ) ;
#5652 = FILL_AREA_STYLE ('',( #3898 ) ) ;
#5653 = CARTESIAN_POINT ( 'NONE',  ( 0.3125000000000023900, -0.1428615124517496100, 0.7690197545653728600 ) ) ;
#5654 = FACE_OUTER_BOUND ( 'NONE', #10948, .T. ) ;
#5655 = LINE ( 'NONE', #6793, #1378 ) ;
#5656 = CARTESIAN_POINT ( 'NONE',  ( 0.1848425196850392300, -0.5313388496530164800, 0.6878425196850395100 ) ) ;
#5657 = AXIS2_PLACEMENT_3D ( 'NONE', #10128, #7639, #5844 ) ;
#5658 = ADVANCED_FACE ( 'NONE', ( #7762 ), #7208, .T. ) ;
#5659 = CARTESIAN_POINT ( 'NONE',  ( 0.2980923226389982100, 0.0000000000000000000, 0.7127832100872297800 ) ) ;
#5660 = SURFACE_SIDE_STYLE ('',( #8162 ) ) ;
#5661 = FACE_OUTER_BOUND ( 'NONE', #8516, .T. ) ;
#5662 = VERTEX_POINT ( 'NONE', #7429 ) ;
#5663 = ORIENTED_EDGE ( 'NONE', *, *, #117, .F. ) ;
#5664 = EDGE_LOOP ( 'NONE', ( #816, #9811, #3473, #7152 ) ) ;
#5665 = CARTESIAN_POINT ( 'NONE',  ( -0.09842519685039372000, -0.2674999999999999600, 0.01499999999999999900 ) ) ;
#5666 = EDGE_CURVE ( 'NONE', #2466, #6872, #1998, .T. ) ;
#5667 = DIRECTION ( 'NONE',  ( -1.000000000000000000, 2.280130751809684600E-016, -0.0000000000000000000 ) ) ;
#5668 = EDGE_LOOP ( 'NONE', ( #5820, #4368, #10404, #9311 ) ) ;
#5669 = DIRECTION ( 'NONE',  ( -0.0000000000000000000, -1.000000000000000000, -0.0000000000000000000 ) ) ;
#5670 = VECTOR ( 'NONE', #4678, 39.37007874015748100 ) ;
#5671 = VECTOR ( 'NONE', #4561, 39.37007874015748100 ) ;
#5672 = CARTESIAN_POINT ( 'NONE',  ( 0.2486744556699771700, 0.06541338582677161400, 0.01500000000000001900 ) ) ;
#5673 = CARTESIAN_POINT ( 'NONE',  ( -0.2975000000000000400, -0.1771838596522949400, 0.01499999999999999900 ) ) ;
#5674 = EDGE_CURVE ( 'NONE', #5748, #9425, #1320, .T. ) ;
#5675 = ORIENTED_EDGE ( 'NONE', *, *, #3299, .T. ) ;
#5676 = ORIENTED_EDGE ( 'NONE', *, *, #386, .T. ) ;
#5677 = ORIENTED_EDGE ( 'NONE', *, *, #6678, .T. ) ;
#5678 = ORIENTED_EDGE ( 'NONE', *, *, #6868, .F. ) ;
#5679 = CARTESIAN_POINT ( 'NONE',  ( 0.1153543307086614100, 0.1522291837916265600, 0.0000000000000000000 ) ) ;
#5680 = SURFACE_STYLE_FILL_AREA ( #7890 ) ;
#5681 = ORIENTED_EDGE ( 'NONE', *, *, #1052, .F. ) ;
#5682 = LINE ( 'NONE', #7760, #1151 ) ;
#5683 = DIRECTION ( 'NONE',  ( 0.0000000000000000000, -1.000000000000000000, -0.0000000000000000000 ) ) ;
#5684 = ORIENTED_EDGE ( 'NONE', *, *, #9577, .F. ) ;
#5685 = DIRECTION ( 'NONE',  ( -1.040834085586076100E-014, -3.469446951953613800E-015, 1.000000000000000000 ) ) ;
#5686 = VERTEX_POINT ( 'NONE', #5714 ) ;
#5687 = ORIENTED_EDGE ( 'NONE', *, *, #4938, .F. ) ;
#5688 = EDGE_CURVE ( 'NONE', #9175, #5955, #1739, .T. ) ;
#5689 = CARTESIAN_POINT ( 'NONE',  ( 0.2717853368598917600, 0.2426574803149607300, 0.8199999999999999500 ) ) ;
#5690 = ORIENTED_EDGE ( 'NONE', *, *, #1649, .F. ) ;
#5691 = LINE ( 'NONE', #2230, #1413 ) ;
#5692 = CARTESIAN_POINT ( 'NONE',  ( 0.06515748031496050600, -0.3855000000000022300, 0.6681574803149606900 ) ) ;
#5693 = ORIENTED_EDGE ( 'NONE', *, *, #1903, .T. ) ;
#5694 = UNCERTAINTY_MEASURE_WITH_UNIT (LENGTH_MEASURE( 1.000000000000000100E-005 ), #9236, 'distance_accuracy_value', 'NONE');
#5695 = CARTESIAN_POINT ( 'NONE',  ( -0.06515748031496067200, -0.5313388496530164800, 0.7681574803149606700 ) ) ;
#5696 = VECTOR ( 'NONE', #5073, 39.37007874015748100 ) ;
#5697 = ORIENTED_EDGE ( 'NONE', *, *, #9161, .T. ) ;
#5698 = ORIENTED_EDGE ( 'NONE', *, *, #1052, .T. ) ;
#5699 = AXIS2_PLACEMENT_3D ( 'NONE', #8131, #4767, #10755 ) ;
#5700 = SURFACE_SIDE_STYLE ('',( #7112 ) ) ;
#5701 = DIRECTION ( 'NONE',  ( -1.000000000000000000, -0.0000000000000000000, -3.441691376337984100E-015 ) ) ;
#5702 = DIRECTION ( 'NONE',  ( -1.000000000000000000, -1.458800866809831900E-016, 3.623343611582382000E-015 ) ) ;
#5703 = ORIENTED_EDGE ( 'NONE', *, *, #2812, .T. ) ;
#5704 = PLANE ( 'NONE',  #1912 ) ;
#5705 = AXIS2_PLACEMENT_3D ( 'NONE', #8283, #8404, #8367 ) ;
#5706 = DIRECTION ( 'NONE',  ( 0.0000000000000000000, -1.000000000000000000, -0.0000000000000000000 ) ) ;
#5707 = ADVANCED_FACE ( 'NONE', ( #5471 ), #11033, .T. ) ;
#5708 = CARTESIAN_POINT ( 'NONE',  ( -0.2975000000000008700, -0.2517928932188134300, 0.2633149606299202100 ) ) ;
#5709 = EDGE_LOOP ( 'NONE', ( #9294, #6622, #2199, #4846 ) ) ;
#5710 = LINE ( 'NONE', #4926, #121 ) ;
#5711 = ORIENTED_EDGE ( 'NONE', *, *, #8221, .F. ) ;
#5712 = DIRECTION ( 'NONE',  ( -1.000000000000000000, -1.458800866809831900E-016, 3.623343611582382000E-015 ) ) ;
#5713 = PLANE ( 'NONE',  #10821 ) ;
#5714 = CARTESIAN_POINT ( 'NONE',  ( 0.3125000000000025500, -0.1219842793760456800, 0.7479635790510845700 ) ) ;
#5715 = AXIS2_PLACEMENT_3D ( 'NONE', #7992, #8089, #337 ) ;
#5716 = EDGE_CURVE ( 'NONE', #8138, #344, #9465, .T. ) ;
#5717 = PLANE ( 'NONE',  #8277 ) ;
#5718 = DIMENSIONAL_EXPONENTS ( 1.000000000000000000, 0.0000000000000000000, 0.0000000000000000000, 0.0000000000000000000, 0.0000000000000000000, 0.0000000000000000000, 0.0000000000000000000 ) ;
#5719 = LINE ( 'NONE', #5500, #1985 ) ;
#5720 = EDGE_CURVE ( 'NONE', #4498, #6946, #5209, .T. ) ;
#5721 = CARTESIAN_POINT ( 'NONE',  ( -0.3125000000000027200, 0.1469172219995818800, 0.7214882898114441900 ) ) ;
#5722 = UNCERTAINTY_MEASURE_WITH_UNIT (LENGTH_MEASURE( 1.000000000000000100E-005 ), #6344, 'distance_accuracy_value', 'NONE');
#5723 = CARTESIAN_POINT ( 'NONE',  ( -0.2966278565449311200, 0.08784335684306161800, 0.7740197545653726400 ) ) ;
#5724 = ORIENTED_EDGE ( 'NONE', *, *, #3395, .F. ) ;
#5725 = CARTESIAN_POINT ( 'NONE',  ( -0.2054877303728713500, -0.3628306842890497400, 0.4920335787552722100 ) ) ;
#5726 = CARTESIAN_POINT ( 'NONE',  ( 0.2975000000000008700, -0.2517928932188134300, 0.2633149606299202100 ) ) ;
#5727 = AXIS2_PLACEMENT_3D ( 'NONE', #3331, #5140, #5884 ) ;
#5728 = LINE ( 'NONE', #1047, #9981 ) ;
#5729 = EDGE_LOOP ( 'NONE', ( #10415, #9685, #9781, #408 ) ) ;
#5730 = DIRECTION ( 'NONE',  ( 8.537024980200823800E-016, -1.000000000000000000, -0.0000000000000000000 ) ) ;
#5731 = EDGE_LOOP ( 'NONE', ( #9524, #1220, #3418, #8991 ) ) ;
#5732 = EDGE_CURVE ( 'NONE', #9937, #2534, #3998, .T. ) ;
#5733 = DIRECTION ( 'NONE',  ( 0.0000000000000000000, 1.000000000000000000, 0.0000000000000000000 ) ) ;
#5734 = CARTESIAN_POINT ( 'NONE',  ( -0.1976555047254741900, -0.01332677165354330000, 0.01369266385878507300 ) ) ;
#5735 = EDGE_LOOP ( 'NONE', ( #536, #5523, #8082, #5346 ) ) ;
#5736 = CARTESIAN_POINT ( 'NONE',  ( -0.2417957872900946800, 0.04959782299446938200, 0.7479635790510820200 ) ) ;
#5737 = LINE ( 'NONE', #6645, #8831 ) ;
#5738 = EDGE_LOOP ( 'NONE', ( #6608, #1105, #8621, #9608 ) ) ;
#5739 = EDGE_CURVE ( 'NONE', #84, #7977, #9722, .T. ) ;
#5740 = CARTESIAN_POINT ( 'NONE',  ( -0.2717853368598916500, 0.2426574803149606500, 0.8101574803149606000 ) ) ;
#5741 = DIRECTION ( 'NONE',  ( 0.0000000000000000000, -3.469446951953613800E-015, 1.000000000000000000 ) ) ;
#5742 = ADVANCED_FACE ( 'NONE', ( #651 ), #9194, .F. ) ;
#5743 = VERTEX_POINT ( 'NONE', #6798 ) ;
#5744 = ORIENTED_EDGE ( 'NONE', *, *, #8037, .T. ) ;
#5745 = DIRECTION ( 'NONE',  ( 2.292899898433916500E-015, 0.7071067811865464600, 0.7071067811865485700 ) ) ;
#5746 = EDGE_CURVE ( 'NONE', #8898, #3574, #7894, .T. ) ;
#5747 = DIRECTION ( 'NONE',  ( -0.0000000000000000000, 1.000000000000000000, -0.0000000000000000000 ) ) ;
#5748 = VERTEX_POINT ( 'NONE', #3246 ) ;
#5749 = LINE ( 'NONE', #6283, #8426 ) ;
#5750 = EDGE_LOOP ( 'NONE', ( #7584, #272, #1688, #3206, #660, #7860, #1834 ) ) ;
#5751 = LINE ( 'NONE', #2158, #3776 ) ;
#5752 = VERTEX_POINT ( 'NONE', #1642 ) ;
#5753 = CARTESIAN_POINT ( 'NONE',  ( -0.1651574803149606400, -0.5313388496530164800, 0.7681574803149606700 ) ) ;
#5754 = EDGE_CURVE ( 'NONE', #2876, #5975, #3189, .T. ) ;
#5755 = VECTOR ( 'NONE', #9377, 39.37007874015748100 ) ;
#5756 = ADVANCED_FACE ( 'NONE', ( #10646 ), #3362, .F. ) ;
#5757 = VERTEX_POINT ( 'NONE', #4150 ) ;
#5758 = ORIENTED_EDGE ( 'NONE', *, *, #4549, .T. ) ;
#5759 = VECTOR ( 'NONE', #7340, 39.37007874015748100 ) ;
#5760 =( LENGTH_UNIT ( ) NAMED_UNIT ( * ) SI_UNIT ( $, .METRE. ) );
#5761 = AXIS2_PLACEMENT_3D ( 'NONE', #4011, #9154, #10001 ) ;
#5762 = EDGE_LOOP ( 'NONE', ( #8795, #2836, #5855, #7151, #42, #9363, #887, #741 ) ) ;
#5763 = DIRECTION ( 'NONE',  ( 0.0000000000000000000, -0.8973227340149595400, -0.4413750231038431300 ) ) ;
#5764 = VECTOR ( 'NONE', #7766, 39.37007874015748100 ) ;
#5765 = FACE_OUTER_BOUND ( 'NONE', #5750, .T. ) ;
#5766 = DIMENSIONAL_EXPONENTS ( 1.000000000000000000, 0.0000000000000000000, 0.0000000000000000000, 0.0000000000000000000, 0.0000000000000000000, 0.0000000000000000000, 0.0000000000000000000 ) ;
#5767 = CARTESIAN_POINT ( 'NONE',  ( 0.3125000000000031100, 1.045531169484192100E-015, -3.518502048112318600E-030 ) ) ;
#5768 = LINE ( 'NONE', #10813, #3514 ) ;
#5769 = ORIENTED_EDGE ( 'NONE', *, *, #10503, .T. ) ;
#5770 = PLANE ( 'NONE',  #8681 ) ;
#5771 = CARTESIAN_POINT ( 'NONE',  ( -0.2975000000000005400, -0.2514999999999986100, 0.2633149606299202100 ) ) ;
#5772 = CARTESIAN_POINT ( 'NONE',  ( 0.1799811510861111200, -0.01332677165354327400, 0.2157114503741968100 ) ) ;
#5773 = LINE ( 'NONE', #3259, #3083 ) ;
#5774 = CARTESIAN_POINT ( 'NONE',  ( -0.03484251968503945100, -0.5313388496530164800, 0.6681574803149606900 ) ) ;
#5775 = LINE ( 'NONE', #8535, #1500 ) ;
#5776 = DIRECTION ( 'NONE',  ( 0.0000000000000000000, 1.000000000000000000, 0.0000000000000000000 ) ) ;
#5777 = EDGE_CURVE ( 'NONE', #7037, #7882, #3177, .T. ) ;
#5778 = LINE ( 'NONE', #8830, #2579 ) ;
#5779 = SURFACE_STYLE_USAGE ( .BOTH. , #7344 ) ;
#5780 = VECTOR ( 'NONE', #3513, 39.37007874015748100 ) ;
#5781 = DIRECTION ( 'NONE',  ( 1.468979316882750500E-016, -1.000000000000000000, 7.051100721037203400E-015 ) ) ;
#5782 = LINE ( 'NONE', #2012, #9108 ) ;
#5783 = VECTOR ( 'NONE', #1720, 39.37007874015748100 ) ;
#5784 = DIRECTION ( 'NONE',  ( 0.0000000000000000000, -3.469446951953613800E-015, 1.000000000000000000 ) ) ;
#5785 = LENGTH_MEASURE_WITH_UNIT ( LENGTH_MEASURE( 0.02539999999999999900 ), #3723 );
#5786 = ORIENTED_EDGE ( 'NONE', *, *, #8629, .T. ) ;
#5787 = CARTESIAN_POINT ( 'NONE',  ( -0.1397637795275590600, 0.3255628348940304800, 0.1601378170038762200 ) ) ;
#5788 = DIRECTION ( 'NONE',  ( -0.0000000000000000000, 1.000000000000000000, 0.0000000000000000000 ) ) ;
#5789 = VERTEX_POINT ( 'NONE', #6714 ) ;
#5790 = VERTEX_POINT ( 'NONE', #9323 ) ;
#5791 = DIRECTION ( 'NONE',  ( -0.0000000000000000000, 1.000000000000000000, -0.0000000000000000000 ) ) ;
#5792 = EDGE_CURVE ( 'NONE', #7464, #877, #10749, .T. ) ;
#5793 = ADVANCED_FACE ( 'NONE', ( #10385 ), #10376, .T. ) ;
#5794 = SURFACE_STYLE_FILL_AREA ( #3872 ) ;
#5795 =( NAMED_UNIT ( * ) PLANE_ANGLE_UNIT ( ) SI_UNIT ( $, .RADIAN. ) );
#5796 = CARTESIAN_POINT ( 'NONE',  ( 0.2974999999999999300, 0.2525000000000000000, 0.009999999999999995000 ) ) ;
#5797 = LINE ( 'NONE', #5208, #9652 ) ;
#5798 = DIRECTION ( 'NONE',  ( 1.000000000000000000, -1.458800866809831900E-016, 3.623343611582382000E-015 ) ) ;
#5799 = VERTEX_POINT ( 'NONE', #8534 ) ;
#5800 = VERTEX_POINT ( 'NONE', #10227 ) ;
#5801 = ORIENTED_EDGE ( 'NONE', *, *, #5107, .F. ) ;
#5802 = DIRECTION ( 'NONE',  ( 4.011848926865880400E-016, 1.000000000000000000, 0.0000000000000000000 ) ) ;
#5803 = ORIENTED_EDGE ( 'NONE', *, *, #9783, .F. ) ;
#5804 = EDGE_LOOP ( 'NONE', ( #5408, #6893, #2866, #8697 ) ) ;
#5805 = CARTESIAN_POINT ( 'NONE',  ( 0.2519685039370078700, -0.01332677165354330000, 0.01499999999999999900 ) ) ;
#5806 = VECTOR ( 'NONE', #433, 39.37007874015748100 ) ;
#5807 = CARTESIAN_POINT ( 'NONE',  ( -0.08011811023622049400, -0.2497393201453811900, 0.01499999999999999900 ) ) ;
#5808 = EDGE_LOOP ( 'NONE', ( #3214, #670 ) ) ;
#5809 = LINE ( 'NONE', #144, #1817 ) ;
#5810 = EDGE_CURVE ( 'NONE', #8986, #4906, #10289, .T. ) ;
#5811 = ORIENTED_EDGE ( 'NONE', *, *, #2258, .T. ) ;
#5812 = FILL_AREA_STYLE ('',( #1522 ) ) ;
#5813 = CARTESIAN_POINT ( 'NONE',  ( 0.0000000000000000000, -0.2525000000000000600, 0.0000000000000000000 ) ) ;
#5814 = ADVANCED_FACE ( 'NONE', ( #4008 ), #10063, .F. ) ;
#5815 = AXIS2_PLACEMENT_3D ( 'NONE', #9862, #4691, #3983 ) ;
#5816 = ORIENTED_EDGE ( 'NONE', *, *, #1153, .F. ) ;
#5817 = CARTESIAN_POINT ( 'NONE',  ( 0.2054877259861005700, -0.3314810672110530300, 0.3578360494084401000 ) ) ;
#5818 = ORIENTED_EDGE ( 'NONE', *, *, #1725, .F. ) ;
#5819 = DIRECTION ( 'NONE',  ( 0.0000000000000000000, 3.412622176065439300E-015, 1.000000000000000000 ) ) ;
#5820 = ORIENTED_EDGE ( 'NONE', *, *, #9991, .F. ) ;
#5821 = CARTESIAN_POINT ( 'NONE',  ( 0.08011811023622049400, -0.1855660917989245300, 0.03468503937007873200 ) ) ;
#5823 = EDGE_CURVE ( 'NONE', #6811, #5975, #8019, .T. ) ;
#5822 = ORIENTED_EDGE ( 'NONE', *, *, #6244, .T. ) ;
#5824 = PRODUCT_DEFINITION_CONTEXT ( 'detailed design', #7448, 'design' ) ;
#5825 = ORIENTED_EDGE ( 'NONE', *, *, #2277, .T. ) ;
#5826 = VECTOR ( 'NONE', #1848, 39.37007874015748100 ) ;
#5827 = ORIENTED_EDGE ( 'NONE', *, *, #2417, .F. ) ;
#5828 = ORIENTED_EDGE ( 'NONE', *, *, #10334, .F. ) ;
#5829 =( LENGTH_UNIT ( ) NAMED_UNIT ( * ) SI_UNIT ( $, .METRE. ) );
#5830 = EDGE_LOOP ( 'NONE', ( #316, #8377, #2478, #9738 ) ) ;
#5831 = AXIS2_PLACEMENT_3D ( 'NONE', #7063, #7924, #7993 ) ;
#5832 = CARTESIAN_POINT ( 'NONE',  ( 0.03031496062992127300, 0.3255628348940304800, 0.1601378170038762200 ) ) ;
#5833 = CARTESIAN_POINT ( 'NONE',  ( 0.07283464566929136200, 0.0000000000000000000, 0.8122440944881890200 ) ) ;
#5834 = DIRECTION ( 'NONE',  ( 0.0000000000000000000, 0.0000000000000000000, 1.000000000000000000 ) ) ;
#5835 = DIRECTION ( 'NONE',  ( 1.000000000000000000, 2.237499376341878000E-016, -3.466400071163319000E-015 ) ) ;
#5836 = FACE_OUTER_BOUND ( 'NONE', #4328, .T. ) ;
#5837 = ORIENTED_EDGE ( 'NONE', *, *, #10476, .T. ) ;
#5838 = DIRECTION ( 'NONE',  ( 1.000000000000000000, 0.0000000000000000000, 0.0000000000000000000 ) ) ;
#5839 = DIRECTION ( 'NONE',  ( 1.000000000000000000, -3.491481338843133700E-015, 1.205235463959939400E-029 ) ) ;
#5840 = DIRECTION ( 'NONE',  ( -3.594536833768767100E-016, -1.000000000000000000, 0.0000000000000000000 ) ) ;
#5841 = CARTESIAN_POINT ( 'NONE',  ( -0.2966278565449310100, -0.1811070463003417700, 0.7479635790510821300 ) ) ;
#5842 = CARTESIAN_POINT ( 'NONE',  ( 0.3294888549426408000, 0.1454527559055147900, 0.8098162275806200000 ) ) ;
#5843 = AXIS2_PLACEMENT_3D ( 'NONE', #2645, #4341, #6059 ) ;
#5844 = DIRECTION ( 'NONE',  ( 0.0000000000000000000, -0.0000000000000000000, -1.000000000000000000 ) ) ;
#5845 = DIRECTION ( 'NONE',  ( -1.000000000000000000, -1.458800866809831900E-016, 3.623343611582382000E-015 ) ) ;
#5846 = VECTOR ( 'NONE', #9137, 39.37007874015748100 ) ;
#5847 = ORIENTED_EDGE ( 'NONE', *, *, #5309, .F. ) ;
#5848 = DIRECTION ( 'NONE',  ( -1.000000000000000000, 0.0000000000000000000, -3.623343611582382800E-015 ) ) ;
#5849 = EDGE_CURVE ( 'NONE', #5028, #10300, #9964, .T. ) ;
#5850 = ORIENTED_EDGE ( 'NONE', *, *, #10383, .T. ) ;
#5851 = CARTESIAN_POINT ( 'NONE',  ( 0.2486744556699771700, -0.01332677165354326600, 0.01500000000000001900 ) ) ;
#5852 = DIRECTION ( 'NONE',  ( 1.000000000000000000, -1.458800866809831900E-016, 3.623343611582382000E-015 ) ) ;
#5853 = CARTESIAN_POINT ( 'NONE',  ( 0.2054877261082233300, -0.3276492175413505100, 0.3615719574487997200 ) ) ;
#5854 = CARTESIAN_POINT ( 'NONE',  ( -0.2054877305471605700, -0.3296632480051481200, 0.4973653317877856400 ) ) ;
#5855 = ORIENTED_EDGE ( 'NONE', *, *, #9251, .F. ) ;
#5856 = ADVANCED_FACE ( 'NONE', ( #4648 ), #7586, .F. ) ;
#5857 = DIRECTION ( 'NONE',  ( -0.7071067811865486800, 0.0000000000000000000, -0.7071067811865462400 ) ) ;
#5858 = FACE_OUTER_BOUND ( 'NONE', #7065, .T. ) ;
#5859 = VECTOR ( 'NONE', #4045, 39.37007874015748100 ) ;
#5860 = VERTEX_POINT ( 'NONE', #2731 ) ;
#5861 = CARTESIAN_POINT ( 'NONE',  ( -0.1651574803149606400, -0.3855000000000026200, 0.7878425196850393800 ) ) ;
#5862 = CARTESIAN_POINT ( 'NONE',  ( 0.3125000000000022800, -0.2515000000000000000, 0.6900912614787635400 ) ) ;
#5863 = MECHANICAL_DESIGN_GEOMETRIC_PRESENTATION_REPRESENTATION (  '', ( #8942 ), #704 ) ;
#5864 = EDGE_CURVE ( 'NONE', #6039, #7074, #2118, .T. ) ;
#5865 = EDGE_LOOP ( 'NONE', ( #1807, #1858, #3999, #3651 ) ) ;
#5866 = EDGE_CURVE ( 'NONE', #5558, #5662, #2832, .T. ) ;
#5867 = DIRECTION ( 'NONE',  ( 6.829619984160731600E-015, 0.0000000000000000000, -1.000000000000000000 ) ) ;
#5868 = CARTESIAN_POINT ( 'NONE',  ( 0.2975000000000016000, -0.2515000000000000000, 0.3026850393700797300 ) ) ;
#5869 = CIRCLE ( 'NONE', #7248, 0.009842519685039378600 ) ;
#5870 = ORIENTED_EDGE ( 'NONE', *, *, #584, .F. ) ;
#5871 = ADVANCED_FACE ( 'NONE', ( #6571 ), #4347, .T. ) ;
#5872 = DIRECTION ( 'NONE',  ( 0.0000000000000000000, -0.7071067811865462400, -0.7071067811865487900 ) ) ;
#5873 = CARTESIAN_POINT ( 'NONE',  ( -0.3053297998814493700, 0.2522642977396043500, 0.001616596445852792500 ) ) ;
#5874 = PRESENTATION_LAYER_ASSIGNMENT (  '', '', ( #6658 ) ) ;
#5875 = VERTEX_POINT ( 'NONE', #56 ) ;
#5876 = CARTESIAN_POINT ( 'NONE',  ( 0.2974999999999998800, -0.2515000000000000000, -1.093155637708641500E-015 ) ) ;
#5877 = DIRECTION ( 'NONE',  ( 3.791200677927629800E-031, 1.000000000000000000, 3.469446951953614200E-015 ) ) ;
#5878 = ORIENTED_EDGE ( 'NONE', *, *, #4699, .F. ) ;
#5879 = VECTOR ( 'NONE', #6037, 39.37007874015748100 ) ;
#5880 = VERTEX_POINT ( 'NONE', #94 ) ;
#5881 = EDGE_CURVE ( 'NONE', #964, #5525, #9730, .T. ) ;
#5882 = DIRECTION ( 'NONE',  ( 0.0000000000000000000, 3.412622176065439300E-015, 1.000000000000000000 ) ) ;
#5883 = ORIENTED_EDGE ( 'NONE', *, *, #8970, .T. ) ;
#5884 = DIRECTION ( 'NONE',  ( 3.453004075404071500E-015, 0.0000000000000000000, -1.000000000000000000 ) ) ;
#5885 = PLANE ( 'NONE',  #3985 ) ;
#5886 = DIRECTION ( 'NONE',  ( 3.944304526105059000E-031, -3.412622176065439300E-015, -1.000000000000000000 ) ) ;
#5887 = ORIENTED_EDGE ( 'NONE', *, *, #8791, .T. ) ;
#5888 = VECTOR ( 'NONE', #3588, 39.37007874015748100 ) ;
#5889 = EDGE_CURVE ( 'NONE', #5790, #3740, #6871, .T. ) ;
#5890 = DIRECTION ( 'NONE',  ( 0.0000000000000000000, 0.0000000000000000000, -1.000000000000000000 ) ) ;
#5891 = DIRECTION ( 'NONE',  ( 1.000000000000000000, 0.0000000000000000000, -2.602085213965208300E-015 ) ) ;
#5892 = CARTESIAN_POINT ( 'NONE',  ( 0.2974999999999999300, 0.2517928932188134800, 0.01499999999999999900 ) ) ;
#5893 = LINE ( 'NONE', #1670, #9872 ) ;
#5894 = ORIENTED_EDGE ( 'NONE', *, *, #5216, .F. ) ;
#5895 = DIRECTION ( 'NONE',  ( -0.0000000000000000000, -0.0000000000000000000, 1.000000000000000000 ) ) ;
#5896 = ORIENTED_EDGE ( 'NONE', *, *, #9959, .T. ) ;
#5897 = CARTESIAN_POINT ( 'NONE',  ( 0.2519685039370078700, -0.01332677165354330000, -0.0000000000000000000 ) ) ;
#5898 = EDGE_CURVE ( 'NONE', #4876, #7408, #8616, .T. ) ;
#5899 = MECHANICAL_DESIGN_GEOMETRIC_PRESENTATION_REPRESENTATION (  '', ( #3026 ), #10469 ) ;
#5900 = DIRECTION ( 'NONE',  ( 0.0000000000000000000, 3.498098040667654500E-015, 1.000000000000000000 ) ) ;
#5901 = LINE ( 'NONE', #1711, #2567 ) ;
#5902 = LENGTH_MEASURE_WITH_UNIT ( LENGTH_MEASURE( 0.02539999999999999900 ), #6483 );
#5903 = FACE_OUTER_BOUND ( 'NONE', #8948, .T. ) ;
#5904 = CARTESIAN_POINT ( 'NONE',  ( -0.2975000000000008700, -0.3856102362204703600, 0.2633149606299202700 ) ) ;
#5905 = VECTOR ( 'NONE', #10035, 39.37007874015748100 ) ;
#5906 = EDGE_CURVE ( 'NONE', #6627, #4639, #6450, .T. ) ;
#5907 = DIRECTION ( 'NONE',  ( 0.0000000000000000000, 0.0000000000000000000, 1.000000000000000000 ) ) ;
#5908 = PLANE ( 'NONE',  #5727 ) ;
#5909 = DIRECTION ( 'NONE',  ( 3.791200677927630300E-031, 1.000000000000000000, 3.469446951953613800E-015 ) ) ;
#5910 = LINE ( 'NONE', #9564, #8979 ) ;
#5911 = CARTESIAN_POINT ( 'NONE',  ( 0.2966278565449311200, 0.09284335684306162200, 0.7690197545653724200 ) ) ;
#5912 = TOROIDAL_SURFACE ( 'NONE', #1238, 0.001968503937007821500, 0.009842519685039369900 ) ;
#5913 = VECTOR ( 'NONE', #6634, 39.37007874015748100 ) ;
#5914 = DIRECTION ( 'NONE',  ( -0.0000000000000000000, 1.000000000000000000, -0.0000000000000000000 ) ) ;
#5915 = ADVANCED_FACE ( 'NONE', ( #4468 ), #6023, .F. ) ;
#5916 = VECTOR ( 'NONE', #9980, 39.37007874015748100 ) ;
#5917 = AXIS2_PLACEMENT_3D ( 'NONE', #1886, #3608, #8808 ) ;
#5919 = CARTESIAN_POINT ( 'NONE',  ( -0.3125000000000023900, 0.2525000000000012800, 0.3396922742592156700 ) ) ;
#5918 = CIRCLE ( 'NONE', #6397, 0.05437007874015750700 ) ;
#5920 = CARTESIAN_POINT ( 'NONE',  ( 0.3125000000000009400, -0.2438779527559034600, 0.2731574803149595700 ) ) ;
#5921 = PLANE ( 'NONE',  #8000 ) ;
#5922 = EDGE_LOOP ( 'NONE', ( #1289, #3597, #5059, #5564 ) ) ;
#5923 = CARTESIAN_POINT ( 'NONE',  ( 0.0000000000000000000, 0.0000000000000000000, 0.01499999999999999900 ) ) ;
#5924 = VECTOR ( 'NONE', #9790, 39.37007874015748100 ) ;
#5925 = DIRECTION ( 'NONE',  ( -1.000000000000000000, -2.385472965096935500E-016, -3.441691376337984900E-015 ) ) ;
#5926 = COLOUR_RGB ( '',0.7921568627450980000, 0.8196078431372548800, 0.9333333333333333500 ) ;
#5927 = CARTESIAN_POINT ( 'NONE',  ( -0.2816278565449310500, -0.1771838596522949400, 0.01499999999999999900 ) ) ;
#5928 = DIRECTION ( 'NONE',  ( 0.0000000000000000000, 2.982321770406309100E-015, 1.000000000000000000 ) ) ;
#5929 = CARTESIAN_POINT ( 'NONE',  ( -0.2717853368598916500, 0.2426574803149606500, 0.02484251968503937300 ) ) ;
#5930 = VECTOR ( 'NONE', #9515, 39.37007874015748100 ) ;
#5931 = CYLINDRICAL_SURFACE ( 'NONE', #1837, 0.01499999999999997700 ) ;
#5932 = ORIENTED_EDGE ( 'NONE', *, *, #9280, .T. ) ;
#5933 = DIRECTION ( 'NONE',  ( -1.000000000000000000, -1.458800866809831900E-016, 3.623343611582382000E-015 ) ) ;
#5934 = CARTESIAN_POINT ( 'NONE',  ( 0.2974999999999988200, 0.2517928932188134800, 0.3333283132285401200 ) ) ;
#5935 = ADVANCED_FACE ( 'NONE', ( #8472 ), #6956, .T. ) ;
#5936 = DIRECTION ( 'NONE',  ( 1.000000000000000000, 7.400031521858132100E-030, 3.623343611582458500E-015 ) ) ;
#5937 = DIRECTION ( 'NONE',  ( -1.491666250894743600E-016, 1.000000000000000000, -2.088332751252641400E-015 ) ) ;
#5938 = VECTOR ( 'NONE', #5781, 39.37007874015748100 ) ;
#5939 = EDGE_CURVE ( 'NONE', #9927, #10095, #3783, .T. ) ;
#5940 = VECTOR ( 'NONE', #2447, 39.37007874015748100 ) ;
#5941 = CARTESIAN_POINT ( 'NONE',  ( 0.2417957872900946800, 0.04959782299446938200, 0.7529635790510819100 ) ) ;
#5942 = FACE_OUTER_BOUND ( 'NONE', #5735, .T. ) ;
#5943 = DIRECTION ( 'NONE',  ( 0.0000000000000000000, 0.0000000000000000000, 1.000000000000000000 ) ) ;
#5944 = EDGE_CURVE ( 'NONE', #9418, #3624, #6079, .T. ) ;
#5945 = ORIENTED_EDGE ( 'NONE', *, *, #8964, .F. ) ;
#5946 = ORIENTED_EDGE ( 'NONE', *, *, #4578, .F. ) ;
#5947 = DIRECTION ( 'NONE',  ( -0.0000000000000000000, -0.0000000000000000000, -1.000000000000000000 ) ) ;
#5948 = ORIENTED_EDGE ( 'NONE', *, *, #5505, .T. ) ;
#5949 = EDGE_LOOP ( 'NONE', ( #9272, #5828, #6291, #9571 ) ) ;
#5950 = DIMENSIONAL_EXPONENTS ( 1.000000000000000000, 0.0000000000000000000, 0.0000000000000000000, 0.0000000000000000000, 0.0000000000000000000, 0.0000000000000000000, 0.0000000000000000000 ) ;
#5951 = FACE_OUTER_BOUND ( 'NONE', #5355, .T. ) ;
#5952 = CIRCLE ( 'NONE', #8442, 0.03937007874015750100 ) ;
#5953 = CARTESIAN_POINT ( 'NONE',  ( 0.2054877305724979200, -0.3334805806756992500, 0.4981404372967629400 ) ) ;
#5954 = DIRECTION ( 'NONE',  ( 0.0000000000000000000, -3.469446951953613800E-015, 1.000000000000000000 ) ) ;
#5955 = VERTEX_POINT ( 'NONE', #4388 ) ;
#5956 = EDGE_LOOP ( 'NONE', ( #899, #10746, #8664, #7360 ) ) ;
#5957 = DIRECTION ( 'NONE',  ( -1.000000000000000000, -3.594536833768767100E-016, -0.0000000000000000000 ) ) ;
#5958 = ORIENTED_EDGE ( 'NONE', *, *, #9930, .T. ) ;
#5959 = EDGE_CURVE ( 'NONE', #2389, #7995, #2167, .T. ) ;
#5960 = DIRECTION ( 'NONE',  ( 0.0000000000000000000, 0.0000000000000000000, 1.000000000000000000 ) ) ;
#5961 = DIRECTION ( 'NONE',  ( -1.000000000000000000, 2.280130751809684600E-016, 0.0000000000000000000 ) ) ;
#5962 = VERTEX_POINT ( 'NONE', #2572 ) ;
#5963 = CARTESIAN_POINT ( 'NONE',  ( 0.2445122359226354600, -0.6172700275952924800, 0.4889530390574056100 ) ) ;
#5964 = VECTOR ( 'NONE', #9891, 39.37007874015748100 ) ;
#5965 = VERTEX_POINT ( 'NONE', #5228 ) ;
#5966 = CIRCLE ( 'NONE', #7500, 0.01500000000000001200 ) ;
#5967 = CARTESIAN_POINT ( 'NONE',  ( -0.2417957872900946000, 0.04959782299446938200, 0.7740197545653724200 ) ) ;
#5968 = DIRECTION ( 'NONE',  ( 0.7071067811865471300, 0.0000000000000000000, 0.7071067811865480200 ) ) ;
#5969 = B_SPLINE_CURVE_WITH_KNOTS ( 'NONE', 3,
 ( #10038, #4001, #5725, #8338 ),
 .UNSPECIFIED., .F., .F.,
 ( 4, 4 ),
 ( 0.002257359019217823100, 0.003399544587958465800 ),
 .UNSPECIFIED. ) ;
#5970 = EDGE_CURVE ( 'NONE', #7576, #214, #7136, .T. ) ;
#5971 = VERTEX_POINT ( 'NONE', #1867 ) ;
#5972 = DIRECTION ( 'NONE',  ( 0.08715574274766170500, -0.0000000000000000000, -0.9961946980917451000 ) ) ;
#5973 = CARTESIAN_POINT ( 'NONE',  ( -0.3125000000000010500, -0.2515000000000000000, 0.3026850393700775700 ) ) ;
#5974 = ORIENTED_EDGE ( 'NONE', *, *, #3458, .T. ) ;
#5975 = VERTEX_POINT ( 'NONE', #8563 ) ;
#5976 = CARTESIAN_POINT ( 'NONE',  ( -0.08484251968503943300, -0.2525000000000000600, 0.7681574803149606700 ) ) ;
#5977 = CARTESIAN_POINT ( 'NONE',  ( 0.2696850393700788200, -0.1371408949485308200, 0.01499999999999999900 ) ) ;
#5978 = DIRECTION ( 'NONE',  ( 0.0000000000000000000, 1.000000000000000000, 0.0000000000000000000 ) ) ;
#5979 = ORIENTED_EDGE ( 'NONE', *, *, #4461, .F. ) ;
#5980 = LINE ( 'NONE', #9036, #10875 ) ;
#5981 = CARTESIAN_POINT ( 'NONE',  ( -0.1751181102362205100, -0.1855660917989245000, 0.8122440944881890200 ) ) ;
#5982 = EDGE_CURVE ( 'NONE', #7971, #8025, #8750, .T. ) ;
#5983 = STYLED_ITEM ( 'NONE', ( #10561 ), #10901 ) ;
#5984 = CARTESIAN_POINT ( 'NONE',  ( -0.2054877305214773700, -0.3287872320861740500, 0.4965796465614436000 ) ) ;
#5985 = ORIENTED_EDGE ( 'NONE', *, *, #1574, .T. ) ;
#5986 = LINE ( 'NONE', #184, #10241 ) ;
#5987 = VERTEX_POINT ( 'NONE', #10406 ) ;
#5988 = CARTESIAN_POINT ( 'NONE',  ( 0.2988819569044872700, 0.1454527559055146500, 0.7135728443527189500 ) ) ;
#5989 = EDGE_CURVE ( 'NONE', #3269, #3202, #7818, .T. ) ;
#5990 = ORIENTED_EDGE ( 'NONE', *, *, #2139, .T. ) ;
#5991 = CARTESIAN_POINT ( 'NONE',  ( -0.2816278565449310500, -0.1771838596522949400, 0.01499999999999999900 ) ) ;
#5992 = CARTESIAN_POINT ( 'NONE',  ( -0.2249999999999999800, -0.6172700275952924800, 0.4279999999999999400 ) ) ;
#5993 = CARTESIAN_POINT ( 'NONE',  ( 0.2975000000000023200, 0.2525000000000048900, 0.8199999999999999500 ) ) ;
#5994 = VECTOR ( 'NONE', #1453, 39.37007874015748100 ) ;
#5995 = ORIENTED_EDGE ( 'NONE', *, *, #7517, .T. ) ;
#5996 = AXIS2_PLACEMENT_3D ( 'NONE', #1509, #5733, #8267 ) ;
#5997 = DIRECTION ( 'NONE',  ( 0.0000000000000000000, -3.498098040667654500E-015, -1.000000000000000000 ) ) ;
#5998 = ADVANCED_FACE ( 'NONE', ( #10694 ), #8023, .T. ) ;
#5999 = CARTESIAN_POINT ( 'NONE',  ( -0.3125000000000023900, -0.1811070463003418000, 0.7690197545653728600 ) ) ;
#6000 = PLANE ( 'NONE',  #8310 ) ;
#6001 = CARTESIAN_POINT ( 'NONE',  ( 0.2974999999999999300, 0.2525000000000000600, 0.01499999999999999900 ) ) ;
#6002 = DIRECTION ( 'NONE',  ( 0.5773502691896259500, -0.5773502691896259500, -0.5773502691896251800 ) ) ;
#6003 = FACE_OUTER_BOUND ( 'NONE', #4234, .T. ) ;
#6004 = FACE_OUTER_BOUND ( 'NONE', #1235, .T. ) ;
#6005 = CARTESIAN_POINT ( 'NONE',  ( -0.09724409448818897800, 0.3077060962964917600, 0.1513544460802586400 ) ) ;
#6006 = CARTESIAN_POINT ( 'NONE',  ( -0.2975000000000001000, 0.2520285954792089700, 0.01499999999999999900 ) ) ;
#6007 = DIRECTION ( 'NONE',  ( -3.441691376337984100E-015, 0.0000000000000000000, -1.000000000000000000 ) ) ;
#6008 = ORIENTED_EDGE ( 'NONE', *, *, #10641, .T. ) ;
#6009 = AXIS2_PLACEMENT_3D ( 'NONE', #10147, #753, #9256 ) ;
#6010 = DIMENSIONAL_EXPONENTS ( 1.000000000000000000, 0.0000000000000000000, 0.0000000000000000000, 0.0000000000000000000, 0.0000000000000000000, 0.0000000000000000000, 0.0000000000000000000 ) ;
#6011 = PLANE ( 'NONE',  #7148 ) ;
#6012 = CARTESIAN_POINT ( 'NONE',  ( 0.3125000000000027200, -0.2514999999999999500, 0.7214882898114490800 ) ) ;
#6013 = EDGE_CURVE ( 'NONE', #5955, #5481, #4986, .T. ) ;
#6014 = LINE ( 'NONE', #5108, #1729 ) ;
#6015 = EDGE_LOOP ( 'NONE', ( #7270, #3699, #10779, #5887, #9606, #1330, #9120, #3883, #1865, #5537, #3536, #9138, #8798, #1610, #6941, #4465, #7289, #9259, #2798, #3954 ) ) ;
#6016 = DIRECTION ( 'NONE',  ( -1.468979316882750500E-016, 1.000000000000000000, 0.0000000000000000000 ) ) ;
#6017 = EDGE_LOOP ( 'NONE', ( #8823, #228, #9419, #348 ) ) ;
#6018 = AXIS2_PLACEMENT_3D ( 'NONE', #9737, #6262, #1211 ) ;
#6019 = DIRECTION ( 'NONE',  ( 0.0000000000000000000, 0.0000000000000000000, 1.000000000000000000 ) ) ;
#6020 = CARTESIAN_POINT ( 'NONE',  ( 0.3164370078740166800, -0.2438779527559034600, 0.2849685039370066800 ) ) ;
#6021 = EDGE_LOOP ( 'NONE', ( #1294, #281, #737, #234, #2473, #1276, #1266, #1584, #4470, #8211 ) ) ;
#6022 = DIRECTION ( 'NONE',  ( 0.0000000000000000000, 0.0000000000000000000, -1.000000000000000000 ) ) ;
#6023 = PLANE ( 'NONE',  #8103 ) ;
#6024 = VECTOR ( 'NONE', #3326, 39.37007874015748100 ) ;
#6025 = ORIENTED_EDGE ( 'NONE', *, *, #6179, .F. ) ;
#6026 = EDGE_CURVE ( 'NONE', #5570, #2484, #8331, .T. ) ;
#6027 = EDGE_LOOP ( 'NONE', ( #1448, #900, #5056 ) ) ;
#6028 = DIRECTION ( 'NONE',  ( -1.000000000000000000, 0.0000000000000000000, 3.623343611582382800E-015 ) ) ;
#6029 = CARTESIAN_POINT ( 'NONE',  ( 0.2972642977396043900, 0.2551179938779915600, 0.009999999999999995000 ) ) ;
#6030 = VERTEX_POINT ( 'NONE', #7928 ) ;
#6031 = FACE_OUTER_BOUND ( 'NONE', #5226, .T. ) ;
#6032 = EDGE_LOOP ( 'NONE', ( #2690, #6115, #152, #3039 ) ) ;
#6033 = PLANE ( 'NONE',  #1452 ) ;
#6034 = VECTOR ( 'NONE', #7487, 39.37007874015748100 ) ;
#6035 = ORIENTED_EDGE ( 'NONE', *, *, #4032, .F. ) ;
#6036 = CARTESIAN_POINT ( 'NONE',  ( -0.1848425196850394000, -0.3855000000000026200, 0.7878425196850393800 ) ) ;
#6037 = DIRECTION ( 'NONE',  ( 0.0000000000000000000, 0.4413750231038433600, -0.8973227340149595400 ) ) ;
#6038 = CARTESIAN_POINT ( 'NONE',  ( -0.1948031496062992700, -0.2052511311690032600, 0.0000000000000000000 ) ) ;
#6039 = VERTEX_POINT ( 'NONE', #2870 ) ;
#6040 = AXIS2_PLACEMENT_3D ( 'NONE', #962, #2711, #8660 ) ;
#6041 = CARTESIAN_POINT ( 'NONE',  ( -0.1348425196850394100, -0.3855000000000022300, 0.6681574803149606900 ) ) ;
#6042 = DIRECTION ( 'NONE',  ( -1.000000000000000000, -1.458800866809831900E-016, 3.623343611582382000E-015 ) ) ;
#6043 = CARTESIAN_POINT ( 'NONE',  ( -0.2519685039370078700, 0.06541338582677168300, 0.01499999999999999900 ) ) ;
#6044 = VECTOR ( 'NONE', #9159, 39.37007874015748100 ) ;
#6045 = EDGE_CURVE ( 'NONE', #7423, #8230, #3251, .T. ) ;
#6046 = AXIS2_PLACEMENT_3D ( 'NONE', #3518, #4489, #987 ) ;
#6047 = CARTESIAN_POINT ( 'NONE',  ( 0.1381889763779527700, -0.01737224260835761400, 0.8122440944881890200 ) ) ;
#6048 = ORIENTED_EDGE ( 'NONE', *, *, #3385, .T. ) ;
#6049 = VERTEX_POINT ( 'NONE', #2908 ) ;
#6050 = DIRECTION ( 'NONE',  ( 0.0000000000000000000, 0.0000000000000000000, -1.000000000000000000 ) ) ;
#6051 = LINE ( 'NONE', #1265, #424 ) ;
#6052 = CARTESIAN_POINT ( 'NONE',  ( -0.3125000000000027200, 0.1504527559055146300, 0.4417395183536995700 ) ) ;
#6053 = DIRECTION ( 'NONE',  ( 6.829619984160731600E-015, 0.0000000000000000000, -1.000000000000000000 ) ) ;
#6054 = ORIENTED_EDGE ( 'NONE', *, *, #5585, .F. ) ;
#6055 = EDGE_CURVE ( 'NONE', #6347, #7491, #4598, .T. ) ;
#6056 = CARTESIAN_POINT ( 'NONE',  ( 0.2445122359226354600, -0.3625000000000013800, 0.4889530390574056100 ) ) ;
#6057 = ADVANCED_FACE ( 'NONE', ( #1920 ), #7893, .T. ) ;
#6058 = VECTOR ( 'NONE', #10562, 39.37007874015748100 ) ;
#6059 = DIRECTION ( 'NONE',  ( 0.0000000000000000000, 0.0000000000000000000, 1.000000000000000000 ) ) ;
#6060 = CIRCLE ( 'NONE', #4331, 0.009842519685039378600 ) ;
#6061 = DIRECTION ( 'NONE',  ( -1.000000000000000000, -1.458800866809831900E-016, 3.623343611582382000E-015 ) ) ;
#6062 = COLOUR_RGB ( '',0.7921568627450980000, 0.8196078431372548800, 0.9333333333333333500 ) ;
#6063 = CIRCLE ( 'NONE', #8117, 0.009842519685039378600 ) ;
#6064 = DIRECTION ( 'NONE',  ( -0.0000000000000000000, 1.000000000000000000, -0.0000000000000000000 ) ) ;
#6065 = ORIENTED_EDGE ( 'NONE', *, *, #4477, .F. ) ;
#6066 = PRESENTATION_STYLE_ASSIGNMENT (( #6405 ) ) ;
#6067 = FACE_OUTER_BOUND ( 'NONE', #10596, .T. ) ;
#6068 = DIMENSIONAL_EXPONENTS ( 1.000000000000000000, 0.0000000000000000000, 0.0000000000000000000, 0.0000000000000000000, 0.0000000000000000000, 0.0000000000000000000, 0.0000000000000000000 ) ;
#6069 = LINE ( 'NONE', #2625, #5122 ) ;
#6070 = DIRECTION ( 'NONE',  ( 2.385472965096927600E-016, -1.000000000000000000, 2.385472965096935500E-016 ) ) ;
#6071 = LINE ( 'NONE', #5190, #62 ) ;
#6072 = LINE ( 'NONE', #7297, #8326 ) ;
#6073 = CARTESIAN_POINT ( 'NONE',  ( -0.2975000000000010400, -0.3856102362204703600, 0.3026850393700776200 ) ) ;
#6074 = CARTESIAN_POINT ( 'NONE',  ( -0.2519685039370078700, 0.06541338582677166900, 0.01499999999999999900 ) ) ;
#6075 = CARTESIAN_POINT ( 'NONE',  ( 0.2054877302721724000, -0.3775000000000015600, 0.4889530551430127900 ) ) ;
#6076 = LINE ( 'NONE', #7966, #10833 ) ;
#6077 = LINE ( 'NONE', #10403, #4053 ) ;
#6078 = DIRECTION ( 'NONE',  ( 0.0000000000000000000, 3.469446951953613800E-015, -1.000000000000000000 ) ) ;
#6079 = CIRCLE ( 'NONE', #8696, 0.01499999999999997700 ) ;
#6080 = PLANE ( 'NONE',  #2121 ) ;
#6081 = ORIENTED_EDGE ( 'NONE', *, *, #10659, .T. ) ;
#6082 = CARTESIAN_POINT ( 'NONE',  ( 0.1751181102362205100, -0.1855660917989245000, 0.03468503937007873200 ) ) ;
#6083 = VERTEX_POINT ( 'NONE', #3759 ) ;
#6084 = ORIENTED_EDGE ( 'NONE', *, *, #10949, .T. ) ;
#6085 = MANIFOLD_SOLID_BREP ( 'Mirror5', #1496 ) ;
#6086 = CARTESIAN_POINT ( 'NONE',  ( 0.1151574803149604800, -0.2525000000000000600, 0.7681574803149606700 ) ) ;
#6087 = DIRECTION ( 'NONE',  ( -0.0000000000000000000, 1.000000000000000000, -0.0000000000000000000 ) ) ;
#6088 = LINE ( 'NONE', #10054, #1005 ) ;
#6089 = DIRECTION ( 'NONE',  ( -6.982962677686265900E-015, -1.000000000000000000, 3.483718471400135800E-015 ) ) ;
#6090 = DIRECTION ( 'NONE',  ( -3.608224830031758800E-015, -9.880952548175148400E-017, 1.000000000000000000 ) ) ;
#6091 = PRESENTATION_STYLE_ASSIGNMENT (( #5488 ) ) ;
#6092 = CYLINDRICAL_SURFACE ( 'NONE', #9692, 0.004999999999999946300 ) ;
#6093 =( LENGTH_UNIT ( ) NAMED_UNIT ( * ) SI_UNIT ( $, .METRE. ) );
#6094 = VERTEX_POINT ( 'NONE', #3623 ) ;
#6095 = CARTESIAN_POINT ( 'NONE',  ( -0.2975000000000024300, 0.2454289321881375800, 0.8199999999999999500 ) ) ;
#6096 = ORIENTED_EDGE ( 'NONE', *, *, #5079, .F. ) ;
#6097 = ORIENTED_EDGE ( 'NONE', *, *, #1153, .T. ) ;
#6098 = SURFACE_SIDE_STYLE ('',( #2586 ) ) ;
#6099 = B_SPLINE_CURVE_WITH_KNOTS ( 'NONE', 3,
 ( #10777, #6629, #3147, #7450, #1467, #8308, #3183, #646, #2266, #10802, #9068, #2204, #9139, #1422, #5610, #3055, #4853, #9921, #9100 ),
 .UNSPECIFIED., .F., .F.,
 ( 4, 3, 3, 3, 3, 3, 4 ),
 ( 0.0001952955928758594200, 0.0002152845081731414500, 0.0002618015656453235900, 0.0003075178883179940200, 0.0003515807226081155900, 0.0003939487187809650100, 0.0004230757960721680100 ),
 .UNSPECIFIED. ) ;
#6100 = EDGE_CURVE ( 'NONE', #2440, #2490, #2438, .T. ) ;
#6101 = ORIENTED_EDGE ( 'NONE', *, *, #4389, .T. ) ;
#6102 = EDGE_LOOP ( 'NONE', ( #10223, #3340, #3756, #5540 ) ) ;
#6103 = CARTESIAN_POINT ( 'NONE',  ( -0.2966278565449310100, -0.1428615124517495800, 0.7479635790510821300 ) ) ;
#6104 = FACE_OUTER_BOUND ( 'NONE', #2304, .T. ) ;
#6105 = ORIENTED_EDGE ( 'NONE', *, *, #4642, .T. ) ;
#6106 = VECTOR ( 'NONE', #4395, 39.37007874015748100 ) ;
#6107 = CARTESIAN_POINT ( 'NONE',  ( 0.2816278565449284500, 0.0000000000000000000, -0.005498733049304612000 ) ) ;
#6108 = STYLED_ITEM ( 'NONE', ( #2913 ), #328 ) ;
#6109 = VERTEX_POINT ( 'NONE', #4488 ) ;
#6110 = VERTEX_POINT ( 'NONE', #2003 ) ;
#6111 = EDGE_LOOP ( 'NONE', ( #7558, #2616, #4058, #6612 ) ) ;
#6112 = CARTESIAN_POINT ( 'NONE',  ( -0.2054877302721722900, -0.2675000000000016800, 0.4889530518230045300 ) ) ;
#6113 = EDGE_LOOP ( 'NONE', ( #97, #8503, #2744, #3284, #5201, #3291, #739, #8006 ) ) ;
#6114 = AXIS2_PLACEMENT_3D ( 'NONE', #8351, #2397, #1400 ) ;
#6115 = ORIENTED_EDGE ( 'NONE', *, *, #10712, .F. ) ;
#6116 = VECTOR ( 'NONE', #3966, 39.37007874015748100 ) ;
#6117 = CARTESIAN_POINT ( 'NONE',  ( 0.09566929133858267900, 0.0000000000000000000, 0.0000000000000000000 ) ) ;
#6118 = CARTESIAN_POINT ( 'NONE',  ( -0.2975000000000023200, -0.2019842793760456800, 0.7879635790510823900 ) ) ;
#6119 = EDGE_CURVE ( 'NONE', #7464, #7212, #7529, .T. ) ;
#6120 = ORIENTED_EDGE ( 'NONE', *, *, #6730, .T. ) ;
#6121 = PLANE ( 'NONE',  #9800 ) ;
#6122 = FACE_OUTER_BOUND ( 'NONE', #3215, .T. ) ;
#6123 = ORIENTED_EDGE ( 'NONE', *, *, #7510, .F. ) ;
#6124 = EDGE_LOOP ( 'NONE', ( #3843, #422, #4026, #7275 ) ) ;
#6125 = CARTESIAN_POINT ( 'NONE',  ( 0.1434514435695538000, -0.1538994251322577900, 0.06635170603674538100 ) ) ;
#6126 = ORIENTED_EDGE ( 'NONE', *, *, #8706, .T. ) ;
#6127 = EDGE_CURVE ( 'NONE', #8780, #4219, #10050, .T. ) ;
#6128 = CARTESIAN_POINT ( 'NONE',  ( -0.1799811510861111200, -0.01332677165354330000, 0.2157114503741968100 ) ) ;
#6129 = ADVANCED_FACE ( 'NONE', ( #9775 ), #10441, .T. ) ;
#6130 = VECTOR ( 'NONE', #5123, 39.37007874015748100 ) ;
#6131 = ORIENTED_EDGE ( 'NONE', *, *, #3139, .T. ) ;
#6132 = PLANE ( 'NONE',  #2193 ) ;
#6133 = DIRECTION ( 'NONE',  ( 3.268890876087486000E-008, -3.469446951953611800E-015, 0.9999999999999994400 ) ) ;
#6134 = EDGE_CURVE ( 'NONE', #1018, #2440, #159, .T. ) ;
#6135 = AXIS2_PLACEMENT_3D ( 'NONE', #3878, #2979, #6319 ) ;
#6136 = CARTESIAN_POINT ( 'NONE',  ( -0.3125000000000009400, -0.2517928932188134300, 0.2731574803149595100 ) ) ;
#6137 = AXIS2_PLACEMENT_3D ( 'NONE', #4410, #10364, #5258 ) ;
#6138 = DIRECTION ( 'NONE',  ( -3.623343611582382000E-015, -6.470313641616160400E-030, -1.000000000000000000 ) ) ;
#6139 = DIRECTION ( 'NONE',  ( 0.0000000000000000000, 0.0000000000000000000, -1.000000000000000000 ) ) ;
#6140 = CARTESIAN_POINT ( 'NONE',  ( 0.3124999999999999400, 0.2675000000000000700, 0.01499999999999994700 ) ) ;
#6141 = LINE ( 'NONE', #10089, #2226 ) ;
#6142 = EDGE_LOOP ( 'NONE', ( #7433, #2704, #10408, #6096 ) ) ;
#6143 = EDGE_CURVE ( 'NONE', #6722, #7599, #2729, .T. ) ;
#6144 = DIRECTION ( 'NONE',  ( -0.0000000000000000000, 1.000000000000000000, -0.0000000000000000000 ) ) ;
#6145 = ADVANCED_FACE ( 'NONE', ( #2588 ), #6210, .F. ) ;
#6146 = DIRECTION ( 'NONE',  ( 0.7071067811865461300, 0.0000000000000000000, 0.7071067811865487900 ) ) ;
#6147 = ORIENTED_EDGE ( 'NONE', *, *, #5121, .F. ) ;
#6148 = DIRECTION ( 'NONE',  ( -3.268890876087486000E-008, -3.469446951953611800E-015, 0.9999999999999994400 ) ) ;
#6149 = VERTEX_POINT ( 'NONE', #3491 ) ;
#6150 = CARTESIAN_POINT ( 'NONE',  ( -0.2974999999999999900, 0.0000000000000000000, -1.093155637708642100E-015 ) ) ;
#6151 = AXIS2_PLACEMENT_3D ( 'NONE', #5057, #5877, #800 ) ;
#6152 = DIRECTION ( 'NONE',  ( -0.0000000000000000000, 1.000000000000000000, -0.0000000000000000000 ) ) ;
#6153 = ORIENTED_EDGE ( 'NONE', *, *, #3048, .F. ) ;
#6154 = CARTESIAN_POINT ( 'NONE',  ( -0.2094541919655777400, -0.01332677165354330000, 0.05093875028552515700 ) ) ;
#6155 = CARTESIAN_POINT ( 'NONE',  ( -0.2966278565449284000, 7.575411295430414200E-017, -0.005498733049304680600 ) ) ;
#6156 = ORIENTED_EDGE ( 'NONE', *, *, #2857, .F. ) ;
#6157 = DIRECTION ( 'NONE',  ( 1.000000000000000000, 0.0000000000000000000, -0.0000000000000000000 ) ) ;
#6158 = CARTESIAN_POINT ( 'NONE',  ( 0.2960355339059349000, 0.0000000000000000000, 0.6936267953846967400 ) ) ;
#6159 = CARTESIAN_POINT ( 'NONE',  ( -0.3066421356237332100, -0.2515000000000000000, 0.7042333971024971100 ) ) ;
#6160 = VECTOR ( 'NONE', #9058, 39.37007874015748100 ) ;
#6161 = ORIENTED_EDGE ( 'NONE', *, *, #9865, .F. ) ;
#6162 = CARTESIAN_POINT ( 'NONE',  ( 0.2717853368598917600, -0.2675000000000027900, 0.8200000000000035000 ) ) ;
#6163 = AXIS2_PLACEMENT_3D ( 'NONE', #4609, #390, #3884 ) ;
#6164 = CARTESIAN_POINT ( 'NONE',  ( -0.2816278565449310500, -0.2525000000000000600, 0.02484251968503935600 ) ) ;
#6165 = EDGE_CURVE ( 'NONE', #3138, #10232, #2974, .T. ) ;
#6166 = VERTEX_POINT ( 'NONE', #6073 ) ;
#6167 = EDGE_CURVE ( 'NONE', #6049, #1798, #2303, .T. ) ;
#6168 = CARTESIAN_POINT ( 'NONE',  ( 0.2975000000000023200, -0.2515000000000000000, 0.8200000000000032800 ) ) ;
#6169 = ORIENTED_EDGE ( 'NONE', *, *, #10554, .T. ) ;
#6171 = DIRECTION ( 'NONE',  ( 0.0000000000000000000, 0.4413750231038433600, -0.8973227340149595400 ) ) ;
#6170 = VECTOR ( 'NONE', #9409, 39.37007874015748900 ) ;
#6172 = ORIENTED_EDGE ( 'NONE', *, *, #3080, .T. ) ;
#6173 = CARTESIAN_POINT ( 'NONE',  ( -0.2054877305724979200, -0.3334805806756992500, 0.4981404372967629400 ) ) ;
#6174 = CARTESIAN_POINT ( 'NONE',  ( 0.1948031496062992700, -0.2052511311690032600, 0.0000000000000000000 ) ) ;
#6175 = ORIENTED_EDGE ( 'NONE', *, *, #10923, .F. ) ;
#6176 = FACE_OUTER_BOUND ( 'NONE', #4990, .T. ) ;
#6177 = CARTESIAN_POINT ( 'NONE',  ( -0.2975000000000023700, 0.2525000000000012200, 0.3396922742592156700 ) ) ;
#6178 = VERTEX_POINT ( 'NONE', #8693 ) ;
#6179 = EDGE_CURVE ( 'NONE', #602, #4073, #9904, .T. ) ;
#6180 = EDGE_CURVE ( 'NONE', #3745, #10965, #6069, .T. ) ;
#6181 = DIRECTION ( 'NONE',  ( 1.000000000000000000, 7.400031521858132100E-030, 3.623343611582458500E-015 ) ) ;
#6182 = ADVANCED_FACE ( 'NONE', ( #2966 ), #65, .T. ) ;
#6183 = PRESENTATION_STYLE_ASSIGNMENT (( #9024 ) ) ;
#6184 = CARTESIAN_POINT ( 'NONE',  ( -0.1397637795275590600, 0.004804859663680982400, 0.8122440944881890200 ) ) ;
#6185 = CARTESIAN_POINT ( 'NONE',  ( -0.2975000000000023200, -0.2515000000000000000, 0.8200000000000035000 ) ) ;
#6186 = ORIENTED_EDGE ( 'NONE', *, *, #6715, .T. ) ;
#6187 = CARTESIAN_POINT ( 'NONE',  ( -0.08011811023622049400, -0.2525000000000000600, 0.8200000000000035000 ) ) ;
#6188 = LINE ( 'NONE', #3780, #6058 ) ;
#6189 = FACE_OUTER_BOUND ( 'NONE', #2734, .T. ) ;
#6190 = EDGE_CURVE ( 'NONE', #3019, #8778, #3656, .T. ) ;
#6191 = CARTESIAN_POINT ( 'NONE',  ( 0.3125000000000022800, 0.2454289321881376600, 0.8200000000000022800 ) ) ;
#6192 = AXIS2_PLACEMENT_3D ( 'NONE', #911, #165, #5312 ) ;
#6194 = CARTESIAN_POINT ( 'NONE',  ( 0.2717853368598917600, -0.2675000000000027900, 0.8200000000000035000 ) ) ;
#6193 = FACE_OUTER_BOUND ( 'NONE', #6484, .T. ) ;
#6195 = ADVANCED_FACE ( 'NONE', ( #9382 ), #4317, .T. ) ;
#6196 = EDGE_CURVE ( 'NONE', #8042, #10549, #6575, .T. ) ;
#6197 = AXIS2_PLACEMENT_3D ( 'NONE', #7098, #9646, #8794 ) ;
#6198 = LINE ( 'NONE', #6777, #187 ) ;
#6199 = DIRECTION ( 'NONE',  ( -1.000000000000000000, -0.0000000000000000000, -0.0000000000000000000 ) ) ;
#6200 = VECTOR ( 'NONE', #3264, 39.37007874015748100 ) ;
#6201 = DIRECTION ( 'NONE',  ( 0.0000000000000000000, 1.000000000000000000, -0.0000000000000000000 ) ) ;
#6202 = FACE_OUTER_BOUND ( 'NONE', #10299, .T. ) ;
#6203 = EDGE_CURVE ( 'NONE', #10843, #3074, #4837, .T. ) ;
#6204 = DIRECTION ( 'NONE',  ( 0.0000000000000000000, 0.0000000000000000000, -1.000000000000000000 ) ) ;
#6205 = ORIENTED_EDGE ( 'NONE', *, *, #5777, .F. ) ;
#6206 = PLANE ( 'NONE',  #366 ) ;
#6207 = VECTOR ( 'NONE', #7688, 39.37007874015748100 ) ;
#6208 = FACE_OUTER_BOUND ( 'NONE', #338, .T. ) ;
#6209 = CARTESIAN_POINT ( 'NONE',  ( 0.07283464566929136200, 0.3077060962964917600, 0.1513544460802586400 ) ) ;
#6210 = CYLINDRICAL_SURFACE ( 'NONE', #7781, 0.03937007874015749400 ) ;
#6211 = SURFACE_STYLE_USAGE ( .BOTH. , #5343 ) ;
#6212 = VECTOR ( 'NONE', #9721, 39.37007874015748100 ) ;
#6213 = FACE_OUTER_BOUND ( 'NONE', #10336, .T. ) ;
#6214 = CARTESIAN_POINT ( 'NONE',  ( -0.1397637795275590600, 0.1522291837916265600, 0.0000000000000000000 ) ) ;
#6215 = VECTOR ( 'NONE', #8249, 39.37007874015748100 ) ;
#6216 = DIRECTION ( 'NONE',  ( 1.000000000000000000, -0.0000000000000000000, -0.0000000000000000000 ) ) ;
#6217 = FACE_OUTER_BOUND ( 'NONE', #2076, .T. ) ;
#6218 = CARTESIAN_POINT ( 'NONE',  ( -0.2417957872900946000, -0.1378615124517495700, 0.7690197545653724200 ) ) ;
#6219 = EDGE_LOOP ( 'NONE', ( #7056, #1543, #6958, #5693 ) ) ;
#6220 = ORIENTED_EDGE ( 'NONE', *, *, #3616, .F. ) ;
#6221 = ORIENTED_EDGE ( 'NONE', *, *, #7364, .T. ) ;
#6222 = ORIENTED_EDGE ( 'NONE', *, *, #2364, .T. ) ;
#6223 = AXIS2_PLACEMENT_3D ( 'NONE', #5303, #4375, #1790 ) ;
#6224 = PLANE ( 'NONE',  #4396 ) ;
#6225 = VECTOR ( 'NONE', #2721, 39.37007874015748100 ) ;
#6226 = EDGE_CURVE ( 'NONE', #1015, #8836, #4974, .T. ) ;
#6227 = ORIENTED_EDGE ( 'NONE', *, *, #10087, .T. ) ;
#6228 = DIRECTION ( 'NONE',  ( -1.000000000000000000, 0.0000000000000000000, 0.0000000000000000000 ) ) ;
#6229 = EDGE_LOOP ( 'NONE', ( #2331, #7935, #8893, #10775 ) ) ;
#6230 = ORIENTED_EDGE ( 'NONE', *, *, #6295, .F. ) ;
#6231 = ORIENTED_EDGE ( 'NONE', *, *, #4790, .F. ) ;
#6232 = ADVANCED_FACE ( 'NONE', ( #9103 ), #7791, .F. ) ;
#6233 = CARTESIAN_POINT ( 'NONE',  ( -1.461507861341100800E-031, -0.3854999999999999000, -1.389844020060765000E-015 ) ) ;
#6234 = EDGE_LOOP ( 'NONE', ( #4245, #9965, #7176, #7113 ) ) ;
#6235 = LINE ( 'NONE', #1678, #7970 ) ;
#6236 = ORIENTED_EDGE ( 'NONE', *, *, #2576, .T. ) ;
#6237 = FACE_OUTER_BOUND ( 'NONE', #8691, .T. ) ;
#6238 = AXIS2_PLACEMENT_3D ( 'NONE', #9733, #4749, #8998 ) ;
#6239 = DIRECTION ( 'NONE',  ( 0.08715574274766170500, -0.0000000000000000000, -0.9961946980917451000 ) ) ;
#6240 = ORIENTED_EDGE ( 'NONE', *, *, #29, .T. ) ;
#6241 = CARTESIAN_POINT ( 'NONE',  ( 0.2816278565449312800, -0.2675000000000002400, 0.09374015748031767900 ) ) ;
#6242 = ORIENTED_EDGE ( 'NONE', *, *, #6387, .F. ) ;
#6243 = ORIENTED_EDGE ( 'NONE', *, *, #10785, .F. ) ;
#6244 = EDGE_CURVE ( 'NONE', #1148, #745, #7383, .T. ) ;
#6245 = CARTESIAN_POINT ( 'NONE',  ( -0.2417957872900946000, -0.1811070463003417700, 0.7740197545653725300 ) ) ;
#6246 = EDGE_LOOP ( 'NONE', ( #2743, #4483, #7092, #3562 ) ) ;
#6247 = CARTESIAN_POINT ( 'NONE',  ( -0.2445122359226496700, -0.3775000000000015600, 0.4729474459236632800 ) ) ;
#6248 = EDGE_CURVE ( 'NONE', #1273, #2833, #59, .T. ) ;
#6249 = ADVANCED_FACE ( 'NONE', ( #9512 ), #6033, .F. ) ;
#6250 = CARTESIAN_POINT ( 'NONE',  ( -0.2975000000000024300, -0.2019842793760456800, 0.7879635790510823900 ) ) ;
#6251 = FACE_OUTER_BOUND ( 'NONE', #2341, .T. ) ;
#6252 = ORIENTED_EDGE ( 'NONE', *, *, #4195, .T. ) ;
#6253 = VERTEX_POINT ( 'NONE', #1845 ) ;
#6254 = ORIENTED_EDGE ( 'NONE', *, *, #5754, .T. ) ;
#6255 = EDGE_CURVE ( 'NONE', #3931, #2191, #6322, .T. ) ;
#6256 =( GEOMETRIC_REPRESENTATION_CONTEXT ( 3 ) GLOBAL_UNCERTAINTY_ASSIGNED_CONTEXT ( ( #8372 ) ) GLOBAL_UNIT_ASSIGNED_CONTEXT ( ( #7201, #2909, #10479 ) ) REPRESENTATION_CONTEXT ( 'NONE', 'WORKASPACE' ) );
#6257 = DIRECTION ( 'NONE',  ( 1.000000000000000000, 0.0000000000000000000, -0.0000000000000000000 ) ) ;
#6258 = LINE ( 'NONE', #5787, #7869 ) ;
#6259 = ORIENTED_EDGE ( 'NONE', *, *, #9979, .T. ) ;
#6260 = EDGE_CURVE ( 'NONE', #5965, #5962, #4335, .T. ) ;
#6261 = DIRECTION ( 'NONE',  ( -1.000000000000000000, -1.458800866809831600E-016, 3.623343611582382800E-015 ) ) ;
#6262 = DIRECTION ( 'NONE',  ( 0.0000000000000000000, -1.000000000000000000, -0.0000000000000000000 ) ) ;
#6263 = VECTOR ( 'NONE', #2161, 39.37007874015748100 ) ;
#6264 = SURFACE_STYLE_FILL_AREA ( #639 ) ;
#6265 = PLANE ( 'NONE',  #687 ) ;
#6266 = PRESENTATION_LAYER_ASSIGNMENT (  '', '', ( #525 ) ) ;
#6267 = CARTESIAN_POINT ( 'NONE',  ( -0.07440944881889763300, 0.3255628348940304800, 0.1601378170038762200 ) ) ;
#6268 = FILL_AREA_STYLE ('',( #2075 ) ) ;
#6269 = ORIENTED_EDGE ( 'NONE', *, *, #2002, .T. ) ;
#6270 = CARTESIAN_POINT ( 'NONE',  ( 0.08484251968503923900, -0.3855000000000022300, 0.6681574803149606900 ) ) ;
#6271 = CARTESIAN_POINT ( 'NONE',  ( -0.2486744556699771700, 0.06541338582677162800, 0.05437007874015750700 ) ) ;
#6272 = VECTOR ( 'NONE', #4239, 39.37007874015748100 ) ;
#6273 = VERTEX_POINT ( 'NONE', #8004 ) ;
#6274 = DIRECTION ( 'NONE',  ( 0.0000000000000000000, 0.0000000000000000000, -1.000000000000000000 ) ) ;
#6275 = ADVANCED_FACE ( 'NONE', ( #8057 ), #4600, .F. ) ;
#6276 = CARTESIAN_POINT ( 'NONE',  ( -0.2500000000000000000, -0.1174558555784520800, 0.8122440944881890200 ) ) ;
#6277 = PRESENTATION_LAYER_ASSIGNMENT (  '', '', ( #4975 ) ) ;
#6278 = DIRECTION ( 'NONE',  ( 0.0000000000000000000, 0.0000000000000000000, 1.000000000000000000 ) ) ;
#6279 = ORIENTED_EDGE ( 'NONE', *, *, #4329, .F. ) ;
#6280 = DIRECTION ( 'NONE',  ( 0.0000000000000000000, 1.000000000000000000, 0.0000000000000000000 ) ) ;
#6281 = VECTOR ( 'NONE', #1274, 39.37007874015748100 ) ;
#6282 = VERTEX_POINT ( 'NONE', #4562 ) ;
#6283 = CARTESIAN_POINT ( 'NONE',  ( -0.2519685039370078700, 0.06541338582677166900, 0.0000000000000000000 ) ) ;
#6284 = CARTESIAN_POINT ( 'NONE',  ( -0.2054877259844296600, -0.3330012963335402500, 0.3577849330587635800 ) ) ;
#6285 = CARTESIAN_POINT ( 'NONE',  ( -0.07440944881889763300, 0.1522291837916265600, 0.0000000000000000000 ) ) ;
#6286 = VERTEX_POINT ( 'NONE', #2781 ) ;
#6287 = ADVANCED_FACE ( 'NONE', ( #5259 ), #1035, .F. ) ;
#6288 = COLOUR_RGB ( '',0.7921568627450980000, 0.8196078431372548800, 0.9333333333333333500 ) ;
#6289 = DIRECTION ( 'NONE',  ( -1.000000000000000000, 0.0000000000000000000, -0.0000000000000000000 ) ) ;
#6290 = COLOUR_RGB ( '',0.7921568627450980000, 0.8196078431372548800, 0.9333333333333333500 ) ;
#6291 = ORIENTED_EDGE ( 'NONE', *, *, #1170, .F. ) ;
#6292 = AXIS2_PLACEMENT_3D ( 'NONE', #6521, #589, #6553 ) ;
#6293 = FACE_OUTER_BOUND ( 'NONE', #7400, .T. ) ;
#6294 = DIRECTION ( 'NONE',  ( -3.498098040667654100E-015, 0.0000000000000000000, -1.000000000000000000 ) ) ;
#6295 = EDGE_CURVE ( 'NONE', #7961, #10117, #10827, .T. ) ;
#6296 = ORIENTED_EDGE ( 'NONE', *, *, #9241, .F. ) ;
#6297 = VECTOR ( 'NONE', #2210, 39.37007874015748100 ) ;
#6298 = EDGE_CURVE ( 'NONE', #9195, #9089, #699, .T. ) ;
#6299 = DIRECTION ( 'NONE',  ( 1.000000000000000000, -3.791200677927630300E-031, 0.0000000000000000000 ) ) ;
#6300 = CYLINDRICAL_SURFACE ( 'NONE', #6681, 0.004999999999999946300 ) ;
#6301 = CARTESIAN_POINT ( 'NONE',  ( 0.2486744556699771700, -0.01332677165354326600, 1.707404996040164500E-017 ) ) ;
#6302 = VECTOR ( 'NONE', #10778, 39.37007874015748100 ) ;
#6303 = ORIENTED_EDGE ( 'NONE', *, *, #3885, .T. ) ;
#6304 = CARTESIAN_POINT ( 'NONE',  ( 0.1948031496062992700, -0.2052511311690032600, 0.01499999999999999900 ) ) ;
#6305 = LINE ( 'NONE', #10544, #4687 ) ;
#6306 = ORIENTED_EDGE ( 'NONE', *, *, #3735, .T. ) ;
#6307 = CARTESIAN_POINT ( 'NONE',  ( 0.1153543307086614100, -0.01737224260835761400, 0.8122440944881890200 ) ) ;
#6308 = AXIS2_PLACEMENT_3D ( 'NONE', #1668, #10935, #8430 ) ;
#6309 = DIRECTION ( 'NONE',  ( -1.000000000000000000, 0.0000000000000000000, 0.0000000000000000000 ) ) ;
#6310 = LINE ( 'NONE', #5061, #5764 ) ;
#6311 = EDGE_CURVE ( 'NONE', #4889, #1532, #1785, .T. ) ;
#6312 = CARTESIAN_POINT ( 'NONE',  ( 0.2966278565449310700, -0.1861070463003418300, 0.7690197545653723000 ) ) ;
#6313 = VECTOR ( 'NONE', #5547, 39.37007874015748900 ) ;
#6314 = CARTESIAN_POINT ( 'NONE',  ( -0.2975000000000008700, -0.3856102362204703600, 0.2633149606299202700 ) ) ;
#6315 = VECTOR ( 'NONE', #9892, 39.37007874015748100 ) ;
#6316 = DIRECTION ( 'NONE',  ( 1.000000000000000000, 3.594536833768767100E-016, 0.0000000000000000000 ) ) ;
#6317 = EDGE_LOOP ( 'NONE', ( #8777, #2401, #906, #6498 ) ) ;
#6318 = EDGE_CURVE ( 'NONE', #6588, #7802, #8604, .T. ) ;
#6319 = DIRECTION ( 'NONE',  ( 1.000000000000000000, 7.400031521858132100E-030, 0.0000000000000000000 ) ) ;
#6320 = LINE ( 'NONE', #5976, #10692 ) ;
#6321 = CARTESIAN_POINT ( 'NONE',  ( -0.2054877261536933200, -0.3274999999990008100, 0.3629629479367024200 ) ) ;
#6322 = LINE ( 'NONE', #6886, #10458 ) ;
#6323 = LINE ( 'NONE', #1020, #7246 ) ;
#6324 = VECTOR ( 'NONE', #3527, 39.37007874015748100 ) ;
#6325 = EDGE_CURVE ( 'NONE', #7712, #4599, #5778, .T. ) ;
#6326 = CARTESIAN_POINT ( 'NONE',  ( -0.3164370078740166800, -0.2438779527559034600, 0.2849685039370066800 ) ) ;
#6327 = ADVANCED_FACE ( 'NONE', ( #322 ), #10491, .T. ) ;
#6328 = LINE ( 'NONE', #5673, #6215 ) ;
#6329 = DIRECTION ( 'NONE',  ( 0.0000000000000000000, 1.000000000000000000, 0.0000000000000000000 ) ) ;
#6330 = EDGE_CURVE ( 'NONE', #3682, #1162, #9767, .T. ) ;
#6331 = VECTOR ( 'NONE', #4631, 39.37007874015748100 ) ;
#6332 = DIRECTION ( 'NONE',  ( 0.0000000000000000000, -0.0000000000000000000, 1.000000000000000000 ) ) ;
#6333 = VERTEX_POINT ( 'NONE', #4500 ) ;
#6334 = ORIENTED_EDGE ( 'NONE', *, *, #3463, .T. ) ;
#6335 = ORIENTED_EDGE ( 'NONE', *, *, #1236, .F. ) ;
#6336 = ORIENTED_EDGE ( 'NONE', *, *, #8233, .T. ) ;
#6337 = DIRECTION ( 'NONE',  ( -0.0000000000000000000, 1.000000000000000000, -0.0000000000000000000 ) ) ;
#6338 = PRESENTATION_STYLE_ASSIGNMENT (( #8163 ) ) ;
#6339 = ADVANCED_FACE ( 'NONE', ( #438 ), #2809, .T. ) ;
#6340 = DIRECTION ( 'NONE',  ( 0.0000000000000000000, -3.469446951953613800E-015, 1.000000000000000000 ) ) ;
#6341 = ORIENTED_EDGE ( 'NONE', *, *, #10583, .T. ) ;
#6342 = EDGE_LOOP ( 'NONE', ( #8396, #10206, #6591, #6466 ) ) ;
#6343 = VERTEX_POINT ( 'NONE', #7874 ) ;
#6344 =( CONVERSION_BASED_UNIT ( 'INCH', #2868 ) LENGTH_UNIT ( ) NAMED_UNIT ( #10671 ) );
#6345 = CARTESIAN_POINT ( 'NONE',  ( 0.08484251968503923900, -0.3855000000000022900, 0.6878425196850395100 ) ) ;
#6346 = ORIENTED_EDGE ( 'NONE', *, *, #10438, .F. ) ;
#6347 = VERTEX_POINT ( 'NONE', #10413 ) ;
#6348 = CARTESIAN_POINT ( 'NONE',  ( -0.2972642977396045500, 0.2525000000000000000, 0.01499999999999999900 ) ) ;
#6349 = LINE ( 'NONE', #10136, #6225 ) ;
#6350 = ORIENTED_EDGE ( 'NONE', *, *, #9803, .F. ) ;
#6351 = CIRCLE ( 'NONE', #4921, 0.004999999999999946300 ) ;
#6352 = ORIENTED_EDGE ( 'NONE', *, *, #6431, .T. ) ;
#6353 = DIRECTION ( 'NONE',  ( 3.791200677927630300E-031, 1.000000000000000000, 3.469446951953613800E-015 ) ) ;
#6354 = ORIENTED_EDGE ( 'NONE', *, *, #8599, .T. ) ;
#6355 = VERTEX_POINT ( 'NONE', #6187 ) ;
#6356 = AXIS2_PLACEMENT_3D ( 'NONE', #3455, #2658, #3487 ) ;
#6357 = EDGE_CURVE ( 'NONE', #8234, #9470, #7942, .T. ) ;
#6358 = ORIENTED_EDGE ( 'NONE', *, *, #523, .T. ) ;
#6359 = VERTEX_POINT ( 'NONE', #9619 ) ;
#6360 = FACE_OUTER_BOUND ( 'NONE', #3848, .T. ) ;
#6361 = PRESENTATION_LAYER_ASSIGNMENT (  '', '', ( #82 ) ) ;
#6362 = DIRECTION ( 'NONE',  ( 1.000000000000000000, 4.011848926865880900E-016, -0.0000000000000000000 ) ) ;
#6363 = ORIENTED_EDGE ( 'NONE', *, *, #5309, .T. ) ;
#6364 = LINE ( 'NONE', #3253, #4099 ) ;
#6365 = VERTEX_POINT ( 'NONE', #279 ) ;
#6366 = CARTESIAN_POINT ( 'NONE',  ( -0.2717853368598916500, -0.0000000000000000000, 0.01499999999999999900 ) ) ;
#6367 = EDGE_LOOP ( 'NONE', ( #4074, #10992, #3433, #9331 ) ) ;
#6368 = DIRECTION ( 'NONE',  ( 1.000000000000000000, -0.0000000000000000000, 2.529146936815852400E-016 ) ) ;
#6369 = ORIENTED_EDGE ( 'NONE', *, *, #10770, .F. ) ;
#6370 =( GEOMETRIC_REPRESENTATION_CONTEXT ( 3 ) GLOBAL_UNCERTAINTY_ASSIGNED_CONTEXT ( ( #5722 ) ) GLOBAL_UNIT_ASSIGNED_CONTEXT ( ( #6344, #6410, #6445 ) ) REPRESENTATION_CONTEXT ( 'NONE', 'WORKASPACE' ) );
#6371 = DIRECTION ( 'NONE',  ( 0.0000000000000000000, -1.000000000000000000, -0.0000000000000000000 ) ) ;
#6372 = CARTESIAN_POINT ( 'NONE',  ( -0.2975000000000024800, 0.02872058991876547800, 0.7479635790510822400 ) ) ;
#6373 = EDGE_CURVE ( 'NONE', #10616, #8067, #4044, .T. ) ;
#6374 = PLANE ( 'NONE',  #1765 ) ;
#6375 = CYLINDRICAL_SURFACE ( 'NONE', #8024, 0.004999999999999946300 ) ;
#6376 = EDGE_LOOP ( 'NONE', ( #759, #4215, #1665, #9433 ) ) ;
#6377 = DIRECTION ( 'NONE',  ( -0.0000000000000000000, 1.000000000000000000, -0.0000000000000000000 ) ) ;
#6378 = CARTESIAN_POINT ( 'NONE',  ( 0.2975000000000023700, -0.2019842793760456800, 0.7479635790510845700 ) ) ;
#6379 = DIRECTION ( 'NONE',  ( 0.0000000000000000000, 0.0000000000000000000, 1.000000000000000000 ) ) ;
#6380 = UNCERTAINTY_MEASURE_WITH_UNIT (LENGTH_MEASURE( 1.000000000000000100E-005 ), #1186, 'distance_accuracy_value', 'NONE');
#6381 = ADVANCED_FACE ( 'NONE', ( #8187 ), #212, .F. ) ;
#6382 = CARTESIAN_POINT ( 'NONE',  ( -0.1348425196850394100, -0.2525000000000000600, 0.6878425196850395100 ) ) ;
#6383 = AXIS2_PLACEMENT_3D ( 'NONE', #6107, #7820, #8598 ) ;
#6384 = VECTOR ( 'NONE', #4200, 39.37007874015748100 ) ;
#6385 = ORIENTED_EDGE ( 'NONE', *, *, #4871, .F. ) ;
#6386 = EDGE_LOOP ( 'NONE', ( #10082, #7296, #3197, #4378 ) ) ;
#6387 = EDGE_CURVE ( 'NONE', #10492, #9027, #2293, .T. ) ;
#6388 = CARTESIAN_POINT ( 'NONE',  ( -0.3125000000000025000, 0.2454289321881375800, 0.8200000000000001700 ) ) ;
#6389 = ORIENTED_EDGE ( 'NONE', *, *, #6511, .F. ) ;
#6390 = CARTESIAN_POINT ( 'NONE',  ( 0.2975000000000012100, 0.1454527559055146500, 0.4396684505418362300 ) ) ;
#6391 = LINE ( 'NONE', #5436, #3601 ) ;
#6392 = ORIENTED_EDGE ( 'NONE', *, *, #5594, .F. ) ;
#6393 = EDGE_CURVE ( 'NONE', #1966, #5029, #10190, .T. ) ;
#6394 = ORIENTED_EDGE ( 'NONE', *, *, #9724, .F. ) ;
#6395 = DIRECTION ( 'NONE',  ( 0.0000000000000000000, 0.0000000000000000000, -1.000000000000000000 ) ) ;
#6396 = EDGE_LOOP ( 'NONE', ( #10889, #8618, #2892, #3707 ) ) ;
#6397 = AXIS2_PLACEMENT_3D ( 'NONE', #10748, #10635, #8122 ) ;
#6398 = CARTESIAN_POINT ( 'NONE',  ( 0.1799811510861111200, 0.06541338582677166900, 0.2157114503741968100 ) ) ;
#6399 = VECTOR ( 'NONE', #3122, 39.37007874015748100 ) ;
#6400 = ORIENTED_EDGE ( 'NONE', *, *, #2461, .F. ) ;
#6401 = DIRECTION ( 'NONE',  ( -0.0000000000000000000, -3.412622176065439700E-015, -1.000000000000000000 ) ) ;
#6402 = CARTESIAN_POINT ( 'NONE',  ( -0.7909457491260218900, -0.2515000000000000000, 0.1987165801646102700 ) ) ;
#6403 = DIRECTION ( 'NONE',  ( -0.0000000000000000000, 1.000000000000000000, -0.0000000000000000000 ) ) ;
#6404 = ORIENTED_EDGE ( 'NONE', *, *, #6664, .T. ) ;
#6405 = SURFACE_STYLE_USAGE ( .BOTH. , #10609 ) ;
#6406 = DIRECTION ( 'NONE',  ( 0.0000000000000000000, 0.4413750231038431300, -0.8973227340149595400 ) ) ;
#6407 = ORIENTED_EDGE ( 'NONE', *, *, #3662, .F. ) ;
#6408 = VECTOR ( 'NONE', #3419, 39.37007874015748100 ) ;
#6409 = ORIENTED_EDGE ( 'NONE', *, *, #2894, .F. ) ;
#6410 =( NAMED_UNIT ( * ) PLANE_ANGLE_UNIT ( ) SI_UNIT ( $, .RADIAN. ) );
#6411 = VECTOR ( 'NONE', #4049, 39.37007874015748100 ) ;
#6412 = AXIS2_PLACEMENT_3D ( 'NONE', #2290, #4063, #7493 ) ;
#6413 = DIRECTION ( 'NONE',  ( -1.000000000000000000, 0.0000000000000000000, 8.876942833622265700E-013 ) ) ;
#6414 = EDGE_CURVE ( 'NONE', #3570, #7257, #7661, .T. ) ;
#6415 = VERTEX_POINT ( 'NONE', #353 ) ;
#6416 = DIRECTION ( 'NONE',  ( 0.0000000000000000000, 3.469446951953613800E-015, -1.000000000000000000 ) ) ;
#6417 = VECTOR ( 'NONE', #7607, 39.37007874015748100 ) ;
#6418 = DIRECTION ( 'NONE',  ( 0.0000000000000000000, -3.469446951953613800E-015, 1.000000000000000000 ) ) ;
#6419 = AXIS2_PLACEMENT_3D ( 'NONE', #3194, #8480, #8363 ) ;
#6420 = SURFACE_STYLE_FILL_AREA ( #10253 ) ;
#6421 = ORIENTED_EDGE ( 'NONE', *, *, #7291, .T. ) ;
#6422 = VECTOR ( 'NONE', #5562, 39.37007874015748100 ) ;
#6423 = ORIENTED_EDGE ( 'NONE', *, *, #5594, .T. ) ;
#6424 = PLANE ( 'NONE',  #7071 ) ;
#6425 = LINE ( 'NONE', #4577, #8450 ) ;
#6426 = CARTESIAN_POINT ( 'NONE',  ( 0.1348425196850392400, -0.2525000000000000600, 0.7681574803149606700 ) ) ;
#6427 = PRESENTATION_STYLE_ASSIGNMENT (( #2006 ) ) ;
#6428 = AXIS2_PLACEMENT_3D ( 'NONE', #2001, #9746, #5445 ) ;
#6429 = ADVANCED_FACE ( 'NONE', ( #3392 ), #9867, .F. ) ;
#6430 = PRESENTATION_STYLE_ASSIGNMENT (( #5062 ) ) ;
#6431 = EDGE_CURVE ( 'NONE', #8490, #6606, #8323, .T. ) ;
#6432 = VECTOR ( 'NONE', #4745, 39.37007874015748100 ) ;
#6433 = CARTESIAN_POINT ( 'NONE',  ( 0.1348425196850393500, -0.2525000000000000600, 0.7878425196850394900 ) ) ;
#6434 = CARTESIAN_POINT ( 'NONE',  ( -0.2975000000000001000, 0.2517928932188134800, 0.01499999999999999900 ) ) ;
#6435 = AXIS2_PLACEMENT_3D ( 'NONE', #3630, #1983, #7871 ) ;
#6436 = FACE_OUTER_BOUND ( 'NONE', #1043, .T. ) ;
#6437 = LINE ( 'NONE', #4007, #10569 ) ;
#6438 = DIRECTION ( 'NONE',  ( 0.0000000000000000000, -0.8973227340149595400, -0.4413750231038431300 ) ) ;
#6439 = MECHANICAL_DESIGN_GEOMETRIC_PRESENTATION_REPRESENTATION (  '', ( #8384 ), #10083 ) ;
#6440 = ADVANCED_FACE ( 'NONE', ( #3523 ), #1197, .T. ) ;
#6441 = PLANE ( 'NONE',  #9485 ) ;
#6442 = PRESENTATION_STYLE_ASSIGNMENT (( #4519 ) ) ;
#6443 = DIRECTION ( 'NONE',  ( -0.0000000000000000000, 0.8973227340149595400, 0.4413750231038433600 ) ) ;
#6444 = ORIENTED_EDGE ( 'NONE', *, *, #10163, .T. ) ;
#6445 =( NAMED_UNIT ( * ) SI_UNIT ( $, .STERADIAN. ) SOLID_ANGLE_UNIT ( ) );
#6446 = EDGE_CURVE ( 'NONE', #5270, #4864, #8869, .T. ) ;
#6447 = DIRECTION ( 'NONE',  ( 1.000000000000000000, 0.0000000000000000000, 0.0000000000000000000 ) ) ;
#6448 = CIRCLE ( 'NONE', #1, 0.04900000250777329600 ) ;
#6449 = VECTOR ( 'NONE', #1290, 39.37007874015748100 ) ;
#6450 = LINE ( 'NONE', #6174, #4196 ) ;
#6451 = EDGE_LOOP ( 'NONE', ( #9293, #2332, #4226, #6279 ) ) ;
#6452 = PLANE ( 'NONE',  #9877 ) ;
#6454 = LINE ( 'NONE', #104, #8753 ) ;
#6453 = CARTESIAN_POINT ( 'NONE',  ( -0.1169291338582677000, 0.3255628348940304800, 0.1601378170038762200 ) ) ;
#6455 = EDGE_CURVE ( 'NONE', #4073, #2466, #2850, .T. ) ;
#6456 = CARTESIAN_POINT ( 'NONE',  ( 0.09566929133858267900, -0.01737224260835761400, 0.8122440944881890200 ) ) ;
#6457 = CYLINDRICAL_SURFACE ( 'NONE', #2929, 0.004999999999999946300 ) ;
#6458 = VECTOR ( 'NONE', #1683, 39.37007874015748100 ) ;
#6459 = DIRECTION ( 'NONE',  ( 0.0000000000000000000, 0.0000000000000000000, -1.000000000000000000 ) ) ;
#6460 = CIRCLE ( 'NONE', #10119, 0.06400002813435827500 ) ;
#6461 = EDGE_CURVE ( 'NONE', #5307, #6415, #9641, .T. ) ;
#6462 = AXIS2_PLACEMENT_3D ( 'NONE', #449, #8900, #3767 ) ;
#6463 =( NAMED_UNIT ( * ) SI_UNIT ( $, .STERADIAN. ) SOLID_ANGLE_UNIT ( ) );
#6464 = ORIENTED_EDGE ( 'NONE', *, *, #258, .F. ) ;
#6465 = ORIENTED_EDGE ( 'NONE', *, *, #7146, .F. ) ;
#6466 = ORIENTED_EDGE ( 'NONE', *, *, #8407, .T. ) ;
#6467 = CARTESIAN_POINT ( 'NONE',  ( -0.2975000000000024800, -0.2019842793760456800, 0.7479635790510822400 ) ) ;
#6468 = ORIENTED_EDGE ( 'NONE', *, *, #7897, .T. ) ;
#6469 = VECTOR ( 'NONE', #1829, 39.37007874015748100 ) ;
#6470 = EDGE_CURVE ( 'NONE', #5366, #10492, #7808, .T. ) ;
#6471 = VECTOR ( 'NONE', #9719, 39.37007874015748100 ) ;
#6472 = CARTESIAN_POINT ( 'NONE',  ( 0.08484251968503923900, -0.5313388496530164800, 0.6878425196850395100 ) ) ;
#6473 = DIRECTION ( 'NONE',  ( -0.0000000000000000000, 1.000000000000000000, -0.0000000000000000000 ) ) ;
#6474 = ORIENTED_EDGE ( 'NONE', *, *, #7377, .F. ) ;
#6475 = VERTEX_POINT ( 'NONE', #4665 ) ;
#6476 = ORIENTED_EDGE ( 'NONE', *, *, #1073, .F. ) ;
#6477 = DIRECTION ( 'NONE',  ( 0.0000000000000000000, 0.0000000000000000000, -1.000000000000000000 ) ) ;
#6478 = ORIENTED_EDGE ( 'NONE', *, *, #2576, .F. ) ;
#6479 = AXIS2_PLACEMENT_3D ( 'NONE', #8995, #8008, #9809 ) ;
#6480 = DIRECTION ( 'NONE',  ( -0.0000000000000000000, 0.0000000000000000000, -1.000000000000000000 ) ) ;
#6481 = DIRECTION ( 'NONE',  ( 0.0000000000000000000, 0.0000000000000000000, -1.000000000000000000 ) ) ;
#6482 = CYLINDRICAL_SURFACE ( 'NONE', #10814, 0.004999999999999946300 ) ;
#6483 =( LENGTH_UNIT ( ) NAMED_UNIT ( * ) SI_UNIT ( $, .METRE. ) );
#6484 = EDGE_LOOP ( 'NONE', ( #5447, #3022, #9568, #2088 ) ) ;
#6485 = LINE ( 'NONE', #5195, #3132 ) ;
#6486 = CARTESIAN_POINT ( 'NONE',  ( 0.3294888549426408000, 0.1454527559055147900, 0.8098162275806200000 ) ) ;
#6487 = ORIENTED_EDGE ( 'NONE', *, *, #5150, .T. ) ;
#6488 = CARTESIAN_POINT ( 'NONE',  ( -0.3125000000000027200, 0.1469172219995818800, 0.7214882898114441900 ) ) ;
#6489 = AXIS2_PLACEMENT_3D ( 'NONE', #4104, #1560, #2324 ) ;
#6490 = ADVANCED_FACE ( 'NONE', ( #567 ), #3016, .T. ) ;
#6491 = ORIENTED_EDGE ( 'NONE', *, *, #849, .T. ) ;
#6492 = ORIENTED_EDGE ( 'NONE', *, *, #10854, .T. ) ;
#6493 = CARTESIAN_POINT ( 'NONE',  ( -0.2970285954792090700, 0.2675000000000000200, 0.007146018366025476100 ) ) ;
#6494 = ORIENTED_EDGE ( 'NONE', *, *, #2277, .F. ) ;
#6495 = CARTESIAN_POINT ( 'NONE',  ( 0.01515748031496052600, -0.3855000000000026200, 0.7878425196850393800 ) ) ;
#6496 = DIRECTION ( 'NONE',  ( 0.0000000000000000000, -3.483718471400136200E-015, -1.000000000000000000 ) ) ;
#6497 = FACE_BOUND ( 'NONE', #7731, .T. ) ;
#6498 = ORIENTED_EDGE ( 'NONE', *, *, #4754, .F. ) ;
#6499 = AXIS2_PLACEMENT_3D ( 'NONE', #3701, #5419, #6278 ) ;
#6500 = VECTOR ( 'NONE', #11007, 39.37007874015748100 ) ;
#6501 = EDGE_LOOP ( 'NONE', ( #1253, #9475, #1028, #6806, #1557, #10100, #1943, #5359, #3454, #2754 ) ) ;
#6502 = EDGE_CURVE ( 'NONE', #9953, #275, #4199, .T. ) ;
#6503 = DIRECTION ( 'NONE',  ( -1.000000000000000000, -1.458800866809831900E-016, 3.623343611582382000E-015 ) ) ;
#6504 = ADVANCED_FACE ( 'NONE', ( #4187 ), #8980, .T. ) ;
#6505 = EDGE_LOOP ( 'NONE', ( #7753, #2259, #6186, #365, #6097, #10022, #1203, #10917 ) ) ;
#6506 = EDGE_CURVE ( 'NONE', #9946, #10411, #3899, .T. ) ;
#6507 = SURFACE_SIDE_STYLE ('',( #8405 ) ) ;
#6508 = DIRECTION ( 'NONE',  ( 3.441691376337984100E-015, 0.0000000000000000000, 1.000000000000000000 ) ) ;
#6509 = FACE_OUTER_BOUND ( 'NONE', #9461, .T. ) ;
#6510 = EDGE_LOOP ( 'NONE', ( #4229, #8499, #10881, #9408 ) ) ;
#6511 = EDGE_CURVE ( 'NONE', #5743, #4538, #1360, .T. ) ;
#6512 = UNCERTAINTY_MEASURE_WITH_UNIT (LENGTH_MEASURE( 1.000000000000000100E-005 ), #1435, 'distance_accuracy_value', 'NONE');
#6513 = DIRECTION ( 'NONE',  ( 6.982962677686267500E-015, -1.000000000000000000, 3.412622176065427900E-015 ) ) ;
#6514 = CARTESIAN_POINT ( 'NONE',  ( -0.2054877304056738900, -0.3275000000000012900, 0.4930370533388128700 ) ) ;
#6515 = DIRECTION ( 'NONE',  ( 0.0000000000000000000, 0.0000000000000000000, -1.000000000000000000 ) ) ;
#6516 =( NAMED_UNIT ( * ) SI_UNIT ( $, .STERADIAN. ) SOLID_ANGLE_UNIT ( ) );
#6517 = LENGTH_MEASURE_WITH_UNIT ( LENGTH_MEASURE( 0.02539999999999999900 ), #5760 );
#6518 = DIRECTION ( 'NONE',  ( 0.0000000000000000000, 1.000000000000000000, 0.0000000000000000000 ) ) ;
#6519 = EDGE_CURVE ( 'NONE', #7631, #3266, #206, .T. ) ;
#6520 = CARTESIAN_POINT ( 'NONE',  ( -0.2975000000000022600, 0.2675000000000011800, 0.3396922742592156700 ) ) ;
#6521 = CARTESIAN_POINT ( 'NONE',  ( 0.3164370078740185200, -0.2515000000000000000, 0.3026850393700797900 ) ) ;
#6522 = ORIENTED_EDGE ( 'NONE', *, *, #6196, .T. ) ;
#6523 = SURFACE_STYLE_USAGE ( .BOTH. , #553 ) ;
#6524 = VECTOR ( 'NONE', #5335, 39.37007874015748100 ) ;
#6525 = ORIENTED_EDGE ( 'NONE', *, *, #5193, .T. ) ;
#6526 = EDGE_CURVE ( 'NONE', #731, #1836, #10977, .T. ) ;
#6527 = CARTESIAN_POINT ( 'NONE',  ( -0.9786058776227792900, -0.1771838596522949400, 0.01499999999999999900 ) ) ;
#6528 = AXIS2_PLACEMENT_3D ( 'NONE', #481, #6443, #4766 ) ;
#6529 = DIRECTION ( 'NONE',  ( -0.9961946980917451000, 0.0000000000000000000, 0.08715574274766177400 ) ) ;
#6530 = ORIENTED_EDGE ( 'NONE', *, *, #9161, .F. ) ;
#6531 = EDGE_CURVE ( 'NONE', #7445, #6094, #2427, .T. ) ;
#6532 = LINE ( 'NONE', #6527, #1198 ) ;
#6533 = ORIENTED_EDGE ( 'NONE', *, *, #2995, .F. ) ;
#6534 = ADVANCED_FACE ( 'NONE', ( #4462 ), #6452, .T. ) ;
#6535 = MANIFOLD_SOLID_BREP ( 'Fillet2', #9026 ) ;
#6536 = DIRECTION ( 'NONE',  ( -0.0000000000000000000, 0.8973227340149595400, 0.4413750231038433600 ) ) ;
#6537 = DIRECTION ( 'NONE',  ( 0.0000000000000000000, 1.000000000000000000, 0.0000000000000000000 ) ) ;
#6538 = STYLED_ITEM ( 'NONE', ( #5249 ), #7436 ) ;
#6539 = ORIENTED_EDGE ( 'NONE', *, *, #8702, .F. ) ;
#6540 = FACE_OUTER_BOUND ( 'NONE', #2469, .T. ) ;
#6541 = DIRECTION ( 'NONE',  ( -0.0000000000000000000, -0.0000000000000000000, -1.000000000000000000 ) ) ;
#6542 = ORIENTED_EDGE ( 'NONE', *, *, #3062, .F. ) ;
#6543 = DIRECTION ( 'NONE',  ( 0.0000000000000000000, 0.0000000000000000000, 1.000000000000000000 ) ) ;
#6544 = ORIENTED_EDGE ( 'NONE', *, *, #2153, .F. ) ;
#6545 = CARTESIAN_POINT ( 'NONE',  ( 0.07283464566929136200, 0.3255628348940304800, 0.1601378170038762200 ) ) ;
#6546 = PLANE ( 'NONE',  #1854 ) ;
#6547 = CARTESIAN_POINT ( 'NONE',  ( -0.3125000000000009400, -0.2438779527559034600, 0.2829999999999988600 ) ) ;
#6548 = VECTOR ( 'NONE', #9925, 39.37007874015748100 ) ;
#6549 = VECTOR ( 'NONE', #7636, 39.37007874015748100 ) ;
#6550 = FACE_OUTER_BOUND ( 'NONE', #9794, .T. ) ;
#6551 = VECTOR ( 'NONE', #8614, 39.37007874015748900 ) ;
#6552 = VERTEX_POINT ( 'NONE', #519 ) ;
#6553 = DIRECTION ( 'NONE',  ( 0.0000000000000000000, 0.0000000000000000000, 1.000000000000000000 ) ) ;
#6554 = AXIS2_PLACEMENT_3D ( 'NONE', #9554, #5315, #5160 ) ;
#6555 = FACE_OUTER_BOUND ( 'NONE', #3015, .T. ) ;
#6556 = EDGE_CURVE ( 'NONE', #6273, #9836, #4988, .T. ) ;
#6557 = ORIENTED_EDGE ( 'NONE', *, *, #2417, .T. ) ;
#6558 = DIRECTION ( 'NONE',  ( -1.000000000000000000, -0.0000000000000000000, -0.0000000000000000000 ) ) ;
#6559 = CARTESIAN_POINT ( 'NONE',  ( 0.7909457491260202300, 0.0000000000000000000, 0.1987165801646096400 ) ) ;
#6560 = CARTESIAN_POINT ( 'NONE',  ( -0.05472440944881888600, -0.01737224260835761400, 0.8122440944881890200 ) ) ;
#6561 = AXIS2_PLACEMENT_3D ( 'NONE', #5923, #8428, #4097 ) ;
#6562 = VECTOR ( 'NONE', #5399, 39.37007874015748100 ) ;
#6563 = EDGE_CURVE ( 'NONE', #7722, #7908, #1112, .T. ) ;
#6564 = DIRECTION ( 'NONE',  ( 0.0000000000000000000, 0.0000000000000000000, -1.000000000000000000 ) ) ;
#6565 = LINE ( 'NONE', #6402, #4324 ) ;
#6567 = AXIS2_PLACEMENT_3D ( 'NONE', #2328, #9082, #3984 ) ;
#6566 = DIRECTION ( 'NONE',  ( 1.000000000000000000, -0.0000000000000000000, 0.0000000000000000000 ) ) ;
#6568 = DIRECTION ( 'NONE',  ( 1.000000000000000000, 0.0000000000000000000, -0.0000000000000000000 ) ) ;
#6569 = ORIENTED_EDGE ( 'NONE', *, *, #9870, .T. ) ;
#6570 = DIRECTION ( 'NONE',  ( -0.0000000000000000000, -0.0000000000000000000, -1.000000000000000000 ) ) ;
#6571 = FACE_OUTER_BOUND ( 'NONE', #356, .T. ) ;
#6572 = EDGE_CURVE ( 'NONE', #9780, #4889, #10448, .T. ) ;
#6573 = CARTESIAN_POINT ( 'NONE',  ( 0.2975000000000007600, -0.2514999999999986100, 0.2633149606299223200 ) ) ;
#6574 = ADVANCED_FACE ( 'NONE', ( #10962 ), #10023, .F. ) ;
#6575 = LINE ( 'NONE', #9473, #5390 ) ;
#6576 = DIRECTION ( 'NONE',  ( 3.453004075404071500E-015, 2.551844114882811900E-016, 1.000000000000000000 ) ) ;
#6577 = DIRECTION ( 'NONE',  ( 0.0000000000000000000, 0.0000000000000000000, 1.000000000000000000 ) ) ;
#6578 = LINE ( 'NONE', #5043, #7809 ) ;
#6579 = EDGE_LOOP ( 'NONE', ( #5676, #10243, #1158, #6494 ) ) ;
#6580 = CARTESIAN_POINT ( 'NONE',  ( -0.09724409448818897800, 0.0000000000000000000, 0.0000000000000000000 ) ) ;
#6581 = CARTESIAN_POINT ( 'NONE',  ( 0.2816278565449284500, 0.1454527559055146500, -0.005498733049304612000 ) ) ;
#6582 = LINE ( 'NONE', #9110, #4343 ) ;
#6583 =( NAMED_UNIT ( * ) SI_UNIT ( $, .STERADIAN. ) SOLID_ANGLE_UNIT ( ) );
#6584 = AXIS2_PLACEMENT_3D ( 'NONE', #4724, #6438, #1325 ) ;
#6585 = DIRECTION ( 'NONE',  ( 3.414809992080329900E-015, 0.0000000000000000000, -1.000000000000000000 ) ) ;
#6586 = DIRECTION ( 'NONE',  ( -1.000000000000000000, -0.0000000000000000000, -0.0000000000000000000 ) ) ;
#6587 = VECTOR ( 'NONE', #5194, 39.37007874015748100 ) ;
#6588 = VERTEX_POINT ( 'NONE', #6495 ) ;
#6589 = ORIENTED_EDGE ( 'NONE', *, *, #3820, .F. ) ;
#6590 = EDGE_LOOP ( 'NONE', ( #4660, #2877, #5205, #4918 ) ) ;
#6591 = ORIENTED_EDGE ( 'NONE', *, *, #3996, .T. ) ;
#6592 = DIRECTION ( 'NONE',  ( 1.000000000000000000, -0.0000000000000000000, -0.0000000000000000000 ) ) ;
#6593 = EDGE_CURVE ( 'NONE', #3991, #2206, #9260, .T. ) ;
#6594 = CARTESIAN_POINT ( 'NONE',  ( 0.1948031496062992700, -0.2052511311690032600, 0.01499999999999999900 ) ) ;
#6595 = CARTESIAN_POINT ( 'NONE',  ( 0.2054877293081606400, -0.2675000000000016800, 0.4889530548344136500 ) ) ;
#6596 = ADVANCED_FACE ( 'NONE', ( #9893 ), #9123, .T. ) ;
#6597 = MECHANICAL_DESIGN_GEOMETRIC_PRESENTATION_REPRESENTATION (  '', ( #4875 ), #6256 ) ;
#6598 = CARTESIAN_POINT ( 'NONE',  ( -0.2519685039370078700, -0.1324212598425196500, 0.01499999999999999900 ) ) ;
#6599 = LINE ( 'NONE', #2081, #2174 ) ;
#6600 = VECTOR ( 'NONE', #3911, 39.37007874015748100 ) ;
#6601 =( CONVERSION_BASED_UNIT ( 'INCH', #8176 ) LENGTH_UNIT ( ) NAMED_UNIT ( #2398 ) );
#6602 = CARTESIAN_POINT ( 'NONE',  ( 0.09566929133858267900, 0.1522291837916265300, 0.5125280012291644200 ) ) ;
#6603 = EDGE_CURVE ( 'NONE', #1135, #10232, #6711, .T. ) ;
#6604 = CARTESIAN_POINT ( 'NONE',  ( -0.2975000000000001000, -0.2524999999999998400, -8.537024980200822600E-018 ) ) ;
#6605 = EDGE_LOOP ( 'NONE', ( #10480, #10080, #5837, #6522 ) ) ;
#6606 = VERTEX_POINT ( 'NONE', #7460 ) ;
#6607 = ORIENTED_EDGE ( 'NONE', *, *, #8629, .F. ) ;
#6608 = ORIENTED_EDGE ( 'NONE', *, *, #9320, .F. ) ;
#6609 = CARTESIAN_POINT ( 'NONE',  ( -6.829619984160658000E-017, 0.2525000000000000600, 0.01499999999999999900 ) ) ;
#6610 = ADVANCED_FACE ( 'NONE', ( #3648 ), #2371, .F. ) ;
#6611 = LINE ( 'NONE', #1749, #4497 ) ;
#6612 = ORIENTED_EDGE ( 'NONE', *, *, #6603, .T. ) ;
#6613 = MANIFOLD_SOLID_BREP ( 'Boss-Extrude4[3]', #140 ) ;
#6614 = CYLINDRICAL_SURFACE ( 'NONE', #9501, 0.009842519685039369900 ) ;
#6615 = CARTESIAN_POINT ( 'NONE',  ( -0.2816278565449310500, 0.0000000000000000000, 0.0000000000000000000 ) ) ;
#6616 = DIRECTION ( 'NONE',  ( 0.0000000000000000000, 0.0000000000000000000, 1.000000000000000000 ) ) ;
#6617 = ORIENTED_EDGE ( 'NONE', *, *, #1447, .T. ) ;
#6618 = CARTESIAN_POINT ( 'NONE',  ( -0.08011811023622045200, -0.2675000000000027900, 0.8200000000000035000 ) ) ;
#6619 = EDGE_LOOP ( 'NONE', ( #4779, #6632, #3451, #969 ) ) ;
#6620 = ORIENTED_EDGE ( 'NONE', *, *, #8885, .F. ) ;
#6621 = DIRECTION ( 'NONE',  ( -1.000000000000000000, 3.791200677927630300E-031, 0.0000000000000000000 ) ) ;
#6622 = ORIENTED_EDGE ( 'NONE', *, *, #117, .T. ) ;
#6623 = ORIENTED_EDGE ( 'NONE', *, *, #10382, .T. ) ;
#6624 = LINE ( 'NONE', #4078, #9029 ) ;
#6625 = CARTESIAN_POINT ( 'NONE',  ( -0.3125000000000025000, -0.1811070463003418000, 0.7479635790510822400 ) ) ;
#6626 = DIRECTION ( 'NONE',  ( -1.000000000000000000, -1.458800866809831900E-016, 3.623343611582382000E-015 ) ) ;
#6627 = VERTEX_POINT ( 'NONE', #4804 ) ;
#6628 = ORIENTED_EDGE ( 'NONE', *, *, #2258, .F. ) ;
#6629 = CARTESIAN_POINT ( 'NONE',  ( 0.2054877304142827000, -0.3275000000000012900, 0.4933004103912114700 ) ) ;
#6630 = VECTOR ( 'NONE', #10918, 39.37007874015748100 ) ;
#6631 = EDGE_LOOP ( 'NONE', ( #10838, #8101, #8679, #4303 ) ) ;
#6632 = ORIENTED_EDGE ( 'NONE', *, *, #6414, .F. ) ;
#6633 = FILL_AREA_STYLE_COLOUR ( '', #549 ) ;
#6634 = DIRECTION ( 'NONE',  ( -0.0000000000000000000, -0.0000000000000000000, -1.000000000000000000 ) ) ;
#6635 = ORIENTED_EDGE ( 'NONE', *, *, #7449, .T. ) ;
#6636 = DIRECTION ( 'NONE',  ( 0.0000000000000000000, -3.734948282487788800E-015, 1.000000000000000000 ) ) ;
#6637 =( LENGTH_UNIT ( ) NAMED_UNIT ( * ) SI_UNIT ( $, .METRE. ) );
#6638 = CARTESIAN_POINT ( 'NONE',  ( -0.2445122359226354600, -0.3625000000000013800, 0.4889530390574056100 ) ) ;
#6639 = CARTESIAN_POINT ( 'NONE',  ( 0.2054877259832936200, -0.3323493292117864500, 0.3577501801583716200 ) ) ;
#6640 = LINE ( 'NONE', #4082, #1841 ) ;
#6641 = ORIENTED_EDGE ( 'NONE', *, *, #9169, .F. ) ;
#6642 = ADVANCED_FACE ( 'NONE', ( #3254 ), #9383, .T. ) ;
#6643 = DIRECTION ( 'NONE',  ( 1.000000000000000000, 0.0000000000000000000, -0.0000000000000000000 ) ) ;
#6644 = PLANE ( 'NONE',  #10622 ) ;
#6645 = CARTESIAN_POINT ( 'NONE',  ( -0.09724409448818897800, 0.1522291837916265600, 0.4674415849128674100 ) ) ;
#6646 = AXIS2_PLACEMENT_3D ( 'NONE', #3666, #3765, #7105 ) ;
#6647 = EDGE_CURVE ( 'NONE', #4568, #7155, #3378, .T. ) ;
#6648 = CARTESIAN_POINT ( 'NONE',  ( -0.1594488188976377900, 0.1522291837916265600, 0.0000000000000000000 ) ) ;
#6649 = ORIENTED_EDGE ( 'NONE', *, *, #4038, .F. ) ;
#6650 = AXIS2_PLACEMENT_3D ( 'NONE', #5611, #10741, #530 ) ;
#6651 = PLANE ( 'NONE',  #6724 ) ;
#6652 = DIRECTION ( 'NONE',  ( 3.791200677927630300E-031, 1.000000000000000000, 3.469446951953613800E-015 ) ) ;
#6653 = ORIENTED_EDGE ( 'NONE', *, *, #8549, .T. ) ;
#6654 = ADVANCED_FACE ( 'NONE', ( #7944 ), #9947, .F. ) ;
#6655 = FILL_AREA_STYLE_COLOUR ( '', #1902 ) ;
#6656 = VERTEX_POINT ( 'NONE', #9090 ) ;
#6657 = DIRECTION ( 'NONE',  ( 0.0000000000000000000, -0.0000000000000000000, 1.000000000000000000 ) ) ;
#6658 = STYLED_ITEM ( 'NONE', ( #2696 ), #4892 ) ;
#6659 = LINE ( 'NONE', #10212, #138 ) ;
#6660 = EDGE_LOOP ( 'NONE', ( #4887, #4061, #7114, #1800 ) ) ;
#6661 = DIRECTION ( 'NONE',  ( 1.000000000000000000, -0.0000000000000000000, 0.0000000000000000000 ) ) ;
#6662 = EDGE_LOOP ( 'NONE', ( #8683, #10271, #1026, #10711 ) ) ;
#6663 = DIRECTION ( 'NONE',  ( 1.000000000000000000, -3.346303001498510500E-015, 1.124126789939941800E-029 ) ) ;
#6664 = EDGE_CURVE ( 'NONE', #1016, #5154, #10041, .T. ) ;
#6665 = FILL_AREA_STYLE ('',( #8346 ) ) ;
#6666 = CARTESIAN_POINT ( 'NONE',  ( 0.3125000000000016700, -0.2515000000000000000, 0.3026850393700797900 ) ) ;
#6667 = ORIENTED_EDGE ( 'NONE', *, *, #8278, .F. ) ;
#6668 = DIRECTION ( 'NONE',  ( 0.5773502691896261800, -0.5773502691896259500, -0.5773502691896249500 ) ) ;
#6669 = FACE_OUTER_BOUND ( 'NONE', #6505, .T. ) ;
#6670 = ORIENTED_EDGE ( 'NONE', *, *, #875, .F. ) ;
#6671 = EDGE_CURVE ( 'NONE', #10088, #10268, #2042, .T. ) ;
#6672 = CARTESIAN_POINT ( 'NONE',  ( 0.2417957872900946800, -0.1378615124517496000, 0.7529635790510820200 ) ) ;
#6673 = DIRECTION ( 'NONE',  ( 1.000000000000000000, 2.203468975323883200E-016, -3.491481338843135700E-015 ) ) ;
#6674 = CARTESIAN_POINT ( 'NONE',  ( 0.2054877260061890900, -0.3299476128335674900, 0.3584505847625018600 ) ) ;
#6675 = CARTESIAN_POINT ( 'NONE',  ( 0.05314960629921262200, 0.1522291837916265600, 0.4674415849128674100 ) ) ;
#6676 = VERTEX_POINT ( 'NONE', #1686 ) ;
#6677 = EDGE_LOOP ( 'NONE', ( #8497, #8088, #2923, #9656 ) ) ;
#6678 = EDGE_CURVE ( 'NONE', #1040, #1576, #701, .T. ) ;
#6679 = AXIS2_PLACEMENT_3D ( 'NONE', #9290, #1691, #10988 ) ;
#6680 = ORIENTED_EDGE ( 'NONE', *, *, #7100, .F. ) ;
#6681 = AXIS2_PLACEMENT_3D ( 'NONE', #8242, #5702, #9079 ) ;
#6682 = CIRCLE ( 'NONE', #8896, 0.009842519685039378600 ) ;
#6683 = ORIENTED_EDGE ( 'NONE', *, *, #3367, .F. ) ;
#6684 = DIRECTION ( 'NONE',  ( -0.0000000000000000000, -1.000000000000000000, -0.0000000000000000000 ) ) ;
#6685 = EDGE_CURVE ( 'NONE', #6343, #8882, #6578, .T. ) ;
#6686 = ORIENTED_EDGE ( 'NONE', *, *, #7544, .F. ) ;
#6687 = LINE ( 'NONE', #4377, #5888 ) ;
#6688 = ORIENTED_EDGE ( 'NONE', *, *, #4531, .T. ) ;
#6689 = CARTESIAN_POINT ( 'NONE',  ( -0.06515748031496067200, -0.5313388496530164800, 0.7681574803149606700 ) ) ;
#6690 = LINE ( 'NONE', #3837, #6422 ) ;
#6691 = ADVANCED_FACE ( 'NONE', ( #2581 ), #10910, .T. ) ;
#6692 = AXIS2_PLACEMENT_3D ( 'NONE', #10525, #4507, #1962 ) ;
#6693 = VERTEX_POINT ( 'NONE', #8561 ) ;
#6694 = CARTESIAN_POINT ( 'NONE',  ( 0.1381889763779527700, 0.1522291837916265600, 0.4674415849128674100 ) ) ;
#6695 = VECTOR ( 'NONE', #1970, 39.37007874015748100 ) ;
#6696 = CYLINDRICAL_SURFACE ( 'NONE', #5602, 0.06400000250777354600 ) ;
#6697 = PLANE ( 'NONE',  #2790 ) ;
#6698 = FACE_OUTER_BOUND ( 'NONE', #7416, .T. ) ;
#6699 = DIRECTION ( 'NONE',  ( -1.000000000000000000, 0.0000000000000000000, 3.498098040667654100E-015 ) ) ;
#6700 = DIRECTION ( 'NONE',  ( 0.0000000000000000000, 0.0000000000000000000, 1.000000000000000000 ) ) ;
#6701 = LINE ( 'NONE', #5642, #1233 ) ;
#6702 = DIRECTION ( 'NONE',  ( 1.000000000000000000, 0.0000000000000000000, -0.0000000000000000000 ) ) ;
#6703 = CARTESIAN_POINT ( 'NONE',  ( 0.2445122359226449300, -0.3725573093637819000, 0.4783357799789805200 ) ) ;
#6704 = CARTESIAN_POINT ( 'NONE',  ( -0.1651574803149606400, -0.3855000000000025600, 0.7681574803149612300 ) ) ;
#6705 = CARTESIAN_POINT ( 'NONE',  ( -0.3125000000000025000, 0.2454289321881375800, 0.8200000000000001700 ) ) ;
#6706 = ADVANCED_FACE ( 'NONE', ( #10829 ), #5931, .T. ) ;
#6707 = LINE ( 'NONE', #9142, #4823 ) ;
#6708 = DIRECTION ( 'NONE',  ( -1.000000000000000000, 0.0000000000000000000, 0.0000000000000000000 ) ) ;
#6709 = AXIS2_PLACEMENT_3D ( 'NONE', #3994, #7466, #4844 ) ;
#6710 = EDGE_CURVE ( 'NONE', #9205, #6149, #2970, .T. ) ;
#6711 = LINE ( 'NONE', #3078, #8742 ) ;
#6712 = DIRECTION ( 'NONE',  ( -1.000000000000000000, -1.458800866809831600E-016, 3.623343611582382000E-015 ) ) ;
#6713 = FACE_OUTER_BOUND ( 'NONE', #9227, .T. ) ;
#6714 = CARTESIAN_POINT ( 'NONE',  ( 0.2966278565449310700, -0.1428615124517496100, 0.7740197545653726400 ) ) ;
#6715 = EDGE_CURVE ( 'NONE', #8882, #5270, #3659, .T. ) ;
#6716 = EDGE_LOOP ( 'NONE', ( #9458, #6589, #7169, #4138 ) ) ;
#6717 = CARTESIAN_POINT ( 'NONE',  ( 0.2975000000000022600, 0.2525000000000032200, 0.3396922742592156700 ) ) ;
#6718 = LINE ( 'NONE', #5659, #1917 ) ;
#6719 = FILL_AREA_STYLE_COLOUR ( '', #9426 ) ;
#6720 = DIMENSIONAL_EXPONENTS ( 1.000000000000000000, 0.0000000000000000000, 0.0000000000000000000, 0.0000000000000000000, 0.0000000000000000000, 0.0000000000000000000, 0.0000000000000000000 ) ;
#6721 = VECTOR ( 'NONE', #3480, 39.37007874015748100 ) ;
#6722 = VERTEX_POINT ( 'NONE', #7542 ) ;
#6724 = AXIS2_PLACEMENT_3D ( 'NONE', #9726, #5683, #5495 ) ;
#6723 = CARTESIAN_POINT ( 'NONE',  ( -0.2966278565449310100, -0.1811070463003418000, 0.7529635790510820200 ) ) ;
#6726 = PLANE ( 'NONE',  #379 ) ;
#6725 = VECTOR ( 'NONE', #6416, 39.37007874015748100 ) ;
#6727 = CONICAL_SURFACE ( 'NONE', #7031, 0.06400000250777354600, 0.7853981633974528300 ) ;
#6728 = CARTESIAN_POINT ( 'NONE',  ( -0.1651574803149606400, -0.2525000000000000600, 0.7681574803149606700 ) ) ;
#6729 = EDGE_CURVE ( 'NONE', #10555, #2630, #1371, .T. ) ;
#6730 = EDGE_CURVE ( 'NONE', #8639, #4659, #2852, .T. ) ;
#6731 = COLOUR_RGB ( '',0.2509803921568627400, 0.2509803921568627400, 0.2509803921568627400 ) ;
#6732 = DIRECTION ( 'NONE',  ( -1.458800866809831600E-016, 1.000000000000000000, 7.472291664656490700E-031 ) ) ;
#6733 = LINE ( 'NONE', #1553, #3546 ) ;
#6734 = DIRECTION ( 'NONE',  ( 0.7071067811865462400, -0.0000000000000000000, -0.7071067811865486800 ) ) ;
#6735 = CARTESIAN_POINT ( 'NONE',  ( 0.3125000000000022800, -0.1219842793760456800, 0.7879635790510847200 ) ) ;
#6736 = ORIENTED_EDGE ( 'NONE', *, *, #9853, .T. ) ;
#6737 = ORIENTED_EDGE ( 'NONE', *, *, #10011, .F. ) ;
#6738 = ORIENTED_EDGE ( 'NONE', *, *, #5369, .F. ) ;
#6739 = EDGE_CURVE ( 'NONE', #583, #1144, #2718, .T. ) ;
#6740 = CARTESIAN_POINT ( 'NONE',  ( 0.2975000000000022600, -0.1219842793760456800, 0.7879635790510847200 ) ) ;
#6741 = PLANE ( 'NONE',  #3657 ) ;
#6742 = ORIENTED_EDGE ( 'NONE', *, *, #5906, .F. ) ;
#6743 = DIRECTION ( 'NONE',  ( -1.000000000000000000, -1.458800866809831900E-016, 3.623343611582382000E-015 ) ) ;
#6744 = DIRECTION ( 'NONE',  ( -1.000000000000000000, -1.458800866809831600E-016, 3.623343611582382800E-015 ) ) ;
#6745 = VECTOR ( 'NONE', #7018, 39.37007874015748100 ) ;
#6746 = PLANE ( 'NONE',  #8140 ) ;
#6747 = FACE_OUTER_BOUND ( 'NONE', #4654, .T. ) ;
#6748 = DIRECTION ( 'NONE',  ( 0.0000000000000000000, 1.000000000000000000, 0.0000000000000000000 ) ) ;
#6749 = EDGE_CURVE ( 'NONE', #2455, #4423, #441, .T. ) ;
#6750 = ORIENTED_EDGE ( 'NONE', *, *, #3612, .T. ) ;
#6751 = CARTESIAN_POINT ( 'NONE',  ( -0.1848425196850394000, -0.2525000000000000600, 0.7878425196850393800 ) ) ;
#6752 = CARTESIAN_POINT ( 'NONE',  ( 0.3164370078740185200, -0.2515000000000000000, 0.3026850393700797900 ) ) ;
#6753 = AXIS2_PLACEMENT_3D ( 'NONE', #9714, #1981, #8095 ) ;
#6754 = VERTEX_POINT ( 'NONE', #5897 ) ;
#6755 = DIRECTION ( 'NONE',  ( 1.000000000000000000, 0.0000000000000000000, -0.0000000000000000000 ) ) ;
#6756 = ORIENTED_EDGE ( 'NONE', *, *, #2090, .F. ) ;
#6757 = DIRECTION ( 'NONE',  ( 0.0000000000000000000, -0.4413750231038431300, 0.8973227340149595400 ) ) ;
#6758 = ADVANCED_FACE ( 'NONE', ( #5649 ), #5124, .T. ) ;
#6759 = EDGE_LOOP ( 'NONE', ( #7952, #8560, #7175, #4369 ) ) ;
#6760 = DIRECTION ( 'NONE',  ( 1.000000000000000000, -1.458800866809831900E-016, 3.623343611582382000E-015 ) ) ;
#6761 = LINE ( 'NONE', #1601, #7415 ) ;
#6763 = EDGE_CURVE ( 'NONE', #2978, #745, #1786, .T. ) ;
#6762 = ORIENTED_EDGE ( 'NONE', *, *, #9225, .T. ) ;
#6764 = FACE_OUTER_BOUND ( 'NONE', #8158, .T. ) ;
#6765 = PLANE ( 'NONE',  #118 ) ;
#6766 = ORIENTED_EDGE ( 'NONE', *, *, #6203, .F. ) ;
#6767 = ORIENTED_EDGE ( 'NONE', *, *, #1364, .T. ) ;
#6768 = ORIENTED_EDGE ( 'NONE', *, *, #4420, .T. ) ;
#6769 = ORIENTED_EDGE ( 'NONE', *, *, #5505, .F. ) ;
#6770 = AXIS2_PLACEMENT_3D ( 'NONE', #4930, #675, #791 ) ;
#6771 = CARTESIAN_POINT ( 'NONE',  ( -0.05472440944881888600, 0.1522291837916265600, 0.4674415849128674100 ) ) ;
#6772 = VECTOR ( 'NONE', #9876, 39.37007874015748100 ) ;
#6773 = ADVANCED_FACE ( 'NONE', ( #3525 ), #1607, .F. ) ;
#6774 = CARTESIAN_POINT ( 'NONE',  ( 0.1948031496062992700, -0.1371408949485308200, 0.01499999999999999900 ) ) ;
#6775 = DIRECTION ( 'NONE',  ( 0.0000000000000000000, -0.0000000000000000000, -1.000000000000000000 ) ) ;
#6776 = ORIENTED_EDGE ( 'NONE', *, *, #1539, .T. ) ;
#6777 = CARTESIAN_POINT ( 'NONE',  ( -0.2975000000000023700, 0.2454289321881376600, 0.8349999999999999600 ) ) ;
#6778 = VECTOR ( 'NONE', #9183, 39.37007874015748100 ) ;
#6779 = EDGE_LOOP ( 'NONE', ( #8020, #7143, #6557, #10473 ) ) ;
#6780 = APPLICATION_CONTEXT ( 'automotive_design' ) ;
#6781 = PLANE ( 'NONE',  #4170 ) ;
#6782 = CARTESIAN_POINT ( 'NONE',  ( -0.3125000000000023900, -0.1428615124517496300, 0.7740197545653727500 ) ) ;
#6783 =( CONVERSION_BASED_UNIT ( 'INCH', #2359 ) LENGTH_UNIT ( ) NAMED_UNIT ( #9958 ) );
#6784 = STYLED_ITEM ( 'NONE', ( #4553 ), #2285 ) ;
#6785 = DIRECTION ( 'NONE',  ( -1.000000000000000000, -3.491481338843134500E-015, 1.205235463959903800E-029 ) ) ;
#6786 = DIMENSIONAL_EXPONENTS ( 1.000000000000000000, 0.0000000000000000000, 0.0000000000000000000, 0.0000000000000000000, 0.0000000000000000000, 0.0000000000000000000, 0.0000000000000000000 ) ;
#6787 = FACE_OUTER_BOUND ( 'NONE', #1755, .T. ) ;
#6788 = ORIENTED_EDGE ( 'NONE', *, *, #7747, .T. ) ;
#6789 =( LENGTH_UNIT ( ) NAMED_UNIT ( * ) SI_UNIT ( $, .METRE. ) );
#6790 = EDGE_CURVE ( 'NONE', #11005, #8025, #6323, .T. ) ;
#6791 = CARTESIAN_POINT ( 'NONE',  ( 0.1151574803149604800, -0.5313388496530164800, 0.7681574803149606700 ) ) ;
#6792 = CARTESIAN_POINT ( 'NONE',  ( 0.2054877259868692600, -0.3334805806756923600, 0.3578595639789236600 ) ) ;
#6793 = CARTESIAN_POINT ( 'NONE',  ( -0.03188976377952755500, 0.3077060962964917600, 0.1513544460802586400 ) ) ;
#6794 = DIRECTION ( 'NONE',  ( 3.441691376337984100E-015, -5.316972882242447500E-016, 1.000000000000000000 ) ) ;
#6795 = FACE_OUTER_BOUND ( 'NONE', #5830, .T. ) ;
#6796 = VECTOR ( 'NONE', #7362, 39.37007874015748100 ) ;
#6797 = ORIENTED_EDGE ( 'NONE', *, *, #2072, .F. ) ;
#6798 = CARTESIAN_POINT ( 'NONE',  ( 0.3125000000000023900, 0.04959782299446936800, 0.7740197545653726400 ) ) ;
#6799 = CARTESIAN_POINT ( 'NONE',  ( -0.2816278565449310500, -0.2675000000000002400, 0.09374015748031761000 ) ) ;
#6800 = EDGE_CURVE ( 'NONE', #4253, #5373, #6861, .T. ) ;
#6801 = DIRECTION ( 'NONE',  ( 1.000000000000000000, 0.0000000000000000000, 3.498098040667654100E-015 ) ) ;
#6802 = ORIENTED_EDGE ( 'NONE', *, *, #8476, .F. ) ;
#6803 = EDGE_CURVE ( 'NONE', #5134, #7995, #5516, .T. ) ;
#6804 = CARTESIAN_POINT ( 'NONE',  ( 0.2967928932188133600, 0.2525000000000000000, 0.01499999999999999900 ) ) ;
#6805 = FACE_OUTER_BOUND ( 'NONE', #7293, .T. ) ;
#6806 = ORIENTED_EDGE ( 'NONE', *, *, #4181, .F. ) ;
#6807 = DIRECTION ( 'NONE',  ( -0.0000000000000000000, -1.000000000000000000, -0.0000000000000000000 ) ) ;
#6808 = CARTESIAN_POINT ( 'NONE',  ( -0.2975000000000024800, 0.02872058991876547800, 0.7479635790510822400 ) ) ;
#6809 = ADVANCED_FACE ( 'NONE', ( #570 ), #6920, .T. ) ;
#6810 = AXIS2_PLACEMENT_3D ( 'NONE', #896, #2480, #8589 ) ;
#6811 = VERTEX_POINT ( 'NONE', #6995 ) ;
#6812 = DIRECTION ( 'NONE',  ( 0.0000000000000000000, -0.0000000000000000000, -1.000000000000000000 ) ) ;
#6813 = DIRECTION ( 'NONE',  ( -1.000000000000000000, 0.0000000000000000000, -0.0000000000000000000 ) ) ;
#6814 = DIRECTION ( 'NONE',  ( 0.0000000000000000000, 0.0000000000000000000, -1.000000000000000000 ) ) ;
#6815 = VECTOR ( 'NONE', #2584, 39.37007874015748100 ) ;
#6816 = ORIENTED_EDGE ( 'NONE', *, *, #10231, .F. ) ;
#6817 = EDGE_CURVE ( 'NONE', #2104, #2640, #993, .T. ) ;
#6818 = DIRECTION ( 'NONE',  ( -2.280130751809684600E-016, -1.000000000000000000, 0.0000000000000000000 ) ) ;
#6819 = AXIS2_PLACEMENT_3D ( 'NONE', #1216, #10566, #8848 ) ;
#6820 = FILL_AREA_STYLE_COLOUR ( '', #6290 ) ;
#6821 = DIRECTION ( 'NONE',  ( 0.0000000000000000000, 0.0000000000000000000, 1.000000000000000000 ) ) ;
#6822 = CARTESIAN_POINT ( 'NONE',  ( -0.2499999999999999700, 0.1522291837916266400, 0.03468503937007873200 ) ) ;
#6823 = ORIENTED_EDGE ( 'NONE', *, *, #7668, .T. ) ;
#6824 = LINE ( 'NONE', #9077, #8570 ) ;
#6825 = EDGE_CURVE ( 'NONE', #1019, #9937, #7131, .T. ) ;
#6826 = CARTESIAN_POINT ( 'NONE',  ( 0.08011811023622049400, -0.2497393201453811900, 0.8122440944881890200 ) ) ;
#6827 = DIRECTION ( 'NONE',  ( 1.000000000000000000, 0.0000000000000000000, -3.623343611582382000E-015 ) ) ;
#6828 = ADVANCED_FACE ( 'NONE', ( #8324 ), #3775, .F. ) ;
#6829 = DIRECTION ( 'NONE',  ( -1.491666250894743600E-016, 1.000000000000000000, -2.088332751252641400E-015 ) ) ;
#6830 = ORIENTED_EDGE ( 'NONE', *, *, #5881, .F. ) ;
#6831 = CARTESIAN_POINT ( 'NONE',  ( -0.2054877305750837100, -0.3317807753338009600, 0.4982195409955727000 ) ) ;
#6832 = VERTEX_POINT ( 'NONE', #6103 ) ;
#6833 = DIRECTION ( 'NONE',  ( 3.498098040667654100E-015, 1.011658774726340900E-016, -1.000000000000000000 ) ) ;
#6834 = AXIS2_PLACEMENT_3D ( 'NONE', #315, #6280, #1169 ) ;
#6835 = VECTOR ( 'NONE', #729, 39.37007874015748100 ) ;
#6836 = LINE ( 'NONE', #7603, #5913 ) ;
#6837 = FACE_OUTER_BOUND ( 'NONE', #6124, .T. ) ;
#6838 = ORIENTED_EDGE ( 'NONE', *, *, #5849, .F. ) ;
#6839 = DIRECTION ( 'NONE',  ( 0.0000000000000000000, 6.938893903907222900E-015, 1.000000000000000000 ) ) ;
#6840 = ORIENTED_EDGE ( 'NONE', *, *, #6295, .T. ) ;
#6841 = DIRECTION ( 'NONE',  ( -1.000000000000000000, -0.0000000000000000000, -2.383254761742044200E-016 ) ) ;
#6842 = DIRECTION ( 'NONE',  ( 1.000000000000000000, -0.0000000000000000000, -0.0000000000000000000 ) ) ;
#6843 = DIRECTION ( 'NONE',  ( -1.000000000000000000, -1.458800866809831600E-016, 3.623343611582382000E-015 ) ) ;
#6844 = CIRCLE ( 'NONE', #10761, 0.02000000000000005900 ) ;
#6845 = LINE ( 'NONE', #5272, #9631 ) ;
#6846 = DIRECTION ( 'NONE',  ( -3.414809992080329900E-015, 0.0000000000000000000, 1.000000000000000000 ) ) ;
#6847 = LINE ( 'NONE', #5215, #7796 ) ;
#6848 = CARTESIAN_POINT ( 'NONE',  ( 0.2974999999999999300, 0.2522642977396045700, 0.01499999999999999900 ) ) ;
#6849 = AXIS2_PLACEMENT_3D ( 'NONE', #5036, #5067, #8477 ) ;
#6850 = CARTESIAN_POINT ( 'NONE',  ( 0.08484251968503923900, -0.5313388496530164800, 0.6681574803149606900 ) ) ;
#6851 = DIRECTION ( 'NONE',  ( 0.0000000000000000000, 1.000000000000000000, -3.498098040667654100E-015 ) ) ;
#6852 = CARTESIAN_POINT ( 'NONE',  ( 0.2967928932188134100, 0.2525000000000029400, 0.8349999999999999600 ) ) ;
#6853 = ORIENTED_EDGE ( 'NONE', *, *, #8180, .F. ) ;
#6854 = CARTESIAN_POINT ( 'NONE',  ( -0.3125000000000000600, 0.2520285954792088600, 0.007146018366025476100 ) ) ;
#6855 = LINE ( 'NONE', #9124, #4980 ) ;
#6856 = CARTESIAN_POINT ( 'NONE',  ( -0.1848425196850394000, -0.3855000000000025600, 0.7681574803149606700 ) ) ;
#6857 = DIRECTION ( 'NONE',  ( -1.000000000000000000, -0.0000000000000000000, -0.0000000000000000000 ) ) ;
#6858 = DIRECTION ( 'NONE',  ( -6.829619984160731600E-015, 0.0000000000000000000, -1.000000000000000000 ) ) ;
#6859 = DIRECTION ( 'NONE',  ( 0.0000000000000000000, 0.0000000000000000000, 1.000000000000000000 ) ) ;
#6860 = VECTOR ( 'NONE', #1769, 39.37007874015748100 ) ;
#6861 = LINE ( 'NONE', #13, #7521 ) ;
#6862 = LINE ( 'NONE', #2506, #1924 ) ;
#6863 = DIRECTION ( 'NONE',  ( 0.0000000000000000000, 1.000000000000000000, -3.498098040667654100E-015 ) ) ;
#6864 = DIRECTION ( 'NONE',  ( -0.0000000000000000000, 1.000000000000000000, -7.051100721037203400E-015 ) ) ;
#6865 = DIRECTION ( 'NONE',  ( -2.979517754969636500E-029, 1.000000000000000000, -8.628769876621049200E-015 ) ) ;
#6866 = CARTESIAN_POINT ( 'NONE',  ( -0.2054877304056738900, -0.3275000000000012900, 0.4930370533388128700 ) ) ;
#6867 = LINE ( 'NONE', #4958, #9911 ) ;
#6868 = EDGE_CURVE ( 'NONE', #171, #6359, #9250, .T. ) ;
#6869 = LINE ( 'NONE', #5070, #3782 ) ;
#6870 = DIRECTION ( 'NONE',  ( -0.0000000000000000000, 0.0000000000000000000, -1.000000000000000000 ) ) ;
#6871 = LINE ( 'NONE', #1757, #10975 ) ;
#6872 = VERTEX_POINT ( 'NONE', #3478 ) ;
#6873 = DIRECTION ( 'NONE',  ( -3.268890873095160100E-008, 0.0000000000000000000, 0.9999999999999994400 ) ) ;
#6874 = EDGE_CURVE ( 'NONE', #7888, #3938, #1124, .T. ) ;
#6875 = ORIENTED_EDGE ( 'NONE', *, *, #2153, .T. ) ;
#6876 = ORIENTED_EDGE ( 'NONE', *, *, #317, .F. ) ;
#6877 = DIRECTION ( 'NONE',  ( -0.0000000000000000000, -0.0000000000000000000, -1.000000000000000000 ) ) ;
#6878 = ORIENTED_EDGE ( 'NONE', *, *, #8901, .F. ) ;
#6879 = ORIENTED_EDGE ( 'NONE', *, *, #5003, .T. ) ;
#6880 = CARTESIAN_POINT ( 'NONE',  ( -0.2717853368598916500, -0.2525000000000054400, 0.8101574803149641500 ) ) ;
#6881 = VECTOR ( 'NONE', #4661, 39.37007874015748100 ) ;
#6882 = LINE ( 'NONE', #8133, #3792 ) ;
#6884 = AXIS2_PLACEMENT_3D ( 'NONE', #1013, #5835, #1173 ) ;
#6883 = CARTESIAN_POINT ( 'NONE',  ( 0.2967928932188133600, 0.2675000000000000700, 0.01499999999999994700 ) ) ;
#6885 = ADVANCED_FACE ( 'NONE', ( #9906 ), #2609, .F. ) ;
#6886 = CARTESIAN_POINT ( 'NONE',  ( -0.2967928932188135200, 0.2525000000000029400, 0.8349999999999999600 ) ) ;
#6887 = VERTEX_POINT ( 'NONE', #7027 ) ;
#6888 = ORIENTED_EDGE ( 'NONE', *, *, #10011, .T. ) ;
#6889 = CARTESIAN_POINT ( 'NONE',  ( -0.2975000000000012100, 0.2517928932188133700, 0.3333283132285382300 ) ) ;
#6890 = VERTEX_POINT ( 'NONE', #7741 ) ;
#6891 = EDGE_CURVE ( 'NONE', #11014, #250, #8188, .T. ) ;
#6892 = CARTESIAN_POINT ( 'NONE',  ( -0.08011811023622045200, -0.2675000000000027900, 0.8122440944881915700 ) ) ;
#6893 = ORIENTED_EDGE ( 'NONE', *, *, #10916, .T. ) ;
#6894 = ORIENTED_EDGE ( 'NONE', *, *, #5253, .T. ) ;
#6895 = VECTOR ( 'NONE', #6911, 39.37007874015748100 ) ;
#6896 = VERTEX_POINT ( 'NONE', #4454 ) ;
#6897 = FACE_OUTER_BOUND ( 'NONE', #6677, .T. ) ;
#6898 = PLANE ( 'NONE',  #8666 ) ;
#6899 = EDGE_CURVE ( 'NONE', #9418, #3269, #3096, .T. ) ;
#6900 = ORIENTED_EDGE ( 'NONE', *, *, #9376, .F. ) ;
#6901 = UNCERTAINTY_MEASURE_WITH_UNIT (LENGTH_MEASURE( 1.000000000000000100E-005 ), #6783, 'distance_accuracy_value', 'NONE');
#6902 = ORIENTED_EDGE ( 'NONE', *, *, #9547, .T. ) ;
#6903 = VERTEX_POINT ( 'NONE', #8597 ) ;
#6904 = CARTESIAN_POINT ( 'NONE',  ( -0.3125000000000025000, -0.1811070463003418000, 0.7529635790510822400 ) ) ;
#6905 = DIMENSIONAL_EXPONENTS ( 1.000000000000000000, 0.0000000000000000000, 0.0000000000000000000, 0.0000000000000000000, 0.0000000000000000000, 0.0000000000000000000, 0.0000000000000000000 ) ;
#6906 = CARTESIAN_POINT ( 'NONE',  ( -0.3125000000000023300, -0.2124228144786559100, 0.8200000000000032800 ) ) ;
#6907 = ORIENTED_EDGE ( 'NONE', *, *, #1170, .T. ) ;
#6908 = ORIENTED_EDGE ( 'NONE', *, *, #5982, .T. ) ;
#6909 = LINE ( 'NONE', #2124, #5434 ) ;
#6910 = EDGE_CURVE ( 'NONE', #1162, #2347, #4839, .T. ) ;
#6911 = DIRECTION ( 'NONE',  ( 2.385472965096935500E-016, -1.000000000000000000, 5.605974818747514000E-030 ) ) ;
#6912 = AXIS2_PLACEMENT_3D ( 'NONE', #10697, #1319, #1461 ) ;
#6913 = DIRECTION ( 'NONE',  ( 0.0000000000000000000, 1.000000000000000000, 0.0000000000000000000 ) ) ;
#6914 = ORIENTED_EDGE ( 'NONE', *, *, #6180, .F. ) ;
#6915 = CARTESIAN_POINT ( 'NONE',  ( 0.08011811023622049400, -0.2675000000000027900, 0.8200000000000035000 ) ) ;
#6916 = ORIENTED_EDGE ( 'NONE', *, *, #5377, .F. ) ;
#6917 = COLOUR_RGB ( '',1.000000000000000000, 1.000000000000000000, 1.000000000000000000 ) ;
#6918 = ORIENTED_EDGE ( 'NONE', *, *, #11038, .F. ) ;
#6919 = VERTEX_POINT ( 'NONE', #983 ) ;
#6920 = PLANE ( 'NONE',  #4890 ) ;
#6921 = EDGE_CURVE ( 'NONE', #377, #3424, #5260, .T. ) ;
#6922 = ORIENTED_EDGE ( 'NONE', *, *, #5982, .F. ) ;
#6923 = DIRECTION ( 'NONE',  ( -0.0000000000000000000, -0.0000000000000000000, 1.000000000000000000 ) ) ;
#6924 = CARTESIAN_POINT ( 'NONE',  ( -0.1948031496062992700, -0.1324212598425196800, 0.0000000000000000000 ) ) ;
#6925 = LINE ( 'NONE', #1541, #5994 ) ;
#6926 = EDGE_LOOP ( 'NONE', ( #6649, #72, #6269, #1996 ) ) ;
#6927 = AXIS2_PLACEMENT_3D ( 'NONE', #7305, #9044, #2140 ) ;
#6928 = CARTESIAN_POINT ( 'NONE',  ( -0.1594488188976377900, 0.1522291837916265600, 0.4674415849128674100 ) ) ;
#6929 = DIRECTION ( 'NONE',  ( 0.0000000000000000000, 0.0000000000000000000, 1.000000000000000000 ) ) ;
#6930 = DIRECTION ( 'NONE',  ( 0.0000000000000000000, 0.0000000000000000000, 1.000000000000000000 ) ) ;
#6931 = PLANE ( 'NONE',  #2358 ) ;
#6932 = DIRECTION ( 'NONE',  ( 1.000000000000000000, 0.0000000000000000000, -3.453004075404071500E-015 ) ) ;
#6933 = CARTESIAN_POINT ( 'NONE',  ( 0.1751181102362205100, -0.1855660917989245000, 0.8122440944881890200 ) ) ;
#6934 = FACE_OUTER_BOUND ( 'NONE', #10357, .T. ) ;
#6935 = ORIENTED_EDGE ( 'NONE', *, *, #9812, .F. ) ;
#6936 = PLANE ( 'NONE',  #624 ) ;
#6937 = CARTESIAN_POINT ( 'NONE',  ( 0.2975000000000019300, 0.2454289321881376600, 0.8350000000000021800 ) ) ;
#6938 = VERTEX_POINT ( 'NONE', #8749 ) ;
#6939 = DIRECTION ( 'NONE',  ( 1.000000000000000000, -1.458800866809831900E-016, 3.623343611582382000E-015 ) ) ;
#6940 = DIRECTION ( 'NONE',  ( -1.000000000000000000, 0.0000000000000000000, 0.0000000000000000000 ) ) ;
#6941 = ORIENTED_EDGE ( 'NONE', *, *, #7237, .F. ) ;
#6942 = AXIS2_PLACEMENT_3D ( 'NONE', #5241, #9404, #6028 ) ;
#6943 = DIRECTION ( 'NONE',  ( 0.0000000000000000000, -1.000000000000000000, -0.0000000000000000000 ) ) ;
#6944 = EDGE_CURVE ( 'NONE', #513, #6656, #6071, .T. ) ;
#6945 = LINE ( 'NONE', #7060, #3724 ) ;
#6946 = VERTEX_POINT ( 'NONE', #7780 ) ;
#6947 = PLANE ( 'NONE',  #9064 ) ;
#6948 = VERTEX_POINT ( 'NONE', #201 ) ;
#6949 = EDGE_CURVE ( 'NONE', #9944, #6333, #1863, .T. ) ;
#6950 = CARTESIAN_POINT ( 'NONE',  ( 0.3164370078740166800, -0.2438779527559034600, 0.2810314960629910500 ) ) ;
#6951 = DIRECTION ( 'NONE',  ( 1.000000000000000000, 0.0000000000000000000, 3.441691376337984100E-015 ) ) ;
#6952 = B_SPLINE_CURVE_WITH_KNOTS ( 'NONE', 3,
 ( #7735, #6703, #1718, #4225 ),
 .UNSPECIFIED., .F., .F.,
 ( 4, 4 ),
 ( 0.0000000000000000000, 0.0005571691404770405300 ),
 .UNSPECIFIED. ) ;
#6953 = EDGE_CURVE ( 'NONE', #8934, #3074, #2295, .T. ) ;
#6954 = ORIENTED_EDGE ( 'NONE', *, *, #9547, .F. ) ;
#6955 = CARTESIAN_POINT ( 'NONE',  ( 0.06515748031496050600, -0.5313388496530164800, 0.6681574803149606900 ) ) ;
#6956 = PLANE ( 'NONE',  #9237 ) ;
#6957 = LINE ( 'NONE', #9695, #1597 ) ;
#6958 = ORIENTED_EDGE ( 'NONE', *, *, #249, .T. ) ;
#6959 = PLANE ( 'NONE',  #3538 ) ;
#6960 = EDGE_CURVE ( 'NONE', #4191, #2630, #9105, .T. ) ;
#6961 = CARTESIAN_POINT ( 'NONE',  ( -0.2975000000000001000, 0.2525000000000000600, -1.067128122525102800E-017 ) ) ;
#6962 = ADVANCED_FACE ( 'NONE', ( #1503 ), #4548, .F. ) ;
#6963 = CARTESIAN_POINT ( 'NONE',  ( 0.2966278565449309000, -0.2515000000000000000, 0.7163187439931628700 ) ) ;
#6964 = ORIENTED_EDGE ( 'NONE', *, *, #3520, .F. ) ;
#6965 = ORIENTED_EDGE ( 'NONE', *, *, #4799, .T. ) ;
#6966 = ORIENTED_EDGE ( 'NONE', *, *, #4947, .T. ) ;
#6967 = LINE ( 'NONE', #7669, #6170 ) ;
#6968 = ORIENTED_EDGE ( 'NONE', *, *, #4776, .T. ) ;
#6969 = DIRECTION ( 'NONE',  ( 3.498098040667654100E-015, 0.0000000000000000000, 1.000000000000000000 ) ) ;
#6970 = DIRECTION ( 'NONE',  ( -1.000000000000000000, -1.458800866809831900E-016, 3.623343611582382000E-015 ) ) ;
#6971 = EDGE_LOOP ( 'NONE', ( #73, #3941, #1339, #5769 ) ) ;
#6972 = MANIFOLD_SOLID_BREP ( 'LPattern1[3]', #2060 ) ;
#6973 = CARTESIAN_POINT ( 'NONE',  ( 0.2054877259868692600, -0.3334805806756923600, 0.3578595639789236600 ) ) ;
#6974 = DIRECTION ( 'NONE',  ( -1.000000000000000000, 0.0000000000000000000, 3.623343611582382800E-015 ) ) ;
#6975 = ORIENTED_EDGE ( 'NONE', *, *, #5720, .T. ) ;
#6976 = LINE ( 'NONE', #10895, #2828 ) ;
#6977 = EDGE_CURVE ( 'NONE', #10742, #5748, #54, .T. ) ;
#6978 = AXIS2_PLACEMENT_3D ( 'NONE', #6547, #7336, #7267 ) ;
#6979 = CARTESIAN_POINT ( 'NONE',  ( 0.3125000000000023900, 0.02872058991876547500, 0.7479635790510845700 ) ) ;
#6980 = VECTOR ( 'NONE', #10896, 39.37007874015748100 ) ;
#6981 = ORIENTED_EDGE ( 'NONE', *, *, #3507, .F. ) ;
#6982 = ORIENTED_EDGE ( 'NONE', *, *, #3800, .T. ) ;
#6983 = CARTESIAN_POINT ( 'NONE',  ( -0.1169291338582677000, 0.0000000000000000000, 0.8122440944881890200 ) ) ;
#6984 = LINE ( 'NONE', #1126, #7229 ) ;
#6985 = PLANE ( 'NONE',  #1205 ) ;
#6986 = CARTESIAN_POINT ( 'NONE',  ( 0.07283464566929136200, 0.1522291837916265600, 0.4674415849128674100 ) ) ;
#6987 = ORIENTED_EDGE ( 'NONE', *, *, #8702, .T. ) ;
#6988 = EDGE_CURVE ( 'NONE', #225, #9798, #4707, .T. ) ;
#6989 = CARTESIAN_POINT ( 'NONE',  ( -0.1651574803149606400, -0.2525000000000000600, 0.7681574803149606700 ) ) ;
#6990 = VECTOR ( 'NONE', #5104, 39.37007874015748100 ) ;
#6991 = PLANE ( 'NONE',  #8524 ) ;
#6992 = VECTOR ( 'NONE', #7960, 39.37007874015748100 ) ;
#6993 = DIRECTION ( 'NONE',  ( -4.253578305793948600E-015, -2.126789152896974300E-015, -1.000000000000000000 ) ) ;
#6994 = COLOUR_RGB ( '',1.000000000000000000, 1.000000000000000000, 1.000000000000000000 ) ;
#6995 = CARTESIAN_POINT ( 'NONE',  ( 0.2975000000000022100, 0.2454289321881376600, 0.8200000000000021700 ) ) ;
#6996 = LINE ( 'NONE', #8498, #7640 ) ;
#6997 = VECTOR ( 'NONE', #6748, 39.37007874015748100 ) ;
#6998 = PRESENTATION_STYLE_ASSIGNMENT (( #5232 ) ) ;
#6999 = DIRECTION ( 'NONE',  ( 0.0000000000000000000, 1.000000000000000000, -7.051100721037203400E-015 ) ) ;
#7000 = SURFACE_STYLE_FILL_AREA ( #1370 ) ;
#7001 = PLANE ( 'NONE',  #7420 ) ;
#7002 = LINE ( 'NONE', #6270, #8312 ) ;
#7003 = EDGE_LOOP ( 'NONE', ( #616, #5285, #10172, #9218 ) ) ;
#7004 = CARTESIAN_POINT ( 'NONE',  ( 0.2975000000000022600, 0.02872058991876547500, 0.7879635790510846100 ) ) ;
#7005 = FACE_OUTER_BOUND ( 'NONE', #7140, .T. ) ;
#7006 = DIRECTION ( 'NONE',  ( 1.000000000000000000, 0.0000000000000000000, 0.0000000000000000000 ) ) ;
#7007 = EDGE_CURVE ( 'NONE', #5563, #9048, #8179, .T. ) ;
#7008 = VECTOR ( 'NONE', #224, 39.37007874015748100 ) ;
#7009 = ORIENTED_EDGE ( 'NONE', *, *, #9766, .F. ) ;
#7010 = DIRECTION ( 'NONE',  ( 1.266221515311538300E-016, 1.000000000000000000, 0.0000000000000000000 ) ) ;
#7011 = EDGE_LOOP ( 'NONE', ( #7643, #7141, #4729 ) ) ;
#7012 = UNCERTAINTY_MEASURE_WITH_UNIT (LENGTH_MEASURE( 1.000000000000000100E-005 ), #516, 'distance_accuracy_value', 'NONE');
#7013 = ADVANCED_FACE ( 'NONE', ( #6202 ), #8056, .F. ) ;
#7014 = DIRECTION ( 'NONE',  ( 1.000000000000000000, -1.458800866809831900E-016, 3.623343611582382000E-015 ) ) ;
#7015 = VECTOR ( 'NONE', #2368, 39.37007874015748100 ) ;
#7016 = VECTOR ( 'NONE', #9594, 39.37007874015748100 ) ;
#7017 = CARTESIAN_POINT ( 'NONE',  ( 0.2054877142888304200, -0.2674999999999999000, -6.717170124317581700E-009 ) ) ;
#7018 = DIRECTION ( 'NONE',  ( -1.000000000000000000, -0.0000000000000000000, -3.476233884776272500E-015 ) ) ;
#7019 = VERTEX_POINT ( 'NONE', #3722 ) ;
#7020 = DIRECTION ( 'NONE',  ( 2.237499376342115700E-016, -1.000000000000000000, 7.159998004294770100E-015 ) ) ;
#7021 = ORIENTED_EDGE ( 'NONE', *, *, #5063, .F. ) ;
#7022 = ORIENTED_EDGE ( 'NONE', *, *, #4338, .T. ) ;
#7023 = DIRECTION ( 'NONE',  ( 6.829619984160731600E-015, 0.0000000000000000000, 1.000000000000000000 ) ) ;
#7024 = B_SPLINE_CURVE_WITH_KNOTS ( 'NONE', 3,
 ( #1999, #8711, #5587, #10402 ),
 .UNSPECIFIED., .F., .F.,
 ( 4, 4 ),
 ( 5.403720430513518600E-015, 0.0005571691404705251200 ),
 .UNSPECIFIED. ) ;
#7025 = EDGE_CURVE ( 'NONE', #3266, #9928, #7002, .T. ) ;
#7026 = VERTEX_POINT ( 'NONE', #9681 ) ;
#7027 = CARTESIAN_POINT ( 'NONE',  ( 0.2445122359227436800, -0.2675000000000017400, 0.3670469609432717700 ) ) ;
#7028 = VECTOR ( 'NONE', #7988, 39.37007874015748100 ) ;
#7029 = FACE_OUTER_BOUND ( 'NONE', #7503, .T. ) ;
#7030 = CARTESIAN_POINT ( 'NONE',  ( -0.3125000000000015000, 0.1454527559055146500, 0.4396684505418341200 ) ) ;
#7031 = AXIS2_PLACEMENT_3D ( 'NONE', #5087, #8543, #7628 ) ;
#7032 = ADVANCED_FACE ( 'NONE', ( #5115 ), #8048, .T. ) ;
#7033 =( LENGTH_UNIT ( ) NAMED_UNIT ( * ) SI_UNIT ( $, .METRE. ) );
#7034 = ADVANCED_FACE ( 'NONE', ( #2159 ), #4464, .T. ) ;
#7035 = EDGE_LOOP ( 'NONE', ( #2085, #6987, #1262, #8944 ) ) ;
#7036 = ORIENTED_EDGE ( 'NONE', *, *, #9575, .T. ) ;
#7037 = VERTEX_POINT ( 'NONE', #273 ) ;
#7038 = CARTESIAN_POINT ( 'NONE',  ( 0.2975000000000010400, -0.3856102362204703600, 0.3026850393700776200 ) ) ;
#7039 = PLANE ( 'NONE',  #1275 ) ;
#7040 = ORIENTED_EDGE ( 'NONE', *, *, #7682, .T. ) ;
#7041 = CARTESIAN_POINT ( 'NONE',  ( -0.08011811023622049400, -0.1855660917989245300, 0.03468503937007873200 ) ) ;
#7042 = LINE ( 'NONE', #6705, #3685 ) ;
#7043 = ORIENTED_EDGE ( 'NONE', *, *, #1029, .T. ) ;
#7044 = FACE_OUTER_BOUND ( 'NONE', #1464, .T. ) ;
#7045 = DIRECTION ( 'NONE',  ( 0.0000000000000000000, 0.0000000000000000000, 1.000000000000000000 ) ) ;
#7046 = EDGE_CURVE ( 'NONE', #3951, #2104, #9372, .T. ) ;
#7047 = ORIENTED_EDGE ( 'NONE', *, *, #8072, .T. ) ;
#7048 = DIRECTION ( 'NONE',  ( 0.7071067811865468000, 8.953538199610936700E-017, 0.7071067811865482400 ) ) ;
#7049 = DIRECTION ( 'NONE',  ( 1.000000000000000000, -0.0000000000000000000, 0.0000000000000000000 ) ) ;
#7050 = ORIENTED_EDGE ( 'NONE', *, *, #7253, .F. ) ;
#7051 = EDGE_LOOP ( 'NONE', ( #8409, #4793, #8263, #403 ) ) ;
#7052 = VERTEX_POINT ( 'NONE', #339 ) ;
#7053 = EDGE_CURVE ( 'NONE', #5493, #7026, #5638, .T. ) ;
#7054 = CIRCLE ( 'NONE', #9337, 0.07280391199922013600 ) ;
#7055 = CARTESIAN_POINT ( 'NONE',  ( -0.1751181102362205100, -0.1174558555784520600, 0.8122440944881890200 ) ) ;
#7056 = ORIENTED_EDGE ( 'NONE', *, *, #3961, .F. ) ;
#7057 = CIRCLE ( 'NONE', #8606, 0.004999999999999946300 ) ;
#7058 = ORIENTED_EDGE ( 'NONE', *, *, #399, .T. ) ;
#7059 = CARTESIAN_POINT ( 'NONE',  ( 0.2417957872900946000, -0.1428615124517495800, 0.7690197545653725300 ) ) ;
#7060 = CARTESIAN_POINT ( 'NONE',  ( -0.2417957872900946000, 0.08784335684306161800, 0.7740197545653725300 ) ) ;
#7061 = EDGE_CURVE ( 'NONE', #7593, #8898, #3902, .T. ) ;
#7062 = CARTESIAN_POINT ( 'NONE',  ( -0.03188976377952755500, 0.1522291837916265600, 0.4674415849128674100 ) ) ;
#7063 = CARTESIAN_POINT ( 'NONE',  ( 0.2717853368598917600, 0.2426574803149606500, 1.576493224244851900 ) ) ;
#7064 = LINE ( 'NONE', #4247, #6384 ) ;
#7065 = EDGE_LOOP ( 'NONE', ( #9166, #2137, #8090, #1278 ) ) ;
#7066 = EDGE_CURVE ( 'NONE', #4872, #1316, #10963, .T. ) ;
#7067 = CARTESIAN_POINT ( 'NONE',  ( -0.2960355339059351800, 0.0000000000000000000, 0.6936267953846987400 ) ) ;
#7068 = CARTESIAN_POINT ( 'NONE',  ( 0.2054877261536933200, -0.3274999999990008100, 0.3629629479367024200 ) ) ;
#7069 = ADVANCED_FACE ( 'NONE', ( #6713 ), #9711, .F. ) ;
#7070 = DIRECTION ( 'NONE',  ( 1.000000000000000000, -0.0000000000000000000, -0.0000000000000000000 ) ) ;
#7071 = AXIS2_PLACEMENT_3D ( 'NONE', #10588, #2920, #7285 ) ;
#7072 = LINE ( 'NONE', #1179, #3847 ) ;
#7073 = VECTOR ( 'NONE', #6216, 39.37007874015748100 ) ;
#7074 = VERTEX_POINT ( 'NONE', #6514 ) ;
#7075 = CARTESIAN_POINT ( 'NONE',  ( 0.2417957872900947400, 0.08784335684306161800, 0.7479635790510820200 ) ) ;
#7076 = AXIS2_PLACEMENT_3D ( 'NONE', #2399, #3980, #9192 ) ;
#7077 = EDGE_LOOP ( 'NONE', ( #10902, #10377, #10077, #9483, #110 ) ) ;
#7078 = CARTESIAN_POINT ( 'NONE',  ( -0.2054877259986012900, -0.3304428303881092900, 0.3582184633068201100 ) ) ;
#7079 = DIRECTION ( 'NONE',  ( 0.0000000000000000000, 0.0000000000000000000, -1.000000000000000000 ) ) ;
#7080 = ADVANCED_FACE ( 'NONE', ( #314 ), #1398, .T. ) ;
#7081 = VECTOR ( 'NONE', #9570, 39.37007874015748100 ) ;
#7082 = ORIENTED_EDGE ( 'NONE', *, *, #6325, .T. ) ;
#7083 = PLANE ( 'NONE',  #10380 ) ;
#7084 = AXIS2_PLACEMENT_3D ( 'NONE', #350, #9834, #489 ) ;
#7085 = DIRECTION ( 'NONE',  ( 0.0000000000000000000, -6.989579379510787500E-015, -1.000000000000000000 ) ) ;
#7086 = EDGE_CURVE ( 'NONE', #7954, #7445, #7373, .T. ) ;
#7087 = ORIENTED_EDGE ( 'NONE', *, *, #6127, .T. ) ;
#7088 = DIRECTION ( 'NONE',  ( 1.751623080406021700E-046, -1.000000000000000000, 1.048106071835392200E-014 ) ) ;
#7089 = EDGE_CURVE ( 'NONE', #10945, #5418, #2844, .T. ) ;
#7091 = DIRECTION ( 'NONE',  ( 2.292899898433916500E-015, 0.7071067811865464600, 0.7071067811865485700 ) ) ;
#7090 = VECTOR ( 'NONE', #4407, 39.37007874015748100 ) ;
#7092 = ORIENTED_EDGE ( 'NONE', *, *, #6502, .F. ) ;
#7093 = CARTESIAN_POINT ( 'NONE',  ( 0.2816278565449311100, 0.2426574803149606500, 0.8101574803149606000 ) ) ;
#7094 = DIRECTION ( 'NONE',  ( -0.0000000000000000000, -0.0000000000000000000, 1.000000000000000000 ) ) ;
#7095 = AXIS2_PLACEMENT_3D ( 'NONE', #1627, #7569, #730 ) ;
#7096 = ORIENTED_EDGE ( 'NONE', *, *, #10712, .T. ) ;
#7097 = LINE ( 'NONE', #5304, #1337 ) ;
#7098 = CARTESIAN_POINT ( 'NONE',  ( -0.2249999999999999800, -0.3325000000000013500, 0.4279999999999999400 ) ) ;
#7099 = EDGE_LOOP ( 'NONE', ( #5606, #5147 ) ) ;
#7100 = EDGE_CURVE ( 'NONE', #9040, #10065, #193, .T. ) ;
#7101 = CARTESIAN_POINT ( 'NONE',  ( 0.3125000000000022800, 0.2525000000000033300, 0.3396922742592156700 ) ) ;
#7102 = LINE ( 'NONE', #9084, #10292 ) ;
#7103 = DIRECTION ( 'NONE',  ( 0.0000000000000000000, -2.386666001431589400E-015, -1.000000000000000000 ) ) ;
#7104 = EDGE_LOOP ( 'NONE', ( #4931, #8506, #2318, #8287 ) ) ;
#7105 = DIRECTION ( 'NONE',  ( -1.000000000000000000, 0.0000000000000000000, -3.453004075404071500E-015 ) ) ;
#7106 = LINE ( 'NONE', #3031, #8844 ) ;
#7107 = DIRECTION ( 'NONE',  ( 0.0000000000000000000, 1.000000000000000000, 0.0000000000000000000 ) ) ;
#7108 = LINE ( 'NONE', #6740, #1474 ) ;
#7109 = FACE_OUTER_BOUND ( 'NONE', #10696, .T. ) ;
#7110 = EDGE_CURVE ( 'NONE', #27, #2978, #4579, .T. ) ;
#7111 = DIRECTION ( 'NONE',  ( 0.0000000000000000000, 1.000000000000000000, 0.0000000000000000000 ) ) ;
#7112 = SURFACE_STYLE_FILL_AREA ( #10092 ) ;
#7113 = ORIENTED_EDGE ( 'NONE', *, *, #3662, .T. ) ;
#7114 = ORIENTED_EDGE ( 'NONE', *, *, #8044, .T. ) ;
#7115 = EDGE_CURVE ( 'NONE', #4219, #5326, #6565, .T. ) ;
#7116 = AXIS2_PLACEMENT_3D ( 'NONE', #8118, #2135, #5581 ) ;
#7117 = VECTOR ( 'NONE', #9992, 39.37007874015748100 ) ;
#7118 = ADVANCED_FACE ( 'NONE', ( #2283 ), #6374, .T. ) ;
#7119 = VECTOR ( 'NONE', #1745, 39.37007874015748900 ) ;
#7120 = DIRECTION ( 'NONE',  ( 2.385472965096935500E-016, 1.000000000000000000, 8.643388228686462800E-031 ) ) ;
#7121 = FACE_OUTER_BOUND ( 'NONE', #4798, .T. ) ;
#7122 = EDGE_CURVE ( 'NONE', #4439, #7257, #5918, .T. ) ;
#7123 = DIRECTION ( 'NONE',  ( 0.0000000000000000000, 0.0000000000000000000, 1.000000000000000000 ) ) ;
#7124 = PLANE ( 'NONE',  #10970 ) ;
#7125 = ORIENTED_EDGE ( 'NONE', *, *, #5575, .T. ) ;
#7126 =( NAMED_UNIT ( * ) PLANE_ANGLE_UNIT ( ) SI_UNIT ( $, .RADIAN. ) );
#7127 = VECTOR ( 'NONE', #4690, 39.37007874015748100 ) ;
#7128 = CARTESIAN_POINT ( 'NONE',  ( 0.2717853368598917600, -1.021197244730353200, 0.8101574803149641500 ) ) ;
#7129 = VECTOR ( 'NONE', #7666, 39.37007874015748100 ) ;
#7130 = ADVANCED_FACE ( 'NONE', ( #7121 ), #9858, .F. ) ;
#7131 = LINE ( 'NONE', #8677, #9514 ) ;
#7132 = ORIENTED_EDGE ( 'NONE', *, *, #8641, .F. ) ;
#7133 = CARTESIAN_POINT ( 'NONE',  ( 1.431178255917679900E-031, -0.3774999999999999500, -1.362088444445136000E-015 ) ) ;
#7134 = LINE ( 'NONE', #689, #4833 ) ;
#7135 = LINE ( 'NONE', #4379, #10579 ) ;
#7136 = LINE ( 'NONE', #8680, #1250 ) ;
#7137 = ORIENTED_EDGE ( 'NONE', *, *, #11023, .F. ) ;
#7138 = DIRECTION ( 'NONE',  ( 2.237499376342115700E-016, -1.000000000000000000, 6.861664754115823700E-015 ) ) ;
#7139 = ORIENTED_EDGE ( 'NONE', *, *, #325, .T. ) ;
#7140 = EDGE_LOOP ( 'NONE', ( #5801, #2205, #10337, #7206 ) ) ;
#7141 = ORIENTED_EDGE ( 'NONE', *, *, #2763, .T. ) ;
#7142 = DIRECTION ( 'NONE',  ( -1.000000000000000000, 0.0000000000000000000, 0.0000000000000000000 ) ) ;
#7143 = ORIENTED_EDGE ( 'NONE', *, *, #10882, .T. ) ;
#7144 = DIRECTION ( 'NONE',  ( 0.0000000000000000000, -0.8973227340149595400, -0.4413750231038431300 ) ) ;
#7145 = CIRCLE ( 'NONE', #4083, 0.06400000250777354600 ) ;
#7146 = EDGE_CURVE ( 'NONE', #4357, #2116, #10451, .T. ) ;
#7147 = DIRECTION ( 'NONE',  ( 1.000000000000000000, 7.400031521858132100E-030, 3.623343611582458500E-015 ) ) ;
#7148 = AXIS2_PLACEMENT_3D ( 'NONE', #2641, #3348, #4370 ) ;
#7149 = PLANE ( 'NONE',  #1797 ) ;
#7150 = ORIENTED_EDGE ( 'NONE', *, *, #7154, .T. ) ;
#7151 = ORIENTED_EDGE ( 'NONE', *, *, #10258, .F. ) ;
#7152 = ORIENTED_EDGE ( 'NONE', *, *, #8541, .T. ) ;
#7153 = DIRECTION ( 'NONE',  ( 1.000000000000000000, 0.0000000000000000000, 3.623343611582458500E-015 ) ) ;
#7154 = EDGE_CURVE ( 'NONE', #7212, #336, #2032, .T. ) ;
#7155 = VERTEX_POINT ( 'NONE', #5620 ) ;
#7156 = LINE ( 'NONE', #1523, #8218 ) ;
#7157 = ORIENTED_EDGE ( 'NONE', *, *, #2433, .F. ) ;
#7158 = LINE ( 'NONE', #10267, #9135 ) ;
#7159 = CARTESIAN_POINT ( 'NONE',  ( -0.3125000000000023900, 0.04459782299446937000, 0.7690197545653728600 ) ) ;
#7160 = AXIS2_PLACEMENT_3D ( 'NONE', #6520, #7534, #9240 ) ;
#7161 = ORIENTED_EDGE ( 'NONE', *, *, #1827, .T. ) ;
#7162 = ORIENTED_EDGE ( 'NONE', *, *, #371, .F. ) ;
#7163 = ORIENTED_EDGE ( 'NONE', *, *, #3479, .T. ) ;
#7164 = EDGE_CURVE ( 'NONE', #4009, #84, #9897, .T. ) ;
#7165 = CARTESIAN_POINT ( 'NONE',  ( -0.01515748031496071300, -0.5313388496530164800, 0.6681574803149606900 ) ) ;
#7166 = ORIENTED_EDGE ( 'NONE', *, *, #3781, .T. ) ;
#7167 = DIRECTION ( 'NONE',  ( 0.0000000000000000000, 1.000000000000000000, 0.0000000000000000000 ) ) ;
#7168 = DIRECTION ( 'NONE',  ( -0.0000000000000000000, 1.000000000000000000, -0.0000000000000000000 ) ) ;
#7169 = ORIENTED_EDGE ( 'NONE', *, *, #9176, .F. ) ;
#7170 = VERTEX_POINT ( 'NONE', #3064 ) ;
#7171 = ORIENTED_EDGE ( 'NONE', *, *, #8445, .F. ) ;
#7172 = DIRECTION ( 'NONE',  ( -1.000000000000000000, 2.385472965096935500E-016, 3.441691376337984500E-015 ) ) ;
#7173 = ADVANCED_FACE ( 'NONE', ( #10183 ), #2215, .T. ) ;
#7174 = LINE ( 'NONE', #5080, #3148 ) ;
#7175 = ORIENTED_EDGE ( 'NONE', *, *, #4175, .T. ) ;
#7176 = ORIENTED_EDGE ( 'NONE', *, *, #1342, .F. ) ;
#7177 = PLANE ( 'NONE',  #2063 ) ;
#7178 = PRESENTATION_LAYER_ASSIGNMENT (  '', '', ( #4725 ) ) ;
#7179 = ORIENTED_EDGE ( 'NONE', *, *, #2674, .T. ) ;
#7180 = DIRECTION ( 'NONE',  ( 3.491481338843133000E-015, -6.842163256825776100E-015, -1.000000000000000000 ) ) ;
#7181 = EDGE_CURVE ( 'NONE', #89, #5748, #3085, .T. ) ;
#7182 = DIRECTION ( 'NONE',  ( 0.0000000000000000000, -0.4413750231038431300, 0.8973227340149595400 ) ) ;
#7183 = AXIS2_PLACEMENT_3D ( 'NONE', #7133, #10576, #6340 ) ;
#7184 = DIRECTION ( 'NONE',  ( 0.0000000000000000000, -3.469446951953613800E-015, 1.000000000000000000 ) ) ;
#7185 = LINE ( 'NONE', #8222, #5449 ) ;
#7186 = ORIENTED_EDGE ( 'NONE', *, *, #8456, .F. ) ;
#7187 = DIRECTION ( 'NONE',  ( 0.0000000000000000000, 0.0000000000000000000, -1.000000000000000000 ) ) ;
#7188 = ADVANCED_FACE ( 'NONE', ( #837 ), #3229, .F. ) ;
#7189 = EDGE_CURVE ( 'NONE', #225, #1825, #6063, .T. ) ;
#7190 = CARTESIAN_POINT ( 'NONE',  ( 0.3125000000000022800, 0.2454289321881376600, 0.8200000000000022800 ) ) ;
#7191 = CARTESIAN_POINT ( 'NONE',  ( -0.2966278565449310100, -0.1811070463003418000, 0.7479635790510821300 ) ) ;
#7192 = VECTOR ( 'NONE', #3564, 39.37007874015748100 ) ;
#7193 = DIRECTION ( 'NONE',  ( 2.529146936815852400E-016, 0.0000000000000000000, -1.000000000000000000 ) ) ;
#7194 = AXIS2_PLACEMENT_3D ( 'NONE', #1795, #4486, #9503 ) ;
#7195 = CARTESIAN_POINT ( 'NONE',  ( -0.3125000000000025500, 0.1087205899187654700, 0.7479635790510822400 ) ) ;
#7196 = DIRECTION ( 'NONE',  ( -0.0000000000000000000, 1.000000000000000000, -0.0000000000000000000 ) ) ;
#7197 = ORIENTED_EDGE ( 'NONE', *, *, #10462, .F. ) ;
#7198 = CARTESIAN_POINT ( 'NONE',  ( -0.1751181102362205100, -0.1855660917989245000, 0.8122440944881890200 ) ) ;
#7199 = CYLINDRICAL_SURFACE ( 'NONE', #9634, 0.009842519685039378600 ) ;
#7200 = ORIENTED_EDGE ( 'NONE', *, *, #4732, .F. ) ;
#7201 =( CONVERSION_BASED_UNIT ( 'INCH', #3762 ) LENGTH_UNIT ( ) NAMED_UNIT ( #8538 ) );
#7202 = EDGE_LOOP ( 'NONE', ( #9700, #7166, #4750, #10524 ) ) ;
#7203 = CARTESIAN_POINT ( 'NONE',  ( 0.2966278565449311200, 0.09284335684306162200, 0.7690197545653728600 ) ) ;
#7204 = DIRECTION ( 'NONE',  ( 3.441691376337984100E-015, 0.0000000000000000000, 1.000000000000000000 ) ) ;
#7205 = AXIS2_PLACEMENT_3D ( 'NONE', #3440, #8437, #813 ) ;
#7206 = ORIENTED_EDGE ( 'NONE', *, *, #3742, .T. ) ;
#7207 = DIRECTION ( 'NONE',  ( -6.829619984160731600E-015, 0.0000000000000000000, 1.000000000000000000 ) ) ;
#7208 = CYLINDRICAL_SURFACE ( 'NONE', #9538, 0.05437007874015750000 ) ;
#7209 = ORIENTED_EDGE ( 'NONE', *, *, #2531, .F. ) ;
#7210 = AXIS2_PLACEMENT_3D ( 'NONE', #10706, #3036, #1362 ) ;
#7211 = DIRECTION ( 'NONE',  ( 0.9961946980917451000, 0.0000000000000000000, -0.08715574274766177400 ) ) ;
#7212 = VERTEX_POINT ( 'NONE', #7411 ) ;
#7213 = EDGE_LOOP ( 'NONE', ( #6750, #5744, #9343, #8692, #6336, #6902, #1944, #4313 ) ) ;
#7214 = ORIENTED_EDGE ( 'NONE', *, *, #7066, .T. ) ;
#7215 = VECTOR ( 'NONE', #8863, 39.37007874015748100 ) ;
#7216 = ORIENTED_EDGE ( 'NONE', *, *, #5395, .F. ) ;
#7217 = ADVANCED_FACE ( 'NONE', ( #4828 ), #10045, .F. ) ;
#7218 = FACE_OUTER_BOUND ( 'NONE', #7104, .T. ) ;
#7219 = EDGE_CURVE ( 'NONE', #3553, #4162, #4965, .T. ) ;
#7220 = ORIENTED_EDGE ( 'NONE', *, *, #6143, .T. ) ;
#7221 = CARTESIAN_POINT ( 'NONE',  ( -0.3125000000000023300, -0.1219842793760456800, 0.7879635790510823900 ) ) ;
#7222 = AXIS2_PLACEMENT_3D ( 'NONE', #2271, #9006, #2993 ) ;
#7223 = ORIENTED_EDGE ( 'NONE', *, *, #8458, .F. ) ;
#7224 = CARTESIAN_POINT ( 'NONE',  ( -0.3125000000000023900, -0.1861070463003418300, 0.7690197545653726400 ) ) ;
#7225 = FACE_OUTER_BOUND ( 'NONE', #10373, .T. ) ;
#7226 = LINE ( 'NONE', #9859, #1348 ) ;
#7227 = ORIENTED_EDGE ( 'NONE', *, *, #10940, .T. ) ;
#7228 = EDGE_LOOP ( 'NONE', ( #11017, #3219, #9010, #4615 ) ) ;
#7229 = VECTOR ( 'NONE', #2910, 39.37007874015748100 ) ;
#7230 = ORIENTED_EDGE ( 'NONE', *, *, #8556, .F. ) ;
#7231 = ADVANCED_FACE ( 'NONE', ( #5629 ), #4455, .T. ) ;
#7232 = CARTESIAN_POINT ( 'NONE',  ( -0.2966278565449310100, 0.04959782299446936800, 0.7479635790510821300 ) ) ;
#7233 = DIRECTION ( 'NONE',  ( 0.0000000000000000000, 0.0000000000000000000, 1.000000000000000000 ) ) ;
#7234 = LINE ( 'NONE', #3542, #6695 ) ;
#7235 = VECTOR ( 'NONE', #9582, 39.37007874015748100 ) ;
#7236 = PLANE ( 'NONE',  #2783 ) ;
#7237 = EDGE_CURVE ( 'NONE', #5029, #3967, #5768, .T. ) ;
#7238 = LINE ( 'NONE', #8880, #1773 ) ;
#7239 = CARTESIAN_POINT ( 'NONE',  ( 0.3125000000000025000, -0.1811070463003418000, 0.7529635790510822400 ) ) ;
#7240 = CARTESIAN_POINT ( 'NONE',  ( 0.3125000000000026100, 0.1469172219995819600, 0.7214882898114463000 ) ) ;
#7241 = EDGE_CURVE ( 'NONE', #3749, #2013, #6099, .T. ) ;
#7242 = CYLINDRICAL_SURFACE ( 'NONE', #5220, 0.01500000000000001200 ) ;
#7243 = LINE ( 'NONE', #6799, #1240 ) ;
#7244 = VECTOR ( 'NONE', #5353, 39.37007874015748100 ) ;
#7245 = DIRECTION ( 'NONE',  ( -0.0000000000000000000, 1.000000000000000000, 0.0000000000000000000 ) ) ;
#7246 = VECTOR ( 'NONE', #2649, 39.37007874015748100 ) ;
#7247 = EDGE_CURVE ( 'NONE', #27, #1148, #6701, .T. ) ;
#7248 = AXIS2_PLACEMENT_3D ( 'NONE', #2120, #2055, #9725 ) ;
#7249 = AXIS2_PLACEMENT_3D ( 'NONE', #2483, #7691, #6053 ) ;
#7250 = CARTESIAN_POINT ( 'NONE',  ( 0.2975000000000023700, 0.02872058991876547500, 0.7479635790510845700 ) ) ;
#7251 = VECTOR ( 'NONE', #5633, 39.37007874015748100 ) ;
#7252 = VECTOR ( 'NONE', #7196, 39.37007874015748100 ) ;
#7253 = EDGE_CURVE ( 'NONE', #1148, #2769, #183, .T. ) ;
#7254 = VECTOR ( 'NONE', #7167, 39.37007874015748100 ) ;
#7255 = CARTESIAN_POINT ( 'NONE',  ( 0.2975000000000023700, -0.2019842793760456800, 0.7479635790510845700 ) ) ;
#7256 = DIRECTION ( 'NONE',  ( -2.383254761742044200E-016, 0.0000000000000000000, 1.000000000000000000 ) ) ;
#7257 = VERTEX_POINT ( 'NONE', #1315 ) ;
#7258 = DIRECTION ( 'NONE',  ( 0.0000000000000000000, 0.0000000000000000000, -1.000000000000000000 ) ) ;
#7259 = LINE ( 'NONE', #5911, #4201 ) ;
#7260 = ORIENTED_EDGE ( 'NONE', *, *, #10723, .F. ) ;
#7261 = PLANE ( 'NONE',  #1441 ) ;
#7262 = DIRECTION ( 'NONE',  ( 0.0000000000000000000, 0.0000000000000000000, -1.000000000000000000 ) ) ;
#7263 = VECTOR ( 'NONE', #10903, 39.37007874015748100 ) ;
#7264 = AXIS2_PLACEMENT_3D ( 'NONE', #2851, #8771, #1106 ) ;
#7265 = DIRECTION ( 'NONE',  ( -1.000000000000000000, 0.0000000000000000000, 0.0000000000000000000 ) ) ;
#7266 = CARTESIAN_POINT ( 'NONE',  ( 0.1945112714942015500, 0.06541338582677157200, 0.04963141414431022900 ) ) ;
#7267 = DIRECTION ( 'NONE',  ( 0.0000000000000000000, 0.0000000000000000000, -1.000000000000000000 ) ) ;
#7268 = CIRCLE ( 'NONE', #2106, 0.009842519685039378600 ) ;
#7269 = ORIENTED_EDGE ( 'NONE', *, *, #9885, .T. ) ;
#7270 = ORIENTED_EDGE ( 'NONE', *, *, #2287, .F. ) ;
#7271 = VERTEX_POINT ( 'NONE', #7484 ) ;
#7272 = CARTESIAN_POINT ( 'NONE',  ( 0.2249999999999999800, -0.3275000000000013500, 0.4279999999999999400 ) ) ;
#7273 = DIRECTION ( 'NONE',  ( 1.000000000000000000, 7.400031521858132100E-030, 3.623343611582458500E-015 ) ) ;
#7274 = ADVANCED_FACE ( 'NONE', ( #6193 ), #8226, .F. ) ;
#7275 = ORIENTED_EDGE ( 'NONE', *, *, #8465, .T. ) ;
#7276 = FILL_AREA_STYLE_COLOUR ( '', #6731 ) ;
#7277 = LINE ( 'NONE', #6752, #6745 ) ;
#7278 = LINE ( 'NONE', #992, #1540 ) ;
#7279 = CARTESIAN_POINT ( 'NONE',  ( -0.08484251968503943300, -0.5313388496530164800, 0.7878425196850393800 ) ) ;
#7280 = ORIENTED_EDGE ( 'NONE', *, *, #3164, .F. ) ;
#7281 = VERTEX_POINT ( 'NONE', #5723 ) ;
#7282 = VERTEX_POINT ( 'NONE', #8183 ) ;
#7283 = EDGE_CURVE ( 'NONE', #3409, #9574, #5506, .T. ) ;
#7284 = ORIENTED_EDGE ( 'NONE', *, *, #4966, .F. ) ;
#7285 = DIRECTION ( 'NONE',  ( 1.000000000000000000, 0.0000000000000000000, 3.453004075404071500E-015 ) ) ;
#7286 = DIMENSIONAL_EXPONENTS ( 1.000000000000000000, 0.0000000000000000000, 0.0000000000000000000, 0.0000000000000000000, 0.0000000000000000000, 0.0000000000000000000, 0.0000000000000000000 ) ;
#7287 = B_SPLINE_SURFACE_WITH_KNOTS ( 'NONE', 3, 3, ( 
 ( #1742, #8586, #3464, #9416 ),
 ( #6006, #4330, #7683, #6854 ),
 ( #10279, #2553, #8550, #3430 ),
 ( #7496, #7611, #4993, #11027 ) ),
 .UNSPECIFIED., .F., .F., .F.,
 ( 4, 4 ),
 ( 4, 4 ),
 ( 0.0000000000000000000, 1.000000000000000000 ),
 ( 0.0000000000000000000, 1.000000000000000000 ),
 .UNSPECIFIED. ) ;
#7288 = LINE ( 'NONE', #7332, #5964 ) ;
#7289 = ORIENTED_EDGE ( 'NONE', *, *, #7575, .F. ) ;
#7290 = LINE ( 'NONE', #8603, #7972 ) ;
#7291 = EDGE_CURVE ( 'NONE', #5558, #8592, #690, .T. ) ;
#7292 = PLANE ( 'NONE',  #3295 ) ;
#7293 = EDGE_LOOP ( 'NONE', ( #3407, #1994, #9545, #9229 ) ) ;
#7294 = CARTESIAN_POINT ( 'NONE',  ( 0.09842519685039372000, -0.2674999999999999600, -0.0000000000000000000 ) ) ;
#7295 = ORIENTED_EDGE ( 'NONE', *, *, #10923, .T. ) ;
#7296 = ORIENTED_EDGE ( 'NONE', *, *, #3935, .T. ) ;
#7297 = CARTESIAN_POINT ( 'NONE',  ( 0.2417957872900946800, -0.1811070463003418000, 0.7479635790510820200 ) ) ;
#7298 = EDGE_LOOP ( 'NONE', ( #2247, #8633, #9919 ) ) ;
#7299 = PLANE ( 'NONE',  #8411 ) ;
#7300 = DIRECTION ( 'NONE',  ( 0.0000000000000000000, 0.7071067811865569000, -0.7071067811865382500 ) ) ;
#7301 = EDGE_CURVE ( 'NONE', #411, #6030, #9504, .T. ) ;
#7302 = EDGE_CURVE ( 'NONE', #9962, #3682, #3369, .T. ) ;
#7303 = ORIENTED_EDGE ( 'NONE', *, *, #2949, .F. ) ;
#7304 = CARTESIAN_POINT ( 'NONE',  ( 0.03031496062992127300, 0.0000000000000000000, 0.8122440944881890200 ) ) ;
#7305 = CARTESIAN_POINT ( 'NONE',  ( 0.3164370078740166800, -0.3856102362204703600, 0.2829999999999989200 ) ) ;
#7306 = ORIENTED_EDGE ( 'NONE', *, *, #6603, .F. ) ;
#7307 = CARTESIAN_POINT ( 'NONE',  ( -0.2966278565449310700, 0.04459782299446937000, 0.7690197545653724200 ) ) ;
#7308 = DIRECTION ( 'NONE',  ( 0.0000000000000000000, 0.0000000000000000000, -1.000000000000000000 ) ) ;
#7309 = DIRECTION ( 'NONE',  ( -1.000000000000000000, -6.982962677686267500E-015, 2.406025760924086600E-029 ) ) ;
#7310 = EDGE_CURVE ( 'NONE', #275, #7491, #551, .T. ) ;
#7311 = DIRECTION ( 'NONE',  ( 0.0000000000000000000, 1.000000000000000000, 0.0000000000000000000 ) ) ;
#7312 = AXIS2_PLACEMENT_3D ( 'NONE', #3635, #5356, #8730 ) ;
#7313 = VECTOR ( 'NONE', #4218, 39.37007874015748100 ) ;
#7314 = ORIENTED_EDGE ( 'NONE', *, *, #10631, .T. ) ;
#7315 = CARTESIAN_POINT ( 'NONE',  ( -0.1976555047254741900, -0.01332677165354330000, 0.01369266385878507300 ) ) ;
#7316 = DIRECTION ( 'NONE',  ( 1.100718544111170900E-017, 1.000000000000000000, -1.258127052980947800E-016 ) ) ;
#7317 = EDGE_CURVE ( 'NONE', #3424, #9195, #2419, .T. ) ;
#7318 = CARTESIAN_POINT ( 'NONE',  ( 0.1153543307086614100, 0.3077060962964917600, 0.1513544460802586400 ) ) ;
#7319 = AXIS2_PLACEMENT_3D ( 'NONE', #2715, #3718, #10773 ) ;
#7320 = LINE ( 'NONE', #10559, #10121 ) ;
#7321 = LINE ( 'NONE', #5239, #3168 ) ;
#7322 = EDGE_CURVE ( 'NONE', #6110, #1798, #984, .T. ) ;
#7323 = ORIENTED_EDGE ( 'NONE', *, *, #8032, .F. ) ;
#7324 = DIRECTION ( 'NONE',  ( 0.0000000000000000000, 1.000000000000000000, 0.0000000000000000000 ) ) ;
#7325 = ADVANCED_FACE ( 'NONE', ( #1103 ), #10845, .F. ) ;
#7326 = ORIENTED_EDGE ( 'NONE', *, *, #783, .F. ) ;
#7327 = DIRECTION ( 'NONE',  ( 0.0000000000000000000, 0.0000000000000000000, 1.000000000000000000 ) ) ;
#7328 = AXIS2_PLACEMENT_3D ( 'NONE', #506, #3862, #7262 ) ;
#7329 = FACE_OUTER_BOUND ( 'NONE', #1942, .T. ) ;
#7330 = VERTEX_POINT ( 'NONE', #634 ) ;
#7331 = CARTESIAN_POINT ( 'NONE',  ( -0.2696850393700787600, 3.414809992080329600E-017, 0.01499999999999999900 ) ) ;
#7332 = CARTESIAN_POINT ( 'NONE',  ( -0.2974999999999999900, -0.2515000000000000000, -1.093155637708642100E-015 ) ) ;
#7333 = ORIENTED_EDGE ( 'NONE', *, *, #8250, .F. ) ;
#7334 = ADVANCED_FACE ( 'NONE', ( #2710 ), #2164, .T. ) ;
#7335 = CARTESIAN_POINT ( 'NONE',  ( 0.08011811023622049400, -0.2525000000000000600, 0.8200000000000035000 ) ) ;
#7336 = DIRECTION ( 'NONE',  ( -1.000000000000000000, 0.0000000000000000000, -3.453004075404071100E-015 ) ) ;
#7337 = VECTOR ( 'NONE', #8935, 39.37007874015748100 ) ;
#7338 = VERTEX_POINT ( 'NONE', #1387 ) ;
#7339 = DIRECTION ( 'NONE',  ( 0.0000000000000000000, 0.0000000000000000000, -1.000000000000000000 ) ) ;
#7340 = DIRECTION ( 'NONE',  ( -2.237499376342115200E-016, 1.000000000000000000, -6.842163256825777700E-015 ) ) ;
#7341 = CARTESIAN_POINT ( 'NONE',  ( 0.3125000000000022800, 0.02872058991876547500, 0.7879635790510846100 ) ) ;
#7342 = EDGE_CURVE ( 'NONE', #7961, #1071, #9884, .T. ) ;
#7343 = ORIENTED_EDGE ( 'NONE', *, *, #2682, .F. ) ;
#7344 = SURFACE_SIDE_STYLE ('',( #7000 ) ) ;
#7345 = CIRCLE ( 'NONE', #3345, 0.004999999999999946300 ) ;
#7346 = DIRECTION ( 'NONE',  ( 0.0000000000000000000, -0.4413750231038431300, 0.8973227340149595400 ) ) ;
#7347 = AXIS2_PLACEMENT_3D ( 'NONE', #5264, #8634, #1719 ) ;
#7348 = FACE_OUTER_BOUND ( 'NONE', #4684, .T. ) ;
#7349 = ORIENTED_EDGE ( 'NONE', *, *, #635, .F. ) ;
#7350 = LINE ( 'NONE', #4062, #2011 ) ;
#7351 = ORIENTED_EDGE ( 'NONE', *, *, #10568, .T. ) ;
#7352 = CARTESIAN_POINT ( 'NONE',  ( -0.1799811510861111200, -0.01332677165354330000, 0.2157114503741968100 ) ) ;
#7353 = CIRCLE ( 'NONE', #1750, 0.01968503937007869100 ) ;
#7354 = AXIS2_PLACEMENT_3D ( 'NONE', #8130, #4731, #5482 ) ;
#7355 = VECTOR ( 'NONE', #3398, 39.37007874015748100 ) ;
#7356 = CARTESIAN_POINT ( 'NONE',  ( 0.3066421356237331600, -0.2515000000000000000, 0.7042333971024947700 ) ) ;
#7357 = CARTESIAN_POINT ( 'NONE',  ( -0.2486744556699771700, -0.01332677165354327400, 0.05437007874015750700 ) ) ;
#7358 = FACE_OUTER_BOUND ( 'NONE', #2633, .T. ) ;
#7359 = EDGE_CURVE ( 'NONE', #8850, #2673, #9761, .T. ) ;
#7360 = ORIENTED_EDGE ( 'NONE', *, *, #7122, .F. ) ;
#7361 = VECTOR ( 'NONE', #5791, 39.37007874015748100 ) ;
#7362 = DIRECTION ( 'NONE',  ( -0.0000000000000000000, 1.000000000000000000, -0.0000000000000000000 ) ) ;
#7363 = ORIENTED_EDGE ( 'NONE', *, *, #2187, .F. ) ;
#7364 = EDGE_CURVE ( 'NONE', #8230, #8068, #6996, .T. ) ;
#7365 = DIRECTION ( 'NONE',  ( 3.469446951953622900E-015, 0.0000000000000000000, 1.000000000000000000 ) ) ;
#7366 = CARTESIAN_POINT ( 'NONE',  ( -0.1751181102362205100, -0.1174558555784520600, 0.03468503937007873200 ) ) ;
#7367 = FACE_OUTER_BOUND ( 'NONE', #581, .T. ) ;
#7368 = LINE ( 'NONE', #8682, #2030 ) ;
#7369 = DIRECTION ( 'NONE',  ( 0.0000000000000000000, 1.000000000000000000, 0.0000000000000000000 ) ) ;
#7370 = DIRECTION ( 'NONE',  ( 0.0000000000000000000, -0.8973227340149595400, -0.4413750231038431300 ) ) ;
#7371 = AXIS2_PLACEMENT_3D ( 'NONE', #2676, #149, #971 ) ;
#7372 = FILL_AREA_STYLE ('',( #3347 ) ) ;
#7373 = LINE ( 'NONE', #4686, #10816 ) ;
#7374 = CARTESIAN_POINT ( 'NONE',  ( -0.1151574803149606800, -0.2525000000000000600, 0.6681574803149606900 ) ) ;
#7375 = ORIENTED_EDGE ( 'NONE', *, *, #9707, .T. ) ;
#7376 = CARTESIAN_POINT ( 'NONE',  ( 0.2249999999999999800, -0.2675000000000014600, 0.4279999999999999400 ) ) ;
#7377 = EDGE_CURVE ( 'NONE', #938, #4219, #3891, .T. ) ;
#7378 = DIRECTION ( 'NONE',  ( 1.000000000000000000, -1.458800866809831900E-016, 3.623343611582382000E-015 ) ) ;
#7379 = ADVANCED_FACE ( 'NONE', ( #5372 ), #1630, .T. ) ;
#7380 = LINE ( 'NONE', #3865, #7127 ) ;
#7381 = VECTOR ( 'NONE', #4682, 39.37007874015748100 ) ;
#7382 = CARTESIAN_POINT ( 'NONE',  ( 0.2975000000000022600, 0.1087205899187654700, 0.7879635790510846100 ) ) ;
#7383 = CIRCLE ( 'NONE', #1312, 0.01999999999999992400 ) ;
#7384 = CARTESIAN_POINT ( 'NONE',  ( -0.2975000000000041500, -0.2872855339059303700, 0.2872855339059304800 ) ) ;
#7385 = VECTOR ( 'NONE', #7585, 39.37007874015748100 ) ;
#7386 = FACE_OUTER_BOUND ( 'NONE', #8649, .T. ) ;
#7387 = EDGE_CURVE ( 'NONE', #8066, #10300, #10440, .T. ) ;
#7388 = CARTESIAN_POINT ( 'NONE',  ( 0.2975000000000023200, 0.0000000000000000000, 0.6900912614787637600 ) ) ;
#7389 = VECTOR ( 'NONE', #1599, 39.37007874015748100 ) ;
#7390 = LINE ( 'NONE', #6598, #5783 ) ;
#7391 = SURFACE_SIDE_STYLE ('',( #10368 ) ) ;
#7392 = ADVANCED_FACE ( 'NONE', ( #7799 ), #7625, .F. ) ;
#7393 = LINE ( 'NONE', #724, #1661 ) ;
#7394 = AXIS2_PLACEMENT_3D ( 'NONE', #5423, #7045, #2015 ) ;
#7395 = ORIENTED_EDGE ( 'NONE', *, *, #4871, .T. ) ;
#7396 = CARTESIAN_POINT ( 'NONE',  ( 0.03484251968503928500, -0.2525000000000000600, 0.7681574803149606700 ) ) ;
#7397 = SURFACE_STYLE_USAGE ( .BOTH. , #6507 ) ;
#7398 = ORIENTED_EDGE ( 'NONE', *, *, #162, .T. ) ;
#7399 = VERTEX_POINT ( 'NONE', #6618 ) ;
#7400 = EDGE_LOOP ( 'NONE', ( #909, #5681, #3565, #4241 ) ) ;
#7401 = DIRECTION ( 'NONE',  ( -0.0000000000000000000, -1.000000000000000000, -0.0000000000000000000 ) ) ;
#7402 = ORIENTED_EDGE ( 'NONE', *, *, #2857, .T. ) ;
#7403 = CARTESIAN_POINT ( 'NONE',  ( -0.1348425196850394100, -0.2525000000000000600, 0.6681574803149606900 ) ) ;
#7404 = FACE_OUTER_BOUND ( 'NONE', #1958, .T. ) ;
#7405 = VECTOR ( 'NONE', #4952, 39.37007874015748100 ) ;
#7406 = DIRECTION ( 'NONE',  ( 0.0000000000000000000, -1.000000000000000000, 0.0000000000000000000 ) ) ;
#7407 = DIRECTION ( 'NONE',  ( -3.441691376337984900E-015, 9.880952548175142300E-017, -1.000000000000000000 ) ) ;
#7408 = VERTEX_POINT ( 'NONE', #2351 ) ;
#7409 = ORIENTED_EDGE ( 'NONE', *, *, #7862, .F. ) ;
#7410 = ORIENTED_EDGE ( 'NONE', *, *, #4338, .F. ) ;
#7411 = CARTESIAN_POINT ( 'NONE',  ( 0.2816278565449313300, -0.2525000000000000600, 0.02484251968503935600 ) ) ;
#7412 = ORIENTED_EDGE ( 'NONE', *, *, #5170, .F. ) ;
#7413 = STYLED_ITEM ( 'NONE', ( #7630 ), #7800 ) ;
#7414 = CARTESIAN_POINT ( 'NONE',  ( 0.3294888549426411300, 0.1454527559055147900, 0.7163187439931667500 ) ) ;
#7415 = VECTOR ( 'NONE', #2250, 39.37007874015748100 ) ;
#7416 = EDGE_LOOP ( 'NONE', ( #10866, #5273, #4356 ) ) ;
#7417 = VECTOR ( 'NONE', #6042, 39.37007874015748100 ) ;
#7418 = ORIENTED_EDGE ( 'NONE', *, *, #7606, .F. ) ;
#7419 = CARTESIAN_POINT ( 'NONE',  ( -0.3125000000000009400, -0.3856102362204703600, 0.2829999999999989200 ) ) ;
#7420 = AXIS2_PLACEMENT_3D ( 'NONE', #1873, #1843, #7103 ) ;
#7421 = CARTESIAN_POINT ( 'NONE',  ( -0.3125000000000010500, -0.3856102362204703600, 0.3026850393700775700 ) ) ;
#7422 = VERTEX_POINT ( 'NONE', #8380 ) ;
#7423 = VERTEX_POINT ( 'NONE', #1498 ) ;
#7424 = ADVANCED_FACE ( 'NONE', ( #3637 ), #758, .F. ) ;
#7425 = VERTEX_POINT ( 'NONE', #6774 ) ;
#7426 = DIRECTION ( 'NONE',  ( 1.000000000000000000, 0.0000000000000000000, -0.0000000000000000000 ) ) ;
#7427 = ORIENTED_EDGE ( 'NONE', *, *, #1936, .F. ) ;
#7428 = COLOUR_RGB ( '',0.7921568627450980000, 0.8196078431372548800, 0.9333333333333333500 ) ;
#7429 = CARTESIAN_POINT ( 'NONE',  ( 0.1651574803149606600, -0.2525000000000000600, 0.6681574803149605800 ) ) ;
#7430 = ORIENTED_EDGE ( 'NONE', *, *, #1646, .T. ) ;
#7431 = AXIS2_PLACEMENT_3D ( 'NONE', #8528, #5039, #52 ) ;
#7432 = VECTOR ( 'NONE', #11047, 39.37007874015748100 ) ;
#7433 = ORIENTED_EDGE ( 'NONE', *, *, #10924, .T. ) ;
#7434 = EDGE_LOOP ( 'NONE', ( #10090, #522, #7592, #6954 ) ) ;
#7435 = EDGE_CURVE ( 'NONE', #7779, #8288, #8975, .T. ) ;
#7436 = MANIFOLD_SOLID_BREP ( 'LPattern1[6]', #154 ) ;
#7437 = ORIENTED_EDGE ( 'NONE', *, *, #2561, .T. ) ;
#7438 = EDGE_CURVE ( 'NONE', #84, #7914, #10680, .T. ) ;
#7439 = DIRECTION ( 'NONE',  ( 0.0000000000000000000, 0.0000000000000000000, 1.000000000000000000 ) ) ;
#7440 = CARTESIAN_POINT ( 'NONE',  ( 0.0000000000000000000, 0.1719142231617053800, 0.01499999999999999900 ) ) ;
#7441 = ADVANCED_FACE ( 'NONE', ( #2558 ), #3297, .T. ) ;
#7442 = ORIENTED_EDGE ( 'NONE', *, *, #9385, .T. ) ;
#7443 = CARTESIAN_POINT ( 'NONE',  ( -0.08484251968503943300, -0.2525000000000000600, 0.7681574803149606700 ) ) ;
#7444 = LINE ( 'NONE', #1494, #8539 ) ;
#7445 = VERTEX_POINT ( 'NONE', #4164 ) ;
#7446 = SURFACE_SIDE_STYLE ('',( #6264 ) ) ;
#7447 = AXIS2_PLACEMENT_3D ( 'NONE', #5429, #6257, #9661 ) ;
#7448 = APPLICATION_CONTEXT ( 'automotive_design' ) ;
#7449 = EDGE_CURVE ( 'NONE', #3370, #1154, #7925, .T. ) ;
#7450 = CARTESIAN_POINT ( 'NONE',  ( 0.2054877304314322900, -0.3275573501768159800, 0.4938250402617068700 ) ) ;
#7451 = CARTESIAN_POINT ( 'NONE',  ( 0.2816278565449311100, 0.2426574803149606500, 0.02484251968503935600 ) ) ;
#7452 = ADVANCED_FACE ( 'NONE', ( #10170 ), #4203, .F. ) ;
#7453 = FACE_OUTER_BOUND ( 'NONE', #5731, .T. ) ;
#7454 = VECTOR ( 'NONE', #4003, 39.37007874015748100 ) ;
#7455 = PLANE ( 'NONE',  #8971 ) ;
#7456 = EDGE_CURVE ( 'NONE', #8789, #2902, #8851, .T. ) ;
#7457 = CARTESIAN_POINT ( 'NONE',  ( -0.3125000000000023900, 0.1454527559055146500, 0.6900912614787658700 ) ) ;
#7458 = DIRECTION ( 'NONE',  ( 0.0000000000000000000, -1.000000000000000000, 2.551844114882811400E-016 ) ) ;
#7459 = VERTEX_POINT ( 'NONE', #7038 ) ;
#7460 = CARTESIAN_POINT ( 'NONE',  ( -0.03188976377952755500, 0.1522291837916265300, 0.5125280012291644200 ) ) ;
#7461 = LINE ( 'NONE', #153, #6524 ) ;
#7462 = VERTEX_POINT ( 'NONE', #8754 ) ;
#7463 = EDGE_CURVE ( 'NONE', #1313, #8646, #1482, .T. ) ;
#7464 = VERTEX_POINT ( 'NONE', #1908 ) ;
#7465 = AXIS2_PLACEMENT_3D ( 'NONE', #3059, #8261, #2996 ) ;
#7466 = DIRECTION ( 'NONE',  ( -1.000000000000000000, -0.0000000000000000000, -0.0000000000000000000 ) ) ;
#7467 = EDGE_LOOP ( 'NONE', ( #10879, #5582, #6465, #3560 ) ) ;
#7468 = EDGE_CURVE ( 'NONE', #1680, #4253, #2270, .T. ) ;
#7469 = DIRECTION ( 'NONE',  ( 1.000000000000000000, -0.0000000000000000000, 0.0000000000000000000 ) ) ;
#7470 = DIRECTION ( 'NONE',  ( 0.0000000000000000000, 0.0000000000000000000, -1.000000000000000000 ) ) ;
#7471 = VECTOR ( 'NONE', #7346, 39.37007874015748100 ) ;
#7472 = ORIENTED_EDGE ( 'NONE', *, *, #3930, .F. ) ;
#7473 = CARTESIAN_POINT ( 'NONE',  ( -0.2519685039370078700, -0.01332677165354330000, 0.01499999999999999900 ) ) ;
#7474 = DIRECTION ( 'NONE',  ( -0.0000000000000000000, 1.000000000000000000, 0.0000000000000000000 ) ) ;
#7475 = ADVANCED_FACE ( 'NONE', ( #6555 ), #5238, .T. ) ;
#7476 = ORIENTED_EDGE ( 'NONE', *, *, #8077, .F. ) ;
#7477 = ORIENTED_EDGE ( 'NONE', *, *, #4947, .F. ) ;
#7478 = CARTESIAN_POINT ( 'NONE',  ( 0.2975000000000023700, 0.1087205899187654700, 0.7879635790510846100 ) ) ;
#7479 = DIRECTION ( 'NONE',  ( 6.829619984160731600E-015, 0.0000000000000000000, 1.000000000000000000 ) ) ;
#7480 = ORIENTED_EDGE ( 'NONE', *, *, #6461, .F. ) ;
#7481 = FACE_OUTER_BOUND ( 'NONE', #3178, .T. ) ;
#7482 = EDGE_LOOP ( 'NONE', ( #7410, #1978, #3727, #2582 ) ) ;
#7483 = DIRECTION ( 'NONE',  ( 0.0000000000000000000, -2.787599850868259200E-015, 1.000000000000000000 ) ) ;
#7484 = CARTESIAN_POINT ( 'NONE',  ( -0.06515748031496067200, -0.2525000000000000600, 0.7878425196850393800 ) ) ;
#7485 = CIRCLE ( 'NONE', #8800, 0.001968503937007828000 ) ;
#7486 = ORIENTED_EDGE ( 'NONE', *, *, #3537, .F. ) ;
#7487 = DIRECTION ( 'NONE',  ( 0.0000000000000000000, 0.4413750231038433600, -0.8973227340149595400 ) ) ;
#7488 = DIRECTION ( 'NONE',  ( 0.0000000000000000000, 3.469446951953613800E-015, -1.000000000000000000 ) ) ;
#7489 = DIRECTION ( 'NONE',  ( -0.0000000000000000000, -0.0000000000000000000, 1.000000000000000000 ) ) ;
#7490 = LINE ( 'NONE', #610, #9356 ) ;
#7491 = VERTEX_POINT ( 'NONE', #1094 ) ;
#7492 = DIRECTION ( 'NONE',  ( 3.623343611582382000E-015, 0.0000000000000000000, -1.000000000000000000 ) ) ;
#7493 = DIRECTION ( 'NONE',  ( 0.0000000000000000000, 0.0000000000000000000, 1.000000000000000000 ) ) ;
#7494 = ADVANCED_FACE ( 'NONE', ( #3504 ), #10577, .F. ) ;
#7496 = CARTESIAN_POINT ( 'NONE',  ( -0.2975000000000001000, 0.2525000000000000000, 0.01499999999999999900 ) ) ;
#7495 = FACE_OUTER_BOUND ( 'NONE', #5340, .T. ) ;
#7497 = EDGE_LOOP ( 'NONE', ( #7859, #1643, #485, #2237 ) ) ;
#7498 = CARTESIAN_POINT ( 'NONE',  ( -0.1397637795275590600, 0.004804859663680982400, 0.8122440944881890200 ) ) ;
#7499 = ORIENTED_EDGE ( 'NONE', *, *, #5329, .F. ) ;
#7500 = AXIS2_PLACEMENT_3D ( 'NONE', #3339, #5207, #1818 ) ;
#7501 = VECTOR ( 'NONE', #9647, 39.37007874015748100 ) ;
#7502 = EDGE_CURVE ( 'NONE', #4639, #5631, #7787, .T. ) ;
#7503 = EDGE_LOOP ( 'NONE', ( #8918, #1914, #3815, #2062 ) ) ;
#7504 = DIRECTION ( 'NONE',  ( 0.0000000000000000000, 1.000000000000000000, 0.0000000000000000000 ) ) ;
#7505 = DIRECTION ( 'NONE',  ( 0.0000000000000000000, -0.0000000000000000000, 1.000000000000000000 ) ) ;
#7506 = EDGE_CURVE ( 'NONE', #133, #3370, #4443, .T. ) ;
#7507 = VECTOR ( 'NONE', #7120, 39.37007874015748100 ) ;
#7508 = FACE_OUTER_BOUND ( 'NONE', #10000, .T. ) ;
#7509 = LINE ( 'NONE', #10094, #1231 ) ;
#7510 = EDGE_CURVE ( 'NONE', #2347, #7975, #4028, .T. ) ;
#7511 = DIRECTION ( 'NONE',  ( -1.000000000000000000, -0.0000000000000000000, 3.453004075404071100E-015 ) ) ;
#7512 = DIMENSIONAL_EXPONENTS ( 1.000000000000000000, 0.0000000000000000000, 0.0000000000000000000, 0.0000000000000000000, 0.0000000000000000000, 0.0000000000000000000, 0.0000000000000000000 ) ;
#7513 = VECTOR ( 'NONE', #9222, 39.37007874015748100 ) ;
#7514 = DIRECTION ( 'NONE',  ( 0.0000000000000000000, 0.4413750231038433600, -0.8973227340149595400 ) ) ;
#7515 = CARTESIAN_POINT ( 'NONE',  ( -0.3125000000000025000, 0.04959782299446936800, 0.7479635790510822400 ) ) ;
#7516 = LINE ( 'NONE', #5051, #2838 ) ;
#7517 = EDGE_CURVE ( 'NONE', #5137, #3803, #6984, .T. ) ;
#7518 = CYLINDRICAL_SURFACE ( 'NONE', #2366, 0.01500000000000001200 ) ;
#7519 = DIRECTION ( 'NONE',  ( -0.0000000000000000000, 1.000000000000000000, -0.0000000000000000000 ) ) ;
#7520 = VECTOR ( 'NONE', #7138, 39.37007874015748100 ) ;
#7522 = CARTESIAN_POINT ( 'NONE',  ( 0.2974999999999999300, 0.2525000000000000000, 0.004999999999999992300 ) ) ;
#7521 = VECTOR ( 'NONE', #4235, 39.37007874015748100 ) ;
#7523 = DIRECTION ( 'NONE',  ( 0.0000000000000000000, 1.000000000000000000, -0.0000000000000000000 ) ) ;
#7524 = CARTESIAN_POINT ( 'NONE',  ( -1.461507861341100800E-031, -0.3854999999999999000, -1.389844020060765000E-015 ) ) ;
#7525 = CYLINDRICAL_SURFACE ( 'NONE', #5490, 0.009842519685039378600 ) ;
#7526 = LINE ( 'NONE', #1118, #2436 ) ;
#7527 = DIRECTION ( 'NONE',  ( 0.0000000000000000000, -0.0000000000000000000, 1.000000000000000000 ) ) ;
#7528 = DIRECTION ( 'NONE',  ( 0.0000000000000000000, 1.000000000000000000, 0.0000000000000000000 ) ) ;
#7529 = LINE ( 'NONE', #9642, #2049 ) ;
#7530 = EDGE_LOOP ( 'NONE', ( #8258, #147, #6742, #4088 ) ) ;
#7531 = VECTOR ( 'NONE', #1272, 39.37007874015748100 ) ;
#7532 = EDGE_LOOP ( 'NONE', ( #9204, #4506, #10930, #5022 ) ) ;
#7533 = ORIENTED_EDGE ( 'NONE', *, *, #1177, .T. ) ;
#7534 = DIRECTION ( 'NONE',  ( -7.109629533469704300E-017, 3.483718471400136600E-015, 1.000000000000000000 ) ) ;
#7535 = EDGE_CURVE ( 'NONE', #3061, #2534, #8300, .T. ) ;
#7536 = CARTESIAN_POINT ( 'NONE',  ( 0.2975000000000026500, 4.980916133533577400E-015, 0.7214882898114473000 ) ) ;
#7537 = DIRECTION ( 'NONE',  ( -6.829619984160731600E-015, 0.0000000000000000000, 1.000000000000000000 ) ) ;
#7538 = AXIS2_PLACEMENT_3D ( 'NONE', #3038, #4829, #6406 ) ;
#7539 = DIRECTION ( 'NONE',  ( 0.0000000000000000000, 0.0000000000000000000, 1.000000000000000000 ) ) ;
#7540 = ADVANCED_FACE ( 'NONE', ( #10552 ), #10446, .T. ) ;
#7541 = LINE ( 'NONE', #5708, #2739 ) ;
#7542 = CARTESIAN_POINT ( 'NONE',  ( 0.1848425196850392300, -0.2525000000000000600, 0.6878425196850395100 ) ) ;
#7543 = CARTESIAN_POINT ( 'NONE',  ( -0.2717853368598916500, -0.2675000000000027900, 0.8200000000000035000 ) ) ;
#7544 = EDGE_CURVE ( 'NONE', #4568, #2899, #4954, .T. ) ;
#7545 = VECTOR ( 'NONE', #5252, 39.37007874015748100 ) ;
#7546 = CARTESIAN_POINT ( 'NONE',  ( 0.2816278565449313300, -0.2675000000000001300, 0.01499999999999999900 ) ) ;
#7547 = ORIENTED_EDGE ( 'NONE', *, *, #6593, .F. ) ;
#7548 = ORIENTED_EDGE ( 'NONE', *, *, #5003, .F. ) ;
#7549 = EDGE_LOOP ( 'NONE', ( #5487, #5234, #1891, #9580 ) ) ;
#7550 = ORIENTED_EDGE ( 'NONE', *, *, #3017, .F. ) ;
#7551 = FACE_OUTER_BOUND ( 'NONE', #5305, .T. ) ;
#7552 = LINE ( 'NONE', #6005, #3274 ) ;
#7553 = AXIS2_PLACEMENT_3D ( 'NONE', #6467, #4893, #9038 ) ;
#7554 = PLANE ( 'NONE',  #10148 ) ;
#7555 = CARTESIAN_POINT ( 'NONE',  ( -0.2519685039370078700, 0.06541338582677166900, 0.01499999999999999900 ) ) ;
#7556 = ORIENTED_EDGE ( 'NONE', *, *, #8783, .T. ) ;
#7557 = ADVANCED_FACE ( 'NONE', ( #4312 ), #1947, .T. ) ;
#7558 = ORIENTED_EDGE ( 'NONE', *, *, #2692, .T. ) ;
#7559 = VERTEX_POINT ( 'NONE', #7068 ) ;
#7560 = CARTESIAN_POINT ( 'NONE',  ( 0.3164370078740166800, -0.3856102362204703600, 0.2849685039370067300 ) ) ;
#7561 = ORIENTED_EDGE ( 'NONE', *, *, #1245, .F. ) ;
#7562 = CARTESIAN_POINT ( 'NONE',  ( 0.2967928932188134100, 0.2525000000000029400, 0.8349999999999999600 ) ) ;
#7563 = CIRCLE ( 'NONE', #3910, 0.03937007874015750100 ) ;
#7564 = EDGE_LOOP ( 'NONE', ( #9146, #1693, #8767, #2179 ) ) ;
#7565 = VECTOR ( 'NONE', #100, 39.37007874015748100 ) ;
#7566 = DIRECTION ( 'NONE',  ( -6.829619984160731600E-015, 0.0000000000000000000, 1.000000000000000000 ) ) ;
#7567 = ORIENTED_EDGE ( 'NONE', *, *, #10839, .F. ) ;
#7568 = CARTESIAN_POINT ( 'NONE',  ( 0.1751181102362205100, -0.1174558555784520600, 0.8122440944881890200 ) ) ;
#7569 = DIRECTION ( 'NONE',  ( 6.938893903907203100E-015, 0.0000000000000000000, -1.000000000000000000 ) ) ;
#7570 = EDGE_LOOP ( 'NONE', ( #2465, #4096, #8786, #9929 ) ) ;
#7571 = VERTEX_POINT ( 'NONE', #7964 ) ;
#7572 = AXIS2_PLACEMENT_3D ( 'NONE', #10, #6138, #9349 ) ;
#7573 = DIRECTION ( 'NONE',  ( -0.08715574274766170500, -0.0000000000000000000, -0.9961946980917451000 ) ) ;
#7574 = DIRECTION ( 'NONE',  ( -3.623343611582382800E-015, -3.571460140260036800E-015, 1.000000000000000000 ) ) ;
#7575 = EDGE_CURVE ( 'NONE', #7851, #3146, #44, .T. ) ;
#7576 = VERTEX_POINT ( 'NONE', #251 ) ;
#7577 = CARTESIAN_POINT ( 'NONE',  ( 0.08484251968503923900, -0.3855000000000022300, 0.6681574803149606900 ) ) ;
#7578 = CARTESIAN_POINT ( 'NONE',  ( 0.1348425196850393500, -0.3855000000000026200, 0.7878425196850394900 ) ) ;
#7579 = AXIS2_PLACEMENT_3D ( 'NONE', #7059, #7014, #2898 ) ;
#7580 = CARTESIAN_POINT ( 'NONE',  ( -0.3125000000000025000, 0.08784335684306159000, 0.7529635790510822400 ) ) ;
#7581 = CARTESIAN_POINT ( 'NONE',  ( 0.2445122359227436800, -0.3625000000000013800, 0.3670469609432717700 ) ) ;
#7582 = ORIENTED_EDGE ( 'NONE', *, *, #7606, .T. ) ;
#7583 = LINE ( 'NONE', #8333, #8922 ) ;
#7584 = ORIENTED_EDGE ( 'NONE', *, *, #4668, .F. ) ;
#7585 = DIRECTION ( 'NONE',  ( 0.0000000000000000000, -1.000000000000000000, 0.0000000000000000000 ) ) ;
#7586 = PLANE ( 'NONE',  #6192 ) ;
#7587 = CARTESIAN_POINT ( 'NONE',  ( -0.08011811023622049400, -0.2497393201453811900, 0.8122440944881890200 ) ) ;
#7588 = EDGE_CURVE ( 'NONE', #2778, #8029, #2022, .T. ) ;
#7589 = LINE ( 'NONE', #5973, #5325 ) ;
#7590 = ORIENTED_EDGE ( 'NONE', *, *, #9439, .T. ) ;
#7591 = EDGE_CURVE ( 'NONE', #3289, #10729, #973, .T. ) ;
#7592 = ORIENTED_EDGE ( 'NONE', *, *, #4414, .T. ) ;
#7593 = VERTEX_POINT ( 'NONE', #1331 ) ;
#7594 = CARTESIAN_POINT ( 'NONE',  ( 0.2974999999999999300, 0.2525000000000000600, -5.335640612625514100E-018 ) ) ;
#7595 = ADVANCED_FACE ( 'NONE', ( #1764 ), #8098, .T. ) ;
#7596 = FILL_AREA_STYLE ('',( #1660 ) ) ;
#7597 = LINE ( 'NONE', #9771, #6263 ) ;
#7598 = CARTESIAN_POINT ( 'NONE',  ( 0.3125000000000026100, 0.1504527559055176300, 0.7179527559055123300 ) ) ;
#7599 = VERTEX_POINT ( 'NONE', #8857 ) ;
#7600 = DIRECTION ( 'NONE',  ( -0.0000000000000000000, 0.0000000000000000000, -1.000000000000000000 ) ) ;
#7601 = EDGE_CURVE ( 'NONE', #3443, #7883, #2701, .T. ) ;
#7602 = ORIENTED_EDGE ( 'NONE', *, *, #6414, .T. ) ;
#7603 = CARTESIAN_POINT ( 'NONE',  ( 0.06515748031496050600, -0.2525000000000000600, 0.6681574803149606900 ) ) ;
#7604 = LINE ( 'NONE', #9460, #521 ) ;
#7605 = ORIENTED_EDGE ( 'NONE', *, *, #39, .F. ) ;
#7606 = EDGE_CURVE ( 'NONE', #2899, #1410, #6305, .T. ) ;
#7607 = DIRECTION ( 'NONE',  ( -0.0000000000000000000, 1.000000000000000000, -0.0000000000000000000 ) ) ;
#7608 = CARTESIAN_POINT ( 'NONE',  ( 0.03031496062992127300, 0.1522291837916265300, 0.5125280012291644200 ) ) ;
#7609 = PLANE ( 'NONE',  #5486 ) ;
#7610 = ADVANCED_FACE ( 'NONE', ( #10429 ), #2113, .T. ) ;
#7611 = CARTESIAN_POINT ( 'NONE',  ( -0.2975000000000001000, 0.2525000000000000000, 0.009999999999999995000 ) ) ;
#7612 = CARTESIAN_POINT ( 'NONE',  ( -0.2980923226389981500, 0.1454527559055146500, 0.7127832100872321100 ) ) ;
#7613 = EDGE_LOOP ( 'NONE', ( #2084, #10709, #10858, #1606 ) ) ;
#7614 = CARTESIAN_POINT ( 'NONE',  ( 0.2975000000000022600, -0.1219842793760456800, 0.7879635790510847200 ) ) ;
#7615 = EDGE_CURVE ( 'NONE', #27, #7916, #6051, .T. ) ;
#7616 = VECTOR ( 'NONE', #5386, 39.37007874015748100 ) ;
#7617 = ORIENTED_EDGE ( 'NONE', *, *, #9583, .T. ) ;
#7618 = DIRECTION ( 'NONE',  ( 0.0000000000000000000, -3.469446951953613800E-015, 1.000000000000000000 ) ) ;
#7619 =( CONVERSION_BASED_UNIT ( 'INCH', #7853 ) LENGTH_UNIT ( ) NAMED_UNIT ( #6720 ) );
#7620 = EDGE_CURVE ( 'NONE', #5962, #7576, #8157, .T. ) ;
#7621 = PLANE ( 'NONE',  #4456 ) ;
#7622 = ORIENTED_EDGE ( 'NONE', *, *, #5959, .T. ) ;
#7623 = LINE ( 'NONE', #197, #4805 ) ;
#7624 = CARTESIAN_POINT ( 'NONE',  ( 0.3065944881889773300, -0.2438779527559034600, 0.2849685039368462000 ) ) ;
#7625 = PLANE ( 'NONE',  #4046 ) ;
#7626 = FACE_OUTER_BOUND ( 'NONE', #954, .T. ) ;
#7627 = VERTEX_POINT ( 'NONE', #9831 ) ;
#7628 = DIRECTION ( 'NONE',  ( 0.0000000000000000000, 0.0000000000000000000, 1.000000000000000000 ) ) ;
#7629 = CARTESIAN_POINT ( 'NONE',  ( -0.1651574803149606400, -0.2525000000000000600, 0.7878425196850393800 ) ) ;
#7630 = PRESENTATION_STYLE_ASSIGNMENT (( #9941 ) ) ;
#7631 = VERTEX_POINT ( 'NONE', #6345 ) ;
#7632 = CYLINDRICAL_SURFACE ( 'NONE', #1964, 0.06400002813435827500 ) ;
#7633 = LINE ( 'NONE', #85, #5095 ) ;
#7634 = VECTOR ( 'NONE', #5886, 39.37007874015748100 ) ;
#7635 = AXIS2_PLACEMENT_3D ( 'NONE', #5767, #649, #9238 ) ;
#7636 = DIRECTION ( 'NONE',  ( 0.0000000000000000000, -1.000000000000000000, 0.0000000000000000000 ) ) ;
#7637 = DIRECTION ( 'NONE',  ( -0.0000000000000000000, 0.8973227340149595400, 0.4413750231038433600 ) ) ;
#7638 = VECTOR ( 'NONE', #2967, 39.37007874015748100 ) ;
#7639 = DIRECTION ( 'NONE',  ( 0.0000000000000000000, -1.000000000000000000, 0.0000000000000000000 ) ) ;
#7640 = VECTOR ( 'NONE', #9179, 39.37007874015748900 ) ;
#7641 = DIRECTION ( 'NONE',  ( 1.000000000000000000, -0.0000000000000000000, 0.0000000000000000000 ) ) ;
#7642 = CARTESIAN_POINT ( 'NONE',  ( -0.3125000000000027200, 0.1504527559055155700, 0.7179527559055123300 ) ) ;
#7643 = ORIENTED_EDGE ( 'NONE', *, *, #4414, .F. ) ;
#7644 = DIRECTION ( 'NONE',  ( -2.602085213965208300E-015, 0.0000000000000000000, -1.000000000000000000 ) ) ;
#7645 = CARTESIAN_POINT ( 'NONE',  ( 0.2967928932188134100, 0.2525000000000028300, 0.8199999999999999500 ) ) ;
#7646 = VECTOR ( 'NONE', #8695, 39.37007874015748100 ) ;
#7647 = CARTESIAN_POINT ( 'NONE',  ( -0.2816278565449310500, -0.2525000000000000600, 1.576493224244851900 ) ) ;
#7648 = LENGTH_MEASURE_WITH_UNIT ( LENGTH_MEASURE( 0.02539999999999999900 ), #7033 );
#7649 = CARTESIAN_POINT ( 'NONE',  ( -1.461507861341100800E-031, -0.3854999999999999000, -1.389844020060765000E-015 ) ) ;
#7650 = AXIS2_PLACEMENT_3D ( 'NONE', #3805, #4663, #2150 ) ;
#7652 = EDGE_CURVE ( 'NONE', #7571, #4348, #8041, .T. ) ;
#7651 = ADVANCED_FACE ( 'NONE', ( #10947 ), #8062, .F. ) ;
#7653 = PRESENTATION_STYLE_ASSIGNMENT (( #6523 ) ) ;
#7654 = DIRECTION ( 'NONE',  ( -1.000000000000000000, -0.0000000000000000000, -0.0000000000000000000 ) ) ;
#7655 = VECTOR ( 'NONE', #427, 39.37007874015748100 ) ;
#7656 = CARTESIAN_POINT ( 'NONE',  ( 0.2486744556699771700, -0.01332677165354329200, 0.05437007874015750700 ) ) ;
#7657 = EDGE_CURVE ( 'NONE', #10727, #731, #1222, .T. ) ;
#7658 = ORIENTED_EDGE ( 'NONE', *, *, #4836, .T. ) ;
#7659 = LINE ( 'NONE', #479, #1777 ) ;
#7660 = CARTESIAN_POINT ( 'NONE',  ( 0.2249999999999999800, -0.3775000000000013900, 0.4279999999999999400 ) ) ;
#7661 = LINE ( 'NONE', #7315, #850 ) ;
#7662 = DIRECTION ( 'NONE',  ( 1.783999313487422800E-031, -3.412622176065440100E-015, -1.000000000000000000 ) ) ;
#7663 = VECTOR ( 'NONE', #1901, 39.37007874015748100 ) ;
#7664 = LINE ( 'NONE', #3892, #9645 ) ;
#7665 = ADVANCED_FACE ( 'NONE', ( #173 ), #5494, .T. ) ;
#7666 = DIRECTION ( 'NONE',  ( 0.0000000000000000000, 1.000000000000000000, 0.0000000000000000000 ) ) ;
#7667 = DIRECTION ( 'NONE',  ( 0.7071067811865479100, -0.0000000000000000000, 0.7071067811865470200 ) ) ;
#7668 = EDGE_CURVE ( 'NONE', #4659, #10290, #10302, .T. ) ;
#7669 = CARTESIAN_POINT ( 'NONE',  ( 0.7909457491260202300, 0.1454527559055146500, 0.1987165801646096400 ) ) ;
#7670 = CARTESIAN_POINT ( 'NONE',  ( -0.3014269908169873200, 0.2523821488698021500, -9.003893533805555200E-018 ) ) ;
#7671 = VECTOR ( 'NONE', #6585, 39.37007874015748100 ) ;
#7672 = VECTOR ( 'NONE', #10220, 39.37007874015748100 ) ;
#7673 = CARTESIAN_POINT ( 'NONE',  ( -0.2975000000000025400, 0.1087205899187654700, 0.7479635790510822400 ) ) ;
#7674 = VECTOR ( 'NONE', #1709, 39.37007874015748100 ) ;
#7675 = CARTESIAN_POINT ( 'NONE',  ( -0.01515748031496071300, -0.2525000000000000600, 0.6878425196850395100 ) ) ;
#7676 = EDGE_LOOP ( 'NONE', ( #7480, #2679, #7900, #10726 ) ) ;
#7677 = DIRECTION ( 'NONE',  ( -3.623343611582382800E-015, 0.0000000000000000000, -1.000000000000000000 ) ) ;
#7678 = B_SPLINE_CURVE_WITH_KNOTS ( 'NONE', 3,
 ( #3495, #2545, #9447, #960, #1622, #7594 ),
 .UNSPECIFIED., .F., .F.,
 ( 4, 2, 4 ),
 ( 0.0000000000000000000, 0.5000000000000000000, 1.000000000000000000 ),
 .UNSPECIFIED. ) ;
#7679 = EDGE_LOOP ( 'NONE', ( #4294, #1383, #3596, #2932 ) ) ;
#7680 = ORIENTED_EDGE ( 'NONE', *, *, #5644, .F. ) ;
#7681 = ORIENTED_EDGE ( 'NONE', *, *, #8077, .T. ) ;
#7682 = EDGE_CURVE ( 'NONE', #7722, #8907, #8724, .T. ) ;
#7683 = CARTESIAN_POINT ( 'NONE',  ( -0.3075000000000001100, 0.2520285954792089200, 0.009764012244016984400 ) ) ;
#7684 =( NAMED_UNIT ( * ) PLANE_ANGLE_UNIT ( ) SI_UNIT ( $, .RADIAN. ) );
#7685 = ORIENTED_EDGE ( 'NONE', *, *, #1955, .F. ) ;
#7686 = DIRECTION ( 'NONE',  ( -1.000000000000000000, -1.458800866809831600E-016, 0.0000000000000000000 ) ) ;
#7687 = DIMENSIONAL_EXPONENTS ( 1.000000000000000000, 0.0000000000000000000, 0.0000000000000000000, 0.0000000000000000000, 0.0000000000000000000, 0.0000000000000000000, 0.0000000000000000000 ) ;
#7688 = DIRECTION ( 'NONE',  ( -0.0000000000000000000, 1.000000000000000000, 0.0000000000000000000 ) ) ;
#7689 = LINE ( 'NONE', #8673, #5288 ) ;
#7690 = CARTESIAN_POINT ( 'NONE',  ( 0.2974999999999999300, 0.2524999999999998900, 0.01499999999999999900 ) ) ;
#7691 = DIRECTION ( 'NONE',  ( -1.000000000000000000, -2.385472965096935500E-016, -3.441691376337984500E-015 ) ) ;
#7692 = CIRCLE ( 'NONE', #9910, 0.004999999999999946300 ) ;
#7693 = PLANE ( 'NONE',  #2201 ) ;
#7694 = EDGE_CURVE ( 'NONE', #8850, #5875, #6690, .T. ) ;
#7695 = CARTESIAN_POINT ( 'NONE',  ( -0.3125000000000023900, 0.09284335684306160900, 0.7690197545653728600 ) ) ;
#7696 = PRESENTATION_LAYER_ASSIGNMENT (  '', '', ( #9598 ) ) ;
#7697 = ORIENTED_EDGE ( 'NONE', *, *, #4523, .F. ) ;
#7698 = PLANE ( 'NONE',  #9629 ) ;
#7699 = ORIENTED_EDGE ( 'NONE', *, *, #8943, .F. ) ;
#7700 = ORIENTED_EDGE ( 'NONE', *, *, #2787, .F. ) ;
#7701 = CARTESIAN_POINT ( 'NONE',  ( 0.1751181102362205100, -0.1855660917989245000, 0.8122440944881890200 ) ) ;
#7702 = ORIENTED_EDGE ( 'NONE', *, *, #10834, .T. ) ;
#7703 = CARTESIAN_POINT ( 'NONE',  ( 0.3125000000000022800, 0.2525000000000033300, 0.3396922742592156700 ) ) ;
#7704 = FACE_OUTER_BOUND ( 'NONE', #7003, .T. ) ;
#7706 = EDGE_CURVE ( 'NONE', #2944, #7823, #1892, .T. ) ;
#7705 = ORIENTED_EDGE ( 'NONE', *, *, #869, .T. ) ;
#7707 = CARTESIAN_POINT ( 'NONE',  ( 0.2417957872900946000, 0.04459782299446947400, 0.7690197545653725300 ) ) ;
#7708 = ORIENTED_EDGE ( 'NONE', *, *, #10583, .F. ) ;
#7709 = ORIENTED_EDGE ( 'NONE', *, *, #2653, .F. ) ;
#7710 = EDGE_LOOP ( 'NONE', ( #8268, #9489, #7036, #9106 ) ) ;
#7711 = DIRECTION ( 'NONE',  ( 1.000000000000000000, -0.0000000000000000000, -0.0000000000000000000 ) ) ;
#7712 = VERTEX_POINT ( 'NONE', #8165 ) ;
#7713 = AXIS2_PLACEMENT_3D ( 'NONE', #7165, #9640, #8790 ) ;
#7714 = CARTESIAN_POINT ( 'NONE',  ( 0.2970285954792089000, 0.2575000000000000100, 0.01238200612200849300 ) ) ;
#7715 = ORIENTED_EDGE ( 'NONE', *, *, #2885, .F. ) ;
#7716 = VECTOR ( 'NONE', #1537, 39.37007874015748100 ) ;
#7717 = DIRECTION ( 'NONE',  ( -0.0000000000000000000, -1.000000000000000000, -0.0000000000000000000 ) ) ;
#7718 = ORIENTED_EDGE ( 'NONE', *, *, #4158, .F. ) ;
#7719 = DIRECTION ( 'NONE',  ( 1.000000000000000000, -0.0000000000000000000, 0.0000000000000000000 ) ) ;
#7720 = VECTOR ( 'NONE', #10042, 39.37007874015748100 ) ;
#7721 = ORIENTED_EDGE ( 'NONE', *, *, #6455, .T. ) ;
#7722 = VERTEX_POINT ( 'NONE', #2148 ) ;
#7723 = DIRECTION ( 'NONE',  ( 0.0000000000000000000, 0.0000000000000000000, 1.000000000000000000 ) ) ;
#7724 = VERTEX_POINT ( 'NONE', #4662 ) ;
#7725 = CARTESIAN_POINT ( 'NONE',  ( 0.2519685039370078700, 0.06541338582677168300, 0.01499999999999999900 ) ) ;
#7726 = DIRECTION ( 'NONE',  ( 0.0000000000000000000, 1.000000000000000000, 0.0000000000000000000 ) ) ;
#7727 = MANIFOLD_SOLID_BREP ( 'Boss-Extrude4[5]', #4084 ) ;
#7728 = CARTESIAN_POINT ( 'NONE',  ( -0.05472440944881888600, 0.1522291837916265600, 0.4674415849128674100 ) ) ;
#7729 = AXIS2_PLACEMENT_3D ( 'NONE', #10030, #8177, #558 ) ;
#7730 = LINE ( 'NONE', #8734, #8381 ) ;
#7731 = EDGE_LOOP ( 'NONE', ( #8039, #6981, #6156, #9434 ) ) ;
#7732 = DIRECTION ( 'NONE',  ( -0.0000000000000000000, 0.7071067811865473500, 0.7071067811865476800 ) ) ;
#7733 = PLANE ( 'NONE',  #1178 ) ;
#7734 = EDGE_CURVE ( 'NONE', #648, #5971, #3882, .T. ) ;
#7735 = CARTESIAN_POINT ( 'NONE',  ( 0.2445122359226496700, -0.3775000000000015600, 0.4729474459236632800 ) ) ;
#7736 = DIRECTION ( 'NONE',  ( 3.623343611582382000E-015, -0.0000000000000000000, 1.000000000000000000 ) ) ;
#7737 = ADVANCED_FACE ( 'NONE', ( #1468, #161, #8967 ), #1438, .F. ) ;
#7738 = DIRECTION ( 'NONE',  ( 0.0000000000000000000, -3.469446951953613800E-015, 1.000000000000000000 ) ) ;
#7739 = CARTESIAN_POINT ( 'NONE',  ( -0.2054877305345533300, -0.3292332339593324600, 0.4969796587930384600 ) ) ;
#7740 = EDGE_CURVE ( 'NONE', #5479, #305, #7102, .T. ) ;
#7741 = CARTESIAN_POINT ( 'NONE',  ( -0.2975000000000023700, 0.2525000000000028900, 0.8200000000000001700 ) ) ;
#7742 = LINE ( 'NONE', #2925, #3981 ) ;
#7743 = LINE ( 'NONE', #1949, #8127 ) ;
#7744 = DIRECTION ( 'NONE',  ( 0.0000000000000000000, -1.000000000000000000, 0.0000000000000000000 ) ) ;
#7745 = AXIS2_PLACEMENT_3D ( 'NONE', #2563, #10134, #8475 ) ;
#7746 = DIRECTION ( 'NONE',  ( -0.0000000000000000000, -0.0000000000000000000, 1.000000000000000000 ) ) ;
#7747 = EDGE_CURVE ( 'NONE', #7399, #6355, #9213, .T. ) ;
#7748 = ORIENTED_EDGE ( 'NONE', *, *, #3950, .F. ) ;
#7749 = DIRECTION ( 'NONE',  ( 1.000000000000000000, 0.0000000000000000000, 1.040834085586076100E-014 ) ) ;
#7750 = CARTESIAN_POINT ( 'NONE',  ( 0.2972642977396044400, 0.2525000000000000000, 0.01499999999999999900 ) ) ;
#7751 = LINE ( 'NONE', #7017, #2802 ) ;
#7752 = ORIENTED_EDGE ( 'NONE', *, *, #195, .T. ) ;
#7753 = ORIENTED_EDGE ( 'NONE', *, *, #6203, .T. ) ;
#7754 = DIRECTION ( 'NONE',  ( 1.751623080406021700E-046, -6.989579379510787500E-015, -1.000000000000000000 ) ) ;
#7755 = CARTESIAN_POINT ( 'NONE',  ( -0.2519685039370078700, -0.01332677165354330000, 0.01499999999999999900 ) ) ;
#7756 = DIRECTION ( 'NONE',  ( -1.000000000000000000, 0.0000000000000000000, 0.0000000000000000000 ) ) ;
#7757 =( GEOMETRIC_REPRESENTATION_CONTEXT ( 3 ) GLOBAL_UNCERTAINTY_ASSIGNED_CONTEXT ( ( #5694 ) ) GLOBAL_UNIT_ASSIGNED_CONTEXT ( ( #9236, #4014, #6583 ) ) REPRESENTATION_CONTEXT ( 'NONE', 'WORKASPACE' ) );
#7758 = ORIENTED_EDGE ( 'NONE', *, *, #6953, .F. ) ;
#7759 = CARTESIAN_POINT ( 'NONE',  ( -0.1151574803149606800, -0.5313388496530164800, 0.6681574803149606900 ) ) ;
#7760 = CARTESIAN_POINT ( 'NONE',  ( -6.829619984160658000E-017, 0.2525000000000000600, 0.01499999999999999900 ) ) ;
#7761 = DIRECTION ( 'NONE',  ( 0.0000000000000000000, 0.0000000000000000000, -1.000000000000000000 ) ) ;
#7762 = FACE_OUTER_BOUND ( 'NONE', #9076, .T. ) ;
#7763 = ORIENTED_EDGE ( 'NONE', *, *, #1881, .F. ) ;
#7764 = EDGE_CURVE ( 'NONE', #2323, #1277, #9874, .T. ) ;
#7765 = PRESENTATION_LAYER_ASSIGNMENT (  '', '', ( #9659 ) ) ;
#7766 = DIRECTION ( 'NONE',  ( 1.000000000000000000, -2.445324437263313000E-029, 6.938893903907203100E-015 ) ) ;
#7767 =( NAMED_UNIT ( * ) PLANE_ANGLE_UNIT ( ) SI_UNIT ( $, .RADIAN. ) );
#7768 = EDGE_LOOP ( 'NONE', ( #8356, #346, #4485, #96 ) ) ;
#7769 = EDGE_LOOP ( 'NONE', ( #8344, #2889, #3300, #9723 ) ) ;
#7770 = LINE ( 'NONE', #10776, #9996 ) ;
#7771 = EDGE_CURVE ( 'NONE', #10794, #5757, #9615, .T. ) ;
#7772 = CARTESIAN_POINT ( 'NONE',  ( 0.3125000000000010500, -0.2438779527559034600, 0.2928425196850381600 ) ) ;
#7773 = CARTESIAN_POINT ( 'NONE',  ( -0.3125000000000025000, 0.02872058991876547500, 0.7479635790510822400 ) ) ;
#7774 = ORIENTED_EDGE ( 'NONE', *, *, #1945, .T. ) ;
#7776 = CARTESIAN_POINT ( 'NONE',  ( 0.2974999999999999300, 0.2517928932188134800, 0.01499999999999999900 ) ) ;
#7775 = CYLINDRICAL_SURFACE ( 'NONE', #2096, 0.05437007874015750000 ) ;
#7777 = ORIENTED_EDGE ( 'NONE', *, *, #6556, .T. ) ;
#7778 = DIRECTION ( 'NONE',  ( 0.0000000000000000000, -1.000000000000000000, 0.0000000000000000000 ) ) ;
#7779 = VERTEX_POINT ( 'NONE', #1300 ) ;
#7780 = CARTESIAN_POINT ( 'NONE',  ( -0.2967928932188134700, 0.2525000000000012200, 0.3396922742592157200 ) ) ;
#7781 = AXIS2_PLACEMENT_3D ( 'NONE', #6271, #1744, #9448 ) ;
#7782 = DIRECTION ( 'NONE',  ( 0.0000000000000000000, 1.000000000000000000, 0.0000000000000000000 ) ) ;
#7783 = SURFACE_STYLE_FILL_AREA ( #6665 ) ;
#7784 = ORIENTED_EDGE ( 'NONE', *, *, #4233, .F. ) ;
#7785 = ORIENTED_EDGE ( 'NONE', *, *, #6729, .T. ) ;
#7786 = CARTESIAN_POINT ( 'NONE',  ( 0.1153543307086614100, 0.1522291837916265300, 0.5125280012291644200 ) ) ;
#7787 = LINE ( 'NONE', #8796, #3217 ) ;
#7788 = ORIENTED_EDGE ( 'NONE', *, *, #8376, .T. ) ;
#7789 = PLANE ( 'NONE',  #423 ) ;
#7790 = ADVANCED_FACE ( 'NONE', ( #3360 ), #5704, .F. ) ;
#7791 = PLANE ( 'NONE',  #2234 ) ;
#7792 = VECTOR ( 'NONE', #3586, 39.37007874015748100 ) ;
#7793 = DIRECTION ( 'NONE',  ( 1.000000000000000000, 0.0000000000000000000, -0.0000000000000000000 ) ) ;
#7794 = CYLINDRICAL_SURFACE ( 'NONE', #2597, 0.06400002813435827500 ) ;
#7795 = CARTESIAN_POINT ( 'NONE',  ( -0.2967928932188135200, 0.2454289321881376300, 0.8349999999999999600 ) ) ;
#7796 = VECTOR ( 'NONE', #5978, 39.37007874015748100 ) ;
#7797 = DIRECTION ( 'NONE',  ( 1.000000000000000000, 2.385472965096936000E-016, 3.441691376337984900E-015 ) ) ;
#7798 = AXIS2_PLACEMENT_3D ( 'NONE', #3716, #3784, #7123 ) ;
#7799 = FACE_OUTER_BOUND ( 'NONE', #950, .T. ) ;
#7800 = MANIFOLD_SOLID_BREP ( 'Boss-Extrude4[4]', #4621 ) ;
#7801 = DIRECTION ( 'NONE',  ( 0.0000000000000000000, 0.0000000000000000000, -1.000000000000000000 ) ) ;
#7802 = VERTEX_POINT ( 'NONE', #4992 ) ;
#7803 = FACE_OUTER_BOUND ( 'NONE', #7228, .T. ) ;
#7804 = DIRECTION ( 'NONE',  ( 3.414809992080319300E-015, 0.0000000000000000000, -1.000000000000000000 ) ) ;
#7805 = CARTESIAN_POINT ( 'NONE',  ( 0.2925000000000022600, 0.1454527559055146000, 0.6900912614787637600 ) ) ;
#7806 = DIRECTION ( 'NONE',  ( -1.000000000000000000, -1.458800866809831900E-016, 3.623343611582382000E-015 ) ) ;
#7807 = FILL_AREA_STYLE ('',( #374 ) ) ;
#7808 = LINE ( 'NONE', #10681, #5512 ) ;
#7809 = VECTOR ( 'NONE', #10142, 39.37007874015748100 ) ;
#7810 = DIRECTION ( 'NONE',  ( -1.000000000000000000, 0.0000000000000000000, 0.0000000000000000000 ) ) ;
#7811 = CARTESIAN_POINT ( 'NONE',  ( 0.2696850393700787600, 0.1719142231617053800, 0.01499999999999999900 ) ) ;
#7812 = DIRECTION ( 'NONE',  ( 1.000000000000000000, 0.0000000000000000000, 3.498098040667654100E-015 ) ) ;
#7813 = B_SPLINE_CURVE_WITH_KNOTS ( 'NONE', 3,
 ( #8358, #4907, #692, #621, #8397, #9196 ),
 .UNSPECIFIED., .F., .F.,
 ( 4, 2, 4 ),
 ( 0.0000000000000000000, 0.5000000000000000000, 1.000000000000000000 ),
 .UNSPECIFIED. ) ;
#7814 = FACE_OUTER_BOUND ( 'NONE', #2184, .T. ) ;
#7815 = EDGE_CURVE ( 'NONE', #5975, #10624, #9353, .T. ) ;
#7816 = VECTOR ( 'NONE', #6708, 39.37007874015748100 ) ;
#7817 = CARTESIAN_POINT ( 'NONE',  ( 0.2974999999999999300, 0.2525000000000000600, -5.335640612625514100E-018 ) ) ;
#7818 = LINE ( 'NONE', #4588, #6331 ) ;
#7819 = VERTEX_POINT ( 'NONE', #547 ) ;
#7820 = DIRECTION ( 'NONE',  ( -1.000000000000000000, 0.0000000000000000000, 3.441691376337984900E-015 ) ) ;
#7821 = AXIS2_PLACEMENT_3D ( 'NONE', #1428, #7406, #1390 ) ;
#7822 = ORIENTED_EDGE ( 'NONE', *, *, #2835, .F. ) ;
#7823 = VERTEX_POINT ( 'NONE', #9117 ) ;
#7824 = CYLINDRICAL_SURFACE ( 'NONE', #4516, 0.02000000000000005900 ) ;
#7825 = FACE_OUTER_BOUND ( 'NONE', #5709, .T. ) ;
#7826 = CARTESIAN_POINT ( 'NONE',  ( -0.2966278565449310700, 0.04459782299446937000, 0.7690197545653728600 ) ) ;
#7827 = DIRECTION ( 'NONE',  ( -1.000000000000000000, 0.0000000000000000000, 0.0000000000000000000 ) ) ;
#7828 = AXIS2_PLACEMENT_3D ( 'NONE', #1593, #3434, #6700 ) ;
#7829 = VECTOR ( 'NONE', #963, 39.37007874015748100 ) ;
#7830 = ORIENTED_EDGE ( 'NONE', *, *, #779, .T. ) ;
#7831 = ORIENTED_EDGE ( 'NONE', *, *, #9295, .T. ) ;
#7832 = PLANE ( 'NONE',  #1493 ) ;
#7833 = ORIENTED_EDGE ( 'NONE', *, *, #381, .F. ) ;
#7834 = EDGE_CURVE ( 'NONE', #9397, #3574, #10002, .T. ) ;
#7835 = CARTESIAN_POINT ( 'NONE',  ( -0.2874857209212000100, -0.2515000000000000600, 0.7021766083694339600 ) ) ;
#7836 = DIRECTION ( 'NONE',  ( 0.0000000000000000000, 1.000000000000000000, 0.0000000000000000000 ) ) ;
#7837 = ORIENTED_EDGE ( 'NONE', *, *, #10068, .F. ) ;
#7838 = ORIENTED_EDGE ( 'NONE', *, *, #4922, .F. ) ;
#7839 = CARTESIAN_POINT ( 'NONE',  ( -0.2094541919655777400, 0.06541338582677164200, 0.05093875028552515700 ) ) ;
#7840 = LINE ( 'NONE', #9348, #9786 ) ;
#7841 = ORIENTED_EDGE ( 'NONE', *, *, #5526, .T. ) ;
#7842 = FACE_OUTER_BOUND ( 'NONE', #8659, .T. ) ;
#7843 = DIRECTION ( 'NONE',  ( 0.0000000000000000000, 1.000000000000000000, -0.0000000000000000000 ) ) ;
#7844 = EDGE_CURVE ( 'NONE', #1071, #86, #4558, .T. ) ;
#7845 = VERTEX_POINT ( 'NONE', #6594 ) ;
#7846 = CARTESIAN_POINT ( 'NONE',  ( 0.2975000000000021500, 0.2675000000000049000, 0.8199999999999999500 ) ) ;
#7847 = VERTEX_POINT ( 'NONE', #5771 ) ;
#7848 = ORIENTED_EDGE ( 'NONE', *, *, #3070, .F. ) ;
#7849 = CARTESIAN_POINT ( 'NONE',  ( -0.2967928932188135200, 0.2675000000000000700, 0.01499999999999994700 ) ) ;
#7850 = DIRECTION ( 'NONE',  ( -1.000000000000000000, 0.0000000000000000000, 3.498098040667654100E-015 ) ) ;
#7851 = VERTEX_POINT ( 'NONE', #3233 ) ;
#7852 = ORIENTED_EDGE ( 'NONE', *, *, #2298, .T. ) ;
#7853 = LENGTH_MEASURE_WITH_UNIT ( LENGTH_MEASURE( 0.02539999999999999900 ), #5829 );
#7854 = DIRECTION ( 'NONE',  ( -0.9961946980917452100, 0.0000000000000000000, 0.08715574274766171900 ) ) ;
#7855 = EDGE_CURVE ( 'NONE', #1084, #9400, #7350, .T. ) ;
#7856 =( NAMED_UNIT ( * ) SI_UNIT ( $, .STERADIAN. ) SOLID_ANGLE_UNIT ( ) );
#7857 = CARTESIAN_POINT ( 'NONE',  ( -0.2975000000000023200, 0.2675000000000029000, 0.8199999999999999500 ) ) ;
#7858 = ORIENTED_EDGE ( 'NONE', *, *, #3594, .T. ) ;
#7859 = ORIENTED_EDGE ( 'NONE', *, *, #7110, .T. ) ;
#7860 = ORIENTED_EDGE ( 'NONE', *, *, #5044, .F. ) ;
#7861 = DIRECTION ( 'NONE',  ( -3.441691376337984100E-015, 0.0000000000000000000, 1.000000000000000000 ) ) ;
#7862 = EDGE_CURVE ( 'NONE', #2594, #3553, #8578, .T. ) ;
#7863 = EDGE_LOOP ( 'NONE', ( #4759, #3611, #7547 ) ) ;
#7864 = CARTESIAN_POINT ( 'NONE',  ( 0.1651574803149606600, -0.5313388496530164800, 0.6681574803149605800 ) ) ;
#7865 = DIRECTION ( 'NONE',  ( 1.468979316882750500E-016, -1.000000000000000000, 7.051100721037203400E-015 ) ) ;
#7866 = ORIENTED_EDGE ( 'NONE', *, *, #7086, .T. ) ;
#7867 = DIRECTION ( 'NONE',  ( 0.0000000000000000000, 1.000000000000000000, -0.0000000000000000000 ) ) ;
#7868 = ADVANCED_FACE ( 'NONE', ( #2396 ), #1754, .T. ) ;
#7869 = VECTOR ( 'NONE', #7514, 39.37007874015748100 ) ;
#7870 = EDGE_LOOP ( 'NONE', ( #7157, #4278, #5990, #4941 ) ) ;
#7871 = DIRECTION ( 'NONE',  ( 3.441691376337984900E-015, 9.880952548175142300E-017, -1.000000000000000000 ) ) ;
#7872 = MECHANICAL_DESIGN_GEOMETRIC_PRESENTATION_REPRESENTATION (  '', ( #7413 ), #11046 ) ;
#7873 = PLANE ( 'NONE',  #2556 ) ;
#7874 = CARTESIAN_POINT ( 'NONE',  ( -0.2966278565449310700, -0.1428615124517496100, 0.7740197545653726400 ) ) ;
#7875 = CARTESIAN_POINT ( 'NONE',  ( 0.2975000000000023700, -0.1219842793760456800, 0.7479635790510845700 ) ) ;
#7876 = CARTESIAN_POINT ( 'NONE',  ( 0.2975000000000009900, -0.3856102362204703600, 0.2829999999999989700 ) ) ;
#7877 = VECTOR ( 'NONE', #10127, 39.37007874015748100 ) ;
#7878 = EDGE_LOOP ( 'NONE', ( #2697, #6389, #2086, #6369, #8279, #1612, #9441, #2590 ) ) ;
#7879 = CARTESIAN_POINT ( 'NONE',  ( -0.1151574803149606800, -0.5313388496530164800, 0.6878425196850395100 ) ) ;
#7880 = DIRECTION ( 'NONE',  ( 0.0000000000000000000, 1.000000000000000000, -7.051100721037203400E-015 ) ) ;
#7881 = ADVANCED_FACE ( 'NONE', ( #6293 ), #9736, .T. ) ;
#7882 = VERTEX_POINT ( 'NONE', #2365 ) ;
#7883 = VERTEX_POINT ( 'NONE', #3277 ) ;
#7884 = EDGE_CURVE ( 'NONE', #8620, #6722, #2943, .T. ) ;
#7885 = VECTOR ( 'NONE', #5397, 39.37007874015748100 ) ;
#7886 = LINE ( 'NONE', #1911, #3602 ) ;
#7887 = CARTESIAN_POINT ( 'NONE',  ( 0.2519685039370078700, -0.1324212598425196500, 0.01499999999999999900 ) ) ;
#7888 = VERTEX_POINT ( 'NONE', #773 ) ;
#7889 = EDGE_CURVE ( 'NONE', #8725, #2104, #3747, .T. ) ;
#7890 = FILL_AREA_STYLE ('',( #8 ) ) ;
#7891 = CARTESIAN_POINT ( 'NONE',  ( 0.2974999999999999300, 0.0000000000000000000, 0.01499999999999999900 ) ) ;
#7892 = VERTEX_POINT ( 'NONE', #4227 ) ;
#7893 = PLANE ( 'NONE',  #10718 ) ;
#7894 = LINE ( 'NONE', #10106, #9987 ) ;
#7895 = VERTEX_POINT ( 'NONE', #7578 ) ;
#7896 = EDGE_CURVE ( 'NONE', #5366, #9274, #1210, .T. ) ;
#7897 = EDGE_CURVE ( 'NONE', #10066, #9727, #4433, .T. ) ;
#7898 = CARTESIAN_POINT ( 'NONE',  ( -0.1949240715574873100, -0.01332677165354330000, 0.2170187865154117300 ) ) ;
#7899 = ORIENTED_EDGE ( 'NONE', *, *, #3672, .F. ) ;
#7900 = ORIENTED_EDGE ( 'NONE', *, *, #5107, .T. ) ;
#7901 = DIRECTION ( 'NONE',  ( 0.0000000000000000000, 9.880952548175059700E-017, -1.000000000000000000 ) ) ;
#7902 = CIRCLE ( 'NONE', #5533, 0.02000000000000005900 ) ;
#7903 = ORIENTED_EDGE ( 'NONE', *, *, #6298, .T. ) ;
#7904 = EDGE_CURVE ( 'NONE', #10965, #227, #7485, .T. ) ;
#7905 = CARTESIAN_POINT ( 'NONE',  ( -0.2966278565449283500, -0.2515000000000000000, -0.005498733049304680600 ) ) ;
#7906 = DIRECTION ( 'NONE',  ( -0.5773502691896259500, -0.5773502691896259500, -0.5773502691896251800 ) ) ;
#7907 = PLANE ( 'NONE',  #4209 ) ;
#7908 = VERTEX_POINT ( 'NONE', #10213 ) ;
#7909 = TOROIDAL_SURFACE ( 'NONE', #845, 0.001968503937007821500, 0.009842519685039369900 ) ;
#7910 = EDGE_CURVE ( 'NONE', #7724, #2803, #3496, .T. ) ;
#7911 = AXIS2_PLACEMENT_3D ( 'NONE', #3188, #4905, #4105 ) ;
#7912 = PLANE ( 'NONE',  #434 ) ;
#7913 = LINE ( 'NONE', #6162, #4438 ) ;
#7914 = VERTEX_POINT ( 'NONE', #6751 ) ;
#7915 = ADVANCED_FACE ( 'NONE', ( #7218 ), #1677, .F. ) ;
#7916 = VERTEX_POINT ( 'NONE', #738 ) ;
#7917 = EDGE_CURVE ( 'NONE', #9836, #7593, #2130, .T. ) ;
#7918 = DIRECTION ( 'NONE',  ( -1.000000000000000000, -1.458800866809831900E-016, 3.623343611582382000E-015 ) ) ;
#7919 = VECTOR ( 'NONE', #4268, 39.37007874015748100 ) ;
#7920 = DIRECTION ( 'NONE',  ( 0.0000000000000000000, -0.0000000000000000000, 1.000000000000000000 ) ) ;
#7921 = VECTOR ( 'NONE', #7309, 39.37007874015748100 ) ;
#7922 = DIRECTION ( 'NONE',  ( 0.0000000000000000000, 1.000000000000000000, 0.0000000000000000000 ) ) ;
#7923 = FACE_OUTER_BOUND ( 'NONE', #10666, .T. ) ;
#7924 = DIRECTION ( 'NONE',  ( 0.0000000000000000000, 0.0000000000000000000, -1.000000000000000000 ) ) ;
#7925 = LINE ( 'NONE', #6728, #3076 ) ;
#7926 = AXIS2_PLACEMENT_3D ( 'NONE', #10152, #919, #243 ) ;
#7927 = EDGE_LOOP ( 'NONE', ( #1728, #1403, #5711, #3785 ) ) ;
#7928 = CARTESIAN_POINT ( 'NONE',  ( 0.09842519685039370600, -0.2322769844133475100, 0.0000000000000000000 ) ) ;
#7929 = ADVANCED_FACE ( 'NONE', ( #4940 ), #5921, .F. ) ;
#7930 = CARTESIAN_POINT ( 'NONE',  ( 0.1153543307086614100, 0.004804859663680982400, 0.8122440944881890200 ) ) ;
#7931 = FACE_OUTER_BOUND ( 'NONE', #6510, .T. ) ;
#7932 = CIRCLE ( 'NONE', #2755, 0.004999999999999946300 ) ;
#7933 = DIRECTION ( 'NONE',  ( -0.0000000000000000000, 1.000000000000000000, -0.0000000000000000000 ) ) ;
#7934 = CARTESIAN_POINT ( 'NONE',  ( 0.1153543307086614100, 0.1522291837916265600, 0.4674415849128674100 ) ) ;
#7935 = ORIENTED_EDGE ( 'NONE', *, *, #10365, .T. ) ;
#7936 = CARTESIAN_POINT ( 'NONE',  ( -0.2975000000000023700, -0.2515000000000000000, 0.8350000000000035200 ) ) ;
#7937 = FACE_OUTER_BOUND ( 'NONE', #1956, .T. ) ;
#7938 = VECTOR ( 'NONE', #572, 39.37007874015748100 ) ;
#7939 = AXIS2_PLACEMENT_3D ( 'NONE', #9675, #6368, #7193 ) ;
#7940 = CARTESIAN_POINT ( 'NONE',  ( 0.0000000000000000000, 0.2426574803149606500, 0.01499999999999999900 ) ) ;
#7941 = EDGE_CURVE ( 'NONE', #6083, #4629, #10658, .T. ) ;
#7942 = LINE ( 'NONE', #7075, #4587 ) ;
#7943 = CARTESIAN_POINT ( 'NONE',  ( -0.2500000000000000000, -0.1174558555784520800, 0.03468503937007873200 ) ) ;
#7944 = FACE_OUTER_BOUND ( 'NONE', #8336, .T. ) ;
#7945 = LINE ( 'NONE', #5244, #5650 ) ;
#7946 = AXIS2_PLACEMENT_3D ( 'NONE', #9346, #7850, #9533 ) ;
#7947 = LINE ( 'NONE', #1514, #10046 ) ;
#7948 = CARTESIAN_POINT ( 'NONE',  ( -0.2975000000000027100, 4.869977466644491000E-015, 0.7214882898114450800 ) ) ;
#7949 = LINE ( 'NONE', #4269, #7816 ) ;
#7950 = VECTOR ( 'NONE', #7147, 39.37007874015748100 ) ;
#7951 = CARTESIAN_POINT ( 'NONE',  ( 0.2249999999999999800, -0.3275000000000012900, 0.4279999999999999400 ) ) ;
#7952 = ORIENTED_EDGE ( 'NONE', *, *, #195, .F. ) ;
#7953 = EDGE_LOOP ( 'NONE', ( #7833, #8104, #3702, #5019 ) ) ;
#7954 = VERTEX_POINT ( 'NONE', #767 ) ;
#7955 = DIRECTION ( 'NONE',  ( 0.0000000000000000000, -1.000000000000000000, 0.0000000000000000000 ) ) ;
#7956 = EDGE_CURVE ( 'NONE', #1040, #3497, #6733, .T. ) ;
#7957 = ORIENTED_EDGE ( 'NONE', *, *, #1864, .T. ) ;
#7958 = CARTESIAN_POINT ( 'NONE',  ( 0.05314960629921262200, 0.3255628348940304800, 0.1601378170038762200 ) ) ;
#7959 = LINE ( 'NONE', #8001, #5671 ) ;
#7960 = DIRECTION ( 'NONE',  ( -1.000000000000000000, -6.982962677686267500E-015, 2.406025760924086600E-029 ) ) ;
#7961 = VERTEX_POINT ( 'NONE', #8303 ) ;
#7962 = ORIENTED_EDGE ( 'NONE', *, *, #4404, .T. ) ;
#7963 = ORIENTED_EDGE ( 'NONE', *, *, #9226, .T. ) ;
#7964 = CARTESIAN_POINT ( 'NONE',  ( -0.3125000000000025500, -0.2515000000000000000, 0.7214882898114441900 ) ) ;
#7965 = ADVANCED_FACE ( 'NONE', ( #4478 ), #4095, .F. ) ;
#7966 = CARTESIAN_POINT ( 'NONE',  ( 0.1848425196850392300, -0.3855000000000022300, 0.6681574803149605800 ) ) ;
#7967 = ORIENTED_EDGE ( 'NONE', *, *, #4189, .T. ) ;
#7968 = PLANE ( 'NONE',  #5364 ) ;
#7969 = AXIS2_PLACEMENT_3D ( 'NONE', #3834, #2936, #478 ) ;
#7970 = VECTOR ( 'NONE', #83, 39.37007874015748100 ) ;
#7971 = VERTEX_POINT ( 'NONE', #10044 ) ;
#7972 = VECTOR ( 'NONE', #1840, 39.37007874015748100 ) ;
#7973 = DIRECTION ( 'NONE',  ( -0.0000000000000000000, 1.000000000000000000, -0.0000000000000000000 ) ) ;
#7974 = EDGE_CURVE ( 'NONE', #1836, #2083, #5133, .T. ) ;
#7975 = VERTEX_POINT ( 'NONE', #9231 ) ;
#7976 = CARTESIAN_POINT ( 'NONE',  ( 0.03484251968503928500, -0.2525000000000000600, 0.7878425196850393800 ) ) ;
#7977 = VERTEX_POINT ( 'NONE', #10929 ) ;
#7978 = ORIENTED_EDGE ( 'NONE', *, *, #8909, .F. ) ;
#7979 = CARTESIAN_POINT ( 'NONE',  ( -0.2966278565449311200, 0.09284335684306162200, 0.7690197545653728600 ) ) ;
#7980 = ORIENTED_EDGE ( 'NONE', *, *, #5044, .T. ) ;
#7981 = CARTESIAN_POINT ( 'NONE',  ( -0.3887795275590552600, -0.2497393201453811900, 0.5035826771653538800 ) ) ;
#7982 = ADVANCED_FACE ( 'NONE', ( #5942 ), #6092, .T. ) ;
#7983 = EDGE_CURVE ( 'NONE', #6832, #1664, #8714, .T. ) ;
#7984 = ORIENTED_EDGE ( 'NONE', *, *, #4531, .F. ) ;
#7985 = LINE ( 'NONE', #10076, #6630 ) ;
#7986 = EDGE_LOOP ( 'NONE', ( #10750, #6768, #4393, #8565 ) ) ;
#7987 = ORIENTED_EDGE ( 'NONE', *, *, #10626, .T. ) ;
#7988 = DIRECTION ( 'NONE',  ( 0.0000000000000000000, -1.000000000000000000, 0.0000000000000000000 ) ) ;
#7989 = ORIENTED_EDGE ( 'NONE', *, *, #162, .F. ) ;
#7990 = AXIS2_PLACEMENT_3D ( 'NONE', #7240, #7180, #1336 ) ;
#7991 = CARTESIAN_POINT ( 'NONE',  ( 0.2519685039370078700, 0.06541338582677166900, 0.01499999999999999900 ) ) ;
#7992 = CARTESIAN_POINT ( 'NONE',  ( -0.07440944881889763300, 0.0000000000000000000, 0.0000000000000000000 ) ) ;
#7993 = DIRECTION ( 'NONE',  ( -1.000000000000000000, 0.0000000000000000000, 0.0000000000000000000 ) ) ;
#7994 = FACE_OUTER_BOUND ( 'NONE', #7870, .T. ) ;
#7995 = VERTEX_POINT ( 'NONE', #9997 ) ;
#7996 = DIRECTION ( 'NONE',  ( -3.636195093392002000E-015, 0.0000000000000000000, 1.000000000000000000 ) ) ;
#7997 = CARTESIAN_POINT ( 'NONE',  ( 0.06515748031496050600, -0.2525000000000000600, 0.6878425196850395100 ) ) ;
#7998 = CARTESIAN_POINT ( 'NONE',  ( -0.1397637795275590600, 0.0000000000000000000, 0.8122440944881890200 ) ) ;
#7999 = CARTESIAN_POINT ( 'NONE',  ( 0.2980923226389981500, -0.2515000000000000000, 0.7127832100872298900 ) ) ;
#8000 = AXIS2_PLACEMENT_3D ( 'NONE', #9306, #1624, #7600 ) ;
#8001 = CARTESIAN_POINT ( 'NONE',  ( -0.2975000000000024800, -0.2019842793760456800, 0.7479635790510822400 ) ) ;
#8002 = VECTOR ( 'NONE', #7324, 39.37007874015748100 ) ;
#8003 = LINE ( 'NONE', #4394, #1986 ) ;
#8004 = CARTESIAN_POINT ( 'NONE',  ( 0.2966278565449310700, -0.1811070463003417700, 0.7740197545653726400 ) ) ;
#8005 = AXIS2_PLACEMENT_3D ( 'NONE', #5821, #702, #10061 ) ;
#8006 = ORIENTED_EDGE ( 'NONE', *, *, #3463, .F. ) ;
#8007 = CARTESIAN_POINT ( 'NONE',  ( -0.2054877259833239000, -0.3326778642794910900, 0.3577511067598224100 ) ) ;
#8008 = DIRECTION ( 'NONE',  ( -3.491481338843133700E-015, -6.842163256825778500E-015, -1.000000000000000000 ) ) ;
#8009 = FACE_OUTER_BOUND ( 'NONE', #4029, .T. ) ;
#8010 = VERTEX_POINT ( 'NONE', #4899 ) ;
#8011 = ORIENTED_EDGE ( 'NONE', *, *, #7122, .T. ) ;
#8012 = DIRECTION ( 'NONE',  ( -1.000000000000000000, -6.982962677686267500E-015, 2.406025760924086600E-029 ) ) ;
#8013 = ADVANCED_FACE ( 'NONE', ( #4727 ), #2984, .T. ) ;
#8014 = EDGE_CURVE ( 'NONE', #2542, #6890, #1805, .T. ) ;
#8015 = VERTEX_POINT ( 'NONE', #6735 ) ;
#8016 = CARTESIAN_POINT ( 'NONE',  ( -0.2966278565449310100, 0.08784335684306161800, 0.7479635790510821300 ) ) ;
#8017 = EDGE_CURVE ( 'NONE', #7977, #1154, #7393, .T. ) ;
#8018 = CARTESIAN_POINT ( 'NONE',  ( -0.3125000000000023900, 0.2525000000000028900, 0.8199999999999999500 ) ) ;
#8019 = LINE ( 'NONE', #10915, #6272 ) ;
#8020 = ORIENTED_EDGE ( 'NONE', *, *, #6531, .F. ) ;
#8021 = CARTESIAN_POINT ( 'NONE',  ( 0.3108834035541471200, 0.2520285954792090300, 0.007170200118550731600 ) ) ;
#8022 = EDGE_LOOP ( 'NONE', ( #5311, #8427, #3278, #3822 ) ) ;
#8023 = PLANE ( 'NONE',  #3873 ) ;
#8024 = AXIS2_PLACEMENT_3D ( 'NONE', #4815, #1577, #3371 ) ;
#8025 = VERTEX_POINT ( 'NONE', #3223 ) ;
#8026 = ADVANCED_FACE ( 'NONE', ( #2450 ), #4135, .T. ) ;
#8027 = VECTOR ( 'NONE', #6913, 39.37007874015748100 ) ;
#8028 = CARTESIAN_POINT ( 'NONE',  ( 0.2975000000000021500, 0.2675000000000049000, 0.8199999999999999500 ) ) ;
#8029 = VERTEX_POINT ( 'NONE', #4172 ) ;
#8030 = LINE ( 'NONE', #10323, #2685 ) ;
#8031 = ORIENTED_EDGE ( 'NONE', *, *, #2861, .T. ) ;
#8032 = EDGE_CURVE ( 'NONE', #11005, #5550, #1010, .T. ) ;
#8033 = DIRECTION ( 'NONE',  ( 3.441691376337984100E-015, -1.122586608262958800E-030, 1.000000000000000000 ) ) ;
#8034 = VECTOR ( 'NONE', #9315, 39.37007874015748100 ) ;
#8035 = ORIENTED_EDGE ( 'NONE', *, *, #4740, .T. ) ;
#8036 = DIRECTION ( 'NONE',  ( -6.829619984160731600E-015, 0.0000000000000000000, -1.000000000000000000 ) ) ;
#8037 = EDGE_CURVE ( 'NONE', #5317, #3384, #3667, .T. ) ;
#8038 = CARTESIAN_POINT ( 'NONE',  ( -1.461507861341100800E-031, -0.3854999999999999000, -1.389844020060765000E-015 ) ) ;
#8039 = ORIENTED_EDGE ( 'NONE', *, *, #1219, .F. ) ;
#8040 = ORIENTED_EDGE ( 'NONE', *, *, #4581, .F. ) ;
#8041 = LINE ( 'NONE', #6488, #5759 ) ;
#8042 = VERTEX_POINT ( 'NONE', #4934 ) ;
#8043 = PLANE ( 'NONE',  #9894 ) ;
#8044 = EDGE_CURVE ( 'NONE', #6948, #3874, #9792, .T. ) ;
#8045 = FACE_OUTER_BOUND ( 'NONE', #9151, .T. ) ;
#8046 = CARTESIAN_POINT ( 'NONE',  ( 0.2975000000000021500, 0.2675000000000049000, 0.8199999999999999500 ) ) ;
#8047 = VECTOR ( 'NONE', #4591, 39.37007874015748100 ) ;
#8048 = CYLINDRICAL_SURFACE ( 'NONE', #8260, 0.009842519685039378600 ) ;
#8049 = EDGE_CURVE ( 'NONE', #2410, #3740, #6460, .T. ) ;
#8050 = DIRECTION ( 'NONE',  ( 1.783999313487422800E-031, 3.412622176065440100E-015, 1.000000000000000000 ) ) ;
#8051 = EDGE_LOOP ( 'NONE', ( #9748, #5178, #10453, #4849 ) ) ;
#8052 = SURFACE_SIDE_STYLE ('',( #4333 ) ) ;
#8053 = UNCERTAINTY_MEASURE_WITH_UNIT (LENGTH_MEASURE( 1.000000000000000100E-005 ), #4448, 'distance_accuracy_value', 'NONE');
#8054 = LINE ( 'NONE', #1069, #7646 ) ;
#8055 = LINE ( 'NONE', #784, #3897 ) ;
#8056 = PLANE ( 'NONE',  #7713 ) ;
#8057 = FACE_OUTER_BOUND ( 'NONE', #1212, .T. ) ;
#8058 = AXIS2_PLACEMENT_3D ( 'NONE', #2591, #3534, #7761 ) ;
#8059 = PLANE ( 'NONE',  #313 ) ;
#8060 = VECTOR ( 'NONE', #9435, 39.37007874015748100 ) ;
#8061 = DIRECTION ( 'NONE',  ( 6.829619984160731600E-015, 0.0000000000000000000, 1.000000000000000000 ) ) ;
#8062 = PLANE ( 'NONE',  #5131 ) ;
#8063 = ADVANCED_FACE ( 'NONE', ( #9914 ), #4285, .F. ) ;
#8064 = FACE_OUTER_BOUND ( 'NONE', #10939, .T. ) ;
#8065 =( NAMED_UNIT ( * ) SI_UNIT ( $, .STERADIAN. ) SOLID_ANGLE_UNIT ( ) );
#8066 = VERTEX_POINT ( 'NONE', #3498 ) ;
#8067 = VERTEX_POINT ( 'NONE', #928 ) ;
#8068 = VERTEX_POINT ( 'NONE', #1001 ) ;
#8069 = CARTESIAN_POINT ( 'NONE',  ( -0.3125000000000023900, -0.1811070463003418000, 0.7690197545653728600 ) ) ;
#8070 = AXIS2_PLACEMENT_3D ( 'NONE', #10384, #3563, #172 ) ;
#8071 = LINE ( 'NONE', #8116, #2311 ) ;
#8072 = EDGE_CURVE ( 'NONE', #9418, #6811, #722, .T. ) ;
#8073 = VECTOR ( 'NONE', #517, 39.37007874015748100 ) ;
#8074 = DIRECTION ( 'NONE',  ( 1.000000000000000000, -0.0000000000000000000, -0.0000000000000000000 ) ) ;
#8075 = ADVANCED_FACE ( 'NONE', ( #5661 ), #8662, .F. ) ;
#8076 = LINE ( 'NONE', #2551, #862 ) ;
#8077 = EDGE_CURVE ( 'NONE', #10428, #9946, #2859, .T. ) ;
#8078 = CARTESIAN_POINT ( 'NONE',  ( -0.2975000000000023700, -0.2124228144786558000, 0.8350000000000033000 ) ) ;
#8079 = ORIENTED_EDGE ( 'NONE', *, *, #9069, .T. ) ;
#8080 = ORIENTED_EDGE ( 'NONE', *, *, #39, .T. ) ;
#8081 = VERTEX_POINT ( 'NONE', #6852 ) ;
#8082 = ORIENTED_EDGE ( 'NONE', *, *, #3859, .F. ) ;
#8083 = ORIENTED_EDGE ( 'NONE', *, *, #5035, .F. ) ;
#8084 = LINE ( 'NONE', #4715, #5806 ) ;
#8085 = ORIENTED_EDGE ( 'NONE', *, *, #1409, .F. ) ;
#8086 = VECTOR ( 'NONE', #9340, 39.37007874015748900 ) ;
#8087 = DIRECTION ( 'NONE',  ( -1.035966819350950000E-028, 3.431785758285150200E-014, 1.000000000000000000 ) ) ;
#8088 = ORIENTED_EDGE ( 'NONE', *, *, #4807, .T. ) ;
#8089 = DIRECTION ( 'NONE',  ( 1.000000000000000000, -0.0000000000000000000, 0.0000000000000000000 ) ) ;
#8090 = ORIENTED_EDGE ( 'NONE', *, *, #2900, .F. ) ;
#8091 = VERTEX_POINT ( 'NONE', #2671 ) ;
#8092 = EDGE_CURVE ( 'NONE', #9086, #5002, #2178, .T. ) ;
#8093 = EDGE_CURVE ( 'NONE', #5154, #10064, #8076, .T. ) ;
#8094 = ORIENTED_EDGE ( 'NONE', *, *, #3661, .F. ) ;
#8095 = DIRECTION ( 'NONE',  ( 0.7071067811865486800, 0.0000000000000000000, -0.7071067811865462400 ) ) ;
#8096 = ORIENTED_EDGE ( 'NONE', *, *, #264, .T. ) ;
#8097 = ORIENTED_EDGE ( 'NONE', *, *, #1355, .T. ) ;
#8098 = PLANE ( 'NONE',  #827 ) ;
#8099 = VECTOR ( 'NONE', #7744, 39.37007874015748100 ) ;
#8100 = ORIENTED_EDGE ( 'NONE', *, *, #1086, .T. ) ;
#8101 = ORIENTED_EDGE ( 'NONE', *, *, #6260, .T. ) ;
#8102 = CARTESIAN_POINT ( 'NONE',  ( 0.01062992125984253000, 0.0000000000000000000, 0.8122440944881890200 ) ) ;
#8103 = AXIS2_PLACEMENT_3D ( 'NONE', #10265, #9549, #8643 ) ;
#8104 = ORIENTED_EDGE ( 'NONE', *, *, #8541, .F. ) ;
#8105 = CARTESIAN_POINT ( 'NONE',  ( 0.1151574803149605400, -0.5313388496530164800, 0.7878425196850393800 ) ) ;
#8106 = EDGE_CURVE ( 'NONE', #10818, #2542, #8340, .T. ) ;
#8107 = DIRECTION ( 'NONE',  ( -1.000000000000000000, -1.458800866809831600E-016, 3.623343611582382000E-015 ) ) ;
#8108 = LINE ( 'NONE', #4570, #915 ) ;
#8109 = ORIENTED_EDGE ( 'NONE', *, *, #9452, .T. ) ;
#8110 = DIRECTION ( 'NONE',  ( -0.9961946980917451000, 0.0000000000000000000, -0.08715574274766177400 ) ) ;
#8111 = EDGE_CURVE ( 'NONE', #1812, #3497, #3403, .T. ) ;
#8112 = ADVANCED_FACE ( 'NONE', ( #10199 ), #4327, .F. ) ;
#8113 = VECTOR ( 'NONE', #6873, 39.37007874015748100 ) ;
#8114 = ORIENTED_EDGE ( 'NONE', *, *, #4447, .F. ) ;
#8115 = DIRECTION ( 'NONE',  ( 0.0000000000000000000, 0.0000000000000000000, -1.000000000000000000 ) ) ;
#8116 = CARTESIAN_POINT ( 'NONE',  ( 0.09842519685039372000, -0.2674999999999999600, 0.01499999999999999900 ) ) ;
#8117 = AXIS2_PLACEMENT_3D ( 'NONE', #4826, #10856, #4098 ) ;
#8118 = CARTESIAN_POINT ( 'NONE',  ( -0.2975000000000023200, 0.2675000000000029000, 0.8199999999999999500 ) ) ;
#8119 = ORIENTED_EDGE ( 'NONE', *, *, #1147, .T. ) ;
#8120 = CARTESIAN_POINT ( 'NONE',  ( -0.3125000000000032200, 1.045531169484192500E-015, -3.518502048112320700E-030 ) ) ;
#8121 = EDGE_LOOP ( 'NONE', ( #6916, #10740, #7223 ) ) ;
#8122 = DIRECTION ( 'NONE',  ( 0.0000000000000000000, 0.0000000000000000000, 1.000000000000000000 ) ) ;
#8123 = PLANE ( 'NONE',  #6584 ) ;
#8124 = ADVANCED_FACE ( 'NONE', ( #1260 ), #2634, .F. ) ;
#8125 =( CONVERSION_BASED_UNIT ( 'INCH', #565 ) LENGTH_UNIT ( ) NAMED_UNIT ( #5718 ) );
#8126 = LINE ( 'NONE', #8941, #780 ) ;
#8127 = VECTOR ( 'NONE', #7933, 39.37007874015748100 ) ;
#8128 = CARTESIAN_POINT ( 'NONE',  ( 0.2975000000000022600, 0.2525000000000048900, 0.8199999999999999500 ) ) ;
#8129 = ORIENTED_EDGE ( 'NONE', *, *, #6519, .T. ) ;
#8130 = CARTESIAN_POINT ( 'NONE',  ( -0.08011811023622049400, -0.1855660917989245300, 0.03468503937007873200 ) ) ;
#8131 = CARTESIAN_POINT ( 'NONE',  ( -0.2717853368598916500, 0.2426574803149606500, 1.576493224244851900 ) ) ;
#8132 = AXIS2_PLACEMENT_3D ( 'NONE', #1054, #475, #1898 ) ;
#8133 = CARTESIAN_POINT ( 'NONE',  ( -0.2975000000000023200, -0.1219842793760456800, 0.7879635790510823900 ) ) ;
#8134 = ORIENTED_EDGE ( 'NONE', *, *, #7657, .F. ) ;
#8135 = EDGE_CURVE ( 'NONE', #2227, #6588, #4996, .T. ) ;
#8136 = DIRECTION ( 'NONE',  ( -0.0000000000000000000, 1.000000000000000000, -0.0000000000000000000 ) ) ;
#8137 = LINE ( 'NONE', #5489, #10407 ) ;
#8138 = VERTEX_POINT ( 'NONE', #6043 ) ;
#8139 = DIRECTION ( 'NONE',  ( -0.0000000000000000000, -1.000000000000000000, -0.0000000000000000000 ) ) ;
#8140 = AXIS2_PLACEMENT_3D ( 'NONE', #123, #8520, #6089 ) ;
#8141 = CARTESIAN_POINT ( 'NONE',  ( -0.2816278565449310500, 2.515199301238777900E-016, 0.7163187439931647500 ) ) ;
#8142 = ORIENTED_EDGE ( 'NONE', *, *, #2238, .F. ) ;
#8143 = ORIENTED_EDGE ( 'NONE', *, *, #5181, .T. ) ;
#8144 = FACE_OUTER_BOUND ( 'NONE', #4491, .T. ) ;
#8145 = VERTEX_POINT ( 'NONE', #3427 ) ;
#8146 = CARTESIAN_POINT ( 'NONE',  ( -0.2500000000000000000, -0.1174558555784520800, 0.03468503937007873200 ) ) ;
#8147 = EDGE_CURVE ( 'NONE', #10366, #207, #5797, .T. ) ;
#8148 = MECHANICAL_DESIGN_GEOMETRIC_PRESENTATION_REPRESENTATION (  '', ( #6108 ), #10442 ) ;
#8149 = EDGE_LOOP ( 'NONE', ( #9612, #3818, #3502, #6008 ) ) ;
#8150 = CARTESIAN_POINT ( 'NONE',  ( 0.07283464566929136200, 0.004804859663680982400, 0.8122440944881890200 ) ) ;
#8151 = CYLINDRICAL_SURFACE ( 'NONE', #5843, 0.06400000250777354600 ) ;
#8152 = CARTESIAN_POINT ( 'NONE',  ( 0.2975000000000022600, 0.2525000000000032200, 0.3396922742592156700 ) ) ;
#8153 = CIRCLE ( 'NONE', #6810, 0.009842519685039369900 ) ;
#8154 = ORIENTED_EDGE ( 'NONE', *, *, #10311, .F. ) ;
#8155 =( CONVERSION_BASED_UNIT ( 'INCH', #24 ) LENGTH_UNIT ( ) NAMED_UNIT ( #7286 ) );
#8156 = CARTESIAN_POINT ( 'NONE',  ( 0.2122858626369492100, 0.0000000000000000000, 0.01857260640755533200 ) ) ;
#8157 = LINE ( 'NONE', #4733, #1341 ) ;
#8158 = EDGE_LOOP ( 'NONE', ( #8402, #4504, #2408, #4895, #359, #5101, #4310, #3841, #9285, #1811 ) ) ;
#8159 = CARTESIAN_POINT ( 'NONE',  ( 0.1578740157480314800, 0.1522291837916265300, 0.5125280012291644200 ) ) ;
#8160 = DIRECTION ( 'NONE',  ( -0.0000000000000000000, 1.000000000000000000, -0.0000000000000000000 ) ) ;
#8161 = FACE_BOUND ( 'NONE', #8712, .T. ) ;
#8162 = SURFACE_STYLE_FILL_AREA ( #9754 ) ;
#8163 = SURFACE_STYLE_USAGE ( .BOTH. , #2182 ) ;
#8164 = EDGE_CURVE ( 'NONE', #8067, #4439, #1130, .T. ) ;
#8165 = CARTESIAN_POINT ( 'NONE',  ( -0.3125000000000000600, 0.2517928932188133700, 0.01499999999999994700 ) ) ;
#8166 = ADVANCED_FACE ( 'NONE', ( #5402 ), #9451, .F. ) ;
#8167 = VECTOR ( 'NONE', #439, 39.37007874015748100 ) ;
#8168 = CARTESIAN_POINT ( 'NONE',  ( 0.2816278565449313300, -0.1771838596522949400, 0.01499999999999999900 ) ) ;
#8169 = VECTOR ( 'NONE', #6508, 39.37007874015748100 ) ;
#8170 = DIRECTION ( 'NONE',  ( -0.0000000000000000000, -0.0000000000000000000, -1.000000000000000000 ) ) ;
#8171 = EDGE_CURVE ( 'NONE', #7882, #9274, #10987, .T. ) ;
#8172 = CARTESIAN_POINT ( 'NONE',  ( 0.03484251968503928500, -0.2525000000000000600, 0.7878425196850393800 ) ) ;
#8173 = VECTOR ( 'NONE', #922, 39.37007874015748100 ) ;
#8174 = LINE ( 'NONE', #10928, #6200 ) ;
#8175 = CIRCLE ( 'NONE', #6978, 0.009842519685039311000 ) ;
#8176 = LENGTH_MEASURE_WITH_UNIT ( LENGTH_MEASURE( 0.02539999999999999900 ), #9905 );
#8177 = DIRECTION ( 'NONE',  ( 1.000000000000000000, 0.0000000000000000000, 0.0000000000000000000 ) ) ;
#8178 = ADVANCED_FACE ( 'NONE', ( #6217 ), #9663, .T. ) ;
#8179 = LINE ( 'NONE', #6209, #8460 ) ;
#8180 = EDGE_CURVE ( 'NONE', #3926, #6347, #10468, .T. ) ;
#8181 = AXIS2_PLACEMENT_3D ( 'NONE', #1702, #4355, #5242 ) ;
#8182 = ORIENTED_EDGE ( 'NONE', *, *, #6013, .F. ) ;
#8183 = CARTESIAN_POINT ( 'NONE',  ( -0.2967928932188134700, 0.2675000000000011800, 0.3396922742592157800 ) ) ;
#8184 = CYLINDRICAL_SURFACE ( 'NONE', #7210, 0.01500000000000001200 ) ;
#8185 = CIRCLE ( 'NONE', #319, 0.06400002813435827500 ) ;
#8186 = EDGE_CURVE ( 'NONE', #8238, #10727, #9535, .T. ) ;
#8187 = FACE_OUTER_BOUND ( 'NONE', #4756, .T. ) ;
#8188 = LINE ( 'NONE', #5267, #4589 ) ;
#8189 = VECTOR ( 'NONE', #5203, 39.37007874015748100 ) ;
#8190 = PLANE ( 'NONE',  #5098 ) ;
#8191 = DIRECTION ( 'NONE',  ( 0.0000000000000000000, 0.4413750231038433600, -0.8973227340149595400 ) ) ;
#8192 = CARTESIAN_POINT ( 'NONE',  ( -0.1397637795275590600, 0.0000000000000000000, 0.0000000000000000000 ) ) ;
#8193 = LINE ( 'NONE', #10024, #5938 ) ;
#8194 = LINE ( 'NONE', #3652, #9392 ) ;
#8195 = AXIS2_PLACEMENT_3D ( 'NONE', #4705, #5572, #4671 ) ;
#8196 = DIRECTION ( 'NONE',  ( -3.441691376337984100E-015, 1.122586608262958800E-030, -1.000000000000000000 ) ) ;
#8197 = CARTESIAN_POINT ( 'NONE',  ( -0.2054877302721722900, -0.2675000000000017400, 0.4889530518230032500 ) ) ;
#8198 = LINE ( 'NONE', #2752, #7950 ) ;
#8199 = ORIENTED_EDGE ( 'NONE', *, *, #7046, .T. ) ;
#8200 = EDGE_LOOP ( 'NONE', ( #6670, #8764, #2286, #10238, #5072, #7412, #6653, #3674 ) ) ;
#8201 = EDGE_LOOP ( 'NONE', ( #9008, #1165, #3582, #9839 ) ) ;
#8202 = CARTESIAN_POINT ( 'NONE',  ( 0.3125000000000026100, 0.1504527559055166800, 0.6900912614787659800 ) ) ;
#8203 = ORIENTED_EDGE ( 'NONE', *, *, #10514, .T. ) ;
#8204 = CARTESIAN_POINT ( 'NONE',  ( 0.2925000000000022600, -0.2515000000000000000, 0.6900912614787637600 ) ) ;
#8205 = LINE ( 'NONE', #400, #3556 ) ;
#8206 = LINE ( 'NONE', #7675, #466 ) ;
#8207 = ORIENTED_EDGE ( 'NONE', *, *, #3661, .T. ) ;
#8208 = DIRECTION ( 'NONE',  ( 0.0000000000000000000, -0.0000000000000000000, 1.000000000000000000 ) ) ;
#8209 = CARTESIAN_POINT ( 'NONE',  ( 0.3164370078740166800, -0.2438779527559034600, 0.2849685039370066800 ) ) ;
#8210 = CARTESIAN_POINT ( 'NONE',  ( 0.07283464566929136200, 0.1522291837916265600, 0.4674415849128674100 ) ) ;
#8211 = ORIENTED_EDGE ( 'NONE', *, *, #8685, .T. ) ;
#8212 = VERTEX_POINT ( 'NONE', #5292 ) ;
#8213 = EDGE_LOOP ( 'NONE', ( #5894, #9808, #6236, #5816 ) ) ;
#8214 =( GEOMETRIC_REPRESENTATION_CONTEXT ( 3 ) GLOBAL_UNCERTAINTY_ASSIGNED_CONTEXT ( ( #555 ) ) GLOBAL_UNIT_ASSIGNED_CONTEXT ( ( #10679, #2087, #8065 ) ) REPRESENTATION_CONTEXT ( 'NONE', 'WORKASPACE' ) );
#8215 = EDGE_CURVE ( 'NONE', #8212, #8829, #1528, .T. ) ;
#8216 = ORIENTED_EDGE ( 'NONE', *, *, #7694, .T. ) ;
#8217 = DIRECTION ( 'NONE',  ( -1.000000000000000000, 0.0000000000000000000, 0.0000000000000000000 ) ) ;
#8218 = VECTOR ( 'NONE', #1564, 39.37007874015748100 ) ;
#8219 = EDGE_LOOP ( 'NONE', ( #5424, #2501, #4387, #5974 ) ) ;
#8220 = FACE_OUTER_BOUND ( 'NONE', #3939, .T. ) ;
#8221 = EDGE_CURVE ( 'NONE', #227, #5757, #7268, .T. ) ;
#8222 = CARTESIAN_POINT ( 'NONE',  ( 0.2975000000000040400, -0.2837499999999966200, 0.2837499999999966200 ) ) ;
#8223 = CARTESIAN_POINT ( 'NONE',  ( -0.3125000000000023900, -0.2515000000000000000, 0.6900912614787656500 ) ) ;
#8224 = ORIENTED_EDGE ( 'NONE', *, *, #9707, .F. ) ;
#8225 = ADVANCED_FACE ( 'NONE', ( #211 ), #1075, .F. ) ;
#8226 = PLANE ( 'NONE',  #5269 ) ;
#8227 = ORIENTED_EDGE ( 'NONE', *, *, #10909, .F. ) ;
#8228 = ORIENTED_EDGE ( 'NONE', *, *, #8943, .T. ) ;
#8229 = CARTESIAN_POINT ( 'NONE',  ( -0.2975000000000017600, -0.2515000000000000000, 0.3026850393700776800 ) ) ;
#8230 = VERTEX_POINT ( 'NONE', #6159 ) ;
#8231 = DIRECTION ( 'NONE',  ( 0.7071067811865486800, 0.0000000000000000000, 0.7071067811865462400 ) ) ;
#8232 = CARTESIAN_POINT ( 'NONE',  ( -0.2966278565449310700, 0.08784335684306161800, 0.7690197545653726400 ) ) ;
#8233 = EDGE_CURVE ( 'NONE', #3269, #8081, #10590, .T. ) ;
#8234 = VERTEX_POINT ( 'NONE', #5358 ) ;
#8235 = CARTESIAN_POINT ( 'NONE',  ( 0.2500000000000000000, -0.1174558555784520800, 0.8122440944881890200 ) ) ;
#8236 = CARTESIAN_POINT ( 'NONE',  ( -0.2054877282796835100, -0.3275000000000013500, 0.4279999985457437200 ) ) ;
#8237 = FACE_OUTER_BOUND ( 'NONE', #4670, .T. ) ;
#8238 = VERTEX_POINT ( 'NONE', #7943 ) ;
#8239 = CARTESIAN_POINT ( 'NONE',  ( -0.3125000000000025000, -0.1378615124517496300, 0.7529635790510823500 ) ) ;
#8240 = ADVANCED_FACE ( 'NONE', ( #4211 ), #5328, .F. ) ;
#8241 = DIRECTION ( 'NONE',  ( -1.000000000000000000, -0.0000000000000000000, -0.0000000000000000000 ) ) ;
#8242 = CARTESIAN_POINT ( 'NONE',  ( -0.2417957872900946800, 0.04959782299446938200, 0.7529635790510819100 ) ) ;
#8243 = ORIENTED_EDGE ( 'NONE', *, *, #7956, .T. ) ;
#8244 = EDGE_CURVE ( 'NONE', #9425, #3477, #459, .T. ) ;
#8245 = PLANE ( 'NONE',  #6567 ) ;
#8246 = CARTESIAN_POINT ( 'NONE',  ( -0.2445122359226354600, -0.2675000000000017400, 0.4889530390574056100 ) ) ;
#8247 = ORIENTED_EDGE ( 'NONE', *, *, #8909, .T. ) ;
#8248 =( NAMED_UNIT ( * ) PLANE_ANGLE_UNIT ( ) SI_UNIT ( $, .RADIAN. ) );
#8249 = DIRECTION ( 'NONE',  ( 0.0000000000000000000, 1.000000000000000000, 0.0000000000000000000 ) ) ;
#8250 = EDGE_CURVE ( 'NONE', #8836, #5686, #8198, .T. ) ;
#8251 = CARTESIAN_POINT ( 'NONE',  ( 0.2486744556699771700, -0.01332677165354326600, 0.05437007874015750700 ) ) ;
#8252 = AXIS2_PLACEMENT_3D ( 'NONE', #2642, #4292, #9313 ) ;
#8253 = PRESENTATION_STYLE_ASSIGNMENT (( #7397 ) ) ;
#8254 = LINE ( 'NONE', #8758, #7073 ) ;
#8255 = EDGE_CURVE ( 'NONE', #9953, #8644, #3923, .T. ) ;
#8256 = FILL_AREA_STYLE ('',( #9849 ) ) ;
#8257 = CARTESIAN_POINT ( 'NONE',  ( 0.1578740157480314800, 0.3255628348940304800, 0.1601378170038762200 ) ) ;
#8258 = ORIENTED_EDGE ( 'NONE', *, *, #7053, .T. ) ;
#8259 = ADVANCED_FACE ( 'NONE', ( #8760 ), #2789, .F. ) ;
#8260 = AXIS2_PLACEMENT_3D ( 'NONE', #7128, #10538, #2934 ) ;
#8261 = DIRECTION ( 'NONE',  ( 0.0000000000000000000, -1.000000000000000000, 0.0000000000000000000 ) ) ;
#8262 = LINE ( 'NONE', #2765, #8554 ) ;
#8263 = ORIENTED_EDGE ( 'NONE', *, *, #9385, .F. ) ;
#8264 = DIRECTION ( 'NONE',  ( 1.000000000000000000, -3.346303001498510500E-015, 1.124126789939941800E-029 ) ) ;
#8265 = ORIENTED_EDGE ( 'NONE', *, *, #6685, .F. ) ;
#8266 = DIRECTION ( 'NONE',  ( -0.0000000000000000000, 1.000000000000000000, -0.0000000000000000000 ) ) ;
#8267 = DIRECTION ( 'NONE',  ( 1.000000000000000000, 0.0000000000000000000, 0.0000000000000000000 ) ) ;
#8268 = ORIENTED_EDGE ( 'NONE', *, *, #4780, .F. ) ;
#8269 = PLANE ( 'NONE',  #7076 ) ;
#8270 = DIRECTION ( 'NONE',  ( 0.0000000000000000000, 0.0000000000000000000, -1.000000000000000000 ) ) ;
#8271 = LINE ( 'NONE', #355, #402 ) ;
#8272 = ORIENTED_EDGE ( 'NONE', *, *, #10854, .F. ) ;
#8273 = DIRECTION ( 'NONE',  ( 1.000000000000000000, 0.0000000000000000000, 3.491481338843133000E-015 ) ) ;
#8274 = CARTESIAN_POINT ( 'NONE',  ( 0.3125000000000008900, 0.2925606032236741100, 0.2925606032236806600 ) ) ;
#8275 = ADVANCED_FACE ( 'NONE', ( #1242 ), #7907, .F. ) ;
#8276 = CARTESIAN_POINT ( 'NONE',  ( -0.2054877259868692600, -0.3334805806756923600, 0.3578595639789236600 ) ) ;
#8277 = AXIS2_PLACEMENT_3D ( 'NONE', #9060, #3921, #5784 ) ;
#8278 = EDGE_CURVE ( 'NONE', #3313, #5586, #3242, .T. ) ;
#8279 = ORIENTED_EDGE ( 'NONE', *, *, #1045, .F. ) ;
#8280 = ORIENTED_EDGE ( 'NONE', *, *, #793, .T. ) ;
#8281 =( NAMED_UNIT ( * ) SI_UNIT ( $, .STERADIAN. ) SOLID_ANGLE_UNIT ( ) );
#8282 = VECTOR ( 'NONE', #7091, 39.37007874015748100 ) ;
#8283 = CARTESIAN_POINT ( 'NONE',  ( 0.0000000000000000000, -0.2525000000000000600, 0.0000000000000000000 ) ) ;
#8284 = CARTESIAN_POINT ( 'NONE',  ( 0.2519685039370078700, -0.1324212598425196800, 0.0000000000000000000 ) ) ;
#8285 = VERTEX_POINT ( 'NONE', #8969 ) ;
#8286 = FACE_OUTER_BOUND ( 'NONE', #1343, .T. ) ;
#8287 = ORIENTED_EDGE ( 'NONE', *, *, #3450, .T. ) ;
#8288 = VERTEX_POINT ( 'NONE', #4536 ) ;
#8289 = FILL_AREA_STYLE_COLOUR ( '', #7428 ) ;
#8291 = AXIS2_PLACEMENT_3D ( 'NONE', #11025, #5933, #1676 ) ;
#8290 = DIRECTION ( 'NONE',  ( -2.366193544264482700E-015, 0.7071067811865462400, 0.7071067811865487900 ) ) ;
#8292 = CARTESIAN_POINT ( 'NONE',  ( -0.2966278565449310700, -0.1861070463003418300, 0.7690197545653723000 ) ) ;
#8293 = VECTOR ( 'NONE', #3314, 39.37007874015748100 ) ;
#8294 = DIRECTION ( 'NONE',  ( -0.7071067811865468000, 8.953538199610936700E-017, 0.7071067811865482400 ) ) ;
#8295 = CYLINDRICAL_SURFACE ( 'NONE', #3152, 0.02000000000000005900 ) ;
#8296 = EDGE_LOOP ( 'NONE', ( #8881, #2986, #1446, #3686 ) ) ;
#8297 = EDGE_CURVE ( 'NONE', #4231, #8789, #10326, .T. ) ;
#8298 = ORIENTED_EDGE ( 'NONE', *, *, #561, .T. ) ;
#8299 = DIRECTION ( 'NONE',  ( 1.000000000000000000, 0.0000000000000000000, -0.0000000000000000000 ) ) ;
#8300 = LINE ( 'NONE', #3629, #9490 ) ;
#8301 = SURFACE_STYLE_USAGE ( .BOTH. , #7446 ) ;
#8302 = ORIENTED_EDGE ( 'NONE', *, *, #1520, .T. ) ;
#8303 = CARTESIAN_POINT ( 'NONE',  ( -0.2974999999999998800, 0.2525000000000000600, 0.01499999999999999900 ) ) ;
#8304 = LINE ( 'NONE', #6164, #10558 ) ;
#8305 = FACE_BOUND ( 'NONE', #10550, .T. ) ;
#8306 = DIRECTION ( 'NONE',  ( -1.000000000000000000, 0.0000000000000000000, 0.0000000000000000000 ) ) ;
#8308 = CARTESIAN_POINT ( 'NONE',  ( 0.2054877304706642100, -0.3278400795114590500, 0.4950251996153100500 ) ) ;
#8307 = FACE_OUTER_BOUND ( 'NONE', #755, .T. ) ;
#8309 = PLANE ( 'NONE',  #9651 ) ;
#8310 = AXIS2_PLACEMENT_3D ( 'NONE', #2509, #8502, #1846 ) ;
#8311 = CARTESIAN_POINT ( 'NONE',  ( 0.3164370078740166800, -0.2438779527559034600, 0.2810314960629909900 ) ) ;
#8312 = VECTOR ( 'NONE', #2904, 39.37007874015748100 ) ;
#8313 = CARTESIAN_POINT ( 'NONE',  ( 0.2717853368598917600, -0.2525000000000000600, 0.02484251968503935600 ) ) ;
#8314 = VERTEX_POINT ( 'NONE', #9701 ) ;
#8315 = DIRECTION ( 'NONE',  ( 3.791200677927629800E-031, 1.000000000000000000, 3.469446951953614200E-015 ) ) ;
#8316 = EDGE_CURVE ( 'NONE', #9347, #2562, #1884, .T. ) ;
#8317 =( NAMED_UNIT ( * ) SI_UNIT ( $, .STERADIAN. ) SOLID_ANGLE_UNIT ( ) );
#8318 = CARTESIAN_POINT ( 'NONE',  ( 0.09842519685039372000, -0.2322769844133475100, -0.0000000000000000000 ) ) ;
#8319 = MECHANICAL_DESIGN_GEOMETRIC_PRESENTATION_REPRESENTATION (  '', ( #9659 ), #8903 ) ;
#8320 = VECTOR ( 'NONE', #2144, 39.37007874015748100 ) ;
#8321 = VECTOR ( 'NONE', #9291, 39.37007874015748100 ) ;
#8322 = ADVANCED_FACE ( 'NONE', ( #9088 ), #1308, .T. ) ;
#8323 = LINE ( 'NONE', #2117, #3773 ) ;
#8324 = FACE_OUTER_BOUND ( 'NONE', #1426, .T. ) ;
#8326 = VECTOR ( 'NONE', #3056, 39.37007874015748100 ) ;
#8325 = CARTESIAN_POINT ( 'NONE',  ( 0.03484251968503928500, -0.5313388496530164800, 0.7681574803149606700 ) ) ;
#8327 = EDGE_CURVE ( 'NONE', #2074, #11014, #990, .T. ) ;
#8328 = DIRECTION ( 'NONE',  ( -0.9961946980917453200, 0.0000000000000000000, -0.08715574274766166300 ) ) ;
#8329 = TOROIDAL_SURFACE ( 'NONE', #6489, 0.06790100862076549300, 0.005000000000000045200 ) ;
#8330 = PRESENTATION_STYLE_ASSIGNMENT (( #2688 ) ) ;
#8331 = LINE ( 'NONE', #7030, #998 ) ;
#8332 = ORIENTED_EDGE ( 'NONE', *, *, #6143, .F. ) ;
#8333 = CARTESIAN_POINT ( 'NONE',  ( -0.2975000000000024800, -0.2019842793760456800, 0.7479635790510822400 ) ) ;
#8334 = DIRECTION ( 'NONE',  ( -3.441691376337984100E-015, -1.122586608262958800E-030, 1.000000000000000000 ) ) ;
#8335 = ORIENTED_EDGE ( 'NONE', *, *, #3507, .T. ) ;
#8336 = EDGE_LOOP ( 'NONE', ( #74, #278, #2329, #1255 ) ) ;
#8337 = ADVANCED_FACE ( 'NONE', ( #3240 ), #6424, .T. ) ;
#8338 = CARTESIAN_POINT ( 'NONE',  ( -0.2054877302721724000, -0.3775000000000015600, 0.4889530551430127900 ) ) ;
#8339 = CIRCLE ( 'NONE', #6499, 0.009842519685039369900 ) ;
#8340 = LINE ( 'NONE', #10248, #7545 ) ;
#8341 = DIRECTION ( 'NONE',  ( -0.0000000000000000000, -1.000000000000000000, 0.0000000000000000000 ) ) ;
#8342 = DIRECTION ( 'NONE',  ( 1.783999313487422800E-031, 3.412622176065440100E-015, 1.000000000000000000 ) ) ;
#8343 = VERTEX_POINT ( 'NONE', #6390 ) ;
#8344 = ORIENTED_EDGE ( 'NONE', *, *, #5336, .F. ) ;
#8345 = ORIENTED_EDGE ( 'NONE', *, *, #6055, .F. ) ;
#8346 = FILL_AREA_STYLE_COLOUR ( '', #10297 ) ;
#8347 = DIRECTION ( 'NONE',  ( 0.0000000000000000000, 0.0000000000000000000, -1.000000000000000000 ) ) ;
#8348 = ORIENTED_EDGE ( 'NONE', *, *, #515, .F. ) ;
#8349 = PRESENTATION_LAYER_ASSIGNMENT (  '', '', ( #6784 ) ) ;
#8350 = ORIENTED_EDGE ( 'NONE', *, *, #5571, .T. ) ;
#8351 = CARTESIAN_POINT ( 'NONE',  ( 0.3164370078740166800, -0.2438779527559034600, 0.2829999999999988600 ) ) ;
#8352 = ADVANCED_FACE ( 'NONE', ( #4845 ), #8870, .T. ) ;
#8353 = DIRECTION ( 'NONE',  ( 0.0000000000000000000, -0.4413750231038433600, 0.8973227340149595400 ) ) ;
#8354 = VECTOR ( 'NONE', #9819, 39.37007874015748100 ) ;
#8355 = CARTESIAN_POINT ( 'NONE',  ( 0.09842519685039372000, -0.2322769844133475100, 0.01499999999999999900 ) ) ;
#8356 = ORIENTED_EDGE ( 'NONE', *, *, #5605, .T. ) ;
#8357 = LINE ( 'NONE', #4638, #10356 ) ;
#8358 = CARTESIAN_POINT ( 'NONE',  ( -0.2975000000000001000, 0.2524999999999999500, -4.268512490100411300E-018 ) ) ;
#8359 = VERTEX_POINT ( 'NONE', #3739 ) ;
#8360 = CARTESIAN_POINT ( 'NONE',  ( 0.1578740157480314800, -0.01737224260835761400, 0.8122440944881890200 ) ) ;
#8361 = CARTESIAN_POINT ( 'NONE',  ( -0.01515748031496071300, -0.3855000000000022300, 0.6681574803149606900 ) ) ;
#8362 = EDGE_LOOP ( 'NONE', ( #6222, #2310, #2862, #6227, #8515, #9847, #10670, #7427, #2825, #9033, #1191, #7709 ) ) ;
#8363 = DIRECTION ( 'NONE',  ( -2.731847993664292600E-014, 0.0000000000000000000, 1.000000000000000000 ) ) ;
#8364 = ORIENTED_EDGE ( 'NONE', *, *, #1073, .T. ) ;
#8365 = ORIENTED_EDGE ( 'NONE', *, *, #10382, .F. ) ;
#8366 = DIRECTION ( 'NONE',  ( 6.829619984160731600E-015, 0.0000000000000000000, 1.000000000000000000 ) ) ;
#8367 = DIRECTION ( 'NONE',  ( 0.0000000000000000000, 0.0000000000000000000, 1.000000000000000000 ) ) ;
#8368 = ORIENTED_EDGE ( 'NONE', *, *, #6960, .T. ) ;
#8369 = VECTOR ( 'NONE', #6564, 39.37007874015748100 ) ;
#8370 = CARTESIAN_POINT ( 'NONE',  ( 0.3125000000000023900, 0.1087205899187654700, 0.7479635790510845700 ) ) ;
#8371 = ORIENTED_EDGE ( 'NONE', *, *, #7844, .F. ) ;
#8372 = UNCERTAINTY_MEASURE_WITH_UNIT (LENGTH_MEASURE( 1.000000000000000100E-005 ), #7201, 'distance_accuracy_value', 'NONE');
#8373 = LINE ( 'NONE', #1042, #1556 ) ;
#8374 = EDGE_LOOP ( 'NONE', ( #2605, #4811, #8588, #7171 ) ) ;
#8375 = EDGE_LOOP ( 'NONE', ( #7708, #1853, #4956, #6776 ) ) ;
#8376 = EDGE_CURVE ( 'NONE', #5002, #3410, #5090, .T. ) ;
#8377 = ORIENTED_EDGE ( 'NONE', *, *, #8278, .T. ) ;
#8378 = PRESENTATION_LAYER_ASSIGNMENT (  '', '', ( #6108 ) ) ;
#8379 = PLANE ( 'NONE',  #569 ) ;
#8380 = CARTESIAN_POINT ( 'NONE',  ( 0.3125000000000025000, 0.04459782299446937700, 0.7529635790510822400 ) ) ;
#8381 = VECTOR ( 'NONE', #220, 39.37007874015748100 ) ;
#8382 = ORIENTED_EDGE ( 'NONE', *, *, #3604, .T. ) ;
#8383 = ADVANCED_FACE ( 'NONE', ( #7481 ), #8043, .T. ) ;
#8384 = STYLED_ITEM ( 'NONE', ( #170 ), #4967 ) ;
#8385 = DIRECTION ( 'NONE',  ( 0.0000000000000000000, 0.0000000000000000000, 1.000000000000000000 ) ) ;
#8386 = CARTESIAN_POINT ( 'NONE',  ( -0.2966278565449310100, 0.1454527559055146500, 0.7163187439931647500 ) ) ;
#8387 = DIRECTION ( 'NONE',  ( 2.385472965096935500E-016, -1.000000000000000000, -8.643388228686462800E-031 ) ) ;
#8388 = EDGE_CURVE ( 'NONE', #2389, #5860, #5751, .T. ) ;
#8389 = DIRECTION ( 'NONE',  ( -0.0000000000000000000, 1.000000000000000000, -0.0000000000000000000 ) ) ;
#8390 = DIRECTION ( 'NONE',  ( 0.0000000000000000000, -1.000000000000000000, 0.0000000000000000000 ) ) ;
#8391 = DIRECTION ( 'NONE',  ( -1.000000000000000000, -0.0000000000000000000, 3.453004075404071100E-015 ) ) ;
#8392 = FACE_OUTER_BOUND ( 'NONE', #5136, .T. ) ;
#8393 = ORIENTED_EDGE ( 'NONE', *, *, #4959, .T. ) ;
#8394 = CARTESIAN_POINT ( 'NONE',  ( 0.2966278565449310700, -0.1861070463003418300, 0.7690197545653726400 ) ) ;
#8395 = EDGE_CURVE ( 'NONE', #7338, #9398, #7054, .T. ) ;
#8396 = ORIENTED_EDGE ( 'NONE', *, *, #6431, .F. ) ;
#8397 = CARTESIAN_POINT ( 'NONE',  ( -0.2969107443490113200, 0.2675000000000000700, 0.01107300918301271300 ) ) ;
#8398 = DIRECTION ( 'NONE',  ( 0.0000000000000000000, 0.0000000000000000000, 1.000000000000000000 ) ) ;
#8399 = ADVANCED_FACE ( 'NONE', ( #6251, #1828, #6497 ), #5603, .T. ) ;
#8400 = CARTESIAN_POINT ( 'NONE',  ( 0.2054877260567944700, -0.3283524702108943600, 0.3599986745130171500 ) ) ;
#8401 = CARTESIAN_POINT ( 'NONE',  ( 0.2499999999999999700, 0.1522291837916266400, 0.8122440944881890200 ) ) ;
#8402 = ORIENTED_EDGE ( 'NONE', *, *, #3590, .F. ) ;
#8403 = CARTESIAN_POINT ( 'NONE',  ( 0.2966278565449310700, 0.04459782299446937000, 0.7690197545653724200 ) ) ;
#8404 = DIRECTION ( 'NONE',  ( 0.0000000000000000000, 1.000000000000000000, -0.0000000000000000000 ) ) ;
#8405 = SURFACE_STYLE_FILL_AREA ( #8256 ) ;
#8406 = ORIENTED_EDGE ( 'NONE', *, *, #941, .F. ) ;
#8407 = EDGE_CURVE ( 'NONE', #826, #6606, #8910, .T. ) ;
#8408 = AXIS2_PLACEMENT_3D ( 'NONE', #8038, #6353, #6418 ) ;
#8409 = ORIENTED_EDGE ( 'NONE', *, *, #8171, .T. ) ;
#8410 = DIRECTION ( 'NONE',  ( -0.0000000000000000000, 1.000000000000000000, -0.0000000000000000000 ) ) ;
#8411 = AXIS2_PLACEMENT_3D ( 'NONE', #3855, #10744, #532 ) ;
#8412 = CARTESIAN_POINT ( 'NONE',  ( 0.2445122359226354600, -0.2675000000000017400, 0.4889530390574056100 ) ) ;
#8413 = ORIENTED_EDGE ( 'NONE', *, *, #6763, .F. ) ;
#8414 = EDGE_CURVE ( 'NONE', #7026, #3127, #8652, .T. ) ;
#8415 = DIRECTION ( 'NONE',  ( -1.000000000000000000, -2.385472965096935500E-016, -3.441691376337984500E-015 ) ) ;
#8416 = CARTESIAN_POINT ( 'NONE',  ( 0.09566929133858267900, 0.3077060962964917600, 0.1513544460802586400 ) ) ;
#8417 = FACE_OUTER_BOUND ( 'NONE', #5762, .T. ) ;
#8418 = ORIENTED_EDGE ( 'NONE', *, *, #10249, .T. ) ;
#8419 = PLANE ( 'NONE',  #10557 ) ;
#8420 = AXIS2_PLACEMENT_3D ( 'NONE', #6082, #71, #10317 ) ;
#8421 = ORIENTED_EDGE ( 'NONE', *, *, #7025, .F. ) ;
#8422 = PLANE ( 'NONE',  #1875 ) ;
#8423 = DIRECTION ( 'NONE',  ( 0.0000000000000000000, 0.0000000000000000000, -1.000000000000000000 ) ) ;
#8424 = DIRECTION ( 'NONE',  ( 3.346303001498510500E-015, 1.000000000000000000, 0.0000000000000000000 ) ) ;
#8425 = VERTEX_POINT ( 'NONE', #2956 ) ;
#8426 = VECTOR ( 'NONE', #2782, 39.37007874015748100 ) ;
#8427 = ORIENTED_EDGE ( 'NONE', *, *, #8049, .T. ) ;
#8428 = DIRECTION ( 'NONE',  ( 0.0000000000000000000, -0.0000000000000000000, 1.000000000000000000 ) ) ;
#8429 = ORIENTED_EDGE ( 'NONE', *, *, #2736, .T. ) ;
#8430 = DIRECTION ( 'NONE',  ( 1.000000000000000000, 0.0000000000000000000, -0.0000000000000000000 ) ) ;
#8431 = CARTESIAN_POINT ( 'NONE',  ( 0.03031496062992127300, 0.1522291837916265600, 0.0000000000000000000 ) ) ;
#8432 = DIRECTION ( 'NONE',  ( 0.0000000000000000000, 1.000000000000000000, 0.0000000000000000000 ) ) ;
#8433 = PLANE ( 'NONE',  #3082 ) ;
#8434 = ORIENTED_EDGE ( 'NONE', *, *, #5584, .T. ) ;
#8435 = VECTOR ( 'NONE', #10435, 39.37007874015748900 ) ;
#8436 = PLANE ( 'NONE',  #864 ) ;
#8437 = DIRECTION ( 'NONE',  ( -1.000000000000000000, 0.0000000000000000000, -3.453004075404071500E-015 ) ) ;
#8439 = CARTESIAN_POINT ( 'NONE',  ( -0.2816278565449286100, 0.1454527559055147100, -0.005498733049304680600 ) ) ;
#8438 = LINE ( 'NONE', #2281, #6034 ) ;
#8440 = ORIENTED_EDGE ( 'NONE', *, *, #5079, .T. ) ;
#8441 = CARTESIAN_POINT ( 'NONE',  ( -0.2054877305712164400, -0.3312207452180528900, 0.4981012346961267700 ) ) ;
#8442 = AXIS2_PLACEMENT_3D ( 'NONE', #4469, #2751, #9523 ) ;
#8443 = COLOUR_RGB ( '',1.000000000000000000, 1.000000000000000000, 1.000000000000000000 ) ;
#8445 = EDGE_CURVE ( 'NONE', #2061, #5091, #4633, .T. ) ;
#8444 = ADVANCED_FACE ( 'NONE', ( #9686 ), #3816, .F. ) ;
#8446 = ORIENTED_EDGE ( 'NONE', *, *, #425, .T. ) ;
#8447 = CARTESIAN_POINT ( 'NONE',  ( -0.2975000000000000400, -0.2675000000000001300, 0.01500000000000238100 ) ) ;
#8448 = DIRECTION ( 'NONE',  ( 0.0000000000000000000, 1.000000000000000000, 2.551844114882811400E-016 ) ) ;
#8449 = EDGE_CURVE ( 'NONE', #8425, #2622, #6909, .T. ) ;
#8450 = VECTOR ( 'NONE', #3714, 39.37007874015748100 ) ;
#8451 = AXIS2_PLACEMENT_3D ( 'NONE', #5842, #4178, #5925 ) ;
#8452 = ADVANCED_FACE ( 'NONE', ( #6360 ), #5717, .F. ) ;
#8453 = DIRECTION ( 'NONE',  ( 0.0000000000000000000, 1.000000000000000000, -0.0000000000000000000 ) ) ;
#8454 = FACE_OUTER_BOUND ( 'NONE', #7549, .T. ) ;
#8455 = CARTESIAN_POINT ( 'NONE',  ( 0.3065944881889773300, -0.3856102362204703600, 0.2810314960629910500 ) ) ;
#8456 = EDGE_CURVE ( 'NONE', #1277, #9326, #6624, .T. ) ;
#8457 = CYLINDRICAL_SURFACE ( 'NONE', #1046, 0.03937007874015749400 ) ;
#8458 = EDGE_CURVE ( 'NONE', #5604, #1766, #2623, .T. ) ;
#8459 = VECTOR ( 'NONE', #8933, 39.37007874015748100 ) ;
#8461 =( LENGTH_UNIT ( ) NAMED_UNIT ( * ) SI_UNIT ( $, .METRE. ) );
#8460 = VECTOR ( 'NONE', #3692, 39.37007874015748100 ) ;
#8462 = DIRECTION ( 'NONE',  ( 0.0000000000000000000, -1.000000000000000000, 0.0000000000000000000 ) ) ;
#8463 = DIRECTION ( 'NONE',  ( -0.0000000000000000000, 1.000000000000000000, -0.0000000000000000000 ) ) ;
#8464 = ORIENTED_EDGE ( 'NONE', *, *, #8671, .T. ) ;
#8465 = EDGE_CURVE ( 'NONE', #10549, #1277, #2211, .T. ) ;
#8466 = CARTESIAN_POINT ( 'NONE',  ( -0.1151574803149606800, -0.3855000000000022300, 0.6681574803149606900 ) ) ;
#8467 = CARTESIAN_POINT ( 'NONE',  ( -0.2717853368598916500, 0.2426574803149607300, 0.8199999999999999500 ) ) ;
#8468 = AXIS2_PLACEMENT_3D ( 'NONE', #7656, #703, #10950 ) ;
#8469 = PLANE ( 'NONE',  #2249 ) ;
#8470 = DIRECTION ( 'NONE',  ( 0.0000000000000000000, 0.0000000000000000000, 1.000000000000000000 ) ) ;
#8471 = CARTESIAN_POINT ( 'NONE',  ( 0.1799811510861111200, -0.01332677165354327400, 0.2157114503741968100 ) ) ;
#8472 = FACE_OUTER_BOUND ( 'NONE', #4013, .T. ) ;
#8473 = EDGE_LOOP ( 'NONE', ( #1223, #5496, #1291, #10716 ) ) ;
#8474 = ORIENTED_EDGE ( 'NONE', *, *, #2101, .F. ) ;
#8475 = DIRECTION ( 'NONE',  ( 0.0000000000000000000, -0.0000000000000000000, -1.000000000000000000 ) ) ;
#8476 = EDGE_CURVE ( 'NONE', #8091, #9175, #1552, .T. ) ;
#8477 = DIRECTION ( 'NONE',  ( 0.0000000000000000000, -1.000000000000000000, 4.553079989440445400E-015 ) ) ;
#8478 = CARTESIAN_POINT ( 'NONE',  ( 0.1578740157480314800, -0.01737224260835761400, 0.8122440944881890200 ) ) ;
#8479 =( GEOMETRIC_REPRESENTATION_CONTEXT ( 3 ) GLOBAL_UNCERTAINTY_ASSIGNED_CONTEXT ( ( #3713 ) ) GLOBAL_UNIT_ASSIGNED_CONTEXT ( ( #4129, #4210, #2470 ) ) REPRESENTATION_CONTEXT ( 'NONE', 'WORKASPACE' ) );
#8480 = DIRECTION ( 'NONE',  ( -0.0000000000000000000, -1.000000000000000000, 0.0000000000000000000 ) ) ;
#8481 = LINE ( 'NONE', #3191, #7263 ) ;
#8482 = VECTOR ( 'NONE', #10099, 39.37007874015748100 ) ;
#8483 = DIRECTION ( 'NONE',  ( 0.0000000000000000000, -1.000000000000000000, 0.0000000000000000000 ) ) ;
#8484 = EDGE_CURVE ( 'NONE', #5609, #7281, #5980, .T. ) ;
#8485 = VECTOR ( 'NONE', #9341, 39.37007874015748100 ) ;
#8486 = CARTESIAN_POINT ( 'NONE',  ( 0.2925000000000022600, -0.3918093331417165100, 0.6900912614787637600 ) ) ;
#8487 = ORIENTED_EDGE ( 'NONE', *, *, #6899, .F. ) ;
#8488 = VERTEX_POINT ( 'NONE', #10795 ) ;
#8489 = DIRECTION ( 'NONE',  ( -1.000000000000000000, 4.011848926865880900E-016, 0.0000000000000000000 ) ) ;
#8490 = VERTEX_POINT ( 'NONE', #10730 ) ;
#8491 = EDGE_LOOP ( 'NONE', ( #1415, #464, #6464, #1870 ) ) ;
#8492 = VECTOR ( 'NONE', #9462, 39.37007874015748100 ) ;
#8493 = VECTOR ( 'NONE', #6070, 39.37007874015748100 ) ;
#8494 = PRESENTATION_LAYER_ASSIGNMENT (  '', '', ( #6538 ) ) ;
#8495 = DIRECTION ( 'NONE',  ( -8.876942833622265700E-013, 3.469446951953613800E-015, -1.000000000000000000 ) ) ;
#8496 = DIRECTION ( 'NONE',  ( -0.0000000000000000000, 1.000000000000000000, -0.0000000000000000000 ) ) ;
#8497 = ORIENTED_EDGE ( 'NONE', *, *, #8522, .F. ) ;
#8498 = CARTESIAN_POINT ( 'NONE',  ( -0.8015523508438200400, -0.2515000000000000000, 0.2093231818824085000 ) ) ;
#8499 = ORIENTED_EDGE ( 'NONE', *, *, #3826, .T. ) ;
#8500 = ORIENTED_EDGE ( 'NONE', *, *, #5939, .T. ) ;
#8501 = CARTESIAN_POINT ( 'NONE',  ( -0.07440944881889763300, 0.3077060962964917600, 0.1513544460802586400 ) ) ;
#8502 = DIRECTION ( 'NONE',  ( 0.0000000000000000000, 1.000000000000000000, -0.0000000000000000000 ) ) ;
#8503 = ORIENTED_EDGE ( 'NONE', *, *, #8484, .F. ) ;
#8504 = CARTESIAN_POINT ( 'NONE',  ( -0.2975000000000001000, -0.2514999999999994500, -4.268512490100411300E-018 ) ) ;
#8505 = ADVANCED_FACE ( 'NONE', ( #2339 ), #2346, .F. ) ;
#8506 = ORIENTED_EDGE ( 'NONE', *, *, #9703, .T. ) ;
#8507 = SURFACE_SIDE_STYLE ('',( #1705 ) ) ;
#8508 = CYLINDRICAL_SURFACE ( 'NONE', #7205, 0.01968503937007869100 ) ;
#8509 = EDGE_LOOP ( 'NONE', ( #7837, #10018, #8440, #10202 ) ) ;
#8510 = VECTOR ( 'NONE', #8723, 39.37007874015748100 ) ;
#8511 = CARTESIAN_POINT ( 'NONE',  ( -0.2975000000000024800, -0.2019842793760456800, 0.7479635790510822400 ) ) ;
#8512 = EDGE_LOOP ( 'NONE', ( #552, #11030, #4546, #2955 ) ) ;
#8513 = CARTESIAN_POINT ( 'NONE',  ( -0.01220472440944881700, -0.01737224260835761400, 0.8122440944881890200 ) ) ;
#8514 = PLANE ( 'NONE',  #6308 ) ;
#8515 = ORIENTED_EDGE ( 'NONE', *, *, #6891, .T. ) ;
#8516 = EDGE_LOOP ( 'NONE', ( #9932, #8949, #1822, #7705 ) ) ;
#8517 = AXIS2_PLACEMENT_3D ( 'NONE', #6095, #7020, #4481 ) ;
#8518 = CARTESIAN_POINT ( 'NONE',  ( 0.2519685039370078700, 0.1754133858267716600, 0.0000000000000000000 ) ) ;
#8519 = DIRECTION ( 'NONE',  ( -3.498098040667654100E-015, -2.982321770406309100E-015, -1.000000000000000000 ) ) ;
#8520 = DIRECTION ( 'NONE',  ( -7.109629533469704300E-017, 3.483718471400136200E-015, 1.000000000000000000 ) ) ;
#8521 =( CONVERSION_BASED_UNIT ( 'INCH', #2570 ) LENGTH_UNIT ( ) NAMED_UNIT ( #2578 ) );
#8522 = EDGE_CURVE ( 'NONE', #1747, #4166, #5691, .T. ) ;
#8523 = VERTEX_POINT ( 'NONE', #3128 ) ;
#8524 = AXIS2_PLACEMENT_3D ( 'NONE', #156, #2686, #7738 ) ;
#8525 = CARTESIAN_POINT ( 'NONE',  ( -0.2975000000000023700, 0.2525000000000012200, 0.3396922742592156100 ) ) ;
#8526 = ADVANCED_FACE ( 'NONE', ( #4883 ), #1379, .F. ) ;
#8527 = DIRECTION ( 'NONE',  ( -3.268890876087486000E-008, 0.0000000000000000000, 0.9999999999999994400 ) ) ;
#8528 = CARTESIAN_POINT ( 'NONE',  ( 0.3016278565449309600, -0.2515000000000000000, 0.7163187439931625300 ) ) ;
#8529 = ORIENTED_EDGE ( 'NONE', *, *, #4612, .F. ) ;
#8530 = LINE ( 'NONE', #10892, #3964 ) ;
#8531 = ORIENTED_EDGE ( 'NONE', *, *, #8255, .F. ) ;
#8532 = CARTESIAN_POINT ( 'NONE',  ( -0.3125000000000010500, -0.2517928932188134300, 0.3026850393700775700 ) ) ;
#8533 = ORIENTED_EDGE ( 'NONE', *, *, #7468, .T. ) ;
#8534 = CARTESIAN_POINT ( 'NONE',  ( 0.1799811510861111200, 0.06541338582677166900, 0.2157114503741968100 ) ) ;
#8535 = CARTESIAN_POINT ( 'NONE',  ( 0.01515748031496052600, -0.5313388496530164800, 0.7681574803149606700 ) ) ;
#8536 = EDGE_CURVE ( 'NONE', #7155, #9057, #4094, .T. ) ;
#8537 = CARTESIAN_POINT ( 'NONE',  ( 0.2975000000000022100, 0.2454289321881376600, 0.8200000000000021700 ) ) ;
#8538 = DIMENSIONAL_EXPONENTS ( 1.000000000000000000, 0.0000000000000000000, 0.0000000000000000000, 0.0000000000000000000, 0.0000000000000000000, 0.0000000000000000000, 0.0000000000000000000 ) ;
#8539 = VECTOR ( 'NONE', #3997, 39.37007874015748100 ) ;
#8540 = ORIENTED_EDGE ( 'NONE', *, *, #4922, .T. ) ;
#8541 = EDGE_CURVE ( 'NONE', #1154, #7914, #11024, .T. ) ;
#8542 = CARTESIAN_POINT ( 'NONE',  ( -0.1948031496062992700, -0.2052511311690032600, 0.01499999999999999900 ) ) ;
#8543 = DIRECTION ( 'NONE',  ( -0.0000000000000000000, 1.000000000000000000, -0.0000000000000000000 ) ) ;
#8544 = CARTESIAN_POINT ( 'NONE',  ( -0.1651574803149606400, -0.5313388496530164800, 0.7681574803149606700 ) ) ;
#8545 = CARTESIAN_POINT ( 'NONE',  ( 0.2974999999999999300, 0.2520285954792089700, 0.01499999999999999900 ) ) ;
#8546 = AXIS2_PLACEMENT_3D ( 'NONE', #3309, #6743, #4334 ) ;
#8547 = FACE_OUTER_BOUND ( 'NONE', #8879, .T. ) ;
#8548 = CARTESIAN_POINT ( 'NONE',  ( -0.2486744556699771700, 0.06541338582677162800, 1.707404996040164500E-017 ) ) ;
#8549 = EDGE_CURVE ( 'NONE', #4498, #7961, #9147, .T. ) ;
#8550 = CARTESIAN_POINT ( 'NONE',  ( -0.3027359877559830900, 0.2522642977396044000, 0.004999999999999994000 ) ) ;
#8551 = MANIFOLD_SOLID_BREP ( 'Boss-Extrude11[2]', #3799 ) ;
#8552 = ORIENTED_EDGE ( 'NONE', *, *, #7815, .F. ) ;
#8553 = CARTESIAN_POINT ( 'NONE',  ( -0.2249999999999999800, -0.3775000000000014500, 0.4279999999999999400 ) ) ;
#8554 = VECTOR ( 'NONE', #4479, 39.37007874015748100 ) ;
#8555 = ORIENTED_EDGE ( 'NONE', *, *, #5716, .F. ) ;
#8556 = EDGE_CURVE ( 'NONE', #2906, #1166, #247, .T. ) ;
#8557 = DIRECTION ( 'NONE',  ( -2.979517754969636500E-029, -1.000000000000000000, 8.628769876621049200E-015 ) ) ;
#8558 = DIRECTION ( 'NONE',  ( 1.000000000000000000, 0.0000000000000000000, 3.493822457470852400E-015 ) ) ;
#8559 = DIRECTION ( 'NONE',  ( 0.0000000000000000000, -3.469446951953613800E-015, 1.000000000000000000 ) ) ;
#8560 = ORIENTED_EDGE ( 'NONE', *, *, #7652, .T. ) ;
#8561 = CARTESIAN_POINT ( 'NONE',  ( -0.06515748031496067200, -0.2525000000000000600, 0.7681574803149606700 ) ) ;
#8562 = AXIS2_PLACEMENT_3D ( 'NONE', #385, #492, #6316 ) ;
#8563 = CARTESIAN_POINT ( 'NONE',  ( 0.2975000000000026000, 0.1469172219995820200, 0.7214882898114461900 ) ) ;
#8564 = VECTOR ( 'NONE', #1414, 39.37007874015748100 ) ;
#8565 = ORIENTED_EDGE ( 'NONE', *, *, #2138, .F. ) ;
#8566 = CARTESIAN_POINT ( 'NONE',  ( 0.1348425196850392400, -0.3855000000000026200, 0.7681574803149606700 ) ) ;
#8567 = CARTESIAN_POINT ( 'NONE',  ( -0.2816278565449310500, -0.2675000000000022900, 0.6900912614787635400 ) ) ;
#8568 = CARTESIAN_POINT ( 'NONE',  ( 0.2970285954792089000, 0.2675000000000000200, 0.007146018366025476900 ) ) ;
#8569 = ORIENTED_EDGE ( 'NONE', *, *, #6318, .F. ) ;
#8570 = VECTOR ( 'NONE', #574, 39.37007874015748900 ) ;
#8571 = ADVANCED_FACE ( 'NONE', ( #902 ), #2301, .F. ) ;
#8572 = CARTESIAN_POINT ( 'NONE',  ( 0.2816278565449311700, -0.2675000000000001800, 0.6900912614787635400 ) ) ;
#8573 = FACE_OUTER_BOUND ( 'NONE', #7011, .T. ) ;
#8574 = EDGE_LOOP ( 'NONE', ( #6341, #10229, #3669, #8832 ) ) ;
#8575 = DIRECTION ( 'NONE',  ( -1.000000000000000000, -0.0000000000000000000, -0.0000000000000000000 ) ) ;
#8576 = DIRECTION ( 'NONE',  ( -0.0000000000000000000, 1.000000000000000000, -3.491481338843133700E-015 ) ) ;
#8577 = DIRECTION ( 'NONE',  ( 0.0000000000000000000, 1.000000000000000000, 0.0000000000000000000 ) ) ;
#8578 = LINE ( 'NONE', #8360, #415 ) ;
#8579 = AXIS2_PLACEMENT_3D ( 'NONE', #7524, #1506, #10086 ) ;
#8580 = ORIENTED_EDGE ( 'NONE', *, *, #6730, .F. ) ;
#8581 = CARTESIAN_POINT ( 'NONE',  ( -0.3016278565449311300, 0.3252500136692980100, 0.7163187439931647500 ) ) ;
#8582 = CARTESIAN_POINT ( 'NONE',  ( 0.2975000000000021500, 0.2675000000000032400, 0.3396922742592156100 ) ) ;
#8583 = VECTOR ( 'NONE', #5802, 39.37007874015748100 ) ;
#8584 = VECTOR ( 'NONE', #10973, 39.37007874015748100 ) ;
#8585 = STYLED_ITEM ( 'NONE', ( #6066 ), #948 ) ;
#8586 = CARTESIAN_POINT ( 'NONE',  ( -0.3025000000000001000, 0.2517928932188134300, 0.01499999999999998400 ) ) ;
#8587 = CARTESIAN_POINT ( 'NONE',  ( -0.09724409448818897800, -0.01737224260835761400, 0.8122440944881890200 ) ) ;
#8588 = ORIENTED_EDGE ( 'NONE', *, *, #10334, .T. ) ;
#8589 = DIRECTION ( 'NONE',  ( 0.0000000000000000000, 0.0000000000000000000, 1.000000000000000000 ) ) ;
#8590 = VECTOR ( 'NONE', #8033, 39.37007874015748100 ) ;
#8591 = CARTESIAN_POINT ( 'NONE',  ( -0.07440944881889763300, 0.0000000000000000000, 0.8122440944881890200 ) ) ;
#8592 = VERTEX_POINT ( 'NONE', #871 ) ;
#8593 = VECTOR ( 'NONE', #9600, 39.37007874015748100 ) ;
#8594 = CARTESIAN_POINT ( 'NONE',  ( -0.2816278565449310500, 0.2426574803149606500, 0.02484251968503935600 ) ) ;
#8595 = CIRCLE ( 'NONE', #6137, 0.004999999999999946300 ) ;
#8596 = EDGE_CURVE ( 'NONE', #9823, #8898, #10745, .T. ) ;
#8597 = CARTESIAN_POINT ( 'NONE',  ( 0.3125000000000022800, 0.1454527559055146500, 0.6900912614787636500 ) ) ;
#8598 = DIRECTION ( 'NONE',  ( 3.441691376337984900E-015, 0.0000000000000000000, 1.000000000000000000 ) ) ;
#8599 = EDGE_CURVE ( 'NONE', #5875, #4870, #4509, .T. ) ;
#8600 = ORIENTED_EDGE ( 'NONE', *, *, #6800, .F. ) ;
#8601 = CARTESIAN_POINT ( 'NONE',  ( -0.09842519685039372000, -0.2674999999999999600, 0.01499999999999999900 ) ) ;
#8602 = FACE_OUTER_BOUND ( 'NONE', #1685, .T. ) ;
#8603 = CARTESIAN_POINT ( 'NONE',  ( -0.1594488188976377900, 0.3255628348940304800, 0.1601378170038762200 ) ) ;
#8604 = LINE ( 'NONE', #1878, #2717 ) ;
#8606 = AXIS2_PLACEMENT_3D ( 'NONE', #918, #9443, #1768 ) ;
#8605 = CARTESIAN_POINT ( 'NONE',  ( 0.2967928932188134100, 0.2625000000000000100, 0.01499999999999996600 ) ) ;
#8607 = VECTOR ( 'NONE', #6794, 39.37007874015748100 ) ;
#8608 = LINE ( 'NONE', #10695, #1504 ) ;
#8609 = DIRECTION ( 'NONE',  ( -1.762305625697248600E-030, -1.000000000000000000, 5.103688229765622800E-016 ) ) ;
#8610 = EDGE_CURVE ( 'NONE', #10624, #2661, #2893, .T. ) ;
#8611 = PLANE ( 'NONE',  #1710 ) ;
#8612 = FACE_OUTER_BOUND ( 'NONE', #8913, .T. ) ;
#8613 = CYLINDRICAL_SURFACE ( 'NONE', #3992, 0.004999999999999946300 ) ;
#8614 = DIRECTION ( 'NONE',  ( 0.9961946980917451000, 0.0000000000000000000, -0.08715574274766177400 ) ) ;
#8615 = MANIFOLD_SOLID_BREP ( 'Boss-Extrude11[1]', #4004 ) ;
#8616 = LINE ( 'NONE', #3515, #5268 ) ;
#8617 = DIRECTION ( 'NONE',  ( -0.0000000000000000000, -0.0000000000000000000, -1.000000000000000000 ) ) ;
#8618 = ORIENTED_EDGE ( 'NONE', *, *, #1971, .T. ) ;
#8619 = ORIENTED_EDGE ( 'NONE', *, *, #10974, .F. ) ;
#8620 = VERTEX_POINT ( 'NONE', #19 ) ;
#8621 = ORIENTED_EDGE ( 'NONE', *, *, #6949, .T. ) ;
#8622 = EDGE_CURVE ( 'NONE', #2013, #840, #5155, .T. ) ;
#8623 = CARTESIAN_POINT ( 'NONE',  ( 0.3125000000000022800, 0.2525000000000033300, 0.3396922742592156700 ) ) ;
#8624 = PLANE ( 'NONE',  #884 ) ;
#8625 = VECTOR ( 'NONE', #3275, 39.37007874015748100 ) ;
#8626 = DIRECTION ( 'NONE',  ( 2.237499376342115700E-016, -1.000000000000000000, 6.861664754115823700E-015 ) ) ;
#8627 = DIRECTION ( 'NONE',  ( 0.0000000000000000000, 1.000000000000000000, 0.0000000000000000000 ) ) ;
#8628 = FACE_OUTER_BOUND ( 'NONE', #5184, .T. ) ;
#8629 = EDGE_CURVE ( 'NONE', #7074, #10945, #3007, .T. ) ;
#8630 = CARTESIAN_POINT ( 'NONE',  ( -0.1151574803149606800, -0.5313388496530164800, 0.6681574803149606900 ) ) ;
#8631 = ADVANCED_FACE ( 'NONE', ( #10611 ), #5005, .F. ) ;
#8632 = AXIS2_PLACEMENT_3D ( 'NONE', #9073, #1429, #7407 ) ;
#8633 = ORIENTED_EDGE ( 'NONE', *, *, #8833, .T. ) ;
#8634 = DIRECTION ( 'NONE',  ( -1.762305625697248600E-030, 1.000000000000000000, -5.103688229765622800E-016 ) ) ;
#8635 = ORIENTED_EDGE ( 'NONE', *, *, #728, .T. ) ;
#8636 = ORIENTED_EDGE ( 'NONE', *, *, #48, .T. ) ;
#8637 = CARTESIAN_POINT ( 'NONE',  ( 0.0000000000000000000, 0.0000000000000000000, 0.0000000000000000000 ) ) ;
#8638 = VERTEX_POINT ( 'NONE', #1648 ) ;
#8639 = VERTEX_POINT ( 'NONE', #2499 ) ;
#8641 = EDGE_CURVE ( 'NONE', #8238, #802, #746, .T. ) ;
#8640 = VERTEX_POINT ( 'NONE', #8412 ) ;
#8642 = FACE_OUTER_BOUND ( 'NONE', #7077, .T. ) ;
#8643 = DIRECTION ( 'NONE',  ( 0.0000000000000000000, 0.0000000000000000000, 1.000000000000000000 ) ) ;
#8644 = VERTEX_POINT ( 'NONE', #1696 ) ;
#8645 = ORIENTED_EDGE ( 'NONE', *, *, #10909, .T. ) ;
#8646 = VERTEX_POINT ( 'NONE', #10995 ) ;
#8647 = DIMENSIONAL_EXPONENTS ( 1.000000000000000000, 0.0000000000000000000, 0.0000000000000000000, 0.0000000000000000000, 0.0000000000000000000, 0.0000000000000000000, 0.0000000000000000000 ) ;
#8648 = DIRECTION ( 'NONE',  ( -1.000000000000000000, 0.0000000000000000000, -3.623343611582382000E-015 ) ) ;
#8649 = EDGE_LOOP ( 'NONE', ( #2268, #9956, #4364, #6243 ) ) ;
#8650 = MECHANICAL_DESIGN_GEOMETRIC_PRESENTATION_REPRESENTATION (  '', ( #4975 ), #9182 ) ;
#8651 = ORIENTED_EDGE ( 'NONE', *, *, #269, .T. ) ;
#8652 = LINE ( 'NONE', #2094, #5167 ) ;
#8653 = DIRECTION ( 'NONE',  ( 1.000000000000000000, 0.0000000000000000000, -3.623343611582382800E-015 ) ) ;
#8654 = ORIENTED_EDGE ( 'NONE', *, *, #2878, .F. ) ;
#8655 = EDGE_LOOP ( 'NONE', ( #6533, #6, #9551, #5850 ) ) ;
#8656 = CARTESIAN_POINT ( 'NONE',  ( 0.2816278565449311700, -0.1771838596522949400, 0.6900912614787635400 ) ) ;
#8657 = VECTOR ( 'NONE', #4092, 39.37007874015748100 ) ;
#8658 = ORIENTED_EDGE ( 'NONE', *, *, #8843, .T. ) ;
#8659 = EDGE_LOOP ( 'NONE', ( #7022, #3257, #7179, #8645 ) ) ;
#8660 = DIRECTION ( 'NONE',  ( 0.0000000000000000000, 0.0000000000000000000, 1.000000000000000000 ) ) ;
#8661 = ORIENTED_EDGE ( 'NONE', *, *, #8093, .T. ) ;
#8662 = PLANE ( 'NONE',  #5554 ) ;
#8663 = CARTESIAN_POINT ( 'NONE',  ( 0.1976555047254741900, 0.06541338582677166900, 0.01369266385878507300 ) ) ;
#8664 = ORIENTED_EDGE ( 'NONE', *, *, #1784, .T. ) ;
#8665 = DIRECTION ( 'NONE',  ( 1.000000000000000000, 0.0000000000000000000, 0.0000000000000000000 ) ) ;
#8666 = AXIS2_PLACEMENT_3D ( 'NONE', #2550, #9374, #927 ) ;
#8667 = LINE ( 'NONE', #7940, #5569 ) ;
#8668 = EDGE_LOOP ( 'NONE', ( #9710, #7230 ) ) ;
#8669 = CARTESIAN_POINT ( 'NONE',  ( 0.3125000000000026100, 0.1504527559055081600, 0.4417395183537080100 ) ) ;
#8670 = DIRECTION ( 'NONE',  ( 0.0000000000000000000, 6.938893903907222900E-015, 1.000000000000000000 ) ) ;
#8671 = EDGE_CURVE ( 'NONE', #7883, #2083, #4499, .T. ) ;
#8672 = EDGE_CURVE ( 'NONE', #6811, #3202, #2884, .T. ) ;
#8673 = CARTESIAN_POINT ( 'NONE',  ( 0.2975000000000021000, 0.2960961371296065300, 0.2960961371296135800 ) ) ;
#8674 = CARTESIAN_POINT ( 'NONE',  ( -0.2054877302721722900, -0.6172700275952924800, 0.4889530518230032500 ) ) ;
#8675 =( CONVERSION_BASED_UNIT ( 'INCH', #1659 ) LENGTH_UNIT ( ) NAMED_UNIT ( #10130 ) );
#8676 = B_SPLINE_CURVE_WITH_KNOTS ( 'NONE', 3,
 ( #6792, #4064, #5038, #10906, #4110, #6639, #4950, #5817, #1681, #9317, #6674, #1636, #1566, #2405, #8400, #3279, #1603, #5853, #10017, #9246, #4146, #10098 ),
 .UNSPECIFIED., .F., .F.,
 ( 4, 3, 3, 3, 3, 3, 3, 4 ),
 ( 0.0007750684776666900200, 0.0007872986927243351100, 0.0008118379428913424100, 0.0008535423322506591600, 0.0008951955884913952600, 0.0009376342287347517500, 0.0009816633784730424300, 0.001002462115553182200 ),
 .UNSPECIFIED. ) ;
#8677 = CARTESIAN_POINT ( 'NONE',  ( 0.2094541919655777400, -0.01332677165354329200, 0.05093875028552515700 ) ) ;
#8678 = LINE ( 'NONE', #7555, #10109 ) ;
#8679 = ORIENTED_EDGE ( 'NONE', *, *, #2665, .T. ) ;
#8680 = CARTESIAN_POINT ( 'NONE',  ( -0.01515748031496071300, -0.5313388496530164800, 0.6878425196850395100 ) ) ;
#8681 = AXIS2_PLACEMENT_3D ( 'NONE', #2363, #7492, #10010 ) ;
#8682 = CARTESIAN_POINT ( 'NONE',  ( 0.3125000000000025000, -0.1811070463003417700, 0.7479635790510822400 ) ) ;
#8683 = ORIENTED_EDGE ( 'NONE', *, *, #3298, .T. ) ;
#8684 = EDGE_CURVE ( 'NONE', #9155, #6253, #235, .T. ) ;
#8685 = EDGE_CURVE ( 'NONE', #2206, #8638, #5023, .T. ) ;
#8686 = CARTESIAN_POINT ( 'NONE',  ( -0.1594488188976377900, 0.004804859663680982400, 0.8122440944881890200 ) ) ;
#8687 = ORIENTED_EDGE ( 'NONE', *, *, #124, .F. ) ;
#8688 = CARTESIAN_POINT ( 'NONE',  ( 0.2417957872900946800, 0.04959782299446938200, 0.7479635790510820200 ) ) ;
#8689 = PLANE ( 'NONE',  #6942 ) ;
#8690 = VECTOR ( 'NONE', #4817, 39.37007874015748100 ) ;
#8691 = EDGE_LOOP ( 'NONE', ( #2816, #8371, #531, #7082 ) ) ;
#8692 = ORIENTED_EDGE ( 'NONE', *, *, #6899, .T. ) ;
#8693 = CARTESIAN_POINT ( 'NONE',  ( -0.2717853368598915400, -0.2525000000000000600, 0.01499999999999999900 ) ) ;
#8694 = DIRECTION ( 'NONE',  ( 0.0000000000000000000, 1.000000000000000000, 0.0000000000000000000 ) ) ;
#8695 = DIRECTION ( 'NONE',  ( -1.000000000000000000, -0.0000000000000000000, -0.0000000000000000000 ) ) ;
#8696 = AXIS2_PLACEMENT_3D ( 'NONE', #986, #1838, #4421 ) ;
#8697 = ORIENTED_EDGE ( 'NONE', *, *, #1698, .F. ) ;
#8698 = CARTESIAN_POINT ( 'NONE',  ( 0.3125000000000010500, -0.3856102362204703600, 0.3026850393700775700 ) ) ;
#8699 = DIRECTION ( 'NONE',  ( -1.000000000000000000, 0.0000000000000000000, 0.0000000000000000000 ) ) ;
#8700 = LINE ( 'NONE', #2950, #3610 ) ;
#8701 = ORIENTED_EDGE ( 'NONE', *, *, #2095, .F. ) ;
#8702 = EDGE_CURVE ( 'NONE', #8778, #7155, #7290, .T. ) ;
#8703 = ADVANCED_FACE ( 'NONE', ( #2764 ), #352, .T. ) ;
#8704 = CARTESIAN_POINT ( 'NONE',  ( 0.2967928932188132500, 0.2675000000000032400, 0.3396922742592156100 ) ) ;
#8705 = ORIENTED_EDGE ( 'NONE', *, *, #4539, .F. ) ;
#8706 = EDGE_CURVE ( 'NONE', #8091, #620, #483, .T. ) ;
#8707 = DIRECTION ( 'NONE',  ( 1.000000000000000000, 1.266221515311538300E-016, -0.0000000000000000000 ) ) ;
#8708 = SURFACE_SIDE_STYLE ('',( #5680 ) ) ;
#8709 = EDGE_LOOP ( 'NONE', ( #302, #332, #2195, #9815 ) ) ;
#8711 = CARTESIAN_POINT ( 'NONE',  ( -0.2445122359228323100, -0.3675427394653175700, 0.3723417804207143600 ) ) ;
#8710 = LINE ( 'NONE', #5204, #9863 ) ;
#8712 = EDGE_LOOP ( 'NONE', ( #790, #2864, #10351, #4511, #3807, #1617, #6303, #6736, #3503, #7163, #7096, #9180 ) ) ;
#8713 = DIRECTION ( 'NONE',  ( 0.0000000000000000000, 0.0000000000000000000, 1.000000000000000000 ) ) ;
#8714 = LINE ( 'NONE', #5841, #10934 ) ;
#8715 = CARTESIAN_POINT ( 'NONE',  ( 0.2417957872900946800, 0.04959782299446938200, 0.7479635790510820200 ) ) ;
#8716 = AXIS2_PLACEMENT_3D ( 'NONE', #11041, #8453, #5834 ) ;
#8717 = DIRECTION ( 'NONE',  ( -0.0000000000000000000, 1.000000000000000000, -0.0000000000000000000 ) ) ;
#8718 = ORIENTED_EDGE ( 'NONE', *, *, #10734, .F. ) ;
#8719 = ADVANCED_FACE ( 'NONE', ( #6237 ), #2655, .T. ) ;
#8720 = DIRECTION ( 'NONE',  ( 0.5773502691896259500, -0.5773502691896262900, -0.5773502691896251800 ) ) ;
#8721 = LINE ( 'NONE', #5102, #2541 ) ;
#8722 = EDGE_LOOP ( 'NONE', ( #2880, #3797, #8040 ) ) ;
#8723 = DIRECTION ( 'NONE',  ( 3.268890873095160100E-008, 0.0000000000000000000, 0.9999999999999994400 ) ) ;
#8724 = LINE ( 'NONE', #3801, #2409 ) ;
#8725 = VERTEX_POINT ( 'NONE', #9510 ) ;
#8726 = CARTESIAN_POINT ( 'NONE',  ( 0.2967928932188134100, 0.2525000000000028300, 0.8199999999999999500 ) ) ;
#8727 = CARTESIAN_POINT ( 'NONE',  ( 0.2519685039370078700, 0.1754133858267716600, 0.01499999999999999900 ) ) ;
#8728 = FACE_OUTER_BOUND ( 'NONE', #9271, .T. ) ;
#8729 = SURFACE_STYLE_FILL_AREA ( #9610 ) ;
#8730 = DIRECTION ( 'NONE',  ( -3.623343611582382000E-015, 0.0000000000000000000, 1.000000000000000000 ) ) ;
#8731 = FACE_BOUND ( 'NONE', #5553, .T. ) ;
#8732 = DIRECTION ( 'NONE',  ( 3.268890876087486000E-008, 0.0000000000000000000, 0.9999999999999994400 ) ) ;
#8733 = AXIS2_PLACEMENT_3D ( 'NONE', #9857, #10855, #7483 ) ;
#8734 = CARTESIAN_POINT ( 'NONE',  ( 0.3125000000000022800, 0.0000000000000000000, 0.6900912614787637600 ) ) ;
#8735 = EDGE_CURVE ( 'NONE', #7559, #5790, #10490, .T. ) ;
#8736 = DIRECTION ( 'NONE',  ( -1.000000000000000000, -0.0000000000000000000, -0.0000000000000000000 ) ) ;
#8737 = CARTESIAN_POINT ( 'NONE',  ( -0.3065944881889773300, -0.3856102362204703600, 0.2849685039370067900 ) ) ;
#8738 = AXIS2_PLACEMENT_3D ( 'NONE', #897, #7732, #2520 ) ;
#8739 = CIRCLE ( 'NONE', #929, 0.004999999999999946300 ) ;
#8740 = CARTESIAN_POINT ( 'NONE',  ( -0.1948031496062992700, 0.0000000000000000000, 0.01499999999999999900 ) ) ;
#8741 = FACE_OUTER_BOUND ( 'NONE', #8200, .T. ) ;
#8742 = VECTOR ( 'NONE', #3959, 39.37007874015748100 ) ;
#8743 = CARTESIAN_POINT ( 'NONE',  ( 0.2975000000000023200, -0.2515000000000000600, 0.8350000000000034100 ) ) ;
#8744 = CARTESIAN_POINT ( 'NONE',  ( -0.2967928932188135200, 0.2525000000000028300, 0.8199999999999999500 ) ) ;
#8745 = ORIENTED_EDGE ( 'NONE', *, *, #5181, .F. ) ;
#8746 = CARTESIAN_POINT ( 'NONE',  ( -0.3125000000000023900, 0.2525000000000012800, 0.3396922742592156700 ) ) ;
#8747 = EDGE_CURVE ( 'NONE', #3517, #3138, #10085, .T. ) ;
#8748 = VECTOR ( 'NONE', #6734, 39.37007874015748900 ) ;
#8749 = CARTESIAN_POINT ( 'NONE',  ( -0.01515748031496071300, -0.2525000000000000600, 0.6681574803149606900 ) ) ;
#8750 = CIRCLE ( 'NONE', #1041, 0.009842519685039378600 ) ;
#8751 = ORIENTED_EDGE ( 'NONE', *, *, #5321, .F. ) ;
#8752 = EDGE_CURVE ( 'NONE', #9944, #10117, #3287, .T. ) ;
#8753 = VECTOR ( 'NONE', #11042, 39.37007874015748100 ) ;
#8754 = CARTESIAN_POINT ( 'NONE',  ( 0.09842519685039370600, -0.2322769844133475100, 0.01499999999999999900 ) ) ;
#8755 = ADVANCED_FACE ( 'NONE', ( #7044 ), #1727, .F. ) ;
#8756 = VECTOR ( 'NONE', #3156, 39.37007874015748100 ) ;
#8757 = VECTOR ( 'NONE', #1793, 39.37007874015748100 ) ;
#8758 = CARTESIAN_POINT ( 'NONE',  ( 0.1848425196850392300, -0.2525000000000000600, 0.6681574803149605800 ) ) ;
#8759 = AXIS2_PLACEMENT_3D ( 'NONE', #1774, #9373, #113 ) ;
#8760 = FACE_OUTER_BOUND ( 'NONE', #4935, .T. ) ;
#8761 = DIRECTION ( 'NONE',  ( 0.0000000000000000000, 0.0000000000000000000, -1.000000000000000000 ) ) ;
#8762 = ORIENTED_EDGE ( 'NONE', *, *, #1342, .T. ) ;
#8763 = ORIENTED_EDGE ( 'NONE', *, *, #8327, .F. ) ;
#8764 = ORIENTED_EDGE ( 'NONE', *, *, #8316, .T. ) ;
#8765 = EDGE_CURVE ( 'NONE', #10084, #7882, #3568, .T. ) ;
#8766 = PLANE ( 'NONE',  #10168 ) ;
#8767 = ORIENTED_EDGE ( 'NONE', *, *, #10839, .T. ) ;
#8768 = CARTESIAN_POINT ( 'NONE',  ( -0.2054877260417568000, -0.3286924049315635400, 0.3595386517889881400 ) ) ;
#8769 = LINE ( 'NONE', #1804, #8493 ) ;
#8770 = DIRECTION ( 'NONE',  ( -1.000000000000000000, 0.0000000000000000000, 0.0000000000000000000 ) ) ;
#8771 = DIRECTION ( 'NONE',  ( -2.300443207314164900E-031, -3.412622176065438900E-015, -1.000000000000000000 ) ) ;
#8772 = ADVANCED_FACE ( 'NONE', ( #9020 ), #9674, .T. ) ;
#8773 = EDGE_CURVE ( 'NONE', #4599, #5570, #7158, .T. ) ;
#8774 = ORIENTED_EDGE ( 'NONE', *, *, #1931, .F. ) ;
#8775 = DIRECTION ( 'NONE',  ( -1.000000000000000000, -1.458800866809831900E-016, 3.623343611582382000E-015 ) ) ;
#8776 = EDGE_LOOP ( 'NONE', ( #4627, #8365, #5433, #4560 ) ) ;
#8777 = ORIENTED_EDGE ( 'NONE', *, *, #8596, .T. ) ;
#8778 = VERTEX_POINT ( 'NONE', #8686 ) ;
#8779 = FACE_OUTER_BOUND ( 'NONE', #10784, .T. ) ;
#8780 = VERTEX_POINT ( 'NONE', #3522 ) ;
#8781 = VECTOR ( 'NONE', #9468, 39.37007874015748100 ) ;
#8782 = CARTESIAN_POINT ( 'NONE',  ( -0.2816278565449310500, -0.1771838596522949400, 0.02484251968503935600 ) ) ;
#8783 = EDGE_CURVE ( 'NONE', #1305, #6693, #6485, .T. ) ;
#8784 = AXIS2_PLACEMENT_3D ( 'NONE', #1234, #4772, #7207 ) ;
#8785 = PLANE ( 'NONE',  #9051 ) ;
#8786 = ORIENTED_EDGE ( 'NONE', *, *, #5573, .T. ) ;
#8787 = CARTESIAN_POINT ( 'NONE',  ( -0.3125000000000023900, 0.09284335684306160900, 0.7690197545653728600 ) ) ;
#8788 = VERTEX_POINT ( 'NONE', #8566 ) ;
#8789 = VERTEX_POINT ( 'NONE', #9440 ) ;
#8790 = DIRECTION ( 'NONE',  ( 1.000000000000000000, 0.0000000000000000000, -0.0000000000000000000 ) ) ;
#8791 = EDGE_CURVE ( 'NONE', #1135, #4876, #11010, .T. ) ;
#8792 = ORIENTED_EDGE ( 'NONE', *, *, #10700, .T. ) ;
#8793 = CARTESIAN_POINT ( 'NONE',  ( -0.2445122359226354600, -0.6172700275952924800, 0.4889530390574056100 ) ) ;
#8794 = DIRECTION ( 'NONE',  ( 0.0000000000000000000, 0.0000000000000000000, -1.000000000000000000 ) ) ;
#8795 = ORIENTED_EDGE ( 'NONE', *, *, #9053, .F. ) ;
#8796 = CARTESIAN_POINT ( 'NONE',  ( 0.2755905511811023700, -0.1324212598425196800, 0.0000000000000000000 ) ) ;
#8797 = FACE_OUTER_BOUND ( 'NONE', #1218, .T. ) ;
#8798 = ORIENTED_EDGE ( 'NONE', *, *, #9837, .T. ) ;
#8799 = DIRECTION ( 'NONE',  ( -3.623343611582382000E-015, 0.0000000000000000000, 1.000000000000000000 ) ) ;
#8800 = AXIS2_PLACEMENT_3D ( 'NONE', #2526, #854, #10175 ) ;
#8801 = CARTESIAN_POINT ( 'NONE',  ( 0.2966278565449310700, 0.04459782299446940500, 0.7529635790510820200 ) ) ;
#8802 = ORIENTED_EDGE ( 'NONE', *, *, #7535, .T. ) ;
#8803 = CARTESIAN_POINT ( 'NONE',  ( -0.2975000000000025400, 0.1087205899187654700, 0.7479635790510822400 ) ) ;
#8804 = AXIS2_PLACEMENT_3D ( 'NONE', #1412, #7316, #3960 ) ;
#8805 = CARTESIAN_POINT ( 'NONE',  ( -0.2054877259857949600, -0.3333222692691878400, 0.3578266993711259900 ) ) ;
#8806 = LINE ( 'NONE', #3308, #7313 ) ;
#8807 = ORIENTED_EDGE ( 'NONE', *, *, #9314, .F. ) ;
#8808 = DIRECTION ( 'NONE',  ( 8.876942833622265700E-013, 0.0000000000000000000, -1.000000000000000000 ) ) ;
#8809 = DIRECTION ( 'NONE',  ( 3.441691376337984900E-015, 0.0000000000000000000, -1.000000000000000000 ) ) ;
#8810 = AXIS2_PLACEMENT_3D ( 'NONE', #3956, #6413, #8930 ) ;
#8811 = ADVANCED_FACE ( 'NONE', ( #6897 ), #5237, .T. ) ;
#8812 = EDGE_CURVE ( 'NONE', #3938, #4166, #4238, .T. ) ;
#8813 = LINE ( 'NONE', #6453, #1125 ) ;
#8814 = PLANE ( 'NONE',  #7798 ) ;
#8815 = EDGE_CURVE ( 'NONE', #3813, #10580, #1954, .T. ) ;
#8816 = CARTESIAN_POINT ( 'NONE',  ( 0.01515748031496052900, -0.3855000000000025600, 0.7681574803149606700 ) ) ;
#8817 = CARTESIAN_POINT ( 'NONE',  ( 0.3164370078740166800, -0.2438779527559034600, 0.2829999999999988600 ) ) ;
#8818 = ORIENTED_EDGE ( 'NONE', *, *, #2207, .T. ) ;
#8819 = CARTESIAN_POINT ( 'NONE',  ( -0.2445122359226401800, -0.3675427394653139100, 0.4836582195793567300 ) ) ;
#8820 = AXIS2_PLACEMENT_3D ( 'NONE', #5535, #9065, #6395 ) ;
#8821 = ADVANCED_FACE ( 'NONE', ( #6764 ), #1662, .F. ) ;
#8822 = FACE_OUTER_BOUND ( 'NONE', #932, .T. ) ;
#8823 = ORIENTED_EDGE ( 'NONE', *, *, #747, .F. ) ;
#8824 = CARTESIAN_POINT ( 'NONE',  ( 0.2717853368598917600, 0.2525000000000000600, 1.576493224244851900 ) ) ;
#8825 = EDGE_CURVE ( 'NONE', #7977, #1708, #10735, .T. ) ;
#8826 = CARTESIAN_POINT ( 'NONE',  ( 0.2975000000000008700, -0.2517928932188134300, 0.2633149606299202100 ) ) ;
#8827 = DIRECTION ( 'NONE',  ( -0.7071067811865487900, 0.0000000000000000000, -0.7071067811865463500 ) ) ;
#8828 = CARTESIAN_POINT ( 'NONE',  ( -0.2717853368598916500, -0.2525000000000000600, 0.02484251968503935600 ) ) ;
#8829 = VERTEX_POINT ( 'NONE', #9414 ) ;
#8830 = CARTESIAN_POINT ( 'NONE',  ( -0.3125000000000000600, 0.2517928932188134800, 0.01499999999999994700 ) ) ;
#8831 = VECTOR ( 'NONE', #4774, 39.37007874015748100 ) ;
#8832 = ORIENTED_EDGE ( 'NONE', *, *, #8014, .T. ) ;
#8833 = EDGE_CURVE ( 'NONE', #9455, #4619, #5966, .T. ) ;
#8834 = CARTESIAN_POINT ( 'NONE',  ( 0.2445122359228323100, -0.3675427394653175700, 0.3723417804207143600 ) ) ;
#8835 = CARTESIAN_POINT ( 'NONE',  ( 0.2966278565449311200, 0.04959782299446936100, 0.7740197545653725300 ) ) ;
#8836 = VERTEX_POINT ( 'NONE', #115 ) ;
#8837 = EDGE_CURVE ( 'NONE', #5091, #2389, #5682, .T. ) ;
#8838 = AXIS2_PLACEMENT_3D ( 'NONE', #3436, #5105, #2602 ) ;
#8839 = CARTESIAN_POINT ( 'NONE',  ( 0.0000000000000000000, 5.835197631456062400E-015, 0.8200000000000017300 ) ) ;
#8840 = VERTEX_POINT ( 'NONE', #11011 ) ;
#8841 = DIRECTION ( 'NONE',  ( -3.623343611582458500E-015, 0.0000000000000000000, 1.000000000000000000 ) ) ;
#8842 = ORIENTED_EDGE ( 'NONE', *, *, #5365, .F. ) ;
#8843 = EDGE_CURVE ( 'NONE', #5609, #23, #888, .T. ) ;
#8844 = VECTOR ( 'NONE', #8231, 39.37007874015748900 ) ;
#8845 = CARTESIAN_POINT ( 'NONE',  ( -0.2519685039370078700, 0.06541338582677166900, 0.01499999999999999900 ) ) ;
#8846 = VECTOR ( 'NONE', #4912, 39.37007874015748100 ) ;
#8847 = VECTOR ( 'NONE', #6586, 39.37007874015748100 ) ;
#8848 = DIRECTION ( 'NONE',  ( 0.0000000000000000000, 0.4413750231038431300, -0.8973227340149595400 ) ) ;
#8849 = LINE ( 'NONE', #4865, #6302 ) ;
#8850 = VERTEX_POINT ( 'NONE', #5920 ) ;
#8851 = CIRCLE ( 'NONE', #2315, 0.004999999999999946300 ) ;
#8852 = AXIS2_PLACEMENT_3D ( 'NONE', #10515, #2805, #4593 ) ;
#8853 = CLOSED_SHELL ( 'NONE', ( #3710, #4813, #955, #10573, #1230, #9729 ) ) ;
#8854 = DIRECTION ( 'NONE',  ( -1.458800866809831900E-016, -1.000000000000000000, -6.205123719535811900E-031 ) ) ;
#8855 = DIRECTION ( 'NONE',  ( 0.5773502691896262900, 0.5773502691896255100, -0.5773502691896252900 ) ) ;
#8856 = LINE ( 'NONE', #150, #2029 ) ;
#8857 = CARTESIAN_POINT ( 'NONE',  ( 0.1651574803149604700, -0.2525000000000000600, 0.6878425196850395100 ) ) ;
#8858 = ADVANCED_FACE ( 'NONE', ( #8220 ), #6080, .T. ) ;
#8859 = CIRCLE ( 'NONE', #4809, 0.009842519685039378600 ) ;
#8860 = CARTESIAN_POINT ( 'NONE',  ( -0.2925000000000024200, 0.1454527559055146500, 0.6900912614787658700 ) ) ;
#8861 = VECTOR ( 'NONE', #2867, 39.37007874015748100 ) ;
#8862 = VERTEX_POINT ( 'NONE', #4366 ) ;
#8863 = DIRECTION ( 'NONE',  ( 0.0000000000000000000, 1.000000000000000000, 0.0000000000000000000 ) ) ;
#8864 = LINE ( 'NONE', #4726, #8320 ) ;
#8865 = VECTOR ( 'NONE', #10604, 39.37007874015748100 ) ;
#8866 =( GEOMETRIC_REPRESENTATION_CONTEXT ( 3 ) GLOBAL_UNCERTAINTY_ASSIGNED_CONTEXT ( ( #920 ) ) GLOBAL_UNIT_ASSIGNED_CONTEXT ( ( #7619, #3292, #709 ) ) REPRESENTATION_CONTEXT ( 'NONE', 'WORKASPACE' ) );
#8867 = CARTESIAN_POINT ( 'NONE',  ( -0.2054877260290877100, -0.3290929042978361600, 0.3591510868747336800 ) ) ;
#8868 = EDGE_CURVE ( 'NONE', #3570, #7975, #10996, .T. ) ;
#8869 = LINE ( 'NONE', #2089, #1501 ) ;
#8870 = PLANE ( 'NONE',  #8195 ) ;
#8871 = ADVANCED_FACE ( 'NONE', ( #2200 ), #10200, .T. ) ;
#8872 = VECTOR ( 'NONE', #2799, 39.37007874015748100 ) ;
#8873 = LINE ( 'NONE', #9516, #3917 ) ;
#8874 = ADVANCED_FACE ( 'NONE', ( #222 ), #6936, .F. ) ;
#8875 = CARTESIAN_POINT ( 'NONE',  ( 0.2094541919655777400, 0.06541338582677166900, 0.05093875028552515700 ) ) ;
#8876 = VECTOR ( 'NONE', #6668, 39.37007874015748900 ) ;
#8877 = CARTESIAN_POINT ( 'NONE',  ( 0.2974999999999999300, 0.2524999999999998900, -8.537024980200822600E-018 ) ) ;
#8878 = FACE_OUTER_BOUND ( 'NONE', #4914, .T. ) ;
#8879 = EDGE_LOOP ( 'NONE', ( #3671, #9361, #10355, #9410 ) ) ;
#8880 = CARTESIAN_POINT ( 'NONE',  ( -0.06515748031496067200, -0.3855000000000026200, 0.7878425196850393800 ) ) ;
#8881 = ORIENTED_EDGE ( 'NONE', *, *, #1177, .F. ) ;
#8882 = VERTEX_POINT ( 'NONE', #6782 ) ;
#8883 = EDGE_LOOP ( 'NONE', ( #10991, #6352, #9127, #5524 ) ) ;
#8884 = CARTESIAN_POINT ( 'NONE',  ( -0.3125000000000027200, 0.1504527559055155700, 0.7179527559055123300 ) ) ;
#8885 = EDGE_CURVE ( 'NONE', #3963, #4077, #7552, .T. ) ;
#8886 = ORIENTED_EDGE ( 'NONE', *, *, #5329, .T. ) ;
#8887 = DIRECTION ( 'NONE',  ( 0.0000000000000000000, 1.000000000000000000, 0.0000000000000000000 ) ) ;
#8888 = FACE_OUTER_BOUND ( 'NONE', #3533, .T. ) ;
#8889 = FACE_OUTER_BOUND ( 'NONE', #2654, .T. ) ;
#8890 = DIRECTION ( 'NONE',  ( 1.000000000000000000, 0.0000000000000000000, -1.387778780781444600E-014 ) ) ;
#8891 = CARTESIAN_POINT ( 'NONE',  ( 0.2975000000000023700, 0.02872058991876547500, 0.7479635790510845700 ) ) ;
#8892 = ORIENTED_EDGE ( 'NONE', *, *, #9021, .T. ) ;
#8893 = ORIENTED_EDGE ( 'NONE', *, *, #2995, .T. ) ;
#8894 = ORIENTED_EDGE ( 'NONE', *, *, #8456, .T. ) ;
#8895 = EDGE_LOOP ( 'NONE', ( #10216, #6607, #482, #3421 ) ) ;
#8896 = AXIS2_PLACEMENT_3D ( 'NONE', #1037, #1882, #7142 ) ;
#8897 = FACE_OUTER_BOUND ( 'NONE', #9668, .T. ) ;
#8898 = VERTEX_POINT ( 'NONE', #11050 ) ;
#8899 = FACE_OUTER_BOUND ( 'NONE', #6017, .T. ) ;
#8900 = DIRECTION ( 'NONE',  ( 1.000000000000000000, 2.385472965096936000E-016, 3.441691376337984900E-015 ) ) ;
#8901 = EDGE_CURVE ( 'NONE', #5586, #426, #9802, .T. ) ;
#8902 = VERTEX_POINT ( 'NONE', #799 ) ;
#8903 =( GEOMETRIC_REPRESENTATION_CONTEXT ( 3 ) GLOBAL_UNCERTAINTY_ASSIGNED_CONTEXT ( ( #6512 ) ) GLOBAL_UNIT_ASSIGNED_CONTEXT ( ( #1435, #512, #3836 ) ) REPRESENTATION_CONTEXT ( 'NONE', 'WORKASPACE' ) );
#8904 = ORIENTED_EDGE ( 'NONE', *, *, #7283, .F. ) ;
#8905 = ORIENTED_EDGE ( 'NONE', *, *, #4754, .T. ) ;
#8906 = DIRECTION ( 'NONE',  ( -0.0000000000000000000, -1.000000000000000000, -0.0000000000000000000 ) ) ;
#8907 = VERTEX_POINT ( 'NONE', #7725 ) ;
#8909 = EDGE_CURVE ( 'NONE', #214, #8932, #8206, .T. ) ;
#8908 = ORIENTED_EDGE ( 'NONE', *, *, #3973, .F. ) ;
#8910 = LINE ( 'NONE', #5530, #3695 ) ;
#8911 = DIRECTION ( 'NONE',  ( 0.0000000000000000000, -7.051100721037203400E-015, -1.000000000000000000 ) ) ;
#8912 = ORIENTED_EDGE ( 'NONE', *, *, #3678, .F. ) ;
#8913 = EDGE_LOOP ( 'NONE', ( #3606, #1280, #7748, #10153 ) ) ;
#8914 = ADVANCED_FACE ( 'NONE', ( #7842 ), #6898, .F. ) ;
#8915 = ORIENTED_EDGE ( 'NONE', *, *, #2753, .F. ) ;
#8916 = CARTESIAN_POINT ( 'NONE',  ( -0.2717853368598916500, 0.2426574803149606500, 0.01499999999999999900 ) ) ;
#8917 = ORIENTED_EDGE ( 'NONE', *, *, #3139, .F. ) ;
#8918 = ORIENTED_EDGE ( 'NONE', *, *, #7747, .F. ) ;
#8919 = PRESENTATION_LAYER_ASSIGNMENT (  '', '', ( #3026 ) ) ;
#8920 = PLANE ( 'NONE',  #4109 ) ;
#8921 =( LENGTH_UNIT ( ) NAMED_UNIT ( * ) SI_UNIT ( $, .METRE. ) );
#8922 = VECTOR ( 'NONE', #8906, 39.37007874015748100 ) ;
#8923 = ORIENTED_EDGE ( 'NONE', *, *, #3283, .T. ) ;
#8924 = DIRECTION ( 'NONE',  ( -3.469446951953622900E-015, 0.0000000000000000000, 1.000000000000000000 ) ) ;
#8925 = ADVANCED_FACE ( 'NONE', ( #4365 ), #10247, .T. ) ;
#8926 = CARTESIAN_POINT ( 'NONE',  ( -0.05472440944881888600, 0.1522291837916265600, 0.0000000000000000000 ) ) ;
#8927 = FILL_AREA_STYLE_COLOUR ( '', #3752 ) ;
#8928 = DIRECTION ( 'NONE',  ( -1.000000000000000000, -2.385472965096935500E-016, -3.441691376337984100E-015 ) ) ;
#8929 = MECHANICAL_DESIGN_GEOMETRIC_PRESENTATION_REPRESENTATION (  '', ( #6784 ), #4696 ) ;
#8930 = DIRECTION ( 'NONE',  ( -8.876942833622265700E-013, 0.0000000000000000000, -1.000000000000000000 ) ) ;
#8931 = LINE ( 'NONE', #8875, #10888 ) ;
#8932 = VERTEX_POINT ( 'NONE', #36 ) ;
#8933 = DIRECTION ( 'NONE',  ( -3.414809992080319300E-015, -0.0000000000000000000, -1.000000000000000000 ) ) ;
#8934 = VERTEX_POINT ( 'NONE', #1775 ) ;
#8935 = DIRECTION ( 'NONE',  ( 0.0000000000000000000, 0.4413750231038433600, -0.8973227340149595400 ) ) ;
#8936 = AXIS2_PLACEMENT_3D ( 'NONE', #493, #4773, #1372 ) ;
#8937 = EDGE_LOOP ( 'NONE', ( #5157, #7333, #10303, #8651 ) ) ;
#8938 = LINE ( 'NONE', #194, #5199 ) ;
#8939 = EDGE_LOOP ( 'NONE', ( #10871, #10129, #3293, #10610 ) ) ;
#8940 = ORIENTED_EDGE ( 'NONE', *, *, #284, .F. ) ;
#8941 = CARTESIAN_POINT ( 'NONE',  ( 0.3124999999999999400, -0.2674999999999999600, 0.01499999999999994700 ) ) ;
#8942 = STYLED_ITEM ( 'NONE', ( #8330 ), #9718 ) ;
#8943 = EDGE_CURVE ( 'NONE', #1019, #3061, #5952, .T. ) ;
#8944 = ORIENTED_EDGE ( 'NONE', *, *, #3810, .T. ) ;
#8945 = PLANE ( 'NONE',  #7939 ) ;
#8946 = DIRECTION ( 'NONE',  ( 0.0000000000000000000, -1.000000000000000000, -0.0000000000000000000 ) ) ;
#8947 = FACE_OUTER_BOUND ( 'NONE', #10020, .T. ) ;
#8948 = EDGE_LOOP ( 'NONE', ( #10653, #12, #5407, #1554 ) ) ;
#8949 = ORIENTED_EDGE ( 'NONE', *, *, #7740, .F. ) ;
#8950 = CARTESIAN_POINT ( 'NONE',  ( 0.06515748031496050600, -0.5313388496530164800, 0.6878425196850395100 ) ) ;
#8951 = AXIS2_PLACEMENT_3D ( 'NONE', #6545, #1559, #3230 ) ;
#8952 = ORIENTED_EDGE ( 'NONE', *, *, #6671, .T. ) ;
#8953 = DIRECTION ( 'NONE',  ( 0.0000000000000000000, -0.0000000000000000000, 1.000000000000000000 ) ) ;
#8954 = CARTESIAN_POINT ( 'NONE',  ( 0.2486744556699771700, 0.06541338582677162800, 0.05437007874015750700 ) ) ;
#8955 = ORIENTED_EDGE ( 'NONE', *, *, #2735, .F. ) ;
#8956 = VECTOR ( 'NONE', #9563, 39.37007874015748100 ) ;
#8957 = ORIENTED_EDGE ( 'NONE', *, *, #180, .F. ) ;
#8958 = EDGE_CURVE ( 'NONE', #2906, #840, #2725, .T. ) ;
#8959 = ADVANCED_FACE ( 'NONE', ( #6747 ), #3677, .T. ) ;
#8960 = CARTESIAN_POINT ( 'NONE',  ( 0.2975000000000010400, -0.3856102362204703600, 0.3026850393700776200 ) ) ;
#8961 = ORIENTED_EDGE ( 'NONE', *, *, #3118, .F. ) ;
#8962 = CARTESIAN_POINT ( 'NONE',  ( -0.2975000000000024800, -0.1219842793760456800, 0.7479635790510822400 ) ) ;
#8963 = LINE ( 'NONE', #9541, #3352 ) ;
#8964 = EDGE_CURVE ( 'NONE', #9195, #1270, #5290, .T. ) ;
#8965 = PLANE ( 'NONE',  #1813 ) ;
#8966 = EDGE_LOOP ( 'NONE', ( #5995, #5932, #9527, #8842 ) ) ;
#8967 = FACE_OUTER_BOUND ( 'NONE', #5162, .T. ) ;
#8968 = ORIENTED_EDGE ( 'NONE', *, *, #10772, .F. ) ;
#8969 = CARTESIAN_POINT ( 'NONE',  ( 0.06515748031496050600, -0.3855000000000022900, 0.6878425196850395100 ) ) ;
#8970 = EDGE_CURVE ( 'NONE', #6333, #9677, #9005, .T. ) ;
#8971 = AXIS2_PLACEMENT_3D ( 'NONE', #9239, #7574, #5848 ) ;
#8972 = CYLINDRICAL_SURFACE ( 'NONE', #7579, 0.004999999999999946300 ) ;
#8973 = LINE ( 'NONE', #3626, #6992 ) ;
#8974 = FACE_OUTER_BOUND ( 'NONE', #8709, .T. ) ;
#8975 = LINE ( 'NONE', #7473, #7513 ) ;
#8976 = EDGE_CURVE ( 'NONE', #6365, #8490, #1022, .T. ) ;
#8977 = CARTESIAN_POINT ( 'NONE',  ( -0.2816278565449307800, -0.2515000000000000000, 0.8098162275806178900 ) ) ;
#8978 = CARTESIAN_POINT ( 'NONE',  ( -0.3164370078740166800, -0.3856102362204703600, 0.2810314960629910500 ) ) ;
#8979 = VECTOR ( 'NONE', #7836, 39.37007874015748100 ) ;
#8980 = CYLINDRICAL_SURFACE ( 'NONE', #8784, 0.004999999999999946300 ) ;
#8981 = AXIS2_PLACEMENT_3D ( 'NONE', #9163, #2403, #5741 ) ;
#8982 = CARTESIAN_POINT ( 'NONE',  ( 0.06515748031496050600, -0.5313388496530164800, 0.6681574803149606900 ) ) ;
#8983 = DIRECTION ( 'NONE',  ( -1.000000000000000000, 1.458800866809831600E-016, -3.623343611582382000E-015 ) ) ;
#8984 = COLOUR_RGB ( '',0.7921568627450980000, 0.8196078431372548800, 0.9333333333333333500 ) ;
#8985 = CARTESIAN_POINT ( 'NONE',  ( 0.03484251968503928500, -0.3855000000000026200, 0.7878425196850393800 ) ) ;
#8986 = VERTEX_POINT ( 'NONE', #8698 ) ;
#8987 = DIRECTION ( 'NONE',  ( -0.0000000000000000000, 1.000000000000000000, -0.0000000000000000000 ) ) ;
#8988 = CARTESIAN_POINT ( 'NONE',  ( 0.2975000000000022600, -0.2019842793760456800, 0.7879635790510847200 ) ) ;
#8989 = VECTOR ( 'NONE', #4550, 39.37007874015748100 ) ;
#8990 = EDGE_LOOP ( 'NONE', ( #4881, #9995, #1860, #10728 ) ) ;
#8991 = ORIENTED_EDGE ( 'NONE', *, *, #7164, .F. ) ;
#8992 = PLANE ( 'NONE',  #6135 ) ;
#8993 = EDGE_CURVE ( 'NONE', #3384, #9132, #2750, .T. ) ;
#8994 = FACE_OUTER_BOUND ( 'NONE', #595, .T. ) ;
#8995 = CARTESIAN_POINT ( 'NONE',  ( -0.3125000000000027200, 0.1469172219995818800, 0.7214882898114441900 ) ) ;
#8996 = VECTOR ( 'NONE', #1590, 39.37007874015748100 ) ;
#8997 = EDGE_CURVE ( 'NONE', #6627, #5493, #5809, .T. ) ;
#8998 = DIRECTION ( 'NONE',  ( 1.000000000000000000, 0.0000000000000000000, -0.0000000000000000000 ) ) ;
#8999 = ORIENTED_EDGE ( 'NONE', *, *, #3472, .T. ) ;
#9000 = ORIENTED_EDGE ( 'NONE', *, *, #9423, .F. ) ;
#9001 = EDGE_LOOP ( 'NONE', ( #2771, #10733, #1032, #10359, #10737, #7605, #8100, #4383, #1703, #3161 ) ) ;
#9002 = ADVANCED_FACE ( 'NONE', ( #1674 ), #1885, .F. ) ;
#9003 = ORIENTED_EDGE ( 'NONE', *, *, #2933, .F. ) ;
#9004 = LINE ( 'NONE', #5579, #8354 ) ;
#9005 = LINE ( 'NONE', #1074, #3558 ) ;
#9006 = DIRECTION ( 'NONE',  ( -0.0000000000000000000, 1.000000000000000000, -0.0000000000000000000 ) ) ;
#9007 = PRESENTATION_LAYER_ASSIGNMENT (  '', '', ( #9924 ) ) ;
#9008 = ORIENTED_EDGE ( 'NONE', *, *, #1675, .T. ) ;
#9009 = EDGE_LOOP ( 'NONE', ( #354, #167, #3824, #4143 ) ) ;
#9010 = ORIENTED_EDGE ( 'NONE', *, *, #4385, .F. ) ;
#9011 = EDGE_CURVE ( 'NONE', #3124, #10853, #3808, .T. ) ;
#9012 = EDGE_CURVE ( 'NONE', #8592, #7599, #2992, .T. ) ;
#9013 = ORIENTED_EDGE ( 'NONE', *, *, #9150, .F. ) ;
#9014 = PLANE ( 'NONE',  #7969 ) ;
#9015 = DIMENSIONAL_EXPONENTS ( 1.000000000000000000, 0.0000000000000000000, 0.0000000000000000000, 0.0000000000000000000, 0.0000000000000000000, 0.0000000000000000000, 0.0000000000000000000 ) ;
#9016 = CARTESIAN_POINT ( 'NONE',  ( -0.2417957872900946000, 0.04959782299446938200, 0.7740197545653724200 ) ) ;
#9017 = LINE ( 'NONE', #5187, #4620 ) ;
#9018 = DIRECTION ( 'NONE',  ( -0.0000000000000000000, -3.412622176065439700E-015, -1.000000000000000000 ) ) ;
#9019 = VERTEX_POINT ( 'NONE', #4402 ) ;
#9020 = FACE_OUTER_BOUND ( 'NONE', #580, .T. ) ;
#9021 = EDGE_CURVE ( 'NONE', #2778, #8081, #9548, .T. ) ;
#9022 = CARTESIAN_POINT ( 'NONE',  ( 0.08011811023622049400, -0.2497393201453811900, 0.8122440944881890200 ) ) ;
#9023 = VERTEX_POINT ( 'NONE', #1921 ) ;
#9024 = SURFACE_STYLE_USAGE ( .BOTH. , #3041 ) ;
#9025 = CLOSED_SHELL ( 'NONE', ( #5202, #7452, #7013, #1923, #4801, #8452 ) ) ;
#9026 = CLOSED_SHELL ( 'NONE', ( #3907, #3979, #64, #2224, #5793, #3282 ) ) ;
#9027 = VERTEX_POINT ( 'NONE', #10304 ) ;
#9028 = CARTESIAN_POINT ( 'NONE',  ( -0.2975000000000023200, 0.2675000000000029000, 0.8199999999999999500 ) ) ;
#9029 = VECTOR ( 'NONE', #8217, 39.37007874015748100 ) ;
#9030 = EDGE_CURVE ( 'NONE', #10483, #5326, #8769, .T. ) ;
#9031 = DIRECTION ( 'NONE',  ( 1.000000000000000000, -0.0000000000000000000, -0.0000000000000000000 ) ) ;
#9032 = PRODUCT_DEFINITION ( 'UNKNOWN', '', #814, #5824 ) ;
#9033 = ORIENTED_EDGE ( 'NONE', *, *, #1646, .F. ) ;
#9034 = LINE ( 'NONE', #5963, #6500 ) ;
#9035 = ORIENTED_EDGE ( 'NONE', *, *, #7734, .T. ) ;
#9036 = CARTESIAN_POINT ( 'NONE',  ( -0.2966278565449311200, 0.04959782299446936100, 0.7740197545653725300 ) ) ;
#9037 = EDGE_CURVE ( 'NONE', #450, #5609, #4623, .T. ) ;
#9038 = DIRECTION ( 'NONE',  ( 1.000000000000000000, 1.458800866809831600E-016, 0.0000000000000000000 ) ) ;
#9039 = VECTOR ( 'NONE', #10113, 39.37007874015748100 ) ;
#9040 = VERTEX_POINT ( 'NONE', #1767 ) ;
#9041 = CARTESIAN_POINT ( 'NONE',  ( 0.08484251968503923900, -0.5313388496530164800, 0.6681574803149606900 ) ) ;
#9042 = CARTESIAN_POINT ( 'NONE',  ( 0.3136167114875714200, 0.1454527559055146500, 0.6900912614787636500 ) ) ;
#9043 = CARTESIAN_POINT ( 'NONE',  ( 0.2966278565449310700, 0.04959782299446936800, 0.7529635790510820200 ) ) ;
#9044 = DIRECTION ( 'NONE',  ( -1.000000000000000000, 0.0000000000000000000, 3.453004075404071100E-015 ) ) ;
#9045 = CARTESIAN_POINT ( 'NONE',  ( 0.3125000000000022800, 0.2525000000000033300, 0.3396922742592156700 ) ) ;
#9046 = VECTOR ( 'NONE', #2263, 39.37007874015748100 ) ;
#9047 = LINE ( 'NONE', #7255, #926 ) ;
#9048 = VERTEX_POINT ( 'NONE', #4314 ) ;
#9049 = CARTESIAN_POINT ( 'NONE',  ( 0.2925000000000022600, -0.3918093331417165100, 0.6900912614787637600 ) ) ;
#9050 = ADVANCED_FACE ( 'NONE', ( #10074 ), #7873, .F. ) ;
#9051 = AXIS2_PLACEMENT_3D ( 'NONE', #9824, #1974, #9605 ) ;
#9052 = EDGE_LOOP ( 'NONE', ( #6478, #1061, #2439, #6680 ) ) ;
#9053 = EDGE_CURVE ( 'NONE', #10606, #9836, #5544, .T. ) ;
#9054 = CARTESIAN_POINT ( 'NONE',  ( 0.01515748031496052600, -0.5313388496530164800, 0.7681574803149606700 ) ) ;
#9055 = PLANE ( 'NONE',  #8804 ) ;
#9056 = VECTOR ( 'NONE', #7804, 39.37007874015748100 ) ;
#9057 = VERTEX_POINT ( 'NONE', #6928 ) ;
#9058 = DIRECTION ( 'NONE',  ( -0.0000000000000000000, -1.000000000000000000, -0.0000000000000000000 ) ) ;
#9059 = AXIS2_PLACEMENT_3D ( 'NONE', #3343, #9344, #10933 ) ;
#9060 = CARTESIAN_POINT ( 'NONE',  ( -1.461507861341100800E-031, -0.3854999999999999000, -1.389844020060765000E-015 ) ) ;
#9061 = ORIENTED_EDGE ( 'NONE', *, *, #3826, .F. ) ;
#9062 = ADVANCED_FACE ( 'NONE', ( #10211 ), #7789, .F. ) ;
#9064 = AXIS2_PLACEMENT_3D ( 'NONE', #2643, #8707, #1859 ) ;
#9063 = CARTESIAN_POINT ( 'NONE',  ( -0.2967928932188135200, 0.2525000000000000600, 0.01499999999999999900 ) ) ;
#9065 = DIRECTION ( 'NONE',  ( 2.385472965096927600E-016, -1.000000000000000000, 2.385472965096935500E-016 ) ) ;
#9066 = LINE ( 'NONE', #142, #9211 ) ;
#9067 = ORIENTED_EDGE ( 'NONE', *, *, #6977, .T. ) ;
#9068 = CARTESIAN_POINT ( 'NONE',  ( 0.2054877305471605700, -0.3296632480051481200, 0.4973653317877856400 ) ) ;
#9069 = EDGE_CURVE ( 'NONE', #3758, #7712, #4224, .T. ) ;
#9070 = CARTESIAN_POINT ( 'NONE',  ( 0.2816278565449311100, -0.1771838596522949400, 0.02484251968503935600 ) ) ;
#9071 = AXIS2_PLACEMENT_3D ( 'NONE', #9334, #3457, #6775 ) ;
#9072 = EDGE_LOOP ( 'NONE', ( #286, #2895, #7830, #8886, #1048, #4169, #5151, #6816, #1893, #5010 ) ) ;
#9073 = CARTESIAN_POINT ( 'NONE',  ( 0.2966278565449284000, 7.575411295430414200E-017, -0.005498733049304680600 ) ) ;
#9074 = LINE ( 'NONE', #940, #8027 ) ;
#9075 = CARTESIAN_POINT ( 'NONE',  ( -0.2486744556699771700, -0.01332677165354325700, 0.01500000000000001900 ) ) ;
#9076 = EDGE_LOOP ( 'NONE', ( #9424, #2732, #2999, #474 ) ) ;
#9077 = CARTESIAN_POINT ( 'NONE',  ( -0.7909457491260218900, 0.1454527559055146500, 0.1987165801646102700 ) ) ;
#9078 = ORIENTED_EDGE ( 'NONE', *, *, #2082, .F. ) ;
#9079 = DIRECTION ( 'NONE',  ( 6.829619984160731600E-015, 0.0000000000000000000, 1.000000000000000000 ) ) ;
#9080 = LINE ( 'NONE', #2488, #8846 ) ;
#9081 = VECTOR ( 'NONE', #9898, 39.37007874015748100 ) ;
#9082 = DIRECTION ( 'NONE',  ( 0.0000000000000000000, -1.000000000000000000, 0.0000000000000000000 ) ) ;
#9083 = EDGE_CURVE ( 'NONE', #1538, #7995, #7278, .T. ) ;
#9084 = CARTESIAN_POINT ( 'NONE',  ( -0.2975000000000024800, -0.2019842793760456800, 0.7479635790510822400 ) ) ;
#9085 = LINE ( 'NONE', #2217, #2020 ) ;
#9086 = VERTEX_POINT ( 'NONE', #8567 ) ;
#9087 = CARTESIAN_POINT ( 'NONE',  ( 0.2966278565449310100, -0.1378615124517495700, 0.7529635790510820200 ) ) ;
#9088 = FACE_OUTER_BOUND ( 'NONE', #6759, .T. ) ;
#9089 = VERTEX_POINT ( 'NONE', #1033 ) ;
#9090 = CARTESIAN_POINT ( 'NONE',  ( -0.2975000000000024800, 0.02872058991876547800, 0.7479635790510822400 ) ) ;
#9091 = CARTESIAN_POINT ( 'NONE',  ( -0.2966278565449310700, -0.1378615124517496300, 0.7690197545653725300 ) ) ;
#9092 = EDGE_CURVE ( 'NONE', #10242, #877, #10600, .T. ) ;
#9093 = VECTOR ( 'NONE', #8626, 39.37007874015748100 ) ;
#9094 = CIRCLE ( 'NONE', #10787, 0.009842519685039378600 ) ;
#9095 = MECHANICAL_DESIGN_GEOMETRIC_PRESENTATION_REPRESENTATION (  '', ( #525 ), #10601 ) ;
#9096 = CARTESIAN_POINT ( 'NONE',  ( 0.3136167114875705300, 0.1454527559055146500, 0.4396684505418362900 ) ) ;
#9097 = DIRECTION ( 'NONE',  ( -6.829619984160731600E-015, 0.0000000000000000000, -1.000000000000000000 ) ) ;
#9098 = EDGE_LOOP ( 'NONE', ( #4087, #10613, #1570, #786 ) ) ;
#9099 = ADVANCED_FACE ( 'NONE', ( #10863 ), #8689, .F. ) ;
#9100 = CARTESIAN_POINT ( 'NONE',  ( 0.2054877305724979200, -0.3334805806756992500, 0.4981404372967629400 ) ) ;
#9101 = CONICAL_SURFACE ( 'NONE', #2988, 0.06400000250777354600, 0.7853981633974528300 ) ;
#9102 = CARTESIAN_POINT ( 'NONE',  ( -0.2966278565449308500, -0.2515000000000000000, 0.7163187439931647500 ) ) ;
#9103 = FACE_OUTER_BOUND ( 'NONE', #10252, .T. ) ;
#9104 = CARTESIAN_POINT ( 'NONE',  ( 0.3164370078740185200, -0.2515000000000000000, 0.3026850393700797900 ) ) ;
#9105 = LINE ( 'NONE', #1056, #5780 ) ;
#9106 = ORIENTED_EDGE ( 'NONE', *, *, #2957, .T. ) ;
#9107 = DIRECTION ( 'NONE',  ( -3.498098040667654100E-015, 0.0000000000000000000, -1.000000000000000000 ) ) ;
#9108 = VECTOR ( 'NONE', #3729, 39.37007874015748100 ) ;
#9109 = AXIS2_PLACEMENT_3D ( 'NONE', #644, #6626, #7479 ) ;
#9110 = CARTESIAN_POINT ( 'NONE',  ( 0.2966278565449310100, 0.04959782299446936100, 0.7479635790510821300 ) ) ;
#9111 = VECTOR ( 'NONE', #7187, 39.37007874015748100 ) ;
#9112 = ORIENTED_EDGE ( 'NONE', *, *, #6330, .F. ) ;
#9113 = ORIENTED_EDGE ( 'NONE', *, *, #8610, .F. ) ;
#9114 = EDGE_LOOP ( 'NONE', ( #2924, #9817, #7499, #9543 ) ) ;
#9115 = ORIENTED_EDGE ( 'NONE', *, *, #8752, .T. ) ;
#9116 = CARTESIAN_POINT ( 'NONE',  ( -0.1751181102362205100, -0.1174558555784520600, 0.03468503937007873200 ) ) ;
#9117 = CARTESIAN_POINT ( 'NONE',  ( -0.2500000000000000000, -0.1174558555784520800, 0.8122440944881890200 ) ) ;
#9118 = PRESENTATION_LAYER_ASSIGNMENT (  '', '', ( #8585 ) ) ;
#9119 = CARTESIAN_POINT ( 'NONE',  ( 0.2967928932188133600, 0.2525000000000000600, 0.01499999999999999900 ) ) ;
#9120 = ORIENTED_EDGE ( 'NONE', *, *, #7301, .F. ) ;
#9121 = CARTESIAN_POINT ( 'NONE',  ( -0.2816278565449307800, 0.1454527559055146500, 0.8098162275806177800 ) ) ;
#9122 = CIRCLE ( 'NONE', #2647, 0.004999999999999946300 ) ;
#9123 = PLANE ( 'NONE',  #1690 ) ;
#9124 = CARTESIAN_POINT ( 'NONE',  ( -0.2519685039370078700, -0.1324212598425196500, 0.01499999999999999900 ) ) ;
#9125 = CARTESIAN_POINT ( 'NONE',  ( 0.3125000000000023900, -0.1811070463003418000, 0.7690197545653728600 ) ) ;
#9126 = EDGE_LOOP ( 'NONE', ( #2066, #4685, #3691, #2369, #8923 ) ) ;
#9127 = ORIENTED_EDGE ( 'NONE', *, *, #3961, .T. ) ;
#9128 = ORIENTED_EDGE ( 'NONE', *, *, #3283, .F. ) ;
#9129 = AXIS2_PLACEMENT_3D ( 'NONE', #7649, #777, #8559 ) ;
#9130 = EDGE_CURVE ( 'NONE', #9155, #6166, #734, .T. ) ;
#9131 = ORIENTED_EDGE ( 'NONE', *, *, #6944, .T. ) ;
#9132 = VERTEX_POINT ( 'NONE', #1844 ) ;
#9133 = CIRCLE ( 'NONE', #1628, 0.004999999999999946300 ) ;
#9134 = ORIENTED_EDGE ( 'NONE', *, *, #1801, .T. ) ;
#9135 = VECTOR ( 'NONE', #1802, 39.37007874015748100 ) ;
#9136 = EDGE_CURVE ( 'NONE', #10536, #3138, #93, .T. ) ;
#9137 = DIRECTION ( 'NONE',  ( 3.268890873095160100E-008, 0.0000000000000000000, 0.9999999999999994400 ) ) ;
#9138 = ORIENTED_EDGE ( 'NONE', *, *, #10974, .T. ) ;
#9139 = CARTESIAN_POINT ( 'NONE',  ( 0.2054877305644769200, -0.3307046060313643100, 0.4978950635515626000 ) ) ;
#9140 = ORIENTED_EDGE ( 'NONE', *, *, #10454, .F. ) ;
#9141 = ORIENTED_EDGE ( 'NONE', *, *, #5156, .F. ) ;
#9142 = CARTESIAN_POINT ( 'NONE',  ( 0.2519685039370078700, 0.1754133858267716600, 0.0000000000000000000 ) ) ;
#9143 = ADVANCED_FACE ( 'NONE', ( #7029 ), #61, .F. ) ;
#9144 = CARTESIAN_POINT ( 'NONE',  ( -0.06515748031496067200, -0.3855000000000025600, 0.7681574803149606700 ) ) ;
#9145 = ORIENTED_EDGE ( 'NONE', *, *, #8221, .T. ) ;
#9146 = ORIENTED_EDGE ( 'NONE', *, *, #10370, .T. ) ;
#9147 = LINE ( 'NONE', #6609, #6116 ) ;
#9148 = CARTESIAN_POINT ( 'NONE',  ( -0.3016278565449309600, -0.2515000000000000600, 0.7163187439931648600 ) ) ;
#9149 = DIRECTION ( 'NONE',  ( 0.0000000000000000000, 1.000000000000000000, 0.0000000000000000000 ) ) ;
#9150 = EDGE_CURVE ( 'NONE', #6919, #3745, #10720, .T. ) ;
#9151 = EDGE_LOOP ( 'NONE', ( #1407, #2054, #2252, #2134 ) ) ;
#9152 = ORIENTED_EDGE ( 'NONE', *, *, #9938, .F. ) ;
#9153 = CARTESIAN_POINT ( 'NONE',  ( 0.07283464566929136200, 0.0000000000000000000, 0.0000000000000000000 ) ) ;
#9154 = DIRECTION ( 'NONE',  ( -3.623343611582458500E-015, 0.0000000000000000000, 1.000000000000000000 ) ) ;
#9155 = VERTEX_POINT ( 'NONE', #6314 ) ;
#9156 = ORIENTED_EDGE ( 'NONE', *, *, #8735, .T. ) ;
#9157 = CARTESIAN_POINT ( 'NONE',  ( -0.2445122359227436800, -0.6172700275952924800, 0.3670469609432717700 ) ) ;
#9158 = DIRECTION ( 'NONE',  ( 1.762305625697248600E-030, -1.000000000000000000, 5.103688229765622800E-016 ) ) ;
#9159 = DIRECTION ( 'NONE',  ( -0.0000000000000000000, 1.000000000000000000, -0.0000000000000000000 ) ) ;
#9160 = ORIENTED_EDGE ( 'NONE', *, *, #803, .T. ) ;
#9161 = EDGE_CURVE ( 'NONE', #377, #10581, #5007, .T. ) ;
#9162 = DIRECTION ( 'NONE',  ( 0.0000000000000000000, 0.0000000000000000000, 1.000000000000000000 ) ) ;
#9163 = CARTESIAN_POINT ( 'NONE',  ( -1.014146181345640700E-031, -0.2674999999999999000, -9.804492797302384800E-016 ) ) ;
#9164 = ADVANCED_FACE ( 'NONE', ( #4737 ), #257, .T. ) ;
#9165 = FACE_OUTER_BOUND ( 'NONE', #4041, .T. ) ;
#9166 = ORIENTED_EDGE ( 'NONE', *, *, #7301, .T. ) ;
#9167 = CARTESIAN_POINT ( 'NONE',  ( 0.2417957872900946000, -0.1811070463003417700, 0.7740197545653725300 ) ) ;
#9168 = DIRECTION ( 'NONE',  ( -6.982962677686267500E-015, -1.000000000000000000, 3.483718471400124000E-015 ) ) ;
#9169 = EDGE_CURVE ( 'NONE', #5479, #10428, #7959, .T. ) ;
#9170 = CARTESIAN_POINT ( 'NONE',  ( 0.8015523508438183700, 0.1454527559055146500, 0.2093231818824078700 ) ) ;
#9171 = MECHANICAL_DESIGN_GEOMETRIC_PRESENTATION_REPRESENTATION (  '', ( #9598 ), #10330 ) ;
#9172 = CARTESIAN_POINT ( 'NONE',  ( -0.1651574803149606400, -0.2525000000000000600, 0.7878425196850393800 ) ) ;
#9173 = ADVANCED_FACE ( 'NONE', ( #8642 ), #6614, .T. ) ;
#9174 = FACE_OUTER_BOUND ( 'NONE', #588, .T. ) ;
#9175 = VERTEX_POINT ( 'NONE', #7934 ) ;
#9176 = EDGE_CURVE ( 'NONE', #9262, #270, #8357, .T. ) ;
#9177 = CARTESIAN_POINT ( 'NONE',  ( -0.1169291338582677000, 0.1522291837916265600, 0.4674415849128674100 ) ) ;
#9178 = VERTEX_POINT ( 'NONE', #9650 ) ;
#9179 = DIRECTION ( 'NONE',  ( 0.7071067811865462400, 0.0000000000000000000, 0.7071067811865486800 ) ) ;
#9180 = ORIENTED_EDGE ( 'NONE', *, *, #371, .T. ) ;
#9181 = CARTESIAN_POINT ( 'NONE',  ( -0.3108834035541471800, 0.2520285954792089200, 0.007170200118550729000 ) ) ;
#9182 =( GEOMETRIC_REPRESENTATION_CONTEXT ( 3 ) GLOBAL_UNCERTAINTY_ASSIGNED_CONTEXT ( ( #7012 ) ) GLOBAL_UNIT_ASSIGNED_CONTEXT ( ( #516, #10867, #8317 ) ) REPRESENTATION_CONTEXT ( 'NONE', 'WORKASPACE' ) );
#9183 = DIRECTION ( 'NONE',  ( 1.266221515311538300E-016, 1.000000000000000000, 0.0000000000000000000 ) ) ;
#9184 = FACE_OUTER_BOUND ( 'NONE', #3136, .T. ) ;
#9185 = ORIENTED_EDGE ( 'NONE', *, *, #3062, .T. ) ;
#9186 = CARTESIAN_POINT ( 'NONE',  ( 0.1578740157480314800, 0.1522291837916265600, 0.4674415849128674100 ) ) ;
#9187 = ORIENTED_EDGE ( 'NONE', *, *, #8092, .F. ) ;
#9188 = CARTESIAN_POINT ( 'NONE',  ( 0.1151574803149604800, -0.5313388496530164800, 0.7681574803149606700 ) ) ;
#9189 = PLANE ( 'NONE',  #6561 ) ;
#9190 = CARTESIAN_POINT ( 'NONE',  ( 0.0000000000000000000, -0.2515000000000000000, 0.8200000000000035000 ) ) ;
#9191 = ORIENTED_EDGE ( 'NONE', *, *, #1936, .T. ) ;
#9192 = DIRECTION ( 'NONE',  ( 0.0000000000000000000, 1.000000000000000000, -7.051100721037203400E-015 ) ) ;
#9193 = CARTESIAN_POINT ( 'NONE',  ( 0.2975000000000021500, 0.2675000000000032400, 0.3396922742592156100 ) ) ;
#9194 = CYLINDRICAL_SURFACE ( 'NONE', #2151, 0.004999999999999946300 ) ;
#9195 = VERTEX_POINT ( 'NONE', #7041 ) ;
#9196 = CARTESIAN_POINT ( 'NONE',  ( -0.2967928932188135200, 0.2675000000000000700, 0.01499999999999994700 ) ) ;
#9197 = DIRECTION ( 'NONE',  ( -1.000000000000000000, -0.0000000000000000000, -0.0000000000000000000 ) ) ;
#9198 = CARTESIAN_POINT ( 'NONE',  ( -0.08011811023622024400, -0.2674999999999999600, 0.01500000000000001200 ) ) ;
#9199 = CARTESIAN_POINT ( 'NONE',  ( 0.2975000000000023700, 0.02872058991876547500, 0.7479635790510845700 ) ) ;
#9200 = DIRECTION ( 'NONE',  ( 0.0000000000000000000, -1.000000000000000000, 3.412622176065439300E-015 ) ) ;
#9201 = AXIS2_PLACEMENT_3D ( 'NONE', #10108, #6684, #2418 ) ;
#9203 = EDGE_CURVE ( 'NONE', #5971, #3289, #6351, .T. ) ;
#9202 = ADVANCED_FACE ( 'NONE', ( #8899 ), #7968, .T. ) ;
#9204 = ORIENTED_EDGE ( 'NONE', *, *, #55, .F. ) ;
#9205 = VERTEX_POINT ( 'NONE', #8801 ) ;
#9206 = FILL_AREA_STYLE_COLOUR ( '', #2976 ) ;
#9207 = DIRECTION ( 'NONE',  ( 1.000000000000000000, 3.594536833768767100E-016, 0.0000000000000000000 ) ) ;
#9208 = CARTESIAN_POINT ( 'NONE',  ( 0.3136167114875705300, 0.1454527559055146500, 0.4396684505418362900 ) ) ;
#9209 = EDGE_CURVE ( 'NONE', #9553, #8068, #4487, .T. ) ;
#9210 = EDGE_LOOP ( 'NONE', ( #261, #1442, #10003, #6205 ) ) ;
#9211 = VECTOR ( 'NONE', #6969, 39.37007874015748100 ) ;
#9212 = ORIENTED_EDGE ( 'NONE', *, *, #5648, .T. ) ;
#9213 = LINE ( 'NONE', #655, #2823 ) ;
#9214 = ORIENTED_EDGE ( 'NONE', *, *, #8825, .T. ) ;
#9215 = CARTESIAN_POINT ( 'NONE',  ( 0.2975000000000051500, -0.2515000000000000000, 1.028802906174494100E-015 ) ) ;
#9216 = FACE_OUTER_BOUND ( 'NONE', #9480, .T. ) ;
#9217 = CARTESIAN_POINT ( 'NONE',  ( 0.2975000000000023200, -0.2515000000000000000, 0.6900912614787636500 ) ) ;
#9218 = ORIENTED_EDGE ( 'NONE', *, *, #1183, .T. ) ;
#9219 = VECTOR ( 'NONE', #6829, 39.37007874015748100 ) ;
#9220 = CARTESIAN_POINT ( 'NONE',  ( -0.3164370078740166800, -0.2438779527559034600, 0.2829999999999988600 ) ) ;
#9221 = ADVANCED_FACE ( 'NONE', ( #4081 ), #7177, .T. ) ;
#9222 = DIRECTION ( 'NONE',  ( 0.0000000000000000000, 0.0000000000000000000, -1.000000000000000000 ) ) ;
#9223 = VECTOR ( 'NONE', #3978, 39.37007874015748100 ) ;
#9224 = ORIENTED_EDGE ( 'NONE', *, *, #2682, .T. ) ;
#9225 = EDGE_CURVE ( 'NONE', #8066, #6178, #8339, .T. ) ;
#9226 = EDGE_CURVE ( 'NONE', #4059, #5550, #2869, .T. ) ;
#9227 = EDGE_LOOP ( 'NONE', ( #7058, #2317, #4953, #4753 ) ) ;
#9228 = VECTOR ( 'NONE', #5378, 39.37007874015748100 ) ;
#9229 = ORIENTED_EDGE ( 'NONE', *, *, #3244, .F. ) ;
#9230 = SURFACE_STYLE_USAGE ( .BOTH. , #2390 ) ;
#9231 = CARTESIAN_POINT ( 'NONE',  ( -0.1949240715574873100, -0.01332677165354330000, 0.2170187865154117300 ) ) ;
#9232 = FACE_OUTER_BOUND ( 'NONE', #7530, .T. ) ;
#9233 = LINE ( 'NONE', #1091, #1899 ) ;
#9234 =( NAMED_UNIT ( * ) PLANE_ANGLE_UNIT ( ) SI_UNIT ( $, .RADIAN. ) );
#9235 = LINE ( 'NONE', #8018, #10954 ) ;
#9236 =( CONVERSION_BASED_UNIT ( 'INCH', #4025 ) LENGTH_UNIT ( ) NAMED_UNIT ( #10254 ) );
#9237 = AXIS2_PLACEMENT_3D ( 'NONE', #9437, #10296, #1023 ) ;
#9238 = DIRECTION ( 'NONE',  ( -3.346303001498510500E-015, 1.000000000000000000, 0.0000000000000000000 ) ) ;
#9239 = CARTESIAN_POINT ( 'NONE',  ( 0.2417957872900946000, 0.04959782299446938200, 0.7740197545653724200 ) ) ;
#9240 = DIRECTION ( 'NONE',  ( -6.982962677686265900E-015, -1.000000000000000000, 3.483718471400136200E-015 ) ) ;
#9241 = EDGE_CURVE ( 'NONE', #6676, #8780, #9122, .T. ) ;
#9242 = SURFACE_SIDE_STYLE ('',( #539 ) ) ;
#9243 = CARTESIAN_POINT ( 'NONE',  ( 0.2417957872900946800, 0.08784335684306161800, 0.7529635790510819100 ) ) ;
#9244 = AXIS2_PLACEMENT_3D ( 'NONE', #6580, #6661, #8423 ) ;
#9245 = VECTOR ( 'NONE', #6821, 39.37007874015748100 ) ;
#9246 = CARTESIAN_POINT ( 'NONE',  ( 0.2054877261357553900, -0.3275207688027486600, 0.3624142014303082200 ) ) ;
#9247 = SURFACE_STYLE_FILL_AREA ( #4307 ) ;
#9248 = VECTOR ( 'NONE', #5745, 39.37007874015748100 ) ;
#9249 = DIRECTION ( 'NONE',  ( 1.000000000000000000, 0.0000000000000000000, -0.0000000000000000000 ) ) ;
#9250 = LINE ( 'NONE', #2728, #3393 ) ;
#9251 = EDGE_CURVE ( 'NONE', #9540, #105, #7692, .T. ) ;
#9252 = ORIENTED_EDGE ( 'NONE', *, *, #4647, .F. ) ;
#9253 = CARTESIAN_POINT ( 'NONE',  ( -0.3125000000000009400, -0.2438779527559034600, 0.2731574803149595700 ) ) ;
#9254 = VECTOR ( 'NONE', #1714, 39.37007874015748100 ) ;
#9255 = FACE_OUTER_BOUND ( 'NONE', #4989, .T. ) ;
#9256 = DIRECTION ( 'NONE',  ( -6.982962677686267500E-015, -7.163401044396570500E-015, -1.000000000000000000 ) ) ;
#9257 = VECTOR ( 'NONE', #10523, 39.37007874015748100 ) ;
#9258 = MECHANICAL_DESIGN_GEOMETRIC_PRESENTATION_REPRESENTATION (  '', ( #6538 ), #9821 ) ;
#9259 = ORIENTED_EDGE ( 'NONE', *, *, #5342, .T. ) ;
#9261 = DIRECTION ( 'NONE',  ( 0.0000000000000000000, -1.000000000000000000, 1.048106071835392200E-014 ) ) ;
#9260 = LINE ( 'NONE', #2294, #1639 ) ;
#9262 = VERTEX_POINT ( 'NONE', #2881 ) ;
#9263 = DIRECTION ( 'NONE',  ( 0.0000000000000000000, -1.000000000000000000, 0.0000000000000000000 ) ) ;
#9264 = DIRECTION ( 'NONE',  ( -1.000000000000000000, 1.458800866809831600E-016, -3.623343611582382000E-015 ) ) ;
#9265 = FACE_OUTER_BOUND ( 'NONE', #70, .T. ) ;
#9266 = ADVANCED_FACE ( 'NONE', ( #8628 ), #5455, .T. ) ;
#9267 = VECTOR ( 'NONE', #5669, 39.37007874015748100 ) ;
#9268 = CARTESIAN_POINT ( 'NONE',  ( 0.2519685039370078700, 0.06541338582677166900, 0.01499999999999999900 ) ) ;
#9269 = VECTOR ( 'NONE', #10422, 39.37007874015748100 ) ;
#9270 = CARTESIAN_POINT ( 'NONE',  ( -0.2975000000000012600, -0.1771838596522949400, 0.6900912614787635400 ) ) ;
#9271 = EDGE_LOOP ( 'NONE', ( #1328, #10869, #244, #9682 ) ) ;
#9272 = ORIENTED_EDGE ( 'NONE', *, *, #8837, .F. ) ;
#9273 = ORIENTED_EDGE ( 'NONE', *, *, #9597, .F. ) ;
#9274 = VERTEX_POINT ( 'NONE', #7341 ) ;
#9275 = AXIS2_PLACEMENT_3D ( 'NONE', #7951, #2033, #330 ) ;
#9276 = SURFACE_STYLE_USAGE ( .BOTH. , #2600 ) ;
#9277 = CARTESIAN_POINT ( 'NONE',  ( -0.2975000000000024800, -0.1219842793760456800, 0.7479635790510822400 ) ) ;
#9278 = FACE_OUTER_BOUND ( 'NONE', #3449, .T. ) ;
#9279 = DIRECTION ( 'NONE',  ( 0.0000000000000000000, 1.000000000000000000, -0.0000000000000000000 ) ) ;
#9280 = EDGE_CURVE ( 'NONE', #3803, #10204, #2313, .T. ) ;
#9281 = ORIENTED_EDGE ( 'NONE', *, *, #2187, .T. ) ;
#9282 = CARTESIAN_POINT ( 'NONE',  ( 0.1360892368833508400, 0.1454527559055146500, 0.2615020245954143800 ) ) ;
#9283 = ADVANCED_FACE ( 'NONE', ( #8889 ), #705, .T. ) ;
#9284 = ORIENTED_EDGE ( 'NONE', *, *, #1122, .F. ) ;
#9285 = ORIENTED_EDGE ( 'NONE', *, *, #6325, .F. ) ;
#9286 = CARTESIAN_POINT ( 'NONE',  ( 0.2755905511811023700, -0.1324212598425196800, 0.0000000000000000000 ) ) ;
#9287 = ORIENTED_EDGE ( 'NONE', *, *, #7310, .F. ) ;
#9288 = LINE ( 'NONE', #4874, #4869 ) ;
#9289 = ORIENTED_EDGE ( 'NONE', *, *, #4240, .F. ) ;
#9290 = CARTESIAN_POINT ( 'NONE',  ( -0.1948031496062992700, -0.2052511311690032600, 0.0000000000000000000 ) ) ;
#9291 = DIRECTION ( 'NONE',  ( -6.982962677686265900E-015, -1.000000000000000000, 3.483718471400136200E-015 ) ) ;
#9292 = ORIENTED_EDGE ( 'NONE', *, *, #6127, .F. ) ;
#9293 = ORIENTED_EDGE ( 'NONE', *, *, #1946, .T. ) ;
#9294 = ORIENTED_EDGE ( 'NONE', *, *, #428, .F. ) ;
#9295 = EDGE_CURVE ( 'NONE', #10034, #3951, #2058, .T. ) ;
#9296 = CARTESIAN_POINT ( 'NONE',  ( -0.2249999999999999800, -0.3275000000000012900, 0.4279999999999999400 ) ) ;
#9297 = ORIENTED_EDGE ( 'NONE', *, *, #7241, .T. ) ;
#9298 = EDGE_CURVE ( 'NONE', #9946, #2803, #6882, .T. ) ;
#9299 = CARTESIAN_POINT ( 'NONE',  ( -0.3125000000000052200, -6.986840359642524300E-017, 1.081175126257119100E-015 ) ) ;
#9300 = DIRECTION ( 'NONE',  ( -0.0000000000000000000, 1.000000000000000000, -0.0000000000000000000 ) ) ;
#9301 = ORIENTED_EDGE ( 'NONE', *, *, #1725, .T. ) ;
#9302 = CARTESIAN_POINT ( 'NONE',  ( 0.1751181102362205100, -0.1174558555784520600, 0.03468503937007873200 ) ) ;
#9303 = LINE ( 'NONE', #5919, #5041 ) ;
#9304 = EDGE_LOOP ( 'NONE', ( #4380, #4651, #6922, #10644 ) ) ;
#9305 = CARTESIAN_POINT ( 'NONE',  ( -0.1397637795275590600, 0.1522291837916265300, 0.5125280012291644200 ) ) ;
#9306 = CARTESIAN_POINT ( 'NONE',  ( -0.1348425196850394100, -0.5313388496530164800, 0.6681574803149606900 ) ) ;
#9307 = EDGE_CURVE ( 'NONE', #877, #336, #1009, .T. ) ;
#9308 = CARTESIAN_POINT ( 'NONE',  ( 0.2717853368598917600, 0.2525000000000000600, 0.8101574803149606000 ) ) ;
#9309 = CARTESIAN_POINT ( 'NONE',  ( -0.01220472440944881700, 0.1522291837916265300, 0.5125280012291644200 ) ) ;
#9310 = LINE ( 'NONE', #8416, #10899 ) ;
#9311 = ORIENTED_EDGE ( 'NONE', *, *, #890, .F. ) ;
#9312 = CARTESIAN_POINT ( 'NONE',  ( 0.3164370078740186800, -0.2514999999999986100, 0.2633149606299223200 ) ) ;
#9313 = DIRECTION ( 'NONE',  ( 0.0000000000000000000, 0.0000000000000000000, 1.000000000000000000 ) ) ;
#9314 = EDGE_CURVE ( 'NONE', #3074, #8882, #4858, .T. ) ;
#9315 = DIRECTION ( 'NONE',  ( 0.0000000000000000000, 0.0000000000000000000, 1.000000000000000000 ) ) ;
#9316 = DIRECTION ( 'NONE',  ( 3.498098040667654100E-015, -0.0000000000000000000, 1.000000000000000000 ) ) ;
#9317 = CARTESIAN_POINT ( 'NONE',  ( 0.2054877259986012900, -0.3304428303881092900, 0.3582184633068201100 ) ) ;
#9318 = ADVANCED_FACE ( 'NONE', ( #8994 ), #2945, .F. ) ;
#9319 = VECTOR ( 'NONE', #256, 39.37007874015748100 ) ;
#9320 = EDGE_CURVE ( 'NONE', #9400, #4543, #9403, .T. ) ;
#9321 = AXIS2_PLACEMENT_3D ( 'NONE', #6218, #10521, #1132 ) ;
#9322 = ORIENTED_EDGE ( 'NONE', *, *, #5401, .F. ) ;
#9323 = CARTESIAN_POINT ( 'NONE',  ( 0.2054877262871946400, -0.3275000000000013500, 0.3670469428126474400 ) ) ;
#9324 = DIRECTION ( 'NONE',  ( 2.473528845811441300E-015, -0.7071067811865569000, 0.7071067811865382500 ) ) ;
#9325 = DIRECTION ( 'NONE',  ( -1.000000000000000000, -4.474998752684391100E-016, -6.982962677686265900E-015 ) ) ;
#9326 = VERTEX_POINT ( 'NONE', #6382 ) ;
#9327 = EDGE_CURVE ( 'NONE', #7459, #8986, #9787, .T. ) ;
#9328 = CARTESIAN_POINT ( 'NONE',  ( -0.2486744556699771700, -0.01332677165354315300, 0.0000000000000000000 ) ) ;
#9329 = DIRECTION ( 'NONE',  ( 0.0000000000000000000, -3.469446951953613800E-015, 1.000000000000000000 ) ) ;
#9330 = LINE ( 'NONE', #2714, #1445 ) ;
#9331 = ORIENTED_EDGE ( 'NONE', *, *, #10329, .F. ) ;
#9332 = ADVANCED_FACE ( 'NONE', ( #4723 ), #10643, .F. ) ;
#9333 = CARTESIAN_POINT ( 'NONE',  ( -0.2975000000000001000, 3.414809992080329000E-017, 0.01499999999999999900 ) ) ;
#9334 = CARTESIAN_POINT ( 'NONE',  ( 0.2925000000000022600, 0.1454527559055146000, 0.6900912614787637600 ) ) ;
#9335 = CARTESIAN_POINT ( 'NONE',  ( 0.0000000000000000000, 0.2525000000000000600, 0.01499999999999999900 ) ) ;
#9336 = DIRECTION ( 'NONE',  ( 0.0000000000000000000, -0.0000000000000000000, -1.000000000000000000 ) ) ;
#9337 = AXIS2_PLACEMENT_3D ( 'NONE', #498, #5497, #6459 ) ;
#9338 = VERTEX_POINT ( 'NONE', #9799 ) ;
#9339 = CARTESIAN_POINT ( 'NONE',  ( -0.2925000000000024200, 0.1454527559055146500, 0.6900912614787658700 ) ) ;
#9340 = DIRECTION ( 'NONE',  ( -0.9961946980917451000, -0.0000000000000000000, 0.08715574274766177400 ) ) ;
#9341 = DIRECTION ( 'NONE',  ( 6.982962677686265900E-015, -1.000000000000000000, 3.412622176065440100E-015 ) ) ;
#9342 = LINE ( 'NONE', #6983, #7090 ) ;
#9343 = ORIENTED_EDGE ( 'NONE', *, *, #4038, .T. ) ;
#9344 = DIRECTION ( 'NONE',  ( -2.300443207314080800E-031, -3.412622176065440100E-015, -1.000000000000000000 ) ) ;
#9345 = CARTESIAN_POINT ( 'NONE',  ( 0.09566929133858267900, 0.1522291837916265600, 0.4674415849128674100 ) ) ;
#9346 = CARTESIAN_POINT ( 'NONE',  ( 0.2974999999999998800, 0.0000000000000000000, -1.093155637708641500E-015 ) ) ;
#9347 = VERTEX_POINT ( 'NONE', #1481 ) ;
#9348 = CARTESIAN_POINT ( 'NONE',  ( 0.3124999999999999400, 0.2517928932188135400, 0.01499999999999994700 ) ) ;
#9349 = DIRECTION ( 'NONE',  ( -1.000000000000000000, 0.0000000000000000000, 3.623343611582382000E-015 ) ) ;
#9350 = VERTEX_POINT ( 'NONE', #9121 ) ;
#9351 = CARTESIAN_POINT ( 'NONE',  ( -0.2054877304314322900, -0.3275573501768159800, 0.4938250402617068700 ) ) ;
#9352 = AXIS2_PLACEMENT_3D ( 'NONE', #9390, #10138, #4302 ) ;
#9353 = LINE ( 'NONE', #7536, #3065 ) ;
#9354 = EDGE_CURVE ( 'NONE', #2555, #6355, #4476, .T. ) ;
#9355 = ORIENTED_EDGE ( 'NONE', *, *, #2122, .F. ) ;
#9356 = VECTOR ( 'NONE', #504, 39.37007874015748100 ) ;
#9357 = EDGE_CURVE ( 'NONE', #513, #10880, #10847, .T. ) ;
#9358 = CARTESIAN_POINT ( 'NONE',  ( -0.2975000000000001000, 0.2524999999999999500, -4.268512490100411300E-018 ) ) ;
#9359 = FACE_OUTER_BOUND ( 'NONE', #2078, .T. ) ;
#9360 = VECTOR ( 'NONE', #8196, 39.37007874015748100 ) ;
#9361 = ORIENTED_EDGE ( 'NONE', *, *, #4257, .F. ) ;
#9362 = DIRECTION ( 'NONE',  ( 0.0000000000000000000, 0.0000000000000000000, -1.000000000000000000 ) ) ;
#9363 = ORIENTED_EDGE ( 'NONE', *, *, #5746, .F. ) ;
#9364 = AXIS2_PLACEMENT_3D ( 'NONE', #4708, #2202, #3135 ) ;
#9365 = CARTESIAN_POINT ( 'NONE',  ( -0.1594488188976377900, 0.0000000000000000000, 0.8122440944881890200 ) ) ;
#9366 = CYLINDRICAL_SURFACE ( 'NONE', #217, 0.01499999999999997700 ) ;
#9367 = CARTESIAN_POINT ( 'NONE',  ( 0.05314960629921262200, 0.0000000000000000000, 0.8122440944881890200 ) ) ;
#9368 = LINE ( 'NONE', #6177, #9756 ) ;
#9369 = EDGE_CURVE ( 'NONE', #6890, #2191, #81, .T. ) ;
#9370 = CARTESIAN_POINT ( 'NONE',  ( 0.2717853368598917600, 0.0000000000000000000, 0.01499999999999999900 ) ) ;
#9371 = VECTOR ( 'NONE', #6090, 39.37007874015748100 ) ;
#9373 = DIRECTION ( 'NONE',  ( 0.0000000000000000000, 1.000000000000000000, 0.0000000000000000000 ) ) ;
#9372 = LINE ( 'NONE', #10509, #4037 ) ;
#9374 = DIRECTION ( 'NONE',  ( 1.000000000000000000, 3.346303001498510500E-015, -1.124126789939941800E-029 ) ) ;
#9375 = VERTEX_POINT ( 'NONE', #3115 ) ;
#9376 = EDGE_CURVE ( 'NONE', #389, #8778, #5143, .T. ) ;
#9377 = DIRECTION ( 'NONE',  ( 1.000000000000000000, -0.0000000000000000000, -0.0000000000000000000 ) ) ;
#9378 = DIRECTION ( 'NONE',  ( 0.0000000000000000000, -3.734946786957687200E-015, 1.000000000000000000 ) ) ;
#9379 = LINE ( 'NONE', #5876, #4834 ) ;
#9380 =( NAMED_UNIT ( * ) SI_UNIT ( $, .STERADIAN. ) SOLID_ANGLE_UNIT ( ) );
#9381 = PLANE ( 'NONE',  #10877 ) ;
#9382 = FACE_OUTER_BOUND ( 'NONE', #3825, .T. ) ;
#9383 = CYLINDRICAL_SURFACE ( 'NONE', #2452, 0.004999999999999946300 ) ;
#9384 = LINE ( 'NONE', #7755, #852 ) ;
#9385 = EDGE_CURVE ( 'NONE', #10084, #5366, #3544, .T. ) ;
#9386 = PLANE ( 'NONE',  #282 ) ;
#9387 = ADVANCED_FACE ( 'NONE', ( #10060 ), #4913, .T. ) ;
#9388 = PRESENTATION_LAYER_ASSIGNMENT (  '', '', ( #5983 ) ) ;
#9389 = PLANE ( 'NONE',  #3711 ) ;
#9390 = CARTESIAN_POINT ( 'NONE',  ( 0.2519685039370078700, 0.1754133858267716600, 0.01499999999999999900 ) ) ;
#9391 = CIRCLE ( 'NONE', #9901, 0.01968503937007869100 ) ;
#9392 = VECTOR ( 'NONE', #2768, 39.37007874015748100 ) ;
#9393 = DIRECTION ( 'NONE',  ( 0.0000000000000000000, 0.0000000000000000000, 1.000000000000000000 ) ) ;
#9394 = EDGE_CURVE ( 'NONE', #5013, #7019, #10587, .T. ) ;
#9395 = ORIENTED_EDGE ( 'NONE', *, *, #10462, .T. ) ;
#9396 = CARTESIAN_POINT ( 'NONE',  ( -0.2975000000000024800, -0.1771838596522949400, 0.6900912614787658700 ) ) ;
#9397 = VERTEX_POINT ( 'NONE', #9087 ) ;
#9398 = VERTEX_POINT ( 'NONE', #8276 ) ;
#9399 = CARTESIAN_POINT ( 'NONE',  ( 0.1751181102362205100, -0.1174558555784520600, 0.03468503937007873200 ) ) ;
#9400 = VERTEX_POINT ( 'NONE', #3239 ) ;
#9401 = ORIENTED_EDGE ( 'NONE', *, *, #985, .F. ) ;
#9402 = LINE ( 'NONE', #9116, #1525 ) ;
#9403 = CIRCLE ( 'NONE', #7650, 0.01500000000000001300 ) ;
#9404 = DIRECTION ( 'NONE',  ( -3.623343611582382800E-015, -3.093257492392986700E-030, -1.000000000000000000 ) ) ;
#9405 = CARTESIAN_POINT ( 'NONE',  ( 0.2972642977396043900, 0.2577359877559830500, 0.004999999999999992300 ) ) ;
#9406 = ORIENTED_EDGE ( 'NONE', *, *, #9423, .T. ) ;
#9407 = ORIENTED_EDGE ( 'NONE', *, *, #7764, .T. ) ;
#9408 = ORIENTED_EDGE ( 'NONE', *, *, #393, .F. ) ;
#9409 = DIRECTION ( 'NONE',  ( -0.7071067811865462400, 0.0000000000000000000, 0.7071067811865486800 ) ) ;
#9410 = ORIENTED_EDGE ( 'NONE', *, *, #561, .F. ) ;
#9411 = PLANE ( 'NONE',  #2587 ) ;
#9412 = VECTOR ( 'NONE', #1477, 39.37007874015748100 ) ;
#9413 = ORIENTED_EDGE ( 'NONE', *, *, #8465, .F. ) ;
#9414 = CARTESIAN_POINT ( 'NONE',  ( -0.07440944881889763300, 0.1522291837916265600, 0.4674415849128674100 ) ) ;
#9415 = VERTEX_POINT ( 'NONE', #3281 ) ;
#9416 = CARTESIAN_POINT ( 'NONE',  ( -0.3125000000000000600, 0.2517928932188133700, 0.01499999999999994700 ) ) ;
#9417 = FILL_AREA_STYLE_COLOUR ( '', #770 ) ;
#9418 = VERTEX_POINT ( 'NONE', #3987 ) ;
#9419 = ORIENTED_EDGE ( 'NONE', *, *, #8885, .T. ) ;
#9420 =( CONVERSION_BASED_UNIT ( 'INCH', #3880 ) LENGTH_UNIT ( ) NAMED_UNIT ( #5213 ) );
#9421 = PLANE ( 'NONE',  #7946 ) ;
#9422 = CARTESIAN_POINT ( 'NONE',  ( 0.2966278565449310700, 0.09284335684306158100, 0.7529635790510820200 ) ) ;
#9423 = EDGE_CURVE ( 'NONE', #4077, #3585, #5529, .T. ) ;
#9424 = ORIENTED_EDGE ( 'NONE', *, *, #9837, .F. ) ;
#9425 = VERTEX_POINT ( 'NONE', #6675 ) ;
#9426 = COLOUR_RGB ( '',0.7921568627450980000, 0.8196078431372548800, 0.9333333333333333500 ) ;
#9427 = DIRECTION ( 'NONE',  ( -0.0000000000000000000, -0.0000000000000000000, -1.000000000000000000 ) ) ;
#9428 = CARTESIAN_POINT ( 'NONE',  ( -0.2816278565449310500, 0.1454527559055146500, 0.7163187439931647500 ) ) ;
#9429 = ORIENTED_EDGE ( 'NONE', *, *, #6519, .F. ) ;
#9430 = DIRECTION ( 'NONE',  ( 0.0000000000000000000, -1.000000000000000000, -0.0000000000000000000 ) ) ;
#9431 = ORIENTED_EDGE ( 'NONE', *, *, #3205, .F. ) ;
#9432 = VECTOR ( 'NONE', #3381, 39.37007874015748100 ) ;
#9433 = ORIENTED_EDGE ( 'NONE', *, *, #9394, .F. ) ;
#9434 = ORIENTED_EDGE ( 'NONE', *, *, #3030, .F. ) ;
#9435 = DIRECTION ( 'NONE',  ( 1.785730070130018400E-015, -1.000000000000000000, -0.0000000000000000000 ) ) ;
#9436 = ORIENTED_EDGE ( 'NONE', *, *, #6715, .F. ) ;
#9437 = CARTESIAN_POINT ( 'NONE',  ( -0.09724409448818897800, 0.0000000000000000000, 0.8122440944881890200 ) ) ;
#9438 = DIRECTION ( 'NONE',  ( -1.035966819350950000E-028, 3.431785758285150200E-014, 1.000000000000000000 ) ) ;
#9439 = EDGE_CURVE ( 'NONE', #7847, #9155, #7541, .T. ) ;
#9440 = CARTESIAN_POINT ( 'NONE',  ( 0.2966278565449311200, 0.08784335684306161800, 0.7740197545653726400 ) ) ;
#9441 = ORIENTED_EDGE ( 'NONE', *, *, #2207, .F. ) ;
#9442 = CARTESIAN_POINT ( 'NONE',  ( -0.08011811023622045200, -1.021197244730353200, 0.8122440944881890200 ) ) ;
#9443 = DIRECTION ( 'NONE',  ( -1.000000000000000000, -2.385472965096935500E-016, -3.441691376337984500E-015 ) ) ;
#9444 = ADVANCED_FACE ( 'NONE', ( #7825 ), #1567, .T. ) ;
#9445 = DIRECTION ( 'NONE',  ( -1.000000000000000000, -1.458800866809831600E-016, 3.623343611582382800E-015 ) ) ;
#9446 = CARTESIAN_POINT ( 'NONE',  ( -0.3125000000000023900, -0.1378615124517496000, 0.7690197545653726400 ) ) ;
#9447 = CARTESIAN_POINT ( 'NONE',  ( 0.2970285954792089600, 0.2658834035541473000, 0.007170200118550729000 ) ) ;
#9448 = DIRECTION ( 'NONE',  ( 0.9961946980917452100, 0.0000000000000000000, -0.08715574274766174600 ) ) ;
#9449 = PRESENTATION_STYLE_ASSIGNMENT (( #2598 ) ) ;
#9450 = CARTESIAN_POINT ( 'NONE',  ( 0.0000000000000000000, 0.0000000000000000000, 0.8122440944881890200 ) ) ;
#9451 = PLANE ( 'NONE',  #10890 ) ;
#9452 = EDGE_CURVE ( 'NONE', #6282, #6903, #3261, .T. ) ;
#9453 = CARTESIAN_POINT ( 'NONE',  ( 0.3125000000000022800, 0.2454289321881376600, 0.8200000000000022800 ) ) ;
#9454 = CARTESIAN_POINT ( 'NONE',  ( 0.1751181102362205100, -0.1855660917989245000, 0.8122440944881890200 ) ) ;
#9455 = VERTEX_POINT ( 'NONE', #4802 ) ;
#9456 = DIRECTION ( 'NONE',  ( 0.0000000000000000000, 0.0000000000000000000, -1.000000000000000000 ) ) ;
#9457 = VECTOR ( 'NONE', #4413, 39.37007874015748100 ) ;
#9458 = ORIENTED_EDGE ( 'NONE', *, *, #8135, .F. ) ;
#9459 = EDGE_CURVE ( 'NONE', #1019, #8145, #719, .T. ) ;
#9460 = CARTESIAN_POINT ( 'NONE',  ( 0.08484251968503923900, -0.2525000000000000600, 0.6681574803149606900 ) ) ;
#9461 = EDGE_LOOP ( 'NONE', ( #2786, #2374, #6444, #8533 ) ) ;
#9462 = DIRECTION ( 'NONE',  ( -0.0000000000000000000, 1.000000000000000000, -0.0000000000000000000 ) ) ;
#9463 = DIRECTION ( 'NONE',  ( 2.602085213965208300E-015, -3.469446951953613800E-015, 1.000000000000000000 ) ) ;
#9464 = CLOSED_SHELL ( 'NONE', ( #6534, #7080, #2370, #5438, #7610, #8874 ) ) ;
#9465 = LINE ( 'NONE', #10185, #6024 ) ;
#9466 = ORIENTED_EDGE ( 'NONE', *, *, #1928, .T. ) ;
#9467 = DIRECTION ( 'NONE',  ( 0.0000000000000000000, 0.0000000000000000000, 1.000000000000000000 ) ) ;
#9468 = DIRECTION ( 'NONE',  ( -0.0000000000000000000, -0.0000000000000000000, 1.000000000000000000 ) ) ;
#9469 = DIRECTION ( 'NONE',  ( -0.0000000000000000000, -1.000000000000000000, -0.0000000000000000000 ) ) ;
#9470 = VERTEX_POINT ( 'NONE', #4147 ) ;
#9471 = ORIENTED_EDGE ( 'NONE', *, *, #5289, .T. ) ;
#9472 = VERTEX_POINT ( 'NONE', #10907 ) ;
#9473 = CARTESIAN_POINT ( 'NONE',  ( -0.1151574803149606800, -0.2525000000000000600, 0.6681574803149606900 ) ) ;
#9474 = LINE ( 'NONE', #921, #6408 ) ;
#9475 = ORIENTED_EDGE ( 'NONE', *, *, #248, .F. ) ;
#9476 = CARTESIAN_POINT ( 'NONE',  ( -0.04792843548482252800, 0.1454527559055146500, 0.07748435222724040000 ) ) ;
#9477 = CARTESIAN_POINT ( 'NONE',  ( -0.1151574803149606800, -0.2525000000000000600, 0.6878425196850395100 ) ) ;
#9478 = VECTOR ( 'NONE', #3396, 39.37007874015748100 ) ;
#9479 = AXIS2_PLACEMENT_3D ( 'NONE', #10013, #3158, #10097 ) ;
#9480 = EDGE_LOOP ( 'NONE', ( #1682, #2514, #1424, #1050, #5825, #2050, #7702, #9820 ) ) ;
#9481 = SURFACE_STYLE_FILL_AREA ( #10891 ) ;
#9482 = DIRECTION ( 'NONE',  ( 0.0000000000000000000, -3.469446951953613800E-015, 1.000000000000000000 ) ) ;
#9483 = ORIENTED_EDGE ( 'NONE', *, *, #3720, .F. ) ;
#9484 = VECTOR ( 'NONE', #1861, 39.37007874015748100 ) ;
#9485 = AXIS2_PLACEMENT_3D ( 'NONE', #9016, #4795, #1259 ) ;
#9486 = DIRECTION ( 'NONE',  ( 1.783999313487422800E-031, -3.412622176065440100E-015, -1.000000000000000000 ) ) ;
#9487 = CYLINDRICAL_SURFACE ( 'NONE', #508, 0.01500000000000001200 ) ;
#9488 = EDGE_LOOP ( 'NONE', ( #9617, #10485, #5677, #6966 ) ) ;
#9489 = ORIENTED_EDGE ( 'NONE', *, *, #4518, .T. ) ;
#9490 = VECTOR ( 'NONE', #9613, 39.37007874015748100 ) ;
#9491 = DIRECTION ( 'NONE',  ( 0.0000000000000000000, -3.469446951953613800E-015, 1.000000000000000000 ) ) ;
#9492 = SURFACE_SIDE_STYLE ('',( #4695 ) ) ;
#9493 = CLOSED_SHELL ( 'NONE', ( #6129, #5641, #409, #1658, #5596, #6504, #3054, #2505, #5998, #7868 ) ) ;
#9494 = CARTESIAN_POINT ( 'NONE',  ( 0.2966278565449310100, -0.1861070463003417800, 0.7529635790510822400 ) ) ;
#9495 = DIRECTION ( 'NONE',  ( 0.0000000000000000000, 0.0000000000000000000, -1.000000000000000000 ) ) ;
#9496 = LINE ( 'NONE', #10324, #4034 ) ;
#9497 = DIRECTION ( 'NONE',  ( 0.9999999999999994400, 0.0000000000000000000, 3.268890876087486000E-008 ) ) ;
#9498 = LINE ( 'NONE', #5517, #2839 ) ;
#9499 = CARTESIAN_POINT ( 'NONE',  ( -0.2417957872900946000, -0.1811070463003418000, 0.7690197545653725300 ) ) ;
#9500 = B_SPLINE_CURVE_WITH_KNOTS ( 'NONE', 3,
 ( #321, #8805, #3705, #6284, #8007, #2849, #2890, #4535, #2748, #7078, #1138, #10457, #8867, #8768, #3737, #5357, #2814, #3607, #283, #358, #9567, #6321 ),
 .UNSPECIFIED., .F., .F.,
 ( 4, 3, 3, 3, 3, 3, 3, 4 ),
 ( 0.0007750684776666900200, 0.0007872986927243351100, 0.0008118379428913424100, 0.0008535423322506591600, 0.0008951955884913952600, 0.0009376342287347517500, 0.0009816633784730424300, 0.001002462115553182200 ),
 .UNSPECIFIED. ) ;
#9501 = AXIS2_PLACEMENT_3D ( 'NONE', #8828, #5318, #277 ) ;
#9502 = EDGE_CURVE ( 'NONE', #4937, #3127, #9534, .T. ) ;
#9503 = DIRECTION ( 'NONE',  ( 0.0000000000000000000, 0.0000000000000000000, -1.000000000000000000 ) ) ;
#9504 = LINE ( 'NONE', #7294, #304 ) ;
#9505 = DIRECTION ( 'NONE',  ( 0.0000000000000000000, 1.000000000000000000, -3.491481338843133700E-015 ) ) ;
#9506 = AXIS2_PLACEMENT_3D ( 'NONE', #9104, #1288, #7327 ) ;
#9507 = CARTESIAN_POINT ( 'NONE',  ( 0.2974999999999998800, -0.1771838596522949400, 0.01499999999999999900 ) ) ;
#9508 = LINE ( 'NONE', #5981, #6997 ) ;
#9509 = FACE_OUTER_BOUND ( 'NONE', #4101, .T. ) ;
#9510 = CARTESIAN_POINT ( 'NONE',  ( 0.03031496062992127300, 0.1522291837916265300, 0.5125280012291644200 ) ) ;
#9511 = ADVANCED_FACE ( 'NONE', ( #3530 ), #9975, .F. ) ;
#9512 = FACE_OUTER_BOUND ( 'NONE', #3150, .T. ) ;
#9513 = DIRECTION ( 'NONE',  ( 0.0000000000000000000, 0.0000000000000000000, 1.000000000000000000 ) ) ;
#9514 = VECTOR ( 'NONE', #3555, 39.37007874015748900 ) ;
#9515 = DIRECTION ( 'NONE',  ( 0.0000000000000000000, 0.0000000000000000000, -1.000000000000000000 ) ) ;
#9516 = CARTESIAN_POINT ( 'NONE',  ( 0.1948031496062992700, 0.0000000000000000000, 0.01499999999999999900 ) ) ;
#9517 = EDGE_CURVE ( 'NONE', #8138, #487, #7390, .T. ) ;
#9518 = PLANE ( 'NONE',  #112 ) ;
#9519 = DIRECTION ( 'NONE',  ( 0.0000000000000000000, 0.0000000000000000000, -1.000000000000000000 ) ) ;
#9520 = VECTOR ( 'NONE', #9158, 39.37007874015748100 ) ;
#9521 = LINE ( 'NONE', #6301, #7252 ) ;
#9522 = PLANE ( 'NONE',  #3600 ) ;
#9523 = DIRECTION ( 'NONE',  ( 0.0000000000000000000, 0.0000000000000000000, -1.000000000000000000 ) ) ;
#9524 = ORIENTED_EDGE ( 'NONE', *, *, #2228, .F. ) ;
#9525 = CARTESIAN_POINT ( 'NONE',  ( 0.2967928932188134100, 5.940041322148724500E-015, 0.8350000000000017400 ) ) ;
#9526 = ADVANCED_FACE ( 'NONE', ( #5130 ), #623, .F. ) ;
#9527 = ORIENTED_EDGE ( 'NONE', *, *, #4141, .F. ) ;
#9528 = ORIENTED_EDGE ( 'NONE', *, *, #5336, .T. ) ;
#9529 = EDGE_CURVE ( 'NONE', #4924, #9798, #6869, .T. ) ;
#9530 = CARTESIAN_POINT ( 'NONE',  ( -0.09724409448818897800, 0.004804859663680982400, 0.8122440944881890200 ) ) ;
#9531 = CARTESIAN_POINT ( 'NONE',  ( 0.1348425196850393500, -0.5313388496530164800, 0.7878425196850394900 ) ) ;
#9532 = LINE ( 'NONE', #10754, #4607 ) ;
#9533 = DIRECTION ( 'NONE',  ( 3.498098040667654100E-015, 0.0000000000000000000, 1.000000000000000000 ) ) ;
#9534 = LINE ( 'NONE', #3195, #9267 ) ;
#9535 = LINE ( 'NONE', #1140, #3105 ) ;
#9536 = CARTESIAN_POINT ( 'NONE',  ( 0.08011811023622024400, -0.4838473832923010400, 0.01499999999999999900 ) ) ;
#9537 = EDGE_CURVE ( 'NONE', #225, #4059, #2858, .T. ) ;
#9538 = AXIS2_PLACEMENT_3D ( 'NONE', #8251, #10791, #8328 ) ;
#9539 = DIRECTION ( 'NONE',  ( 2.366193544264534800E-015, -0.7071067811865571200, 0.7071067811865379100 ) ) ;
#9540 = VERTEX_POINT ( 'NONE', #4232 ) ;
#9541 = CARTESIAN_POINT ( 'NONE',  ( -0.01515748031496071300, -0.2525000000000000600, 0.6681574803149606900 ) ) ;
#9542 = EDGE_LOOP ( 'NONE', ( #1855, #6840, #895, #6409 ) ) ;
#9543 = ORIENTED_EDGE ( 'NONE', *, *, #9327, .T. ) ;
#9544 =( LENGTH_UNIT ( ) NAMED_UNIT ( * ) SI_UNIT ( $, .METRE. ) );
#9545 = ORIENTED_EDGE ( 'NONE', *, *, #4397, .F. ) ;
#9546 = VECTOR ( 'NONE', #1896, 39.37007874015748100 ) ;
#9547 = EDGE_CURVE ( 'NONE', #8081, #3931, #7949, .T. ) ;
#9548 = CIRCLE ( 'NONE', #3047, 0.01499999999999997700 ) ;
#9549 = DIRECTION ( 'NONE',  ( -1.000000000000000000, 0.0000000000000000000, 0.0000000000000000000 ) ) ;
#9550 = DIRECTION ( 'NONE',  ( 0.0000000000000000000, 0.0000000000000000000, 1.000000000000000000 ) ) ;
#9551 = ORIENTED_EDGE ( 'NONE', *, *, #6255, .T. ) ;
#9552 = CLOSED_SHELL ( 'NONE', ( #6691, #4751, #1284, #7334, #4316, #6249 ) ) ;
#9553 = VERTEX_POINT ( 'NONE', #7612 ) ;
#9554 = CARTESIAN_POINT ( 'NONE',  ( 0.2816278565449311100, -0.2525000000000000600, 1.576493224244851900 ) ) ;
#9555 = ORIENTED_EDGE ( 'NONE', *, *, #10770, .T. ) ;
#9556 = PRESENTATION_LAYER_ASSIGNMENT (  '', '', ( #7413 ) ) ;
#9557 = CARTESIAN_POINT ( 'NONE',  ( -0.2966278565449310700, 0.04959782299446936800, 0.7690197545653726400 ) ) ;
#9558 = FACE_OUTER_BOUND ( 'NONE', #9636, .T. ) ;
#9559 = ORIENTED_EDGE ( 'NONE', *, *, #500, .F. ) ;
#9560 = VECTOR ( 'NONE', #10189, 39.37007874015748100 ) ;
#9561 = DIRECTION ( 'NONE',  ( 1.000000000000000000, -3.491481338843133000E-015, 0.0000000000000000000 ) ) ;
#9562 = ORIENTED_EDGE ( 'NONE', *, *, #2861, .F. ) ;
#9563 = DIRECTION ( 'NONE',  ( 0.0000000000000000000, -0.4413750231038431300, 0.8973227340149595400 ) ) ;
#9564 = CARTESIAN_POINT ( 'NONE',  ( 0.3125000000000023900, -0.2019842793760456800, 0.7479635790510845700 ) ) ;
#9565 = ORIENTED_EDGE ( 'NONE', *, *, #5015, .T. ) ;
#9566 = VERTEX_POINT ( 'NONE', #1604 ) ;
#9567 = CARTESIAN_POINT ( 'NONE',  ( -0.2054877261447371500, -0.3275000000000097800, 0.3626889668232849400 ) ) ;
#9568 = ORIENTED_EDGE ( 'NONE', *, *, #29, .F. ) ;
#9569 = DIRECTION ( 'NONE',  ( 0.0000000000000000000, -1.000000000000000000, 0.0000000000000000000 ) ) ;
#9570 = DIRECTION ( 'NONE',  ( 3.441691376337984900E-015, -2.126789152896973900E-015, -1.000000000000000000 ) ) ;
#9571 = ORIENTED_EDGE ( 'NONE', *, *, #5959, .F. ) ;
#9572 = ADVANCED_FACE ( 'NONE', ( #327 ), #10261, .F. ) ;
#9573 = VECTOR ( 'NONE', #713, 39.37007874015748100 ) ;
#9574 = VERTEX_POINT ( 'NONE', #7581 ) ;
#9575 = EDGE_CURVE ( 'NONE', #7631, #4932, #10047, .T. ) ;
#9576 = DIRECTION ( 'NONE',  ( 0.0000000000000000000, 0.0000000000000000000, -1.000000000000000000 ) ) ;
#9577 = EDGE_CURVE ( 'NONE', #2129, #9375, #5655, .T. ) ;
#9578 = CARTESIAN_POINT ( 'NONE',  ( 0.3125000000000025000, 0.08784335684306159000, 0.7529635790510822400 ) ) ;
#9579 = B_SPLINE_CURVE_WITH_KNOTS ( 'NONE', 3,
 ( #5953, #10957, #756, #4161 ),
 .UNSPECIFIED., .F., .F.,
 ( 4, 4 ),
 ( 0.002257359019217823100, 0.003399544587958465800 ),
 .UNSPECIFIED. ) ;
#9580 = ORIENTED_EDGE ( 'NONE', *, *, #3520, .T. ) ;
#9581 = ADVANCED_FACE ( 'NONE', ( #1511 ), #2489, .F. ) ;
#9582 = DIRECTION ( 'NONE',  ( -3.498098040667654100E-015, 0.0000000000000000000, -1.000000000000000000 ) ) ;
#9583 = EDGE_CURVE ( 'NONE', #2306, #1762, #2300, .T. ) ;
#9584 = EDGE_CURVE ( 'NONE', #7883, #10914, #3248, .T. ) ;
#9585 = DIRECTION ( 'NONE',  ( -6.829619984160731600E-015, 0.0000000000000000000, -1.000000000000000000 ) ) ;
#9586 = CARTESIAN_POINT ( 'NONE',  ( 0.2094541919655777400, 0.06541338582677161400, 0.05093875028552515700 ) ) ;
#9587 = LINE ( 'NONE', #9599, #10763 ) ;
#9588 = LINE ( 'NONE', #4526, #10764 ) ;
#9589 = EDGE_LOOP ( 'NONE', ( #8265, #866, #7533, #9436 ) ) ;
#9590 = DIRECTION ( 'NONE',  ( -3.498098040667654100E-015, 0.0000000000000000000, 1.000000000000000000 ) ) ;
#9591 = EDGE_CURVE ( 'NONE', #2661, #6811, #69, .T. ) ;
#9592 = ORIENTED_EDGE ( 'NONE', *, *, #10140, .T. ) ;
#9593 = DIRECTION ( 'NONE',  ( 2.385472965096928100E-016, -1.000000000000000000, 2.385472965096935500E-016 ) ) ;
#9594 = DIRECTION ( 'NONE',  ( 0.0000000000000000000, -1.000000000000000000, 0.0000000000000000000 ) ) ;
#9595 = LINE ( 'NONE', #10432, #391 ) ;
#9596 = ORIENTED_EDGE ( 'NONE', *, *, #707, .T. ) ;
#9597 = EDGE_CURVE ( 'NONE', #10771, #9132, #2175, .T. ) ;
#9598 = STYLED_ITEM ( 'NONE', ( #5227 ), #3020 ) ;
#9599 = CARTESIAN_POINT ( 'NONE',  ( 0.2816278565449311100, -0.2525000000000000600, 0.8200000000000035000 ) ) ;
#9600 = DIRECTION ( 'NONE',  ( 3.498098040667654100E-015, -1.011658774726341100E-016, 1.000000000000000000 ) ) ;
#9601 = ORIENTED_EDGE ( 'NONE', *, *, #15, .T. ) ;
#9602 = EDGE_CURVE ( 'NONE', #7074, #7338, #10375, .T. ) ;
#9603 = PLANE ( 'NONE',  #10989 ) ;
#9605 = DIRECTION ( 'NONE',  ( -0.7071067811865462400, 0.0000000000000000000, -0.7071067811865486800 ) ) ;
#9604 = FACE_OUTER_BOUND ( 'NONE', #10878, .T. ) ;
#9606 = ORIENTED_EDGE ( 'NONE', *, *, #1801, .F. ) ;
#9607 = DIRECTION ( 'NONE',  ( -3.441691376337984900E-015, 9.880952548175142300E-017, -1.000000000000000000 ) ) ;
#9608 = ORIENTED_EDGE ( 'NONE', *, *, #3672, .T. ) ;
#9609 = CIRCLE ( 'NONE', #8132, 0.004999999999999946300 ) ;
#9610 = FILL_AREA_STYLE ('',( #5413 ) ) ;
#9611 = CYLINDRICAL_SURFACE ( 'NONE', #3821, 0.01499999999999997700 ) ;
#9612 = ORIENTED_EDGE ( 'NONE', *, *, #4740, .F. ) ;
#9613 = DIRECTION ( 'NONE',  ( 0.0000000000000000000, -1.925929944387235400E-031, -1.000000000000000000 ) ) ;
#9614 = ADVANCED_FACE ( 'NONE', ( #3401, #1249 ), #742, .T. ) ;
#9615 = CIRCLE ( 'NONE', #4426, 0.009842519685039276300 ) ;
#9616 = DIRECTION ( 'NONE',  ( 1.000000000000000000, -1.458800866809831900E-016, 3.623343611582382000E-015 ) ) ;
#9617 = ORIENTED_EDGE ( 'NONE', *, *, #2674, .F. ) ;
#9618 = CARTESIAN_POINT ( 'NONE',  ( 0.0000000000000000000, -0.2525000000000000600, 0.0000000000000000000 ) ) ;
#9619 = CARTESIAN_POINT ( 'NONE',  ( 0.2445122359226496700, -0.3775000000000015600, 0.4729474459236632800 ) ) ;
#9620 = LINE ( 'NONE', #7857, #7355 ) ;
#9621 = DIRECTION ( 'NONE',  ( -5.122214988120495500E-015, -0.0000000000000000000, -1.000000000000000000 ) ) ;
#9622 = LINE ( 'NONE', #8950, #1102 ) ;
#9623 = ORIENTED_EDGE ( 'NONE', *, *, #7652, .F. ) ;
#9624 = VECTOR ( 'NONE', #6570, 39.37007874015748100 ) ;
#9625 = EDGE_CURVE ( 'NONE', #2630, #2622, #5400, .T. ) ;
#9626 = ORIENTED_EDGE ( 'NONE', *, *, #4248, .T. ) ;
#9627 = DIRECTION ( 'NONE',  ( 0.0000000000000000000, 2.126789152896974300E-015, 1.000000000000000000 ) ) ;
#9628 = ADVANCED_FACE ( 'NONE', ( #10467 ), #4418, .T. ) ;
#9629 = AXIS2_PLACEMENT_3D ( 'NONE', #857, #4300, #1792 ) ;
#9630 = FACE_OUTER_BOUND ( 'NONE', #7434, .T. ) ;
#9631 = VECTOR ( 'NONE', #169, 39.37007874015748100 ) ;
#9632 = DIRECTION ( 'NONE',  ( 0.0000000000000000000, 0.0000000000000000000, 1.000000000000000000 ) ) ;
#9633 = DIRECTION ( 'NONE',  ( 0.0000000000000000000, 0.0000000000000000000, 1.000000000000000000 ) ) ;
#9634 = AXIS2_PLACEMENT_3D ( 'NONE', #4263, #8557, #3439 ) ;
#9635 = CARTESIAN_POINT ( 'NONE',  ( -0.3065944881889773300, -0.3856102362204703600, 0.2829999999999989200 ) ) ;
#9636 = EDGE_LOOP ( 'NONE', ( #5117, #9816, #6879, #9565 ) ) ;
#9637 = LINE ( 'NONE', #3794, #2291 ) ;
#9638 = EDGE_CURVE ( 'NONE', #2803, #8902, #1929, .T. ) ;
#9639 = VECTOR ( 'NONE', #6337, 39.37007874015748100 ) ;
#9640 = DIRECTION ( 'NONE',  ( 0.0000000000000000000, 0.0000000000000000000, 1.000000000000000000 ) ) ;
#9641 = LINE ( 'NONE', #8105, #10040 ) ;
#9642 = CARTESIAN_POINT ( 'NONE',  ( 0.2816278565449310500, -0.2525000000000000600, 0.09374015748031498700 ) ) ;
#9643 = AXIS2_PLACEMENT_3D ( 'NONE', #6118, #1808, #8653 ) ;
#9644 = VECTOR ( 'NONE', #6022, 39.37007874015748100 ) ;
#9645 = VECTOR ( 'NONE', #6537, 39.37007874015748100 ) ;
#9646 = DIRECTION ( 'NONE',  ( 0.0000000000000000000, -1.000000000000000000, -0.0000000000000000000 ) ) ;
#9647 = DIRECTION ( 'NONE',  ( 1.000000000000000000, -0.0000000000000000000, -0.0000000000000000000 ) ) ;
#9648 = VECTOR ( 'NONE', #10898, 39.37007874015748100 ) ;
#9649 = DIRECTION ( 'NONE',  ( 3.441691376337984900E-015, 9.880952548175142300E-017, -1.000000000000000000 ) ) ;
#9650 = CARTESIAN_POINT ( 'NONE',  ( -0.2519685039370078700, -0.1324212598425196500, 0.0000000000000000000 ) ) ;
#9651 = AXIS2_PLACEMENT_3D ( 'NONE', #1431, #8390, #647 ) ;
#9652 = VECTOR ( 'NONE', #10201, 39.37007874015748100 ) ;
#9653 = EDGE_LOOP ( 'NONE', ( #7987, #10283, #10634 ) ) ;
#9654 = ORIENTED_EDGE ( 'NONE', *, *, #654, .F. ) ;
#9655 = ORIENTED_EDGE ( 'NONE', *, *, #2101, .T. ) ;
#9656 = ORIENTED_EDGE ( 'NONE', *, *, #2797, .F. ) ;
#9657 = EDGE_CURVE ( 'NONE', #4162, #5154, #8194, .T. ) ;
#9658 = CARTESIAN_POINT ( 'NONE',  ( 0.08011811023622049400, -0.2497393201453811900, 0.03468503937007873200 ) ) ;
#9659 = STYLED_ITEM ( 'NONE', ( #10801 ), #10508 ) ;
#9660 = ORIENTED_EDGE ( 'NONE', *, *, #6506, .T. ) ;
#9661 = DIRECTION ( 'NONE',  ( -0.0000000000000000000, 0.0000000000000000000, -1.000000000000000000 ) ) ;
#9662 = LINE ( 'NONE', #1972, #4079 ) ;
#9663 = PLANE ( 'NONE',  #5350 ) ;
#9664 = EDGE_CURVE ( 'NONE', #7819, #10034, #7135, .T. ) ;
#9665 = DIRECTION ( 'NONE',  ( 0.0000000000000000000, 0.0000000000000000000, -1.000000000000000000 ) ) ;
#9666 = ORIENTED_EDGE ( 'NONE', *, *, #8327, .T. ) ;
#9667 = ORIENTED_EDGE ( 'NONE', *, *, #9731, .T. ) ;
#9668 = EDGE_LOOP ( 'NONE', ( #477, #5464, #502, #7437 ) ) ;
#9669 = ADVANCED_FACE ( 'NONE', ( #8878 ), #6206, .F. ) ;
#9670 = DIRECTION ( 'NONE',  ( -1.000000000000000000, 0.0000000000000000000, 3.453004075404071500E-015 ) ) ;
#9671 = ORIENTED_EDGE ( 'NONE', *, *, #5526, .F. ) ;
#9672 = LINE ( 'NONE', #5934, #4236 ) ;
#9673 = ORIENTED_EDGE ( 'NONE', *, *, #10154, .T. ) ;
#9674 = SPHERICAL_SURFACE ( 'NONE', #10551, 0.009842519685039369900 ) ;
#9675 = CARTESIAN_POINT ( 'NONE',  ( 0.2816278565449313300, 0.0000000000000000000, 7.122782307026272700E-017 ) ) ;
#9676 = CARTESIAN_POINT ( 'NONE',  ( -0.9786058776227792900, -0.1771838596522949400, 0.6900912614787635400 ) ) ;
#9677 = VERTEX_POINT ( 'NONE', #88 ) ;
#9678 = UNCERTAINTY_MEASURE_WITH_UNIT (LENGTH_MEASURE( 1.000000000000000100E-005 ), #8155, 'distance_accuracy_value', 'NONE');
#9679 = ORIENTED_EDGE ( 'NONE', *, *, #8684, .T. ) ;
#9680 = ORIENTED_EDGE ( 'NONE', *, *, #8958, .T. ) ;
#9681 = CARTESIAN_POINT ( 'NONE',  ( 0.1948031496062992700, -0.1324212598425196800, 0.01499999999999999900 ) ) ;
#9682 = ORIENTED_EDGE ( 'NONE', *, *, #5193, .F. ) ;
#9683 = ADVANCED_FACE ( 'NONE', ( #10985 ), #8613, .T. ) ;
#9684 = PLANE ( 'NONE',  #7183 ) ;
#9685 = ORIENTED_EDGE ( 'NONE', *, *, #8135, .T. ) ;
#9686 = FACE_OUTER_BOUND ( 'NONE', #3252, .T. ) ;
#9687 = VERTEX_POINT ( 'NONE', #158 ) ;
#9688 = VECTOR ( 'NONE', #7662, 39.37007874015748100 ) ;
#9689 = ORIENTED_EDGE ( 'NONE', *, *, #5395, .T. ) ;
#9690 = ORIENTED_EDGE ( 'NONE', *, *, #4141, .T. ) ;
#9691 = CARTESIAN_POINT ( 'NONE',  ( -0.08011811023622024400, -0.4838473832923010400, 0.01499999999999999900 ) ) ;
#9692 = AXIS2_PLACEMENT_3D ( 'NONE', #4213, #5798, #7566 ) ;
#9693 = DIRECTION ( 'NONE',  ( -0.0000000000000000000, 1.000000000000000000, -0.0000000000000000000 ) ) ;
#9694 = ORIENTED_EDGE ( 'NONE', *, *, #3025, .F. ) ;
#9695 = CARTESIAN_POINT ( 'NONE',  ( -0.01515748031496071300, -0.5313388496530164800, 0.6681574803149606900 ) ) ;
#9696 = MECHANICAL_DESIGN_GEOMETRIC_PRESENTATION_REPRESENTATION (  '', ( #8585 ), #4217 ) ;
#9697 = VERTEX_POINT ( 'NONE', #6915 ) ;
#9698 = DIRECTION ( 'NONE',  ( 0.9961946980917452100, -0.0000000000000000000, 0.08715574274766171900 ) ) ;
#9699 = VECTOR ( 'NONE', #1072, 39.37007874015748100 ) ;
#9700 = ORIENTED_EDGE ( 'NONE', *, *, #10476, .F. ) ;
#9701 = CARTESIAN_POINT ( 'NONE',  ( 0.3125000000000023900, 0.04459782299446946700, 0.7690197545653728600 ) ) ;
#9702 = DIRECTION ( 'NONE',  ( 0.0000000000000000000, 1.000000000000000000, 0.0000000000000000000 ) ) ;
#9703 = EDGE_CURVE ( 'NONE', #6083, #5307, #860, .T. ) ;
#9704 = FACE_OUTER_BOUND ( 'NONE', #6662, .T. ) ;
#9705 = VECTOR ( 'NONE', #2879, 39.37007874015748100 ) ;
#9706 = DIRECTION ( 'NONE',  ( -1.000000000000000000, 0.0000000000000000000, 0.0000000000000000000 ) ) ;
#9707 = EDGE_CURVE ( 'NONE', #336, #4924, #4596, .T. ) ;
#9708 = PLANE ( 'NONE',  #395 ) ;
#9709 = DIRECTION ( 'NONE',  ( 1.458800866809831600E-016, -1.000000000000000000, -4.981527776437660200E-031 ) ) ;
#9710 = ORIENTED_EDGE ( 'NONE', *, *, #9850, .F. ) ;
#9711 = PLANE ( 'NONE',  #469 ) ;
#9712 = VECTOR ( 'NONE', #9486, 39.37007874015748100 ) ;
#9713 = VERTEX_POINT ( 'NONE', #3512 ) ;
#9714 = CARTESIAN_POINT ( 'NONE',  ( 0.4914494422573926200, 0.1454527559055146500, 0.5210053589998129300 ) ) ;
#9715 = ORIENTED_EDGE ( 'NONE', *, *, #3786, .T. ) ;
#9716 = EDGE_CURVE ( 'NONE', #2061, #2562, #4208, .T. ) ;
#9717 = DIRECTION ( 'NONE',  ( 1.000000000000000000, -0.0000000000000000000, -0.0000000000000000000 ) ) ;
#9718 = ADVANCED_FACE ( 'NONE', ( #3665 ), #9101, .T. ) ;
#9719 = DIRECTION ( 'NONE',  ( -0.0000000000000000000, -0.0000000000000000000, -1.000000000000000000 ) ) ;
#9720 = EDGE_LOOP ( 'NONE', ( #5437, #9281, #10647, #10146 ) ) ;
#9721 = DIRECTION ( 'NONE',  ( -0.0000000000000000000, -0.0000000000000000000, -1.000000000000000000 ) ) ;
#9722 = LINE ( 'NONE', #5861, #1455 ) ;
#9723 = ORIENTED_EDGE ( 'NONE', *, *, #9664, .T. ) ;
#9724 = EDGE_CURVE ( 'NONE', #305, #7724, #6077, .T. ) ;
#9725 = DIRECTION ( 'NONE',  ( 0.0000000000000000000, 0.0000000000000000000, 1.000000000000000000 ) ) ;
#9726 = CARTESIAN_POINT ( 'NONE',  ( 0.2519685039370078700, -0.01332677165354330000, 0.01499999999999999900 ) ) ;
#9727 = VERTEX_POINT ( 'NONE', #8746 ) ;
#9728 = ORIENTED_EDGE ( 'NONE', *, *, #1991, .F. ) ;
#9729 = ADVANCED_FACE ( 'NONE', ( #4193 ), #4547, .F. ) ;
#9730 = LINE ( 'NONE', #2614, #6721 ) ;
#9731 = EDGE_CURVE ( 'NONE', #9697, #964, #996, .T. ) ;
#9732 = ORIENTED_EDGE ( 'NONE', *, *, #627, .T. ) ;
#9733 = CARTESIAN_POINT ( 'NONE',  ( -0.05472440944881888600, 0.0000000000000000000, 0.8122440944881890200 ) ) ;
#9734 = VECTOR ( 'NONE', #5088, 39.37007874015748100 ) ;
#9735 = ORIENTED_EDGE ( 'NONE', *, *, #7535, .F. ) ;
#9736 = TOROIDAL_SURFACE ( 'NONE', #540, 0.001968503937007821500, 0.009842519685039369900 ) ;
#9737 = CARTESIAN_POINT ( 'NONE',  ( -0.3016278565449310200, 0.1454527559055146500, 0.7163187439931648600 ) ) ;
#9738 = ORIENTED_EDGE ( 'NONE', *, *, #754, .T. ) ;
#9739 = EDGE_CURVE ( 'NONE', #1456, #1969, #7526, .T. ) ;
#9740 = MANIFOLD_SOLID_BREP ( 'Mirror8[1]', #10851 ) ;
#9741 = VECTOR ( 'NONE', #5614, 39.37007874015748100 ) ;
#9742 = DIRECTION ( 'NONE',  ( -1.000000000000000000, -0.0000000000000000000, -0.0000000000000000000 ) ) ;
#9743 = ORIENTED_EDGE ( 'NONE', *, *, #6455, .F. ) ;
#9744 = DIRECTION ( 'NONE',  ( -0.0000000000000000000, 1.000000000000000000, 0.0000000000000000000 ) ) ;
#9745 = FACE_OUTER_BOUND ( 'NONE', #10932, .T. ) ;
#9746 = DIRECTION ( 'NONE',  ( 3.791200677927629800E-031, -1.000000000000000000, -3.469446951953614200E-015 ) ) ;
#9747 = VECTOR ( 'NONE', #407, 39.37007874015748900 ) ;
#9748 = ORIENTED_EDGE ( 'NONE', *, *, #3845, .F. ) ;
#9749 = ORIENTED_EDGE ( 'NONE', *, *, #9784, .T. ) ;
#9750 = DIRECTION ( 'NONE',  ( 0.0000000000000000000, 1.000000000000000000, -6.938893903907221300E-015 ) ) ;
#9751 = SURFACE_STYLE_FILL_AREA ( #2183 ) ;
#9752 = ORIENTED_EDGE ( 'NONE', *, *, #4668, .T. ) ;
#9753 = CARTESIAN_POINT ( 'NONE',  ( 0.3125000000000023900, -0.1861070463003418300, 0.7690197545653726400 ) ) ;
#9754 = FILL_AREA_STYLE ('',( #8927 ) ) ;
#9755 = VECTOR ( 'NONE', #192, 39.37007874015748100 ) ;
#9756 = VECTOR ( 'NONE', #947, 39.37007874015748100 ) ;
#9757 = DIRECTION ( 'NONE',  ( 0.0000000000000000000, 0.0000000000000000000, -1.000000000000000000 ) ) ;
#9758 = CARTESIAN_POINT ( 'NONE',  ( 0.2499999999999999700, 0.1522291837916266400, 0.03468503937007873200 ) ) ;
#9759 = VECTOR ( 'NONE', #4140, 39.37007874015748100 ) ;
#9760 = CARTESIAN_POINT ( 'NONE',  ( -0.2975000000000001000, 0.2525000000000000600, 0.01499999999999999900 ) ) ;
#9761 = CIRCLE ( 'NONE', #3095, 0.009842519685039378600 ) ;
#9762 = CARTESIAN_POINT ( 'NONE',  ( 0.1651574803149606600, -0.3855000000000022300, 0.6681574803149605800 ) ) ;
#9763 = CIRCLE ( 'NONE', #9841, 0.004999999999999946300 ) ;
#9764 = LINE ( 'NONE', #2535, #8321 ) ;
#9765 = AXIS2_PLACEMENT_3D ( 'NONE', #3411, #7511, #3368 ) ;
#9766 = EDGE_CURVE ( 'NONE', #10965, #10794, #10693, .T. ) ;
#9767 = LINE ( 'NONE', #6154, #3093 ) ;
#9768 = DIRECTION ( 'NONE',  ( 0.08715574274766178800, 0.0000000000000000000, -0.9961946980917452100 ) ) ;
#9769 = VECTOR ( 'NONE', #4149, 39.37007874015748100 ) ;
#9770 = EDGE_CURVE ( 'NONE', #9472, #2833, #1120, .T. ) ;
#9771 = CARTESIAN_POINT ( 'NONE',  ( -0.1348425196850394100, -0.3855000000000022300, 0.6681574803149612500 ) ) ;
#9772 = ADVANCED_FACE ( 'NONE', ( #9774 ), #10507, .F. ) ;
#9773 = FACE_OUTER_BOUND ( 'NONE', #4148, .T. ) ;
#9774 = FACE_OUTER_BOUND ( 'NONE', #10051, .T. ) ;
#9775 = FACE_OUTER_BOUND ( 'NONE', #3811, .T. ) ;
#9776 = ORIENTED_EDGE ( 'NONE', *, *, #3781, .F. ) ;
#9777 = AXIS2_PLACEMENT_3D ( 'NONE', #5185, #7854, #1081 ) ;
#9778 = CARTESIAN_POINT ( 'NONE',  ( -0.2717853368598916500, 0.2426574803149606500, 0.8101574803149607100 ) ) ;
#9779 = LENGTH_MEASURE_WITH_UNIT ( LENGTH_MEASURE( 0.02539999999999999900 ), #4915 );
#9780 = VERTEX_POINT ( 'NONE', #1155 ) ;
#9781 = ORIENTED_EDGE ( 'NONE', *, *, #6318, .T. ) ;
#9782 = DIRECTION ( 'NONE',  ( 0.0000000000000000000, 0.0000000000000000000, -1.000000000000000000 ) ) ;
#9783 = EDGE_CURVE ( 'NONE', #10066, #7282, #5120, .T. ) ;
#9784 = EDGE_CURVE ( 'NONE', #102, #219, #5266, .T. ) ;
#9785 = DIRECTION ( 'NONE',  ( -0.0000000000000000000, -1.000000000000000000, -0.0000000000000000000 ) ) ;
#9786 = VECTOR ( 'NONE', #5066, 39.37007874015748100 ) ;
#9787 = LINE ( 'NONE', #8960, #4608 ) ;
#9788 = DIRECTION ( 'NONE',  ( -1.000000000000000000, 0.0000000000000000000, -3.453004075404071100E-015 ) ) ;
#9789 = DIMENSIONAL_EXPONENTS ( 1.000000000000000000, 0.0000000000000000000, 0.0000000000000000000, 0.0000000000000000000, 0.0000000000000000000, 0.0000000000000000000, 0.0000000000000000000 ) ;
#9790 = DIRECTION ( 'NONE',  ( 3.466400071163319000E-015, 0.0000000000000000000, 1.000000000000000000 ) ) ;
#9791 = PLANE ( 'NONE',  #5815 ) ;
#9792 = LINE ( 'NONE', #3181, #10708 ) ;
#9793 = ORIENTED_EDGE ( 'NONE', *, *, #2819, .F. ) ;
#9794 = EDGE_LOOP ( 'NONE', ( #4830, #4850, #9795, #451 ) ) ;
#9795 = ORIENTED_EDGE ( 'NONE', *, *, #5866, .T. ) ;
#9796 =( LENGTH_UNIT ( ) NAMED_UNIT ( * ) SI_UNIT ( $, .METRE. ) );
#9797 = DIRECTION ( 'NONE',  ( -1.000000000000000000, -2.280130751809684600E-016, 0.0000000000000000000 ) ) ;
#9798 = VERTEX_POINT ( 'NONE', #7093 ) ;
#9799 = CARTESIAN_POINT ( 'NONE',  ( 0.2975000000000009900, -0.2675000000000001800, 0.6900912614787635400 ) ) ;
#9800 = AXIS2_PLACEMENT_3D ( 'NONE', #6074, #7756, #5960 ) ;
#9801 = LINE ( 'NONE', #2683, #3932 ) ;
#9802 = LINE ( 'NONE', #3382, #1939 ) ;
#9803 = EDGE_CURVE ( 'NONE', #5789, #7593, #2973, .T. ) ;
#9804 = ORIENTED_EDGE ( 'NONE', *, *, #6891, .F. ) ;
#9805 = PLANE ( 'NONE',  #4960 ) ;
#9806 = ORIENTED_EDGE ( 'NONE', *, *, #5465, .F. ) ;
#9807 = ORIENTED_EDGE ( 'NONE', *, *, #7910, .T. ) ;
#9808 = ORIENTED_EDGE ( 'NONE', *, *, #10790, .T. ) ;
#9809 = DIRECTION ( 'NONE',  ( 0.0000000000000000000, 1.000000000000000000, -6.842163256825778500E-015 ) ) ;
#9810 = FACE_OUTER_BOUND ( 'NONE', #4446, .T. ) ;
#9812 = EDGE_CURVE ( 'NONE', #599, #2673, #708, .T. ) ;
#9811 = ORIENTED_EDGE ( 'NONE', *, *, #5739, .T. ) ;
#9813 = VECTOR ( 'NONE', #2536, 39.37007874015748100 ) ;
#9814 = DIRECTION ( 'NONE',  ( 0.0000000000000000000, -0.0000000000000000000, -1.000000000000000000 ) ) ;
#9815 = ORIENTED_EDGE ( 'NONE', *, *, #5823, .T. ) ;
#9816 = ORIENTED_EDGE ( 'NONE', *, *, #7889, .F. ) ;
#9817 = ORIENTED_EDGE ( 'NONE', *, *, #4020, .T. ) ;
#9818 = CARTESIAN_POINT ( 'NONE',  ( 0.09566929133858267900, 0.004804859663680982400, 0.8122440944881890200 ) ) ;
#9819 = DIRECTION ( 'NONE',  ( 0.0000000000000000000, 0.0000000000000000000, -1.000000000000000000 ) ) ;
#9820 = ORIENTED_EDGE ( 'NONE', *, *, #8297, .T. ) ;
#9821 =( GEOMETRIC_REPRESENTATION_CONTEXT ( 3 ) GLOBAL_UNCERTAINTY_ASSIGNED_CONTEXT ( ( #5363 ) ) GLOBAL_UNIT_ASSIGNED_CONTEXT ( ( #10959, #10078, #1581 ) ) REPRESENTATION_CONTEXT ( 'NONE', 'WORKASPACE' ) );
#9822 = DIRECTION ( 'NONE',  ( 0.0000000000000000000, 1.000000000000000000, -4.553079989440435100E-015 ) ) ;
#9823 = VERTEX_POINT ( 'NONE', #4584 ) ;
#9824 = CARTESIAN_POINT ( 'NONE',  ( -0.8015523508438200400, 0.0000000000000000000, 0.2093231818824085000 ) ) ;
#9825 = CARTESIAN_POINT ( 'NONE',  ( -0.3125000000000025000, -0.1811070463003417700, 0.7479635790510822400 ) ) ;
#9826 = FACE_OUTER_BOUND ( 'NONE', #5536, .T. ) ;
#9827 = EDGE_LOOP ( 'NONE', ( #122, #3173, #6838, #2687 ) ) ;
#9828 = DIRECTION ( 'NONE',  ( -1.000000000000000000, 0.0000000000000000000, 0.0000000000000000000 ) ) ;
#9829 = PLANE ( 'NONE',  #6528 ) ;
#9830 = DIRECTION ( 'NONE',  ( -1.000000000000000000, 0.0000000000000000000, 0.0000000000000000000 ) ) ;
#9831 = CARTESIAN_POINT ( 'NONE',  ( 0.2975000000000023700, -0.1771838596522949400, 0.6900912614787635400 ) ) ;
#9832 = ADVANCED_FACE ( 'NONE', ( #6208 ), #2103, .T. ) ;
#9833 = AXIS2_PLACEMENT_3D ( 'NONE', #5546, #468, #7256 ) ;
#9834 = DIRECTION ( 'NONE',  ( 0.0000000000000000000, 1.000000000000000000, 0.0000000000000000000 ) ) ;
#9835 = LINE ( 'NONE', #8292, #3592 ) ;
#9836 = VERTEX_POINT ( 'NONE', #2865 ) ;
#9837 = EDGE_CURVE ( 'NONE', #2534, #7908, #9521, .T. ) ;
#9838 = DIRECTION ( 'NONE',  ( 0.0000000000000000000, 0.4413750231038433600, -0.8973227340149595400 ) ) ;
#9839 = ORIENTED_EDGE ( 'NONE', *, *, #3849, .F. ) ;
#9840 = CARTESIAN_POINT ( 'NONE',  ( 0.03031496062992127300, 0.3255628348940304800, 0.1601378170038762200 ) ) ;
#9841 = AXIS2_PLACEMENT_3D ( 'NONE', #607, #2387, #10081 ) ;
#9842 = EDGE_LOOP ( 'NONE', ( #10073, #8382, #606, #4821 ) ) ;
#9843 = CARTESIAN_POINT ( 'NONE',  ( 0.2977445680324977100, -0.2515000000000000000, 0.8098162275806200000 ) ) ;
#9844 = ADVANCED_FACE ( 'NONE', ( #445 ), #8920, .F. ) ;
#9845 = LINE ( 'NONE', #8046, #4777 ) ;
#9846 = LINE ( 'NONE', #10341, #7192 ) ;
#9847 = ORIENTED_EDGE ( 'NONE', *, *, #2027, .F. ) ;
#9848 = AXIS2_PLACEMENT_3D ( 'NONE', #7887, #2681, #9576 ) ;
#9849 = FILL_AREA_STYLE_COLOUR ( '', #5591 ) ;
#9850 = EDGE_CURVE ( 'NONE', #1166, #2906, #4713, .T. ) ;
#9851 = EDGE_LOOP ( 'NONE', ( #3617, #8500, #1395, #7788, #4787 ) ) ;
#9852 = DIRECTION ( 'NONE',  ( -0.5773502691896258400, -0.5773502691896261800, -0.5773502691896251800 ) ) ;
#9853 = EDGE_CURVE ( 'NONE', #2220, #802, #566, .T. ) ;
#9854 = PLANE ( 'NONE',  #8632 ) ;
#9855 = LINE ( 'NONE', #1778, #7081 ) ;
#9856 = EDGE_LOOP ( 'NONE', ( #2941, #9013, #7197, #6169 ) ) ;
#9857 = CARTESIAN_POINT ( 'NONE',  ( 0.2249999999999999800, -0.3775000000000014500, 0.4279999999999999400 ) ) ;
#9858 = PLANE ( 'NONE',  #7328 ) ;
#9859 = CARTESIAN_POINT ( 'NONE',  ( -0.3125000000000023900, 0.2525000000000028900, 0.8199999999999999500 ) ) ;
#9860 = AXIS2_PLACEMENT_3D ( 'NONE', #2107, #9788, #8924 ) ;
#9861 = ORIENTED_EDGE ( 'NONE', *, *, #7601, .T. ) ;
#9862 = CARTESIAN_POINT ( 'NONE',  ( 0.2975000000000023700, -0.2019842793760456800, 0.7479635790510845700 ) ) ;
#9863 = VECTOR ( 'NONE', #4320, 39.37007874015748100 ) ;
#9864 = ORIENTED_EDGE ( 'NONE', *, *, #10916, .F. ) ;
#9865 = EDGE_CURVE ( 'NONE', #4619, #10412, #2727, .T. ) ;
#9866 = ORIENTED_EDGE ( 'NONE', *, *, #2209, .F. ) ;
#9867 = PLANE ( 'NONE',  #8562 ) ;
#9868 = LINE ( 'NONE', #5339, #8282 ) ;
#9869 = PLANE ( 'NONE',  #8936 ) ;
#9870 = EDGE_CURVE ( 'NONE', #1812, #1040, #3654, .T. ) ;
#9871 = CARTESIAN_POINT ( 'NONE',  ( -0.3125000000000015000, 0.1454527559055146500, 0.4396684505418341200 ) ) ;
#9872 = VECTOR ( 'NONE', #10207, 39.37007874015748100 ) ;
#9873 = VERTEX_POINT ( 'NONE', #2172 ) ;
#9874 = LINE ( 'NONE', #1563, #32 ) ;
#9875 = ORIENTED_EDGE ( 'NONE', *, *, #6729, .F. ) ;
#9876 = DIRECTION ( 'NONE',  ( 0.0000000000000000000, 0.0000000000000000000, 1.000000000000000000 ) ) ;
#9877 = AXIS2_PLACEMENT_3D ( 'NONE', #10828, #3241, #7426 ) ;
#9878 = FACE_OUTER_BOUND ( 'NONE', #4688, .T. ) ;
#9879 = DIRECTION ( 'NONE',  ( 1.000000000000000000, -1.458800866809831900E-016, 3.623343611582382000E-015 ) ) ;
#9880 = LINE ( 'NONE', #4016, #4564 ) ;
#9881 = ADVANCED_FACE ( 'NONE', ( #3909 ), #8190, .F. ) ;
#9882 = DIRECTION ( 'NONE',  ( 1.266221515311538300E-016, 1.000000000000000000, 0.0000000000000000000 ) ) ;
#9883 = LINE ( 'NONE', #4689, #10166 ) ;
#9884 = LINE ( 'NONE', #9333, #4179 ) ;
#9885 = EDGE_CURVE ( 'NONE', #6039, #5418, #8185, .T. ) ;
#9886 = ORIENTED_EDGE ( 'NONE', *, *, #529, .T. ) ;
#9887 = CARTESIAN_POINT ( 'NONE',  ( -0.05472440944881888600, 0.0000000000000000000, 0.8122440944881890200 ) ) ;
#9888 = CARTESIAN_POINT ( 'NONE',  ( -0.03484251968503945100, -0.2525000000000000600, 0.6681574803149606900 ) ) ;
#9889 = VECTOR ( 'NONE', #218, 39.37007874015748100 ) ;
#9890 = VECTOR ( 'NONE', #9324, 39.37007874015748100 ) ;
#9891 = DIRECTION ( 'NONE',  ( -3.498098040667654100E-015, 0.0000000000000000000, 1.000000000000000000 ) ) ;
#9892 = DIRECTION ( 'NONE',  ( -1.000000000000000000, -0.0000000000000000000, -0.0000000000000000000 ) ) ;
#9893 = FACE_OUTER_BOUND ( 'NONE', #7497, .T. ) ;
#9894 = AXIS2_PLACEMENT_3D ( 'NONE', #1279, #7245, #10556 ) ;
#9895 = ADVANCED_FACE ( 'NONE', ( #9255 ), #3895, .F. ) ;
#9896 = CARTESIAN_POINT ( 'NONE',  ( 0.3125000000000025000, 0.04959782299446936800, 0.7529635790510822400 ) ) ;
#9897 = LINE ( 'NONE', #1359, #1113 ) ;
#9898 = DIRECTION ( 'NONE',  ( -2.366193544264482700E-015, -0.7071067811865462400, -0.7071067811865487900 ) ) ;
#9899 = VERTEX_POINT ( 'NONE', #3032 ) ;
#9900 = FILL_AREA_STYLE_COLOUR ( '', #8443 ) ;
#9901 = AXIS2_PLACEMENT_3D ( 'NONE', #4015, #8391, #4868 ) ;
#9902 = VECTOR ( 'NONE', #7488, 39.37007874015748100 ) ;
#9903 = LINE ( 'NONE', #9888, #1368 ) ;
#9904 = LINE ( 'NONE', #3569, #5930 ) ;
#9905 =( LENGTH_UNIT ( ) NAMED_UNIT ( * ) SI_UNIT ( $, .METRE. ) );
#9906 = FACE_OUTER_BOUND ( 'NONE', #8149, .T. ) ;
#9908 = CIRCLE ( 'NONE', #7222, 0.05437007874015750000 ) ;
#9907 = DIRECTION ( 'NONE',  ( 1.000000000000000000, 2.385472965096936000E-016, 3.441691376337984900E-015 ) ) ;
#9909 = DIRECTION ( 'NONE',  ( 1.000000000000000000, -1.458800866809831600E-016, 3.623343611582382000E-015 ) ) ;
#9910 = AXIS2_PLACEMENT_3D ( 'NONE', #7239, #4769, #446 ) ;
#9911 = VECTOR ( 'NONE', #9207, 39.37007874015748100 ) ;
#9912 = EDGE_CURVE ( 'NONE', #364, #6903, #10969, .T. ) ;
#9913 = FILL_AREA_STYLE ('',( #8289 ) ) ;
#9914 = FACE_OUTER_BOUND ( 'NONE', #1027, .T. ) ;
#9915 = ORIENTED_EDGE ( 'NONE', *, *, #2919, .T. ) ;
#9916 = EDGE_CURVE ( 'NONE', #8932, #10510, #9903, .T. ) ;
#9917 = PLANE ( 'NONE',  #2273 ) ;
#9918 = ORIENTED_EDGE ( 'NONE', *, *, #5823, .F. ) ;
#9919 = ORIENTED_EDGE ( 'NONE', *, *, #4814, .T. ) ;
#9920 = ORIENTED_EDGE ( 'NONE', *, *, #7706, .F. ) ;
#9921 = CARTESIAN_POINT ( 'NONE',  ( 0.2054877305750416300, -0.3331057321686084500, 0.4982182538574145800 ) ) ;
#9922 = ORIENTED_EDGE ( 'NONE', *, *, #2797, .T. ) ;
#9923 = VECTOR ( 'NONE', #2843, 39.37007874015748100 ) ;
#9924 = STYLED_ITEM ( 'NONE', ( #9449 ), #4086 ) ;
#9925 = DIRECTION ( 'NONE',  ( -1.000000000000000000, -0.0000000000000000000, -0.0000000000000000000 ) ) ;
#9926 = CARTESIAN_POINT ( 'NONE',  ( 0.3136167114875705300, 0.1454527559055146500, 0.4396684505418362900 ) ) ;
#9927 = VERTEX_POINT ( 'NONE', #5616 ) ;
#9928 = VERTEX_POINT ( 'NONE', #5692 ) ;
#9929 = ORIENTED_EDGE ( 'NONE', *, *, #3604, .F. ) ;
#9930 = EDGE_CURVE ( 'NONE', #3315, #4162, #10456, .T. ) ;
#9931 = DIRECTION ( 'NONE',  ( -1.000000000000000000, 3.791200677927630300E-031, 0.0000000000000000000 ) ) ;
#9932 = ORIENTED_EDGE ( 'NONE', *, *, #437, .T. ) ;
#9933 = DIRECTION ( 'NONE',  ( -0.0000000000000000000, 1.000000000000000000, 0.0000000000000000000 ) ) ;
#9934 = CARTESIAN_POINT ( 'NONE',  ( 0.2874857209211998900, 0.1454527559055147100, 0.7021766083694317400 ) ) ;
#9935 = VECTOR ( 'NONE', #9942, 39.37007874015748100 ) ;
#9936 = CARTESIAN_POINT ( 'NONE',  ( 0.03031496062992127300, 0.004804859663680982400, 0.8122440944881890200 ) ) ;
#9937 = VERTEX_POINT ( 'NONE', #10699 ) ;
#9938 = EDGE_CURVE ( 'NONE', #250, #9350, #5645, .T. ) ;
#9939 = CARTESIAN_POINT ( 'NONE',  ( 0.2519685039370078700, -0.1324212598425196500, 0.01499999999999999900 ) ) ;
#9940 = VERTEX_POINT ( 'NONE', #7366 ) ;
#9941 = SURFACE_STYLE_USAGE ( .BOTH. , #9242 ) ;
#9942 = DIRECTION ( 'NONE',  ( -1.000000000000000000, -0.0000000000000000000, -3.476233884776272500E-015 ) ) ;
#9943 = ADVANCED_FACE ( 'NONE', ( #2848 ), #7261, .F. ) ;
#9944 = VERTEX_POINT ( 'NONE', #4758 ) ;
#9945 = ORIENTED_EDGE ( 'NONE', *, *, #4389, .F. ) ;
#9946 = VERTEX_POINT ( 'NONE', #1393 ) ;
#9947 = PLANE ( 'NONE',  #1252 ) ;
#9948 = DIRECTION ( 'NONE',  ( 0.0000000000000000000, 0.4413750231038433600, -0.8973227340149595400 ) ) ;
#9949 = ORIENTED_EDGE ( 'NONE', *, *, #3885, .F. ) ;
#9950 = VECTOR ( 'NONE', #785, 39.37007874015748100 ) ;
#9951 = EDGE_CURVE ( 'NONE', #7281, #4191, #844, .T. ) ;
#9952 = CARTESIAN_POINT ( 'NONE',  ( 0.03484251968503928500, -0.5313388496530164800, 0.7878425196850393800 ) ) ;
#9953 = VERTEX_POINT ( 'NONE', #10665 ) ;
#9954 = LINE ( 'NONE', #721, #6778 ) ;
#9955 = ORIENTED_EDGE ( 'NONE', *, *, #1086, .F. ) ;
#9956 = ORIENTED_EDGE ( 'NONE', *, *, #9459, .T. ) ;
#9957 = CARTESIAN_POINT ( 'NONE',  ( 0.2974999999999999300, 3.414809992080329000E-017, 0.01499999999999999900 ) ) ;
#9958 = DIMENSIONAL_EXPONENTS ( 1.000000000000000000, 0.0000000000000000000, 0.0000000000000000000, 0.0000000000000000000, 0.0000000000000000000, 0.0000000000000000000, 0.0000000000000000000 ) ;
#9959 = EDGE_CURVE ( 'NONE', #1762, #10853, #3092, .T. ) ;
#9960 = VERTEX_POINT ( 'NONE', #3145 ) ;
#9961 = DIRECTION ( 'NONE',  ( -1.000000000000000000, -0.0000000000000000000, -3.493822457470852400E-015 ) ) ;
#9962 = VERTEX_POINT ( 'NONE', #9075 ) ;
#9963 = PLANE ( 'NONE',  #4643 ) ;
#9964 = LINE ( 'NONE', #5991, #8099 ) ;
#9965 = ORIENTED_EDGE ( 'NONE', *, *, #6167, .F. ) ;
#9966 = AXIS2_PLACEMENT_3D ( 'NONE', #3831, #9785, #3977 ) ;
#9967 = PLANE ( 'NONE',  #1602 ) ;
#9968 = CARTESIAN_POINT ( 'NONE',  ( 0.3136167114875696400, 0.1454527559055146500, 0.6900912614787679800 ) ) ;
#9969 = CARTESIAN_POINT ( 'NONE',  ( -0.2925000000000024200, 0.1454527559055146500, 0.6900912614787658700 ) ) ;
#9970 = CARTESIAN_POINT ( 'NONE',  ( 0.2499999999999999700, 0.1522291837916266400, 0.03468503937007873200 ) ) ;
#9971 = LINE ( 'NONE', #1382, #4270 ) ;
#9972 = CARTESIAN_POINT ( 'NONE',  ( -0.2417957872900946000, 0.09284335684306162200, 0.7690197545653725300 ) ) ;
#9973 = CARTESIAN_POINT ( 'NONE',  ( 0.2417957872900946000, -0.1811070463003418000, 0.7690197545653725300 ) ) ;
#9974 = DIRECTION ( 'NONE',  ( -0.0000000000000000000, 1.000000000000000000, -0.0000000000000000000 ) ) ;
#9975 = PLANE ( 'NONE',  #6292 ) ;
#9976 = ORIENTED_EDGE ( 'NONE', *, *, #10864, .F. ) ;
#9977 = STYLED_ITEM ( 'NONE', ( #3438 ), #8551 ) ;
#9979 = EDGE_CURVE ( 'NONE', #4435, #3840, #9379, .T. ) ;
#9978 = ADVANCED_FACE ( 'NONE', ( #1647 ), #8457, .F. ) ;
#9980 = DIRECTION ( 'NONE',  ( 0.0000000000000000000, 8.673617379884033500E-016, -1.000000000000000000 ) ) ;
#9981 = VECTOR ( 'NONE', #930, 39.37007874015748100 ) ;
#9982 = ORIENTED_EDGE ( 'NONE', *, *, #7884, .T. ) ;
#9983 = ORIENTED_EDGE ( 'NONE', *, *, #10532, .T. ) ;
#9984 =( NAMED_UNIT ( * ) PLANE_ANGLE_UNIT ( ) SI_UNIT ( $, .RADIAN. ) );
#9985 = ORIENTED_EDGE ( 'NONE', *, *, #8244, .F. ) ;
#9986 = DIRECTION ( 'NONE',  ( -1.000000000000000000, -0.0000000000000000000, -0.0000000000000000000 ) ) ;
#9987 = VECTOR ( 'NONE', #2377, 39.37007874015748100 ) ;
#9988 = ORIENTED_EDGE ( 'NONE', *, *, #2603, .F. ) ;
#9989 = ADVANCED_FACE ( 'NONE', ( #8741, #10684 ), #9967, .F. ) ;
#9990 = CARTESIAN_POINT ( 'NONE',  ( -0.3125000000000023300, 0.02872058991876547500, 0.7879635790510822700 ) ) ;
#9991 = EDGE_CURVE ( 'NONE', #7271, #6094, #8174, .T. ) ;
#9992 = DIRECTION ( 'NONE',  ( -0.0000000000000000000, -0.0000000000000000000, -1.000000000000000000 ) ) ;
#9993 = FILL_AREA_STYLE_COLOUR ( '', #631 ) ;
#9994 = EDGE_LOOP ( 'NONE', ( #2100, #2125, #2593, #5618 ) ) ;
#9995 = ORIENTED_EDGE ( 'NONE', *, *, #3086, .F. ) ;
#9996 = VECTOR ( 'NONE', #7369, 39.37007874015748100 ) ;
#9997 = CARTESIAN_POINT ( 'NONE',  ( 0.2967928932188133600, 0.2675000000000000700, 0.01499999999999994700 ) ) ;
#9998 = EDGE_LOOP ( 'NONE', ( #6756, #2599, #5230 ) ) ;
#9999 = LINE ( 'NONE', #4398, #6815 ) ;
#10000 = EDGE_LOOP ( 'NONE', ( #4405, #10724, #10186, #9920 ) ) ;
#10001 = DIRECTION ( 'NONE',  ( 1.000000000000000000, 0.0000000000000000000, 3.623343611582458500E-015 ) ) ;
#10002 = LINE ( 'NONE', #6672, #817 ) ;
#10003 = ORIENTED_EDGE ( 'NONE', *, *, #8171, .F. ) ;
#10004 = PLANE ( 'NONE',  #8951 ) ;
#10005 = AXIS2_PLACEMENT_3D ( 'NONE', #10682, #2091, #5567 ) ;
#10006 = ADVANCED_FACE ( 'NONE', ( #4972 ), #4171, .T. ) ;
#10007 = DIRECTION ( 'NONE',  ( -1.000000000000000000, -0.0000000000000000000, -3.476233884776272500E-015 ) ) ;
#10008 = DIRECTION ( 'NONE',  ( 0.0000000000000000000, 0.0000000000000000000, 1.000000000000000000 ) ) ;
#10009 = VECTOR ( 'NONE', #4939, 39.37007874015748100 ) ;
#10010 = DIRECTION ( 'NONE',  ( 1.000000000000000000, 0.0000000000000000000, 3.623343611582382000E-015 ) ) ;
#10011 = EDGE_CURVE ( 'NONE', #10880, #2024, #3375, .T. ) ;
#10012 = DIRECTION ( 'NONE',  ( 1.000000000000000000, -1.458800866809831900E-016, 3.623343611582382000E-015 ) ) ;
#10013 = CARTESIAN_POINT ( 'NONE',  ( 0.03031496062992127300, 0.1522291837916265600, 0.0000000000000000000 ) ) ;
#10014 = UNCERTAINTY_MEASURE_WITH_UNIT (LENGTH_MEASURE( 1.000000000000000100E-005 ), #4897, 'distance_accuracy_value', 'NONE');
#10015 = PRESENTATION_LAYER_ASSIGNMENT (  '', '', ( #4875 ) ) ;
#10017 = CARTESIAN_POINT ( 'NONE',  ( 0.2054877261269016100, -0.3275620754407599900, 0.3621433520032130700 ) ) ;
#10016 = LINE ( 'NONE', #4400, #5491 ) ;
#10018 = ORIENTED_EDGE ( 'NONE', *, *, #9011, .F. ) ;
#10019 = DIRECTION ( 'NONE',  ( 0.0000000000000000000, -1.000000000000000000, 0.0000000000000000000 ) ) ;
#10020 = EDGE_LOOP ( 'NONE', ( #33, #4741, #1326, #1303 ) ) ;
#10021 = VECTOR ( 'NONE', #7273, 39.37007874015748100 ) ;
#10022 = ORIENTED_EDGE ( 'NONE', *, *, #7100, .T. ) ;
#10023 = PLANE ( 'NONE',  #11032 ) ;
#10024 = CARTESIAN_POINT ( 'NONE',  ( -0.2967928932188134700, 5.896443059995101400E-015, 0.8350000000000017400 ) ) ;
#10025 = EDGE_CURVE ( 'NONE', #8523, #275, #989, .T. ) ;
#10026 = CARTESIAN_POINT ( 'NONE',  ( 0.1578740157480314800, 0.3077060962964917600, 0.1513544460802586400 ) ) ;
#10027 = FACE_OUTER_BOUND ( 'NONE', #4884, .T. ) ;
#10028 = VECTOR ( 'NONE', #9438, 39.37007874015748100 ) ;
#10029 = CIRCLE ( 'NONE', #7249, 0.004999999999999946300 ) ;
#10030 = CARTESIAN_POINT ( 'NONE',  ( 0.2519685039370078700, -0.1324212598425196500, 0.01499999999999999900 ) ) ;
#10031 = VECTOR ( 'NONE', #2280, 39.37007874015748100 ) ;
#10032 = CARTESIAN_POINT ( 'NONE',  ( -0.2966278565449310700, 0.04959782299446936800, 0.7529635790510820200 ) ) ;
#10033 = CARTESIAN_POINT ( 'NONE',  ( 0.2417957872900946000, 0.09284335684306162200, 0.7690197545653725300 ) ) ;
#10034 = VERTEX_POINT ( 'NONE', #2316 ) ;
#10035 = DIRECTION ( 'NONE',  ( 0.0000000000000000000, 0.0000000000000000000, -1.000000000000000000 ) ) ;
#10036 = FACE_OUTER_BOUND ( 'NONE', #3290, .T. ) ;
#10037 = VECTOR ( 'NONE', #10107, 39.37007874015748100 ) ;
#10038 = CARTESIAN_POINT ( 'NONE',  ( -0.2054877305724979200, -0.3334805806756992500, 0.4981404372967629400 ) ) ;
#10039 = ADVANCED_FACE ( 'NONE', ( #5376 ), #4898, .F. ) ;
#10040 = VECTOR ( 'NONE', #2051, 39.37007874015748100 ) ;
#10042 = DIRECTION ( 'NONE',  ( 1.000000000000000000, -3.791200677927630300E-031, 0.0000000000000000000 ) ) ;
#10041 = LINE ( 'NONE', #3120, #851 ) ;
#10043 = DIRECTION ( 'NONE',  ( -1.000000000000000000, -3.491481338843134500E-015, 1.110011529149485300E-029 ) ) ;
#10044 = CARTESIAN_POINT ( 'NONE',  ( -0.2717853368598916500, 0.2525000000000000600, 0.8101574803149606000 ) ) ;
#10045 = PLANE ( 'NONE',  #3485 ) ;
#10046 = VECTOR ( 'NONE', #10007, 39.37007874015748100 ) ;
#10047 = LINE ( 'NONE', #3359, #5940 ) ;
#10048 =( GEOMETRIC_REPRESENTATION_CONTEXT ( 3 ) GLOBAL_UNCERTAINTY_ASSIGNED_CONTEXT ( ( #8053 ) ) GLOBAL_UNIT_ASSIGNED_CONTEXT ( ( #4448, #5263, #7856 ) ) REPRESENTATION_CONTEXT ( 'NONE', 'WORKASPACE' ) );
#10049 = PLANE ( 'NONE',  #720 ) ;
#10050 = LINE ( 'NONE', #7067, #329 ) ;
#10051 = EDGE_LOOP ( 'NONE', ( #9224, #6407, #4358, #2935 ) ) ;
#10052 = ORIENTED_EDGE ( 'NONE', *, *, #4523, .T. ) ;
#10053 = ORIENTED_EDGE ( 'NONE', *, *, #202, .F. ) ;
#10054 = CARTESIAN_POINT ( 'NONE',  ( 0.3125000000000026100, -0.2514999999999999500, 0.7214882898114490800 ) ) ;
#10055 = DIRECTION ( 'NONE',  ( -6.829619984160731600E-015, 0.0000000000000000000, 1.000000000000000000 ) ) ;
#10056 = DIRECTION ( 'NONE',  ( 2.473528845811441300E-015, -0.7071067811865569000, 0.7071067811865382500 ) ) ;
#10057 = ADVANCED_FACE ( 'NONE', ( #3238 ), #766, .T. ) ;
#10058 = CARTESIAN_POINT ( 'NONE',  ( 0.3124999999999998900, 0.1454527559055146500, -1.145527857791288600E-015 ) ) ;
#10059 = FACE_OUTER_BOUND ( 'NONE', #9126, .T. ) ;
#10060 = FACE_OUTER_BOUND ( 'NONE', #7863, .T. ) ;
#10061 = DIRECTION ( 'NONE',  ( -1.000000000000000000, -3.594536833768767100E-016, 0.0000000000000000000 ) ) ;
#10062 = VECTOR ( 'NONE', #10687, 39.37007874015748100 ) ;
#10063 = PLANE ( 'NONE',  #5248 ) ;
#10064 = VERTEX_POINT ( 'NONE', #6694 ) ;
#10065 = VERTEX_POINT ( 'NONE', #6625 ) ;
#10066 = VERTEX_POINT ( 'NONE', #1505 ) ;
#10067 =( GEOMETRIC_REPRESENTATION_CONTEXT ( 3 ) GLOBAL_UNCERTAINTY_ASSIGNED_CONTEXT ( ( #6380 ) ) GLOBAL_UNIT_ASSIGNED_CONTEXT ( ( #1186, #7126, #4517 ) ) REPRESENTATION_CONTEXT ( 'NONE', 'WORKASPACE' ) );
#10068 = EDGE_CURVE ( 'NONE', #10853, #4435, #7932, .T. ) ;
#10069 = ORIENTED_EDGE ( 'NONE', *, *, #2736, .F. ) ;
#10070 = ORIENTED_EDGE ( 'NONE', *, *, #10723, .T. ) ;
#10071 = DIRECTION ( 'NONE',  ( 3.791200677927629800E-031, 1.000000000000000000, 3.469446951953614200E-015 ) ) ;
#10072 = LINE ( 'NONE', #2901, #7028 ) ;
#10073 = ORIENTED_EDGE ( 'NONE', *, *, #8414, .T. ) ;
#10074 = FACE_OUTER_BOUND ( 'NONE', #2052, .T. ) ;
#10075 = EDGE_CURVE ( 'NONE', #3755, #9415, #1109, .T. ) ;
#10076 = CARTESIAN_POINT ( 'NONE',  ( -0.2816278565449310500, -0.2525000000000000600, 0.02484251968503935600 ) ) ;
#10077 = ORIENTED_EDGE ( 'NONE', *, *, #1529, .F. ) ;
#10078 =( NAMED_UNIT ( * ) PLANE_ANGLE_UNIT ( ) SI_UNIT ( $, .RADIAN. ) );
#10079 = VERTEX_POINT ( 'NONE', #8386 ) ;
#10080 = ORIENTED_EDGE ( 'NONE', *, *, #1317, .T. ) ;
#10081 = DIRECTION ( 'NONE',  ( 6.829619984160731600E-015, 0.0000000000000000000, -1.000000000000000000 ) ) ;
#10082 = ORIENTED_EDGE ( 'NONE', *, *, #9517, .F. ) ;
#10083 =( GEOMETRIC_REPRESENTATION_CONTEXT ( 3 ) GLOBAL_UNCERTAINTY_ASSIGNED_CONTEXT ( ( #5225 ) ) GLOBAL_UNIT_ASSIGNED_CONTEXT ( ( #9420, #10971, #9380 ) ) REPRESENTATION_CONTEXT ( 'NONE', 'WORKASPACE' ) );
#10084 = VERTEX_POINT ( 'NONE', #7478 ) ;
#10085 = LINE ( 'NONE', #6924, #8781 ) ;
#10086 = DIRECTION ( 'NONE',  ( 0.0000000000000000000, -3.469446951953613800E-015, 1.000000000000000000 ) ) ;
#10087 = EDGE_CURVE ( 'NONE', #5326, #11014, #1637, .T. ) ;
#10088 = VERTEX_POINT ( 'NONE', #2356 ) ;
#10089 = CARTESIAN_POINT ( 'NONE',  ( 0.2417957872900946000, 0.08784335684306161800, 0.7740197545653725300 ) ) ;
#10090 = ORIENTED_EDGE ( 'NONE', *, *, #9021, .F. ) ;
#10091 = VERTEX_POINT ( 'NONE', #9186 ) ;
#10092 = FILL_AREA_STYLE ('',( #6633 ) ) ;
#10093 = PLANE ( 'NONE',  #7635 ) ;
#10094 = CARTESIAN_POINT ( 'NONE',  ( 0.2966278565449309000, 0.0000000000000000000, 0.7163187439931626400 ) ) ;
#10095 = VERTEX_POINT ( 'NONE', #9270 ) ;
#10096 = EDGE_CURVE ( 'NONE', #487, #3146, #6437, .T. ) ;
#10097 = DIRECTION ( 'NONE',  ( 0.0000000000000000000, -0.0000000000000000000, 1.000000000000000000 ) ) ;
#10098 = CARTESIAN_POINT ( 'NONE',  ( 0.2054877261536933200, -0.3274999999990008100, 0.3629629479367024200 ) ) ;
#10099 = DIRECTION ( 'NONE',  ( -3.466400071163393600E-015, 0.0000000000000000000, 1.000000000000000000 ) ) ;
#10100 = ORIENTED_EDGE ( 'NONE', *, *, #2507, .F. ) ;
#10101 = FACE_OUTER_BOUND ( 'NONE', #10788, .T. ) ;
#10102 = ORIENTED_EDGE ( 'NONE', *, *, #1344, .T. ) ;
#10103 = ADVANCED_FACE ( 'NONE', ( #6067 ), #5912, .T. ) ;
#10104 = CARTESIAN_POINT ( 'NONE',  ( -0.2966278565449310700, -0.1378615124517495700, 0.7690197545653723000 ) ) ;
#10105 = EDGE_CURVE ( 'NONE', #10066, #2542, #9764, .T. ) ;
#10106 = CARTESIAN_POINT ( 'NONE',  ( 0.3125000000000023900, -0.1378615124517496000, 0.7690197545653726400 ) ) ;
#10107 = DIRECTION ( 'NONE',  ( -1.000000000000000000, -0.0000000000000000000, -0.0000000000000000000 ) ) ;
#10108 = CARTESIAN_POINT ( 'NONE',  ( 0.2249999999999999800, -0.3334805806756923600, 0.4279999999999999400 ) ) ;
#10109 = VECTOR ( 'NONE', #7470, 39.37007874015748100 ) ;
#10110 = ORIENTED_EDGE ( 'NONE', *, *, #8180, .T. ) ;
#10111 = EDGE_CURVE ( 'NONE', #4639, #7026, #8055, .T. ) ;
#10112 = CARTESIAN_POINT ( 'NONE',  ( 0.2975000000000019300, 0.2454289321881376600, 0.8350000000000021800 ) ) ;
#10113 = DIRECTION ( 'NONE',  ( -1.000000000000000000, 0.0000000000000000000, 0.0000000000000000000 ) ) ;
#10114 = ORIENTED_EDGE ( 'NONE', *, *, #10233, .T. ) ;
#10115 = ADVANCED_FACE ( 'NONE', ( #1907 ), #6765, .F. ) ;
#10116 = CARTESIAN_POINT ( 'NONE',  ( 0.3125000000000026100, 0.1504527559055176300, 0.7179527559055123300 ) ) ;
#10117 = VERTEX_POINT ( 'NONE', #9358 ) ;
#10118 = DIRECTION ( 'NONE',  ( 0.0000000000000000000, 0.0000000000000000000, 1.000000000000000000 ) ) ;
#10119 = AXIS2_PLACEMENT_3D ( 'NONE', #2515, #4403, #1852 ) ;
#10120 =( NAMED_UNIT ( * ) PLANE_ANGLE_UNIT ( ) SI_UNIT ( $, .RADIAN. ) );
#10121 = VECTOR ( 'NONE', #4510, 39.37007874015748100 ) ;
#10122 = FACE_OUTER_BOUND ( 'NONE', #5804, .T. ) ;
#10123 = DIRECTION ( 'NONE',  ( 1.707404996040159400E-015, 0.0000000000000000000, 1.000000000000000000 ) ) ;
#10124 = ORIENTED_EDGE ( 'NONE', *, *, #7253, .T. ) ;
#10125 = CARTESIAN_POINT ( 'NONE',  ( 0.0000000000000000000, -0.2515000000000000000, 0.8350000000000035200 ) ) ;
#10126 = CARTESIAN_POINT ( 'NONE',  ( -0.3125000000000027200, 0.1504527559055146300, 0.4417395183536995100 ) ) ;
#10127 = DIRECTION ( 'NONE',  ( -1.000000000000000000, -0.0000000000000000000, -3.476233884776272500E-015 ) ) ;
#10128 = CARTESIAN_POINT ( 'NONE',  ( -0.08011811023622049400, -0.2497393201453811900, 0.8122440944881890200 ) ) ;
#10129 = ORIENTED_EDGE ( 'NONE', *, *, #3350, .F. ) ;
#10130 = DIMENSIONAL_EXPONENTS ( 1.000000000000000000, 0.0000000000000000000, 0.0000000000000000000, 0.0000000000000000000, 0.0000000000000000000, 0.0000000000000000000, 0.0000000000000000000 ) ;
#10131 = CARTESIAN_POINT ( 'NONE',  ( 0.2445122359227436800, -0.6172700275952924800, 0.3670469609432717700 ) ) ;
#10132 = VECTOR ( 'NONE', #5747, 39.37007874015748100 ) ;
#10133 = ORIENTED_EDGE ( 'NONE', *, *, #9030, .F. ) ;
#10134 = DIRECTION ( 'NONE',  ( 0.0000000000000000000, -1.000000000000000000, 0.0000000000000000000 ) ) ;
#10135 = DIRECTION ( 'NONE',  ( 1.000000000000000000, 0.0000000000000000000, -3.453004075404071100E-015 ) ) ;
#10136 = CARTESIAN_POINT ( 'NONE',  ( -0.03484251968503945100, -0.5313388496530164800, 0.6878425196850395100 ) ) ;
#10137 = DIRECTION ( 'NONE',  ( 8.876942833622265700E-013, -3.469446951953613800E-015, 1.000000000000000000 ) ) ;
#10138 = DIRECTION ( 'NONE',  ( 0.0000000000000000000, 1.000000000000000000, -0.0000000000000000000 ) ) ;
#10139 = AXIS2_PLACEMENT_3D ( 'NONE', #9557, #5163, #3599 ) ;
#10140 = EDGE_CURVE ( 'NONE', #2555, #5525, #4042, .T. ) ;
#10141 = ORIENTED_EDGE ( 'NONE', *, *, #6988, .T. ) ;
#10142 = DIRECTION ( 'NONE',  ( -1.000000000000000000, -1.458800866809831900E-016, 3.623343611582382000E-015 ) ) ;
#10143 = EDGE_CURVE ( 'NONE', #7019, #731, #833, .T. ) ;
#10144 = VERTEX_POINT ( 'NONE', #9253 ) ;
#10145 = VECTOR ( 'NONE', #318, 39.37007874015748100 ) ;
#10146 = ORIENTED_EDGE ( 'NONE', *, *, #11, .T. ) ;
#10147 = CARTESIAN_POINT ( 'NONE',  ( -0.2975000000000023700, 0.2454289321881376600, 0.8349999999999999600 ) ) ;
#10148 = AXIS2_PLACEMENT_3D ( 'NONE', #10112, #5008, #3330 ) ;
#10149 = ORIENTED_EDGE ( 'NONE', *, *, #9591, .F. ) ;
#10150 = VECTOR ( 'NONE', #2795, 39.37007874015748100 ) ;
#10151 = CARTESIAN_POINT ( 'NONE',  ( -0.09724409448818897800, 0.1522291837916265600, 0.4674415849128674100 ) ) ;
#10152 = CARTESIAN_POINT ( 'NONE',  ( -0.01515748031496071300, -0.5313388496530164800, 0.6681574803149606900 ) ) ;
#10153 = ORIENTED_EDGE ( 'NONE', *, *, #1161, .F. ) ;
#10154 = EDGE_CURVE ( 'NONE', #6149, #8314, #5256, .T. ) ;
#10155 = EDGE_CURVE ( 'NONE', #8644, #377, #3771, .T. ) ;
#10156 = CARTESIAN_POINT ( 'NONE',  ( 0.3053539816339743700, 0.2522642977396045100, -9.604153102725926100E-018 ) ) ;
#10157 = ADVANCED_FACE ( 'NONE', ( #189 ), #5076, .F. ) ;
#10158 = ORIENTED_EDGE ( 'NONE', *, *, #6045, .T. ) ;
#10159 = APPLICATION_PROTOCOL_DEFINITION ( 'draft international standard', 'automotive_design', 1998, #6780 ) ;
#10160 = CARTESIAN_POINT ( 'NONE',  ( -0.1799811510861111200, -0.01332677165354330000, 0.2157114503741968100 ) ) ;
#10161 = LINE ( 'NONE', #1752, #7919 ) ;
#10162 = FACE_OUTER_BOUND ( 'NONE', #8051, .T. ) ;
#10163 = EDGE_CURVE ( 'NONE', #2227, #1680, #5775, .T. ) ;
#10164 = CARTESIAN_POINT ( 'NONE',  ( -0.3125000000000023300, 0.1087205899187654700, 0.7879635790510822700 ) ) ;
#10165 = SURFACE_SIDE_STYLE ('',( #5191 ) ) ;
#10166 = VECTOR ( 'NONE', #5513, 39.37007874015748100 ) ;
#10167 = PLANE ( 'NONE',  #5657 ) ;
#10168 = AXIS2_PLACEMENT_3D ( 'NONE', #1987, #7048, #3571 ) ;
#10169 = CARTESIAN_POINT ( 'NONE',  ( 0.2816278565449313300, -0.1771838596522949400, 0.01499999999999999900 ) ) ;
#10170 = FACE_OUTER_BOUND ( 'NONE', #10274, .T. ) ;
#10171 = FILL_AREA_STYLE_COLOUR ( '', #6062 ) ;
#10172 = ORIENTED_EDGE ( 'NONE', *, *, #3226, .T. ) ;
#10173 = CARTESIAN_POINT ( 'NONE',  ( -0.01515748031496071300, -0.2525000000000000600, 0.6681574803149606900 ) ) ;
#10174 = EDGE_CURVE ( 'NONE', #3328, #7819, #1779, .T. ) ;
#10175 = DIRECTION ( 'NONE',  ( 0.0000000000000000000, 0.0000000000000000000, -1.000000000000000000 ) ) ;
#10176 = ADVANCED_FACE ( 'NONE', ( #5510 ), #7518, .T. ) ;
#10177 = AXIS2_PLACEMENT_3D ( 'NONE', #8313, #3273, #10817 ) ;
#10178 = LINE ( 'NONE', #10390, #10320 ) ;
#10179 = DIRECTION ( 'NONE',  ( 1.000000000000000000, 0.0000000000000000000, 0.0000000000000000000 ) ) ;
#10180 = COLOUR_RGB ( '',0.2509803921568627400, 0.2509803921568627400, 0.2509803921568627400 ) ;
#10181 = LINE ( 'NONE', #9193, #7634 ) ;
#10182 = DIRECTION ( 'NONE',  ( 2.237499376342115700E-016, -1.000000000000000000, 7.159998004294770100E-015 ) ) ;
#10183 = FACE_OUTER_BOUND ( 'NONE', #4428, .T. ) ;
#10184 = EDGE_CURVE ( 'NONE', #5013, #10727, #4184, .T. ) ;
#10185 = CARTESIAN_POINT ( 'NONE',  ( -0.2519685039370078700, 0.06541338582677166900, 0.01499999999999999900 ) ) ;
#10186 = ORIENTED_EDGE ( 'NONE', *, *, #529, .F. ) ;
#10187 = DIRECTION ( 'NONE',  ( 0.0000000000000000000, -0.4413750231038431300, 0.8973227340149595400 ) ) ;
#10188 = VECTOR ( 'NONE', #1975, 39.37007874015748100 ) ;
#10189 = DIRECTION ( 'NONE',  ( -1.000000000000000000, -6.982962677686267500E-015, 2.406025760924086600E-029 ) ) ;
#10190 = LINE ( 'NONE', #8727, #5646 ) ;
#10192 = CARTESIAN_POINT ( 'NONE',  ( 0.3125000000000025000, 0.04959782299446936800, 0.7479635790510822400 ) ) ;
#10191 = VECTOR ( 'NONE', #2411, 39.37007874015748100 ) ;
#10193 = LINE ( 'NONE', #4204, #2043 ) ;
#10194 = DIRECTION ( 'NONE',  ( -0.0000000000000000000, -1.000000000000000000, -0.0000000000000000000 ) ) ;
#10195 = CARTESIAN_POINT ( 'NONE',  ( 0.2974999999999999300, 0.2525000000000000600, -8.537024980200822600E-018 ) ) ;
#10196 = LINE ( 'NONE', #10815, #7671 ) ;
#10197 = VECTOR ( 'NONE', #6993, 39.37007874015748100 ) ;
#10198 = DIRECTION ( 'NONE',  ( 0.0000000000000000000, -1.000000000000000000, 0.0000000000000000000 ) ) ;
#10199 = FACE_OUTER_BOUND ( 'NONE', #6660, .T. ) ;
#10200 = PLANE ( 'NONE',  #1781 ) ;
#10201 = DIRECTION ( 'NONE',  ( -1.000000000000000000, -0.0000000000000000000, -0.0000000000000000000 ) ) ;
#10202 = ORIENTED_EDGE ( 'NONE', *, *, #5630, .T. ) ;
#10203 = ORIENTED_EDGE ( 'NONE', *, *, #4882, .T. ) ;
#10204 = VERTEX_POINT ( 'NONE', #5862 ) ;
#10205 = DIRECTION ( 'NONE',  ( 0.0000000000000000000, -1.000000000000000000, 3.412622176065439300E-015 ) ) ;
#10206 = ORIENTED_EDGE ( 'NONE', *, *, #8976, .F. ) ;
#10207 = DIRECTION ( 'NONE',  ( -1.000000000000000000, 3.791200677927630300E-031, -0.0000000000000000000 ) ) ;
#10208 = VECTOR ( 'NONE', #1114, 39.37007874015748100 ) ;
#10209 = PLANE ( 'NONE',  #8738 ) ;
#10210 = EDGE_CURVE ( 'NONE', #9086, #11005, #7243, .T. ) ;
#10211 = FACE_OUTER_BOUND ( 'NONE', #6376, .T. ) ;
#10212 = CARTESIAN_POINT ( 'NONE',  ( 0.2500000000000000000, -0.1174558555784520800, 0.8122440944881890200 ) ) ;
#10213 = CARTESIAN_POINT ( 'NONE',  ( 0.2486744556699771700, 0.06541338582677171100, 0.0000000000000000000 ) ) ;
#10214 = AXIS2_PLACEMENT_3D ( 'NONE', #3468, #7641, #9456 ) ;
#10215 = CARTESIAN_POINT ( 'NONE',  ( 0.2974999999999999300, -0.2514999999999993900, 0.01499999999999999900 ) ) ;
#10216 = ORIENTED_EDGE ( 'NONE', *, *, #4181, .T. ) ;
#10217 = CARTESIAN_POINT ( 'NONE',  ( -0.3125000000000026100, 0.02872058991876547500, 0.7479635790510822400 ) ) ;
#10218 = EDGE_LOOP ( 'NONE', ( #9131, #3149, #8762, #9689 ) ) ;
#10219 = ORIENTED_EDGE ( 'NONE', *, *, #10155, .F. ) ;
#10220 = DIRECTION ( 'NONE',  ( -0.0000000000000000000, -1.000000000000000000, -0.0000000000000000000 ) ) ;
#10221 = DIRECTION ( 'NONE',  ( -0.7071067811865486800, 0.0000000000000000000, -0.7071067811865462400 ) ) ;
#10222 = ADVANCED_FACE ( 'NONE', ( #8602 ), #2456, .F. ) ;
#10223 = ORIENTED_EDGE ( 'NONE', *, *, #3537, .T. ) ;
#10224 = COLOUR_RGB ( '',0.7921568627450980000, 0.8196078431372548800, 0.9333333333333333500 ) ;
#10225 = ORIENTED_EDGE ( 'NONE', *, *, #4257, .T. ) ;
#10226 = VECTOR ( 'NONE', #11035, 39.37007874015748100 ) ;
#10227 = CARTESIAN_POINT ( 'NONE',  ( -0.2975000000000026500, -0.2515000000000000000, 0.7214882898114439700 ) ) ;
#10228 = ORIENTED_EDGE ( 'NONE', *, *, #8596, .F. ) ;
#10229 = ORIENTED_EDGE ( 'NONE', *, *, #3367, .T. ) ;
#10230 = ORIENTED_EDGE ( 'NONE', *, *, #80, .F. ) ;
#10231 = EDGE_CURVE ( 'NONE', #4416, #8343, #4704, .T. ) ;
#10232 = VERTEX_POINT ( 'NONE', #1613 ) ;
#10233 = EDGE_CURVE ( 'NONE', #3585, #6286, #1356, .T. ) ;
#10234 = LENGTH_MEASURE_WITH_UNIT ( LENGTH_MEASURE( 0.02539999999999999900 ), #3166 );
#10235 = ADVANCED_FACE ( 'NONE', ( #9509 ), #6696, .T. ) ;
#10236 = CARTESIAN_POINT ( 'NONE',  ( 0.3016278565449309600, 0.1454527559055146800, 0.7163187439931625300 ) ) ;
#10237 = DIRECTION ( 'NONE',  ( 0.0000000000000000000, -0.4413750231038431300, 0.8973227340149595400 ) ) ;
#10238 = ORIENTED_EDGE ( 'NONE', *, *, #8445, .T. ) ;
#10239 = DIRECTION ( 'NONE',  ( 0.0000000000000000000, 1.000000000000000000, 0.0000000000000000000 ) ) ;
#10240 = DIRECTION ( 'NONE',  ( 0.0000000000000000000, -1.000000000000000000, 0.0000000000000000000 ) ) ;
#10241 = VECTOR ( 'NONE', #6078, 39.37007874015748100 ) ;
#10242 = VERTEX_POINT ( 'NONE', #9507 ) ;
#10243 = ORIENTED_EDGE ( 'NONE', *, *, #1045, .T. ) ;
#10244 = AXIS2_PLACEMENT_3D ( 'NONE', #6904, #77, #6050 ) ;
#10245 = DIRECTION ( 'NONE',  ( 6.829619984160731600E-015, 0.0000000000000000000, -1.000000000000000000 ) ) ;
#10246 = ORIENTED_EDGE ( 'NONE', *, *, #8672, .T. ) ;
#10247 = PLANE ( 'NONE',  #2491 ) ;
#10248 = CARTESIAN_POINT ( 'NONE',  ( -0.2975000000000022600, 0.2960961371296054700, 0.2960961371296125800 ) ) ;
#10249 = EDGE_CURVE ( 'NONE', #4889, #6552, #9233, .T. ) ;
#10250 = AXIS2_PLACEMENT_3D ( 'NONE', #8152, #6401, #9822 ) ;
#10251 = PLANE ( 'NONE',  #3057 ) ;
#10252 = EDGE_LOOP ( 'NONE', ( #4153, #1036, #10378, #3358 ) ) ;
#10253 = FILL_AREA_STYLE ('',( #6820 ) ) ;
#10254 = DIMENSIONAL_EXPONENTS ( 1.000000000000000000, 0.0000000000000000000, 0.0000000000000000000, 0.0000000000000000000, 0.0000000000000000000, 0.0000000000000000000, 0.0000000000000000000 ) ;
#10255 = FACE_BOUND ( 'NONE', #10218, .T. ) ;
#10256 = VERTEX_POINT ( 'NONE', #1871 ) ;
#10257 = PLANE ( 'NONE',  #3919 ) ;
#10258 = EDGE_CURVE ( 'NONE', #9019, #9540, #7368, .T. ) ;
#10259 = DIRECTION ( 'NONE',  ( 1.266221515311538300E-016, -1.000000000000000000, -0.0000000000000000000 ) ) ;
#10260 = DIRECTION ( 'NONE',  ( -0.7071067811865486800, 0.0000000000000000000, 0.7071067811865462400 ) ) ;
#10261 = PLANE ( 'NONE',  #9129 ) ;
#10262 = FACE_OUTER_BOUND ( 'NONE', #6234, .T. ) ;
#10263 = LINE ( 'NONE', #4463, #1065 ) ;
#10264 = AXIS2_PLACEMENT_3D ( 'NONE', #5999, #6843, #6929 ) ;
#10265 = CARTESIAN_POINT ( 'NONE',  ( 0.2967928932188134100, 0.2675000000000029000, 0.8199999999999998400 ) ) ;
#10266 = DIRECTION ( 'NONE',  ( 3.791200677927630300E-031, 1.000000000000000000, 3.469446951953613800E-015 ) ) ;
#10267 = CARTESIAN_POINT ( 'NONE',  ( -0.3125000000000015000, 0.1454527559055146500, 0.4396684505418341200 ) ) ;
#10268 = VERTEX_POINT ( 'NONE', #3595 ) ;
#10269 = CIRCLE ( 'NONE', #2349, 0.004999999999999946300 ) ;
#10270 = ORIENTED_EDGE ( 'NONE', *, *, #4329, .T. ) ;
#10271 = ORIENTED_EDGE ( 'NONE', *, *, #2027, .T. ) ;
#10272 = CARTESIAN_POINT ( 'NONE',  ( 0.1381889763779527700, 0.0000000000000000000, 0.0000000000000000000 ) ) ;
#10273 = DIRECTION ( 'NONE',  ( -0.0000000000000000000, 1.000000000000000000, -0.0000000000000000000 ) ) ;
#10274 = EDGE_LOOP ( 'NONE', ( #3013, #421, #2008, #10608 ) ) ;
#10275 = DIRECTION ( 'NONE',  ( 2.385472965096927600E-016, -1.000000000000000000, 2.385472965096935500E-016 ) ) ;
#10276 = DIRECTION ( 'NONE',  ( 1.000000000000000000, -0.0000000000000000000, 0.0000000000000000000 ) ) ;
#10277 = ORIENTED_EDGE ( 'NONE', *, *, #4397, .T. ) ;
#10278 = AXIS2_PLACEMENT_3D ( 'NONE', #10410, #8799, #8648 ) ;
#10279 = CARTESIAN_POINT ( 'NONE',  ( -0.2975000000000001000, 0.2522642977396045700, 0.01499999999999999900 ) ) ;
#10280 = CARTESIAN_POINT ( 'NONE',  ( 0.1578740157480314800, 0.1522291837916265600, 0.4674415849128674100 ) ) ;
#10281 = CARTESIAN_POINT ( 'NONE',  ( -0.2499999999999999700, 0.1522291837916266400, 0.8122440944881890200 ) ) ;
#10282 = DIRECTION ( 'NONE',  ( 0.0000000000000000000, -0.7071067811865462400, -0.7071067811865487900 ) ) ;
#10283 = ORIENTED_EDGE ( 'NONE', *, *, #6119, .F. ) ;
#10284 = ORIENTED_EDGE ( 'NONE', *, *, #4404, .F. ) ;
#10285 = LINE ( 'NONE', #9968, #810 ) ;
#10286 = CARTESIAN_POINT ( 'NONE',  ( -0.09724409448818897800, 0.3255628348940304800, 0.1601378170038762200 ) ) ;
#10287 = ORIENTED_EDGE ( 'NONE', *, *, #9298, .T. ) ;
#10288 = ADVANCED_FACE ( 'NONE', ( #7508 ), #1799, .F. ) ;
#10289 = LINE ( 'NONE', #2412, #527 ) ;
#10290 = VERTEX_POINT ( 'NONE', #132 ) ;
#10291 = AXIS2_PLACEMENT_3D ( 'NONE', #1951, #1063, #4496 ) ;
#10292 = VECTOR ( 'NONE', #2248, 39.37007874015748100 ) ;
#10293 = EDGE_CURVE ( 'NONE', #2083, #7425, #982, .T. ) ;
#10294 = ORIENTED_EDGE ( 'NONE', *, *, #3250, .F. ) ;
#10295 = DIRECTION ( 'NONE',  ( -1.000000000000000000, -4.474998752684391100E-016, -6.982962677686265900E-015 ) ) ;
#10296 = DIRECTION ( 'NONE',  ( 0.0000000000000000000, 0.0000000000000000000, 1.000000000000000000 ) ) ;
#10297 = COLOUR_RGB ( '',0.2509803921568627400, 0.2509803921568627400, 0.2509803921568627400 ) ;
#10298 = LINE ( 'NONE', #7307, #7638 ) ;
#10299 = EDGE_LOOP ( 'NONE', ( #9806, #8097, #1307, #6131 ) ) ;
#10300 = VERTEX_POINT ( 'NONE', #95 ) ;
#10301 = DIMENSIONAL_EXPONENTS ( 1.000000000000000000, 0.0000000000000000000, 0.0000000000000000000, 0.0000000000000000000, 0.0000000000000000000, 0.0000000000000000000, 0.0000000000000000000 ) ;
#10302 = LINE ( 'NONE', #486, #10021 ) ;
#10303 = ORIENTED_EDGE ( 'NONE', *, *, #6226, .F. ) ;
#10304 = CARTESIAN_POINT ( 'NONE',  ( 0.2975000000000023700, 0.1087205899187654700, 0.7479635790510845700 ) ) ;
#10306 = AXIS2_PLACEMENT_3D ( 'NONE', #10032, #4039, #1241 ) ;
#10305 = CARTESIAN_POINT ( 'NONE',  ( 0.2970285954792089000, 0.2525000000000000000, 0.01499999999999999900 ) ) ;
#10307 = DIRECTION ( 'NONE',  ( 1.000000000000000000, -0.0000000000000000000, -0.0000000000000000000 ) ) ;
#10308 = LINE ( 'NONE', #11015, #6549 ) ;
#10309 = CARTESIAN_POINT ( 'NONE',  ( -0.2974999999999999900, 0.1454527559055146500, -1.093155637708642100E-015 ) ) ;
#10310 = LINE ( 'NONE', #3559, #2146 ) ;
#10311 = EDGE_CURVE ( 'NONE', #10204, #4906, #3225, .T. ) ;
#10312 = CIRCLE ( 'NONE', #7319, 0.004999999999999946300 ) ;
#10313 = DIRECTION ( 'NONE',  ( -1.612295916596607500E-016, -0.7071067811865470200, 0.7071067811865481300 ) ) ;
#10315 = CARTESIAN_POINT ( 'NONE',  ( -0.2966278565449310700, 0.08784335684306161800, 0.7529635790510820200 ) ) ;
#10314 = VECTOR ( 'NONE', #5588, 39.37007874015748100 ) ;
#10316 = CARTESIAN_POINT ( 'NONE',  ( 0.0000000000000000000, -0.2525000000000000600, 0.0000000000000000000 ) ) ;
#10317 = DIRECTION ( 'NONE',  ( 0.0000000000000000000, -1.000000000000000000, -0.0000000000000000000 ) ) ;
#10318 = ORIENTED_EDGE ( 'NONE', *, *, #4748, .F. ) ;
#10319 = EDGE_CURVE ( 'NONE', #7423, #9553, #5112, .T. ) ;
#10320 = VECTOR ( 'NONE', #6970, 39.37007874015748100 ) ;
#10321 = DIRECTION ( 'NONE',  ( 0.0000000000000000000, -1.000000000000000000, 0.0000000000000000000 ) ) ;
#10322 = VECTOR ( 'NONE', #10187, 39.37007874015748100 ) ;
#10323 = CARTESIAN_POINT ( 'NONE',  ( 0.09842519685039372000, -0.2322769844133475100, 0.01499999999999999900 ) ) ;
#10324 = CARTESIAN_POINT ( 'NONE',  ( -0.2054877302721722900, -0.6172700275952924800, 0.4889530518230032500 ) ) ;
#10325 = VECTOR ( 'NONE', #994, 39.37007874015748100 ) ;
#10326 = LINE ( 'NONE', #8835, #6432 ) ;
#10327 = FACE_OUTER_BOUND ( 'NONE', #8362, .T. ) ;
#10328 = CARTESIAN_POINT ( 'NONE',  ( 0.2816278565449306100, -0.2515000000000000000, 0.8098162275806200000 ) ) ;
#10329 = EDGE_CURVE ( 'NONE', #2542, #6946, #9368, .T. ) ;
#10330 =( GEOMETRIC_REPRESENTATION_CONTEXT ( 3 ) GLOBAL_UNCERTAINTY_ASSIGNED_CONTEXT ( ( #4541 ) ) GLOBAL_UNIT_ASSIGNED_CONTEXT ( ( #764, #5795, #1549 ) ) REPRESENTATION_CONTEXT ( 'NONE', 'WORKASPACE' ) );
#10331 = CARTESIAN_POINT ( 'NONE',  ( 0.1151574803149604800, -0.3855000000000025600, 0.7681574803149612300 ) ) ;
#10332 = LINE ( 'NONE', #5736, #3779 ) ;
#10333 = VECTOR ( 'NONE', #1085, 39.37007874015748100 ) ;
#10334 = EDGE_CURVE ( 'NONE', #9944, #5091, #10675, .T. ) ;
#10335 = VECTOR ( 'NONE', #1904, 39.37007874015748100 ) ;
#10336 = EDGE_LOOP ( 'NONE', ( #406, #4091, #9322, #8904 ) ) ;
#10337 = ORIENTED_EDGE ( 'NONE', *, *, #55, .T. ) ;
#10338 = ORIENTED_EDGE ( 'NONE', *, *, #8476, .T. ) ;
#10339 = CARTESIAN_POINT ( 'NONE',  ( 0.2717853368598917600, 0.2426574803149606500, 0.8101574803149606000 ) ) ;
#10340 = VECTOR ( 'NONE', #2333, 39.37007874015748100 ) ;
#10341 = CARTESIAN_POINT ( 'NONE',  ( -0.3125000000000023900, -0.1861070463003418300, 0.7690197545653726400 ) ) ;
#10342 = CARTESIAN_POINT ( 'NONE',  ( 0.2499999999999999700, 0.1522291837916266400, 0.8122440944881890200 ) ) ;
#10343 = VECTOR ( 'NONE', #8342, 39.37007874015748100 ) ;
#10344 = DIRECTION ( 'NONE',  ( 1.000000000000000000, -0.0000000000000000000, 0.0000000000000000000 ) ) ;
#10345 = ORIENTED_EDGE ( 'NONE', *, *, #6647, .F. ) ;
#10346 = ORIENTED_EDGE ( 'NONE', *, *, #4836, .F. ) ;
#10347 = PLANE ( 'NONE',  #9643 ) ;
#10348 = VERTEX_POINT ( 'NONE', #3483 ) ;
#10349 = UNCERTAINTY_MEASURE_WITH_UNIT (LENGTH_MEASURE( 1.000000000000000100E-005 ), #4035, 'distance_accuracy_value', 'NONE');
#10350 = CARTESIAN_POINT ( 'NONE',  ( 0.1578740157480314800, 0.3255628348940304800, 0.1601378170038762200 ) ) ;
#10351 = ORIENTED_EDGE ( 'NONE', *, *, #664, .T. ) ;
#10352 = ORIENTED_EDGE ( 'NONE', *, *, #10506, .T. ) ;
#10353 = DIRECTION ( 'NONE',  ( -1.000000000000000000, 3.791200677927630300E-031, 0.0000000000000000000 ) ) ;
#10354 = FACE_OUTER_BOUND ( 'NONE', #5551, .T. ) ;
#10355 = ORIENTED_EDGE ( 'NONE', *, *, #5939, .F. ) ;
#10356 = VECTOR ( 'NONE', #10518, 39.37007874015748100 ) ;
#10357 = EDGE_LOOP ( 'NONE', ( #11002, #8207, #4637, #1746 ) ) ;
#10358 = PLANE ( 'NONE',  #1997 ) ;
#10359 = ORIENTED_EDGE ( 'NONE', *, *, #7844, .T. ) ;
#10360 = EDGE_LOOP ( 'NONE', ( #541, #6908, #2035 ) ) ;
#10361 = AXIS2_PLACEMENT_3D ( 'NONE', #6880, #6999, #6839 ) ;
#10362 = ADVANCED_FACE ( 'NONE', ( #1227, #8305, #5765 ), #6959, .F. ) ;
#10363 = CARTESIAN_POINT ( 'NONE',  ( -0.3125000000000023900, 0.0000000000000000000, 0.6900912614787658700 ) ) ;
#10364 = DIRECTION ( 'NONE',  ( -1.000000000000000000, 2.385472965096935500E-016, 3.441691376337984500E-015 ) ) ;
#10365 = EDGE_CURVE ( 'NONE', #8488, #5282, #6845, .T. ) ;
#10366 = VERTEX_POINT ( 'NONE', #7930 ) ;
#10367 = VERTEX_POINT ( 'NONE', #10381 ) ;
#10368 = SURFACE_STYLE_FILL_AREA ( #9913 ) ;
#10369 = CARTESIAN_POINT ( 'NONE',  ( -0.2975000000000027100, 0.1504527559055145700, -3.336328423310537700E-030 ) ) ;
#10370 = EDGE_CURVE ( 'NONE', #357, #1060, #2708, .T. ) ;
#10371 = SURFACE_STYLE_USAGE ( .BOTH. , #8708 ) ;
#10372 = PLANE ( 'NONE',  #7572 ) ;
#10373 = EDGE_LOOP ( 'NONE', ( #819, #9187, #3670, #1196, #5703, #5566 ) ) ;
#10374 = DIRECTION ( 'NONE',  ( 3.498098040667654100E-015, 0.0000000000000000000, -1.000000000000000000 ) ) ;
#10375 = B_SPLINE_CURVE_WITH_KNOTS ( 'NONE', 3,
 ( #6866, #10946, #10982, #9351, #3476, #5113, #1638, #5149, #5984, #7739, #5854, #4185, #858, #8441, #6831, #4484, #5224, #2796, #6173 ),
 .UNSPECIFIED., .F., .F.,
 ( 4, 3, 3, 3, 3, 3, 4 ),
 ( 0.0001952955928758594200, 0.0002152845081731414500, 0.0002618015656453235900, 0.0003075178883179940200, 0.0003515807226081155900, 0.0003939487187809650100, 0.0004230757960721680100 ),
 .UNSPECIFIED. ) ;
#10376 = TOROIDAL_SURFACE ( 'NONE', #10652, 0.001968503937007821500, 0.009842519685039369900 ) ;
#10377 = ORIENTED_EDGE ( 'NONE', *, *, #4445, .T. ) ;
#10378 = ORIENTED_EDGE ( 'NONE', *, *, #2885, .T. ) ;
#10379 = EDGE_LOOP ( 'NONE', ( #3943, #1922, #6802, #7838 ) ) ;
#10380 = AXIS2_PLACEMENT_3D ( 'NONE', #10591, #9665, #6289 ) ;
#10381 = CARTESIAN_POINT ( 'NONE',  ( -0.3125000000000023900, 0.04459782299446946700, 0.7690197545653728600 ) ) ;
#10382 = EDGE_CURVE ( 'NONE', #1576, #3755, #2959, .T. ) ;
#10383 = EDGE_CURVE ( 'NONE', #2191, #6552, #10310, .T. ) ;
#10384 = CARTESIAN_POINT ( 'NONE',  ( -0.3125000000000025000, 0.04959782299446936800, 0.7529635790510822400 ) ) ;
#10385 = FACE_OUTER_BOUND ( 'NONE', #9856, .T. ) ;
#10386 = ORIENTED_EDGE ( 'NONE', *, *, #3232, .T. ) ;
#10387 = CARTESIAN_POINT ( 'NONE',  ( 0.07283464566929136200, -0.01737224260835761400, 0.8122440944881890200 ) ) ;
#10388 = CARTESIAN_POINT ( 'NONE',  ( 0.3125000000000023900, -0.1811070463003418000, 0.7690197545653728600 ) ) ;
#10389 = DIRECTION ( 'NONE',  ( -1.000000000000000000, -7.400031521858132100E-030, 0.0000000000000000000 ) ) ;
#10390 = CARTESIAN_POINT ( 'NONE',  ( -0.2417957872900946000, -0.1378615124517495700, 0.7690197545653724200 ) ) ;
#10391 = AXIS2_PLACEMENT_3D ( 'NONE', #4281, #7719, #881 ) ;
#10392 = LINE ( 'NONE', #893, #7877 ) ;
#10393 = ORIENTED_EDGE ( 'NONE', *, *, #557, .F. ) ;
#10394 = ORIENTED_EDGE ( 'NONE', *, *, #4116, .F. ) ;
#10395 = EDGE_CURVE ( 'NONE', #9566, #2069, #9094, .T. ) ;
#10396 = AXIS2_PLACEMENT_3D ( 'NONE', #10850, #5763, #3305 ) ;
#10397 = ORIENTED_EDGE ( 'NONE', *, *, #9638, .T. ) ;
#10398 = VECTOR ( 'NONE', #2820, 39.37007874015748100 ) ;
#10399 = EDGE_CURVE ( 'NONE', #3497, #5860, #8973, .T. ) ;
#10400 = ORIENTED_EDGE ( 'NONE', *, *, #2451, .T. ) ;
#10401 = CARTESIAN_POINT ( 'NONE',  ( -0.1948031496062992700, -0.2052511311690032600, 0.01499999999999999900 ) ) ;
#10402 = CARTESIAN_POINT ( 'NONE',  ( -0.2445122359227294400, -0.3775000000000012800, 0.3830525540763712300 ) ) ;
#10403 = CARTESIAN_POINT ( 'NONE',  ( -0.3125000000000025000, -0.2019842793760456800, 0.7479635790510822400 ) ) ;
#10404 = ORIENTED_EDGE ( 'NONE', *, *, #8783, .F. ) ;
#10405 = CARTESIAN_POINT ( 'NONE',  ( -0.1949240715574873100, 0.06541338582677164200, 0.2170187865154117300 ) ) ;
#10406 = CARTESIAN_POINT ( 'NONE',  ( -0.3125000000000025000, 0.2454289321881375800, 0.8200000000000001700 ) ) ;
#10407 = VECTOR ( 'NONE', #3812, 39.37007874015748100 ) ;
#10408 = ORIENTED_EDGE ( 'NONE', *, *, #9912, .F. ) ;
#10409 = ADVANCED_FACE ( 'NONE', ( #685 ), #7794, .T. ) ;
#10410 = CARTESIAN_POINT ( 'NONE',  ( 0.2417957872900946000, -0.1811070463003417700, 0.7740197545653725300 ) ) ;
#10411 = VERTEX_POINT ( 'NONE', #380 ) ;
#10412 = VERTEX_POINT ( 'NONE', #5453 ) ;
#10413 = CARTESIAN_POINT ( 'NONE',  ( 0.09980314960629924100, -0.2497393201453811900, 0.01499999999999999900 ) ) ;
#10414 = VECTOR ( 'NONE', #8576, 39.37007874015748100 ) ;
#10415 = ORIENTED_EDGE ( 'NONE', *, *, #10163, .F. ) ;
#10416 = PLANE ( 'NONE',  #1332 ) ;
#10417 = ORIENTED_EDGE ( 'NONE', *, *, #3678, .T. ) ;
#10418 = STYLED_ITEM ( 'NONE', ( #6338 ), #2916 ) ;
#10419 = DIRECTION ( 'NONE',  ( 0.0000000000000000000, 0.4413750231038431300, -0.8973227340149595400 ) ) ;
#10420 = EDGE_CURVE ( 'NONE', #3755, #3991, #9498, .T. ) ;
#10421 = CARTESIAN_POINT ( 'NONE',  ( -0.01220472440944881700, 0.004804859663680982400, 0.8122440944881890200 ) ) ;
#10422 = DIRECTION ( 'NONE',  ( 0.0000000000000000000, -0.4413750231038431300, 0.8973227340149595400 ) ) ;
#10423 = VERTEX_POINT ( 'NONE', #7997 ) ;
#10424 = ADVANCED_FACE ( 'NONE', ( #2414 ), #410, .F. ) ;
#10425 = CYLINDRICAL_SURFACE ( 'NONE', #7347, 0.009842519685039378600 ) ;
#10426 = AXIS2_PLACEMENT_3D ( 'NONE', #933, #5214, #6858 ) ;
#10427 = CARTESIAN_POINT ( 'NONE',  ( -0.1948031496062992700, -0.1324212598425196800, 0.0000000000000000000 ) ) ;
#10428 = VERTEX_POINT ( 'NONE', #6250 ) ;
#10429 = FACE_OUTER_BOUND ( 'NONE', #4672, .T. ) ;
#10430 = CARTESIAN_POINT ( 'NONE',  ( -0.3125000000000023900, 0.2525000000000012800, 0.3396922742592156700 ) ) ;
#10431 = ORIENTED_EDGE ( 'NONE', *, *, #7237, .T. ) ;
#10432 = CARTESIAN_POINT ( 'NONE',  ( 0.07283464566929136200, 0.1522291837916265600, 0.0000000000000000000 ) ) ;
#10433 = AXIS2_PLACEMENT_3D ( 'NONE', #2442, #5034, #6016 ) ;
#10434 = VECTOR ( 'NONE', #8389, 39.37007874015748100 ) ;
#10435 = DIRECTION ( 'NONE',  ( 0.7071067811865462400, -0.0000000000000000000, -0.7071067811865486800 ) ) ;
#10436 = VECTOR ( 'NONE', #10938, 39.37007874015748100 ) ;
#10437 = VECTOR ( 'NONE', #8087, 39.37007874015748100 ) ;
#10438 = EDGE_CURVE ( 'NONE', #1825, #5604, #431, .T. ) ;
#10439 = FILL_AREA_STYLE_COLOUR ( '', #8984 ) ;
#10440 = LINE ( 'NONE', #4970, #5905 ) ;
#10441 = PLANE ( 'NONE',  #1115 ) ;
#10442 =( GEOMETRIC_REPRESENTATION_CONTEXT ( 3 ) GLOBAL_UNCERTAINTY_ASSIGNED_CONTEXT ( ( #10014 ) ) GLOBAL_UNIT_ASSIGNED_CONTEXT ( ( #4897, #10848, #1502 ) ) REPRESENTATION_CONTEXT ( 'NONE', 'WORKASPACE' ) );
#10443 = DIRECTION ( 'NONE',  ( 3.791200677927630300E-031, 1.000000000000000000, 3.469446951953613800E-015 ) ) ;
#10444 = VECTOR ( 'NONE', #637, 39.37007874015748100 ) ;
#10445 = VECTOR ( 'NONE', #1463, 39.37007874015748100 ) ;
#10446 = PLANE ( 'NONE',  #60 ) ;
#10447 = LINE ( 'NONE', #8355, #3645 ) ;
#10448 = LINE ( 'NONE', #7384, #9248 ) ;
#10449 = CARTESIAN_POINT ( 'NONE',  ( -0.08011811023622049400, -0.2497393201453811900, 0.8122440944881890200 ) ) ;
#10450 = AXIS2_PLACEMENT_3D ( 'NONE', #1295, #3002, #7265 ) ;
#10451 = LINE ( 'NONE', #4792, #3649 ) ;
#10452 = CARTESIAN_POINT ( 'NONE',  ( -0.03188976377952755500, 0.0000000000000000000, 0.0000000000000000000 ) ) ;
#10453 = ORIENTED_EDGE ( 'NONE', *, *, #5688, .T. ) ;
#10454 = EDGE_CURVE ( 'NONE', #731, #2093, #179, .T. ) ;
#10455 = FACE_OUTER_BOUND ( 'NONE', #5221, .T. ) ;
#10456 = LINE ( 'NONE', #2275, #7938 ) ;
#10457 = CARTESIAN_POINT ( 'NONE',  ( -0.2054877260166550800, -0.3294859291416683500, 0.3587707550871522800 ) ) ;
#10458 = VECTOR ( 'NONE', #7754, 39.37007874015748100 ) ;
#10459 = CARTESIAN_POINT ( 'NONE',  ( 0.05314960629921262200, 0.3077060962964917600, 0.1513544460802586400 ) ) ;
#10460 = PRESENTATION_STYLE_ASSIGNMENT (( #5779 ) ) ;
#10461 = LINE ( 'NONE', #8501, #4719 ) ;
#10462 = EDGE_CURVE ( 'NONE', #8010, #6919, #6060, .T. ) ;
#10463 = CARTESIAN_POINT ( 'NONE',  ( -0.2094541919655777400, -0.01332677165354325700, 0.05093875028552515700 ) ) ;
#10464 = ADVANCED_FACE ( 'NONE', ( #10953 ), #4693, .T. ) ;
#10465 = FACE_OUTER_BOUND ( 'NONE', #8722, .T. ) ;
#10466 = DIRECTION ( 'NONE',  ( 0.0000000000000000000, 0.7071067811865571200, -0.7071067811865379100 ) ) ;
#10467 = FACE_OUTER_BOUND ( 'NONE', #9001, .T. ) ;
#10468 = LINE ( 'NONE', #7981, #3796 ) ;
#10469 =( GEOMETRIC_REPRESENTATION_CONTEXT ( 3 ) GLOBAL_UNCERTAINTY_ASSIGNED_CONTEXT ( ( #2543 ) ) GLOBAL_UNIT_ASSIGNED_CONTEXT ( ( #6601, #4114, #8281 ) ) REPRESENTATION_CONTEXT ( 'NONE', 'WORKASPACE' ) );
#10470 = ORIENTED_EDGE ( 'NONE', *, *, #8250, .T. ) ;
#10471 = ORIENTED_EDGE ( 'NONE', *, *, #2900, .T. ) ;
#10472 = ORIENTED_EDGE ( 'NONE', *, *, #1881, .T. ) ;
#10473 = ORIENTED_EDGE ( 'NONE', *, *, #9991, .T. ) ;
#10474 = CARTESIAN_POINT ( 'NONE',  ( 0.2717853368598917600, 0.2426574803149606500, 0.8101574803149606000 ) ) ;
#10475 = VECTOR ( 'NONE', #2827, 39.37007874015748100 ) ;
#10476 = EDGE_CURVE ( 'NONE', #4636, #8042, #10811, .T. ) ;
#10477 = VECTOR ( 'NONE', #7906, 39.37007874015748900 ) ;
#10478 = ADVANCED_FACE ( 'NONE', ( #51 ), #9684, .F. ) ;
#10479 =( NAMED_UNIT ( * ) SI_UNIT ( $, .STERADIAN. ) SOLID_ANGLE_UNIT ( ) );
#10480 = ORIENTED_EDGE ( 'NONE', *, *, #2720, .F. ) ;
#10481 = EDGE_LOOP ( 'NONE', ( #4076, #5081, #5280, #7280 ) ) ;
#10482 = CARTESIAN_POINT ( 'NONE',  ( 0.2816278565449311100, 0.2426574803149606500, 0.8101574803149606000 ) ) ;
#10483 = VERTEX_POINT ( 'NONE', #2044 ) ;
#10484 = DIRECTION ( 'NONE',  ( 1.000000000000000000, 0.0000000000000000000, 3.498098040667654100E-015 ) ) ;
#10485 = ORIENTED_EDGE ( 'NONE', *, *, #7956, .F. ) ;
#10486 = AXIS2_PLACEMENT_3D ( 'NONE', #6791, #5891, #7644 ) ;
#10487 = CARTESIAN_POINT ( 'NONE',  ( -0.09724409448818897800, 0.3077060962964917600, 0.1513544460802586400 ) ) ;
#10488 = VECTOR ( 'NONE', #6864, 39.37007874015748100 ) ;
#10489 = ORIENTED_EDGE ( 'NONE', *, *, #6226, .T. ) ;
#10490 = LINE ( 'NONE', #949, #8510 ) ;
#10491 = PLANE ( 'NONE',  #5337 ) ;
#10492 = VERTEX_POINT ( 'NONE', #8891 ) ;
#10493 = CARTESIAN_POINT ( 'NONE',  ( 0.2445122359227436800, -0.3625000000000013800, 0.3670469609432717700 ) ) ;
#10494 = EDGE_LOOP ( 'NONE', ( #2479, #9214, #2127, #6635 ) ) ;
#10495 = ORIENTED_EDGE ( 'NONE', *, *, #1374, .T. ) ;
#10496 = CARTESIAN_POINT ( 'NONE',  ( -0.2960355339059351200, -0.2515000000000000000, 0.6936267953846987400 ) ) ;
#10497 = ORIENTED_EDGE ( 'NONE', *, *, #6563, .T. ) ;
#10498 = DIRECTION ( 'NONE',  ( -1.100718544111170900E-017, -1.000000000000000000, -1.258127052980947800E-016 ) ) ;
#10499 = DIRECTION ( 'NONE',  ( -0.0000000000000000000, -1.000000000000000000, -0.0000000000000000000 ) ) ;
#10500 = ORIENTED_EDGE ( 'NONE', *, *, #1520, .F. ) ;
#10501 = AXIS2_PLACEMENT_3D ( 'NONE', #2292, #10019, #659 ) ;
#10502 = ORIENTED_EDGE ( 'NONE', *, *, #10087, .F. ) ;
#10503 = EDGE_CURVE ( 'NONE', #8646, #3333, #1110, .T. ) ;
#10504 = DIRECTION ( 'NONE',  ( 0.0000000000000000000, 1.000000000000000000, 0.0000000000000000000 ) ) ;
#10505 = EDGE_LOOP ( 'NONE', ( #9673, #6767, #7486, #4301 ) ) ;
#10506 = EDGE_CURVE ( 'NONE', #7722, #357, #298, .T. ) ;
#10507 = PLANE ( 'NONE',  #4710 ) ;
#10508 = MANIFOLD_SOLID_BREP ( 'LPattern1[4]', #9464 ) ;
#10509 = CARTESIAN_POINT ( 'NONE',  ( 0.01062992125984253000, 0.3255628348940304800, 0.1601378170038762200 ) ) ;
#10510 = VERTEX_POINT ( 'NONE', #2873 ) ;
#10511 = DIRECTION ( 'NONE',  ( 0.0000000000000000000, -1.000000000000000000, 0.0000000000000000000 ) ) ;
#10512 = MECHANICAL_DESIGN_GEOMETRIC_PRESENTATION_REPRESENTATION (  '', ( #9924 ), #2133 ) ;
#10513 = CARTESIAN_POINT ( 'NONE',  ( -0.2717853368598916500, 0.2426574803149606500, 0.02484251968503935600 ) ) ;
#10514 = EDGE_CURVE ( 'NONE', #3550, #2778, #545, .T. ) ;
#10515 = CARTESIAN_POINT ( 'NONE',  ( 0.8015523508438183700, 0.0000000000000000000, 0.2093231818824078700 ) ) ;
#10516 = ADVANCED_FACE ( 'NONE', ( #835 ), #9791, .F. ) ;
#10517 = CARTESIAN_POINT ( 'NONE',  ( -0.2975000000000022600, 0.2675000000000011800, 0.3396922742592156700 ) ) ;
#10518 = DIRECTION ( 'NONE',  ( 0.0000000000000000000, 3.469446951953613800E-015, -1.000000000000000000 ) ) ;
#10519 = LINE ( 'NONE', #6326, #1587 ) ;
#10520 = LINE ( 'NONE', #2779, #9319 ) ;
#10521 = DIRECTION ( 'NONE',  ( -1.458800866809831900E-016, 1.000000000000000000, 6.205123719535811900E-031 ) ) ;
#10522 = EDGE_CURVE ( 'NONE', #3550, #3991, #5380, .T. ) ;
#10523 = DIRECTION ( 'NONE',  ( -1.000000000000000000, 0.0000000000000000000, 0.0000000000000000000 ) ) ;
#10524 = ORIENTED_EDGE ( 'NONE', *, *, #1245, .T. ) ;
#10525 = CARTESIAN_POINT ( 'NONE',  ( 0.3136167114875705300, 0.1454527559055146500, 0.4396684505418362900 ) ) ;
#10526 = ADVANCED_FACE ( 'NONE', ( #10162 ), #543, .T. ) ;
#10527 = VECTOR ( 'NONE', #226, 39.37007874015748100 ) ;
#10528 = VERTEX_POINT ( 'NONE', #9936 ) ;
#10529 = EDGE_CURVE ( 'NONE', #411, #6627, #5370, .T. ) ;
#10530 = DIRECTION ( 'NONE',  ( 0.0000000000000000000, 0.0000000000000000000, -1.000000000000000000 ) ) ;
#10531 = ORIENTED_EDGE ( 'NONE', *, *, #4938, .T. ) ;
#10532 = EDGE_CURVE ( 'NONE', #4937, #3061, #2552, .T. ) ;
#10533 = DIRECTION ( 'NONE',  ( -0.0000000000000000000, 1.000000000000000000, -0.0000000000000000000 ) ) ;
#10534 = CARTESIAN_POINT ( 'NONE',  ( 0.2960355339059350700, -0.2515000000000000000, 0.6936267953846965200 ) ) ;
#10535 = FACE_OUTER_BOUND ( 'NONE', #6716, .T. ) ;
#10536 = VERTEX_POINT ( 'NONE', #3903 ) ;
#10537 = CARTESIAN_POINT ( 'NONE',  ( -0.3065944881889773300, -0.3856102362204703600, 0.2810314960629910500 ) ) ;
#10538 = DIRECTION ( 'NONE',  ( -0.0000000000000000000, 1.000000000000000000, -0.0000000000000000000 ) ) ;
#10539 = VERTEX_POINT ( 'NONE', #3104 ) ;
#10540 = DIRECTION ( 'NONE',  ( -1.000000000000000000, 1.458800866809831900E-016, 0.0000000000000000000 ) ) ;
#10541 = VERTEX_POINT ( 'NONE', #3005 ) ;
#10542 = VECTOR ( 'NONE', #6007, 39.37007874015748100 ) ;
#10543 = ORIENTED_EDGE ( 'NONE', *, *, #9731, .F. ) ;
#10544 = CARTESIAN_POINT ( 'NONE',  ( -0.1397637795275590600, 0.3077060962964917600, 0.1513544460802586400 ) ) ;
#10545 = ORIENTED_EDGE ( 'NONE', *, *, #1820, .F. ) ;
#10546 = LENGTH_MEASURE_WITH_UNIT ( LENGTH_MEASURE( 0.02539999999999999900 ), #1555 );
#10547 = LINE ( 'NONE', #10131, #6044 ) ;
#10548 = FACE_OUTER_BOUND ( 'NONE', #2338, .T. ) ;
#10549 = VERTEX_POINT ( 'NONE', #7374 ) ;
#10550 = EDGE_LOOP ( 'NONE', ( #2656, #3131 ) ) ;
#10551 = AXIS2_PLACEMENT_3D ( 'NONE', #10339, #3484, #5274 ) ;
#10553 = CARTESIAN_POINT ( 'NONE',  ( 0.1973429421655729900, 0.0000000000000000000, 0.01726527026634040700 ) ) ;
#10552 = FACE_OUTER_BOUND ( 'NONE', #9488, .T. ) ;
#10554 = EDGE_CURVE ( 'NONE', #8010, #10144, #8175, .T. ) ;
#10555 = VERTEX_POINT ( 'NONE', #3866 ) ;
#10556 = DIRECTION ( 'NONE',  ( 0.0000000000000000000, -0.0000000000000000000, 1.000000000000000000 ) ) ;
#10557 = AXIS2_PLACEMENT_3D ( 'NONE', #4167, #760, #8299 ) ;
#10558 = VECTOR ( 'NONE', #6943, 39.37007874015748100 ) ;
#10559 = CARTESIAN_POINT ( 'NONE',  ( 0.2519685039370078700, -0.1324212598425196500, 0.01499999999999999900 ) ) ;
#10560 = ADVANCED_FACE ( 'NONE', ( #7109 ), #6300, .T. ) ;
#10561 = PRESENTATION_STYLE_ASSIGNMENT (( #1007 ) ) ;
#10562 = DIRECTION ( 'NONE',  ( 1.000000000000000000, -1.458800866809831900E-016, 3.623343611582382000E-015 ) ) ;
#10563 = DIRECTION ( 'NONE',  ( -1.000000000000000000, 0.0000000000000000000, 3.453004075404071500E-015 ) ) ;
#10564 = PLANE ( 'NONE',  #4267 ) ;
#10565 = ORIENTED_EDGE ( 'NONE', *, *, #3025, .T. ) ;
#10566 = DIRECTION ( 'NONE',  ( 0.0000000000000000000, -0.8973227340149595400, -0.4413750231038431300 ) ) ;
#10567 = FACE_OUTER_BOUND ( 'NONE', #2342, .T. ) ;
#10568 = EDGE_CURVE ( 'NONE', #6588, #9262, #3888, .T. ) ;
#10569 = VECTOR ( 'NONE', #8617, 39.37007874015748100 ) ;
#10570 = CARTESIAN_POINT ( 'NONE',  ( 0.3124999999999999400, 0.2517928932188134800, 0.01499999999999994700 ) ) ;
#10571 = VECTOR ( 'NONE', #7107, 39.37007874015748100 ) ;
#10572 = CARTESIAN_POINT ( 'NONE',  ( -0.09724409448818897800, 0.1522291837916265600, 0.0000000000000000000 ) ) ;
#10573 = ADVANCED_FACE ( 'NONE', ( #6189 ), #9829, .T. ) ;
#10574 = VECTOR ( 'NONE', #10295, 39.37007874015748100 ) ;
#10575 = FACE_OUTER_BOUND ( 'NONE', #10874, .T. ) ;
#10576 = DIRECTION ( 'NONE',  ( -3.791200677927630300E-031, 1.000000000000000000, 3.469446951953613800E-015 ) ) ;
#10577 = PLANE ( 'NONE',  #8852 ) ;
#10578 = FACE_OUTER_BOUND ( 'NONE', #9098, .T. ) ;
#10579 = VECTOR ( 'NONE', #199, 39.37007874015748100 ) ;
#10580 = VERTEX_POINT ( 'NONE', #8197 ) ;
#10581 = VERTEX_POINT ( 'NONE', #1327 ) ;
#10582 = ORIENTED_EDGE ( 'NONE', *, *, #202, .T. ) ;
#10583 = EDGE_CURVE ( 'NONE', #6890, #809, #1759, .T. ) ;
#10584 = DIRECTION ( 'NONE',  ( -2.624658916540832800E-015, 0.7071067811865485700, -0.7071067811865464600 ) ) ;
#10585 = AXIS2_PLACEMENT_3D ( 'NONE', #8128, #9018, #6518 ) ;
#10586 = VECTOR ( 'NONE', #5518, 39.37007874015748100 ) ;
#10587 = LINE ( 'NONE', #8401, #10340 ) ;
#10588 = CARTESIAN_POINT ( 'NONE',  ( -0.2975000000000010400, -0.2517928932188134300, 0.3026850393700776800 ) ) ;
#10589 = EDGE_CURVE ( 'NONE', #6656, #5404, #1626, .T. ) ;
#10590 = LINE ( 'NONE', #9525, #2740 ) ;
#10591 = CARTESIAN_POINT ( 'NONE',  ( -0.9786058776227792900, -0.2675000000000001800, 0.6900912614787635400 ) ) ;
#10592 = CLOSED_SHELL ( 'NONE', ( #2494, #7217, #9332, #4186, #5856, #9572 ) ) ;
#10593 = ORIENTED_EDGE ( 'NONE', *, *, #6470, .F. ) ;
#10594 = ORIENTED_EDGE ( 'NONE', *, *, #2222, .F. ) ;
#10595 = CARTESIAN_POINT ( 'NONE',  ( 0.2975000000000022600, 0.1087205899187654700, 0.7879635790510846100 ) ) ;
#10596 = EDGE_LOOP ( 'NONE', ( #1684, #7214, #416, #4617 ) ) ;
#10597 = ORIENTED_EDGE ( 'NONE', *, *, #2716, .F. ) ;
#10598 = CIRCLE ( 'NONE', #9275, 0.06790100862076549300 ) ;
#10599 = EDGE_LOOP ( 'NONE', ( #2392, #2406, #727, #3010 ) ) ;
#10600 = LINE ( 'NONE', #5198, #2070 ) ;
#10601 =( GEOMETRIC_REPRESENTATION_CONTEXT ( 3 ) GLOBAL_UNCERTAINTY_ASSIGNED_CONTEXT ( ( #4050 ) ) GLOBAL_UNIT_ASSIGNED_CONTEXT ( ( #1411, #8248, #4957 ) ) REPRESENTATION_CONTEXT ( 'NONE', 'WORKASPACE' ) );
#10602 = CARTESIAN_POINT ( 'NONE',  ( 0.2975000000000026000, 0.1504527559054929500, -5.163216250112195900E-015 ) ) ;
#10603 = ORIENTED_EDGE ( 'NONE', *, *, #6803, .T. ) ;
#10604 = DIRECTION ( 'NONE',  ( 2.383254761742044200E-016, 3.469446951953613800E-015, -1.000000000000000000 ) ) ;
#10605 = ORIENTED_EDGE ( 'NONE', *, *, #9011, .T. ) ;
#10606 = VERTEX_POINT ( 'NONE', #2219 ) ;
#10607 = CARTESIAN_POINT ( 'NONE',  ( 0.2816278565449311100, -0.2525000000000000600, 0.02484251968503935600 ) ) ;
#10608 = ORIENTED_EDGE ( 'NONE', *, *, #2160, .T. ) ;
#10609 = SURFACE_SIDE_STYLE ('',( #2435 ) ) ;
#10610 = ORIENTED_EDGE ( 'NONE', *, *, #10641, .F. ) ;
#10611 = FACE_OUTER_BOUND ( 'NONE', #6229, .T. ) ;
#10612 = CARTESIAN_POINT ( 'NONE',  ( -0.2519685039370078700, 0.06541338582677166900, 0.01499999999999999900 ) ) ;
#10613 = ORIENTED_EDGE ( 'NONE', *, *, #7164, .T. ) ;
#10614 = ADVANCED_FACE ( 'NONE', ( #6550 ), #8433, .F. ) ;
#10615 = VERTEX_POINT ( 'NONE', #4180 ) ;
#10616 = VERTEX_POINT ( 'NONE', #1596 ) ;
#10617 = AXIS2_PLACEMENT_3D ( 'NONE', #5813, #586, #3112 ) ;
#10618 = DIRECTION ( 'NONE',  ( 0.0000000000000000000, 1.000000000000000000, -0.0000000000000000000 ) ) ;
#10619 = ORIENTED_EDGE ( 'NONE', *, *, #2122, .T. ) ;
#10620 = CARTESIAN_POINT ( 'NONE',  ( 0.2500000000000000000, -0.1174558555784520800, 0.03468503937007873200 ) ) ;
#10621 = CARTESIAN_POINT ( 'NONE',  ( -0.2975000000000024800, -0.2019842793760456800, 0.7479635790510822400 ) ) ;
#10622 = AXIS2_PLACEMENT_3D ( 'NONE', #137, #7793, #4139 ) ;
#10623 = VECTOR ( 'NONE', #2381, 39.37007874015748100 ) ;
#10624 = VERTEX_POINT ( 'NONE', #691 ) ;
#10625 = ADVANCED_FACE ( 'NONE', ( #5635 ), #7455, .T. ) ;
#10626 = EDGE_CURVE ( 'NONE', #4606, #7212, #1098, .T. ) ;
#10627 = CIRCLE ( 'NONE', #1578, 0.009842519685039378600 ) ;
#10628 = ORIENTED_EDGE ( 'NONE', *, *, #664, .F. ) ;
#10629 = PLANE ( 'NONE',  #7821 ) ;
#10630 = PLANE ( 'NONE',  #9833 ) ;
#10631 = EDGE_CURVE ( 'NONE', #6347, #10976, #3364, .T. ) ;
#10632 = DIRECTION ( 'NONE',  ( 0.0000000000000000000, 0.0000000000000000000, -1.000000000000000000 ) ) ;
#10633 = ORIENTED_EDGE ( 'NONE', *, *, #9203, .T. ) ;
#10634 = ORIENTED_EDGE ( 'NONE', *, *, #3080, .F. ) ;
#10635 = DIRECTION ( 'NONE',  ( -0.0000000000000000000, -1.000000000000000000, -0.0000000000000000000 ) ) ;
#10636 = DIRECTION ( 'NONE',  ( -1.000000000000000000, -0.0000000000000000000, 3.453004075404071100E-015 ) ) ;
#10637 = FACE_OUTER_BOUND ( 'NONE', #3467, .T. ) ;
#10638 = ORIENTED_EDGE ( 'NONE', *, *, #8765, .F. ) ;
#10639 = DIRECTION ( 'NONE',  ( 1.000000000000000000, -0.0000000000000000000, -0.0000000000000000000 ) ) ;
#10640 = ORIENTED_EDGE ( 'NONE', *, *, #7317, .F. ) ;
#10641 = EDGE_CURVE ( 'NONE', #10423, #1456, #6836, .T. ) ;
#10642 = DIRECTION ( 'NONE',  ( 1.000000000000000000, -0.0000000000000000000, 0.0000000000000000000 ) ) ;
#10643 = PLANE ( 'NONE',  #10832 ) ;
#10644 = ORIENTED_EDGE ( 'NONE', *, *, #10685, .F. ) ;
#10645 = CARTESIAN_POINT ( 'NONE',  ( 0.08484251968503923900, -0.3855000000000022300, 0.6681574803149612500 ) ) ;
#10646 = FACE_OUTER_BOUND ( 'NONE', #550, .T. ) ;
#10647 = ORIENTED_EDGE ( 'NONE', *, *, #8215, .T. ) ;
#10648 = EDGE_CURVE ( 'NONE', #8907, #3967, #9880, .T. ) ;
#10649 = DIRECTION ( 'NONE',  ( 0.0000000000000000000, -0.4413750231038433600, 0.8973227340149595400 ) ) ;
#10650 = CLOSED_SHELL ( 'NONE', ( #2700, #3162, #4202, #9989, #9614, #10897, #4266, #5275, #3336, #548, #4867, #4024, #10780, #9628, #8925, #3171, #2312, #9283, #4493, #1031, #1909, #8821, #8719, #1386, #1089, #8352, #6654, #9844, #8225, #5814, #4925, #1192, #5915, #4542, #763, #3658, #4594, #6828, #2231, #205, #2163, #308, #4645, #3817, #4068, #6490, #6275, #509, #136, #5742, #2968, #7494, #10424, #6596, #4656, #2855, #3644, #5871, #9895, #253, #2547, #9164, #8337, #1189, #1679, #347, #3609, #8505, #9526, #3011, #10222, #2114, #9444, #10768, #2806, #5658, #9978, #499, #3541, #4145, #7118, #8444, #10836, #7424, #5344, #6145, #8275, #4911, #3357, #6195, #8526, #1497, #3024, #559, #4694, #10925, #10806, #1620, #6327, #9943, #8026, #8631, #10715, #6706, #5498, #8322, #4442, #4103, #1868, #8259, #9387, #10176, #1856, #7441, #7595, #7540, #818, #8914, #4457, #5084, #443, #6440, #3474, #8399, #10870, #9581, #7069, #1483, #1078, #5756, #3186, #830, #9099, #4508, #3746, #9772, #8075, #4955, #191, #7325, #10516, #7651, #7188, #5332, #3802, #5452, #1731, #1296, #9511, #10657, #263, #1440 ) ) ;
#10651 = EDGE_CURVE ( 'NONE', #9175, #828, #38, .T. ) ;
#10652 = AXIS2_PLACEMENT_3D ( 'NONE', #782, #4272, #822 ) ;
#10653 = ORIENTED_EDGE ( 'NONE', *, *, #5186, .T. ) ;
#10654 = DIRECTION ( 'NONE',  ( 0.0000000000000000000, 0.0000000000000000000, 1.000000000000000000 ) ) ;
#10655 = FACE_OUTER_BOUND ( 'NONE', #3046, .T. ) ;
#10656 = ORIENTED_EDGE ( 'NONE', *, *, #7291, .F. ) ;
#10657 = ADVANCED_FACE ( 'NONE', ( #9359 ), #2437, .F. ) ;
#10658 = LINE ( 'NONE', #9188, #6411 ) ;
#10659 = EDGE_CURVE ( 'NONE', #2539, #2208, #4818, .T. ) ;
#10660 = DIRECTION ( 'NONE',  ( 1.000000000000000000, 7.400031521858132100E-030, 3.623343611582458500E-015 ) ) ;
#10661 = CARTESIAN_POINT ( 'NONE',  ( -0.1397637795275590600, 0.1522291837916265600, 0.4674415849128674100 ) ) ;
#10662 = ORIENTED_EDGE ( 'NONE', *, *, #10231, .T. ) ;
#10663 = CARTESIAN_POINT ( 'NONE',  ( -0.09980314960629924100, -0.2497393201453811900, 0.01499999999999999900 ) ) ;
#10664 = SURFACE_STYLE_FILL_AREA ( #5652 ) ;
#10665 = CARTESIAN_POINT ( 'NONE',  ( 0.08011811023622049400, -0.1855660917989245300, 0.8122440944881890200 ) ) ;
#10666 = EDGE_LOOP ( 'NONE', ( #5416, #8129, #4373, #114 ) ) ;
#10667 = DIRECTION ( 'NONE',  ( -1.000000000000000000, 1.458800866809831600E-016, -3.623343611582382000E-015 ) ) ;
#10668 = DIRECTION ( 'NONE',  ( 0.0000000000000000000, -3.469446951953613800E-015, 1.000000000000000000 ) ) ;
#10669 = VECTOR ( 'NONE', #9797, 39.37007874015748100 ) ;
#10670 = ORIENTED_EDGE ( 'NONE', *, *, #4107, .F. ) ;
#10671 = DIMENSIONAL_EXPONENTS ( 1.000000000000000000, 0.0000000000000000000, 0.0000000000000000000, 0.0000000000000000000, 0.0000000000000000000, 0.0000000000000000000, 0.0000000000000000000 ) ;
#10672 = CARTESIAN_POINT ( 'NONE',  ( -0.2445122359226496700, -0.3775000000000015600, 0.4729474459236632800 ) ) ;
#10673 = DIRECTION ( 'NONE',  ( 1.000000000000000000, -3.791200677927630300E-031, 0.0000000000000000000 ) ) ;
#10674 = LINE ( 'NONE', #1051, #6562 ) ;
#10675 = LINE ( 'NONE', #1941, #4574 ) ;
#10676 = CARTESIAN_POINT ( 'NONE',  ( -0.1751181102362205100, -0.1174558555784520600, 0.8122440944881890200 ) ) ;
#10677 = CARTESIAN_POINT ( 'NONE',  ( 0.03031496062992127300, 0.0000000000000000000, 0.0000000000000000000 ) ) ;
#10678 = VECTOR ( 'NONE', #10632, 39.37007874015748100 ) ;
#10679 =( CONVERSION_BASED_UNIT ( 'INCH', #873 ) LENGTH_UNIT ( ) NAMED_UNIT ( #1697 ) );
#10680 = LINE ( 'NONE', #2422, #7361 ) ;
#10681 = CARTESIAN_POINT ( 'NONE',  ( 0.2975000000000022600, 0.02872058991876547500, 0.7879635790510846100 ) ) ;
#10682 = CARTESIAN_POINT ( 'NONE',  ( -0.3065944881889773300, -0.2438779527559034600, 0.2810314960631515300 ) ) ;
#10683 = FACE_OUTER_BOUND ( 'NONE', #6113, .T. ) ;
#10684 = FACE_BOUND ( 'NONE', #334, .T. ) ;
#10685 = EDGE_CURVE ( 'NONE', #9566, #7971, #2264, .T. ) ;
#10686 = SURFACE_STYLE_FILL_AREA ( #10760 ) ;
#10687 = DIRECTION ( 'NONE',  ( 1.000000000000000000, -1.036724799359237700E-029, 0.0000000000000000000 ) ) ;
#10688 = EDGE_CURVE ( 'NONE', #9574, #6887, #10547, .T. ) ;
#10689 = DIRECTION ( 'NONE',  ( 5.204170427930380300E-015, 0.0000000000000000000, 1.000000000000000000 ) ) ;
#10690 = ORIENTED_EDGE ( 'NONE', *, *, #1631, .T. ) ;
#10691 = DIRECTION ( 'NONE',  ( 0.5773502691896259500, -0.5773502691896259500, -0.5773502691896251800 ) ) ;
#10692 = VECTOR ( 'NONE', #1671, 39.37007874015748100 ) ;
#10693 = CIRCLE ( 'NONE', #2415, 0.009842519685039378600 ) ;
#10694 = FACE_OUTER_BOUND ( 'NONE', #368, .T. ) ;
#10695 = CARTESIAN_POINT ( 'NONE',  ( -0.01220472440944881700, 0.1522291837916265600, 0.0000000000000000000 ) ) ;
#10696 = EDGE_LOOP ( 'NONE', ( #1776, #5271, #3190, #4917 ) ) ;
#10697 = CARTESIAN_POINT ( 'NONE',  ( 0.2717853368598917600, -0.2675000000000027900, 0.8101574803149641500 ) ) ;
#10698 = FACE_OUTER_BOUND ( 'NONE', #7679, .T. ) ;
#10699 = CARTESIAN_POINT ( 'NONE',  ( 0.1945112714942015500, -0.01332677165354329200, 0.04963141414431022900 ) ) ;
#10700 = EDGE_CURVE ( 'NONE', #4583, #7462, #10447, .T. ) ;
#10701 = EDGE_CURVE ( 'NONE', #3550, #1812, #10181, .T. ) ;
#10702 = CARTESIAN_POINT ( 'NONE',  ( -0.2975000000000001000, 0.2525000000000000600, 0.01499999999999999900 ) ) ;
#10703 = DIRECTION ( 'NONE',  ( -1.000000000000000000, 1.458800866809831600E-016, -3.623343611582382000E-015 ) ) ;
#10704 = LINE ( 'NONE', #1228, #10586 ) ;
#10705 = DIRECTION ( 'NONE',  ( 1.000000000000000000, -3.491481338843133700E-015, 1.129733051779976200E-029 ) ) ;
#10706 = CARTESIAN_POINT ( 'NONE',  ( -0.2975000000000001000, -0.2524999999999998400, 0.01499999999999999900 ) ) ;
#10707 = CARTESIAN_POINT ( 'NONE',  ( -0.2975000000000042100, -0.2837499999999976200, 0.2837499999999975600 ) ) ;
#10708 = VECTOR ( 'NONE', #6814, 39.37007874015748100 ) ;
#10709 = ORIENTED_EDGE ( 'NONE', *, *, #978, .F. ) ;
#10710 = ORIENTED_EDGE ( 'NONE', *, *, #7544, .T. ) ;
#10711 = ORIENTED_EDGE ( 'NONE', *, *, #3017, .T. ) ;
#10712 = EDGE_CURVE ( 'NONE', #9713, #1270, #4963, .T. ) ;
#10713 = PLANE ( 'NONE',  #7354 ) ;
#10714 = DIRECTION ( 'NONE',  ( 7.400031521858132100E-030, -1.000000000000000000, 2.526970158255047800E-044 ) ) ;
#10715 = ADVANCED_FACE ( 'NONE', ( #3764 ), #4056, .T. ) ;
#10716 = ORIENTED_EDGE ( 'NONE', *, *, #2334, .F. ) ;
#10717 = CARTESIAN_POINT ( 'NONE',  ( -0.2967928932188135200, 0.2525000000000000600, 0.01499999999999999900 ) ) ;
#10718 = AXIS2_PLACEMENT_3D ( 'NONE', #10572, #245, #5475 ) ;
#10719 = LINE ( 'NONE', #7159, #10475 ) ;
#10720 = CIRCLE ( 'NONE', #10291, 0.001968503937007828000 ) ;
#10721 = DIRECTION ( 'NONE',  ( 0.0000000000000000000, -0.4413750231038431300, 0.8973227340149595400 ) ) ;
#10722 = DIRECTION ( 'NONE',  ( -1.000000000000000000, 1.266221515311538300E-016, 0.0000000000000000000 ) ) ;
#10723 = EDGE_CURVE ( 'NONE', #426, #27, #7509, .T. ) ;
#10724 = ORIENTED_EDGE ( 'NONE', *, *, #3063, .T. ) ;
#10725 = CARTESIAN_POINT ( 'NONE',  ( -0.2966278565449311200, 0.04959782299446936800, 0.7740197545653726400 ) ) ;
#10726 = ORIENTED_EDGE ( 'NONE', *, *, #284, .T. ) ;
#10727 = VERTEX_POINT ( 'NONE', #6822 ) ;
#10728 = ORIENTED_EDGE ( 'NONE', *, *, #7283, .T. ) ;
#10729 = VERTEX_POINT ( 'NONE', #8394 ) ;
#10730 = CARTESIAN_POINT ( 'NONE',  ( -0.03188976377952755500, 0.004804859663680982400, 0.8122440944881890200 ) ) ;
#10731 = ADVANCED_FACE ( 'NONE', ( #6698 ), #5246, .T. ) ;
#10732 = CIRCLE ( 'NONE', #1070, 0.004999999999999946300 ) ;
#10734 = EDGE_CURVE ( 'NONE', #10079, #7330, #2840, .T. ) ;
#10733 = ORIENTED_EDGE ( 'NONE', *, *, #10993, .F. ) ;
#10735 = LINE ( 'NONE', #6704, #3948 ) ;
#10736 = PLANE ( 'NONE',  #1352 ) ;
#10737 = ORIENTED_EDGE ( 'NONE', *, *, #1946, .F. ) ;
#10738 = DIRECTION ( 'NONE',  ( 0.0000000000000000000, -0.4413750231038433600, 0.8973227340149595400 ) ) ;
#10739 = ORIENTED_EDGE ( 'NONE', *, *, #1299, .F. ) ;
#10740 = ORIENTED_EDGE ( 'NONE', *, *, #5014, .T. ) ;
#10741 = DIRECTION ( 'NONE',  ( -0.0000000000000000000, 1.000000000000000000, 0.0000000000000000000 ) ) ;
#10742 = VERTEX_POINT ( 'NONE', #934 ) ;
#10743 = AXIS2_PLACEMENT_3D ( 'NONE', #717, #5049, #10922 ) ;
#10744 = DIRECTION ( 'NONE',  ( -1.458800866809812400E-016, -1.000000000000000000, -5.316972882242442600E-016 ) ) ;
#10745 = LINE ( 'NONE', #2378, #7716 ) ;
#10746 = ORIENTED_EDGE ( 'NONE', *, *, #6373, .F. ) ;
#10747 = CARTESIAN_POINT ( 'NONE',  ( 0.2816278565449309400, -0.2515000000000000000, 0.7163187439931628700 ) ) ;
#10748 = CARTESIAN_POINT ( 'NONE',  ( -0.2486744556699771700, -0.01332677165354322400, 0.05437007874015750700 ) ) ;
#10749 = LINE ( 'NONE', #7546, #5696 ) ;
#10750 = ORIENTED_EDGE ( 'NONE', *, *, #7834, .T. ) ;
#10751 = CARTESIAN_POINT ( 'NONE',  ( 0.3125000000000026100, 0.1469172219995819600, 0.7214882898114463000 ) ) ;
#10752 = DIRECTION ( 'NONE',  ( 0.0000000000000000000, 0.0000000000000000000, -1.000000000000000000 ) ) ;
#10753 = ORIENTED_EDGE ( 'NONE', *, *, #592, .T. ) ;
#10754 = CARTESIAN_POINT ( 'NONE',  ( 0.3125000000000023900, -0.1219842793760456800, 0.7479635790510845700 ) ) ;
#10755 = DIRECTION ( 'NONE',  ( -1.000000000000000000, 0.0000000000000000000, 0.0000000000000000000 ) ) ;
#10756 = AXIS2_PLACEMENT_3D ( 'NONE', #3688, #5443, #2962 ) ;
#10757 = VECTOR ( 'NONE', #9961, 39.37007874015748100 ) ;
#10758 = ORIENTED_EDGE ( 'NONE', *, *, #6868, .T. ) ;
#10759 = EDGE_CURVE ( 'NONE', #9048, #10999, #6847, .T. ) ;
#10760 = FILL_AREA_STYLE ('',( #9206 ) ) ;
#10761 = AXIS2_PLACEMENT_3D ( 'NONE', #230, #6201, #9632 ) ;
#10762 = CARTESIAN_POINT ( 'NONE',  ( -0.1151574803149606800, -0.2525000000000000600, 0.6681574803149606900 ) ) ;
#10763 = VECTOR ( 'NONE', #6228, 39.37007874015748100 ) ;
#10764 = VECTOR ( 'NONE', #5349, 39.37007874015748900 ) ;
#10766 = AXIS2_PLACEMENT_3D ( 'NONE', #10612, #9830, #6379 ) ;
#10765 = DIRECTION ( 'NONE',  ( 0.0000000000000000000, -1.000000000000000000, 0.0000000000000000000 ) ) ;
#10767 =( CONVERSION_BASED_UNIT ( 'INCH', #511 ) LENGTH_UNIT ( ) NAMED_UNIT ( #5766 ) );
#10768 = ADVANCED_FACE ( 'NONE', ( #10812 ), #975, .T. ) ;
#10769 = CARTESIAN_POINT ( 'NONE',  ( 0.1651574803149606600, -0.3855000000000022300, 0.6681574803149611400 ) ) ;
#10770 = EDGE_CURVE ( 'NONE', #7422, #8314, #2416, .T. ) ;
#10771 = VERTEX_POINT ( 'NONE', #6012 ) ;
#10772 = EDGE_CURVE ( 'NONE', #450, #10367, #1489, .T. ) ;
#10773 = DIRECTION ( 'NONE',  ( 0.0000000000000000000, 0.0000000000000000000, -1.000000000000000000 ) ) ;
#10774 = FACE_OUTER_BOUND ( 'NONE', #7564, .T. ) ;
#10775 = ORIENTED_EDGE ( 'NONE', *, *, #10249, .F. ) ;
#10776 = CARTESIAN_POINT ( 'NONE',  ( -0.2519685039370078700, 0.06541338582677166900, 0.0000000000000000000 ) ) ;
#10777 = CARTESIAN_POINT ( 'NONE',  ( 0.2054877304056738900, -0.3275000000000012900, 0.4930370533388128700 ) ) ;
#10778 = DIRECTION ( 'NONE',  ( -0.0000000000000000000, 1.000000000000000000, 2.551844114882811400E-016 ) ) ;
#10779 = ORIENTED_EDGE ( 'NONE', *, *, #11023, .T. ) ;
#10780 = ADVANCED_FACE ( 'NONE', ( #5503 ), #4, .T. ) ;
#10781 = CARTESIAN_POINT ( 'NONE',  ( -0.1169291338582677000, 0.3077060962964917600, 0.1513544460802586400 ) ) ;
#10782 = DIRECTION ( 'NONE',  ( -1.000000000000000000, 0.0000000000000000000, 0.0000000000000000000 ) ) ;
#10783 = VECTOR ( 'NONE', #4841, 39.37007874015748100 ) ;
#10784 = EDGE_LOOP ( 'NONE', ( #2886, #5561, #5431, #10862 ) ) ;
#10785 = EDGE_CURVE ( 'NONE', #9937, #2457, #4321, .T. ) ;
#10786 = DIRECTION ( 'NONE',  ( -0.0000000000000000000, 1.000000000000000000, -0.0000000000000000000 ) ) ;
#10787 = AXIS2_PLACEMENT_3D ( 'NONE', #10513, #1225, #6309 ) ;
#10788 = EDGE_LOOP ( 'NONE', ( #9654, #5948, #9141, #6975 ) ) ;
#10789 = VECTOR ( 'NONE', #4791, 39.37007874015748100 ) ;
#10790 = EDGE_CURVE ( 'NONE', #1144, #6832, #10029, .T. ) ;
#10791 = DIRECTION ( 'NONE',  ( 0.0000000000000000000, -1.000000000000000000, 0.0000000000000000000 ) ) ;
#10792 = VERTEX_POINT ( 'NONE', #9422 ) ;
#10793 = VECTOR ( 'NONE', #10820, 39.37007874015748100 ) ;
#10794 = VERTEX_POINT ( 'NONE', #3349 ) ;
#10795 = CARTESIAN_POINT ( 'NONE',  ( -0.2975000000000023700, 0.2454289321881376600, 0.8349999999999999600 ) ) ;
#10796 = LINE ( 'NONE', #3974, #6548 ) ;
#10797 = AXIS2_PLACEMENT_3D ( 'NONE', #10986, #3285, #1640 ) ;
#10798 = DIRECTION ( 'NONE',  ( -0.0000000000000000000, 1.000000000000000000, -8.628769876621049200E-015 ) ) ;
#10799 = LINE ( 'NONE', #3307, #8583 ) ;
#10800 = DIRECTION ( 'NONE',  ( 0.0000000000000000000, -0.4413750231038431300, 0.8973227340149595400 ) ) ;
#10801 = PRESENTATION_STYLE_ASSIGNMENT (( #5557 ) ) ;
#10802 = CARTESIAN_POINT ( 'NONE',  ( 0.2054877305345533300, -0.3292332339593324600, 0.4969796587930384600 ) ) ;
#10803 = VECTOR ( 'NONE', #4942, 39.37007874015748100 ) ;
#10804 = ORIENTED_EDGE ( 'NONE', *, *, #10319, .F. ) ;
#10805 = VECTOR ( 'NONE', #1194, 39.37007874015748100 ) ;
#10806 = ADVANCED_FACE ( 'NONE', ( #1900 ), #7733, .T. ) ;
#10807 = ORIENTED_EDGE ( 'NONE', *, *, #9916, .F. ) ;
#10808 = CARTESIAN_POINT ( 'NONE',  ( -0.2054877261536933200, -0.3274999999990008100, 0.3629629479367024200 ) ) ;
#10809 = CARTESIAN_POINT ( 'NONE',  ( -0.3125000000000025000, 0.02872058991876547500, 0.7479635790510822400 ) ) ;
#10810 = FACE_OUTER_BOUND ( 'NONE', #10379, .T. ) ;
#10811 = LINE ( 'NONE', #1160, #4174 ) ;
#10813 = CARTESIAN_POINT ( 'NONE',  ( 0.2519685039370078700, -0.1324212598425196500, -0.0000000000000000000 ) ) ;
#10812 = FACE_OUTER_BOUND ( 'NONE', #2203, .T. ) ;
#10814 = AXIS2_PLACEMENT_3D ( 'NONE', #3193, #5852, #7537 ) ;
#10815 = CARTESIAN_POINT ( 'NONE',  ( 0.3125000000000022800, 0.02872058991876547500, 0.7879635790510846100 ) ) ;
#10816 = VECTOR ( 'NONE', #10668, 39.37007874015748100 ) ;
#10817 = DIRECTION ( 'NONE',  ( 0.0000000000000000000, 0.0000000000000000000, 1.000000000000000000 ) ) ;
#10818 = VERTEX_POINT ( 'NONE', #4223 ) ;
#10819 = DIRECTION ( 'NONE',  ( -1.458800866809908800E-016, 1.000000000000000000, -2.126789152896974300E-015 ) ) ;
#10820 = DIRECTION ( 'NONE',  ( -3.498098040667654100E-015, 0.0000000000000000000, 1.000000000000000000 ) ) ;
#10821 = AXIS2_PLACEMENT_3D ( 'NONE', #4806, #9907, #9649 ) ;
#10822 = DIRECTION ( 'NONE',  ( 1.000000000000000000, -1.458800866809831900E-016, 3.623343611582382000E-015 ) ) ;
#10823 = ADVANCED_FACE ( 'NONE', ( #2149 ), #2560, .F. ) ;
#10824 = MANIFOLD_SOLID_BREP ( 'Mirror8[2]', #9493 ) ;
#10825 = VECTOR ( 'NONE', #5730, 39.37007874015748100 ) ;
#10826 = CARTESIAN_POINT ( 'NONE',  ( 0.0000000000000000000, 0.2426574803149607300, 0.8199999999999999500 ) ) ;
#10827 = LINE ( 'NONE', #3668, #1123 ) ;
#10828 = CARTESIAN_POINT ( 'NONE',  ( 0.03031496062992127300, 0.0000000000000000000, 0.8122440944881890200 ) ) ;
#10829 = FACE_OUTER_BOUND ( 'NONE', #518, .T. ) ;
#10831 = ORIENTED_EDGE ( 'NONE', *, *, #6248, .F. ) ;
#10830 = DIRECTION ( 'NONE',  ( 2.979517754969636500E-029, -1.000000000000000000, 8.628769876621049200E-015 ) ) ;
#10832 = AXIS2_PLACEMENT_3D ( 'NONE', #5565, #1301, #3014 ) ;
#10833 = VECTOR ( 'NONE', #3044, 39.37007874015748100 ) ;
#10834 = EDGE_CURVE ( 'NONE', #6149, #4231, #8595, .T. ) ;
#10835 = DIRECTION ( 'NONE',  ( -1.000000000000000000, 0.0000000000000000000, 0.0000000000000000000 ) ) ;
#10836 = ADVANCED_FACE ( 'NONE', ( #8307 ), #9381, .T. ) ;
#10837 = COLOUR_RGB ( '',0.7921568627450980000, 0.8196078431372548800, 0.9333333333333333500 ) ;
#10838 = ORIENTED_EDGE ( 'NONE', *, *, #573, .F. ) ;
#10839 = EDGE_CURVE ( 'NONE', #5799, #10541, #4576, .T. ) ;
#10840 = CARTESIAN_POINT ( 'NONE',  ( -0.2249999999999999800, -0.3625000000000013800, 0.4279999999999999400 ) ) ;
#10841 = DIRECTION ( 'NONE',  ( 0.0000000000000000000, -0.0000000000000000000, 1.000000000000000000 ) ) ;
#10842 = ORIENTED_EDGE ( 'NONE', *, *, #7189, .T. ) ;
#10843 = VERTEX_POINT ( 'NONE', #7224 ) ;
#10844 = ORIENTED_EDGE ( 'NONE', *, *, #9241, .T. ) ;
#10845 = PLANE ( 'NONE',  #7553 ) ;
#10846 = LINE ( 'NONE', #5665, #8625 ) ;
#10847 = LINE ( 'NONE', #4878, #7015 ) ;
#10848 =( NAMED_UNIT ( * ) PLANE_ANGLE_UNIT ( ) SI_UNIT ( $, .RADIAN. ) );
#10849 = AXIS2_PLACEMENT_3D ( 'NONE', #40, #3431, #9378 ) ;
#10850 = CARTESIAN_POINT ( 'NONE',  ( -0.1397637795275590600, 0.3077060962964917600, 0.1513544460802586400 ) ) ;
#10851 = CLOSED_SHELL ( 'NONE', ( #11045, #5392, #8178, #2426, #6809, #6758, #10984, #4376, #10625, #7982 ) ) ;
#10852 = ORIENTED_EDGE ( 'NONE', *, *, #735, .T. ) ;
#10853 = VERTEX_POINT ( 'NONE', #10534 ) ;
#10854 = EDGE_CURVE ( 'NONE', #9727, #4619, #9235, .T. ) ;
#10855 = DIRECTION ( 'NONE',  ( -3.791200677927629800E-031, -1.000000000000000000, -3.469446951953614200E-015 ) ) ;
#10856 = DIRECTION ( 'NONE',  ( -1.000000000000000000, -0.0000000000000000000, -0.0000000000000000000 ) ) ;
#10857 = ORIENTED_EDGE ( 'NONE', *, *, #5849, .T. ) ;
#10858 = ORIENTED_EDGE ( 'NONE', *, *, #4447, .T. ) ;
#10859 = CARTESIAN_POINT ( 'NONE',  ( -0.2975000000000024300, 0.2454289321881376100, 0.8199999999999999500 ) ) ;
#10860 = CARTESIAN_POINT ( 'NONE',  ( -0.01515748031496071300, -0.3855000000000022300, 0.6681574803149612500 ) ) ;
#10861 = CONICAL_SURFACE ( 'NONE', #6412, 0.06400002813435827500, 0.1973955598498808300 ) ;
#10862 = ORIENTED_EDGE ( 'NONE', *, *, #9203, .F. ) ;
#10863 = FACE_OUTER_BOUND ( 'NONE', #2335, .T. ) ;
#10864 = EDGE_CURVE ( 'NONE', #1016, #10091, #4177, .T. ) ;
#10865 = CARTESIAN_POINT ( 'NONE',  ( 0.2486744556699771700, -0.01332677165354329200, 0.01500000000000001900 ) ) ;
#10866 = ORIENTED_EDGE ( 'NONE', *, *, #5063, .T. ) ;
#10867 =( NAMED_UNIT ( * ) PLANE_ANGLE_UNIT ( ) SI_UNIT ( $, .RADIAN. ) );
#10868 = EDGE_LOOP ( 'NONE', ( #4742, #10489, #139, #6120 ) ) ;
#10869 = ORIENTED_EDGE ( 'NONE', *, *, #1029, .F. ) ;
#10870 = ADVANCED_FACE ( 'NONE', ( #8731, #2279, #8974 ), #9708, .F. ) ;
#10871 = ORIENTED_EDGE ( 'NONE', *, *, #2957, .F. ) ;
#10872 = CARTESIAN_POINT ( 'NONE',  ( 0.3016278565449309600, 0.1454527559055146800, 0.7163187439931625300 ) ) ;
#10873 = CARTESIAN_POINT ( 'NONE',  ( 0.3065944881889773300, -0.2438779527559035200, 0.2849685039370066800 ) ) ;
#10874 = EDGE_LOOP ( 'NONE', ( #9284, #7962, #7858, #3693 ) ) ;
#10875 = VECTOR ( 'NONE', #1491, 39.37007874015748100 ) ;
#10876 = EDGE_CURVE ( 'NONE', #4059, #8025, #8859, .T. ) ;
#10877 = AXIS2_PLACEMENT_3D ( 'NONE', #2073, #8946, #7258 ) ;
#10878 = EDGE_LOOP ( 'NONE', ( #1268, #5878, #3628, #1470 ) ) ;
#10879 = ORIENTED_EDGE ( 'NONE', *, *, #7086, .F. ) ;
#10880 = VERTEX_POINT ( 'NONE', #7195 ) ;
#10881 = ORIENTED_EDGE ( 'NONE', *, *, #1608, .T. ) ;
#10882 = EDGE_CURVE ( 'NONE', #7445, #4357, #7238, .T. ) ;
#10883 = ORIENTED_EDGE ( 'NONE', *, *, #6393, .T. ) ;
#10884 = CARTESIAN_POINT ( 'NONE',  ( 0.2966278565449311200, 0.04959782299446936800, 0.7740197545653726400 ) ) ;
#10885 = CARTESIAN_POINT ( 'NONE',  ( -0.2967928932188135200, 0.2525000000000029400, 0.8349999999999999600 ) ) ;
#10886 = ADVANCED_FACE ( 'NONE', ( #53 ), #10564, .F. ) ;
#10887 = DIRECTION ( 'NONE',  ( 0.0000000000000000000, 1.000000000000000000, 0.0000000000000000000 ) ) ;
#10888 = VECTOR ( 'NONE', #148, 39.37007874015748100 ) ;
#10889 = ORIENTED_EDGE ( 'NONE', *, *, #5716, .T. ) ;
#10890 = AXIS2_PLACEMENT_3D ( 'NONE', #116, #3709, #8699 ) ;
#10891 = FILL_AREA_STYLE ('',( #4005 ) ) ;
#10892 = CARTESIAN_POINT ( 'NONE',  ( -0.1397637795275590600, -0.01737224260835761400, 0.8122440944881890200 ) ) ;
#10893 = DIRECTION ( 'NONE',  ( -1.000000000000000000, 0.0000000000000000000, -0.0000000000000000000 ) ) ;
#10894 = DIRECTION ( 'NONE',  ( 1.000000000000000000, 0.0000000000000000000, 0.0000000000000000000 ) ) ;
#10895 = CARTESIAN_POINT ( 'NONE',  ( -0.2975000000000023200, 0.2675000000000029000, 0.8199999999999999500 ) ) ;
#10896 = DIRECTION ( 'NONE',  ( 1.000000000000000000, 0.0000000000000000000, 0.0000000000000000000 ) ) ;
#10897 = ADVANCED_FACE ( 'NONE', ( #4453 ), #4582, .T. ) ;
#10898 = DIRECTION ( 'NONE',  ( 0.0000000000000000000, -3.469446951953613800E-015, 1.000000000000000000 ) ) ;
#10899 = VECTOR ( 'NONE', #10800, 39.37007874015748100 ) ;
#10900 = ORIENTED_EDGE ( 'NONE', *, *, #7359, .T. ) ;
#10901 = MANIFOLD_SOLID_BREP ( 'Boss-Extrude4[1]', #3554 ) ;
#10902 = ORIENTED_EDGE ( 'NONE', *, *, #9225, .F. ) ;
#10903 = DIRECTION ( 'NONE',  ( 0.0000000000000000000, 1.000000000000000000, 0.0000000000000000000 ) ) ;
#10904 = DIRECTION ( 'NONE',  ( -0.0000000000000000000, 1.000000000000000000, -0.0000000000000000000 ) ) ;
#10905 = CARTESIAN_POINT ( 'NONE',  ( 0.3164370078740186800, -0.2514999999999986100, 0.2633149606299223200 ) ) ;
#10906 = CARTESIAN_POINT ( 'NONE',  ( 0.2054877259844296600, -0.3330012963335402500, 0.3577849330587635800 ) ) ;
#10907 = CARTESIAN_POINT ( 'NONE',  ( 0.2816278565449311100, -0.2675000000000027900, 0.8101574803149641500 ) ) ;
#10908 = ORIENTED_EDGE ( 'NONE', *, *, #8747, .T. ) ;
#10909 = EDGE_CURVE ( 'NONE', #2775, #9415, #1347, .T. ) ;
#10910 = PLANE ( 'NONE',  #910 ) ;
#10911 = CARTESIAN_POINT ( 'NONE',  ( -0.2967928932188133600, 0.2675000000000012400, 0.3396922742592157800 ) ) ;
#10912 = VECTOR ( 'NONE', #2453, 39.37007874015748100 ) ;
#10913 = VERTEX_POINT ( 'NONE', #401 ) ;
#10914 = VERTEX_POINT ( 'NONE', #3829 ) ;
#10915 = CARTESIAN_POINT ( 'NONE',  ( 0.2975000000000041500, -0.2872855339059313700, 0.2872855339059315300 ) ) ;
#10916 = EDGE_CURVE ( 'NONE', #9553, #10079, #10312, .T. ) ;
#10917 = ORIENTED_EDGE ( 'NONE', *, *, #393, .T. ) ;
#10919 = STYLED_ITEM ( 'NONE', ( #8253 ), #3736 ) ;
#10918 = DIRECTION ( 'NONE',  ( -0.0000000000000000000, 1.000000000000000000, 0.0000000000000000000 ) ) ;
#10920 = LINE ( 'NONE', #7388, #146 ) ;
#10921 = ORIENTED_EDGE ( 'NONE', *, *, #4653, .T. ) ;
#10922 = DIRECTION ( 'NONE',  ( 6.829619984160731600E-015, 0.0000000000000000000, 1.000000000000000000 ) ) ;
#10923 = EDGE_CURVE ( 'NONE', #5563, #9425, #3365, .T. ) ;
#10924 = EDGE_CURVE ( 'NONE', #3124, #5137, #7106, .T. ) ;
#10925 = ADVANCED_FACE ( 'NONE', ( #164 ), #4718, .F. ) ;
#10926 = ORIENTED_EDGE ( 'NONE', *, *, #5025, .F. ) ;
#10927 = DIRECTION ( 'NONE',  ( -0.0000000000000000000, 0.8973227340149595400, 0.4413750231038433600 ) ) ;
#10928 = CARTESIAN_POINT ( 'NONE',  ( -0.06515748031496067200, -0.2525000000000000600, 0.7878425196850393800 ) ) ;
#10929 = CARTESIAN_POINT ( 'NONE',  ( -0.1651574803149606400, -0.3855000000000026200, 0.7878425196850393800 ) ) ;
#10930 = ORIENTED_EDGE ( 'NONE', *, *, #7941, .T. ) ;
#10931 = LINE ( 'NONE', #10350, #5879 ) ;
#10932 = EDGE_LOOP ( 'NONE', ( #10277, #3256, #11028, #4216 ) ) ;
#10933 = DIRECTION ( 'NONE',  ( 6.982962677686265900E-015, -1.000000000000000000, 3.412622176065440100E-015 ) ) ;
#10934 = VECTOR ( 'NONE', #8387, 39.37007874015748100 ) ;
#10935 = DIRECTION ( 'NONE',  ( 0.0000000000000000000, 0.0000000000000000000, 1.000000000000000000 ) ) ;
#10936 = CARTESIAN_POINT ( 'NONE',  ( -0.2967928932188135200, 0.2675000000000029000, 0.8199999999999998400 ) ) ;
#10937 = CARTESIAN_POINT ( 'NONE',  ( -0.2696850393700787600, -0.1371408949485308200, 0.01499999999999999900 ) ) ;
#10938 = DIRECTION ( 'NONE',  ( 3.414809992080329900E-015, 0.0000000000000000000, 1.000000000000000000 ) ) ;
#10939 = EDGE_LOOP ( 'NONE', ( #1558, #4556, #2917, #10605 ) ) ;
#10940 = EDGE_CURVE ( 'NONE', #4132, #9472, #4944, .T. ) ;
#10941 = CARTESIAN_POINT ( 'NONE',  ( 0.2966278565449310100, -0.1811070463003417700, 0.7479635790510821300 ) ) ;
#10942 = ADVANCED_FACE ( 'NONE', ( #2946 ), #470, .F. ) ;
#10944 = CARTESIAN_POINT ( 'NONE',  ( -0.2445122359227436800, -0.3775000000000012200, 0.3670469609432726000 ) ) ;
#10943 = VECTOR ( 'NONE', #3466, 39.37007874015748100 ) ;
#10945 = VERTEX_POINT ( 'NONE', #10808 ) ;
#10946 = CARTESIAN_POINT ( 'NONE',  ( -0.2054877304142827000, -0.3275000000000012900, 0.4933004103912114700 ) ) ;
#10947 = FACE_OUTER_BOUND ( 'NONE', #3000, .T. ) ;
#10948 = EDGE_LOOP ( 'NONE', ( #8940, #3798, #6231, #3614 ) ) ;
#10949 = EDGE_CURVE ( 'NONE', #2466, #9023, #2014, .T. ) ;
#10950 = DIRECTION ( 'NONE',  ( 0.0000000000000000000, 0.0000000000000000000, -1.000000000000000000 ) ) ;
#10951 = VECTOR ( 'NONE', #9702, 39.37007874015748100 ) ;
#10952 = CARTESIAN_POINT ( 'NONE',  ( -1.431178255917679900E-031, -0.3774999999999999500, -1.362088444445136000E-015 ) ) ;
#10953 = FACE_OUTER_BOUND ( 'NONE', #8895, .T. ) ;
#10954 = VECTOR ( 'NONE', #8050, 39.37007874015748100 ) ;
#10955 = CARTESIAN_POINT ( 'NONE',  ( -0.2500000000000000000, -0.1174558555784520800, 0.03468503937007873200 ) ) ;
#10956 = AXIS2_PLACEMENT_3D ( 'NONE', #10116, #5011, #5872 ) ;
#10957 = CARTESIAN_POINT ( 'NONE',  ( 0.2054877304729031400, -0.3481569921139189800, 0.4950936921730762500 ) ) ;
#10958 = CARTESIAN_POINT ( 'NONE',  ( 0.2054877282796835100, -0.3275000000000013500, 0.4279999985457437200 ) ) ;
#10959 =( CONVERSION_BASED_UNIT ( 'INCH', #432 ) LENGTH_UNIT ( ) NAMED_UNIT ( #7687 ) );
#10960 = FACE_OUTER_BOUND ( 'NONE', #5314, .T. ) ;
#10961 = CARTESIAN_POINT ( 'NONE',  ( 0.2975000000000023700, 0.1087205899187654700, 0.7479635790510845700 ) ) ;
#10962 = FACE_OUTER_BOUND ( 'NONE', #9994, .T. ) ;
#10963 = CIRCLE ( 'NONE', #6927, 0.001968503937007828000 ) ;
#10964 = CARTESIAN_POINT ( 'NONE',  ( 0.08011811023622049400, -0.1855660917989245300, 0.03468503937007873200 ) ) ;
#10965 = VERTEX_POINT ( 'NONE', #8978 ) ;
#10966 = CARTESIAN_POINT ( 'NONE',  ( 0.2975000000000021500, 0.2675000000000032400, 0.3396922742592156100 ) ) ;
#10967 = LINE ( 'NONE', #3353, #1119 ) ;
#10968 = DIRECTION ( 'NONE',  ( -1.785730070130018400E-015, -1.000000000000000000, 0.0000000000000000000 ) ) ;
#10969 = LINE ( 'NONE', #9042, #6449 ) ;
#10970 = AXIS2_PLACEMENT_3D ( 'NONE', #7991, #4450, #7920 ) ;
#10971 =( NAMED_UNIT ( * ) PLANE_ANGLE_UNIT ( ) SI_UNIT ( $, .RADIAN. ) );
#10972 = CARTESIAN_POINT ( 'NONE',  ( -0.2975000000000001000, 0.0000000000000000000, 0.01499999999999999900 ) ) ;
#10973 = DIRECTION ( 'NONE',  ( 4.253578305793948600E-015, -2.126789152896974300E-015, -1.000000000000000000 ) ) ;
#10974 = EDGE_CURVE ( 'NONE', #6754, #2534, #3208, .T. ) ;
#10975 = VECTOR ( 'NONE', #6064, 39.37007874015748100 ) ;
#10976 = VERTEX_POINT ( 'NONE', #10663 ) ;
#10977 = LINE ( 'NONE', #10620, #7531 ) ;
#10978 = LINE ( 'NONE', #10309, #4048 ) ;
#10979 = CARTESIAN_POINT ( 'NONE',  ( 0.0000000000000000000, 0.2524999999999999500, -9.357412258785974500E-016 ) ) ;
#10980 = DIRECTION ( 'NONE',  ( -1.000000000000000000, 1.458800866809831600E-016, -3.623343611582382000E-015 ) ) ;
#10981 = PLANE ( 'NONE',  #3355 ) ;
#10982 = CARTESIAN_POINT ( 'NONE',  ( -0.2054877304229142900, -0.3275191816317532500, 0.4935644637869132700 ) ) ;
#10983 = LINE ( 'NONE', #5595, #6881 ) ;
#10984 = ADVANCED_FACE ( 'NONE', ( #5367 ), #7299, .T. ) ;
#10985 = FACE_OUTER_BOUND ( 'NONE', #677, .T. ) ;
#10986 = CARTESIAN_POINT ( 'NONE',  ( -0.3125000000000023900, -0.1428615124517496100, 0.7690197545653728600 ) ) ;
#10987 = LINE ( 'NONE', #1176, #7016 ) ;
#10988 = DIRECTION ( 'NONE',  ( 0.0000000000000000000, 0.0000000000000000000, 1.000000000000000000 ) ) ;
#10989 = AXIS2_PLACEMENT_3D ( 'NONE', #4374, #7810, #3587 ) ;
#10990 = ORIENTED_EDGE ( 'NONE', *, *, #7855, .F. ) ;
#10991 = ORIENTED_EDGE ( 'NONE', *, *, #5460, .T. ) ;
#10992 = ORIENTED_EDGE ( 'NONE', *, *, #9783, .T. ) ;
#10993 = EDGE_CURVE ( 'NONE', #9347, #7847, #7490, .T. ) ;
#10994 = ORIENTED_EDGE ( 'NONE', *, *, #7917, .T. ) ;
#10995 = CARTESIAN_POINT ( 'NONE',  ( 0.2975000000000008700, -0.3856102362204703600, 0.2633149606299202700 ) ) ;
#10996 = LINE ( 'NONE', #10160, #8086 ) ;
#10997 = CARTESIAN_POINT ( 'NONE',  ( -0.3125000000000010500, -0.2515000000000000000, 0.3026850393700775700 ) ) ;
#10998 = DIRECTION ( 'NONE',  ( 3.791200677927630300E-031, 1.000000000000000000, 3.469446951953613800E-015 ) ) ;
#10999 = VERTEX_POINT ( 'NONE', #8150 ) ;
#11000 = ADVANCED_FACE ( 'NONE', ( #294 ), #7632, .T. ) ;
#11001 = CARTESIAN_POINT ( 'NONE',  ( -1.431178255917679900E-031, -0.3774999999999999500, -1.362088444445136000E-015 ) ) ;
#11002 = ORIENTED_EDGE ( 'NONE', *, *, #7904, .T. ) ;
#11003 = EDGE_LOOP ( 'NONE', ( #6035, #1763, #7269, #3680 ) ) ;
#11004 = CARTESIAN_POINT ( 'NONE',  ( 0.3125000000000003300, -0.2514999999999986100, 0.2633149606299223200 ) ) ;
#11005 = VERTEX_POINT ( 'NONE', #3894 ) ;
#11006 = PRODUCT_CONTEXT ( 'NONE', #6780, 'mechanical' ) ;
#11007 = DIRECTION ( 'NONE',  ( -0.0000000000000000000, 1.000000000000000000, -0.0000000000000000000 ) ) ;
#11008 = CYLINDRICAL_SURFACE ( 'NONE', #4361, 0.01500000000000001200 ) ;
#11009 = ORIENTED_EDGE ( 'NONE', *, *, #4461, .T. ) ;
#11010 = LINE ( 'NONE', #3452, #3425 ) ;
#11011 = CARTESIAN_POINT ( 'NONE',  ( -0.3125000000000028900, -0.2515000000000000000, 0.8200000000000035000 ) ) ;
#11012 = CARTESIAN_POINT ( 'NONE',  ( 0.1751181102362205100, -0.1174558555784520600, 0.03468503937007873200 ) ) ;
#11013 = EDGE_CURVE ( 'NONE', #3333, #8986, #7353, .T. ) ;
#11014 = VERTEX_POINT ( 'NONE', #4757 ) ;
#11015 = CARTESIAN_POINT ( 'NONE',  ( -0.1945112714942015500, 0.0000000000000000000, 0.04963141414431022900 ) ) ;
#11016 = ORIENTED_EDGE ( 'NONE', *, *, #4959, .F. ) ;
#11017 = ORIENTED_EDGE ( 'NONE', *, *, #8958, .F. ) ;
#11018 = CARTESIAN_POINT ( 'NONE',  ( 0.2816278565449284500, -0.2515000000000000000, -0.005498733049304612000 ) ) ;
#11019 = DIRECTION ( 'NONE',  ( -3.791200677927629800E-031, 1.000000000000000000, 3.469446951953614200E-015 ) ) ;
#11020 = DIRECTION ( 'NONE',  ( 0.0000000000000000000, 1.000000000000000000, 0.0000000000000000000 ) ) ;
#11021 = DIRECTION ( 'NONE',  ( -1.000000000000000000, -1.458800866809831900E-016, 3.623343611582382000E-015 ) ) ;
#11022 = ORIENTED_EDGE ( 'NONE', *, *, #8092, .T. ) ;
#11023 = EDGE_CURVE ( 'NONE', #3517, #1135, #5093, .T. ) ;
#11024 = LINE ( 'NONE', #9172, #362 ) ;
#11025 = CARTESIAN_POINT ( 'NONE',  ( -0.2417957872900946800, -0.1811070463003418000, 0.7529635790510819100 ) ) ;
#11026 = CARTESIAN_POINT ( 'NONE',  ( -0.3125000000000023300, -0.2019842793760456800, 0.7879635790510823900 ) ) ;
#11027 = CARTESIAN_POINT ( 'NONE',  ( -0.2975000000000001000, 0.2524999999999998900, -8.537024980200822600E-018 ) ) ;
#11028 = ORIENTED_EDGE ( 'NONE', *, *, #8671, .F. ) ;
#11029 = VECTOR ( 'NONE', #838, 39.37007874015748100 ) ;
#11030 = ORIENTED_EDGE ( 'NONE', *, *, #8868, .F. ) ;
#11031 = ORIENTED_EDGE ( 'NONE', *, *, #3157, .T. ) ;
#11032 = AXIS2_PLACEMENT_3D ( 'NONE', #1526, #5632, #2336 ) ;
#11033 = PLANE ( 'NONE',  #2747 ) ;
#11034 = CARTESIAN_POINT ( 'NONE',  ( -0.2499999999999999700, 0.1522291837916266400, 0.8122440944881890200 ) ) ;
#11035 = DIRECTION ( 'NONE',  ( -1.000000000000000000, 0.0000000000000000000, -3.453004075404071500E-015 ) ) ;
#11036 = CIRCLE ( 'NONE', #10849, 0.06400002813435827500 ) ;
#11037 = EDGE_LOOP ( 'NONE', ( #6392, #8600, #3928, #2947 ) ) ;
#11038 = EDGE_CURVE ( 'NONE', #4077, #10913, #10796, .T. ) ;
#11039 = DIRECTION ( 'NONE',  ( -0.0000000000000000000, 1.000000000000000000, -0.0000000000000000000 ) ) ;
#11040 = DIRECTION ( 'NONE',  ( 0.0000000000000000000, 0.0000000000000000000, -1.000000000000000000 ) ) ;
#11041 = CARTESIAN_POINT ( 'NONE',  ( -0.2925000000000024200, -0.2515000000000000600, 0.6900912614787658700 ) ) ;
#11042 = DIRECTION ( 'NONE',  ( -0.5773502691896262900, 0.5773502691896256200, -0.5773502691896252900 ) ) ;
#11043 = CARTESIAN_POINT ( 'NONE',  ( 0.1381889763779527700, 0.1522291837916265300, 0.5125280012291644200 ) ) ;
#11044 = CARTESIAN_POINT ( 'NONE',  ( 0.2974999999999999300, 0.2517928932188135400, 0.01499999999999999900 ) ) ;
#11045 = ADVANCED_FACE ( 'NONE', ( #9216 ), #9854, .T. ) ;
#11046 =( GEOMETRIC_REPRESENTATION_CONTEXT ( 3 ) GLOBAL_UNCERTAINTY_ASSIGNED_CONTEXT ( ( #1246 ) ) GLOBAL_UNIT_ASSIGNED_CONTEXT ( ( #4144, #585, #4108 ) ) REPRESENTATION_CONTEXT ( 'NONE', 'WORKASPACE' ) );
#11047 = DIRECTION ( 'NONE',  ( -0.0000000000000000000, -1.000000000000000000, -0.0000000000000000000 ) ) ;
#11048 = LINE ( 'NONE', #8078, #10398 ) ;
#11049 = FACE_OUTER_BOUND ( 'NONE', #4885, .T. ) ;
#11050 = CARTESIAN_POINT ( 'NONE',  ( 0.3125000000000023900, -0.1378615124517496000, 0.7690197545653726400 ) ) ;
ENDSEC;
END-ISO-10303-21;
