ISO-10303-21;
HEADER;
FILE_DESCRIPTION (( 'STEP AP214' ),
    '1' );
FILE_NAME ('MAXIM_90-100104.STEP',
    '2019-10-25T01:27:00',
    ( '' ),
    ( '' ),
    'SwSTEP 2.0',
    'SolidWorks 2017',
    '' );
FILE_SCHEMA (( 'AUTOMOTIVE_DESIGN' ));
ENDSEC;

DATA;
#1 = ORIENTED_EDGE ( 'NONE', *, *, #5991, .T. ) ;
#2 = CARTESIAN_POINT ( 'NONE',  ( 0.1679833953000000000, -0.1856274672000000100, 0.8009000000000000600 ) ) ;
#3 = DIRECTION ( 'NONE',  ( -1.000000000000000000, 0.0000000000000000000, 0.0000000000000000000 ) ) ;
#4 = DIRECTION ( 'NONE',  ( -1.000000000000000000, 0.0000000000000000000, 0.0000000000000000000 ) ) ;
#5 = AXIS2_PLACEMENT_3D ( 'NONE', #3569, #5886, #2134 ) ;
#6 = ORIENTED_EDGE ( 'NONE', *, *, #5673, .F. ) ;
#7 = DIRECTION ( 'NONE',  ( -1.000000000000000000, 0.0000000000000000000, 0.0000000000000000000 ) ) ;
#8 = VECTOR ( 'NONE', #7320, 1000.000000000000000 ) ;
#9 = VECTOR ( 'NONE', #6747, 1000.000000000000000 ) ;
#10 = ADVANCED_FACE ( 'NONE', ( #7925 ), #5724, .T. ) ;
#11 = ORIENTED_EDGE ( 'NONE', *, *, #5801, .F. ) ;
#12 = CARTESIAN_POINT ( 'NONE',  ( 1.249999962646240800, 0.8749999626462409100, 0.0000000000000000000 ) ) ;
#13 = PLANE ( 'NONE',  #6630 ) ;
#14 = CARTESIAN_POINT ( 'NONE',  ( 1.125000000000000200, -1.550000000000000300, 0.2030000000000000100 ) ) ;
#15 = ORIENTED_EDGE ( 'NONE', *, *, #4862, .F. ) ;
#16 = VECTOR ( 'NONE', #2293, 1000.000000000000000 ) ;
#17 = LINE ( 'NONE', #7211, #6097 ) ;
#18 = ORIENTED_EDGE ( 'NONE', *, *, #8459, .F. ) ;
#19 = AXIS2_PLACEMENT_3D ( 'NONE', #110, #8956, #827 ) ;
#20 = EDGE_CURVE ( 'NONE', #3684, #4625, #1629, .T. ) ;
#21 = CARTESIAN_POINT ( 'NONE',  ( -1.750000000000000000, 0.0000000000000000000, 0.0000000000000000000 ) ) ;
#22 = EDGE_CURVE ( 'NONE', #364, #3328, #8162, .T. ) ;
#23 = CARTESIAN_POINT ( 'NONE',  ( -1.712500000000000100, 0.8249999999999999600, 0.0000000000000000000 ) ) ;
#24 = CARTESIAN_POINT ( 'NONE',  ( 1.712500000000000100, -0.6500000000000001300, 0.2030000000000000100 ) ) ;
#25 = DIRECTION ( 'NONE',  ( 0.0000000000000000000, -0.0000000000000000000, 1.000000000000000000 ) ) ;
#26 = SURFACE_STYLE_FILL_AREA ( #7934 ) ;
#27 = VERTEX_POINT ( 'NONE', #6570 ) ;
#28 = VECTOR ( 'NONE', #9087, 1000.000000000000000 ) ;
#29 = PLANE ( 'NONE',  #6112 ) ;
#30 =( NAMED_UNIT ( * ) PLANE_ANGLE_UNIT ( ) SI_UNIT ( $, .RADIAN. ) );
#31 = EDGE_CURVE ( 'NONE', #3566, #8569, #1272, .T. ) ;
#32 = ORIENTED_EDGE ( 'NONE', *, *, #3402, .T. ) ;
#33 = EDGE_CURVE ( 'NONE', #7245, #7790, #3017, .T. ) ;
#34 = PRESENTATION_STYLE_ASSIGNMENT (( #2460 ) ) ;
#35 = ORIENTED_EDGE ( 'NONE', *, *, #8168, .T. ) ;
#36 = VERTEX_POINT ( 'NONE', #4349 ) ;
#37 = ORIENTED_EDGE ( 'NONE', *, *, #5125, .F. ) ;
#38 = VECTOR ( 'NONE', #9303, 1000.000000000000000 ) ;
#39 = CARTESIAN_POINT ( 'NONE',  ( -0.03702534655601882900, -0.02042647827066852700, 0.8009000000000000600 ) ) ;
#40 = ORIENTED_EDGE ( 'NONE', *, *, #6312, .F. ) ;
#41 = LINE ( 'NONE', #8108, #2160 ) ;
#42 = ADVANCED_FACE ( 'NONE', ( #203 ), #6067, .T. ) ;
#43 = ORIENTED_EDGE ( 'NONE', *, *, #1209, .F. ) ;
#44 = ORIENTED_EDGE ( 'NONE', *, *, #4841, .T. ) ;
#45 = ORIENTED_EDGE ( 'NONE', *, *, #8297, .F. ) ;
#46 = EDGE_CURVE ( 'NONE', #9028, #3557, #2220, .T. ) ;
#47 = CARTESIAN_POINT ( 'NONE',  ( 0.6332240660740823300, 1.865000000000000200, 0.04999999999999999600 ) ) ;
#48 = EDGE_CURVE ( 'NONE', #1227, #5693, #790, .T. ) ;
#49 = LINE ( 'NONE', #8433, #6466 ) ;
#50 = CARTESIAN_POINT ( 'NONE',  ( 0.0000000000000000000, 0.5749999999999999600, 0.05000000000000000300 ) ) ;
#51 = ORIENTED_EDGE ( 'NONE', *, *, #9026, .T. ) ;
#52 = DIRECTION ( 'NONE',  ( -0.0000000000000000000, 0.0000000000000000000, 1.000000000000000000 ) ) ;
#53 = ORIENTED_EDGE ( 'NONE', *, *, #1793, .T. ) ;
#54 = ADVANCED_FACE ( 'NONE', ( #1027 ), #7299, .T. ) ;
#55 = SURFACE_STYLE_USAGE ( .BOTH. , #77 ) ;
#56 = VECTOR ( 'NONE', #2388, 1000.000000000000000 ) ;
#57 = EDGE_CURVE ( 'NONE', #7230, #1909, #9433, .T. ) ;
#58 = EDGE_LOOP ( 'NONE', ( #8709, #8178, #461, #4209, #791, #4873 ) ) ;
#59 = AXIS2_PLACEMENT_3D ( 'NONE', #2514, #151, #5440 ) ;
#60 = DIRECTION ( 'NONE',  ( -1.000000000000000000, 0.0000000000000000000, 0.0000000000000000000 ) ) ;
#61 = ORIENTED_EDGE ( 'NONE', *, *, #3477, .T. ) ;
#62 = DIRECTION ( 'NONE',  ( 1.000000000000000000, 0.0000000000000000000, 0.0000000000000000000 ) ) ;
#63 = FILL_AREA_STYLE_COLOUR ( '', #8887 ) ;
#64 = CARTESIAN_POINT ( 'NONE',  ( 1.712530996695474500, -1.500013750063923200, 0.2030000000000000100 ) ) ;
#65 = DIRECTION ( 'NONE',  ( 1.000000000000000000, -0.0000000000000000000, -0.0000000000000000000 ) ) ;
#66 = ORIENTED_EDGE ( 'NONE', *, *, #6627, .T. ) ;
#67 = VERTEX_POINT ( 'NONE', #5869 ) ;
#68 = ORIENTED_EDGE ( 'NONE', *, *, #451, .F. ) ;
#69 = LINE ( 'NONE', #7176, #1372 ) ;
#70 = SURFACE_SIDE_STYLE ('',( #7116 ) ) ;
#71 = CARTESIAN_POINT ( 'NONE',  ( -0.06876246094476347300, 0.03759749911542718100, 0.8009000000000000600 ) ) ;
#72 = EDGE_CURVE ( 'NONE', #142, #168, #8733, .T. ) ;
#73 = ORIENTED_EDGE ( 'NONE', *, *, #6521, .F. ) ;
#74 = ORIENTED_EDGE ( 'NONE', *, *, #2672, .F. ) ;
#75 = CARTESIAN_POINT ( 'NONE',  ( -0.1262164619908044400, 0.0001023653381920579900, 0.0000000000000000000 ) ) ;
#76 = PLANE ( 'NONE',  #1692 ) ;
#77 = SURFACE_SIDE_STYLE ('',( #3978 ) ) ;
#78 = AXIS2_PLACEMENT_3D ( 'NONE', #5923, #5057, #6557 ) ;
#79 = EDGE_LOOP ( 'NONE', ( #281, #417, #4272, #4271 ) ) ;
#80 = ORIENTED_EDGE ( 'NONE', *, *, #4398, .F. ) ;
#81 = CARTESIAN_POINT ( 'NONE',  ( 0.5999999999999999800, -0.1499999999999999900, 0.2030000000000000100 ) ) ;
#82 = EDGE_CURVE ( 'NONE', #7991, #146, #6517, .T. ) ;
#83 = EDGE_CURVE ( 'NONE', #1812, #5468, #1521, .T. ) ;
#84 = CARTESIAN_POINT ( 'NONE',  ( -1.125000000000000200, -1.837499999999999900, 0.2030000000000000100 ) ) ;
#85 = VECTOR ( 'NONE', #3950, 1000.000000000000000 ) ;
#86 = ADVANCED_FACE ( 'NONE', ( #6175 ), #5169, .F. ) ;
#87 = DIRECTION ( 'NONE',  ( 1.000000000000000000, 0.0000000000000000000, 0.0000000000000000000 ) ) ;
#88 = VECTOR ( 'NONE', #5897, 1000.000000000000000 ) ;
#89 = EDGE_LOOP ( 'NONE', ( #3188, #6056, #4013, #7913 ) ) ;
#90 = DIRECTION ( 'NONE',  ( -0.0000000000000000000, -0.0000000000000000000, -1.000000000000000000 ) ) ;
#91 = EDGE_LOOP ( 'NONE', ( #1245, #9632, #2334, #6851, #3352, #5529 ) ) ;
#92 = VECTOR ( 'NONE', #4197, 1000.000000000000000 ) ;
#93 = VECTOR ( 'NONE', #6539, 1000.000000000000000 ) ;
#94 = CYLINDRICAL_SURFACE ( 'NONE', #8113, 0.4066519701324284900 ) ;
#95 = ADVANCED_FACE ( 'NONE', ( #681 ), #4388, .T. ) ;
#96 = EDGE_CURVE ( 'NONE', #3828, #7576, #4187, .T. ) ;
#97 = DIRECTION ( 'NONE',  ( 1.000000000000000000, 0.0000000000000000000, 0.0000000000000000000 ) ) ;
#98 = AXIS2_PLACEMENT_3D ( 'NONE', #1278, #1970, #7930 ) ;
#99 = AXIS2_PLACEMENT_3D ( 'NONE', #1303, #8016, #2087 ) ;
#100 = DIRECTION ( 'NONE',  ( 1.000000000000000000, 0.0000000000000000000, 0.0000000000000000000 ) ) ;
#101 = DIRECTION ( 'NONE',  ( 1.000000000000000000, 0.0000000000000000000, 0.0000000000000000000 ) ) ;
#102 = ORIENTED_EDGE ( 'NONE', *, *, #644, .T. ) ;
#103 = CYLINDRICAL_SURFACE ( 'NONE', #8475, 0.4066519701324284900 ) ;
#104 = LINE ( 'NONE', #1311, #6419 ) ;
#105 = UNCERTAINTY_MEASURE_WITH_UNIT (LENGTH_MEASURE( 1.000000000000000100E-005 ), #3846, 'distance_accuracy_value', 'NONE');
#106 = EDGE_LOOP ( 'NONE', ( #8021, #2013, #7642, #8926 ) ) ;
#107 = ORIENTED_EDGE ( 'NONE', *, *, #3663, .T. ) ;
#108 = FACE_OUTER_BOUND ( 'NONE', #9125, .T. ) ;
#109 = PRESENTATION_LAYER_ASSIGNMENT (  '', '', ( #5641 ) ) ;
#110 = CARTESIAN_POINT ( 'NONE',  ( -1.224999981323120500, 0.3499999813231205500, 0.0000000000000000000 ) ) ;
#111 = LINE ( 'NONE', #8440, #5626 ) ;
#112 = EDGE_LOOP ( 'NONE', ( #5084, #5364, #3994, #8899 ) ) ;
#113 = CARTESIAN_POINT ( 'NONE',  ( 0.0000000000000000000, 0.0000000000000000000, 0.2030000000000000100 ) ) ;
#114 = LINE ( 'NONE', #7897, #8071 ) ;
#115 = ORIENTED_EDGE ( 'NONE', *, *, #7540, .T. ) ;
#116 = DIRECTION ( 'NONE',  ( 1.000000000000000000, 0.0000000000000000000, 0.0000000000000000000 ) ) ;
#117 = LINE ( 'NONE', #5355, #3163 ) ;
#118 = DIRECTION ( 'NONE',  ( 0.0000000000000000000, 1.000000000000000000, -0.0000000000000000000 ) ) ;
#119 = CARTESIAN_POINT ( 'NONE',  ( 0.0000000000000000000, -1.550000000000000300, 0.05000000000000000300 ) ) ;
#120 = ORIENTED_EDGE ( 'NONE', *, *, #4679, .F. ) ;
#121 = AXIS2_PLACEMENT_3D ( 'NONE', #563, #3520, #2781 ) ;
#122 = EDGE_CURVE ( 'NONE', #1199, #6580, #2565, .T. ) ;
#123 = VERTEX_POINT ( 'NONE', #6026 ) ;
#124 = VECTOR ( 'NONE', #709, 1000.000000000000000 ) ;
#125 = CARTESIAN_POINT ( 'NONE',  ( -1.740000000000000000, 1.865000000000000200, 0.2029999999999999600 ) ) ;
#126 =( NAMED_UNIT ( * ) PLANE_ANGLE_UNIT ( ) SI_UNIT ( $, .RADIAN. ) );
#127 = CYLINDRICAL_SURFACE ( 'NONE', #9600, 0.05003631351710522600 ) ;
#128 = ORIENTED_EDGE ( 'NONE', *, *, #6600, .F. ) ;
#129 = CARTESIAN_POINT ( 'NONE',  ( 0.5500000000000000400, -1.500000000000000000, 0.2030000000000000100 ) ) ;
#130 = CYLINDRICAL_SURFACE ( 'NONE', #2276, 0.09999992529250954800 ) ;
#131 = DIRECTION ( 'NONE',  ( -0.0000000000000000000, 0.0000000000000000000, 1.000000000000000000 ) ) ;
#132 = PLANE ( 'NONE',  #7802 ) ;
#133 = EDGE_LOOP ( 'NONE', ( #5162, #7342, #1710, #7562 ) ) ;
#134 = VECTOR ( 'NONE', #485, 1000.000000000000000 ) ;
#135 = EDGE_CURVE ( 'NONE', #2933, #9153, #9559, .T. ) ;
#136 = ORIENTED_EDGE ( 'NONE', *, *, #3773, .T. ) ;
#137 = EDGE_CURVE ( 'NONE', #4130, #2916, #5839, .T. ) ;
#138 = LINE ( 'NONE', #1056, #4591 ) ;
#139 = CARTESIAN_POINT ( 'NONE',  ( -1.175036249936076700, -1.837420233362311800, 0.0000000000000000000 ) ) ;
#140 = DIRECTION ( 'NONE',  ( -0.0000000000000000000, -0.0000000000000000000, -1.000000000000000000 ) ) ;
#141 = ADVANCED_FACE ( 'NONE', ( #4543 ), #8652, .T. ) ;
#142 = VERTEX_POINT ( 'NONE', #6731 ) ;
#143 = VECTOR ( 'NONE', #1161, 1000.000000000000000 ) ;
#144 = ORIENTED_EDGE ( 'NONE', *, *, #3094, .F. ) ;
#145 = DIRECTION ( 'NONE',  ( -0.0000000000000000000, -0.0000000000000000000, -1.000000000000000000 ) ) ;
#146 = VERTEX_POINT ( 'NONE', #8255 ) ;
#147 = ORIENTED_EDGE ( 'NONE', *, *, #5181, .T. ) ;
#148 = FILL_AREA_STYLE ('',( #9082 ) ) ;
#149 = CIRCLE ( 'NONE', #9180, 0.04998625954667033200 ) ;
#150 = DIRECTION ( 'NONE',  ( -0.0000000000000000000, 0.0000000000000000000, 1.000000000000000000 ) ) ;
#151 = DIRECTION ( 'NONE',  ( 0.0000000000000000000, -0.0000000000000000000, 1.000000000000000000 ) ) ;
#152 = CARTESIAN_POINT ( 'NONE',  ( -0.3250137500639230800, 1.837530996695474500, 0.2030000000000000100 ) ) ;
#153 =( NAMED_UNIT ( * ) PLANE_ANGLE_UNIT ( ) SI_UNIT ( $, .RADIAN. ) );
#154 = AXIS2_PLACEMENT_3D ( 'NONE', #1583, #6938, #6199 ) ;
#155 = ORIENTED_EDGE ( 'NONE', *, *, #7996, .F. ) ;
#156 = PRESENTATION_STYLE_ASSIGNMENT (( #1906 ) ) ;
#157 = CARTESIAN_POINT ( 'NONE',  ( -0.3580999999999999700, 1.875000000000000000, 0.2030000000000000100 ) ) ;
#158 = DIRECTION ( 'NONE',  ( 0.0000000000000000000, -0.0000000000000000000, 1.000000000000000000 ) ) ;
#159 = ORIENTED_EDGE ( 'NONE', *, *, #3312, .T. ) ;
#160 = LINE ( 'NONE', #804, #7615 ) ;
#161 = EDGE_CURVE ( 'NONE', #5561, #2635, #7737, .T. ) ;
#162 = CARTESIAN_POINT ( 'NONE',  ( 0.0000000000000000000, 0.2152124981999999900, 0.8009000000000000600 ) ) ;
#163 = VERTEX_POINT ( 'NONE', #1463 ) ;
#164 = FACE_OUTER_BOUND ( 'NONE', #8618, .T. ) ;
#165 = MECHANICAL_DESIGN_GEOMETRIC_PRESENTATION_REPRESENTATION (  '', ( #8363 ), #4054 ) ;
#166 = CARTESIAN_POINT ( 'NONE',  ( 0.2000000000000000100, -0.5000000000000000000, 0.2030000000000000100 ) ) ;
#167 = CARTESIAN_POINT ( 'NONE',  ( 0.5500000000000000400, 0.0000000000000000000, 0.2030000000000000100 ) ) ;
#168 = VERTEX_POINT ( 'NONE', #8165 ) ;
#169 = CARTESIAN_POINT ( 'NONE',  ( -0.1419999999999999900, 1.875000000000000000, 0.0000000000000000000 ) ) ;
#170 = CYLINDRICAL_SURFACE ( 'NONE', #5770, 0.04998625954667008900 ) ;
#171 = CARTESIAN_POINT ( 'NONE',  ( 0.0000000000000000000, 0.8249999999999999600, 0.05000000000000000300 ) ) ;
#172 = DIRECTION ( 'NONE',  ( -1.000000000000000000, 0.0000000000000000000, 0.0000000000000000000 ) ) ;
#173 = EDGE_LOOP ( 'NONE', ( #8379, #1254, #5675, #5581 ) ) ;
#174 = VERTEX_POINT ( 'NONE', #3703 ) ;
#175 = DIRECTION ( 'NONE',  ( -1.000000000000000000, -4.338000811896018200E-015, 0.0000000000000000000 ) ) ;
#176 = VECTOR ( 'NONE', #5720, 1000.000000000000000 ) ;
#177 = LINE ( 'NONE', #3313, #8597 ) ;
#178 = ADVANCED_FACE ( 'NONE', ( #4694 ), #7503, .T. ) ;
#179 = DIRECTION ( 'NONE',  ( 1.000000000000000000, 0.0000000000000000000, 0.0000000000000000000 ) ) ;
#180 = CARTESIAN_POINT ( 'NONE',  ( -1.712530996695474500, -1.500013750063923200, 0.2030000000000000100 ) ) ;
#181 = ORIENTED_EDGE ( 'NONE', *, *, #837, .T. ) ;
#182 = DIRECTION ( 'NONE',  ( -0.0000000000000000000, -0.0000000000000000000, -1.000000000000000000 ) ) ;
#183 = VERTEX_POINT ( 'NONE', #8197 ) ;
#184 = DIRECTION ( 'NONE',  ( -1.000000000000000000, 0.0000000000000000000, 0.0000000000000000000 ) ) ;
#185 = AXIS2_PLACEMENT_3D ( 'NONE', #12, #5233, #6143 ) ;
#186 = DIRECTION ( 'NONE',  ( 0.0000000000000000000, -0.0000000000000000000, 1.000000000000000000 ) ) ;
#187 = PRESENTATION_STYLE_ASSIGNMENT (( #4931 ) ) ;
#188 = EDGE_CURVE ( 'NONE', #1598, #7560, #9476, .T. ) ;
#189 = COLOUR_RGB ( '',1.000000000000000000, 1.000000000000000000, 1.000000000000000000 ) ;
#190 = EDGE_CURVE ( 'NONE', #6251, #3933, #2022, .T. ) ;
#191 =( NAMED_UNIT ( * ) SI_UNIT ( $, .STERADIAN. ) SOLID_ANGLE_UNIT ( ) );
#192 = DIRECTION ( 'NONE',  ( 0.0000000000000000000, -0.0000000000000000000, 1.000000000000000000 ) ) ;
#193 = ORIENTED_EDGE ( 'NONE', *, *, #7580, .T. ) ;
#194 = ORIENTED_EDGE ( 'NONE', *, *, #8264, .F. ) ;
#195 = VECTOR ( 'NONE', #2500, 1000.000000000000000 ) ;
#196 = LINE ( 'NONE', #7433, #4184 ) ;
#197 = DIRECTION ( 'NONE',  ( -0.0000000000000000000, -0.0000000000000000000, -1.000000000000000000 ) ) ;
#198 = VECTOR ( 'NONE', #1371, 1000.000000000000000 ) ;
#200 = ORIENTED_EDGE ( 'NONE', *, *, #4247, .F. ) ;
#199 = DIRECTION ( 'NONE',  ( 0.0000000000000000000, -1.000000000000000000, 0.0000000000000000000 ) ) ;
#201 = PRESENTATION_LAYER_ASSIGNMENT (  '', '', ( #588 ) ) ;
#202 = CARTESIAN_POINT ( 'NONE',  ( -1.141999999999999900, -1.875000000000000000, 0.2030000000000000100 ) ) ;
#203 = FACE_OUTER_BOUND ( 'NONE', #79, .T. ) ;
#204 = AXIS2_PLACEMENT_3D ( 'NONE', #5201, #8228, #777 ) ;
#205 = ORIENTED_EDGE ( 'NONE', *, *, #135, .T. ) ;
#206 =( NAMED_UNIT ( * ) SI_UNIT ( $, .STERADIAN. ) SOLID_ANGLE_UNIT ( ) );
#207 = VECTOR ( 'NONE', #5370, 1000.000000000000000 ) ;
#208 = ORIENTED_EDGE ( 'NONE', *, *, #7505, .F. ) ;
#209 =( NAMED_UNIT ( * ) PLANE_ANGLE_UNIT ( ) SI_UNIT ( $, .RADIAN. ) );
#210 = LINE ( 'NONE', #4348, #9200 ) ;
#211 = CARTESIAN_POINT ( 'NONE',  ( -0.5999999999999999800, -1.550000000000000300, 0.04999999999999999600 ) ) ;
#212 = CARTESIAN_POINT ( 'NONE',  ( 1.750000000000000000, 0.3418999999999999800, 0.0000000000000000000 ) ) ;
#213 = CARTESIAN_POINT ( 'NONE',  ( -0.5999999999999999800, -1.350000000000000100, 0.2030000000000000100 ) ) ;
#214 = ORIENTED_EDGE ( 'NONE', *, *, #9169, .T. ) ;
#215 = LINE ( 'NONE', #6426, #7713 ) ;
#216 = CIRCLE ( 'NONE', #9666, 0.04998607688890755600 ) ;
#217 = CIRCLE ( 'NONE', #1379, 0.05003631351710512200 ) ;
#218 = UNCERTAINTY_MEASURE_WITH_UNIT (LENGTH_MEASURE( 1.000000000000000100E-005 ), #2215, 'distance_accuracy_value', 'NONE');
#219 = EDGE_CURVE ( 'NONE', #1988, #5177, #4469, .T. ) ;
#220 = ORIENTED_EDGE ( 'NONE', *, *, #5068, .T. ) ;
#221 = CARTESIAN_POINT ( 'NONE',  ( 1.740000000000000000, -1.865000000000000200, 0.8000000000000000400 ) ) ;
#222 = DIRECTION ( 'NONE',  ( 0.0000000000000000000, -1.000000000000000000, 0.0000000000000000000 ) ) ;
#223 = CARTESIAN_POINT ( 'NONE',  ( -0.8250137500639230800, 1.837530996695474500, 0.2030000000000000100 ) ) ;
#224 = AXIS2_PLACEMENT_3D ( 'NONE', #1832, #4794, #6260 ) ;
#225 = CARTESIAN_POINT ( 'NONE',  ( -0.2750000000000000200, -1.700000000000000000, 0.2030000000000000100 ) ) ;
#226 = DIRECTION ( 'NONE',  ( -1.000000000000000000, 0.0000000000000000000, 0.0000000000000000000 ) ) ;
#227 = ORIENTED_EDGE ( 'NONE', *, *, #5042, .T. ) ;
#228 = DIRECTION ( 'NONE',  ( -0.0000000000000000000, 0.0000000000000000000, 1.000000000000000000 ) ) ;
#229 = VECTOR ( 'NONE', #572, 1000.000000000000000 ) ;
#230 = LINE ( 'NONE', #9016, #8880 ) ;
#231 = FACE_OUTER_BOUND ( 'NONE', #3869, .T. ) ;
#232 =( NAMED_UNIT ( * ) PLANE_ANGLE_UNIT ( ) SI_UNIT ( $, .RADIAN. ) );
#233 = ORIENTED_EDGE ( 'NONE', *, *, #5547, .T. ) ;
#234 = CARTESIAN_POINT ( 'NONE',  ( 1.750000000000000000, -0.1331000000000000000, 0.2030000000000000100 ) ) ;
#235 = AXIS2_PLACEMENT_3D ( 'NONE', #1941, #2041, #387 ) ;
#236 = DIRECTION ( 'NONE',  ( 1.000000000000000000, 0.0000000000000000000, 0.0000000000000000000 ) ) ;
#237 = ORIENTED_EDGE ( 'NONE', *, *, #1510, .F. ) ;
#238 = ADVANCED_FACE ( 'NONE', ( #4229 ), #1558, .F. ) ;
#239 = FACE_OUTER_BOUND ( 'NONE', #9503, .T. ) ;
#240 = FACE_OUTER_BOUND ( 'NONE', #7203, .T. ) ;
#241 = DIRECTION ( 'NONE',  ( 1.000000000000000000, 0.0000000000000000000, 0.0000000000000000000 ) ) ;
#242 = ORIENTED_EDGE ( 'NONE', *, *, #2183, .T. ) ;
#243 = CARTESIAN_POINT ( 'NONE',  ( -1.740000000000000000, -0.6582240660740822400, 0.2030000000000000100 ) ) ;
#244 = DIRECTION ( 'NONE',  ( -0.0000000000000000000, -0.0000000000000000000, -1.000000000000000000 ) ) ;
#245 = PRESENTATION_STYLE_ASSIGNMENT (( #2597 ) ) ;
#246 = CARTESIAN_POINT ( 'NONE',  ( -0.1749999999999999900, 1.325000000000000000, 0.2030000000000000100 ) ) ;
#247 = DIRECTION ( 'NONE',  ( 0.0000000000000000000, 0.0000000000000000000, 1.000000000000000000 ) ) ;
#248 = EDGE_LOOP ( 'NONE', ( #4959, #5158, #628, #6958 ) ) ;
#249 = CARTESIAN_POINT ( 'NONE',  ( 1.740000000000000000, 0.04177593392591787100, 0.2030000000000000100 ) ) ;
#250 = COLOUR_RGB ( '',0.2509803921568627400, 0.2509803921568627400, 0.2509803921568627400 ) ;
#251 = STYLED_ITEM ( 'NONE', ( #1450 ), #5486 ) ;
#252 = FACE_OUTER_BOUND ( 'NONE', #1434, .T. ) ;
#253 = EDGE_CURVE ( 'NONE', #9423, #4476, #5513, .T. ) ;
#254 = CARTESIAN_POINT ( 'NONE',  ( 1.712500000000000100, 0.5749999999999999600, 0.0000000000000000000 ) ) ;
#255 = CARTESIAN_POINT ( 'NONE',  ( 1.524999999999999900, 0.0000000000000000000, 0.2030000000000000100 ) ) ;
#256 = ORIENTED_EDGE ( 'NONE', *, *, #6714, .F. ) ;
#257 = DIRECTION ( 'NONE',  ( 1.000000000000000000, 0.0000000000000000000, 0.0000000000000000000 ) ) ;
#258 = VECTOR ( 'NONE', #8355, 1000.000000000000000 ) ;
#259 = ORIENTED_EDGE ( 'NONE', *, *, #6843, .T. ) ;
#260 = VECTOR ( 'NONE', #6188, 1000.000000000000000 ) ;
#261 = AXIS2_PLACEMENT_3D ( 'NONE', #1357, #5799, #9568 ) ;
#262 = EDGE_CURVE ( 'NONE', #2000, #7091, #3992, .T. ) ;
#263 = ADVANCED_FACE ( 'NONE', ( #3539 ), #4867, .F. ) ;
#264 = ORIENTED_EDGE ( 'NONE', *, *, #6061, .F. ) ;
#265 = EDGE_CURVE ( 'NONE', #1556, #6613, #5651, .T. ) ;
#266 = VECTOR ( 'NONE', #2819, 1000.000000000000000 ) ;
#267 = ORIENTED_EDGE ( 'NONE', *, *, #9650, .T. ) ;
#268 = CARTESIAN_POINT ( 'NONE',  ( -0.06876246094476345900, 0.03759749911542716700, 0.8008000000000000700 ) ) ;
#269 = VECTOR ( 'NONE', #6297, 1000.000000000000000 ) ;
#270 = VECTOR ( 'NONE', #5466, 1000.000000000000000 ) ;
#271 = DIRECTION ( 'NONE',  ( -0.0000000000000000000, -0.0000000000000000000, -1.000000000000000000 ) ) ;
#272 = PLANE ( 'NONE',  #2866 ) ;
#273 = CARTESIAN_POINT ( 'NONE',  ( 1.750000000000000000, 0.8418999999999999800, 0.2030000000000000100 ) ) ;
#274 = LINE ( 'NONE', #3542, #9633 ) ;
#275 = DIRECTION ( 'NONE',  ( -0.0000000000000000000, 0.0000000000000000000, 1.000000000000000000 ) ) ;
#276 = EDGE_CURVE ( 'NONE', #9514, #3776, #9123, .T. ) ;
#277 = VECTOR ( 'NONE', #4565, 1000.000000000000000 ) ;
#278 = AXIS2_PLACEMENT_3D ( 'NONE', #3067, #769, #3793 ) ;
#279 = VECTOR ( 'NONE', #5637, 1000.000000000000000 ) ;
#280 = AXIS2_PLACEMENT_3D ( 'NONE', #2199, #1751, #6698 ) ;
#281 = ORIENTED_EDGE ( 'NONE', *, *, #8141, .F. ) ;
#282 = ADVANCED_FACE ( 'NONE', ( #3420 ), #1845, .F. ) ;
#283 = ORIENTED_EDGE ( 'NONE', *, *, #3440, .T. ) ;
#284 = DIRECTION ( 'NONE',  ( 1.000000000000000000, 0.0000000000000000000, 0.0000000000000000000 ) ) ;
#285 = CARTESIAN_POINT ( 'NONE',  ( 1.200000000000000000, 0.0000000000000000000, 0.0000000000000000000 ) ) ;
#286 = DIRECTION ( 'NONE',  ( 0.0000000000000000000, 0.0000000000000000000, 1.000000000000000000 ) ) ;
#287 = CARTESIAN_POINT ( 'NONE',  ( -1.712530996695474700, 0.8749862499360769900, 0.2030000000000000100 ) ) ;
#288 = VECTOR ( 'NONE', #4343, 1000.000000000000000 ) ;
#289 = ORIENTED_EDGE ( 'NONE', *, *, #8490, .T. ) ;
#290 = STYLED_ITEM ( 'NONE', ( #187 ), #3140 ) ;
#291 = ORIENTED_EDGE ( 'NONE', *, *, #1934, .F. ) ;
#292 = FACE_OUTER_BOUND ( 'NONE', #8176, .T. ) ;
#293 = CARTESIAN_POINT ( 'NONE',  ( -1.125100000000000000, 1.375000000000000000, 0.04999999999999999600 ) ) ;
#294 = CARTESIAN_POINT ( 'NONE',  ( -1.712500000000000100, 1.075000000000000000, 0.0000000000000000000 ) ) ;
#295 = CARTESIAN_POINT ( 'NONE',  ( 1.516712871522855500, -1.865000000000000200, 0.2030000000000000100 ) ) ;
#296 = ORIENTED_EDGE ( 'NONE', *, *, #2733, .F. ) ;
#297 = VERTEX_POINT ( 'NONE', #7590 ) ;
#298 = VECTOR ( 'NONE', #5195, 1000.000000000000000 ) ;
#299 = CARTESIAN_POINT ( 'NONE',  ( 1.740000000000000000, 1.865000000000000200, 0.05000000000000000300 ) ) ;
#300 = DIRECTION ( 'NONE',  ( 0.0000000000000000000, 1.000000000000000000, 0.0000000000000000000 ) ) ;
#301 = CARTESIAN_POINT ( 'NONE',  ( 0.6419000000000000300, 1.875000000000000000, 0.2030000000000000100 ) ) ;
#302 = EDGE_CURVE ( 'NONE', #1048, #4767, #3394, .T. ) ;
#303 = ORIENTED_EDGE ( 'NONE', *, *, #8999, .T. ) ;
#304 = ORIENTED_EDGE ( 'NONE', *, *, #6649, .T. ) ;
#305 = VECTOR ( 'NONE', #1714, 1000.000000000000000 ) ;
#306 = LINE ( 'NONE', #7952, #2775 ) ;
#307 = CARTESIAN_POINT ( 'NONE',  ( 1.740000000000000000, -0.6582240660740822400, 0.04999999999999999600 ) ) ;
#308 = CARTESIAN_POINT ( 'NONE',  ( -1.224999981323120500, 0.8499999813231204900, 0.04999999999999999600 ) ) ;
#309 = DIRECTION ( 'NONE',  ( 0.0000000000000000000, 0.0000000000000000000, 1.000000000000000000 ) ) ;
#310 = CARTESIAN_POINT ( 'NONE',  ( 1.740000000000000000, 1.865000000000000200, 0.2029999999999999600 ) ) ;
#311 = ORIENTED_EDGE ( 'NONE', *, *, #6903, .T. ) ;
#312 = AXIS2_PLACEMENT_3D ( 'NONE', #2491, #6309, #4022 ) ;
#313 = ORIENTED_EDGE ( 'NONE', *, *, #7637, .F. ) ;
#314 = CARTESIAN_POINT ( 'NONE',  ( 1.740000000000000000, 1.333224066074082200, 0.04999999999999999600 ) ) ;
#315 = ORIENTED_EDGE ( 'NONE', *, *, #6780, .F. ) ;
#316 = EDGE_CURVE ( 'NONE', #9252, #9595, #1644, .T. ) ;
#317 = VECTOR ( 'NONE', #4129, 1000.000000000000000 ) ;
#318 = DIRECTION ( 'NONE',  ( -1.000000000000000000, -8.881728346865961900E-016, 0.0000000000000000000 ) ) ;
#319 = SURFACE_STYLE_FILL_AREA ( #4460 ) ;
#320 = CARTESIAN_POINT ( 'NONE',  ( 0.2000000000000000100, -1.700000000000000000, 0.0000000000000000000 ) ) ;
#321 = VECTOR ( 'NONE', #5866, 1000.000000000000000 ) ;
#322 = CARTESIAN_POINT ( 'NONE',  ( -1.712530996695474900, 0.3749862499360769300, 0.2030000000000000100 ) ) ;
#323 = VERTEX_POINT ( 'NONE', #3887 ) ;
#324 = DIRECTION ( 'NONE',  ( -0.8779069984158337500, -0.4788311833334387700, 0.0000000000000000000 ) ) ;
#325 = ORIENTED_EDGE ( 'NONE', *, *, #8098, .T. ) ;
#326 = CARTESIAN_POINT ( 'NONE',  ( 0.0000000000000000000, 0.0000000000000000000, 0.2030000000000000100 ) ) ;
#327 = DIRECTION ( 'NONE',  ( -0.0000000000000000000, -0.0000000000000000000, -1.000000000000000000 ) ) ;
#328 = FACE_OUTER_BOUND ( 'NONE', #8530, .T. ) ;
#329 = VECTOR ( 'NONE', #8368, 1000.000000000000000 ) ;
#330 = ADVANCED_FACE ( 'NONE', ( #5139 ), #924, .T. ) ;
#331 = ORIENTED_EDGE ( 'NONE', *, *, #5479, .F. ) ;
#332 = CARTESIAN_POINT ( 'NONE',  ( -1.486479297753362500, 1.546851659654180400, 0.7500000000000000000 ) ) ;
#333 = EDGE_CURVE ( 'NONE', #2099, #9414, #3151, .T. ) ;
#334 = AXIS2_PLACEMENT_3D ( 'NONE', #5838, #1428, #2179 ) ;
#335 = CARTESIAN_POINT ( 'NONE',  ( -0.5500000000000000400, -0.6999999999999999600, 0.0000000000000000000 ) ) ;
#336 = ORIENTED_EDGE ( 'NONE', *, *, #5660, .T. ) ;
#337 = DIRECTION ( 'NONE',  ( -0.0000000000000000000, 0.0000000000000000000, 1.000000000000000000 ) ) ;
#338 = DIRECTION ( 'NONE',  ( -0.0000000000000000000, 0.0000000000000000000, 1.000000000000000000 ) ) ;
#339 =( LENGTH_UNIT ( ) NAMED_UNIT ( * ) SI_UNIT ( .MILLI., .METRE. ) );
#340 = VECTOR ( 'NONE', #7194, 1000.000000000000000 ) ;
#341 = FACE_OUTER_BOUND ( 'NONE', #5531, .T. ) ;
#342 = UNCERTAINTY_MEASURE_WITH_UNIT (LENGTH_MEASURE( 1.000000000000000100E-005 ), #652, 'distance_accuracy_value', 'NONE');
#343 =( LENGTH_UNIT ( ) NAMED_UNIT ( * ) SI_UNIT ( .MILLI., .METRE. ) );
#344 = ORIENTED_EDGE ( 'NONE', *, *, #5171, .F. ) ;
#345 = FACE_OUTER_BOUND ( 'NONE', #3124, .T. ) ;
#346 = ORIENTED_EDGE ( 'NONE', *, *, #2967, .F. ) ;
#347 = EDGE_CURVE ( 'NONE', #5144, #364, #9328, .T. ) ;
#348 = VECTOR ( 'NONE', #2825, 1000.000000000000000 ) ;
#349 = CARTESIAN_POINT ( 'NONE',  ( 0.3750000000000000000, -0.0000000000000000000, 0.05000000000000000300 ) ) ;
#350 = AXIS2_PLACEMENT_3D ( 'NONE', #5432, #9271, #3213 ) ;
#351 =( NAMED_UNIT ( * ) SI_UNIT ( $, .STERADIAN. ) SOLID_ANGLE_UNIT ( ) );
#352 = ORIENTED_EDGE ( 'NONE', *, *, #3639, .F. ) ;
#353 = AXIS2_PLACEMENT_3D ( 'NONE', #1788, #9135, #3207 ) ;
#354 = CARTESIAN_POINT ( 'NONE',  ( -1.750000000000000000, 1.058100000000000000, 0.2030000000000000100 ) ) ;
#355 = DIRECTION ( 'NONE',  ( -0.0000000000000000000, 0.0000000000000000000, 1.000000000000000000 ) ) ;
#356 = SURFACE_SIDE_STYLE ('',( #676 ) ) ;
#357 = LINE ( 'NONE', #4731, #7032 ) ;
#358 = ORIENTED_EDGE ( 'NONE', *, *, #4967, .F. ) ;
#359 = EDGE_CURVE ( 'NONE', #521, #4552, #2920, .T. ) ;
#360 = CARTESIAN_POINT ( 'NONE',  ( 1.200000000000000000, 0.3499999999999999800, 0.0000000000000000000 ) ) ;
#361 = AXIS2_PLACEMENT_3D ( 'NONE', #6458, #1212, #7839 ) ;
#362 = CARTESIAN_POINT ( 'NONE',  ( -1.224999981323120500, 1.050000018676879400, 0.04999999999999999600 ) ) ;
#363 = DIRECTION ( 'NONE',  ( -0.0000000000000000000, -0.0000000000000000000, -1.000000000000000000 ) ) ;
#364 = VERTEX_POINT ( 'NONE', #843 ) ;
#365 = CIRCLE ( 'NONE', #6779, 0.04998625954667031100 ) ;
#366 = CARTESIAN_POINT ( 'NONE',  ( 0.0000000000000000000, 0.0000000000000000000, 0.05000000000000000300 ) ) ;
#367 = FILL_AREA_STYLE_COLOUR ( '', #3964 ) ;
#368 = ORIENTED_EDGE ( 'NONE', *, *, #8389, .T. ) ;
#369 = VERTEX_POINT ( 'NONE', #9091 ) ;
#370 = CIRCLE ( 'NONE', #2154, 0.04998625954667008900 ) ;
#371 = DIRECTION ( 'NONE',  ( 0.0000000000000000000, 0.0000000000000000000, 1.000000000000000000 ) ) ;
#372 = DIRECTION ( 'NONE',  ( 1.000000000000000000, 0.0000000000000000000, 0.0000000000000000000 ) ) ;
#373 = CARTESIAN_POINT ( 'NONE',  ( -0.5999999999999999800, -0.8499999999999999800, 0.04999999999999999600 ) ) ;
#374 = DIRECTION ( 'NONE',  ( 1.000000000000000000, 0.0000000000000000000, 0.0000000000000000000 ) ) ;
#375 = EDGE_LOOP ( 'NONE', ( #6502, #7707, #3534, #6320 ) ) ;
#376 = AXIS2_PLACEMENT_3D ( 'NONE', #6191, #6290, #4720 ) ;
#377 = VECTOR ( 'NONE', #5941, 1000.000000000000000 ) ;
#378 = ORIENTED_EDGE ( 'NONE', *, *, #6330, .F. ) ;
#379 = EDGE_CURVE ( 'NONE', #163, #8296, #8863, .T. ) ;
#380 = ORIENTED_EDGE ( 'NONE', *, *, #8891, .F. ) ;
#381 = ORIENTED_EDGE ( 'NONE', *, *, #3403, .T. ) ;
#382 = EDGE_CURVE ( 'NONE', #3361, #728, #9590, .T. ) ;
#383 = ORIENTED_EDGE ( 'NONE', *, *, #3629, .T. ) ;
#384 = LINE ( 'NONE', #4234, #7298 ) ;
#385 = ADVANCED_FACE ( 'NONE', ( #345 ), #3305, .F. ) ;
#386 = DIRECTION ( 'NONE',  ( 0.0000000000000000000, 0.0000000000000000000, 1.000000000000000000 ) ) ;
#387 = DIRECTION ( 'NONE',  ( 1.000000000000000000, 0.0000000000000000000, 0.0000000000000000000 ) ) ;
#388 = DIRECTION ( 'NONE',  ( 0.0000000000000000000, -1.000000000000000000, 0.0000000000000000000 ) ) ;
#389 = CARTESIAN_POINT ( 'NONE',  ( 1.200000000000000000, 0.8750000000000000000, 0.0000000000000000000 ) ) ;
#390 = ORIENTED_EDGE ( 'NONE', *, *, #2895, .T. ) ;
#391 = CARTESIAN_POINT ( 'NONE',  ( 1.200000000000000000, 0.5500000000000000400, 0.2030000000000000100 ) ) ;
#392 = VERTEX_POINT ( 'NONE', #8704 ) ;
#393 = VECTOR ( 'NONE', #4138, 1000.000000000000000 ) ;
#394 = AXIS2_PLACEMENT_3D ( 'NONE', #3977, #6876, #247 ) ;
#395 = EDGE_CURVE ( 'NONE', #5297, #8742, #114, .T. ) ;
#396 = EDGE_CURVE ( 'NONE', #9404, #597, #2348, .T. ) ;
#397 = DIRECTION ( 'NONE',  ( 0.4843988282697542200, 0.8748472867711765100, 0.0000000000000000000 ) ) ;
#398 = ORIENTED_EDGE ( 'NONE', *, *, #5258, .T. ) ;
#399 = CARTESIAN_POINT ( 'NONE',  ( -0.5500000000000000400, 0.0000000000000000000, 0.2030000000000000100 ) ) ;
#400 = LINE ( 'NONE', #285, #2750 ) ;
#401 = CARTESIAN_POINT ( 'NONE',  ( 0.5999999999999999800, -0.6500000000000001300, 0.2030000000000000100 ) ) ;
#402 = VECTOR ( 'NONE', #6537, 1000.000000000000000 ) ;
#403 = FILL_AREA_STYLE ('',( #4104 ) ) ;
#404 = CARTESIAN_POINT ( 'NONE',  ( -1.712530996695474500, -1.500013750063923200, 0.2030000000000000100 ) ) ;
#405 = DIRECTION ( 'NONE',  ( -1.000000000000000000, 0.0000000000000000000, 0.0000000000000000000 ) ) ;
#406 = CARTESIAN_POINT ( 'NONE',  ( -0.0000000000000000000, -0.6500000000000001300, 0.0000000000000000000 ) ) ;
#407 = VERTEX_POINT ( 'NONE', #4273 ) ;
#408 = SURFACE_SIDE_STYLE ('',( #3198 ) ) ;
#409 = EDGE_CURVE ( 'NONE', #771, #7216, #5632, .T. ) ;
#410 = AXIS2_PLACEMENT_3D ( 'NONE', #8031, #3609, #1281 ) ;
#411 = LINE ( 'NONE', #3922, #4044 ) ;
#412 = AXIS2_PLACEMENT_3D ( 'NONE', #2130, #8824, #4362 ) ;
#413 = PLANE ( 'NONE',  #1438 ) ;
#414 = ORIENTED_EDGE ( 'NONE', *, *, #4176, .F. ) ;
#415 = CARTESIAN_POINT ( 'NONE',  ( -0.3750000096105933800, 1.837530996695474500, 0.0000000000000000000 ) ) ;
#416 = ORIENTED_EDGE ( 'NONE', *, *, #1976, .T. ) ;
#417 = ORIENTED_EDGE ( 'NONE', *, *, #2672, .T. ) ;
#418 = CARTESIAN_POINT ( 'NONE',  ( 0.2750000000000000200, -0.5000000000000000000, 0.0000000000000000000 ) ) ;
#419 = CYLINDRICAL_SURFACE ( 'NONE', #2678, 0.04998625954667008900 ) ;
#420 = PLANE ( 'NONE',  #3802 ) ;
#421 = DIRECTION ( 'NONE',  ( -1.000000000000000000, 0.0000000000000000000, 0.0000000000000000000 ) ) ;
#422 = ORIENTED_EDGE ( 'NONE', *, *, #5083, .T. ) ;
#423 = ORIENTED_EDGE ( 'NONE', *, *, #1850, .F. ) ;
#424 = CARTESIAN_POINT ( 'NONE',  ( 0.0000000000000000000, 0.8249999999999999600, 0.2030000000000000100 ) ) ;
#425 = LINE ( 'NONE', #3015, #6639 ) ;
#427 = VERTEX_POINT ( 'NONE', #9386 ) ;
#426 = CARTESIAN_POINT ( 'NONE',  ( -0.5999999626462408900, -1.500000037353759200, 0.04999999999999999600 ) ) ;
#428 = ADVANCED_FACE ( 'NONE', ( #6094 ), #483, .F. ) ;
#429 = DIRECTION ( 'NONE',  ( 0.0000000000000000000, -0.0000000000000000000, -1.000000000000000000 ) ) ;
#430 = VERTEX_POINT ( 'NONE', #4961 ) ;
#431 = FACE_OUTER_BOUND ( 'NONE', #9085, .T. ) ;
#432 = DIRECTION ( 'NONE',  ( -0.0000000000000000000, 0.0000000000000000000, 1.000000000000000000 ) ) ;
#433 = CYLINDRICAL_SURFACE ( 'NONE', #7323, 0.04998625954667031100 ) ;
#434 = LINE ( 'NONE', #8654, #7224 ) ;
#435 = DIRECTION ( 'NONE',  ( 0.0000000000000000000, -1.000000000000000000, 0.0000000000000000000 ) ) ;
#436 = EDGE_CURVE ( 'NONE', #9675, #3471, #2132, .T. ) ;
#437 = ORIENTED_EDGE ( 'NONE', *, *, #6038, .F. ) ;
#438 = CARTESIAN_POINT ( 'NONE',  ( -0.0000000000000000000, 1.875000000000000000, 0.0000000000000000000 ) ) ;
#439 = VERTEX_POINT ( 'NONE', #5763 ) ;
#440 = ORIENTED_EDGE ( 'NONE', *, *, #5596, .F. ) ;
#441 = ORIENTED_EDGE ( 'NONE', *, *, #5101, .F. ) ;
#442 = LINE ( 'NONE', #3389, #5012 ) ;
#443 = CARTESIAN_POINT ( 'NONE',  ( -1.200000000000000000, 0.0000000000000000000, 0.0000000000000000000 ) ) ;
#444 = CARTESIAN_POINT ( 'NONE',  ( -0.03633650262043652100, 0.02016510538834628100, 0.8009000000000000600 ) ) ;
#445 = VECTOR ( 'NONE', #1720, 1000.000000000000000 ) ;
#446 = CARTESIAN_POINT ( 'NONE',  ( -0.5500000000000000400, -1.399999999999999900, 0.2030000000000000100 ) ) ;
#447 = CARTESIAN_POINT ( 'NONE',  ( -0.5500000000000000400, 0.0000000000000000000, 0.2030000000000000100 ) ) ;
#448 =( NAMED_UNIT ( * ) PLANE_ANGLE_UNIT ( ) SI_UNIT ( $, .RADIAN. ) );
#449 = AXIS2_PLACEMENT_3D ( 'NONE', #450, #2744, #1974 ) ;
#450 = CARTESIAN_POINT ( 'NONE',  ( 1.712530996695474700, 1.374986249936076800, 0.0000000000000000000 ) ) ;
#451 = EDGE_CURVE ( 'NONE', #8190, #7602, #4611, .T. ) ;
#452 = VERTEX_POINT ( 'NONE', #4994 ) ;
#453 = EDGE_CURVE ( 'NONE', #6032, #5970, #5800, .T. ) ;
#454 = ORIENTED_EDGE ( 'NONE', *, *, #3219, .T. ) ;
#455 = LINE ( 'NONE', #6459, #6189 ) ;
#456 = CYLINDRICAL_SURFACE ( 'NONE', #3217, 0.04304031270000008300 ) ;
#457 = CARTESIAN_POINT ( 'NONE',  ( 1.125000000000000200, 1.837499999999999900, 0.0000000000000000000 ) ) ;
#458 = FACE_OUTER_BOUND ( 'NONE', #5379, .T. ) ;
#459 = VERTEX_POINT ( 'NONE', #9499 ) ;
#460 = DIRECTION ( 'NONE',  ( 0.0000000000000000000, -0.0000000000000000000, 1.000000000000000000 ) ) ;
#461 = ORIENTED_EDGE ( 'NONE', *, *, #7479, .T. ) ;
#462 = ORIENTED_EDGE ( 'NONE', *, *, #7160, .F. ) ;
#463 = CIRCLE ( 'NONE', #1498, 0.09999992529250950600 ) ;
#464 = LINE ( 'NONE', #2260, #1051 ) ;
#465 = CARTESIAN_POINT ( 'NONE',  ( -1.740000000000000000, 1.865000000000000200, 0.2029999999999999600 ) ) ;
#466 = EDGE_CURVE ( 'NONE', #549, #4711, #4847, .T. ) ;
#467 = ORIENTED_EDGE ( 'NONE', *, *, #945, .T. ) ;
#468 = AXIS2_PLACEMENT_3D ( 'NONE', #4132, #2585, #5657 ) ;
#469 = CARTESIAN_POINT ( 'NONE',  ( 0.5999999999999999800, -0.8499999999999999800, 0.04999999999999999600 ) ) ;
#470 = AXIS2_PLACEMENT_3D ( 'NONE', #5102, #1457, #7423 ) ;
#471 = CARTESIAN_POINT ( 'NONE',  ( -1.125000000000000200, 1.500000000000000000, 0.2030000000000000100 ) ) ;
#472 = ORIENTED_EDGE ( 'NONE', *, *, #5147, .T. ) ;
#473 = CARTESIAN_POINT ( 'NONE',  ( -1.175036249936076700, -1.837420233362311800, 0.2030000000000000100 ) ) ;
#474 = FACE_OUTER_BOUND ( 'NONE', #6810, .T. ) ;
#475 = LINE ( 'NONE', #6083, #1658 ) ;
#476 = ORIENTED_EDGE ( 'NONE', *, *, #7479, .F. ) ;
#477 = EDGE_CURVE ( 'NONE', #2016, #6129, #8233, .T. ) ;
#478 = ADVANCED_FACE ( 'NONE', ( #3454 ), #8032, .T. ) ;
#479 = EDGE_CURVE ( 'NONE', #123, #1964, #3485, .T. ) ;
#480 = AXIS2_PLACEMENT_3D ( 'NONE', #5402, #6774, #2342 ) ;
#481 = DIRECTION ( 'NONE',  ( -0.0000000000000000000, -0.0000000000000000000, -1.000000000000000000 ) ) ;
#482 = ORIENTED_EDGE ( 'NONE', *, *, #4292, .F. ) ;
#483 = PLANE ( 'NONE',  #9347 ) ;
#484 = AXIS2_PLACEMENT_3D ( 'NONE', #7536, #8947, #6711 ) ;
#485 = DIRECTION ( 'NONE',  ( 1.000000000000000000, 0.0000000000000000000, 0.0000000000000000000 ) ) ;
#486 = PRESENTATION_STYLE_ASSIGNMENT (( #6726 ) ) ;
#487 = ORIENTED_EDGE ( 'NONE', *, *, #6800, .F. ) ;
#488 = DIRECTION ( 'NONE',  ( -0.0000000000000000000, -0.0000000000000000000, -1.000000000000000000 ) ) ;
#489 = SURFACE_STYLE_USAGE ( .BOTH. , #7874 ) ;
#490 = DIRECTION ( 'NONE',  ( 0.0000000000000000000, 1.000000000000000000, 0.0000000000000000000 ) ) ;
#491 = CARTESIAN_POINT ( 'NONE',  ( -0.5500000000000000400, -0.8000000000000000400, 0.2030000000000000100 ) ) ;
#492 = ORIENTED_EDGE ( 'NONE', *, *, #6662, .F. ) ;
#493 = CYLINDRICAL_SURFACE ( 'NONE', #7024, 0.04998625954667008900 ) ;
#494 = ORIENTED_EDGE ( 'NONE', *, *, #4339, .F. ) ;
#495 = CARTESIAN_POINT ( 'NONE',  ( 1.740000000000000000, 0.3332240660740821100, 0.2030000000000000100 ) ) ;
#496 = ORIENTED_EDGE ( 'NONE', *, *, #3153, .F. ) ;
#497 = DIRECTION ( 'NONE',  ( 0.0000000000000000000, 0.0000000000000000000, 1.000000000000000000 ) ) ;
#498 = ORIENTED_EDGE ( 'NONE', *, *, #8225, .T. ) ;
#499 = AXIS2_PLACEMENT_3D ( 'NONE', #9619, #9522, #5154 ) ;
#500 = DIRECTION ( 'NONE',  ( -0.0000000000000000000, -0.0000000000000000000, -1.000000000000000000 ) ) ;
#501 = VECTOR ( 'NONE', #6351, 1000.000000000000000 ) ;
#502 = CARTESIAN_POINT ( 'NONE',  ( -0.5500000000000000400, 0.0000000000000000000, 0.2030000000000000100 ) ) ;
#503 = ORIENTED_EDGE ( 'NONE', *, *, #3858, .T. ) ;
#504 = LINE ( 'NONE', #8204, #8795 ) ;
#505 = CARTESIAN_POINT ( 'NONE',  ( -1.200000000000000000, 0.5500000000000000400, 0.04999999999999999600 ) ) ;
#506 = ORIENTED_EDGE ( 'NONE', *, *, #8403, .F. ) ;
#507 = DIRECTION ( 'NONE',  ( 0.0000000000000000000, -1.000000000000000000, 0.0000000000000000000 ) ) ;
#508 = DIRECTION ( 'NONE',  ( -0.0000000000000000000, -0.0000000000000000000, -1.000000000000000000 ) ) ;
#509 = VECTOR ( 'NONE', #4033, 1000.000000000000000 ) ;
#510 = DIRECTION ( 'NONE',  ( -1.000000000000000000, 0.0000000000000000000, 0.0000000000000000000 ) ) ;
#511 = EDGE_CURVE ( 'NONE', #2923, #1596, #8817, .T. ) ;
#512 = EDGE_CURVE ( 'NONE', #6082, #7905, #8006, .T. ) ;
#513 = CARTESIAN_POINT ( 'NONE',  ( -0.0000000000000000000, -1.875000000000000000, 0.0000000000000000000 ) ) ;
#514 = ORIENTED_EDGE ( 'NONE', *, *, #4800, .F. ) ;
#515 = CIRCLE ( 'NONE', #2511, 0.4066519701324284900 ) ;
#516 = DIRECTION ( 'NONE',  ( 0.0000000000000000000, -0.0000000000000000000, 1.000000000000000000 ) ) ;
#517 = DIRECTION ( 'NONE',  ( -1.000000000000000000, -0.0000000000000000000, -0.0000000000000000000 ) ) ;
#518 = FACE_OUTER_BOUND ( 'NONE', #4070, .T. ) ;
#519 = SURFACE_STYLE_USAGE ( .BOTH. , #4147 ) ;
#520 = PLANE ( 'NONE',  #6005 ) ;
#521 = VERTEX_POINT ( 'NONE', #647 ) ;
#522 = UNCERTAINTY_MEASURE_WITH_UNIT (LENGTH_MEASURE( 1.000000000000000100E-005 ), #899, 'distance_accuracy_value', 'NONE');
#523 = ORIENTED_EDGE ( 'NONE', *, *, #1152, .F. ) ;
#524 = AXIS2_PLACEMENT_3D ( 'NONE', #6682, #158, #226 ) ;
#525 = DIRECTION ( 'NONE',  ( 1.000000000000000000, 0.0000000000000000000, 0.0000000000000000000 ) ) ;
#526 = PRESENTATION_STYLE_ASSIGNMENT (( #5827 ) ) ;
#527 = EDGE_CURVE ( 'NONE', #3123, #4352, #9276, .T. ) ;
#528 = DIRECTION ( 'NONE',  ( 0.4830537896857237100, -0.8755906784966709400, 0.0000000000000000000 ) ) ;
#529 = EDGE_CURVE ( 'NONE', #6602, #3410, #5967, .T. ) ;
#530 = CARTESIAN_POINT ( 'NONE',  ( 1.200000000000000000, 0.5500000000000000400, 0.04999999999999999600 ) ) ;
#531 = DIRECTION ( 'NONE',  ( -0.0000000000000000000, -0.0000000000000000000, -1.000000000000000000 ) ) ;
#532 = CARTESIAN_POINT ( 'NONE',  ( 1.750000000000000000, 0.0000000000000000000, 0.2030000000000000100 ) ) ;
#533 = ADVANCED_FACE ( 'NONE', ( #3938 ), #6694, .F. ) ;
#534 = ORIENTED_EDGE ( 'NONE', *, *, #6475, .F. ) ;
#535 = VERTEX_POINT ( 'NONE', #2173 ) ;
#536 = ORIENTED_EDGE ( 'NONE', *, *, #8508, .T. ) ;
#537 = DIRECTION ( 'NONE',  ( 1.000000000000000000, 0.0000000000000000000, 0.0000000000000000000 ) ) ;
#538 = CIRCLE ( 'NONE', #59, 0.04999996264625481600 ) ;
#539 = CARTESIAN_POINT ( 'NONE',  ( -1.740000000000000000, -1.865000000000000200, 0.2029999999999999600 ) ) ;
#540 = FILL_AREA_STYLE ('',( #1997 ) ) ;
#541 = EDGE_CURVE ( 'NONE', #8578, #9441, #160, .T. ) ;
#542 = DIRECTION ( 'NONE',  ( -0.0000000000000000000, -0.0000000000000000000, -1.000000000000000000 ) ) ;
#543 = EDGE_CURVE ( 'NONE', #7195, #7051, #7882, .T. ) ;
#544 = AXIS2_PLACEMENT_3D ( 'NONE', #5512, #1833, #9181 ) ;
#545 = ORIENTED_EDGE ( 'NONE', *, *, #9053, .T. ) ;
#546 = EDGE_LOOP ( 'NONE', ( #9353, #4616 ) ) ;
#547 = AXIS2_PLACEMENT_3D ( 'NONE', #6250, #131, #5363 ) ;
#548 = LINE ( 'NONE', #354, #9179 ) ;
#549 = VERTEX_POINT ( 'NONE', #6812 ) ;
#550 = CARTESIAN_POINT ( 'NONE',  ( 0.5999999626462407800, -0.8000000373537592400, 0.0000000000000000000 ) ) ;
#551 = ORIENTED_EDGE ( 'NONE', *, *, #1821, .F. ) ;
#552 = DIRECTION ( 'NONE',  ( 0.0000000000000000000, -0.0000000000000000000, 1.000000000000000000 ) ) ;
#553 = ORIENTED_EDGE ( 'NONE', *, *, #8390, .F. ) ;
#554 = EDGE_CURVE ( 'NONE', #2686, #6186, #1655, .T. ) ;
#555 = FACE_OUTER_BOUND ( 'NONE', #3331, .T. ) ;
#556 = LINE ( 'NONE', #3655, #8263 ) ;
#557 = AXIS2_PLACEMENT_3D ( 'NONE', #949, #9223, #286 ) ;
#558 = ORIENTED_EDGE ( 'NONE', *, *, #4529, .T. ) ;
#559 = CARTESIAN_POINT ( 'NONE',  ( -1.524999999999999900, -1.837499999999999900, 0.2030000000000000100 ) ) ;
#560 = VECTOR ( 'NONE', #8815, 1000.000000000000000 ) ;
#561 = ORIENTED_EDGE ( 'NONE', *, *, #7026, .T. ) ;
#562 = ORIENTED_EDGE ( 'NONE', *, *, #8247, .F. ) ;
#563 = CARTESIAN_POINT ( 'NONE',  ( 0.0000000000000000000, 0.0000000000000000000, 0.0000000000000000000 ) ) ;
#564 = CARTESIAN_POINT ( 'NONE',  ( 0.03465738607206819000, -0.01924396240038802100, 0.8009000000000000600 ) ) ;
#565 = VECTOR ( 'NONE', #7914, 1000.000000000000000 ) ;
#566 = LINE ( 'NONE', #3651, #8270 ) ;
#567 = CIRCLE ( 'NONE', #224, 0.04999996264625481600 ) ;
#568 = CARTESIAN_POINT ( 'NONE',  ( 1.712530996695474900, 0.5250137500639231500, 0.2030000000000000100 ) ) ;
#569 = DIRECTION ( 'NONE',  ( 0.0000000000000000000, -1.000000000000000000, 0.0000000000000000000 ) ) ;
#570 = ORIENTED_EDGE ( 'NONE', *, *, #6330, .T. ) ;
#571 = ORIENTED_EDGE ( 'NONE', *, *, #7162, .F. ) ;
#572 = DIRECTION ( 'NONE',  ( 0.0000000000000000000, 1.000000000000000000, -0.0000000000000000000 ) ) ;
#573 = CARTESIAN_POINT ( 'NONE',  ( -1.200000000000000000, 0.3499999999999999800, 0.2030000000000000100 ) ) ;
#574 = VECTOR ( 'NONE', #7586, 1000.000000000000000 ) ;
#575 = LINE ( 'NONE', #7575, #207 ) ;
#576 = ORIENTED_EDGE ( 'NONE', *, *, #6615, .F. ) ;
#577 = CARTESIAN_POINT ( 'NONE',  ( 1.740000000000000000, -1.865000000000000200, 0.2029999999999999600 ) ) ;
#578 = DIRECTION ( 'NONE',  ( 0.0000000000000000000, 0.0000000000000000000, 1.000000000000000000 ) ) ;
#579 = VERTEX_POINT ( 'NONE', #9022 ) ;
#580 = ORIENTED_EDGE ( 'NONE', *, *, #5769, .F. ) ;
#581 = ADVANCED_FACE ( 'NONE', ( #1912 ), #5952, .T. ) ;
#582 = FACE_OUTER_BOUND ( 'NONE', #112, .T. ) ;
#583 = CARTESIAN_POINT ( 'NONE',  ( -0.8750000096105933200, 1.837530996695474500, 0.04999999999999999600 ) ) ;
#584 = VECTOR ( 'NONE', #1120, 1000.000000000000000 ) ;
#585 = VECTOR ( 'NONE', #7514, 1000.000000000000000 ) ;
#586 = ORIENTED_EDGE ( 'NONE', *, *, #5306, .T. ) ;
#587 = CARTESIAN_POINT ( 'NONE',  ( -0.0000000000000000000, 1.325000000000000000, 0.0000000000000000000 ) ) ;
#588 = STYLED_ITEM ( 'NONE', ( #4335 ), #7446 ) ;
#589 = DIRECTION ( 'NONE',  ( -0.4906998822216377400, 0.8713286553233922100, 0.0000000000000000000 ) ) ;
#590 = EDGE_CURVE ( 'NONE', #9149, #123, #5366, .T. ) ;
#591 = EDGE_CURVE ( 'NONE', #4404, #7560, #6261, .T. ) ;
#592 = DIRECTION ( 'NONE',  ( 0.0000000000000000000, -0.0000000000000000000, 1.000000000000000000 ) ) ;
#593 = ORIENTED_EDGE ( 'NONE', *, *, #8546, .T. ) ;
#594 = CARTESIAN_POINT ( 'NONE',  ( 1.712530996695474500, -1.500013750063923200, 0.04999999999999999600 ) ) ;
#595 = CIRCLE ( 'NONE', #7800, 0.04998625954667031100 ) ;
#596 = LINE ( 'NONE', #2516, #4467 ) ;
#597 = VERTEX_POINT ( 'NONE', #9655 ) ;
#598 = CARTESIAN_POINT ( 'NONE',  ( 0.0000000000000000000, 1.875000000000000000, 0.2030000000000000100 ) ) ;
#599 = CARTESIAN_POINT ( 'NONE',  ( 1.750000000000000000, 1.608100000000000100, 0.2030000000000000100 ) ) ;
#600 = DIRECTION ( 'NONE',  ( -0.0000000000000000000, 0.0000000000000000000, 1.000000000000000000 ) ) ;
#601 = ORIENTED_EDGE ( 'NONE', *, *, #1792, .F. ) ;
#602 = DIRECTION ( 'NONE',  ( -0.0000000000000000000, 0.0000000000000000000, 1.000000000000000000 ) ) ;
#603 = EDGE_CURVE ( 'NONE', #1616, #142, #1310, .T. ) ;
#604 = AXIS2_PLACEMENT_3D ( 'NONE', #2870, #8833, #4479 ) ;
#605 = VERTEX_POINT ( 'NONE', #8249 ) ;
#606 = VECTOR ( 'NONE', #1870, 1000.000000000000000 ) ;
#607 = FILL_AREA_STYLE_COLOUR ( '', #9344 ) ;
#608 = CARTESIAN_POINT ( 'NONE',  ( 1.224999981323120500, 0.5500000186768795300, 0.04999999999999999600 ) ) ;
#609 = DIRECTION ( 'NONE',  ( -1.000000000000000000, 2.169000405948009100E-015, 0.0000000000000000000 ) ) ;
#610 = EDGE_LOOP ( 'NONE', ( #74, #5202, #2657, #8877, #5359, #5487 ) ) ;
#611 = LINE ( 'NONE', #9467, #7634 ) ;
#612 = ORIENTED_EDGE ( 'NONE', *, *, #7027, .T. ) ;
#613 = ORIENTED_EDGE ( 'NONE', *, *, #5479, .T. ) ;
#614 = LINE ( 'NONE', #5691, #5656 ) ;
#615 = EDGE_CURVE ( 'NONE', #5104, #8115, #2144, .T. ) ;
#616 = CARTESIAN_POINT ( 'NONE',  ( 0.2249637500639230800, -1.837420233362311800, 0.04999999999999999600 ) ) ;
#617 = DIRECTION ( 'NONE',  ( -1.000000000000000000, 0.0000000000000000000, 0.0000000000000000000 ) ) ;
#618 = VERTEX_POINT ( 'NONE', #7483 ) ;
#619 = CARTESIAN_POINT ( 'NONE',  ( 0.2554399259999999800, -0.1856274672000000100, 0.8009000000000000600 ) ) ;
#620 = CIRCLE ( 'NONE', #6518, 0.04999996264625471100 ) ;
#621 = ORIENTED_EDGE ( 'NONE', *, *, #5785, .F. ) ;
#622 = ORIENTED_EDGE ( 'NONE', *, *, #4951, .F. ) ;
#623 = ORIENTED_EDGE ( 'NONE', *, *, #765, .F. ) ;
#624 = CYLINDRICAL_SURFACE ( 'NONE', #2451, 0.04998625954667008900 ) ;
#625 = CARTESIAN_POINT ( 'NONE',  ( -1.740000000000000000, -1.865000000000000200, 0.8000000000000000400 ) ) ;
#626 = DIRECTION ( 'NONE',  ( 1.000000000000000000, 0.0000000000000000000, 0.0000000000000000000 ) ) ;
#627 = CARTESIAN_POINT ( 'NONE',  ( 0.3249433163616379200, 1.374986044749599000, 0.2030000000000000100 ) ) ;
#628 = ORIENTED_EDGE ( 'NONE', *, *, #591, .F. ) ;
#629 = AXIS2_PLACEMENT_3D ( 'NONE', #2372, #4718, #8367 ) ;
#630 = DIRECTION ( 'NONE',  ( 0.0000000000000000000, -0.0000000000000000000, 1.000000000000000000 ) ) ;
#631 = ADVANCED_FACE ( 'NONE', ( #4466 ), #5314, .T. ) ;
#632 = EDGE_CURVE ( 'NONE', #7138, #1169, #2700, .T. ) ;
#633 = SURFACE_STYLE_FILL_AREA ( #9097 ) ;
#634 = CARTESIAN_POINT ( 'NONE',  ( 0.5500000000000000400, -1.500000000000000000, 0.04999999999999999600 ) ) ;
#635 = DIRECTION ( 'NONE',  ( 0.0000000000000000000, -0.0000000000000000000, 1.000000000000000000 ) ) ;
#636 = ORIENTED_EDGE ( 'NONE', *, *, #3823, .T. ) ;
#637 = ORIENTED_EDGE ( 'NONE', *, *, #46, .F. ) ;
#638 = CARTESIAN_POINT ( 'NONE',  ( -0.1750566836383621000, 1.374986044749599200, 0.0000000000000000000 ) ) ;
#639 = CARTESIAN_POINT ( 'NONE',  ( 0.1999999252924818100, -1.299999925292481900, 0.04999999999999999600 ) ) ;
#640 = VERTEX_POINT ( 'NONE', #835 ) ;
#641 = CIRCLE ( 'NONE', #997, 0.04998625954667031100 ) ;
#642 = CARTESIAN_POINT ( 'NONE',  ( -0.8750000000000000000, -0.0000000000000000000, 0.05000000000000000300 ) ) ;
#643 = EDGE_CURVE ( 'NONE', #8361, #8676, #1194, .T. ) ;
#644 = EDGE_CURVE ( 'NONE', #984, #1112, #6435, .T. ) ;
#645 = VERTEX_POINT ( 'NONE', #8222 ) ;
#646 = ORIENTED_EDGE ( 'NONE', *, *, #2575, .T. ) ;
#647 = CARTESIAN_POINT ( 'NONE',  ( 0.1465623180000000000, -0.1856274672000000100, 0.8009000000000000600 ) ) ;
#648 = UNCERTAINTY_MEASURE_WITH_UNIT (LENGTH_MEASURE( 1.000000000000000100E-005 ), #3164, 'distance_accuracy_value', 'NONE');
#649 = ORIENTED_EDGE ( 'NONE', *, *, #4839, .F. ) ;
#650 = CARTESIAN_POINT ( 'NONE',  ( -1.712500000000000100, 1.625000000000000200, 0.04999999999999999600 ) ) ;
#651 = LINE ( 'NONE', #6952, #3923 ) ;
#652 =( LENGTH_UNIT ( ) NAMED_UNIT ( * ) SI_UNIT ( .MILLI., .METRE. ) );
#653 = DIRECTION ( 'NONE',  ( -0.0000000000000000000, -1.000000000000000000, -0.0000000000000000000 ) ) ;
#654 = EDGE_LOOP ( 'NONE', ( #7316, #2621, #5094, #5280 ) ) ;
#655 =( NAMED_UNIT ( * ) PLANE_ANGLE_UNIT ( ) SI_UNIT ( $, .RADIAN. ) );
#656 = ORIENTED_EDGE ( 'NONE', *, *, #6404, .T. ) ;
#657 = ORIENTED_EDGE ( 'NONE', *, *, #6448, .F. ) ;
#658 = EDGE_CURVE ( 'NONE', #5981, #1522, #8646, .T. ) ;
#659 = CARTESIAN_POINT ( 'NONE',  ( -1.225000000000000100, 1.075000000000000000, 0.04999999999999999600 ) ) ;
#660 = AXIS2_PLACEMENT_3D ( 'NONE', #1834, #5622, #3291 ) ;
#661 = DIRECTION ( 'NONE',  ( -1.000000000000000000, -0.0000000000000000000, -0.0000000000000000000 ) ) ;
#662 = DIRECTION ( 'NONE',  ( -0.0000000000000000000, -0.0000000000000000000, -1.000000000000000000 ) ) ;
#663 = CARTESIAN_POINT ( 'NONE',  ( 1.133224066074082400, -1.865000000000000200, 0.04999999999999999600 ) ) ;
#664 = CARTESIAN_POINT ( 'NONE',  ( -0.2000000000000000100, -1.700000000000000000, 0.04999999999999999600 ) ) ;
#665 = VERTEX_POINT ( 'NONE', #8966 ) ;
#666 = CARTESIAN_POINT ( 'NONE',  ( 1.740000000000000000, 0.8332240660740820600, 0.2030000000000000100 ) ) ;
#667 = ORIENTED_EDGE ( 'NONE', *, *, #1510, .T. ) ;
#668 = CIRCLE ( 'NONE', #3642, 0.04998625954667008900 ) ;
#669 = CIRCLE ( 'NONE', #5890, 0.04998625954667008900 ) ;
#670 = EDGE_CURVE ( 'NONE', #1082, #6142, #7731, .T. ) ;
#671 = CARTESIAN_POINT ( 'NONE',  ( -1.225000000000000100, 0.5749999999999999600, 0.2030000000000000100 ) ) ;
#672 = EDGE_CURVE ( 'NONE', #5322, #459, #710, .T. ) ;
#673 = AXIS2_PLACEMENT_3D ( 'NONE', #4026, #7301, #2814 ) ;
#674 = DIRECTION ( 'NONE',  ( -0.0000000000000000000, -1.000000000000000000, -0.0000000000000000000 ) ) ;
#675 = ORIENTED_EDGE ( 'NONE', *, *, #1026, .T. ) ;
#676 = SURFACE_STYLE_FILL_AREA ( #4090 ) ;
#677 = DIRECTION ( 'NONE',  ( -0.0000000000000000000, 0.0000000000000000000, 1.000000000000000000 ) ) ;
#678 = CARTESIAN_POINT ( 'NONE',  ( 0.0000000000000000000, 0.5749999999999999600, 0.05000000000000000300 ) ) ;
#679 = ORIENTED_EDGE ( 'NONE', *, *, #670, .F. ) ;
#680 = CARTESIAN_POINT ( 'NONE',  ( 0.0000000000000000000, 1.875000000000000000, 0.2030000000000000100 ) ) ;
#681 = FACE_OUTER_BOUND ( 'NONE', #3316, .T. ) ;
#682 = ORIENTED_EDGE ( 'NONE', *, *, #477, .F. ) ;
#683 =( NAMED_UNIT ( * ) PLANE_ANGLE_UNIT ( ) SI_UNIT ( $, .RADIAN. ) );
#684 = ORIENTED_EDGE ( 'NONE', *, *, #6522, .F. ) ;
#685 = STYLED_ITEM ( 'NONE', ( #7883 ), #4463 ) ;
#686 = LINE ( 'NONE', #3730, #803 ) ;
#687 = DIRECTION ( 'NONE',  ( 1.000000000000000000, -0.0000000000000000000, -0.0000000000000000000 ) ) ;
#688 = FACE_OUTER_BOUND ( 'NONE', #1569, .T. ) ;
#689 = VECTOR ( 'NONE', #6858, 1000.000000000000000 ) ;
#690 = CARTESIAN_POINT ( 'NONE',  ( 1.750000000000000000, -0.6669000000000001600, 0.2030000000000000100 ) ) ;
#691 = CARTESIAN_POINT ( 'NONE',  ( -1.175036249936076700, 1.837420233362311800, 0.04999999999999999600 ) ) ;
#692 = ORIENTED_EDGE ( 'NONE', *, *, #8963, .T. ) ;
#693 = CIRCLE ( 'NONE', #4924, 0.09999992529250954800 ) ;
#694 = FACE_OUTER_BOUND ( 'NONE', #1187, .T. ) ;
#695 = CARTESIAN_POINT ( 'NONE',  ( 1.740000000000000000, 1.865000000000000200, 0.2029999999999999600 ) ) ;
#696 = ORIENTED_EDGE ( 'NONE', *, *, #46, .T. ) ;
#697 = AXIS2_PLACEMENT_3D ( 'NONE', #2357, #875, #3853 ) ;
#698 = ORIENTED_EDGE ( 'NONE', *, *, #6027, .T. ) ;
#699 = ORIENTED_EDGE ( 'NONE', *, *, #33, .T. ) ;
#700 = UNCERTAINTY_MEASURE_WITH_UNIT (LENGTH_MEASURE( 1.000000000000000100E-005 ), #6703, 'distance_accuracy_value', 'NONE');
#701 = CIRCLE ( 'NONE', #8420, 0.03864122785523647900 ) ;
#702 = DIRECTION ( 'NONE',  ( 1.000000000000000000, 0.0000000000000000000, -0.0000000000000000000 ) ) ;
#703 = VECTOR ( 'NONE', #7064, 1000.000000000000000 ) ;
#704 = CIRCLE ( 'NONE', #5114, 0.02499998132312751500 ) ;
#705 = ORIENTED_EDGE ( 'NONE', *, *, #161, .T. ) ;
#706 = FILL_AREA_STYLE_COLOUR ( '', #6410 ) ;
#707 = DIRECTION ( 'NONE',  ( 0.0000000000000000000, -0.0000000000000000000, -1.000000000000000000 ) ) ;
#708 = ORIENTED_EDGE ( 'NONE', *, *, #5802, .T. ) ;
#709 = DIRECTION ( 'NONE',  ( -0.0000000000000000000, -0.0000000000000000000, -1.000000000000000000 ) ) ;
#710 = CIRCLE ( 'NONE', #3801, 0.04999996264625481600 ) ;
#711 = DIRECTION ( 'NONE',  ( 0.0000000000000000000, 1.000000000000000000, 0.0000000000000000000 ) ) ;
#712 = SURFACE_SIDE_STYLE ('',( #6333 ) ) ;
#713 = VECTOR ( 'NONE', #7619, 1000.000000000000000 ) ;
#714 = EDGE_CURVE ( 'NONE', #2688, #3459, #9352, .T. ) ;
#715 = VERTEX_POINT ( 'NONE', #3878 ) ;
#716 = DIRECTION ( 'NONE',  ( -0.0000000000000000000, 0.0000000000000000000, 1.000000000000000000 ) ) ;
#717 = ORIENTED_EDGE ( 'NONE', *, *, #9398, .T. ) ;
#718 = CARTESIAN_POINT ( 'NONE',  ( 0.0000000000000000000, -0.5000000000000000000, 0.2030000000000000100 ) ) ;
#719 = CARTESIAN_POINT ( 'NONE',  ( 0.0000000000000000000, 1.625000000000000200, 0.2030000000000000100 ) ) ;
#720 = ORIENTED_EDGE ( 'NONE', *, *, #2110, .T. ) ;
#721 = DIRECTION ( 'NONE',  ( 0.0000000000000000000, -0.0000000000000000000, 1.000000000000000000 ) ) ;
#722 = LINE ( 'NONE', #1672, #2028 ) ;
#723 = ADVANCED_FACE ( 'NONE', ( #239 ), #7617, .F. ) ;
#724 = CARTESIAN_POINT ( 'NONE',  ( -1.225000000000000100, 0.5749999999999999600, 0.0000000000000000000 ) ) ;
#725 = AXIS2_PLACEMENT_3D ( 'NONE', #5190, #5092, #737 ) ;
#726 = CARTESIAN_POINT ( 'NONE',  ( -1.384879297753362800, 1.546851659654180400, 0.7500000000000000000 ) ) ;
#727 = VERTEX_POINT ( 'NONE', #3937 ) ;
#728 = VERTEX_POINT ( 'NONE', #1702 ) ;
#729 = VECTOR ( 'NONE', #4651, 1000.000000000000000 ) ;
#730 = CARTESIAN_POINT ( 'NONE',  ( -0.5999999999999999800, 0.05000000000000000300, 0.2030000000000000100 ) ) ;
#731 = DIRECTION ( 'NONE',  ( -0.0000000000000000000, -0.0000000000000000000, -1.000000000000000000 ) ) ;
#732 = ADVANCED_FACE ( 'NONE', ( #5039 ), #1671, .F. ) ;
#733 = CARTESIAN_POINT ( 'NONE',  ( -0.8250137500639230800, 1.837530996695474500, 0.04999999999999999600 ) ) ;
#734 = ORIENTED_EDGE ( 'NONE', *, *, #7893, .T. ) ;
#735 = CIRCLE ( 'NONE', #6963, 0.04998625954667031100 ) ;
#736 = EDGE_CURVE ( 'NONE', #4034, #1605, #2941, .T. ) ;
#737 = DIRECTION ( 'NONE',  ( 1.000000000000000000, 0.0000000000000000000, 0.0000000000000000000 ) ) ;
#738 = AXIS2_PLACEMENT_3D ( 'NONE', #6671, #8809, #4344 ) ;
#739 = CARTESIAN_POINT ( 'NONE',  ( -0.2250137500639230700, -1.837530996695474500, 0.0000000000000000000 ) ) ;
#740 = EDGE_LOOP ( 'NONE', ( #3691, #1293, #6463, #8144 ) ) ;
#741 = CARTESIAN_POINT ( 'NONE',  ( -0.1999999252924815900, -1.600000074707518300, 0.04999999999999999600 ) ) ;
#742 = CARTESIAN_POINT ( 'NONE',  ( 0.1999999252924818100, -1.299999925292481900, 0.2030000000000000100 ) ) ;
#743 = CARTESIAN_POINT ( 'NONE',  ( 0.8249999999999999600, 1.325000000000000000, 0.04999999999999999600 ) ) ;
#744 = ORIENTED_EDGE ( 'NONE', *, *, #7832, .F. ) ;
#745 = ORIENTED_EDGE ( 'NONE', *, *, #8236, .F. ) ;
#746 = CYLINDRICAL_SURFACE ( 'NONE', #2689, 0.09999992529250952000 ) ;
#747 = LINE ( 'NONE', #4561, #1601 ) ;
#748 = SURFACE_STYLE_USAGE ( .BOTH. , #6764 ) ;
#749 = CARTESIAN_POINT ( 'NONE',  ( -1.740000000000000000, 0.5667759339259179600, 0.2030000000000000100 ) ) ;
#750 = AXIS2_PLACEMENT_3D ( 'NONE', #7013, #3397, #1835 ) ;
#751 = DIRECTION ( 'NONE',  ( 0.0000000000000000000, 0.0000000000000000000, -1.000000000000000000 ) ) ;
#752 = ORIENTED_EDGE ( 'NONE', *, *, #6252, .T. ) ;
#753 = EDGE_CURVE ( 'NONE', #5458, #5650, #5879, .T. ) ;
#754 = PLANE ( 'NONE',  #4376 ) ;
#755 = DIRECTION ( 'NONE',  ( -1.000000000000000000, 0.0000000000000000000, 0.0000000000000000000 ) ) ;
#756 = LINE ( 'NONE', #7866, #996 ) ;
#757 = CARTESIAN_POINT ( 'NONE',  ( -0.0000000000000000000, 1.325000000000000000, 0.0000000000000000000 ) ) ;
#758 = CARTESIAN_POINT ( 'NONE',  ( 1.474963750063923200, 1.837420233362311800, 0.2030000000000000100 ) ) ;
#759 = CARTESIAN_POINT ( 'NONE',  ( -0.0000000000000000000, 1.875000000000000000, 0.0000000000000000000 ) ) ;
#760 = VERTEX_POINT ( 'NONE', #6974 ) ;
#761 = EDGE_LOOP ( 'NONE', ( #2753, #4868, #7685, #7453, #675, #5575 ) ) ;
#762 = DIRECTION ( 'NONE',  ( -1.000000000000000000, 0.0000000000000000000, 0.0000000000000000000 ) ) ;
#763 = MECHANICAL_DESIGN_GEOMETRIC_PRESENTATION_REPRESENTATION (  '', ( #8273 ), #1790 ) ;
#764 = LINE ( 'NONE', #4798, #8596 ) ;
#765 = EDGE_CURVE ( 'NONE', #7411, #1006, #3985, .T. ) ;
#766 = EDGE_CURVE ( 'NONE', #8501, #2916, #5275, .T. ) ;
#767 = ADVANCED_FACE ( 'NONE', ( #474 ), #5472, .T. ) ;
#768 = CARTESIAN_POINT ( 'NONE',  ( -1.712500000000000100, 0.8249999999999999600, 0.04999999999999999600 ) ) ;
#769 = DIRECTION ( 'NONE',  ( 0.0000000000000000000, 0.0000000000000000000, 1.000000000000000000 ) ) ;
#770 = CARTESIAN_POINT ( 'NONE',  ( 1.750000000000000000, -1.366900000000000000, 0.2030000000000000100 ) ) ;
#771 = VERTEX_POINT ( 'NONE', #4695 ) ;
#772 = DIRECTION ( 'NONE',  ( -0.0000000000000000000, 0.0000000000000000000, 1.000000000000000000 ) ) ;
#773 = ORIENTED_EDGE ( 'NONE', *, *, #5959, .F. ) ;
#774 = ORIENTED_EDGE ( 'NONE', *, *, #7101, .F. ) ;
#775 = LINE ( 'NONE', #8066, #3935 ) ;
#776 = ORIENTED_EDGE ( 'NONE', *, *, #2005, .T. ) ;
#777 = DIRECTION ( 'NONE',  ( 1.000000000000000000, 0.0000000000000000000, 0.0000000000000000000 ) ) ;
#778 = ADVANCED_FACE ( 'NONE', ( #9220 ), #5552, .T. ) ;
#779 = EDGE_CURVE ( 'NONE', #6573, #5072, #947, .T. ) ;
#780 = FILL_AREA_STYLE_COLOUR ( '', #8689 ) ;
#781 = EDGE_LOOP ( 'NONE', ( #6604, #7585, #5911, #7691, #102, #155 ) ) ;
#782 = AXIS2_PLACEMENT_3D ( 'NONE', #6725, #2266, #3001 ) ;
#783 = ORIENTED_EDGE ( 'NONE', *, *, #4770, .T. ) ;
#784 = PRESENTATION_LAYER_ASSIGNMENT (  '', '', ( #3301 ) ) ;
#785 = VECTOR ( 'NONE', #952, 1000.000000000000000 ) ;
#786 = FACE_OUTER_BOUND ( 'NONE', #1604, .T. ) ;
#787 = ORIENTED_EDGE ( 'NONE', *, *, #1469, .F. ) ;
#788 = CARTESIAN_POINT ( 'NONE',  ( -0.6262161331061831800, 0.0005078800755116456000, 0.2030000000000000100 ) ) ;
#789 = CARTESIAN_POINT ( 'NONE',  ( -0.05829795300000000000, -0.1856274672000000100, 0.8009000000000000600 ) ) ;
#790 = LINE ( 'NONE', #8749, #2779 ) ;
#791 = ORIENTED_EDGE ( 'NONE', *, *, #7846, .F. ) ;
#792 = DIRECTION ( 'NONE',  ( 0.0000000000000000000, -0.0000000000000000000, 1.000000000000000000 ) ) ;
#793 = EDGE_CURVE ( 'NONE', #3819, #1872, #7392, .T. ) ;
#794 = VECTOR ( 'NONE', #1827, 1000.000000000000000 ) ;
#795 = EDGE_CURVE ( 'NONE', #6817, #6010, #5755, .T. ) ;
#796 = VECTOR ( 'NONE', #3092, 1000.000000000000000 ) ;
#797 = AXIS2_PLACEMENT_3D ( 'NONE', #424, #3447, #4191 ) ;
#798 = CARTESIAN_POINT ( 'NONE',  ( -1.141999999999999900, 1.875000000000000000, 0.2030000000000000100 ) ) ;
#799 = ORIENTED_EDGE ( 'NONE', *, *, #8890, .F. ) ;
#800 = CARTESIAN_POINT ( 'NONE',  ( 0.2000000000000000100, -1.200000000000000000, 0.0000000000000000000 ) ) ;
#801 = ORIENTED_EDGE ( 'NONE', *, *, #9077, .F. ) ;
#802 = SURFACE_STYLE_FILL_AREA ( #6795 ) ;
#803 = VECTOR ( 'NONE', #3005, 1000.000000000000000 ) ;
#804 = CARTESIAN_POINT ( 'NONE',  ( -0.03702534655601882900, -0.02042647827066852700, 0.8009000000000000600 ) ) ;
#805 = FACE_OUTER_BOUND ( 'NONE', #8502, .T. ) ;
#806 = EDGE_LOOP ( 'NONE', ( #7742, #4440, #4342, #4590, #9405, #7604, #5638, #8435, #2681, #6400, #6622, #2611, #6383, #467, #2589, #9561, #1915, #995, #414, #2872, #866, #4058, #4081, #7644, #3009, #7976, #9446, #734, #3984, #5150, #1488 ) ) ;
#807 = DIRECTION ( 'NONE',  ( -0.0000000000000000000, -0.0000000000000000000, -1.000000000000000000 ) ) ;
#808 = DIRECTION ( 'NONE',  ( -1.000000000000000000, 0.0000000000000000000, 0.0000000000000000000 ) ) ;
#809 = AXIS2_PLACEMENT_3D ( 'NONE', #8828, #1445, #2796 ) ;
#810 = ORIENTED_EDGE ( 'NONE', *, *, #5395, .F. ) ;
#811 = DIRECTION ( 'NONE',  ( -1.000000000000000000, 0.0000000000000000000, 0.0000000000000000000 ) ) ;
#812 = LINE ( 'NONE', #349, #5860 ) ;
#813 = EDGE_CURVE ( 'NONE', #8310, #5988, #1780, .T. ) ;
#814 = ORIENTED_EDGE ( 'NONE', *, *, #5229, .F. ) ;
#815 = CARTESIAN_POINT ( 'NONE',  ( 1.125000000000000200, -1.550000000000000300, 0.04999999999999999600 ) ) ;
#816 = DIRECTION ( 'NONE',  ( 0.0000000000000000000, 1.000000000000000000, 0.0000000000000000000 ) ) ;
#817 = DIRECTION ( 'NONE',  ( -0.0000000000000000000, -0.0000000000000000000, -1.000000000000000000 ) ) ;
#818 = ADVANCED_FACE ( 'NONE', ( #3656 ), #9598, .T. ) ;
#819 = ORIENTED_EDGE ( 'NONE', *, *, #8985, .F. ) ;
#820 = UNCERTAINTY_MEASURE_WITH_UNIT (LENGTH_MEASURE( 1.000000000000000100E-005 ), #7244, 'distance_accuracy_value', 'NONE');
#821 = VECTOR ( 'NONE', #8826, 1000.000000000000000 ) ;
#822 = VECTOR ( 'NONE', #7015, 1000.000000000000000 ) ;
#823 = VERTEX_POINT ( 'NONE', #9246 ) ;
#824 = EDGE_CURVE ( 'NONE', #3289, #3778, #2253, .T. ) ;
#825 = EDGE_CURVE ( 'NONE', #6910, #3566, #7259, .T. ) ;
#826 = CARTESIAN_POINT ( 'NONE',  ( -0.09995942674476344900, 0.2152124981999999900, 0.8008039999999999600 ) ) ;
#827 = DIRECTION ( 'NONE',  ( 1.000000000000000000, 0.0000000000000000000, 0.0000000000000000000 ) ) ;
#828 = VERTEX_POINT ( 'NONE', #1929 ) ;
#829 = ADVANCED_FACE ( 'NONE', ( #1437 ), #7046, .F. ) ;
#830 = VECTOR ( 'NONE', #3701, 1000.000000000000000 ) ;
#831 = EDGE_LOOP ( 'NONE', ( #8152, #2800, #7351, #1900, #5606, #7148, #2439, #344 ) ) ;
#832 = SURFACE_SIDE_STYLE ('',( #9322 ) ) ;
#833 = VECTOR ( 'NONE', #3427, 1000.000000000000000 ) ;
#834 = DIRECTION ( 'NONE',  ( -1.000000000000000000, 0.0000000000000000000, 0.0000000000000000000 ) ) ;
#835 = CARTESIAN_POINT ( 'NONE',  ( 0.09724308719999999500, 0.2152124981999999900, 0.8008000000000000700 ) ) ;
#836 = ORIENTED_EDGE ( 'NONE', *, *, #8985, .T. ) ;
#837 = EDGE_CURVE ( 'NONE', #9172, #7895, #7625, .T. ) ;
#838 = DIRECTION ( 'NONE',  ( -0.0000000000000000000, -0.0000000000000000000, -1.000000000000000000 ) ) ;
#839 = VECTOR ( 'NONE', #617, 1000.000000000000000 ) ;
#840 = ORIENTED_EDGE ( 'NONE', *, *, #8546, .F. ) ;
#841 = ORIENTED_EDGE ( 'NONE', *, *, #7845, .T. ) ;
#842 = LINE ( 'NONE', #7034, #38 ) ;
#843 = CARTESIAN_POINT ( 'NONE',  ( -1.740000000000000000, 1.865000000000000200, 0.8000000000000000400 ) ) ;
#844 = DIRECTION ( 'NONE',  ( -0.0000000000000000000, 0.0000000000000000000, 1.000000000000000000 ) ) ;
#845 = DIRECTION ( 'NONE',  ( -1.000000000000000000, 0.0000000000000000000, 0.0000000000000000000 ) ) ;
#846 = CARTESIAN_POINT ( 'NONE',  ( 1.712530996695474700, -1.399986249936077100, 0.2030000000000000100 ) ) ;
#847 = ORIENTED_EDGE ( 'NONE', *, *, #4045, .F. ) ;
#848 = ORIENTED_EDGE ( 'NONE', *, *, #1718, .F. ) ;
#849 = VECTOR ( 'NONE', #9592, 1000.000000000000000 ) ;
#850 = EDGE_CURVE ( 'NONE', #8703, #4901, #3871, .T. ) ;
#851 = PLANE ( 'NONE',  #9557 ) ;
#852 = AXIS2_PLACEMENT_3D ( 'NONE', #326, #6254, #1020 ) ;
#853 = DIRECTION ( 'NONE',  ( -1.000000000000000000, 0.0000000000000000000, 0.0000000000000000000 ) ) ;
#854 = STYLED_ITEM ( 'NONE', ( #2547 ), #2444 ) ;
#855 = EDGE_LOOP ( 'NONE', ( #2035, #3467, #6732, #9491, #8378, #4795 ) ) ;
#856 = CARTESIAN_POINT ( 'NONE',  ( 1.224999981323120500, 0.5500000186768795300, 0.2030000000000000100 ) ) ;
#857 = CARTESIAN_POINT ( 'NONE',  ( 1.740000000000000000, 0.8332240660740820600, 0.04999999999999999600 ) ) ;
#858 = CIRCLE ( 'NONE', #9379, 0.04998625954667031100 ) ;
#859 = EDGE_CURVE ( 'NONE', #7701, #2836, #5643, .T. ) ;
#860 = ADVANCED_FACE ( 'NONE', ( #9113 ), #5163, .T. ) ;
#861 = ORIENTED_EDGE ( 'NONE', *, *, #4499, .F. ) ;
#862 = STYLED_ITEM ( 'NONE', ( #526 ), #4156 ) ;
#863 = EDGE_LOOP ( 'NONE', ( #5324, #3654, #9673, #2969 ) ) ;
#864 = CARTESIAN_POINT ( 'NONE',  ( 0.0000000000000000000, -1.000000000000000000, 0.2030000000000000100 ) ) ;
#865 = DIRECTION ( 'NONE',  ( -0.0000000000000000000, -0.0000000000000000000, -1.000000000000000000 ) ) ;
#866 = ORIENTED_EDGE ( 'NONE', *, *, #3205, .F. ) ;
#867 = VECTOR ( 'NONE', #5732, 1000.000000000000000 ) ;
#868 = DIRECTION ( 'NONE',  ( -0.0000000000000000000, 0.0000000000000000000, 1.000000000000000000 ) ) ;
#869 = CIRCLE ( 'NONE', #1205, 0.04998625954667031100 ) ;
#870 = DIRECTION ( 'NONE',  ( -0.0000000000000000000, -0.0000000000000000000, -1.000000000000000000 ) ) ;
#871 = ORIENTED_EDGE ( 'NONE', *, *, #9127, .T. ) ;
#872 = ADVANCED_FACE ( 'NONE', ( #1668 ), #4071, .T. ) ;
#873 = ORIENTED_EDGE ( 'NONE', *, *, #8141, .T. ) ;
#874 = CARTESIAN_POINT ( 'NONE',  ( 0.5999999999999999800, 0.05000000000000000300, 0.0000000000000000000 ) ) ;
#875 = DIRECTION ( 'NONE',  ( 0.0000000000000000000, -0.0000000000000000000, 1.000000000000000000 ) ) ;
#876 = DIRECTION ( 'NONE',  ( -0.0000000000000000000, -0.0000000000000000000, -1.000000000000000000 ) ) ;
#877 = LINE ( 'NONE', #577, #6379 ) ;
#878 = CARTESIAN_POINT ( 'NONE',  ( -1.750000000000000000, 0.0000000000000000000, 0.0000000000000000000 ) ) ;
#879 = PRESENTATION_LAYER_ASSIGNMENT (  '', '', ( #1010 ) ) ;
#880 = CARTESIAN_POINT ( 'NONE',  ( -0.2581000000000000000, -1.875000000000000000, 0.2030000000000000100 ) ) ;
#881 = EDGE_CURVE ( 'NONE', #2530, #1897, #5389, .T. ) ;
#882 = EDGE_CURVE ( 'NONE', #5152, #6772, #6209, .T. ) ;
#883 = CARTESIAN_POINT ( 'NONE',  ( 0.1749862499360769500, 1.837530996695474500, 0.0000000000000000000 ) ) ;
#884 = ORIENTED_EDGE ( 'NONE', *, *, #9037, .F. ) ;
#885 = ORIENTED_EDGE ( 'NONE', *, *, #6816, .T. ) ;
#886 = EDGE_LOOP ( 'NONE', ( #2298, #2835, #6679, #8153 ) ) ;
#887 = CIRCLE ( 'NONE', #5260, 0.05000568255617227100 ) ;
#888 = VECTOR ( 'NONE', #3549, 1000.000000000000000 ) ;
#889 = DIRECTION ( 'NONE',  ( -0.0000000000000000000, 0.0000000000000000000, 1.000000000000000000 ) ) ;
#890 = CARTESIAN_POINT ( 'NONE',  ( 1.712530996695474700, 0.8749862499360769900, 0.04999999999999999600 ) ) ;
#891 = MECHANICAL_DESIGN_GEOMETRIC_PRESENTATION_REPRESENTATION (  '', ( #588 ), #6900 ) ;
#892 = ORIENTED_EDGE ( 'NONE', *, *, #2052, .F. ) ;
#893 = ORIENTED_EDGE ( 'NONE', *, *, #2183, .F. ) ;
#894 = EDGE_CURVE ( 'NONE', #2159, #5349, #5986, .T. ) ;
#895 = EDGE_CURVE ( 'NONE', #903, #7551, #5870, .T. ) ;
#896 = DIRECTION ( 'NONE',  ( -0.0000000000000000000, 0.0000000000000000000, 1.000000000000000000 ) ) ;
#897 = VECTOR ( 'NONE', #4583, 1000.000000000000000 ) ;
#898 = CIRCLE ( 'NONE', #547, 0.05003631351710522600 ) ;
#899 =( LENGTH_UNIT ( ) NAMED_UNIT ( * ) SI_UNIT ( .MILLI., .METRE. ) );
#900 = VERTEX_POINT ( 'NONE', #7206 ) ;
#901 = CARTESIAN_POINT ( 'NONE',  ( 1.750000000000000000, 0.0000000000000000000, 0.0000000000000000000 ) ) ;
#902 = DIRECTION ( 'NONE',  ( 0.8755057814050387600, 0.4832076434891656700, -0.0000000000000000000 ) ) ;
#903 = VERTEX_POINT ( 'NONE', #2060 ) ;
#904 = EDGE_LOOP ( 'NONE', ( #2940, #2278, #3698, #6789, #5737, #7616, #9002, #1460, #622, #7663 ) ) ;
#905 = FACE_OUTER_BOUND ( 'NONE', #4910, .T. ) ;
#906 = VECTOR ( 'NONE', #3738, 1000.000000000000000 ) ;
#907 = LINE ( 'NONE', #8688, #7919 ) ;
#908 = EDGE_LOOP ( 'NONE', ( #9089, #4159, #6115, #4851 ) ) ;
#909 = EDGE_CURVE ( 'NONE', #7235, #7344, #4100, .T. ) ;
#910 = CARTESIAN_POINT ( 'NONE',  ( -0.2750000000000000200, -0.5000000000000000000, 0.0000000000000000000 ) ) ;
#911 = CARTESIAN_POINT ( 'NONE',  ( 1.524999999999999900, -0.0000000000000000000, 0.05000000000000000300 ) ) ;
#912 = AXIS2_PLACEMENT_3D ( 'NONE', #3468, #2072, #1352 ) ;
#913 = AXIS2_PLACEMENT_3D ( 'NONE', #502, #7378, #5015 ) ;
#914 = CARTESIAN_POINT ( 'NONE',  ( 0.6749999626462407400, 1.374999962646241000, 0.2030000000000000100 ) ) ;
#915 = ORIENTED_EDGE ( 'NONE', *, *, #2077, .T. ) ;
#916 = ORIENTED_EDGE ( 'NONE', *, *, #2965, .T. ) ;
#917 = CARTESIAN_POINT ( 'NONE',  ( -1.712530996695474700, 1.575013750063923200, 0.2030000000000000100 ) ) ;
#918 = ORIENTED_EDGE ( 'NONE', *, *, #1962, .T. ) ;
#919 = CYLINDRICAL_SURFACE ( 'NONE', #1304, 0.04998625954667031100 ) ;
#920 = DIRECTION ( 'NONE',  ( 0.0000000000000000000, -1.000000000000000000, 0.0000000000000000000 ) ) ;
#921 = VERTEX_POINT ( 'NONE', #3530 ) ;
#922 = VECTOR ( 'NONE', #7065, 1000.000000000000000 ) ;
#923 = CARTESIAN_POINT ( 'NONE',  ( 0.0000000000000000000, 0.0000000000000000000, 0.0000000000000000000 ) ) ;
#924 = CYLINDRICAL_SURFACE ( 'NONE', #6477, 0.04998625954667031100 ) ;
#925 = ORIENTED_EDGE ( 'NONE', *, *, #479, .T. ) ;
#926 = EDGE_CURVE ( 'NONE', #8936, #6910, #5380, .T. ) ;
#927 = CARTESIAN_POINT ( 'NONE',  ( 0.1419000000000000000, 1.875000000000000000, 0.0000000000000000000 ) ) ;
#928 = VECTOR ( 'NONE', #4269, 1000.000000000000000 ) ;
#929 = CARTESIAN_POINT ( 'NONE',  ( 1.174986249936076800, 1.837530996695474700, 0.2030000000000000100 ) ) ;
#930 = CARTESIAN_POINT ( 'NONE',  ( -0.2000000000000000100, -1.000000000000000000, 0.0000000000000000000 ) ) ;
#931 = PRESENTATION_STYLE_ASSIGNMENT (( #2712 ) ) ;
#932 = LINE ( 'NONE', #5130, #3527 ) ;
#933 = ADVANCED_FACE ( 'NONE', ( #3647 ), #5718, .T. ) ;
#934 = ORIENTED_EDGE ( 'NONE', *, *, #7775, .F. ) ;
#935 = DIRECTION ( 'NONE',  ( -0.0000000000000000000, -0.0000000000000000000, -1.000000000000000000 ) ) ;
#936 = VERTEX_POINT ( 'NONE', #5689 ) ;
#937 = ORIENTED_EDGE ( 'NONE', *, *, #7984, .F. ) ;
#938 = VECTOR ( 'NONE', #9189, 1000.000000000000000 ) ;
#939 = CARTESIAN_POINT ( 'NONE',  ( 1.750000000000000000, -0.8330999999999999500, 0.2030000000000000100 ) ) ;
#940 = DIRECTION ( 'NONE',  ( 1.000000000000000000, 0.0000000000000000000, 0.0000000000000000000 ) ) ;
#941 = LINE ( 'NONE', #6042, #6543 ) ;
#942 = FILL_AREA_STYLE_COLOUR ( '', #5556 ) ;
#943 = ORIENTED_EDGE ( 'NONE', *, *, #8345, .T. ) ;
#944 = AXIS2_PLACEMENT_3D ( 'NONE', #5477, #7648, #3976 ) ;
#945 = EDGE_CURVE ( 'NONE', #5444, #4767, #463, .T. ) ;
#946 = ORIENTED_EDGE ( 'NONE', *, *, #6053, .T. ) ;
#947 = CIRCLE ( 'NONE', #9664, 0.04999996264625481600 ) ;
#948 = DIRECTION ( 'NONE',  ( -0.0000000000000000000, 0.0000000000000000000, -1.000000000000000000 ) ) ;
#949 = CARTESIAN_POINT ( 'NONE',  ( -1.125000000000000200, 0.0000000000000000000, 0.2030000000000000100 ) ) ;
#950 = LINE ( 'NONE', #7517, #830 ) ;
#951 = ORIENTED_EDGE ( 'NONE', *, *, #8210, .F. ) ;
#952 = DIRECTION ( 'NONE',  ( 0.0000000000000000000, 1.000000000000000000, -0.0000000000000000000 ) ) ;
#953 = PRESENTATION_LAYER_ASSIGNMENT (  '', '', ( #7666 ) ) ;
#954 = VECTOR ( 'NONE', #3644, 1000.000000000000000 ) ;
#955 = EDGE_CURVE ( 'NONE', #828, #1800, #2463, .T. ) ;
#956 = ORIENTED_EDGE ( 'NONE', *, *, #9168, .F. ) ;
#957 = EDGE_CURVE ( 'NONE', #2815, #4365, #3405, .T. ) ;
#958 = VECTOR ( 'NONE', #7769, 1000.000000000000000 ) ;
#959 = CARTESIAN_POINT ( 'NONE',  ( -0.0000000000000000000, 1.875000000000000000, 0.0000000000000000000 ) ) ;
#960 = SURFACE_STYLE_USAGE ( .BOTH. , #8528 ) ;
#961 = CARTESIAN_POINT ( 'NONE',  ( -1.133287128477144400, 1.865000000000000200, 0.2030000000000000100 ) ) ;
#962 = DIRECTION ( 'NONE',  ( 1.000000000000000000, 0.0000000000000000000, -0.0000000000000000000 ) ) ;
#963 = ORIENTED_EDGE ( 'NONE', *, *, #9602, .T. ) ;
#964 =( LENGTH_UNIT ( ) NAMED_UNIT ( * ) SI_UNIT ( .MILLI., .METRE. ) );
#965 = VERTEX_POINT ( 'NONE', #8018 ) ;
#966 = ORIENTED_EDGE ( 'NONE', *, *, #2290, .F. ) ;
#967 = VECTOR ( 'NONE', #8984, 1000.000000000000200 ) ;
#968 = DIRECTION ( 'NONE',  ( -0.0000000000000000000, -0.0000000000000000000, -1.000000000000000000 ) ) ;
#969 = DIRECTION ( 'NONE',  ( -0.0000000000000000000, -0.0000000000000000000, -1.000000000000000000 ) ) ;
#970 = CARTESIAN_POINT ( 'NONE',  ( -0.001989848700000000000, -0.08393235690000000500, 0.8008000000000000700 ) ) ;
#971 = DIRECTION ( 'NONE',  ( -0.0000000000000000000, -0.0000000000000000000, -1.000000000000000000 ) ) ;
#972 = EDGE_CURVE ( 'NONE', #7953, #7037, #3974, .T. ) ;
#973 = AXIS2_PLACEMENT_3D ( 'NONE', #1305, #432, #2029 ) ;
#974 = MECHANICAL_DESIGN_GEOMETRIC_PRESENTATION_REPRESENTATION (  '', ( #2050 ), #8531 ) ;
#975 = VERTEX_POINT ( 'NONE', #6511 ) ;
#976 = ORIENTED_EDGE ( 'NONE', *, *, #395, .F. ) ;
#977 = VERTEX_POINT ( 'NONE', #8762 ) ;
#978 = ADVANCED_FACE ( 'NONE', ( #6322 ), #8074, .T. ) ;
#979 = DIRECTION ( 'NONE',  ( -0.0000000000000000000, -0.0000000000000000000, -1.000000000000000000 ) ) ;
#980 = FACE_OUTER_BOUND ( 'NONE', #8185, .T. ) ;
#981 = DIRECTION ( 'NONE',  ( 0.0000000000000000000, -0.0000000000000000000, -1.000000000000000000 ) ) ;
#982 = CARTESIAN_POINT ( 'NONE',  ( 1.712530996695474900, 0.5250137500639231500, 0.0000000000000000000 ) ) ;
#983 = DIRECTION ( 'NONE',  ( -1.000000000000000000, 0.0000000000000000000, 0.0000000000000000000 ) ) ;
#984 = VERTEX_POINT ( 'NONE', #9518 ) ;
#985 = EDGE_CURVE ( 'NONE', #6050, #7701, #6675, .T. ) ;
#986 = VERTEX_POINT ( 'NONE', #6547 ) ;
#987 = AXIS2_PLACEMENT_3D ( 'NONE', #8580, #5568, #4809 ) ;
#988 = ORIENTED_EDGE ( 'NONE', *, *, #4725, .T. ) ;
#989 = VECTOR ( 'NONE', #971, 1000.000000000000000 ) ;
#990 = CIRCLE ( 'NONE', #3714, 0.04998625954667008900 ) ;
#991 = SURFACE_STYLE_FILL_AREA ( #1282 ) ;
#992 = PLANE ( 'NONE',  #629 ) ;
#993 = DIRECTION ( 'NONE',  ( -0.4852412748397459400, -0.8743802978063366400, 0.0000000000000000000 ) ) ;
#994 = DIRECTION ( 'NONE',  ( 0.0000000000000000000, 0.0000000000000000000, 1.000000000000000000 ) ) ;
#995 = ORIENTED_EDGE ( 'NONE', *, *, #5494, .F. ) ;
#996 = VECTOR ( 'NONE', #2676, 1000.000000000000000 ) ;
#997 = AXIS2_PLACEMENT_3D ( 'NONE', #2871, #2101, #3641 ) ;
#998 = CARTESIAN_POINT ( 'NONE',  ( 1.712530996695474500, -1.500013750063923200, 0.0000000000000000000 ) ) ;
#999 = DIRECTION ( 'NONE',  ( 0.0000000000000000000, -0.0000000000000000000, 1.000000000000000000 ) ) ;
#1000 = ORIENTED_EDGE ( 'NONE', *, *, #1300, .F. ) ;
#1001 = DIRECTION ( 'NONE',  ( -0.0000000000000000000, -0.0000000000000000000, -1.000000000000000000 ) ) ;
#1002 = ORIENTED_EDGE ( 'NONE', *, *, #8179, .F. ) ;
#1003 = ORIENTED_EDGE ( 'NONE', *, *, #2168, .T. ) ;
#1004 = LINE ( 'NONE', #3426, #7901 ) ;
#1005 = DIRECTION ( 'NONE',  ( 0.0000000000000000000, 0.0000000000000000000, 1.000000000000000000 ) ) ;
#1006 = VERTEX_POINT ( 'NONE', #6583 ) ;
#1007 = DIRECTION ( 'NONE',  ( -0.0000000000000000000, -0.0000000000000000000, -1.000000000000000000 ) ) ;
#1008 = ORIENTED_EDGE ( 'NONE', *, *, #1481, .T. ) ;
#1009 = SURFACE_SIDE_STYLE ('',( #2317 ) ) ;
#1010 = STYLED_ITEM ( 'NONE', ( #8456 ), #5954 ) ;
#1011 = CARTESIAN_POINT ( 'NONE',  ( 0.2580000000000000600, -1.875000000000000000, 0.0000000000000000000 ) ) ;
#1012 = EDGE_CURVE ( 'NONE', #3634, #9170, #1898, .T. ) ;
#1013 = EDGE_CURVE ( 'NONE', #1598, #4158, #2693, .T. ) ;
#1014 = ORIENTED_EDGE ( 'NONE', *, *, #9468, .T. ) ;
#1015 = DIRECTION ( 'NONE',  ( 0.0000000000000000000, -0.0000000000000000000, 1.000000000000000000 ) ) ;
#1016 = DIRECTION ( 'NONE',  ( -0.0000000000000000000, 0.0000000000000000000, 1.000000000000000000 ) ) ;
#1017 = ORIENTED_EDGE ( 'NONE', *, *, #7845, .F. ) ;
#1018 = LINE ( 'NONE', #9100, #3618 ) ;
#1019 = CARTESIAN_POINT ( 'NONE',  ( -0.2667759339259177000, -1.865000000000000200, 0.2030000000000000100 ) ) ;
#1020 = DIRECTION ( 'NONE',  ( 1.000000000000000000, 0.0000000000000000000, 0.0000000000000000000 ) ) ;
#1021 = FACE_OUTER_BOUND ( 'NONE', #6055, .T. ) ;
#1022 = CARTESIAN_POINT ( 'NONE',  ( 0.0000000000000000000, 1.325000000000000000, 0.05000000000000000300 ) ) ;
#1023 = ADVANCED_FACE ( 'NONE', ( #4211 ), #9550, .F. ) ;
#1024 = MECHANICAL_DESIGN_GEOMETRIC_PRESENTATION_REPRESENTATION (  '', ( #2714 ), #5480 ) ;
#1025 = CARTESIAN_POINT ( 'NONE',  ( 0.8249433163616378700, 1.374986044749599200, 0.2030000000000000100 ) ) ;
#1026 = EDGE_CURVE ( 'NONE', #4404, #430, #6891, .T. ) ;
#1027 = FACE_OUTER_BOUND ( 'NONE', #9617, .T. ) ;
#1028 = EDGE_LOOP ( 'NONE', ( #8011, #1142, #2315, #3381 ) ) ;
#1029 = EDGE_CURVE ( 'NONE', #7850, #6251, #7950, .T. ) ;
#1030 = ORIENTED_EDGE ( 'NONE', *, *, #1209, .T. ) ;
#1031 =( NAMED_UNIT ( * ) SI_UNIT ( $, .STERADIAN. ) SOLID_ANGLE_UNIT ( ) );
#1032 = DIRECTION ( 'NONE',  ( -1.000000000000000000, 0.0000000000000000000, 0.0000000000000000000 ) ) ;
#1033 = CYLINDRICAL_SURFACE ( 'NONE', #1239, 0.02499998132312751500 ) ;
#1034 = PLANE ( 'NONE',  #1086 ) ;
#1035 = PLANE ( 'NONE',  #1700 ) ;
#1036 = ORIENTED_EDGE ( 'NONE', *, *, #5530, .F. ) ;
#1037 = ORIENTED_EDGE ( 'NONE', *, *, #9640, .T. ) ;
#1038 = FACE_OUTER_BOUND ( 'NONE', #3073, .T. ) ;
#1039 = EDGE_CURVE ( 'NONE', #2159, #8980, #8767, .T. ) ;
#1040 = FACE_OUTER_BOUND ( 'NONE', #2741, .T. ) ;
#1041 = EDGE_CURVE ( 'NONE', #9441, #2129, #117, .T. ) ;
#1042 = ORIENTED_EDGE ( 'NONE', *, *, #2157, .T. ) ;
#1043 = DIRECTION ( 'NONE',  ( -0.0000000000000000000, 0.0000000000000000000, 1.000000000000000000 ) ) ;
#1044 = AXIS2_PLACEMENT_3D ( 'NONE', #998, #3602, #8692 ) ;
#1045 = CARTESIAN_POINT ( 'NONE',  ( -1.740000000000000000, 1.616775933925918000, 0.04999999999999999600 ) ) ;
#1046 = CARTESIAN_POINT ( 'NONE',  ( -1.750000000000000000, -0.1331000000000000000, 0.2030000000000000100 ) ) ;
#1047 = CARTESIAN_POINT ( 'NONE',  ( 0.3749000000000000100, 1.376700000000000000, 0.2030000000000000100 ) ) ;
#1048 = VERTEX_POINT ( 'NONE', #9096 ) ;
#1049 = CARTESIAN_POINT ( 'NONE',  ( -0.1505420154000000300, -0.1856274672000000100, 0.8009000000000000600 ) ) ;
#1050 = VECTOR ( 'NONE', #9686, 1000.000000000000000 ) ;
#1051 = VECTOR ( 'NONE', #2997, 1000.000000000000000 ) ;
#1052 = DIRECTION ( 'NONE',  ( 0.0000000000000000000, 1.000000000000000000, 0.0000000000000000000 ) ) ;
#1053 = VECTOR ( 'NONE', #1388, 1000.000000000000000 ) ;
#1054 = VERTEX_POINT ( 'NONE', #3141 ) ;
#1055 = EDGE_CURVE ( 'NONE', #2960, #2821, #6424, .T. ) ;
#1056 = CARTESIAN_POINT ( 'NONE',  ( 0.0000000000000000000, 0.5749999999999999600, 0.0000000000000000000 ) ) ;
#1057 = PLANE ( 'NONE',  #852 ) ;
#1058 = PRESENTATION_LAYER_ASSIGNMENT (  '', '', ( #1895 ) ) ;
#1059 = CARTESIAN_POINT ( 'NONE',  ( 1.750000000000000000, -0.8330999999999999500, 0.0000000000000000000 ) ) ;
#1060 = ORIENTED_EDGE ( 'NONE', *, *, #4637, .F. ) ;
#1061 = LINE ( 'NONE', #221, #6551 ) ;
#1062 = FACE_OUTER_BOUND ( 'NONE', #4103, .T. ) ;
#1063 = DIRECTION ( 'NONE',  ( -0.0000000000000000000, -0.0000000000000000000, -1.000000000000000000 ) ) ;
#1064 = ORIENTED_EDGE ( 'NONE', *, *, #5673, .T. ) ;
#1065 = CARTESIAN_POINT ( 'NONE',  ( -1.740000000000000000, 1.865000000000000200, 0.8000000000000000400 ) ) ;
#1066 = CARTESIAN_POINT ( 'NONE',  ( 0.6250000000000000000, 1.837499999999999900, 0.0000000000000000000 ) ) ;
#1067 = CARTESIAN_POINT ( 'NONE',  ( 1.740000000000000000, -0.6582240660740822400, 0.2030000000000000100 ) ) ;
#1068 = UNCERTAINTY_MEASURE_WITH_UNIT (LENGTH_MEASURE( 1.000000000000000100E-005 ), #5783, 'distance_accuracy_value', 'NONE');
#1069 = DIRECTION ( 'NONE',  ( 1.000000000000000000, 0.0000000000000000000, 0.0000000000000000000 ) ) ;
#1070 = VECTOR ( 'NONE', #3038, 1000.000000000000000 ) ;
#1071 = VERTEX_POINT ( 'NONE', #254 ) ;
#1072 = MECHANICAL_DESIGN_GEOMETRIC_PRESENTATION_REPRESENTATION (  '', ( #251 ), #8944 ) ;
#1073 = FACE_OUTER_BOUND ( 'NONE', #2450, .T. ) ;
#1074 = EDGE_CURVE ( 'NONE', #6391, #4012, #2135, .T. ) ;
#1075 = ADVANCED_FACE ( 'NONE', ( #4913 ), #1781, .T. ) ;
#1076 = DIRECTION ( 'NONE',  ( -0.0000000000000000000, -0.0000000000000000000, -1.000000000000000000 ) ) ;
#1077 = CARTESIAN_POINT ( 'NONE',  ( 0.3249637500639230300, 1.837420233362311800, 0.2030000000000000100 ) ) ;
#1078 = VERTEX_POINT ( 'NONE', #874 ) ;
#1079 =( NAMED_UNIT ( * ) PLANE_ANGLE_UNIT ( ) SI_UNIT ( $, .RADIAN. ) );
#1080 = ORIENTED_EDGE ( 'NONE', *, *, #1496, .F. ) ;
#1081 = CIRCLE ( 'NONE', #6340, 0.04998625954667031100 ) ;
#1082 = VERTEX_POINT ( 'NONE', #3921 ) ;
#1083 = CARTESIAN_POINT ( 'NONE',  ( -1.750000000000000000, 1.608100000000000100, 0.0000000000000000000 ) ) ;
#1084 = CIRCLE ( 'NONE', #3455, 0.04998625954667031100 ) ;
#1085 = PLANE ( 'NONE',  #5759 ) ;
#1086 = AXIS2_PLACEMENT_3D ( 'NONE', #5517, #7924, #4010 ) ;
#1087 = EDGE_CURVE ( 'NONE', #9441, #521, #7618, .T. ) ;
#1088 = CARTESIAN_POINT ( 'NONE',  ( 0.2123996133000000400, 0.2152124982000001000, 0.8008000000000000700 ) ) ;
#1089 = VERTEX_POINT ( 'NONE', #910 ) ;
#1090 = EDGE_CURVE ( 'NONE', #4604, #2359, #701, .T. ) ;
#1091 = FACE_OUTER_BOUND ( 'NONE', #4245, .T. ) ;
#1092 = CARTESIAN_POINT ( 'NONE',  ( 0.1000000000000000100, -1.300000000000000300, 0.2030000000000000100 ) ) ;
#1093 = FILL_AREA_STYLE_COLOUR ( '', #9439 ) ;
#1094 = ORIENTED_EDGE ( 'NONE', *, *, #8212, .T. ) ;
#1095 = CARTESIAN_POINT ( 'NONE',  ( -1.712530996695474700, 1.025013750063923100, 0.2030000000000000100 ) ) ;
#1096 = ORIENTED_EDGE ( 'NONE', *, *, #7437, .T. ) ;
#1097 = VECTOR ( 'NONE', #4470, 1000.000000000000000 ) ;
#1098 = LINE ( 'NONE', #8529, #6933 ) ;
#1099 = CARTESIAN_POINT ( 'NONE',  ( 1.740000000000000000, -1.541775933925917800, 0.2030000000000000100 ) ) ;
#1100 = DIRECTION ( 'NONE',  ( 0.0000000000000000000, -0.0000000000000000000, 1.000000000000000000 ) ) ;
#1101 = ORIENTED_EDGE ( 'NONE', *, *, #6781, .F. ) ;
#1102 = DIRECTION ( 'NONE',  ( -0.0000000000000000000, -0.0000000000000000000, -1.000000000000000000 ) ) ;
#1103 = DIRECTION ( 'NONE',  ( -0.0000000000000000000, 0.0000000000000000000, 1.000000000000000000 ) ) ;
#1104 = EDGE_LOOP ( 'NONE', ( #506, #2780, #1131, #2554 ) ) ;
#1105 = VECTOR ( 'NONE', #9216, 1000.000000000000000 ) ;
#1106 = CARTESIAN_POINT ( 'NONE',  ( -0.1000000000000000100, -0.0000000000000000000, 0.05000000000000000300 ) ) ;
#1107 = EDGE_CURVE ( 'NONE', #7091, #1089, #6784, .T. ) ;
#1108 = CIRCLE ( 'NONE', #697, 0.04999996264625481600 ) ;
#1109 = MECHANICAL_DESIGN_GEOMETRIC_PRESENTATION_REPRESENTATION (  '', ( #2420 ), #3110 ) ;
#1110 = VECTOR ( 'NONE', #6460, 1000.000000000000000 ) ;
#1111 = PRESENTATION_LAYER_ASSIGNMENT (  '', '', ( #7750 ) ) ;
#1112 = VERTEX_POINT ( 'NONE', #7626 ) ;
#1113 = VERTEX_POINT ( 'NONE', #4673 ) ;
#1114 = CARTESIAN_POINT ( 'NONE',  ( 0.0000000000000000000, -1.875000000000000000, 0.2030000000000000100 ) ) ;
#1115 = ORIENTED_EDGE ( 'NONE', *, *, #4679, .T. ) ;
#1116 = DIRECTION ( 'NONE',  ( -0.0000000000000000000, -0.0000000000000000000, -1.000000000000000000 ) ) ;
#1117 = CARTESIAN_POINT ( 'NONE',  ( -1.125000000000000200, 0.0000000000000000000, 0.05000000000000000300 ) ) ;
#1118 = CIRCLE ( 'NONE', #2525, 0.04998607688890758400 ) ;
#1119 = CARTESIAN_POINT ( 'NONE',  ( 1.740000000000000000, -0.6582240660740822400, 0.2030000000000000100 ) ) ;
#1120 = DIRECTION ( 'NONE',  ( -0.0000000000000000000, -0.0000000000000000000, -1.000000000000000000 ) ) ;
#1121 = EDGE_CURVE ( 'NONE', #1920, #9595, #5155, .T. ) ;
#1122 = ORIENTED_EDGE ( 'NONE', *, *, #1718, .T. ) ;
#1123 =( GEOMETRIC_REPRESENTATION_CONTEXT ( 3 ) GLOBAL_UNCERTAINTY_ASSIGNED_CONTEXT ( ( #3284 ) ) GLOBAL_UNIT_ASSIGNED_CONTEXT ( ( #7219, #448, #2767 ) ) REPRESENTATION_CONTEXT ( 'NONE', 'WORKASPACE' ) );
#1124 = SURFACE_STYLE_USAGE ( .BOTH. , #356 ) ;
#1125 = ORIENTED_EDGE ( 'NONE', *, *, #1012, .F. ) ;
#1126 = LINE ( 'NONE', #471, #5438 ) ;
#1127 = CARTESIAN_POINT ( 'NONE',  ( 1.750000000000000000, 0.3418999999999999800, 0.2030000000000000100 ) ) ;
#1128 = CARTESIAN_POINT ( 'NONE',  ( -0.8667759339259176700, 1.865000000000000200, 0.2030000000000000100 ) ) ;
#1129 = CARTESIAN_POINT ( 'NONE',  ( -0.1749999999999999900, 1.325000000000000000, 0.0000000000000000000 ) ) ;
#1130 = ADVANCED_FACE ( 'NONE', ( #9593 ), #1652, .F. ) ;
#1131 = ORIENTED_EDGE ( 'NONE', *, *, #7667, .T. ) ;
#1132 = ORIENTED_EDGE ( 'NONE', *, *, #2252, .T. ) ;
#1133 = ORIENTED_EDGE ( 'NONE', *, *, #31, .F. ) ;
#1134 = CARTESIAN_POINT ( 'NONE',  ( 0.5500000000000000400, -0.6999999999999999600, 0.04999999999999999600 ) ) ;
#1135 = DIRECTION ( 'NONE',  ( -1.000000000000000000, 0.0000000000000000000, 0.0000000000000000000 ) ) ;
#1136 = AXIS2_PLACEMENT_3D ( 'NONE', #5539, #6999, #5677 ) ;
#1137 = CARTESIAN_POINT ( 'NONE',  ( 0.5999999626462407800, -0.6999999626462407600, 0.2030000000000000100 ) ) ;
#1138 = DIRECTION ( 'NONE',  ( 1.000000000000000000, 0.0000000000000000000, 0.0000000000000000000 ) ) ;
#1139 = EDGE_CURVE ( 'NONE', #6106, #9647, #1061, .T. ) ;
#1140 = FILL_AREA_STYLE ('',( #3263 ) ) ;
#1141 = ORIENTED_EDGE ( 'NONE', *, *, #4499, .T. ) ;
#1142 = ORIENTED_EDGE ( 'NONE', *, *, #6538, .T. ) ;
#1143 = LINE ( 'NONE', #4674, #8964 ) ;
#1144 = FACE_OUTER_BOUND ( 'NONE', #5493, .T. ) ;
#1145 = ORIENTED_EDGE ( 'NONE', *, *, #8859, .T. ) ;
#1146 = CARTESIAN_POINT ( 'NONE',  ( 1.524999999999999900, -1.550000000000000300, 0.2030000000000000100 ) ) ;
#1147 = DIRECTION ( 'NONE',  ( 0.0000000000000000000, -1.000000000000000000, 0.0000000000000000000 ) ) ;
#1148 = AXIS2_PLACEMENT_3D ( 'NONE', #7948, #630, #4358 ) ;
#1149 = ORIENTED_EDGE ( 'NONE', *, *, #643, .T. ) ;
#1150 = CARTESIAN_POINT ( 'NONE',  ( 0.2580000000000000600, -1.875000000000000000, 0.2030000000000000100 ) ) ;
#1151 = ORIENTED_EDGE ( 'NONE', *, *, #6816, .F. ) ;
#1152 = EDGE_CURVE ( 'NONE', #8250, #823, #595, .T. ) ;
#1153 = EDGE_CURVE ( 'NONE', #921, #3289, #2593, .T. ) ;
#1154 = CIRCLE ( 'NONE', #4112, 0.04998625954667008900 ) ;
#1155 = LINE ( 'NONE', #9579, #6647 ) ;
#1156 = LINE ( 'NONE', #7436, #6864 ) ;
#1157 = ORIENTED_EDGE ( 'NONE', *, *, #2039, .T. ) ;
#1158 = ORIENTED_EDGE ( 'NONE', *, *, #1074, .T. ) ;
#1159 = VERTEX_POINT ( 'NONE', #4016 ) ;
#1160 = DIRECTION ( 'NONE',  ( 1.000000000000000000, 0.0000000000000000000, 0.0000000000000000000 ) ) ;
#1161 = DIRECTION ( 'NONE',  ( -0.0000000000000000000, -0.0000000000000000000, -1.000000000000000000 ) ) ;
#1162 = FACE_OUTER_BOUND ( 'NONE', #4394, .T. ) ;
#1163 = LINE ( 'NONE', #5464, #5616 ) ;
#1164 = ORIENTED_EDGE ( 'NONE', *, *, #466, .F. ) ;
#1165 = CIRCLE ( 'NONE', #8793, 0.04999996264625481600 ) ;
#1166 = AXIS2_PLACEMENT_3D ( 'NONE', #7675, #3192, #9148 ) ;
#1167 = VECTOR ( 'NONE', #3610, 1000.000000000000000 ) ;
#1168 = SURFACE_SIDE_STYLE ('',( #8046 ) ) ;
#1169 = VERTEX_POINT ( 'NONE', #2417 ) ;
#1170 = EDGE_LOOP ( 'NONE', ( #4491, #313, #1885, #2138, #32, #6798 ) ) ;
#1171 = CARTESIAN_POINT ( 'NONE',  ( 0.0000000000000000000, 0.0000000000000000000, 0.2030000000000000100 ) ) ;
#1172 = CIRCLE ( 'NONE', #4741, 0.04999996264625481600 ) ;
#1173 = PLANE ( 'NONE',  #3252 ) ;
#1174 = SURFACE_STYLE_USAGE ( .BOTH. , #4168 ) ;
#1175 = VECTOR ( 'NONE', #7873, 1000.000000000000000 ) ;
#1176 = SURFACE_STYLE_FILL_AREA ( #1767 ) ;
#1177 = ORIENTED_EDGE ( 'NONE', *, *, #8238, .F. ) ;
#1178 = VERTEX_POINT ( 'NONE', #2648 ) ;
#1179 = ADVANCED_FACE ( 'NONE', ( #5747 ), #5563, .F. ) ;
#1180 = EDGE_CURVE ( 'NONE', #6032, #9028, #6314, .T. ) ;
#1181 = DIRECTION ( 'NONE',  ( -0.0000000000000000000, 0.0000000000000000000, 1.000000000000000000 ) ) ;
#1182 = DIRECTION ( 'NONE',  ( -1.000000000000000000, 0.0000000000000000000, 0.0000000000000000000 ) ) ;
#1183 = AXIS2_PLACEMENT_3D ( 'NONE', #1065, #6262, #9211 ) ;
#1184 = CARTESIAN_POINT ( 'NONE',  ( -0.2750000000000000200, -1.000000000000000000, 0.04999999999999999600 ) ) ;
#1185 = CIRCLE ( 'NONE', #5929, 0.04998625954667008900 ) ;
#1186 = DIRECTION ( 'NONE',  ( -1.000000000000000000, 0.0000000000000000000, 0.0000000000000000000 ) ) ;
#1187 = EDGE_LOOP ( 'NONE', ( #3002, #2243, #8000, #1133 ) ) ;
#1188 = AXIS2_PLACEMENT_3D ( 'NONE', #6684, #9547, #4361 ) ;
#1189 = CARTESIAN_POINT ( 'NONE',  ( 1.712530996695474700, 0.8749862499360769900, 0.2030000000000000100 ) ) ;
#1190 = CARTESIAN_POINT ( 'NONE',  ( 0.1679833953000000000, 0.1358116410000000100, 0.8008000000000000700 ) ) ;
#1191 = SURFACE_SIDE_STYLE ('',( #7135 ) ) ;
#1192 = DIRECTION ( 'NONE',  ( -0.0000000000000000000, -0.0000000000000000000, -1.000000000000000000 ) ) ;
#1193 = ORIENTED_EDGE ( 'NONE', *, *, #7340, .T. ) ;
#1194 = CIRCLE ( 'NONE', #278, 0.4066519701324284900 ) ;
#1195 = ORIENTED_EDGE ( 'NONE', *, *, #4093, .T. ) ;
#1196 = DIRECTION ( 'NONE',  ( -0.0000000000000000000, -0.0000000000000000000, -1.000000000000000000 ) ) ;
#1197 = AXIS2_PLACEMENT_3D ( 'NONE', #3916, #8377, #175 ) ;
#1198 = DIRECTION ( 'NONE',  ( -0.0000000000000000000, 0.0000000000000000000, 1.000000000000000000 ) ) ;
#1199 = VERTEX_POINT ( 'NONE', #4771 ) ;
#1200 = ORIENTED_EDGE ( 'NONE', *, *, #1041, .F. ) ;
#1201 = CIRCLE ( 'NONE', #9126, 0.04998625954667031100 ) ;
#1202 = CARTESIAN_POINT ( 'NONE',  ( -1.200000000000000000, 0.0000000000000000000, 0.05000000000000000300 ) ) ;
#1203 = CARTESIAN_POINT ( 'NONE',  ( 0.6249999903894066800, 1.837530996695474500, 0.0000000000000000000 ) ) ;
#1204 = VERTEX_POINT ( 'NONE', #8606 ) ;
#1205 = AXIS2_PLACEMENT_3D ( 'NONE', #9434, #1399, #1327 ) ;
#1206 = VECTOR ( 'NONE', #2424, 1000.000000000000100 ) ;
#1207 = EDGE_CURVE ( 'NONE', #1199, #2071, #6200, .T. ) ;
#1208 = ORIENTED_EDGE ( 'NONE', *, *, #9527, .F. ) ;
#1209 = EDGE_CURVE ( 'NONE', #8381, #715, #3850, .T. ) ;
#1210 = VECTOR ( 'NONE', #507, 1000.000000000000000 ) ;
#1211 = DIRECTION ( 'NONE',  ( -0.0000000000000000000, 0.0000000000000000000, 1.000000000000000000 ) ) ;
#1212 = DIRECTION ( 'NONE',  ( -0.0000000000000000000, -0.0000000000000000000, -1.000000000000000000 ) ) ;
#1213 = DIRECTION ( 'NONE',  ( 1.000000000000000000, 0.0000000000000000000, 0.0000000000000000000 ) ) ;
#1214 = DIRECTION ( 'NONE',  ( -0.0000000000000000000, -0.0000000000000000000, -1.000000000000000000 ) ) ;
#1215 = ORIENTED_EDGE ( 'NONE', *, *, #5612, .T. ) ;
#1216 = VERTEX_POINT ( 'NONE', #2561 ) ;
#1217 = VECTOR ( 'NONE', #140, 1000.000000000000000 ) ;
#1218 = AXIS2_PLACEMENT_3D ( 'NONE', #3668, #7287, #1424 ) ;
#1219 = EDGE_CURVE ( 'NONE', #4476, #9423, #8295, .T. ) ;
#1220 = CARTESIAN_POINT ( 'NONE',  ( 0.0000000000000000000, 0.3250000000000000700, 0.2030000000000000100 ) ) ;
#1221 = ADVANCED_FACE ( 'NONE', ( #582 ), #413, .F. ) ;
#1222 = EDGE_CURVE ( 'NONE', #3576, #3149, #7606, .T. ) ;
#1223 = DIRECTION ( 'NONE',  ( -0.0000000000000000000, 0.0000000000000000000, 1.000000000000000000 ) ) ;
#1224 = CARTESIAN_POINT ( 'NONE',  ( -0.8249999999999999600, 1.325000000000000000, 0.2030000000000000100 ) ) ;
#1225 = ORIENTED_EDGE ( 'NONE', *, *, #1236, .F. ) ;
#1226 = ADVANCED_FACE ( 'NONE', ( #4323 ), #3269, .F. ) ;
#1227 = VERTEX_POINT ( 'NONE', #307 ) ;
#1228 = DIRECTION ( 'NONE',  ( 1.000000000000000000, 0.0000000000000000000, 0.0000000000000000000 ) ) ;
#1229 = FACE_OUTER_BOUND ( 'NONE', #375, .T. ) ;
#1230 = DIRECTION ( 'NONE',  ( -0.0000000000000000000, -0.0000000000000000000, -1.000000000000000000 ) ) ;
#1231 = CARTESIAN_POINT ( 'NONE',  ( -1.712530996695474900, 0.5250137500639231500, 0.0000000000000000000 ) ) ;
#1232 = ORIENTED_EDGE ( 'NONE', *, *, #7668, .T. ) ;
#1233 = VERTEX_POINT ( 'NONE', #5668 ) ;
#1234 = ORIENTED_EDGE ( 'NONE', *, *, #3688, .T. ) ;
#1235 = CARTESIAN_POINT ( 'NONE',  ( -1.524999999999999900, -0.0000000000000000000, 0.05000000000000000300 ) ) ;
#1236 = EDGE_CURVE ( 'NONE', #1508, #3072, #3749, .T. ) ;
#1237 = STYLED_ITEM ( 'NONE', ( #6428 ), #1578 ) ;
#1238 = CIRCLE ( 'NONE', #4877, 0.04998625954667031100 ) ;
#1239 = AXIS2_PLACEMENT_3D ( 'NONE', #8337, #935, #6159 ) ;
#1240 = FILL_AREA_STYLE ('',( #1805 ) ) ;
#1241 = DIRECTION ( 'NONE',  ( -1.000000000000000000, 0.0000000000000000000, 0.0000000000000000000 ) ) ;
#1242 = EDGE_LOOP ( 'NONE', ( #3304, #5749, #256, #1132 ) ) ;
#1243 = ORIENTED_EDGE ( 'NONE', *, *, #3717, .T. ) ;
#1244 = DIRECTION ( 'NONE',  ( 1.000000000000000000, 0.0000000000000000000, 0.0000000000000000000 ) ) ;
#1245 = ORIENTED_EDGE ( 'NONE', *, *, #1541, .F. ) ;
#1246 = CARTESIAN_POINT ( 'NONE',  ( -0.1999999252924818100, -1.299999925292481900, 0.2030000000000000100 ) ) ;
#1247 = DIRECTION ( 'NONE',  ( 1.000000000000000000, 0.0000000000000000000, 0.0000000000000000000 ) ) ;
#1248 = LINE ( 'NONE', #7117, #2200 ) ;
#1249 =( LENGTH_UNIT ( ) NAMED_UNIT ( * ) SI_UNIT ( .MILLI., .METRE. ) );
#1250 = EDGE_CURVE ( 'NONE', #1456, #7344, #9457, .T. ) ;
#1251 = AXIS2_PLACEMENT_3D ( 'NONE', #3667, #7516, #2971 ) ;
#1252 = CARTESIAN_POINT ( 'NONE',  ( 0.5999999626462407800, -0.6999999626462407600, 0.04999999999999999600 ) ) ;
#1253 = UNCERTAINTY_MEASURE_WITH_UNIT (LENGTH_MEASURE( 1.000000000000000100E-005 ), #7035, 'distance_accuracy_value', 'NONE');
#1254 = ORIENTED_EDGE ( 'NONE', *, *, #6688, .T. ) ;
#1255 = ORIENTED_EDGE ( 'NONE', *, *, #8779, .T. ) ;
#1256 = DIRECTION ( 'NONE',  ( -1.000000000000000000, 0.0000000000000000000, 0.0000000000000000000 ) ) ;
#1257 = CARTESIAN_POINT ( 'NONE',  ( 1.712500000000000100, 0.8249999999999999600, 0.0000000000000000000 ) ) ;
#1259 = ORIENTED_EDGE ( 'NONE', *, *, #9677, .T. ) ;
#1258 = DIRECTION ( 'NONE',  ( -1.000000000000000000, 0.0000000000000000000, 0.0000000000000000000 ) ) ;
#1260 = VERTEX_POINT ( 'NONE', #7124 ) ;
#1261 = DIRECTION ( 'NONE',  ( 1.000000000000000000, -0.0000000000000000000, -0.0000000000000000000 ) ) ;
#1262 = ORIENTED_EDGE ( 'NONE', *, *, #7120, .F. ) ;
#1263 = FACE_OUTER_BOUND ( 'NONE', #3197, .T. ) ;
#1264 = CARTESIAN_POINT ( 'NONE',  ( -0.1999999252924816500, -0.5999999252924815800, 0.0000000000000000000 ) ) ;
#1265 = LINE ( 'NONE', #3050, #7581 ) ;
#1266 = CARTESIAN_POINT ( 'NONE',  ( -1.524999999999999900, 0.0000000000000000000, 0.0000000000000000000 ) ) ;
#1267 = FACE_OUTER_BOUND ( 'NONE', #1476, .T. ) ;
#1268 = ADVANCED_FACE ( 'NONE', ( #8285 ), #5265, .T. ) ;
#1269 = EDGE_CURVE ( 'NONE', #9160, #8576, #812, .T. ) ;
#1270 = PLANE ( 'NONE',  #809 ) ;
#1271 = CARTESIAN_POINT ( 'NONE',  ( -1.740000000000000000, 1.333224066074082200, 0.2030000000000000100 ) ) ;
#1272 = LINE ( 'NONE', #6605, #4304 ) ;
#1273 = ORIENTED_EDGE ( 'NONE', *, *, #5596, .T. ) ;
#1274 = COLOUR_RGB ( '',1.000000000000000000, 1.000000000000000000, 1.000000000000000000 ) ;
#1275 = VECTOR ( 'NONE', #3419, 1000.000000000000000 ) ;
#1276 = ADVANCED_FACE ( 'NONE', ( #3156 ), #2675, .F. ) ;
#1277 = EDGE_LOOP ( 'NONE', ( #1942, #220, #8281, #6292 ) ) ;
#1278 = CARTESIAN_POINT ( 'NONE',  ( 0.0000000000000000000, -0.6500000000000001300, 0.2030000000000000100 ) ) ;
#1279 = PLANE ( 'NONE',  #8070 ) ;
#1280 = VECTOR ( 'NONE', #6902, 1000.000000000000000 ) ;
#1281 = DIRECTION ( 'NONE',  ( -1.000000000000000000, 0.0000000000000000000, 0.0000000000000000000 ) ) ;
#1282 = FILL_AREA_STYLE ('',( #6398 ) ) ;
#1283 = DIRECTION ( 'NONE',  ( -0.0000000000000000000, -0.0000000000000000000, -1.000000000000000000 ) ) ;
#1284 = AXIS2_PLACEMENT_3D ( 'NONE', #4664, #3225, #9055 ) ;
#1285 = DIRECTION ( 'NONE',  ( 0.0000000000000000000, -1.000000000000000000, 0.0000000000000000000 ) ) ;
#1286 = EDGE_CURVE ( 'NONE', #3864, #8381, #1418, .T. ) ;
#1287 = EDGE_CURVE ( 'NONE', #7701, #2667, #8866, .T. ) ;
#1288 = DIRECTION ( 'NONE',  ( -1.000000000000000000, 0.0000000000000000000, 0.0000000000000000000 ) ) ;
#1289 = ORIENTED_EDGE ( 'NONE', *, *, #1409, .F. ) ;
#1290 = VECTOR ( 'NONE', #1213, 1000.000000000000000 ) ;
#1291 = VECTOR ( 'NONE', #4, 1000.000000000000000 ) ;
#1292 = CIRCLE ( 'NONE', #3690, 0.04304031270000008300 ) ;
#1293 = ORIENTED_EDGE ( 'NONE', *, *, #1717, .T. ) ;
#1294 = CARTESIAN_POINT ( 'NONE',  ( -0.1999999252924818100, -1.299999925292481900, 0.0000000000000000000 ) ) ;
#1295 = CARTESIAN_POINT ( 'NONE',  ( 1.740000000000000000, -1.358224066074082300, 0.04999999999999999600 ) ) ;
#1296 = ORIENTED_EDGE ( 'NONE', *, *, #8025, .F. ) ;
#1297 = LINE ( 'NONE', #4443, #5369 ) ;
#1298 = CIRCLE ( 'NONE', #8973, 0.04998625954667031100 ) ;
#1299 = DIRECTION ( 'NONE',  ( 1.000000000000000000, 0.0000000000000000000, 0.0000000000000000000 ) ) ;
#1300 = EDGE_CURVE ( 'NONE', #1568, #5096, #7133, .T. ) ;
#1301 = ORIENTED_EDGE ( 'NONE', *, *, #6061, .T. ) ;
#1302 =( GEOMETRIC_REPRESENTATION_CONTEXT ( 3 ) GLOBAL_UNCERTAINTY_ASSIGNED_CONTEXT ( ( #6047 ) ) GLOBAL_UNIT_ASSIGNED_CONTEXT ( ( #3699, #7420, #7391 ) ) REPRESENTATION_CONTEXT ( 'NONE', 'WORKASPACE' ) );
#1303 = CARTESIAN_POINT ( 'NONE',  ( 1.524999999999999900, 0.0000000000000000000, 0.2030000000000000100 ) ) ;
#1304 = AXIS2_PLACEMENT_3D ( 'NONE', #2582, #6971, #7700 ) ;
#1305 = CARTESIAN_POINT ( 'NONE',  ( 0.8249637500639232000, 1.837420233362311800, 0.2030000000000000100 ) ) ;
#1306 = CARTESIAN_POINT ( 'NONE',  ( 1.712500000000000100, -1.350000000000000100, 0.04999999999999999600 ) ) ;
#1307 = DIRECTION ( 'NONE',  ( -1.000000000000000000, 0.0000000000000000000, 0.0000000000000000000 ) ) ;
#1308 = VERTEX_POINT ( 'NONE', #5826 ) ;
#1309 = CARTESIAN_POINT ( 'NONE',  ( 0.1465623180000000000, -0.1856274672000000100, 0.8008000000000000700 ) ) ;
#1310 = LINE ( 'NONE', #1519, #16 ) ;
#1311 = CARTESIAN_POINT ( 'NONE',  ( 0.0000000000000000000, -0.1856274672000000100, 0.8009000000000000600 ) ) ;
#1312 = LINE ( 'NONE', #642, #4579 ) ;
#1313 = EDGE_LOOP ( 'NONE', ( #2996, #8304, #7828, #2213 ) ) ;
#1314 = CARTESIAN_POINT ( 'NONE',  ( 1.740000000000000000, -1.865000000000000200, 0.05000000000000000300 ) ) ;
#1315 = EDGE_CURVE ( 'NONE', #8481, #936, #1172, .T. ) ;
#1316 = UNCERTAINTY_MEASURE_WITH_UNIT (LENGTH_MEASURE( 1.000000000000000100E-005 ), #5872, 'distance_accuracy_value', 'NONE');
#1317 = EDGE_CURVE ( 'NONE', #4626, #2079, #5497, .T. ) ;
#1318 = CARTESIAN_POINT ( 'NONE',  ( 0.0000000000000000000, -1.200000000000000000, 0.2030000000000000100 ) ) ;
#1319 = AXIS2_PLACEMENT_3D ( 'NONE', #9064, #1745, #184 ) ;
#1320 = CARTESIAN_POINT ( 'NONE',  ( 0.0000000000000000000, 0.0000000000000000000, 0.2030000000000000100 ) ) ;
#1321 = VERTEX_POINT ( 'NONE', #7186 ) ;
#1322 = FILL_AREA_STYLE ('',( #3472 ) ) ;
#1323 = PLANE ( 'NONE',  #7784 ) ;
#1324 = ORIENTED_EDGE ( 'NONE', *, *, #3082, .T. ) ;
#1325 = LINE ( 'NONE', #5382, #7272 ) ;
#1326 = CARTESIAN_POINT ( 'NONE',  ( -0.0000000000000000000, 0.8249999999999999600, 0.0000000000000000000 ) ) ;
#1327 = DIRECTION ( 'NONE',  ( -1.000000000000000000, -4.338000811896018200E-015, 0.0000000000000000000 ) ) ;
#1328 = ORIENTED_EDGE ( 'NONE', *, *, #6568, .T. ) ;
#1329 = CIRCLE ( 'NONE', #5160, 0.04998625954667008900 ) ;
#1330 = ORIENTED_EDGE ( 'NONE', *, *, #5323, .F. ) ;
#1331 = ORIENTED_EDGE ( 'NONE', *, *, #6346, .T. ) ;
#1332 = CARTESIAN_POINT ( 'NONE',  ( -0.5500000000000000400, -0.1000000000000000100, 0.0000000000000000000 ) ) ;
#1333 = EDGE_LOOP ( 'NONE', ( #4748, #3306, #1417, #5948, #6255, #612 ) ) ;
#1334 = AXIS2_PLACEMENT_3D ( 'NONE', #1572, #8214, #2311 ) ;
#1335 = PLANE ( 'NONE',  #3150 ) ;
#1336 = CYLINDRICAL_SURFACE ( 'NONE', #4131, 0.04999996264625481600 ) ;
#1337 = ADVANCED_FACE ( 'NONE', ( #9092 ), #8029, .F. ) ;
#1338 = EDGE_CURVE ( 'NONE', #3459, #1169, #5146, .T. ) ;
#1339 = CIRCLE ( 'NONE', #1972, 0.04998625954667008900 ) ;
#1340 = ORIENTED_EDGE ( 'NONE', *, *, #2377, .F. ) ;
#1341 = DIRECTION ( 'NONE',  ( -0.0000000000000000000, -0.0000000000000000000, -1.000000000000000000 ) ) ;
#1342 = ORIENTED_EDGE ( 'NONE', *, *, #8236, .T. ) ;
#1343 = LINE ( 'NONE', #6832, #7053 ) ;
#1344 = DIRECTION ( 'NONE',  ( -0.0000000000000000000, -0.0000000000000000000, -1.000000000000000000 ) ) ;
#1345 = DIRECTION ( 'NONE',  ( 0.0000000000000000000, 1.000000000000000000, 0.0000000000000000000 ) ) ;
#1346 = FACE_OUTER_BOUND ( 'NONE', #2073, .T. ) ;
#1347 = STYLED_ITEM ( 'NONE', ( #34 ), #6867 ) ;
#1348 = EDGE_CURVE ( 'NONE', #6889, #6010, #6542, .T. ) ;
#1349 = ORIENTED_EDGE ( 'NONE', *, *, #1365, .T. ) ;
#1350 = ORIENTED_EDGE ( 'NONE', *, *, #6662, .T. ) ;
#1351 = CARTESIAN_POINT ( 'NONE',  ( 0.04532966550000001200, -2.373629999999772200E-005, 0.8009000000000000600 ) ) ;
#1352 = DIRECTION ( 'NONE',  ( -1.000000000000000000, 0.0000000000000000000, 0.0000000000000000000 ) ) ;
#1353 = ORIENTED_EDGE ( 'NONE', *, *, #5281, .F. ) ;
#1354 = LINE ( 'NONE', #2553, #1105 ) ;
#1355 = DIRECTION ( 'NONE',  ( 0.0000000000000000000, 1.000000000000000000, -0.0000000000000000000 ) ) ;
#1356 = CIRCLE ( 'NONE', #6886, 0.05003631351710522600 ) ;
#1357 = CARTESIAN_POINT ( 'NONE',  ( 1.249999962646240800, 0.8749999626462409100, 0.2030000000000000100 ) ) ;
#1358 = VECTOR ( 'NONE', #7285, 1000.000000000000000 ) ;
#1359 = CARTESIAN_POINT ( 'NONE',  ( -1.712500000000000100, -0.1499999999999999900, 0.2030000000000000100 ) ) ;
#1360 = ORIENTED_EDGE ( 'NONE', *, *, #2337, .F. ) ;
#1361 = PLANE ( 'NONE',  #5950 ) ;
#1362 = ORIENTED_EDGE ( 'NONE', *, *, #7542, .T. ) ;
#1363 = DIRECTION ( 'NONE',  ( 0.0000000000000000000, -0.0000000000000000000, 1.000000000000000000 ) ) ;
#1364 = VECTOR ( 'NONE', #8636, 1000.000000000000100 ) ;
#1365 = EDGE_CURVE ( 'NONE', #2197, #9531, #3525, .T. ) ;
#1366 = CARTESIAN_POINT ( 'NONE',  ( -0.05829795300000000000, -0.1856274672000000100, 0.8008000000000000700 ) ) ;
#1367 = DIRECTION ( 'NONE',  ( -1.000000000000000000, 0.0000000000000000000, 0.0000000000000000000 ) ) ;
#1368 = PLANE ( 'NONE',  #8457 ) ;
#1369 = EDGE_LOOP ( 'NONE', ( #5351, #1342, #8243, #3885 ) ) ;
#1370 = VERTEX_POINT ( 'NONE', #4310 ) ;
#1371 = DIRECTION ( 'NONE',  ( -0.0000000000000000000, -0.0000000000000000000, -1.000000000000000000 ) ) ;
#1372 = VECTOR ( 'NONE', #9552, 1000.000000000000000 ) ;
#1373 = SURFACE_STYLE_USAGE ( .BOTH. , #4366 ) ;
#1374 = CARTESIAN_POINT ( 'NONE',  ( -0.09995942674476344900, 0.2152124981999999900, 0.8009000000000000600 ) ) ;
#1375 = EDGE_CURVE ( 'NONE', #2923, #6653, #4563, .T. ) ;
#1376 = DIRECTION ( 'NONE',  ( -0.0000000000000000000, 0.0000000000000000000, 1.000000000000000000 ) ) ;
#1377 = EDGE_CURVE ( 'NONE', #3123, #1764, #8063, .T. ) ;
#1378 = PLANE ( 'NONE',  #6689 ) ;
#1379 = AXIS2_PLACEMENT_3D ( 'NONE', #758, #5121, #4401 ) ;
#1380 = VERTEX_POINT ( 'NONE', #5760 ) ;
#1381 = ORIENTED_EDGE ( 'NONE', *, *, #5461, .F. ) ;
#1382 = MECHANICAL_DESIGN_GEOMETRIC_PRESENTATION_REPRESENTATION (  '', ( #854 ), #3692 ) ;
#1383 = DIRECTION ( 'NONE',  ( -0.0000000000000000000, -0.0000000000000000000, -1.000000000000000000 ) ) ;
#1384 = LINE ( 'NONE', #5588, #9059 ) ;
#1385 = CYLINDRICAL_SURFACE ( 'NONE', #673, 0.04998625954667008900 ) ;
#1386 = ADVANCED_FACE ( 'NONE', ( #2802 ), #4902, .T. ) ;
#1387 =( LENGTH_UNIT ( ) NAMED_UNIT ( * ) SI_UNIT ( .MILLI., .METRE. ) );
#1388 = DIRECTION ( 'NONE',  ( -1.000000000000000000, 0.0000000000000000000, 0.0000000000000000000 ) ) ;
#1389 = CARTESIAN_POINT ( 'NONE',  ( 0.3250000000000000700, 1.325000000000000000, 0.2030000000000000100 ) ) ;
#1390 = VERTEX_POINT ( 'NONE', #3577 ) ;
#1391 = CARTESIAN_POINT ( 'NONE',  ( -0.6250000000000000000, 1.837499999999999900, 0.2030000000000000100 ) ) ;
#1392 = VERTEX_POINT ( 'NONE', #7962 ) ;
#1393 = EDGE_CURVE ( 'NONE', #3775, #3360, #5029, .T. ) ;
#1394 = PRESENTATION_STYLE_ASSIGNMENT (( #6247 ) ) ;
#1395 = AXIS2_PLACEMENT_3D ( 'NONE', #3130, #3879, #6201 ) ;
#1396 = ORIENTED_EDGE ( 'NONE', *, *, #5459, .T. ) ;
#1397 = DIRECTION ( 'NONE',  ( 0.0000000000000000000, 1.000000000000000000, 0.0000000000000000000 ) ) ;
#1398 = CARTESIAN_POINT ( 'NONE',  ( 1.174986249936076800, 1.837530996695474700, 0.2030000000000000100 ) ) ;
#1399 = DIRECTION ( 'NONE',  ( 0.0000000000000000000, -0.0000000000000000000, 1.000000000000000000 ) ) ;
#1400 = ORIENTED_EDGE ( 'NONE', *, *, #3537, .F. ) ;
#1401 = ORIENTED_EDGE ( 'NONE', *, *, #4135, .T. ) ;
#1402 = CARTESIAN_POINT ( 'NONE',  ( 0.0000000000000000000, 1.625000000000000200, 0.05000000000000000300 ) ) ;
#1403 = FACE_OUTER_BOUND ( 'NONE', #3379, .T. ) ;
#1404 = LINE ( 'NONE', #3125, #4549 ) ;
#1405 = CARTESIAN_POINT ( 'NONE',  ( 0.3750000000000000000, 1.500000000000000000, 0.04999999999999999600 ) ) ;
#1406 = ORIENTED_EDGE ( 'NONE', *, *, #1946, .F. ) ;
#1407 =( GEOMETRIC_REPRESENTATION_CONTEXT ( 3 ) GLOBAL_UNCERTAINTY_ASSIGNED_CONTEXT ( ( #2808 ) ) GLOBAL_UNIT_ASSIGNED_CONTEXT ( ( #1560, #3706, #3049 ) ) REPRESENTATION_CONTEXT ( 'NONE', 'WORKASPACE' ) );
#1408 = ORIENTED_EDGE ( 'NONE', *, *, #4587, .F. ) ;
#1409 = EDGE_CURVE ( 'NONE', #9301, #7660, #7724, .T. ) ;
#1410 = CARTESIAN_POINT ( 'NONE',  ( 1.712530996695474500, -1.500013750063923200, 0.2030000000000000100 ) ) ;
#1411 = EDGE_CURVE ( 'NONE', #7518, #1547, #7247, .T. ) ;
#1412 = VECTOR ( 'NONE', #9079, 1000.000000000000000 ) ;
#1413 = FACE_OUTER_BOUND ( 'NONE', #7113, .T. ) ;
#1414 = DIRECTION ( 'NONE',  ( -1.000000000000000000, 0.0000000000000000000, 0.0000000000000000000 ) ) ;
#1415 = VERTEX_POINT ( 'NONE', #4957 ) ;
#1416 = VECTOR ( 'NONE', #7807, 1000.000000000000000 ) ;
#1417 = ORIENTED_EDGE ( 'NONE', *, *, #2926, .F. ) ;
#1418 = LINE ( 'NONE', #4177, #7490 ) ;
#1419 = DIRECTION ( 'NONE',  ( -0.0000000000000000000, -0.0000000000000000000, -1.000000000000000000 ) ) ;
#1420 = LINE ( 'NONE', #4280, #7940 ) ;
#1421 = FACE_OUTER_BOUND ( 'NONE', #1798, .T. ) ;
#1422 = DIRECTION ( 'NONE',  ( 1.000000000000000000, 0.0000000000000000000, 0.0000000000000000000 ) ) ;
#1423 =( GEOMETRIC_REPRESENTATION_CONTEXT ( 3 ) GLOBAL_UNCERTAINTY_ASSIGNED_CONTEXT ( ( #2579 ) ) GLOBAL_UNIT_ASSIGNED_CONTEXT ( ( #1489, #30, #7422 ) ) REPRESENTATION_CONTEXT ( 'NONE', 'WORKASPACE' ) );
#1424 = DIRECTION ( 'NONE',  ( 1.000000000000000000, 0.0000000000000000000, 0.0000000000000000000 ) ) ;
#1425 = EDGE_CURVE ( 'NONE', #8936, #3857, #3275, .T. ) ;
#1426 = EDGE_CURVE ( 'NONE', #7799, #7216, #7375, .T. ) ;
#1427 = ORIENTED_EDGE ( 'NONE', *, *, #7354, .F. ) ;
#1428 = DIRECTION ( 'NONE',  ( 1.000000000000000000, 0.0000000000000000000, -0.0000000000000000000 ) ) ;
#1429 = VECTOR ( 'NONE', #674, 1000.000000000000000 ) ;
#1430 = ORIENTED_EDGE ( 'NONE', *, *, #8488, .F. ) ;
#1431 = CARTESIAN_POINT ( 'NONE',  ( 1.200000000000000000, 1.024999999999999900, 0.0000000000000000000 ) ) ;
#1432 = CARTESIAN_POINT ( 'NONE',  ( -1.225000000000000100, 0.8249999999999999600, 0.2030000000000000100 ) ) ;
#1433 = ADVANCED_FACE ( 'NONE', ( #9213 ), #5223, .F. ) ;
#1434 = EDGE_LOOP ( 'NONE', ( #4454, #7280, #18, #7577 ) ) ;
#1435 = DIRECTION ( 'NONE',  ( -1.000000000000000000, 0.0000000000000000000, 0.0000000000000000000 ) ) ;
#1436 = EDGE_CURVE ( 'NONE', #1764, #8013, #7011, .T. ) ;
#1437 = FACE_OUTER_BOUND ( 'NONE', #4457, .T. ) ;
#1438 = AXIS2_PLACEMENT_3D ( 'NONE', #1816, #3340, #7021 ) ;
#1439 = LINE ( 'NONE', #3069, #8647 ) ;
#1440 = PLANE ( 'NONE',  #1622 ) ;
#1441 = CARTESIAN_POINT ( 'NONE',  ( -0.1999999252924815900, -1.600000074707518300, 0.0000000000000000000 ) ) ;
#1442 = EDGE_LOOP ( 'NONE', ( #2922, #8633, #7352, #4250, #656, #6363 ) ) ;
#1443 = AXIS2_PLACEMENT_3D ( 'NONE', #5276, #7538, #4431 ) ;
#1444 = CARTESIAN_POINT ( 'NONE',  ( -1.740000000000000000, 1.865000000000000200, 0.8000000000000000400 ) ) ;
#1445 = DIRECTION ( 'NONE',  ( -0.0000000000000000000, 0.0000000000000000000, 1.000000000000000000 ) ) ;
#1446 = CARTESIAN_POINT ( 'NONE',  ( 0.8749000000000002300, 1.376700000000000300, 0.0000000000000000000 ) ) ;
#1447 = EDGE_LOOP ( 'NONE', ( #8216, #2809, #4801, #44 ) ) ;
#1448 = VECTOR ( 'NONE', #589, 1000.000000000000100 ) ;
#1449 = ORIENTED_EDGE ( 'NONE', *, *, #1977, .F. ) ;
#1450 = PRESENTATION_STYLE_ASSIGNMENT (( #1174 ) ) ;
#1451 = DIRECTION ( 'NONE',  ( -1.000000000000000000, 0.0000000000000000000, 0.0000000000000000000 ) ) ;
#1452 = SURFACE_SIDE_STYLE ('',( #5089 ) ) ;
#1453 = AXIS2_PLACEMENT_3D ( 'NONE', #9437, #1196, #4154 ) ;
#1454 = SURFACE_SIDE_STYLE ('',( #991 ) ) ;
#1455 = CARTESIAN_POINT ( 'NONE',  ( -0.2250137500639230700, -1.837530996695474500, 0.2030000000000000100 ) ) ;
#1456 = VERTEX_POINT ( 'NONE', #5994 ) ;
#1457 = DIRECTION ( 'NONE',  ( -0.0000000000000000000, 0.0000000000000000000, 1.000000000000000000 ) ) ;
#1458 = CYLINDRICAL_SURFACE ( 'NONE', #9007, 0.04998625954667031100 ) ;
#1459 = ORIENTED_EDGE ( 'NONE', *, *, #5147, .F. ) ;
#1460 = ORIENTED_EDGE ( 'NONE', *, *, #2854, .F. ) ;
#1461 = CARTESIAN_POINT ( 'NONE',  ( -1.224999981323120500, 0.5500000186768795300, 0.04999999999999999600 ) ) ;
#1462 = FACE_OUTER_BOUND ( 'NONE', #8950, .T. ) ;
#1463 = CARTESIAN_POINT ( 'NONE',  ( 0.5500000000000000400, -0.8000000000000000400, 0.04999999999999999600 ) ) ;
#1464 = CARTESIAN_POINT ( 'NONE',  ( -0.6251000000000001000, 1.376700000000000300, 0.04999999999999999600 ) ) ;
#1465 = ORIENTED_EDGE ( 'NONE', *, *, #4235, .F. ) ;
#1466 = AXIS2_PLACEMENT_3D ( 'NONE', #864, #7709, #6940 ) ;
#1467 = DIRECTION ( 'NONE',  ( -0.0000000000000000000, 0.0000000000000000000, 1.000000000000000000 ) ) ;
#1468 = VERTEX_POINT ( 'NONE', #5895 ) ;
#1469 = EDGE_CURVE ( 'NONE', #5555, #5349, #1297, .T. ) ;
#1470 = ORIENTED_EDGE ( 'NONE', *, *, #2837, .T. ) ;
#1471 = FACE_OUTER_BOUND ( 'NONE', #9549, .T. ) ;
#1472 = CARTESIAN_POINT ( 'NONE',  ( 1.125000000000000200, -1.550000000000000300, 0.0000000000000000000 ) ) ;
#1473 = ORIENTED_EDGE ( 'NONE', *, *, #7172, .F. ) ;
#1474 = CARTESIAN_POINT ( 'NONE',  ( -0.2000000000000000100, -1.200000000000000000, 0.2030000000000000100 ) ) ;
#1475 = CARTESIAN_POINT ( 'NONE',  ( 0.1679833953000000000, -0.1856274672000000100, 0.8009000000000000600 ) ) ;
#1476 = EDGE_LOOP ( 'NONE', ( #7825, #2945, #3646, #5666 ) ) ;
#1477 = PLANE ( 'NONE',  #5404 ) ;
#1478 = FACE_OUTER_BOUND ( 'NONE', #1630, .T. ) ;
#1479 = MECHANICAL_DESIGN_GEOMETRIC_PRESENTATION_REPRESENTATION (  '', ( #7666 ), #3473 ) ;
#1480 = EDGE_CURVE ( 'NONE', #4028, #7660, #6773, .T. ) ;
#1481 = EDGE_CURVE ( 'NONE', #771, #6837, #2341, .T. ) ;
#1482 = ADVANCED_FACE ( 'NONE', ( #108 ), #6628, .T. ) ;
#1483 =( NAMED_UNIT ( * ) PLANE_ANGLE_UNIT ( ) SI_UNIT ( $, .RADIAN. ) );
#1484 = ORIENTED_EDGE ( 'NONE', *, *, #7894, .T. ) ;
#1485 = DIRECTION ( 'NONE',  ( -0.0000000000000000000, -0.0000000000000000000, -1.000000000000000000 ) ) ;
#1486 = ORIENTED_EDGE ( 'NONE', *, *, #3553, .F. ) ;
#1487 = DIRECTION ( 'NONE',  ( -0.0000000000000000000, -0.0000000000000000000, -1.000000000000000000 ) ) ;
#1488 = ORIENTED_EDGE ( 'NONE', *, *, #9399, .F. ) ;
#1489 =( LENGTH_UNIT ( ) NAMED_UNIT ( * ) SI_UNIT ( .MILLI., .METRE. ) );
#1490 = LINE ( 'NONE', #6850, #5815 ) ;
#1491 = CARTESIAN_POINT ( 'NONE',  ( -1.475013750063923100, -1.837530996695474700, 0.0000000000000000000 ) ) ;
#1492 = FILL_AREA_STYLE_COLOUR ( '', #2309 ) ;
#1493 = ORIENTED_EDGE ( 'NONE', *, *, #6979, .F. ) ;
#1494 = ADVANCED_FACE ( 'NONE', ( #3979 ), #2792, .T. ) ;
#1495 = ORIENTED_EDGE ( 'NONE', *, *, #5577, .F. ) ;
#1496 = EDGE_CURVE ( 'NONE', #7576, #5561, #6205, .T. ) ;
#1497 = DIRECTION ( 'NONE',  ( 0.0000000000000000000, -0.0000000000000000000, -1.000000000000000000 ) ) ;
#1498 = AXIS2_PLACEMENT_3D ( 'NONE', #1264, #3493, #7236 ) ;
#1499 = FACE_OUTER_BOUND ( 'NONE', #4119, .T. ) ;
#1500 = CARTESIAN_POINT ( 'NONE',  ( 0.6250000000000000000, 1.375000000000000000, 0.0000000000000000000 ) ) ;
#1501 = AXIS2_PLACEMENT_3D ( 'NONE', #4534, #6722, #8958 ) ;
#1502 = CARTESIAN_POINT ( 'NONE',  ( 0.1250000000000000000, 0.0000000000000000000, 0.2030000000000000100 ) ) ;
#1503 = CARTESIAN_POINT ( 'NONE',  ( -1.475013750063923100, 1.837530996695474700, 0.2030000000000000100 ) ) ;
#1504 = CARTESIAN_POINT ( 'NONE',  ( 0.8750000000000000000, 1.837499999999999900, 0.2030000000000000100 ) ) ;
#1505 = CARTESIAN_POINT ( 'NONE',  ( 0.8737828802399551000, -0.0007086641364472852400, 0.05000000000000000300 ) ) ;
#1506 = ORIENTED_EDGE ( 'NONE', *, *, #6965, .T. ) ;
#1507 = LINE ( 'NONE', #5928, #6054 ) ;
#1508 = VERTEX_POINT ( 'NONE', #2840 ) ;
#1509 = CARTESIAN_POINT ( 'NONE',  ( 0.2750000000000000200, -1.700000000000000000, 0.2030000000000000100 ) ) ;
#1510 = EDGE_CURVE ( 'NONE', #3149, #9373, #704, .T. ) ;
#1511 = AXIS2_PLACEMENT_3D ( 'NONE', #9206, #1796, #6289 ) ;
#1512 = DIRECTION ( 'NONE',  ( -0.0000000000000000000, -0.0000000000000000000, -1.000000000000000000 ) ) ;
#1513 = ORIENTED_EDGE ( 'NONE', *, *, #9640, .F. ) ;
#1514 = ORIENTED_EDGE ( 'NONE', *, *, #6166, .F. ) ;
#1515 = CYLINDRICAL_SURFACE ( 'NONE', #9284, 0.1015999999999996500 ) ;
#1516 = CARTESIAN_POINT ( 'NONE',  ( 1.712530996695474700, 1.575013750063923200, 0.2030000000000000100 ) ) ;
#1517 = LINE ( 'NONE', #2788, #2092 ) ;
#1518 = CARTESIAN_POINT ( 'NONE',  ( -1.740000000000000000, 0.04177593392591787100, 0.04999999999999999600 ) ) ;
#1519 = CARTESIAN_POINT ( 'NONE',  ( -1.125000000000000200, -1.550000000000000300, 0.2030000000000000100 ) ) ;
#1520 = CARTESIAN_POINT ( 'NONE',  ( -0.5999999999999999800, -0.8499999999999999800, 0.2030000000000000100 ) ) ;
#1521 = CIRCLE ( 'NONE', #7557, 0.04998625954667031100 ) ;
#1522 = VERTEX_POINT ( 'NONE', #8156 ) ;
#1523 = ORIENTED_EDGE ( 'NONE', *, *, #6506, .T. ) ;
#1524 = AXIS2_PLACEMENT_3D ( 'NONE', #9356, #7187, #1182 ) ;
#1525 = CIRCLE ( 'NONE', #412, 0.04998625954667031100 ) ;
#1526 = VECTOR ( 'NONE', #4125, 1000.000000000000000 ) ;
#1527 = DIRECTION ( 'NONE',  ( 0.0000000000000000000, -0.0000000000000000000, 1.000000000000000000 ) ) ;
#1528 = ORIENTED_EDGE ( 'NONE', *, *, #8316, .T. ) ;
#1529 = LINE ( 'NONE', #1949, #6073 ) ;
#1530 = CARTESIAN_POINT ( 'NONE',  ( 1.712530996695474900, 0.3749862499360769300, 0.2030000000000000100 ) ) ;
#1531 = CARTESIAN_POINT ( 'NONE',  ( 0.2750000000000000200, -0.2999999999999999900, 0.2030000000000000100 ) ) ;
#1532 = CARTESIAN_POINT ( 'NONE',  ( -1.712500000000000100, -1.550000000000000300, 0.2030000000000000100 ) ) ;
#1533 = ORIENTED_EDGE ( 'NONE', *, *, #7308, .T. ) ;
#1534 = ADVANCED_FACE ( 'NONE', ( #7938 ), #29, .F. ) ;
#1535 = FACE_OUTER_BOUND ( 'NONE', #546, .T. ) ;
#1536 = CIRCLE ( 'NONE', #470, 0.04998625954667031100 ) ;
#1537 = CIRCLE ( 'NONE', #3573, 0.04998625954667031100 ) ;
#1538 = VERTEX_POINT ( 'NONE', #6079 ) ;
#1539 =( GEOMETRIC_REPRESENTATION_CONTEXT ( 3 ) GLOBAL_UNCERTAINTY_ASSIGNED_CONTEXT ( ( #5574 ) ) GLOBAL_UNIT_ASSIGNED_CONTEXT ( ( #7543, #5007, #9410 ) ) REPRESENTATION_CONTEXT ( 'NONE', 'WORKASPACE' ) );
#1540 = EDGE_CURVE ( 'NONE', #2644, #1631, #2246, .T. ) ;
#1541 = EDGE_CURVE ( 'NONE', #6565, #7810, #3741, .T. ) ;
#1542 = ORIENTED_EDGE ( 'NONE', *, *, #1469, .T. ) ;
#1543 = CARTESIAN_POINT ( 'NONE',  ( -0.2750000096105933400, -1.837530996695474500, 0.0000000000000000000 ) ) ;
#1544 = VECTOR ( 'NONE', #4863, 1000.000000000000000 ) ;
#1545 = CARTESIAN_POINT ( 'NONE',  ( 0.8667128715228555900, 1.865000000000000200, 0.2030000000000000100 ) ) ;
#1546 = ADVANCED_FACE ( 'NONE', ( #231 ), #2684, .T. ) ;
#1547 = VERTEX_POINT ( 'NONE', #8219 ) ;
#1548 = CARTESIAN_POINT ( 'NONE',  ( 0.1749999626462408200, 1.374999962646241000, 0.2030000000000000100 ) ) ;
#1549 = CARTESIAN_POINT ( 'NONE',  ( 0.5999999626462407800, -0.1000000373537592300, 0.2030000000000000100 ) ) ;
#1550 = SURFACE_STYLE_USAGE ( .BOTH. , #5378 ) ;
#1551 = DIRECTION ( 'NONE',  ( 1.000000000000000000, 0.0000000000000000000, 0.0000000000000000000 ) ) ;
#1552 = CARTESIAN_POINT ( 'NONE',  ( -1.740000000000000000, -1.865000000000000200, 0.2029999999999999600 ) ) ;
#1553 = AXIS2_PLACEMENT_3D ( 'NONE', #2146, #5900, #7291 ) ;
#1554 = CARTESIAN_POINT ( 'NONE',  ( 0.1999999252924816500, -0.9000000747075184200, 0.0000000000000000000 ) ) ;
#1555 = EDGE_CURVE ( 'NONE', #2299, #2250, #1759, .T. ) ;
#1556 = VERTEX_POINT ( 'NONE', #3876 ) ;
#1557 = AXIS2_PLACEMENT_3D ( 'NONE', #7456, #2272, #2325 ) ;
#1558 = PLANE ( 'NONE',  #6905 ) ;
#1559 = ORIENTED_EDGE ( 'NONE', *, *, #1041, .T. ) ;
#1560 =( LENGTH_UNIT ( ) NAMED_UNIT ( * ) SI_UNIT ( .MILLI., .METRE. ) );
#1561 = ORIENTED_EDGE ( 'NONE', *, *, #265, .T. ) ;
#1562 = DIRECTION ( 'NONE',  ( 0.8755906784966709400, 0.4830537896857237700, -0.0000000000000000000 ) ) ;
#1563 = CARTESIAN_POINT ( 'NONE',  ( 0.2554399259999999800, 0.1721721854999999900, 0.8009000000000000600 ) ) ;
#1564 = AXIS2_PLACEMENT_3D ( 'NONE', #6833, #3060, #9013 ) ;
#1565 = EDGE_LOOP ( 'NONE', ( #2873, #848 ) ) ;
#1566 = AXIS2_PLACEMENT_3D ( 'NONE', #4880, #5014, #537 ) ;
#1567 = ORIENTED_EDGE ( 'NONE', *, *, #219, .F. ) ;
#1568 = VERTEX_POINT ( 'NONE', #768 ) ;
#1569 = EDGE_LOOP ( 'NONE', ( #2856, #5766, #233, #6039 ) ) ;
#1570 = ORIENTED_EDGE ( 'NONE', *, *, #4278, .T. ) ;
#1571 = VECTOR ( 'NONE', #2432, 1000.000000000000000 ) ;
#1572 = CARTESIAN_POINT ( 'NONE',  ( -1.712530996695474900, 0.3749862499360769300, 0.0000000000000000000 ) ) ;
#1573 = PLANE ( 'NONE',  #8360 ) ;
#1574 = DIRECTION ( 'NONE',  ( -0.0000000000000000000, -0.0000000000000000000, -1.000000000000000000 ) ) ;
#1575 = ORIENTED_EDGE ( 'NONE', *, *, #7906, .F. ) ;
#1576 = FACE_OUTER_BOUND ( 'NONE', #4231, .T. ) ;
#1577 = EDGE_CURVE ( 'NONE', #3972, #1964, #693, .T. ) ;
#1578 = ADVANCED_FACE ( 'NONE', ( #1535 ), #5081, .T. ) ;
#1579 = EDGE_LOOP ( 'NONE', ( #3214, #5232, #6708, #4415, #4535, #6758 ) ) ;
#1580 = CARTESIAN_POINT ( 'NONE',  ( 0.0000000000000000000, -0.6500000000000001300, 0.05000000000000000300 ) ) ;
#1581 = ORIENTED_EDGE ( 'NONE', *, *, #6286, .T. ) ;
#1582 = LINE ( 'NONE', #2340, #8105 ) ;
#1583 = CARTESIAN_POINT ( 'NONE',  ( -1.712530996695474900, -0.1000137500639230600, 0.0000000000000000000 ) ) ;
#1584 = CIRCLE ( 'NONE', #6393, 0.02499998132312751500 ) ;
#1585 = DIRECTION ( 'NONE',  ( -0.02800120162259612000, 0.9996078894785148700, 0.0000000000000000000 ) ) ;
#1586 = DIRECTION ( 'NONE',  ( -0.0000000000000000000, -0.0000000000000000000, -1.000000000000000000 ) ) ;
#1587 = ORIENTED_EDGE ( 'NONE', *, *, #262, .T. ) ;
#1588 = DIRECTION ( 'NONE',  ( -0.0000000000000000000, -0.0000000000000000000, -1.000000000000000000 ) ) ;
#1589 = ORIENTED_EDGE ( 'NONE', *, *, #1139, .F. ) ;
#1590 = LINE ( 'NONE', #3132, #6943 ) ;
#1591 = ADVANCED_FACE ( 'NONE', ( #1995 ), #6434, .T. ) ;
#1592 = FACE_OUTER_BOUND ( 'NONE', #2194, .T. ) ;
#1593 = CARTESIAN_POINT ( 'NONE',  ( 0.3749000000000000100, 1.376700000000000000, 0.0000000000000000000 ) ) ;
#1594 = AXIS2_PLACEMENT_3D ( 'NONE', #4975, #1952, #8682 ) ;
#1595 = CARTESIAN_POINT ( 'NONE',  ( -0.2750000000000000200, 0.0000000000000000000, 0.2030000000000000100 ) ) ;
#1596 = VERTEX_POINT ( 'NONE', #4421 ) ;
#1597 = EDGE_CURVE ( 'NONE', #2197, #5693, #5018, .T. ) ;
#1598 = VERTEX_POINT ( 'NONE', #4213 ) ;
#1599 = PLANE ( 'NONE',  #6066 ) ;
#1600 = LINE ( 'NONE', #8478, #8239 ) ;
#1601 = VECTOR ( 'NONE', #8328, 1000.000000000000000 ) ;
#1602 = CARTESIAN_POINT ( 'NONE',  ( 1.124999990389406800, 1.837530996695474700, 0.0000000000000000000 ) ) ;
#1603 = EDGE_LOOP ( 'NONE', ( #576, #649, #7645, #8057, #7791, #237, #3620, #6998 ) ) ;
#1604 = EDGE_LOOP ( 'NONE', ( #5725, #159, #482, #5936, #7209, #5481 ) ) ;
#1605 = VERTEX_POINT ( 'NONE', #4993 ) ;
#1606 = DIRECTION ( 'NONE',  ( 0.0000000000000000000, -1.000000000000000000, 0.0000000000000000000 ) ) ;
#1607 = AXIS2_PLACEMENT_3D ( 'NONE', #2737, #1771, #510 ) ;
#1608 = FACE_OUTER_BOUND ( 'NONE', #7752, .T. ) ;
#1609 = EDGE_CURVE ( 'NONE', #6529, #965, #215, .T. ) ;
#1610 = EDGE_CURVE ( 'NONE', #8953, #3828, #2453, .T. ) ;
#1611 = DIRECTION ( 'NONE',  ( 0.4830537896857237700, -0.8755906784966709400, 0.0000000000000000000 ) ) ;
#1612 = CARTESIAN_POINT ( 'NONE',  ( -1.712530996695474700, 0.8749862499360769900, 0.0000000000000000000 ) ) ;
#1613 = ORIENTED_EDGE ( 'NONE', *, *, #7956, .T. ) ;
#1614 = PLANE ( 'NONE',  #2908 ) ;
#1615 = EDGE_LOOP ( 'NONE', ( #6861, #6894, #6311, #5298 ) ) ;
#1616 = VERTEX_POINT ( 'NONE', #7284 ) ;
#1617 = DIRECTION ( 'NONE',  ( -1.000000000000000000, 0.0000000000000000000, 0.0000000000000000000 ) ) ;
#1618 = EDGE_CURVE ( 'NONE', #369, #9383, #5259, .T. ) ;
#1619 = FILL_AREA_STYLE ('',( #7658 ) ) ;
#1620 = ORIENTED_EDGE ( 'NONE', *, *, #7720, .T. ) ;
#1621 = ORIENTED_EDGE ( 'NONE', *, *, #2481, .F. ) ;
#1622 = AXIS2_PLACEMENT_3D ( 'NONE', #4494, #7471, #8143 ) ;
#1623 = CARTESIAN_POINT ( 'NONE',  ( -1.740000000000000000, -1.865000000000000200, 0.2029999999999999600 ) ) ;
#1624 = DIRECTION ( 'NONE',  ( 0.0000000000000000000, -0.0000000000000000000, 1.000000000000000000 ) ) ;
#1625 = LINE ( 'NONE', #310, #8837 ) ;
#1626 = ORIENTED_EDGE ( 'NONE', *, *, #6182, .T. ) ;
#1627 = CARTESIAN_POINT ( 'NONE',  ( 0.0000000000000000000, 0.5749999999999999600, 0.0000000000000000000 ) ) ;
#1628 = CARTESIAN_POINT ( 'NONE',  ( -1.508100000000000000, -1.875000000000000000, 0.2030000000000000100 ) ) ;
#1629 = CIRCLE ( 'NONE', #7229, 0.04999996264625481600 ) ;
#1630 = EDGE_LOOP ( 'NONE', ( #3393, #9005, #3417, #4595 ) ) ;
#1631 = VERTEX_POINT ( 'NONE', #5829 ) ;
#1632 = VECTOR ( 'NONE', #5469, 1000.000000000000000 ) ;
#1633 = DIRECTION ( 'NONE',  ( -0.0000000000000000000, -0.0000000000000000000, -1.000000000000000000 ) ) ;
#1634 = LINE ( 'NONE', #391, #5354 ) ;
#1635 = AXIS2_PLACEMENT_3D ( 'NONE', #550, #4962, #8673 ) ;
#1636 = CARTESIAN_POINT ( 'NONE',  ( 0.0000000000000000000, -0.8499999999999999800, 0.0000000000000000000 ) ) ;
#1637 = ADVANCED_FACE ( 'NONE', ( #7481 ), #3031, .T. ) ;
#1638 = CARTESIAN_POINT ( 'NONE',  ( 0.0000000000000000000, -0.8499999999999999800, 0.05000000000000000300 ) ) ;
#1639 = ORIENTED_EDGE ( 'NONE', *, *, #7745, .T. ) ;
#1640 = DIRECTION ( 'NONE',  ( 1.000000000000000000, 0.0000000000000000000, -0.0000000000000000000 ) ) ;
#1641 = VERTEX_POINT ( 'NONE', #583 ) ;
#1642 = DIRECTION ( 'NONE',  ( -0.0000000000000000000, 1.000000000000000000, -0.0000000000000000000 ) ) ;
#1643 = FACE_OUTER_BOUND ( 'NONE', #2830, .T. ) ;
#1644 = LINE ( 'NONE', #4117, #1416 ) ;
#1645 = ORIENTED_EDGE ( 'NONE', *, *, #9679, .T. ) ;
#1646 =( NAMED_UNIT ( * ) PLANE_ANGLE_UNIT ( ) SI_UNIT ( $, .RADIAN. ) );
#1647 = VECTOR ( 'NONE', #7248, 1000.000000000000000 ) ;
#1648 = EDGE_CURVE ( 'NONE', #2457, #2686, #5483, .T. ) ;
#1649 = VECTOR ( 'NONE', #488, 1000.000000000000000 ) ;
#1650 = VECTOR ( 'NONE', #2548, 1000.000000000000000 ) ;
#1651 = ORIENTED_EDGE ( 'NONE', *, *, #8856, .F. ) ;
#1652 = PLANE ( 'NONE',  #5814 ) ;
#1653 = DIRECTION ( 'NONE',  ( -1.000000000000000000, 0.0000000000000000000, 0.0000000000000000000 ) ) ;
#1654 = CARTESIAN_POINT ( 'NONE',  ( 1.740000000000000000, 0.3332240660740821100, 0.2030000000000000100 ) ) ;
#1655 = CIRCLE ( 'NONE', #1807, 0.04998625954667031100 ) ;
#1656 = ORIENTED_EDGE ( 'NONE', *, *, #512, .F. ) ;
#1657 = DIRECTION ( 'NONE',  ( -0.0000000000000000000, 0.0000000000000000000, 1.000000000000000000 ) ) ;
#1658 = VECTOR ( 'NONE', #2001, 1000.000000000000000 ) ;
#1659 = DIRECTION ( 'NONE',  ( 1.000000000000000000, 0.0000000000000000000, 0.0000000000000000000 ) ) ;
#1660 = ORIENTED_EDGE ( 'NONE', *, *, #302, .T. ) ;
#1661 = AXIS2_PLACEMENT_3D ( 'NONE', #2888, #4462, #8170 ) ;
#1662 = EDGE_CURVE ( 'NONE', #7380, #2414, #8173, .T. ) ;
#1663 = EDGE_CURVE ( 'NONE', #2644, #823, #455, .T. ) ;
#1664 = DIRECTION ( 'NONE',  ( 1.000000000000000000, 0.0000000000000000000, 0.0000000000000000000 ) ) ;
#1665 = DIRECTION ( 'NONE',  ( -0.0000000000000000000, -0.0000000000000000000, -1.000000000000000000 ) ) ;
#1666 = DIRECTION ( 'NONE',  ( -0.0000000000000000000, -0.0000000000000000000, -1.000000000000000000 ) ) ;
#1667 = ORIENTED_EDGE ( 'NONE', *, *, #2497, .F. ) ;
#1668 = FACE_OUTER_BOUND ( 'NONE', #3718, .T. ) ;
#1669 = ORIENTED_EDGE ( 'NONE', *, *, #6153, .F. ) ;
#1670 = ADVANCED_FACE ( 'NONE', ( #3514 ), #6561, .F. ) ;
#1671 = PLANE ( 'NONE',  #4981 ) ;
#1672 = CARTESIAN_POINT ( 'NONE',  ( 0.3750000000000000000, 0.0000000000000000000, 0.0000000000000000000 ) ) ;
#1673 = CARTESIAN_POINT ( 'NONE',  ( 1.740000000000000000, -0.1417759339259178900, 0.2030000000000000100 ) ) ;
#1674 = EDGE_CURVE ( 'NONE', #3355, #9333, #4200, .T. ) ;
#1675 =( GEOMETRIC_REPRESENTATION_CONTEXT ( 3 ) GLOBAL_UNCERTAINTY_ASSIGNED_CONTEXT ( ( #3999 ) ) GLOBAL_UNIT_ASSIGNED_CONTEXT ( ( #5116, #2131, #8084 ) ) REPRESENTATION_CONTEXT ( 'NONE', 'WORKASPACE' ) );
#1676 = SURFACE_STYLE_FILL_AREA ( #4481 ) ;
#1677 = ORIENTED_EDGE ( 'NONE', *, *, #7907, .T. ) ;
#1678 = CYLINDRICAL_SURFACE ( 'NONE', #7144, 0.04998625954667031100 ) ;
#1679 = UNCERTAINTY_MEASURE_WITH_UNIT (LENGTH_MEASURE( 1.000000000000000100E-005 ), #4774, 'distance_accuracy_value', 'NONE');
#1680 = ADVANCED_FACE ( 'NONE', ( #1038 ), #2103, .T. ) ;
#1681 = DIRECTION ( 'NONE',  ( 1.000000000000000000, 0.0000000000000000000, 0.0000000000000000000 ) ) ;
#1682 = SURFACE_SIDE_STYLE ('',( #8231 ) ) ;
#1683 = DIRECTION ( 'NONE',  ( 0.0000000000000000000, 0.0000000000000000000, 1.000000000000000000 ) ) ;
#1684 = DIRECTION ( 'NONE',  ( 1.000000000000000000, 0.0000000000000000000, 0.0000000000000000000 ) ) ;
#1685 = CARTESIAN_POINT ( 'NONE',  ( -1.712530996695474900, 0.5250137500639231500, 0.04999999999999999600 ) ) ;
#1686 = ORIENTED_EDGE ( 'NONE', *, *, #265, .F. ) ;
#1687 = ORIENTED_EDGE ( 'NONE', *, *, #3907, .F. ) ;
#1688 = VECTOR ( 'NONE', #8241, 1000.000000000000000 ) ;
#1689 = EDGE_CURVE ( 'NONE', #6139, #3612, #7000, .T. ) ;
#1690 = SURFACE_STYLE_USAGE ( .BOTH. , #6147 ) ;
#1691 = EDGE_CURVE ( 'NONE', #1813, #439, #8626, .T. ) ;
#1692 = AXIS2_PLACEMENT_3D ( 'NONE', #7639, #2373, #3185 ) ;
#1693 = PRESENTATION_LAYER_ASSIGNMENT (  '', '', ( #854 ) ) ;
#1694 = VERTEX_POINT ( 'NONE', #6493 ) ;
#1695 = DIRECTION ( 'NONE',  ( -0.0000000000000000000, -0.0000000000000000000, -1.000000000000000000 ) ) ;
#1696 = ORIENTED_EDGE ( 'NONE', *, *, #8962, .T. ) ;
#1697 = LINE ( 'NONE', #6001, #1935 ) ;
#1698 = CARTESIAN_POINT ( 'NONE',  ( 0.0000000000000000000, 1.075000000000000000, 0.2030000000000000100 ) ) ;
#1699 = EDGE_LOOP ( 'NONE', ( #6108, #8722, #9532, #1994 ) ) ;
#1700 = AXIS2_PLACEMENT_3D ( 'NONE', #3980, #3370, #1069 ) ;
#1701 = SURFACE_STYLE_USAGE ( .BOTH. , #3190 ) ;
#1702 = CARTESIAN_POINT ( 'NONE',  ( 0.2000000000000000100, -1.000000000000000000, 0.0000000000000000000 ) ) ;
#1703 = PLANE ( 'NONE',  #394 ) ;
#1704 = ORIENTED_EDGE ( 'NONE', *, *, #436, .T. ) ;
#1705 = VECTOR ( 'NONE', #3695, 1000.000000000000000 ) ;
#1706 = FILL_AREA_STYLE ('',( #942 ) ) ;
#1707 = CIRCLE ( 'NONE', #7892, 0.04998625954667008900 ) ;
#1708 = ORIENTED_EDGE ( 'NONE', *, *, #1055, .T. ) ;
#1709 = ORIENTED_EDGE ( 'NONE', *, *, #7614, .F. ) ;
#1710 = ORIENTED_EDGE ( 'NONE', *, *, #4173, .F. ) ;
#1711 = DIRECTION ( 'NONE',  ( -0.0000000000000000000, -0.0000000000000000000, -1.000000000000000000 ) ) ;
#1712 = CARTESIAN_POINT ( 'NONE',  ( 0.09724308719999999500, 0.2152124981999999900, 0.8009000000000000600 ) ) ;
#1713 = CYLINDRICAL_SURFACE ( 'NONE', #7939, 0.04998625954667008900 ) ;
#1714 = DIRECTION ( 'NONE',  ( -0.0000000000000000000, -0.0000000000000000000, -1.000000000000000000 ) ) ;
#1715 = MECHANICAL_DESIGN_GEOMETRIC_PRESENTATION_REPRESENTATION (  '', ( #2390 ), #4207 ) ;
#1716 = FILL_AREA_STYLE ('',( #5491 ) ) ;
#1717 = EDGE_CURVE ( 'NONE', #1872, #2109, #4788, .T. ) ;
#1718 = EDGE_CURVE ( 'NONE', #1233, #6777, #6532, .T. ) ;
#1719 = ORIENTED_EDGE ( 'NONE', *, *, #6230, .F. ) ;
#1720 = DIRECTION ( 'NONE',  ( -0.0000000000000000000, -0.0000000000000000000, -1.000000000000000000 ) ) ;
#1721 = ORIENTED_EDGE ( 'NONE', *, *, #5459, .F. ) ;
#1722 = ORIENTED_EDGE ( 'NONE', *, *, #4891, .F. ) ;
#1723 = FACE_OUTER_BOUND ( 'NONE', #2661, .T. ) ;
#1724 = DIRECTION ( 'NONE',  ( 0.0008110297413745396700, 0.9999996711153251700, 0.0000000000000000000 ) ) ;
#1725 = CARTESIAN_POINT ( 'NONE',  ( 0.1465623180000000000, -0.1856274672000000100, 0.8008000000000000700 ) ) ;
#1726 = ADVANCED_FACE ( 'NONE', ( #4669 ), #2465, .T. ) ;
#1727 =( GEOMETRIC_REPRESENTATION_CONTEXT ( 3 ) GLOBAL_UNCERTAINTY_ASSIGNED_CONTEXT ( ( #9015 ) ) GLOBAL_UNIT_ASSIGNED_CONTEXT ( ( #7487, #6755, #9183 ) ) REPRESENTATION_CONTEXT ( 'NONE', 'WORKASPACE' ) );
#1728 = ORIENTED_EDGE ( 'NONE', *, *, #9136, .F. ) ;
#1729 = EDGE_CURVE ( 'NONE', #8687, #900, #2695, .T. ) ;
#1730 = EDGE_CURVE ( 'NONE', #1380, #5177, #2234, .T. ) ;
#1731 =( NAMED_UNIT ( * ) SI_UNIT ( $, .STERADIAN. ) SOLID_ANGLE_UNIT ( ) );
#1732 = FACE_OUTER_BOUND ( 'NONE', #9367, .T. ) ;
#1733 = CARTESIAN_POINT ( 'NONE',  ( -0.1000000000000000100, -1.600000000000000100, 0.0000000000000000000 ) ) ;
#1734 = DIRECTION ( 'NONE',  ( -0.8713286553233922100, -0.4906998822216377400, 0.0000000000000000000 ) ) ;
#1735 = CARTESIAN_POINT ( 'NONE',  ( -0.2250137500639230700, -1.837530996695474500, 0.04999999999999999600 ) ) ;
#1736 = DIRECTION ( 'NONE',  ( 0.0000000000000000000, 1.000000000000000000, -0.0000000000000000000 ) ) ;
#1737 = DIRECTION ( 'NONE',  ( 0.0000000000000000000, 1.000000000000000000, 0.0000000000000000000 ) ) ;
#1738 = CARTESIAN_POINT ( 'NONE',  ( -1.740000000000000000, 0.5667759339259179600, 0.2030000000000000100 ) ) ;
#1739 = VERTEX_POINT ( 'NONE', #8901 ) ;
#1740 = ORIENTED_EDGE ( 'NONE', *, *, #2431, .T. ) ;
#1741 = VECTOR ( 'NONE', #1063, 1000.000000000000000 ) ;
#1742 = EDGE_CURVE ( 'NONE', #8361, #1233, #5149, .T. ) ;
#1743 = DIRECTION ( 'NONE',  ( -1.000000000000000000, 0.0000000000000000000, 0.0000000000000000000 ) ) ;
#1744 = AXIS2_PLACEMENT_3D ( 'NONE', #366, #1958, #6442 ) ;
#1745 = DIRECTION ( 'NONE',  ( -0.0000000000000000000, -0.0000000000000000000, -1.000000000000000000 ) ) ;
#1746 = ORIENTED_EDGE ( 'NONE', *, *, #6768, .F. ) ;
#1747 = ORIENTED_EDGE ( 'NONE', *, *, #2393, .F. ) ;
#1748 = CARTESIAN_POINT ( 'NONE',  ( -0.6250000000000000000, 1.837499999999999900, 0.04999999999999999600 ) ) ;
#1749 = VERTEX_POINT ( 'NONE', #1518 ) ;
#1750 = LINE ( 'NONE', #9372, #92 ) ;
#1751 = DIRECTION ( 'NONE',  ( 0.0000000000000000000, -0.0000000000000000000, 1.000000000000000000 ) ) ;
#1752 = PLANE ( 'NONE',  #353 ) ;
#1753 = ORIENTED_EDGE ( 'NONE', *, *, #6992, .T. ) ;
#1754 = LINE ( 'NONE', #9605, #7476 ) ;
#1755 = CARTESIAN_POINT ( 'NONE',  ( 0.6749862499360769200, 1.837530996695474500, 0.2030000000000000100 ) ) ;
#1756 = ORIENTED_EDGE ( 'NONE', *, *, #8655, .F. ) ;
#1757 = EDGE_CURVE ( 'NONE', #4562, #1556, #4567, .T. ) ;
#1758 = CARTESIAN_POINT ( 'NONE',  ( -0.09995942674476344900, 0.2152124981999999900, 0.8008000000000000700 ) ) ;
#1759 = CIRCLE ( 'NONE', #5630, 0.04998607688890758400 ) ;
#1760 = AXIS2_PLACEMENT_3D ( 'NONE', #4133, #9348, #4885 ) ;
#1761 = CARTESIAN_POINT ( 'NONE',  ( -1.525000009610593300, 1.837530996695474700, 0.04999999999999999600 ) ) ;
#1762 = VECTOR ( 'NONE', #6673, 1000.000000000000000 ) ;
#1763 = CIRCLE ( 'NONE', #6064, 0.05000568255617227100 ) ;
#1764 = VERTEX_POINT ( 'NONE', #6594 ) ;
#1765 = PLANE ( 'NONE',  #3865 ) ;
#1766 = DIRECTION ( 'NONE',  ( -1.000000000000000000, 0.0000000000000000000, 0.0000000000000000000 ) ) ;
#1767 = FILL_AREA_STYLE ('',( #7043 ) ) ;
#1768 = ORIENTED_EDGE ( 'NONE', *, *, #436, .F. ) ;
#1769 = VECTOR ( 'NONE', #4046, 1000.000000000000000 ) ;
#1770 = DIRECTION ( 'NONE',  ( -0.0000000000000000000, 0.0000000000000000000, 1.000000000000000000 ) ) ;
#1771 = DIRECTION ( 'NONE',  ( -0.0000000000000000000, -0.0000000000000000000, -1.000000000000000000 ) ) ;
#1772 = CIRCLE ( 'NONE', #1808, 0.04998625954667031100 ) ;
#1773 = FACE_OUTER_BOUND ( 'NONE', #7571, .T. ) ;
#1774 = ORIENTED_EDGE ( 'NONE', *, *, #7185, .F. ) ;
#1775 = AXIS2_PLACEMENT_3D ( 'NONE', #3496, #6548, #1307 ) ;
#1776 = ORIENTED_EDGE ( 'NONE', *, *, #1837, .T. ) ;
#1777 = EDGE_CURVE ( 'NONE', #4219, #6069, #932, .T. ) ;
#1778 = ORIENTED_EDGE ( 'NONE', *, *, #3550, .T. ) ;
#1779 = ADVANCED_FACE ( 'NONE', ( #341 ), #8189, .F. ) ;
#1780 = CIRCLE ( 'NONE', #3170, 0.02499998132312751500 ) ;
#1781 = PLANE ( 'NONE',  #7438 ) ;
#1782 = DIRECTION ( 'NONE',  ( -0.0000000000000000000, -0.0000000000000000000, -1.000000000000000000 ) ) ;
#1783 = FACE_OUTER_BOUND ( 'NONE', #4085, .T. ) ;
#1784 = EDGE_LOOP ( 'NONE', ( #6345, #5257, #1626, #6378 ) ) ;
#1785 = DIRECTION ( 'NONE',  ( -1.000000000000000000, 0.0000000000000000000, 0.0000000000000000000 ) ) ;
#1786 = DIRECTION ( 'NONE',  ( 1.000000000000000000, 0.0000000000000000000, 0.0000000000000000000 ) ) ;
#1787 = CARTESIAN_POINT ( 'NONE',  ( 0.5500000000000000400, -0.8000000000000000400, 0.0000000000000000000 ) ) ;
#1788 = CARTESIAN_POINT ( 'NONE',  ( 0.0000000000000000000, 0.0000000000000000000, 0.0000000000000000000 ) ) ;
#1789 = CARTESIAN_POINT ( 'NONE',  ( -1.125000000000000200, 0.0000000000000000000, 0.05000000000000000300 ) ) ;
#1790 =( GEOMETRIC_REPRESENTATION_CONTEXT ( 3 ) GLOBAL_UNCERTAINTY_ASSIGNED_CONTEXT ( ( #105 ) ) GLOBAL_UNIT_ASSIGNED_CONTEXT ( ( #3846, #4632, #2448 ) ) REPRESENTATION_CONTEXT ( 'NONE', 'WORKASPACE' ) );
#1791 = VECTOR ( 'NONE', #7254, 1000.000000000000000 ) ;
#1792 = EDGE_CURVE ( 'NONE', #6232, #2620, #9463, .T. ) ;
#1793 = EDGE_CURVE ( 'NONE', #4808, #3637, #3278, .T. ) ;
#1794 = LINE ( 'NONE', #6163, #4232 ) ;
#1795 = CARTESIAN_POINT ( 'NONE',  ( -1.516775933925917700, -1.865000000000000200, 0.04999999999999999600 ) ) ;
#1796 = DIRECTION ( 'NONE',  ( 0.8743802978063367500, -0.4852412748397460000, 0.0000000000000000000 ) ) ;
#1797 = CARTESIAN_POINT ( 'NONE',  ( -1.224999981323120500, 0.8499999813231204900, 0.2030000000000000100 ) ) ;
#1798 = EDGE_LOOP ( 'NONE', ( #6989, #5532, #7049, #3235 ) ) ;
#1799 = CIRCLE ( 'NONE', #8326, 0.04998625954667031100 ) ;
#1800 = VERTEX_POINT ( 'NONE', #6693 ) ;
#1801 = ORIENTED_EDGE ( 'NONE', *, *, #5085, .F. ) ;
#1802 = CYLINDRICAL_SURFACE ( 'NONE', #2638, 0.04998625954667033200 ) ;
#1803 = DIRECTION ( 'NONE',  ( 0.4832076434891656200, -0.8755057814050386500, 0.0000000000000000000 ) ) ;
#1804 =( NAMED_UNIT ( * ) SI_UNIT ( $, .STERADIAN. ) SOLID_ANGLE_UNIT ( ) );
#1805 = FILL_AREA_STYLE_COLOUR ( '', #8769 ) ;
#1806 = EDGE_CURVE ( 'NONE', #8676, #8361, #9093, .T. ) ;
#1807 = AXIS2_PLACEMENT_3D ( 'NONE', #3098, #5964, #1551 ) ;
#1808 = AXIS2_PLACEMENT_3D ( 'NONE', #4504, #25, #762 ) ;
#1809 = ORIENTED_EDGE ( 'NONE', *, *, #7556, .F. ) ;
#1810 = CIRCLE ( 'NONE', #1148, 0.04998625954667031100 ) ;
#1811 = ORIENTED_EDGE ( 'NONE', *, *, #9282, .T. ) ;
#1812 = VERTEX_POINT ( 'NONE', #7449 ) ;
#1813 = VERTEX_POINT ( 'NONE', #7389 ) ;
#1814 = EDGE_LOOP ( 'NONE', ( #2862, #5851, #9279, #8211, #476, #8283, #3226, #8329, #8252, #7587, #534, #1381, #73, #2383, #6700 ) ) ;
#1815 = FACE_OUTER_BOUND ( 'NONE', #3036, .T. ) ;
#1816 = CARTESIAN_POINT ( 'NONE',  ( 0.0000000000000000000, 1.325000000000000000, 0.2030000000000000100 ) ) ;
#1817 = CYLINDRICAL_SURFACE ( 'NONE', #7595, 0.04999996264625481600 ) ;
#1818 = CARTESIAN_POINT ( 'NONE',  ( -1.125000000000000200, 1.837499999999999900, 0.2030000000000000100 ) ) ;
#1819 = ORIENTED_EDGE ( 'NONE', *, *, #7319, .T. ) ;
#1820 = DIRECTION ( 'NONE',  ( -1.000000000000000000, 0.0000000000000000000, 0.0000000000000000000 ) ) ;
#1821 = EDGE_CURVE ( 'NONE', #4711, #8481, #5267, .T. ) ;
#1822 = DIRECTION ( 'NONE',  ( -0.0000000000000000000, -0.0000000000000000000, -1.000000000000000000 ) ) ;
#1823 = PRESENTATION_LAYER_ASSIGNMENT (  '', '', ( #3441 ) ) ;
#1824 = ORIENTED_EDGE ( 'NONE', *, *, #3152, .F. ) ;
#1825 = LINE ( 'NONE', #6944, #1705 ) ;
#1826 = CARTESIAN_POINT ( 'NONE',  ( 0.5500000000000000400, -1.399999999999999900, 0.2030000000000000100 ) ) ;
#1827 = DIRECTION ( 'NONE',  ( -0.0000000000000000000, -0.0000000000000000000, -1.000000000000000000 ) ) ;
#1828 = ORIENTED_EDGE ( 'NONE', *, *, #1757, .T. ) ;
#1829 = ADVANCED_FACE ( 'NONE', ( #1773 ), #8248, .F. ) ;
#1830 = ORIENTED_EDGE ( 'NONE', *, *, #1287, .F. ) ;
#1831 = CIRCLE ( 'NONE', #4445, 0.02499998132312751500 ) ;
#1832 = CARTESIAN_POINT ( 'NONE',  ( 1.249999962646240800, 1.025000037353759100, 0.04999999999999999600 ) ) ;
#1833 = DIRECTION ( 'NONE',  ( 0.0000000000000000000, -0.0000000000000000000, 1.000000000000000000 ) ) ;
#1834 = CARTESIAN_POINT ( 'NONE',  ( 1.712530996695474700, -0.6999862499360770500, 0.0000000000000000000 ) ) ;
#1835 = DIRECTION ( 'NONE',  ( 0.0000000000000000000, -0.0000000000000000000, 1.000000000000000000 ) ) ;
#1836 = ORIENTED_EDGE ( 'NONE', *, *, #2481, .T. ) ;
#1837 = EDGE_CURVE ( 'NONE', #7560, #6277, #6088, .T. ) ;
#1838 = ORIENTED_EDGE ( 'NONE', *, *, #4751, .F. ) ;
#1839 = ORIENTED_EDGE ( 'NONE', *, *, #3981, .F. ) ;
#1840 = DIRECTION ( 'NONE',  ( 0.0000000000000000000, -0.0000000000000000000, 1.000000000000000000 ) ) ;
#1841 = LINE ( 'NONE', #9164, #3702 ) ;
#1842 = CARTESIAN_POINT ( 'NONE',  ( 0.6749862499360769200, 1.837530996695474500, 0.04999999999999999600 ) ) ;
#1843 = ORIENTED_EDGE ( 'NONE', *, *, #4712, .T. ) ;
#1844 = EDGE_LOOP ( 'NONE', ( #8258, #2812, #9520, #5714 ) ) ;
#1845 = PLANE ( 'NONE',  #9479 ) ;
#1846 = ORIENTED_EDGE ( 'NONE', *, *, #3674, .T. ) ;
#1847 = CARTESIAN_POINT ( 'NONE',  ( 0.0000000000000000000, 0.0000000000000000000, 0.0000000000000000000 ) ) ;
#1848 =( GEOMETRIC_REPRESENTATION_CONTEXT ( 3 ) GLOBAL_UNCERTAINTY_ASSIGNED_CONTEXT ( ( #1861 ) ) GLOBAL_UNIT_ASSIGNED_CONTEXT ( ( #4055, #9260, #4810 ) ) REPRESENTATION_CONTEXT ( 'NONE', 'WORKASPACE' ) );
#1849 = LINE ( 'NONE', #587, #8951 ) ;
#1850 = EDGE_CURVE ( 'NONE', #9160, #975, #8630, .T. ) ;
#1851 = VECTOR ( 'NONE', #1822, 1000.000000000000000 ) ;
#1852 = EDGE_CURVE ( 'NONE', #6276, #8735, #5373, .T. ) ;
#1853 = CARTESIAN_POINT ( 'NONE',  ( -0.4066519701324284900, 0.0000000000000000000, 0.8008000000000000700 ) ) ;
#1854 = CARTESIAN_POINT ( 'NONE',  ( -0.1000000000000000100, -0.5999999999999999800, 0.04999999999999999600 ) ) ;
#1855 = VERTEX_POINT ( 'NONE', #2512 ) ;
#1856 = ORIENTED_EDGE ( 'NONE', *, *, #5229, .T. ) ;
#1857 = LINE ( 'NONE', #6820, #4061 ) ;
#1858 = CARTESIAN_POINT ( 'NONE',  ( 0.0000000000000000000, -0.1499999999999999900, 0.05000000000000000300 ) ) ;
#1859 = CIRCLE ( 'NONE', #484, 0.04998625954667008900 ) ;
#1860 = PLANE ( 'NONE',  #5392 ) ;
#1861 = UNCERTAINTY_MEASURE_WITH_UNIT (LENGTH_MEASURE( 1.000000000000000100E-005 ), #4055, 'distance_accuracy_value', 'NONE');
#1862 = EDGE_CURVE ( 'NONE', #2669, #4659, #8287, .T. ) ;
#1863 = ORIENTED_EDGE ( 'NONE', *, *, #2110, .F. ) ;
#1864 = ORIENTED_EDGE ( 'NONE', *, *, #2543, .T. ) ;
#1865 = AXIS2_PLACEMENT_3D ( 'NONE', #6388, #4796, #7767 ) ;
#1866 = EDGE_LOOP ( 'NONE', ( #40, #2845, #8446, #3678 ) ) ;
#1867 = DIRECTION ( 'NONE',  ( 0.0000000000000000000, -0.0000000000000000000, 1.000000000000000000 ) ) ;
#1868 = CIRCLE ( 'NONE', #2435, 0.05003631351710512200 ) ;
#1869 = CYLINDRICAL_SURFACE ( 'NONE', #8862, 0.04998607688890758400 ) ;
#1870 = DIRECTION ( 'NONE',  ( 0.0000000000000000000, -1.000000000000000000, 0.0000000000000000000 ) ) ;
#1871 = DIRECTION ( 'NONE',  ( 1.000000000000000000, 0.0000000000000000000, 0.0000000000000000000 ) ) ;
#1872 = VERTEX_POINT ( 'NONE', #6161 ) ;
#1873 = ORIENTED_EDGE ( 'NONE', *, *, #5335, .T. ) ;
#1874 = LINE ( 'NONE', #84, #5360 ) ;
#1875 = CIRCLE ( 'NONE', #4049, 0.09999992529250974200 ) ;
#1876 = ADVANCED_FACE ( 'NONE', ( #1421 ), #272, .F. ) ;
#1877 = ORIENTED_EDGE ( 'NONE', *, *, #7102, .F. ) ;
#1878 = CARTESIAN_POINT ( 'NONE',  ( 1.125000000000000200, -1.837499999999999900, 0.2030000000000000100 ) ) ;
#1879 = AXIS2_PLACEMENT_3D ( 'NONE', #8242, #3783, #9594 ) ;
#1880 = CARTESIAN_POINT ( 'NONE',  ( 0.8249637500639232000, 1.837420233362311800, 0.0000000000000000000 ) ) ;
#1881 = AXIS2_PLACEMENT_3D ( 'NONE', #332, #2609, #4758 ) ;
#1882 = CARTESIAN_POINT ( 'NONE',  ( 0.1679833953000000000, 0.0000000000000000000, 0.8009000000000000600 ) ) ;
#1883 = CARTESIAN_POINT ( 'NONE',  ( -0.3750000000000000000, 1.837499999999999900, 0.04999999999999999600 ) ) ;
#1884 = DIRECTION ( 'NONE',  ( 0.0000000000000000000, 0.0000000000000000000, 1.000000000000000000 ) ) ;
#1885 = ORIENTED_EDGE ( 'NONE', *, *, #2591, .T. ) ;
#1886 = COLOUR_RGB ( '',1.000000000000000000, 1.000000000000000000, 1.000000000000000000 ) ;
#1887 = LINE ( 'NONE', #1979, #1175 ) ;
#1888 =( LENGTH_UNIT ( ) NAMED_UNIT ( * ) SI_UNIT ( .MILLI., .METRE. ) );
#1889 = SURFACE_STYLE_FILL_AREA ( #148 ) ;
#1890 = PLANE ( 'NONE',  #3204 ) ;
#1891 = EDGE_CURVE ( 'NONE', #1199, #9272, #9336, .T. ) ;
#1892 = CARTESIAN_POINT ( 'NONE',  ( 1.750000000000000000, 0.8418999999999999800, 0.2030000000000000100 ) ) ;
#1893 = DIRECTION ( 'NONE',  ( 1.000000000000000000, 0.0000000000000000000, 0.0000000000000000000 ) ) ;
#1894 = ORIENTED_EDGE ( 'NONE', *, *, #3981, .T. ) ;
#1895 = STYLED_ITEM ( 'NONE', ( #2755 ), #3364 ) ;
#1896 = CARTESIAN_POINT ( 'NONE',  ( 1.712500000000000100, 0.05000000000000000300, 0.04999999999999999600 ) ) ;
#1897 = VERTEX_POINT ( 'NONE', #299 ) ;
#1898 = CIRCLE ( 'NONE', #7855, 0.04999996264625481600 ) ;
#1899 = CARTESIAN_POINT ( 'NONE',  ( 1.740000000000000000, 1.066775933925917700, 0.04999999999999999600 ) ) ;
#1900 = ORIENTED_EDGE ( 'NONE', *, *, #4135, .F. ) ;
#1901 = DIRECTION ( 'NONE',  ( 0.0000000000000000000, 0.0000000000000000000, 1.000000000000000000 ) ) ;
#1902 = CARTESIAN_POINT ( 'NONE',  ( 0.0000000000000000000, 1.875000000000000000, 0.2030000000000000100 ) ) ;
#1903 = DIRECTION ( 'NONE',  ( 0.0000000000000000000, 1.000000000000000000, 0.0000000000000000000 ) ) ;
#1904 = CARTESIAN_POINT ( 'NONE',  ( 1.125000000000000200, 0.0000000000000000000, 0.05000000000000000300 ) ) ;
#1905 = ORIENTED_EDGE ( 'NONE', *, *, #6487, .F. ) ;
#1906 = SURFACE_STYLE_USAGE ( .BOTH. , #3296 ) ;
#1907 = VECTOR ( 'NONE', #2663, 1000.000000000000000 ) ;
#1908 = PRESENTATION_STYLE_ASSIGNMENT (( #8342 ) ) ;
#1909 = VERTEX_POINT ( 'NONE', #6907 ) ;
#1910 = EDGE_CURVE ( 'NONE', #3502, #7417, #111, .T. ) ;
#1911 = DIRECTION ( 'NONE',  ( -0.0000000000000000000, -0.0000000000000000000, -1.000000000000000000 ) ) ;
#1912 = FACE_OUTER_BOUND ( 'NONE', #2292, .T. ) ;
#1913 = DIRECTION ( 'NONE',  ( -0.0000000000000000000, -0.0000000000000000000, -1.000000000000000000 ) ) ;
#1914 = LINE ( 'NONE', #5898, #4699 ) ;
#1915 = ORIENTED_EDGE ( 'NONE', *, *, #262, .F. ) ;
#1916 = FILL_AREA_STYLE ('',( #9469 ) ) ;
#1917 = FACE_OUTER_BOUND ( 'NONE', #831, .T. ) ;
#1918 = DIRECTION ( 'NONE',  ( -1.000000000000000000, 0.0000000000000000000, 0.0000000000000000000 ) ) ;
#1919 = AXIS2_PLACEMENT_3D ( 'NONE', #4414, #5035, #7393 ) ;
#1920 = VERTEX_POINT ( 'NONE', #7795 ) ;
#1921 = EDGE_CURVE ( 'NONE', #2366, #3361, #8871, .T. ) ;
#1922 = CARTESIAN_POINT ( 'NONE',  ( 1.740000000000000000, 1.865000000000000200, 0.8000000000000000400 ) ) ;
#1923 = ORIENTED_EDGE ( 'NONE', *, *, #4148, .F. ) ;
#1924 = DIRECTION ( 'NONE',  ( -0.0000000000000000000, 0.0000000000000000000, 1.000000000000000000 ) ) ;
#1925 = DIRECTION ( 'NONE',  ( 0.0000000000000000000, -0.0000000000000000000, 1.000000000000000000 ) ) ;
#1926 = LINE ( 'NONE', #1235, #1210 ) ;
#1927 = ADVANCED_FACE ( 'NONE', ( #2588 ), #3257, .F. ) ;
#1928 = ORIENTED_EDGE ( 'NONE', *, *, #8856, .T. ) ;
#1929 = CARTESIAN_POINT ( 'NONE',  ( -0.8580999999999999700, 1.875000000000000000, 0.0000000000000000000 ) ) ;
#1930 = DIRECTION ( 'NONE',  ( 0.0000000000000000000, -0.0000000000000000000, 1.000000000000000000 ) ) ;
#1931 = CARTESIAN_POINT ( 'NONE',  ( -1.740000000000000000, -0.8417759339259178700, 0.2030000000000000100 ) ) ;
#1932 = PRESENTATION_STYLE_ASSIGNMENT (( #6515 ) ) ;
#1933 = CARTESIAN_POINT ( 'NONE',  ( -1.750000000000000000, 0.8418999999999999800, 0.0000000000000000000 ) ) ;
#1934 = EDGE_CURVE ( 'NONE', #6150, #1078, #4799, .T. ) ;
#1935 = VECTOR ( 'NONE', #5937, 1000.000000000000000 ) ;
#1936 = PRESENTATION_LAYER_ASSIGNMENT (  '', '', ( #2420 ) ) ;
#1937 = AXIS2_PLACEMENT_3D ( 'NONE', #6652, #2189, #7405 ) ;
#1938 = ORIENTED_EDGE ( 'NONE', *, *, #7760, .T. ) ;
#1939 = ORIENTED_EDGE ( 'NONE', *, *, #6857, .F. ) ;
#1940 = DIRECTION ( 'NONE',  ( -1.000000000000000000, 0.0000000000000000000, 0.0000000000000000000 ) ) ;
#1941 = CARTESIAN_POINT ( 'NONE',  ( 0.5999999626462407800, -0.1000000373537592300, 0.0000000000000000000 ) ) ;
#1942 = ORIENTED_EDGE ( 'NONE', *, *, #3281, .F. ) ;
#1943 = VECTOR ( 'NONE', #6911, 1000.000000000000000 ) ;
#1944 = DIRECTION ( 'NONE',  ( 1.000000000000000000, 0.0000000000000000000, 0.0000000000000000000 ) ) ;
#1945 = CARTESIAN_POINT ( 'NONE',  ( 0.2750000000000000200, -0.0000000000000000000, 0.05000000000000000300 ) ) ;
#1946 = EDGE_CURVE ( 'NONE', #3162, #4830, #6776, .T. ) ;
#1947 = ORIENTED_EDGE ( 'NONE', *, *, #8027, .F. ) ;
#1948 = AXIS2_PLACEMENT_3D ( 'NONE', #7981, #5678, #1893 ) ;
#1949 = CARTESIAN_POINT ( 'NONE',  ( 1.524999999999999900, -1.837499999999999900, 0.2030000000000000100 ) ) ;
#1950 = CARTESIAN_POINT ( 'NONE',  ( -1.486479297753362500, 1.546851659654180400, 0.7500000000000000000 ) ) ;
#1951 = LINE ( 'NONE', #6584, #3356 ) ;
#1952 = DIRECTION ( 'NONE',  ( -0.0000000000000000000, -0.0000000000000000000, -1.000000000000000000 ) ) ;
#1953 = CARTESIAN_POINT ( 'NONE',  ( -0.2581000000000000000, -1.875000000000000000, 0.2030000000000000100 ) ) ;
#1954 = VERTEX_POINT ( 'NONE', #8407 ) ;
#1955 = ORIENTED_EDGE ( 'NONE', *, *, #2603, .F. ) ;
#1956 = ORIENTED_EDGE ( 'NONE', *, *, #3020, .F. ) ;
#1957 = CARTESIAN_POINT ( 'NONE',  ( -0.6250000000000000000, 0.0000000000000000000, 0.0000000000000000000 ) ) ;
#1958 = DIRECTION ( 'NONE',  ( 0.0000000000000000000, 0.0000000000000000000, -1.000000000000000000 ) ) ;
#1959 = AXIS2_PLACEMENT_3D ( 'NONE', #7372, #7432, #4459 ) ;
#1960 = CARTESIAN_POINT ( 'NONE',  ( 1.524999999999999900, 0.0000000000000000000, 0.0000000000000000000 ) ) ;
#1961 = DIRECTION ( 'NONE',  ( 0.0000000000000000000, 0.0000000000000000000, 1.000000000000000000 ) ) ;
#1962 = EDGE_CURVE ( 'NONE', #323, #7790, #3851, .T. ) ;
#1963 = CARTESIAN_POINT ( 'NONE',  ( 0.0000000000000000000, 1.075000000000000000, 0.2030000000000000100 ) ) ;
#1964 = VERTEX_POINT ( 'NONE', #1733 ) ;
#1965 = ORIENTED_EDGE ( 'NONE', *, *, #3663, .F. ) ;
#1966 = SURFACE_STYLE_USAGE ( .BOTH. , #6450 ) ;
#1967 = FACE_OUTER_BOUND ( 'NONE', #6961, .T. ) ;
#1968 = ORIENTED_EDGE ( 'NONE', *, *, #6831, .F. ) ;
#1969 = ADVANCED_FACE ( 'NONE', ( #4203 ), #7238, .T. ) ;
#1970 = DIRECTION ( 'NONE',  ( 0.0000000000000000000, -1.000000000000000000, 0.0000000000000000000 ) ) ;
#1971 = CARTESIAN_POINT ( 'NONE',  ( 0.0000000000000000000, 0.1356073488154271600, 0.8009000000000000600 ) ) ;
#1972 = AXIS2_PLACEMENT_3D ( 'NONE', #1503, #1467, #2155 ) ;
#1973 = VERTEX_POINT ( 'NONE', #7009 ) ;
#1974 = DIRECTION ( 'NONE',  ( 1.000000000000000000, 0.0000000000000000000, 0.0000000000000000000 ) ) ;
#1975 = ORIENTED_EDGE ( 'NONE', *, *, #1348, .T. ) ;
#1976 = EDGE_CURVE ( 'NONE', #727, #6069, #4326, .T. ) ;
#1977 = EDGE_CURVE ( 'NONE', #430, #3857, #1537, .T. ) ;
#1978 = VECTOR ( 'NONE', #9070, 1000.000000000000000 ) ;
#1979 = CARTESIAN_POINT ( 'NONE',  ( 0.0000000000000000000, 0.05000000000000000300, 0.05000000000000000300 ) ) ;
#1980 = LINE ( 'NONE', #1531, #7467 ) ;
#1981 = CYLINDRICAL_SURFACE ( 'NONE', #4685, 0.04998625954667008900 ) ;
#1982 = ORIENTED_EDGE ( 'NONE', *, *, #4621, .T. ) ;
#1983 = ORIENTED_EDGE ( 'NONE', *, *, #6358, .T. ) ;
#1984 = ORIENTED_EDGE ( 'NONE', *, *, #1315, .F. ) ;
#1985 = DIRECTION ( 'NONE',  ( 0.0000000000000000000, -0.0000000000000000000, -1.000000000000000000 ) ) ;
#1986 = CARTESIAN_POINT ( 'NONE',  ( 1.712500000000000100, 1.625000000000000200, 0.0000000000000000000 ) ) ;
#1987 = VECTOR ( 'NONE', #1160, 1000.000000000000000 ) ;
#1988 = VERTEX_POINT ( 'NONE', #3971 ) ;
#1989 = LINE ( 'NONE', #4656, #8506 ) ;
#1990 = EDGE_CURVE ( 'NONE', #3778, #7790, #7824, .T. ) ;
#1991 = AXIS2_PLACEMENT_3D ( 'NONE', #7126, #9420, #3543 ) ;
#1992 = DIRECTION ( 'NONE',  ( -0.0000000000000000000, -0.0000000000000000000, -1.000000000000000000 ) ) ;
#1993 = AXIS2_PLACEMENT_3D ( 'NONE', #113, #8277, #3814 ) ;
#1994 = ORIENTED_EDGE ( 'NONE', *, *, #316, .F. ) ;
#1995 = FACE_OUTER_BOUND ( 'NONE', #2415, .T. ) ;
#1996 = CARTESIAN_POINT ( 'NONE',  ( -0.3750000000000000000, 1.375000000000000000, 0.04999999999999999600 ) ) ;
#1997 = FILL_AREA_STYLE_COLOUR ( '', #5893 ) ;
#1998 = VECTOR ( 'NONE', #3838, 1000.000000000000000 ) ;
#1999 =( LENGTH_UNIT ( ) NAMED_UNIT ( * ) SI_UNIT ( .MILLI., .METRE. ) );
#2000 = VERTEX_POINT ( 'NONE', #3220 ) ;
#2001 = DIRECTION ( 'NONE',  ( 0.0000000000000000000, 0.0000000000000000000, 1.000000000000000000 ) ) ;
#2002 = ORIENTED_EDGE ( 'NONE', *, *, #7956, .F. ) ;
#2003 = ORIENTED_EDGE ( 'NONE', *, *, #670, .T. ) ;
#2004 = EDGE_CURVE ( 'NONE', #1812, #727, #8978, .T. ) ;
#2005 = EDGE_CURVE ( 'NONE', #4659, #8974, #8400, .T. ) ;
#2006 = CARTESIAN_POINT ( 'NONE',  ( 1.740000000000000000, 1.865000000000000200, 0.8000000000000000400 ) ) ;
#2007 = LINE ( 'NONE', #5989, #4566 ) ;
#2008 = ORIENTED_EDGE ( 'NONE', *, *, #188, .F. ) ;
#2009 = CARTESIAN_POINT ( 'NONE',  ( -1.740000000000000000, 1.865000000000000200, 0.05000000000000000300 ) ) ;
#2010 = DIRECTION ( 'NONE',  ( 1.000000000000000000, 0.0000000000000000000, 0.0000000000000000000 ) ) ;
#2011 =( NAMED_UNIT ( * ) PLANE_ANGLE_UNIT ( ) SI_UNIT ( $, .RADIAN. ) );
#2012 = CARTESIAN_POINT ( 'NONE',  ( 0.0000000000000000000, 0.0000000000000000000, 0.8008000000000000700 ) ) ;
#2013 = ORIENTED_EDGE ( 'NONE', *, *, #6102, .T. ) ;
#2014 = VECTOR ( 'NONE', #3034, 1000.000000000000000 ) ;
#2015 = DIRECTION ( 'NONE',  ( -0.0000000000000000000, -0.0000000000000000000, -1.000000000000000000 ) ) ;
#2016 = VERTEX_POINT ( 'NONE', #6327 ) ;
#2017 = CARTESIAN_POINT ( 'NONE',  ( 1.712500000000000100, 0.5749999999999999600, 0.2030000000000000100 ) ) ;
#2018 = DIRECTION ( 'NONE',  ( -1.000000000000000000, 0.0000000000000000000, 0.0000000000000000000 ) ) ;
#2019 = DIRECTION ( 'NONE',  ( 0.0000000000000000000, -0.0000000000000000000, 1.000000000000000000 ) ) ;
#2020 = MECHANICAL_DESIGN_GEOMETRIC_PRESENTATION_REPRESENTATION (  '', ( #862 ), #2209 ) ;
#2021 =( NAMED_UNIT ( * ) PLANE_ANGLE_UNIT ( ) SI_UNIT ( $, .RADIAN. ) );
#2022 = CIRCLE ( 'NONE', #204, 0.09999992529250950600 ) ;
#2023 = ADVANCED_FACE ( 'NONE', ( #6081 ), #3635, .F. ) ;
#2024 = ORIENTED_EDGE ( 'NONE', *, *, #2037, .T. ) ;
#2025 = DIRECTION ( 'NONE',  ( -0.0000000000000000000, -0.0000000000000000000, -1.000000000000000000 ) ) ;
#2026 = CIRCLE ( 'NONE', #449, 0.04998625954667008900 ) ;
#2027 = ORIENTED_EDGE ( 'NONE', *, *, #6903, .F. ) ;
#2028 = VECTOR ( 'NONE', #1736, 1000.000000000000000 ) ;
#2029 = DIRECTION ( 'NONE',  ( 1.000000000000000000, 0.0000000000000000000, 0.0000000000000000000 ) ) ;
#2030 = CARTESIAN_POINT ( 'NONE',  ( -0.06876246094476345900, 0.03759749911542716700, 0.8008000000000000700 ) ) ;
#2031 = CARTESIAN_POINT ( 'NONE',  ( 1.225000000000000100, 0.5749999999999999600, 0.04999999999999999600 ) ) ;
#2032 = PLANE ( 'NONE',  #8875 ) ;
#2033 = DIRECTION ( 'NONE',  ( 1.000000000000000000, 0.0000000000000000000, 0.0000000000000000000 ) ) ;
#2034 = ORIENTED_EDGE ( 'NONE', *, *, #4812, .T. ) ;
#2035 = ORIENTED_EDGE ( 'NONE', *, *, #4161, .F. ) ;
#2036 = VECTOR ( 'NONE', #9227, 1000.000000000000000 ) ;
#2037 = EDGE_CURVE ( 'NONE', #7093, #3896, #9574, .T. ) ;
#2038 = VERTEX_POINT ( 'NONE', #9486 ) ;
#2039 = EDGE_CURVE ( 'NONE', #6251, #1813, #3843, .T. ) ;
#2040 = LINE ( 'NONE', #166, #6109 ) ;
#2041 = DIRECTION ( 'NONE',  ( -0.0000000000000000000, 0.0000000000000000000, 1.000000000000000000 ) ) ;
#2042 = CARTESIAN_POINT ( 'NONE',  ( 1.750000000000000000, 0.0000000000000000000, 0.2030000000000000100 ) ) ;
#2043 = ORIENTED_EDGE ( 'NONE', *, *, #4785, .F. ) ;
#2044 = DIRECTION ( 'NONE',  ( -0.0000000000000000000, 0.0000000000000000000, 1.000000000000000000 ) ) ;
#2045 = ORIENTED_EDGE ( 'NONE', *, *, #1269, .T. ) ;
#2046 = VERTEX_POINT ( 'NONE', #8058 ) ;
#2047 = CIRCLE ( 'NONE', #4192, 0.04998625954667031100 ) ;
#2048 = DIRECTION ( 'NONE',  ( -0.0000000000000000000, -0.0000000000000000000, -1.000000000000000000 ) ) ;
#2049 = FACE_OUTER_BOUND ( 'NONE', #4248, .T. ) ;
#2050 = STYLED_ITEM ( 'NONE', ( #931 ), #7880 ) ;
#2051 = PLANE ( 'NONE',  #8552 ) ;
#2052 = EDGE_CURVE ( 'NONE', #7810, #369, #7601, .T. ) ;
#2053 = DIRECTION ( 'NONE',  ( -0.0000000000000000000, 0.0000000000000000000, 1.000000000000000000 ) ) ;
#2054 = EDGE_CURVE ( 'NONE', #6301, #9301, #5854, .T. ) ;
#2055 = CARTESIAN_POINT ( 'NONE',  ( 0.0000000000000000000, 0.0000000000000000000, 0.0000000000000000000 ) ) ;
#2056 = DIRECTION ( 'NONE',  ( 1.000000000000000000, 0.0000000000000000000, -0.0000000000000000000 ) ) ;
#2057 = ORIENTED_EDGE ( 'NONE', *, *, #5431, .T. ) ;
#2058 = CARTESIAN_POINT ( 'NONE',  ( -1.712500000000000100, 0.3250000000000000700, 0.0000000000000000000 ) ) ;
#2059 = DIRECTION ( 'NONE',  ( -0.0000000000000000000, -0.0000000000000000000, -1.000000000000000000 ) ) ;
#2060 = CARTESIAN_POINT ( 'NONE',  ( -1.750000000000000000, 0.03309999999999999700, 0.2030000000000000100 ) ) ;
#2061 = ORIENTED_EDGE ( 'NONE', *, *, #957, .T. ) ;
#2062 = CARTESIAN_POINT ( 'NONE',  ( 1.524999999999999900, 1.837499999999999900, 0.04999999999999999600 ) ) ;
#2063 = EDGE_CURVE ( 'NONE', #760, #3490, #6304, .T. ) ;
#2064 = STYLED_ITEM ( 'NONE', ( #2807 ), #1829 ) ;
#2065 = VECTOR ( 'NONE', #6336, 1000.000000000000000 ) ;
#2066 = AXIS2_PLACEMENT_3D ( 'NONE', #6545, #7307, #2822 ) ;
#2067 = DIRECTION ( 'NONE',  ( -0.0000000000000000000, -0.0000000000000000000, -1.000000000000000000 ) ) ;
#2068 = ADVANCED_FACE ( 'NONE', ( #7004 ), #1378, .T. ) ;
#2069 = DIRECTION ( 'NONE',  ( 1.000000000000000000, 0.0000000000000000000, 0.0000000000000000000 ) ) ;
#2070 = DIRECTION ( 'NONE',  ( -1.000000000000000000, 0.0000000000000000000, 0.0000000000000000000 ) ) ;
#2071 = VERTEX_POINT ( 'NONE', #1271 ) ;
#2072 = DIRECTION ( 'NONE',  ( 0.0000000000000000000, -0.0000000000000000000, 1.000000000000000000 ) ) ;
#2073 = EDGE_LOOP ( 'NONE', ( #1839, #66, #8941, #3895 ) ) ;
#2074 = CARTESIAN_POINT ( 'NONE',  ( 1.712500000000000100, -1.350000000000000100, 0.0000000000000000000 ) ) ;
#2075 = VECTOR ( 'NONE', #4167, 1000.000000000000000 ) ;
#2076 = CARTESIAN_POINT ( 'NONE',  ( 1.141899999999999900, -1.875000000000000000, 0.0000000000000000000 ) ) ;
#2077 = EDGE_CURVE ( 'NONE', #36, #7434, #1763, .T. ) ;
#2078 = AXIS2_PLACEMENT_3D ( 'NONE', #7840, #5635, #6307 ) ;
#2079 = VERTEX_POINT ( 'NONE', #8730 ) ;
#2080 = ORIENTED_EDGE ( 'NONE', *, *, #6103, .F. ) ;
#2081 = CARTESIAN_POINT ( 'NONE',  ( 0.1200077991000000100, 0.1344677397000000100, 0.8009000000000000600 ) ) ;
#2082 = CIRCLE ( 'NONE', #9572, 0.04998625954667031100 ) ;
#2083 = DIRECTION ( 'NONE',  ( -1.000000000000000000, 0.0000000000000000000, 0.0000000000000000000 ) ) ;
#2084 = VECTOR ( 'NONE', #2015, 1000.000000000000000 ) ;
#2085 = CARTESIAN_POINT ( 'NONE',  ( -1.141999999999999900, -1.875000000000000000, 0.0000000000000000000 ) ) ;
#2086 = ORIENTED_EDGE ( 'NONE', *, *, #7213, .T. ) ;
#2087 = DIRECTION ( 'NONE',  ( 0.0000000000000000000, 0.0000000000000000000, 1.000000000000000000 ) ) ;
#2088 = ORIENTED_EDGE ( 'NONE', *, *, #8590, .T. ) ;
#2089 = AXIS2_PLACEMENT_3D ( 'NONE', #3119, #3212, #5647 ) ;
#2090 = VECTOR ( 'NONE', #3924, 1000.000000000000000 ) ;
#2091 = CARTESIAN_POINT ( 'NONE',  ( 0.0000000000000000000, -1.350000000000000100, 0.05000000000000000300 ) ) ;
#2092 = VECTOR ( 'NONE', #6413, 1000.000000000000000 ) ;
#2093 = DIRECTION ( 'NONE',  ( -0.0000000000000000000, 0.0000000000000000000, 1.000000000000000000 ) ) ;
#2094 = EDGE_CURVE ( 'NONE', #2206, #4946, #104, .T. ) ;
#2095 = CARTESIAN_POINT ( 'NONE',  ( 0.3249433163616379200, 1.374986044749599000, 0.04999999999999999600 ) ) ;
#2096 = CARTESIAN_POINT ( 'NONE',  ( 0.0000000000000000000, -0.1499999999999999900, 0.2030000000000000100 ) ) ;
#2097 = CARTESIAN_POINT ( 'NONE',  ( -1.750000000000000000, 0.03309999999999999700, 0.0000000000000000000 ) ) ;
#2098 = VECTOR ( 'NONE', #8106, 1000.000000000000000 ) ;
#2099 = VERTEX_POINT ( 'NONE', #335 ) ;
#2100 = ORIENTED_EDGE ( 'NONE', *, *, #9107, .T. ) ;
#2101 = DIRECTION ( 'NONE',  ( 0.0000000000000000000, -0.0000000000000000000, 1.000000000000000000 ) ) ;
#2102 = FACE_OUTER_BOUND ( 'NONE', #3561, .T. ) ;
#2103 = PLANE ( 'NONE',  #3743 ) ;
#2104 = ORIENTED_EDGE ( 'NONE', *, *, #4594, .T. ) ;
#2105 = UNCERTAINTY_MEASURE_WITH_UNIT (LENGTH_MEASURE( 1.000000000000000100E-005 ), #8707, 'distance_accuracy_value', 'NONE');
#2106 = PLANE ( 'NONE',  #738 ) ;
#2107 = STYLED_ITEM ( 'NONE', ( #8286 ), #7611 ) ;
#2108 = EDGE_CURVE ( 'NONE', #7066, #7044, #9688, .T. ) ;
#2109 = VERTEX_POINT ( 'NONE', #5820 ) ;
#2110 = EDGE_CURVE ( 'NONE', #9072, #9421, #1875, .T. ) ;
#2111 = DIRECTION ( 'NONE',  ( 1.000000000000000000, 0.0000000000000000000, 0.0000000000000000000 ) ) ;
#2112 = ORIENTED_EDGE ( 'NONE', *, *, #72, .T. ) ;
#2113 = FACE_OUTER_BOUND ( 'NONE', #2881, .T. ) ;
#2114 = CARTESIAN_POINT ( 'NONE',  ( 1.712500000000000100, 0.8249999999999999600, 0.04999999999999999600 ) ) ;
#2115 = VECTOR ( 'NONE', #508, 1000.000000000000000 ) ;
#2116 = CARTESIAN_POINT ( 'NONE',  ( 0.0000000000000000000, 0.8249999999999999600, 0.2030000000000000100 ) ) ;
#2117 = ORIENTED_EDGE ( 'NONE', *, *, #1222, .T. ) ;
#2118 = FILL_AREA_STYLE ('',( #1492 ) ) ;
#2119 = CARTESIAN_POINT ( 'NONE',  ( -0.8667759339259176700, 1.865000000000000200, 0.2030000000000000100 ) ) ;
#2120 = CARTESIAN_POINT ( 'NONE',  ( 0.2750000000000000200, -1.200000000000000000, 0.04999999999999999600 ) ) ;
#2121 = CARTESIAN_POINT ( 'NONE',  ( 0.0000000000000000000, -1.350000000000000100, 0.05000000000000000300 ) ) ;
#2122 = VERTEX_POINT ( 'NONE', #5156 ) ;
#2123 = ADVANCED_FACE ( 'NONE', ( #694 ), #4471, .F. ) ;
#2124 = VECTOR ( 'NONE', #8477, 1000.000000000000000 ) ;
#2125 = LINE ( 'NONE', #6432, #340 ) ;
#2126 = COLOUR_RGB ( '',1.000000000000000000, 1.000000000000000000, 1.000000000000000000 ) ;
#2127 = CARTESIAN_POINT ( 'NONE',  ( -1.200000000000000000, 0.0000000000000000000, 0.0000000000000000000 ) ) ;
#2128 = EDGE_CURVE ( 'NONE', #1006, #7230, #6669, .T. ) ;
#2129 = VERTEX_POINT ( 'NONE', #5888 ) ;
#2130 = CARTESIAN_POINT ( 'NONE',  ( -1.712530996695474700, 1.375006392306896800E-005, 0.2030000000000000100 ) ) ;
#2131 =( NAMED_UNIT ( * ) PLANE_ANGLE_UNIT ( ) SI_UNIT ( $, .RADIAN. ) );
#2132 = LINE ( 'NONE', #3470, #8336 ) ;
#2133 = ORIENTED_EDGE ( 'NONE', *, *, #6406, .T. ) ;
#2134 = DIRECTION ( 'NONE',  ( -1.000000000000000000, 0.0000000000000000000, 0.0000000000000000000 ) ) ;
#2135 = LINE ( 'NONE', #6210, #4680 ) ;
#2136 = CARTESIAN_POINT ( 'NONE',  ( -0.0000000000000000000, -1.000000000000000000, 0.0000000000000000000 ) ) ;
#2137 = VECTOR ( 'NONE', #5122, 1000.000000000000000 ) ;
#2138 = ORIENTED_EDGE ( 'NONE', *, *, #2252, .F. ) ;
#2139 = DIRECTION ( 'NONE',  ( 0.0000000000000000000, 1.000000000000000000, 0.0000000000000000000 ) ) ;
#2140 = DIRECTION ( 'NONE',  ( 0.0000000000000000000, -0.0000000000000000000, 1.000000000000000000 ) ) ;
#2141 =( NAMED_UNIT ( * ) SI_UNIT ( $, .STERADIAN. ) SOLID_ANGLE_UNIT ( ) );
#2142 = AXIS2_PLACEMENT_3D ( 'NONE', #5764, #1283, #6430 ) ;
#2143 = CARTESIAN_POINT ( 'NONE',  ( 1.224999981323120500, 0.3499999813231205500, 0.2030000000000000100 ) ) ;
#2144 = CIRCLE ( 'NONE', #7495, 0.04998625954667008900 ) ;
#2145 = CARTESIAN_POINT ( 'NONE',  ( 0.0000000000000000000, 0.05000000000000000300, 0.2030000000000000100 ) ) ;
#2146 = CARTESIAN_POINT ( 'NONE',  ( 0.0000000000000000000, 0.0000000000000000000, 0.8008000000000000700 ) ) ;
#2147 = VECTOR ( 'NONE', #8541, 1000.000000000000000 ) ;
#2148 = CARTESIAN_POINT ( 'NONE',  ( 0.1250000000000000000, 0.0000000000000000000, 0.0000000000000000000 ) ) ;
#2149 = DIRECTION ( 'NONE',  ( -1.000000000000000000, 0.0000000000000000000, 0.0000000000000000000 ) ) ;
#2150 = DIRECTION ( 'NONE',  ( -0.0000000000000000000, -0.0000000000000000000, -1.000000000000000000 ) ) ;
#2151 = LINE ( 'NONE', #7361, #3662 ) ;
#2152 = DIRECTION ( 'NONE',  ( -0.0000000000000000000, -0.0000000000000000000, -1.000000000000000000 ) ) ;
#2153 = VERTEX_POINT ( 'NONE', #5184 ) ;
#2154 = AXIS2_PLACEMENT_3D ( 'NONE', #4686, #5368, #1664 ) ;
#2155 = DIRECTION ( 'NONE',  ( 1.000000000000000000, 0.0000000000000000000, 0.0000000000000000000 ) ) ;
#2156 = LINE ( 'NONE', #8591, #4714 ) ;
#2157 = EDGE_CURVE ( 'NONE', #6942, #645, #4449, .T. ) ;
#2158 = CARTESIAN_POINT ( 'NONE',  ( 0.5500000000000000400, -0.6999999999999999600, 0.2030000000000000100 ) ) ;
#2159 = VERTEX_POINT ( 'NONE', #1545 ) ;
#2160 = VECTOR ( 'NONE', #3652, 1000.000000000000000 ) ;
#2161 = EDGE_LOOP ( 'NONE', ( #7755, #2651, #545, #9473 ) ) ;
#2162 = DIRECTION ( 'NONE',  ( -0.0000000000000000000, 0.0000000000000000000, 1.000000000000000000 ) ) ;
#2163 = ORIENTED_EDGE ( 'NONE', *, *, #5887, .F. ) ;
#2164 = LINE ( 'NONE', #8055, #849 ) ;
#2165 = CARTESIAN_POINT ( 'NONE',  ( 1.750000000000000000, 0.0000000000000000000, 0.0000000000000000000 ) ) ;
#2166 = STYLED_ITEM ( 'NONE', ( #6350 ), #6456 ) ;
#2167 = ORIENTED_EDGE ( 'NONE', *, *, #3476, .T. ) ;
#2168 = EDGE_CURVE ( 'NONE', #7241, #9531, #8513, .T. ) ;
#2169 = ADVANCED_FACE ( 'NONE', ( #805 ), #2229, .F. ) ;
#2170 = DIRECTION ( 'NONE',  ( 1.000000000000000000, 0.0000000000000000000, 0.0000000000000000000 ) ) ;
#2171 = CARTESIAN_POINT ( 'NONE',  ( 0.0000000000000000000, 0.0000000000000000000, 0.0000000000000000000 ) ) ;
#2172 = COLOUR_RGB ( '',0.2509803921568627400, 0.2509803921568627400, 0.2509803921568627400 ) ;
#2173 = CARTESIAN_POINT ( 'NONE',  ( 0.5999999999999999800, -0.6500000000000001300, 0.0000000000000000000 ) ) ;
#2174 = CARTESIAN_POINT ( 'NONE',  ( 0.05961128720910813900, 0.1930581822864809200, 0.8008000000000000700 ) ) ;
#2175 = LINE ( 'NONE', #3026, #4505 ) ;
#2176 = ORIENTED_EDGE ( 'NONE', *, *, #2705, .F. ) ;
#2177 = DIRECTION ( 'NONE',  ( 0.0000000000000000000, -1.000000000000000000, 0.0000000000000000000 ) ) ;
#2178 = ORIENTED_EDGE ( 'NONE', *, *, #6599, .F. ) ;
#2179 = DIRECTION ( 'NONE',  ( -0.0000000000000000000, 0.0000000000000000000, -1.000000000000000000 ) ) ;
#2180 = ORIENTED_EDGE ( 'NONE', *, *, #8599, .T. ) ;
#2181 = APPLICATION_CONTEXT ( 'automotive_design' ) ;
#2182 = VECTOR ( 'NONE', #9287, 1000.000000000000000 ) ;
#2183 = EDGE_CURVE ( 'NONE', #8705, #6208, #1292, .T. ) ;
#2184 = DIRECTION ( 'NONE',  ( -0.0000000000000000000, 0.0000000000000000000, 1.000000000000000000 ) ) ;
#2185 = AXIS2_PLACEMENT_3D ( 'NONE', #741, #4480, #60 ) ;
#2186 =( NAMED_UNIT ( * ) PLANE_ANGLE_UNIT ( ) SI_UNIT ( $, .RADIAN. ) );
#2187 = ORIENTED_EDGE ( 'NONE', *, *, #881, .F. ) ;
#2188 = ORIENTED_EDGE ( 'NONE', *, *, #4725, .F. ) ;
#2189 = DIRECTION ( 'NONE',  ( -0.0000000000000000000, 0.0000000000000000000, 1.000000000000000000 ) ) ;
#2190 = CIRCLE ( 'NONE', #8259, 0.04998625954667008900 ) ;
#2191 = CARTESIAN_POINT ( 'NONE',  ( 1.474963750063923200, -1.837420233362311800, 0.2030000000000000100 ) ) ;
#2192 = DIRECTION ( 'NONE',  ( -0.0000000000000000000, -0.0000000000000000000, -1.000000000000000000 ) ) ;
#2193 = EDGE_CURVE ( 'NONE', #9404, #4604, #4555, .T. ) ;
#2194 = EDGE_LOOP ( 'NONE', ( #8554, #4381, #2858, #9538 ) ) ;
#2195 = AXIS2_PLACEMENT_3D ( 'NONE', #929, #1665, #4652 ) ;
#2196 = VERTEX_POINT ( 'NONE', #23 ) ;
#2197 = VERTEX_POINT ( 'NONE', #7506 ) ;
#2198 = AXIS2_PLACEMENT_3D ( 'NONE', #7341, #5878, #8759 ) ;
#2199 = CARTESIAN_POINT ( 'NONE',  ( 1.712530996695474900, 0.5250137500639231500, 0.04999999999999999600 ) ) ;
#2200 = VECTOR ( 'NONE', #9247, 1000.000000000000000 ) ;
#2201 = LINE ( 'NONE', #5771, #888 ) ;
#2202 = DIRECTION ( 'NONE',  ( -1.000000000000000000, 0.0000000000000000000, 0.0000000000000000000 ) ) ;
#2203 = SURFACE_STYLE_USAGE ( .BOTH. , #1454 ) ;
#2204 = EDGE_LOOP ( 'NONE', ( #2437, #8350, #7085, #3343 ) ) ;
#2205 = CARTESIAN_POINT ( 'NONE',  ( 1.516712871522855500, 1.865000000000000200, 0.2030000000000000100 ) ) ;
#2206 = VERTEX_POINT ( 'NONE', #1475 ) ;
#2207 = CYLINDRICAL_SURFACE ( 'NONE', #8988, 0.09999992529250974200 ) ;
#2208 = PRESENTATION_STYLE_ASSIGNMENT (( #6890 ) ) ;
#2209 =( GEOMETRIC_REPRESENTATION_CONTEXT ( 3 ) GLOBAL_UNCERTAINTY_ASSIGNED_CONTEXT ( ( #7054 ) ) GLOBAL_UNIT_ASSIGNED_CONTEXT ( ( #1387, #5793, #2141 ) ) REPRESENTATION_CONTEXT ( 'NONE', 'WORKASPACE' ) );
#2210 = VERTEX_POINT ( 'NONE', #5217 ) ;
#2211 = CARTESIAN_POINT ( 'NONE',  ( -1.712530996695474700, 1.374986249936076800, 0.04999999999999999600 ) ) ;
#2212 = DIRECTION ( 'NONE',  ( -0.0000000000000000000, -0.0000000000000000000, 1.000000000000000000 ) ) ;
#2213 = ORIENTED_EDGE ( 'NONE', *, *, #4989, .T. ) ;
#2214 = ORIENTED_EDGE ( 'NONE', *, *, #894, .F. ) ;
#2215 =( LENGTH_UNIT ( ) NAMED_UNIT ( * ) SI_UNIT ( .MILLI., .METRE. ) );
#2216 = FACE_OUTER_BOUND ( 'NONE', #4615, .T. ) ;
#2217 = CIRCLE ( 'NONE', #4813, 0.09999992529250974200 ) ;
#2218 = LINE ( 'NONE', #2158, #198 ) ;
#2219 = PLANE ( 'NONE',  #1188 ) ;
#2220 = LINE ( 'NONE', #7365, #2098 ) ;
#2221 = AXIS2_PLACEMENT_3D ( 'NONE', #3551, #5840, #626 ) ;
#2222 = ORIENTED_EDGE ( 'NONE', *, *, #302, .F. ) ;
#2223 = ORIENTED_EDGE ( 'NONE', *, *, #3039, .T. ) ;
#2224 = EDGE_CURVE ( 'NONE', #2038, #27, #2455, .T. ) ;
#2225 = EDGE_CURVE ( 'NONE', #9212, #2916, #8175, .T. ) ;
#2226 = SURFACE_STYLE_FILL_AREA ( #7001 ) ;
#2227 = DIRECTION ( 'NONE',  ( -0.0000000000000000000, -1.000000000000000000, -0.0000000000000000000 ) ) ;
#2228 = ORIENTED_EDGE ( 'NONE', *, *, #5494, .T. ) ;
#2229 = PLANE ( 'NONE',  #3180 ) ;
#2230 = LINE ( 'NONE', #3906, #8971 ) ;
#2231 = ADVANCED_FACE ( 'NONE', ( #1040 ), #2259, .T. ) ;
#2232 = CARTESIAN_POINT ( 'NONE',  ( 1.750000000000000000, 0.0000000000000000000, 0.2030000000000000100 ) ) ;
#2233 = ORIENTED_EDGE ( 'NONE', *, *, #5112, .F. ) ;
#2234 = LINE ( 'NONE', #9654, #7017 ) ;
#2235 = DIRECTION ( 'NONE',  ( -0.0000000000000000000, -0.0000000000000000000, -1.000000000000000000 ) ) ;
#2236 = CARTESIAN_POINT ( 'NONE',  ( 0.3737832091245749700, -0.0003031493991278053000, 0.05000000000000000300 ) ) ;
#2237 = CIRCLE ( 'NONE', #6479, 0.05003631351710522600 ) ;
#2238 = VECTOR ( 'NONE', #5789, 1000.000000000000000 ) ;
#2239 = ORIENTED_EDGE ( 'NONE', *, *, #5461, .T. ) ;
#2240 = CARTESIAN_POINT ( 'NONE',  ( 1.524999999999999900, -1.837499999999999900, 0.0000000000000000000 ) ) ;
#2241 = EDGE_CURVE ( 'NONE', #7195, #9028, #217, .T. ) ;
#2242 = EDGE_CURVE ( 'NONE', #2711, #7486, #7484, .T. ) ;
#2243 = ORIENTED_EDGE ( 'NONE', *, *, #7747, .T. ) ;
#2244 = CARTESIAN_POINT ( 'NONE',  ( -1.486479297753362500, 1.546851659654180400, 0.8000000000000000400 ) ) ;
#2245 =( NAMED_UNIT ( * ) SI_UNIT ( $, .STERADIAN. ) SOLID_ANGLE_UNIT ( ) );
#2246 = LINE ( 'NONE', #2347, #8412 ) ;
#2247 = ORIENTED_EDGE ( 'NONE', *, *, #9067, .F. ) ;
#2248 = DIRECTION ( 'NONE',  ( 9.415030213259482400E-016, -1.000000000000000000, 0.0000000000000000000 ) ) ;
#2249 = SURFACE_STYLE_USAGE ( .BOTH. , #3011 ) ;
#2250 = VERTEX_POINT ( 'NONE', #1446 ) ;
#2251 = DIRECTION ( 'NONE',  ( 1.000000000000000000, 0.0000000000000000000, 0.0000000000000000000 ) ) ;
#2252 = EDGE_CURVE ( 'NONE', #9265, #5821, #2333, .T. ) ;
#2253 = LINE ( 'NONE', #7080, #5506 ) ;
#2254 = AXIS2_PLACEMENT_3D ( 'NONE', #1516, #9624, #1451 ) ;
#2255 = CARTESIAN_POINT ( 'NONE',  ( 1.249999962646240800, 0.8749999626462409100, 0.04999999999999999600 ) ) ;
#2256 = AXIS2_PLACEMENT_3D ( 'NONE', #8491, #4027, #9230 ) ;
#2257 = VECTOR ( 'NONE', #65, 1000.000000000000000 ) ;
#2258 = DIRECTION ( 'NONE',  ( -0.0000000000000000000, -0.0000000000000000000, -1.000000000000000000 ) ) ;
#2259 = PLANE ( 'NONE',  #1879 ) ;
#2260 = CARTESIAN_POINT ( 'NONE',  ( 0.1000000000000000100, 0.0000000000000000000, 0.0000000000000000000 ) ) ;
#2261 = CIRCLE ( 'NONE', #2467, 0.04998625954667031100 ) ;
#2262 = VECTOR ( 'NONE', #9214, 1000.000000000000000 ) ;
#2263 = ADVANCED_FACE ( 'NONE', ( #9208 ), #76, .F. ) ;
#2264 = DIRECTION ( 'NONE',  ( -0.0000000000000000000, 0.0000000000000000000, 1.000000000000000000 ) ) ;
#2265 = AXIS2_PLACEMENT_3D ( 'NONE', #8776, #7326, #4382 ) ;
#2266 = DIRECTION ( 'NONE',  ( 1.000000000000000000, 0.0000000000000000000, -0.0000000000000000000 ) ) ;
#2267 = CARTESIAN_POINT ( 'NONE',  ( 0.0000000000000000000, -1.200000000000000000, 0.05000000000000000300 ) ) ;
#2268 = LINE ( 'NONE', #5393, #1206 ) ;
#2269 = ORIENTED_EDGE ( 'NONE', *, *, #5991, .F. ) ;
#2270 = ORIENTED_EDGE ( 'NONE', *, *, #6678, .F. ) ;
#2271 = LINE ( 'NONE', #7761, #9492 ) ;
#2272 = DIRECTION ( 'NONE',  ( -0.0000000000000000000, 0.0000000000000000000, 1.000000000000000000 ) ) ;
#2273 = ADVANCED_FACE ( 'NONE', ( #458 ), #6155, .T. ) ;
#2274 = CARTESIAN_POINT ( 'NONE',  ( 1.225000000000000100, 0.3250000000000000100, 0.04999999999999999600 ) ) ;
#2275 = VERTEX_POINT ( 'NONE', #6620 ) ;
#2276 = AXIS2_PLACEMENT_3D ( 'NONE', #5659, #4827, #7082 ) ;
#2277 = CARTESIAN_POINT ( 'NONE',  ( 1.750000000000000000, -0.1331000000000000000, 0.0000000000000000000 ) ) ;
#2278 = ORIENTED_EDGE ( 'NONE', *, *, #672, .F. ) ;
#2279 = EDGE_CURVE ( 'NONE', #4804, #9063, #5261, .T. ) ;
#2280 = VECTOR ( 'NONE', #6449, 1000.000000000000000 ) ;
#2281 = LINE ( 'NONE', #4819, #7764 ) ;
#2282 = VERTEX_POINT ( 'NONE', #1602 ) ;
#2283 = DIRECTION ( 'NONE',  ( -1.000000000000000000, 0.0000000000000000000, 0.0000000000000000000 ) ) ;
#2284 = CARTESIAN_POINT ( 'NONE',  ( -0.0000000000000000000, -1.875000000000000000, 0.0000000000000000000 ) ) ;
#2285 = VERTEX_POINT ( 'NONE', #2433 ) ;
#2286 = LINE ( 'NONE', #1351, #7546 ) ;
#2287 = LINE ( 'NONE', #24, #277 ) ;
#2288 = AXIS2_PLACEMENT_3D ( 'NONE', #6203, #1737, #2478 ) ;
#2289 = EDGE_CURVE ( 'NONE', #297, #3459, #3967, .T. ) ;
#2290 = EDGE_CURVE ( 'NONE', #6571, #7184, #7715, .T. ) ;
#2291 = DIRECTION ( 'NONE',  ( -0.0000000000000000000, -0.0000000000000000000, -1.000000000000000000 ) ) ;
#2292 = EDGE_LOOP ( 'NONE', ( #4497, #4879, #6825, #8645 ) ) ;
#2293 = DIRECTION ( 'NONE',  ( -0.0000000000000000000, -0.0000000000000000000, -1.000000000000000000 ) ) ;
#2294 = EDGE_LOOP ( 'NONE', ( #8324, #7809, #5629, #503, #3483, #4170 ) ) ;
#2295 = CARTESIAN_POINT ( 'NONE',  ( 0.0000000000000000000, -1.000000000000000000, 0.05000000000000000300 ) ) ;
#2296 = DIRECTION ( 'NONE',  ( 1.000000000000000000, 0.0000000000000000000, -0.0000000000000000000 ) ) ;
#2297 = EDGE_LOOP ( 'NONE', ( #3395, #6920, #5968, #9119 ) ) ;
#2298 = ORIENTED_EDGE ( 'NONE', *, *, #8729, .F. ) ;
#2299 = VERTEX_POINT ( 'NONE', #5337 ) ;
#2300 = EDGE_CURVE ( 'NONE', #6407, #5305, #8748, .T. ) ;
#2301 = DIRECTION ( 'NONE',  ( -0.0000000000000000000, 0.0000000000000000000, 1.000000000000000000 ) ) ;
#2302 = AXIS2_PLACEMENT_3D ( 'NONE', #4759, #5584, #6906 ) ;
#2303 = CARTESIAN_POINT ( 'NONE',  ( 0.0000000000000000000, 0.3250000000000000700, 0.2030000000000000100 ) ) ;
#2304 = ADVANCED_FACE ( 'NONE', ( #6192 ), #1573, .F. ) ;
#2305 = DIRECTION ( 'NONE',  ( 0.0000000000000000000, 1.000000000000000000, -0.0000000000000000000 ) ) ;
#2306 = ORIENTED_EDGE ( 'NONE', *, *, #8225, .F. ) ;
#2307 = ORIENTED_EDGE ( 'NONE', *, *, #591, .T. ) ;
#2308 = LINE ( 'NONE', #1389, #298 ) ;
#2309 = COLOUR_RGB ( '',0.7921568627450980000, 0.8196078431372548800, 0.9333333333333333500 ) ;
#2310 = EDGE_CURVE ( 'NONE', #5957, #9622, #4316, .T. ) ;
#2311 = DIRECTION ( 'NONE',  ( 1.000000000000000000, 0.0000000000000000000, 0.0000000000000000000 ) ) ;
#2312 = DIRECTION ( 'NONE',  ( 1.000000000000000000, 0.0000000000000000000, -0.0000000000000000000 ) ) ;
#2313 = ADVANCED_FACE ( 'NONE', ( #4792 ), #5736, .T. ) ;
#2314 = CARTESIAN_POINT ( 'NONE',  ( 0.1679833953000000000, 0.0000000000000000000, 0.8009000000000000600 ) ) ;
#2315 = ORIENTED_EDGE ( 'NONE', *, *, #2854, .T. ) ;
#2316 = EDGE_LOOP ( 'NONE', ( #1513, #9631, #2994, #3764 ) ) ;
#2317 = SURFACE_STYLE_FILL_AREA ( #5490 ) ;
#2318 = VECTOR ( 'NONE', #6228, 1000.000000000000000 ) ;
#2319 = CARTESIAN_POINT ( 'NONE',  ( 0.1749862499360769500, 1.837530996695474500, 0.2030000000000000100 ) ) ;
#2320 = EDGE_LOOP ( 'NONE', ( #1151, #1836, #4225, #5538 ) ) ;
#2321 = ORIENTED_EDGE ( 'NONE', *, *, #4429, .T. ) ;
#2322 = PRESENTATION_LAYER_ASSIGNMENT (  '', '', ( #4692 ) ) ;
#2323 = LINE ( 'NONE', #5549, #6990 ) ;
#2324 = FACE_OUTER_BOUND ( 'NONE', #9080, .T. ) ;
#2325 = DIRECTION ( 'NONE',  ( 1.000000000000000000, 0.0000000000000000000, 0.0000000000000000000 ) ) ;
#2326 = FACE_OUTER_BOUND ( 'NONE', #4776, .T. ) ;
#2327 = EDGE_CURVE ( 'NONE', #9212, #1390, #2795, .T. ) ;
#2328 = CARTESIAN_POINT ( 'NONE',  ( 1.750000000000000000, -1.533099999999999900, 0.0000000000000000000 ) ) ;
#2329 = DIRECTION ( 'NONE',  ( 1.000000000000000000, 9.415030213259482400E-016, 0.0000000000000000000 ) ) ;
#2330 = DIRECTION ( 'NONE',  ( -0.0000000000000000000, 0.0000000000000000000, -1.000000000000000000 ) ) ;
#2331 = ORIENTED_EDGE ( 'NONE', *, *, #2837, .F. ) ;
#2332 = FACE_OUTER_BOUND ( 'NONE', #6126, .T. ) ;
#2333 = CIRCLE ( 'NONE', #1564, 0.04998625954667031100 ) ;
#2334 = ORIENTED_EDGE ( 'NONE', *, *, #8697, .F. ) ;
#2335 = CARTESIAN_POINT ( 'NONE',  ( 1.740000000000000000, 1.865000000000000200, 0.2029999999999999600 ) ) ;
#2336 =( GEOMETRIC_REPRESENTATION_CONTEXT ( 3 ) GLOBAL_UNCERTAINTY_ASSIGNED_CONTEXT ( ( #7776 ) ) GLOBAL_UNIT_ASSIGNED_CONTEXT ( ( #7465, #2186, #9612 ) ) REPRESENTATION_CONTEXT ( 'NONE', 'WORKASPACE' ) );
#2337 = EDGE_CURVE ( 'NONE', #8735, #5218, #7942, .T. ) ;
#2338 = EDGE_CURVE ( 'NONE', #8735, #6142, #5485, .T. ) ;
#2339 = VERTEX_POINT ( 'NONE', #6099 ) ;
#2340 = CARTESIAN_POINT ( 'NONE',  ( 0.0000000000000000000, 0.05000000000000000300, 0.0000000000000000000 ) ) ;
#2341 = CIRCLE ( 'NONE', #8601, 0.04998625954667031100 ) ;
#2342 = DIRECTION ( 'NONE',  ( -1.000000000000000000, 0.0000000000000000000, 0.0000000000000000000 ) ) ;
#2343 = CARTESIAN_POINT ( 'NONE',  ( 0.1749999999999999900, 1.325000000000000000, 0.04999999999999999600 ) ) ;
#2344 = CIRCLE ( 'NONE', #7036, 0.04999996264625471100 ) ;
#2345 = DIRECTION ( 'NONE',  ( -0.0000000000000000000, 0.0000000000000000000, 1.000000000000000000 ) ) ;
#2346 = ADVANCED_FACE ( 'NONE', ( #3733 ), #5971, .T. ) ;
#2347 = CARTESIAN_POINT ( 'NONE',  ( -1.750000000000000000, -0.8330999999999999500, 0.2030000000000000100 ) ) ;
#2348 = CIRCLE ( 'NONE', #3848, 0.03864122785523647900 ) ;
#2349 = ORIENTED_EDGE ( 'NONE', *, *, #3847, .T. ) ;
#2350 = CARTESIAN_POINT ( 'NONE',  ( 0.0000000000000000000, 1.875000000000000000, 0.2030000000000000100 ) ) ;
#2351 = VECTOR ( 'NONE', #7175, 1000.000000000000100 ) ;
#2352 = DIRECTION ( 'NONE',  ( -0.0000000000000000000, -0.0000000000000000000, -1.000000000000000000 ) ) ;
#2353 = LINE ( 'NONE', #5723, #7960 ) ;
#2354 = EDGE_CURVE ( 'NONE', #6580, #4034, #575, .T. ) ;
#2355 = EDGE_LOOP ( 'NONE', ( #6141, #7857, #3265, #2027 ) ) ;
#2356 = ADVANCED_FACE ( 'NONE', ( #688 ), #7232, .T. ) ;
#2357 = CARTESIAN_POINT ( 'NONE',  ( 0.1749999626462408200, 1.374999962646241000, 0.04999999999999999600 ) ) ;
#2358 = COLOUR_RGB ( '',1.000000000000000000, 1.000000000000000000, 1.000000000000000000 ) ;
#2359 = VERTEX_POINT ( 'NONE', #6190 ) ;
#2360 = DIRECTION ( 'NONE',  ( 0.0000000000000000000, 1.000000000000000000, -0.0000000000000000000 ) ) ;
#2361 = DIRECTION ( 'NONE',  ( -0.0000000000000000000, -0.0000000000000000000, -1.000000000000000000 ) ) ;
#2362 = FACE_OUTER_BOUND ( 'NONE', #7295, .T. ) ;
#2363 = CARTESIAN_POINT ( 'NONE',  ( 0.1249999903894066200, 1.837530996695474500, 0.0000000000000000000 ) ) ;
#2364 = EDGE_CURVE ( 'NONE', #3268, #5123, #6655, .T. ) ;
#2365 = AXIS2_PLACEMENT_3D ( 'NONE', #4574, #6045, #87 ) ;
#2366 = VERTEX_POINT ( 'NONE', #3998 ) ;
#2367 = AXIS2_PLACEMENT_3D ( 'NONE', #7792, #8465, #241 ) ;
#2368 = ORIENTED_EDGE ( 'NONE', *, *, #2990, .T. ) ;
#2369 = ORIENTED_EDGE ( 'NONE', *, *, #1250, .T. ) ;
#2370 = ORIENTED_EDGE ( 'NONE', *, *, #4176, .T. ) ;
#2371 = CIRCLE ( 'NONE', #6766, 0.04998625954667008900 ) ;
#2372 = CARTESIAN_POINT ( 'NONE',  ( 0.1000000000000000100, 0.0000000000000000000, 0.2030000000000000100 ) ) ;
#2373 = DIRECTION ( 'NONE',  ( 0.0000000000000000000, 1.000000000000000000, 0.0000000000000000000 ) ) ;
#2374 = CARTESIAN_POINT ( 'NONE',  ( -0.8250000373537592600, 1.374999962646241000, 0.2030000000000000100 ) ) ;
#2375 = DIRECTION ( 'NONE',  ( 0.0000000000000000000, -0.0000000000000000000, -1.000000000000000000 ) ) ;
#2376 = ORIENTED_EDGE ( 'NONE', *, *, #4416, .T. ) ;
#2377 = EDGE_CURVE ( 'NONE', #640, #3268, #3147, .T. ) ;
#2378 = ORIENTED_EDGE ( 'NONE', *, *, #8056, .F. ) ;
#2379 = FACE_OUTER_BOUND ( 'NONE', #5984, .T. ) ;
#2380 = CARTESIAN_POINT ( 'NONE',  ( 1.740000000000000000, 1.865000000000000200, 0.05000000000000000300 ) ) ;
#2381 = DIRECTION ( 'NONE',  ( -0.0000000000000000000, 0.0000000000000000000, 1.000000000000000000 ) ) ;
#2382 = CARTESIAN_POINT ( 'NONE',  ( 1.740000000000000000, -1.865000000000000200, 0.2029999999999999600 ) ) ;
#2383 = ORIENTED_EDGE ( 'NONE', *, *, #7505, .T. ) ;
#2384 = DIRECTION ( 'NONE',  ( -0.0000000000000000000, -0.0000000000000000000, -1.000000000000000000 ) ) ;
#2385 = VERTEX_POINT ( 'NONE', #9236 ) ;
#2386 = FACE_OUTER_BOUND ( 'NONE', #4631, .T. ) ;
#2387 = DIRECTION ( 'NONE',  ( -0.8756803598459993500, 0.4828911962129577300, 0.0000000000000000000 ) ) ;
#2388 = DIRECTION ( 'NONE',  ( 0.0000000000000000000, 1.000000000000000000, 0.0000000000000000000 ) ) ;
#2389 = CARTESIAN_POINT ( 'NONE',  ( 0.5999999626462407800, -0.1000000373537592300, 0.04999999999999999600 ) ) ;
#2390 = STYLED_ITEM ( 'NONE', ( #2632 ), #6078 ) ;
#2391 = DIRECTION ( 'NONE',  ( -0.0000000000000000000, 0.0000000000000000000, 1.000000000000000000 ) ) ;
#2392 = ADVANCED_FACE ( 'NONE', ( #9678 ), #9140, .F. ) ;
#2393 = EDGE_CURVE ( 'NONE', #5633, #4515, #8970, .T. ) ;
#2394 = VERTEX_POINT ( 'NONE', #294 ) ;
#2395 = EDGE_CURVE ( 'NONE', #5418, #168, #6180, .T. ) ;
#2396 = ORIENTED_EDGE ( 'NONE', *, *, #2431, .F. ) ;
#2397 = CARTESIAN_POINT ( 'NONE',  ( 0.1000000000000000100, -1.300000000000000300, 0.04999999999999999600 ) ) ;
#2398 = ORIENTED_EDGE ( 'NONE', *, *, #1222, .F. ) ;
#2399 = LINE ( 'NONE', #5701, #4144 ) ;
#2400 = VECTOR ( 'NONE', #4287, 1000.000000000000000 ) ;
#2401 = DIRECTION ( 'NONE',  ( 1.000000000000000000, 0.0000000000000000000, 0.0000000000000000000 ) ) ;
#2402 = ORIENTED_EDGE ( 'NONE', *, *, #2543, .F. ) ;
#2403 = CARTESIAN_POINT ( 'NONE',  ( 0.1000000000000000100, -1.600000000000000100, 0.04999999999999999600 ) ) ;
#2404 = ADVANCED_FACE ( 'NONE', ( #4662 ), #1057, .T. ) ;
#2405 = EDGE_LOOP ( 'NONE', ( #3318, #9233, #8624, #8845 ) ) ;
#2406 = AXIS2_PLACEMENT_3D ( 'NONE', #3464, #9215, #5697 ) ;
#2407 = VECTOR ( 'NONE', #5702, 1000.000000000000000 ) ;
#2408 = EDGE_CURVE ( 'NONE', #9675, #5123, #1163, .T. ) ;
#2409 = AXIS2_PLACEMENT_3D ( 'NONE', #1398, #8073, #2149 ) ;
#2410 = DIRECTION ( 'NONE',  ( 0.4906998822216377400, -0.8713286553233922100, 0.0000000000000000000 ) ) ;
#2411 = CARTESIAN_POINT ( 'NONE',  ( 0.3667128715228555900, 1.865000000000000200, 0.2030000000000000100 ) ) ;
#2412 = ORIENTED_EDGE ( 'NONE', *, *, #3897, .T. ) ;
#2413 = DIRECTION ( 'NONE',  ( 0.0000000000000000000, 0.0000000000000000000, 1.000000000000000000 ) ) ;
#2414 = VERTEX_POINT ( 'NONE', #6929 ) ;
#2415 = EDGE_LOOP ( 'NONE', ( #7039, #9646, #1542, #3664 ) ) ;
#2416 = EDGE_CURVE ( 'NONE', #8500, #4378, #9323, .T. ) ;
#2417 = CARTESIAN_POINT ( 'NONE',  ( -1.200000000000000000, 1.050000000000000000, 0.0000000000000000000 ) ) ;
#2418 = PLANE ( 'NONE',  #9192 ) ;
#2419 = EDGE_LOOP ( 'NONE', ( #2517, #4099, #107, #2608 ) ) ;
#2420 = STYLED_ITEM ( 'NONE', ( #8986 ), #1482 ) ;
#2421 = DIRECTION ( 'NONE',  ( -1.000000000000000000, 0.0000000000000000000, 0.0000000000000000000 ) ) ;
#2422 = ORIENTED_EDGE ( 'NONE', *, *, #4648, .F. ) ;
#2423 = AXIS2_PLACEMENT_3D ( 'NONE', #322, #1192, #4218 ) ;
#2424 = DIRECTION ( 'NONE',  ( 0.0008110297413749792100, 0.9999996711153251700, 0.0000000000000000000 ) ) ;
#2425 = VECTOR ( 'NONE', #9359, 1000.000000000000000 ) ;
#2426 = VECTOR ( 'NONE', #8206, 1000.000000000000000 ) ;
#2427 = CARTESIAN_POINT ( 'NONE',  ( -1.712530996695474700, 0.8749862499360769900, 0.04999999999999999600 ) ) ;
#2428 = ORIENTED_EDGE ( 'NONE', *, *, #4399, .F. ) ;
#2429 = EDGE_LOOP ( 'NONE', ( #5775, #4523, #5264, #8080, #7182, #1406 ) ) ;
#2430 = LINE ( 'NONE', #50, #6984 ) ;
#2431 = EDGE_CURVE ( 'NONE', #3566, #4389, #4195, .T. ) ;
#2432 = DIRECTION ( 'NONE',  ( 1.000000000000000000, 0.0000000000000000000, 0.0000000000000000000 ) ) ;
#2433 = CARTESIAN_POINT ( 'NONE',  ( -0.5500000000000000400, -1.500000000000000000, 0.0000000000000000000 ) ) ;
#2434 = FACE_OUTER_BOUND ( 'NONE', #9504, .T. ) ;
#2435 = AXIS2_PLACEMENT_3D ( 'NONE', #691, #5236, #7527 ) ;
#2437 = ORIENTED_EDGE ( 'NONE', *, *, #9411, .F. ) ;
#2436 = CARTESIAN_POINT ( 'NONE',  ( -0.06862657755184016500, 0.03784391159787732500, 0.8009000000000000600 ) ) ;
#2438 = DIRECTION ( 'NONE',  ( -0.0000000000000000000, -0.0000000000000000000, -1.000000000000000000 ) ) ;
#2439 = ORIENTED_EDGE ( 'NONE', *, *, #6285, .T. ) ;
#2440 = CARTESIAN_POINT ( 'NONE',  ( -0.1505420154000000100, -0.1856274672000000100, 0.8008000000000000700 ) ) ;
#2441 = ORIENTED_EDGE ( 'NONE', *, *, #3860, .F. ) ;
#2442 = SURFACE_SIDE_STYLE ('',( #4220 ) ) ;
#2443 = FACE_OUTER_BOUND ( 'NONE', #4947, .T. ) ;
#2444 = ADVANCED_BREP_SHAPE_REPRESENTATION ( 'MAXIM_90-100104', ( #6867, #3317 ), #3378 ) ;
#2445 = ORIENTED_EDGE ( 'NONE', *, *, #9034, .F. ) ;
#2446 = CIRCLE ( 'NONE', #3745, 0.09999992529250974200 ) ;
#2447 = DIRECTION ( 'NONE',  ( -0.0000000000000000000, 0.0000000000000000000, 1.000000000000000000 ) ) ;
#2448 =( NAMED_UNIT ( * ) SI_UNIT ( $, .STERADIAN. ) SOLID_ANGLE_UNIT ( ) );
#2449 = CARTESIAN_POINT ( 'NONE',  ( -0.03680147679334898300, -0.02031140770960651300, 0.8009000000000000600 ) ) ;
#2450 = EDGE_LOOP ( 'NONE', ( #6741, #6806, #1115, #682 ) ) ;
#2451 = AXIS2_PLACEMENT_3D ( 'NONE', #7574, #2258, #2283 ) ;
#2452 = ORIENTED_EDGE ( 'NONE', *, *, #2224, .T. ) ;
#2453 = CIRCLE ( 'NONE', #912, 0.04998625954667031100 ) ;
#2454 = EDGE_CURVE ( 'NONE', #4552, #7488, #6993, .T. ) ;
#2455 = LINE ( 'NONE', #5987, #4671 ) ;
#2456 = ADVANCED_FACE ( 'NONE', ( #3023 ), #8461, .F. ) ;
#2457 = VERTEX_POINT ( 'NONE', #4789 ) ;
#2458 = DIRECTION ( 'NONE',  ( -1.000000000000000000, 0.0000000000000000000, 0.0000000000000000000 ) ) ;
#2459 = DIRECTION ( 'NONE',  ( -1.000000000000000000, -0.0000000000000000000, -0.0000000000000000000 ) ) ;
#2460 = SURFACE_STYLE_USAGE ( .BOTH. , #7779 ) ;
#2461 = EDGE_LOOP ( 'NONE', ( #6771, #3513, #7006, #4532, #9057, #8340 ) ) ;
#2462 = PLANE ( 'NONE',  #8240 ) ;
#2463 = CIRCLE ( 'NONE', #5875, 0.04998625954667031100 ) ;
#2464 = CIRCLE ( 'NONE', #4276, 0.04998625954667031100 ) ;
#2465 = CYLINDRICAL_SURFACE ( 'NONE', #7242, 0.02499998132312751500 ) ;
#2466 = ORIENTED_EDGE ( 'NONE', *, *, #4208, .T. ) ;
#2467 = AXIS2_PLACEMENT_3D ( 'NONE', #7844, #6431, #4899 ) ;
#2468 = EDGE_CURVE ( 'NONE', #3728, #9674, #7706, .T. ) ;
#2469 = EDGE_CURVE ( 'NONE', #439, #3767, #4436, .T. ) ;
#2470 = DIRECTION ( 'NONE',  ( -0.0000000000000000000, -0.0000000000000000000, -1.000000000000000000 ) ) ;
#2471 = DIRECTION ( 'NONE',  ( -0.4788311833334388300, 0.8779069984158337500, 0.0000000000000000000 ) ) ;
#2472 = CARTESIAN_POINT ( 'NONE',  ( 1.750000000000000000, 0.0000000000000000000, 0.2030000000000000100 ) ) ;
#2473 = ORIENTED_EDGE ( 'NONE', *, *, #1377, .F. ) ;
#2474 = VECTOR ( 'NONE', #968, 1000.000000000000000 ) ;
#2475 = CIRCLE ( 'NONE', #2768, 0.04998625954667008900 ) ;
#2476 = ORIENTED_EDGE ( 'NONE', *, *, #4987, .T. ) ;
#2477 = CARTESIAN_POINT ( 'NONE',  ( 1.175005682233331200, 1.375005682233331400, 0.04999999999999999600 ) ) ;
#2478 = DIRECTION ( 'NONE',  ( 0.0000000000000000000, -0.0000000000000000000, 1.000000000000000000 ) ) ;
#2479 = EDGE_LOOP ( 'NONE', ( #9173, #1983, #8976, #7220 ) ) ;
#2480 =( NAMED_UNIT ( * ) PLANE_ANGLE_UNIT ( ) SI_UNIT ( $, .RADIAN. ) );
#2481 = EDGE_CURVE ( 'NONE', #3896, #936, #4779, .T. ) ;
#2482 = PRESENTATION_LAYER_ASSIGNMENT (  '', '', ( #5687 ) ) ;
#2483 = ORIENTED_EDGE ( 'NONE', *, *, #8713, .F. ) ;
#2484 = AXIS2_PLACEMENT_3D ( 'NONE', #64, #90, #808 ) ;
#2485 = VECTOR ( 'NONE', #2551, 1000.000000000000000 ) ;
#2486 = CARTESIAN_POINT ( 'NONE',  ( -1.524999999999999900, 0.0000000000000000000, 0.0000000000000000000 ) ) ;
#2487 = DIRECTION ( 'NONE',  ( 1.000000000000000000, 0.0000000000000000000, 0.0000000000000000000 ) ) ;
#2488 = CARTESIAN_POINT ( 'NONE',  ( -0.1999999252924816500, -0.5999999252924815800, 0.2030000000000000100 ) ) ;
#2489 = CARTESIAN_POINT ( 'NONE',  ( 1.740000000000000000, 1.865000000000000200, 0.05000000000000000300 ) ) ;
#2490 = ORIENTED_EDGE ( 'NONE', *, *, #1139, .T. ) ;
#2491 = CARTESIAN_POINT ( 'NONE',  ( 1.474963750063923200, 1.837420233362311800, 0.04999999999999999600 ) ) ;
#2492 = FACE_OUTER_BOUND ( 'NONE', #9639, .T. ) ;
#2493 = ORIENTED_EDGE ( 'NONE', *, *, #3205, .T. ) ;
#2494 = ORIENTED_EDGE ( 'NONE', *, *, #2005, .F. ) ;
#2495 = DIRECTION ( 'NONE',  ( 0.0000000000000000000, -0.0000000000000000000, 1.000000000000000000 ) ) ;
#2496 = FACE_OUTER_BOUND ( 'NONE', #5591, .T. ) ;
#2497 = EDGE_CURVE ( 'NONE', #9622, #9272, #4893, .T. ) ;
#2498 = CARTESIAN_POINT ( 'NONE',  ( 0.05411423010000000100, -0.1856274672000000100, 0.8009000000000000600 ) ) ;
#2499 = AXIS2_PLACEMENT_3D ( 'NONE', #1294, #8045, #9544 ) ;
#2500 = DIRECTION ( 'NONE',  ( 0.0000000000000000000, 1.000000000000000000, 0.0000000000000000000 ) ) ;
#2501 = PRODUCT_DEFINITION_FORMATION_WITH_SPECIFIED_SOURCE ( 'ANY', '', #7848, .NOT_KNOWN. ) ;
#2502 = LINE ( 'NONE', #1444, #9609 ) ;
#2503 = EDGE_LOOP ( 'NONE', ( #6866, #9209, #7178, #3461 ) ) ;
#2504 = ORIENTED_EDGE ( 'NONE', *, *, #1480, .F. ) ;
#2505 = PLANE ( 'NONE',  #3401 ) ;
#2506 = ADVANCED_FACE ( 'NONE', ( #1643 ), #4909, .F. ) ;
#2507 = LINE ( 'NONE', #6156, #509 ) ;
#2508 = DIRECTION ( 'NONE',  ( 0.0000000000000000000, -0.0000000000000000000, 1.000000000000000000 ) ) ;
#2509 = DIRECTION ( 'NONE',  ( 0.0000000000000000000, 0.0000000000000000000, 1.000000000000000000 ) ) ;
#2510 = ORIENTED_EDGE ( 'NONE', *, *, #1577, .F. ) ;
#2511 = AXIS2_PLACEMENT_3D ( 'NONE', #6629, #7321, #2170 ) ;
#2512 = CARTESIAN_POINT ( 'NONE',  ( 0.1749999999999999900, 1.325000000000000000, 0.0000000000000000000 ) ) ;
#2513 = CARTESIAN_POINT ( 'NONE',  ( 0.5999999626462408900, -1.500000037353759200, 0.0000000000000000000 ) ) ;
#2514 = CARTESIAN_POINT ( 'NONE',  ( 0.5999999626462408900, 3.735375921879065300E-008, 0.04999999999999999600 ) ) ;
#2515 = DIRECTION ( 'NONE',  ( -1.000000000000000000, 0.0000000000000000000, 0.0000000000000000000 ) ) ;
#2516 = CARTESIAN_POINT ( 'NONE',  ( 0.0000000000000000000, 1.075000000000000000, 0.05000000000000000300 ) ) ;
#2517 = ORIENTED_EDGE ( 'NONE', *, *, #926, .F. ) ;
#2518 = CIRCLE ( 'NONE', #1197, 0.04998625954667031100 ) ;
#2519 = SURFACE_STYLE_USAGE ( .BOTH. , #6362 ) ;
#2520 = FACE_OUTER_BOUND ( 'NONE', #8102, .T. ) ;
#2521 = ORIENTED_EDGE ( 'NONE', *, *, #4023, .T. ) ;
#2522 = DIRECTION ( 'NONE',  ( 0.0000000000000000000, -1.000000000000000000, 0.0000000000000000000 ) ) ;
#2523 = CIRCLE ( 'NONE', #9054, 0.04999996264625471100 ) ;
#2524 = CARTESIAN_POINT ( 'NONE',  ( 0.0000000000000000000, 0.1356073488154271600, 0.8009000000000000600 ) ) ;
#2525 = AXIS2_PLACEMENT_3D ( 'NONE', #8712, #2053, #7263 ) ;
#2526 = CARTESIAN_POINT ( 'NONE',  ( 0.8750000000000000000, 1.500000000000000000, 0.0000000000000000000 ) ) ;
#2527 = EDGE_CURVE ( 'NONE', #9048, #7434, #5362, .T. ) ;
#2528 = ORIENTED_EDGE ( 'NONE', *, *, #6298, .T. ) ;
#2529 = ORIENTED_EDGE ( 'NONE', *, *, #2225, .T. ) ;
#2530 = VERTEX_POINT ( 'NONE', #7853 ) ;
#2531 = ORIENTED_EDGE ( 'NONE', *, *, #7614, .T. ) ;
#2532 = VECTOR ( 'NONE', #6022, 1000.000000000000000 ) ;
#2533 = CARTESIAN_POINT ( 'NONE',  ( 0.3249637500639230300, 1.837420233362311800, 0.0000000000000000000 ) ) ;
#2534 = DIRECTION ( 'NONE',  ( -0.0000000000000000000, -0.0000000000000000000, -1.000000000000000000 ) ) ;
#2535 = CARTESIAN_POINT ( 'NONE',  ( 0.09724308717369695200, 0.1721742457526031800, 0.8008000000000000700 ) ) ;
#2536 = DIRECTION ( 'NONE',  ( -1.000000000000000000, 0.0000000000000000000, 0.0000000000000000000 ) ) ;
#2537 = PRESENTATION_LAYER_ASSIGNMENT (  '', '', ( #2050 ) ) ;
#2538 = ORIENTED_EDGE ( 'NONE', *, *, #765, .T. ) ;
#2539 = ORIENTED_EDGE ( 'NONE', *, *, #2834, .T. ) ;
#2540 = ORIENTED_EDGE ( 'NONE', *, *, #5100, .F. ) ;
#2541 = DIRECTION ( 'NONE',  ( -0.0000000000000000000, -0.0000000000000000000, -1.000000000000000000 ) ) ;
#2542 = EDGE_CURVE ( 'NONE', #3471, #8578, #5730, .T. ) ;
#2543 = EDGE_CURVE ( 'NONE', #4952, #6595, #9197, .T. ) ;
#2544 = PLANE ( 'NONE',  #4237 ) ;
#2545 = VECTOR ( 'NONE', #1355, 1000.000000000000000 ) ;
#2546 = DIRECTION ( 'NONE',  ( -0.0000000000000000000, 0.0000000000000000000, 1.000000000000000000 ) ) ;
#2547 = PRESENTATION_STYLE_ASSIGNMENT (( #5137 ) ) ;
#2548 = DIRECTION ( 'NONE',  ( 1.000000000000000000, 0.0000000000000000000, 0.0000000000000000000 ) ) ;
#2549 = DIRECTION ( 'NONE',  ( -0.0000000000000000000, -0.0000000000000000000, -1.000000000000000000 ) ) ;
#2550 = CARTESIAN_POINT ( 'NONE',  ( 0.1999999252924815900, -1.600000074707518300, 0.04999999999999999600 ) ) ;
#2551 = DIRECTION ( 'NONE',  ( -0.0000000000000000000, -0.0000000000000000000, -1.000000000000000000 ) ) ;
#2552 = CARTESIAN_POINT ( 'NONE',  ( 1.740000000000000000, 1.616775933925918000, 0.2030000000000000100 ) ) ;
#2553 = CARTESIAN_POINT ( 'NONE',  ( -0.1000000000000000100, 0.0000000000000000000, 0.0000000000000000000 ) ) ;
#2554 = ORIENTED_EDGE ( 'NONE', *, *, #6729, .T. ) ;
#2555 = ORIENTED_EDGE ( 'NONE', *, *, #795, .F. ) ;
#2556 = FACE_OUTER_BOUND ( 'NONE', #4450, .T. ) ;
#2557 = LINE ( 'NONE', #695, #8965 ) ;
#2558 = ORIENTED_EDGE ( 'NONE', *, *, #6464, .T. ) ;
#2559 = ADVANCED_FACE ( 'NONE', ( #1413 ), #3260, .T. ) ;
#2560 = EDGE_CURVE ( 'NONE', #4684, #2610, #3633, .T. ) ;
#2561 = CARTESIAN_POINT ( 'NONE',  ( -1.133287128477144400, -1.865000000000000200, 0.04999999999999999600 ) ) ;
#2562 = AXIS2_PLACEMENT_3D ( 'NONE', #890, #9109, #6123 ) ;
#2563 = AXIS2_PLACEMENT_3D ( 'NONE', #8595, #363, #2581 ) ;
#2564 = DIRECTION ( 'NONE',  ( 0.0000000000000000000, 1.000000000000000000, 0.0000000000000000000 ) ) ;
#2565 = CIRCLE ( 'NONE', #5044, 0.04998625954667008900 ) ;
#2566 = CARTESIAN_POINT ( 'NONE',  ( 0.0000000000000000000, -1.700000000000000000, 0.2030000000000000100 ) ) ;
#2567 = ORIENTED_EDGE ( 'NONE', *, *, #8430, .T. ) ;
#2568 = CARTESIAN_POINT ( 'NONE',  ( -0.1000000000000000100, 0.0000000000000000000, 0.0000000000000000000 ) ) ;
#2569 = LINE ( 'NONE', #6609, #3837 ) ;
#2570 = CARTESIAN_POINT ( 'NONE',  ( -0.3250000373537592600, 1.374999962646241000, 0.0000000000000000000 ) ) ;
#2571 = FACE_OUTER_BOUND ( 'NONE', #7322, .T. ) ;
#2572 = CARTESIAN_POINT ( 'NONE',  ( -0.001989848699999998300, -0.08393235690000000500, 0.8009000000000000600 ) ) ;
#2573 = EDGE_LOOP ( 'NONE', ( #7877, #4756, #9288, #4189, #7279, #8822 ) ) ;
#2574 = VERTEX_POINT ( 'NONE', #360 ) ;
#2575 = EDGE_CURVE ( 'NONE', #7428, #5357, #442, .T. ) ;
#2576 = DIRECTION ( 'NONE',  ( -1.000000000000000000, 0.0000000000000000000, 0.0000000000000000000 ) ) ;
#2577 = AXIS2_PLACEMENT_3D ( 'NONE', #4773, #8450, #1683 ) ;
#2578 = VECTOR ( 'NONE', #8150, 1000.000000000000000 ) ;
#2579 = UNCERTAINTY_MEASURE_WITH_UNIT (LENGTH_MEASURE( 1.000000000000000100E-005 ), #1489, 'distance_accuracy_value', 'NONE');
#2580 = ORIENTED_EDGE ( 'NONE', *, *, #5101, .T. ) ;
#2581 = DIRECTION ( 'NONE',  ( -1.000000000000000000, 0.0000000000000000000, 0.0000000000000000000 ) ) ;
#2582 = CARTESIAN_POINT ( 'NONE',  ( -0.2250137500639230700, -1.837530996695474500, 0.2030000000000000100 ) ) ;
#2583 = DIRECTION ( 'NONE',  ( 1.000000000000000000, 0.0000000000000000000, 0.0000000000000000000 ) ) ;
#2584 = ORIENTED_EDGE ( 'NONE', *, *, #9540, .F. ) ;
#2585 = DIRECTION ( 'NONE',  ( 0.0000000000000000000, -0.0000000000000000000, 1.000000000000000000 ) ) ;
#2586 = VECTOR ( 'NONE', #8670, 1000.000000000000000 ) ;
#2587 = CYLINDRICAL_SURFACE ( 'NONE', #1501, 0.04998625954667031100 ) ;
#2588 = FACE_OUTER_BOUND ( 'NONE', #4966, .T. ) ;
#2589 = ORIENTED_EDGE ( 'NONE', *, *, #3928, .F. ) ;
#2590 = PRESENTATION_LAYER_ASSIGNMENT (  '', '', ( #3264 ) ) ;
#2591 = EDGE_CURVE ( 'NONE', #579, #5821, #8857, .T. ) ;
#2592 = ORIENTED_EDGE ( 'NONE', *, *, #5801, .T. ) ;
#2593 = LINE ( 'NONE', #2486, #938 ) ;
#2594 = DIRECTION ( 'NONE',  ( -1.000000000000000000, 0.0000000000000000000, 0.0000000000000000000 ) ) ;
#2595 = DIRECTION ( 'NONE',  ( -1.000000000000000000, 0.0000000000000000000, 0.0000000000000000000 ) ) ;
#2596 = VECTOR ( 'NONE', #1383, 1000.000000000000000 ) ;
#2597 = SURFACE_STYLE_USAGE ( .BOTH. , #4836 ) ;
#2598 = ORIENTED_EDGE ( 'NONE', *, *, #6788, .T. ) ;
#2599 = DIRECTION ( 'NONE',  ( -0.0000000000000000000, 0.0000000000000000000, 1.000000000000000000 ) ) ;
#2600 = ORIENTED_EDGE ( 'NONE', *, *, #2705, .T. ) ;
#2601 = EDGE_CURVE ( 'NONE', #1204, #7766, #5134, .T. ) ;
#2602 = ORIENTED_EDGE ( 'NONE', *, *, #22, .T. ) ;
#2603 = EDGE_CURVE ( 'NONE', #9149, #6942, #2915, .T. ) ;
#2604 = DIRECTION ( 'NONE',  ( 1.000000000000000000, 0.0000000000000000000, 0.0000000000000000000 ) ) ;
#2605 = DIRECTION ( 'NONE',  ( 0.0000000000000000000, 0.0000000000000000000, 1.000000000000000000 ) ) ;
#2606 = DIRECTION ( 'NONE',  ( -0.0000000000000000000, 0.0000000000000000000, -1.000000000000000000 ) ) ;
#2607 = ADVANCED_FACE ( 'NONE', ( #2443 ), #7909, .F. ) ;
#2608 = ORIENTED_EDGE ( 'NONE', *, *, #7747, .F. ) ;
#2609 = DIRECTION ( 'NONE',  ( 0.0000000000000000000, 0.0000000000000000000, 1.000000000000000000 ) ) ;
#2610 = VERTEX_POINT ( 'NONE', #4942 ) ;
#2611 = ORIENTED_EDGE ( 'NONE', *, *, #190, .T. ) ;
#2612 = EDGE_LOOP ( 'NONE', ( #5075, #1149 ) ) ;
#2613 = CYLINDRICAL_SURFACE ( 'NONE', #1594, 0.09999992529250952000 ) ;
#2614 = CARTESIAN_POINT ( 'NONE',  ( -0.3750000000000000000, -0.0000000000000000000, 0.05000000000000000300 ) ) ;
#2615 = CARTESIAN_POINT ( 'NONE',  ( -1.200000000000000000, 0.8499999999999999800, 0.0000000000000000000 ) ) ;
#2616 = EDGE_CURVE ( 'NONE', #6717, #3637, #5960, .T. ) ;
#2617 = AXIS2_PLACEMENT_3D ( 'NONE', #8188, #2140, #7357 ) ;
#2618 = AXIS2_PLACEMENT_3D ( 'NONE', #2427, #192, #853 ) ;
#2619 = ORIENTED_EDGE ( 'NONE', *, *, #409, .T. ) ;
#2620 = VERTEX_POINT ( 'NONE', #1332 ) ;
#2621 = ORIENTED_EDGE ( 'NONE', *, *, #9318, .F. ) ;
#2622 = ORIENTED_EDGE ( 'NONE', *, *, #6627, .F. ) ;
#2623 = LINE ( 'NONE', #730, #2961 ) ;
#2624 = DIRECTION ( 'NONE',  ( 1.000000000000000000, 0.0000000000000000000, -0.0000000000000000000 ) ) ;
#2625 = CARTESIAN_POINT ( 'NONE',  ( -0.2000000000000000100, -0.5000000000000000000, 0.2030000000000000100 ) ) ;
#2626 = CARTESIAN_POINT ( 'NONE',  ( -1.125000000000000200, 1.837499999999999900, 0.0000000000000000000 ) ) ;
#2627 = EDGE_LOOP ( 'NONE', ( #5582, #5170, #915, #8014 ) ) ;
#2628 = CARTESIAN_POINT ( 'NONE',  ( 1.200000000000000000, 0.0000000000000000000, 0.05000000000000000300 ) ) ;
#2629 = EDGE_CURVE ( 'NONE', #5555, #1415, #8849, .T. ) ;
#2630 = VERTEX_POINT ( 'NONE', #9401 ) ;
#2631 = LINE ( 'NONE', #3399, #3903 ) ;
#2632 = PRESENTATION_STYLE_ASSIGNMENT (( #6883 ) ) ;
#2633 = ORIENTED_EDGE ( 'NONE', *, *, #8111, .T. ) ;
#2634 = DIRECTION ( 'NONE',  ( -1.000000000000000000, 0.0000000000000000000, 0.0000000000000000000 ) ) ;
#2635 = VERTEX_POINT ( 'NONE', #1431 ) ;
#2636 = FACE_OUTER_BOUND ( 'NONE', #5443, .T. ) ;
#2637 = CARTESIAN_POINT ( 'NONE',  ( -1.712500000000000100, -0.6500000000000001300, 0.2030000000000000100 ) ) ;
#2638 = AXIS2_PLACEMENT_3D ( 'NONE', #7605, #9108, #8460 ) ;
#2639 = CARTESIAN_POINT ( 'NONE',  ( -0.6332871284771444100, 1.865000000000000200, 0.2030000000000000100 ) ) ;
#2640 = DIRECTION ( 'NONE',  ( 0.0000000000000000000, 0.0000000000000000000, 1.000000000000000000 ) ) ;
#2641 = ORIENTED_EDGE ( 'NONE', *, *, #5610, .T. ) ;
#2642 = EDGE_CURVE ( 'NONE', #6854, #6082, #5607, .T. ) ;
#2643 = ORIENTED_EDGE ( 'NONE', *, *, #8983, .T. ) ;
#2644 = VERTEX_POINT ( 'NONE', #2782 ) ;
#2645 = CARTESIAN_POINT ( 'NONE',  ( -1.225000000000000100, 0.5749999999999999600, 0.04999999999999999600 ) ) ;
#2646 = VECTOR ( 'NONE', #9358, 1000.000000000000000 ) ;
#2647 = ADVANCED_FACE ( 'NONE', ( #6862 ), #9314, .T. ) ;
#2648 = CARTESIAN_POINT ( 'NONE',  ( 1.250000000000000000, 0.8249999999999999600, 0.0000000000000000000 ) ) ;
#2649 = CARTESIAN_POINT ( 'NONE',  ( -1.525000009610593300, -1.837530996695474700, 0.0000000000000000000 ) ) ;
#2650 = EDGE_LOOP ( 'NONE', ( #8932, #2473, #6606, #147 ) ) ;
#2651 = ORIENTED_EDGE ( 'NONE', *, *, #8012, .F. ) ;
#2652 =( GEOMETRIC_REPRESENTATION_CONTEXT ( 3 ) GLOBAL_UNCERTAINTY_ASSIGNED_CONTEXT ( ( #3601 ) ) GLOBAL_UNIT_ASSIGNED_CONTEXT ( ( #9512, #2021, #8010 ) ) REPRESENTATION_CONTEXT ( 'NONE', 'WORKASPACE' ) );
#2653 = DIRECTION ( 'NONE',  ( -0.0000000000000000000, -0.0000000000000000000, -1.000000000000000000 ) ) ;
#2654 = FACE_OUTER_BOUND ( 'NONE', #4709, .T. ) ;
#2655 = DIRECTION ( 'NONE',  ( -0.0000000000000000000, 0.0000000000000000000, 1.000000000000000000 ) ) ;
#2656 = CARTESIAN_POINT ( 'NONE',  ( 1.124999990389406800, 1.837530996695474700, 0.04999999999999999600 ) ) ;
#2657 = ORIENTED_EDGE ( 'NONE', *, *, #5496, .T. ) ;
#2658 = VERTEX_POINT ( 'NONE', #7373 ) ;
#2659 = LINE ( 'NONE', #9166, #897 ) ;
#2660 = ORIENTED_EDGE ( 'NONE', *, *, #1910, .F. ) ;
#2661 = EDGE_LOOP ( 'NONE', ( #4729, #4762, #4690, #1656 ) ) ;
#2662 = COLOUR_RGB ( '',1.000000000000000000, 1.000000000000000000, 1.000000000000000000 ) ;
#2663 = DIRECTION ( 'NONE',  ( 0.0000000000000000000, 1.000000000000000000, 0.0000000000000000000 ) ) ;
#2664 = LINE ( 'NONE', #5975, #7589 ) ;
#2665 = FACE_OUTER_BOUND ( 'NONE', #6541, .T. ) ;
#2666 = CARTESIAN_POINT ( 'NONE',  ( 1.200000000000000000, 0.5500000000000000400, 0.0000000000000000000 ) ) ;
#2667 = VERTEX_POINT ( 'NONE', #6574 ) ;
#2668 = DIRECTION ( 'NONE',  ( -0.0000000000000000000, -0.0000000000000000000, -1.000000000000000000 ) ) ;
#2669 = VERTEX_POINT ( 'NONE', #4391 ) ;
#2670 = ORIENTED_EDGE ( 'NONE', *, *, #7237, .T. ) ;
#2671 = CIRCLE ( 'NONE', #524, 0.04998625954667008900 ) ;
#2672 = EDGE_CURVE ( 'NONE', #8658, #2282, #9669, .T. ) ;
#2673 = VECTOR ( 'NONE', #7821, 1000.000000000000000 ) ;
#2674 = EDGE_LOOP ( 'NONE', ( #8235, #5492, #7528, #498, #9062, #5332 ) ) ;
#2675 = PLANE ( 'NONE',  #8792 ) ;
#2676 = DIRECTION ( 'NONE',  ( -0.0000000000000000000, -0.0000000000000000000, -1.000000000000000000 ) ) ;
#2677 = FACE_OUTER_BOUND ( 'NONE', #4569, .T. ) ;
#2678 = AXIS2_PLACEMENT_3D ( 'NONE', #7944, #3274, #4284 ) ;
#2679 = CARTESIAN_POINT ( 'NONE',  ( 1.508000000000000000, -1.875000000000000000, 0.2030000000000000100 ) ) ;
#2680 = CARTESIAN_POINT ( 'NONE',  ( -0.2750000000000000200, -1.700000000000000000, 0.04999999999999999600 ) ) ;
#2681 = ORIENTED_EDGE ( 'NONE', *, *, #2469, .F. ) ;
#2682 =( NAMED_UNIT ( * ) PLANE_ANGLE_UNIT ( ) SI_UNIT ( $, .RADIAN. ) );
#2683 = ORIENTED_EDGE ( 'NONE', *, *, #2290, .T. ) ;
#2684 = CYLINDRICAL_SURFACE ( 'NONE', #4430, 0.04999996264625471100 ) ;
#2685 = VECTOR ( 'NONE', #4824, 1000.000000000000000 ) ;
#2686 = VERTEX_POINT ( 'NONE', #8753 ) ;
#2687 = DIRECTION ( 'NONE',  ( 0.0000000000000000000, -1.000000000000000000, 0.0000000000000000000 ) ) ;
#2688 = VERTEX_POINT ( 'NONE', #8818 ) ;
#2689 = AXIS2_PLACEMENT_3D ( 'NONE', #7358, #9496, #2202 ) ;
#2690 = CARTESIAN_POINT ( 'NONE',  ( 0.8667128715228555900, 1.865000000000000200, 0.2030000000000000100 ) ) ;
#2691 = ORIENTED_EDGE ( 'NONE', *, *, #8490, .F. ) ;
#2692 = ADVANCED_FACE ( 'NONE', ( #1403 ), #433, .T. ) ;
#2693 = LINE ( 'NONE', #7310, #821 ) ;
#2694 = FACE_OUTER_BOUND ( 'NONE', #4749, .T. ) ;
#2695 = CIRCLE ( 'NONE', #6244, 0.05003631351710525300 ) ;
#2696 = DIRECTION ( 'NONE',  ( -1.000000000000000000, 0.0000000000000000000, 0.0000000000000000000 ) ) ;
#2697 = ORIENTED_EDGE ( 'NONE', *, *, #4340, .F. ) ;
#2698 = CARTESIAN_POINT ( 'NONE',  ( -0.1251000000000000200, 1.376700000000000000, 0.0000000000000000000 ) ) ;
#2699 = ORIENTED_EDGE ( 'NONE', *, *, #8288, .F. ) ;
#2700 = LINE ( 'NONE', #7515, #2014 ) ;
#2701 = LINE ( 'NONE', #3818, #1070 ) ;
#2702 = ORIENTED_EDGE ( 'NONE', *, *, #3248, .T. ) ;
#2703 = PRESENTATION_LAYER_ASSIGNMENT (  '', '', ( #2390 ) ) ;
#2704 = EDGE_CURVE ( 'NONE', #7334, #715, #2217, .T. ) ;
#2705 = EDGE_CURVE ( 'NONE', #6621, #3240, #5462, .T. ) ;
#2706 = CARTESIAN_POINT ( 'NONE',  ( -0.2596239155999999800, 0.1766074065000000100, 0.8008000000000000700 ) ) ;
#2707 = DIRECTION ( 'NONE',  ( -0.0000000000000000000, -0.0000000000000000000, -1.000000000000000000 ) ) ;
#2708 = DIRECTION ( 'NONE',  ( -0.0000000000000000000, -0.0000000000000000000, -1.000000000000000000 ) ) ;
#2709 = PLANE ( 'NONE',  #4593 ) ;
#2710 = LINE ( 'NONE', #2973, #9361 ) ;
#2711 = VERTEX_POINT ( 'NONE', #599 ) ;
#2712 = SURFACE_STYLE_USAGE ( .BOTH. , #1191 ) ;
#2713 = LINE ( 'NONE', #6908, #2485 ) ;
#2714 = STYLED_ITEM ( 'NONE', ( #7609 ), #8028 ) ;
#2715 = CARTESIAN_POINT ( 'NONE',  ( 0.8750000000000000000, 1.837499999999999900, 0.0000000000000000000 ) ) ;
#2716 = EDGE_CURVE ( 'NONE', #67, #5633, #5846, .T. ) ;
#2717 = ORIENTED_EDGE ( 'NONE', *, *, #1541, .T. ) ;
#2718 = EDGE_CURVE ( 'NONE', #8401, #3585, #3945, .T. ) ;
#2719 = VECTOR ( 'NONE', #6217, 1000.000000000000000 ) ;
#2720 = DIRECTION ( 'NONE',  ( -1.000000000000000000, 0.0000000000000000000, 0.0000000000000000000 ) ) ;
#2721 = ORIENTED_EDGE ( 'NONE', *, *, #5406, .F. ) ;
#2722 = DIRECTION ( 'NONE',  ( -0.0000000000000000000, -0.0000000000000000000, -1.000000000000000000 ) ) ;
#2723 = CARTESIAN_POINT ( 'NONE',  ( 0.8750000000000000000, 1.500000000000000000, 0.2030000000000000100 ) ) ;
#2724 = VECTOR ( 'NONE', #3320, 1000.000000000000000 ) ;
#2725 = CARTESIAN_POINT ( 'NONE',  ( -1.740000000000000000, -0.8417759339259178700, 0.2030000000000000100 ) ) ;
#2726 = ORIENTED_EDGE ( 'NONE', *, *, #8729, .T. ) ;
#2727 = DIRECTION ( 'NONE',  ( 1.000000000000000000, 0.0000000000000000000, 0.0000000000000000000 ) ) ;
#2728 = CARTESIAN_POINT ( 'NONE',  ( 1.740000000000000000, 1.066775933925917700, 0.2030000000000000100 ) ) ;
#2729 = SURFACE_STYLE_USAGE ( .BOTH. , #7208 ) ;
#2730 = ORIENTED_EDGE ( 'NONE', *, *, #8575, .T. ) ;
#2731 = EDGE_LOOP ( 'NONE', ( #2331, #4956, #3625, #2699, #15, #4934, #4688, #601 ) ) ;
#2732 = LINE ( 'NONE', #4953, #393 ) ;
#2733 = EDGE_CURVE ( 'NONE', #1954, #3767, #8047, .T. ) ;
#2734 = DIRECTION ( 'NONE',  ( -1.000000000000000000, 0.0000000000000000000, 0.0000000000000000000 ) ) ;
#2735 = AXIS2_PLACEMENT_3D ( 'NONE', #8834, #6724, #3697 ) ;
#2736 = PRESENTATION_LAYER_ASSIGNMENT (  '', '', ( #6743 ) ) ;
#2737 = CARTESIAN_POINT ( 'NONE',  ( -1.475013750063923100, -1.837530996695474700, 0.2030000000000000100 ) ) ;
#2738 = ADVANCED_FACE ( 'NONE', ( #8155 ), #9427, .T. ) ;
#2739 = EDGE_LOOP ( 'NONE', ( #1955, #9242, #51, #3083 ) ) ;
#2740 = CARTESIAN_POINT ( 'NONE',  ( 0.0000000000000000000, 0.8249999999999999600, 0.05000000000000000300 ) ) ;
#2741 = EDGE_LOOP ( 'NONE', ( #7293, #2483, #1928, #2086 ) ) ;
#2742 = VECTOR ( 'NONE', #6206, 1000.000000000000000 ) ;
#2743 = VECTOR ( 'NONE', #3246, 1000.000000000000000 ) ;
#2744 = DIRECTION ( 'NONE',  ( -0.0000000000000000000, 0.0000000000000000000, 1.000000000000000000 ) ) ;
#2745 =( NAMED_UNIT ( * ) SI_UNIT ( $, .STERADIAN. ) SOLID_ANGLE_UNIT ( ) );
#2746 = EDGE_CURVE ( 'NONE', #6754, #4130, #2569, .T. ) ;
#2747 = ORIENTED_EDGE ( 'NONE', *, *, #9318, .T. ) ;
#2748 =( NAMED_UNIT ( * ) SI_UNIT ( $, .STERADIAN. ) SOLID_ANGLE_UNIT ( ) );
#2749 = VERTEX_POINT ( 'NONE', #5776 ) ;
#2750 = VECTOR ( 'NONE', #9163, 1000.000000000000000 ) ;
#2751 = CARTESIAN_POINT ( 'NONE',  ( 1.175000000000000000, 1.325000000000000000, 0.2030000000000000100 ) ) ;
#2752 = DIRECTION ( 'NONE',  ( 1.000000000000000000, 0.0000000000000000000, 0.0000000000000000000 ) ) ;
#2753 = ORIENTED_EDGE ( 'NONE', *, *, #1425, .F. ) ;
#2754 = ORIENTED_EDGE ( 'NONE', *, *, #3717, .F. ) ;
#2755 = PRESENTATION_STYLE_ASSIGNMENT (( #3222 ) ) ;
#2756 = AXIS2_PLACEMENT_3D ( 'NONE', #6447, #435, #7312 ) ;
#2757 = DIRECTION ( 'NONE',  ( -0.0000000000000000000, -0.0000000000000000000, -1.000000000000000000 ) ) ;
#2758 = EDGE_CURVE ( 'NONE', #2821, #975, #566, .T. ) ;
#2759 = ORIENTED_EDGE ( 'NONE', *, *, #8547, .F. ) ;
#2760 = EDGE_LOOP ( 'NONE', ( #819, #593, #6719, #4140, #462, #6534, #1721, #8534, #2697, #4784, #8678, #7522, #4517, #4882, #5285, #2003, #3970, #3704, #1719, #1273, #3154, #2368, #6494, #5841, #7267, #6878, #2490, #7621 ) ) ;
#2761 = VERTEX_POINT ( 'NONE', #4424 ) ;
#2762 = CARTESIAN_POINT ( 'NONE',  ( 0.2554399259999999800, -0.1856274672000000100, 0.8008000000000000700 ) ) ;
#2763 = LINE ( 'NONE', #7029, #4406 ) ;
#2764 = VERTEX_POINT ( 'NONE', #3677 ) ;
#2765 = CARTESIAN_POINT ( 'NONE',  ( -0.3250000373537592600, 1.374999962646241000, 0.2030000000000000100 ) ) ;
#2766 = DIRECTION ( 'NONE',  ( 0.0000000000000000000, 1.000000000000000000, -0.0000000000000000000 ) ) ;
#2767 =( NAMED_UNIT ( * ) SI_UNIT ( $, .STERADIAN. ) SOLID_ANGLE_UNIT ( ) );
#2768 = AXIS2_PLACEMENT_3D ( 'NONE', #7770, #3294, #4928 ) ;
#2769 = ORIENTED_EDGE ( 'NONE', *, *, #1426, .T. ) ;
#2770 = DIRECTION ( 'NONE',  ( 0.0000000000000000000, -0.0000000000000000000, -1.000000000000000000 ) ) ;
#2771 = ORIENTED_EDGE ( 'NONE', *, *, #7478, .F. ) ;
#2772 = EDGE_CURVE ( 'NONE', #9172, #6186, #8380, .T. ) ;
#2773 = EDGE_CURVE ( 'NONE', #430, #6277, #1155, .T. ) ;
#2774 = CYLINDRICAL_SURFACE ( 'NONE', #8299, 0.04999996264625481600 ) ;
#2775 = VECTOR ( 'NONE', #1299, 1000.000000000000000 ) ;
#2776 = ORIENTED_EDGE ( 'NONE', *, *, #3477, .F. ) ;
#2777 = DIRECTION ( 'NONE',  ( 0.0000000000000000000, -0.0000000000000000000, 1.000000000000000000 ) ) ;
#2778 = DIRECTION ( 'NONE',  ( 1.000000000000000000, 0.0000000000000000000, 0.0000000000000000000 ) ) ;
#2779 = VECTOR ( 'NONE', #5073, 1000.000000000000000 ) ;
#2780 = ORIENTED_EDGE ( 'NONE', *, *, #7540, .F. ) ;
#2781 = DIRECTION ( 'NONE',  ( 1.000000000000000000, 0.0000000000000000000, 0.0000000000000000000 ) ) ;
#2782 = CARTESIAN_POINT ( 'NONE',  ( -1.750000000000000000, -0.8330999999999999500, 0.2030000000000000100 ) ) ;
#2783 = DIRECTION ( 'NONE',  ( -0.0000000000000000000, -0.0000000000000000000, -1.000000000000000000 ) ) ;
#2784 = LINE ( 'NONE', #2440, #1632 ) ;
#2785 = VECTOR ( 'NONE', #397, 1000.000000000000000 ) ;
#2786 = ADVANCED_FACE ( 'NONE', ( #7917 ), #13, .F. ) ;
#2787 = VECTOR ( 'NONE', #6603, 1000.000000000000000 ) ;
#2788 = CARTESIAN_POINT ( 'NONE',  ( -1.750000000000000000, 0.0000000000000000000, 0.2030000000000000100 ) ) ;
#2789 = EDGE_CURVE ( 'NONE', #5175, #3116, #9562, .T. ) ;
#2790 = AXIS2_PLACEMENT_3D ( 'NONE', #6730, #1586, #1617 ) ;
#2791 = EDGE_LOOP ( 'NONE', ( #8770, #2223, #4357, #4482, #9033, #8107, #1064, #692, #9139, #8134, #4526, #6822, #2422, #7333, #6748, #3953, #494, #2061, #8126, #9046, #1756, #8257, #774, #2592, #9307, #5914, #884, #4047 ) ) ;
#2792 = CYLINDRICAL_SURFACE ( 'NONE', #2254, 0.04998625954667031100 ) ;
#2793 =( NAMED_UNIT ( * ) SI_UNIT ( $, .STERADIAN. ) SOLID_ANGLE_UNIT ( ) );
#2794 = LINE ( 'NONE', #2295, #1291 ) ;
#2795 = CIRCLE ( 'NONE', #8059, 0.05003631351710512200 ) ;
#2796 = DIRECTION ( 'NONE',  ( 1.000000000000000000, 0.0000000000000000000, 0.0000000000000000000 ) ) ;
#2797 = EDGE_LOOP ( 'NONE', ( #7774, #8486, #6654, #1164 ) ) ;
#2798 = DIRECTION ( 'NONE',  ( 1.000000000000000000, 0.0000000000000000000, 0.0000000000000000000 ) ) ;
#2799 = CARTESIAN_POINT ( 'NONE',  ( -0.1250000000000000000, 1.837499999999999900, 0.04999999999999999600 ) ) ;
#2800 = ORIENTED_EDGE ( 'NONE', *, *, #4036, .F. ) ;
#2801 = EDGE_CURVE ( 'NONE', #5997, #8266, #1868, .T. ) ;
#2802 = FACE_OUTER_BOUND ( 'NONE', #3626, .T. ) ;
#2803 = DIRECTION ( 'NONE',  ( 0.0000000000000000000, 1.000000000000000000, 0.0000000000000000000 ) ) ;
#2804 = AXIS2_PLACEMENT_3D ( 'NONE', #287, #8553, #7127 ) ;
#2805 = DIRECTION ( 'NONE',  ( 1.000000000000000000, 0.0000000000000000000, 0.0000000000000000000 ) ) ;
#2806 = LINE ( 'NONE', #5571, #9687 ) ;
#2807 = PRESENTATION_STYLE_ASSIGNMENT (( #1550 ) ) ;
#2808 = UNCERTAINTY_MEASURE_WITH_UNIT (LENGTH_MEASURE( 1.000000000000000100E-005 ), #1560, 'distance_accuracy_value', 'NONE');
#2809 = ORIENTED_EDGE ( 'NONE', *, *, #5813, .F. ) ;
#2810 = CARTESIAN_POINT ( 'NONE',  ( 0.5500000000000000400, 0.0000000000000000000, 0.05000000000000000300 ) ) ;
#2811 = CARTESIAN_POINT ( 'NONE',  ( -1.384879297753362800, 1.546851659654180400, 0.7500000000000000000 ) ) ;
#2812 = ORIENTED_EDGE ( 'NONE', *, *, #9010, .T. ) ;
#2813 = SURFACE_STYLE_FILL_AREA ( #5082 ) ;
#2814 = DIRECTION ( 'NONE',  ( -1.000000000000000000, 0.0000000000000000000, 0.0000000000000000000 ) ) ;
#2815 = VERTEX_POINT ( 'NONE', #749 ) ;
#2816 = DIRECTION ( 'NONE',  ( 1.000000000000000000, 0.0000000000000000000, 0.0000000000000000000 ) ) ;
#2817 = CARTESIAN_POINT ( 'NONE',  ( -1.712530996695474900, -0.1000137500639230600, 0.04999999999999999600 ) ) ;
#2818 = AXIS2_PLACEMENT_3D ( 'NONE', #8805, #6560, #6667 ) ;
#2819 = DIRECTION ( 'NONE',  ( 1.000000000000000000, 0.0000000000000000000, 0.0000000000000000000 ) ) ;
#2820 = EDGE_CURVE ( 'NONE', #8960, #2122, #196, .T. ) ;
#2821 = VERTEX_POINT ( 'NONE', #1593 ) ;
#2822 = DIRECTION ( 'NONE',  ( 1.000000000000000000, 0.0000000000000000000, 0.0000000000000000000 ) ) ;
#2823 = CYLINDRICAL_SURFACE ( 'NONE', #5798, 0.05000568255617227100 ) ;
#2824 = LINE ( 'NONE', #6265, #9003 ) ;
#2825 = DIRECTION ( 'NONE',  ( 0.0000000000000000000, -1.000000000000000000, 0.0000000000000000000 ) ) ;
#2826 = ADVANCED_FACE ( 'NONE', ( #3628 ), #6030, .F. ) ;
#2827 = DIRECTION ( 'NONE',  ( -1.000000000000000000, 0.0000000000000000000, 0.0000000000000000000 ) ) ;
#2828 = DIRECTION ( 'NONE',  ( 1.000000000000000000, 0.0000000000000000000, 0.0000000000000000000 ) ) ;
#2829 = DIRECTION ( 'NONE',  ( 0.0000000000000000000, -0.0000000000000000000, 1.000000000000000000 ) ) ;
#2830 = EDGE_LOOP ( 'NONE', ( #2176, #1350, #9539, #3796 ) ) ;
#2831 = AXIS2_PLACEMENT_3D ( 'NONE', #8260, #3891, #3804 ) ;
#2832 = VECTOR ( 'NONE', #9031, 1000.000000000000000 ) ;
#2833 = EDGE_LOOP ( 'NONE', ( #2428, #9191, #7612, #1459 ) ) ;
#2834 = EDGE_CURVE ( 'NONE', #4971, #2000, #1980, .T. ) ;
#2835 = ORIENTED_EDGE ( 'NONE', *, *, #8842, .T. ) ;
#2836 = VERTEX_POINT ( 'NONE', #4551 ) ;
#2837 = EDGE_CURVE ( 'NONE', #1112, #6232, #2664, .T. ) ;
#2838 = LINE ( 'NONE', #7638, #4006 ) ;
#2839 = ADVANCED_FACE ( 'NONE', ( #2324 ), #4520, .F. ) ;
#2840 = CARTESIAN_POINT ( 'NONE',  ( -1.125000000000000200, 1.500000000000000000, 0.0000000000000000000 ) ) ;
#2841 = CARTESIAN_POINT ( 'NONE',  ( -1.712530996695474500, -1.500013750063923200, 0.04999999999999999600 ) ) ;
#2842 = DIRECTION ( 'NONE',  ( -0.0000000000000000000, -0.0000000000000000000, -1.000000000000000000 ) ) ;
#2843 = CARTESIAN_POINT ( 'NONE',  ( 0.1749999626462408200, 1.374999962646241000, 0.0000000000000000000 ) ) ;
#2844 = DIRECTION ( 'NONE',  ( 0.4832076434891656700, -0.8755057814050387600, 0.0000000000000000000 ) ) ;
#2845 = ORIENTED_EDGE ( 'NONE', *, *, #6038, .T. ) ;
#2846 = ORIENTED_EDGE ( 'NONE', *, *, #3487, .T. ) ;
#2847 = ORIENTED_EDGE ( 'NONE', *, *, #7469, .F. ) ;
#2848 = ORIENTED_EDGE ( 'NONE', *, *, #2601, .F. ) ;
#2849 = CARTESIAN_POINT ( 'NONE',  ( 0.3579999999999999800, 1.875000000000000000, 0.2030000000000000100 ) ) ;
#2850 = ORIENTED_EDGE ( 'NONE', *, *, #8832, .F. ) ;
#2851 = FACE_OUTER_BOUND ( 'NONE', #2760, .T. ) ;
#2852 = DIRECTION ( 'NONE',  ( -1.000000000000000000, 0.0000000000000000000, 0.0000000000000000000 ) ) ;
#2853 = APPLICATION_CONTEXT ( 'automotive_design' ) ;
#2854 = EDGE_CURVE ( 'NONE', #6841, #9514, #5594, .T. ) ;
#2855 = DIRECTION ( 'NONE',  ( -1.000000000000000000, 0.0000000000000000000, 0.0000000000000000000 ) ) ;
#2856 = ORIENTED_EDGE ( 'NONE', *, *, #6366, .F. ) ;
#2857 = CARTESIAN_POINT ( 'NONE',  ( 1.712530996695474700, -1.399986249936077100, 0.0000000000000000000 ) ) ;
#2858 = ORIENTED_EDGE ( 'NONE', *, *, #9331, .T. ) ;
#2859 = VECTOR ( 'NONE', #1214, 1000.000000000000000 ) ;
#2860 = DIRECTION ( 'NONE',  ( 0.0000000000000000000, -0.0000000000000000000, 1.000000000000000000 ) ) ;
#2861 = ORIENTED_EDGE ( 'NONE', *, *, #926, .T. ) ;
#2862 = ORIENTED_EDGE ( 'NONE', *, *, #9254, .F. ) ;
#2863 = DIRECTION ( 'NONE',  ( 1.000000000000000000, 0.0000000000000000000, 0.0000000000000000000 ) ) ;
#2864 = EDGE_CURVE ( 'NONE', #9311, #6634, #1265, .T. ) ;
#2865 = CARTESIAN_POINT ( 'NONE',  ( 0.1249999903894066200, 1.837530996695474500, 0.2030000000000000100 ) ) ;
#2866 = AXIS2_PLACEMENT_3D ( 'NONE', #6294, #4727, #4005 ) ;
#2867 = ORIENTED_EDGE ( 'NONE', *, *, #3179, .F. ) ;
#2868 = LINE ( 'NONE', #2006, #7075 ) ;
#2869 = PLANE ( 'NONE',  #3905 ) ;
#2870 = CARTESIAN_POINT ( 'NONE',  ( 0.0000000000000000000, -1.550000000000000300, 0.2030000000000000100 ) ) ;
#2871 = CARTESIAN_POINT ( 'NONE',  ( 1.712530996695474700, 1.375006392306896800E-005, 0.04999999999999999600 ) ) ;
#2872 = ORIENTED_EDGE ( 'NONE', *, *, #2560, .T. ) ;
#2873 = ORIENTED_EDGE ( 'NONE', *, *, #4224, .F. ) ;
#2874 = VERTEX_POINT ( 'NONE', #6954 ) ;
#2875 = CARTESIAN_POINT ( 'NONE',  ( 0.0000000000000000000, 1.875000000000000000, 0.2030000000000000100 ) ) ;
#2876 = FACE_OUTER_BOUND ( 'NONE', #7964, .T. ) ;
#2877 = DIRECTION ( 'NONE',  ( -0.0000000000000000000, 0.0000000000000000000, 1.000000000000000000 ) ) ;
#2878 = EDGE_CURVE ( 'NONE', #9009, #2686, #2659, .T. ) ;
#2879 =( GEOMETRIC_REPRESENTATION_CONTEXT ( 3 ) GLOBAL_UNCERTAINTY_ASSIGNED_CONTEXT ( ( #648 ) ) GLOBAL_UNIT_ASSIGNED_CONTEXT ( ( #3164, #209, #3975 ) ) REPRESENTATION_CONTEXT ( 'NONE', 'WORKASPACE' ) );
#2880 = CARTESIAN_POINT ( 'NONE',  ( 0.5999999626462408900, -1.500000037353759200, 0.04999999999999999600 ) ) ;
#2881 = EDGE_LOOP ( 'NONE', ( #8610, #7390, #5033, #5902 ) ) ;
#2882 = EDGE_LOOP ( 'NONE', ( #8267, #4589, #6268, #1559 ) ) ;
#2883 = CARTESIAN_POINT ( 'NONE',  ( -0.0000000000000000000, -1.000000000000000000, 0.0000000000000000000 ) ) ;
#2884 = ADVANCED_FACE ( 'NONE', ( #8037 ), #4537, .T. ) ;
#2885 = DIRECTION ( 'NONE',  ( 0.0000000000000000000, -0.0000000000000000000, -1.000000000000000000 ) ) ;
#2886 = DIRECTION ( 'NONE',  ( 0.0000000000000000000, -0.0000000000000000000, 1.000000000000000000 ) ) ;
#2887 = VECTOR ( 'NONE', #3481, 1000.000000000000000 ) ;
#2888 = CARTESIAN_POINT ( 'NONE',  ( 1.750000000000000000, 0.0000000000000000000, 0.2030000000000000100 ) ) ;
#2889 = ADVANCED_FACE ( 'NONE', ( #3829 ), #7593, .T. ) ;
#2890 = CARTESIAN_POINT ( 'NONE',  ( -0.5999999999999999800, 0.05000000000000000300, 0.04999999999999999600 ) ) ;
#2891 = ORIENTED_EDGE ( 'NONE', *, *, #8791, .F. ) ;
#2892 = CARTESIAN_POINT ( 'NONE',  ( 0.4066519701324284900, 4.980050335896436600E-017, 0.8008000000000000700 ) ) ;
#2893 = ORIENTED_EDGE ( 'NONE', *, *, #6768, .T. ) ;
#2894 = VECTOR ( 'NONE', #8292, 1000.000000000000000 ) ;
#2895 = EDGE_CURVE ( 'NONE', #8744, #2749, #6059, .T. ) ;
#2896 = DIRECTION ( 'NONE',  ( -1.000000000000000000, 0.0000000000000000000, 0.0000000000000000000 ) ) ;
#2897 = VECTOR ( 'NONE', #7470, 1000.000000000000000 ) ;
#2898 = EDGE_CURVE ( 'NONE', #2046, #2071, #5343, .T. ) ;
#2899 = CARTESIAN_POINT ( 'NONE',  ( 0.0000000000000000000, -0.1499999999999999900, 0.0000000000000000000 ) ) ;
#2900 = DIRECTION ( 'NONE',  ( 0.0000000000000000000, 0.0000000000000000000, 1.000000000000000000 ) ) ;
#2901 = VERTEX_POINT ( 'NONE', #1654 ) ;
#2902 = EDGE_LOOP ( 'NONE', ( #1000, #5273, #267, #2622 ) ) ;
#2903 = LINE ( 'NONE', #9201, #922 ) ;
#2904 = VECTOR ( 'NONE', #3521, 1000.000000000000000 ) ;
#2905 = VECTOR ( 'NONE', #8533, 1000.000000000000000 ) ;
#2906 = ORIENTED_EDGE ( 'NONE', *, *, #6966, .F. ) ;
#2907 = DIRECTION ( 'NONE',  ( 1.000000000000000000, 0.0000000000000000000, 0.0000000000000000000 ) ) ;
#2908 = AXIS2_PLACEMENT_3D ( 'NONE', #3941, #2381, #3881 ) ;
#2909 = EDGE_CURVE ( 'NONE', #9112, #1071, #668, .T. ) ;
#2910 = EDGE_CURVE ( 'NONE', #7532, #2658, #1857, .T. ) ;
#2911 = CARTESIAN_POINT ( 'NONE',  ( -0.5999999626462407800, -1.399999962646240700, 0.0000000000000000000 ) ) ;
#2912 = ORIENTED_EDGE ( 'NONE', *, *, #3598, .F. ) ;
#2913 = LINE ( 'NONE', #2811, #7600 ) ;
#2914 = CARTESIAN_POINT ( 'NONE',  ( 0.1419000000000000000, 1.875000000000000000, 0.2030000000000000100 ) ) ;
#2915 = LINE ( 'NONE', #6353, #1275 ) ;
#2916 = VERTEX_POINT ( 'NONE', #4613 ) ;
#2917 = PRESENTATION_STYLE_ASSIGNMENT (( #489 ) ) ;
#2918 = DIRECTION ( 'NONE',  ( 1.000000000000000000, 0.0000000000000000000, 0.0000000000000000000 ) ) ;
#2919 = DIRECTION ( 'NONE',  ( 0.0000000000000000000, -1.000000000000000000, 0.0000000000000000000 ) ) ;
#2920 = LINE ( 'NONE', #8348, #7371 ) ;
#2921 = DIRECTION ( 'NONE',  ( -1.000000000000000000, 0.0000000000000000000, 0.0000000000000000000 ) ) ;
#2922 = ORIENTED_EDGE ( 'NONE', *, *, #1674, .F. ) ;
#2923 = VERTEX_POINT ( 'NONE', #8319 ) ;
#2924 = VECTOR ( 'NONE', #8772, 1000.000000000000000 ) ;
#2925 = DIRECTION ( 'NONE',  ( 1.000000000000000000, 0.0000000000000000000, 0.0000000000000000000 ) ) ;
#2926 = EDGE_CURVE ( 'NONE', #9647, #5468, #5001, .T. ) ;
#2927 = EDGE_LOOP ( 'NONE', ( #4647, #4322, #9320, #570, #4904, #1774 ) ) ;
#2928 = AXIS2_PLACEMENT_3D ( 'NONE', #9563, #2264, #8867 ) ;
#2929 = ORIENTED_EDGE ( 'NONE', *, *, #1012, .T. ) ;
#2930 = DIRECTION ( 'NONE',  ( -0.0000000000000000000, 0.0000000000000000000, 1.000000000000000000 ) ) ;
#2931 = VECTOR ( 'NONE', #5488, 1000.000000000000000 ) ;
#2932 = LINE ( 'NONE', #2628, #8182 ) ;
#2933 = VERTEX_POINT ( 'NONE', #5327 ) ;
#2934 = CARTESIAN_POINT ( 'NONE',  ( 1.750000000000000000, 0.03309999999999999700, 0.0000000000000000000 ) ) ;
#2935 = EDGE_CURVE ( 'NONE', #6868, #984, #6394, .T. ) ;
#2936 = ADVANCED_FACE ( 'NONE', ( #3013 ), #2774, .T. ) ;
#2937 = DIRECTION ( 'NONE',  ( -1.000000000000000000, 0.0000000000000000000, 0.0000000000000000000 ) ) ;
#2938 = CARTESIAN_POINT ( 'NONE',  ( 1.141899999999999900, -1.875000000000000000, 0.2030000000000000100 ) ) ;
#2939 = DIRECTION ( 'NONE',  ( -1.000000000000000000, 0.0000000000000000000, 0.0000000000000000000 ) ) ;
#2940 = ORIENTED_EDGE ( 'NONE', *, *, #4475, .F. ) ;
#2941 = LINE ( 'NONE', #7738, #8418 ) ;
#2942 = PRODUCT_RELATED_PRODUCT_CATEGORY ( 'part', '', ( #7848 ) ) ;
#2943 = DIRECTION ( 'NONE',  ( -0.9996078894785148700, -0.02800120162259612000, 0.0000000000000000000 ) ) ;
#2944 = FACE_OUTER_BOUND ( 'NONE', #8103, .T. ) ;
#2945 = ORIENTED_EDGE ( 'NONE', *, *, #1921, .T. ) ;
#2946 = DIRECTION ( 'NONE',  ( 1.000000000000000000, 0.0000000000000000000, 0.0000000000000000000 ) ) ;
#2947 = CARTESIAN_POINT ( 'NONE',  ( 0.2750000000000000200, -1.000000000000000000, 0.04999999999999999600 ) ) ;
#2948 = DIRECTION ( 'NONE',  ( -1.000000000000000000, 0.0000000000000000000, 0.0000000000000000000 ) ) ;
#2949 = ORIENTED_EDGE ( 'NONE', *, *, #6927, .F. ) ;
#2950 = VECTOR ( 'NONE', #7095, 1000.000000000000000 ) ;
#2951 = CARTESIAN_POINT ( 'NONE',  ( -1.740000000000000000, 1.865000000000000200, 0.05000000000000000300 ) ) ;
#2952 = ORIENTED_EDGE ( 'NONE', *, *, #7689, .T. ) ;
#2953 = FILL_AREA_STYLE_COLOUR ( '', #4547 ) ;
#2954 = PRESENTATION_LAYER_ASSIGNMENT (  '', '', ( #251 ) ) ;
#2955 = PLANE ( 'NONE',  #1661 ) ;
#2956 = EDGE_CURVE ( 'NONE', #3684, #5981, #4768, .T. ) ;
#2957 = DIRECTION ( 'NONE',  ( -0.0000000000000000000, 0.0000000000000000000, 1.000000000000000000 ) ) ;
#2958 = ORIENTED_EDGE ( 'NONE', *, *, #1610, .T. ) ;
#2959 = ORIENTED_EDGE ( 'NONE', *, *, #4557, .F. ) ;
#2960 = VERTEX_POINT ( 'NONE', #6919 ) ;
#2961 = VECTOR ( 'NONE', #8925, 1000.000000000000000 ) ;
#2962 = CARTESIAN_POINT ( 'NONE',  ( 0.5999999626462408900, -1.500000037353759200, 0.2030000000000000100 ) ) ;
#2963 = DIRECTION ( 'NONE',  ( 0.0000000000000000000, 0.0000000000000000000, 1.000000000000000000 ) ) ;
#2964 = DIRECTION ( 'NONE',  ( -0.0000000000000000000, 0.0000000000000000000, -1.000000000000000000 ) ) ;
#2965 = EDGE_CURVE ( 'NONE', #5882, #4996, #1018, .T. ) ;
#2966 = ORIENTED_EDGE ( 'NONE', *, *, #1729, .T. ) ;
#2967 = EDGE_CURVE ( 'NONE', #5926, #8982, #1143, .T. ) ;
#2968 = VECTOR ( 'NONE', #6737, 1000.000000000000000 ) ;
#2969 = ORIENTED_EDGE ( 'NONE', *, *, #8274, .F. ) ;
#2970 = DIRECTION ( 'NONE',  ( -0.0000000000000000000, -0.0000000000000000000, -1.000000000000000000 ) ) ;
#2971 = DIRECTION ( 'NONE',  ( 1.000000000000000000, 0.0000000000000000000, 0.0000000000000000000 ) ) ;
#2972 = CIRCLE ( 'NONE', #6461, 0.05003631351710512200 ) ;
#2973 = CARTESIAN_POINT ( 'NONE',  ( -1.712500000000000100, 0.8249999999999999600, 0.2030000000000000100 ) ) ;
#2974 = ORIENTED_EDGE ( 'NONE', *, *, #2052, .T. ) ;
#2975 = DIRECTION ( 'NONE',  ( 1.000000000000000000, 0.0000000000000000000, 0.0000000000000000000 ) ) ;
#2976 = ORIENTED_EDGE ( 'NONE', *, *, #4324, .F. ) ;
#2977 = LINE ( 'NONE', #2382, #1943 ) ;
#2978 = EDGE_CURVE ( 'NONE', #1631, #452, #8724, .T. ) ;
#2979 = LINE ( 'NONE', #9474, #2400 ) ;
#2980 = FILL_AREA_STYLE ('',( #780 ) ) ;
#2981 = AXIS2_PLACEMENT_3D ( 'NONE', #8191, #4576, #4508 ) ;
#2982 = STYLED_ITEM ( 'NONE', ( #9073 ), #8262 ) ;
#2983 = SURFACE_STYLE_USAGE ( .BOTH. , #7463 ) ;
#2984 = ADVANCED_FACE ( 'NONE', ( #9551 ), #6512, .T. ) ;
#2985 = ORIENTED_EDGE ( 'NONE', *, *, #6615, .T. ) ;
#2986 = CARTESIAN_POINT ( 'NONE',  ( 0.1250000000000000000, 1.375000000000000000, 0.04999999999999999600 ) ) ;
#2987 = DIRECTION ( 'NONE',  ( 0.0000000000000000000, -0.0000000000000000000, 1.000000000000000000 ) ) ;
#2988 = COLOUR_RGB ( '',0.2509803921568627400, 0.2509803921568627400, 0.2509803921568627400 ) ;
#2989 = EDGE_CURVE ( 'NONE', #6942, #8500, #3126, .T. ) ;
#2990 = EDGE_CURVE ( 'NONE', #1694, #7486, #1625, .T. ) ;
#2991 = VERTEX_POINT ( 'NONE', #9130 ) ;
#2992 =( GEOMETRIC_REPRESENTATION_CONTEXT ( 3 ) GLOBAL_UNCERTAINTY_ASSIGNED_CONTEXT ( ( #218 ) ) GLOBAL_UNIT_ASSIGNED_CONTEXT ( ( #2215, #5294, #8916 ) ) REPRESENTATION_CONTEXT ( 'NONE', 'WORKASPACE' ) );
#2993 = CARTESIAN_POINT ( 'NONE',  ( 1.712530996695474700, 1.025013750063923100, 0.2030000000000000100 ) ) ;
#2994 = ORIENTED_EDGE ( 'NONE', *, *, #4442, .T. ) ;
#2995 = ADVANCED_FACE ( 'NONE', ( #8603 ), #9066, .T. ) ;
#2996 = ORIENTED_EDGE ( 'NONE', *, *, #2978, .F. ) ;
#2997 = DIRECTION ( 'NONE',  ( 0.0000000000000000000, 1.000000000000000000, -0.0000000000000000000 ) ) ;
#2998 = CIRCLE ( 'NONE', #3066, 0.04998625954667031100 ) ;
#2999 = CARTESIAN_POINT ( 'NONE',  ( 1.740000000000000000, 1.616775933925918000, 0.2030000000000000100 ) ) ;
#3000 = DIRECTION ( 'NONE',  ( -1.000000000000000000, 0.0000000000000000000, 0.0000000000000000000 ) ) ;
#3001 = DIRECTION ( 'NONE',  ( -0.0000000000000000000, 0.0000000000000000000, -1.000000000000000000 ) ) ;
#3002 = ORIENTED_EDGE ( 'NONE', *, *, #825, .F. ) ;
#3003 = SURFACE_SIDE_STYLE ('',( #1676 ) ) ;
#3004 = VERTEX_POINT ( 'NONE', #1045 ) ;
#3005 = DIRECTION ( 'NONE',  ( -0.0000000000000000000, -0.0000000000000000000, -1.000000000000000000 ) ) ;
#3006 = LINE ( 'NONE', #8609, #2425 ) ;
#3007 = ORIENTED_EDGE ( 'NONE', *, *, #2560, .F. ) ;
#3008 = VERTEX_POINT ( 'NONE', #8518 ) ;
#3009 = ORIENTED_EDGE ( 'NONE', *, *, #6182, .F. ) ;
#3010 =( LENGTH_UNIT ( ) NAMED_UNIT ( * ) SI_UNIT ( .MILLI., .METRE. ) );
#3011 = SURFACE_SIDE_STYLE ('',( #3892 ) ) ;
#3012 = VECTOR ( 'NONE', #3548, 1000.000000000000000 ) ;
#3013 = FACE_OUTER_BOUND ( 'NONE', #8521, .T. ) ;
#3014 = VECTOR ( 'NONE', #8110, 1000.000000000000000 ) ;
#3015 = CARTESIAN_POINT ( 'NONE',  ( 0.6249999903894066800, 1.837530996695474500, 0.2030000000000000100 ) ) ;
#3016 = CARTESIAN_POINT ( 'NONE',  ( 1.750000000000000000, 0.0000000000000000000, 0.2030000000000000100 ) ) ;
#3017 = LINE ( 'NONE', #7330, #560 ) ;
#3018 = AXIS2_PLACEMENT_3D ( 'NONE', #718, #6642, #9610 ) ;
#3019 = EDGE_LOOP ( 'NONE', ( #684, #4930, #315, #9477, #4014, #4821 ) ) ;
#3020 = EDGE_CURVE ( 'NONE', #2366, #5856, #4418, .T. ) ;
#3021 = EDGE_CURVE ( 'NONE', #7594, #2206, #7103, .T. ) ;
#3022 = VECTOR ( 'NONE', #2059, 1000.000000000000000 ) ;
#3023 = FACE_OUTER_BOUND ( 'NONE', #9366, .T. ) ;
#3024 = CARTESIAN_POINT ( 'NONE',  ( -0.2000000000000000100, -0.5000000000000000000, 0.0000000000000000000 ) ) ;
#3025 = VECTOR ( 'NONE', #8434, 1000.000000000000000 ) ;
#3026 = CARTESIAN_POINT ( 'NONE',  ( 0.2750000000000000200, -1.000000000000000000, 0.2030000000000000100 ) ) ;
#3027 = CARTESIAN_POINT ( 'NONE',  ( -1.750000000000000000, 0.5581000000000000400, 0.0000000000000000000 ) ) ;
#3028 = ORIENTED_EDGE ( 'NONE', *, *, #2909, .F. ) ;
#3029 = ORIENTED_EDGE ( 'NONE', *, *, #4892, .F. ) ;
#3030 = ADVANCED_FACE ( 'NONE', ( #2556 ), #4837, .T. ) ;
#3031 = CYLINDRICAL_SURFACE ( 'NONE', #4236, 0.04998625954667031100 ) ;
#3032 = CARTESIAN_POINT ( 'NONE',  ( -0.1419999999999999900, 1.875000000000000000, 0.2030000000000000100 ) ) ;
#3033 = CYLINDRICAL_SURFACE ( 'NONE', #2790, 0.04998625954667031100 ) ;
#3034 = DIRECTION ( 'NONE',  ( -0.0000000000000000000, -0.0000000000000000000, -1.000000000000000000 ) ) ;
#3035 = VECTOR ( 'NONE', #1102, 1000.000000000000000 ) ;
#3036 = EDGE_LOOP ( 'NONE', ( #2540, #2369, #7541, #7545 ) ) ;
#3037 = AXIS2_PLACEMENT_3D ( 'NONE', #4628, #896, #3063 ) ;
#3038 = DIRECTION ( 'NONE',  ( 0.0000000000000000000, 1.000000000000000000, 0.0000000000000000000 ) ) ;
#3039 = EDGE_CURVE ( 'NONE', #6095, #1054, #8494, .T. ) ;
#3040 = EDGE_CURVE ( 'NONE', #7461, #1616, #6638, .T. ) ;
#3041 = ORIENTED_EDGE ( 'NONE', *, *, #3550, .F. ) ;
#3042 = UNCERTAINTY_MEASURE_WITH_UNIT (LENGTH_MEASURE( 1.000000000000000100E-005 ), #7143, 'distance_accuracy_value', 'NONE');
#3043 = DIRECTION ( 'NONE',  ( -0.0000000000000000000, 0.0000000000000000000, -1.000000000000000000 ) ) ;
#3044 = VECTOR ( 'NONE', #6559, 1000.000000000000000 ) ;
#3045 = CIRCLE ( 'NONE', #6048, 0.04998625954667008900 ) ;
#3046 = VECTOR ( 'NONE', #8538, 1000.000000000000000 ) ;
#3047 = ADVANCED_FACE ( 'NONE', ( #555 ), #6372, .F. ) ;
#3048 = ORIENTED_EDGE ( 'NONE', *, *, #3716, .T. ) ;
#3049 =( NAMED_UNIT ( * ) SI_UNIT ( $, .STERADIAN. ) SOLID_ANGLE_UNIT ( ) );
#3050 = CARTESIAN_POINT ( 'NONE',  ( -1.740000000000000000, 1.865000000000000200, 0.05000000000000000300 ) ) ;
#3051 = DIRECTION ( 'NONE',  ( 1.000000000000000000, 0.0000000000000000000, 0.0000000000000000000 ) ) ;
#3052 = VERTEX_POINT ( 'NONE', #4743 ) ;
#3053 = EDGE_CURVE ( 'NONE', #665, #8408, #6287, .T. ) ;
#3054 = EDGE_CURVE ( 'NONE', #5997, #3072, #6852, .T. ) ;
#3055 = VECTOR ( 'NONE', #6235, 1000.000000000000000 ) ;
#3056 = PRESENTATION_LAYER_ASSIGNMENT (  '', '', ( #6368 ) ) ;
#3057 = ORIENTED_EDGE ( 'NONE', *, *, #5279, .T. ) ;
#3058 = AXIS2_PLACEMENT_3D ( 'NONE', #6220, #3955, #7690 ) ;
#3059 = DIRECTION ( 'NONE',  ( 1.000000000000000000, 0.0000000000000000000, 0.0000000000000000000 ) ) ;
#3060 = DIRECTION ( 'NONE',  ( -0.0000000000000000000, 0.0000000000000000000, 1.000000000000000000 ) ) ;
#3061 = ORIENTED_EDGE ( 'NONE', *, *, #8641, .T. ) ;
#3062 = FILL_AREA_STYLE ('',( #7416 ) ) ;
#3063 = DIRECTION ( 'NONE',  ( 1.000000000000000000, 0.0000000000000000000, 0.0000000000000000000 ) ) ;
#3064 = LINE ( 'NONE', #2951, #7513 ) ;
#3065 = EDGE_CURVE ( 'NONE', #5132, #4241, #4298, .T. ) ;
#3066 = AXIS2_PLACEMENT_3D ( 'NONE', #1612, #3068, #62 ) ;
#3067 = CARTESIAN_POINT ( 'NONE',  ( 0.0000000000000000000, 0.0000000000000000000, 0.8008000000000000700 ) ) ;
#3068 = DIRECTION ( 'NONE',  ( -0.0000000000000000000, 0.0000000000000000000, 1.000000000000000000 ) ) ;
#3069 = CARTESIAN_POINT ( 'NONE',  ( -1.740000000000000000, 1.865000000000000200, 0.2029999999999999600 ) ) ;
#3070 = ORIENTED_EDGE ( 'NONE', *, *, #6600, .T. ) ;
#3071 = LINE ( 'NONE', #9101, #3777 ) ;
#3072 = VERTEX_POINT ( 'NONE', #2626 ) ;
#3073 = EDGE_LOOP ( 'NONE', ( #840, #3746, #4507, #3925 ) ) ;
#3074 = VECTOR ( 'NONE', #7104, 1000.000000000000000 ) ;
#3075 = DIRECTION ( 'NONE',  ( 1.000000000000000000, 0.0000000000000000000, 0.0000000000000000000 ) ) ;
#3076 = ORIENTED_EDGE ( 'NONE', *, *, #1852, .F. ) ;
#3077 = AXIS2_PLACEMENT_3D ( 'NONE', #8332, #3088, #5371 ) ;
#3078 = DIRECTION ( 'NONE',  ( 0.0000000000000000000, -1.000000000000000000, 0.0000000000000000000 ) ) ;
#3079 = LINE ( 'NONE', #1532, #377 ) ;
#3080 = ADVANCED_FACE ( 'NONE', ( #7345 ), #9292, .F. ) ;
#3081 = ORIENTED_EDGE ( 'NONE', *, *, #7409, .F. ) ;
#3082 = EDGE_CURVE ( 'NONE', #3224, #7519, #548, .T. ) ;
#3083 = ORIENTED_EDGE ( 'NONE', *, *, #2989, .F. ) ;
#3084 = LINE ( 'NONE', #5120, #6811 ) ;
#3085 = DIRECTION ( 'NONE',  ( -0.0000000000000000000, 0.0000000000000000000, -1.000000000000000000 ) ) ;
#3086 = VECTOR ( 'NONE', #9341, 1000.000000000000000 ) ;
#3087 = ORIENTED_EDGE ( 'NONE', *, *, #8154, .T. ) ;
#3088 = DIRECTION ( 'NONE',  ( -0.0000000000000000000, 0.0000000000000000000, 1.000000000000000000 ) ) ;
#3089 = ORIENTED_EDGE ( 'NONE', *, *, #3894, .F. ) ;
#3090 = ADVANCED_FACE ( 'NONE', ( #5585 ), #3509, .T. ) ;
#3091 = LINE ( 'NONE', #7684, #4261 ) ;
#3092 = DIRECTION ( 'NONE',  ( -0.0000000000000000000, -0.0000000000000000000, -1.000000000000000000 ) ) ;
#3093 = EDGE_CURVE ( 'NONE', #6310, #1739, #4056, .T. ) ;
#3094 = EDGE_CURVE ( 'NONE', #1897, #7051, #3606, .T. ) ;
#3095 = DIRECTION ( 'NONE',  ( -0.0000000000000000000, 0.0000000000000000000, -1.000000000000000000 ) ) ;
#3096 = CARTESIAN_POINT ( 'NONE',  ( -0.5500000000000000400, 0.0000000000000000000, 0.2030000000000000100 ) ) ;
#3097 = ORIENTED_EDGE ( 'NONE', *, *, #3897, .F. ) ;
#3098 = CARTESIAN_POINT ( 'NONE',  ( 1.712530996695474700, -0.8000137500639229500, 0.0000000000000000000 ) ) ;
#3099 = EDGE_LOOP ( 'NONE', ( #6674, #1620, #3308, #5419, #2133, #7711, #5153, #6177, #3181, #3029, #4264, #5391, #2730, #205, #8005, #4420, #776, #11, #7716, #5200, #5086, #7221, #2929, #6849, #4003, #3450, #2717, #2974, #2528, #3926, #1255, #1828, #8830, #5709, #8393, #7756, #1894, #7071, #8968, #7052, #5174, #4513, #6025, #8471, #7161, #3321, #4331, #6643, #3638, #6021, #5219, #6325, #2024, #885, #1328, #4657, #5604, #1975, #7572, #9444, #2861, #6661, #1740, #1639, #1613, #2598, #2633, #8244, #1353, #2466, #7980, #5105, #4256, #5470, #5716, #5367, #2045, #3705, #5106, #1753, #6331, #1331, #2538, #5550, #8783, #2567, #7826, #1677, #3324, #6555, #873, #5028, #7781, #289, #1645, #440, #2958, #9658, #5518, #7534, #3245, #7849, #3920, #679, #3087, #7623, #4832, #2643, #5525, #1484, #8728, #4716, #6169, #6932, #9618, #536, #136, #3105, #8872, #9350, #3524, #6443, #7258, #2412, #5234, #8843, #2952, #4091, #4598, #7084, #3354, #4427, #7969, #5806, #6922, #7961, #2641, #4367, #2966, #3787, #3740, #9050, #6723, #1863, #325, #4293, #3283, #4619, #6157, #814, #2580, #2846, #9554, #2726, #8602, #6950, #1037, #745, #8492, #8289, #1030, #7153, #2376, #3434, #5410, #1042, #5945, #4141 ) ) ;
#3100 = DIRECTION ( 'NONE',  ( -0.0000000000000000000, -0.0000000000000000000, -1.000000000000000000 ) ) ;
#3101 = ORIENTED_EDGE ( 'NONE', *, *, #2338, .F. ) ;
#3102 = FACE_OUTER_BOUND ( 'NONE', #5088, .T. ) ;
#3103 = DIRECTION ( 'NONE',  ( 0.0000000000000000000, -1.000000000000000000, 0.0000000000000000000 ) ) ;
#3104 = VECTOR ( 'NONE', #1256, 1000.000000000000000 ) ;
#3105 = ORIENTED_EDGE ( 'NONE', *, *, #5577, .T. ) ;
#3106 = UNCERTAINTY_MEASURE_WITH_UNIT (LENGTH_MEASURE( 1.000000000000000100E-005 ), #339, 'distance_accuracy_value', 'NONE');
#3107 = ORIENTED_EDGE ( 'NONE', *, *, #4279, .F. ) ;
#3108 = EDGE_CURVE ( 'NONE', #8755, #2620, #8145, .T. ) ;
#3109 = DIRECTION ( 'NONE',  ( 0.0000000000000000000, -0.0000000000000000000, 1.000000000000000000 ) ) ;
#3110 =( GEOMETRIC_REPRESENTATION_CONTEXT ( 3 ) GLOBAL_UNCERTAINTY_ASSIGNED_CONTEXT ( ( #5315 ) ) GLOBAL_UNIT_ASSIGNED_CONTEXT ( ( #5861, #1483, #6666 ) ) REPRESENTATION_CONTEXT ( 'NONE', 'WORKASPACE' ) );
#3111 = VECTOR ( 'NONE', #9409, 1000.000000000000100 ) ;
#3112 = AXIS2_PLACEMENT_3D ( 'NONE', #5151, #7309, #6478 ) ;
#3113 = CARTESIAN_POINT ( 'NONE',  ( -1.525000009610593300, -1.837530996695474700, 0.04999999999999999600 ) ) ;
#3114 = CARTESIAN_POINT ( 'NONE',  ( 1.200000000000000000, 1.024999999999999900, 0.04999999999999999600 ) ) ;
#3115 = ORIENTED_EDGE ( 'NONE', *, *, #8821, .F. ) ;
#3116 = VERTEX_POINT ( 'NONE', #3544 ) ;
#3117 = VECTOR ( 'NONE', #4509, 1000.000000000000000 ) ;
#3118 = EDGE_CURVE ( 'NONE', #8401, #5055, #3715, .T. ) ;
#3119 = CARTESIAN_POINT ( 'NONE',  ( -1.224999981323120500, 0.5500000186768795300, 0.2030000000000000100 ) ) ;
#3120 = DIRECTION ( 'NONE',  ( 0.0000000000000000000, 1.000000000000000000, -0.0000000000000000000 ) ) ;
#3121 = AXIS2_PLACEMENT_3D ( 'NONE', #2817, #2886, #5109 ) ;
#3122 = DIRECTION ( 'NONE',  ( -1.000000000000000000, 0.0000000000000000000, 0.0000000000000000000 ) ) ;
#3123 = VERTEX_POINT ( 'NONE', #2679 ) ;
#3124 = EDGE_LOOP ( 'NONE', ( #7010, #3552, #6742, #3115 ) ) ;
#3125 = CARTESIAN_POINT ( 'NONE',  ( -0.1721671182000000000, 0.1356073488154271600, 0.8008000000000000700 ) ) ;
#3126 = LINE ( 'NONE', #225, #2090 ) ;
#3127 = ADVANCED_FACE ( 'NONE', ( #1732 ), #2207, .F. ) ;
#3128 = CARTESIAN_POINT ( 'NONE',  ( -1.224999981323120500, 0.5500000186768795300, 0.0000000000000000000 ) ) ;
#3129 = ORIENTED_EDGE ( 'NONE', *, *, #8069, .T. ) ;
#3130 = CARTESIAN_POINT ( 'NONE',  ( 0.0000000000000000000, -1.350000000000000100, 0.2030000000000000100 ) ) ;
#3131 = FILL_AREA_STYLE_COLOUR ( '', #2358 ) ;
#3132 = CARTESIAN_POINT ( 'NONE',  ( 0.1000000000000000100, -0.0000000000000000000, 0.05000000000000000300 ) ) ;
#3133 = ORIENTED_EDGE ( 'NONE', *, *, #9650, .F. ) ;
#3134 = VERTEX_POINT ( 'NONE', #3411 ) ;
#3135 = AXIS2_PLACEMENT_3D ( 'NONE', #3446, #1223, #8715 ) ;
#3136 = CIRCLE ( 'NONE', #3630, 0.02499998132312751500 ) ;
#3137 = DIRECTION ( 'NONE',  ( 1.000000000000000000, 0.0000000000000000000, 0.0000000000000000000 ) ) ;
#3138 = FACE_OUTER_BOUND ( 'NONE', #8969, .T. ) ;
#3139 = EDGE_CURVE ( 'NONE', #3726, #2275, #6279, .T. ) ;
#3140 = ADVANCED_FACE ( 'NONE', ( #7336 ), #3366, .T. ) ;
#3141 = CARTESIAN_POINT ( 'NONE',  ( -1.740000000000000000, -1.541775933925917800, 0.2030000000000000100 ) ) ;
#3142 = CARTESIAN_POINT ( 'NONE',  ( 0.09724308717369695200, 0.1721742457526031800, 0.8009000000000000600 ) ) ;
#3143 = CARTESIAN_POINT ( 'NONE',  ( 1.200000000000000000, 0.8750000000000000000, 0.2030000000000000100 ) ) ;
#3144 = DIRECTION ( 'NONE',  ( 1.000000000000000000, 0.0000000000000000000, 0.0000000000000000000 ) ) ;
#3145 = DIRECTION ( 'NONE',  ( -0.0000000000000000000, 0.0000000000000000000, 1.000000000000000000 ) ) ;
#3146 = ORIENTED_EDGE ( 'NONE', *, *, #3040, .F. ) ;
#3147 = CIRCLE ( 'NONE', #9556, 0.04303825244739682700 ) ;
#3148 = DIRECTION ( 'NONE',  ( 0.0000000000000000000, 0.0000000000000000000, 1.000000000000000000 ) ) ;
#3149 = VERTEX_POINT ( 'NONE', #4275 ) ;
#3150 = AXIS2_PLACEMENT_3D ( 'NONE', #532, #6610, #4228 ) ;
#3151 = CIRCLE ( 'NONE', #3298, 0.04999996264625471100 ) ;
#3152 = EDGE_CURVE ( 'NONE', #7842, #2457, #5230, .T. ) ;
#3153 = EDGE_CURVE ( 'NONE', #8576, #6634, #8024, .T. ) ;
#3154 = ORIENTED_EDGE ( 'NONE', *, *, #4094, .F. ) ;
#3155 = DIRECTION ( 'NONE',  ( -0.0000000000000000000, -1.000000000000000000, -0.0000000000000000000 ) ) ;
#3156 = FACE_OUTER_BOUND ( 'NONE', #5874, .T. ) ;
#3157 = CARTESIAN_POINT ( 'NONE',  ( -1.475013750063923100, -1.837530996695474700, 0.04999999999999999600 ) ) ;
#3158 = VERTEX_POINT ( 'NONE', #418 ) ;
#3159 = DIRECTION ( 'NONE',  ( -1.000000000000000000, 0.0000000000000000000, 0.0000000000000000000 ) ) ;
#3160 = DIRECTION ( 'NONE',  ( -1.000000000000000000, 0.0000000000000000000, 0.0000000000000000000 ) ) ;
#3161 = CARTESIAN_POINT ( 'NONE',  ( -0.2596239155999999800, 0.0000000000000000000, 0.8009000000000000600 ) ) ;
#3162 = VERTEX_POINT ( 'NONE', #8002 ) ;
#3163 = VECTOR ( 'NONE', #979, 1000.000000000000000 ) ;
#3164 =( LENGTH_UNIT ( ) NAMED_UNIT ( * ) SI_UNIT ( .MILLI., .METRE. ) );
#3165 = CARTESIAN_POINT ( 'NONE',  ( -0.3750000000000000000, 1.837499999999999900, 0.0000000000000000000 ) ) ;
#3166 = LINE ( 'NONE', #9621, #1429 ) ;
#3167 = PLANE ( 'NONE',  #7199 ) ;
#3168 = EDGE_CURVE ( 'NONE', #6293, #1596, #3006, .T. ) ;
#3169 = ORIENTED_EDGE ( 'NONE', *, *, #8890, .T. ) ;
#3170 = AXIS2_PLACEMENT_3D ( 'NONE', #7886, #6328, #4856 ) ;
#3171 = ORIENTED_EDGE ( 'NONE', *, *, #1597, .F. ) ;
#3172 = CARTESIAN_POINT ( 'NONE',  ( 0.3249433163616379200, 1.374986044749599000, 0.0000000000000000000 ) ) ;
#3173 = CARTESIAN_POINT ( 'NONE',  ( 0.1332240660740823300, 1.865000000000000200, 0.04999999999999999600 ) ) ;
#3174 = ORIENTED_EDGE ( 'NONE', *, *, #7668, .F. ) ;
#3175 = CARTESIAN_POINT ( 'NONE',  ( 0.0000000000000000000, 0.0000000000000000000, 0.2030000000000000100 ) ) ;
#3176 = DIRECTION ( 'NONE',  ( -1.000000000000000000, 0.0000000000000000000, 0.0000000000000000000 ) ) ;
#3177 = COLOUR_RGB ( '',1.000000000000000000, 1.000000000000000000, 1.000000000000000000 ) ;
#3178 = EDGE_CURVE ( 'NONE', #9321, #1855, #3239, .T. ) ;
#3179 = EDGE_CURVE ( 'NONE', #7799, #6837, #775, .T. ) ;
#3180 = AXIS2_PLACEMENT_3D ( 'NONE', #8955, #702, #6746 ) ;
#3181 = ORIENTED_EDGE ( 'NONE', *, *, #4324, .T. ) ;
#3182 = ORIENTED_EDGE ( 'NONE', *, *, #9589, .F. ) ;
#3183 = LINE ( 'NONE', #8341, #28 ) ;
#3184 = DIRECTION ( 'NONE',  ( -0.0000000000000000000, -0.0000000000000000000, -1.000000000000000000 ) ) ;
#3185 = DIRECTION ( 'NONE',  ( 0.0000000000000000000, -0.0000000000000000000, 1.000000000000000000 ) ) ;
#3186 = ADVANCED_FACE ( 'NONE', ( #8714 ), #3611, .T. ) ;
#3187 = ORIENTED_EDGE ( 'NONE', *, *, #1317, .T. ) ;
#3188 = ORIENTED_EDGE ( 'NONE', *, *, #5640, .F. ) ;
#3189 = AXIS2_PLACEMENT_3D ( 'NONE', #7958, #9485, #3498 ) ;
#3190 = SURFACE_SIDE_STYLE ('',( #1176 ) ) ;
#3191 = VECTOR ( 'NONE', #4437, 1000.000000000000000 ) ;
#3192 = DIRECTION ( 'NONE',  ( 0.0000000000000000000, -0.0000000000000000000, 1.000000000000000000 ) ) ;
#3193 = DIRECTION ( 'NONE',  ( 0.0000000000000000000, -1.000000000000000000, 0.0000000000000000000 ) ) ;
#3194 = DIRECTION ( 'NONE',  ( -0.0000000000000000000, -0.0000000000000000000, -1.000000000000000000 ) ) ;
#3195 = CARTESIAN_POINT ( 'NONE',  ( 0.0000000000000000000, -0.6500000000000001300, 0.05000000000000000300 ) ) ;
#3196 = ORIENTED_EDGE ( 'NONE', *, *, #9587, .F. ) ;
#3197 = EDGE_LOOP ( 'NONE', ( #7139, #7202, #699, #8864, #6221, #7699, #4216, #3309, #3790, #1493, #1225, #194, #8721 ) ) ;
#3198 = SURFACE_STYLE_FILL_AREA ( #5695 ) ;
#3199 = CARTESIAN_POINT ( 'NONE',  ( -0.2750000000000000200, 0.0000000000000000000, 0.0000000000000000000 ) ) ;
#3200 = VECTOR ( 'NONE', #4126, 1000.000000000000000 ) ;
#3201 = CARTESIAN_POINT ( 'NONE',  ( 0.0000000000000000000, 0.05000000000000000300, 0.05000000000000000300 ) ) ;
#3202 = CARTESIAN_POINT ( 'NONE',  ( 0.8579999999999999800, 1.875000000000000000, 0.0000000000000000000 ) ) ;
#3203 = DIRECTION ( 'NONE',  ( 0.0000000000000000000, -1.000000000000000000, 0.0000000000000000000 ) ) ;
#3204 = AXIS2_PLACEMENT_3D ( 'NONE', #1220, #4351, #5772 ) ;
#3205 = EDGE_CURVE ( 'NONE', #5208, #2610, #9659, .T. ) ;
#3206 = EDGE_LOOP ( 'NONE', ( #3713, #1824, #3956, #8509, #9056, #6100, #7385, #5523 ) ) ;
#3207 = DIRECTION ( 'NONE',  ( 1.000000000000000000, 0.0000000000000000000, 0.0000000000000000000 ) ) ;
#3208 = CARTESIAN_POINT ( 'NONE',  ( 0.0000000000000000000, 1.325000000000000000, 0.05000000000000000300 ) ) ;
#3209 = ORIENTED_EDGE ( 'NONE', *, *, #1962, .F. ) ;
#3210 = FACE_OUTER_BOUND ( 'NONE', #7978, .T. ) ;
#3211 = VECTOR ( 'NONE', #2687, 1000.000000000000000 ) ;
#3212 = DIRECTION ( 'NONE',  ( -0.0000000000000000000, -0.0000000000000000000, -1.000000000000000000 ) ) ;
#3213 = DIRECTION ( 'NONE',  ( 0.0000000000000000000, -0.0000000000000000000, 1.000000000000000000 ) ) ;
#3214 = ORIENTED_EDGE ( 'NONE', *, *, #2054, .F. ) ;
#3215 = EDGE_LOOP ( 'NONE', ( #1125, #8865, #4393, #4672 ) ) ;
#3216 = ORIENTED_EDGE ( 'NONE', *, *, #96, .T. ) ;
#3217 = AXIS2_PLACEMENT_3D ( 'NONE', #4183, #9391, #4935 ) ;
#3218 = VECTOR ( 'NONE', #8797, 1000.000000000000000 ) ;
#3219 = EDGE_CURVE ( 'NONE', #8703, #8744, #8254, .T. ) ;
#3220 = CARTESIAN_POINT ( 'NONE',  ( 0.2750000000000000200, -0.2999999999999999900, 0.0000000000000000000 ) ) ;
#3221 = CARTESIAN_POINT ( 'NONE',  ( 0.03412490903962955800, 0.01921787920581518500, 0.8009000000000000600 ) ) ;
#3222 = SURFACE_STYLE_USAGE ( .BOTH. , #6264 ) ;
#3223 = DIRECTION ( 'NONE',  ( -0.0000000000000000000, -0.0000000000000000000, -1.000000000000000000 ) ) ;
#3224 = VERTEX_POINT ( 'NONE', #9533 ) ;
#3225 = DIRECTION ( 'NONE',  ( -0.0000000000000000000, 0.0000000000000000000, 1.000000000000000000 ) ) ;
#3226 = ORIENTED_EDGE ( 'NONE', *, *, #5740, .F. ) ;
#3227 = ORIENTED_EDGE ( 'NONE', *, *, #4812, .F. ) ;
#3228 = CARTESIAN_POINT ( 'NONE',  ( -0.0000000000000000000, 1.325000000000000000, 0.0000000000000000000 ) ) ;
#3229 = CYLINDRICAL_SURFACE ( 'NONE', #9237, 0.04999996264625471100 ) ;
#3230 = ADVANCED_FACE ( 'NONE', ( #6503 ), #4451, .T. ) ;
#3231 = EDGE_CURVE ( 'NONE', #6158, #1089, #1507, .T. ) ;
#3232 = DIRECTION ( 'NONE',  ( 0.0000000000000000000, -0.0000000000000000000, 1.000000000000000000 ) ) ;
#3233 = VERTEX_POINT ( 'NONE', #8160 ) ;
#3234 = AXIS2_PLACEMENT_3D ( 'NONE', #5521, #1043, #3303 ) ;
#3235 = ORIENTED_EDGE ( 'NONE', *, *, #2965, .F. ) ;
#3236 = AXIS2_PLACEMENT_3D ( 'NONE', #4524, #6740, #8981 ) ;
#3237 = FILL_AREA_STYLE_COLOUR ( '', #3373 ) ;
#3238 = PLANE ( 'NONE',  #8151 ) ;
#3239 = CIRCLE ( 'NONE', #6315, 0.04999996264625481600 ) ;
#3240 = VERTEX_POINT ( 'NONE', #650 ) ;
#3241 = DIRECTION ( 'NONE',  ( -0.0000000000000000000, -0.0000000000000000000, -1.000000000000000000 ) ) ;
#3242 = FILL_AREA_STYLE_COLOUR ( '', #189 ) ;
#3243 = CARTESIAN_POINT ( 'NONE',  ( 0.5999999626462407800, -1.399999962646240700, 0.2030000000000000100 ) ) ;
#3244 = EDGE_LOOP ( 'NONE', ( #2771, #3216, #9580, #1801 ) ) ;
#3245 = ORIENTED_EDGE ( 'NONE', *, *, #8447, .T. ) ;
#3246 = DIRECTION ( 'NONE',  ( 0.0000000000000000000, 1.000000000000000000, -0.0000000000000000000 ) ) ;
#3247 = LINE ( 'NONE', #7136, #3012 ) ;
#3248 = EDGE_CURVE ( 'NONE', #174, #2960, #2308, .T. ) ;
#3249 = VECTOR ( 'NONE', #8385, 1000.000000000000000 ) ;
#3250 = CARTESIAN_POINT ( 'NONE',  ( -0.6250000000000001100, 1.500000000000000000, 0.2030000000000000100 ) ) ;
#3251 = VECTOR ( 'NONE', #271, 1000.000000000000000 ) ;
#3252 = AXIS2_PLACEMENT_3D ( 'NONE', #7047, #1903, #1930 ) ;
#3253 = EDGE_LOOP ( 'NONE', ( #3505, #1523, #4495, #7473 ) ) ;
#3254 = ORIENTED_EDGE ( 'NONE', *, *, #7968, .F. ) ;
#3255 = EDGE_LOOP ( 'NONE', ( #8993, #2452, #6520, #9102 ) ) ;
#3256 = EDGE_LOOP ( 'NONE', ( #9337, #9571, #3671, #4539 ) ) ;
#3257 = PLANE ( 'NONE',  #1183 ) ;
#3258 = CIRCLE ( 'NONE', #1443, 0.05003631351710522600 ) ;
#3259 = DIRECTION ( 'NONE',  ( -0.0000000000000000000, 0.0000000000000000000, 1.000000000000000000 ) ) ;
#3260 = CYLINDRICAL_SURFACE ( 'NONE', #1453, 0.04998625954667008900 ) ;
#3261 = DIRECTION ( 'NONE',  ( 1.000000000000000000, 0.0000000000000000000, 0.0000000000000000000 ) ) ;
#3262 = CARTESIAN_POINT ( 'NONE',  ( 1.740000000000000000, -1.865000000000000200, 0.2029999999999999600 ) ) ;
#3263 = FILL_AREA_STYLE_COLOUR ( '', #3580 ) ;
#3264 = STYLED_ITEM ( 'NONE', ( #6793 ), #5649 ) ;
#3265 = ORIENTED_EDGE ( 'NONE', *, *, #1555, .T. ) ;
#3266 = EDGE_CURVE ( 'NONE', #4151, #1605, #1849, .T. ) ;
#3267 = VECTOR ( 'NONE', #5252, 1000.000000000000000 ) ;
#3268 = VERTEX_POINT ( 'NONE', #2174 ) ;
#3269 = PLANE ( 'NONE',  #3234 ) ;
#3270 = DIRECTION ( 'NONE',  ( -0.0000000000000000000, -0.0000000000000000000, -1.000000000000000000 ) ) ;
#3271 = CARTESIAN_POINT ( 'NONE',  ( -0.3667759339259176700, 1.865000000000000200, 0.2030000000000000100 ) ) ;
#3272 = CARTESIAN_POINT ( 'NONE',  ( -0.3750000000000000000, 1.837499999999999900, 0.2030000000000000100 ) ) ;
#3273 = EDGE_LOOP ( 'NONE', ( #1968, #5287, #454, #390 ) ) ;
#3274 = DIRECTION ( 'NONE',  ( -0.0000000000000000000, -0.0000000000000000000, -1.000000000000000000 ) ) ;
#3275 = LINE ( 'NONE', #8635, #4088 ) ;
#3276 = FACE_OUTER_BOUND ( 'NONE', #3404, .T. ) ;
#3277 = DIRECTION ( 'NONE',  ( -0.0000000000000000000, 0.0000000000000000000, 1.000000000000000000 ) ) ;
#3278 = CIRCLE ( 'NONE', #5889, 0.04998625954667031100 ) ;
#3279 = ORIENTED_EDGE ( 'NONE', *, *, #9354, .F. ) ;
#3280 = EDGE_CURVE ( 'NONE', #4558, #6717, #2082, .T. ) ;
#3281 = EDGE_CURVE ( 'NONE', #6980, #3684, #4288, .T. ) ;
#3282 = CARTESIAN_POINT ( 'NONE',  ( -1.225000000000000100, 0.8249999999999999600, 0.04999999999999999600 ) ) ;
#3283 = ORIENTED_EDGE ( 'NONE', *, *, #8085, .T. ) ;
#3284 = UNCERTAINTY_MEASURE_WITH_UNIT (LENGTH_MEASURE( 1.000000000000000100E-005 ), #7219, 'distance_accuracy_value', 'NONE');
#3285 = ADVANCED_FACE ( 'NONE', ( #9543 ), #2106, .F. ) ;
#3286 = VECTOR ( 'NONE', #7829, 1000.000000000000000 ) ;
#3287 = LINE ( 'NONE', #3262, #822 ) ;
#3288 = CARTESIAN_POINT ( 'NONE',  ( 0.0000000000000000000, 0.5749999999999999600, 0.2030000000000000100 ) ) ;
#3289 = VERTEX_POINT ( 'NONE', #8127 ) ;
#3290 = CARTESIAN_POINT ( 'NONE',  ( 0.8579999999999999800, 1.875000000000000000, 0.2030000000000000100 ) ) ;
#3291 = DIRECTION ( 'NONE',  ( 1.000000000000000000, 0.0000000000000000000, 0.0000000000000000000 ) ) ;
#3292 = DIRECTION ( 'NONE',  ( -0.0000000000000000000, -0.0000000000000000000, -1.000000000000000000 ) ) ;
#3293 = DIRECTION ( 'NONE',  ( 0.0000000000000000000, 1.000000000000000000, -0.0000000000000000000 ) ) ;
#3294 = DIRECTION ( 'NONE',  ( -0.0000000000000000000, 0.0000000000000000000, 1.000000000000000000 ) ) ;
#3295 = ORIENTED_EDGE ( 'NONE', *, *, #6053, .F. ) ;
#3296 = SURFACE_SIDE_STYLE ('',( #3682 ) ) ;
#3297 = EDGE_CURVE ( 'NONE', #7602, #4012, #5824, .T. ) ;
#3298 = AXIS2_PLACEMENT_3D ( 'NONE', #5566, #7622, #3137 ) ;
#3299 = ADVANCED_FACE ( 'NONE', ( #7573 ), #9567, .F. ) ;
#3300 = ORIENTED_EDGE ( 'NONE', *, *, #7409, .T. ) ;
#3301 = STYLED_ITEM ( 'NONE', ( #5133 ), #8172 ) ;
#3302 = SURFACE_STYLE_FILL_AREA ( #540 ) ;
#3303 = DIRECTION ( 'NONE',  ( 1.000000000000000000, 0.0000000000000000000, 0.0000000000000000000 ) ) ;
#3304 = ORIENTED_EDGE ( 'NONE', *, *, #7256, .F. ) ;
#3305 = PLANE ( 'NONE',  #1991 ) ;
#3306 = ORIENTED_EDGE ( 'NONE', *, *, #83, .T. ) ;
#3307 = LINE ( 'NONE', #4180, #7407 ) ;
#3308 = ORIENTED_EDGE ( 'NONE', *, *, #3040, .T. ) ;
#3309 = ORIENTED_EDGE ( 'NONE', *, *, #615, .F. ) ;
#3310 = CARTESIAN_POINT ( 'NONE',  ( -0.1250000000000000000, 0.0000000000000000000, 0.2030000000000000100 ) ) ;
#3311 = FACE_OUTER_BOUND ( 'NONE', #4536, .T. ) ;
#3312 = EDGE_CURVE ( 'NONE', #1082, #4484, #6625, .T. ) ;
#3313 = CARTESIAN_POINT ( 'NONE',  ( -0.1000000000000000100, -0.0000000000000000000, 0.05000000000000000300 ) ) ;
#3314 = EDGE_CURVE ( 'NONE', #2206, #3502, #3475, .T. ) ;
#3315 = AXIS2_PLACEMENT_3D ( 'NONE', #1502, #5939, #9667 ) ;
#3316 = EDGE_LOOP ( 'NONE', ( #208, #8062, #3943, #5246 ) ) ;
#3317 = AXIS2_PLACEMENT_3D ( 'NONE', #7457, #8841, #2918 ) ;
#3318 = ORIENTED_EDGE ( 'NONE', *, *, #6915, .F. ) ;
#3319 = LINE ( 'NONE', #5076, #266 ) ;
#3320 = DIRECTION ( 'NONE',  ( 0.0000000000000000000, 1.000000000000000000, -0.0000000000000000000 ) ) ;
#3321 = ORIENTED_EDGE ( 'NONE', *, *, #882, .T. ) ;
#3322 = CARTESIAN_POINT ( 'NONE',  ( -0.5999999999999999800, -1.550000000000000300, 0.2030000000000000100 ) ) ;
#3323 = FILL_AREA_STYLE ('',( #5648 ) ) ;
#3324 = ORIENTED_EDGE ( 'NONE', *, *, #1609, .F. ) ;
#3325 = CIRCLE ( 'NONE', #1334, 0.04998625954667008900 ) ;
#3326 = FACE_OUTER_BOUND ( 'NONE', #4283, .T. ) ;
#3327 = PLANE ( 'NONE',  #7986 ) ;
#3328 = VERTEX_POINT ( 'NONE', #8308 ) ;
#3329 = AXIS2_PLACEMENT_3D ( 'NONE', #2449, #902, #6692 ) ;
#3330 = CARTESIAN_POINT ( 'NONE',  ( -0.6250000000000000000, 0.0000000000000000000, 0.2030000000000000100 ) ) ;
#3331 = EDGE_LOOP ( 'NONE', ( #8245, #9481, #1017, #4433, #9641, #9569, #8452, #1400, #120, #9240, #6709, #2906 ) ) ;
#3332 = PLANE ( 'NONE',  #6753 ) ;
#3333 = DIRECTION ( 'NONE',  ( 1.000000000000000000, 0.0000000000000000000, 0.0000000000000000000 ) ) ;
#3334 = EDGE_CURVE ( 'NONE', #4575, #2196, #2998, .T. ) ;
#3335 = ORIENTED_EDGE ( 'NONE', *, *, #479, .F. ) ;
#3336 = VECTOR ( 'NONE', #4860, 1000.000000000000000 ) ;
#3337 = ORIENTED_EDGE ( 'NONE', *, *, #7567, .F. ) ;
#3338 = ADVANCED_FACE ( 'NONE', ( #2654 ), #5707, .F. ) ;
#3339 = ORIENTED_EDGE ( 'NONE', *, *, #5699, .T. ) ;
#3340 = DIRECTION ( 'NONE',  ( 0.0000000000000000000, 1.000000000000000000, 0.0000000000000000000 ) ) ;
#3341 = PLANE ( 'NONE',  #6569 ) ;
#3342 = CARTESIAN_POINT ( 'NONE',  ( -1.712500000000000100, 0.05000000000000000300, 0.2030000000000000100 ) ) ;
#3343 = ORIENTED_EDGE ( 'NONE', *, *, #7162, .T. ) ;
#3344 = VECTOR ( 'NONE', #4991, 1000.000000000000000 ) ;
#3345 = CARTESIAN_POINT ( 'NONE',  ( -1.712500000000000100, 0.5749999999999999600, 0.2030000000000000100 ) ) ;
#3346 = DIRECTION ( 'NONE',  ( 0.0000000000000000000, 1.000000000000000000, 0.0000000000000000000 ) ) ;
#3347 = LINE ( 'NONE', #2883, #402 ) ;
#3348 = AXIS2_PLACEMENT_3D ( 'NONE', #1685, #1624, #7529 ) ;
#3349 = EDGE_CURVE ( 'NONE', #6821, #6437, #4635, .T. ) ;
#3350 = EDGE_CURVE ( 'NONE', #7927, #2874, #6845, .T. ) ;
#3351 = DIRECTION ( 'NONE',  ( 0.0000000000000000000, -1.000000000000000000, 0.0000000000000000000 ) ) ;
#3352 = ORIENTED_EDGE ( 'NONE', *, *, #4839, .T. ) ;
#3353 = DIRECTION ( 'NONE',  ( 0.0000000000000000000, -1.000000000000000000, 0.0000000000000000000 ) ) ;
#3354 = ORIENTED_EDGE ( 'NONE', *, *, #7038, .T. ) ;
#3355 = VERTEX_POINT ( 'NONE', #6162 ) ;
#3356 = VECTOR ( 'NONE', #4368, 1000.000000000000000 ) ;
#3357 = ADVANCED_FACE ( 'NONE', ( #1723 ), #8994, .F. ) ;
#3358 = PLANE ( 'NONE',  #1136 ) ;
#3359 = CARTESIAN_POINT ( 'NONE',  ( -0.3250000373537592600, 1.374999962646241000, 0.04999999999999999600 ) ) ;
#3360 = VERTEX_POINT ( 'NONE', #9086 ) ;
#3361 = VERTEX_POINT ( 'NONE', #9150 ) ;
#3362 = DIRECTION ( 'NONE',  ( -1.000000000000000000, 0.0000000000000000000, 0.0000000000000000000 ) ) ;
#3363 = EDGE_CURVE ( 'NONE', #6150, #5597, #538, .T. ) ;
#3364 = ADVANCED_FACE ( 'NONE', ( #8706 ), #4750, .T. ) ;
#3365 = AXIS2_PLACEMENT_3D ( 'NONE', #3330, #3425, #371 ) ;
#3366 = CYLINDRICAL_SURFACE ( 'NONE', #2142, 0.04139239428457278100 ) ;
#3367 = LINE ( 'NONE', #1326, #7338 ) ;
#3368 = CARTESIAN_POINT ( 'NONE',  ( -1.750000000000000000, 1.341900000000000100, 0.2030000000000000100 ) ) ;
#3369 = CARTESIAN_POINT ( 'NONE',  ( 1.133224066074082400, 1.865000000000000200, 0.2030000000000000100 ) ) ;
#3370 = DIRECTION ( 'NONE',  ( -0.0000000000000000000, 0.0000000000000000000, 1.000000000000000000 ) ) ;
#3371 = ORIENTED_EDGE ( 'NONE', *, *, #5112, .T. ) ;
#3372 = ORIENTED_EDGE ( 'NONE', *, *, #7026, .F. ) ;
#3373 = COLOUR_RGB ( '',1.000000000000000000, 1.000000000000000000, 1.000000000000000000 ) ;
#3374 = EDGE_CURVE ( 'NONE', #9342, #4874, #5445, .T. ) ;
#3375 = EDGE_CURVE ( 'NONE', #7216, #6186, #6964, .T. ) ;
#3376 = CARTESIAN_POINT ( 'NONE',  ( -1.712530996695474700, -0.6999862499360770500, 0.2030000000000000100 ) ) ;
#3377 = CARTESIAN_POINT ( 'NONE',  ( 1.740000000000000000, 1.333224066074082200, 0.2030000000000000100 ) ) ;
#3378 =( GEOMETRIC_REPRESENTATION_CONTEXT ( 3 ) GLOBAL_UNCERTAINTY_ASSIGNED_CONTEXT ( ( #1316 ) ) GLOBAL_UNIT_ASSIGNED_CONTEXT ( ( #5872, #6677, #9537 ) ) REPRESENTATION_CONTEXT ( 'NONE', 'WORKASPACE' ) );
#3379 = EDGE_LOOP ( 'NONE', ( #3423, #6757, #6744, #5726, #4032, #3209 ) ) ;
#3380 = DIRECTION ( 'NONE',  ( -1.000000000000000000, 0.0000000000000000000, 0.0000000000000000000 ) ) ;
#3381 = ORIENTED_EDGE ( 'NONE', *, *, #9355, .F. ) ;
#3382 = CARTESIAN_POINT ( 'NONE',  ( 0.2123996133000000400, 0.2152124982000001000, 0.8009000000000000600 ) ) ;
#3383 = LINE ( 'NONE', #8104, #5476 ) ;
#3384 = DIRECTION ( 'NONE',  ( -0.0000000000000000000, 0.0000000000000000000, 1.000000000000000000 ) ) ;
#3385 = ORIENTED_EDGE ( 'NONE', *, *, #9513, .T. ) ;
#3386 = ORIENTED_EDGE ( 'NONE', *, *, #8100, .F. ) ;
#3387 = EDGE_CURVE ( 'NONE', #3448, #9048, #887, .T. ) ;
#3388 = DIRECTION ( 'NONE',  ( -0.0000000000000000000, -0.0000000000000000000, -1.000000000000000000 ) ) ;
#3389 = CARTESIAN_POINT ( 'NONE',  ( -0.06136233604476345300, 0.1887731937154272000, 0.8009000000000000600 ) ) ;
#3390 = AXIS2_PLACEMENT_3D ( 'NONE', #1735, #999, #172 ) ;
#3391 = LINE ( 'NONE', #6044, #1412 ) ;
#3392 = ADVANCED_FACE ( 'NONE', ( #1499 ), #8474, .T. ) ;
#3393 = ORIENTED_EDGE ( 'NONE', *, *, #7894, .F. ) ;
#3394 = LINE ( 'NONE', #2625, #9088 ) ;
#3395 = ORIENTED_EDGE ( 'NONE', *, *, #882, .F. ) ;
#3396 = DIRECTION ( 'NONE',  ( 0.0000000000000000000, 1.000000000000000000, 0.0000000000000000000 ) ) ;
#3397 = DIRECTION ( 'NONE',  ( 0.0000000000000000000, 1.000000000000000000, 0.0000000000000000000 ) ) ;
#3398 = FACE_BOUND ( 'NONE', #4171, .T. ) ;
#3399 = CARTESIAN_POINT ( 'NONE',  ( -0.5999999999999999800, -0.6500000000000001300, 0.2030000000000000100 ) ) ;
#3400 = ORIENTED_EDGE ( 'NONE', *, *, #6063, .T. ) ;
#3401 = AXIS2_PLACEMENT_3D ( 'NONE', #2472, #9111, #8498 ) ;
#3402 = EDGE_CURVE ( 'NONE', #9265, #828, #6270, .T. ) ;
#3403 = EDGE_CURVE ( 'NONE', #7434, #8371, #764, .T. ) ;
#3404 = EDGE_LOOP ( 'NONE', ( #8910, #311, #6085, #7987 ) ) ;
#3405 = LINE ( 'NONE', #539, #348 ) ;
#3406 = DIRECTION ( 'NONE',  ( -0.0000000000000000000, -0.0000000000000000000, -1.000000000000000000 ) ) ;
#3407 = DIRECTION ( 'NONE',  ( -0.0000000000000000000, -0.0000000000000000000, -1.000000000000000000 ) ) ;
#3408 = FACE_OUTER_BOUND ( 'NONE', #4599, .T. ) ;
#3409 = DIRECTION ( 'NONE',  ( 1.000000000000000000, 0.0000000000000000000, 0.0000000000000000000 ) ) ;
#3410 = VERTEX_POINT ( 'NONE', #6975 ) ;
#3411 = CARTESIAN_POINT ( 'NONE',  ( 0.2750000000000000200, -1.000000000000000000, 0.0000000000000000000 ) ) ;
#3412 = CARTESIAN_POINT ( 'NONE',  ( -1.712530996695474700, -1.399986249936077100, 0.0000000000000000000 ) ) ;
#3413 =( NAMED_UNIT ( * ) PLANE_ANGLE_UNIT ( ) SI_UNIT ( $, .RADIAN. ) );
#3414 = ORIENTED_EDGE ( 'NONE', *, *, #5728, .T. ) ;
#3415 = UNCERTAINTY_MEASURE_WITH_UNIT (LENGTH_MEASURE( 1.000000000000000100E-005 ), #8256, 'distance_accuracy_value', 'NONE');
#3416 = EDGE_CURVE ( 'NONE', #4732, #4241, #5222, .T. ) ;
#3417 = ORIENTED_EDGE ( 'NONE', *, *, #5125, .T. ) ;
#3418 = DIRECTION ( 'NONE',  ( 1.000000000000000000, 0.0000000000000000000, 0.0000000000000000000 ) ) ;
#3419 = DIRECTION ( 'NONE',  ( -1.000000000000000000, 0.0000000000000000000, 0.0000000000000000000 ) ) ;
#3420 = FACE_OUTER_BOUND ( 'NONE', #2297, .T. ) ;
#3421 = DIRECTION ( 'NONE',  ( 0.0000000000000000000, 0.0000000000000000000, 1.000000000000000000 ) ) ;
#3422 = VECTOR ( 'NONE', #2844, 999.9999999999998900 ) ;
#3423 = ORIENTED_EDGE ( 'NONE', *, *, #6688, .F. ) ;
#3424 = FACE_OUTER_BOUND ( 'NONE', #761, .T. ) ;
#3425 = DIRECTION ( 'NONE',  ( -1.000000000000000000, 0.0000000000000000000, 0.0000000000000000000 ) ) ;
#3426 = CARTESIAN_POINT ( 'NONE',  ( 0.03412490903962955800, 0.01921787920581518500, 0.8009000000000000600 ) ) ;
#3427 = DIRECTION ( 'NONE',  ( -0.0000000000000000000, -0.0000000000000000000, -1.000000000000000000 ) ) ;
#3428 = DIRECTION ( 'NONE',  ( 1.000000000000000000, 0.0000000000000000000, 0.0000000000000000000 ) ) ;
#3429 = AXIS2_PLACEMENT_3D ( 'NONE', #3756, #9018, #4573 ) ;
#3430 = AXIS2_PLACEMENT_3D ( 'NONE', #6892, #4682, #3958 ) ;
#3431 = VERTEX_POINT ( 'NONE', #7796 ) ;
#3432 = CIRCLE ( 'NONE', #3348, 0.04998625954667008900 ) ;
#3433 = ORIENTED_EDGE ( 'NONE', *, *, #3947, .F. ) ;
#3434 = ORIENTED_EDGE ( 'NONE', *, *, #590, .F. ) ;
#3435 = VECTOR ( 'NONE', #5307, 1000.000000000000000 ) ;
#3436 = ADVANCED_FACE ( 'NONE', ( #6497 ), #3229, .T. ) ;
#3437 = CARTESIAN_POINT ( 'NONE',  ( 0.1749862499360769500, 1.837530996695474500, 0.0000000000000000000 ) ) ;
#3438 = CARTESIAN_POINT ( 'NONE',  ( -0.5500000000000000400, -0.1000000000000000100, 0.2030000000000000100 ) ) ;
#3439 = ORIENTED_EDGE ( 'NONE', *, *, #6230, .T. ) ;
#3440 = EDGE_CURVE ( 'NONE', #6139, #9252, #8137, .T. ) ;
#3441 = STYLED_ITEM ( 'NONE', ( #1394 ), #3080 ) ;
#3442 = FILL_AREA_STYLE ('',( #4281 ) ) ;
#3443 = LINE ( 'NONE', #3228, #7179 ) ;
#3444 = LINE ( 'NONE', #1022, #3086 ) ;
#3445 = CARTESIAN_POINT ( 'NONE',  ( -0.8250137500639230800, 1.837530996695474500, 0.0000000000000000000 ) ) ;
#3446 = CARTESIAN_POINT ( 'NONE',  ( 0.5999999626462407800, -0.6999999626462407600, 0.0000000000000000000 ) ) ;
#3447 = DIRECTION ( 'NONE',  ( 0.0000000000000000000, 1.000000000000000000, 0.0000000000000000000 ) ) ;
#3448 = VERTEX_POINT ( 'NONE', #4919 ) ;
#3449 = DIRECTION ( 'NONE',  ( -0.0000000000000000000, -0.0000000000000000000, -1.000000000000000000 ) ) ;
#3450 = ORIENTED_EDGE ( 'NONE', *, *, #5686, .F. ) ;
#3451 = VECTOR ( 'NONE', #8157, 1000.000000000000000 ) ;
#3452 = PLANE ( 'NONE',  #1566 ) ;
#3453 = VECTOR ( 'NONE', #6438, 1000.000000000000000 ) ;
#3454 = FACE_OUTER_BOUND ( 'NONE', #9380, .T. ) ;
#3455 = AXIS2_PLACEMENT_3D ( 'NONE', #6469, #7946, #2816 ) ;
#3456 = CARTESIAN_POINT ( 'NONE',  ( -0.3250137500639230800, 1.837530996695474500, 0.04999999999999999600 ) ) ;
#3457 = CARTESIAN_POINT ( 'NONE',  ( -0.6250000000000000000, 1.837499999999999900, 0.0000000000000000000 ) ) ;
#3458 = DIRECTION ( 'NONE',  ( -1.000000000000000000, 0.0000000000000000000, 0.0000000000000000000 ) ) ;
#3459 = VERTEX_POINT ( 'NONE', #2615 ) ;
#3460 = EDGE_CURVE ( 'NONE', #8578, #7297, #4405, .T. ) ;
#3461 = ORIENTED_EDGE ( 'NONE', *, *, #895, .T. ) ;
#3462 = DIRECTION ( 'NONE',  ( 1.000000000000000000, 0.0000000000000000000, 0.0000000000000000000 ) ) ;
#3463 = LINE ( 'NONE', #573, #9397 ) ;
#3464 = CARTESIAN_POINT ( 'NONE',  ( -0.1750362499360769400, 1.837420233362311800, 0.0000000000000000000 ) ) ;
#3465 = CARTESIAN_POINT ( 'NONE',  ( 1.508000000000000000, -1.875000000000000000, 0.2030000000000000100 ) ) ;
#3466 = DIRECTION ( 'NONE',  ( 0.0000000000000000000, -1.000000000000000000, 0.0000000000000000000 ) ) ;
#3467 = ORIENTED_EDGE ( 'NONE', *, *, #4486, .T. ) ;
#3468 = CARTESIAN_POINT ( 'NONE',  ( 1.712530996695474700, 1.025013750063923100, 0.04999999999999999600 ) ) ;
#3469 = ORIENTED_EDGE ( 'NONE', *, *, #9426, .F. ) ;
#3470 = CARTESIAN_POINT ( 'NONE',  ( 0.0000000000000000000, -0.1856274672000000100, 0.8009000000000000600 ) ) ;
#3471 = VERTEX_POINT ( 'NONE', #7012 ) ;
#3472 = FILL_AREA_STYLE_COLOUR ( '', #7212 ) ;
#3473 =( GEOMETRIC_REPRESENTATION_CONTEXT ( 3 ) GLOBAL_UNCERTAINTY_ASSIGNED_CONTEXT ( ( #4301 ) ) GLOBAL_UNIT_ASSIGNED_CONTEXT ( ( #3474, #4870, #6374 ) ) REPRESENTATION_CONTEXT ( 'NONE', 'WORKASPACE' ) );
#3474 =( LENGTH_UNIT ( ) NAMED_UNIT ( * ) SI_UNIT ( .MILLI., .METRE. ) );
#3475 = LINE ( 'NONE', #2, #3117 ) ;
#3476 = EDGE_CURVE ( 'NONE', #7532, #8351, #8942, .T. ) ;
#3477 = EDGE_CURVE ( 'NONE', #6399, #6302, #4982, .T. ) ;
#3478 = CARTESIAN_POINT ( 'NONE',  ( 0.0000000000000000000, -1.700000000000000000, 0.2030000000000000100 ) ) ;
#3479 = CARTESIAN_POINT ( 'NONE',  ( -0.4066519701324284900, 0.0000000000000000000, 0.8008000000000000700 ) ) ;
#3480 = ORIENTED_EDGE ( 'NONE', *, *, #9067, .T. ) ;
#3481 = DIRECTION ( 'NONE',  ( 0.0000000000000000000, 1.000000000000000000, -0.0000000000000000000 ) ) ;
#3483 = ORIENTED_EDGE ( 'NONE', *, *, #8288, .T. ) ;
#3482 = DIRECTION ( 'NONE',  ( -0.8742658553051306800, 0.4854474371624475400, 0.0000000000000000000 ) ) ;
#3484 = ADVANCED_FACE ( 'NONE', ( #6735 ), #3332, .T. ) ;
#3485 = LINE ( 'NONE', #3643, #4175 ) ;
#3486 = CARTESIAN_POINT ( 'NONE',  ( -1.750000000000000000, 1.341900000000000100, 0.2030000000000000100 ) ) ;
#3487 = EDGE_CURVE ( 'NONE', #7949, #4971, #1248, .T. ) ;
#3488 = ORIENTED_EDGE ( 'NONE', *, *, #9354, .T. ) ;
#3489 =( GEOMETRIC_REPRESENTATION_CONTEXT ( 3 ) GLOBAL_UNCERTAINTY_ASSIGNED_CONTEXT ( ( #8902 ) ) GLOBAL_UNIT_ASSIGNED_CONTEXT ( ( #4728, #9120, #206 ) ) REPRESENTATION_CONTEXT ( 'NONE', 'WORKASPACE' ) );
#3490 = VERTEX_POINT ( 'NONE', #1066 ) ;
#3491 = MECHANICAL_DESIGN_GEOMETRIC_PRESENTATION_REPRESENTATION (  '', ( #2982 ), #3983 ) ;
#3492 = COLOUR_RGB ( '',0.0000000000000000000, 1.000000000000000000, 1.000000000000000000 ) ;
#3493 = DIRECTION ( 'NONE',  ( -0.0000000000000000000, 0.0000000000000000000, 1.000000000000000000 ) ) ;
#3494 = VECTOR ( 'NONE', #1147, 1000.000000000000000 ) ;
#3495 = FACE_OUTER_BOUND ( 'NONE', #2461, .T. ) ;
#3496 = CARTESIAN_POINT ( 'NONE',  ( 1.174986249936076800, -1.837530996695474700, 0.04999999999999999600 ) ) ;
#3497 = ORIENTED_EDGE ( 'NONE', *, *, #4542, .T. ) ;
#3498 = DIRECTION ( 'NONE',  ( 0.0000000000000000000, 0.0000000000000000000, -1.000000000000000000 ) ) ;
#3499 = DIRECTION ( 'NONE',  ( 0.0000000000000000000, -0.0000000000000000000, 1.000000000000000000 ) ) ;
#3500 = ORIENTED_EDGE ( 'NONE', *, *, #7089, .F. ) ;
#3501 = ORIENTED_EDGE ( 'NONE', *, *, #5361, .F. ) ;
#3502 = VERTEX_POINT ( 'NONE', #8627 ) ;
#3503 = EDGE_CURVE ( 'NONE', #4775, #7428, #1004, .T. ) ;
#3504 = EDGE_CURVE ( 'NONE', #7417, #8705, #4277, .T. ) ;
#3505 = ORIENTED_EDGE ( 'NONE', *, *, #7814, .F. ) ;
#3506 = CARTESIAN_POINT ( 'NONE',  ( 1.712500000000000100, -0.6500000000000001300, 0.04999999999999999600 ) ) ;
#3507 = VECTOR ( 'NONE', #8839, 1000.000000000000000 ) ;
#3508 = AXIS2_PLACEMENT_3D ( 'NONE', #3175, #7687, #100 ) ;
#3509 = PLANE ( 'NONE',  #6492 ) ;
#3510 = DIRECTION ( 'NONE',  ( -1.000000000000000000, 0.0000000000000000000, -0.0000000000000000000 ) ) ;
#3511 = ORIENTED_EDGE ( 'NONE', *, *, #2469, .T. ) ;
#3512 = SURFACE_STYLE_USAGE ( .BOTH. , #6401 ) ;
#3513 = ORIENTED_EDGE ( 'NONE', *, *, #7160, .T. ) ;
#3514 = FACE_OUTER_BOUND ( 'NONE', #2320, .T. ) ;
#3515 = DIRECTION ( 'NONE',  ( 0.0000000000000000000, -0.0000000000000000000, 1.000000000000000000 ) ) ;
#3516 = VECTOR ( 'NONE', #9680, 1000.000000000000000 ) ;
#3517 = VERTEX_POINT ( 'NONE', #3368 ) ;
#3518 = DIRECTION ( 'NONE',  ( 0.4854474371624475400, 0.8742658553051305700, 0.0000000000000000000 ) ) ;
#3519 = PLANE ( 'NONE',  #6216 ) ;
#3520 = DIRECTION ( 'NONE',  ( -0.0000000000000000000, 0.0000000000000000000, 1.000000000000000000 ) ) ;
#3521 = DIRECTION ( 'NONE',  ( -1.000000000000000000, 0.0000000000000000000, 0.0000000000000000000 ) ) ;
#3522 = AXIS2_PLACEMENT_3D ( 'NONE', #2841, #5128, #2070 ) ;
#3523 = CARTESIAN_POINT ( 'NONE',  ( 1.133224066074082400, 1.865000000000000200, 0.04999999999999999600 ) ) ;
#3524 = ORIENTED_EDGE ( 'NONE', *, *, #5323, .T. ) ;
#3525 = LINE ( 'NONE', #9458, #6880 ) ;
#3526 = FACE_OUTER_BOUND ( 'NONE', #1579, .T. ) ;
#3527 = VECTOR ( 'NONE', #1419, 1000.000000000000000 ) ;
#3528 = CARTESIAN_POINT ( 'NONE',  ( 1.750000000000000000, 0.5581000000000000400, 0.0000000000000000000 ) ) ;
#3529 = ORIENTED_EDGE ( 'NONE', *, *, #7970, .T. ) ;
#3530 = CARTESIAN_POINT ( 'NONE',  ( -1.524999999999999900, 1.837499999999999900, 0.0000000000000000000 ) ) ;
#3531 = CARTESIAN_POINT ( 'NONE',  ( -0.6251000000000001000, 1.376700000000000300, 0.0000000000000000000 ) ) ;
#3532 = DIRECTION ( 'NONE',  ( 0.0000000000000000000, 1.000000000000000000, -0.0000000000000000000 ) ) ;
#3533 = FACE_OUTER_BOUND ( 'NONE', #2405, .T. ) ;
#3534 = ORIENTED_EDGE ( 'NONE', *, *, #253, .T. ) ;
#3535 = DIRECTION ( 'NONE',  ( -0.0000000000000000000, -0.0000000000000000000, -1.000000000000000000 ) ) ;
#3536 = MECHANICAL_DESIGN_GEOMETRIC_PRESENTATION_REPRESENTATION (  '', ( #1010 ), #1407 ) ;
#3537 = EDGE_CURVE ( 'NONE', #6129, #2079, #1384, .T. ) ;
#3538 = EDGE_CURVE ( 'NONE', #4823, #7066, #7096, .T. ) ;
#3539 = FACE_OUTER_BOUND ( 'NONE', #1615, .T. ) ;
#3540 = ADVANCED_FACE ( 'NONE', ( #5938 ), #1173, .F. ) ;
#3541 = DIRECTION ( 'NONE',  ( -1.000000000000000000, 0.0000000000000000000, 0.0000000000000000000 ) ) ;
#3542 = CARTESIAN_POINT ( 'NONE',  ( 0.0000000000000000000, -1.875000000000000000, 0.2030000000000000100 ) ) ;
#3543 = DIRECTION ( 'NONE',  ( -0.0000000000000000000, 0.0000000000000000000, -1.000000000000000000 ) ) ;
#3544 = CARTESIAN_POINT ( 'NONE',  ( 1.740000000000000000, 0.04177593392591787100, 0.2030000000000000100 ) ) ;
#3545 = FACE_OUTER_BOUND ( 'NONE', #2627, .T. ) ;
#3546 = EDGE_LOOP ( 'NONE', ( #1575, #783, #8760, #6433 ) ) ;
#3547 = CARTESIAN_POINT ( 'NONE',  ( 0.0000000000000000000, 0.3250000000000000700, 0.05000000000000000300 ) ) ;
#3548 = DIRECTION ( 'NONE',  ( -0.0000000000000000000, -0.0000000000000000000, -1.000000000000000000 ) ) ;
#3549 = DIRECTION ( 'NONE',  ( -0.0000000000000000000, -0.0000000000000000000, -1.000000000000000000 ) ) ;
#3550 = EDGE_CURVE ( 'NONE', #7488, #7953, #6386, .T. ) ;
#3551 = CARTESIAN_POINT ( 'NONE',  ( 0.0000000000000000000, 0.0000000000000000000, 0.2030000000000000100 ) ) ;
#3552 = ORIENTED_EDGE ( 'NONE', *, *, #4891, .T. ) ;
#3553 = EDGE_CURVE ( 'NONE', #5956, #8874, #8129, .T. ) ;
#3554 = FACE_OUTER_BOUND ( 'NONE', #7730, .T. ) ;
#3555 = PLANE ( 'NONE',  #6444 ) ;
#3556 = ORIENTED_EDGE ( 'NONE', *, *, #3836, .T. ) ;
#3557 = VERTEX_POINT ( 'NONE', #4330 ) ;
#3558 = CARTESIAN_POINT ( 'NONE',  ( -1.133287128477144400, -1.865000000000000200, 0.2030000000000000100 ) ) ;
#3559 = FACE_OUTER_BOUND ( 'NONE', #8919, .T. ) ;
#3560 = DIRECTION ( 'NONE',  ( 0.0000000000000000000, -1.000000000000000000, 0.0000000000000000000 ) ) ;
#3561 = EDGE_LOOP ( 'NONE', ( #6076, #4921, #6531, #3761 ) ) ;
#3562 = VECTOR ( 'NONE', #4291, 1000.000000000000000 ) ;
#3563 = DIRECTION ( 'NONE',  ( 1.000000000000000000, 0.0000000000000000000, 0.0000000000000000000 ) ) ;
#3564 = VERTEX_POINT ( 'NONE', #9484 ) ;
#3565 = DIRECTION ( 'NONE',  ( 1.000000000000000000, 0.0000000000000000000, 0.0000000000000000000 ) ) ;
#3566 = VERTEX_POINT ( 'NONE', #1996 ) ;
#3567 = VERTEX_POINT ( 'NONE', #5817 ) ;
#3568 = LINE ( 'NONE', #757, #5787 ) ;
#3569 = CARTESIAN_POINT ( 'NONE',  ( -1.175105682233331200, 1.375005682233331600, 0.2030000000000000100 ) ) ;
#3570 = EDGE_CURVE ( 'NONE', #4971, #6962, #69, .T. ) ;
#3571 = CARTESIAN_POINT ( 'NONE',  ( 1.175005682233331200, 1.375005682233331400, 0.0000000000000000000 ) ) ;
#3572 = FACE_OUTER_BOUND ( 'NONE', #4912, .T. ) ;
#3573 = AXIS2_PLACEMENT_3D ( 'NONE', #7959, #4334, #4267 ) ;
#3574 = PRESENTATION_LAYER_ASSIGNMENT (  '', '', ( #8186 ) ) ;
#3575 = CARTESIAN_POINT ( 'NONE',  ( 0.2750000000000000200, 0.0000000000000000000, 0.2030000000000000100 ) ) ;
#3576 = VERTEX_POINT ( 'NONE', #505 ) ;
#3577 = CARTESIAN_POINT ( 'NONE',  ( -1.125000000000000200, -1.837499999999999900, 0.0000000000000000000 ) ) ;
#3578 = DIRECTION ( 'NONE',  ( -1.000000000000000000, 0.0000000000000000000, 0.0000000000000000000 ) ) ;
#3579 = DIRECTION ( 'NONE',  ( 0.0000000000000000000, -0.0000000000000000000, 1.000000000000000000 ) ) ;
#3580 = COLOUR_RGB ( '',1.000000000000000000, 1.000000000000000000, 1.000000000000000000 ) ;
#3581 = DIRECTION ( 'NONE',  ( -0.0000000000000000000, -0.0000000000000000000, -1.000000000000000000 ) ) ;
#3582 = CARTESIAN_POINT ( 'NONE',  ( 0.1000000000000000100, 0.0000000000000000000, 0.0000000000000000000 ) ) ;
#3583 = CIRCLE ( 'NONE', #5026, 0.04998625954667031100 ) ;
#3584 = CARTESIAN_POINT ( 'NONE',  ( 0.0000000000000000000, 0.0000000000000000000, 0.2030000000000000100 ) ) ;
#3585 = VERTEX_POINT ( 'NONE', #2728 ) ;
#3586 = ORIENTED_EDGE ( 'NONE', *, *, #9138, .F. ) ;
#3587 = CARTESIAN_POINT ( 'NONE',  ( -1.712530996695474700, 0.8749862499360769900, 0.2030000000000000100 ) ) ;
#3588 = CARTESIAN_POINT ( 'NONE',  ( 1.712530996695474700, 1.374986249936076800, 0.04999999999999999600 ) ) ;
#3589 = CIRCLE ( 'NONE', #9430, 0.04998625954667031100 ) ;
#3590 = CYLINDRICAL_SURFACE ( 'NONE', #8695, 0.05003631351710512200 ) ;
#3591 = CARTESIAN_POINT ( 'NONE',  ( -1.712500000000000100, 1.325000000000000000, 0.04999999999999999600 ) ) ;
#3592 = ADVANCED_FACE ( 'NONE', ( #9165 ), #1713, .T. ) ;
#3593 = ORIENTED_EDGE ( 'NONE', *, *, #3178, .T. ) ;
#3594 = VERTEX_POINT ( 'NONE', #3531 ) ;
#3595 = CYLINDRICAL_SURFACE ( 'NONE', #4753, 0.09999992529250952000 ) ;
#3596 = AXIS2_PLACEMENT_3D ( 'NONE', #7696, #6931, #236 ) ;
#3597 = CARTESIAN_POINT ( 'NONE',  ( 1.125000000000000200, 0.0000000000000000000, 0.05000000000000000300 ) ) ;
#3598 = EDGE_CURVE ( 'NONE', #8982, #6988, #5930, .T. ) ;
#3599 = CARTESIAN_POINT ( 'NONE',  ( 0.5500000000000000400, 0.0000000000000000000, 0.04999999999999999600 ) ) ;
#3600 = EDGE_CURVE ( 'NONE', #6302, #5179, #7673, .T. ) ;
#3601 = UNCERTAINTY_MEASURE_WITH_UNIT (LENGTH_MEASURE( 1.000000000000000100E-005 ), #9512, 'distance_accuracy_value', 'NONE');
#3602 = DIRECTION ( 'NONE',  ( -0.0000000000000000000, 0.0000000000000000000, 1.000000000000000000 ) ) ;
#3603 = EDGE_LOOP ( 'NONE', ( #4259, #8814, #8320, #696 ) ) ;
#3604 = EDGE_LOOP ( 'NONE', ( #8892, #5277, #9289, #3586 ) ) ;
#3605 = DIRECTION ( 'NONE',  ( 0.0000000000000000000, -1.000000000000000000, 0.0000000000000000000 ) ) ;
#3606 = LINE ( 'NONE', #2009, #9294 ) ;
#3607 = DIRECTION ( 'NONE',  ( 1.000000000000000000, 0.0000000000000000000, 0.0000000000000000000 ) ) ;
#3608 = DIRECTION ( 'NONE',  ( 0.0000000000000000000, 0.0000000000000000000, -1.000000000000000000 ) ) ;
#3609 = DIRECTION ( 'NONE',  ( 0.0000000000000000000, -0.0000000000000000000, 1.000000000000000000 ) ) ;
#3610 = DIRECTION ( 'NONE',  ( -1.000000000000000000, 0.0000000000000000000, 0.0000000000000000000 ) ) ;
#3611 = PLANE ( 'NONE',  #5129 ) ;
#3612 = VERTEX_POINT ( 'NONE', #6417 ) ;
#3613 = CARTESIAN_POINT ( 'NONE',  ( 0.5999999999999999800, -0.6500000000000001300, 0.04999999999999999600 ) ) ;
#3614 = VERTEX_POINT ( 'NONE', #3457 ) ;
#3615 = EDGE_CURVE ( 'NONE', #3623, #2764, #6617, .T. ) ;
#3616 = EDGE_CURVE ( 'NONE', #5620, #5245, #5099, .T. ) ;
#3617 = SURFACE_STYLE_USAGE ( .BOTH. , #8101 ) ;
#3618 = VECTOR ( 'NONE', #6114, 1000.000000000000000 ) ;
#3619 = FACE_OUTER_BOUND ( 'NONE', #5288, .T. ) ;
#3620 = ORIENTED_EDGE ( 'NONE', *, *, #9268, .F. ) ;
#3621 = CARTESIAN_POINT ( 'NONE',  ( 0.0000000000000000000, 1.325000000000000000, 0.2030000000000000100 ) ) ;
#3622 = DIRECTION ( 'NONE',  ( -1.000000000000000000, 0.0000000000000000000, 0.0000000000000000000 ) ) ;
#3623 = VERTEX_POINT ( 'NONE', #1306 ) ;
#3624 = CARTESIAN_POINT ( 'NONE',  ( 1.750000000000000000, 1.058100000000000000, 0.2030000000000000100 ) ) ;
#3625 = ORIENTED_EDGE ( 'NONE', *, *, #8276, .T. ) ;
#3626 = EDGE_LOOP ( 'NONE', ( #2396, #4384, #7122, #4676 ) ) ;
#3627 = LINE ( 'NONE', #4163, #317 ) ;
#3628 = FACE_OUTER_BOUND ( 'NONE', #5892, .T. ) ;
#3629 = EDGE_CURVE ( 'NONE', #5132, #3224, #8017, .T. ) ;
#3630 = AXIS2_PLACEMENT_3D ( 'NONE', #7817, #3277, #6960 ) ;
#3631 = VERTEX_POINT ( 'NONE', #4201 ) ;
#3632 = DIRECTION ( 'NONE',  ( 1.000000000000000000, 0.0000000000000000000, 0.0000000000000000000 ) ) ;
#3633 = CIRCLE ( 'NONE', #1948, 0.09999992529250952000 ) ;
#3634 = VERTEX_POINT ( 'NONE', #5050 ) ;
#3635 = PLANE ( 'NONE',  #7188 ) ;
#3636 = DIRECTION ( 'NONE',  ( 1.000000000000000000, -0.0000000000000000000, -0.0000000000000000000 ) ) ;
#3637 = VERTEX_POINT ( 'NONE', #4233 ) ;
#3638 = ORIENTED_EDGE ( 'NONE', *, *, #9169, .F. ) ;
#3639 = EDGE_CURVE ( 'NONE', #1598, #1547, #7439, .T. ) ;
#3640 = ADVANCED_FACE ( 'NONE', ( #1608 ), #9448, .T. ) ;
#3641 = DIRECTION ( 'NONE',  ( -1.000000000000000000, 0.0000000000000000000, 0.0000000000000000000 ) ) ;
#3642 = AXIS2_PLACEMENT_3D ( 'NONE', #982, #3854, #3144 ) ;
#3643 = CARTESIAN_POINT ( 'NONE',  ( -0.1000000000000000100, -1.600000000000000100, 0.2030000000000000100 ) ) ;
#3644 = DIRECTION ( 'NONE',  ( -1.000000000000000000, 0.0000000000000000000, 0.0000000000000000000 ) ) ;
#3645 = DIRECTION ( 'NONE',  ( 0.0000000000000000000, -0.0000000000000000000, -1.000000000000000000 ) ) ;
#3646 = ORIENTED_EDGE ( 'NONE', *, *, #382, .T. ) ;
#3647 = FACE_OUTER_BOUND ( 'NONE', #133, .T. ) ;
#3648 = SURFACE_SIDE_STYLE ('',( #4530 ) ) ;
#3649 = EDGE_LOOP ( 'NONE', ( #2180, #5005, #3835, #646 ) ) ;
#3650 = CARTESIAN_POINT ( 'NONE',  ( 1.133224066074082400, -1.865000000000000200, 0.2030000000000000100 ) ) ;
#3651 = CARTESIAN_POINT ( 'NONE',  ( 0.3737832091245749100, -0.0003031493991278053000, 0.0000000000000000000 ) ) ;
#3652 = DIRECTION ( 'NONE',  ( -0.0000000000000000000, -0.0000000000000000000, -1.000000000000000000 ) ) ;
#3653 = EDGE_CURVE ( 'NONE', #3008, #5198, #3463, .T. ) ;
#3654 = ORIENTED_EDGE ( 'NONE', *, *, #4531, .T. ) ;
#3655 = CARTESIAN_POINT ( 'NONE',  ( -0.0000000000000000000, 1.875000000000000000, 0.0000000000000000000 ) ) ;
#3656 = FACE_OUTER_BOUND ( 'NONE', #9090, .T. ) ;
#3657 = ORIENTED_EDGE ( 'NONE', *, *, #9513, .F. ) ;
#3658 = CARTESIAN_POINT ( 'NONE',  ( -1.475013750063923100, -1.837530996695474700, 0.0000000000000000000 ) ) ;
#3659 = DIRECTION ( 'NONE',  ( -1.000000000000000000, 0.0000000000000000000, 0.0000000000000000000 ) ) ;
#3660 = ORIENTED_EDGE ( 'NONE', *, *, #736, .T. ) ;
#3661 = CARTESIAN_POINT ( 'NONE',  ( 0.0000000000000000000, -0.1499999999999999900, 0.2030000000000000100 ) ) ;
#3662 = VECTOR ( 'NONE', #9500, 1000.000000000000000 ) ;
#3663 = EDGE_CURVE ( 'NONE', #3857, #5385, #1238, .T. ) ;
#3664 = ORIENTED_EDGE ( 'NONE', *, *, #8247, .T. ) ;
#3665 = EDGE_CURVE ( 'NONE', #6772, #1508, #1126, .T. ) ;
#3666 = CARTESIAN_POINT ( 'NONE',  ( 1.712530996695474700, -0.6999862499360770500, 0.2030000000000000100 ) ) ;
#3667 = CARTESIAN_POINT ( 'NONE',  ( 0.0000000000000000000, 0.0000000000000000000, 0.0000000000000000000 ) ) ;
#3668 = CARTESIAN_POINT ( 'NONE',  ( -1.712530996695474700, -1.399986249936077100, 0.2030000000000000100 ) ) ;
#3669 = DIRECTION ( 'NONE',  ( -0.0000000000000000000, -0.0000000000000000000, 1.000000000000000000 ) ) ;
#3670 = CIRCLE ( 'NONE', #9526, 0.04998625954667008900 ) ;
#3671 = ORIENTED_EDGE ( 'NONE', *, *, #4060, .F. ) ;
#3672 = CIRCLE ( 'NONE', #7827, 0.04998607688890748000 ) ;
#3673 = DIRECTION ( 'NONE',  ( -1.000000000000000000, 0.0000000000000000000, 0.0000000000000000000 ) ) ;
#3674 = EDGE_CURVE ( 'NONE', #1739, #146, #6838, .T. ) ;
#3675 = CARTESIAN_POINT ( 'NONE',  ( 1.141899999999999900, 1.875000000000000000, 0.0000000000000000000 ) ) ;
#3676 = CARTESIAN_POINT ( 'NONE',  ( -1.225000000000000100, 1.075000000000000000, 0.2030000000000000100 ) ) ;
#3677 = CARTESIAN_POINT ( 'NONE',  ( 0.5999999999999999800, -1.350000000000000100, 0.04999999999999999600 ) ) ;
#3678 = ORIENTED_EDGE ( 'NONE', *, *, #3248, .F. ) ;
#3679 = DIRECTION ( 'NONE',  ( -1.000000000000000000, 0.0000000000000000000, 0.0000000000000000000 ) ) ;
#3680 = ADVANCED_FACE ( 'NONE', ( #7891 ), #6144, .T. ) ;
#3681 = ORIENTED_EDGE ( 'NONE', *, *, #2354, .F. ) ;
#3682 = SURFACE_STYLE_FILL_AREA ( #5557 ) ;
#3683 = CARTESIAN_POINT ( 'NONE',  ( -1.225000000000000100, 1.075000000000000000, 0.0000000000000000000 ) ) ;
#3684 = VERTEX_POINT ( 'NONE', #634 ) ;
#3685 = EDGE_CURVE ( 'NONE', #8033, #4219, #8589, .T. ) ;
#3686 = VERTEX_POINT ( 'NONE', #1374 ) ;
#3687 = CARTESIAN_POINT ( 'NONE',  ( -0.8750000000000000000, 1.375000000000000000, 0.2030000000000000100 ) ) ;
#3688 = EDGE_CURVE ( 'NONE', #6237, #1468, #9051, .T. ) ;
#3689 = CARTESIAN_POINT ( 'NONE',  ( -0.3750000000000000000, 0.0000000000000000000, 0.2030000000000000100 ) ) ;
#3690 = AXIS2_PLACEMENT_3D ( 'NONE', #4500, #2963, #8117 ) ;
#3691 = ORIENTED_EDGE ( 'NONE', *, *, #7445, .F. ) ;
#3692 =( GEOMETRIC_REPRESENTATION_CONTEXT ( 3 ) GLOBAL_UNCERTAINTY_ASSIGNED_CONTEXT ( ( #700 ) ) GLOBAL_UNIT_ASSIGNED_CONTEXT ( ( #6703, #655, #2245 ) ) REPRESENTATION_CONTEXT ( 'NONE', 'WORKASPACE' ) );
#3693 = CARTESIAN_POINT ( 'NONE',  ( 0.1679833953000000000, 0.1358116410000000100, 0.8009000000000000600 ) ) ;
#3694 = LINE ( 'NONE', #3650, #3904 ) ;
#3695 = DIRECTION ( 'NONE',  ( 0.0000000000000000000, -1.000000000000000000, 0.0000000000000000000 ) ) ;
#3696 = ORIENTED_EDGE ( 'NONE', *, *, #4531, .F. ) ;
#3697 = DIRECTION ( 'NONE',  ( 1.000000000000000000, 0.0000000000000000000, 0.0000000000000000000 ) ) ;
#3698 = ORIENTED_EDGE ( 'NONE', *, *, #9661, .F. ) ;
#3699 =( LENGTH_UNIT ( ) NAMED_UNIT ( * ) SI_UNIT ( .MILLI., .METRE. ) );
#3700 = ORIENTED_EDGE ( 'NONE', *, *, #5742, .F. ) ;
#3701 = DIRECTION ( 'NONE',  ( 0.0000000000000000000, 1.000000000000000000, -0.0000000000000000000 ) ) ;
#3702 = VECTOR ( 'NONE', #1782, 1000.000000000000000 ) ;
#3703 = CARTESIAN_POINT ( 'NONE',  ( 0.3250000000000000700, 1.325000000000000000, 0.04999999999999999600 ) ) ;
#3704 = ORIENTED_EDGE ( 'NONE', *, *, #2718, .T. ) ;
#3705 = ORIENTED_EDGE ( 'NONE', *, *, #3153, .T. ) ;
#3706 =( NAMED_UNIT ( * ) PLANE_ANGLE_UNIT ( ) SI_UNIT ( $, .RADIAN. ) );
#3707 = COLOUR_RGB ( '',1.000000000000000000, 1.000000000000000000, 1.000000000000000000 ) ;
#3708 = PLANE ( 'NONE',  #9637 ) ;
#3709 = DIRECTION ( 'NONE',  ( -1.000000000000000000, 0.0000000000000000000, 0.0000000000000000000 ) ) ;
#3710 = CARTESIAN_POINT ( 'NONE',  ( 1.524999999999999900, -1.837499999999999900, 0.04999999999999999600 ) ) ;
#3711 = ORIENTED_EDGE ( 'NONE', *, *, #1730, .F. ) ;
#3712 = DIRECTION ( 'NONE',  ( 1.000000000000000000, 0.0000000000000000000, 0.0000000000000000000 ) ) ;
#3713 = ORIENTED_EDGE ( 'NONE', *, *, #1648, .F. ) ;
#3714 = AXIS2_PLACEMENT_3D ( 'NONE', #5172, #6680, #7494 ) ;
#3715 = CIRCLE ( 'NONE', #3993, 0.04998625954667031100 ) ;
#3716 = EDGE_CURVE ( 'NONE', #2414, #6399, #1951, .T. ) ;
#3717 = EDGE_CURVE ( 'NONE', #8454, #2394, #1490, .T. ) ;
#3718 = EDGE_LOOP ( 'NONE', ( #3840, #7325, #934, #9384 ) ) ;
#3719 = CARTESIAN_POINT ( 'NONE',  ( -1.740000000000000000, -0.8417759339259178700, 0.04999999999999999600 ) ) ;
#3720 = DIRECTION ( 'NONE',  ( -0.0000000000000000000, -0.0000000000000000000, -1.000000000000000000 ) ) ;
#3721 = DIRECTION ( 'NONE',  ( -0.0000000000000000000, -0.0000000000000000000, -1.000000000000000000 ) ) ;
#3722 = ORIENTED_EDGE ( 'NONE', *, *, #1792, .T. ) ;
#3723 = PRESENTATION_STYLE_ASSIGNMENT (( #1124 ) ) ;
#3724 = ADVANCED_FACE ( 'NONE', ( #6043 ), #5118, .T. ) ;
#3725 = VECTOR ( 'NONE', #5508, 1000.000000000000000 ) ;
#3726 = VERTEX_POINT ( 'NONE', #1712 ) ;
#3727 = ORIENTED_EDGE ( 'NONE', *, *, #5728, .F. ) ;
#3728 = VERTEX_POINT ( 'NONE', #6212 ) ;
#3729 = AXIS2_PLACEMENT_3D ( 'NONE', #3587, #2048, #2852 ) ;
#3730 = CARTESIAN_POINT ( 'NONE',  ( 1.125000000000000200, 1.375000000000000000, 0.2030000000000000100 ) ) ;
#3731 = ORIENTED_EDGE ( 'NONE', *, *, #1026, .F. ) ;
#3732 = LINE ( 'NONE', #5715, #9438 ) ;
#3733 = FACE_OUTER_BOUND ( 'NONE', #610, .T. ) ;
#3734 = EDGE_LOOP ( 'NONE', ( #1778, #9521, #5996, #4998 ) ) ;
#3735 = FACE_OUTER_BOUND ( 'NONE', #5679, .T. ) ;
#3736 = ADVANCED_FACE ( 'NONE', ( #7327 ), #9643, .F. ) ;
#3737 = CARTESIAN_POINT ( 'NONE',  ( 0.0000000000000000000, 0.5749999999999999600, 0.2030000000000000100 ) ) ;
#3738 = DIRECTION ( 'NONE',  ( 0.0000000000000000000, -1.000000000000000000, 0.0000000000000000000 ) ) ;
#3739 = FILL_AREA_STYLE ('',( #4392 ) ) ;
#3740 = ORIENTED_EDGE ( 'NONE', *, *, #6000, .T. ) ;
#3741 = CIRCLE ( 'NONE', #3429, 0.04998625954667008900 ) ;
#3742 = EDGE_LOOP ( 'NONE', ( #6870, #3780, #53, #7771, #8905, #2476 ) ) ;
#3743 = AXIS2_PLACEMENT_3D ( 'NONE', #1320, #4341, #2805 ) ;
#3744 = DIRECTION ( 'NONE',  ( -1.000000000000000000, 0.0000000000000000000, 0.0000000000000000000 ) ) ;
#3745 = AXIS2_PLACEMENT_3D ( 'NONE', #5947, #2957, #3712 ) ;
#3746 = ORIENTED_EDGE ( 'NONE', *, *, #3685, .T. ) ;
#3747 = DIRECTION ( 'NONE',  ( -0.0000000000000000000, 0.0000000000000000000, 1.000000000000000000 ) ) ;
#3748 = ORIENTED_EDGE ( 'NONE', *, *, #6728, .F. ) ;
#3749 = LINE ( 'NONE', #8548, #1769 ) ;
#3750 = DIRECTION ( 'NONE',  ( 1.000000000000000000, 0.0000000000000000000, 0.0000000000000000000 ) ) ;
#3751 = DIRECTION ( 'NONE',  ( -1.000000000000000000, 0.0000000000000000000, 0.0000000000000000000 ) ) ;
#3752 = LINE ( 'NONE', #6804, #5266 ) ;
#3753 = VECTOR ( 'NONE', #4761, 1000.000000000000000 ) ;
#3754 = CARTESIAN_POINT ( 'NONE',  ( -0.3250000000000000700, 1.325000000000000000, 0.0000000000000000000 ) ) ;
#3755 = EDGE_CURVE ( 'NONE', #7766, #6208, #7198, .T. ) ;
#3756 = CARTESIAN_POINT ( 'NONE',  ( -1.712530996695474900, 0.3749862499360769300, 0.04999999999999999600 ) ) ;
#3757 = AXIS2_PLACEMENT_3D ( 'NONE', #7274, #1341, #9588 ) ;
#3758 = ORIENTED_EDGE ( 'NONE', *, *, #3350, .F. ) ;
#3759 = CARTESIAN_POINT ( 'NONE',  ( -1.750000000000000000, 1.341900000000000100, 0.0000000000000000000 ) ) ;
#3760 = CIRCLE ( 'NONE', #4412, 0.04999996264625471100 ) ;
#3761 = ORIENTED_EDGE ( 'NONE', *, *, #3653, .F. ) ;
#3762 = VECTOR ( 'NONE', #8912, 1000.000000000000000 ) ;
#3763 = CARTESIAN_POINT ( 'NONE',  ( 1.740000000000000000, -1.865000000000000200, 0.05000000000000000300 ) ) ;
#3764 = ORIENTED_EDGE ( 'NONE', *, *, #5920, .F. ) ;
#3765 = CARTESIAN_POINT ( 'NONE',  ( -1.125000000000000200, 1.837499999999999900, 0.04999999999999999600 ) ) ;
#3766 = FACE_BOUND ( 'NONE', #1565, .T. ) ;
#3767 = VERTEX_POINT ( 'NONE', #8480 ) ;
#3768 = FILL_AREA_STYLE ('',( #8203 ) ) ;
#3769 = MECHANICAL_DESIGN_GEOMETRIC_PRESENTATION_REPRESENTATION (  '', ( #3264 ), #6271 ) ;
#3770 = CARTESIAN_POINT ( 'NONE',  ( -0.6750566836383621300, 1.374986044749599200, 0.04999999999999999600 ) ) ;
#3771 = COLOUR_RGB ( '',1.000000000000000000, 1.000000000000000000, 1.000000000000000000 ) ;
#3772 = ADVANCED_FACE ( 'NONE', ( #2876 ), #6884, .F. ) ;
#3773 = EDGE_CURVE ( 'NONE', #5876, #9501, #3813, .T. ) ;
#3774 = DIRECTION ( 'NONE',  ( 0.0000000000000000000, 0.0000000000000000000, 1.000000000000000000 ) ) ;
#3775 = VERTEX_POINT ( 'NONE', #3173 ) ;
#3776 = VERTEX_POINT ( 'NONE', #3202 ) ;
#3777 = VECTOR ( 'NONE', #6887, 1000.000000000000000 ) ;
#3778 = VERTEX_POINT ( 'NONE', #3889 ) ;
#3779 = ORIENTED_EDGE ( 'NONE', *, *, #511, .F. ) ;
#3780 = ORIENTED_EDGE ( 'NONE', *, *, #5027, .T. ) ;
#3781 = LINE ( 'NONE', #1826, #7757 ) ;
#3782 = CARTESIAN_POINT ( 'NONE',  ( -1.740000000000000000, -1.865000000000000200, 0.05000000000000000300 ) ) ;
#3783 = DIRECTION ( 'NONE',  ( -1.000000000000000000, 0.0000000000000000000, 0.0000000000000000000 ) ) ;
#3784 = ADVANCED_FACE ( 'NONE', ( #4861 ), #5212, .T. ) ;
#3785 = PRESENTATION_LAYER_ASSIGNMENT (  '', '', ( #2107 ) ) ;
#3786 = EDGE_CURVE ( 'NONE', #8278, #7018, #5576, .T. ) ;
#3787 = ORIENTED_EDGE ( 'NONE', *, *, #6915, .T. ) ;
#3788 = EDGE_CURVE ( 'NONE', #645, #4378, #651, .T. ) ;
#3789 =( NAMED_UNIT ( * ) PLANE_ANGLE_UNIT ( ) SI_UNIT ( $, .RADIAN. ) );
#3790 = ORIENTED_EDGE ( 'NONE', *, *, #9195, .T. ) ;
#3791 = ORIENTED_EDGE ( 'NONE', *, *, #3460, .T. ) ;
#3792 = LINE ( 'NONE', #6967, #8799 ) ;
#3793 = DIRECTION ( 'NONE',  ( 1.000000000000000000, 0.0000000000000000000, 0.0000000000000000000 ) ) ;
#3794 = CIRCLE ( 'NONE', #4889, 0.04998625954667031100 ) ;
#3795 = CARTESIAN_POINT ( 'NONE',  ( -1.712530996695474700, -0.8000137500639229500, 0.2030000000000000100 ) ) ;
#3796 = ORIENTED_EDGE ( 'NONE', *, *, #5533, .F. ) ;
#3797 = FACE_OUTER_BOUND ( 'NONE', #4786, .T. ) ;
#3798 = EDGE_CURVE ( 'NONE', #5859, #7594, #411, .T. ) ;
#3799 = FACE_OUTER_BOUND ( 'NONE', #1442, .T. ) ;
#3800 = DIRECTION ( 'NONE',  ( 1.000000000000000000, 0.0000000000000000000, 0.0000000000000000000 ) ) ;
#3801 = AXIS2_PLACEMENT_3D ( 'NONE', #7647, #8339, #6872 ) ;
#3802 = AXIS2_PLACEMENT_3D ( 'NONE', #3478, #9363, #7131 ) ;
#3803 = CARTESIAN_POINT ( 'NONE',  ( 1.750000000000000000, 0.0000000000000000000, 0.0000000000000000000 ) ) ;
#3804 = DIRECTION ( 'NONE',  ( -1.000000000000000000, 0.0000000000000000000, 0.0000000000000000000 ) ) ;
#3805 = ORIENTED_EDGE ( 'NONE', *, *, #1219, .T. ) ;
#3806 = VECTOR ( 'NONE', #6211, 1000.000000000000000 ) ;
#3807 = DIRECTION ( 'NONE',  ( 0.0000000000000000000, 1.000000000000000000, 0.0000000000000000000 ) ) ;
#3808 = CARTESIAN_POINT ( 'NONE',  ( 0.0000000000000000000, -1.550000000000000300, 0.05000000000000000300 ) ) ;
#3809 = MECHANICAL_DESIGN_GEOMETRIC_PRESENTATION_REPRESENTATION (  '', ( #3441 ), #7998 ) ;
#3810 = DIRECTION ( 'NONE',  ( 1.000000000000000000, 0.0000000000000000000, 0.0000000000000000000 ) ) ;
#3811 = EDGE_LOOP ( 'NONE', ( #5683, #5536, #9394, #5241 ) ) ;
#3812 = DIRECTION ( 'NONE',  ( 1.000000000000000000, 0.0000000000000000000, -0.0000000000000000000 ) ) ;
#3813 = CIRCLE ( 'NONE', #5434, 0.04999996264625471100 ) ;
#3814 = DIRECTION ( 'NONE',  ( 1.000000000000000000, 0.0000000000000000000, 0.0000000000000000000 ) ) ;
#3815 = ADVANCED_FACE ( 'NONE', ( #292 ), #3595, .F. ) ;
#3816 = DIRECTION ( 'NONE',  ( -1.000000000000000000, 0.0000000000000000000, 0.0000000000000000000 ) ) ;
#3817 = DIRECTION ( 'NONE',  ( 0.0000000000000000000, 0.0000000000000000000, 1.000000000000000000 ) ) ;
#3818 = CARTESIAN_POINT ( 'NONE',  ( -0.6250000000000000000, 0.0000000000000000000, 0.05000000000000000300 ) ) ;
#3819 = VERTEX_POINT ( 'NONE', #5425 ) ;
#3820 = EDGE_LOOP ( 'NONE', ( #5113, #8195, #2112, #8794 ) ) ;
#3821 = CYLINDRICAL_SURFACE ( 'NONE', #9175, 0.04999996264625481600 ) ;
#3822 = AXIS2_PLACEMENT_3D ( 'NONE', #4829, #4734, #374 ) ;
#3823 = EDGE_CURVE ( 'NONE', #8310, #2574, #1841, .T. ) ;
#3824 = UNCERTAINTY_MEASURE_WITH_UNIT (LENGTH_MEASURE( 1.000000000000000100E-005 ), #8989, 'distance_accuracy_value', 'NONE');
#3825 = ADVANCED_FACE ( 'NONE', ( #7087 ), #8637, .F. ) ;
#3826 = DIRECTION ( 'NONE',  ( -0.0000000000000000000, -0.0000000000000000000, -1.000000000000000000 ) ) ;
#3827 = ORIENTED_EDGE ( 'NONE', *, *, #6052, .F. ) ;
#3828 = VERTEX_POINT ( 'NONE', #3987 ) ;
#3829 = FACE_OUTER_BOUND ( 'NONE', #7926, .T. ) ;
#3830 = VECTOR ( 'NONE', #4428, 1000.000000000000000 ) ;
#3831 = CARTESIAN_POINT ( 'NONE',  ( -0.5999999999999999800, -0.6500000000000001300, 0.0000000000000000000 ) ) ;
#3832 = ORIENTED_EDGE ( 'NONE', *, *, #9095, .T. ) ;
#3833 = AXIS2_PLACEMENT_3D ( 'NONE', #426, #5680, #2634 ) ;
#3834 = ORIENTED_EDGE ( 'NONE', *, *, #672, .T. ) ;
#3835 = ORIENTED_EDGE ( 'NONE', *, *, #5394, .F. ) ;
#3836 = EDGE_CURVE ( 'NONE', #3623, #7019, #8354, .T. ) ;
#3837 = VECTOR ( 'NONE', #4255, 1000.000000000000000 ) ;
#3838 = DIRECTION ( 'NONE',  ( -0.0000000000000000000, -0.0000000000000000000, -1.000000000000000000 ) ) ;
#3839 = LINE ( 'NONE', #4102, #1741 ) ;
#3840 = ORIENTED_EDGE ( 'NONE', *, *, #4372, .F. ) ;
#3841 = ORIENTED_EDGE ( 'NONE', *, *, #2967, .T. ) ;
#3842 = FACE_OUTER_BOUND ( 'NONE', #248, .T. ) ;
#3843 = LINE ( 'NONE', #2136, #8054 ) ;
#3844 = ORIENTED_EDGE ( 'NONE', *, *, #5813, .T. ) ;
#3845 = DIRECTION ( 'NONE',  ( -1.000000000000000000, 0.0000000000000000000, 0.0000000000000000000 ) ) ;
#3846 =( LENGTH_UNIT ( ) NAMED_UNIT ( * ) SI_UNIT ( .MILLI., .METRE. ) );
#3847 = EDGE_CURVE ( 'NONE', #7334, #1954, #8825, .T. ) ;
#3848 = AXIS2_PLACEMENT_3D ( 'NONE', #7932, #4179, #3409 ) ;
#3849 = ORIENTED_EDGE ( 'NONE', *, *, #4025, .T. ) ;
#3850 = LINE ( 'NONE', #7090, #4797 ) ;
#3851 = LINE ( 'NONE', #5551, #6770 ) ;
#3852 = ORIENTED_EDGE ( 'NONE', *, *, #4477, .F. ) ;
#3853 = DIRECTION ( 'NONE',  ( -1.000000000000000000, 0.0000000000000000000, 0.0000000000000000000 ) ) ;
#3854 = DIRECTION ( 'NONE',  ( -0.0000000000000000000, 0.0000000000000000000, 1.000000000000000000 ) ) ;
#3855 = DIRECTION ( 'NONE',  ( -0.0000000000000000000, -0.0000000000000000000, -1.000000000000000000 ) ) ;
#3856 = VECTOR ( 'NONE', #9566, 1000.000000000000000 ) ;
#3857 = VERTEX_POINT ( 'NONE', #415 ) ;
#3858 = EDGE_CURVE ( 'NONE', #1308, #7521, #4396, .T. ) ;
#3859 = DIRECTION ( 'NONE',  ( 0.0000000000000000000, -1.000000000000000000, 0.0000000000000000000 ) ) ;
#3860 = EDGE_CURVE ( 'NONE', #5209, #6172, #877, .T. ) ;
#3861 = VECTOR ( 'NONE', #4638, 1000.000000000000000 ) ;
#3862 = AXIS2_PLACEMENT_3D ( 'NONE', #6197, #6937, #4039 ) ;
#3863 = SURFACE_STYLE_FILL_AREA ( #1240 ) ;
#3864 = VERTEX_POINT ( 'NONE', #1184 ) ;
#3865 = AXIS2_PLACEMENT_3D ( 'NONE', #9308, #5618, #2508 ) ;
#3866 = DIRECTION ( 'NONE',  ( -1.000000000000000000, 0.0000000000000000000, 0.0000000000000000000 ) ) ;
#3867 = CARTESIAN_POINT ( 'NONE',  ( -0.5999999626462407800, -0.8000000373537592400, 0.0000000000000000000 ) ) ;
#3868 = CARTESIAN_POINT ( 'NONE',  ( -1.740000000000000000, -1.358224066074082300, 0.2030000000000000100 ) ) ;
#3869 = EDGE_LOOP ( 'NONE', ( #8313, #3070, #4087, #2850 ) ) ;
#3870 = ADVANCED_FACE ( 'NONE', ( #7564 ), #170, .T. ) ;
#3871 = LINE ( 'NONE', #6263, #9471 ) ;
#3872 = LINE ( 'NONE', #3195, #5047 ) ;
#3873 = DIRECTION ( 'NONE',  ( -0.0000000000000000000, -0.0000000000000000000, -1.000000000000000000 ) ) ;
#3874 = ORIENTED_EDGE ( 'NONE', *, *, #909, .T. ) ;
#3875 = LINE ( 'NONE', #4106, #7851 ) ;
#3876 = CARTESIAN_POINT ( 'NONE',  ( -1.712500000000000100, 0.5749999999999999600, 0.04999999999999999600 ) ) ;
#3877 = AXIS2_PLACEMENT_3D ( 'NONE', #742, #3100, #3845 ) ;
#3878 = CARTESIAN_POINT ( 'NONE',  ( -0.2000000000000000100, -1.200000000000000000, 0.04999999999999999600 ) ) ;
#3879 = DIRECTION ( 'NONE',  ( 0.0000000000000000000, -1.000000000000000000, 0.0000000000000000000 ) ) ;
#3880 = CARTESIAN_POINT ( 'NONE',  ( -0.09995942673878688300, 0.1738201039154271800, 0.8009000000000000600 ) ) ;
#3881 = DIRECTION ( 'NONE',  ( 1.000000000000000000, 0.0000000000000000000, 0.0000000000000000000 ) ) ;
#3882 = ORIENTED_EDGE ( 'NONE', *, *, #7147, .F. ) ;
#3883 = CARTESIAN_POINT ( 'NONE',  ( -0.3580999999999999700, 1.875000000000000000, 0.2030000000000000100 ) ) ;
#3884 = LINE ( 'NONE', #1391, #5652 ) ;
#3885 = ORIENTED_EDGE ( 'NONE', *, *, #190, .F. ) ;
#3886 = VECTOR ( 'NONE', #1633, 1000.000000000000000 ) ;
#3887 = CARTESIAN_POINT ( 'NONE',  ( -1.750000000000000000, 1.608100000000000100, 0.2030000000000000100 ) ) ;
#3888 = DIRECTION ( 'NONE',  ( -0.0000000000000000000, -0.0000000000000000000, -1.000000000000000000 ) ) ;
#3889 = CARTESIAN_POINT ( 'NONE',  ( -1.712500000000000100, 1.625000000000000200, 0.0000000000000000000 ) ) ;
#3890 = ORIENTED_EDGE ( 'NONE', *, *, #3093, .T. ) ;
#3891 = DIRECTION ( 'NONE',  ( -0.0000000000000000000, -0.0000000000000000000, -1.000000000000000000 ) ) ;
#3892 = SURFACE_STYLE_FILL_AREA ( #3739 ) ;
#3893 = ORIENTED_EDGE ( 'NONE', *, *, #7027, .F. ) ;
#3894 = EDGE_CURVE ( 'NONE', #2635, #7018, #400, .T. ) ;
#3895 = ORIENTED_EDGE ( 'NONE', *, *, #714, .F. ) ;
#3896 = VERTEX_POINT ( 'NONE', #7777 ) ;
#3897 = EDGE_CURVE ( 'NONE', #9006, #163, #1600, .T. ) ;
#3898 = LINE ( 'NONE', #8954, #1097 ) ;
#3899 = DIRECTION ( 'NONE',  ( 1.000000000000000000, 0.0000000000000000000, 0.0000000000000000000 ) ) ;
#3900 = ORIENTED_EDGE ( 'NONE', *, *, #3021, .T. ) ;
#3901 = CARTESIAN_POINT ( 'NONE',  ( -1.750000000000000000, 0.0000000000000000000, 0.2030000000000000100 ) ) ;
#3902 = DIRECTION ( 'NONE',  ( 0.0000000000000000000, -0.0000000000000000000, 1.000000000000000000 ) ) ;
#3903 = VECTOR ( 'NONE', #542, 1000.000000000000000 ) ;
#3904 = VECTOR ( 'NONE', #8232, 1000.000000000000000 ) ;
#3905 = AXIS2_PLACEMENT_3D ( 'NONE', #4377, #8803, #4439 ) ;
#3906 = CARTESIAN_POINT ( 'NONE',  ( -0.2750000000000000200, -0.2999999999999999900, 0.2030000000000000100 ) ) ;
#3907 = EDGE_CURVE ( 'NONE', #5926, #3585, #6953, .T. ) ;
#3908 = EDGE_CURVE ( 'NONE', #6391, #6150, #6727, .T. ) ;
#3909 = FILL_AREA_STYLE ('',( #706 ) ) ;
#3910 = EDGE_LOOP ( 'NONE', ( #5502, #4623, #6612, #2602 ) ) ;
#3911 = DIRECTION ( 'NONE',  ( 0.0000000000000000000, -1.000000000000000000, 0.0000000000000000000 ) ) ;
#3912 = DIRECTION ( 'NONE',  ( 0.0000000000000000000, -0.0000000000000000000, 1.000000000000000000 ) ) ;
#3913 = CARTESIAN_POINT ( 'NONE',  ( -0.1000000000000000100, -1.300000000000000300, 0.04999999999999999600 ) ) ;
#3914 = ORIENTED_EDGE ( 'NONE', *, *, #3219, .F. ) ;
#3915 = LINE ( 'NONE', #5063, #9154 ) ;
#3916 = CARTESIAN_POINT ( 'NONE',  ( -1.712530996695474700, -1.399986249936077100, 0.04999999999999999600 ) ) ;
#3917 = FACE_OUTER_BOUND ( 'NONE', #2573, .T. ) ;
#3918 = EDGE_LOOP ( 'NONE', ( #441, #227, #2370, #5804 ) ) ;
#3919 = ADVANCED_FACE ( 'NONE', ( #3102 ), #5449, .T. ) ;
#3920 = ORIENTED_EDGE ( 'NONE', *, *, #2338, .T. ) ;
#3921 = CARTESIAN_POINT ( 'NONE',  ( 1.740000000000000000, 0.5667759339259179600, 0.04999999999999999600 ) ) ;
#3922 = CARTESIAN_POINT ( 'NONE',  ( -0.003669687703586100000, 0.1310032629980705500, 0.8009000000000000600 ) ) ;
#3923 = VECTOR ( 'NONE', #876, 1000.000000000000000 ) ;
#3924 = DIRECTION ( 'NONE',  ( -0.0000000000000000000, -0.0000000000000000000, -1.000000000000000000 ) ) ;
#3925 = ORIENTED_EDGE ( 'NONE', *, *, #6780, .T. ) ;
#3926 = ORIENTED_EDGE ( 'NONE', *, *, #7613, .T. ) ;
#3927 = CIRCLE ( 'NONE', #8060, 0.04998625954667031100 ) ;
#3928 = EDGE_CURVE ( 'NONE', #1089, #4767, #8693, .T. ) ;
#3929 = DIRECTION ( 'NONE',  ( -0.0000000000000000000, -0.0000000000000000000, -1.000000000000000000 ) ) ;
#3930 = AXIS2_PLACEMENT_3D ( 'NONE', #4806, #4835, #4018 ) ;
#3931 = CARTESIAN_POINT ( 'NONE',  ( 1.750000000000000000, 0.0000000000000000000, 0.0000000000000000000 ) ) ;
#3932 = ORIENTED_EDGE ( 'NONE', *, *, #766, .T. ) ;
#3933 = VERTEX_POINT ( 'NONE', #5522 ) ;
#3934 = CARTESIAN_POINT ( 'NONE',  ( 1.125000000000000200, 0.0000000000000000000, 0.2030000000000000100 ) ) ;
#3935 = VECTOR ( 'NONE', #5164, 1000.000000000000000 ) ;
#3936 = SURFACE_STYLE_FILL_AREA ( #6856 ) ;
#3937 = CARTESIAN_POINT ( 'NONE',  ( 1.712500000000000100, -1.550000000000000300, 0.0000000000000000000 ) ) ;
#3938 = FACE_OUTER_BOUND ( 'NONE', #6472, .T. ) ;
#3939 = CARTESIAN_POINT ( 'NONE',  ( -0.1750362499360769400, 1.837420233362311800, 0.2030000000000000100 ) ) ;
#3940 = CARTESIAN_POINT ( 'NONE',  ( 1.712530996695474700, -0.6999862499360770500, 0.04999999999999999600 ) ) ;
#3941 = CARTESIAN_POINT ( 'NONE',  ( 0.0000000000000000000, 0.0000000000000000000, 0.0000000000000000000 ) ) ;
#3942 = ORIENTED_EDGE ( 'NONE', *, *, #2289, .F. ) ;
#3943 = ORIENTED_EDGE ( 'NONE', *, *, #4374, .T. ) ;
#3944 = LINE ( 'NONE', #789, #445 ) ;
#3945 = LINE ( 'NONE', #5008, #4308 ) ;
#3946 = VECTOR ( 'NONE', #9371, 1000.000000000000000 ) ;
#3947 = EDGE_CURVE ( 'NONE', #6344, #8744, #8118, .T. ) ;
#3948 = CARTESIAN_POINT ( 'NONE',  ( -0.2209826877447634800, 0.1766074064980616700, 0.8008000000000000700 ) ) ;
#3949 = CARTESIAN_POINT ( 'NONE',  ( 0.2123996133000000400, 0.2152124982000001000, 0.8009000000000000600 ) ) ;
#3950 = DIRECTION ( 'NONE',  ( -0.0000000000000000000, -0.0000000000000000000, -1.000000000000000000 ) ) ;
#3951 = VECTOR ( 'NONE', #5907, 1000.000000000000000 ) ;
#3952 = DIRECTION ( 'NONE',  ( -1.000000000000000000, 0.0000000000000000000, 0.0000000000000000000 ) ) ;
#3953 = ORIENTED_EDGE ( 'NONE', *, *, #4828, .T. ) ;
#3954 = LINE ( 'NONE', #7269, #7588 ) ;
#3955 = DIRECTION ( 'NONE',  ( -0.0000000000000000000, 0.0000000000000000000, 1.000000000000000000 ) ) ;
#3956 = ORIENTED_EDGE ( 'NONE', *, *, #8711, .F. ) ;
#3957 = VECTOR ( 'NONE', #9431, 1000.000000000000000 ) ;
#3958 = DIRECTION ( 'NONE',  ( -0.0008110297413749792100, -0.9999996711153251700, 0.0000000000000000000 ) ) ;
#3959 = EDGE_CURVE ( 'NONE', #7766, #3726, #6371, .T. ) ;
#3960 = DIRECTION ( 'NONE',  ( 1.000000000000000000, 0.0000000000000000000, 0.0000000000000000000 ) ) ;
#3961 = EDGE_CURVE ( 'NONE', #7066, #5482, #6485, .T. ) ;
#3962 = ORIENTED_EDGE ( 'NONE', *, *, #4060, .T. ) ;
#3963 = CARTESIAN_POINT ( 'NONE',  ( -0.2667759339259177000, -1.865000000000000200, 0.04999999999999999600 ) ) ;
#3964 = COLOUR_RGB ( '',1.000000000000000000, 1.000000000000000000, 1.000000000000000000 ) ;
#3965 = CARTESIAN_POINT ( 'NONE',  ( 1.250000000000000000, 0.8249999999999999600, 0.04999999999999999600 ) ) ;
#3966 = VECTOR ( 'NONE', #6566, 1000.000000000000000 ) ;
#3967 = CIRCLE ( 'NONE', #7570, 0.02499998132312751500 ) ;
#3968 = ADVANCED_FACE ( 'NONE', ( #5318 ), #6951, .F. ) ;
#3969 = ORIENTED_EDGE ( 'NONE', *, *, #8330, .F. ) ;
#3970 = ORIENTED_EDGE ( 'NONE', *, *, #9069, .F. ) ;
#3971 = CARTESIAN_POINT ( 'NONE',  ( -1.740000000000000000, -1.865000000000000200, 0.05000000000000000300 ) ) ;
#3972 = VERTEX_POINT ( 'NONE', #7806 ) ;
#3973 = SURFACE_STYLE_USAGE ( .BOTH. , #2442 ) ;
#3974 = LINE ( 'NONE', #7273, #2351 ) ;
#3975 =( NAMED_UNIT ( * ) SI_UNIT ( $, .STERADIAN. ) SOLID_ANGLE_UNIT ( ) );
#3976 = DIRECTION ( 'NONE',  ( -1.000000000000000000, 0.0000000000000000000, 0.0000000000000000000 ) ) ;
#3977 = CARTESIAN_POINT ( 'NONE',  ( -1.750000000000000000, 0.0000000000000000000, 0.2030000000000000100 ) ) ;
#3978 = SURFACE_STYLE_FILL_AREA ( #3062 ) ;
#3979 = FACE_OUTER_BOUND ( 'NONE', #7603, .T. ) ;
#3980 = CARTESIAN_POINT ( 'NONE',  ( 0.0000000000000000000, 0.0000000000000000000, 0.8009000000000000600 ) ) ;
#3981 = EDGE_CURVE ( 'NONE', #5096, #2688, #1831, .T. ) ;
#3982 = EDGE_LOOP ( 'NONE', ( #8035, #5692, #7936, #9470 ) ) ;
#3983 =( GEOMETRIC_REPRESENTATION_CONTEXT ( 3 ) GLOBAL_UNCERTAINTY_ASSIGNED_CONTEXT ( ( #9370 ) ) GLOBAL_UNIT_ASSIGNED_CONTEXT ( ( #964, #6195, #1731 ) ) REPRESENTATION_CONTEXT ( 'NONE', 'WORKASPACE' ) );
#3984 = ORIENTED_EDGE ( 'NONE', *, *, #1121, .F. ) ;
#3985 = CIRCLE ( 'NONE', #1166, 0.04999996264625481600 ) ;
#3986 = DIRECTION ( 'NONE',  ( 1.000000000000000000, 0.0000000000000000000, 0.0000000000000000000 ) ) ;
#3987 = CARTESIAN_POINT ( 'NONE',  ( 1.712500000000000100, 1.075000000000000000, 0.04999999999999999600 ) ) ;
#3988 = ORIENTED_EDGE ( 'NONE', *, *, #8779, .F. ) ;
#3989 = DIRECTION ( 'NONE',  ( 1.000000000000000000, 0.0000000000000000000, 0.0000000000000000000 ) ) ;
#3990 = DIRECTION ( 'NONE',  ( -0.0000000000000000000, 0.0000000000000000000, 1.000000000000000000 ) ) ;
#3991 = CARTESIAN_POINT ( 'NONE',  ( 0.8737828802399549800, -0.0007086641364472852400, 0.2030000000000000100 ) ) ;
#3992 = LINE ( 'NONE', #4548, #3762 ) ;
#3993 = AXIS2_PLACEMENT_3D ( 'NONE', #1189, #6495, #1944 ) ;
#3994 = ORIENTED_EDGE ( 'NONE', *, *, #7368, .T. ) ;
#3995 = LINE ( 'NONE', #8034, #839 ) ;
#3996 = EDGE_LOOP ( 'NONE', ( #7314, #8374, #3101, #9392, #8422, #331 ) ) ;
#3997 = LINE ( 'NONE', #3676, #4701 ) ;
#3998 = CARTESIAN_POINT ( 'NONE',  ( 0.1000000000000000100, -0.9000000000000001300, 0.04999999999999999600 ) ) ;
#3999 = UNCERTAINTY_MEASURE_WITH_UNIT (LENGTH_MEASURE( 1.000000000000000100E-005 ), #5116, 'distance_accuracy_value', 'NONE');
#4000 = ORIENTED_EDGE ( 'NONE', *, *, #1409, .T. ) ;
#4001 = SURFACE_STYLE_FILL_AREA ( #1716 ) ;
#4002 = VERTEX_POINT ( 'NONE', #5489 ) ;
#4003 = ORIENTED_EDGE ( 'NONE', *, *, #7798, .T. ) ;
#4004 = AXIS2_PLACEMENT_3D ( 'NONE', #6165, #868, #8309 ) ;
#4005 = DIRECTION ( 'NONE',  ( -0.0008110297413749792100, -0.9999996711153251700, 0.0000000000000000000 ) ) ;
#4006 = VECTOR ( 'NONE', #2470, 1000.000000000000000 ) ;
#4007 = DIRECTION ( 'NONE',  ( -0.0000000000000000000, -0.0000000000000000000, -1.000000000000000000 ) ) ;
#4008 = DIRECTION ( 'NONE',  ( -1.000000000000000000, 4.338000811896018200E-015, 0.0000000000000000000 ) ) ;
#4009 = EDGE_CURVE ( 'NONE', #6939, #760, #3589, .T. ) ;
#4010 = DIRECTION ( 'NONE',  ( 1.000000000000000000, 0.0000000000000000000, 0.0000000000000000000 ) ) ;
#4011 = FILL_AREA_STYLE_COLOUR ( '', #4722 ) ;
#4012 = VERTEX_POINT ( 'NONE', #4772 ) ;
#4013 = ORIENTED_EDGE ( 'NONE', *, *, #5628, .T. ) ;
#4014 = ORIENTED_EDGE ( 'NONE', *, *, #6521, .T. ) ;
#4015 = ADVANCED_FACE ( 'NONE', ( #9273 ), #3341, .F. ) ;
#4016 = CARTESIAN_POINT ( 'NONE',  ( 0.1000000000000000100, -1.300000000000000300, 0.0000000000000000000 ) ) ;
#4017 = LINE ( 'NONE', #4592, #1217 ) ;
#4018 = DIRECTION ( 'NONE',  ( 0.0000000000000000000, -0.0000000000000000000, 1.000000000000000000 ) ) ;
#4019 = DIRECTION ( 'NONE',  ( -0.0000000000000000000, -0.0000000000000000000, -1.000000000000000000 ) ) ;
#4020 = DIRECTION ( 'NONE',  ( 0.0000000000000000000, -1.000000000000000000, 0.0000000000000000000 ) ) ;
#4021 = AXIS2_PLACEMENT_3D ( 'NONE', #8366, #6830, #3866 ) ;
#4022 = DIRECTION ( 'NONE',  ( -1.000000000000000000, 0.0000000000000000000, 0.0000000000000000000 ) ) ;
#4023 = EDGE_CURVE ( 'NONE', #1468, #921, #756, .T. ) ;
#4024 = VERTEX_POINT ( 'NONE', #3506 ) ;
#4025 = EDGE_CURVE ( 'NONE', #4575, #7519, #7317, .T. ) ;
#4026 = CARTESIAN_POINT ( 'NONE',  ( 1.712530996695474700, 1.374986249936076800, 0.2030000000000000100 ) ) ;
#4027 = DIRECTION ( 'NONE',  ( 0.0000000000000000000, -0.0000000000000000000, 1.000000000000000000 ) ) ;
#4028 = VERTEX_POINT ( 'NONE', #9324 ) ;
#4029 = LINE ( 'NONE', #911, #56 ) ;
#4030 = DIRECTION ( 'NONE',  ( -0.0000000000000000000, -0.0000000000000000000, -1.000000000000000000 ) ) ;
#4031 =( NAMED_UNIT ( * ) PLANE_ANGLE_UNIT ( ) SI_UNIT ( $, .RADIAN. ) );
#4032 = ORIENTED_EDGE ( 'NONE', *, *, #1990, .T. ) ;
#4033 = DIRECTION ( 'NONE',  ( 0.0000000000000000000, 0.0000000000000000000, 1.000000000000000000 ) ) ;
#4034 = VERTEX_POINT ( 'NONE', #4116 ) ;
#4035 = MECHANICAL_DESIGN_GEOMETRIC_PRESENTATION_REPRESENTATION (  '', ( #9482 ), #4540 ) ;
#4036 = EDGE_CURVE ( 'NONE', #8556, #7241, #9524, .T. ) ;
#4037 = AXIS2_PLACEMENT_3D ( 'NONE', #2244, #309, #5353 ) ;
#4038 = CARTESIAN_POINT ( 'NONE',  ( -1.133287128477144400, 1.865000000000000200, 0.04999999999999999600 ) ) ;
#4039 = DIRECTION ( 'NONE',  ( -1.000000000000000000, 0.0000000000000000000, 0.0000000000000000000 ) ) ;
#4040 = CARTESIAN_POINT ( 'NONE',  ( 1.712530996695474700, -0.6999862499360770500, 0.2030000000000000100 ) ) ;
#4041 = ORIENTED_EDGE ( 'NONE', *, *, #2364, .F. ) ;
#4042 = DIRECTION ( 'NONE',  ( -1.000000000000000000, 0.0000000000000000000, 0.0000000000000000000 ) ) ;
#4043 = ORIENTED_EDGE ( 'NONE', *, *, #5085, .T. ) ;
#4044 = VECTOR ( 'NONE', #7717, 1000.000000000000000 ) ;
#4045 = EDGE_CURVE ( 'NONE', #6796, #3637, #6135, .T. ) ;
#4046 = DIRECTION ( 'NONE',  ( 0.0000000000000000000, 1.000000000000000000, -0.0000000000000000000 ) ) ;
#4047 = ORIENTED_EDGE ( 'NONE', *, *, #4892, .T. ) ;
#4048 = DIRECTION ( 'NONE',  ( 0.0000000000000000000, -0.0000000000000000000, 1.000000000000000000 ) ) ;
#4049 = AXIS2_PLACEMENT_3D ( 'NONE', #639, #5953, #3659 ) ;
#4050 = CARTESIAN_POINT ( 'NONE',  ( -0.1000000000000000100, -1.300000000000000300, 0.2030000000000000100 ) ) ;
#4051 = ORIENTED_EDGE ( 'NONE', *, *, #4009, .F. ) ;
#4052 = CARTESIAN_POINT ( 'NONE',  ( 0.5999999626462407800, -0.8000000373537592400, 0.04999999999999999600 ) ) ;
#4053 = EDGE_LOOP ( 'NONE', ( #9548, #368, #1234, #2104, #2600, #5922, #6636 ) ) ;
#4054 =( GEOMETRIC_REPRESENTATION_CONTEXT ( 3 ) GLOBAL_UNCERTAINTY_ASSIGNED_CONTEXT ( ( #5932 ) ) GLOBAL_UNIT_ASSIGNED_CONTEXT ( ( #7662, #4678, #191 ) ) REPRESENTATION_CONTEXT ( 'NONE', 'WORKASPACE' ) );
#4055 =( LENGTH_UNIT ( ) NAMED_UNIT ( * ) SI_UNIT ( .MILLI., .METRE. ) );
#4056 = LINE ( 'NONE', #7253, #5452 ) ;
#4057 = ORIENTED_EDGE ( 'NONE', *, *, #7288, .T. ) ;
#4058 = ORIENTED_EDGE ( 'NONE', *, *, #7215, .T. ) ;
#4059 = CARTESIAN_POINT ( 'NONE',  ( -1.712500000000000100, 0.3250000000000000700, 0.2030000000000000100 ) ) ;
#4060 = EDGE_CURVE ( 'NONE', #521, #4640, #4852, .T. ) ;
#4061 = VECTOR ( 'NONE', #2360, 1000.000000000000000 ) ;
#4062 = CARTESIAN_POINT ( 'NONE',  ( -1.750000000000000000, 0.8418999999999999800, 0.2030000000000000100 ) ) ;
#4063 = LINE ( 'NONE', #465, #4185 ) ;
#4064 = AXIS2_PLACEMENT_3D ( 'NONE', #1114, #222, #981 ) ;
#4065 = DIRECTION ( 'NONE',  ( -0.0000000000000000000, 0.0000000000000000000, 1.000000000000000000 ) ) ;
#4066 = ADVANCED_FACE ( 'NONE', ( #4742 ), #1279, .T. ) ;
#4067 = CARTESIAN_POINT ( 'NONE',  ( 1.508000000000000000, 1.875000000000000000, 0.2030000000000000100 ) ) ;
#4068 = VECTOR ( 'NONE', #5972, 1000.000000000000000 ) ;
#4069 = DIRECTION ( 'NONE',  ( 0.0000000000000000000, 1.000000000000000000, 0.0000000000000000000 ) ) ;
#4070 = EDGE_LOOP ( 'NONE', ( #6997, #956, #8884, #5850 ) ) ;
#4071 = PLANE ( 'NONE',  #4162 ) ;
#4072 = DIRECTION ( 'NONE',  ( 0.0000000000000000000, -0.0000000000000000000, 1.000000000000000000 ) ) ;
#4073 = FILL_AREA_STYLE ('',( #6389 ) ) ;
#4074 = DIRECTION ( 'NONE',  ( 0.0000000000000000000, 1.000000000000000000, 0.0000000000000000000 ) ) ;
#4075 = AXIS2_PLACEMENT_3D ( 'NONE', #3737, #2919, #1497 ) ;
#4076 = ORIENTED_EDGE ( 'NONE', *, *, #9330, .T. ) ;
#4077 = EDGE_CURVE ( 'NONE', #6106, #5144, #2868, .T. ) ;
#4078 = EDGE_CURVE ( 'NONE', #6008, #3728, #2399, .T. ) ;
#4079 = CIRCLE ( 'NONE', #280, 0.04998625954667008900 ) ;
#4080 = VECTOR ( 'NONE', #2798, 1000.000000000000000 ) ;
#4081 = ORIENTED_EDGE ( 'NONE', *, *, #5885, .F. ) ;
#4082 = DIRECTION ( 'NONE',  ( 1.000000000000000000, 0.0000000000000000000, 0.0000000000000000000 ) ) ;
#4083 = DIRECTION ( 'NONE',  ( -0.9999996800001536000, 0.0007999997439988406400, 0.0000000000000000000 ) ) ;
#4084 = CARTESIAN_POINT ( 'NONE',  ( 0.2750000000000000200, -1.200000000000000000, 0.0000000000000000000 ) ) ;
#4085 = EDGE_LOOP ( 'NONE', ( #2893, #3196, #1486, #6973 ) ) ;
#4086 = CARTESIAN_POINT ( 'NONE',  ( -1.712530996695474700, 1.375006392306896800E-005, 0.04999999999999999600 ) ) ;
#4087 = ORIENTED_EDGE ( 'NONE', *, *, #4036, .T. ) ;
#4088 = VECTOR ( 'NONE', #2235, 1000.000000000000000 ) ;
#4089 = FACE_OUTER_BOUND ( 'NONE', #2612, .T. ) ;
#4090 = FILL_AREA_STYLE ('',( #6317 ) ) ;
#4091 = ORIENTED_EDGE ( 'NONE', *, *, #6110, .F. ) ;
#4092 = MECHANICAL_DESIGN_GEOMETRIC_PRESENTATION_REPRESENTATION (  '', ( #2107 ), #9396 ) ;
#4093 = EDGE_CURVE ( 'NONE', #5297, #6898, #7555, .T. ) ;
#4094 = EDGE_CURVE ( 'NONE', #1694, #6836, #6607, .T. ) ;
#4095 = CARTESIAN_POINT ( 'NONE',  ( 1.712530996695474900, -0.1000137500639230600, 0.0000000000000000000 ) ) ;
#4096 = DIRECTION ( 'NONE',  ( 0.0000000000000000000, -1.000000000000000000, 0.0000000000000000000 ) ) ;
#4097 = DIRECTION ( 'NONE',  ( 0.0000000000000000000, 1.000000000000000000, 0.0000000000000000000 ) ) ;
#4098 = VECTOR ( 'NONE', #388, 1000.000000000000000 ) ;
#4099 = ORIENTED_EDGE ( 'NONE', *, *, #1425, .T. ) ;
#4100 = LINE ( 'NONE', #1960, #229 ) ;
#4101 = LINE ( 'NONE', #1314, #8532 ) ;
#4102 = CARTESIAN_POINT ( 'NONE',  ( 1.740000000000000000, 1.865000000000000200, 0.8000000000000000400 ) ) ;
#4103 = EDGE_LOOP ( 'NONE', ( #3227, #7920, #5694, #6575 ) ) ;
#4104 = FILL_AREA_STYLE_COLOUR ( '', #8269 ) ;
#4105 = DIRECTION ( 'NONE',  ( -0.0000000000000000000, 0.0000000000000000000, 1.000000000000000000 ) ) ;
#4106 = CARTESIAN_POINT ( 'NONE',  ( 0.5999999999999999800, -0.8499999999999999800, 0.2030000000000000100 ) ) ;
#4107 = ORIENTED_EDGE ( 'NONE', *, *, #2157, .F. ) ;
#4108 = DIRECTION ( 'NONE',  ( 0.0000000000000000000, 0.0000000000000000000, 1.000000000000000000 ) ) ;
#4109 = EDGE_CURVE ( 'NONE', #2275, #9675, #8464, .T. ) ;
#4110 = LINE ( 'NONE', #901, #713 ) ;
#4111 = ORIENTED_EDGE ( 'NONE', *, *, #1540, .T. ) ;
#4112 = AXIS2_PLACEMENT_3D ( 'NONE', #8559, #9299, #7782 ) ;
#4113 = LINE ( 'NONE', #406, #2147 ) ;
#4114 = ADVANCED_FACE ( 'NONE', ( #164 ), #6259, .T. ) ;
#4115 = DIRECTION ( 'NONE',  ( -0.0000000000000000000, 0.0000000000000000000, -1.000000000000000000 ) ) ;
#4116 = CARTESIAN_POINT ( 'NONE',  ( -1.175100000000000000, 1.325000000000000000, 0.04999999999999999600 ) ) ;
#4117 = CARTESIAN_POINT ( 'NONE',  ( 0.2000000000000000100, -1.700000000000000000, 0.2030000000000000100 ) ) ;
#4118 = VECTOR ( 'NONE', #1285, 1000.000000000000000 ) ;
#4119 = EDGE_LOOP ( 'NONE', ( #2008, #8089, #5919, #6084, #1096, #5043 ) ) ;
#4120 = PLANE ( 'NONE',  #7553 ) ;
#4121 = CIRCLE ( 'NONE', #5446, 0.09999992529250950600 ) ;
#4122 = ORIENTED_EDGE ( 'NONE', *, *, #7996, .T. ) ;
#4123 = CIRCLE ( 'NONE', #7477, 0.04998625954667031100 ) ;
#4124 = CARTESIAN_POINT ( 'NONE',  ( 1.740000000000000000, -0.1417759339259178900, 0.2030000000000000100 ) ) ;
#4125 = DIRECTION ( 'NONE',  ( -0.0000000000000000000, -0.0000000000000000000, -1.000000000000000000 ) ) ;
#4126 = DIRECTION ( 'NONE',  ( -0.0000000000000000000, -0.0000000000000000000, -1.000000000000000000 ) ) ;
#4127 = FACE_OUTER_BOUND ( 'NONE', #806, .T. ) ;
#4128 = CARTESIAN_POINT ( 'NONE',  ( 0.0000000000000000000, 0.0000000000000000000, 0.2030000000000000100 ) ) ;
#4129 = DIRECTION ( 'NONE',  ( 0.0000000000000000000, 1.000000000000000000, -0.0000000000000000000 ) ) ;
#4130 = VERTEX_POINT ( 'NONE', #2649 ) ;
#4131 = AXIS2_PLACEMENT_3D ( 'NONE', #6253, #4030, #4787 ) ;
#4132 = CARTESIAN_POINT ( 'NONE',  ( 1.174986249936076800, -1.837530996695474700, 0.04999999999999999600 ) ) ;
#4133 = CARTESIAN_POINT ( 'NONE',  ( -1.712530996695474700, -0.8000137500639229500, 0.04999999999999999600 ) ) ;
#4134 = DIRECTION ( 'NONE',  ( -0.0000000000000000000, 0.0000000000000000000, 1.000000000000000000 ) ) ;
#4135 = EDGE_CURVE ( 'NONE', #1078, #8563, #8816, .T. ) ;
#4136 = EDGE_LOOP ( 'NONE', ( #5340, #6121, #6982, #5672 ) ) ;
#4137 = FACE_OUTER_BOUND ( 'NONE', #2791, .T. ) ;
#4138 = DIRECTION ( 'NONE',  ( -0.0000000000000000000, -0.0000000000000000000, -1.000000000000000000 ) ) ;
#4139 = LINE ( 'NONE', #9014, #5917 ) ;
#4140 = ORIENTED_EDGE ( 'NONE', *, *, #6110, .T. ) ;
#4141 = ORIENTED_EDGE ( 'NONE', *, *, #3374, .T. ) ;
#4142 = DIRECTION ( 'NONE',  ( 0.0000000000000000000, 0.0000000000000000000, 1.000000000000000000 ) ) ;
#4143 = ADVANCED_FACE ( 'NONE', ( #8937 ), #5807, .T. ) ;
#4144 = VECTOR ( 'NONE', #5634, 1000.000000000000100 ) ;
#4145 = LINE ( 'NONE', #6468, #6827 ) ;
#4146 = MECHANICAL_DESIGN_GEOMETRIC_PRESENTATION_REPRESENTATION (  '', ( #6152 ), #2336 ) ;
#4147 = SURFACE_SIDE_STYLE ('',( #26 ) ) ;
#4148 = EDGE_CURVE ( 'NONE', #9153, #2669, #2523, .T. ) ;
#4149 = EDGE_CURVE ( 'NONE', #2359, #977, #6826, .T. ) ;
#4150 = CARTESIAN_POINT ( 'NONE',  ( -1.740000000000000000, 0.04177593392591787100, 0.2030000000000000100 ) ) ;
#4151 = VERTEX_POINT ( 'NONE', #9418 ) ;
#4152 = CARTESIAN_POINT ( 'NONE',  ( -0.5999999626462407800, -0.1000000373537592300, 0.04999999999999999600 ) ) ;
#4153 = VECTOR ( 'NONE', #2757, 1000.000000000000000 ) ;
#4154 = DIRECTION ( 'NONE',  ( -1.000000000000000000, 0.0000000000000000000, 0.0000000000000000000 ) ) ;
#4155 = DIRECTION ( 'NONE',  ( -0.0000000000000000000, -0.0000000000000000000, -1.000000000000000000 ) ) ;
#4156 = ADVANCED_FACE ( 'NONE', ( #4620 ), #8737, .T. ) ;
#4157 = ORIENTED_EDGE ( 'NONE', *, *, #3476, .F. ) ;
#4158 = VERTEX_POINT ( 'NONE', #7997 ) ;
#4159 = ORIENTED_EDGE ( 'NONE', *, *, #8696, .T. ) ;
#4160 = CARTESIAN_POINT ( 'NONE',  ( 1.175000000000000000, 1.325000000000000200, 0.04999999999999999600 ) ) ;
#4161 = EDGE_CURVE ( 'NONE', #6602, #6391, #641, .T. ) ;
#4162 = AXIS2_PLACEMENT_3D ( 'NONE', #1171, #337, #3563 ) ;
#4163 = CARTESIAN_POINT ( 'NONE',  ( -1.750000000000000000, 0.0000000000000000000, 0.0000000000000000000 ) ) ;
#4164 = VECTOR ( 'NONE', #1803, 1000.000000000000200 ) ;
#4165 = FACE_OUTER_BOUND ( 'NONE', #7364, .T. ) ;
#4166 = DIRECTION ( 'NONE',  ( 0.0000000000000000000, -1.000000000000000000, 0.0000000000000000000 ) ) ;
#4167 = DIRECTION ( 'NONE',  ( 1.000000000000000000, 0.0000000000000000000, 0.0000000000000000000 ) ) ;
#4168 = SURFACE_SIDE_STYLE ('',( #7164 ) ) ;
#4169 = DIRECTION ( 'NONE',  ( -1.000000000000000000, 0.0000000000000000000, 0.0000000000000000000 ) ) ;
#4170 = ORIENTED_EDGE ( 'NONE', *, *, #895, .F. ) ;
#4171 = EDGE_LOOP ( 'NONE', ( #4402, #9249, #1177, #4041, #1340, #580, #893, #7915, #2660, #3727, #5300, #3041, #9560, #5374 ) ) ;
#4172 = LINE ( 'NONE', #4522, #4876 ) ;
#4173 = EDGE_CURVE ( 'NONE', #2385, #8501, #274, .T. ) ;
#4174 = UNCERTAINTY_MEASURE_WITH_UNIT (LENGTH_MEASURE( 1.000000000000000100E-005 ), #1888, 'distance_accuracy_value', 'NONE');
#4175 = VECTOR ( 'NONE', #3581, 1000.000000000000000 ) ;
#4176 = EDGE_CURVE ( 'NONE', #4684, #3158, #9266, .T. ) ;
#4177 = CARTESIAN_POINT ( 'NONE',  ( -0.2750000000000000200, -0.0000000000000000000, 0.05000000000000000300 ) ) ;
#4178 = DIRECTION ( 'NONE',  ( 1.000000000000000000, 0.0000000000000000000, 0.0000000000000000000 ) ) ;
#4179 = DIRECTION ( 'NONE',  ( -0.0000000000000000000, 0.0000000000000000000, 1.000000000000000000 ) ) ;
#4180 = CARTESIAN_POINT ( 'NONE',  ( 0.8749000000000002300, 1.376700000000000300, 0.2030000000000000100 ) ) ;
#4181 = ORIENTED_EDGE ( 'NONE', *, *, #1207, .T. ) ;
#4182 = CYLINDRICAL_SURFACE ( 'NONE', #7243, 0.04999996264625471100 ) ;
#4183 = CARTESIAN_POINT ( 'NONE',  ( 0.2123996132999999000, 0.1721721855000000200, 0.8009000000000000600 ) ) ;
#4184 = VECTOR ( 'NONE', #816, 1000.000000000000000 ) ;
#4185 = VECTOR ( 'NONE', #1435, 1000.000000000000000 ) ;
#4186 = CARTESIAN_POINT ( 'NONE',  ( -0.09995942673878688300, 0.1738201039154271800, 0.8008000000000000700 ) ) ;
#4187 = LINE ( 'NONE', #9029, #4068 ) ;
#4188 = DIRECTION ( 'NONE',  ( -1.000000000000000000, 0.0000000000000000000, 0.0000000000000000000 ) ) ;
#4189 = ORIENTED_EDGE ( 'NONE', *, *, #3054, .T. ) ;
#4190 = ORIENTED_EDGE ( 'NONE', *, *, #409, .F. ) ;
#4191 = DIRECTION ( 'NONE',  ( 0.0000000000000000000, -0.0000000000000000000, 1.000000000000000000 ) ) ;
#4192 = AXIS2_PLACEMENT_3D ( 'NONE', #9319, #275, #1871 ) ;
#4193 = SURFACE_SIDE_STYLE ('',( #5781 ) ) ;
#4194 = FACE_OUTER_BOUND ( 'NONE', #8648, .T. ) ;
#4195 = CIRCLE ( 'NONE', #7383, 0.04999996264625476000 ) ;
#4196 = LINE ( 'NONE', #4618, #689 ) ;
#4197 = DIRECTION ( 'NONE',  ( -1.000000000000000000, 0.0000000000000000000, 0.0000000000000000000 ) ) ;
#4198 = ORIENTED_EDGE ( 'NONE', *, *, #603, .F. ) ;
#4199 = DIRECTION ( 'NONE',  ( -0.0000000000000000000, 1.000000000000000000, -0.0000000000000000000 ) ) ;
#4200 = CIRCLE ( 'NONE', #8922, 0.05003631351710512200 ) ;
#4201 = CARTESIAN_POINT ( 'NONE',  ( -0.1721671182000000000, 0.1356073488154271600, 0.8008000000000000700 ) ) ;
#4202 = FACE_OUTER_BOUND ( 'NONE', #8406, .T. ) ;
#4203 = FACE_OUTER_BOUND ( 'NONE', #3742, .T. ) ;
#4204 = CARTESIAN_POINT ( 'NONE',  ( -0.6750362499360769200, 1.837420233362311800, 0.2030000000000000100 ) ) ;
#4205 = ORIENTED_EDGE ( 'NONE', *, *, #6716, .T. ) ;
#4206 = CARTESIAN_POINT ( 'NONE',  ( 0.0000000000000000000, -0.1856274672000000100, 0.8009000000000000600 ) ) ;
#4207 =( GEOMETRIC_REPRESENTATION_CONTEXT ( 3 ) GLOBAL_UNCERTAINTY_ASSIGNED_CONTEXT ( ( #3415 ) ) GLOBAL_UNIT_ASSIGNED_CONTEXT ( ( #8256, #126, #6819 ) ) REPRESENTATION_CONTEXT ( 'NONE', 'WORKASPACE' ) );
#4208 = EDGE_CURVE ( 'NONE', #3775, #6301, #6473, .T. ) ;
#4209 = ORIENTED_EDGE ( 'NONE', *, *, #5181, .F. ) ;
#4210 = ADVANCED_FACE ( 'NONE', ( #3210 ), #746, .F. ) ;
#4211 = FACE_OUTER_BOUND ( 'NONE', #6465, .T. ) ;
#4212 = FILL_AREA_STYLE_COLOUR ( '', #2988 ) ;
#4213 = CARTESIAN_POINT ( 'NONE',  ( -0.1332871284771444400, 1.865000000000000200, 0.2030000000000000100 ) ) ;
#4214 = VECTOR ( 'NONE', #2900, 1000.000000000000000 ) ;
#4215 = VECTOR ( 'NONE', #2937, 1000.000000000000000 ) ;
#4216 = ORIENTED_EDGE ( 'NONE', *, *, #7624, .F. ) ;
#4217 = DIRECTION ( 'NONE',  ( -1.000000000000000000, 0.0000000000000000000, 0.0000000000000000000 ) ) ;
#4218 = DIRECTION ( 'NONE',  ( -1.000000000000000000, 0.0000000000000000000, 0.0000000000000000000 ) ) ;
#4219 = VERTEX_POINT ( 'NONE', #8093 ) ;
#4220 = SURFACE_STYLE_FILL_AREA ( #6131 ) ;
#4221 = PRESENTATION_LAYER_ASSIGNMENT (  '', '', ( #2714 ) ) ;
#4222 = CIRCLE ( 'NONE', #78, 0.05000568255617249300 ) ;
#4223 = CARTESIAN_POINT ( 'NONE',  ( -1.712500000000000100, 1.075000000000000000, 0.04999999999999999600 ) ) ;
#4224 = EDGE_CURVE ( 'NONE', #6777, #1233, #515, .T. ) ;
#4225 = ORIENTED_EDGE ( 'NONE', *, *, #4785, .T. ) ;
#4226 = CARTESIAN_POINT ( 'NONE',  ( -0.001989848700000000000, -0.08393235690000000500, 0.8008000000000000700 ) ) ;
#4227 = AXIS2_PLACEMENT_3D ( 'NONE', #8782, #4282, #5103 ) ;
#4228 = DIRECTION ( 'NONE',  ( -0.0000000000000000000, 0.0000000000000000000, -1.000000000000000000 ) ) ;
#4229 = FACE_OUTER_BOUND ( 'NONE', #1277, .T. ) ;
#4230 = CIRCLE ( 'NONE', #5670, 0.05003631351710512200 ) ;
#4231 = EDGE_LOOP ( 'NONE', ( #4107, #8044, #7475, #6167 ) ) ;
#4232 = VECTOR ( 'NONE', #8443, 1000.000000000000000 ) ;
#4233 = CARTESIAN_POINT ( 'NONE',  ( -0.2581000000000000000, -1.875000000000000000, 0.0000000000000000000 ) ) ;
#4234 = CARTESIAN_POINT ( 'NONE',  ( -0.1250000000000000000, 1.837499999999999900, 0.2030000000000000100 ) ) ;
#4235 = EDGE_CURVE ( 'NONE', #7195, #407, #7190, .T. ) ;
#4236 = AXIS2_PLACEMENT_3D ( 'NONE', #7999, #9530, #8702 ) ;
#4237 = AXIS2_PLACEMENT_3D ( 'NONE', #5619, #1135, #1901 ) ;
#4238 = CARTESIAN_POINT ( 'NONE',  ( -1.750000000000000000, -1.533099999999999900, 0.2030000000000000100 ) ) ;
#4239 = FACE_OUTER_BOUND ( 'NONE', #6923, .T. ) ;
#4240 = ORIENTED_EDGE ( 'NONE', *, *, #985, .F. ) ;
#4241 = VERTEX_POINT ( 'NONE', #7388 ) ;
#4242 = LINE ( 'NONE', #1758, #260 ) ;
#4243 = CARTESIAN_POINT ( 'NONE',  ( -0.6750362499360769200, 1.837420233362311800, 0.04999999999999999600 ) ) ;
#4244 = CARTESIAN_POINT ( 'NONE',  ( 0.1000000000000000100, -1.600000000000000100, 0.2030000000000000100 ) ) ;
#4245 = EDGE_LOOP ( 'NONE', ( #4721, #68, #8523, #1864 ) ) ;
#4246 = LINE ( 'NONE', #8847, #4831 ) ;
#4247 = EDGE_CURVE ( 'NONE', #7635, #1392, #4733, .T. ) ;
#4248 = EDGE_LOOP ( 'NONE', ( #4641, #1982, #5312, #1621 ) ) ;
#4249 = AXIS2_PLACEMENT_3D ( 'NONE', #6245, #182, #2421 ) ;
#4250 = ORIENTED_EDGE ( 'NONE', *, *, #1377, .T. ) ;
#4251 = LINE ( 'NONE', #438, #2280 ) ;
#4252 = FACE_OUTER_BOUND ( 'NONE', #5903, .T. ) ;
#4253 = CARTESIAN_POINT ( 'NONE',  ( 0.5500000000000000400, -0.1000000000000000100, 0.04999999999999999600 ) ) ;
#4254 = CARTESIAN_POINT ( 'NONE',  ( -0.8250137500639230800, 1.837530996695474500, 0.04999999999999999600 ) ) ;
#4255 = DIRECTION ( 'NONE',  ( -0.0000000000000000000, -0.0000000000000000000, -1.000000000000000000 ) ) ;
#4256 = ORIENTED_EDGE ( 'NONE', *, *, #6077, .T. ) ;
#4257 = DIRECTION ( 'NONE',  ( 1.000000000000000000, 0.0000000000000000000, 0.0000000000000000000 ) ) ;
#4258 = ADVANCED_FACE ( 'NONE', ( #9385 ), #9564, .F. ) ;
#4259 = ORIENTED_EDGE ( 'NONE', *, *, #4937, .F. ) ;
#4260 = VECTOR ( 'NONE', #4311, 1000.000000000000000 ) ;
#4261 = VECTOR ( 'NONE', #7563, 1000.000000000000000 ) ;
#4262 = DIRECTION ( 'NONE',  ( -1.000000000000000000, 0.0000000000000000000, 0.0000000000000000000 ) ) ;
#4263 = DIRECTION ( 'NONE',  ( 0.0000000000000000000, 0.0000000000000000000, 1.000000000000000000 ) ) ;
#4264 = ORIENTED_EDGE ( 'NONE', *, *, #3538, .T. ) ;
#4265 = EDGE_CURVE ( 'NONE', #4640, #7488, #2286, .T. ) ;
#4266 = DIRECTION ( 'NONE',  ( -0.0000000000000000000, 0.0000000000000000000, 1.000000000000000000 ) ) ;
#4267 = DIRECTION ( 'NONE',  ( 1.000000000000000000, 0.0000000000000000000, 0.0000000000000000000 ) ) ;
#4268 =( NAMED_UNIT ( * ) SI_UNIT ( $, .STERADIAN. ) SOLID_ANGLE_UNIT ( ) );
#4269 = DIRECTION ( 'NONE',  ( -0.0000000000000000000, -0.0000000000000000000, -1.000000000000000000 ) ) ;
#4270 = DIRECTION ( 'NONE',  ( 1.000000000000000000, 0.0000000000000000000, 0.0000000000000000000 ) ) ;
#4271 = ORIENTED_EDGE ( 'NONE', *, *, #7014, .F. ) ;
#4272 = ORIENTED_EDGE ( 'NONE', *, *, #9493, .T. ) ;
#4273 = CARTESIAN_POINT ( 'NONE',  ( 1.133224066074082400, 1.865000000000000200, 0.2030000000000000100 ) ) ;
#4274 = ORIENTED_EDGE ( 'NONE', *, *, #4666, .F. ) ;
#4275 = CARTESIAN_POINT ( 'NONE',  ( -1.200000000000000000, 0.5500000000000000400, 0.0000000000000000000 ) ) ;
#4276 = AXIS2_PLACEMENT_3D ( 'NONE', #733, #7547, #6016 ) ;
#4277 = LINE ( 'NONE', #9374, #8364 ) ;
#4278 = EDGE_CURVE ( 'NONE', #6008, #3594, #5203, .T. ) ;
#4279 = EDGE_CURVE ( 'NONE', #3726, #640, #3915, .T. ) ;
#4280 = CARTESIAN_POINT ( 'NONE',  ( -0.1250000000000000000, 0.0000000000000000000, 0.0000000000000000000 ) ) ;
#4281 = FILL_AREA_STYLE_COLOUR ( '', #3492 ) ;
#4282 = DIRECTION ( 'NONE',  ( -0.0000000000000000000, 0.0000000000000000000, 1.000000000000000000 ) ) ;
#4283 = EDGE_LOOP ( 'NONE', ( #2867, #2769, #4190, #1008 ) ) ;
#4284 = DIRECTION ( 'NONE',  ( -1.000000000000000000, 0.0000000000000000000, 0.0000000000000000000 ) ) ;
#4285 = EDGE_LOOP ( 'NONE', ( #6540, #4336, #4000, #2504 ) ) ;
#4286 = ORIENTED_EDGE ( 'NONE', *, *, #2878, .F. ) ;
#4287 = DIRECTION ( 'NONE',  ( -0.0000000000000000000, -1.000000000000000000, -0.0000000000000000000 ) ) ;
#4288 = LINE ( 'NONE', #2810, #7793 ) ;
#4289 = CARTESIAN_POINT ( 'NONE',  ( -1.712530996695474700, 1.575013750063923200, 0.2030000000000000100 ) ) ;
#4290 = VECTOR ( 'NONE', #9229, 1000.000000000000000 ) ;
#4291 = DIRECTION ( 'NONE',  ( -1.000000000000000000, 0.0000000000000000000, 0.0000000000000000000 ) ) ;
#4292 = EDGE_CURVE ( 'NONE', #183, #4484, #8229, .T. ) ;
#4293 = ORIENTED_EDGE ( 'NONE', *, *, #395, .T. ) ;
#4294 = AXIS2_PLACEMENT_3D ( 'NONE', #8409, #150, #9083 ) ;
#4295 = VERTEX_POINT ( 'NONE', #8773 ) ;
#4296 = AXIS2_PLACEMENT_3D ( 'NONE', #4745, #2495, #8583 ) ;
#4297 = CARTESIAN_POINT ( 'NONE',  ( 0.6749862499360769200, 1.837530996695474500, 0.2030000000000000100 ) ) ;
#4298 = CIRCLE ( 'NONE', #2804, 0.04998625954667031100 ) ;
#4299 = LINE ( 'NONE', #9239, #2318 ) ;
#4300 = VERTEX_POINT ( 'NONE', #6136 ) ;
#4301 = UNCERTAINTY_MEASURE_WITH_UNIT (LENGTH_MEASURE( 1.000000000000000100E-005 ), #3474, 'distance_accuracy_value', 'NONE');
#4302 = DIRECTION ( 'NONE',  ( -0.0000000000000000000, 0.0000000000000000000, 1.000000000000000000 ) ) ;
#4303 = PLANE ( 'NONE',  #4905 ) ;
#4304 = VECTOR ( 'NONE', #8878, 1000.000000000000000 ) ;
#4305 = ORIENTED_EDGE ( 'NONE', *, *, #1393, .F. ) ;
#4306 = ORIENTED_EDGE ( 'NONE', *, *, #3231, .T. ) ;
#4307 = EDGE_CURVE ( 'NONE', #6854, #3564, #7664, .T. ) ;
#4308 = VECTOR ( 'NONE', #5910, 1000.000000000000000 ) ;
#4309 = ADVANCED_FACE ( 'NONE', ( #8001 ), #5384, .F. ) ;
#4310 = CARTESIAN_POINT ( 'NONE',  ( 0.2750000000000000200, -1.837499999999999900, 0.0000000000000000000 ) ) ;
#4311 = DIRECTION ( 'NONE',  ( -0.0000000000000000000, -0.0000000000000000000, -1.000000000000000000 ) ) ;
#4312 = VECTOR ( 'NONE', #2541, 1000.000000000000000 ) ;
#4313 = AXIS2_PLACEMENT_3D ( 'NONE', #7947, #1924, #6408 ) ;
#4314 = CIRCLE ( 'NONE', #3037, 0.04998625954667008900 ) ;
#4315 = DIRECTION ( 'NONE',  ( 0.0000000000000000000, -1.000000000000000000, 0.0000000000000000000 ) ) ;
#4316 = LINE ( 'NONE', #7544, #329 ) ;
#4317 = DIRECTION ( 'NONE',  ( 0.0000000000000000000, -0.0000000000000000000, 1.000000000000000000 ) ) ;
#4318 = ORIENTED_EDGE ( 'NONE', *, *, #6166, .T. ) ;
#4319 = CARTESIAN_POINT ( 'NONE',  ( 1.712530996695474700, 1.025013750063923100, 0.0000000000000000000 ) ) ;
#4320 = ORIENTED_EDGE ( 'NONE', *, *, #5496, .F. ) ;
#4321 = AXIS2_PLACEMENT_3D ( 'NONE', #1318, #2803, #8030 ) ;
#4322 = ORIENTED_EDGE ( 'NONE', *, *, #7381, .T. ) ;
#4323 = FACE_OUTER_BOUND ( 'NONE', #3206, .T. ) ;
#4324 = EDGE_CURVE ( 'NONE', #6082, #8881, #2518, .T. ) ;
#4325 = VECTOR ( 'NONE', #5803, 1000.000000000000000 ) ;
#4326 = CIRCLE ( 'NONE', #1044, 0.04998625954667031100 ) ;
#4327 = DIRECTION ( 'NONE',  ( -0.0000000000000000000, -0.0000000000000000000, -1.000000000000000000 ) ) ;
#4328 = ORIENTED_EDGE ( 'NONE', *, *, #2910, .T. ) ;
#4329 = PLANE ( 'NONE',  #99 ) ;
#4330 = CARTESIAN_POINT ( 'NONE',  ( 1.508000000000000000, 1.875000000000000000, 0.0000000000000000000 ) ) ;
#4331 = ORIENTED_EDGE ( 'NONE', *, *, #8547, .T. ) ;
#4332 = DIRECTION ( 'NONE',  ( 0.0000000000000000000, -1.000000000000000000, 0.0000000000000000000 ) ) ;
#4333 = VECTOR ( 'NONE', #6916, 1000.000000000000000 ) ;
#4334 = DIRECTION ( 'NONE',  ( -0.0000000000000000000, 0.0000000000000000000, 1.000000000000000000 ) ) ;
#4335 = PRESENTATION_STYLE_ASSIGNMENT (( #1966 ) ) ;
#4336 = ORIENTED_EDGE ( 'NONE', *, *, #2054, .T. ) ;
#4337 = CARTESIAN_POINT ( 'NONE',  ( -0.1419999999999999900, 1.875000000000000000, 0.2030000000000000100 ) ) ;
#4338 = PRESENTATION_LAYER_ASSIGNMENT (  '', '', ( #6152 ) ) ;
#4339 = EDGE_CURVE ( 'NONE', #2815, #392, #4503, .T. ) ;
#4340 = EDGE_CURVE ( 'NONE', #5175, #5693, #8927, .T. ) ;
#4341 = DIRECTION ( 'NONE',  ( -0.0000000000000000000, 0.0000000000000000000, 1.000000000000000000 ) ) ;
#4342 = ORIENTED_EDGE ( 'NONE', *, *, #4529, .F. ) ;
#4343 = DIRECTION ( 'NONE',  ( 0.0000000000000000000, 0.0000000000000000000, 1.000000000000000000 ) ) ;
#4344 = DIRECTION ( 'NONE',  ( 0.0000000000000000000, 0.0000000000000000000, 1.000000000000000000 ) ) ;
#4345 = CARTESIAN_POINT ( 'NONE',  ( -0.0000000000000000000, -1.350000000000000100, 0.0000000000000000000 ) ) ;
#4346 = PLANE ( 'NONE',  #4803 ) ;
#4347 = CIRCLE ( 'NONE', #9445, 0.02499998132312751500 ) ;
#4348 = CARTESIAN_POINT ( 'NONE',  ( -0.2750000000000000200, -0.0000000000000000000, 0.05000000000000000300 ) ) ;
#4349 = CARTESIAN_POINT ( 'NONE',  ( 1.125000000000000200, 1.375000000000000000, 0.0000000000000000000 ) ) ;
#4350 = EDGE_CURVE ( 'NONE', #3052, #9160, #7772, .T. ) ;
#4351 = DIRECTION ( 'NONE',  ( 0.0000000000000000000, 1.000000000000000000, 0.0000000000000000000 ) ) ;
#4352 = VERTEX_POINT ( 'NONE', #2938 ) ;
#4353 = STYLED_ITEM ( 'NONE', ( #7501 ), #732 ) ;
#4354 = CIRCLE ( 'NONE', #5457, 0.04999996264625471100 ) ;
#4355 = ORIENTED_EDGE ( 'NONE', *, *, #3334, .F. ) ;
#4356 = DIRECTION ( 'NONE',  ( -0.0000000000000000000, -0.0000000000000000000, -1.000000000000000000 ) ) ;
#4357 = ORIENTED_EDGE ( 'NONE', *, *, #6252, .F. ) ;
#4358 = DIRECTION ( 'NONE',  ( -1.000000000000000000, 0.0000000000000000000, 0.0000000000000000000 ) ) ;
#4359 = LINE ( 'NONE', #6224, #5289 ) ;
#4360 = ADVANCED_FACE ( 'NONE', ( #3797 ), #8900, .F. ) ;
#4361 = DIRECTION ( 'NONE',  ( 0.0000000000000000000, -0.0000000000000000000, -1.000000000000000000 ) ) ;
#4362 = DIRECTION ( 'NONE',  ( 1.000000000000000000, 0.0000000000000000000, 0.0000000000000000000 ) ) ;
#4363 = ORIENTED_EDGE ( 'NONE', *, *, #2327, .F. ) ;
#4364 = COLOUR_RGB ( '',1.000000000000000000, 1.000000000000000000, 1.000000000000000000 ) ;
#4365 = VERTEX_POINT ( 'NONE', #5417 ) ;
#4366 = SURFACE_SIDE_STYLE ('',( #2813 ) ) ;
#4367 = ORIENTED_EDGE ( 'NONE', *, *, #5051, .F. ) ;
#4368 = DIRECTION ( 'NONE',  ( -0.0000000000000000000, -0.0000000000000000000, -1.000000000000000000 ) ) ;
#4369 = ORIENTED_EDGE ( 'NONE', *, *, #3947, .T. ) ;
#4370 = EDGE_LOOP ( 'NONE', ( #8362, #2247, #2670, #918 ) ) ;
#4371 = CYLINDRICAL_SURFACE ( 'NONE', #4461, 0.04999996264625481600 ) ;
#4372 = EDGE_CURVE ( 'NONE', #4558, #1260, #2977, .T. ) ;
#4373 = DIRECTION ( 'NONE',  ( 1.000000000000000000, 0.0000000000000000000, 0.0000000000000000000 ) ) ;
#4374 = EDGE_CURVE ( 'NONE', #6821, #4219, #1825, .T. ) ;
#4375 = AXIS2_PLACEMENT_3D ( 'NONE', #5024, #3499, #609 ) ;
#4376 = AXIS2_PLACEMENT_3D ( 'NONE', #788, #8265, #6738 ) ;
#4377 = CARTESIAN_POINT ( 'NONE',  ( 0.0000000000000000000, -1.550000000000000300, 0.2030000000000000100 ) ) ;
#4378 = VERTEX_POINT ( 'NONE', #4444 ) ;
#4379 = DIRECTION ( 'NONE',  ( -0.0000000000000000000, -0.0000000000000000000, -1.000000000000000000 ) ) ;
#4380 = DIRECTION ( 'NONE',  ( -0.0000000000000000000, 0.0000000000000000000, 1.000000000000000000 ) ) ;
#4381 = ORIENTED_EDGE ( 'NONE', *, *, #5858, .T. ) ;
#4382 = DIRECTION ( 'NONE',  ( 1.000000000000000000, 0.0000000000000000000, 0.0000000000000000000 ) ) ;
#4383 =( NAMED_UNIT ( * ) SI_UNIT ( $, .STERADIAN. ) SOLID_ANGLE_UNIT ( ) );
#4384 = ORIENTED_EDGE ( 'NONE', *, *, #31, .T. ) ;
#4385 = AXIS2_PLACEMENT_3D ( 'NONE', #9121, #5475, #7739 ) ;
#4386 = CARTESIAN_POINT ( 'NONE',  ( 0.2554399259999999800, 0.1721721854999999900, 0.8008000000000000700 ) ) ;
#4387 = ORIENTED_EDGE ( 'NONE', *, *, #2241, .T. ) ;
#4388 = PLANE ( 'NONE',  #334 ) ;
#4389 = VERTEX_POINT ( 'NONE', #7681 ) ;
#4390 = LINE ( 'NONE', #2017, #9157 ) ;
#4391 = CARTESIAN_POINT ( 'NONE',  ( -0.5999999999999999800, -0.6500000000000001300, 0.04999999999999999600 ) ) ;
#4392 = FILL_AREA_STYLE_COLOUR ( '', #4717 ) ;
#4393 = ORIENTED_EDGE ( 'NONE', *, *, #779, .T. ) ;
#4394 = EDGE_LOOP ( 'NONE', ( #43, #6339, #3511, #9645 ) ) ;
#4395 = CARTESIAN_POINT ( 'NONE',  ( 0.0000000000000000000, -1.550000000000000300, 0.0000000000000000000 ) ) ;
#4396 = LINE ( 'NONE', #3342, #2407 ) ;
#4397 = AXIS2_PLACEMENT_3D ( 'NONE', #1797, #6897, #7729 ) ;
#4398 = EDGE_CURVE ( 'NONE', #4625, #6050, #6720, .T. ) ;
#4399 = EDGE_CURVE ( 'NONE', #6139, #9421, #1590, .T. ) ;
#4400 = CARTESIAN_POINT ( 'NONE',  ( 1.740000000000000000, -1.358224066074082300, 0.2030000000000000100 ) ) ;
#4401 = DIRECTION ( 'NONE',  ( 1.000000000000000000, 0.0000000000000000000, 0.0000000000000000000 ) ) ;
#4402 = ORIENTED_EDGE ( 'NONE', *, *, #5825, .F. ) ;
#4403 = ORIENTED_EDGE ( 'NONE', *, *, #4464, .F. ) ;
#4404 = VERTEX_POINT ( 'NONE', #3883 ) ;
#4405 = LINE ( 'NONE', #7768, #9176 ) ;
#4406 = VECTOR ( 'NONE', #9508, 1000.000000000000000 ) ;
#4407 = ADVANCED_FACE ( 'NONE', ( #7429 ), #3167, .F. ) ;
#4408 = CARTESIAN_POINT ( 'NONE',  ( 0.0000000000000000000, 1.075000000000000000, 0.0000000000000000000 ) ) ;
#4409 = CARTESIAN_POINT ( 'NONE',  ( -1.740000000000000000, 1.865000000000000200, 0.2029999999999999600 ) ) ;
#4410 = DIRECTION ( 'NONE',  ( 1.000000000000000000, 0.0000000000000000000, 0.0000000000000000000 ) ) ;
#4411 = DIRECTION ( 'NONE',  ( 0.0000000000000000000, 1.000000000000000000, 0.0000000000000000000 ) ) ;
#4412 = AXIS2_PLACEMENT_3D ( 'NONE', #8662, #9416, #4042 ) ;
#4413 = ORIENTED_EDGE ( 'NONE', *, *, #541, .T. ) ;
#4414 = CARTESIAN_POINT ( 'NONE',  ( 0.0000000000000000000, 0.0000000000000000000, 0.2030000000000000100 ) ) ;
#4415 = ORIENTED_EDGE ( 'NONE', *, *, #7276, .F. ) ;
#4416 = EDGE_CURVE ( 'NONE', #7334, #123, #5310, .T. ) ;
#4417 = AXIS2_PLACEMENT_3D ( 'NONE', #7427, #5933, #7 ) ;
#4418 = LINE ( 'NONE', #6278, #7803 ) ;
#4419 = LINE ( 'NONE', #6096, #9553 ) ;
#4420 = ORIENTED_EDGE ( 'NONE', *, *, #1862, .T. ) ;
#4421 = CARTESIAN_POINT ( 'NONE',  ( -1.516775933925917700, 1.865000000000000200, 0.2030000000000000100 ) ) ;
#4422 = ORIENTED_EDGE ( 'NONE', *, *, #379, .F. ) ;
#4423 = ORIENTED_EDGE ( 'NONE', *, *, #4339, .T. ) ;
#4424 = CARTESIAN_POINT ( 'NONE',  ( 1.125000000000000200, 1.837499999999999900, 0.04999999999999999600 ) ) ;
#4425 = FACE_OUTER_BOUND ( 'NONE', #8686, .T. ) ;
#4426 = VECTOR ( 'NONE', #6474, 1000.000000000000000 ) ;
#4427 = ORIENTED_EDGE ( 'NONE', *, *, #3281, .T. ) ;
#4428 = DIRECTION ( 'NONE',  ( 0.0000000000000000000, 1.000000000000000000, -0.0000000000000000000 ) ) ;
#4429 = EDGE_CURVE ( 'NONE', #7426, #3490, #7067, .T. ) ;
#4430 = AXIS2_PLACEMENT_3D ( 'NONE', #1549, #8307, #4597 ) ;
#4431 = DIRECTION ( 'NONE',  ( 1.000000000000000000, 0.0000000000000000000, 0.0000000000000000000 ) ) ;
#4432 =( GEOMETRIC_REPRESENTATION_CONTEXT ( 3 ) GLOBAL_UNCERTAINTY_ASSIGNED_CONTEXT ( ( #4174 ) ) GLOBAL_UNIT_ASSIGNED_CONTEXT ( ( #1888, #7097, #2748 ) ) REPRESENTATION_CONTEXT ( 'NONE', 'WORKASPACE' ) );
#4433 = ORIENTED_EDGE ( 'NONE', *, *, #9493, .F. ) ;
#4434 = EDGE_LOOP ( 'NONE', ( #6483, #6715, #4940, #6222 ) ) ;
#4435 = FACE_OUTER_BOUND ( 'NONE', #8788, .T. ) ;
#4436 = LINE ( 'NONE', #9340, #1987 ) ;
#4437 = DIRECTION ( 'NONE',  ( 0.0000000000000000000, -1.000000000000000000, 0.0000000000000000000 ) ) ;
#4438 = LINE ( 'NONE', #3016, #8860 ) ;
#4439 = DIRECTION ( 'NONE',  ( 0.0000000000000000000, -0.0000000000000000000, 1.000000000000000000 ) ) ;
#4440 = ORIENTED_EDGE ( 'NONE', *, *, #1793, .F. ) ;
#4441 = ORIENTED_EDGE ( 'NONE', *, *, #3600, .T. ) ;
#4442 = EDGE_CURVE ( 'NONE', #5444, #3933, #1354, .T. ) ;
#4443 = CARTESIAN_POINT ( 'NONE',  ( 0.0000000000000000000, 1.875000000000000000, 0.2030000000000000100 ) ) ;
#4444 = CARTESIAN_POINT ( 'NONE',  ( -0.2750000000000000200, -1.837499999999999900, 0.0000000000000000000 ) ) ;
#4445 = AXIS2_PLACEMENT_3D ( 'NONE', #308, #3232, #4740 ) ;
#4446 = DIRECTION ( 'NONE',  ( -0.0000000000000000000, -0.0000000000000000000, -1.000000000000000000 ) ) ;
#4447 = LINE ( 'NONE', #5036, #9207 ) ;
#4448 = CARTESIAN_POINT ( 'NONE',  ( 0.0000000000000000000, 0.0000000000000000000, 0.05000000000000000300 ) ) ;
#4449 = LINE ( 'NONE', #8895, #3516 ) ;
#4450 = EDGE_LOOP ( 'NONE', ( #7374, #9291, #5450, #7898 ) ) ;
#4451 = PLANE ( 'NONE',  #5963 ) ;
#4452 = DIRECTION ( 'NONE',  ( -1.000000000000000000, 0.0000000000000000000, 0.0000000000000000000 ) ) ;
#4453 = DIRECTION ( 'NONE',  ( 0.0000000000000000000, 1.000000000000000000, 0.0000000000000000000 ) ) ;
#4454 = ORIENTED_EDGE ( 'NONE', *, *, #2718, .F. ) ;
#4455 = VECTOR ( 'NONE', #6882, 1000.000000000000000 ) ;
#4456 = VECTOR ( 'NONE', #1138, 1000.000000000000000 ) ;
#4457 = EDGE_LOOP ( 'NONE', ( #5784, #7759, #4502, #1877 ) ) ;
#4458 = DIRECTION ( 'NONE',  ( 1.000000000000000000, 0.0000000000000000000, 0.0000000000000000000 ) ) ;
#4459 = DIRECTION ( 'NONE',  ( 1.000000000000000000, 0.0000000000000000000, 0.0000000000000000000 ) ) ;
#4460 = FILL_AREA_STYLE ('',( #2953 ) ) ;
#4461 = AXIS2_PLACEMENT_3D ( 'NONE', #2962, #7474, #4498 ) ;
#4462 = DIRECTION ( 'NONE',  ( 1.000000000000000000, 0.0000000000000000000, -0.0000000000000000000 ) ) ;
#4463 = ADVANCED_FACE ( 'NONE', ( #5078 ), #5590, .F. ) ;
#4464 = EDGE_CURVE ( 'NONE', #5152, #8470, #6710, .T. ) ;
#4465 = EDGE_LOOP ( 'NONE', ( #2949, #4306, #7132, #2222 ) ) ;
#4466 = FACE_OUTER_BOUND ( 'NONE', #6451, .T. ) ;
#4467 = VECTOR ( 'NONE', #4764, 1000.000000000000000 ) ;
#4468 = ORIENTED_EDGE ( 'NONE', *, *, #8781, .T. ) ;
#4469 = LINE ( 'NONE', #3763, #2257 ) ;
#4470 = DIRECTION ( 'NONE',  ( -0.0000000000000000000, -0.0000000000000000000, -1.000000000000000000 ) ) ;
#4471 = PLANE ( 'NONE',  #6553 ) ;
#4472 = EDGE_LOOP ( 'NONE', ( #2100, #5863, #4747, #8587, #6663, #6519, #561, #1581, #7111, #6860 ) ) ;
#4473 = ADVANCED_FACE ( 'NONE', ( #9628 ), #1035, .T. ) ;
#4474 = AXIS2_PLACEMENT_3D ( 'NONE', #2303, #6767, #6792 ) ;
#4475 = EDGE_CURVE ( 'NONE', #459, #2299, #3443, .T. ) ;
#4476 = VERTEX_POINT ( 'NONE', #7797 ) ;
#4477 = EDGE_CURVE ( 'NONE', #1631, #7044, #2047, .T. ) ;
#4478 = CIRCLE ( 'NONE', #6645, 0.05000568255617249300 ) ;
#4479 = DIRECTION ( 'NONE',  ( 0.0000000000000000000, -0.0000000000000000000, 1.000000000000000000 ) ) ;
#4480 = DIRECTION ( 'NONE',  ( 0.0000000000000000000, -0.0000000000000000000, 1.000000000000000000 ) ) ;
#4481 = FILL_AREA_STYLE ('',( #63 ) ) ;
#4482 = ORIENTED_EDGE ( 'NONE', *, *, #7599, .T. ) ;
#4483 = LINE ( 'NONE', #6058, #6231 ) ;
#4484 = VERTEX_POINT ( 'NONE', #5519 ) ;
#4485 = VECTOR ( 'NONE', #9204, 1000.000000000000000 ) ;
#4486 = EDGE_CURVE ( 'NONE', #6602, #3116, #8679, .T. ) ;
#4487 = AXIS2_PLACEMENT_3D ( 'NONE', #5224, #2970, #3816 ) ;
#4488 =( NAMED_UNIT ( * ) SI_UNIT ( $, .STERADIAN. ) SOLID_ANGLE_UNIT ( ) );
#4489 = ORIENTED_EDGE ( 'NONE', *, *, #1742, .T. ) ;
#4490 = VECTOR ( 'NONE', #500, 1000.000000000000000 ) ;
#4491 = ORIENTED_EDGE ( 'NONE', *, *, #7353, .F. ) ;
#4492 = DIRECTION ( 'NONE',  ( -1.000000000000000000, 0.0000000000000000000, 0.0000000000000000000 ) ) ;
#4493 = CYLINDRICAL_SURFACE ( 'NONE', #6091, 0.04998625954667031100 ) ;
#4494 = CARTESIAN_POINT ( 'NONE',  ( 0.0000000000000000000, 0.0000000000000000000, 0.0000000000000000000 ) ) ;
#4495 = ORIENTED_EDGE ( 'NONE', *, *, #3894, .T. ) ;
#4496 = EDGE_CURVE ( 'NONE', #665, #9423, #8448, .T. ) ;
#4497 = ORIENTED_EDGE ( 'NONE', *, *, #6406, .F. ) ;
#4498 = DIRECTION ( 'NONE',  ( -1.000000000000000000, 0.0000000000000000000, 0.0000000000000000000 ) ) ;
#4499 = EDGE_CURVE ( 'NONE', #1178, #5218, #6596, .T. ) ;
#4500 = CARTESIAN_POINT ( 'NONE',  ( 0.2123996132999999000, 0.1721721855000000200, 0.8008000000000000700 ) ) ;
#4501 = DIRECTION ( 'NONE',  ( -0.0000000000000000000, -0.0000000000000000000, -1.000000000000000000 ) ) ;
#4502 = ORIENTED_EDGE ( 'NONE', *, *, #9077, .T. ) ;
#4503 = LINE ( 'NONE', #1738, #3451 ) ;
#4504 = CARTESIAN_POINT ( 'NONE',  ( 1.712530996695474700, -0.8000137500639229500, 0.04999999999999999600 ) ) ;
#4505 = VECTOR ( 'NONE', #1574, 1000.000000000000000 ) ;
#4506 = ADVANCED_FACE ( 'NONE', ( #2386 ), #8572, .F. ) ;
#4507 = ORIENTED_EDGE ( 'NONE', *, *, #4374, .F. ) ;
#4508 = DIRECTION ( 'NONE',  ( 0.0000000000000000000, 0.0000000000000000000, 1.000000000000000000 ) ) ;
#4509 = DIRECTION ( 'NONE',  ( -0.0000000000000000000, -0.0000000000000000000, -1.000000000000000000 ) ) ;
#4510 = FILL_AREA_STYLE_COLOUR ( '', #8081 ) ;
#4511 = VECTOR ( 'NONE', #7125, 1000.000000000000100 ) ;
#4512 = FILL_AREA_STYLE_COLOUR ( '', #3177 ) ;
#4513 = ORIENTED_EDGE ( 'NONE', *, *, #1891, .F. ) ;
#4514 = EDGE_CURVE ( 'NONE', #2385, #6470, #7655, .T. ) ;
#4515 = VERTEX_POINT ( 'NONE', #7921 ) ;
#4516 = ADVANCED_FACE ( 'NONE', ( #8920 ), #2032, .F. ) ;
#4517 = ORIENTED_EDGE ( 'NONE', *, *, #5258, .F. ) ;
#4518 = CARTESIAN_POINT ( 'NONE',  ( -1.712530996695474700, -0.6999862499360770500, 0.2030000000000000100 ) ) ;
#4519 = CIRCLE ( 'NONE', #1775, 0.04998625954667008900 ) ;
#4520 = PLANE ( 'NONE',  #5309 ) ;
#4521 = DIRECTION ( 'NONE',  ( -0.0000000000000000000, -0.0000000000000000000, -1.000000000000000000 ) ) ;
#4522 = CARTESIAN_POINT ( 'NONE',  ( 0.5500000000000000400, 0.0000000000000000000, 0.0000000000000000000 ) ) ;
#4523 = ORIENTED_EDGE ( 'NONE', *, *, #795, .T. ) ;
#4524 = CARTESIAN_POINT ( 'NONE',  ( -1.475013750063923100, 1.837530996695474700, 0.2030000000000000100 ) ) ;
#4525 = ORIENTED_EDGE ( 'NONE', *, *, #7492, .T. ) ;
#4526 = ORIENTED_EDGE ( 'NONE', *, *, #1207, .F. ) ;
#4527 = AXIS2_PLACEMENT_3D ( 'NONE', #3445, #7945, #6380 ) ;
#4528 = SURFACE_STYLE_FILL_AREA ( #1322 ) ;
#4529 = EDGE_CURVE ( 'NONE', #4378, #4808, #5193, .T. ) ;
#4530 = SURFACE_STYLE_FILL_AREA ( #2118 ) ;
#4531 = EDGE_CURVE ( 'NONE', #2669, #9414, #2631, .T. ) ;
#4532 = ORIENTED_EDGE ( 'NONE', *, *, #2878, .T. ) ;
#4533 = CARTESIAN_POINT ( 'NONE',  ( -0.6420000000000000200, 1.875000000000000000, 0.0000000000000000000 ) ) ;
#4534 = CARTESIAN_POINT ( 'NONE',  ( -1.712530996695474700, 1.375006392306896800E-005, 0.2030000000000000100 ) ) ;
#4535 = ORIENTED_EDGE ( 'NONE', *, *, #850, .T. ) ;
#4536 = EDGE_LOOP ( 'NONE', ( #8617, #6881, #1401, #1709 ) ) ;
#4537 = CYLINDRICAL_SURFACE ( 'NONE', #1319, 0.04999996264625471100 ) ;
#4538 = FACE_OUTER_BOUND ( 'NONE', #9019, .T. ) ;
#4539 = ORIENTED_EDGE ( 'NONE', *, *, #359, .T. ) ;
#4540 =( GEOMETRIC_REPRESENTATION_CONTEXT ( 3 ) GLOBAL_UNCERTAINTY_ASSIGNED_CONTEXT ( ( #7890 ) ) GLOBAL_UNIT_ASSIGNED_CONTEXT ( ( #1249, #2682, #7903 ) ) REPRESENTATION_CONTEXT ( 'NONE', 'WORKASPACE' ) );
#4541 = CARTESIAN_POINT ( 'NONE',  ( 1.175005682233331200, 1.375005682233331400, 0.2030000000000000100 ) ) ;
#4542 = EDGE_CURVE ( 'NONE', #8250, #8974, #2732, .T. ) ;
#4543 = FACE_OUTER_BOUND ( 'NONE', #7031, .T. ) ;
#4544 = PRESENTATION_LAYER_ASSIGNMENT (  '', '', ( #5407 ) ) ;
#4545 = ORIENTED_EDGE ( 'NONE', *, *, #5959, .T. ) ;
#4546 = VECTOR ( 'NONE', #7078, 1000.000000000000000 ) ;
#4547 = COLOUR_RGB ( '',1.000000000000000000, 1.000000000000000000, 1.000000000000000000 ) ;
#4548 = CARTESIAN_POINT ( 'NONE',  ( -0.0000000000000000000, -0.2999999999999999900, 0.0000000000000000000 ) ) ;
#4549 = VECTOR ( 'NONE', #5405, 1000.000000000000000 ) ;
#4550 = CARTESIAN_POINT ( 'NONE',  ( 1.141899999999999900, 1.875000000000000000, 0.2030000000000000100 ) ) ;
#4551 = CARTESIAN_POINT ( 'NONE',  ( 1.124999990389406800, -1.837530996695474700, 0.04999999999999999600 ) ) ;
#4552 = VERTEX_POINT ( 'NONE', #1309 ) ;
#4553 = ADVANCED_FACE ( 'NONE', ( #7763 ), #6241, .T. ) ;
#4554 = EDGE_CURVE ( 'NONE', #828, #4830, #4251, .T. ) ;
#4555 = LINE ( 'NONE', #6013, #5021 ) ;
#4556 = DIRECTION ( 'NONE',  ( -0.0000000000000000000, -0.0000000000000000000, -1.000000000000000000 ) ) ;
#4557 = EDGE_CURVE ( 'NONE', #2688, #7138, #4845, .T. ) ;
#4558 = VERTEX_POINT ( 'NONE', #4922 ) ;
#4559 =( GEOMETRIC_REPRESENTATION_CONTEXT ( 3 ) GLOBAL_UNCERTAINTY_ASSIGNED_CONTEXT ( ( #522 ) ) GLOBAL_UNIT_ASSIGNED_CONTEXT ( ( #899, #6130, #5313 ) ) REPRESENTATION_CONTEXT ( 'NONE', 'WORKASPACE' ) );
#4560 = AXIS2_PLACEMENT_3D ( 'NONE', #162, #920, #9432 ) ;
#4561 = CARTESIAN_POINT ( 'NONE',  ( -1.740000000000000000, -1.865000000000000200, 0.05000000000000000300 ) ) ;
#4562 = VERTEX_POINT ( 'NONE', #2645 ) ;
#4563 = LINE ( 'NONE', #8699, #3044 ) ;
#4564 = DIRECTION ( 'NONE',  ( -0.0000000000000000000, 0.0000000000000000000, 1.000000000000000000 ) ) ;
#4565 = DIRECTION ( 'NONE',  ( -0.0000000000000000000, -0.0000000000000000000, -1.000000000000000000 ) ) ;
#4566 = VECTOR ( 'NONE', #1512, 1000.000000000000000 ) ;
#4567 = LINE ( 'NONE', #678, #1053 ) ;
#4568 = ADVANCED_FACE ( 'NONE', ( #4137 ), #7239, .F. ) ;
#4569 = EDGE_LOOP ( 'NONE', ( #3849, #7041, #2754, #9020, #5982, #3942, #3133, #4355 ) ) ;
#4570 = CARTESIAN_POINT ( 'NONE',  ( 0.1250000000000000000, 1.837499999999999900, 0.0000000000000000000 ) ) ;
#4571 = CARTESIAN_POINT ( 'NONE',  ( -0.3750000096105933800, 1.837530996695474500, 0.04999999999999999600 ) ) ;
#4572 = CARTESIAN_POINT ( 'NONE',  ( 1.750000000000000000, 1.341900000000000100, 0.2030000000000000100 ) ) ;
#4573 = DIRECTION ( 'NONE',  ( -1.000000000000000000, -1.084500202974009300E-015, 0.0000000000000000000 ) ) ;
#4574 = CARTESIAN_POINT ( 'NONE',  ( 0.0000000000000000000, 0.0000000000000000000, 0.8008000000000000700 ) ) ;
#4575 = VERTEX_POINT ( 'NONE', #1933 ) ;
#4576 = DIRECTION ( 'NONE',  ( -1.000000000000000000, 0.0000000000000000000, 0.0000000000000000000 ) ) ;
#4577 = VECTOR ( 'NONE', #4142, 1000.000000000000000 ) ;
#4578 = DIRECTION ( 'NONE',  ( -0.0000000000000000000, -0.0000000000000000000, -1.000000000000000000 ) ) ;
#4579 = VECTOR ( 'NONE', #3605, 1000.000000000000000 ) ;
#4580 = ORIENTED_EDGE ( 'NONE', *, *, #5516, .F. ) ;
#4581 = ORIENTED_EDGE ( 'NONE', *, *, #5281, .T. ) ;
#4582 = ORIENTED_EDGE ( 'NONE', *, *, #8930, .F. ) ;
#4583 = DIRECTION ( 'NONE',  ( -0.0000000000000000000, -0.0000000000000000000, -1.000000000000000000 ) ) ;
#4584 = AXIS2_PLACEMENT_3D ( 'NONE', #4518, #8914, #5269 ) ;
#4585 = PLANE ( 'NONE',  #6828 ) ;
#4586 = FACE_OUTER_BOUND ( 'NONE', #6969, .T. ) ;
#4587 = EDGE_CURVE ( 'NONE', #7518, #6090, #384, .T. ) ;
#4588 = CARTESIAN_POINT ( 'NONE',  ( -0.2750000096105933400, -1.837530996695474500, 0.04999999999999999600 ) ) ;
#4589 = ORIENTED_EDGE ( 'NONE', *, *, #359, .F. ) ;
#4590 = ORIENTED_EDGE ( 'NONE', *, *, #2416, .F. ) ;
#4591 = VECTOR ( 'NONE', #7820, 1000.000000000000000 ) ;
#4592 = CARTESIAN_POINT ( 'NONE',  ( 0.1250000000000000000, 1.375000000000000000, 0.2030000000000000100 ) ) ;
#4593 = AXIS2_PLACEMENT_3D ( 'NONE', #9422, #7966, #3510 ) ;
#4594 = EDGE_CURVE ( 'NONE', #1468, #6621, #1926, .T. ) ;
#4595 = ORIENTED_EDGE ( 'NONE', *, *, #2279, .F. ) ;
#4596 = EDGE_CURVE ( 'NONE', #6301, #4028, #149, .T. ) ;
#4597 = DIRECTION ( 'NONE',  ( -1.000000000000000000, 0.0000000000000000000, 0.0000000000000000000 ) ) ;
#4598 = ORIENTED_EDGE ( 'NONE', *, *, #6522, .T. ) ;
#4599 = EDGE_LOOP ( 'NONE', ( #3414, #8967, #8544, #3844 ) ) ;
#4600 = LINE ( 'NONE', #671, #7864 ) ;
#4601 = CARTESIAN_POINT ( 'NONE',  ( -0.1721671182000000000, 0.1356073488154271600, 0.8009000000000000600 ) ) ;
#4602 = DIRECTION ( 'NONE',  ( 0.0000000000000000000, 1.000000000000000000, 0.0000000000000000000 ) ) ;
#4603 = DIRECTION ( 'NONE',  ( -0.0000000000000000000, -0.0000000000000000000, -1.000000000000000000 ) ) ;
#4604 = VERTEX_POINT ( 'NONE', #5753 ) ;
#4605 = VECTOR ( 'NONE', #4108, 1000.000000000000000 ) ;
#4606 = ADVANCED_FACE ( 'NONE', ( #4127 ), #1270, .F. ) ;
#4607 = EDGE_CURVE ( 'NONE', #597, #5956, #3084, .T. ) ;
#4608 = CARTESIAN_POINT ( 'NONE',  ( -0.06862657755184016500, 0.03784391159787732500, 0.8009000000000000600 ) ) ;
#4609 = DIRECTION ( 'NONE',  ( 1.000000000000000000, 0.0000000000000000000, -0.0000000000000000000 ) ) ;
#4610 = AXIS2_PLACEMENT_3D ( 'NONE', #9257, #1940, #386 ) ;
#4611 = LINE ( 'NONE', #8608, #1110 ) ;
#4612 = PRESENTATION_LAYER_ASSIGNMENT (  '', '', ( #9614 ) ) ;
#4613 = CARTESIAN_POINT ( 'NONE',  ( -1.508100000000000000, -1.875000000000000000, 0.0000000000000000000 ) ) ;
#4614 = CARTESIAN_POINT ( 'NONE',  ( 1.750000000000000000, 0.0000000000000000000, 0.2030000000000000100 ) ) ;
#4615 = EDGE_LOOP ( 'NONE', ( #5833, #5016, #3129, #3805 ) ) ;
#4616 = ORIENTED_EDGE ( 'NONE', *, *, #3053, .T. ) ;
#4617 = PLANE ( 'NONE',  #4560 ) ;
#4618 = CARTESIAN_POINT ( 'NONE',  ( 1.200000000000000000, 0.0000000000000000000, 0.0000000000000000000 ) ) ;
#4619 = ORIENTED_EDGE ( 'NONE', *, *, #1921, .F. ) ;
#4620 = FACE_OUTER_BOUND ( 'NONE', #1333, .T. ) ;
#4621 = EDGE_CURVE ( 'NONE', #7093, #8481, #7170, .T. ) ;
#4622 = PLANE ( 'NONE',  #6946 ) ;
#4623 = ORIENTED_EDGE ( 'NONE', *, *, #4077, .T. ) ;
#4624 = AXIS2_PLACEMENT_3D ( 'NONE', #5034, #5796, #4217 ) ;
#4625 = VERTEX_POINT ( 'NONE', #9555 ) ;
#4626 = VERTEX_POINT ( 'NONE', #2062 ) ;
#4627 = VECTOR ( 'NONE', #1007, 1000.000000000000000 ) ;
#4628 = CARTESIAN_POINT ( 'NONE',  ( 1.712530996695474900, 0.3749862499360769300, 0.0000000000000000000 ) ) ;
#4629 = FILL_AREA_STYLE_COLOUR ( '', #8886 ) ;
#4630 = DIRECTION ( 'NONE',  ( 1.000000000000000000, 0.0000000000000000000, 0.0000000000000000000 ) ) ;
#4631 = EDGE_LOOP ( 'NONE', ( #2759, #6207, #5192, #9346 ) ) ;
#4632 =( NAMED_UNIT ( * ) PLANE_ANGLE_UNIT ( ) SI_UNIT ( $, .RADIAN. ) );
#4633 = ORIENTED_EDGE ( 'NONE', *, *, #5825, .T. ) ;
#4634 = ORIENTED_EDGE ( 'NONE', *, *, #2527, .T. ) ;
#4635 = LINE ( 'NONE', #770, #2532 ) ;
#4636 = CARTESIAN_POINT ( 'NONE',  ( 0.0000000000000000000, 1.875000000000000000, 0.2030000000000000100 ) ) ;
#4637 = EDGE_CURVE ( 'NONE', #174, #3052, #3672, .T. ) ;
#4638 = DIRECTION ( 'NONE',  ( -0.0000000000000000000, -0.0000000000000000000, -1.000000000000000000 ) ) ;
#4639 = CARTESIAN_POINT ( 'NONE',  ( -0.1250000000000000000, 1.837499999999999900, 0.0000000000000000000 ) ) ;
#4640 = VERTEX_POINT ( 'NONE', #8800 ) ;
#4641 = ORIENTED_EDGE ( 'NONE', *, *, #2037, .F. ) ;
#4642 = DIRECTION ( 'NONE',  ( -0.0000000000000000000, -0.0000000000000000000, -1.000000000000000000 ) ) ;
#4643 = VECTOR ( 'NONE', #6578, 1000.000000000000000 ) ;
#4644 = CARTESIAN_POINT ( 'NONE',  ( 0.5999999999999999800, -0.1499999999999999700, 0.04999999999999999600 ) ) ;
#4645 = AXIS2_PLACEMENT_3D ( 'NONE', #7753, #355, #5605 ) ;
#4646 = ORIENTED_EDGE ( 'NONE', *, *, #2108, .F. ) ;
#4647 = ORIENTED_EDGE ( 'NONE', *, *, #8472, .F. ) ;
#4648 = EDGE_CURVE ( 'NONE', #4732, #9272, #2164, .T. ) ;
#4649 = EDGE_CURVE ( 'NONE', #6396, #5650, #8325, .T. ) ;
#4650 = VECTOR ( 'NONE', #6057, 1000.000000000000000 ) ;
#4651 = DIRECTION ( 'NONE',  ( -0.0000000000000000000, -0.0000000000000000000, -1.000000000000000000 ) ) ;
#4652 = DIRECTION ( 'NONE',  ( -1.000000000000000000, 0.0000000000000000000, 0.0000000000000000000 ) ) ;
#4653 = LINE ( 'NONE', #2725, #6514 ) ;
#4654 = EDGE_LOOP ( 'NONE', ( #5913, #4043, #705, #7835 ) ) ;
#4655 = ADVANCED_FACE ( 'NONE', ( #4944 ), #5180, .T. ) ;
#4656 = CARTESIAN_POINT ( 'NONE',  ( -1.750000000000000000, 0.0000000000000000000, 0.2030000000000000100 ) ) ;
#4657 = ORIENTED_EDGE ( 'NONE', *, *, #4078, .T. ) ;
#4658 = ORIENTED_EDGE ( 'NONE', *, *, #590, .T. ) ;
#4659 = VERTEX_POINT ( 'NONE', #6656 ) ;
#4660 = VECTOR ( 'NONE', #8130, 1000.000000000000000 ) ;
#4661 = CARTESIAN_POINT ( 'NONE',  ( -0.1251000000000000200, 1.376700000000000000, 0.2030000000000000100 ) ) ;
#4662 = FACE_OUTER_BOUND ( 'NONE', #173, .T. ) ;
#4663 = VECTOR ( 'NONE', #6824, 1000.000000000000000 ) ;
#4664 = CARTESIAN_POINT ( 'NONE',  ( -1.175036249936076700, 1.837420233362311800, 0.2030000000000000100 ) ) ;
#4665 =( NAMED_UNIT ( * ) SI_UNIT ( $, .STERADIAN. ) SOLID_ANGLE_UNIT ( ) );
#4666 = EDGE_CURVE ( 'NONE', #146, #4130, #9256, .T. ) ;
#4667 = AXIS2_PLACEMENT_3D ( 'NONE', #4052, #516, #1186 ) ;
#4668 = VERTEX_POINT ( 'NONE', #4400 ) ;
#4669 = FACE_OUTER_BOUND ( 'NONE', #9217, .T. ) ;
#4670 = LINE ( 'NONE', #7971, #1649 ) ;
#4671 = VECTOR ( 'NONE', #3720, 1000.000000000000000 ) ;
#4672 = ORIENTED_EDGE ( 'NONE', *, *, #4770, .F. ) ;
#4673 = CARTESIAN_POINT ( 'NONE',  ( -1.508100000000000000, 1.875000000000000000, 0.2030000000000000100 ) ) ;
#4674 = CARTESIAN_POINT ( 'NONE',  ( 1.750000000000000000, 1.058100000000000000, 0.2030000000000000100 ) ) ;
#4675 = CARTESIAN_POINT ( 'NONE',  ( 0.0000000000000000000, 1.875000000000000000, 0.2030000000000000100 ) ) ;
#4676 = ORIENTED_EDGE ( 'NONE', *, *, #7088, .F. ) ;
#4677 = EDGE_CURVE ( 'NONE', #4028, #9300, #9021, .T. ) ;
#4678 =( NAMED_UNIT ( * ) PLANE_ANGLE_UNIT ( ) SI_UNIT ( $, .RADIAN. ) );
#4679 = EDGE_CURVE ( 'NONE', #6454, #6129, #6589, .T. ) ;
#4680 = VECTOR ( 'NONE', #1711, 1000.000000000000000 ) ;
#4681 = LINE ( 'NONE', #8487, #5157 ) ;
#4682 = DIRECTION ( 'NONE',  ( -0.9999996711153252800, 0.0008110297413749793100, 0.0000000000000000000 ) ) ;
#4683 = LINE ( 'NONE', #9317, #4456 ) ;
#4684 = VERTEX_POINT ( 'NONE', #8858 ) ;
#4685 = AXIS2_PLACEMENT_3D ( 'NONE', #568, #5111, #8885 ) ;
#4686 = CARTESIAN_POINT ( 'NONE',  ( 1.174986249936076800, 1.837530996695474700, 0.0000000000000000000 ) ) ;
#4687 = CARTESIAN_POINT ( 'NONE',  ( 1.740000000000000000, 1.066775933925917700, 0.2030000000000000100 ) ) ;
#4688 = ORIENTED_EDGE ( 'NONE', *, *, #5628, .F. ) ;
#4689 = LINE ( 'NONE', #5346, #5880 ) ;
#4690 = ORIENTED_EDGE ( 'NONE', *, *, #7172, .T. ) ;
#4691 = FILL_AREA_STYLE ('',( #4822 ) ) ;
#4692 = STYLED_ITEM ( 'NONE', ( #4960 ), #4309 ) ;
#4693 = DIRECTION ( 'NONE',  ( -0.0000000000000000000, -0.0000000000000000000, -1.000000000000000000 ) ) ;
#4694 = FACE_OUTER_BOUND ( 'NONE', #855, .T. ) ;
#4695 = CARTESIAN_POINT ( 'NONE',  ( 1.750000000000000000, -0.6669000000000001600, 0.2030000000000000100 ) ) ;
#4696 = CARTESIAN_POINT ( 'NONE',  ( 0.8579999999999999800, 1.875000000000000000, 0.2030000000000000100 ) ) ;
#4697 = CARTESIAN_POINT ( 'NONE',  ( 1.740000000000000000, -1.865000000000000200, 0.8000000000000000400 ) ) ;
#4698 = DIRECTION ( 'NONE',  ( -0.0000000000000000000, -0.0000000000000000000, -1.000000000000000000 ) ) ;
#4699 = VECTOR ( 'NONE', #5098, 1000.000000000000000 ) ;
#4700 = ORIENTED_EDGE ( 'NONE', *, *, #6750, .T. ) ;
#4701 = VECTOR ( 'NONE', #2152, 1000.000000000000000 ) ;
#4702 = ADVANCED_FACE ( 'NONE', ( #7413 ), #5819, .F. ) ;
#4703 = CARTESIAN_POINT ( 'NONE',  ( 0.0000000000000000000, 0.0000000000000000000, 0.0000000000000000000 ) ) ;
#4704 = CARTESIAN_POINT ( 'NONE',  ( 1.712530996695474700, 1.025013750063923100, 0.2030000000000000100 ) ) ;
#4705 = CARTESIAN_POINT ( 'NONE',  ( 0.3579999999999999800, 1.875000000000000000, 0.2030000000000000100 ) ) ;
#4706 = AXIS2_PLACEMENT_3D ( 'NONE', #7459, #2212, #7526 ) ;
#4707 = DIRECTION ( 'NONE',  ( -0.0000000000000000000, -0.0000000000000000000, -1.000000000000000000 ) ) ;
#4708 = CYLINDRICAL_SURFACE ( 'NONE', #2831, 0.04998625954667008900 ) ;
#4709 = EDGE_LOOP ( 'NONE', ( #1838, #720, #472, #6284 ) ) ;
#4710 = EDGE_CURVE ( 'NONE', #4404, #4158, #5906, .T. ) ;
#4711 = VERTEX_POINT ( 'NONE', #7414 ) ;
#4712 = EDGE_CURVE ( 'NONE', #715, #3767, #7535, .T. ) ;
#4713 = CARTESIAN_POINT ( 'NONE',  ( 1.740000000000000000, -0.8417759339259178700, 0.2030000000000000100 ) ) ;
#4714 = VECTOR ( 'NONE', #9436, 1000.000000000000000 ) ;
#4715 = CARTESIAN_POINT ( 'NONE',  ( -0.1000000000000000100, -0.9000000000000001300, 0.04999999999999999600 ) ) ;
#4716 = ORIENTED_EDGE ( 'NONE', *, *, #529, .F. ) ;
#4717 = COLOUR_RGB ( '',0.2509803921568627400, 0.2509803921568627400, 0.2509803921568627400 ) ;
#4718 = DIRECTION ( 'NONE',  ( -1.000000000000000000, 0.0000000000000000000, 0.0000000000000000000 ) ) ;
#4719 = DIRECTION ( 'NONE',  ( -0.0000000000000000000, -0.0000000000000000000, -1.000000000000000000 ) ) ;
#4720 = DIRECTION ( 'NONE',  ( 1.000000000000000000, 0.0000000000000000000, 0.0000000000000000000 ) ) ;
#4721 = ORIENTED_EDGE ( 'NONE', *, *, #6285, .F. ) ;
#4722 = COLOUR_RGB ( '',1.000000000000000000, 1.000000000000000000, 1.000000000000000000 ) ;
#4723 = CIRCLE ( 'NONE', #3833, 0.04999996264625481600 ) ;
#4724 =( GEOMETRIC_REPRESENTATION_CONTEXT ( 3 ) GLOBAL_UNCERTAINTY_ASSIGNED_CONTEXT ( ( #4846 ) ) GLOBAL_UNIT_ASSIGNED_CONTEXT ( ( #8990, #3789, #6808 ) ) REPRESENTATION_CONTEXT ( 'NONE', 'WORKASPACE' ) );
#4725 = EDGE_CURVE ( 'NONE', #4562, #9373, #4600, .T. ) ;
#4726 = VECTOR ( 'NONE', #7450, 1000.000000000000000 ) ;
#4727 = DIRECTION ( 'NONE',  ( -0.9999996711153252800, 0.0008110297413749793100, 0.0000000000000000000 ) ) ;
#4728 =( LENGTH_UNIT ( ) NAMED_UNIT ( * ) SI_UNIT ( .MILLI., .METRE. ) );
#4729 = ORIENTED_EDGE ( 'NONE', *, *, #2642, .F. ) ;
#4730 = CARTESIAN_POINT ( 'NONE',  ( -0.1000000000000000100, -0.5999999999999999800, 0.0000000000000000000 ) ) ;
#4731 = CARTESIAN_POINT ( 'NONE',  ( 0.2750000000000000200, -0.5000000000000000000, 0.2030000000000000100 ) ) ;
#4732 = VERTEX_POINT ( 'NONE', #9044 ) ;
#4733 = CIRCLE ( 'NONE', #3522, 0.04998625954667031100 ) ;
#4734 = DIRECTION ( 'NONE',  ( -0.0000000000000000000, 0.0000000000000000000, 1.000000000000000000 ) ) ;
#4735 = FACE_OUTER_BOUND ( 'NONE', #4465, .T. ) ;
#4736 = ORIENTED_EDGE ( 'NONE', *, *, #5740, .T. ) ;
#4737 = ORIENTED_EDGE ( 'NONE', *, *, #4677, .F. ) ;
#4738 = EDGE_CURVE ( 'NONE', #7862, #1920, #6924, .T. ) ;
#4739 = DIRECTION ( 'NONE',  ( -0.0000000000000000000, -0.0000000000000000000, -1.000000000000000000 ) ) ;
#4740 = DIRECTION ( 'NONE',  ( -1.000000000000000000, 0.0000000000000000000, 0.0000000000000000000 ) ) ;
#4741 = AXIS2_PLACEMENT_3D ( 'NONE', #4990, #1211, #4929 ) ;
#4742 = FACE_OUTER_BOUND ( 'NONE', #1242, .T. ) ;
#4743 = CARTESIAN_POINT ( 'NONE',  ( 0.3749000000000000100, 1.376700000000000000, 0.04999999999999999600 ) ) ;
#4744 = CARTESIAN_POINT ( 'NONE',  ( -0.0000000000000000000, 1.875000000000000000, 0.0000000000000000000 ) ) ;
#4745 = CARTESIAN_POINT ( 'NONE',  ( -1.175036249936076700, -1.837420233362311800, 0.04999999999999999600 ) ) ;
#4746 = CARTESIAN_POINT ( 'NONE',  ( -0.5500000000000000400, -0.6999999999999999600, 0.2030000000000000100 ) ) ;
#4747 = ORIENTED_EDGE ( 'NONE', *, *, #4607, .T. ) ;
#4748 = ORIENTED_EDGE ( 'NONE', *, *, #5100, .T. ) ;
#4749 = EDGE_LOOP ( 'NONE', ( #6842, #4318, #3593, #437 ) ) ;
#4750 = CYLINDRICAL_SURFACE ( 'NONE', #4385, 0.03864122785523647900 ) ;
#4751 = EDGE_CURVE ( 'NONE', #9072, #8177, #5544, .T. ) ;
#4752 = CARTESIAN_POINT ( 'NONE',  ( 0.2750000000000000200, -0.2999999999999999900, 0.04999999999999999600 ) ) ;
#4753 = AXIS2_PLACEMENT_3D ( 'NONE', #2488, #4019, #1653 ) ;
#4754 = CARTESIAN_POINT ( 'NONE',  ( 0.1249999903894066200, 1.837530996695474500, 0.04999999999999999600 ) ) ;
#4755 = ADVANCED_FACE ( 'NONE', ( #9505 ), #6119, .T. ) ;
#4756 = ORIENTED_EDGE ( 'NONE', *, *, #6948, .T. ) ;
#4757 = ORIENTED_EDGE ( 'NONE', *, *, #7922, .T. ) ;
#4758 = DIRECTION ( 'NONE',  ( 1.000000000000000000, 0.0000000000000000000, 0.0000000000000000000 ) ) ;
#4759 = CARTESIAN_POINT ( 'NONE',  ( -0.1999999252924816500, -0.9000000747075184200, 0.04999999999999999600 ) ) ;
#4760 = LINE ( 'NONE', #9263, #5110 ) ;
#4761 = DIRECTION ( 'NONE',  ( -0.0000000000000000000, -0.0000000000000000000, -1.000000000000000000 ) ) ;
#4762 = ORIENTED_EDGE ( 'NONE', *, *, #4307, .T. ) ;
#4763 = CARTESIAN_POINT ( 'NONE',  ( -0.06136233604476345300, 0.1887731937154271700, 0.8008000000000000700 ) ) ;
#4764 = DIRECTION ( 'NONE',  ( -1.000000000000000000, 0.0000000000000000000, 0.0000000000000000000 ) ) ;
#4765 = CARTESIAN_POINT ( 'NONE',  ( -1.125100000000000000, 1.375000000000000000, 0.2030000000000000100 ) ) ;
#4766 = ORIENTED_EDGE ( 'NONE', *, *, #6103, .T. ) ;
#4767 = VERTEX_POINT ( 'NONE', #3024 ) ;
#4768 = LINE ( 'NONE', #129, #2894 ) ;
#4769 = VECTOR ( 'NONE', #2025, 1000.000000000000000 ) ;
#4770 = EDGE_CURVE ( 'NONE', #9170, #5072, #2623, .T. ) ;
#4771 = CARTESIAN_POINT ( 'NONE',  ( -1.740000000000000000, 1.333224066074082200, 0.04999999999999999600 ) ) ;
#4772 = CARTESIAN_POINT ( 'NONE',  ( 1.712500000000000100, 0.05000000000000000300, 0.0000000000000000000 ) ) ;
#4773 = CARTESIAN_POINT ( 'NONE',  ( -1.750000000000000000, 0.0000000000000000000, 0.2030000000000000100 ) ) ;
#4774 =( LENGTH_UNIT ( ) NAMED_UNIT ( * ) SI_UNIT ( .MILLI., .METRE. ) );
#4775 = VERTEX_POINT ( 'NONE', #6745 ) ;
#4776 = EDGE_LOOP ( 'NONE', ( #4916, #8939, #1157, #1722 ) ) ;
#4777 = LINE ( 'NONE', #6579, #3022 ) ;
#4778 = CARTESIAN_POINT ( 'NONE',  ( 1.125000000000000200, -1.837499999999999900, 0.04999999999999999600 ) ) ;
#4779 = LINE ( 'NONE', #1224, #5473 ) ;
#4780 = DIRECTION ( 'NONE',  ( 0.0000000000000000000, -0.0000000000000000000, 1.000000000000000000 ) ) ;
#4781 = LINE ( 'NONE', #1638, #3025 ) ;
#4782 = DIRECTION ( 'NONE',  ( -0.0000000000000000000, -0.0000000000000000000, -1.000000000000000000 ) ) ;
#4783 = EDGE_CURVE ( 'NONE', #5385, #8569, #8667, .T. ) ;
#4784 = ORIENTED_EDGE ( 'NONE', *, *, #2789, .T. ) ;
#4785 = EDGE_CURVE ( 'NONE', #936, #27, #3568, .T. ) ;
#4786 = EDGE_LOOP ( 'NONE', ( #8896, #1158, #8198, #291 ) ) ;
#4787 = DIRECTION ( 'NONE',  ( -1.000000000000000000, 0.0000000000000000000, 0.0000000000000000000 ) ) ;
#4788 = LINE ( 'NONE', #446, #8511 ) ;
#4789 = CARTESIAN_POINT ( 'NONE',  ( 0.5999999999999999800, -0.8499999999999999800, 0.0000000000000000000 ) ) ;
#4790 = CARTESIAN_POINT ( 'NONE',  ( 0.2123996133000000400, 0.2152124982000001000, 0.8008039999999999600 ) ) ;
#4791 = VECTOR ( 'NONE', #9652, 1000.000000000000000 ) ;
#4792 = FACE_OUTER_BOUND ( 'NONE', #4654, .T. ) ;
#4793 = ORIENTED_EDGE ( 'NONE', *, *, #9478, .F. ) ;
#4794 = DIRECTION ( 'NONE',  ( 0.0000000000000000000, -0.0000000000000000000, 1.000000000000000000 ) ) ;
#4795 = ORIENTED_EDGE ( 'NONE', *, *, #1074, .F. ) ;
#4796 = DIRECTION ( 'NONE',  ( -1.000000000000000000, 0.0000000000000000000, 0.0000000000000000000 ) ) ;
#4797 = VECTOR ( 'NONE', #6274, 1000.000000000000000 ) ;
#4798 = CARTESIAN_POINT ( 'NONE',  ( -0.0000000000000000000, 1.325000000000000000, 0.0000000000000000000 ) ) ;
#4799 = LINE ( 'NONE', #9244, #5862 ) ;
#4800 = EDGE_CURVE ( 'NONE', #5650, #4996, #6356, .T. ) ;
#4801 = ORIENTED_EDGE ( 'NONE', *, *, #3798, .F. ) ;
#4802 = AXIS2_PLACEMENT_3D ( 'NONE', #6668, #4380, #8124 ) ;
#4803 = AXIS2_PLACEMENT_3D ( 'NONE', #3584, #2877, #2946 ) ;
#4804 = VERTEX_POINT ( 'NONE', #5985 ) ;
#4805 = ADVANCED_FACE ( 'NONE', ( #1462 ), #624, .T. ) ;
#4806 = CARTESIAN_POINT ( 'NONE',  ( 0.0000000000000000000, -1.550000000000000300, 0.2030000000000000100 ) ) ;
#4807 = CARTESIAN_POINT ( 'NONE',  ( -1.126199279232459500, 0.0009009594233845234100, 0.2030000000000000100 ) ) ;
#4808 = VERTEX_POINT ( 'NONE', #1543 ) ;
#4809 = DIRECTION ( 'NONE',  ( -0.0000000000000000000, 0.0000000000000000000, -1.000000000000000000 ) ) ;
#4810 =( NAMED_UNIT ( * ) SI_UNIT ( $, .STERADIAN. ) SOLID_ANGLE_UNIT ( ) );
#4811 = CARTESIAN_POINT ( 'NONE',  ( -0.5500000000000000400, 0.0000000000000000000, 0.0000000000000000000 ) ) ;
#4812 = EDGE_CURVE ( 'NONE', #1392, #6310, #5301, .T. ) ;
#4813 = AXIS2_PLACEMENT_3D ( 'NONE', #5140, #7265, #2921 ) ;
#4814 = LINE ( 'NONE', #5263, #8778 ) ;
#4815 = EDGE_LOOP ( 'NONE', ( #4866, #2531, #4076, #128 ) ) ;
#4816 = CARTESIAN_POINT ( 'NONE',  ( -1.175036249936076700, 1.837420233362311800, 0.2030000000000000100 ) ) ;
#4817 = VECTOR ( 'NONE', #2640, 1000.000000000000000 ) ;
#4818 = CARTESIAN_POINT ( 'NONE',  ( 0.5500000000000000400, -1.399999999999999900, 0.0000000000000000000 ) ) ;
#4819 = CARTESIAN_POINT ( 'NONE',  ( -1.750000000000000000, 0.8418999999999999800, 0.2030000000000000100 ) ) ;
#4820 = CARTESIAN_POINT ( 'NONE',  ( -1.750000000000000000, -1.366900000000000000, 0.2030000000000000100 ) ) ;
#4821 = ORIENTED_EDGE ( 'NONE', *, *, #3836, .F. ) ;
#4822 = FILL_AREA_STYLE_COLOUR ( '', #1274 ) ;
#4823 = VERTEX_POINT ( 'NONE', #3719 ) ;
#4824 = DIRECTION ( 'NONE',  ( -0.0000000000000000000, -0.0000000000000000000, -1.000000000000000000 ) ) ;
#4825 = LINE ( 'NONE', #8331, #8789 ) ;
#4826 = DIRECTION ( 'NONE',  ( 1.000000000000000000, 0.0000000000000000000, 0.0000000000000000000 ) ) ;
#4827 = DIRECTION ( 'NONE',  ( -0.0000000000000000000, -0.0000000000000000000, -1.000000000000000000 ) ) ;
#4828 = EDGE_CURVE ( 'NONE', #427, #392, #7646, .T. ) ;
#4829 = CARTESIAN_POINT ( 'NONE',  ( 0.6749862499360769200, 1.837530996695474500, 0.0000000000000000000 ) ) ;
#4830 = VERTEX_POINT ( 'NONE', #4533 ) ;
#4831 = VECTOR ( 'NONE', #6646, 1000.000000000000000 ) ;
#4832 = ORIENTED_EDGE ( 'NONE', *, *, #3616, .T. ) ;
#4833 = ORIENTED_EDGE ( 'NONE', *, *, #137, .F. ) ;
#4834 = VECTOR ( 'NONE', #2192, 1000.000000000000000 ) ;
#4835 = DIRECTION ( 'NONE',  ( 0.0000000000000000000, 1.000000000000000000, 0.0000000000000000000 ) ) ;
#4836 = SURFACE_SIDE_STYLE ('',( #8893 ) ) ;
#4837 = PLANE ( 'NONE',  #987 ) ;
#4838 = AXIS2_PLACEMENT_3D ( 'NONE', #5358, #186, #9131 ) ;
#4839 = EDGE_CURVE ( 'NONE', #9255, #9071, #3325, .T. ) ;
#4840 = ORIENTED_EDGE ( 'NONE', *, *, #3152, .T. ) ;
#4841 = EDGE_CURVE ( 'NONE', #5859, #7953, #3898, .T. ) ;
#4842 = DIRECTION ( 'NONE',  ( -0.0000000000000000000, -0.0000000000000000000, -1.000000000000000000 ) ) ;
#4843 = DIRECTION ( 'NONE',  ( -0.0000000000000000000, -0.0000000000000000000, 1.000000000000000000 ) ) ;
#4844 = EDGE_LOOP ( 'NONE', ( #8665, #6913, #7872, #4900 ) ) ;
#4845 = LINE ( 'NONE', #1202, #8334 ) ;
#4846 = UNCERTAINTY_MEASURE_WITH_UNIT (LENGTH_MEASURE( 1.000000000000000100E-005 ), #8990, 'distance_accuracy_value', 'NONE');
#4847 = LINE ( 'NONE', #4897, #2859 ) ;
#4848 = DIRECTION ( 'NONE',  ( -0.0000000000000000000, -0.0000000000000000000, -1.000000000000000000 ) ) ;
#4849 = VERTEX_POINT ( 'NONE', #826 ) ;
#4850 = ADVANCED_FACE ( 'NONE', ( #2379 ), #4371, .T. ) ;
#4851 = ORIENTED_EDGE ( 'NONE', *, *, #3823, .F. ) ;
#4852 = LINE ( 'NONE', #6397, #1364 ) ;
#4853 = LINE ( 'NONE', #7369, #3104 ) ;
#4854 = AXIS2_PLACEMENT_3D ( 'NONE', #8539, #7859, #4884 ) ;
#4855 = DIRECTION ( 'NONE',  ( 1.000000000000000000, 0.0000000000000000000, 0.0000000000000000000 ) ) ;
#4856 = DIRECTION ( 'NONE',  ( -1.000000000000000000, 0.0000000000000000000, 0.0000000000000000000 ) ) ;
#4857 = CARTESIAN_POINT ( 'NONE',  ( 1.250000000000000000, 1.075000000000000000, 0.0000000000000000000 ) ) ;
#4858 = EDGE_LOOP ( 'NONE', ( #9390, #8469, #698, #7722 ) ) ;
#4859 = EDGE_LOOP ( 'NONE', ( #3681, #7366, #5811, #5745 ) ) ;
#4860 = DIRECTION ( 'NONE',  ( 0.0000000000000000000, -1.000000000000000000, 0.0000000000000000000 ) ) ;
#4861 = FACE_OUTER_BOUND ( 'NONE', #1170, .T. ) ;
#4862 = EDGE_CURVE ( 'NONE', #5072, #7521, #1582, .T. ) ;
#4863 = DIRECTION ( 'NONE',  ( -0.0000000000000000000, -0.0000000000000000000, -1.000000000000000000 ) ) ;
#4864 = DIRECTION ( 'NONE',  ( -0.0000000000000000000, 0.0000000000000000000, 1.000000000000000000 ) ) ;
#4865 = MECHANICAL_DESIGN_GEOMETRIC_PRESENTATION_REPRESENTATION (  '', ( #2064 ), #4559 ) ;
#4866 = ORIENTED_EDGE ( 'NONE', *, *, #8508, .F. ) ;
#4867 = PLANE ( 'NONE',  #8906 ) ;
#4868 = ORIENTED_EDGE ( 'NONE', *, *, #6488, .F. ) ;
#4869 = DIRECTION ( 'NONE',  ( -1.000000000000000000, 0.0000000000000000000, 0.0000000000000000000 ) ) ;
#4870 =( NAMED_UNIT ( * ) PLANE_ANGLE_UNIT ( ) SI_UNIT ( $, .RADIAN. ) );
#4871 = SURFACE_STYLE_FILL_AREA ( #5414 ) ;
#4872 = CARTESIAN_POINT ( 'NONE',  ( 0.5500000000000000400, -0.1000000000000000100, 0.0000000000000000000 ) ) ;
#4873 = ORIENTED_EDGE ( 'NONE', *, *, #5978, .T. ) ;
#4874 = VERTEX_POINT ( 'NONE', #3963 ) ;
#4875 = CARTESIAN_POINT ( 'NONE',  ( -0.1505420154000000100, -0.1856274672000000100, 0.8008000000000000700 ) ) ;
#4876 = VECTOR ( 'NONE', #6823, 1000.000000000000000 ) ;
#4877 = AXIS2_PLACEMENT_3D ( 'NONE', #8763, #8019, #3565 ) ;
#4879 = ORIENTED_EDGE ( 'NONE', *, *, #2395, .T. ) ;
#4878 = CARTESIAN_POINT ( 'NONE',  ( 0.2249637500639230800, -1.837420233362311800, 0.2030000000000000100 ) ) ;
#4880 = CARTESIAN_POINT ( 'NONE',  ( 0.0000000000000000000, 0.0000000000000000000, 0.2030000000000000100 ) ) ;
#4881 = ORIENTED_EDGE ( 'NONE', *, *, #894, .T. ) ;
#4882 = ORIENTED_EDGE ( 'NONE', *, *, #9156, .T. ) ;
#4883 = LINE ( 'NONE', #2335, #195 ) ;
#4884 = DIRECTION ( 'NONE',  ( -1.000000000000000000, 0.0000000000000000000, 0.0000000000000000000 ) ) ;
#4885 = DIRECTION ( 'NONE',  ( -1.000000000000000000, 0.0000000000000000000, 0.0000000000000000000 ) ) ;
#4886 = CIRCLE ( 'NONE', #2367, 0.04998625954667031100 ) ;
#4887 = ORIENTED_EDGE ( 'NONE', *, *, #4989, .F. ) ;
#4888 = DIRECTION ( 'NONE',  ( -1.000000000000000000, 0.0000000000000000000, 0.0000000000000000000 ) ) ;
#4889 = AXIS2_PLACEMENT_3D ( 'NONE', #1095, #4065, #6319 ) ;
#4890 = ORIENTED_EDGE ( 'NONE', *, *, #9138, .T. ) ;
#4891 = EDGE_CURVE ( 'NONE', #3864, #1813, #3792, .T. ) ;
#4892 = EDGE_CURVE ( 'NONE', #4823, #8881, #1343, .T. ) ;
#4893 = CIRCLE ( 'NONE', #6184, 0.04998625954667031100 ) ;
#4894 = ADVANCED_FACE ( 'NONE', ( #9134 ), #992, .F. ) ;
#4895 = ORIENTED_EDGE ( 'NONE', *, *, #1609, .T. ) ;
#4896 = CIRCLE ( 'NONE', #9099, 0.04999996264625471100 ) ;
#4897 = CARTESIAN_POINT ( 'NONE',  ( -0.8750000000000000000, 1.837499999999999900, 0.2030000000000000100 ) ) ;
#4898 = DIRECTION ( 'NONE',  ( -0.0000000000000000000, -0.0000000000000000000, -1.000000000000000000 ) ) ;
#4899 = DIRECTION ( 'NONE',  ( -1.000000000000000000, 0.0000000000000000000, 0.0000000000000000000 ) ) ;
#4900 = ORIENTED_EDGE ( 'NONE', *, *, #6395, .T. ) ;
#4901 = VERTEX_POINT ( 'NONE', #927 ) ;
#4902 = CYLINDRICAL_SURFACE ( 'NONE', #7923, 0.04999996264625476000 ) ;
#4903 = DIRECTION ( 'NONE',  ( -1.000000000000000000, 0.0000000000000000000, 0.0000000000000000000 ) ) ;
#4904 = ORIENTED_EDGE ( 'NONE', *, *, #3334, .T. ) ;
#4905 = AXIS2_PLACEMENT_3D ( 'NONE', #3661, #2139, #2829 ) ;
#4906 = EDGE_CURVE ( 'NONE', #597, #2359, #4359, .T. ) ;
#4907 = EDGE_CURVE ( 'NONE', #5970, #2282, #370, .T. ) ;
#4908 = CARTESIAN_POINT ( 'NONE',  ( -0.5500000000000000400, 0.0000000000000000000, 0.0000000000000000000 ) ) ;
#4909 = PLANE ( 'NONE',  #6802 ) ;
#4910 = EDGE_LOOP ( 'NONE', ( #7252, #5705, #6017, #5069 ) ) ;
#4911 = CARTESIAN_POINT ( 'NONE',  ( 1.750000000000000000, -1.366900000000000000, 0.0000000000000000000 ) ) ;
#4912 = EDGE_LOOP ( 'NONE', ( #5077, #6585, #8338, #4286 ) ) ;
#4913 = FACE_OUTER_BOUND ( 'NONE', #3273, .T. ) ;
#4914 = CYLINDRICAL_SURFACE ( 'NONE', #6535, 0.04998625954667033200 ) ;
#4915 = DIRECTION ( 'NONE',  ( -1.000000000000000000, 0.0000000000000000000, 0.0000000000000000000 ) ) ;
#4916 = ORIENTED_EDGE ( 'NONE', *, *, #8327, .F. ) ;
#4917 = DIRECTION ( 'NONE',  ( -0.0000000000000000000, 0.0000000000000000000, 1.000000000000000000 ) ) ;
#4918 = DIRECTION ( 'NONE',  ( -1.000000000000000000, 0.0000000000000000000, 0.0000000000000000000 ) ) ;
#4919 = CARTESIAN_POINT ( 'NONE',  ( 1.125000000000000200, 1.375000000000000000, 0.04999999999999999600 ) ) ;
#4920 = PLANE ( 'NONE',  #2756 ) ;
#4921 = ORIENTED_EDGE ( 'NONE', *, *, #1618, .T. ) ;
#4922 = CARTESIAN_POINT ( 'NONE',  ( -0.2667759339259177000, -1.865000000000000200, 0.2030000000000000100 ) ) ;
#4923 = EDGE_CURVE ( 'NONE', #5956, #977, #4825, .T. ) ;
#4924 = AXIS2_PLACEMENT_3D ( 'NONE', #1441, #5949, #6893 ) ;
#4925 = VECTOR ( 'NONE', #2352, 1000.000000000000000 ) ;
#4926 = ORIENTED_EDGE ( 'NONE', *, *, #2758, .F. ) ;
#4927 = AXIS2_PLACEMENT_3D ( 'NONE', #7425, #5805, #8876 ) ;
#4928 = DIRECTION ( 'NONE',  ( 1.000000000000000000, 0.0000000000000000000, 0.0000000000000000000 ) ) ;
#4929 = DIRECTION ( 'NONE',  ( 1.000000000000000000, 0.0000000000000000000, 0.0000000000000000000 ) ) ;
#4930 = ORIENTED_EDGE ( 'NONE', *, *, #9297, .T. ) ;
#4931 = SURFACE_STYLE_USAGE ( .BOTH. , #7870 ) ;
#4932 = FILL_AREA_STYLE_COLOUR ( '', #250 ) ;
#4933 = FACE_OUTER_BOUND ( 'NONE', #9456, .T. ) ;
#4934 = ORIENTED_EDGE ( 'NONE', *, *, #779, .F. ) ;
#4935 = DIRECTION ( 'NONE',  ( -1.000000000000000000, 0.0000000000000000000, 0.0000000000000000000 ) ) ;
#4936 = CIRCLE ( 'NONE', #1959, 0.04998625954667031100 ) ;
#4937 = EDGE_CURVE ( 'NONE', #5970, #3557, #8441, .T. ) ;
#4938 = ORIENTED_EDGE ( 'NONE', *, *, #4783, .F. ) ;
#4939 = FACE_OUTER_BOUND ( 'NONE', #740, .T. ) ;
#4940 = ORIENTED_EDGE ( 'NONE', *, *, #6122, .T. ) ;
#4941 = DIRECTION ( 'NONE',  ( 0.0000000000000000000, 1.000000000000000000, 0.0000000000000000000 ) ) ;
#4942 = CARTESIAN_POINT ( 'NONE',  ( 0.1000000000000000100, -0.5999999999999999800, 0.0000000000000000000 ) ) ;
#4943 = CARTESIAN_POINT ( 'NONE',  ( 0.1000000000000000100, -0.5999999999999999800, 0.2030000000000000100 ) ) ;
#4944 = FACE_OUTER_BOUND ( 'NONE', #9663, .T. ) ;
#4945 = ADVANCED_FACE ( 'NONE', ( #9011 ), #4622, .F. ) ;
#4946 = VERTEX_POINT ( 'NONE', #7669 ) ;
#4947 = EDGE_LOOP ( 'NONE', ( #3076, #4757, #1141, #1360 ) ) ;
#4948 = AXIS2_PLACEMENT_3D ( 'NONE', #4254, #5808, #2720 ) ;
#4949 = CARTESIAN_POINT ( 'NONE',  ( -1.126199279232459500, 0.0009009594233845234100, 0.05000000000000000300 ) ) ;
#4950 = PLANE ( 'NONE',  #9250 ) ;
#4951 = EDGE_CURVE ( 'NONE', #2250, #6841, #6012, .T. ) ;
#4952 = VERTEX_POINT ( 'NONE', #234 ) ;
#4953 = CARTESIAN_POINT ( 'NONE',  ( -1.740000000000000000, -0.6582240660740822400, 0.2030000000000000100 ) ) ;
#4954 = VECTOR ( 'NONE', #199, 1000.000000000000000 ) ;
#4955 = CARTESIAN_POINT ( 'NONE',  ( 1.175000000000000000, 1.325000000000000000, 0.0000000000000000000 ) ) ;
#4956 = ORIENTED_EDGE ( 'NONE', *, *, #644, .F. ) ;
#4957 = CARTESIAN_POINT ( 'NONE',  ( 0.6419000000000000300, 1.875000000000000000, 0.0000000000000000000 ) ) ;
#4958 = CARTESIAN_POINT ( 'NONE',  ( -0.5999999626462407800, -0.6999999626462407600, 0.04999999999999999600 ) ) ;
#4959 = ORIENTED_EDGE ( 'NONE', *, *, #1013, .F. ) ;
#4960 = PRESENTATION_STYLE_ASSIGNMENT (( #6877 ) ) ;
#4961 = CARTESIAN_POINT ( 'NONE',  ( -0.3580999999999999700, 1.875000000000000000, 0.0000000000000000000 ) ) ;
#4962 = DIRECTION ( 'NONE',  ( -0.0000000000000000000, 0.0000000000000000000, 1.000000000000000000 ) ) ;
#4963 = FACE_OUTER_BOUND ( 'NONE', #9603, .T. ) ;
#4964 = MECHANICAL_DESIGN_GEOMETRIC_PRESENTATION_REPRESENTATION (  '', ( #1347 ), #1848 ) ;
#4965 = DIRECTION ( 'NONE',  ( -0.0000000000000000000, 0.0000000000000000000, 1.000000000000000000 ) ) ;
#4966 = EDGE_LOOP ( 'NONE', ( #8227, #9193, #3779, #8594, #6, #8807, #1696, #9665, #5934, #5973, #4320, #4895, #657, #8479, #6879, #8221, #3501, #8300, #4305, #4581, #352, #7499, #8684, #3832, #2555, #6258, #5325, #214 ) ) ;
#4967 = EDGE_CURVE ( 'NONE', #4849, #4604, #4242, .T. ) ;
#4968 = CARTESIAN_POINT ( 'NONE',  ( 0.8249637500639232000, 1.837420233362311800, 0.04999999999999999600 ) ) ;
#4969 = ORIENTED_EDGE ( 'NONE', *, *, #9398, .F. ) ;
#4970 = CARTESIAN_POINT ( 'NONE',  ( -1.750000000000000000, 0.5581000000000000400, 0.2030000000000000100 ) ) ;
#4971 = VERTEX_POINT ( 'NONE', #4752 ) ;
#4972 = DIRECTION ( 'NONE',  ( -0.0000000000000000000, 0.0000000000000000000, 1.000000000000000000 ) ) ;
#4973 = VECTOR ( 'NONE', #3466, 1000.000000000000000 ) ;
#4974 = DIRECTION ( 'NONE',  ( 1.000000000000000000, 0.0000000000000000000, 0.0000000000000000000 ) ) ;
#4975 = CARTESIAN_POINT ( 'NONE',  ( -0.1999999252924816500, -0.9000000747075184200, 0.2030000000000000100 ) ) ;
#4976 = DIRECTION ( 'NONE',  ( -0.0000000000000000000, -0.0000000000000000000, -1.000000000000000000 ) ) ;
#4977 = CARTESIAN_POINT ( 'NONE',  ( 1.200000000000000000, 1.024999999999999900, 0.2030000000000000100 ) ) ;
#4978 = ORIENTED_EDGE ( 'NONE', *, *, #9399, .T. ) ;
#4979 = ORIENTED_EDGE ( 'NONE', *, *, #7599, .F. ) ;
#4980 = CARTESIAN_POINT ( 'NONE',  ( -1.740000000000000000, 1.865000000000000200, 0.05000000000000000300 ) ) ;
#4981 = AXIS2_PLACEMENT_3D ( 'NONE', #3221, #1734, #2410 ) ;
#4982 = LINE ( 'NONE', #7831, #4164 ) ;
#4983 = DIRECTION ( 'NONE',  ( -0.0000000000000000000, -0.0000000000000000000, -1.000000000000000000 ) ) ;
#4984 =( NAMED_UNIT ( * ) PLANE_ANGLE_UNIT ( ) SI_UNIT ( $, .RADIAN. ) );
#4985 = DIRECTION ( 'NONE',  ( -0.0000000000000000000, 0.0000000000000000000, 1.000000000000000000 ) ) ;
#4986 = EDGE_LOOP ( 'NONE', ( #8125, #708, #3371, #3657 ) ) ;
#4987 = EDGE_CURVE ( 'NONE', #4558, #4874, #6577, .T. ) ;
#4988 = ADVANCED_FACE ( 'NONE', ( #6348 ), #1802, .T. ) ;
#4989 = EDGE_CURVE ( 'NONE', #823, #452, #7524, .T. ) ;
#4990 = CARTESIAN_POINT ( 'NONE',  ( -0.8250000373537592600, 1.374999962646241000, 0.0000000000000000000 ) ) ;
#4991 = DIRECTION ( 'NONE',  ( 0.0000000000000000000, 1.000000000000000000, -0.0000000000000000000 ) ) ;
#4992 = AXIS2_PLACEMENT_3D ( 'NONE', #8683, #8846, #1367 ) ;
#4993 = CARTESIAN_POINT ( 'NONE',  ( -1.175100000000000000, 1.325000000000000000, 0.0000000000000000000 ) ) ;
#4994 = CARTESIAN_POINT ( 'NONE',  ( -1.750000000000000000, -0.6669000000000001600, 0.0000000000000000000 ) ) ;
#4995 = CARTESIAN_POINT ( 'NONE',  ( 0.0000000000000000000, 0.0000000000000000000, 0.2030000000000000100 ) ) ;
#4996 = VERTEX_POINT ( 'NONE', #9075 ) ;
#4997 = CARTESIAN_POINT ( 'NONE',  ( -0.2750000000000000200, -0.2999999999999999900, 0.04999999999999999600 ) ) ;
#4998 = ORIENTED_EDGE ( 'NONE', *, *, #4265, .T. ) ;
#4999 = CYLINDRICAL_SURFACE ( 'NONE', #2423, 0.04998625954667008900 ) ;
#5000 = DIRECTION ( 'NONE',  ( 1.000000000000000000, 0.0000000000000000000, 0.0000000000000000000 ) ) ;
#5001 = LINE ( 'NONE', #2489, #3249 ) ;
#5002 = CIRCLE ( 'NONE', #1881, 0.1015999999999996500 ) ;
#5003 = DIRECTION ( 'NONE',  ( -0.0000000000000000000, -0.0000000000000000000, -1.000000000000000000 ) ) ;
#5004 = CARTESIAN_POINT ( 'NONE',  ( -0.6250000000000001100, 1.500000000000000000, 0.0000000000000000000 ) ) ;
#5005 = ORIENTED_EDGE ( 'NONE', *, *, #6395, .F. ) ;
#5006 = ORIENTED_EDGE ( 'NONE', *, *, #2746, .T. ) ;
#5007 =( NAMED_UNIT ( * ) PLANE_ANGLE_UNIT ( ) SI_UNIT ( $, .RADIAN. ) );
#5008 = CARTESIAN_POINT ( 'NONE',  ( 1.740000000000000000, 1.865000000000000200, 0.2029999999999999600 ) ) ;
#5009 = AXIS2_PLACEMENT_3D ( 'NONE', #6526, #3608, #6593 ) ;
#5010 = CARTESIAN_POINT ( 'NONE',  ( -1.740000000000000000, 0.3332240660740821100, 0.04999999999999999600 ) ) ;
#5011 = FACE_OUTER_BOUND ( 'NONE', #5331, .T. ) ;
#5012 = VECTOR ( 'NONE', #4976, 1000.000000000000000 ) ;
#5013 = EDGE_CURVE ( 'NONE', #2366, #5208, #7982, .T. ) ;
#5014 = DIRECTION ( 'NONE',  ( -0.0000000000000000000, 0.0000000000000000000, 1.000000000000000000 ) ) ;
#5015 = DIRECTION ( 'NONE',  ( 0.0000000000000000000, 0.0000000000000000000, 1.000000000000000000 ) ) ;
#5016 = ORIENTED_EDGE ( 'NONE', *, *, #8972, .F. ) ;
#5017 = DIRECTION ( 'NONE',  ( 1.000000000000000000, 0.0000000000000000000, 0.0000000000000000000 ) ) ;
#5018 = CIRCLE ( 'NONE', #410, 0.04998625954667008900 ) ;
#5019 = DIRECTION ( 'NONE',  ( -0.0000000000000000000, -0.0000000000000000000, -1.000000000000000000 ) ) ;
#5020 = CARTESIAN_POINT ( 'NONE',  ( 1.740000000000000000, 1.865000000000000200, 0.05000000000000000300 ) ) ;
#5021 = VECTOR ( 'NONE', #731, 1000.000000000000000 ) ;
#5022 = DIRECTION ( 'NONE',  ( 0.0000000000000000000, -0.0000000000000000000, -1.000000000000000000 ) ) ;
#5023 = ORIENTED_EDGE ( 'NONE', *, *, #512, .T. ) ;
#5024 = CARTESIAN_POINT ( 'NONE',  ( -1.712530996695474700, -0.6999862499360770500, 0.04999999999999999600 ) ) ;
#5025 = DIRECTION ( 'NONE',  ( 0.0000000000000000000, -0.0000000000000000000, 1.000000000000000000 ) ) ;
#5026 = AXIS2_PLACEMENT_3D ( 'NONE', #180, #844, #97 ) ;
#5027 = EDGE_CURVE ( 'NONE', #9342, #4808, #2838, .T. ) ;
#5028 = ORIENTED_EDGE ( 'NONE', *, *, #5530, .T. ) ;
#5029 = LINE ( 'NONE', #6489, #8 ) ;
#5030 = DIRECTION ( 'NONE',  ( -0.0000000000000000000, 0.0000000000000000000, 1.000000000000000000 ) ) ;
#5031 = CARTESIAN_POINT ( 'NONE',  ( -0.6251000000000001000, 1.376700000000000300, 0.2030000000000000100 ) ) ;
#5032 = DIRECTION ( 'NONE',  ( 0.0000000000000000000, 0.0000000000000000000, -1.000000000000000000 ) ) ;
#5033 = ORIENTED_EDGE ( 'NONE', *, *, #7734, .T. ) ;
#5034 = CARTESIAN_POINT ( 'NONE',  ( 0.3249637500639230300, 1.837420233362311800, 0.04999999999999999600 ) ) ;
#5035 = DIRECTION ( 'NONE',  ( -0.0000000000000000000, 0.0000000000000000000, 1.000000000000000000 ) ) ;
#5036 = CARTESIAN_POINT ( 'NONE',  ( 0.0000000000000000000, -1.550000000000000300, 0.0000000000000000000 ) ) ;
#5037 = ORIENTED_EDGE ( 'NONE', *, *, #2094, .T. ) ;
#5038 = CARTESIAN_POINT ( 'NONE',  ( 0.0000000000000000000, -1.550000000000000300, 0.0000000000000000000 ) ) ;
#5039 = FACE_OUTER_BOUND ( 'NONE', #3982, .T. ) ;
#5040 = VECTOR ( 'NONE', #3535, 1000.000000000000000 ) ;
#5041 = CARTESIAN_POINT ( 'NONE',  ( 0.0000000000000000000, 1.325000000000000000, 0.2030000000000000100 ) ) ;
#5042 = EDGE_CURVE ( 'NONE', #2630, #4684, #2040, .T. ) ;
#5043 = ORIENTED_EDGE ( 'NONE', *, *, #1837, .F. ) ;
#5044 = AXIS2_PLACEMENT_3D ( 'NONE', #2211, #1527, #811 ) ;
#5045 = DIRECTION ( 'NONE',  ( -0.0000000000000000000, -0.0000000000000000000, -1.000000000000000000 ) ) ;
#5046 = ADVANCED_FACE ( 'NONE', ( #2496 ), #5777, .T. ) ;
#5047 = VECTOR ( 'NONE', #6164, 1000.000000000000000 ) ;
#5048 = DIRECTION ( 'NONE',  ( -1.000000000000000000, 4.338000811896037200E-015, 0.0000000000000000000 ) ) ;
#5049 = LINE ( 'NONE', #3369, #958 ) ;
#5050 = CARTESIAN_POINT ( 'NONE',  ( -0.5500000000000000400, 0.0000000000000000000, 0.04999999999999999600 ) ) ;
#5051 = EDGE_CURVE ( 'NONE', #8687, #6670, #842, .T. ) ;
#5052 = CARTESIAN_POINT ( 'NONE',  ( 0.0000000000000000000, 1.625000000000000200, 0.0000000000000000000 ) ) ;
#5053 = CARTESIAN_POINT ( 'NONE',  ( -1.712500000000000100, -0.8499999999999999800, 0.2030000000000000100 ) ) ;
#5054 = AXIS2_PLACEMENT_3D ( 'NONE', #3161, #9118, #6020 ) ;
#5055 = VERTEX_POINT ( 'NONE', #1892 ) ;
#5056 = AXIS2_PLACEMENT_3D ( 'NONE', #7234, #3560, #429 ) ;
#5057 = DIRECTION ( 'NONE',  ( 0.0000000000000000000, -0.0000000000000000000, 1.000000000000000000 ) ) ;
#5058 = VERTEX_POINT ( 'NONE', #4818 ) ;
#5059 = VECTOR ( 'NONE', #8883, 1000.000000000000000 ) ;
#5060 = ORIENTED_EDGE ( 'NONE', *, *, #8404, .T. ) ;
#5061 = VECTOR ( 'NONE', #3388, 1000.000000000000000 ) ;
#5062 = DIRECTION ( 'NONE',  ( 0.0000000000000000000, -1.000000000000000000, 0.0000000000000000000 ) ) ;
#5063 = CARTESIAN_POINT ( 'NONE',  ( 0.09724308719999999500, 0.2152124981999999900, 0.8009000000000000600 ) ) ;
#5064 = DIRECTION ( 'NONE',  ( 0.0000000000000000000, -0.0000000000000000000, -1.000000000000000000 ) ) ;
#5065 = CARTESIAN_POINT ( 'NONE',  ( -1.740000000000000000, -0.1417759339259178900, 0.2030000000000000100 ) ) ;
#5066 = CARTESIAN_POINT ( 'NONE',  ( -1.524999999999999900, -1.837499999999999900, 0.04999999999999999600 ) ) ;
#5067 = PRESENTATION_STYLE_ASSIGNMENT (( #2249 ) ) ;
#5068 = EDGE_CURVE ( 'NONE', #6980, #5058, #3781, .T. ) ;
#5069 = ORIENTED_EDGE ( 'NONE', *, *, #5068, .F. ) ;
#5070 = ORIENTED_EDGE ( 'NONE', *, *, #2772, .F. ) ;
#5071 = CARTESIAN_POINT ( 'NONE',  ( -0.5500000000000000400, -0.1000000000000000100, 0.04999999999999999600 ) ) ;
#5072 = VERTEX_POINT ( 'NONE', #8620 ) ;
#5073 = DIRECTION ( 'NONE',  ( -0.0000000000000000000, 1.000000000000000000, -0.0000000000000000000 ) ) ;
#5074 = LINE ( 'NONE', #4687, #7537 ) ;
#5075 = ORIENTED_EDGE ( 'NONE', *, *, #1806, .T. ) ;
#5076 = CARTESIAN_POINT ( 'NONE',  ( -0.0000000000000000000, 1.325000000000000000, 0.0000000000000000000 ) ) ;
#5077 = ORIENTED_EDGE ( 'NONE', *, *, #8831, .F. ) ;
#5078 = FACE_OUTER_BOUND ( 'NONE', #2882, .T. ) ;
#5079 = CARTESIAN_POINT ( 'NONE',  ( 0.0000000000000000000, 0.0000000000000000000, 0.2030000000000000100 ) ) ;
#5080 = CIRCLE ( 'NONE', #185, 0.04999996264625481600 ) ;
#5081 = PLANE ( 'NONE',  #7628 ) ;
#5082 = FILL_AREA_STYLE ('',( #607 ) ) ;
#5083 = EDGE_CURVE ( 'NONE', #9373, #6613, #138, .T. ) ;
#5084 = ORIENTED_EDGE ( 'NONE', *, *, #7745, .F. ) ;
#5085 = EDGE_CURVE ( 'NONE', #5399, #5561, #9613, .T. ) ;
#5086 = ORIENTED_EDGE ( 'NONE', *, *, #8668, .T. ) ;
#5087 = CARTESIAN_POINT ( 'NONE',  ( 0.0000000000000000000, 0.3250000000000000700, 0.05000000000000000300 ) ) ;
#5088 = EDGE_LOOP ( 'NONE', ( #847, #487, #8122, #8586 ) ) ;
#5089 = SURFACE_STYLE_FILL_AREA ( #7963 ) ;
#5090 = LINE ( 'NONE', #1088, #3453 ) ;
#5091 = ADVANCED_FACE ( 'NONE', ( #8213 ), #3358, .F. ) ;
#5092 = DIRECTION ( 'NONE',  ( -0.0000000000000000000, 0.0000000000000000000, 1.000000000000000000 ) ) ;
#5093 = ORIENTED_EDGE ( 'NONE', *, *, #7580, .F. ) ;
#5094 = ORIENTED_EDGE ( 'NONE', *, *, #6716, .F. ) ;
#5095 = CARTESIAN_POINT ( 'NONE',  ( 1.740000000000000000, 1.865000000000000200, 0.05000000000000000300 ) ) ;
#5096 = VERTEX_POINT ( 'NONE', #3282 ) ;
#5097 = AXIS2_PLACEMENT_3D ( 'NONE', #2319, #5317, #8904 ) ;
#5098 = DIRECTION ( 'NONE',  ( -0.0000000000000000000, -0.0000000000000000000, -1.000000000000000000 ) ) ;
#5099 = CIRCLE ( 'NONE', #8432, 0.02499998132312751500 ) ;
#5100 = EDGE_CURVE ( 'NONE', #1456, #1812, #2271, .T. ) ;
#5101 = EDGE_CURVE ( 'NONE', #2630, #7949, #6234, .T. ) ;
#5102 = CARTESIAN_POINT ( 'NONE',  ( 0.6749862499360769200, 1.837530996695474500, 0.0000000000000000000 ) ) ;
#5103 = DIRECTION ( 'NONE',  ( 1.000000000000000000, 0.0000000000000000000, 0.0000000000000000000 ) ) ;
#5104 = VERTEX_POINT ( 'NONE', #6288 ) ;
#5105 = ORIENTED_EDGE ( 'NONE', *, *, #4677, .T. ) ;
#5106 = ORIENTED_EDGE ( 'NONE', *, *, #2864, .F. ) ;
#5107 = VECTOR ( 'NONE', #3193, 1000.000000000000000 ) ;
#5108 = DIRECTION ( 'NONE',  ( 0.0000000000000000000, -1.000000000000000000, 0.0000000000000000000 ) ) ;
#5109 = DIRECTION ( 'NONE',  ( -1.000000000000000000, 0.0000000000000000000, 0.0000000000000000000 ) ) ;
#5110 = VECTOR ( 'NONE', #8489, 1000.000000000000000 ) ;
#5111 = DIRECTION ( 'NONE',  ( -0.0000000000000000000, -0.0000000000000000000, -1.000000000000000000 ) ) ;
#5112 = EDGE_CURVE ( 'NONE', #5305, #2099, #7283, .T. ) ;
#5113 = ORIENTED_EDGE ( 'NONE', *, *, #8086, .F. ) ;
#5114 = AXIS2_PLACEMENT_3D ( 'NONE', #3128, #6782, #8992 ) ;
#5115 = ORIENTED_EDGE ( 'NONE', *, *, #2193, .T. ) ;
#5116 =( LENGTH_UNIT ( ) NAMED_UNIT ( * ) SI_UNIT ( .MILLI., .METRE. ) );
#5117 = VECTOR ( 'NONE', #3203, 1000.000000000000000 ) ;
#5118 = PLANE ( 'NONE',  #2577 ) ;
#5119 = CIRCLE ( 'NONE', #7869, 0.04998625954667008900 ) ;
#5120 = CARTESIAN_POINT ( 'NONE',  ( -0.2596239155999999800, 0.0000000000000000000, 0.8009000000000000600 ) ) ;
#5121 = DIRECTION ( 'NONE',  ( -0.0000000000000000000, 0.0000000000000000000, 1.000000000000000000 ) ) ;
#5122 = DIRECTION ( 'NONE',  ( -0.0000000000000000000, -0.0000000000000000000, -1.000000000000000000 ) ) ;
#5123 = VERTEX_POINT ( 'NONE', #4875 ) ;
#5124 = ORIENTED_EDGE ( 'NONE', *, *, #9156, .F. ) ;
#5125 = EDGE_CURVE ( 'NONE', #5665, #9063, #5534, .T. ) ;
#5126 = PRESENTATION_STYLE_ASSIGNMENT (( #9636 ) ) ;
#5127 = SURFACE_SIDE_STYLE ('',( #9583 ) ) ;
#5128 = DIRECTION ( 'NONE',  ( 0.0000000000000000000, -0.0000000000000000000, 1.000000000000000000 ) ) ;
#5129 = AXIS2_PLACEMENT_3D ( 'NONE', #2875, #711, #5965 ) ;
#5130 = CARTESIAN_POINT ( 'NONE',  ( 1.750000000000000000, -1.533099999999999900, 0.2030000000000000100 ) ) ;
#5131 = CARTESIAN_POINT ( 'NONE',  ( 0.5999999626462407800, -1.399999962646240700, 0.04999999999999999600 ) ) ;
#5132 = VERTEX_POINT ( 'NONE', #4062 ) ;
#5133 = PRESENTATION_STYLE_ASSIGNMENT (( #5409 ) ) ;
#5134 = CIRCLE ( 'NONE', #4313, 0.04304031270000008300 ) ;
#5135 = DIRECTION ( 'NONE',  ( 0.0000000000000000000, -0.0000000000000000000, 1.000000000000000000 ) ) ;
#5136 = ORIENTED_EDGE ( 'NONE', *, *, #5161, .F. ) ;
#5137 = SURFACE_STYLE_USAGE ( .BOTH. , #3648 ) ;
#5138 = CARTESIAN_POINT ( 'NONE',  ( -0.2596239155999999800, -0.1856274672000000100, 0.8009000000000000600 ) ) ;
#5139 = FACE_OUTER_BOUND ( 'NONE', #8323, .T. ) ;
#5140 = CARTESIAN_POINT ( 'NONE',  ( -0.1999999252924818100, -1.299999925292481900, 0.04999999999999999600 ) ) ;
#5141 = ORIENTED_EDGE ( 'NONE', *, *, #2408, .T. ) ;
#5142 = AXIS2_PLACEMENT_3D ( 'NONE', #719, #5108, #2885 ) ;
#5143 = PLANE ( 'NONE',  #6036 ) ;
#5144 = VERTEX_POINT ( 'NONE', #1922 ) ;
#5145 = ADVANCED_FACE ( 'NONE', ( #3311 ), #1336, .T. ) ;
#5146 = LINE ( 'NONE', #443, #1647 ) ;
#5147 = EDGE_CURVE ( 'NONE', #9421, #1159, #7045, .T. ) ;
#5148 = COLOUR_RGB ( '',1.000000000000000000, 1.000000000000000000, 1.000000000000000000 ) ;
#5149 = LINE ( 'NONE', #6631, #7137 ) ;
#5150 = ORIENTED_EDGE ( 'NONE', *, *, #9194, .F. ) ;
#5151 = CARTESIAN_POINT ( 'NONE',  ( -1.200000000000000000, 0.0000000000000000000, 0.2030000000000000100 ) ) ;
#5152 = VERTEX_POINT ( 'NONE', #293 ) ;
#5153 = ORIENTED_EDGE ( 'NONE', *, *, #7445, .T. ) ;
#5154 = DIRECTION ( 'NONE',  ( -0.0000000000000000000, 0.0000000000000000000, -1.000000000000000000 ) ) ;
#5155 = LINE ( 'NONE', #9162, #2931 ) ;
#5156 = CARTESIAN_POINT ( 'NONE',  ( 0.8750000000000000000, 1.837499999999999900, 0.04999999999999999600 ) ) ;
#5157 = VECTOR ( 'NONE', #7028, 1000.000000000000000 ) ;
#5158 = ORIENTED_EDGE ( 'NONE', *, *, #188, .T. ) ;
#5159 = DIRECTION ( 'NONE',  ( 0.0000000000000000000, 0.0000000000000000000, 1.000000000000000000 ) ) ;
#5160 = AXIS2_PLACEMENT_3D ( 'NONE', #8483, #3990, #257 ) ;
#5161 = EDGE_CURVE ( 'NONE', #3233, #7362, #8315, .T. ) ;
#5162 = ORIENTED_EDGE ( 'NONE', *, *, #7492, .F. ) ;
#5163 = CYLINDRICAL_SURFACE ( 'NONE', #4854, 0.05003631351710512200 ) ;
#5164 = DIRECTION ( 'NONE',  ( 0.0000000000000000000, 1.000000000000000000, 0.0000000000000000000 ) ) ;
#5165 = CARTESIAN_POINT ( 'NONE',  ( 1.516712871522855500, 1.865000000000000200, 0.04999999999999999600 ) ) ;
#5166 = FACE_OUTER_BOUND ( 'NONE', #1447, .T. ) ;
#5167 = ORIENTED_EDGE ( 'NONE', *, *, #6102, .F. ) ;
#5168 = DIRECTION ( 'NONE',  ( -1.000000000000000000, 0.0000000000000000000, 0.0000000000000000000 ) ) ;
#5169 = PLANE ( 'NONE',  #8043 ) ;
#5170 = ORIENTED_EDGE ( 'NONE', *, *, #8100, .T. ) ;
#5171 = EDGE_CURVE ( 'NONE', #9531, #6595, #2371, .T. ) ;
#5172 = CARTESIAN_POINT ( 'NONE',  ( 1.174986249936076800, 1.837530996695474700, 0.2030000000000000100 ) ) ;
#5173 = FACE_BOUND ( 'NONE', #5779, .T. ) ;
#5174 = ORIENTED_EDGE ( 'NONE', *, *, #2497, .T. ) ;
#5175 = VERTEX_POINT ( 'NONE', #4124 ) ;
#5176 = LINE ( 'NONE', #4614, #7643 ) ;
#5177 = VERTEX_POINT ( 'NONE', #1795 ) ;
#5178 = DIRECTION ( 'NONE',  ( 0.0000000000000000000, 1.000000000000000000, 0.0000000000000000000 ) ) ;
#5179 = VERTEX_POINT ( 'NONE', #6439 ) ;
#5180 = CYLINDRICAL_SURFACE ( 'NONE', #5, 0.05000568255617249300 ) ;
#5181 = EDGE_CURVE ( 'NONE', #4352, #8013, #2156, .T. ) ;
#5182 = CARTESIAN_POINT ( 'NONE',  ( 0.1749862499360769500, 1.837530996695474500, 0.04999999999999999600 ) ) ;
#5183 = EDGE_CURVE ( 'NONE', #5218, #6988, #1084, .T. ) ;
#5184 = CARTESIAN_POINT ( 'NONE',  ( 1.740000000000000000, -0.8417759339259178700, 0.04999999999999999600 ) ) ;
#5185 = AXIS2_PLACEMENT_3D ( 'NONE', #5587, #1867, #8768 ) ;
#5186 = AXIS2_PLACEMENT_3D ( 'NONE', #2570, #4972, #525 ) ;
#5187 = DIRECTION ( 'NONE',  ( -1.000000000000000000, 0.0000000000000000000, 0.0000000000000000000 ) ) ;
#5188 = ORIENTED_EDGE ( 'NONE', *, *, #2094, .F. ) ;
#5189 = ADVANCED_FACE ( 'NONE', ( #1917 ), #7979, .F. ) ;
#5190 = CARTESIAN_POINT ( 'NONE',  ( 1.712530996695474700, -0.8000137500639229500, 0.2030000000000000100 ) ) ;
#5191 = SURFACE_SIDE_STYLE ('',( #633 ) ) ;
#5192 = ORIENTED_EDGE ( 'NONE', *, *, #1236, .T. ) ;
#5193 = CIRCLE ( 'NONE', #8998, 0.04998625954667031100 ) ;
#5194 = CARTESIAN_POINT ( 'NONE',  ( -1.475013750063923100, 1.837530996695474700, 0.0000000000000000000 ) ) ;
#5195 = DIRECTION ( 'NONE',  ( -0.0000000000000000000, -0.0000000000000000000, -1.000000000000000000 ) ) ;
#5196 = LINE ( 'NONE', #7169, #3200 ) ;
#5197 = FILL_AREA_STYLE ('',( #4510 ) ) ;
#5198 = VERTEX_POINT ( 'NONE', #5711 ) ;
#5199 = PRESENTATION_LAYER_ASSIGNMENT (  '', '', ( #685 ) ) ;
#5200 = ORIENTED_EDGE ( 'NONE', *, *, #2393, .T. ) ;
#5201 = CARTESIAN_POINT ( 'NONE',  ( -0.1999999252924816500, -0.9000000747075184200, 0.0000000000000000000 ) ) ;
#5202 = ORIENTED_EDGE ( 'NONE', *, *, #6687, .F. ) ;
#5203 = LINE ( 'NONE', #5031, #4260 ) ;
#5204 = ADVANCED_FACE ( 'NONE', ( #8558 ), #2613, .F. ) ;
#5205 = FACE_OUTER_BOUND ( 'NONE', #5611, .T. ) ;
#5206 = PLANE ( 'NONE',  #5142 ) ;
#5207 = CARTESIAN_POINT ( 'NONE',  ( -0.0000000000000000000, 0.3250000000000000700, 0.0000000000000000000 ) ) ;
#5208 = VERTEX_POINT ( 'NONE', #8787 ) ;
#5209 = VERTEX_POINT ( 'NONE', #7908 ) ;
#5210 = ORIENTED_EDGE ( 'NONE', *, *, #6448, .T. ) ;
#5211 = DIRECTION ( 'NONE',  ( -0.0000000000000000000, -0.0000000000000000000, -1.000000000000000000 ) ) ;
#5212 = CYLINDRICAL_SURFACE ( 'NONE', #7072, 0.04998625954667031100 ) ;
#5213 = PRESENTATION_LAYER_ASSIGNMENT (  '', '', ( #9065 ) ) ;
#5214 = EDGE_CURVE ( 'NONE', #535, #3567, #6799, .T. ) ;
#5215 = DIRECTION ( 'NONE',  ( 1.000000000000000000, 0.0000000000000000000, 0.0000000000000000000 ) ) ;
#5216 = EDGE_CURVE ( 'NONE', #1641, #549, #8092, .T. ) ;
#5217 = CARTESIAN_POINT ( 'NONE',  ( 1.225000000000000100, 0.5749999999999999600, 0.0000000000000000000 ) ) ;
#5218 = VERTEX_POINT ( 'NONE', #1257 ) ;
#5219 = ORIENTED_EDGE ( 'NONE', *, *, #5216, .T. ) ;
#5220 = ORIENTED_EDGE ( 'NONE', *, *, #3139, .T. ) ;
#5221 = CARTESIAN_POINT ( 'NONE',  ( -1.740000000000000000, -1.541775933925917800, 0.04999999999999999600 ) ) ;
#5222 = LINE ( 'NONE', #6236, #7205 ) ;
#5223 = PLANE ( 'NONE',  #604 ) ;
#5224 = CARTESIAN_POINT ( 'NONE',  ( -0.5999999626462408900, -1.500000037353759200, 0.2030000000000000100 ) ) ;
#5225 = AXIS2_PLACEMENT_3D ( 'NONE', #6104, #2345, #7579 ) ;
#5226 = ORIENTED_EDGE ( 'NONE', *, *, #161, .F. ) ;
#5227 = CARTESIAN_POINT ( 'NONE',  ( 0.5999999999999999800, -0.1499999999999999900, 0.0000000000000000000 ) ) ;
#5228 = ORIENTED_EDGE ( 'NONE', *, *, #5421, .F. ) ;
#5229 = EDGE_CURVE ( 'NONE', #2630, #5856, #4121, .T. ) ;
#5230 = CIRCLE ( 'NONE', #1635, 0.04999996264625471100 ) ;
#5231 = VECTOR ( 'NONE', #3148, 1000.000000000000000 ) ;
#5232 = ORIENTED_EDGE ( 'NONE', *, *, #4208, .F. ) ;
#5233 = DIRECTION ( 'NONE',  ( -0.0000000000000000000, 0.0000000000000000000, 1.000000000000000000 ) ) ;
#5234 = ORIENTED_EDGE ( 'NONE', *, *, #379, .T. ) ;
#5235 = ORIENTED_EDGE ( 'NONE', *, *, #1180, .F. ) ;
#5236 = DIRECTION ( 'NONE',  ( 0.0000000000000000000, -0.0000000000000000000, 1.000000000000000000 ) ) ;
#5237 = CIRCLE ( 'NONE', #8291, 0.04998625954667008900 ) ;
#5238 = VECTOR ( 'NONE', #7497, 1000.000000000000000 ) ;
#5239 = ADVANCED_FACE ( 'NONE', ( #3559 ), #8650, .T. ) ;
#5240 = VECTOR ( 'NONE', #6357, 1000.000000000000000 ) ;
#5241 = ORIENTED_EDGE ( 'NONE', *, *, #4666, .T. ) ;
#5242 = CARTESIAN_POINT ( 'NONE',  ( -0.1000000000000000100, -0.5999999999999999800, 0.2030000000000000100 ) ) ;
#5243 = MECHANICAL_DESIGN_GEOMETRIC_PRESENTATION_REPRESENTATION (  '', ( #1237 ), #5946 ) ;
#5244 = AXIS2_PLACEMENT_3D ( 'NONE', #1755, #3384, #5500 ) ;
#5245 = VERTEX_POINT ( 'NONE', #530 ) ;
#5246 = ORIENTED_EDGE ( 'NONE', *, *, #1777, .T. ) ;
#5247 = ORIENTED_EDGE ( 'NONE', *, *, #1153, .T. ) ;
#5248 = CARTESIAN_POINT ( 'NONE',  ( 0.1679833953000000000, 0.1358116410000000100, 0.8008000000000000700 ) ) ;
#5249 = VECTOR ( 'NONE', #8405, 1000.000000000000000 ) ;
#5250 = VECTOR ( 'NONE', #2722, 1000.000000000000000 ) ;
#5251 = EDGE_LOOP ( 'NONE', ( #8076, #8611, #9141, #5115 ) ) ;
#5252 = DIRECTION ( 'NONE',  ( -1.000000000000000000, 0.0000000000000000000, 0.0000000000000000000 ) ) ;
#5253 = LINE ( 'NONE', #5837, #2787 ) ;
#5254 = DIRECTION ( 'NONE',  ( -0.0000000000000000000, -0.0000000000000000000, -1.000000000000000000 ) ) ;
#5255 = ADVANCED_FACE ( 'NONE', ( #7858 ), #3555, .F. ) ;
#5256 = DIRECTION ( 'NONE',  ( 1.000000000000000000, 0.0000000000000000000, 0.0000000000000000000 ) ) ;
#5257 = ORIENTED_EDGE ( 'NONE', *, *, #4751, .T. ) ;
#5258 = EDGE_CURVE ( 'NONE', #2901, #3410, #6006, .T. ) ;
#5259 = LINE ( 'NONE', #8806, #6665 ) ;
#5260 = AXIS2_PLACEMENT_3D ( 'NONE', #2477, #8442, #8467 ) ;
#5261 = LINE ( 'NONE', #6072, #5980 ) ;
#5262 = ORIENTED_EDGE ( 'NONE', *, *, #658, .T. ) ;
#5263 = CARTESIAN_POINT ( 'NONE',  ( -1.750000000000000000, 0.5581000000000000400, 0.2030000000000000100 ) ) ;
#5264 = ORIENTED_EDGE ( 'NONE', *, *, #1348, .F. ) ;
#5265 = CYLINDRICAL_SURFACE ( 'NONE', #8290, 0.04999996264625471100 ) ;
#5266 = VECTOR ( 'NONE', #3721, 1000.000000000000000 ) ;
#5267 = LINE ( 'NONE', #9627, #7726 ) ;
#5268 = ORIENTED_EDGE ( 'NONE', *, *, #3082, .F. ) ;
#5269 = DIRECTION ( 'NONE',  ( -1.000000000000000000, 0.0000000000000000000, 0.0000000000000000000 ) ) ;
#5270 = AXIS2_PLACEMENT_3D ( 'NONE', #2191, #3747, #5215 ) ;
#5271 = CARTESIAN_POINT ( 'NONE',  ( 0.3667128715228555900, 1.865000000000000200, 0.04999999999999999600 ) ) ;
#5272 = EDGE_CURVE ( 'NONE', #5957, #8454, #3997, .T. ) ;
#5273 = ORIENTED_EDGE ( 'NONE', *, *, #7185, .T. ) ;
#5274 = CARTESIAN_POINT ( 'NONE',  ( -1.740000000000000000, -1.865000000000000200, 0.2029999999999999600 ) ) ;
#5275 = LINE ( 'NONE', #7705, #3055 ) ;
#5276 = CARTESIAN_POINT ( 'NONE',  ( -0.6750362499360769200, 1.837420233362311800, 0.0000000000000000000 ) ) ;
#5277 = ORIENTED_EDGE ( 'NONE', *, *, #9034, .T. ) ;
#5278 = ORIENTED_EDGE ( 'NONE', *, *, #7504, .T. ) ;
#5279 = EDGE_CURVE ( 'NONE', #5681, #6454, #4936, .T. ) ;
#5280 = ORIENTED_EDGE ( 'NONE', *, *, #8027, .T. ) ;
#5281 = EDGE_CURVE ( 'NONE', #3775, #1547, #3064, .T. ) ;
#5282 = LINE ( 'NONE', #246, #8659 ) ;
#5283 = ADVANCED_FACE ( 'NONE', ( #7972 ), #3708, .T. ) ;
#5284 = DIRECTION ( 'NONE',  ( 1.000000000000000000, 0.0000000000000000000, 0.0000000000000000000 ) ) ;
#5285 = ORIENTED_EDGE ( 'NONE', *, *, #3312, .F. ) ;
#5286 = ORIENTED_EDGE ( 'NONE', *, *, #2310, .F. ) ;
#5287 = ORIENTED_EDGE ( 'NONE', *, *, #850, .F. ) ;
#5288 = EDGE_LOOP ( 'NONE', ( #1905, #6421, #2891, #1289, #6198, #6508, #7943, #7863, #4926, #6471 ) ) ;
#5289 = VECTOR ( 'NONE', #3184, 1000.000000000000000 ) ;
#5290 = ADVANCED_FACE ( 'NONE', ( #1073 ), #5206, .F. ) ;
#5291 = EDGE_CURVE ( 'NONE', #4295, #7297, #5520, .T. ) ;
#5292 = AXIS2_PLACEMENT_3D ( 'NONE', #2171, #5995, #5927 ) ;
#5293 = AXIS2_PLACEMENT_3D ( 'NONE', #4152, #9364, #421 ) ;
#5294 =( NAMED_UNIT ( * ) PLANE_ANGLE_UNIT ( ) SI_UNIT ( $, .RADIAN. ) );
#5295 = ORIENTED_EDGE ( 'NONE', *, *, #333, .F. ) ;
#5296 = CARTESIAN_POINT ( 'NONE',  ( -0.5999999626462407800, -1.399999962646240700, 0.2030000000000000100 ) ) ;
#5297 = VERTEX_POINT ( 'NONE', #2120 ) ;
#5298 = ORIENTED_EDGE ( 'NONE', *, *, #8488, .T. ) ;
#5299 = ORIENTED_EDGE ( 'NONE', *, *, #5754, .T. ) ;
#5300 = ORIENTED_EDGE ( 'NONE', *, *, #972, .F. ) ;
#5301 = LINE ( 'NONE', #3808, #3435 ) ;
#5302 = CARTESIAN_POINT ( 'NONE',  ( 0.0000000000000000000, 0.0000000000000000000, 0.0000000000000000000 ) ) ;
#5303 = CIRCLE ( 'NONE', #8574, 0.02499998132312751500 ) ;
#5304 = SURFACE_SIDE_STYLE ('',( #802 ) ) ;
#5305 = VERTEX_POINT ( 'NONE', #7462 ) ;
#5306 = EDGE_CURVE ( 'NONE', #9642, #1048, #6691, .T. ) ;
#5307 = DIRECTION ( 'NONE',  ( 1.000000000000000000, 0.0000000000000000000, 0.0000000000000000000 ) ) ;
#5308 = DIRECTION ( 'NONE',  ( 1.000000000000000000, 0.0000000000000000000, 0.0000000000000000000 ) ) ;
#5309 = AXIS2_PLACEMENT_3D ( 'NONE', #39, #1562, #6765 ) ;
#5310 = LINE ( 'NONE', #1106, #3336 ) ;
#5311 =( NAMED_UNIT ( * ) SI_UNIT ( $, .STERADIAN. ) SOLID_ANGLE_UNIT ( ) );
#5312 = ORIENTED_EDGE ( 'NONE', *, *, #1315, .T. ) ;
#5313 =( NAMED_UNIT ( * ) SI_UNIT ( $, .STERADIAN. ) SOLID_ANGLE_UNIT ( ) );
#5314 = PLANE ( 'NONE',  #782 ) ;
#5315 = UNCERTAINTY_MEASURE_WITH_UNIT (LENGTH_MEASURE( 1.000000000000000100E-005 ), #5861, 'distance_accuracy_value', 'NONE');
#5316 = ORIENTED_EDGE ( 'NONE', *, *, #3653, .T. ) ;
#5317 = DIRECTION ( 'NONE',  ( -0.0000000000000000000, 0.0000000000000000000, 1.000000000000000000 ) ) ;
#5318 = FACE_OUTER_BOUND ( 'NONE', #8835, .T. ) ;
#5319 = VECTOR ( 'NONE', #528, 1000.000000000000100 ) ;
#5320 =( GEOMETRIC_REPRESENTATION_CONTEXT ( 3 ) GLOBAL_UNCERTAINTY_ASSIGNED_CONTEXT ( ( #7485 ) ) GLOBAL_UNIT_ASSIGNED_CONTEXT ( ( #343, #8543, #7833 ) ) REPRESENTATION_CONTEXT ( 'NONE', 'WORKASPACE' ) );
#5321 = DIRECTION ( 'NONE',  ( -0.8748472867711765100, 0.4843988282697542200, 0.0000000000000000000 ) ) ;
#5322 = VERTEX_POINT ( 'NONE', #1500 ) ;
#5323 = EDGE_CURVE ( 'NONE', #1227, #4024, #1201, .T. ) ;
#5324 = ORIENTED_EDGE ( 'NONE', *, *, #1862, .F. ) ;
#5325 = ORIENTED_EDGE ( 'NONE', *, *, #2591, .F. ) ;
#5326 = VECTOR ( 'NONE', #6513, 1000.000000000000000 ) ;
#5327 = CARTESIAN_POINT ( 'NONE',  ( -0.5500000000000000400, -0.8000000000000000400, 0.04999999999999999600 ) ) ;
#5328 = ADVANCED_FACE ( 'NONE', ( #252 ), #6839, .T. ) ;
#5329 = EDGE_LOOP ( 'NONE', ( #1465, #4387, #5235, #6361 ) ) ;
#5330 = CARTESIAN_POINT ( 'NONE',  ( -1.125100000000000000, 1.375000000000000000, 0.0000000000000000000 ) ) ;
#5331 = EDGE_LOOP ( 'NONE', ( #3893, #8148, #3874, #8050 ) ) ;
#5332 = ORIENTED_EDGE ( 'NONE', *, *, #6729, .F. ) ;
#5333 = AXIS2_PLACEMENT_3D ( 'NONE', #917, #3145, #3051 ) ;
#5334 = VECTOR ( 'NONE', #5535, 1000.000000000000000 ) ;
#5335 = EDGE_CURVE ( 'NONE', #975, #7805, #722, .T. ) ;
#5336 = CARTESIAN_POINT ( 'NONE',  ( -0.3750000000000000000, 0.0000000000000000000, 0.0000000000000000000 ) ) ;
#5337 = CARTESIAN_POINT ( 'NONE',  ( 0.8249999999999999600, 1.325000000000000000, 0.0000000000000000000 ) ) ;
#5338 = DIRECTION ( 'NONE',  ( -0.0000000000000000000, 1.000000000000000000, -0.0000000000000000000 ) ) ;
#5339 = ADVANCED_FACE ( 'NONE', ( #6567 ), #6914, .T. ) ;
#5340 = ORIENTED_EDGE ( 'NONE', *, *, #8575, .F. ) ;
#5341 = ORIENTED_EDGE ( 'NONE', *, *, #5272, .T. ) ;
#5342 = DIRECTION ( 'NONE',  ( -0.0000000000000000000, -0.0000000000000000000, -1.000000000000000000 ) ) ;
#5343 = LINE ( 'NONE', #1623, #5117 ) ;
#5344 = VECTOR ( 'NONE', #2305, 1000.000000000000000 ) ;
#5345 = CARTESIAN_POINT ( 'NONE',  ( -1.175105682233331200, 1.375005682233331600, 0.0000000000000000000 ) ) ;
#5346 = CARTESIAN_POINT ( 'NONE',  ( -0.8750000096105933200, 1.837530996695474500, 0.2030000000000000100 ) ) ;
#5347 = DIRECTION ( 'NONE',  ( 1.000000000000000000, 0.0000000000000000000, 0.0000000000000000000 ) ) ;
#5348 = EDGE_CURVE ( 'NONE', #1605, #8470, #4478, .T. ) ;
#5349 = VERTEX_POINT ( 'NONE', #4696 ) ;
#5350 = AXIS2_PLACEMENT_3D ( 'NONE', #3456, #9447, #4918 ) ;
#5351 = ORIENTED_EDGE ( 'NONE', *, *, #1029, .F. ) ;
#5352 = LINE ( 'NONE', #3290, #5249 ) ;
#5353 = DIRECTION ( 'NONE',  ( 1.000000000000000000, 0.0000000000000000000, 0.0000000000000000000 ) ) ;
#5354 = VECTOR ( 'NONE', #7165, 1000.000000000000000 ) ;
#5355 = CARTESIAN_POINT ( 'NONE',  ( 0.05411423010000000100, -0.1856274672000000100, 0.8009000000000000600 ) ) ;
#5356 = DIRECTION ( 'NONE',  ( -0.0000000000000000000, -0.0000000000000000000, -1.000000000000000000 ) ) ;
#5357 = VERTEX_POINT ( 'NONE', #4763 ) ;
#5358 = CARTESIAN_POINT ( 'NONE',  ( 1.174986249936076800, 1.837530996695474700, 0.04999999999999999600 ) ) ;
#5359 = ORIENTED_EDGE ( 'NONE', *, *, #453, .T. ) ;
#5360 = VECTOR ( 'NONE', #5375, 1000.000000000000000 ) ;
#5361 = EDGE_CURVE ( 'NONE', #6344, #6634, #9234, .T. ) ;
#5362 = LINE ( 'NONE', #2751, #1526 ) ;
#5363 = DIRECTION ( 'NONE',  ( 1.000000000000000000, 0.0000000000000000000, 0.0000000000000000000 ) ) ;
#5364 = ORIENTED_EDGE ( 'NONE', *, *, #7088, .T. ) ;
#5365 = MECHANICAL_DESIGN_GEOMETRIC_PRESENTATION_REPRESENTATION (  '', ( #6368 ), #5564 ) ;
#5366 = CIRCLE ( 'NONE', #2185, 0.09999992529250952000 ) ;
#5367 = ORIENTED_EDGE ( 'NONE', *, *, #4350, .T. ) ;
#5368 = DIRECTION ( 'NONE',  ( -0.0000000000000000000, 0.0000000000000000000, 1.000000000000000000 ) ) ;
#5369 = VECTOR ( 'NONE', #9653, 1000.000000000000000 ) ;
#5370 = DIRECTION ( 'NONE',  ( 1.000000000000000000, 0.0000000000000000000, 0.0000000000000000000 ) ) ;
#5371 = DIRECTION ( 'NONE',  ( 1.000000000000000000, 0.0000000000000000000, 0.0000000000000000000 ) ) ;
#5372 = PRESENTATION_STYLE_ASSIGNMENT (( #3512 ) ) ;
#5373 = LINE ( 'NONE', #171, #1650 ) ;
#5374 = ORIENTED_EDGE ( 'NONE', *, *, #8764, .F. ) ;
#5375 = DIRECTION ( 'NONE',  ( -0.0000000000000000000, -0.0000000000000000000, -1.000000000000000000 ) ) ;
#5376 = ADVANCED_FACE ( 'NONE', ( #5400 ), #6223, .T. ) ;
#5377 = AXIS2_PLACEMENT_3D ( 'NONE', #1410, #2162, #3632 ) ;
#5378 = SURFACE_SIDE_STYLE ('',( #1889 ) ) ;
#5379 = EDGE_LOOP ( 'NONE', ( #2441, #6499, #9412, #336 ) ) ;
#5380 = CIRCLE ( 'NONE', #5350, 0.04998625954667031100 ) ;
#5381 = FILL_AREA_STYLE_COLOUR ( '', #3707 ) ;
#5382 = CARTESIAN_POINT ( 'NONE',  ( -0.02298047224476346500, 0.1206190755154271800, 0.8009000000000000600 ) ) ;
#5383 = LINE ( 'NONE', #8522, #703 ) ;
#5384 = PLANE ( 'NONE',  #3329 ) ;
#5385 = VERTEX_POINT ( 'NONE', #3165 ) ;
#5386 = DIRECTION ( 'NONE',  ( -1.000000000000000000, 0.0000000000000000000, 0.0000000000000000000 ) ) ;
#5387 = ORIENTED_EDGE ( 'NONE', *, *, #3108, .F. ) ;
#5388 = ADVANCED_FACE ( 'NONE', ( #8205 ), #7677, .F. ) ;
#5389 = LINE ( 'NONE', #6416, #8193 ) ;
#5390 = DIRECTION ( 'NONE',  ( 0.0000000000000000000, 1.000000000000000000, 0.0000000000000000000 ) ) ;
#5391 = ORIENTED_EDGE ( 'NONE', *, *, #3961, .T. ) ;
#5392 = AXIS2_PLACEMENT_3D ( 'NONE', #7073, #7822, #2606 ) ;
#5393 = CARTESIAN_POINT ( 'NONE',  ( -0.1262164619908044700, 0.0001023653381920579900, 0.05000000000000000300 ) ) ;
#5394 = EDGE_CURVE ( 'NONE', #7428, #3686, #8429, .T. ) ;
#5395 = EDGE_CURVE ( 'NONE', #183, #3233, #3183, .T. ) ;
#5396 = FILL_AREA_STYLE_COLOUR ( '', #5453 ) ;
#5397 = PLANE ( 'NONE',  #3430 ) ;
#5398 = ORIENTED_EDGE ( 'NONE', *, *, #2834, .F. ) ;
#5399 = VERTEX_POINT ( 'NONE', #8375 ) ;
#5400 = FACE_OUTER_BOUND ( 'NONE', #7896, .T. ) ;
#5401 = CARTESIAN_POINT ( 'NONE',  ( 0.8737828802399549800, -0.0007086641364472852400, 0.0000000000000000000 ) ) ;
#5402 = CARTESIAN_POINT ( 'NONE',  ( 1.249999962646240800, 1.025000037353759100, 0.2030000000000000100 ) ) ;
#5403 = DIRECTION ( 'NONE',  ( 0.0000000000000000000, 0.0000000000000000000, 1.000000000000000000 ) ) ;
#5404 = AXIS2_PLACEMENT_3D ( 'NONE', #2314, #3812, #2964 ) ;
#5405 = DIRECTION ( 'NONE',  ( 1.000000000000000000, 0.0000000000000000000, 0.0000000000000000000 ) ) ;
#5406 = EDGE_CURVE ( 'NONE', #4775, #5179, #1325, .T. ) ;
#5407 = STYLED_ITEM ( 'NONE', ( #245 ), #263 ) ;
#5408 = CYLINDRICAL_SURFACE ( 'NONE', #8519, 0.04999996264625471100 ) ;
#5409 = SURFACE_STYLE_USAGE ( .BOTH. , #832 ) ;
#5410 = ORIENTED_EDGE ( 'NONE', *, *, #2603, .T. ) ;
#5411 = EDGE_LOOP ( 'NONE', ( #380, #6334, #1746, #8322, #5435, #358, #6926, #1262, #5734, #2776 ) ) ;
#5412 =( LENGTH_UNIT ( ) NAMED_UNIT ( * ) SI_UNIT ( .MILLI., .METRE. ) );
#5413 = VECTOR ( 'NONE', #3532, 1000.000000000000000 ) ;
#5414 = FILL_AREA_STYLE ('',( #5381 ) ) ;
#5415 = DIRECTION ( 'NONE',  ( -0.0000000000000000000, 0.0000000000000000000, 1.000000000000000000 ) ) ;
#5416 = DIRECTION ( 'NONE',  ( -0.0000000000000000000, -0.0000000000000000000, -1.000000000000000000 ) ) ;
#5417 = CARTESIAN_POINT ( 'NONE',  ( -1.740000000000000000, 0.3332240660740821100, 0.2030000000000000100 ) ) ;
#5418 = VERTEX_POINT ( 'NONE', #211 ) ;
#5419 = ORIENTED_EDGE ( 'NONE', *, *, #8086, .T. ) ;
#5420 = VECTOR ( 'NONE', #5627, 1000.000000000000000 ) ;
#5421 = EDGE_CURVE ( 'NONE', #8687, #1260, #1794, .T. ) ;
#5422 = CARTESIAN_POINT ( 'NONE',  ( 0.0000000000000000000, -0.1856274672000000100, 0.8009000000000000600 ) ) ;
#5423 = CIRCLE ( 'NONE', #19, 0.02499998132312751500 ) ;
#5424 = AXIS2_PLACEMENT_3D ( 'NONE', #4243, #6425, #6525 ) ;
#5425 = CARTESIAN_POINT ( 'NONE',  ( -0.5500000000000000400, -1.500000000000000000, 0.04999999999999999600 ) ) ;
#5426 = ORIENTED_EDGE ( 'NONE', *, *, #8791, .T. ) ;
#5427 = ORIENTED_EDGE ( 'NONE', *, *, #7624, .T. ) ;
#5428 = EDGE_LOOP ( 'NONE', ( #9591, #9376, #2228, #5398 ) ) ;
#5429 = VECTOR ( 'NONE', #9625, 1000.000000000000000 ) ;
#5430 = VECTOR ( 'NONE', #4848, 1000.000000000000000 ) ;
#5431 = EDGE_CURVE ( 'NONE', #4300, #6396, #5282, .T. ) ;
#5432 = CARTESIAN_POINT ( 'NONE',  ( 0.0000000000000000000, 1.325000000000000000, 0.2030000000000000100 ) ) ;
#5433 = ORIENTED_EDGE ( 'NONE', *, *, #4173, .T. ) ;
#5434 = AXIS2_PLACEMENT_3D ( 'NONE', #2389, #8384, #2458 ) ;
#5435 = ORIENTED_EDGE ( 'NONE', *, *, #1090, .F. ) ;
#5436 = UNCERTAINTY_MEASURE_WITH_UNIT (LENGTH_MEASURE( 1.000000000000000100E-005 ), #9174, 'distance_accuracy_value', 'NONE');
#5437 = ADVANCED_FACE ( 'NONE', ( #3424 ), #1678, .T. ) ;
#5438 = VECTOR ( 'NONE', #1230, 1000.000000000000000 ) ;
#5439 = SURFACE_SIDE_STYLE ('',( #9313 ) ) ;
#5440 = DIRECTION ( 'NONE',  ( -1.000000000000000000, 0.0000000000000000000, 0.0000000000000000000 ) ) ;
#5441 = EDGE_LOOP ( 'NONE', ( #2959, #9309, #6266, #7289 ) ) ;
#5442 = CARTESIAN_POINT ( 'NONE',  ( -1.740000000000000000, -1.358224066074082300, 0.2030000000000000100 ) ) ;
#5443 = EDGE_LOOP ( 'NONE', ( #6283, #7472, #966, #1301 ) ) ;
#5444 = VERTEX_POINT ( 'NONE', #4730 ) ;
#5445 = CIRCLE ( 'NONE', #3390, 0.04998625954667031100 ) ;
#5446 = AXIS2_PLACEMENT_3D ( 'NONE', #8752, #9400, #2018 ) ;
#5447 = EDGE_CURVE ( 'NONE', #2046, #3004, #2713, .T. ) ;
#5448 = CARTESIAN_POINT ( 'NONE',  ( -0.2000000000000000100, -1.000000000000000000, 0.2030000000000000100 ) ) ;
#5449 = PLANE ( 'NONE',  #4064 ) ;
#5450 = ORIENTED_EDGE ( 'NONE', *, *, #5395, .T. ) ;
#5451 = DIRECTION ( 'NONE',  ( -1.000000000000000000, -3.557160665754750300E-013, 0.0000000000000000000 ) ) ;
#5452 = VECTOR ( 'NONE', #4898, 1000.000000000000000 ) ;
#5453 = COLOUR_RGB ( '',1.000000000000000000, 1.000000000000000000, 1.000000000000000000 ) ;
#5454 = DIRECTION ( 'NONE',  ( -0.0000000000000000000, -0.0000000000000000000, -1.000000000000000000 ) ) ;
#5455 = CARTESIAN_POINT ( 'NONE',  ( 1.712530996695474700, 1.374986249936076800, 0.2030000000000000100 ) ) ;
#5456 =( NAMED_UNIT ( * ) SI_UNIT ( $, .STERADIAN. ) SOLID_ANGLE_UNIT ( ) );
#5457 = AXIS2_PLACEMENT_3D ( 'NONE', #5131, #552, #8067 ) ;
#5458 = VERTEX_POINT ( 'NONE', #8571 ) ;
#5459 = EDGE_CURVE ( 'NONE', #1227, #6837, #7744, .T. ) ;
#5460 = CARTESIAN_POINT ( 'NONE',  ( 0.03492653341770490100, 0.01904975510653464700, 0.8009000000000000600 ) ) ;
#5461 = EDGE_CURVE ( 'NONE', #7019, #4002, #2824, .T. ) ;
#5462 = LINE ( 'NONE', #5809, #2904 ) ;
#5463 = CARTESIAN_POINT ( 'NONE',  ( 0.0000000000000000000, 0.0000000000000000000, 0.0000000000000000000 ) ) ;
#5464 = CARTESIAN_POINT ( 'NONE',  ( -0.1505420154000000300, -0.1856274672000000100, 0.8009000000000000600 ) ) ;
#5465 = LINE ( 'NONE', #7076, #2905 ) ;
#5466 = DIRECTION ( 'NONE',  ( 1.000000000000000000, 0.0000000000000000000, 0.0000000000000000000 ) ) ;
#5467 = DIRECTION ( 'NONE',  ( 0.0000000000000000000, -1.000000000000000000, 0.0000000000000000000 ) ) ;
#5468 = VERTEX_POINT ( 'NONE', #5515 ) ;
#5469 = DIRECTION ( 'NONE',  ( 1.000000000000000000, 0.0000000000000000000, 0.0000000000000000000 ) ) ;
#5470 = ORIENTED_EDGE ( 'NONE', *, *, #6312, .T. ) ;
#5471 = CIRCLE ( 'NONE', #7121, 0.04998625954667031100 ) ;
#5472 = PLANE ( 'NONE',  #8844 ) ;
#5473 = VECTOR ( 'NONE', #7105, 1000.000000000000000 ) ;
#5474 = VERTEX_POINT ( 'NONE', #2666 ) ;
#5475 = DIRECTION ( 'NONE',  ( -0.0000000000000000000, -0.0000000000000000000, -1.000000000000000000 ) ) ;
#5476 = VECTOR ( 'NONE', #687, 1000.000000000000000 ) ;
#5477 = CARTESIAN_POINT ( 'NONE',  ( 0.3249637500639230300, 1.837420233362311800, 0.2030000000000000100 ) ) ;
#5478 = CARTESIAN_POINT ( 'NONE',  ( -0.0000000000000000000, 1.325000000000000000, 0.0000000000000000000 ) ) ;
#5479 = EDGE_CURVE ( 'NONE', #5055, #6988, #5768, .T. ) ;
#5480 =( GEOMETRIC_REPRESENTATION_CONTEXT ( 3 ) GLOBAL_UNCERTAINTY_ASSIGNED_CONTEXT ( ( #342 ) ) GLOBAL_UNIT_ASSIGNED_CONTEXT ( ( #652, #683, #4383 ) ) REPRESENTATION_CONTEXT ( 'NONE', 'WORKASPACE' ) );
#5481 = ORIENTED_EDGE ( 'NONE', *, *, #5858, .F. ) ;
#5482 = VERTEX_POINT ( 'NONE', #373 ) ;
#5483 = LINE ( 'NONE', #9565, #9205 ) ;
#5484 = LINE ( 'NONE', #3547, #9335 ) ;
#5485 = CIRCLE ( 'NONE', #2562, 0.04998625954667031100 ) ;
#5486 = ADVANCED_FACE ( 'NONE', ( #4586 ), #9349, .F. ) ;
#5487 = ORIENTED_EDGE ( 'NONE', *, *, #4907, .T. ) ;
#5488 = DIRECTION ( 'NONE',  ( -1.000000000000000000, 0.0000000000000000000, 0.0000000000000000000 ) ) ;
#5489 = CARTESIAN_POINT ( 'NONE',  ( 0.5999999999999999800, -1.350000000000000100, 0.0000000000000000000 ) ) ;
#5490 = FILL_AREA_STYLE ('',( #3237 ) ) ;
#5491 = FILL_AREA_STYLE_COLOUR ( '', #6009 ) ;
#5492 = ORIENTED_EDGE ( 'NONE', *, *, #4094, .T. ) ;
#5493 = EDGE_LOOP ( 'NONE', ( #8453, #1570, #8142, #9615 ) ) ;
#5494 = EDGE_CURVE ( 'NONE', #3158, #2000, #7033, .T. ) ;
#5495 = SURFACE_SIDE_STYLE ('',( #7106 ) ) ;
#5496 = EDGE_CURVE ( 'NONE', #6529, #407, #5049, .T. ) ;
#5497 = LINE ( 'NONE', #6457, #928 ) ;
#5498 = PRESENTATION_LAYER_ASSIGNMENT (  '', '', ( #290 ) ) ;
#5499 = VECTOR ( 'NONE', #7847, 1000.000000000000000 ) ;
#5500 = DIRECTION ( 'NONE',  ( 1.000000000000000000, 0.0000000000000000000, 0.0000000000000000000 ) ) ;
#5501 = PRESENTATION_STYLE_ASSIGNMENT (( #1701 ) ) ;
#5502 = ORIENTED_EDGE ( 'NONE', *, *, #8330, .T. ) ;
#5503 = CARTESIAN_POINT ( 'NONE',  ( -1.750000000000000000, -0.6669000000000001600, 0.2030000000000000100 ) ) ;
#5504 = CARTESIAN_POINT ( 'NONE',  ( -1.524999999999999900, -1.550000000000000300, 0.04999999999999999600 ) ) ;
#5505 = ORIENTED_EDGE ( 'NONE', *, *, #5785, .T. ) ;
#5506 = VECTOR ( 'NONE', #1032, 1000.000000000000000 ) ;
#5507 = VECTOR ( 'NONE', #7278, 1000.000000000000000 ) ;
#5508 = DIRECTION ( 'NONE',  ( -1.000000000000000000, 0.0000000000000000000, 0.0000000000000000000 ) ) ;
#5509 = CLOSED_SHELL ( 'NONE', ( #9546, #3592, #1969, #8463, #8079, #4143, #4988, #978, #42, #5954, #8653, #7277, #6664, #4568, #5649, #478, #4156, #1927, #7880, #8306, #7005, #8028, #8172, #9495, #3364, #1829, #7446, #8262, #3080, #4309, #1023, #732, #3140, #4473, #2786, #6078, #2456, #5486, #263, #2839, #4463, #6089, #6456, #7200, #7611, #7367, #9440, #7928, #1482, #8593, #1578, #3090, #6847, #9596, #1494, #5698, #2346, #8756, #6505, #5290, #4015, #5682, #9285, #7246, #3047, #7109, #7304, #2995, #8991, #8957, #7789, #1179, #1591, #1276, #2936, #3299, #2889, #5376, #7836, #2392, #2738, #8535, #3285, #1075, #2826, #7656, #9343, #8184, #3392, #5437, #1221, #8135, #1876, #7746, #767, #2123, #1386, #6226, #4066, #4553, #3784, #1670, #2984, #9382, #829, #5239, #6040, #6173, #723, #9049, #2404, #5746, #3870, #2692, #3680, #9638, #4655, #282, #4506, #3186, #5894, #2506, #7356, #8514, #2068, #10, #141, #5283, #86, #6273, #8272, #2356, #8850, #8416, #9238, #6803, #8605, #6721, #8913, #8356, #5046, #8945, #2231, #7403, #5328, #6794, #6117, #2607, #6239, #4516, #2313, #5091, #7055, #1130, #7983, #2559, #9142, #5791, #3030, #5999, #4755, #8183, #1726, #7329, #54, #6707, #178, #7561, #6611, #4360, #5145, #2304, #1546, #5189, #3484, #7697, #5339, #2023, #6949, #8317, #9685, #7154, #3724, #9428, #872, #6411, #8218, #3919, #7498, #6899, #5559, #4894, #3338, #4258, #7548, #5388, #9081, #533, #3736, #3540, #3825, #9188, #6763, #5942, #3815, #4407, #5204, #8698, #385, #8230, #3127, #6321, #4210, #7867, #6558, #4606, #9032, #5993, #330, #2263, #2647, #428, #1268, #1337, #778, #5255, #6127, #9000, #5545, #6364, #631, #8567, #3436, #2169, #2884, #1226, #1680, #2273, #8120, #1637, #4805, #6031, #5662, #95, #5598, #8581, #238, #4850, #3968, #8804, #3230, #8369, #4945, #860, #7458, #933, #5847, #9094, #3772, #1433, #581, #1534, #6751, #3357, #4114, #3640, #818, #7509, #4702, #1779 ) ) ;
#5510 = DIRECTION ( 'NONE',  ( -0.0000000000000000000, -0.0000000000000000000, -1.000000000000000000 ) ) ;
#5511 = MECHANICAL_DESIGN_GEOMETRIC_PRESENTATION_REPRESENTATION (  '', ( #685 ), #5320 ) ;
#5512 = CARTESIAN_POINT ( 'NONE',  ( 0.1999999252924816500, -0.9000000747075184200, 0.04999999999999999600 ) ) ;
#5513 = CIRCLE ( 'NONE', #4037, 0.1015999999999996500 ) ;
#5514 = DIRECTION ( 'NONE',  ( 0.0000000000000000000, -0.0000000000000000000, 1.000000000000000000 ) ) ;
#5515 = CARTESIAN_POINT ( 'NONE',  ( 1.740000000000000000, -1.541775933925917800, 0.04999999999999999600 ) ) ;
#5516 = EDGE_CURVE ( 'NONE', #8296, #2457, #3875, .T. ) ;
#5517 = CARTESIAN_POINT ( 'NONE',  ( 0.0000000000000000000, 0.0000000000000000000, 0.0000000000000000000 ) ) ;
#5518 = ORIENTED_EDGE ( 'NONE', *, *, #8946, .T. ) ;
#5519 = CARTESIAN_POINT ( 'NONE',  ( 1.740000000000000000, 0.5667759339259179600, 0.2030000000000000100 ) ) ;
#5520 = LINE ( 'NONE', #1366, #7402 ) ;
#5521 = CARTESIAN_POINT ( 'NONE',  ( 0.0000000000000000000, 0.0000000000000000000, 0.0000000000000000000 ) ) ;
#5522 = CARTESIAN_POINT ( 'NONE',  ( -0.1000000000000000100, -0.9000000000000001300, 0.0000000000000000000 ) ) ;
#5523 = ORIENTED_EDGE ( 'NONE', *, *, #554, .F. ) ;
#5524 = DIRECTION ( 'NONE',  ( 0.0000000000000000000, 0.0000000000000000000, 1.000000000000000000 ) ) ;
#5525 = ORIENTED_EDGE ( 'NONE', *, *, #813, .T. ) ;
#5526 = MECHANICAL_DESIGN_GEOMETRIC_PRESENTATION_REPRESENTATION (  '', ( #9065 ), #1539 ) ;
#5527 = CARTESIAN_POINT ( 'NONE',  ( -1.475013750063923100, -1.837530996695474700, 0.04999999999999999600 ) ) ;
#5528 = FACE_OUTER_BOUND ( 'NONE', #3996, .T. ) ;
#5529 = ORIENTED_EDGE ( 'NONE', *, *, #5754, .F. ) ;
#5530 = EDGE_CURVE ( 'NONE', #2761, #3448, #5883, .T. ) ;
#5531 = EDGE_LOOP ( 'NONE', ( #2529, #4833, #4274, #7818, #3254, #4157, #4328, #7460, #1473, #1296, #8560, #7679, #7294, #9243, #4363 ) ) ;
#5532 = ORIENTED_EDGE ( 'NONE', *, *, #753, .T. ) ;
#5533 = EDGE_CURVE ( 'NONE', #3240, #3778, #6335, .T. ) ;
#5534 = LINE ( 'NONE', #8495, #9245 ) ;
#5535 = DIRECTION ( 'NONE',  ( 0.0000000000000000000, -1.000000000000000000, 0.0000000000000000000 ) ) ;
#5536 = ORIENTED_EDGE ( 'NONE', *, *, #6829, .F. ) ;
#5537 = LINE ( 'NONE', #2690, #143 ) ;
#5538 = ORIENTED_EDGE ( 'NONE', *, *, #2224, .F. ) ;
#5539 = CARTESIAN_POINT ( 'NONE',  ( 1.200000000000000000, 0.0000000000000000000, 0.2030000000000000100 ) ) ;
#5540 = EDGE_LOOP ( 'NONE', ( #3400, #5093, #1208, #8427 ) ) ;
#5541 = DIRECTION ( 'NONE',  ( 0.0000000000000000000, -1.000000000000000000, 0.0000000000000000000 ) ) ;
#5542 = VERTEX_POINT ( 'NONE', #6329 ) ;
#5543 = ORIENTED_EDGE ( 'NONE', *, *, #4340, .T. ) ;
#5544 = LINE ( 'NONE', #5921, #4834 ) ;
#5545 = ADVANCED_FACE ( 'NONE', ( #6105 ), #8305, .T. ) ;
#5546 = LINE ( 'NONE', #3931, #4954 ) ;
#5547 = EDGE_CURVE ( 'NONE', #1169, #8454, #4347, .T. ) ;
#5548 = AXIS2_PLACEMENT_3D ( 'NONE', #1880, #6308, #9259 ) ;
#5549 = CARTESIAN_POINT ( 'NONE',  ( -1.126199279232459500, 0.0009009594233845234100, 0.0000000000000000000 ) ) ;
#5550 = ORIENTED_EDGE ( 'NONE', *, *, #2128, .T. ) ;
#5551 = CARTESIAN_POINT ( 'NONE',  ( -1.750000000000000000, 1.608100000000000100, 0.2030000000000000100 ) ) ;
#5552 = PLANE ( 'NONE',  #1865 ) ;
#5553 = DIRECTION ( 'NONE',  ( 0.0000000000000000000, 1.000000000000000000, -0.0000000000000000000 ) ) ;
#5554 = CARTESIAN_POINT ( 'NONE',  ( -1.224999981323120500, 1.050000018676879400, 0.0000000000000000000 ) ) ;
#5555 = VERTEX_POINT ( 'NONE', #301 ) ;
#5556 = COLOUR_RGB ( '',1.000000000000000000, 1.000000000000000000, 1.000000000000000000 ) ;
#5557 = FILL_AREA_STYLE ('',( #4011 ) ) ;
#5558 = CYLINDRICAL_SURFACE ( 'NONE', #4584, 0.04998625954667031100 ) ;
#5559 = ADVANCED_FACE ( 'NONE', ( #2362 ), #130, .F. ) ;
#5560 = ORIENTED_EDGE ( 'NONE', *, *, #7014, .T. ) ;
#5561 = VERTEX_POINT ( 'NONE', #4857 ) ;
#5562 = EDGE_CURVE ( 'NONE', #7895, #535, #4113, .T. ) ;
#5563 = PLANE ( 'NONE',  #4610 ) ;
#5564 =( GEOMETRIC_REPRESENTATION_CONTEXT ( 3 ) GLOBAL_UNCERTAINTY_ASSIGNED_CONTEXT ( ( #5877 ) ) GLOBAL_UNIT_ASSIGNED_CONTEXT ( ( #5412, #6972, #1031 ) ) REPRESENTATION_CONTEXT ( 'NONE', 'WORKASPACE' ) );
#5565 = VECTOR ( 'NONE', #8700, 1000.000000000000000 ) ;
#5566 = CARTESIAN_POINT ( 'NONE',  ( -0.5999999626462407800, -0.6999999626462407600, 0.0000000000000000000 ) ) ;
#5567 = AXIS2_PLACEMENT_3D ( 'NONE', #3288, #5467, #6324 ) ;
#5568 = DIRECTION ( 'NONE',  ( 1.000000000000000000, 0.0000000000000000000, -0.0000000000000000000 ) ) ;
#5569 = CYLINDRICAL_SURFACE ( 'NONE', #4021, 0.05003631351710512200 ) ;
#5570 = CARTESIAN_POINT ( 'NONE',  ( 1.750000000000000000, -1.366900000000000000, 0.2030000000000000100 ) ) ;
#5571 = CARTESIAN_POINT ( 'NONE',  ( 1.125000000000000200, 0.0000000000000000000, 0.0000000000000000000 ) ) ;
#5572 = VERTEX_POINT ( 'NONE', #1931 ) ;
#5573 = CARTESIAN_POINT ( 'NONE',  ( -1.486479297753362500, 1.546851659654180400, 0.7500000000000000000 ) ) ;
#5574 = UNCERTAINTY_MEASURE_WITH_UNIT (LENGTH_MEASURE( 1.000000000000000100E-005 ), #7543, 'distance_accuracy_value', 'NONE');
#5575 = ORIENTED_EDGE ( 'NONE', *, *, #1977, .T. ) ;
#5576 = LINE ( 'NONE', #3143, #4627 ) ;
#5577 = EDGE_CURVE ( 'NONE', #9501, #2197, #4683, .T. ) ;
#5578 = CARTESIAN_POINT ( 'NONE',  ( 0.0000000000000000000, -0.5000000000000000000, 0.05000000000000000300 ) ) ;
#5579 = DIRECTION ( 'NONE',  ( -1.000000000000000000, -4.336811929865377700E-015, 0.0000000000000000000 ) ) ;
#5580 = AXIS2_PLACEMENT_3D ( 'NONE', #5623, #338, #5690 ) ;
#5581 = ORIENTED_EDGE ( 'NONE', *, *, #6857, .T. ) ;
#5582 = ORIENTED_EDGE ( 'NONE', *, *, #3387, .F. ) ;
#5583 = CARTESIAN_POINT ( 'NONE',  ( -0.5500000000000000400, -1.500000000000000000, 0.2030000000000000100 ) ) ;
#5584 = DIRECTION ( 'NONE',  ( 0.0000000000000000000, -0.0000000000000000000, 1.000000000000000000 ) ) ;
#5585 = FACE_OUTER_BOUND ( 'NONE', #9231, .T. ) ;
#5586 = VECTOR ( 'NONE', #3518, 1000.000000000000000 ) ;
#5587 = CARTESIAN_POINT ( 'NONE',  ( -0.8250000373537592600, 1.374999962646241000, 0.04999999999999999600 ) ) ;
#5588 = CARTESIAN_POINT ( 'NONE',  ( 1.524999999999999900, 0.0000000000000000000, 0.0000000000000000000 ) ) ;
#5589 = DIRECTION ( 'NONE',  ( -1.000000000000000000, 0.0000000000000000000, 0.0000000000000000000 ) ) ;
#5590 = PLANE ( 'NONE',  #5843 ) ;
#5591 = EDGE_LOOP ( 'NONE', ( #3988, #2117, #667, #2188 ) ) ;
#5592 = ORIENTED_EDGE ( 'NONE', *, *, #1689, .F. ) ;
#5593 = AXIS2_PLACEMENT_3D ( 'NONE', #3142, #3826, #7592 ) ;
#5594 = LINE ( 'NONE', #6681, #5238 ) ;
#5595 = LINE ( 'NONE', #2127, #3830 ) ;
#5596 = EDGE_CURVE ( 'NONE', #8953, #6836, #9452, .T. ) ;
#5597 = VERTEX_POINT ( 'NONE', #3599 ) ;
#5598 = ADVANCED_FACE ( 'NONE', ( #8758 ), #4920, .F. ) ;
#5599 = DIRECTION ( 'NONE',  ( 0.0000000000000000000, 1.000000000000000000, 0.0000000000000000000 ) ) ;
#5600 = CARTESIAN_POINT ( 'NONE',  ( 0.0000000000000000000, -0.5000000000000000000, 0.0000000000000000000 ) ) ;
#5601 = DIRECTION ( 'NONE',  ( -1.000000000000000000, -0.0000000000000000000, -0.0000000000000000000 ) ) ;
#5602 = CARTESIAN_POINT ( 'NONE',  ( 0.6749862499360769200, 1.837530996695474500, 0.2030000000000000100 ) ) ;
#5603 = ORIENTED_EDGE ( 'NONE', *, *, #3798, .T. ) ;
#5604 = ORIENTED_EDGE ( 'NONE', *, *, #7240, .T. ) ;
#5605 = DIRECTION ( 'NONE',  ( 1.000000000000000000, 0.0000000000000000000, 0.0000000000000000000 ) ) ;
#5606 = ORIENTED_EDGE ( 'NONE', *, *, #5873, .F. ) ;
#5607 = LINE ( 'NONE', #2121, #5719 ) ;
#5608 = CIRCLE ( 'NONE', #4927, 0.04998625954667008900 ) ;
#5609 = DIRECTION ( 'NONE',  ( -1.000000000000000000, 0.0000000000000000000, 0.0000000000000000000 ) ) ;
#5610 = EDGE_CURVE ( 'NONE', #2836, #6670, #4519, .T. ) ;
#5611 = EDGE_LOOP ( 'NONE', ( #9488, #2521, #5247, #492 ) ) ;
#5612 = EDGE_CURVE ( 'NONE', #6613, #7712, #2190, .T. ) ;
#5613 = ORIENTED_EDGE ( 'NONE', *, *, #6343, .T. ) ;
#5614 = DIRECTION ( 'NONE',  ( -1.000000000000000000, 0.0000000000000000000, 0.0000000000000000000 ) ) ;
#5615 = FACE_OUTER_BOUND ( 'NONE', #2797, .T. ) ;
#5616 = VECTOR ( 'NONE', #3929, 1000.000000000000000 ) ;
#5617 = ORIENTED_EDGE ( 'NONE', *, *, #1946, .T. ) ;
#5618 = DIRECTION ( 'NONE',  ( 0.0000000000000000000, 1.000000000000000000, 0.0000000000000000000 ) ) ;
#5619 = CARTESIAN_POINT ( 'NONE',  ( -1.200000000000000000, 0.0000000000000000000, 0.2030000000000000100 ) ) ;
#5620 = VERTEX_POINT ( 'NONE', #2031 ) ;
#5621 = ORIENTED_EDGE ( 'NONE', *, *, #6272, .T. ) ;
#5622 = DIRECTION ( 'NONE',  ( -0.0000000000000000000, 0.0000000000000000000, 1.000000000000000000 ) ) ;
#5623 = CARTESIAN_POINT ( 'NONE',  ( -1.712530996695474500, -1.500013750063923200, 0.0000000000000000000 ) ) ;
#5624 = DIRECTION ( 'NONE',  ( -1.000000000000000000, 0.0000000000000000000, 0.0000000000000000000 ) ) ;
#5625 = FACE_OUTER_BOUND ( 'NONE', #4053, .T. ) ;
#5626 = VECTOR ( 'NONE', #2583, 1000.000000000000000 ) ;
#5627 = DIRECTION ( 'NONE',  ( -0.0000000000000000000, -0.0000000000000000000, -1.000000000000000000 ) ) ;
#5628 = EDGE_CURVE ( 'NONE', #2620, #6573, #7419, .T. ) ;
#5629 = ORIENTED_EDGE ( 'NONE', *, *, #7798, .F. ) ;
#5630 = AXIS2_PLACEMENT_3D ( 'NONE', #6018, #2546, #7079 ) ;
#5631 = AXIS2_PLACEMENT_3D ( 'NONE', #4186, #6377, #7225 ) ;
#5632 = LINE ( 'NONE', #2042, #4098 ) ;
#5633 = VERTEX_POINT ( 'NONE', #6418 ) ;
#5634 = DIRECTION ( 'NONE',  ( 0.0008110297413745396700, 0.9999996711153251700, 0.0000000000000000000 ) ) ;
#5635 = DIRECTION ( 'NONE',  ( -1.000000000000000000, 0.0000000000000000000, 0.0000000000000000000 ) ) ;
#5636 = FACE_OUTER_BOUND ( 'NONE', #1603, .T. ) ;
#5637 = DIRECTION ( 'NONE',  ( -0.0000000000000000000, -0.0000000000000000000, -1.000000000000000000 ) ) ;
#5638 = ORIENTED_EDGE ( 'NONE', *, *, #7760, .F. ) ;
#5639 = DIRECTION ( 'NONE',  ( -0.0000000000000000000, -0.0000000000000000000, -1.000000000000000000 ) ) ;
#5640 = EDGE_CURVE ( 'NONE', #8755, #3634, #614, .T. ) ;
#5641 = STYLED_ITEM ( 'NONE', ( #5126 ), #2786 ) ;
#5642 = ORIENTED_EDGE ( 'NONE', *, *, #4514, .F. ) ;
#5643 = CIRCLE ( 'NONE', #468, 0.04998625954667008900 ) ;
#5644 = FACE_OUTER_BOUND ( 'NONE', #5710, .T. ) ;
#5645 = EDGE_LOOP ( 'NONE', ( #4422, #3169, #4840, #4580 ) ) ;
#5646 = CARTESIAN_POINT ( 'NONE',  ( -1.712530996695474900, 0.5250137500639231500, 0.2030000000000000100 ) ) ;
#5647 = DIRECTION ( 'NONE',  ( -1.000000000000000000, 0.0000000000000000000, 0.0000000000000000000 ) ) ;
#5648 = FILL_AREA_STYLE_COLOUR ( '', #4364 ) ;
#5649 = ADVANCED_FACE ( 'NONE', ( #2851 ), #7177, .F. ) ;
#5650 = VERTEX_POINT ( 'NONE', #2698 ) ;
#5651 = LINE ( 'NONE', #3345, #7397 ) ;
#5652 = VECTOR ( 'NONE', #8777, 1000.000000000000000 ) ;
#5653 = CARTESIAN_POINT ( 'NONE',  ( -1.712530996695474700, 1.375006392306896800E-005, 0.0000000000000000000 ) ) ;
#5654 = ORIENTED_EDGE ( 'NONE', *, *, #2063, .F. ) ;
#5655 = AXIS2_PLACEMENT_3D ( 'NONE', #6875, #6976, #2515 ) ;
#5656 = VECTOR ( 'NONE', #8727, 1000.000000000000000 ) ;
#5657 = DIRECTION ( 'NONE',  ( -1.000000000000000000, -3.557160665754750300E-013, 0.0000000000000000000 ) ) ;
#5658 = DIRECTION ( 'NONE',  ( -0.4906998822216377400, 0.8713286553233922100, 0.0000000000000000000 ) ) ;
#5659 = CARTESIAN_POINT ( 'NONE',  ( 0.1999999252924815900, -1.600000074707518300, 0.2030000000000000100 ) ) ;
#5660 = EDGE_CURVE ( 'NONE', #3123, #6172, #8109, .T. ) ;
#5661 =( NAMED_UNIT ( * ) SI_UNIT ( $, .STERADIAN. ) SOLID_ANGLE_UNIT ( ) );
#5662 = ADVANCED_FACE ( 'NONE', ( #1815 ), #4950, .F. ) ;
#5663 = LINE ( 'NONE', #7688, #7167 ) ;
#5664 = ORIENTED_EDGE ( 'NONE', *, *, #2601, .T. ) ;
#5665 = VERTEX_POINT ( 'NONE', #9449 ) ;
#5666 = ORIENTED_EDGE ( 'NONE', *, *, #7215, .F. ) ;
#5667 = VECTOR ( 'NONE', #8087, 1000.000000000000000 ) ;
#5668 = CARTESIAN_POINT ( 'NONE',  ( 0.4066519701324284900, 4.980050335896436600E-017, 0.8000000000000000400 ) ) ;
#5669 = CARTESIAN_POINT ( 'NONE',  ( 0.5999999626462408900, 3.735375921879065300E-008, 0.0000000000000000000 ) ) ;
#5670 = AXIS2_PLACEMENT_3D ( 'NONE', #7129, #4965, #2010 ) ;
#5671 = CARTESIAN_POINT ( 'NONE',  ( -0.5999999626462407800, -0.1000000373537592300, 0.2030000000000000100 ) ) ;
#5672 = ORIENTED_EDGE ( 'NONE', *, *, #5802, .F. ) ;
#5673 = EDGE_CURVE ( 'NONE', #364, #6653, #2502, .T. ) ;
#5674 = FILL_AREA_STYLE ('',( #9425 ) ) ;
#5675 = ORIENTED_EDGE ( 'NONE', *, *, #7237, .F. ) ;
#5676 = CARTESIAN_POINT ( 'NONE',  ( 1.125000000000000200, 0.0000000000000000000, 0.0000000000000000000 ) ) ;
#5677 = DIRECTION ( 'NONE',  ( -0.0000000000000000000, 0.0000000000000000000, -1.000000000000000000 ) ) ;
#5678 = DIRECTION ( 'NONE',  ( -0.0000000000000000000, 0.0000000000000000000, 1.000000000000000000 ) ) ;
#5679 = EDGE_LOOP ( 'NONE', ( #4240, #7480, #4736, #1830 ) ) ;
#5680 = DIRECTION ( 'NONE',  ( 0.0000000000000000000, -0.0000000000000000000, 1.000000000000000000 ) ) ;
#5681 = VERTEX_POINT ( 'NONE', #5918 ) ;
#5682 = ADVANCED_FACE ( 'NONE', ( #7192 ), #8827, .T. ) ;
#5683 = ORIENTED_EDGE ( 'NONE', *, *, #2746, .F. ) ;
#5684 = VECTOR ( 'NONE', #4270, 1000.000000000000000 ) ;
#5685 = PLANE ( 'NONE',  #6859 ) ;
#5686 = EDGE_CURVE ( 'NONE', #6565, #1749, #747, .T. ) ;
#5687 = STYLED_ITEM ( 'NONE', ( #9494 ), #478 ) ;
#5688 = CARTESIAN_POINT ( 'NONE',  ( 1.200000000000000000, 0.3499999999999999800, 0.04999999999999999600 ) ) ;
#5689 = CARTESIAN_POINT ( 'NONE',  ( -0.8249999999999999600, 1.325000000000000000, 0.0000000000000000000 ) ) ;
#5690 = DIRECTION ( 'NONE',  ( 1.000000000000000000, 0.0000000000000000000, 0.0000000000000000000 ) ) ;
#5691 = CARTESIAN_POINT ( 'NONE',  ( -0.5500000000000000400, 0.0000000000000000000, 0.05000000000000000300 ) ) ;
#5692 = ORIENTED_EDGE ( 'NONE', *, *, #2575, .F. ) ;
#5693 = VERTEX_POINT ( 'NONE', #9043 ) ;
#5694 = ORIENTED_EDGE ( 'NONE', *, *, #7968, .T. ) ;
#5695 = FILL_AREA_STYLE ('',( #6390 ) ) ;
#5696 = VECTOR ( 'NONE', #3270, 1000.000000000000000 ) ;
#5697 = DIRECTION ( 'NONE',  ( 1.000000000000000000, 0.0000000000000000000, 0.0000000000000000000 ) ) ;
#5698 = ADVANCED_FACE ( 'NONE', ( #4963 ), #5569, .T. ) ;
#5699 = EDGE_CURVE ( 'NONE', #7805, #2749, #9275, .T. ) ;
#5700 = DIRECTION ( 'NONE',  ( -0.0000000000000000000, -0.0000000000000000000, -1.000000000000000000 ) ) ;
#5701 = CARTESIAN_POINT ( 'NONE',  ( -0.6262161331061832900, 0.0005078800755116456000, 0.05000000000000000300 ) ) ;
#5702 = DIRECTION ( 'NONE',  ( -0.0000000000000000000, -0.0000000000000000000, -1.000000000000000000 ) ) ;
#5703 = ORIENTED_EDGE ( 'NONE', *, *, #2063, .T. ) ;
#5704 = DIRECTION ( 'NONE',  ( 0.0000000000000000000, 0.0000000000000000000, 1.000000000000000000 ) ) ;
#5705 = ORIENTED_EDGE ( 'NONE', *, *, #8210, .T. ) ;
#5706 = CARTESIAN_POINT ( 'NONE',  ( 0.0000000000000000000, -0.5000000000000000000, 0.05000000000000000300 ) ) ;
#5707 = CYLINDRICAL_SURFACE ( 'NONE', #3877, 0.09999992529250974200 ) ;
#5708 = CARTESIAN_POINT ( 'NONE',  ( 0.1999999252924815900, -1.600000074707518300, 0.0000000000000000000 ) ) ;
#5709 = ORIENTED_EDGE ( 'NONE', *, *, #4828, .F. ) ;
#5710 = EDGE_LOOP ( 'NONE', ( #6214, #1947, #5188, #8396 ) ) ;
#5711 = CARTESIAN_POINT ( 'NONE',  ( -1.200000000000000000, 0.3499999999999999800, 0.0000000000000000000 ) ) ;
#5712 = DIRECTION ( 'NONE',  ( -0.0000000000000000000, -0.0000000000000000000, -1.000000000000000000 ) ) ;
#5713 = MECHANICAL_DESIGN_GEOMETRIC_PRESENTATION_REPRESENTATION (  '', ( #8819 ), #6196 ) ;
#5714 = ORIENTED_EDGE ( 'NONE', *, *, #1717, .F. ) ;
#5715 = CARTESIAN_POINT ( 'NONE',  ( 1.225000000000000100, 0.5749999999999999600, 0.2030000000000000100 ) ) ;
#5716 = ORIENTED_EDGE ( 'NONE', *, *, #4637, .T. ) ;
#5717 = VECTOR ( 'NONE', #1052, 1000.000000000000000 ) ;
#5718 = PLANE ( 'NONE',  #6981 ) ;
#5719 = VECTOR ( 'NONE', #2083, 1000.000000000000000 ) ;
#5720 = DIRECTION ( 'NONE',  ( 0.4854474371624475400, 0.8742658553051305700, 0.0000000000000000000 ) ) ;
#5721 = FACE_OUTER_BOUND ( 'NONE', #8293, .T. ) ;
#5722 = CARTESIAN_POINT ( 'NONE',  ( -0.5500000000000000400, 0.0000000000000000000, 0.0000000000000000000 ) ) ;
#5723 = CARTESIAN_POINT ( 'NONE',  ( 0.2750000000000000200, -1.837499999999999900, 0.2030000000000000100 ) ) ;
#5724 = CYLINDRICAL_SURFACE ( 'NONE', #3729, 0.04998625954667031100 ) ;
#5725 = ORIENTED_EDGE ( 'NONE', *, *, #8154, .F. ) ;
#5726 = ORIENTED_EDGE ( 'NONE', *, *, #5533, .T. ) ;
#5727 = EDGE_CURVE ( 'NONE', #9255, #7712, #8119, .T. ) ;
#5728 = EDGE_CURVE ( 'NONE', #7037, #3502, #8346, .T. ) ;
#5729 = FACE_OUTER_BOUND ( 'NONE', #89, .T. ) ;
#5730 = LINE ( 'NONE', #9304, #2785 ) ;
#5731 = ORIENTED_EDGE ( 'NONE', *, *, #4649, .F. ) ;
#5732 = DIRECTION ( 'NONE',  ( -0.0000000000000000000, -0.0000000000000000000, -1.000000000000000000 ) ) ;
#5733 = CARTESIAN_POINT ( 'NONE',  ( 1.474963750063923200, -1.837420233362311800, 0.04999999999999999600 ) ) ;
#5734 = ORIENTED_EDGE ( 'NONE', *, *, #3600, .F. ) ;
#5735 = COLOUR_RGB ( '',0.2509803921568627400, 0.2509803921568627400, 0.2509803921568627400 ) ;
#5736 = CYLINDRICAL_SURFACE ( 'NONE', #480, 0.04999996264625481600 ) ;
#5737 = ORIENTED_EDGE ( 'NONE', *, *, #7970, .F. ) ;
#5738 = PRESENTATION_LAYER_ASSIGNMENT (  '', '', ( #2982 ) ) ;
#5739 = CARTESIAN_POINT ( 'NONE',  ( -0.1721671182000000000, 0.0000000000000000000, 0.8009000000000000600 ) ) ;
#5740 = EDGE_CURVE ( 'NONE', #8414, #2667, #7077, .T. ) ;
#5741 = CARTESIAN_POINT ( 'NONE',  ( 0.1000000000000000100, -0.5999999999999999800, 0.04999999999999999600 ) ) ;
#5742 = EDGE_CURVE ( 'NONE', #1800, #4711, #6373, .T. ) ;
#5743 = CARTESIAN_POINT ( 'NONE',  ( 1.750000000000000000, -0.1331000000000000000, 0.2030000000000000100 ) ) ;
#5744 = CARTESIAN_POINT ( 'NONE',  ( 1.712530996695474700, -1.399986249936077100, 0.04999999999999999600 ) ) ;
#5745 = ORIENTED_EDGE ( 'NONE', *, *, #736, .F. ) ;
#5746 = ADVANCED_FACE ( 'NONE', ( #3917 ), #3590, .T. ) ;
#5747 = FACE_OUTER_BOUND ( 'NONE', #1028, .T. ) ;
#5748 = COLOUR_RGB ( '',0.2509803921568627400, 0.2509803921568627400, 0.2509803921568627400 ) ;
#5749 = ORIENTED_EDGE ( 'NONE', *, *, #6037, .T. ) ;
#5750 = DIRECTION ( 'NONE',  ( -1.000000000000000000, 0.0000000000000000000, 0.0000000000000000000 ) ) ;
#5751 = CARTESIAN_POINT ( 'NONE',  ( -1.750000000000000000, 0.0000000000000000000, 0.2030000000000000100 ) ) ;
#5752 = ORIENTED_EDGE ( 'NONE', *, *, #8711, .T. ) ;
#5753 = CARTESIAN_POINT ( 'NONE',  ( -0.2193119439447634400, 0.2152124981999999900, 0.8008000000000000700 ) ) ;
#5754 = EDGE_CURVE ( 'NONE', #7810, #9071, #7318, .T. ) ;
#5755 = LINE ( 'NONE', #2639, #7150 ) ;
#5756 = DIRECTION ( 'NONE',  ( 1.000000000000000000, 0.0000000000000000000, 0.0000000000000000000 ) ) ;
#5757 = CIRCLE ( 'NONE', #2406, 0.05003631351710525300 ) ;
#5758 = ORIENTED_EDGE ( 'NONE', *, *, #1317, .F. ) ;
#5759 = AXIS2_PLACEMENT_3D ( 'NONE', #9264, #3353, #8585 ) ;
#5760 = CARTESIAN_POINT ( 'NONE',  ( -1.516775933925917700, -1.865000000000000200, 0.2030000000000000100 ) ) ;
#5761 = DIRECTION ( 'NONE',  ( -1.000000000000000000, -0.0000000000000000000, -0.0000000000000000000 ) ) ;
#5762 = ORIENTED_EDGE ( 'NONE', *, *, #8668, .F. ) ;
#5763 = CARTESIAN_POINT ( 'NONE',  ( -0.2750000000000000200, -1.200000000000000000, 0.0000000000000000000 ) ) ;
#5764 = CARTESIAN_POINT ( 'NONE',  ( -0.09995942673878688300, 0.1738201039154271800, 0.8009000000000000600 ) ) ;
#5765 = LINE ( 'NONE', #8582, #3422 ) ;
#5766 = ORIENTED_EDGE ( 'NONE', *, *, #632, .T. ) ;
#5767 = CARTESIAN_POINT ( 'NONE',  ( -1.475013750063923100, -1.837530996695474700, 0.2030000000000000100 ) ) ;
#5768 = LINE ( 'NONE', #273, #833 ) ;
#5769 = EDGE_CURVE ( 'NONE', #6208, #640, #5090, .T. ) ;
#5770 = AXIS2_PLACEMENT_3D ( 'NONE', #6369, #8138, #1785 ) ;
#5771 = CARTESIAN_POINT ( 'NONE',  ( -0.1721671182000000000, -0.1856274672000000100, 0.8009000000000000600 ) ) ;
#5772 = DIRECTION ( 'NONE',  ( 0.0000000000000000000, -0.0000000000000000000, 1.000000000000000000 ) ) ;
#5773 = ORIENTED_EDGE ( 'NONE', *, *, #5171, .T. ) ;
#5774 = LINE ( 'NONE', #14, #5059 ) ;
#5775 = ORIENTED_EDGE ( 'NONE', *, *, #6037, .F. ) ;
#5776 = CARTESIAN_POINT ( 'NONE',  ( 0.3579999999999999800, 1.875000000000000000, 0.0000000000000000000 ) ) ;
#5777 = CYLINDRICAL_SURFACE ( 'NONE', #2089, 0.02499998132312751500 ) ;
#5778 = CARTESIAN_POINT ( 'NONE',  ( -1.712500000000000100, -1.550000000000000300, 0.0000000000000000000 ) ) ;
#5779 = EDGE_LOOP ( 'NONE', ( #9597, #8275 ) ) ;
#5780 = AXIS2_PLACEMENT_3D ( 'NONE', #4040, #8598, #5624 ) ;
#5781 = SURFACE_STYLE_FILL_AREA ( #3323 ) ;
#5782 = CARTESIAN_POINT ( 'NONE',  ( -0.1332871284771444400, 1.865000000000000200, 0.2030000000000000100 ) ) ;
#5783 =( LENGTH_UNIT ( ) NAMED_UNIT ( * ) SI_UNIT ( .MILLI., .METRE. ) );
#5784 = ORIENTED_EDGE ( 'NONE', *, *, #7240, .F. ) ;
#5785 = EDGE_CURVE ( 'NONE', #2815, #8632, #6945, .T. ) ;
#5786 = ORIENTED_EDGE ( 'NONE', *, *, #615, .T. ) ;
#5787 = VECTOR ( 'NONE', #3059, 1000.000000000000000 ) ;
#5788 = DIRECTION ( 'NONE',  ( 0.0000000000000000000, 0.0000000000000000000, 1.000000000000000000 ) ) ;
#5789 = DIRECTION ( 'NONE',  ( -0.0000000000000000000, -0.0000000000000000000, -1.000000000000000000 ) ) ;
#5790 = LINE ( 'NONE', #2436, #9023 ) ;
#5791 = ADVANCED_FACE ( 'NONE', ( #1478 ), #1890, .F. ) ;
#5792 = DIRECTION ( 'NONE',  ( -0.0000000000000000000, -0.0000000000000000000, -1.000000000000000000 ) ) ;
#5793 =( NAMED_UNIT ( * ) PLANE_ANGLE_UNIT ( ) SI_UNIT ( $, .RADIAN. ) );
#5794 = CARTESIAN_POINT ( 'NONE',  ( 0.0000000000000000000, 1.325000000000000000, 0.2030000000000000100 ) ) ;
#5795 = ORIENTED_EDGE ( 'NONE', *, *, #8459, .T. ) ;
#5796 = DIRECTION ( 'NONE',  ( 0.0000000000000000000, -0.0000000000000000000, 1.000000000000000000 ) ) ;
#5797 = CYLINDRICAL_SURFACE ( 'NONE', #5593, 0.04303825244739682700 ) ;
#5798 = AXIS2_PLACEMENT_3D ( 'NONE', #4541, #4578, #4452 ) ;
#5799 = DIRECTION ( 'NONE',  ( -0.0000000000000000000, -0.0000000000000000000, -1.000000000000000000 ) ) ;
#5800 = LINE ( 'NONE', #9462, #279 ) ;
#5801 = EDGE_CURVE ( 'NONE', #67, #8974, #2979, .T. ) ;
#5802 = EDGE_CURVE ( 'NONE', #2933, #5305, #9042, .T. ) ;
#5803 = DIRECTION ( 'NONE',  ( -0.0000000000000000000, -0.0000000000000000000, -1.000000000000000000 ) ) ;
#5804 = ORIENTED_EDGE ( 'NONE', *, *, #7290, .F. ) ;
#5805 = DIRECTION ( 'NONE',  ( -0.0000000000000000000, 0.0000000000000000000, 1.000000000000000000 ) ) ;
#5806 = ORIENTED_EDGE ( 'NONE', *, *, #4398, .T. ) ;
#5807 = CYLINDRICAL_SURFACE ( 'NONE', #1524, 0.04998625954667031100 ) ;
#5808 = DIRECTION ( 'NONE',  ( 0.0000000000000000000, -0.0000000000000000000, 1.000000000000000000 ) ) ;
#5809 = CARTESIAN_POINT ( 'NONE',  ( 0.0000000000000000000, 1.625000000000000200, 0.05000000000000000300 ) ) ;
#5810 = UNCERTAINTY_MEASURE_WITH_UNIT (LENGTH_MEASURE( 1.000000000000000100E-005 ), #7941, 'distance_accuracy_value', 'NONE');
#5811 = ORIENTED_EDGE ( 'NONE', *, *, #3266, .T. ) ;
#5812 = CARTESIAN_POINT ( 'NONE',  ( 1.750000000000000000, -0.6669000000000001600, 0.0000000000000000000 ) ) ;
#5813 = EDGE_CURVE ( 'NONE', #7594, #7037, #9388, .T. ) ;
#5814 = AXIS2_PLACEMENT_3D ( 'NONE', #4703, #8352, #179 ) ;
#5815 = VECTOR ( 'NONE', #7749, 1000.000000000000000 ) ;
#5816 = DIRECTION ( 'NONE',  ( -0.0000000000000000000, -0.0000000000000000000, -1.000000000000000000 ) ) ;
#5817 = CARTESIAN_POINT ( 'NONE',  ( 0.5500000000000000400, -0.6999999999999999600, 0.0000000000000000000 ) ) ;
#5818 = DIRECTION ( 'NONE',  ( -0.0000000000000000000, 1.000000000000000000, -0.0000000000000000000 ) ) ;
#5819 = PLANE ( 'NONE',  #499 ) ;
#5820 = CARTESIAN_POINT ( 'NONE',  ( -0.5500000000000000400, -1.399999999999999900, 0.0000000000000000000 ) ) ;
#5821 = VERTEX_POINT ( 'NONE', #2119 ) ;
#5822 = ORIENTED_EDGE ( 'NONE', *, *, #7734, .F. ) ;
#5823 = CARTESIAN_POINT ( 'NONE',  ( 0.6250000000000000000, 1.375000000000000000, 0.2030000000000000100 ) ) ;
#5824 = CIRCLE ( 'NONE', #2265, 0.04998625954667031100 ) ;
#5825 = EDGE_CURVE ( 'NONE', #7297, #2129, #7665, .T. ) ;
#5826 = CARTESIAN_POINT ( 'NONE',  ( -1.712500000000000100, 0.05000000000000000300, 0.04999999999999999600 ) ) ;
#5827 = SURFACE_STYLE_USAGE ( .BOTH. , #1452 ) ;
#5828 = MECHANICAL_DESIGN_GEOMETRIC_PRESENTATION_REPRESENTATION (  '', ( #290 ), #1123 ) ;
#5829 = CARTESIAN_POINT ( 'NONE',  ( -1.750000000000000000, -0.8330999999999999500, 0.0000000000000000000 ) ) ;
#5830 = CARTESIAN_POINT ( 'NONE',  ( -1.712500000000000100, -1.350000000000000100, 0.2030000000000000100 ) ) ;
#5831 = PRODUCT_DEFINITION ( 'UNKNOWN', '', #2501, #7533 ) ;
#5832 = ORIENTED_EDGE ( 'NONE', *, *, #1480, .T. ) ;
#5833 = ORIENTED_EDGE ( 'NONE', *, *, #4496, .F. ) ;
#5834 = VECTOR ( 'NONE', #7808, 1000.000000000000000 ) ;
#5835 = FACE_OUTER_BOUND ( 'NONE', #4844, .T. ) ;
#5836 = ORIENTED_EDGE ( 'NONE', *, *, #4109, .T. ) ;
#5837 = CARTESIAN_POINT ( 'NONE',  ( 0.05411423010000000800, -0.1856274672000000100, 0.8008000000000000700 ) ) ;
#5838 = CARTESIAN_POINT ( 'NONE',  ( 1.750000000000000000, 0.0000000000000000000, 0.2030000000000000100 ) ) ;
#5839 = CIRCLE ( 'NONE', #8226, 0.04998625954667008900 ) ;
#5840 = DIRECTION ( 'NONE',  ( -0.0000000000000000000, 0.0000000000000000000, 1.000000000000000000 ) ) ;
#5841 = ORIENTED_EDGE ( 'NONE', *, *, #881, .T. ) ;
#5842 = ORIENTED_EDGE ( 'NONE', *, *, #2789, .F. ) ;
#5843 = AXIS2_PLACEMENT_3D ( 'NONE', #7743, #4074, #1840 ) ;
#5844 = SURFACE_STYLE_USAGE ( .BOTH. , #4193 ) ;
#5845 = CIRCLE ( 'NONE', #2302, 0.09999992529250952000 ) ;
#5846 = CIRCLE ( 'NONE', #3121, 0.04998625954667008900 ) ;
#5847 = ADVANCED_FACE ( 'NONE', ( #2636 ), #6608, .T. ) ;
#5848 = EDGE_CURVE ( 'NONE', #3240, #3004, #869, .T. ) ;
#5849 = DIRECTION ( 'NONE',  ( 1.000000000000000000, 0.0000000000000000000, 0.0000000000000000000 ) ) ;
#5850 = ORIENTED_EDGE ( 'NONE', *, *, #4279, .T. ) ;
#5851 = ORIENTED_EDGE ( 'NONE', *, *, #909, .F. ) ;
#5852 = DIRECTION ( 'NONE',  ( -1.000000000000000000, 0.0000000000000000000, 0.0000000000000000000 ) ) ;
#5853 = FACE_OUTER_BOUND ( 'NONE', #908, .T. ) ;
#5854 = LINE ( 'NONE', #2865, #2115 ) ;
#5855 = CARTESIAN_POINT ( 'NONE',  ( -0.3250137500639230800, 1.837530996695474500, 0.2030000000000000100 ) ) ;
#5856 = VERTEX_POINT ( 'NONE', #5741 ) ;
#5857 = CARTESIAN_POINT ( 'NONE',  ( -1.712500000000000100, 1.325000000000000000, 0.2030000000000000100 ) ) ;
#5858 = EDGE_CURVE ( 'NONE', #1973, #1071, #4390, .T. ) ;
#5859 = VERTEX_POINT ( 'NONE', #2081 ) ;
#5860 = VECTOR ( 'NONE', #5599, 1000.000000000000000 ) ;
#5861 =( LENGTH_UNIT ( ) NAMED_UNIT ( * ) SI_UNIT ( .MILLI., .METRE. ) );
#5862 = VECTOR ( 'NONE', #244, 1000.000000000000000 ) ;
#5863 = ORIENTED_EDGE ( 'NONE', *, *, #396, .T. ) ;
#5864 = DIRECTION ( 'NONE',  ( -0.0000000000000000000, 0.0000000000000000000, 1.000000000000000000 ) ) ;
#5865 = PLANE ( 'NONE',  #1919 ) ;
#5866 = DIRECTION ( 'NONE',  ( -0.0000000000000000000, -0.0000000000000000000, -1.000000000000000000 ) ) ;
#5867 = VECTOR ( 'NONE', #7092, 1000.000000000000000 ) ;
#5868 = ORIENTED_EDGE ( 'NONE', *, *, #4554, .F. ) ;
#5869 = CARTESIAN_POINT ( 'NONE',  ( -1.740000000000000000, -0.1417759339259178900, 0.04999999999999999600 ) ) ;
#5870 = LINE ( 'NONE', #9408, #8879 ) ;
#5871 = LINE ( 'NONE', #4238, #5040 ) ;
#5872 =( LENGTH_UNIT ( ) NAMED_UNIT ( * ) SI_UNIT ( .MILLI., .METRE. ) );
#5873 = EDGE_CURVE ( 'NONE', #4012, #1078, #4853, .T. ) ;
#5874 = EDGE_LOOP ( 'NONE', ( #8415, #5703, #8798, #7493 ) ) ;
#5875 = AXIS2_PLACEMENT_3D ( 'NONE', #8723, #9483, #5017 ) ;
#5876 = VERTEX_POINT ( 'NONE', #4253 ) ;
#5877 = UNCERTAINTY_MEASURE_WITH_UNIT (LENGTH_MEASURE( 1.000000000000000100E-005 ), #5412, 'distance_accuracy_value', 'NONE');
#5878 = DIRECTION ( 'NONE',  ( -0.0000000000000000000, 0.0000000000000000000, 1.000000000000000000 ) ) ;
#5879 = LINE ( 'NONE', #4661, #2474 ) ;
#5880 = VECTOR ( 'NONE', #8444, 1000.000000000000000 ) ;
#5881 = CARTESIAN_POINT ( 'NONE',  ( -0.2750000000000000200, -1.200000000000000000, 0.04999999999999999600 ) ) ;
#5882 = VERTEX_POINT ( 'NONE', #7335 ) ;
#5883 = LINE ( 'NONE', #1904, #606 ) ;
#5884 = CARTESIAN_POINT ( 'NONE',  ( 0.0000000000000000000, 1.875000000000000000, 0.2030000000000000100 ) ) ;
#5885 = EDGE_CURVE ( 'NONE', #3134, #728, #3347, .T. ) ;
#5886 = DIRECTION ( 'NONE',  ( -0.0000000000000000000, -0.0000000000000000000, -1.000000000000000000 ) ) ;
#5887 = EDGE_CURVE ( 'NONE', #27, #3594, #1118, .T. ) ;
#5888 = CARTESIAN_POINT ( 'NONE',  ( 0.05411423010000000800, -0.1856274672000000100, 0.8008000000000000700 ) ) ;
#5889 = AXIS2_PLACEMENT_3D ( 'NONE', #739, #8869, #4410 ) ;
#5890 = AXIS2_PLACEMENT_3D ( 'NONE', #5455, #1657, #6957 ) ;
#5891 = LINE ( 'NONE', #5706, #134 ) ;
#5892 = EDGE_LOOP ( 'NONE', ( #4737, #5832, #5426, #1514 ) ) ;
#5893 = COLOUR_RGB ( '',0.2509803921568627400, 0.2509803921568627400, 0.2509803921568627400 ) ;
#5894 = ADVANCED_FACE ( 'NONE', ( #5205 ), #3519, .F. ) ;
#5895 = CARTESIAN_POINT ( 'NONE',  ( -1.524999999999999900, 1.837499999999999900, 0.04999999999999999600 ) ) ;
#5896 = CARTESIAN_POINT ( 'NONE',  ( 0.0000000000000000000, -0.5000000000000000000, 0.0000000000000000000 ) ) ;
#5897 = DIRECTION ( 'NONE',  ( -0.0000000000000000000, 1.000000000000000000, -0.0000000000000000000 ) ) ;
#5898 = CARTESIAN_POINT ( 'NONE',  ( -0.3250000000000000700, 1.325000000000000000, 0.2030000000000000100 ) ) ;
#5899 = EDGE_LOOP ( 'NONE', ( #9025, #1856, #5613, #3007 ) ) ;
#5900 = DIRECTION ( 'NONE',  ( 0.0000000000000000000, 0.0000000000000000000, 1.000000000000000000 ) ) ;
#5901 = LINE ( 'NONE', #1432, #9251 ) ;
#5902 = ORIENTED_EDGE ( 'NONE', *, *, #4224, .T. ) ;
#5903 = EDGE_LOOP ( 'NONE', ( #8785, #2349, #1938, #3335 ) ) ;
#5904 = AXIS2_PLACEMENT_3D ( 'NONE', #6619, #7379, #2896 ) ;
#5905 = CARTESIAN_POINT ( 'NONE',  ( -1.750000000000000000, 0.3418999999999999800, 0.2030000000000000100 ) ) ;
#5906 = CIRCLE ( 'NONE', #7878, 0.04998625954667031100 ) ;
#5907 = DIRECTION ( 'NONE',  ( -0.0000000000000000000, -0.0000000000000000000, -1.000000000000000000 ) ) ;
#5908 = DIRECTION ( 'NONE',  ( -0.0000000000000000000, -0.0000000000000000000, -1.000000000000000000 ) ) ;
#5909 = CARTESIAN_POINT ( 'NONE',  ( -1.750000000000000000, 0.0000000000000000000, 0.2030000000000000100 ) ) ;
#5910 = DIRECTION ( 'NONE',  ( 0.0000000000000000000, 1.000000000000000000, 0.0000000000000000000 ) ) ;
#5911 = ORIENTED_EDGE ( 'NONE', *, *, #8577, .F. ) ;
#5912 = DIRECTION ( 'NONE',  ( 0.0008110297413745396700, 0.9999996711153251700, 0.0000000000000000000 ) ) ;
#5913 = ORIENTED_EDGE ( 'NONE', *, *, #8946, .F. ) ;
#5914 = ORIENTED_EDGE ( 'NONE', *, *, #9411, .T. ) ;
#5915 = VECTOR ( 'NONE', #7773, 1000.000000000000000 ) ;
#5916 = CARTESIAN_POINT ( 'NONE',  ( -1.750000000000000000, 0.3418999999999999800, 0.0000000000000000000 ) ) ;
#5917 = VECTOR ( 'NONE', #5338, 1000.000000000000000 ) ;
#5918 = CARTESIAN_POINT ( 'NONE',  ( 1.750000000000000000, 1.608100000000000100, 0.0000000000000000000 ) ) ;
#5919 = ORIENTED_EDGE ( 'NONE', *, *, #1411, .F. ) ;
#5920 = EDGE_CURVE ( 'NONE', #9490, #3933, #4145, .T. ) ;
#5921 = CARTESIAN_POINT ( 'NONE',  ( 0.2000000000000000100, -1.200000000000000000, 0.2030000000000000100 ) ) ;
#5922 = ORIENTED_EDGE ( 'NONE', *, *, #5848, .T. ) ;
#5923 = CARTESIAN_POINT ( 'NONE',  ( -1.175105682233331200, 1.375005682233331600, 0.04999999999999999600 ) ) ;
#5924 = VECTOR ( 'NONE', #5908, 1000.000000000000000 ) ;
#5925 = FILL_AREA_STYLE_COLOUR ( '', #1886 ) ;
#5926 = VERTEX_POINT ( 'NONE', #3624 ) ;
#5927 = DIRECTION ( 'NONE',  ( 1.000000000000000000, 0.0000000000000000000, 0.0000000000000000000 ) ) ;
#5928 = CARTESIAN_POINT ( 'NONE',  ( -0.2750000000000000200, -0.5000000000000000000, 0.2030000000000000100 ) ) ;
#5929 = AXIS2_PLACEMENT_3D ( 'NONE', #6778, #8928, #5256 ) ;
#5930 = LINE ( 'NONE', #8725, #3218 ) ;
#5931 =( GEOMETRIC_REPRESENTATION_CONTEXT ( 3 ) GLOBAL_UNCERTAINTY_ASSIGNED_CONTEXT ( ( #8301 ) ) GLOBAL_UNIT_ASSIGNED_CONTEXT ( ( #6086, #1646, #351 ) ) REPRESENTATION_CONTEXT ( 'NONE', 'WORKASPACE' ) );
#5932 = UNCERTAINTY_MEASURE_WITH_UNIT (LENGTH_MEASURE( 1.000000000000000100E-005 ), #7662, 'distance_accuracy_value', 'NONE');
#5933 = DIRECTION ( 'NONE',  ( -0.0000000000000000000, -0.0000000000000000000, -1.000000000000000000 ) ) ;
#5934 = ORIENTED_EDGE ( 'NONE', *, *, #543, .F. ) ;
#5935 = DIRECTION ( 'NONE',  ( 0.0000000000000000000, -0.0000000000000000000, 1.000000000000000000 ) ) ;
#5936 = ORIENTED_EDGE ( 'NONE', *, *, #7412, .T. ) ;
#5937 = DIRECTION ( 'NONE',  ( -1.000000000000000000, 0.0000000000000000000, 0.0000000000000000000 ) ) ;
#5938 = FACE_OUTER_BOUND ( 'NONE', #3918, .T. ) ;
#5939 = DIRECTION ( 'NONE',  ( 1.000000000000000000, 0.0000000000000000000, -0.0000000000000000000 ) ) ;
#5940 = LINE ( 'NONE', #7974, #5586 ) ;
#5941 = DIRECTION ( 'NONE',  ( -0.0000000000000000000, -0.0000000000000000000, -1.000000000000000000 ) ) ;
#5942 = ADVANCED_FACE ( 'NONE', ( #4735 ), #8077, .F. ) ;
#5943 = DIRECTION ( 'NONE',  ( 0.0000000000000000000, 1.000000000000000000, 0.0000000000000000000 ) ) ;
#5944 = EDGE_CURVE ( 'NONE', #6032, #407, #990, .T. ) ;
#5945 = ORIENTED_EDGE ( 'NONE', *, *, #6052, .T. ) ;
#5946 =( GEOMETRIC_REPRESENTATION_CONTEXT ( 3 ) GLOBAL_UNCERTAINTY_ASSIGNED_CONTEXT ( ( #5436 ) ) GLOBAL_UNIT_ASSIGNED_CONTEXT ( ( #9174, #232, #5456 ) ) REPRESENTATION_CONTEXT ( 'NONE', 'WORKASPACE' ) );
#5947 = CARTESIAN_POINT ( 'NONE',  ( 0.1999999252924818100, -1.299999925292481900, 0.0000000000000000000 ) ) ;
#5948 = ORIENTED_EDGE ( 'NONE', *, *, #8781, .F. ) ;
#5949 = DIRECTION ( 'NONE',  ( -0.0000000000000000000, 0.0000000000000000000, 1.000000000000000000 ) ) ;
#5950 = AXIS2_PLACEMENT_3D ( 'NONE', #3621, #1397, #8131 ) ;
#5951 = LINE ( 'NONE', #7633, #5231 ) ;
#5952 = CYLINDRICAL_SURFACE ( 'NONE', #4487, 0.04999996264625481600 ) ;
#5953 = DIRECTION ( 'NONE',  ( 0.0000000000000000000, -0.0000000000000000000, 1.000000000000000000 ) ) ;
#5954 = ADVANCED_FACE ( 'NONE', ( #1229 ), #7430, .F. ) ;
#5955 = DIRECTION ( 'NONE',  ( -0.0000000000000000000, -0.0000000000000000000, -1.000000000000000000 ) ) ;
#5956 = VERTEX_POINT ( 'NONE', #5138 ) ;
#5957 = VERTEX_POINT ( 'NONE', #659 ) ;
#5958 = CYLINDRICAL_SURFACE ( 'NONE', #3236, 0.04998625954667008900 ) ;
#5959 = EDGE_CURVE ( 'NONE', #2901, #3233, #1707, .T. ) ;
#5960 = LINE ( 'NONE', #1953, #7694 ) ;
#5961 = CARTESIAN_POINT ( 'NONE',  ( 0.1250000000000000000, 1.837499999999999900, 0.2030000000000000100 ) ) ;
#5962 = CYLINDRICAL_SURFACE ( 'NONE', #2563, 0.04998625954667031100 ) ;
#5963 = AXIS2_PLACEMENT_3D ( 'NONE', #8095, #6633, #5064 ) ;
#5964 = DIRECTION ( 'NONE',  ( -0.0000000000000000000, 0.0000000000000000000, 1.000000000000000000 ) ) ;
#5965 = DIRECTION ( 'NONE',  ( 0.0000000000000000000, -0.0000000000000000000, 1.000000000000000000 ) ) ;
#5966 = SURFACE_STYLE_USAGE ( .BOTH. , #712 ) ;
#5967 = LINE ( 'NONE', #5095, #88 ) ;
#5968 = ORIENTED_EDGE ( 'NONE', *, *, #8264, .T. ) ;
#5969 = DIRECTION ( 'NONE',  ( -1.000000000000000000, 0.0000000000000000000, 0.0000000000000000000 ) ) ;
#5970 = VERTEX_POINT ( 'NONE', #3675 ) ;
#5971 = CYLINDRICAL_SURFACE ( 'NONE', #2195, 0.04998625954667008900 ) ;
#5972 = DIRECTION ( 'NONE',  ( -0.0000000000000000000, -0.0000000000000000000, -1.000000000000000000 ) ) ;
#5973 = ORIENTED_EDGE ( 'NONE', *, *, #4235, .T. ) ;
#5974 = DIRECTION ( 'NONE',  ( 1.000000000000000000, 0.0000000000000000000, 0.0000000000000000000 ) ) ;
#5975 = CARTESIAN_POINT ( 'NONE',  ( 0.0000000000000000000, -0.1499999999999999900, 0.0000000000000000000 ) ) ;
#5976 = AXIS2_PLACEMENT_3D ( 'NONE', #598, #4941, #460 ) ;
#5977 = CARTESIAN_POINT ( 'NONE',  ( -1.740000000000000000, 1.865000000000000200, 0.05000000000000000300 ) ) ;
#5978 = EDGE_CURVE ( 'NONE', #5209, #6670, #3694, .T. ) ;
#5979 = FACE_BOUND ( 'NONE', #5411, .T. ) ;
#5980 = VECTOR ( 'NONE', #1695, 1000.000000000000000 ) ;
#5981 = VERTEX_POINT ( 'NONE', #9662 ) ;
#5982 = ORIENTED_EDGE ( 'NONE', *, *, #1338, .F. ) ;
#5983 = DIRECTION ( 'NONE',  ( 0.0000000000000000000, -1.000000000000000000, 0.0000000000000000000 ) ) ;
#5984 = EDGE_LOOP ( 'NONE', ( #6484, #6453, #5262, #3174 ) ) ;
#5985 = CARTESIAN_POINT ( 'NONE',  ( 1.712500000000000100, 0.3250000000000000700, 0.04999999999999999600 ) ) ;
#5986 = CIRCLE ( 'NONE', #973, 0.05003631351710522600 ) ;
#5987 = CARTESIAN_POINT ( 'NONE',  ( -0.6750000000000000400, 1.325000000000000000, 0.2030000000000000100 ) ) ;
#5988 = VERTEX_POINT ( 'NONE', #2274 ) ;
#5989 = CARTESIAN_POINT ( 'NONE',  ( 0.5999999999999999800, -1.550000000000000300, 0.2030000000000000100 ) ) ;
#5990 = PRESENTATION_LAYER_ASSIGNMENT (  '', '', ( #2166 ) ) ;
#5991 = EDGE_CURVE ( 'NONE', #771, #9172, #6476, .T. ) ;
#5992 = EDGE_CURVE ( 'NONE', #2394, #7519, #858, .T. ) ;
#5993 = ADVANCED_FACE ( 'NONE', ( #8573 ), #5558, .T. ) ;
#5994 = CARTESIAN_POINT ( 'NONE',  ( 1.524999999999999900, -1.550000000000000300, 0.05000000000000000300 ) ) ;
#5995 = DIRECTION ( 'NONE',  ( -0.0000000000000000000, 0.0000000000000000000, 1.000000000000000000 ) ) ;
#5996 = ORIENTED_EDGE ( 'NONE', *, *, #9651, .F. ) ;
#5997 = VERTEX_POINT ( 'NONE', #3765 ) ;
#5998 = CARTESIAN_POINT ( 'NONE',  ( -0.5500000000000000400, 0.0000000000000000000, 0.05000000000000000300 ) ) ;
#5999 = ADVANCED_FACE ( 'NONE', ( #1592 ), #7398, .F. ) ;
#6000 = EDGE_CURVE ( 'NONE', #7862, #9252, #1697, .T. ) ;
#6001 = CARTESIAN_POINT ( 'NONE',  ( 0.0000000000000000000, -1.700000000000000000, 0.05000000000000000300 ) ) ;
#6002 = AXIS2_PLACEMENT_3D ( 'NONE', #404, #2549, #9277 ) ;
#6003 = PRESENTATION_STYLE_ASSIGNMENT (( #519 ) ) ;
#6004 = ORIENTED_EDGE ( 'NONE', *, *, #8577, .T. ) ;
#6005 = AXIS2_PLACEMENT_3D ( 'NONE', #8643, #9332, #1288 ) ;
#6006 = LINE ( 'NONE', #495, #8545 ) ;
#6007 = DIRECTION ( 'NONE',  ( -0.0000000000000000000, -0.0000000000000000000, -1.000000000000000000 ) ) ;
#6008 = VERTEX_POINT ( 'NONE', #1464 ) ;
#6009 = COLOUR_RGB ( '',0.7921568627450980000, 0.8196078431372548800, 0.9333333333333333500 ) ;
#6010 = VERTEX_POINT ( 'NONE', #7431 ) ;
#6011 = ORIENTED_EDGE ( 'NONE', *, *, #3847, .F. ) ;
#6012 = LINE ( 'NONE', #5401, #6455 ) ;
#6013 = CARTESIAN_POINT ( 'NONE',  ( -0.2193119439447634400, 0.2152124981999999900, 0.8009000000000000600 ) ) ;
#6014 = MECHANICAL_DESIGN_GEOMETRIC_PRESENTATION_REPRESENTATION (  '', ( #9497 ), #7134 ) ;
#6015 = PLANE ( 'NONE',  #3077 ) ;
#6016 = DIRECTION ( 'NONE',  ( -1.000000000000000000, 0.0000000000000000000, 0.0000000000000000000 ) ) ;
#6017 = ORIENTED_EDGE ( 'NONE', *, *, #6475, .T. ) ;
#6018 = CARTESIAN_POINT ( 'NONE',  ( 0.8249433163616378700, 1.374986044749599200, 0.0000000000000000000 ) ) ;
#6019 = EDGE_LOOP ( 'NONE', ( #8774, #3107, #8542, #8439 ) ) ;
#6020 = DIRECTION ( 'NONE',  ( -0.0000000000000000000, 0.0000000000000000000, -1.000000000000000000 ) ) ;
#6021 = ORIENTED_EDGE ( 'NONE', *, *, #7637, .T. ) ;
#6022 = DIRECTION ( 'NONE',  ( -0.0000000000000000000, -0.0000000000000000000, -1.000000000000000000 ) ) ;
#6023 = LINE ( 'NONE', #759, #7057 ) ;
#6024 = CARTESIAN_POINT ( 'NONE',  ( -0.1250000000000000000, 0.0000000000000000000, 0.05000000000000000300 ) ) ;
#6025 = ORIENTED_EDGE ( 'NONE', *, *, #122, .T. ) ;
#6026 = CARTESIAN_POINT ( 'NONE',  ( -0.1000000000000000100, -1.600000000000000100, 0.04999999999999999600 ) ) ;
#6027 = EDGE_CURVE ( 'NONE', #7018, #1178, #5080, .T. ) ;
#6028 = SURFACE_STYLE_FILL_AREA ( #1706 ) ;
#6029 = CIRCLE ( 'NONE', #9585, 0.04998625954667031100 ) ;
#6030 = PLANE ( 'NONE',  #3315 ) ;
#6031 = ADVANCED_FACE ( 'NONE', ( #3799 ), #7068, .T. ) ;
#6032 = VERTEX_POINT ( 'NONE', #4550 ) ;
#6033 = ORIENTED_EDGE ( 'NONE', *, *, #3716, .F. ) ;
#6034 = CARTESIAN_POINT ( 'NONE',  ( 1.125000000000000200, 0.0000000000000000000, 0.2030000000000000100 ) ) ;
#6035 = CARTESIAN_POINT ( 'NONE',  ( -0.8750000000000000000, 1.375000000000000000, 0.0000000000000000000 ) ) ;
#6036 = AXIS2_PLACEMENT_3D ( 'NONE', #7401, #751, #3679 ) ;
#6037 = EDGE_CURVE ( 'NONE', #6817, #3162, #1356, .T. ) ;
#6038 = EDGE_CURVE ( 'NONE', #6148, #1855, #9030, .T. ) ;
#6039 = ORIENTED_EDGE ( 'NONE', *, *, #5272, .F. ) ;
#6040 = ADVANCED_FACE ( 'NONE', ( #8335 ), #6848, .F. ) ;
#6041 = ORIENTED_EDGE ( 'NONE', *, *, #83, .F. ) ;
#6042 = CARTESIAN_POINT ( 'NONE',  ( -1.200000000000000000, 0.0000000000000000000, 0.05000000000000000300 ) ) ;
#6043 = FACE_OUTER_BOUND ( 'NONE', #2503, .T. ) ;
#6044 = CARTESIAN_POINT ( 'NONE',  ( 0.5999999999999999800, -1.350000000000000100, 0.2030000000000000100 ) ) ;
#6045 = DIRECTION ( 'NONE',  ( 0.0000000000000000000, 0.0000000000000000000, 1.000000000000000000 ) ) ;
#6046 = CARTESIAN_POINT ( 'NONE',  ( -1.200000000000000000, 0.8499999999999999800, 0.2030000000000000100 ) ) ;
#6047 = UNCERTAINTY_MEASURE_WITH_UNIT (LENGTH_MEASURE( 1.000000000000000100E-005 ), #3699, 'distance_accuracy_value', 'NONE');
#6048 = AXIS2_PLACEMENT_3D ( 'NONE', #5767, #2655, #5000 ) ;
#6049 = ORIENTED_EDGE ( 'NONE', *, *, #9219, .T. ) ;
#6050 = VERTEX_POINT ( 'NONE', #815 ) ;
#6051 = ORIENTED_EDGE ( 'NONE', *, *, #2990, .F. ) ;
#6052 = EDGE_CURVE ( 'NONE', #645, #9342, #6029, .T. ) ;
#6053 = EDGE_CURVE ( 'NONE', #2016, #4626, #4029, .T. ) ;
#6054 = VECTOR ( 'NONE', #9599, 1000.000000000000000 ) ;
#6055 = EDGE_LOOP ( 'NONE', ( #8207, #2539, #1587, #7990 ) ) ;
#6056 = ORIENTED_EDGE ( 'NONE', *, *, #3108, .T. ) ;
#6057 = DIRECTION ( 'NONE',  ( 0.0000000000000000000, 1.000000000000000000, 0.0000000000000000000 ) ) ;
#6058 = CARTESIAN_POINT ( 'NONE',  ( -0.2596239155999999800, -0.1856274672000000100, 0.8008000000000000700 ) ) ;
#6059 = LINE ( 'NONE', #4705, #305 ) ;
#6060 = LINE ( 'NONE', #3486, #4426 ) ;
#6061 = EDGE_CURVE ( 'NONE', #6571, #1054, #3583, .T. ) ;
#6062 = CARTESIAN_POINT ( 'NONE',  ( -1.125000000000000200, 0.0000000000000000000, 0.0000000000000000000 ) ) ;
#6063 = EDGE_CURVE ( 'NONE', #605, #3631, #3091, .T. ) ;
#6064 = AXIS2_PLACEMENT_3D ( 'NONE', #3571, #4302, #2033 ) ;
#6065 = SURFACE_STYLE_USAGE ( .BOTH. , #5304 ) ;
#6066 = AXIS2_PLACEMENT_3D ( 'NONE', #5302, #8294, #2251 ) ;
#6067 = CYLINDRICAL_SURFACE ( 'NONE', #2409, 0.04998625954667008900 ) ;
#6068 = ORIENTED_EDGE ( 'NONE', *, *, #859, .F. ) ;
#6069 = VERTEX_POINT ( 'NONE', #2328 ) ;
#6070 = PRESENTATION_STYLE_ASSIGNMENT (( #2983 ) ) ;
#6071 = DIRECTION ( 'NONE',  ( -1.000000000000000000, 0.0000000000000000000, 0.0000000000000000000 ) ) ;
#6072 = CARTESIAN_POINT ( 'NONE',  ( 1.712500000000000100, 0.3250000000000000700, 0.2030000000000000100 ) ) ;
#6073 = VECTOR ( 'NONE', #8644, 1000.000000000000000 ) ;
#6074 = PLANE ( 'NONE',  #7440 ) ;
#6075 = CARTESIAN_POINT ( 'NONE',  ( 0.0000000000000000000, 0.0000000000000000000, 0.8008000000000000700 ) ) ;
#6076 = ORIENTED_EDGE ( 'NONE', *, *, #6298, .F. ) ;
#6077 = EDGE_CURVE ( 'NONE', #9300, #6148, #1108, .T. ) ;
#6078 = ADVANCED_FACE ( 'NONE', ( #518 ), #5797, .T. ) ;
#6079 = CARTESIAN_POINT ( 'NONE',  ( 1.750000000000000000, 1.341900000000000100, 0.0000000000000000000 ) ) ;
#6080 = CARTESIAN_POINT ( 'NONE',  ( 1.516712871522855500, 1.865000000000000200, 0.2030000000000000100 ) ) ;
#6081 = FACE_OUTER_BOUND ( 'NONE', #7270, .T. ) ;
#6082 = VERTEX_POINT ( 'NONE', #8353 ) ;
#6083 = CARTESIAN_POINT ( 'NONE',  ( -1.740000000000000000, 0.8332240660740820600, 0.2030000000000000100 ) ) ;
#6084 = ORIENTED_EDGE ( 'NONE', *, *, #4587, .T. ) ;
#6085 = ORIENTED_EDGE ( 'NONE', *, *, #4951, .T. ) ;
#6086 =( LENGTH_UNIT ( ) NAMED_UNIT ( * ) SI_UNIT ( .MILLI., .METRE. ) );
#6087 = COLOUR_RGB ( '',0.0000000000000000000, 1.000000000000000000, 1.000000000000000000 ) ;
#6088 = LINE ( 'NONE', #3032, #585 ) ;
#6089 = ADVANCED_FACE ( 'NONE', ( #7875 ), #2418, .F. ) ;
#6090 = VERTEX_POINT ( 'NONE', #4639 ) ;
#6091 = AXIS2_PLACEMENT_3D ( 'NONE', #2993, #9076, #3122 ) ;
#6092 = EDGE_CURVE ( 'NONE', #9383, #5198, #5423, .T. ) ;
#6093 = EDGE_CURVE ( 'NONE', #618, #2339, #8112, .T. ) ;
#6094 = FACE_OUTER_BOUND ( 'NONE', #4986, .T. ) ;
#6095 = VERTEX_POINT ( 'NONE', #3868 ) ;
#6096 = CARTESIAN_POINT ( 'NONE',  ( 1.740000000000000000, -1.358224066074082300, 0.2030000000000000100 ) ) ;
#6097 = VECTOR ( 'NONE', #1001, 1000.000000000000000 ) ;
#6098 = ORIENTED_EDGE ( 'NONE', *, *, #3615, .F. ) ;
#6099 = CARTESIAN_POINT ( 'NONE',  ( -1.141999999999999900, 1.875000000000000000, 0.0000000000000000000 ) ) ;
#6100 = ORIENTED_EDGE ( 'NONE', *, *, #837, .F. ) ;
#6101 = VECTOR ( 'NONE', #7649, 1000.000000000000000 ) ;
#6102 = EDGE_CURVE ( 'NONE', #8742, #3134, #2175, .T. ) ;
#6103 = EDGE_CURVE ( 'NONE', #4024, #7895, #2287, .T. ) ;
#6104 = CARTESIAN_POINT ( 'NONE',  ( 1.712530996695474900, -0.1000137500639230600, 0.2030000000000000100 ) ) ;
#6105 = FACE_OUTER_BOUND ( 'NONE', #8710, .T. ) ;
#6106 = VERTEX_POINT ( 'NONE', #6865 ) ;
#6107 = LINE ( 'NONE', #6598, #4118 ) ;
#6108 = ORIENTED_EDGE ( 'NONE', *, *, #6000, .F. ) ;
#6109 = VECTOR ( 'NONE', #6895, 1000.000000000000000 ) ;
#6110 = EDGE_CURVE ( 'NONE', #6549, #2153, #4139, .T. ) ;
#6111 = DIRECTION ( 'NONE',  ( -0.0000000000000000000, -0.0000000000000000000, -1.000000000000000000 ) ) ;
#6112 = AXIS2_PLACEMENT_3D ( 'NONE', #3096, #3000, #8279 ) ;
#6113 = MECHANICAL_DESIGN_GEOMETRIC_PRESENTATION_REPRESENTATION (  '', ( #6743 ), #6423 ) ;
#6114 = DIRECTION ( 'NONE',  ( -0.0000000000000000000, -0.0000000000000000000, -1.000000000000000000 ) ) ;
#6115 = ORIENTED_EDGE ( 'NONE', *, *, #8520, .T. ) ;
#6116 = DIRECTION ( 'NONE',  ( 1.000000000000000000, 0.0000000000000000000, -0.0000000000000000000 ) ) ;
#6117 = ADVANCED_FACE ( 'NONE', ( #2520 ), #4493, .T. ) ;
#6118 = ORIENTED_EDGE ( 'NONE', *, *, #2542, .T. ) ;
#6119 = CYLINDRICAL_SURFACE ( 'NONE', #7652, 0.02499998132312751500 ) ;
#6120 = DIRECTION ( 'NONE',  ( -1.000000000000000000, 0.0000000000000000000, 0.0000000000000000000 ) ) ;
#6121 = ORIENTED_EDGE ( 'NONE', *, *, #7183, .T. ) ;
#6122 = EDGE_CURVE ( 'NONE', #7044, #6407, #6243, .T. ) ;
#6123 = DIRECTION ( 'NONE',  ( -1.000000000000000000, 0.0000000000000000000, 0.0000000000000000000 ) ) ;
#6124 = AXIS2_PLACEMENT_3D ( 'NONE', #6145, #6885, #7631 ) ;
#6125 = DIRECTION ( 'NONE',  ( 1.000000000000000000, 0.0000000000000000000, 0.0000000000000000000 ) ) ;
#6126 = EDGE_LOOP ( 'NONE', ( #9253, #836, #6041, #9582, #416, #8359 ) ) ;
#6127 = ADVANCED_FACE ( 'NONE', ( #3326 ), #6015, .T. ) ;
#6128 = VECTOR ( 'NONE', #4501, 1000.000000000000000 ) ;
#6129 = VERTEX_POINT ( 'NONE', #8215 ) ;
#6130 =( NAMED_UNIT ( * ) PLANE_ANGLE_UNIT ( ) SI_UNIT ( $, .RADIAN. ) );
#6131 = FILL_AREA_STYLE ('',( #4629 ) ) ;
#6132 = ORIENTED_EDGE ( 'NONE', *, *, #1821, .T. ) ;
#6133 = DIRECTION ( 'NONE',  ( -1.000000000000000000, 0.0000000000000000000, 0.0000000000000000000 ) ) ;
#6134 = CARTESIAN_POINT ( 'NONE',  ( -0.1999999252924816500, -0.5999999252924815800, 0.04999999999999999600 ) ) ;
#6135 = LINE ( 'NONE', #513, #5565 ) ;
#6136 = CARTESIAN_POINT ( 'NONE',  ( -0.1749999999999999900, 1.325000000000000000, 0.04999999999999999600 ) ) ;
#6137 = SURFACE_STYLE_FILL_AREA ( #2980 ) ;
#6138 = AXIS2_PLACEMENT_3D ( 'NONE', #9151, #5415, #4630 ) ;
#6139 = VERTEX_POINT ( 'NONE', #2403 ) ;
#6140 = EDGE_CURVE ( 'NONE', #1415, #3776, #6023, .T. ) ;
#6141 = ORIENTED_EDGE ( 'NONE', *, *, #57, .F. ) ;
#6142 = VERTEX_POINT ( 'NONE', #857 ) ;
#6143 = DIRECTION ( 'NONE',  ( 1.000000000000000000, 0.0000000000000000000, 0.0000000000000000000 ) ) ;
#6144 = CYLINDRICAL_SURFACE ( 'NONE', #3757, 0.04998625954667008900 ) ;
#6145 = CARTESIAN_POINT ( 'NONE',  ( -0.6750566836383621300, 1.374986044749599200, 0.2030000000000000100 ) ) ;
#6146 = CARTESIAN_POINT ( 'NONE',  ( -1.125000000000000200, 1.500000000000000000, 0.04999999999999999600 ) ) ;
#6147 = SURFACE_SIDE_STYLE ('',( #3936 ) ) ;
#6148 = VERTEX_POINT ( 'NONE', #2343 ) ;
#6149 = CARTESIAN_POINT ( 'NONE',  ( 0.5500000000000000400, 0.0000000000000000000, 0.05000000000000000300 ) ) ;
#6150 = VERTEX_POINT ( 'NONE', #9047 ) ;
#6151 = ORIENTED_EDGE ( 'NONE', *, *, #7854, .F. ) ;
#6152 = STYLED_ITEM ( 'NONE', ( #5067 ), #6664 ) ;
#6153 = EDGE_CURVE ( 'NONE', #5988, #5665, #7993, .T. ) ;
#6154 = DIRECTION ( 'NONE',  ( -0.0000000000000000000, -0.0000000000000000000, -1.000000000000000000 ) ) ;
#6155 = PLANE ( 'NONE',  #9038 ) ;
#6156 = CARTESIAN_POINT ( 'NONE',  ( 0.6332240660740823300, 1.865000000000000200, 0.2030000000000000100 ) ) ;
#6157 = ORIENTED_EDGE ( 'NONE', *, *, #3020, .T. ) ;
#6158 = VERTEX_POINT ( 'NONE', #7608 ) ;
#6159 = DIRECTION ( 'NONE',  ( -1.000000000000000000, 0.0000000000000000000, 0.0000000000000000000 ) ) ;
#6160 = VECTOR ( 'NONE', #5211, 1000.000000000000000 ) ;
#6161 = CARTESIAN_POINT ( 'NONE',  ( -0.5500000000000000400, -1.399999999999999900, 0.04999999999999999600 ) ) ;
#6162 = CARTESIAN_POINT ( 'NONE',  ( 1.516712871522855500, -1.865000000000000200, 0.04999999999999999600 ) ) ;
#6163 = CARTESIAN_POINT ( 'NONE',  ( 0.2667128715228555500, -1.865000000000000200, 0.2030000000000000100 ) ) ;
#6164 = DIRECTION ( 'NONE',  ( -1.000000000000000000, 0.0000000000000000000, 0.0000000000000000000 ) ) ;
#6165 = CARTESIAN_POINT ( 'NONE',  ( 1.712530996695474900, 0.5250137500639231500, 0.2030000000000000100 ) ) ;
#6166 = EDGE_CURVE ( 'NONE', #9300, #9321, #4017, .T. ) ;
#6167 = ORIENTED_EDGE ( 'NONE', *, *, #3788, .F. ) ;
#6168 = AXIS2_PLACEMENT_3D ( 'NONE', #2513, #3259, #116 ) ;
#6169 = ORIENTED_EDGE ( 'NONE', *, *, #4161, .T. ) ;
#6170 = VECTOR ( 'NONE', #9672, 1000.000000000000100 ) ;
#6171 = VECTOR ( 'NONE', #8790, 1000.000000000000000 ) ;
#6172 = VERTEX_POINT ( 'NONE', #295 ) ;
#6173 = ADVANCED_FACE ( 'NONE', ( #2049 ), #1817, .T. ) ;
#6174 = CARTESIAN_POINT ( 'NONE',  ( -0.6750362499360769200, 1.837420233362311800, 0.2030000000000000100 ) ) ;
#6175 = FACE_OUTER_BOUND ( 'NONE', #2902, .T. ) ;
#6176 = PLANE ( 'NONE',  #4474 ) ;
#6177 = ORIENTED_EDGE ( 'NONE', *, *, #2642, .T. ) ;
#6178 = LINE ( 'NONE', #7395, #4660 ) ;
#6179 = EDGE_CURVE ( 'NONE', #168, #2285, #7180, .T. ) ;
#6180 = LINE ( 'NONE', #3322, #2673 ) ;
#6181 = CARTESIAN_POINT ( 'NONE',  ( -1.588079297753362200, 1.546851659654180400, 0.8000000000000000400 ) ) ;
#6182 = EDGE_CURVE ( 'NONE', #8177, #6898, #9258, .T. ) ;
#6183 = CIRCLE ( 'NONE', #5244, 0.04998625954667031100 ) ;
#6184 = AXIS2_PLACEMENT_3D ( 'NONE', #8621, #2019, #7231 ) ;
#6185 = AXIS2_PLACEMENT_3D ( 'NONE', #3588, #5935, #3673 ) ;
#6186 = VERTEX_POINT ( 'NONE', #1059 ) ;
#6187 = ORIENTED_EDGE ( 'NONE', *, *, #8859, .F. ) ;
#6188 = DIRECTION ( 'NONE',  ( -1.000000000000000000, 0.0000000000000000000, 0.0000000000000000000 ) ) ;
#6189 = VECTOR ( 'NONE', #2766, 1000.000000000000000 ) ;
#6190 = CARTESIAN_POINT ( 'NONE',  ( -0.2596239155999999800, 0.1766074065000000100, 0.8008000000000000700 ) ) ;
#6191 = CARTESIAN_POINT ( 'NONE',  ( 0.0000000000000000000, 0.0000000000000000000, 0.0000000000000000000 ) ) ;
#6192 = FACE_OUTER_BOUND ( 'NONE', #4815, .T. ) ;
#6193 = ORIENTED_EDGE ( 'NONE', *, *, #6888, .T. ) ;
#6194 = CARTESIAN_POINT ( 'NONE',  ( -0.1721671182000000000, -0.1856274672000000100, 0.8009000000000000600 ) ) ;
#6195 =( NAMED_UNIT ( * ) PLANE_ANGLE_UNIT ( ) SI_UNIT ( $, .RADIAN. ) );
#6196 =( GEOMETRIC_REPRESENTATION_CONTEXT ( 3 ) GLOBAL_UNCERTAINTY_ASSIGNED_CONTEXT ( ( #7306 ) ) GLOBAL_UNIT_ASSIGNED_CONTEXT ( ( #8445, #2480, #7710 ) ) REPRESENTATION_CONTEXT ( 'NONE', 'WORKASPACE' ) );
#6197 = CARTESIAN_POINT ( 'NONE',  ( -0.2250137500639230700, -1.837530996695474500, 0.2030000000000000100 ) ) ;
#6198 = ORIENTED_EDGE ( 'NONE', *, *, #9450, .F. ) ;
#6199 = DIRECTION ( 'NONE',  ( 1.000000000000000000, 0.0000000000000000000, 0.0000000000000000000 ) ) ;
#6200 = LINE ( 'NONE', #7865, #4577 ) ;
#6201 = DIRECTION ( 'NONE',  ( 0.0000000000000000000, -0.0000000000000000000, -1.000000000000000000 ) ) ;
#6202 = DIRECTION ( 'NONE',  ( -0.0000000000000000000, -0.0000000000000000000, -1.000000000000000000 ) ) ;
#6203 = CARTESIAN_POINT ( 'NONE',  ( 0.0000000000000000000, -0.1856274672000000100, 0.8009000000000000600 ) ) ;
#6204 = LINE ( 'NONE', #1047, #7016 ) ;
#6205 = LINE ( 'NONE', #4408, #4215 ) ;
#6206 = DIRECTION ( 'NONE',  ( -0.0000000000000000000, -0.0000000000000000000, -1.000000000000000000 ) ) ;
#6207 = ORIENTED_EDGE ( 'NONE', *, *, #3665, .T. ) ;
#6208 = VERTEX_POINT ( 'NONE', #4790 ) ;
#6209 = LINE ( 'NONE', #4949, #7140 ) ;
#6210 = CARTESIAN_POINT ( 'NONE',  ( 1.712500000000000100, 0.05000000000000000300, 0.2030000000000000100 ) ) ;
#6211 = DIRECTION ( 'NONE',  ( 1.000000000000000000, 0.0000000000000000000, 0.0000000000000000000 ) ) ;
#6212 = CARTESIAN_POINT ( 'NONE',  ( -0.6250000000000001100, 1.500000000000000000, 0.04999999999999999600 ) ) ;
#6213 = LINE ( 'NONE', #6659, #8996 ) ;
#6214 = ORIENTED_EDGE ( 'NONE', *, *, #1910, .T. ) ;
#6215 = CARTESIAN_POINT ( 'NONE',  ( -1.750000000000000000, -0.1331000000000000000, 0.2030000000000000100 ) ) ;
#6216 = AXIS2_PLACEMENT_3D ( 'NONE', #7228, #8042, #8784 ) ;
#6217 = DIRECTION ( 'NONE',  ( 1.000000000000000000, 0.0000000000000000000, 0.0000000000000000000 ) ) ;
#6218 = EDGE_CURVE ( 'NONE', #6754, #5177, #9507, .T. ) ;
#6219 = DIRECTION ( 'NONE',  ( 0.0000000000000000000, -1.000000000000000000, 0.0000000000000000000 ) ) ;
#6220 = CARTESIAN_POINT ( 'NONE',  ( 0.2249637500639230800, -1.837420233362311800, 0.2030000000000000100 ) ) ;
#6221 = ORIENTED_EDGE ( 'NONE', *, *, #824, .F. ) ;
#6222 = ORIENTED_EDGE ( 'NONE', *, *, #7183, .F. ) ;
#6223 = CYLINDRICAL_SURFACE ( 'NONE', #944, 0.05003631351710528100 ) ;
#6224 = CARTESIAN_POINT ( 'NONE',  ( -0.2596239155999999800, 0.1766074065000000100, 0.8009000000000000600 ) ) ;
#6225 = CARTESIAN_POINT ( 'NONE',  ( -0.5999999999999999800, -0.1499999999999999900, 0.0000000000000000000 ) ) ;
#6226 = ADVANCED_FACE ( 'NONE', ( #980 ), #8399, .F. ) ;
#6227 = AXIS2_PLACEMENT_3D ( 'NONE', #8907, #838, #5969 ) ;
#6228 = DIRECTION ( 'NONE',  ( 0.0000000000000000000, -1.000000000000000000, 0.0000000000000000000 ) ) ;
#6229 = ORIENTED_EDGE ( 'NONE', *, *, #4554, .T. ) ;
#6230 = EDGE_CURVE ( 'NONE', #8953, #3585, #5074, .T. ) ;
#6231 = VECTOR ( 'NONE', #101, 1000.000000000000000 ) ;
#6232 = VERTEX_POINT ( 'NONE', #6225 ) ;
#6233 = DIRECTION ( 'NONE',  ( -0.0000000000000000000, -0.0000000000000000000, -1.000000000000000000 ) ) ;
#6234 = LINE ( 'NONE', #5578, #7636 ) ;
#6235 = DIRECTION ( 'NONE',  ( -0.0000000000000000000, -0.0000000000000000000, -1.000000000000000000 ) ) ;
#6236 = CARTESIAN_POINT ( 'NONE',  ( -1.740000000000000000, -1.865000000000000200, 0.2029999999999999600 ) ) ;
#6237 = VERTEX_POINT ( 'NONE', #1761 ) ;
#6238 = CIRCLE ( 'NONE', #9648, 0.04998607688890758400 ) ;
#6239 = ADVANCED_FACE ( 'NONE', ( #9143 ), #2505, .T. ) ;
#6240 = ORIENTED_EDGE ( 'NONE', *, *, #541, .F. ) ;
#6241 = CYLINDRICAL_SURFACE ( 'NONE', #8009, 0.05003631351710522600 ) ;
#6242 = DIRECTION ( 'NONE',  ( 1.000000000000000000, 0.0000000000000000000, 0.0000000000000000000 ) ) ;
#6243 = LINE ( 'NONE', #1636, #8449 ) ;
#6244 = AXIS2_PLACEMENT_3D ( 'NONE', #616, #7482, #2939 ) ;
#6245 = CARTESIAN_POINT ( 'NONE',  ( 0.1999999252924816500, -0.5999999252924815800, 0.2030000000000000100 ) ) ;
#6246 = MECHANICAL_DESIGN_GEOMETRIC_PRESENTATION_REPRESENTATION (  '', ( #7750 ), #4432 ) ;
#6247 = SURFACE_STYLE_USAGE ( .BOTH. , #1009 ) ;
#6248 = CARTESIAN_POINT ( 'NONE',  ( 0.2580000000000000600, -1.875000000000000000, 0.2030000000000000100 ) ) ;
#6249 = ORIENTED_EDGE ( 'NONE', *, *, #2629, .T. ) ;
#6250 = CARTESIAN_POINT ( 'NONE',  ( 0.2249637500639230800, -1.837420233362311800, 0.0000000000000000000 ) ) ;
#6251 = VERTEX_POINT ( 'NONE', #930 ) ;
#6252 = EDGE_CURVE ( 'NONE', #7635, #1054, #49, .T. ) ;
#6253 = CARTESIAN_POINT ( 'NONE',  ( 0.5999999626462408900, 3.735375921879065300E-008, 0.2030000000000000100 ) ) ;
#6254 = DIRECTION ( 'NONE',  ( -0.0000000000000000000, 0.0000000000000000000, 1.000000000000000000 ) ) ;
#6255 = ORIENTED_EDGE ( 'NONE', *, *, #1674, .T. ) ;
#6256 = MECHANICAL_DESIGN_GEOMETRIC_PRESENTATION_REPRESENTATION (  '', ( #1895 ), #2879 ) ;
#6257 = CARTESIAN_POINT ( 'NONE',  ( -1.224999981323120500, 0.3499999813231205500, 0.04999999999999999600 ) ) ;
#6258 = ORIENTED_EDGE ( 'NONE', *, *, #7256, .T. ) ;
#6259 = CYLINDRICAL_SURFACE ( 'NONE', #361, 0.04998625954667031100 ) ;
#6260 = DIRECTION ( 'NONE',  ( -1.000000000000000000, 0.0000000000000000000, 0.0000000000000000000 ) ) ;
#6261 = LINE ( 'NONE', #2350, #4726 ) ;
#6262 = DIRECTION ( 'NONE',  ( 0.0000000000000000000, -1.000000000000000000, 0.0000000000000000000 ) ) ;
#6263 = CARTESIAN_POINT ( 'NONE',  ( 0.1419000000000000000, 1.875000000000000000, 0.2030000000000000100 ) ) ;
#6264 = SURFACE_SIDE_STYLE ('',( #4871 ) ) ;
#6265 = CARTESIAN_POINT ( 'NONE',  ( -0.0000000000000000000, -1.350000000000000100, 0.0000000000000000000 ) ) ;
#6266 = ORIENTED_EDGE ( 'NONE', *, *, #1338, .T. ) ;
#6267 = CARTESIAN_POINT ( 'NONE',  ( -1.125000000000000200, -1.837499999999999900, 0.04999999999999999600 ) ) ;
#6268 = ORIENTED_EDGE ( 'NONE', *, *, #1087, .F. ) ;
#6269 = EDGE_LOOP ( 'NONE', ( #61, #7889, #3372, #3048 ) ) ;
#6270 = LINE ( 'NONE', #6873, #7444 ) ;
#6271 =( GEOMETRIC_REPRESENTATION_CONTEXT ( 3 ) GLOBAL_UNCERTAINTY_ASSIGNED_CONTEXT ( ( #1068 ) ) GLOBAL_UNIT_ASSIGNED_CONTEXT ( ( #5783, #7275, #2793 ) ) REPRESENTATION_CONTEXT ( 'NONE', 'WORKASPACE' ) );
#6272 = EDGE_CURVE ( 'NONE', #9311, #8980, #2507, .T. ) ;
#6273 = ADVANCED_FACE ( 'NONE', ( #1346 ), #8921, .T. ) ;
#6274 = DIRECTION ( 'NONE',  ( 1.000000000000000000, 0.0000000000000000000, 0.0000000000000000000 ) ) ;
#6275 = CARTESIAN_POINT ( 'NONE',  ( 0.0000000000000000000, -0.8499999999999999800, 0.05000000000000000300 ) ) ;
#6276 = VERTEX_POINT ( 'NONE', #3965 ) ;
#6277 = VERTEX_POINT ( 'NONE', #169 ) ;
#6278 = CARTESIAN_POINT ( 'NONE',  ( 0.1000000000000000100, -0.0000000000000000000, 0.05000000000000000300 ) ) ;
#6279 = CIRCLE ( 'NONE', #9626, 0.04303825244739682700 ) ;
#6280 = FACE_OUTER_BOUND ( 'NONE', #4859, .T. ) ;
#6281 = DIRECTION ( 'NONE',  ( -1.000000000000000000, 0.0000000000000000000, 0.0000000000000000000 ) ) ;
#6282 = AXIS2_PLACEMENT_3D ( 'NONE', #4206, #7181, #5025 ) ;
#6283 = ORIENTED_EDGE ( 'NONE', *, *, #3039, .F. ) ;
#6284 = ORIENTED_EDGE ( 'NONE', *, *, #8417, .F. ) ;
#6285 = EDGE_CURVE ( 'NONE', #7602, #6595, #5546, .T. ) ;
#6286 = EDGE_CURVE ( 'NONE', #3431, #4775, #5790, .T. ) ;
#6287 = CIRCLE ( 'NONE', #8123, 0.1015999999999996500 ) ;
#6288 = CARTESIAN_POINT ( 'NONE',  ( -1.508100000000000000, 1.875000000000000000, 0.0000000000000000000 ) ) ;
#6289 = DIRECTION ( 'NONE',  ( 0.4852412748397460000, 0.8743802978063367500, 0.0000000000000000000 ) ) ;
#6290 = DIRECTION ( 'NONE',  ( -0.0000000000000000000, 0.0000000000000000000, 1.000000000000000000 ) ) ;
#6291 = CARTESIAN_POINT ( 'NONE',  ( 1.750000000000000000, 1.058100000000000000, 0.0000000000000000000 ) ) ;
#6292 = ORIENTED_EDGE ( 'NONE', *, *, #2956, .F. ) ;
#6293 = VERTEX_POINT ( 'NONE', #961 ) ;
#6294 = CARTESIAN_POINT ( 'NONE',  ( -0.1262164619908044400, 0.0001023653381920579900, 0.2030000000000000100 ) ) ;
#6295 = CARTESIAN_POINT ( 'NONE',  ( -0.5500000000000000400, 0.0000000000000000000, 0.05000000000000000300 ) ) ;
#6296 = COLOUR_RGB ( '',1.000000000000000000, 1.000000000000000000, 1.000000000000000000 ) ;
#6297 = DIRECTION ( 'NONE',  ( 1.000000000000000000, 0.0000000000000000000, 0.0000000000000000000 ) ) ;
#6298 = EDGE_CURVE ( 'NONE', #369, #3008, #5303, .T. ) ;
#6299 = AXIS2_PLACEMENT_3D ( 'NONE', #4608, #2387, #9128 ) ;
#6300 =( GEOMETRIC_REPRESENTATION_CONTEXT ( 3 ) GLOBAL_UNCERTAINTY_ASSIGNED_CONTEXT ( ( #3042 ) ) GLOBAL_UNIT_ASSIGNED_CONTEXT ( ( #7143, #6385, #7954 ) ) REPRESENTATION_CONTEXT ( 'NONE', 'WORKASPACE' ) );
#6301 = VERTEX_POINT ( 'NONE', #4754 ) ;
#6302 = VERTEX_POINT ( 'NONE', #268 ) ;
#6303 = LINE ( 'NONE', #2267, #7003 ) ;
#6304 = LINE ( 'NONE', #8020, #3035 ) ;
#6305 = ORIENTED_EDGE ( 'NONE', *, *, #477, .T. ) ;
#6306 = DIRECTION ( 'NONE',  ( -0.0000000000000000000, 0.0000000000000000000, 1.000000000000000000 ) ) ;
#6307 = DIRECTION ( 'NONE',  ( 0.0000000000000000000, 0.0000000000000000000, 1.000000000000000000 ) ) ;
#6308 = DIRECTION ( 'NONE',  ( -0.0000000000000000000, 0.0000000000000000000, 1.000000000000000000 ) ) ;
#6309 = DIRECTION ( 'NONE',  ( 0.0000000000000000000, -0.0000000000000000000, 1.000000000000000000 ) ) ;
#6310 = VERTEX_POINT ( 'NONE', #5504 ) ;
#6311 = ORIENTED_EDGE ( 'NONE', *, *, #2542, .F. ) ;
#6312 = EDGE_CURVE ( 'NONE', #6148, #174, #3444, .T. ) ;
#6313 = CARTESIAN_POINT ( 'NONE',  ( 1.740000000000000000, -1.865000000000000200, 0.05000000000000000300 ) ) ;
#6314 = LINE ( 'NONE', #9286, #2124 ) ;
#6315 = AXIS2_PLACEMENT_3D ( 'NONE', #2843, #5864, #7360 ) ;
#6316 = LINE ( 'NONE', #8036, #4325 ) ;
#6317 = FILL_AREA_STYLE_COLOUR ( '', #2662 ) ;
#6318 = DIRECTION ( 'NONE',  ( 1.000000000000000000, 0.0000000000000000000, 0.0000000000000000000 ) ) ;
#6319 = DIRECTION ( 'NONE',  ( 1.000000000000000000, 0.0000000000000000000, 0.0000000000000000000 ) ) ;
#6320 = ORIENTED_EDGE ( 'NONE', *, *, #8069, .F. ) ;
#6321 = ADVANCED_FACE ( 'NONE', ( #4252 ), #1860, .F. ) ;
#6322 = FACE_OUTER_BOUND ( 'NONE', #9035, .T. ) ;
#6323 = LINE ( 'NONE', #6591, #2137 ) ;
#6324 = DIRECTION ( 'NONE',  ( 0.0000000000000000000, -0.0000000000000000000, -1.000000000000000000 ) ) ;
#6325 = ORIENTED_EDGE ( 'NONE', *, *, #7556, .T. ) ;
#6326 = PRESENTATION_LAYER_ASSIGNMENT (  '', '', ( #8819 ) ) ;
#6327 = CARTESIAN_POINT ( 'NONE',  ( 1.524999999999999900, 1.625000000000000200, 0.04999999999999999600 ) ) ;
#6328 = DIRECTION ( 'NONE',  ( 0.0000000000000000000, -0.0000000000000000000, 1.000000000000000000 ) ) ;
#6329 = CARTESIAN_POINT ( 'NONE',  ( -1.750000000000000000, 0.3418999999999999800, 0.2030000000000000100 ) ) ;
#6330 = EDGE_CURVE ( 'NONE', #5132, #4575, #2281, .T. ) ;
#6331 = ORIENTED_EDGE ( 'NONE', *, *, #4009, .T. ) ;
#6332 = DIRECTION ( 'NONE',  ( 1.000000000000000000, 0.0000000000000000000, 0.0000000000000000000 ) ) ;
#6333 = SURFACE_STYLE_FILL_AREA ( #5197 ) ;
#6334 = ORIENTED_EDGE ( 'NONE', *, *, #6063, .F. ) ;
#6335 = LINE ( 'NONE', #9375, #8083 ) ;
#6336 = DIRECTION ( 'NONE',  ( 1.000000000000000000, 0.0000000000000000000, 0.0000000000000000000 ) ) ;
#6337 = ORIENTED_EDGE ( 'NONE', *, *, #9542, .F. ) ;
#6338 =( NAMED_UNIT ( * ) SI_UNIT ( $, .STERADIAN. ) SOLID_ANGLE_UNIT ( ) );
#6339 = ORIENTED_EDGE ( 'NONE', *, *, #8821, .T. ) ;
#6340 = AXIS2_PLACEMENT_3D ( 'NONE', #846, #2391, #7632 ) ;
#6341 = DIRECTION ( 'NONE',  ( 0.0000000000000000000, -1.000000000000000000, 0.0000000000000000000 ) ) ;
#6342 = LINE ( 'NONE', #9630, #1448 ) ;
#6343 = EDGE_CURVE ( 'NONE', #5856, #2610, #8802, .T. ) ;
#6344 = VERTEX_POINT ( 'NONE', #9306 ) ;
#6345 = ORIENTED_EDGE ( 'NONE', *, *, #8098, .F. ) ;
#6346 = EDGE_CURVE ( 'NONE', #760, #7411, #1098, .T. ) ;
#6347 = PLANE ( 'NONE',  #8224 ) ;
#6348 = FACE_OUTER_BOUND ( 'NONE', #4285, .T. ) ;
#6349 = CARTESIAN_POINT ( 'NONE',  ( 0.5500000000000000400, 0.0000000000000000000, 0.0000000000000000000 ) ) ;
#6350 = PRESENTATION_STYLE_ASSIGNMENT (( #5844 ) ) ;
#6351 = DIRECTION ( 'NONE',  ( -0.0000000000000000000, -0.0000000000000000000, -1.000000000000000000 ) ) ;
#6352 = ORIENTED_EDGE ( 'NONE', *, *, #276, .T. ) ;
#6353 = CARTESIAN_POINT ( 'NONE',  ( 0.0000000000000000000, -1.700000000000000000, 0.05000000000000000300 ) ) ;
#6354 = CARTESIAN_POINT ( 'NONE',  ( -0.1228558884447634600, 0.1356073488154271600, 0.8008000000000000700 ) ) ;
#6355 = ORIENTED_EDGE ( 'NONE', *, *, #945, .F. ) ;
#6356 = LINE ( 'NONE', #75, #967 ) ;
#6357 = DIRECTION ( 'NONE',  ( -0.0000000000000000000, -0.0000000000000000000, -1.000000000000000000 ) ) ;
#6358 = EDGE_CURVE ( 'NONE', #4732, #3224, #3794, .T. ) ;
#6359 = STYLED_ITEM ( 'NONE', ( #7837 ), #1023 ) ;
#6360 = ORIENTED_EDGE ( 'NONE', *, *, #9168, .T. ) ;
#6361 = ORIENTED_EDGE ( 'NONE', *, *, #5944, .T. ) ;
#6362 = SURFACE_SIDE_STYLE ('',( #8808 ) ) ;
#6363 = ORIENTED_EDGE ( 'NONE', *, *, #8669, .F. ) ;
#6364 = ADVANCED_FACE ( 'NONE', ( #3572 ), #6381, .F. ) ;
#6365 = ORIENTED_EDGE ( 'NONE', *, *, #8179, .T. ) ;
#6366 = EDGE_CURVE ( 'NONE', #7138, #5957, #1584, .T. ) ;
#6367 = CARTESIAN_POINT ( 'NONE',  ( 0.2750000000000000200, -1.200000000000000000, 0.2030000000000000100 ) ) ;
#6368 = STYLED_ITEM ( 'NONE', ( #5501 ), #1927 ) ;
#6369 = CARTESIAN_POINT ( 'NONE',  ( -1.475013750063923100, 1.837530996695474700, 0.2030000000000000100 ) ) ;
#6370 = ORIENTED_EDGE ( 'NONE', *, *, #4350, .F. ) ;
#6371 = LINE ( 'NONE', #7748, #2182 ) ;
#6372 = PLANE ( 'NONE',  #7816 ) ;
#6373 = CIRCLE ( 'NONE', #4527, 0.04998625954667031100 ) ;
#6374 =( NAMED_UNIT ( * ) SI_UNIT ( $, .STERADIAN. ) SOLID_ANGLE_UNIT ( ) );
#6375 = CARTESIAN_POINT ( 'NONE',  ( -1.712500000000000100, -1.350000000000000100, 0.0000000000000000000 ) ) ;
#6376 = ORIENTED_EDGE ( 'NONE', *, *, #4648, .T. ) ;
#6377 = DIRECTION ( 'NONE',  ( 0.0000000000000000000, 0.0000000000000000000, 1.000000000000000000 ) ) ;
#6378 = ORIENTED_EDGE ( 'NONE', *, *, #4093, .F. ) ;
#6379 = VECTOR ( 'NONE', #1684, 1000.000000000000000 ) ;
#6380 = DIRECTION ( 'NONE',  ( 1.000000000000000000, 0.0000000000000000000, 0.0000000000000000000 ) ) ;
#6381 = PLANE ( 'NONE',  #8639 ) ;
#6382 = ORIENTED_EDGE ( 'NONE', *, *, #8520, .F. ) ;
#6383 = ORIENTED_EDGE ( 'NONE', *, *, #4442, .F. ) ;
#6384 = CARTESIAN_POINT ( 'NONE',  ( 1.712500000000000100, 0.3250000000000000700, 0.0000000000000000000 ) ) ;
#6385 =( NAMED_UNIT ( * ) PLANE_ANGLE_UNIT ( ) SI_UNIT ( $, .RADIAN. ) );
#6386 = LINE ( 'NONE', #7207, #176 ) ;
#6387 = LINE ( 'NONE', #8681, #1851 ) ;
#6388 = CARTESIAN_POINT ( 'NONE',  ( -1.750000000000000000, 0.0000000000000000000, 0.2030000000000000100 ) ) ;
#6389 = FILL_AREA_STYLE_COLOUR ( '', #3771 ) ;
#6390 = FILL_AREA_STYLE_COLOUR ( '', #2172 ) ;
#6391 = VERTEX_POINT ( 'NONE', #1896 ) ;
#6392 = ORIENTED_EDGE ( 'NONE', *, *, #3959, .T. ) ;
#6393 = AXIS2_PLACEMENT_3D ( 'NONE', #362, #1925, #5614 ) ;
#6394 = LINE ( 'NONE', #6215, #85 ) ;
#6395 = EDGE_CURVE ( 'NONE', #3686, #4849, #5196, .T. ) ;
#6396 = VERTEX_POINT ( 'NONE', #1129 ) ;
#6397 = CARTESIAN_POINT ( 'NONE',  ( 0.03492653341770490100, 0.01904975510653464700, 0.8009000000000000600 ) ) ;
#6398 = FILL_AREA_STYLE_COLOUR ( '', #8812 ) ;
#6399 = VERTEX_POINT ( 'NONE', #6354 ) ;
#6400 = ORIENTED_EDGE ( 'NONE', *, *, #1691, .F. ) ;
#6401 = SURFACE_SIDE_STYLE ('',( #7376 ) ) ;
#6402 = LINE ( 'NONE', #1957, #3946 ) ;
#6403 = MECHANICAL_DESIGN_GEOMETRIC_PRESENTATION_REPRESENTATION (  '', ( #8588 ), #1423 ) ;
#6404 = EDGE_CURVE ( 'NONE', #1764, #7235, #2972, .T. ) ;
#6405 = ORIENTED_EDGE ( 'NONE', *, *, #4025, .F. ) ;
#6406 = EDGE_CURVE ( 'NONE', #5418, #3819, #4723, .T. ) ;
#6407 = VERTEX_POINT ( 'NONE', #7879 ) ;
#6408 = DIRECTION ( 'NONE',  ( 1.000000000000000000, 0.0000000000000000000, 0.0000000000000000000 ) ) ;
#6409 = DIRECTION ( 'NONE',  ( 0.0000000000000000000, -0.0000000000000000000, 1.000000000000000000 ) ) ;
#6410 = COLOUR_RGB ( '',0.0000000000000000000, 1.000000000000000000, 1.000000000000000000 ) ;
#6411 = ADVANCED_FACE ( 'NONE', ( #1471 ), #7292, .T. ) ;
#6412 = FACE_OUTER_BOUND ( 'NONE', #8114, .T. ) ;
#6413 = DIRECTION ( 'NONE',  ( 0.0000000000000000000, 1.000000000000000000, -0.0000000000000000000 ) ) ;
#6414 = PLANE ( 'NONE',  #1744 ) ;
#6415 = ORIENTED_EDGE ( 'NONE', *, *, #1662, .F. ) ;
#6416 = CARTESIAN_POINT ( 'NONE',  ( 1.740000000000000000, 1.865000000000000200, 0.05000000000000000300 ) ) ;
#6417 = CARTESIAN_POINT ( 'NONE',  ( 0.1000000000000000100, -1.600000000000000100, 0.0000000000000000000 ) ) ;
#6418 = CARTESIAN_POINT ( 'NONE',  ( -1.712500000000000100, -0.1499999999999999100, 0.04999999999999999600 ) ) ;
#6419 = VECTOR ( 'NONE', #9523, 1000.000000000000000 ) ;
#6420 = EDGE_CURVE ( 'NONE', #3634, #6573, #8223, .T. ) ;
#6421 = ORIENTED_EDGE ( 'NONE', *, *, #3178, .F. ) ;
#6422 = AXIS2_PLACEMENT_3D ( 'NONE', #3437, #5030, #2069 ) ;
#6423 =( GEOMETRIC_REPRESENTATION_CONTEXT ( 3 ) GLOBAL_UNCERTAINTY_ASSIGNED_CONTEXT ( ( #5810 ) ) GLOBAL_UNIT_ASSIGNED_CONTEXT ( ( #7941, #3413, #8708 ) ) REPRESENTATION_CONTEXT ( 'NONE', 'WORKASPACE' ) );
#6424 = CIRCLE ( 'NONE', #7683, 0.04998607688890748000 ) ;
#6425 = DIRECTION ( 'NONE',  ( 0.0000000000000000000, -0.0000000000000000000, 1.000000000000000000 ) ) ;
#6426 = CARTESIAN_POINT ( 'NONE',  ( -1.740000000000000000, 1.865000000000000200, 0.05000000000000000300 ) ) ;
#6427 = VECTOR ( 'NONE', #6991, 1000.000000000000000 ) ;
#6428 = PRESENTATION_STYLE_ASSIGNMENT (( #6065 ) ) ;
#6429 = ORIENTED_EDGE ( 'NONE', *, *, #1287, .T. ) ;
#6430 = DIRECTION ( 'NONE',  ( -1.000000000000000000, 0.0000000000000000000, 0.0000000000000000000 ) ) ;
#6431 = DIRECTION ( 'NONE',  ( 0.0000000000000000000, -0.0000000000000000000, 1.000000000000000000 ) ) ;
#6432 = CARTESIAN_POINT ( 'NONE',  ( -0.5999999999999999800, -0.1499999999999999900, 0.2030000000000000100 ) ) ;
#6433 = ORIENTED_EDGE ( 'NONE', *, *, #3858, .F. ) ;
#6434 = PLANE ( 'NONE',  #6616 ) ;
#6435 = CIRCLE ( 'NONE', #154, 0.04998625954667008900 ) ;
#6436 = CYLINDRICAL_SURFACE ( 'NONE', #1607, 0.04998625954667008900 ) ;
#6437 = VERTEX_POINT ( 'NONE', #4911 ) ;
#6438 = DIRECTION ( 'NONE',  ( -1.000000000000000000, -9.415030213259482400E-016, 0.0000000000000000000 ) ) ;
#6439 = CARTESIAN_POINT ( 'NONE',  ( -0.02298047224476346500, 0.1206190755154271800, 0.8008000000000000700 ) ) ;
#6440 = DIRECTION ( 'NONE',  ( -0.0000000000000000000, -0.0000000000000000000, -1.000000000000000000 ) ) ;
#6441 = CIRCLE ( 'NONE', #7157, 0.04998625954667031100 ) ;
#6442 = DIRECTION ( 'NONE',  ( -1.000000000000000000, 0.0000000000000000000, 0.0000000000000000000 ) ) ;
#6443 = ORIENTED_EDGE ( 'NONE', *, *, #7354, .T. ) ;
#6444 = AXIS2_PLACEMENT_3D ( 'NONE', #2055, #7264, #8007 ) ;
#6445 = VECTOR ( 'NONE', #3293, 1000.000000000000000 ) ;
#6446 = CARTESIAN_POINT ( 'NONE',  ( -1.750000000000000000, 0.0000000000000000000, 0.2030000000000000100 ) ) ;
#6447 = CARTESIAN_POINT ( 'NONE',  ( 0.0000000000000000000, -1.350000000000000100, 0.2030000000000000100 ) ) ;
#6448 = EDGE_CURVE ( 'NONE', #2159, #965, #5537, .T. ) ;
#6449 = DIRECTION ( 'NONE',  ( 1.000000000000000000, 0.0000000000000000000, 0.0000000000000000000 ) ) ;
#6450 = SURFACE_SIDE_STYLE ('',( #3863 ) ) ;
#6451 = EDGE_LOOP ( 'NONE', ( #5070, #2269, #2619, #8600 ) ) ;
#6452 = LINE ( 'NONE', #6248, #7977 ) ;
#6453 = ORIENTED_EDGE ( 'NONE', *, *, #2956, .T. ) ;
#6454 = VERTEX_POINT ( 'NONE', #1986 ) ;
#6455 = VECTOR ( 'NONE', #1724, 1000.000000000000200 ) ;
#6456 = ADVANCED_FACE ( 'NONE', ( #8321 ), #7788, .F. ) ;
#6457 = CARTESIAN_POINT ( 'NONE',  ( 1.524999999999999900, 1.837499999999999900, 0.2030000000000000100 ) ) ;
#6458 = CARTESIAN_POINT ( 'NONE',  ( -1.712530996695474700, -1.399986249936077100, 0.2030000000000000100 ) ) ;
#6459 = CARTESIAN_POINT ( 'NONE',  ( -1.750000000000000000, 0.0000000000000000000, 0.2030000000000000100 ) ) ;
#6460 = DIRECTION ( 'NONE',  ( -0.0000000000000000000, -0.0000000000000000000, -1.000000000000000000 ) ) ;
#6461 = AXIS2_PLACEMENT_3D ( 'NONE', #8592, #1198, #7911 ) ;
#6462 = EDGE_CURVE ( 'NONE', #8190, #3116, #735, .T. ) ;
#6463 = ORIENTED_EDGE ( 'NONE', *, *, #8025, .T. ) ;
#6464 = EDGE_CURVE ( 'NONE', #9261, #2016, #7988, .T. ) ;
#6465 = EDGE_LOOP ( 'NONE', ( #4441, #2721, #8909, #4700 ) ) ;
#6466 = VECTOR ( 'NONE', #5403, 1000.000000000000000 ) ;
#6467 = DIRECTION ( 'NONE',  ( 0.0000000000000000000, -1.000000000000000000, 0.0000000000000000000 ) ) ;
#6468 = CARTESIAN_POINT ( 'NONE',  ( -0.1000000000000000100, -0.9000000000000001300, 0.2030000000000000100 ) ) ;
#6469 = CARTESIAN_POINT ( 'NONE',  ( 1.712530996695474700, 0.8749862499360769900, 0.0000000000000000000 ) ) ;
#6470 = VERTEX_POINT ( 'NONE', #3558 ) ;
#6471 = ORIENTED_EDGE ( 'NONE', *, *, #1055, .F. ) ;
#6472 = EDGE_LOOP ( 'NONE', ( #1956, #9657, #2493, #8917 ) ) ;
#6473 = CIRCLE ( 'NONE', #2818, 0.04998625954667033200 ) ;
#6474 = DIRECTION ( 'NONE',  ( -0.0000000000000000000, -0.0000000000000000000, -1.000000000000000000 ) ) ;
#6475 = EDGE_CURVE ( 'NONE', #4002, #5058, #620, .T. ) ;
#6476 = LINE ( 'NONE', #690, #5924 ) ;
#6477 = AXIS2_PLACEMENT_3D ( 'NONE', #9326, #4603, #5386 ) ;
#6478 = DIRECTION ( 'NONE',  ( 0.0000000000000000000, 0.0000000000000000000, 1.000000000000000000 ) ) ;
#6479 = AXIS2_PLACEMENT_3D ( 'NONE', #4968, #8675, #7163 ) ;
#6480 = CARTESIAN_POINT ( 'NONE',  ( 0.0000000000000000000, 0.0000000000000000000, 0.2030000000000000100 ) ) ;
#6481 = DIRECTION ( 'NONE',  ( -1.000000000000000000, 0.0000000000000000000, 0.0000000000000000000 ) ) ;
#6482 = DIRECTION ( 'NONE',  ( 1.000000000000000000, 0.0000000000000000000, 0.0000000000000000000 ) ) ;
#6483 = ORIENTED_EDGE ( 'NONE', *, *, #3961, .F. ) ;
#6484 = ORIENTED_EDGE ( 'NONE', *, *, #20, .F. ) ;
#6485 = LINE ( 'NONE', #6275, #3806 ) ;
#6486 = CARTESIAN_POINT ( 'NONE',  ( -0.06136233604476345300, 0.1887731937154272000, 0.8009000000000000600 ) ) ;
#6487 = EDGE_CURVE ( 'NONE', #1855, #2960, #3319, .T. ) ;
#6488 = EDGE_CURVE ( 'NONE', #7502, #8936, #1810, .T. ) ;
#6489 = CARTESIAN_POINT ( 'NONE',  ( 0.1332240660740823300, 1.865000000000000200, 0.2030000000000000100 ) ) ;
#6490 = DIRECTION ( 'NONE',  ( 0.0000000000000000000, -0.0000000000000000000, 1.000000000000000000 ) ) ;
#6491 = ORIENTED_EDGE ( 'NONE', *, *, #2408, .F. ) ;
#6492 = AXIS2_PLACEMENT_3D ( 'NONE', #4995, #7156, #9465 ) ;
#6493 = CARTESIAN_POINT ( 'NONE',  ( 1.740000000000000000, 1.333224066074082200, 0.2030000000000000100 ) ) ;
#6494 = ORIENTED_EDGE ( 'NONE', *, *, #8168, .F. ) ;
#6495 = DIRECTION ( 'NONE',  ( -0.0000000000000000000, 0.0000000000000000000, 1.000000000000000000 ) ) ;
#6496 = DIRECTION ( 'NONE',  ( 0.0000000000000000000, -1.000000000000000000, 0.0000000000000000000 ) ) ;
#6497 = FACE_OUTER_BOUND ( 'NONE', #3604, .T. ) ;
#6498 = CARTESIAN_POINT ( 'NONE',  ( 1.174986249936076800, -1.837530996695474700, 0.2030000000000000100 ) ) ;
#6499 = ORIENTED_EDGE ( 'NONE', *, *, #7846, .T. ) ;
#6500 = DIRECTION ( 'NONE',  ( -0.0000000000000000000, -0.0000000000000000000, -1.000000000000000000 ) ) ;
#6501 = ORIENTED_EDGE ( 'NONE', *, *, #9540, .T. ) ;
#6502 = ORIENTED_EDGE ( 'NONE', *, *, #3053, .F. ) ;
#6503 = FACE_OUTER_BOUND ( 'NONE', #2650, .T. ) ;
#6504 = CARTESIAN_POINT ( 'NONE',  ( 0.6419000000000000300, 1.875000000000000000, 0.2030000000000000100 ) ) ;
#6505 = ADVANCED_FACE ( 'NONE', ( #8217 ), #1335, .T. ) ;
#6506 = EDGE_CURVE ( 'NONE', #9280, #2635, #7530, .T. ) ;
#6507 = DIRECTION ( 'NONE',  ( -0.0000000000000000000, 0.0000000000000000000, 1.000000000000000000 ) ) ;
#6508 = ORIENTED_EDGE ( 'NONE', *, *, #6831, .T. ) ;
#6509 = PLANE ( 'NONE',  #3112 ) ;
#6510 = ORIENTED_EDGE ( 'NONE', *, *, #333, .T. ) ;
#6511 = CARTESIAN_POINT ( 'NONE',  ( 0.3750000000000000000, 1.500000000000000000, 0.0000000000000000000 ) ) ;
#6512 = CYLINDRICAL_SURFACE ( 'NONE', #6124, 0.04998607688890758400 ) ;
#6513 = DIRECTION ( 'NONE',  ( 0.0000000000000000000, -1.000000000000000000, 0.0000000000000000000 ) ) ;
#6514 = VECTOR ( 'NONE', #3421, 1000.000000000000000 ) ;
#6515 = SURFACE_STYLE_USAGE ( .BOTH. , #408 ) ;
#6516 = CARTESIAN_POINT ( 'NONE',  ( 0.2750000000000000200, 0.0000000000000000000, 0.2030000000000000100 ) ) ;
#6517 = LINE ( 'NONE', #559, #3951 ) ;
#6518 = AXIS2_PLACEMENT_3D ( 'NONE', #8685, #600, #4257 ) ;
#6519 = ORIENTED_EDGE ( 'NONE', *, *, #1662, .T. ) ;
#6520 = ORIENTED_EDGE ( 'NONE', *, *, #5887, .T. ) ;
#6521 = EDGE_CURVE ( 'NONE', #6437, #7019, #4123, .T. ) ;
#6522 = EDGE_CURVE ( 'NONE', #6549, #3623, #7861, .T. ) ;
#6523 = FACE_OUTER_BOUND ( 'NONE', #5441, .T. ) ;
#6524 = VECTOR ( 'NONE', #5818, 1000.000000000000000 ) ;
#6525 = DIRECTION ( 'NONE',  ( -1.000000000000000000, 0.0000000000000000000, 0.0000000000000000000 ) ) ;
#6526 = CARTESIAN_POINT ( 'NONE',  ( 0.0000000000000000000, 0.0000000000000000000, 0.05000000000000000300 ) ) ;
#6527 = FACE_OUTER_BOUND ( 'NONE', #2355, .T. ) ;
#6528 = DIRECTION ( 'NONE',  ( -0.0000000000000000000, -0.0000000000000000000, -1.000000000000000000 ) ) ;
#6529 = VERTEX_POINT ( 'NONE', #3523 ) ;
#6530 = PLANE ( 'NONE',  #1553 ) ;
#6531 = ORIENTED_EDGE ( 'NONE', *, *, #6092, .T. ) ;
#6532 = CIRCLE ( 'NONE', #2735, 0.4066519701324284900 ) ;
#6533 = VECTOR ( 'NONE', #3120, 1000.000000000000000 ) ;
#6534 = ORIENTED_EDGE ( 'NONE', *, *, #3179, .T. ) ;
#6535 = AXIS2_PLACEMENT_3D ( 'NONE', #8557, #5454, #1820 ) ;
#6536 = CARTESIAN_POINT ( 'NONE',  ( 0.6250000000000000000, 0.0000000000000000000, 0.0000000000000000000 ) ) ;
#6537 = DIRECTION ( 'NONE',  ( -1.000000000000000000, 0.0000000000000000000, 0.0000000000000000000 ) ) ;
#6538 = EDGE_CURVE ( 'NONE', #8960, #6841, #6807, .T. ) ;
#6539 = DIRECTION ( 'NONE',  ( -0.0000000000000000000, -0.0000000000000000000, -1.000000000000000000 ) ) ;
#6540 = ORIENTED_EDGE ( 'NONE', *, *, #4596, .F. ) ;
#6541 = EDGE_LOOP ( 'NONE', ( #8527, #3488, #8132, #7678 ) ) ;
#6542 = CIRCLE ( 'NONE', #5424, 0.05003631351710522600 ) ;
#6543 = VECTOR ( 'NONE', #8187, 1000.000000000000000 ) ;
#6544 = VECTOR ( 'NONE', #6233, 1000.000000000000000 ) ;
#6545 = CARTESIAN_POINT ( 'NONE',  ( 1.224999981323120500, 0.5500000186768795300, 0.0000000000000000000 ) ) ;
#6546 = ORIENTED_EDGE ( 'NONE', *, *, #7040, .F. ) ;
#6547 = CARTESIAN_POINT ( 'NONE',  ( 1.124999990389406800, -1.837530996695474700, 0.0000000000000000000 ) ) ;
#6548 = DIRECTION ( 'NONE',  ( 0.0000000000000000000, -0.0000000000000000000, 1.000000000000000000 ) ) ;
#6549 = VERTEX_POINT ( 'NONE', #1295 ) ;
#6550 = DIRECTION ( 'NONE',  ( -0.0000000000000000000, -0.0000000000000000000, -1.000000000000000000 ) ) ;
#6551 = VECTOR ( 'NONE', #3888, 1000.000000000000000 ) ;
#6552 = DIRECTION ( 'NONE',  ( 0.0000000000000000000, -0.0000000000000000000, 1.000000000000000000 ) ) ;
#6553 = AXIS2_PLACEMENT_3D ( 'NONE', #3689, #7441, #6657 ) ;
#6554 = FACE_OUTER_BOUND ( 'NONE', #6686, .T. ) ;
#6555 = ORIENTED_EDGE ( 'NONE', *, *, #6687, .T. ) ;
#6556 = AXIS2_PLACEMENT_3D ( 'NONE', #883, #228, #3899 ) ;
#6557 = DIRECTION ( 'NONE',  ( -1.000000000000000000, 0.0000000000000000000, 0.0000000000000000000 ) ) ;
#6558 = ADVANCED_FACE ( 'NONE', ( #1576 ), #1368, .F. ) ;
#6559 = DIRECTION ( 'NONE',  ( -1.000000000000000000, -0.0000000000000000000, -0.0000000000000000000 ) ) ;
#6560 = DIRECTION ( 'NONE',  ( 0.0000000000000000000, -0.0000000000000000000, 1.000000000000000000 ) ) ;
#6561 = PLANE ( 'NONE',  #9413 ) ;
#6562 = ORIENTED_EDGE ( 'NONE', *, *, #8697, .T. ) ;
#6563 = DIRECTION ( 'NONE',  ( -0.0000000000000000000, 0.0000000000000000000, 1.000000000000000000 ) ) ;
#6564 = PRESENTATION_STYLE_ASSIGNMENT (( #5966 ) ) ;
#6565 = VERTEX_POINT ( 'NONE', #5010 ) ;
#6566 = DIRECTION ( 'NONE',  ( -0.0000000000000000000, -0.0000000000000000000, -1.000000000000000000 ) ) ;
#6567 = FACE_OUTER_BOUND ( 'NONE', #781, .T. ) ;
#6568 = EDGE_CURVE ( 'NONE', #2038, #6008, #6238, .T. ) ;
#6569 = AXIS2_PLACEMENT_3D ( 'NONE', #255, #9222, #1005 ) ;
#6570 = CARTESIAN_POINT ( 'NONE',  ( -0.6750000000000000400, 1.325000000000000000, 0.0000000000000000000 ) ) ;
#6571 = VERTEX_POINT ( 'NONE', #9475 ) ;
#6572 = LINE ( 'NONE', #5065, #8200 ) ;
#6573 = VERTEX_POINT ( 'NONE', #8234 ) ;
#6574 = CARTESIAN_POINT ( 'NONE',  ( 1.125000000000000200, -1.837499999999999900, 0.0000000000000000000 ) ) ;
#6575 = ORIENTED_EDGE ( 'NONE', *, *, #3093, .F. ) ;
#6576 = DIRECTION ( 'NONE',  ( -0.4854474371624474800, -0.8742658553051305700, 0.0000000000000000000 ) ) ;
#6577 = LINE ( 'NONE', #1019, #4485 ) ;
#6578 = DIRECTION ( 'NONE',  ( 1.000000000000000000, 0.0000000000000000000, 0.0000000000000000000 ) ) ;
#6579 = CARTESIAN_POINT ( 'NONE',  ( 0.8249999999999999600, 1.325000000000000000, 0.2030000000000000100 ) ) ;
#6580 = VERTEX_POINT ( 'NONE', #3591 ) ;
#6581 = AXIS2_PLACEMENT_3D ( 'NONE', #3157, #3902, #9177 ) ;
#6582 = FACE_OUTER_BOUND ( 'NONE', #3099, .T. ) ;
#6583 = CARTESIAN_POINT ( 'NONE',  ( 0.6750000000000000400, 1.325000000000000200, 0.04999999999999999600 ) ) ;
#6584 = CARTESIAN_POINT ( 'NONE',  ( -0.1228558884447634600, 0.1356073488154271600, 0.8009000000000000600 ) ) ;
#6585 = ORIENTED_EDGE ( 'NONE', *, *, #5516, .T. ) ;
#6586 = PRODUCT_DEFINITION_SHAPE ( 'NONE', 'NONE',  #5831 ) ;
#6587 = EDGE_CURVE ( 'NONE', #1392, #8351, #3079, .T. ) ;
#6588 = ORIENTED_EDGE ( 'NONE', *, *, #4292, .T. ) ;
#6589 = LINE ( 'NONE', #5052, #8566 ) ;
#6590 = DIRECTION ( 'NONE',  ( 1.000000000000000000, 0.0000000000000000000, 0.0000000000000000000 ) ) ;
#6591 = CARTESIAN_POINT ( 'NONE',  ( -0.1721671182000000000, 0.1356073488154271600, 0.8009000000000000600 ) ) ;
#6592 = ORIENTED_EDGE ( 'NONE', *, *, #2704, .T. ) ;
#6593 = DIRECTION ( 'NONE',  ( -1.000000000000000000, 0.0000000000000000000, 0.0000000000000000000 ) ) ;
#6594 = CARTESIAN_POINT ( 'NONE',  ( 1.508000000000000000, -1.875000000000000000, 0.0000000000000000000 ) ) ;
#6595 = VERTEX_POINT ( 'NONE', #2277 ) ;
#6596 = LINE ( 'NONE', #9248, #269 ) ;
#6597 = MECHANICAL_DESIGN_GEOMETRIC_PRESENTATION_REPRESENTATION (  '', ( #7098 ), #1727 ) ;
#6598 = CARTESIAN_POINT ( 'NONE',  ( -1.524999999999999900, -0.0000000000000000000, 0.05000000000000000300 ) ) ;
#6599 = EDGE_CURVE ( 'NONE', #3594, #9674, #504, .T. ) ;
#6600 = EDGE_CURVE ( 'NONE', #5876, #8556, #41, .T. ) ;
#6601 = CARTESIAN_POINT ( 'NONE',  ( 0.1200077991000000200, 0.1344677397000000100, 0.8008000000000000700 ) ) ;
#6602 = VERTEX_POINT ( 'NONE', #8975 ) ;
#6603 = DIRECTION ( 'NONE',  ( 1.000000000000000000, 0.0000000000000000000, 0.0000000000000000000 ) ) ;
#6604 = ORIENTED_EDGE ( 'NONE', *, *, #2716, .F. ) ;
#6605 = CARTESIAN_POINT ( 'NONE',  ( -0.3750000000000000000, 1.375000000000000000, 0.2030000000000000100 ) ) ;
#6606 = ORIENTED_EDGE ( 'NONE', *, *, #527, .T. ) ;
#6607 = LINE ( 'NONE', #3377, #867 ) ;
#6608 = PLANE ( 'NONE',  #2221 ) ;
#6609 = CARTESIAN_POINT ( 'NONE',  ( -1.525000009610593300, -1.837530996695474700, 0.2030000000000000100 ) ) ;
#6610 = DIRECTION ( 'NONE',  ( 1.000000000000000000, 0.0000000000000000000, -0.0000000000000000000 ) ) ;
#6611 = ADVANCED_FACE ( 'NONE', ( #1091 ), #2955, .T. ) ;
#6612 = ORIENTED_EDGE ( 'NONE', *, *, #347, .T. ) ;
#6613 = VERTEX_POINT ( 'NONE', #8918 ) ;
#6614 = DIRECTION ( 'NONE',  ( 0.0000000000000000000, 1.000000000000000000, -0.0000000000000000000 ) ) ;
#6615 = EDGE_CURVE ( 'NONE', #9071, #9383, #6706, .T. ) ;
#6616 = AXIS2_PLACEMENT_3D ( 'NONE', #4636, #4411, #8625 ) ;
#6617 = LINE ( 'NONE', #2091, #7785 ) ;
#6618 = MECHANICAL_DESIGN_GEOMETRIC_PRESENTATION_REPRESENTATION (  '', ( #9614 ), #6300 ) ;
#6619 = CARTESIAN_POINT ( 'NONE',  ( -1.475013750063923100, 1.837530996695474700, 0.04999999999999999600 ) ) ;
#6620 = CARTESIAN_POINT ( 'NONE',  ( 0.05961128720910814600, 0.1930581822864809200, 0.8009000000000000600 ) ) ;
#6621 = VERTEX_POINT ( 'NONE', #8140 ) ;
#6622 = ORIENTED_EDGE ( 'NONE', *, *, #2039, .F. ) ;
#6623 = ORIENTED_EDGE ( 'NONE', *, *, #1730, .T. ) ;
#6624 = CARTESIAN_POINT ( 'NONE',  ( -1.740000000000000000, 0.3332240660740821100, 0.2030000000000000100 ) ) ;
#6625 = LINE ( 'NONE', #7552, #9649 ) ;
#6626 = FACE_OUTER_BOUND ( 'NONE', #2674, .T. ) ;
#6627 = EDGE_CURVE ( 'NONE', #5096, #297, #5901, .T. ) ;
#6628 = PLANE ( 'NONE',  #2928 ) ;
#6629 = CARTESIAN_POINT ( 'NONE',  ( 0.0000000000000000000, 0.0000000000000000000, 0.8000000000000000400 ) ) ;
#6630 = AXIS2_PLACEMENT_3D ( 'NONE', #8943, #2248, #2329 ) ;
#6631 = CARTESIAN_POINT ( 'NONE',  ( 0.4066519701324284900, 4.980050335896436600E-017, 0.8008000000000000700 ) ) ;
#6632 = CARTESIAN_POINT ( 'NONE',  ( 0.0000000000000000000, -1.875000000000000000, 0.2030000000000000100 ) ) ;
#6633 = DIRECTION ( 'NONE',  ( 0.0000000000000000000, -1.000000000000000000, 0.0000000000000000000 ) ) ;
#6634 = VERTEX_POINT ( 'NONE', #5271 ) ;
#6635 = DIRECTION ( 'NONE',  ( 0.0000000000000000000, 0.0000000000000000000, 1.000000000000000000 ) ) ;
#6636 = ORIENTED_EDGE ( 'NONE', *, *, #8963, .F. ) ;
#6637 = CARTESIAN_POINT ( 'NONE',  ( -0.1750566836383621000, 1.374986044749599200, 0.04999999999999999600 ) ) ;
#6638 = LINE ( 'NONE', #1117, #8261 ) ;
#6639 = VECTOR ( 'NONE', #4556, 1000.000000000000000 ) ;
#6640 = DIRECTION ( 'NONE',  ( -1.000000000000000000, 0.0000000000000000000, 0.0000000000000000000 ) ) ;
#6641 = PRODUCT_CONTEXT ( 'NONE', #2853, 'mechanical' ) ;
#6642 = DIRECTION ( 'NONE',  ( 0.0000000000000000000, 1.000000000000000000, 0.0000000000000000000 ) ) ;
#6643 = ORIENTED_EDGE ( 'NONE', *, *, #2801, .T. ) ;
#6644 = ORIENTED_EDGE ( 'NONE', *, *, #8238, .T. ) ;
#6645 = AXIS2_PLACEMENT_3D ( 'NONE', #5345, #1770, #3261 ) ;
#6646 = DIRECTION ( 'NONE',  ( -0.0000000000000000000, -0.0000000000000000000, -1.000000000000000000 ) ) ;
#6647 = VECTOR ( 'NONE', #8882, 1000.000000000000000 ) ;
#6648 = CIRCLE ( 'NONE', #2066, 0.02499998132312751500 ) ;
#6649 = EDGE_CURVE ( 'NONE', #1113, #1596, #1339, .T. ) ;
#6650 = ORIENTED_EDGE ( 'NONE', *, *, #6358, .F. ) ;
#6651 = CARTESIAN_POINT ( 'NONE',  ( 1.712500000000000100, 1.625000000000000200, 0.04999999999999999600 ) ) ;
#6652 = CARTESIAN_POINT ( 'NONE',  ( 1.174986249936076800, -1.837530996695474700, 0.0000000000000000000 ) ) ;
#6653 = VERTEX_POINT ( 'NONE', #5977 ) ;
#6654 = ORIENTED_EDGE ( 'NONE', *, *, #5742, .T. ) ;
#6655 = LINE ( 'NONE', #7070, #8164 ) ;
#6656 = CARTESIAN_POINT ( 'NONE',  ( -1.712500000000000100, -0.6500000000000001300, 0.04999999999999999600 ) ) ;
#6657 = DIRECTION ( 'NONE',  ( -0.0000000000000000000, 0.0000000000000000000, -1.000000000000000000 ) ) ;
#6658 = FACE_OUTER_BOUND ( 'NONE', #8948, .T. ) ;
#6659 = CARTESIAN_POINT ( 'NONE',  ( 1.750000000000000000, 1.608100000000000100, 0.2030000000000000100 ) ) ;
#6660 = AXIS2_PLACEMENT_3D ( 'NONE', #5671, #5639, #3380 ) ;
#6661 = ORIENTED_EDGE ( 'NONE', *, *, #825, .T. ) ;
#6662 = EDGE_CURVE ( 'NONE', #6621, #3289, #4246, .T. ) ;
#6663 = ORIENTED_EDGE ( 'NONE', *, *, #9527, .T. ) ;
#6664 = ADVANCED_FACE ( 'NONE', ( #6582 ), #5143, .T. ) ;
#6665 = VECTOR ( 'NONE', #481, 1000.000000000000000 ) ;
#6666 =( NAMED_UNIT ( * ) SI_UNIT ( $, .STERADIAN. ) SOLID_ANGLE_UNIT ( ) );
#6667 = DIRECTION ( 'NONE',  ( -1.000000000000000000, 0.0000000000000000000, 0.0000000000000000000 ) ) ;
#6668 = CARTESIAN_POINT ( 'NONE',  ( -0.5999999626462407800, -0.1000000373537592300, 0.0000000000000000000 ) ) ;
#6669 = LINE ( 'NONE', #8181, #2578 ) ;
#6670 = VERTEX_POINT ( 'NONE', #663 ) ;
#6671 = CARTESIAN_POINT ( 'NONE',  ( 0.3750000000000000000, 0.0000000000000000000, 0.2030000000000000100 ) ) ;
#6672 = PLANE ( 'NONE',  #8096 ) ;
#6673 = DIRECTION ( 'NONE',  ( -0.0000000000000000000, -0.0000000000000000000, -1.000000000000000000 ) ) ;
#6674 = ORIENTED_EDGE ( 'NONE', *, *, #7542, .F. ) ;
#6675 = LINE ( 'NONE', #3597, #9104 ) ;
#6676 = LINE ( 'NONE', #2568, #5499 ) ;
#6677 =( NAMED_UNIT ( * ) PLANE_ANGLE_UNIT ( ) SI_UNIT ( $, .RADIAN. ) );
#6678 = EDGE_CURVE ( 'NONE', #6050, #8414, #5774, .T. ) ;
#6679 = ORIENTED_EDGE ( 'NONE', *, *, #1107, .T. ) ;
#6680 = DIRECTION ( 'NONE',  ( -0.0000000000000000000, 0.0000000000000000000, 1.000000000000000000 ) ) ;
#6681 = CARTESIAN_POINT ( 'NONE',  ( 0.8750000000000000000, 0.0000000000000000000, 0.0000000000000000000 ) ) ;
#6682 = CARTESIAN_POINT ( 'NONE',  ( 1.174986249936076800, 1.837530996695474700, 0.04999999999999999600 ) ) ;
#6683 = ORIENTED_EDGE ( 'NONE', *, *, #7907, .F. ) ;
#6684 = CARTESIAN_POINT ( 'NONE',  ( 0.0000000000000000000, -0.2999999999999999900, 0.2030000000000000100 ) ) ;
#6685 = LINE ( 'NONE', #6941, #4925 ) ;
#6686 = EDGE_LOOP ( 'NONE', ( #976, #1195, #871, #5167 ) ) ;
#6687 = EDGE_CURVE ( 'NONE', #6529, #8658, #9132, .T. ) ;
#6688 = EDGE_CURVE ( 'NONE', #2046, #323, #8664, .T. ) ;
#6689 = AXIS2_PLACEMENT_3D ( 'NONE', #9454, #4985, #5756 ) ;
#6690 = VECTOR ( 'NONE', #7452, 1000.000000000000000 ) ;
#6691 = CIRCLE ( 'NONE', #7955, 0.09999992529250952000 ) ;
#6692 = DIRECTION ( 'NONE',  ( -0.4832076434891656200, 0.8755057814050386500, 0.0000000000000000000 ) ) ;
#6693 = CARTESIAN_POINT ( 'NONE',  ( -0.8750000096105933200, 1.837530996695474500, 0.0000000000000000000 ) ) ;
#6694 = PLANE ( 'NONE',  #2981 ) ;
#6695 = DIRECTION ( 'NONE',  ( 1.000000000000000000, 0.0000000000000000000, 0.0000000000000000000 ) ) ;
#6696 = DIRECTION ( 'NONE',  ( 1.000000000000000000, 0.0000000000000000000, 0.0000000000000000000 ) ) ;
#6697 = ORIENTED_EDGE ( 'NONE', *, *, #9677, .F. ) ;
#6698 = DIRECTION ( 'NONE',  ( -1.000000000000000000, 2.169000405948018600E-015, 0.0000000000000000000 ) ) ;
#6699 = CIRCLE ( 'NONE', #312, 0.05003631351710512200 ) ;
#6700 = ORIENTED_EDGE ( 'NONE', *, *, #1976, .F. ) ;
#6701 = AXIS2_PLACEMENT_3D ( 'NONE', #473, #9377, #3428 ) ;
#6702 = VECTOR ( 'NONE', #6718, 1000.000000000000000 ) ;
#6703 =( LENGTH_UNIT ( ) NAMED_UNIT ( * ) SI_UNIT ( .MILLI., .METRE. ) );
#6704 = CARTESIAN_POINT ( 'NONE',  ( 1.474963750063923200, -1.837420233362311800, 0.2030000000000000100 ) ) ;
#6705 = EDGE_LOOP ( 'NONE', ( #9178, #1528, #9608, #8370 ) ) ;
#6706 = LINE ( 'NONE', #5207, #2968 ) ;
#6707 = ADVANCED_FACE ( 'NONE', ( #2492 ), #4708, .T. ) ;
#6708 = ORIENTED_EDGE ( 'NONE', *, *, #1393, .T. ) ;
#6709 = ORIENTED_EDGE ( 'NONE', *, *, #8403, .T. ) ;
#6710 = LINE ( 'NONE', #4765, #5420 ) ;
#6711 = DIRECTION ( 'NONE',  ( 1.000000000000000000, 0.0000000000000000000, 0.0000000000000000000 ) ) ;
#6712 = VECTOR ( 'NONE', #5254, 1000.000000000000000 ) ;
#6713 = AXIS2_PLACEMENT_3D ( 'NONE', #2533, #8428, #3960 ) ;
#6714 = EDGE_CURVE ( 'NONE', #9265, #3162, #8209, .T. ) ;
#6715 = ORIENTED_EDGE ( 'NONE', *, *, #2108, .T. ) ;
#6716 = EDGE_CURVE ( 'NONE', #4946, #1204, #3071, .T. ) ;
#6717 = VERTEX_POINT ( 'NONE', #880 ) ;
#6718 = DIRECTION ( 'NONE',  ( 0.0000000000000000000, -1.000000000000000000, 0.0000000000000000000 ) ) ;
#6719 = ORIENTED_EDGE ( 'NONE', *, *, #9297, .F. ) ;
#6720 = LINE ( 'NONE', #119, #9515 ) ;
#6721 = ADVANCED_FACE ( 'NONE', ( #4239 ), #6176, .F. ) ;
#6722 = DIRECTION ( 'NONE',  ( -0.0000000000000000000, -0.0000000000000000000, -1.000000000000000000 ) ) ;
#6723 = ORIENTED_EDGE ( 'NONE', *, *, #4399, .T. ) ;
#6724 = DIRECTION ( 'NONE',  ( 0.0000000000000000000, 0.0000000000000000000, 1.000000000000000000 ) ) ;
#6725 = CARTESIAN_POINT ( 'NONE',  ( 1.750000000000000000, 0.0000000000000000000, 0.2030000000000000100 ) ) ;
#6726 = SURFACE_STYLE_USAGE ( .BOTH. , #3003 ) ;
#6727 = LINE ( 'NONE', #3201, #8344 ) ;
#6728 = EDGE_CURVE ( 'NONE', #1556, #392, #3432, .T. ) ;
#6729 = EDGE_CURVE ( 'NONE', #8202, #1538, #9489, .T. ) ;
#6730 = CARTESIAN_POINT ( 'NONE',  ( -0.8250137500639230800, 1.837530996695474500, 0.2030000000000000100 ) ) ;
#6731 = CARTESIAN_POINT ( 'NONE',  ( -1.125000000000000200, -1.550000000000000300, 0.0000000000000000000 ) ) ;
#6732 = ORIENTED_EDGE ( 'NONE', *, *, #6462, .F. ) ;
#6733 = ORIENTED_EDGE ( 'NONE', *, *, #6992, .F. ) ;
#6734 = CARTESIAN_POINT ( 'NONE',  ( -1.712530996695474700, 1.025013750063923100, 0.0000000000000000000 ) ) ;
#6735 = FACE_OUTER_BOUND ( 'NONE', #7227, .T. ) ;
#6736 = DIRECTION ( 'NONE',  ( -0.0000000000000000000, -0.0000000000000000000, -1.000000000000000000 ) ) ;
#6737 = DIRECTION ( 'NONE',  ( 1.000000000000000000, 0.0000000000000000000, 0.0000000000000000000 ) ) ;
#6738 = DIRECTION ( 'NONE',  ( -0.0008110297413745396700, -0.9999996711153251700, 0.0000000000000000000 ) ) ;
#6739 = ORIENTED_EDGE ( 'NONE', *, *, #8561, .F. ) ;
#6740 = DIRECTION ( 'NONE',  ( -0.0000000000000000000, -0.0000000000000000000, -1.000000000000000000 ) ) ;
#6741 = ORIENTED_EDGE ( 'NONE', *, *, #6464, .F. ) ;
#6742 = ORIENTED_EDGE ( 'NONE', *, *, #1691, .T. ) ;
#6743 = STYLED_ITEM ( 'NONE', ( #2917 ), #8653 ) ;
#6744 = ORIENTED_EDGE ( 'NONE', *, *, #5848, .F. ) ;
#6745 = CARTESIAN_POINT ( 'NONE',  ( -0.02298047224476346500, 0.1206190755154271800, 0.8009000000000000600 ) ) ;
#6746 = DIRECTION ( 'NONE',  ( -0.0000000000000000000, 0.0000000000000000000, -1.000000000000000000 ) ) ;
#6747 = DIRECTION ( 'NONE',  ( 0.0000000000000000000, -1.000000000000000000, 0.0000000000000000000 ) ) ;
#6748 = ORIENTED_EDGE ( 'NONE', *, *, #7381, .F. ) ;
#6749 = EDGE_LOOP ( 'NONE', ( #861, #9106, #3089, #5226, #1080, #6697, #7508, #8829 ) ) ;
#6750 = EDGE_CURVE ( 'NONE', #3431, #6302, #8786, .T. ) ;
#6751 = ADVANCED_FACE ( 'NONE', ( #4939 ), #5408, .T. ) ;
#6752 = LINE ( 'NONE', #9274, #3725 ) ;
#6753 = AXIS2_PLACEMENT_3D ( 'NONE', #8540, #4105, #9278 ) ;
#6754 = VERTEX_POINT ( 'NONE', #3113 ) ;
#6755 =( NAMED_UNIT ( * ) PLANE_ANGLE_UNIT ( ) SI_UNIT ( $, .RADIAN. ) );
#6756 = VECTOR ( 'NONE', #9606, 1000.000000000000000 ) ;
#6757 = ORIENTED_EDGE ( 'NONE', *, *, #5447, .T. ) ;
#6758 = ORIENTED_EDGE ( 'NONE', *, *, #9450, .T. ) ;
#6759 = LINE ( 'NONE', #2637, #4546 ) ;
#6760 = VECTOR ( 'NONE', #2471, 1000.000000000000000 ) ;
#6761 = CARTESIAN_POINT ( 'NONE',  ( -0.1750362499360769400, 1.837420233362311800, 0.2030000000000000100 ) ) ;
#6762 = VECTOR ( 'NONE', #3873, 1000.000000000000000 ) ;
#6763 = ADVANCED_FACE ( 'NONE', ( #7520 ), #4585, .F. ) ;
#6764 = SURFACE_SIDE_STYLE ('',( #6137 ) ) ;
#6765 = DIRECTION ( 'NONE',  ( -0.4830537896857237700, 0.8755906784966709400, 0.0000000000000000000 ) ) ;
#6766 = AXIS2_PLACEMENT_3D ( 'NONE', #4095, #9339, #3418 ) ;
#6767 = DIRECTION ( 'NONE',  ( 0.0000000000000000000, 1.000000000000000000, 0.0000000000000000000 ) ) ;
#6768 = EDGE_CURVE ( 'NONE', #977, #605, #4483, .T. ) ;
#6769 = CYLINDRICAL_SURFACE ( 'NONE', #2484, 0.04998625954667031100 ) ;
#6770 = VECTOR ( 'NONE', #4693, 1000.000000000000000 ) ;
#6771 = ORIENTED_EDGE ( 'NONE', *, *, #1426, .F. ) ;
#6772 = VERTEX_POINT ( 'NONE', #6146 ) ;
#6773 = LINE ( 'NONE', #5961, #8525 ) ;
#6774 = DIRECTION ( 'NONE',  ( -0.0000000000000000000, -0.0000000000000000000, -1.000000000000000000 ) ) ;
#6775 = FACE_OUTER_BOUND ( 'NONE', #2739, .T. ) ;
#6776 = LINE ( 'NONE', #9147, #6544 ) ;
#6777 = VERTEX_POINT ( 'NONE', #7566 ) ;
#6778 = CARTESIAN_POINT ( 'NONE',  ( -1.475013750063923100, 1.837530996695474700, 0.0000000000000000000 ) ) ;
#6779 = AXIS2_PLACEMENT_3D ( 'NONE', #3795, #8995, #6696 ) ;
#6780 = EDGE_CURVE ( 'NONE', #6821, #4668, #1081, .T. ) ;
#6781 = EDGE_CURVE ( 'NONE', #8190, #4952, #5176, .T. ) ;
#6782 = DIRECTION ( 'NONE',  ( -0.0000000000000000000, 0.0000000000000000000, 1.000000000000000000 ) ) ;
#6783 = EDGE_LOOP ( 'NONE', ( #1060, #2702, #1708, #744 ) ) ;
#6784 = LINE ( 'NONE', #3199, #4455 ) ;
#6785 = LINE ( 'NONE', #5478, #7620 ) ;
#6786 = ORIENTED_EDGE ( 'NONE', *, *, #5051, .T. ) ;
#6787 = CARTESIAN_POINT ( 'NONE',  ( 0.0000000000000000000, -1.550000000000000300, 0.05000000000000000300 ) ) ;
#6788 = EDGE_CURVE ( 'NONE', #5458, #5882, #2268, .T. ) ;
#6789 = ORIENTED_EDGE ( 'NONE', *, *, #4429, .F. ) ;
#6790 = AXIS2_PLACEMENT_3D ( 'NONE', #9145, #1766, #2509 ) ;
#6791 = DIRECTION ( 'NONE',  ( 1.000000000000000000, 0.0000000000000000000, 0.0000000000000000000 ) ) ;
#6792 = DIRECTION ( 'NONE',  ( 0.0000000000000000000, -0.0000000000000000000, 1.000000000000000000 ) ) ;
#6793 = PRESENTATION_STYLE_ASSIGNMENT (( #2729 ) ) ;
#6794 = ADVANCED_FACE ( 'NONE', ( #5528 ), #1458, .T. ) ;
#6795 = FILL_AREA_STYLE ('',( #367 ) ) ;
#6796 = VERTEX_POINT ( 'NONE', #1011 ) ;
#6797 = FACE_OUTER_BOUND ( 'NONE', #5329, .T. ) ;
#6798 = ORIENTED_EDGE ( 'NONE', *, *, #955, .T. ) ;
#6799 = CIRCLE ( 'NONE', #3135, 0.04999996264625471100 ) ;
#6800 = EDGE_CURVE ( 'NONE', #6959, #6796, #6452, .T. ) ;
#6801 = DIRECTION ( 'NONE',  ( 1.000000000000000000, 0.0000000000000000000, 0.0000000000000000000 ) ) ;
#6802 = AXIS2_PLACEMENT_3D ( 'NONE', #8562, #4096, #1985 ) ;
#6803 = ADVANCED_FACE ( 'NONE', ( #3554 ), #493, .T. ) ;
#6804 = CARTESIAN_POINT ( 'NONE',  ( 0.5500000000000000400, 0.0000000000000000000, 0.2030000000000000100 ) ) ;
#6805 = CARTESIAN_POINT ( 'NONE',  ( -0.2750000000000000200, -1.200000000000000000, 0.2030000000000000100 ) ) ;
#6806 = ORIENTED_EDGE ( 'NONE', *, *, #8056, .T. ) ;
#6807 = LINE ( 'NONE', #2723, #9017 ) ;
#6808 =( NAMED_UNIT ( * ) SI_UNIT ( $, .STERADIAN. ) SOLID_ANGLE_UNIT ( ) );
#6809 = ORIENTED_EDGE ( 'NONE', *, *, #6462, .T. ) ;
#6810 = EDGE_LOOP ( 'NONE', ( #8623, #3731, #2307, #1776 ) ) ;
#6811 = VECTOR ( 'NONE', #4332, 1000.000000000000000 ) ;
#6812 = CARTESIAN_POINT ( 'NONE',  ( -0.8750000000000000000, 1.837499999999999900, 0.04999999999999999600 ) ) ;
#6813 = FILL_AREA_STYLE ('',( #3131 ) ) ;
#6814 = STYLED_ITEM ( 'NONE', ( #1932 ), #4568 ) ;
#6815 = CARTESIAN_POINT ( 'NONE',  ( 0.2000000000000000100, -1.000000000000000000, 0.2030000000000000100 ) ) ;
#6816 = EDGE_CURVE ( 'NONE', #3896, #2038, #5663, .T. ) ;
#6817 = VERTEX_POINT ( 'NONE', #7025 ) ;
#6818 = VECTOR ( 'NONE', #6111, 1000.000000000000000 ) ;
#6819 =( NAMED_UNIT ( * ) SI_UNIT ( $, .STERADIAN. ) SOLID_ANGLE_UNIT ( ) );
#6820 = CARTESIAN_POINT ( 'NONE',  ( -1.750000000000000000, 0.0000000000000000000, 0.0000000000000000000 ) ) ;
#6821 = VERTEX_POINT ( 'NONE', #5570 ) ;
#6822 = ORIENTED_EDGE ( 'NONE', *, *, #1891, .T. ) ;
#6823 = DIRECTION ( 'NONE',  ( 0.0000000000000000000, -1.000000000000000000, 0.0000000000000000000 ) ) ;
#6824 = DIRECTION ( 'NONE',  ( 1.000000000000000000, 0.0000000000000000000, 0.0000000000000000000 ) ) ;
#6825 = ORIENTED_EDGE ( 'NONE', *, *, #6179, .T. ) ;
#6826 = LINE ( 'NONE', #2706, #4973 ) ;
#6827 = VECTOR ( 'NONE', #9541, 1000.000000000000000 ) ;
#6828 = AXIS2_PLACEMENT_3D ( 'NONE', #1595, #6116, #2330 ) ;
#6829 = EDGE_CURVE ( 'NONE', #7991, #6754, #3670, .T. ) ;
#6830 = DIRECTION ( 'NONE',  ( -0.0000000000000000000, -0.0000000000000000000, -1.000000000000000000 ) ) ;
#6831 = EDGE_CURVE ( 'NONE', #4901, #2749, #8908, .T. ) ;
#6832 = CARTESIAN_POINT ( 'NONE',  ( -1.740000000000000000, -1.865000000000000200, 0.05000000000000000300 ) ) ;
#6833 = CARTESIAN_POINT ( 'NONE',  ( -0.8250137500639230800, 1.837530996695474500, 0.2030000000000000100 ) ) ;
#6834 = ORIENTED_EDGE ( 'NONE', *, *, #6888, .F. ) ;
#6835 = CARTESIAN_POINT ( 'NONE',  ( 1.225000000000000100, 0.3250000000000000700, 0.2030000000000000100 ) ) ;
#6836 = VERTEX_POINT ( 'NONE', #314 ) ;
#6837 = VERTEX_POINT ( 'NONE', #1119 ) ;
#6838 = LINE ( 'NONE', #1266, #5326 ) ;
#6839 = PLANE ( 'NONE',  #6138 ) ;
#6840 = CARTESIAN_POINT ( 'NONE',  ( 1.524999999999999900, -1.550000000000000300, 0.0000000000000000000 ) ) ;
#6841 = VERTEX_POINT ( 'NONE', #2526 ) ;
#6842 = ORIENTED_EDGE ( 'NONE', *, *, #6077, .F. ) ;
#6843 = EDGE_CURVE ( 'NONE', #4626, #7051, #6699, .T. ) ;
#6844 = PRESENTATION_LAYER_ASSIGNMENT (  '', '', ( #6359 ) ) ;
#6845 = LINE ( 'NONE', #1552, #5107 ) ;
#6846 = CARTESIAN_POINT ( 'NONE',  ( 0.03404548842395866600, -0.01885082682407697800, 0.8009000000000000600 ) ) ;
#6847 = ADVANCED_FACE ( 'NONE', ( #6797 ), #7719, .T. ) ;
#6848 = PLANE ( 'NONE',  #8208 ) ;
#6849 = ORIENTED_EDGE ( 'NONE', *, *, #7906, .T. ) ;
#6850 = CARTESIAN_POINT ( 'NONE',  ( 0.0000000000000000000, 1.075000000000000000, 0.0000000000000000000 ) ) ;
#6851 = ORIENTED_EDGE ( 'NONE', *, *, #8713, .T. ) ;
#6852 = LINE ( 'NONE', #1818, #5834 ) ;
#6853 = VECTOR ( 'NONE', #6007, 1000.000000000000000 ) ;
#6854 = VERTEX_POINT ( 'NONE', #6921 ) ;
#6855 = EDGE_CURVE ( 'NONE', #7502, #4158, #8436, .T. ) ;
#6856 = FILL_AREA_STYLE ('',( #3242 ) ) ;
#6857 = EDGE_CURVE ( 'NONE', #3517, #2071, #1329, .T. ) ;
#6858 = DIRECTION ( 'NONE',  ( 0.0000000000000000000, -1.000000000000000000, 0.0000000000000000000 ) ) ;
#6859 = AXIS2_PLACEMENT_3D ( 'NONE', #4128, #6507, #1228 ) ;
#6860 = ORIENTED_EDGE ( 'NONE', *, *, #5394, .T. ) ;
#6861 = ORIENTED_EDGE ( 'NONE', *, *, #5291, .T. ) ;
#6862 = FACE_OUTER_BOUND ( 'NONE', #4136, .T. ) ;
#6863 = DIRECTION ( 'NONE',  ( -0.0000000000000000000, 0.0000000000000000000, 1.000000000000000000 ) ) ;
#6864 = VECTOR ( 'NONE', #6614, 1000.000000000000000 ) ;
#6866 = ORIENTED_EDGE ( 'NONE', *, *, #8276, .F. ) ;
#6865 = CARTESIAN_POINT ( 'NONE',  ( 1.740000000000000000, -1.865000000000000200, 0.8000000000000000400 ) ) ;
#6867 = MANIFOLD_SOLID_BREP ( 'Boss-Extrude8', #5509 ) ;
#6868 = VERTEX_POINT ( 'NONE', #1046 ) ;
#6869 = CARTESIAN_POINT ( 'NONE',  ( 1.750000000000000000, 0.03309999999999999700, 0.2030000000000000100 ) ) ;
#6870 = ORIENTED_EDGE ( 'NONE', *, *, #3374, .F. ) ;
#6871 = VECTOR ( 'NONE', #5510, 1000.000000000000000 ) ;
#6872 = DIRECTION ( 'NONE',  ( 1.000000000000000000, 0.0000000000000000000, 0.0000000000000000000 ) ) ;
#6873 = CARTESIAN_POINT ( 'NONE',  ( -0.8580999999999999700, 1.875000000000000000, 0.2030000000000000100 ) ) ;
#6874 = CIRCLE ( 'NONE', #2618, 0.04998625954667031100 ) ;
#6875 = CARTESIAN_POINT ( 'NONE',  ( -1.712530996695474900, -0.1000137500639230600, 0.2030000000000000100 ) ) ;
#6876 = DIRECTION ( 'NONE',  ( -1.000000000000000000, 0.0000000000000000000, 0.0000000000000000000 ) ) ;
#6877 = SURFACE_STYLE_USAGE ( .BOTH. , #9058 ) ;
#6878 = ORIENTED_EDGE ( 'NONE', *, *, #4077, .F. ) ;
#6879 = ORIENTED_EDGE ( 'NONE', *, *, #6272, .F. ) ;
#6880 = VECTOR ( 'NONE', #5700, 1000.000000000000000 ) ;
#6881 = ORIENTED_EDGE ( 'NONE', *, *, #1934, .T. ) ;
#6882 = DIRECTION ( 'NONE',  ( 0.0000000000000000000, -1.000000000000000000, 0.0000000000000000000 ) ) ;
#6883 = SURFACE_STYLE_USAGE ( .BOTH. , #1682 ) ;
#6884 = PLANE ( 'NONE',  #557 ) ;
#6885 = DIRECTION ( 'NONE',  ( -0.0000000000000000000, -0.0000000000000000000, -1.000000000000000000 ) ) ;
#6886 = AXIS2_PLACEMENT_3D ( 'NONE', #6174, #6917, #3800 ) ;
#6887 = DIRECTION ( 'NONE',  ( 0.0000000000000000000, 1.000000000000000000, -0.0000000000000000000 ) ) ;
#6888 = EDGE_CURVE ( 'NONE', #2530, #9261, #1799, .T. ) ;
#6889 = VERTEX_POINT ( 'NONE', #1748 ) ;
#6890 = SURFACE_STYLE_USAGE ( .BOTH. , #5495 ) ;
#6891 = LINE ( 'NONE', #157, #3861 ) ;
#6892 = CARTESIAN_POINT ( 'NONE',  ( 0.3737832091245749100, -0.0003031493991278053000, 0.2030000000000000100 ) ) ;
#6893 = DIRECTION ( 'NONE',  ( 1.000000000000000000, 0.0000000000000000000, 0.0000000000000000000 ) ) ;
#6894 = ORIENTED_EDGE ( 'NONE', *, *, #3460, .F. ) ;
#6895 = DIRECTION ( 'NONE',  ( -0.0000000000000000000, -0.0000000000000000000, -1.000000000000000000 ) ) ;
#6896 = CARTESIAN_POINT ( 'NONE',  ( 0.0000000000000000000, 0.0000000000000000000, 0.2030000000000000100 ) ) ;
#6897 = DIRECTION ( 'NONE',  ( -0.0000000000000000000, -0.0000000000000000000, -1.000000000000000000 ) ) ;
#6898 = VERTEX_POINT ( 'NONE', #4084 ) ;
#6899 = ADVANCED_FACE ( 'NONE', ( #9008 ), #3238, .F. ) ;
#6900 =( GEOMETRIC_REPRESENTATION_CONTEXT ( 3 ) GLOBAL_UNCERTAINTY_ASSIGNED_CONTEXT ( ( #820 ) ) GLOBAL_UNIT_ASSIGNED_CONTEXT ( ( #7244, #6977, #4268 ) ) REPRESENTATION_CONTEXT ( 'NONE', 'WORKASPACE' ) );
#6901 = CIRCLE ( 'NONE', #7286, 0.09999992529250952000 ) ;
#6902 = DIRECTION ( 'NONE',  ( -0.0000000000000000000, -0.0000000000000000000, -1.000000000000000000 ) ) ;
#6903 = EDGE_CURVE ( 'NONE', #1909, #2250, #3307, .T. ) ;
#6904 = ORIENTED_EDGE ( 'NONE', *, *, #3402, .F. ) ;
#6905 = AXIS2_PLACEMENT_3D ( 'NONE', #7489, #2296, #3043 ) ;
#6906 = DIRECTION ( 'NONE',  ( -1.000000000000000000, 1.084202982466344400E-015, 0.0000000000000000000 ) ) ;
#6907 = CARTESIAN_POINT ( 'NONE',  ( 0.8749000000000002300, 1.376700000000000300, 0.04999999999999999600 ) ) ;
#6908 = CARTESIAN_POINT ( 'NONE',  ( -1.740000000000000000, 1.616775933925918000, 0.2030000000000000100 ) ) ;
#6909 = CARTESIAN_POINT ( 'NONE',  ( 0.8249637500639232000, 1.837420233362311800, 0.2030000000000000100 ) ) ;
#6910 = VERTEX_POINT ( 'NONE', #1883 ) ;
#6911 = DIRECTION ( 'NONE',  ( 1.000000000000000000, 0.0000000000000000000, 0.0000000000000000000 ) ) ;
#6912 = CYLINDRICAL_SURFACE ( 'NONE', #261, 0.04999996264625481600 ) ;
#6913 = ORIENTED_EDGE ( 'NONE', *, *, #2193, .F. ) ;
#6914 = CYLINDRICAL_SURFACE ( 'NONE', #5655, 0.04998625954667008900 ) ;
#6915 = EDGE_CURVE ( 'NONE', #900, #7862, #9616, .T. ) ;
#6916 = DIRECTION ( 'NONE',  ( 1.000000000000000000, 0.0000000000000000000, 0.0000000000000000000 ) ) ;
#6917 = DIRECTION ( 'NONE',  ( -0.0000000000000000000, 0.0000000000000000000, 1.000000000000000000 ) ) ;
#6918 = PRESENTATION_LAYER_ASSIGNMENT (  '', '', ( #1237 ) ) ;
#6919 = CARTESIAN_POINT ( 'NONE',  ( 0.3250000000000000700, 1.325000000000000000, 0.0000000000000000000 ) ) ;
#6920 = ORIENTED_EDGE ( 'NONE', *, *, #4464, .T. ) ;
#6921 = CARTESIAN_POINT ( 'NONE',  ( -0.5999999999999999800, -1.350000000000000100, 0.04999999999999999600 ) ) ;
#6922 = ORIENTED_EDGE ( 'NONE', *, *, #985, .T. ) ;
#6923 = EDGE_LOOP ( 'NONE', ( #892, #5299, #2985, #7099 ) ) ;
#6924 = LINE ( 'NONE', #1509, #1688 ) ;
#6925 = FILL_AREA_STYLE ('',( #5396 ) ) ;
#6926 = ORIENTED_EDGE ( 'NONE', *, *, #8599, .F. ) ;
#6927 = EDGE_CURVE ( 'NONE', #6158, #1048, #5891, .T. ) ;
#6928 = CARTESIAN_POINT ( 'NONE',  ( 0.1000000000000000100, -0.9000000000000001300, 0.2030000000000000100 ) ) ;
#6929 = CARTESIAN_POINT ( 'NONE',  ( -0.1228558884447634600, 0.1356073488154271600, 0.8009000000000000600 ) ) ;
#6930 = AXIS2_PLACEMENT_3D ( 'NONE', #3939, #969, #6133 ) ;
#6931 = DIRECTION ( 'NONE',  ( -0.0000000000000000000, 0.0000000000000000000, 1.000000000000000000 ) ) ;
#6932 = ORIENTED_EDGE ( 'NONE', *, *, #3908, .T. ) ;
#6933 = VECTOR ( 'NONE', #9402, 1000.000000000000000 ) ;
#6934 = DIRECTION ( 'NONE',  ( 0.0000000000000000000, -0.0000000000000000000, 1.000000000000000000 ) ) ;
#6935 = PLANE ( 'NONE',  #6790 ) ;
#6936 = ORIENTED_EDGE ( 'NONE', *, *, #2364, .T. ) ;
#6937 = DIRECTION ( 'NONE',  ( -0.0000000000000000000, -0.0000000000000000000, -1.000000000000000000 ) ) ;
#6938 = DIRECTION ( 'NONE',  ( -0.0000000000000000000, 0.0000000000000000000, 1.000000000000000000 ) ) ;
#6939 = VERTEX_POINT ( 'NONE', #9329 ) ;
#6940 = DIRECTION ( 'NONE',  ( 0.0000000000000000000, -0.0000000000000000000, -1.000000000000000000 ) ) ;
#6941 = CARTESIAN_POINT ( 'NONE',  ( 0.3750000000000000000, 1.837499999999999900, 0.2030000000000000100 ) ) ;
#6942 = VERTEX_POINT ( 'NONE', #2680 ) ;
#6943 = VECTOR ( 'NONE', #4602, 1000.000000000000000 ) ;
#6944 = CARTESIAN_POINT ( 'NONE',  ( 1.750000000000000000, 0.0000000000000000000, 0.2030000000000000100 ) ) ;
#6945 = CIRCLE ( 'NONE', #8889, 0.04998625954667008900 ) ;
#6946 = AXIS2_PLACEMENT_3D ( 'NONE', #5463, #889, #8397 ) ;
#6947 = ORIENTED_EDGE ( 'NONE', *, *, #5421, .T. ) ;
#6948 = EDGE_CURVE ( 'NONE', #6293, #8266, #7159, .T. ) ;
#6949 = ADVANCED_FACE ( 'NONE', ( #9124 ), #7399, .T. ) ;
#6950 = ORIENTED_EDGE ( 'NONE', *, *, #5306, .F. ) ;
#6951 = PLANE ( 'NONE',  #3930 ) ;
#6952 = CARTESIAN_POINT ( 'NONE',  ( -0.2750000000000000200, -1.837499999999999900, 0.2030000000000000100 ) ) ;
#6953 = CIRCLE ( 'NONE', #7257, 0.04998625954667031100 ) ;
#6954 = CARTESIAN_POINT ( 'NONE',  ( -1.740000000000000000, -0.1417759339259178900, 0.2030000000000000100 ) ) ;
#6955 = DIRECTION ( 'NONE',  ( 0.0000000000000000000, -0.0000000000000000000, 1.000000000000000000 ) ) ;
#6956 = CARTESIAN_POINT ( 'NONE',  ( -0.2000000000000000100, -1.000000000000000000, 0.04999999999999999600 ) ) ;
#6957 = DIRECTION ( 'NONE',  ( 1.000000000000000000, 0.0000000000000000000, 0.0000000000000000000 ) ) ;
#6958 = ORIENTED_EDGE ( 'NONE', *, *, #4710, .T. ) ;
#6959 = VERTEX_POINT ( 'NONE', #1150 ) ;
#6960 = DIRECTION ( 'NONE',  ( 1.000000000000000000, 0.0000000000000000000, 0.0000000000000000000 ) ) ;
#6961 = EDGE_LOOP ( 'NONE', ( #1036, #5560, #841, #3386 ) ) ;
#6962 = VERTEX_POINT ( 'NONE', #4997 ) ;
#6963 = AXIS2_PLACEMENT_3D ( 'NONE', #8718, #9545, #9581 ) ;
#6964 = LINE ( 'NONE', #939, #9407 ) ;
#6965 = EDGE_CURVE ( 'NONE', #7905, #2658, #6441, .T. ) ;
#6966 = EDGE_CURVE ( 'NONE', #8371, #1538, #2026, .T. ) ;
#6967 = CARTESIAN_POINT ( 'NONE',  ( -0.2750000000000000200, -1.000000000000000000, 0.2030000000000000100 ) ) ;
#6968 = CARTESIAN_POINT ( 'NONE',  ( -1.224999981323120500, 1.050000018676879400, 0.2030000000000000100 ) ) ;
#6969 = EDGE_LOOP ( 'NONE', ( #6644, #1430, #1768, #5141 ) ) ;
#6970 = ORIENTED_EDGE ( 'NONE', *, *, #955, .F. ) ;
#6971 = DIRECTION ( 'NONE',  ( -0.0000000000000000000, -0.0000000000000000000, -1.000000000000000000 ) ) ;
#6972 =( NAMED_UNIT ( * ) PLANE_ANGLE_UNIT ( ) SI_UNIT ( $, .RADIAN. ) );
#6973 = ORIENTED_EDGE ( 'NONE', *, *, #4923, .T. ) ;
#6974 = CARTESIAN_POINT ( 'NONE',  ( 0.6250000000000000000, 1.837499999999999900, 0.04999999999999999600 ) ) ;
#6975 = CARTESIAN_POINT ( 'NONE',  ( 1.740000000000000000, 0.3332240660740821100, 0.04999999999999999600 ) ) ;
#6976 = DIRECTION ( 'NONE',  ( -0.0000000000000000000, -0.0000000000000000000, -1.000000000000000000 ) ) ;
#6977 =( NAMED_UNIT ( * ) PLANE_ANGLE_UNIT ( ) SI_UNIT ( $, .RADIAN. ) );
#6978 = DIRECTION ( 'NONE',  ( 1.000000000000000000, 0.0000000000000000000, -0.0000000000000000000 ) ) ;
#6979 = EDGE_CURVE ( 'NONE', #3072, #2339, #4230, .T. ) ;
#6980 = VERTEX_POINT ( 'NONE', #7193 ) ;
#6981 = AXIS2_PLACEMENT_3D ( 'NONE', #6480, #7989, #2727 ) ;
#6982 = ORIENTED_EDGE ( 'NONE', *, *, #2300, .T. ) ;
#6983 = AXIS2_PLACEMENT_3D ( 'NONE', #6498, #7255, #7223 ) ;
#6984 = VECTOR ( 'NONE', #755, 1000.000000000000000 ) ;
#6985 = LINE ( 'NONE', #9516, #8038 ) ;
#6986 = CARTESIAN_POINT ( 'NONE',  ( 0.0000000000000000000, 1.875000000000000000, 0.2030000000000000100 ) ) ;
#6987 = DIRECTION ( 'NONE',  ( -0.0000000000000000000, -0.0000000000000000000, -1.000000000000000000 ) ) ;
#6988 = VERTEX_POINT ( 'NONE', #9389 ) ;
#6989 = ORIENTED_EDGE ( 'NONE', *, *, #6788, .F. ) ;
#6990 = VECTOR ( 'NONE', #7112, 1000.000000000000000 ) ;
#6991 = DIRECTION ( 'NONE',  ( 0.0000000000000000000, 1.000000000000000000, -0.0000000000000000000 ) ) ;
#6992 = EDGE_CURVE ( 'NONE', #9311, #6939, #2261, .T. ) ;
#6993 = LINE ( 'NONE', #1725, #6760 ) ;
#6994 =( NAMED_UNIT ( * ) SI_UNIT ( $, .STERADIAN. ) SOLID_ANGLE_UNIT ( ) );
#6995 = LINE ( 'NONE', #8677, #3957 ) ;
#6996 = CARTESIAN_POINT ( 'NONE',  ( -0.3750000000000000000, 1.375000000000000000, 0.0000000000000000000 ) ) ;
#6997 = ORIENTED_EDGE ( 'NONE', *, *, #2377, .T. ) ;
#6998 = ORIENTED_EDGE ( 'NONE', *, *, #6092, .F. ) ;
#6999 = DIRECTION ( 'NONE',  ( 1.000000000000000000, 0.0000000000000000000, -0.0000000000000000000 ) ) ;
#7000 = LINE ( 'NONE', #4244, #8977 ) ;
#7001 = FILL_AREA_STYLE ('',( #1093 ) ) ;
#7002 = DIRECTION ( 'NONE',  ( 0.0000000000000000000, -0.0000000000000000000, 1.000000000000000000 ) ) ;
#7003 = VECTOR ( 'NONE', #8311, 1000.000000000000000 ) ;
#7004 = FACE_OUTER_BOUND ( 'NONE', #2479, .T. ) ;
#7005 = ADVANCED_FACE ( 'NONE', ( #5173, #7967, #3766 ), #2709, .F. ) ;
#7006 = ORIENTED_EDGE ( 'NONE', *, *, #7689, .F. ) ;
#7007 = PLANE ( 'NONE',  #5567 ) ;
#7008 = PRESENTATION_LAYER_ASSIGNMENT (  '', '', ( #862 ) ) ;
#7009 = CARTESIAN_POINT ( 'NONE',  ( 1.712500000000000100, 0.5749999999999999600, 0.04999999999999999600 ) ) ;
#7010 = ORIENTED_EDGE ( 'NONE', *, *, #1286, .F. ) ;
#7011 = LINE ( 'NONE', #8931, #1050 ) ;
#7012 = CARTESIAN_POINT ( 'NONE',  ( -0.05829795300000000000, -0.1856274672000000100, 0.8009000000000000600 ) ) ;
#7013 = CARTESIAN_POINT ( 'NONE',  ( 0.0000000000000000000, -0.1856274672000000100, 0.8009000000000000600 ) ) ;
#7014 = EDGE_CURVE ( 'NONE', #2761, #8691, #611, .T. ) ;
#7015 = DIRECTION ( 'NONE',  ( 1.000000000000000000, 0.0000000000000000000, 0.0000000000000000000 ) ) ;
#7016 = VECTOR ( 'NONE', #4842, 1000.000000000000000 ) ;
#7017 = VECTOR ( 'NONE', #8934, 1000.000000000000000 ) ;
#7018 = VERTEX_POINT ( 'NONE', #389 ) ;
#7019 = VERTEX_POINT ( 'NONE', #2074 ) ;
#7020 = VECTOR ( 'NONE', #1642, 1000.000000000000000 ) ;
#7021 = DIRECTION ( 'NONE',  ( 0.0000000000000000000, -0.0000000000000000000, 1.000000000000000000 ) ) ;
#7022 = LINE ( 'NONE', #5857, #2596 ) ;
#7023 = ORIENTED_EDGE ( 'NONE', *, *, #753, .F. ) ;
#7024 = AXIS2_PLACEMENT_3D ( 'NONE', #8451, #7811, #3952 ) ;
#7025 = CARTESIAN_POINT ( 'NONE',  ( -0.6332871284771444100, 1.865000000000000200, 0.2030000000000000100 ) ) ;
#7026 = EDGE_CURVE ( 'NONE', #2414, #3431, #5765, .T. ) ;
#7027 = EDGE_CURVE ( 'NONE', #9333, #1456, #8426, .T. ) ;
#7028 = DIRECTION ( 'NONE',  ( 1.000000000000000000, 0.0000000000000000000, 0.0000000000000000000 ) ) ;
#7029 = CARTESIAN_POINT ( 'NONE',  ( 1.516712871522855500, -1.865000000000000200, 0.2030000000000000100 ) ) ;
#7030 = CARTESIAN_POINT ( 'NONE',  ( 0.3750000000000000000, 1.837499999999999900, 0.04999999999999999600 ) ) ;
#7031 = EDGE_LOOP ( 'NONE', ( #6650, #6376, #1667, #3061, #7302, #5268 ) ) ;
#7032 = VECTOR ( 'NONE', #865, 1000.000000000000000 ) ;
#7033 = LINE ( 'NONE', #7119, #6445 ) ;
#7034 = CARTESIAN_POINT ( 'NONE',  ( 1.740000000000000000, -1.865000000000000200, 0.05000000000000000300 ) ) ;
#7035 =( LENGTH_UNIT ( ) NAMED_UNIT ( * ) SI_UNIT ( .MILLI., .METRE. ) );
#7036 = AXIS2_PLACEMENT_3D ( 'NONE', #2911, #7328, #2111 ) ;
#7037 = VERTEX_POINT ( 'NONE', #1190 ) ;
#7038 = EDGE_CURVE ( 'NONE', #2764, #6980, #4354, .T. ) ;
#7039 = ORIENTED_EDGE ( 'NONE', *, *, #6140, .F. ) ;
#7040 = EDGE_CURVE ( 'NONE', #6095, #7184, #7856, .T. ) ;
#7041 = ORIENTED_EDGE ( 'NONE', *, *, #5992, .F. ) ;
#7042 = ORIENTED_EDGE ( 'NONE', *, *, #5978, .F. ) ;
#7043 = FILL_AREA_STYLE_COLOUR ( '', #5748 ) ;
#7044 = VERTEX_POINT ( 'NONE', #8811 ) ;
#7045 = LINE ( 'NONE', #1092, #5061 ) ;
#7046 = PLANE ( 'NONE',  #3365 ) ;
#7047 = CARTESIAN_POINT ( 'NONE',  ( 0.0000000000000000000, -0.5000000000000000000, 0.2030000000000000100 ) ) ;
#7048 = DIRECTION ( 'NONE',  ( -0.0000000000000000000, 0.0000000000000000000, -1.000000000000000000 ) ) ;
#7049 = ORIENTED_EDGE ( 'NONE', *, *, #4800, .T. ) ;
#7050 = ORIENTED_EDGE ( 'NONE', *, *, #3538, .F. ) ;
#7051 = VERTEX_POINT ( 'NONE', #5165 ) ;
#7052 = ORIENTED_EDGE ( 'NONE', *, *, #2310, .T. ) ;
#7053 = VECTOR ( 'NONE', #3155, 1000.000000000000000 ) ;
#7054 = UNCERTAINTY_MEASURE_WITH_UNIT (LENGTH_MEASURE( 1.000000000000000100E-005 ), #1387, 'distance_accuracy_value', 'NONE');
#7055 = ADVANCED_FACE ( 'NONE', ( #8312 ), #6912, .T. ) ;
#7056 = CARTESIAN_POINT ( 'NONE',  ( 0.6250000000000000000, 0.0000000000000000000, 0.2030000000000000100 ) ) ;
#7057 = VECTOR ( 'NONE', #3810, 1000.000000000000000 ) ;
#7058 = DIRECTION ( 'NONE',  ( -1.000000000000000000, 0.0000000000000000000, 0.0000000000000000000 ) ) ;
#7059 = AXIS2_PLACEMENT_3D ( 'NONE', #9620, #7415, #5308 ) ;
#7060 = FILL_AREA_STYLE ('',( #4512 ) ) ;
#7061 =( GEOMETRIC_REPRESENTATION_CONTEXT ( 3 ) GLOBAL_UNCERTAINTY_ASSIGNED_CONTEXT ( ( #7661 ) ) GLOBAL_UNIT_ASSIGNED_CONTEXT ( ( #8424, #9198, #6994 ) ) REPRESENTATION_CONTEXT ( 'NONE', 'WORKASPACE' ) );
#7062 = DIRECTION ( 'NONE',  ( 0.0000000000000000000, 1.000000000000000000, 0.0000000000000000000 ) ) ;
#7063 = ORIENTED_EDGE ( 'NONE', *, *, #957, .F. ) ;
#7064 = DIRECTION ( 'NONE',  ( -1.000000000000000000, 0.0000000000000000000, 0.0000000000000000000 ) ) ;
#7065 = DIRECTION ( 'NONE',  ( 1.000000000000000000, 0.0000000000000000000, 0.0000000000000000000 ) ) ;
#7066 = VERTEX_POINT ( 'NONE', #8003 ) ;
#7067 = CIRCLE ( 'NONE', #3822, 0.04998625954667031100 ) ;
#7068 = CYLINDRICAL_SURFACE ( 'NONE', #7718, 0.05003631351710512200 ) ;
#7069 = DIRECTION ( 'NONE',  ( 1.000000000000000000, 0.0000000000000000000, 0.0000000000000000000 ) ) ;
#7070 = CARTESIAN_POINT ( 'NONE',  ( 0.05961128720910814600, 0.1930581822864809200, 0.8008000000000000700 ) ) ;
#7071 = ORIENTED_EDGE ( 'NONE', *, *, #4557, .T. ) ;
#7072 = AXIS2_PLACEMENT_3D ( 'NONE', #223, #6987, #1743 ) ;
#7073 = CARTESIAN_POINT ( 'NONE',  ( -0.1000000000000000100, 0.0000000000000000000, 0.2030000000000000100 ) ) ;
#7074 = ORIENTED_EDGE ( 'NONE', *, *, #4987, .F. ) ;
#7075 = VECTOR ( 'NONE', #8607, 1000.000000000000000 ) ;
#7076 = CARTESIAN_POINT ( 'NONE',  ( -1.740000000000000000, -1.865000000000000200, 0.05000000000000000300 ) ) ;
#7077 = LINE ( 'NONE', #5676, #3211 ) ;
#7078 = DIRECTION ( 'NONE',  ( -0.0000000000000000000, -0.0000000000000000000, -1.000000000000000000 ) ) ;
#7079 = DIRECTION ( 'NONE',  ( 1.000000000000000000, 0.0000000000000000000, 0.0000000000000000000 ) ) ;
#7080 = CARTESIAN_POINT ( 'NONE',  ( 0.0000000000000000000, 1.625000000000000200, 0.0000000000000000000 ) ) ;
#7081 = DIRECTION ( 'NONE',  ( 0.0000000000000000000, -1.000000000000000000, 0.0000000000000000000 ) ) ;
#7082 = DIRECTION ( 'NONE',  ( -1.000000000000000000, 0.0000000000000000000, 0.0000000000000000000 ) ) ;
#7083 = ORIENTED_EDGE ( 'NONE', *, *, #2895, .F. ) ;
#7084 = ORIENTED_EDGE ( 'NONE', *, *, #3615, .T. ) ;
#7085 = ORIENTED_EDGE ( 'NONE', *, *, #1663, .F. ) ;
#7086 = CARTESIAN_POINT ( 'NONE',  ( -1.588079297753362200, 1.546851659654180400, 0.7500000000000000000 ) ) ;
#7087 = FACE_OUTER_BOUND ( 'NONE', #5428, .T. ) ;
#7088 = EDGE_CURVE ( 'NONE', #4389, #7727, #1914, .T. ) ;
#7089 = EDGE_CURVE ( 'NONE', #9414, #2991, #3995, .T. ) ;
#7090 = CARTESIAN_POINT ( 'NONE',  ( 0.0000000000000000000, -1.200000000000000000, 0.05000000000000000300 ) ) ;
#7091 = VERTEX_POINT ( 'NONE', #8097 ) ;
#7092 = DIRECTION ( 'NONE',  ( -0.0000000000000000000, -0.0000000000000000000, -1.000000000000000000 ) ) ;
#7093 = VERTEX_POINT ( 'NONE', #8873 ) ;
#7094 = CARTESIAN_POINT ( 'NONE',  ( -1.486479297753362500, 1.546851659654180400, 0.7500000000000000000 ) ) ;
#7095 = DIRECTION ( 'NONE',  ( -0.0000000000000000000, -0.0000000000000000000, -1.000000000000000000 ) ) ;
#7096 = CIRCLE ( 'NONE', #1760, 0.04998625954667031100 ) ;
#7097 =( NAMED_UNIT ( * ) PLANE_ANGLE_UNIT ( ) SI_UNIT ( $, .RADIAN. ) );
#7098 = STYLED_ITEM ( 'NONE', ( #6564 ), #7277 ) ;
#7099 = ORIENTED_EDGE ( 'NONE', *, *, #1618, .F. ) ;
#7100 = ORIENTED_EDGE ( 'NONE', *, *, #6587, .F. ) ;
#7101 = EDGE_CURVE ( 'NONE', #67, #2874, #6572, .T. ) ;
#7102 = EDGE_CURVE ( 'NONE', #6889, #3614, #3884, .T. ) ;
#7103 = LINE ( 'NONE', #1882, #9302 ) ;
#7104 = DIRECTION ( 'NONE',  ( -0.0000000000000000000, -0.0000000000000000000, -1.000000000000000000 ) ) ;
#7105 = DIRECTION ( 'NONE',  ( -0.0000000000000000000, -0.0000000000000000000, -1.000000000000000000 ) ) ;
#7106 = SURFACE_STYLE_FILL_AREA ( #6925 ) ;
#7108 = ORIENTED_EDGE ( 'NONE', *, *, #1269, .F. ) ;
#7107 = DIRECTION ( 'NONE',  ( -0.0000000000000000000, -0.0000000000000000000, -1.000000000000000000 ) ) ;
#7109 = ADVANCED_FACE ( 'NONE', ( #4933 ), #5865, .T. ) ;
#7110 = CARTESIAN_POINT ( 'NONE',  ( 0.6332240660740823300, 1.865000000000000200, 0.2030000000000000100 ) ) ;
#7111 = ORIENTED_EDGE ( 'NONE', *, *, #3503, .T. ) ;
#7112 = DIRECTION ( 'NONE',  ( 0.0007999997439988406400, 0.9999996800001536000, 0.0000000000000000000 ) ) ;
#7113 = EDGE_LOOP ( 'NONE', ( #773, #398, #8388, #8333, #6365, #5136 ) ) ;
#7114 = FACE_OUTER_BOUND ( 'NONE', #5540, .T. ) ;
#7115 = DIRECTION ( 'NONE',  ( -0.0000000000000000000, -0.0000000000000000000, -1.000000000000000000 ) ) ;
#7116 = SURFACE_STYLE_FILL_AREA ( #3768 ) ;
#7117 = CARTESIAN_POINT ( 'NONE',  ( 0.2750000000000000200, -0.0000000000000000000, 0.05000000000000000300 ) ) ;
#7118 = CIRCLE ( 'NONE', #5293, 0.04999996264625471100 ) ;
#7119 = CARTESIAN_POINT ( 'NONE',  ( 0.2750000000000000200, 0.0000000000000000000, 0.0000000000000000000 ) ) ;
#7120 = EDGE_CURVE ( 'NONE', #5179, #5357, #6342, .T. ) ;
#7121 = AXIS2_PLACEMENT_3D ( 'NONE', #5653, #4917, #4855 ) ;
#7122 = ORIENTED_EDGE ( 'NONE', *, *, #9542, .T. ) ;
#7123 = VECTOR ( 'NONE', #4453, 1000.000000000000000 ) ;
#7124 = CARTESIAN_POINT ( 'NONE',  ( 0.2667128715228555500, -1.865000000000000200, 0.2030000000000000100 ) ) ;
#7125 = DIRECTION ( 'NONE',  ( -0.4852412748397459400, -0.8743802978063366400, 0.0000000000000000000 ) ) ;
#7126 = CARTESIAN_POINT ( 'NONE',  ( -0.2750000000000000200, 0.0000000000000000000, 0.2030000000000000100 ) ) ;
#7127 = DIRECTION ( 'NONE',  ( 1.000000000000000000, 0.0000000000000000000, 0.0000000000000000000 ) ) ;
#7128 = VECTOR ( 'NONE', #5601, 1000.000000000000000 ) ;
#7129 = CARTESIAN_POINT ( 'NONE',  ( -1.175036249936076700, 1.837420233362311800, 0.0000000000000000000 ) ) ;
#7130 = VERTEX_POINT ( 'NONE', #3613 ) ;
#7131 = DIRECTION ( 'NONE',  ( 0.0000000000000000000, -0.0000000000000000000, -1.000000000000000000 ) ) ;
#7132 = ORIENTED_EDGE ( 'NONE', *, *, #3928, .T. ) ;
#7133 = LINE ( 'NONE', #2740, #2924 ) ;
#7134 =( GEOMETRIC_REPRESENTATION_CONTEXT ( 3 ) GLOBAL_UNCERTAINTY_ASSIGNED_CONTEXT ( ( #8192 ) ) GLOBAL_UNIT_ASSIGNED_CONTEXT ( ( #3010, #7565, #4488 ) ) REPRESENTATION_CONTEXT ( 'NONE', 'WORKASPACE' ) );
#7135 = SURFACE_STYLE_FILL_AREA ( #5674 ) ;
#7136 = CARTESIAN_POINT ( 'NONE',  ( -1.712500000000000100, 1.075000000000000000, 0.2030000000000000100 ) ) ;
#7137 = VECTOR ( 'NONE', #1485, 1000.000000000000000 ) ;
#7138 = VERTEX_POINT ( 'NONE', #8128 ) ;
#7139 = ORIENTED_EDGE ( 'NONE', *, *, #3266, .F. ) ;
#7140 = VECTOR ( 'NONE', #8051, 1000.000000000000000 ) ;
#7141 = VECTOR ( 'NONE', #3241, 1000.000000000000000 ) ;
#7142 = ORIENTED_EDGE ( 'NONE', *, *, #4247, .T. ) ;
#7143 =( LENGTH_UNIT ( ) NAMED_UNIT ( * ) SI_UNIT ( .MILLI., .METRE. ) );
#7144 = AXIS2_PLACEMENT_3D ( 'NONE', #152, #3194, #8410 ) ;
#7145 = CARTESIAN_POINT ( 'NONE',  ( -0.5999999626462408900, 3.735375921879065300E-008, 0.0000000000000000000 ) ) ;
#7146 = DIRECTION ( 'NONE',  ( -1.000000000000000000, 0.0000000000000000000, 0.0000000000000000000 ) ) ;
#7147 = EDGE_CURVE ( 'NONE', #6310, #7991, #6107, .T. ) ;
#7148 = ORIENTED_EDGE ( 'NONE', *, *, #3297, .F. ) ;
#7149 = CARTESIAN_POINT ( 'NONE',  ( -1.125000000000000200, 0.0000000000000000000, 0.2030000000000000100 ) ) ;
#7150 = VECTOR ( 'NONE', #8570, 1000.000000000000000 ) ;
#7151 = LINE ( 'NONE', #5442, #6101 ) ;
#7152 = ORIENTED_EDGE ( 'NONE', *, *, #4621, .F. ) ;
#7153 = ORIENTED_EDGE ( 'NONE', *, *, #2704, .F. ) ;
#7154 = ADVANCED_FACE ( 'NONE', ( #8555 ), #1323, .F. ) ;
#7155 = CARTESIAN_POINT ( 'NONE',  ( -1.486479297753362500, 1.546851659654180400, 0.8000000000000000400 ) ) ;
#7156 = DIRECTION ( 'NONE',  ( -0.0000000000000000000, 0.0000000000000000000, 1.000000000000000000 ) ) ;
#7157 = AXIS2_PLACEMENT_3D ( 'NONE', #3412, #9360, #1247 ) ;
#7158 = CARTESIAN_POINT ( 'NONE',  ( -1.133287128477144400, 1.865000000000000200, 0.2030000000000000100 ) ) ;
#7159 = LINE ( 'NONE', #7158, #2950 ) ;
#7160 = EDGE_CURVE ( 'NONE', #7799, #2153, #2151, .T. ) ;
#7161 = ORIENTED_EDGE ( 'NONE', *, *, #7525, .T. ) ;
#7162 = EDGE_CURVE ( 'NONE', #2644, #5572, #365, .T. ) ;
#7163 = DIRECTION ( 'NONE',  ( -1.000000000000000000, 0.0000000000000000000, 0.0000000000000000000 ) ) ;
#7164 = SURFACE_STYLE_FILL_AREA ( #4073 ) ;
#7165 = DIRECTION ( 'NONE',  ( -0.0000000000000000000, -0.0000000000000000000, -1.000000000000000000 ) ) ;
#7166 = ORIENTED_EDGE ( 'NONE', *, *, #3688, .F. ) ;
#7167 = VECTOR ( 'NONE', #1786, 1000.000000000000000 ) ;
#7168 = ORIENTED_EDGE ( 'NONE', *, *, #1087, .T. ) ;
#7169 = CARTESIAN_POINT ( 'NONE',  ( -0.09995942674476344900, 0.2152124981999999900, 0.8009000000000000600 ) ) ;
#7170 = LINE ( 'NONE', #3687, #8911 ) ;
#7171 = CARTESIAN_POINT ( 'NONE',  ( 0.1999999252924816500, -0.9000000747075184200, 0.2030000000000000100 ) ) ;
#7172 = EDGE_CURVE ( 'NONE', #3564, #7905, #8898, .T. ) ;
#7173 = AXIS2_PLACEMENT_3D ( 'NONE', #4297, #5816, #5750 ) ;
#7174 = ORIENTED_EDGE ( 'NONE', *, *, #9355, .T. ) ;
#7175 = DIRECTION ( 'NONE',  ( 0.9996078894785148700, 0.02800120162259612400, 0.0000000000000000000 ) ) ;
#7176 = CARTESIAN_POINT ( 'NONE',  ( 0.0000000000000000000, -0.2999999999999999900, 0.05000000000000000300 ) ) ;
#7177 = PLANE ( 'NONE',  #7271 ) ;
#7178 = ORIENTED_EDGE ( 'NONE', *, *, #9078, .T. ) ;
#7179 = VECTOR ( 'NONE', #6332, 1000.000000000000000 ) ;
#7180 = CIRCLE ( 'NONE', #3596, 0.04999996264625481600 ) ;
#7181 = DIRECTION ( 'NONE',  ( 0.0000000000000000000, 1.000000000000000000, 0.0000000000000000000 ) ) ;
#7182 = ORIENTED_EDGE ( 'NONE', *, *, #8390, .T. ) ;
#7183 = EDGE_CURVE ( 'NONE', #5482, #6407, #8657, .T. ) ;
#7184 = VERTEX_POINT ( 'NONE', #8251 ) ;
#7185 = EDGE_CURVE ( 'NONE', #1568, #2196, #2710, .T. ) ;
#7186 = CARTESIAN_POINT ( 'NONE',  ( 1.712500000000000100, 1.325000000000000000, 0.04999999999999999600 ) ) ;
#7187 = DIRECTION ( 'NONE',  ( -0.0000000000000000000, -0.0000000000000000000, -1.000000000000000000 ) ) ;
#7188 = AXIS2_PLACEMENT_3D ( 'NONE', #2096, #1345, #6552 ) ;
#7189 = VECTOR ( 'NONE', #1487, 1000.000000000000000 ) ;
#7190 = LINE ( 'NONE', #4409, #5429 ) ;
#7191 = MECHANICAL_DESIGN_GEOMETRIC_PRESENTATION_REPRESENTATION (  '', ( #8186 ), #7061 ) ;
#7192 = FACE_OUTER_BOUND ( 'NONE', #3603, .T. ) ;
#7193 = CARTESIAN_POINT ( 'NONE',  ( 0.5500000000000000400, -1.399999999999999900, 0.04999999999999999600 ) ) ;
#7194 = DIRECTION ( 'NONE',  ( -0.0000000000000000000, -0.0000000000000000000, -1.000000000000000000 ) ) ;
#7195 = VERTEX_POINT ( 'NONE', #2205 ) ;
#7196 = DIRECTION ( 'NONE',  ( 1.000000000000000000, 0.0000000000000000000, 0.0000000000000000000 ) ) ;
#7197 = ORIENTED_EDGE ( 'NONE', *, *, #9078, .F. ) ;
#7198 = LINE ( 'NONE', #3949, #5696 ) ;
#7199 = AXIS2_PLACEMENT_3D ( 'NONE', #9155, #6978, #7048 ) ;
#7200 = ADVANCED_FACE ( 'NONE', ( #5166 ), #9024, .F. ) ;
#7201 = EDGE_LOOP ( 'NONE', ( #7881, #916, #7929, #1408 ) ) ;
#7202 = ORIENTED_EDGE ( 'NONE', *, *, #9269, .F. ) ;
#7203 = EDGE_LOOP ( 'NONE', ( #1495, #7762, #1003, #7812 ) ) ;
#7204 = CARTESIAN_POINT ( 'NONE',  ( 1.200000000000000000, 0.8750000000000000000, 0.04999999999999999600 ) ) ;
#7205 = VECTOR ( 'NONE', #7081, 1000.000000000000000 ) ;
#7206 = CARTESIAN_POINT ( 'NONE',  ( 0.2750000000000000200, -1.837499999999999900, 0.04999999999999999600 ) ) ;
#7207 = CARTESIAN_POINT ( 'NONE',  ( 0.04532966549999999800, -2.373629999999999800E-005, 0.8008000000000000700 ) ) ;
#7208 = SURFACE_SIDE_STYLE ('',( #3302 ) ) ;
#7209 = ORIENTED_EDGE ( 'NONE', *, *, #2909, .T. ) ;
#7210 = ORIENTED_EDGE ( 'NONE', *, *, #6714, .T. ) ;
#7211 = CARTESIAN_POINT ( 'NONE',  ( 1.750000000000000000, 0.5581000000000000400, 0.2030000000000000100 ) ) ;
#7212 = COLOUR_RGB ( '',1.000000000000000000, 1.000000000000000000, 1.000000000000000000 ) ;
#7213 = EDGE_CURVE ( 'NONE', #8632, #7712, #4814, .T. ) ;
#7214 = VECTOR ( 'NONE', #3859, 1000.000000000000000 ) ;
#7215 = EDGE_CURVE ( 'NONE', #5208, #728, #6901, .T. ) ;
#7216 = VERTEX_POINT ( 'NONE', #8161 ) ;
#7217 = DIRECTION ( 'NONE',  ( -0.0000000000000000000, 0.0000000000000000000, 1.000000000000000000 ) ) ;
#7218 = DIRECTION ( 'NONE',  ( 1.000000000000000000, 0.0000000000000000000, 0.0000000000000000000 ) ) ;
#7219 =( LENGTH_UNIT ( ) NAMED_UNIT ( * ) SI_UNIT ( .MILLI., .METRE. ) );
#7220 = ORIENTED_EDGE ( 'NONE', *, *, #3065, .T. ) ;
#7221 = ORIENTED_EDGE ( 'NONE', *, *, #5640, .T. ) ;
#7222 = SURFACE_STYLE_FILL_AREA ( #3442 ) ;
#7223 = DIRECTION ( 'NONE',  ( 1.000000000000000000, 0.0000000000000000000, 0.0000000000000000000 ) ) ;
#7224 = VECTOR ( 'NONE', #6440, 1000.000000000000000 ) ;
#7225 = DIRECTION ( 'NONE',  ( 1.000000000000000000, 0.0000000000000000000, 0.0000000000000000000 ) ) ;
#7226 = AXIS2_PLACEMENT_3D ( 'NONE', #8246, #1640, #3095 ) ;
#7227 = EDGE_LOOP ( 'NONE', ( #3758, #943, #7197, #6004 ) ) ;
#7228 = CARTESIAN_POINT ( 'NONE',  ( -1.524999999999999900, 0.0000000000000000000, 0.2030000000000000100 ) ) ;
#7229 = AXIS2_PLACEMENT_3D ( 'NONE', #2880, #2777, #3622 ) ;
#7230 = VERTEX_POINT ( 'NONE', #743 ) ;
#7231 = DIRECTION ( 'NONE',  ( -1.000000000000000000, -4.338000811896018200E-015, 0.0000000000000000000 ) ) ;
#7232 = CYLINDRICAL_SURFACE ( 'NONE', #8671, 0.02499998132312751500 ) ;
#7233 = LINE ( 'NONE', #6805, #796 ) ;
#7234 = CARTESIAN_POINT ( 'NONE',  ( 0.0000000000000000000, -1.875000000000000000, 0.2030000000000000100 ) ) ;
#7235 = VERTEX_POINT ( 'NONE', #2240 ) ;
#7236 = DIRECTION ( 'NONE',  ( 1.000000000000000000, 0.0000000000000000000, 0.0000000000000000000 ) ) ;
#7237 = EDGE_CURVE ( 'NONE', #3517, #323, #950, .T. ) ;
#7238 = CYLINDRICAL_SURFACE ( 'NONE', #3862, 0.04998625954667031100 ) ;
#7239 = PLANE ( 'NONE',  #3189 ) ;
#7240 = EDGE_CURVE ( 'NONE', #3728, #6889, #2701, .T. ) ;
#7241 = VERTEX_POINT ( 'NONE', #5227 ) ;
#7242 = AXIS2_PLACEMENT_3D ( 'NONE', #2143, #4446, #8220 ) ;
#7243 = AXIS2_PLACEMENT_3D ( 'NONE', #3243, #4782, #5609 ) ;
#7244 =( LENGTH_UNIT ( ) NAMED_UNIT ( * ) SI_UNIT ( .MILLI., .METRE. ) );
#7245 = VERTEX_POINT ( 'NONE', #3759 ) ;
#7246 = ADVANCED_FACE ( 'NONE', ( #3545 ), #2823, .T. ) ;
#7247 = CIRCLE ( 'NONE', #2617, 0.05003631351710525300 ) ;
#7248 = DIRECTION ( 'NONE',  ( 0.0000000000000000000, 1.000000000000000000, -0.0000000000000000000 ) ) ;
#7249 = CARTESIAN_POINT ( 'NONE',  ( 0.0000000000000000000, 0.0000000000000000000, 0.2030000000000000100 ) ) ;
#7250 = DIRECTION ( 'NONE',  ( -1.000000000000000000, 0.0000000000000000000, 0.0000000000000000000 ) ) ;
#7251 = LINE ( 'NONE', #2232, #9 ) ;
#7252 = ORIENTED_EDGE ( 'NONE', *, *, #7038, .F. ) ;
#7253 = CARTESIAN_POINT ( 'NONE',  ( -1.524999999999999900, -1.550000000000000300, 0.2030000000000000100 ) ) ;
#7254 = DIRECTION ( 'NONE',  ( 0.0000000000000000000, 1.000000000000000000, 0.0000000000000000000 ) ) ;
#7255 = DIRECTION ( 'NONE',  ( -0.0000000000000000000, 0.0000000000000000000, 1.000000000000000000 ) ) ;
#7256 = EDGE_CURVE ( 'NONE', #6817, #5821, #1439, .T. ) ;
#7257 = AXIS2_PLACEMENT_3D ( 'NONE', #4704, #8549, #2487 ) ;
#7258 = ORIENTED_EDGE ( 'NONE', *, *, #8642, .T. ) ;
#7259 = LINE ( 'NONE', #2614, #3286 ) ;
#7260 = VECTOR ( 'NONE', #2067, 1000.000000000000000 ) ;
#7261 = DIRECTION ( 'NONE',  ( -1.000000000000000000, 0.0000000000000000000, 0.0000000000000000000 ) ) ;
#7262 = ORIENTED_EDGE ( 'NONE', *, *, #1850, .T. ) ;
#7263 = DIRECTION ( 'NONE',  ( 1.000000000000000000, 0.0000000000000000000, 0.0000000000000000000 ) ) ;
#7264 = DIRECTION ( 'NONE',  ( -0.0000000000000000000, 0.0000000000000000000, 1.000000000000000000 ) ) ;
#7265 = DIRECTION ( 'NONE',  ( 0.0000000000000000000, -0.0000000000000000000, 1.000000000000000000 ) ) ;
#7266 = DIRECTION ( 'NONE',  ( -0.0000000000000000000, 0.0000000000000000000, -1.000000000000000000 ) ) ;
#7267 = ORIENTED_EDGE ( 'NONE', *, *, #8962, .F. ) ;
#7268 = CARTESIAN_POINT ( 'NONE',  ( 0.2000000000000000100, -1.200000000000000000, 0.04999999999999999600 ) ) ;
#7269 = CARTESIAN_POINT ( 'NONE',  ( 1.750000000000000000, 0.0000000000000000000, 0.0000000000000000000 ) ) ;
#7270 = EDGE_LOOP ( 'NONE', ( #1747, #4122, #1470, #9403 ) ) ;
#7271 = AXIS2_PLACEMENT_3D ( 'NONE', #8690, #3458, #4263 ) ;
#7272 = VECTOR ( 'NONE', #3223, 1000.000000000000000 ) ;
#7273 = CARTESIAN_POINT ( 'NONE',  ( 0.1200077991000000200, 0.1344677397000000100, 0.8008000000000000700 ) ) ;
#7274 = CARTESIAN_POINT ( 'NONE',  ( -1.712530996695474700, 1.374986249936076800, 0.2030000000000000100 ) ) ;
#7275 =( NAMED_UNIT ( * ) PLANE_ANGLE_UNIT ( ) SI_UNIT ( $, .RADIAN. ) );
#7276 = EDGE_CURVE ( 'NONE', #8703, #3360, #9232, .T. ) ;
#7277 = ADVANCED_FACE ( 'NONE', ( #7511 ), #6672, .F. ) ;
#7278 = DIRECTION ( 'NONE',  ( 0.0000000000000000000, -1.000000000000000000, 0.0000000000000000000 ) ) ;
#7279 = ORIENTED_EDGE ( 'NONE', *, *, #6979, .T. ) ;
#7280 = ORIENTED_EDGE ( 'NONE', *, *, #3118, .T. ) ;
#7281 = ORIENTED_EDGE ( 'NONE', *, *, #9235, .F. ) ;
#7282 = ORIENTED_EDGE ( 'NONE', *, *, #6218, .F. ) ;
#7283 = LINE ( 'NONE', #4908, #2724 ) ;
#7284 = CARTESIAN_POINT ( 'NONE',  ( -1.125000000000000200, -1.550000000000000300, 0.04999999999999999600 ) ) ;
#7285 = DIRECTION ( 'NONE',  ( -0.0000000000000000000, -0.0000000000000000000, -1.000000000000000000 ) ) ;
#7286 = AXIS2_PLACEMENT_3D ( 'NONE', #1554, #772, #7554 ) ;
#7287 = DIRECTION ( 'NONE',  ( -0.0000000000000000000, 0.0000000000000000000, 1.000000000000000000 ) ) ;
#7288 = EDGE_CURVE ( 'NONE', #6293, #618, #8302, .T. ) ;
#7289 = ORIENTED_EDGE ( 'NONE', *, *, #632, .F. ) ;
#7290 = EDGE_CURVE ( 'NONE', #7949, #3158, #357, .T. ) ;
#7291 = DIRECTION ( 'NONE',  ( 1.000000000000000000, 0.0000000000000000000, -0.0000000000000000000 ) ) ;
#7292 = CYLINDRICAL_SURFACE ( 'NONE', #9327, 0.05003631351710525300 ) ;
#7293 = ORIENTED_EDGE ( 'NONE', *, *, #5727, .F. ) ;
#7294 = ORIENTED_EDGE ( 'NONE', *, *, #72, .F. ) ;
#7295 = EDGE_LOOP ( 'NONE', ( #5592, #283, #8701, #8565 ) ) ;
#7296 = PLANE ( 'NONE',  #8423 ) ;
#7297 = VERTEX_POINT ( 'NONE', #970 ) ;
#7298 = VECTOR ( 'NONE', #2668, 1000.000000000000000 ) ;
#7299 = PLANE ( 'NONE',  #4227 ) ;
#7300 = VECTOR ( 'NONE', #327, 1000.000000000000000 ) ;
#7301 = DIRECTION ( 'NONE',  ( -0.0000000000000000000, -0.0000000000000000000, -1.000000000000000000 ) ) ;
#7302 = ORIENTED_EDGE ( 'NONE', *, *, #5992, .T. ) ;
#7303 = DIRECTION ( 'NONE',  ( -0.0000000000000000000, 0.0000000000000000000, 1.000000000000000000 ) ) ;
#7304 = ADVANCED_FACE ( 'NONE', ( #9114 ), #127, .T. ) ;
#7305 = ORIENTED_EDGE ( 'NONE', *, *, #3537, .T. ) ;
#7306 = UNCERTAINTY_MEASURE_WITH_UNIT (LENGTH_MEASURE( 1.000000000000000100E-005 ), #8445, 'distance_accuracy_value', 'NONE');
#7307 = DIRECTION ( 'NONE',  ( -0.0000000000000000000, 0.0000000000000000000, 1.000000000000000000 ) ) ;
#7308 = EDGE_CURVE ( 'NONE', #8576, #7805, #6685, .T. ) ;
#7309 = DIRECTION ( 'NONE',  ( -1.000000000000000000, 0.0000000000000000000, 0.0000000000000000000 ) ) ;
#7310 = CARTESIAN_POINT ( 'NONE',  ( -1.740000000000000000, 1.865000000000000200, 0.2029999999999999600 ) ) ;
#7311 = DIRECTION ( 'NONE',  ( 0.0000000000000000000, -0.0000000000000000000, 1.000000000000000000 ) ) ;
#7312 = DIRECTION ( 'NONE',  ( 0.0000000000000000000, -0.0000000000000000000, -1.000000000000000000 ) ) ;
#7313 = ORIENTED_EDGE ( 'NONE', *, *, #6843, .F. ) ;
#7314 = ORIENTED_EDGE ( 'NONE', *, *, #3118, .F. ) ;
#7315 = DIRECTION ( 'NONE',  ( -0.0000000000000000000, 0.0000000000000000000, 1.000000000000000000 ) ) ;
#7316 = ORIENTED_EDGE ( 'NONE', *, *, #3504, .T. ) ;
#7317 = LINE ( 'NONE', #8517, #3344 ) ;
#7318 = LINE ( 'NONE', #4059, #5430 ) ;
#7319 = EDGE_CURVE ( 'NONE', #9112, #7362, #4110, .T. ) ;
#7320 = DIRECTION ( 'NONE',  ( 0.0000000000000000000, 0.0000000000000000000, 1.000000000000000000 ) ) ;
#7321 = DIRECTION ( 'NONE',  ( 0.0000000000000000000, 0.0000000000000000000, 1.000000000000000000 ) ) ;
#7322 = EDGE_LOOP ( 'NONE', ( #8820, #988, #422, #1686 ) ) ;
#7323 = AXIS2_PLACEMENT_3D ( 'NONE', #4289, #662, #9510 ) ;
#7324 = ORIENTED_EDGE ( 'NONE', *, *, #8641, .F. ) ;
#7325 = ORIENTED_EDGE ( 'NONE', *, *, #3280, .T. ) ;
#7326 = DIRECTION ( 'NONE',  ( -0.0000000000000000000, 0.0000000000000000000, 1.000000000000000000 ) ) ;
#7327 = FACE_OUTER_BOUND ( 'NONE', #5899, .T. ) ;
#7328 = DIRECTION ( 'NONE',  ( -0.0000000000000000000, 0.0000000000000000000, 1.000000000000000000 ) ) ;
#7329 = ADVANCED_FACE ( 'NONE', ( #2944 ), #1614, .F. ) ;
#7330 = CARTESIAN_POINT ( 'NONE',  ( -1.750000000000000000, 0.0000000000000000000, 0.0000000000000000000 ) ) ;
#7331 = ORIENTED_EDGE ( 'NONE', *, *, #9381, .F. ) ;
#7332 = DIRECTION ( 'NONE',  ( 1.000000000000000000, 0.0000000000000000000, 0.0000000000000000000 ) ) ;
#7333 = ORIENTED_EDGE ( 'NONE', *, *, #3416, .T. ) ;
#7334 = VERTEX_POINT ( 'NONE', #3913 ) ;
#7335 = CARTESIAN_POINT ( 'NONE',  ( -0.1250000000000000000, 1.499999999999999800, 0.04999999999999999600 ) ) ;
#7336 = FACE_OUTER_BOUND ( 'NONE', #3649, .T. ) ;
#7337 = DIRECTION ( 'NONE',  ( -1.000000000000000000, 0.0000000000000000000, 0.0000000000000000000 ) ) ;
#7338 = VECTOR ( 'NONE', #2778, 1000.000000000000000 ) ;
#7339 =( GEOMETRIC_REPRESENTATION_CONTEXT ( 3 ) GLOBAL_UNCERTAINTY_ASSIGNED_CONTEXT ( ( #8476 ) ) GLOBAL_UNIT_ASSIGNED_CONTEXT ( ( #1999, #4984, #5661 ) ) REPRESENTATION_CONTEXT ( 'NONE', 'WORKASPACE' ) );
#7340 = EDGE_CURVE ( 'NONE', #6095, #8881, #7151, .T. ) ;
#7341 = CARTESIAN_POINT ( 'NONE',  ( 1.474963750063923200, 1.837420233362311800, 0.0000000000000000000 ) ) ;
#7342 = ORIENTED_EDGE ( 'NONE', *, *, #7854, .T. ) ;
#7343 = CARTESIAN_POINT ( 'NONE',  ( 1.712500000000000100, 1.325000000000000000, 0.0000000000000000000 ) ) ;
#7344 = VERTEX_POINT ( 'NONE', #6840 ) ;
#7345 = FACE_OUTER_BOUND ( 'NONE', #7424, .T. ) ;
#7346 = VECTOR ( 'NONE', #4492, 1000.000000000000000 ) ;
#7347 = CARTESIAN_POINT ( 'NONE',  ( 0.0000000000000000000, -1.550000000000000300, 0.2030000000000000100 ) ) ;
#7348 = CARTESIAN_POINT ( 'NONE',  ( -1.712530996695474700, 1.575013750063923200, 0.0000000000000000000 ) ) ;
#7349 = CARTESIAN_POINT ( 'NONE',  ( 1.712500000000000100, 1.075000000000000000, 0.0000000000000000000 ) ) ;
#7350 = AXIS2_PLACEMENT_3D ( 'NONE', #564, #3482, #6576 ) ;
#7351 = ORIENTED_EDGE ( 'NONE', *, *, #9330, .F. ) ;
#7352 = ORIENTED_EDGE ( 'NONE', *, *, #5660, .F. ) ;
#7353 = EDGE_CURVE ( 'NONE', #1641, #1800, #4689, .T. ) ;
#7354 = EDGE_CURVE ( 'NONE', #4024, #7130, #3872, .T. ) ;
#7355 = PRESENTATION_STYLE_ASSIGNMENT (( #9443 ) ) ;
#7356 = ADVANCED_FACE ( 'NONE', ( #9601 ), #1703, .T. ) ;
#7357 = DIRECTION ( 'NONE',  ( -1.000000000000000000, 0.0000000000000000000, 0.0000000000000000000 ) ) ;
#7358 = CARTESIAN_POINT ( 'NONE',  ( -0.1999999252924815900, -1.600000074707518300, 0.2030000000000000100 ) ) ;
#7359 = VECTOR ( 'NONE', #5342, 1000.000000000000000 ) ;
#7360 = DIRECTION ( 'NONE',  ( 1.000000000000000000, 0.0000000000000000000, 0.0000000000000000000 ) ) ;
#7361 = CARTESIAN_POINT ( 'NONE',  ( 1.740000000000000000, -0.8417759339259178700, 0.2030000000000000100 ) ) ;
#7362 = VERTEX_POINT ( 'NONE', #212 ) ;
#7363 = DIRECTION ( 'NONE',  ( 0.0000000000000000000, 1.000000000000000000, -0.0000000000000000000 ) ) ;
#7364 = EDGE_LOOP ( 'NONE', ( #7282, #5006, #7735, #9635, #6151, #6623 ) ) ;
#7365 = CARTESIAN_POINT ( 'NONE',  ( 1.508000000000000000, 1.875000000000000000, 0.2030000000000000100 ) ) ;
#7366 = ORIENTED_EDGE ( 'NONE', *, *, #7567, .T. ) ;
#7367 = ADVANCED_FACE ( 'NONE', ( #5644 ), #9152, .F. ) ;
#7368 = EDGE_CURVE ( 'NONE', #7727, #6396, #6785, .T. ) ;
#7369 = CARTESIAN_POINT ( 'NONE',  ( 0.0000000000000000000, 0.05000000000000000300, 0.0000000000000000000 ) ) ;
#7370 = MECHANICAL_DESIGN_GEOMETRIC_PRESENTATION_REPRESENTATION (  '', ( #6359 ), #1675 ) ;
#7371 = VECTOR ( 'NONE', #870, 1000.000000000000000 ) ;
#7372 = CARTESIAN_POINT ( 'NONE',  ( 1.712530996695474700, 1.575013750063923200, 0.0000000000000000000 ) ) ;
#7373 = CARTESIAN_POINT ( 'NONE',  ( -1.750000000000000000, -1.366900000000000000, 0.0000000000000000000 ) ) ;
#7374 = ORIENTED_EDGE ( 'NONE', *, *, #7319, .F. ) ;
#7375 = CIRCLE ( 'NONE', #725, 0.04998625954667031100 ) ;
#7376 = SURFACE_STYLE_FILL_AREA ( #1916 ) ;
#7377 = CARTESIAN_POINT ( 'NONE',  ( -1.740000000000000000, 1.865000000000000200, 0.05000000000000000300 ) ) ;
#7378 = DIRECTION ( 'NONE',  ( -1.000000000000000000, 0.0000000000000000000, 0.0000000000000000000 ) ) ;
#7379 = DIRECTION ( 'NONE',  ( 0.0000000000000000000, -0.0000000000000000000, 1.000000000000000000 ) ) ;
#7380 = VERTEX_POINT ( 'NONE', #4601 ) ;
#7381 = EDGE_CURVE ( 'NONE', #427, #4241, #475, .T. ) ;
#7382 = VECTOR ( 'NONE', #8318, 1000.000000000000000 ) ;
#7383 = AXIS2_PLACEMENT_3D ( 'NONE', #3359, #8496, #5579 ) ;
#7384 = COLOUR_RGB ( '',1.000000000000000000, 1.000000000000000000, 1.000000000000000000 ) ;
#7385 = ORIENTED_EDGE ( 'NONE', *, *, #2772, .T. ) ;
#7386 = PLANE ( 'NONE',  #9267 ) ;
#7387 = SURFACE_STYLE_USAGE ( .BOTH. , #5127 ) ;
#7388 = CARTESIAN_POINT ( 'NONE',  ( -1.740000000000000000, 0.8332240660740820600, 0.2030000000000000100 ) ) ;
#7389 = CARTESIAN_POINT ( 'NONE',  ( -0.2750000000000000200, -1.000000000000000000, 0.0000000000000000000 ) ) ;
#7390 = ORIENTED_EDGE ( 'NONE', *, *, #1806, .F. ) ;
#7391 =( NAMED_UNIT ( * ) SI_UNIT ( $, .STERADIAN. ) SOLID_ANGLE_UNIT ( ) );
#7392 = LINE ( 'NONE', #6295, #1907 ) ;
#7393 = DIRECTION ( 'NONE',  ( 1.000000000000000000, 0.0000000000000000000, 0.0000000000000000000 ) ) ;
#7394 = ORIENTED_EDGE ( 'NONE', *, *, #82, .F. ) ;
#7395 = CARTESIAN_POINT ( 'NONE',  ( 1.712500000000000100, 1.625000000000000200, 0.2030000000000000100 ) ) ;
#7396 = AXIS2_PLACEMENT_3D ( 'NONE', #7149, #4888, #5788 ) ;
#7397 = VECTOR ( 'NONE', #2384, 1000.000000000000000 ) ;
#7398 = PLANE ( 'NONE',  #4075 ) ;
#7399 = CYLINDRICAL_SURFACE ( 'NONE', #6660, 0.04999996264625471100 ) ;
#7400 = EDGE_LOOP ( 'NONE', ( #2214, #5210, #6683, #7174, #6352, #562 ) ) ;
#7401 = CARTESIAN_POINT ( 'NONE',  ( 0.0000000000000000000, 0.0000000000000000000, 0.05000000000000000300 ) ) ;
#7402 = VECTOR ( 'NONE', #8201, 1000.000000000000000 ) ;
#7403 = ADVANCED_FACE ( 'NONE', ( #5636 ), #1034, .F. ) ;
#7404 = CARTESIAN_POINT ( 'NONE',  ( -0.8580999999999999700, 1.875000000000000000, 0.2030000000000000100 ) ) ;
#7405 = DIRECTION ( 'NONE',  ( 1.000000000000000000, 0.0000000000000000000, 0.0000000000000000000 ) ) ;
#7406 = AXIS2_PLACEMENT_3D ( 'NONE', #5884, #3807, #792 ) ;
#7407 = VECTOR ( 'NONE', #7900, 1000.000000000000000 ) ;
#7408 = ORIENTED_EDGE ( 'NONE', *, *, #7613, .F. ) ;
#7409 = EDGE_CURVE ( 'NONE', #6571, #7532, #5871, .T. ) ;
#7410 = ORIENTED_EDGE ( 'NONE', *, *, #5027, .F. ) ;
#7411 = VERTEX_POINT ( 'NONE', #9455 ) ;
#7412 = EDGE_CURVE ( 'NONE', #183, #9112, #17, .T. ) ;
#7413 = FACE_OUTER_BOUND ( 'NONE', #7783, .T. ) ;
#7414 = CARTESIAN_POINT ( 'NONE',  ( -0.8750000000000000000, 1.837499999999999900, 0.0000000000000000000 ) ) ;
#7415 = DIRECTION ( 'NONE',  ( -0.0000000000000000000, 0.0000000000000000000, 1.000000000000000000 ) ) ;
#7416 = FILL_AREA_STYLE_COLOUR ( '', #7384 ) ;
#7417 = VERTEX_POINT ( 'NONE', #2762 ) ;
#7418 = ORIENTED_EDGE ( 'NONE', *, *, #7368, .F. ) ;
#7419 = LINE ( 'NONE', #5722, #5413 ) ;
#7420 =( NAMED_UNIT ( * ) PLANE_ANGLE_UNIT ( ) SI_UNIT ( $, .RADIAN. ) );
#7421 = AXIS2_PLACEMENT_3D ( 'NONE', #3575, #8771, #578 ) ;
#7422 =( NAMED_UNIT ( * ) SI_UNIT ( $, .STERADIAN. ) SOLID_ANGLE_UNIT ( ) );
#7423 = DIRECTION ( 'NONE',  ( 1.000000000000000000, 0.0000000000000000000, 0.0000000000000000000 ) ) ;
#7424 = EDGE_LOOP ( 'NONE', ( #8082, #6033, #6415, #193 ) ) ;
#7425 = CARTESIAN_POINT ( 'NONE',  ( -1.712530996695474900, 0.3749862499360769300, 0.2030000000000000100 ) ) ;
#7426 = VERTEX_POINT ( 'NONE', #1203 ) ;
#7427 = CARTESIAN_POINT ( 'NONE',  ( -1.712530996695474700, 1.025013750063923100, 0.2030000000000000100 ) ) ;
#7428 = VERTEX_POINT ( 'NONE', #6486 ) ;
#7429 = FACE_OUTER_BOUND ( 'NONE', #2316, .T. ) ;
#7430 = CYLINDRICAL_SURFACE ( 'NONE', #4706, 0.1015999999999996500 ) ;
#7431 = CARTESIAN_POINT ( 'NONE',  ( -0.6332871284771444100, 1.865000000000000200, 0.04999999999999999600 ) ) ;
#7432 = DIRECTION ( 'NONE',  ( -0.0000000000000000000, 0.0000000000000000000, 1.000000000000000000 ) ) ;
#7433 = CARTESIAN_POINT ( 'NONE',  ( 0.8750000000000000000, -0.0000000000000000000, 0.05000000000000000300 ) ) ;
#7434 = VERTEX_POINT ( 'NONE', #4955 ) ;
#7435 = ORIENTED_EDGE ( 'NONE', *, *, #8930, .T. ) ;
#7436 = CARTESIAN_POINT ( 'NONE',  ( 0.2750000000000000200, 0.0000000000000000000, 0.0000000000000000000 ) ) ;
#7437 = EDGE_CURVE ( 'NONE', #6090, #6277, #5757, .T. ) ;
#7438 = AXIS2_PLACEMENT_3D ( 'NONE', #6986, #5390, #8382 ) ;
#7439 = LINE ( 'NONE', #5782, #4153 ) ;
#7440 = AXIS2_PLACEMENT_3D ( 'NONE', #3934, #962, #7578 ) ;
#7441 = DIRECTION ( 'NONE',  ( 1.000000000000000000, 0.0000000000000000000, -0.0000000000000000000 ) ) ;
#7442 = EDGE_LOOP ( 'NONE', ( #5286, #5341, #1243, #7324 ) ) ;
#7443 = ORIENTED_EDGE ( 'NONE', *, *, #1039, .F. ) ;
#7444 = VECTOR ( 'NONE', #9182, 1000.000000000000000 ) ;
#7445 = EDGE_CURVE ( 'NONE', #1872, #6854, #3760, .T. ) ;
#7446 = ADVANCED_FACE ( 'NONE', ( #1783 ), #9487, .F. ) ;
#7447 = DIRECTION ( 'NONE',  ( 0.0008110297413749792100, 0.9999996711153251700, 0.0000000000000000000 ) ) ;
#7448 = AXIS2_PLACEMENT_3D ( 'NONE', #2550, #4072, #7146 ) ;
#7449 = CARTESIAN_POINT ( 'NONE',  ( 1.712500000000000100, -1.550000000000000300, 0.04999999999999999600 ) ) ;
#7450 = DIRECTION ( 'NONE',  ( 1.000000000000000000, 0.0000000000000000000, 0.0000000000000000000 ) ) ;
#7451 = EDGE_LOOP ( 'NONE', ( #7108, #7262, #1873, #8515 ) ) ;
#7452 = DIRECTION ( 'NONE',  ( -0.0000000000000000000, -0.0000000000000000000, -1.000000000000000000 ) ) ;
#7453 = ORIENTED_EDGE ( 'NONE', *, *, #4710, .F. ) ;
#7454 = VECTOR ( 'NONE', #2907, 1000.000000000000000 ) ;
#7455 = LINE ( 'NONE', #8979, #2897 ) ;
#7456 = CARTESIAN_POINT ( 'NONE',  ( 1.249999962646240800, 1.025000037353759100, 0.0000000000000000000 ) ) ;
#7457 = CARTESIAN_POINT ( 'NONE',  ( 0.0000000000000000000, 0.0000000000000000000, 0.0000000000000000000 ) ) ;
#7458 = ADVANCED_FACE ( 'NONE', ( #9345 ), #6436, .T. ) ;
#7459 = CARTESIAN_POINT ( 'NONE',  ( -1.486479297753362500, 1.546851659654180400, 0.7500000000000000000 ) ) ;
#7460 = ORIENTED_EDGE ( 'NONE', *, *, #6965, .F. ) ;
#7461 = VERTEX_POINT ( 'NONE', #6267 ) ;
#7462 = CARTESIAN_POINT ( 'NONE',  ( -0.5500000000000000400, -0.8000000000000000400, 0.0000000000000000000 ) ) ;
#7463 = SURFACE_SIDE_STYLE ('',( #319 ) ) ;
#7464 = AXIS2_PLACEMENT_3D ( 'NONE', #3880, #2447, #940 ) ;
#7465 =( LENGTH_UNIT ( ) NAMED_UNIT ( * ) SI_UNIT ( .MILLI., .METRE. ) );
#7466 = CIRCLE ( 'NONE', #5631, 0.04139239428457278800 ) ;
#7467 = VECTOR ( 'NONE', #6736, 1000.000000000000000 ) ;
#7468 = LINE ( 'NONE', #5583, #3251 ) ;
#7469 = EDGE_CURVE ( 'NONE', #900, #1370, #2353, .T. ) ;
#7470 = DIRECTION ( 'NONE',  ( -0.0000000000000000000, -0.0000000000000000000, -1.000000000000000000 ) ) ;
#7471 = DIRECTION ( 'NONE',  ( -0.0000000000000000000, 0.0000000000000000000, 1.000000000000000000 ) ) ;
#7472 = ORIENTED_EDGE ( 'NONE', *, *, #7040, .T. ) ;
#7473 = ORIENTED_EDGE ( 'NONE', *, *, #3786, .F. ) ;
#7474 = DIRECTION ( 'NONE',  ( -0.0000000000000000000, -0.0000000000000000000, -1.000000000000000000 ) ) ;
#7475 = ORIENTED_EDGE ( 'NONE', *, *, #2416, .T. ) ;
#7476 = VECTOR ( 'NONE', #2177, 1000.000000000000000 ) ;
#7477 = AXIS2_PLACEMENT_3D ( 'NONE', #2857, #7303, #2752 ) ;
#7478 = EDGE_CURVE ( 'NONE', #3828, #5399, #596, .T. ) ;
#7479 = EDGE_CURVE ( 'NONE', #986, #8013, #2475, .T. ) ;
#7480 = ORIENTED_EDGE ( 'NONE', *, *, #6678, .T. ) ;
#7481 = FACE_OUTER_BOUND ( 'NONE', #3019, .T. ) ;
#7482 = DIRECTION ( 'NONE',  ( 0.0000000000000000000, -0.0000000000000000000, 1.000000000000000000 ) ) ;
#7483 = CARTESIAN_POINT ( 'NONE',  ( -1.141999999999999900, 1.875000000000000000, 0.2030000000000000100 ) ) ;
#7484 = CIRCLE ( 'NONE', #7059, 0.04998625954667031100 ) ;
#7485 = UNCERTAINTY_MEASURE_WITH_UNIT (LENGTH_MEASURE( 1.000000000000000100E-005 ), #343, 'distance_accuracy_value', 'NONE');
#7486 = VERTEX_POINT ( 'NONE', #2552 ) ;
#7487 =( LENGTH_UNIT ( ) NAMED_UNIT ( * ) SI_UNIT ( .MILLI., .METRE. ) );
#7488 = VERTEX_POINT ( 'NONE', #9378 ) ;
#7489 = CARTESIAN_POINT ( 'NONE',  ( 0.5500000000000000400, 0.0000000000000000000, 0.2030000000000000100 ) ) ;
#7490 = VECTOR ( 'NONE', #5062, 1000.000000000000000 ) ;
#7491 = CIRCLE ( 'NONE', #4296, 0.05003631351710512200 ) ;
#7492 = EDGE_CURVE ( 'NONE', #1380, #6470, #3287, .T. ) ;
#7493 = ORIENTED_EDGE ( 'NONE', *, *, #7504, .F. ) ;
#7494 = DIRECTION ( 'NONE',  ( 1.000000000000000000, 0.0000000000000000000, 0.0000000000000000000 ) ) ;
#7495 = AXIS2_PLACEMENT_3D ( 'NONE', #5194, #7550, #5284 ) ;
#7496 = PRESENTATION_LAYER_ASSIGNMENT (  '', '', ( #9482 ) ) ;
#7497 = DIRECTION ( 'NONE',  ( 0.0000000000000000000, 1.000000000000000000, -0.0000000000000000000 ) ) ;
#7498 = ADVANCED_FACE ( 'NONE', ( #3533 ), #7386, .F. ) ;
#7499 = ORIENTED_EDGE ( 'NONE', *, *, #1013, .T. ) ;
#7500 = CARTESIAN_POINT ( 'NONE',  ( -1.740000000000000000, 1.066775933925917700, 0.04999999999999999600 ) ) ;
#7501 = PRESENTATION_STYLE_ASSIGNMENT (( #3973 ) ) ;
#7502 = VERTEX_POINT ( 'NONE', #8694 ) ;
#7503 = CYLINDRICAL_SURFACE ( 'NONE', #9027, 0.04998625954667031100 ) ;
#7504 = EDGE_CURVE ( 'NONE', #7411, #5322, #9224, .T. ) ;
#7505 = EDGE_CURVE ( 'NONE', #6437, #6069, #8421, .T. ) ;
#7506 = CARTESIAN_POINT ( 'NONE',  ( 1.712500000000000100, -0.1499999999999999900, 0.04999999999999999600 ) ) ;
#7507 = PRESENTATION_LAYER_ASSIGNMENT (  '', '', ( #9497 ) ) ;
#7508 = ORIENTED_EDGE ( 'NONE', *, *, #3598, .T. ) ;
#7509 = ADVANCED_FACE ( 'NONE', ( #1062 ), #2869, .F. ) ;
#7510 =( NAMED_UNIT ( * ) PLANE_ANGLE_UNIT ( ) SI_UNIT ( $, .RADIAN. ) );
#7511 = FACE_OUTER_BOUND ( 'NONE', #8022, .T. ) ;
#7512 = PLANE ( 'NONE',  #7226 ) ;
#7513 = VECTOR ( 'NONE', #661, 1000.000000000000000 ) ;
#7514 = DIRECTION ( 'NONE',  ( -0.0000000000000000000, -0.0000000000000000000, -1.000000000000000000 ) ) ;
#7515 = CARTESIAN_POINT ( 'NONE',  ( -1.200000000000000000, 1.050000000000000000, 0.2030000000000000100 ) ) ;
#7516 = DIRECTION ( 'NONE',  ( -0.0000000000000000000, 0.0000000000000000000, 1.000000000000000000 ) ) ;
#7517 = CARTESIAN_POINT ( 'NONE',  ( -1.750000000000000000, 0.0000000000000000000, 0.2030000000000000100 ) ) ;
#7518 = VERTEX_POINT ( 'NONE', #2799 ) ;
#7519 = VERTEX_POINT ( 'NONE', #8023 ) ;
#7520 = FACE_OUTER_BOUND ( 'NONE', #886, .T. ) ;
#7521 = VERTEX_POINT ( 'NONE', #9525 ) ;
#7522 = ORIENTED_EDGE ( 'NONE', *, *, #529, .T. ) ;
#7523 = ORIENTED_EDGE ( 'NONE', *, *, #5348, .T. ) ;
#7524 = LINE ( 'NONE', #5503, #3886 ) ;
#7525 = EDGE_CURVE ( 'NONE', #4034, #5152, #4222, .T. ) ;
#7526 = DIRECTION ( 'NONE',  ( 1.000000000000000000, 0.0000000000000000000, 0.0000000000000000000 ) ) ;
#7527 = DIRECTION ( 'NONE',  ( -1.000000000000000000, 0.0000000000000000000, 0.0000000000000000000 ) ) ;
#7528 = ORIENTED_EDGE ( 'NONE', *, *, #9679, .F. ) ;
#7529 = DIRECTION ( 'NONE',  ( -1.000000000000000000, 2.169000405948018600E-015, 0.0000000000000000000 ) ) ;
#7530 = LINE ( 'NONE', #4977, #4490 ) ;
#7531 = EDGE_LOOP ( 'NONE', ( #8961, #8510, #5642, #1145, #7692, #8836 ) ) ;
#7532 = VERTEX_POINT ( 'NONE', #8061 ) ;
#7533 = PRODUCT_DEFINITION_CONTEXT ( 'detailed design', #2181, 'design' ) ;
#7534 = ORIENTED_EDGE ( 'NONE', *, *, #7814, .T. ) ;
#7535 = LINE ( 'NONE', #1474, #5667 ) ;
#7536 = CARTESIAN_POINT ( 'NONE',  ( -1.712530996695474700, 1.374986249936076800, 0.0000000000000000000 ) ) ;
#7537 = VECTOR ( 'NONE', #994, 1000.000000000000000 ) ;
#7538 = DIRECTION ( 'NONE',  ( -0.0000000000000000000, 0.0000000000000000000, 1.000000000000000000 ) ) ;
#7539 = MECHANICAL_DESIGN_GEOMETRIC_PRESENTATION_REPRESENTATION (  '', ( #2166 ), #2652 ) ;
#7540 = EDGE_CURVE ( 'NONE', #2711, #5681, #6213, .T. ) ;
#7541 = ORIENTED_EDGE ( 'NONE', *, *, #9254, .T. ) ;
#7542 = EDGE_CURVE ( 'NONE', #1216, #4874, #4101, .T. ) ;
#7543 =( LENGTH_UNIT ( ) NAMED_UNIT ( * ) SI_UNIT ( .MILLI., .METRE. ) );
#7544 = CARTESIAN_POINT ( 'NONE',  ( 0.0000000000000000000, 1.075000000000000000, 0.05000000000000000300 ) ) ;
#7545 = ORIENTED_EDGE ( 'NONE', *, *, #2004, .F. ) ;
#7546 = VECTOR ( 'NONE', #8868, 1000.000000000000000 ) ;
#7547 = DIRECTION ( 'NONE',  ( 0.0000000000000000000, -0.0000000000000000000, 1.000000000000000000 ) ) ;
#7548 = ADVANCED_FACE ( 'NONE', ( #6554 ), #8897, .F. ) ;
#7549 = EDGE_LOOP ( 'NONE', ( #9464, #3852, #8171, #9218, #3500, #5295, #2233, #8674 ) ) ;
#7550 = DIRECTION ( 'NONE',  ( -0.0000000000000000000, 0.0000000000000000000, 1.000000000000000000 ) ) ;
#7551 = VERTEX_POINT ( 'NONE', #2097 ) ;
#7552 = CARTESIAN_POINT ( 'NONE',  ( 1.740000000000000000, 0.5667759339259179600, 0.2030000000000000100 ) ) ;
#7553 = AXIS2_PLACEMENT_3D ( 'NONE', #3991, #9296, #9228 ) ;
#7554 = DIRECTION ( 'NONE',  ( 1.000000000000000000, 0.0000000000000000000, 0.0000000000000000000 ) ) ;
#7555 = LINE ( 'NONE', #6367, #9040 ) ;
#7556 = EDGE_CURVE ( 'NONE', #549, #7093, #1312, .T. ) ;
#7557 = AXIS2_PLACEMENT_3D ( 'NONE', #594, #1363, #6640 ) ;
#7558 = CARTESIAN_POINT ( 'NONE',  ( -1.525000009610593300, 1.837530996695474700, 0.0000000000000000000 ) ) ;
#7559 = DIRECTION ( 'NONE',  ( 0.0000000000000000000, 1.000000000000000000, 0.0000000000000000000 ) ) ;
#7560 = VERTEX_POINT ( 'NONE', #4337 ) ;
#7561 = ADVANCED_FACE ( 'NONE', ( #240 ), #4303, .F. ) ;
#7562 = ORIENTED_EDGE ( 'NONE', *, *, #4514, .T. ) ;
#7563 = DIRECTION ( 'NONE',  ( 0.0000000000000000000, 1.000000000000000000, 0.0000000000000000000 ) ) ;
#7564 = FACE_OUTER_BOUND ( 'NONE', #9161, .T. ) ;
#7565 =( NAMED_UNIT ( * ) PLANE_ANGLE_UNIT ( ) SI_UNIT ( $, .RADIAN. ) );
#7566 = CARTESIAN_POINT ( 'NONE',  ( -0.4066519701324284900, 0.0000000000000000000, 0.8000000000000000400 ) ) ;
#7567 = EDGE_CURVE ( 'NONE', #6580, #4151, #7022, .T. ) ;
#7568 = CARTESIAN_POINT ( 'NONE',  ( 0.1250000000000000000, 1.375000000000000000, 0.0000000000000000000 ) ) ;
#7569 = ORIENTED_EDGE ( 'NONE', *, *, #7525, .F. ) ;
#7570 = AXIS2_PLACEMENT_3D ( 'NONE', #7607, #7670, #8987 ) ;
#7571 = EDGE_LOOP ( 'NONE', ( #8438, #9116, #7651, #8343 ) ) ;
#7572 = ORIENTED_EDGE ( 'NONE', *, *, #9095, .F. ) ;
#7573 = FACE_OUTER_BOUND ( 'NONE', #904, .T. ) ;
#7574 = CARTESIAN_POINT ( 'NONE',  ( 1.174986249936076800, -1.837530996695474700, 0.2030000000000000100 ) ) ;
#7575 = CARTESIAN_POINT ( 'NONE',  ( 0.0000000000000000000, 1.325000000000000000, 0.05000000000000000300 ) ) ;
#7576 = VERTEX_POINT ( 'NONE', #7349 ) ;
#7577 = ORIENTED_EDGE ( 'NONE', *, *, #3907, .T. ) ;
#7578 = DIRECTION ( 'NONE',  ( -0.0000000000000000000, 0.0000000000000000000, -1.000000000000000000 ) ) ;
#7579 = DIRECTION ( 'NONE',  ( 1.000000000000000000, 0.0000000000000000000, 0.0000000000000000000 ) ) ;
#7580 = EDGE_CURVE ( 'NONE', #7380, #3631, #6323, .T. ) ;
#7581 = VECTOR ( 'NONE', #2459, 1000.000000000000000 ) ;
#7582 = FACE_OUTER_BOUND ( 'NONE', #654, .T. ) ;
#7583 = AXIS2_PLACEMENT_3D ( 'NONE', #5669, #7217, #9459 ) ;
#7584 = ORIENTED_EDGE ( 'NONE', *, *, #8274, .T. ) ;
#7585 = ORIENTED_EDGE ( 'NONE', *, *, #7101, .T. ) ;
#7586 = DIRECTION ( 'NONE',  ( 1.000000000000000000, 0.0000000000000000000, 0.0000000000000000000 ) ) ;
#7587 = ORIENTED_EDGE ( 'NONE', *, *, #7653, .F. ) ;
#7588 = VECTOR ( 'NONE', #569, 1000.000000000000000 ) ;
#7589 = VECTOR ( 'NONE', #6791, 1000.000000000000000 ) ;
#7590 = CARTESIAN_POINT ( 'NONE',  ( -1.225000000000000100, 0.8249999999999999600, 0.0000000000000000000 ) ) ;
#7591 = CIRCLE ( 'NONE', #7630, 0.02499998132312751500 ) ;
#7592 = DIRECTION ( 'NONE',  ( -1.000000000000000000, 0.0000000000000000000, 0.0000000000000000000 ) ) ;
#7593 = PLANE ( 'NONE',  #3508 ) ;
#7594 = VERTEX_POINT ( 'NONE', #3693 ) ;
#7595 = AXIS2_PLACEMENT_3D ( 'NONE', #2374, #1666, #3751 ) ;
#7596 = DIRECTION ( 'NONE',  ( -1.000000000000000000, 0.0000000000000000000, 0.0000000000000000000 ) ) ;
#7597 = ORIENTED_EDGE ( 'NONE', *, *, #2242, .F. ) ;
#7598 = EDGE_CURVE ( 'NONE', #6565, #4365, #8526, .T. ) ;
#7599 = EDGE_CURVE ( 'NONE', #7635, #1988, #3166, .T. ) ;
#7600 = VECTOR ( 'NONE', #3669, 1000.000000000000000 ) ;
#7601 = LINE ( 'NONE', #5087, #4080 ) ;
#7602 = VERTEX_POINT ( 'NONE', #2934 ) ;
#7603 = EDGE_LOOP ( 'NONE', ( #6834, #35, #7597, #115, #3057, #2378 ) ) ;
#7604 = ORIENTED_EDGE ( 'NONE', *, *, #1577, .T. ) ;
#7605 = CARTESIAN_POINT ( 'NONE',  ( 0.1749862499360769500, 1.837530996695474500, 0.2030000000000000100 ) ) ;
#7606 = LINE ( 'NONE', #8516, #1544 ) ;
#7607 = CARTESIAN_POINT ( 'NONE',  ( -1.224999981323120500, 0.8499999813231204900, 0.0000000000000000000 ) ) ;
#7608 = CARTESIAN_POINT ( 'NONE',  ( -0.2750000000000000200, -0.5000000000000000000, 0.04999999999999999600 ) ) ;
#7609 = PRESENTATION_STYLE_ASSIGNMENT (( #3617 ) ) ;
#7610 = VECTOR ( 'NONE', #834, 1000.000000000000000 ) ;
#7611 = ADVANCED_FACE ( 'NONE', ( #3408 ), #1477, .F. ) ;
#7612 = ORIENTED_EDGE ( 'NONE', *, *, #7682, .T. ) ;
#7613 = EDGE_CURVE ( 'NONE', #3008, #3576, #941, .T. ) ;
#7614 = EDGE_CURVE ( 'NONE', #5597, #8563, #3752, .T. ) ;
#7615 = VECTOR ( 'NONE', #1611, 1000.000000000000100 ) ;
#7616 = ORIENTED_EDGE ( 'NONE', *, *, #6140, .T. ) ;
#7617 = PLANE ( 'NONE',  #4294 ) ;
#7618 = LINE ( 'NONE', #5422, #4333 ) ;
#7619 = DIRECTION ( 'NONE',  ( 0.0000000000000000000, -1.000000000000000000, 0.0000000000000000000 ) ) ;
#7620 = VECTOR ( 'NONE', #7994, 1000.000000000000000 ) ;
#7621 = ORIENTED_EDGE ( 'NONE', *, *, #2926, .T. ) ;
#7622 = DIRECTION ( 'NONE',  ( -0.0000000000000000000, 0.0000000000000000000, 1.000000000000000000 ) ) ;
#7623 = ORIENTED_EDGE ( 'NONE', *, *, #8458, .T. ) ;
#7624 = EDGE_CURVE ( 'NONE', #8115, #921, #1185, .T. ) ;
#7625 = CIRCLE ( 'NONE', #660, 0.04998625954667031100 ) ;
#7626 = CARTESIAN_POINT ( 'NONE',  ( -1.712500000000000100, -0.1499999999999999900, 0.0000000000000000000 ) ) ;
#7627 = FILL_AREA_STYLE_COLOUR ( '', #9629 ) ;
#7628 = AXIS2_PLACEMENT_3D ( 'NONE', #1950, #9365, #9395 ) ;
#7629 = ORIENTED_EDGE ( 'NONE', *, *, #2241, .F. ) ;
#7630 = AXIS2_PLACEMENT_3D ( 'NONE', #1461, #6934, #3159 ) ;
#7631 = DIRECTION ( 'NONE',  ( -1.000000000000000000, 0.0000000000000000000, 0.0000000000000000000 ) ) ;
#7632 = DIRECTION ( 'NONE',  ( 1.000000000000000000, 0.0000000000000000000, 0.0000000000000000000 ) ) ;
#7633 = CARTESIAN_POINT ( 'NONE',  ( -1.133287128477144400, -1.865000000000000200, 0.2030000000000000100 ) ) ;
#7634 = VECTOR ( 'NONE', #2653, 1000.000000000000000 ) ;
#7635 = VERTEX_POINT ( 'NONE', #5221 ) ;
#7636 = VECTOR ( 'NONE', #7852, 1000.000000000000000 ) ;
#7637 = EDGE_CURVE ( 'NONE', #579, #1641, #2464, .T. ) ;
#7638 = CARTESIAN_POINT ( 'NONE',  ( -0.2750000096105933400, -1.837530996695474500, 0.2030000000000000100 ) ) ;
#7639 = CARTESIAN_POINT ( 'NONE',  ( 0.0000000000000000000, -0.8499999999999999800, 0.2030000000000000100 ) ) ;
#7640 = AXIS2_PLACEMENT_3D ( 'NONE', #5602, #8482, #4869 ) ;
#7641 = CARTESIAN_POINT ( 'NONE',  ( 0.0000000000000000000, -1.200000000000000000, 0.0000000000000000000 ) ) ;
#7642 = ORIENTED_EDGE ( 'NONE', *, *, #5885, .T. ) ;
#7643 = VECTOR ( 'NONE', #3078, 1000.000000000000000 ) ;
#7644 = ORIENTED_EDGE ( 'NONE', *, *, #9127, .F. ) ;
#7645 = ORIENTED_EDGE ( 'NONE', *, *, #5727, .T. ) ;
#7646 = LINE ( 'NONE', #3782, #9369 ) ;
#7647 = CARTESIAN_POINT ( 'NONE',  ( 0.6749999626462407400, 1.374999962646241000, 0.0000000000000000000 ) ) ;
#7648 = DIRECTION ( 'NONE',  ( -0.0000000000000000000, -0.0000000000000000000, -1.000000000000000000 ) ) ;
#7649 = DIRECTION ( 'NONE',  ( -0.0000000000000000000, -0.0000000000000000000, -1.000000000000000000 ) ) ;
#7650 = CARTESIAN_POINT ( 'NONE',  ( 0.0000000000000000000, 0.05000000000000000300, 0.2030000000000000100 ) ) ;
#7651 = ORIENTED_EDGE ( 'NONE', *, *, #4607, .F. ) ;
#7652 = AXIS2_PLACEMENT_3D ( 'NONE', #856, #9012, #8271 ) ;
#7653 = EDGE_CURVE ( 'NONE', #5058, #5981, #230, .T. ) ;
#7654 = ORIENTED_EDGE ( 'NONE', *, *, #4372, .T. ) ;
#7655 = CIRCLE ( 'NONE', #6701, 0.05003631351710512200 ) ;
#7656 = ADVANCED_FACE ( 'NONE', ( #2694 ), #7951, .T. ) ;
#7657 = PRESENTATION_STYLE_ASSIGNMENT (( #9281 ) ) ;
#7658 = FILL_AREA_STYLE_COLOUR ( '', #8810 ) ;
#7659 = CARTESIAN_POINT ( 'NONE',  ( 1.712530996695474700, 0.8749862499360769900, 0.2030000000000000100 ) ) ;
#7660 = VERTEX_POINT ( 'NONE', #4570 ) ;
#7661 = UNCERTAINTY_MEASURE_WITH_UNIT (LENGTH_MEASURE( 1.000000000000000100E-005 ), #8424, 'distance_accuracy_value', 'NONE');
#7662 =( LENGTH_UNIT ( ) NAMED_UNIT ( * ) SI_UNIT ( .MILLI., .METRE. ) );
#7663 = ORIENTED_EDGE ( 'NONE', *, *, #1555, .F. ) ;
#7664 = LINE ( 'NONE', #213, #989 ) ;
#7665 = LINE ( 'NONE', #4226, #5319 ) ;
#7666 = STYLED_ITEM ( 'NONE', ( #6003 ), #7005 ) ;
#7667 = EDGE_CURVE ( 'NONE', #2711, #8202, #7251, .T. ) ;
#7668 = EDGE_CURVE ( 'NONE', #4625, #1522, #2007, .T. ) ;
#7669 = CARTESIAN_POINT ( 'NONE',  ( 0.2554399259999999800, -0.1856274672000000100, 0.8009000000000000600 ) ) ;
#7670 = DIRECTION ( 'NONE',  ( -0.0000000000000000000, 0.0000000000000000000, 1.000000000000000000 ) ) ;
#7671 = ORIENTED_EDGE ( 'NONE', *, *, #2910, .F. ) ;
#7672 = DIRECTION ( 'NONE',  ( 0.4828911962129577300, 0.8756803598459993500, 0.0000000000000000000 ) ) ;
#7673 = LINE ( 'NONE', #2030, #3111 ) ;
#7674 = DIRECTION ( 'NONE',  ( 0.0000000000000000000, -1.000000000000000000, 0.0000000000000000000 ) ) ;
#7675 = CARTESIAN_POINT ( 'NONE',  ( 0.6749999626462407400, 1.374999962646241000, 0.04999999999999999600 ) ) ;
#7676 = DIRECTION ( 'NONE',  ( -0.0000000000000000000, -0.0000000000000000000, -1.000000000000000000 ) ) ;
#7677 = PLANE ( 'NONE',  #1466 ) ;
#7678 = ORIENTED_EDGE ( 'NONE', *, *, #8357, .F. ) ;
#7679 = ORIENTED_EDGE ( 'NONE', *, *, #6179, .F. ) ;
#7680 = ORIENTED_EDGE ( 'NONE', *, *, #2773, .T. ) ;
#7681 = CARTESIAN_POINT ( 'NONE',  ( -0.3250000000000000700, 1.325000000000000200, 0.04999999999999999600 ) ) ;
#7682 = EDGE_CURVE ( 'NONE', #3612, #1159, #464, .T. ) ;
#7683 = AXIS2_PLACEMENT_3D ( 'NONE', #3172, #9060, #6242 ) ;
#7684 = CARTESIAN_POINT ( 'NONE',  ( -0.1721671182000000000, -0.1856274672000000100, 0.8008000000000000700 ) ) ;
#7685 = ORIENTED_EDGE ( 'NONE', *, *, #6855, .T. ) ;
#7686 = ORIENTED_EDGE ( 'NONE', *, *, #2242, .T. ) ;
#7687 = DIRECTION ( 'NONE',  ( -0.0000000000000000000, 0.0000000000000000000, 1.000000000000000000 ) ) ;
#7688 = CARTESIAN_POINT ( 'NONE',  ( 0.0000000000000000000, 1.325000000000000000, 0.05000000000000000300 ) ) ;
#7689 = EDGE_CURVE ( 'NONE', #9009, #2153, #1772, .T. ) ;
#7690 = DIRECTION ( 'NONE',  ( 1.000000000000000000, 0.0000000000000000000, 0.0000000000000000000 ) ) ;
#7691 = ORIENTED_EDGE ( 'NONE', *, *, #2935, .T. ) ;
#7692 = ORIENTED_EDGE ( 'NONE', *, *, #2327, .T. ) ;
#7693 = LINE ( 'NONE', #6149, #1978 ) ;
#7694 = VECTOR ( 'NONE', #5712, 1000.000000000000000 ) ;
#7695 = LINE ( 'NONE', #4980, #8726 ) ;
#7696 = CARTESIAN_POINT ( 'NONE',  ( -0.5999999626462408900, -1.500000037353759200, 0.0000000000000000000 ) ) ;
#7697 = ADVANCED_FACE ( 'NONE', ( #9105 ), #2587, .T. ) ;
#7698 = ORIENTED_EDGE ( 'NONE', *, *, #3788, .T. ) ;
#7699 = ORIENTED_EDGE ( 'NONE', *, *, #1153, .F. ) ;
#7700 = DIRECTION ( 'NONE',  ( -1.000000000000000000, 0.0000000000000000000, 0.0000000000000000000 ) ) ;
#7701 = VERTEX_POINT ( 'NONE', #4778 ) ;
#7702 = AXIS2_PLACEMENT_3D ( 'NONE', #638, #8894, #4373 ) ;
#7703 = CARTESIAN_POINT ( 'NONE',  ( 0.3750000000000000000, 1.500000000000000000, 0.2030000000000000100 ) ) ;
#7704 = FACE_OUTER_BOUND ( 'NONE', #8493, .T. ) ;
#7705 = CARTESIAN_POINT ( 'NONE',  ( -1.508100000000000000, -1.875000000000000000, 0.2030000000000000100 ) ) ;
#7706 = LINE ( 'NONE', #3250, #794 ) ;
#7707 = ORIENTED_EDGE ( 'NONE', *, *, #4496, .T. ) ;
#7708 = LINE ( 'NONE', #202, #6762 ) ;
#7709 = DIRECTION ( 'NONE',  ( 0.0000000000000000000, -1.000000000000000000, 0.0000000000000000000 ) ) ;
#7710 =( NAMED_UNIT ( * ) SI_UNIT ( $, .STERADIAN. ) SOLID_ANGLE_UNIT ( ) );
#7711 = ORIENTED_EDGE ( 'NONE', *, *, #793, .T. ) ;
#7712 = VERTEX_POINT ( 'NONE', #3027 ) ;
#7713 = VECTOR ( 'NONE', #5761, 1000.000000000000000 ) ;
#7714 = LINE ( 'NONE', #1359, #1762 ) ;
#7715 = LINE ( 'NONE', #3901, #6533 ) ;
#7716 = ORIENTED_EDGE ( 'NONE', *, *, #2716, .T. ) ;
#7717 = DIRECTION ( 'NONE',  ( 0.9996078894785148700, 0.02800120162259612000, 0.0000000000000000000 ) ) ;
#7718 = AXIS2_PLACEMENT_3D ( 'NONE', #6704, #8199, #8136 ) ;
#7719 = PLANE ( 'NONE',  #4645 ) ;
#7720 = EDGE_CURVE ( 'NONE', #1216, #7461, #7491, .T. ) ;
#7721 = CARTESIAN_POINT ( 'NONE',  ( 0.3750000000000000000, 1.837499999999999900, 0.0000000000000000000 ) ) ;
#7722 = ORIENTED_EDGE ( 'NONE', *, *, #7922, .F. ) ;
#7723 = CARTESIAN_POINT ( 'NONE',  ( 1.174986249936076800, 1.837530996695474700, 0.0000000000000000000 ) ) ;
#7724 = CIRCLE ( 'NONE', #6422, 0.04998625954667033200 ) ;
#7725 = LINE ( 'NONE', #3272, #584 ) ;
#7726 = VECTOR ( 'NONE', #3911, 1000.000000000000000 ) ;
#7727 = VERTEX_POINT ( 'NONE', #3754 ) ;
#7728 = CARTESIAN_POINT ( 'NONE',  ( -0.2750000000000000200, 0.0000000000000000000, 0.0000000000000000000 ) ) ;
#7729 = DIRECTION ( 'NONE',  ( -1.000000000000000000, 0.0000000000000000000, 0.0000000000000000000 ) ) ;
#7730 = EDGE_LOOP ( 'NONE', ( #621, #4423, #3748, #1561, #1215, #9185 ) ) ;
#7731 = LINE ( 'NONE', #2380, #7020 ) ;
#7732 = AXIS2_PLACEMENT_3D ( 'NONE', #1548, #5955, #5187 ) ;
#7733 = CARTESIAN_POINT ( 'NONE',  ( 1.712500000000000100, -0.8499999999999999800, 0.04999999999999999600 ) ) ;
#7734 = EDGE_CURVE ( 'NONE', #8676, #6777, #9461, .T. ) ;
#7735 = ORIENTED_EDGE ( 'NONE', *, *, #137, .T. ) ;
#7736 = AXIS2_PLACEMENT_3D ( 'NONE', #9575, #4317, #9506 ) ;
#7737 = CIRCLE ( 'NONE', #1557, 0.04999996264625481600 ) ;
#7738 = CARTESIAN_POINT ( 'NONE',  ( -1.175100000000000000, 1.325000000000000000, 0.2030000000000000100 ) ) ;
#7739 = DIRECTION ( 'NONE',  ( -1.000000000000000000, 0.0000000000000000000, 0.0000000000000000000 ) ) ;
#7740 = DIRECTION ( 'NONE',  ( -1.000000000000000000, 0.0000000000000000000, 0.0000000000000000000 ) ) ;
#7741 = DIRECTION ( 'NONE',  ( -0.0000000000000000000, -0.0000000000000000000, -1.000000000000000000 ) ) ;
#7742 = ORIENTED_EDGE ( 'NONE', *, *, #4045, .T. ) ;
#7743 = CARTESIAN_POINT ( 'NONE',  ( 0.0000000000000000000, -0.1856274672000000100, 0.8009000000000000600 ) ) ;
#7744 = LINE ( 'NONE', #1067, #4817 ) ;
#7745 = EDGE_CURVE ( 'NONE', #4389, #4300, #4681, .T. ) ;
#7746 = ADVANCED_FACE ( 'NONE', ( #8757 ), #6347, .F. ) ;
#7747 = EDGE_CURVE ( 'NONE', #6910, #5385, #7725, .T. ) ;
#7748 = CARTESIAN_POINT ( 'NONE',  ( -2.026232172824051100E-016, 0.2152124981999999100, 0.8009000000000000600 ) ) ;
#7749 = DIRECTION ( 'NONE',  ( -1.000000000000000000, 0.0000000000000000000, 0.0000000000000000000 ) ) ;
#7750 = STYLED_ITEM ( 'NONE', ( #3723 ), #8593 ) ;
#7751 = DIRECTION ( 'NONE',  ( 1.000000000000000000, 0.0000000000000000000, 0.0000000000000000000 ) ) ;
#7752 = EDGE_LOOP ( 'NONE', ( #7671, #3081, #2683, #7435 ) ) ;
#7753 = CARTESIAN_POINT ( 'NONE',  ( 0.0000000000000000000, 0.0000000000000000000, 0.2030000000000000100 ) ) ;
#7754 = ORIENTED_EDGE ( 'NONE', *, *, #96, .F. ) ;
#7755 = ORIENTED_EDGE ( 'NONE', *, *, #9195, .F. ) ;
#7756 = ORIENTED_EDGE ( 'NONE', *, *, #1300, .T. ) ;
#7757 = VECTOR ( 'NONE', #2534, 1000.000000000000000 ) ;
#7758 = DIRECTION ( 'NONE',  ( 0.0000000000000000000, 0.0000000000000000000, 1.000000000000000000 ) ) ;
#7759 = ORIENTED_EDGE ( 'NONE', *, *, #2468, .T. ) ;
#7760 = EDGE_CURVE ( 'NONE', #1954, #1964, #6676, .T. ) ;
#7761 = CARTESIAN_POINT ( 'NONE',  ( 0.0000000000000000000, -1.550000000000000300, 0.05000000000000000300 ) ) ;
#7762 = ORIENTED_EDGE ( 'NONE', *, *, #8832, .T. ) ;
#7763 = FACE_OUTER_BOUND ( 'NONE', #2429, .T. ) ;
#7764 = VECTOR ( 'NONE', #3449, 1000.000000000000000 ) ;
#7765 = DIRECTION ( 'NONE',  ( -0.0000000000000000000, -0.0000000000000000000, -1.000000000000000000 ) ) ;
#7766 = VERTEX_POINT ( 'NONE', #3382 ) ;
#7767 = DIRECTION ( 'NONE',  ( 0.0000000000000000000, 0.0000000000000000000, 1.000000000000000000 ) ) ;
#7768 = CARTESIAN_POINT ( 'NONE',  ( -0.001989848699999998300, -0.08393235690000000500, 0.8009000000000000600 ) ) ;
#7769 = DIRECTION ( 'NONE',  ( 0.0000000000000000000, 0.0000000000000000000, 1.000000000000000000 ) ) ;
#7770 = CARTESIAN_POINT ( 'NONE',  ( 1.174986249936076800, -1.837530996695474700, 0.0000000000000000000 ) ) ;
#7771 = ORIENTED_EDGE ( 'NONE', *, *, #2616, .F. ) ;
#7772 = LINE ( 'NONE', #2236, #8455 ) ;
#7773 = DIRECTION ( 'NONE',  ( -0.0000000000000000000, -0.0000000000000000000, 1.000000000000000000 ) ) ;
#7774 = ORIENTED_EDGE ( 'NONE', *, *, #5216, .F. ) ;
#7775 = EDGE_CURVE ( 'NONE', #6959, #6717, #5383, .T. ) ;
#7776 = UNCERTAINTY_MEASURE_WITH_UNIT (LENGTH_MEASURE( 1.000000000000000100E-005 ), #7465, 'distance_accuracy_value', 'NONE');
#7777 = CARTESIAN_POINT ( 'NONE',  ( -0.8249999999999999600, 1.325000000000000200, 0.04999999999999999600 ) ) ;
#7778 = DIRECTION ( 'NONE',  ( 0.0000000000000000000, -0.0000000000000000000, 1.000000000000000000 ) ) ;
#7779 = SURFACE_SIDE_STYLE ('',( #4001 ) ) ;
#7780 = CARTESIAN_POINT ( 'NONE',  ( 0.2750000000000000200, -1.700000000000000000, 0.04999999999999999600 ) ) ;
#7781 = ORIENTED_EDGE ( 'NONE', *, *, #3387, .T. ) ;
#7782 = DIRECTION ( 'NONE',  ( 1.000000000000000000, 0.0000000000000000000, 0.0000000000000000000 ) ) ;
#7783 = EDGE_LOOP ( 'NONE', ( #3882, #3890, #1846, #7394 ) ) ;
#7784 = AXIS2_PLACEMENT_3D ( 'NONE', #2145, #6496, #2770 ) ;
#7785 = VECTOR ( 'NONE', #8660, 1000.000000000000000 ) ;
#7786 = EDGE_CURVE ( 'NONE', #2285, #2109, #8411, .T. ) ;
#7787 = DIRECTION ( 'NONE',  ( 1.000000000000000000, 0.0000000000000000000, 0.0000000000000000000 ) ) ;
#7788 = PLANE ( 'NONE',  #7350 ) ;
#7789 = ADVANCED_FACE ( 'NONE', ( #3276 ), #4120, .F. ) ;
#7790 = VERTEX_POINT ( 'NONE', #1083 ) ;
#7791 = ORIENTED_EDGE ( 'NONE', *, *, #5083, .F. ) ;
#7792 = CARTESIAN_POINT ( 'NONE',  ( -1.712530996695474700, -0.6999862499360770500, 0.0000000000000000000 ) ) ;
#7793 = VECTOR ( 'NONE', #9656, 1000.000000000000000 ) ;
#7794 = LINE ( 'NONE', #4746, #4290 ) ;
#7795 = CARTESIAN_POINT ( 'NONE',  ( 0.2750000000000000200, -1.700000000000000000, 0.0000000000000000000 ) ) ;
#7796 = CARTESIAN_POINT ( 'NONE',  ( -0.06876246094476347300, 0.03759749911542718100, 0.8009000000000000600 ) ) ;
#7797 = CARTESIAN_POINT ( 'NONE',  ( -1.384879297753362800, 1.546851659654180400, 0.8000000000000000400 ) ) ;
#7798 = EDGE_CURVE ( 'NONE', #1308, #1749, #1298, .T. ) ;
#7799 = VERTEX_POINT ( 'NONE', #4713 ) ;
#7800 = AXIS2_PLACEMENT_3D ( 'NONE', #3376, #1181, #4082 ) ;
#7801 = ORIENTED_EDGE ( 'NONE', *, *, #8180, .T. ) ;
#7802 = AXIS2_PLACEMENT_3D ( 'NONE', #923, #8425, #1659 ) ;
#7803 = VECTOR ( 'NONE', #3346, 1000.000000000000000 ) ;
#7804 = CIRCLE ( 'NONE', #3058, 0.05003631351710522600 ) ;
#7805 = VERTEX_POINT ( 'NONE', #7721 ) ;
#7806 = CARTESIAN_POINT ( 'NONE',  ( -0.2000000000000000100, -1.700000000000000000, 0.0000000000000000000 ) ) ;
#7807 = DIRECTION ( 'NONE',  ( -0.0000000000000000000, -0.0000000000000000000, -1.000000000000000000 ) ) ;
#7808 = DIRECTION ( 'NONE',  ( -0.0000000000000000000, -0.0000000000000000000, -1.000000000000000000 ) ) ;
#7809 = ORIENTED_EDGE ( 'NONE', *, *, #8655, .T. ) ;
#7810 = VERTEX_POINT ( 'NONE', #9262 ) ;
#7811 = DIRECTION ( 'NONE',  ( -0.0000000000000000000, -0.0000000000000000000, -1.000000000000000000 ) ) ;
#7812 = ORIENTED_EDGE ( 'NONE', *, *, #1365, .F. ) ;
#7813 = VECTOR ( 'NONE', #1261, 1000.000000000000000 ) ;
#7814 = EDGE_CURVE ( 'NONE', #9280, #8278, #2932, .T. ) ;
#7815 = LINE ( 'NONE', #4820, #4312 ) ;
#7816 = AXIS2_PLACEMENT_3D ( 'NONE', #1847, #2599, #7751 ) ;
#7817 = CARTESIAN_POINT ( 'NONE',  ( 1.224999981323120500, 0.3499999813231205500, 0.0000000000000000000 ) ) ;
#7818 = ORIENTED_EDGE ( 'NONE', *, *, #3674, .F. ) ;
#7819 = ORIENTED_EDGE ( 'NONE', *, *, #466, .T. ) ;
#7820 = DIRECTION ( 'NONE',  ( -1.000000000000000000, 0.0000000000000000000, 0.0000000000000000000 ) ) ;
#7821 = DIRECTION ( 'NONE',  ( -0.0000000000000000000, -0.0000000000000000000, -1.000000000000000000 ) ) ;
#7822 = DIRECTION ( 'NONE',  ( 1.000000000000000000, 0.0000000000000000000, -0.0000000000000000000 ) ) ;
#7823 = CIRCLE ( 'NONE', #5225, 0.04998625954667008900 ) ;
#7824 = CIRCLE ( 'NONE', #8550, 0.04998625954667031100 ) ;
#7825 = ORIENTED_EDGE ( 'NONE', *, *, #5013, .F. ) ;
#7826 = ORIENTED_EDGE ( 'NONE', *, *, #2820, .T. ) ;
#7827 = AXIS2_PLACEMENT_3D ( 'NONE', #2095, #8116, #1414 ) ;
#7828 = ORIENTED_EDGE ( 'NONE', *, *, #1663, .T. ) ;
#7829 = DIRECTION ( 'NONE',  ( 0.0000000000000000000, -1.000000000000000000, 0.0000000000000000000 ) ) ;
#7830 = VECTOR ( 'NONE', #1076, 1000.000000000000000 ) ;
#7831 = CARTESIAN_POINT ( 'NONE',  ( -0.1228558884447634600, 0.1356073488154271600, 0.8008000000000000700 ) ) ;
#7832 = EDGE_CURVE ( 'NONE', #3052, #2821, #6204, .T. ) ;
#7833 =( NAMED_UNIT ( * ) SI_UNIT ( $, .STERADIAN. ) SOLID_ANGLE_UNIT ( ) );
#7834 = EDGE_LOOP ( 'NONE', ( #2912, #346, #5795, #613 ) ) ;
#7835 = ORIENTED_EDGE ( 'NONE', *, *, #6506, .F. ) ;
#7836 = ADVANCED_FACE ( 'NONE', ( #3526 ), #4914, .T. ) ;
#7837 = PRESENTATION_STYLE_ASSIGNMENT (( #1373 ) ) ;
#7838 = CARTESIAN_POINT ( 'NONE',  ( -0.5999999626462407800, -0.6999999626462407600, 0.2030000000000000100 ) ) ;
#7839 = DIRECTION ( 'NONE',  ( -1.000000000000000000, 0.0000000000000000000, 0.0000000000000000000 ) ) ;
#7840 = CARTESIAN_POINT ( 'NONE',  ( 0.2750000000000000200, 0.0000000000000000000, 0.2030000000000000100 ) ) ;
#7841 = DIRECTION ( 'NONE',  ( -0.4843988282697542200, -0.8748472867711765100, 0.0000000000000000000 ) ) ;
#7842 = VERTEX_POINT ( 'NONE', #1787 ) ;
#7843 = PRESENTATION_LAYER_ASSIGNMENT (  '', '', ( #1347 ) ) ;
#7844 = CARTESIAN_POINT ( 'NONE',  ( 0.6749862499360769200, 1.837530996695474500, 0.04999999999999999600 ) ) ;
#7845 = EDGE_CURVE ( 'NONE', #8691, #36, #2806, .T. ) ;
#7846 = EDGE_CURVE ( 'NONE', #5209, #4352, #8870, .T. ) ;
#7847 = DIRECTION ( 'NONE',  ( 0.0000000000000000000, -1.000000000000000000, 0.0000000000000000000 ) ) ;
#7848 = PRODUCT ( 'MAXIM_90-100104', 'MAXIM_90-100104', '', ( #6641 ) ) ;
#7849 = ORIENTED_EDGE ( 'NONE', *, *, #1852, .T. ) ;
#7850 = VERTEX_POINT ( 'NONE', #6956 ) ;
#7851 = VECTOR ( 'NONE', #8628, 1000.000000000000000 ) ;
#7852 = DIRECTION ( 'NONE',  ( 1.000000000000000000, 0.0000000000000000000, 0.0000000000000000000 ) ) ;
#7853 = CARTESIAN_POINT ( 'NONE',  ( 1.740000000000000000, 1.616775933925918000, 0.04999999999999999600 ) ) ;
#7854 = EDGE_CURVE ( 'NONE', #1380, #8501, #3045, .T. ) ;
#7855 = AXIS2_PLACEMENT_3D ( 'NONE', #8796, #2860, #9586 ) ;
#7856 = CIRCLE ( 'NONE', #1218, 0.04998625954667031100 ) ;
#7857 = ORIENTED_EDGE ( 'NONE', *, *, #8357, .T. ) ;
#7858 = FACE_OUTER_BOUND ( 'NONE', #7549, .T. ) ;
#7859 = DIRECTION ( 'NONE',  ( -0.0000000000000000000, -0.0000000000000000000, -1.000000000000000000 ) ) ;
#7860 = DIRECTION ( 'NONE',  ( 0.0000000000000000000, -1.000000000000000000, 0.0000000000000000000 ) ) ;
#7861 = CIRCLE ( 'NONE', #7965, 0.04998625954667031100 ) ;
#7862 = VERTEX_POINT ( 'NONE', #7780 ) ;
#7863 = ORIENTED_EDGE ( 'NONE', *, *, #5335, .F. ) ;
#7864 = VECTOR ( 'NONE', #1344, 1000.000000000000000 ) ;
#7865 = CARTESIAN_POINT ( 'NONE',  ( -1.740000000000000000, 1.333224066074082200, 0.2030000000000000100 ) ) ;
#7866 = CARTESIAN_POINT ( 'NONE',  ( -1.524999999999999900, 1.837499999999999900, 0.2030000000000000100 ) ) ;
#7867 = ADVANCED_FACE ( 'NONE', ( #6775 ), #420, .F. ) ;
#7868 = PRESENTATION_LAYER_ASSIGNMENT (  '', '', ( #8731 ) ) ;
#7869 = AXIS2_PLACEMENT_3D ( 'NONE', #7723, #1016, #9103 ) ;
#7870 = SURFACE_SIDE_STYLE ('',( #4528 ) ) ;
#7871 = DIRECTION ( 'NONE',  ( 0.0000000000000000000, 1.000000000000000000, 0.0000000000000000000 ) ) ;
#7872 = ORIENTED_EDGE ( 'NONE', *, *, #9107, .F. ) ;
#7873 = DIRECTION ( 'NONE',  ( -1.000000000000000000, 0.0000000000000000000, 0.0000000000000000000 ) ) ;
#7874 = SURFACE_SIDE_STYLE ('',( #7222 ) ) ;
#7875 = FACE_OUTER_BOUND ( 'NONE', #3256, .T. ) ;
#7876 = DIRECTION ( 'NONE',  ( -0.0000000000000000000, 0.0000000000000000000, 1.000000000000000000 ) ) ;
#7877 = ORIENTED_EDGE ( 'NONE', *, *, #7288, .F. ) ;
#7878 = AXIS2_PLACEMENT_3D ( 'NONE', #5855, #1376, #6590 ) ;
#7879 = CARTESIAN_POINT ( 'NONE',  ( -0.5999999999999999800, -0.8499999999999999800, 0.0000000000000000000 ) ) ;
#7880 = ADVANCED_FACE ( 'NONE', ( #5625 ), #520, .T. ) ;
#7881 = ORIENTED_EDGE ( 'NONE', *, *, #8111, .F. ) ;
#7882 = LINE ( 'NONE', #6080, #7189 ) ;
#7883 = PRESENTATION_STYLE_ASSIGNMENT (( #2519 ) ) ;
#7884 = DIRECTION ( 'NONE',  ( -0.0000000000000000000, -0.0000000000000000000, -1.000000000000000000 ) ) ;
#7885 = VECTOR ( 'NONE', #9509, 1000.000000000000000 ) ;
#7886 = CARTESIAN_POINT ( 'NONE',  ( 1.224999981323120500, 0.3499999813231205500, 0.04999999999999999600 ) ) ;
#7887 = CARTESIAN_POINT ( 'NONE',  ( 0.0000000000000000000, -0.1856274672000000100, 0.8009000000000000600 ) ) ;
#7888 =( NAMED_UNIT ( * ) PLANE_ANGLE_UNIT ( ) SI_UNIT ( $, .RADIAN. ) );
#7889 = ORIENTED_EDGE ( 'NONE', *, *, #6750, .F. ) ;
#7890 = UNCERTAINTY_MEASURE_WITH_UNIT (LENGTH_MEASURE( 1.000000000000000100E-005 ), #1249, 'distance_accuracy_value', 'NONE');
#7891 = FACE_OUTER_BOUND ( 'NONE', #8734, .T. ) ;
#7892 = AXIS2_PLACEMENT_3D ( 'NONE', #1530, #2301, #4458 ) ;
#7893 = EDGE_CURVE ( 'NONE', #3612, #9595, #9451, .T. ) ;
#7894 = EDGE_CURVE ( 'NONE', #5988, #4804, #5484, .T. ) ;
#7895 = VERTEX_POINT ( 'NONE', #8743 ) ;
#7896 = EDGE_LOOP ( 'NONE', ( #3433, #8237, #496, #1533, #3339, #7083 ) ) ;
#7897 = CARTESIAN_POINT ( 'NONE',  ( 0.2750000000000000200, -0.0000000000000000000, 0.05000000000000000300 ) ) ;
#7898 = ORIENTED_EDGE ( 'NONE', *, *, #5161, .T. ) ;
#7899 = DIRECTION ( 'NONE',  ( -1.000000000000000000, 0.0000000000000000000, 0.0000000000000000000 ) ) ;
#7900 = DIRECTION ( 'NONE',  ( -0.0000000000000000000, -0.0000000000000000000, -1.000000000000000000 ) ) ;
#7901 = VECTOR ( 'NONE', #5658, 1000.000000000000100 ) ;
#7902 = LINE ( 'NONE', #8751, #2084 ) ;
#7903 =( NAMED_UNIT ( * ) SI_UNIT ( $, .STERADIAN. ) SOLID_ANGLE_UNIT ( ) );
#7904 = ORIENTED_EDGE ( 'NONE', *, *, #9623, .F. ) ;
#7905 = VERTEX_POINT ( 'NONE', #6375 ) ;
#7906 = EDGE_CURVE ( 'NONE', #9170, #1308, #1887, .T. ) ;
#7907 = EDGE_CURVE ( 'NONE', #2122, #965, #2237, .T. ) ;
#7908 = CARTESIAN_POINT ( 'NONE',  ( 1.133224066074082400, -1.865000000000000200, 0.2030000000000000100 ) ) ;
#7909 = PLANE ( 'NONE',  #797 ) ;
#7910 = LINE ( 'NONE', #5242, #6853 ) ;
#7911 = DIRECTION ( 'NONE',  ( 1.000000000000000000, 0.0000000000000000000, 0.0000000000000000000 ) ) ;
#7912 = PLANE ( 'NONE',  #5056 ) ;
#7913 = ORIENTED_EDGE ( 'NONE', *, *, #6420, .F. ) ;
#7914 = DIRECTION ( 'NONE',  ( -0.0000000000000000000, -0.0000000000000000000, -1.000000000000000000 ) ) ;
#7915 = ORIENTED_EDGE ( 'NONE', *, *, #3504, .F. ) ;
#7916 = FACE_OUTER_BOUND ( 'NONE', #91, .T. ) ;
#7917 = FACE_OUTER_BOUND ( 'NONE', #6019, .T. ) ;
#7918 = CARTESIAN_POINT ( 'NONE',  ( 1.174986249936076800, -1.837530996695474700, 0.2030000000000000100 ) ) ;
#7919 = VECTOR ( 'NONE', #4915, 1000.000000000000000 ) ;
#7920 = ORIENTED_EDGE ( 'NONE', *, *, #6587, .T. ) ;
#7921 = CARTESIAN_POINT ( 'NONE',  ( -0.5999999999999999800, -0.1499999999999999900, 0.04999999999999999600 ) ) ;
#7922 = EDGE_CURVE ( 'NONE', #6276, #1178, #4670, .T. ) ;
#7923 = AXIS2_PLACEMENT_3D ( 'NONE', #2765, #9528, #3541 ) ;
#7924 = DIRECTION ( 'NONE',  ( -0.0000000000000000000, 0.0000000000000000000, 1.000000000000000000 ) ) ;
#7925 = FACE_OUTER_BOUND ( 'NONE', #2927, .T. ) ;
#7926 = EDGE_LOOP ( 'NONE', ( #1728, #4369, #3914, #9039 ) ) ;
#7927 = VERTEX_POINT ( 'NONE', #4150 ) ;
#7928 = ADVANCED_FACE ( 'NONE', ( #4202 ), #456, .T. ) ;
#7929 = ORIENTED_EDGE ( 'NONE', *, *, #7984, .T. ) ;
#7930 = DIRECTION ( 'NONE',  ( 0.0000000000000000000, -0.0000000000000000000, -1.000000000000000000 ) ) ;
#7931 = FACE_OUTER_BOUND ( 'NONE', #7442, .T. ) ;
#7932 = CARTESIAN_POINT ( 'NONE',  ( -0.2209826877447634800, 0.1766074064980616700, 0.8009000000000000600 ) ) ;
#7933 = DIRECTION ( 'NONE',  ( -0.0000000000000000000, 0.0000000000000000000, 1.000000000000000000 ) ) ;
#7934 = FILL_AREA_STYLE ('',( #4932 ) ) ;
#7935 = DIRECTION ( 'NONE',  ( 1.000000000000000000, 0.0000000000000000000, 0.0000000000000000000 ) ) ;
#7936 = ORIENTED_EDGE ( 'NONE', *, *, #3503, .F. ) ;
#7937 = EDGE_CURVE ( 'NONE', #4515, #6232, #2125, .T. ) ;
#7938 = FACE_OUTER_BOUND ( 'NONE', #1844, .T. ) ;
#7939 = AXIS2_PLACEMENT_3D ( 'NONE', #7918, #5019, #6481 ) ;
#7940 = VECTOR ( 'NONE', #7363, 1000.000000000000000 ) ;
#7941 =( LENGTH_UNIT ( ) NAMED_UNIT ( * ) SI_UNIT ( .MILLI., .METRE. ) );
#7942 = LINE ( 'NONE', #8298, #1998 ) ;
#7943 = ORIENTED_EDGE ( 'NONE', *, *, #5699, .F. ) ;
#7944 = CARTESIAN_POINT ( 'NONE',  ( -1.475013750063923100, -1.837530996695474700, 0.2030000000000000100 ) ) ;
#7945 = DIRECTION ( 'NONE',  ( -0.0000000000000000000, 0.0000000000000000000, 1.000000000000000000 ) ) ;
#7946 = DIRECTION ( 'NONE',  ( -0.0000000000000000000, 0.0000000000000000000, 1.000000000000000000 ) ) ;
#7947 = CARTESIAN_POINT ( 'NONE',  ( 0.2123996132999999000, 0.1721721855000000200, 0.8009000000000000600 ) ) ;
#7948 = CARTESIAN_POINT ( 'NONE',  ( -0.3250137500639230800, 1.837530996695474500, 0.04999999999999999600 ) ) ;
#7949 = VERTEX_POINT ( 'NONE', #8612 ) ;
#7950 = LINE ( 'NONE', #5448, #8634 ) ;
#7951 = CYLINDRICAL_SURFACE ( 'NONE', #7732, 0.04999996264625481600 ) ;
#7952 = CARTESIAN_POINT ( 'NONE',  ( 0.0000000000000000000, 1.875000000000000000, 0.2030000000000000100 ) ) ;
#7953 = VERTEX_POINT ( 'NONE', #6601 ) ;
#7954 =( NAMED_UNIT ( * ) SI_UNIT ( $, .STERADIAN. ) SOLID_ANGLE_UNIT ( ) );
#7955 = AXIS2_PLACEMENT_3D ( 'NONE', #6134, #3912, #7740 ) ;
#7956 = EDGE_CURVE ( 'NONE', #4300, #5458, #216, .T. ) ;
#7957 = ORIENTED_EDGE ( 'NONE', *, *, #9053, .F. ) ;
#7958 = CARTESIAN_POINT ( 'NONE',  ( -1.740000000000000000, -1.865000000000000200, 0.8000000000000000400 ) ) ;
#7959 = CARTESIAN_POINT ( 'NONE',  ( -0.3250137500639230800, 1.837530996695474500, 0.0000000000000000000 ) ) ;
#7960 = VECTOR ( 'NONE', #7741, 1000.000000000000000 ) ;
#7961 = ORIENTED_EDGE ( 'NONE', *, *, #859, .T. ) ;
#7962 = CARTESIAN_POINT ( 'NONE',  ( -1.712500000000000100, -1.550000000000000300, 0.04999999999999999600 ) ) ;
#7963 = FILL_AREA_STYLE ('',( #4212 ) ) ;
#7964 = EDGE_LOOP ( 'NONE', ( #3146, #1094, #1811, #4198 ) ) ;
#7965 = AXIS2_PLACEMENT_3D ( 'NONE', #5744, #8078, #1258 ) ;
#7966 = DIRECTION ( 'NONE',  ( 0.0000000000000000000, 0.0000000000000000000, -1.000000000000000000 ) ) ;
#7967 = FACE_OUTER_BOUND ( 'NONE', #3910, .T. ) ;
#7968 = EDGE_CURVE ( 'NONE', #8351, #1739, #4447, .T. ) ;
#7969 = ORIENTED_EDGE ( 'NONE', *, *, #20, .T. ) ;
#7970 = EDGE_CURVE ( 'NONE', #1415, #7426, #1536, .T. ) ;
#7971 = CARTESIAN_POINT ( 'NONE',  ( 1.250000000000000000, 0.8249999999999999600, 0.2030000000000000100 ) ) ;
#7972 = FACE_OUTER_BOUND ( 'NONE', #9184, .T. ) ;
#7973 = DIRECTION ( 'NONE',  ( 0.0000000000000000000, -0.0000000000000000000, 1.000000000000000000 ) ) ;
#7974 = CARTESIAN_POINT ( 'NONE',  ( 0.03465738607206819000, -0.01924396240038802100, 0.8009000000000000600 ) ) ;
#7975 = DIRECTION ( 'NONE',  ( -0.0000000000000000000, -0.0000000000000000000, -1.000000000000000000 ) ) ;
#7976 = ORIENTED_EDGE ( 'NONE', *, *, #8417, .T. ) ;
#7977 = VECTOR ( 'NONE', #4707, 1000.000000000000000 ) ;
#7978 = EDGE_LOOP ( 'NONE', ( #45, #4658, #925, #2510 ) ) ;
#7979 = PLANE ( 'NONE',  #121 ) ;
#7980 = ORIENTED_EDGE ( 'NONE', *, *, #4596, .T. ) ;
#7981 = CARTESIAN_POINT ( 'NONE',  ( 0.1999999252924816500, -0.5999999252924815800, 0.0000000000000000000 ) ) ;
#7982 = LINE ( 'NONE', #6928, #729 ) ;
#7983 = ADVANCED_FACE ( 'NONE', ( #8174 ), #4346, .T. ) ;
#7984 = EDGE_CURVE ( 'NONE', #4996, #6090, #1420, .T. ) ;
#7985 = CARTESIAN_POINT ( 'NONE',  ( 1.740000000000000000, -1.865000000000000200, 0.8000000000000000400 ) ) ;
#7986 = AXIS2_PLACEMENT_3D ( 'NONE', #8537, #4069, #1100 ) ;
#7987 = ORIENTED_EDGE ( 'NONE', *, *, #6538, .F. ) ;
#7988 = LINE ( 'NONE', #1402, #3562 ) ;
#7989 = DIRECTION ( 'NONE',  ( -0.0000000000000000000, 0.0000000000000000000, 1.000000000000000000 ) ) ;
#7990 = ORIENTED_EDGE ( 'NONE', *, *, #8842, .F. ) ;
#7991 = VERTEX_POINT ( 'NONE', #5066 ) ;
#7992 = ORIENTED_EDGE ( 'NONE', *, *, #7147, .T. ) ;
#7993 = LINE ( 'NONE', #6835, #6712 ) ;
#7994 = DIRECTION ( 'NONE',  ( 1.000000000000000000, 0.0000000000000000000, 0.0000000000000000000 ) ) ;
#7995 = EDGE_LOOP ( 'NONE', ( #1809, #7819, #6132, #7152 ) ) ;
#7996 = EDGE_CURVE ( 'NONE', #5633, #1112, #7714, .T. ) ;
#7997 = CARTESIAN_POINT ( 'NONE',  ( -0.3667759339259176700, 1.865000000000000200, 0.2030000000000000100 ) ) ;
#7998 =( GEOMETRIC_REPRESENTATION_CONTEXT ( 3 ) GLOBAL_UNCERTAINTY_ASSIGNED_CONTEXT ( ( #1679 ) ) GLOBAL_UNIT_ASSIGNED_CONTEXT ( ( #4774, #1079, #6338 ) ) REPRESENTATION_CONTEXT ( 'NONE', 'WORKASPACE' ) );
#7999 = CARTESIAN_POINT ( 'NONE',  ( 1.712530996695474700, -1.399986249936077100, 0.2030000000000000100 ) ) ;
#8000 = ORIENTED_EDGE ( 'NONE', *, *, #4783, .T. ) ;
#8001 = FACE_OUTER_BOUND ( 'NONE', #6269, .T. ) ;
#8002 = CARTESIAN_POINT ( 'NONE',  ( -0.6420000000000000200, 1.875000000000000000, 0.2030000000000000100 ) ) ;
#8003 = CARTESIAN_POINT ( 'NONE',  ( -1.712500000000000100, -0.8499999999999999800, 0.04999999999999999600 ) ) ;
#8004 = DIRECTION ( 'NONE',  ( 1.000000000000000000, 0.0000000000000000000, 0.0000000000000000000 ) ) ;
#8005 = ORIENTED_EDGE ( 'NONE', *, *, #4148, .T. ) ;
#8006 = LINE ( 'NONE', #5830, #3856 ) ;
#8007 = DIRECTION ( 'NONE',  ( 1.000000000000000000, 0.0000000000000000000, 0.0000000000000000000 ) ) ;
#8008 = CARTESIAN_POINT ( 'NONE',  ( 1.124999990389406800, 1.837530996695474700, 0.2030000000000000100 ) ) ;
#8009 = AXIS2_PLACEMENT_3D ( 'NONE', #4204, #8631, #4169 ) ;
#8010 =( NAMED_UNIT ( * ) SI_UNIT ( $, .STERADIAN. ) SOLID_ANGLE_UNIT ( ) );
#8011 = ORIENTED_EDGE ( 'NONE', *, *, #2820, .F. ) ;
#8012 = EDGE_CURVE ( 'NONE', #1113, #5104, #6316, .T. ) ;
#8013 = VERTEX_POINT ( 'NONE', #2076 ) ;
#8014 = ORIENTED_EDGE ( 'NONE', *, *, #2527, .F. ) ;
#8015 = DIRECTION ( 'NONE',  ( -1.000000000000000000, -0.0000000000000000000, -0.0000000000000000000 ) ) ;
#8016 = DIRECTION ( 'NONE',  ( -1.000000000000000000, 0.0000000000000000000, 0.0000000000000000000 ) ) ;
#8017 = LINE ( 'NONE', #6446, #9283 ) ;
#8018 = CARTESIAN_POINT ( 'NONE',  ( 0.8667128715228555900, 1.865000000000000200, 0.04999999999999999600 ) ) ;
#8019 = DIRECTION ( 'NONE',  ( -0.0000000000000000000, 0.0000000000000000000, 1.000000000000000000 ) ) ;
#8020 = CARTESIAN_POINT ( 'NONE',  ( 0.6250000000000000000, 1.837499999999999900, 0.2030000000000000100 ) ) ;
#8021 = ORIENTED_EDGE ( 'NONE', *, *, #8085, .F. ) ;
#8022 = EDGE_LOOP ( 'NONE', ( #4793, #1362, #7074, #7654, #5228, #6786, #7042, #8099, #7904, #4468, #1589, #3969, #963, #8619, #3711, #4525 ) ) ;
#8023 = CARTESIAN_POINT ( 'NONE',  ( -1.750000000000000000, 1.058100000000000000, 0.0000000000000000000 ) ) ;
#8024 = CIRCLE ( 'NONE', #4624, 0.05003631351710528100 ) ;
#8025 = EDGE_CURVE ( 'NONE', #2109, #3564, #2344, .T. ) ;
#8026 = FACE_OUTER_BOUND ( 'NONE', #3215, .T. ) ;
#8027 = EDGE_CURVE ( 'NONE', #4946, #7417, #8064, .T. ) ;
#8028 = ADVANCED_FACE ( 'NONE', ( #4089, #3398, #5979 ), #6530, .T. ) ;
#8029 = PLANE ( 'NONE',  #98 ) ;
#8030 = DIRECTION ( 'NONE',  ( 0.0000000000000000000, -0.0000000000000000000, 1.000000000000000000 ) ) ;
#8031 = CARTESIAN_POINT ( 'NONE',  ( 1.712530996695474900, -0.1000137500639230600, 0.04999999999999999600 ) ) ;
#8032 = PLANE ( 'NONE',  #8473 ) ;
#8033 = VERTEX_POINT ( 'NONE', #9570 ) ;
#8034 = CARTESIAN_POINT ( 'NONE',  ( -0.0000000000000000000, -0.6500000000000001300, 0.0000000000000000000 ) ) ;
#8035 = ORIENTED_EDGE ( 'NONE', *, *, #7120, .T. ) ;
#8036 = CARTESIAN_POINT ( 'NONE',  ( -1.508100000000000000, 1.875000000000000000, 0.2030000000000000100 ) ) ;
#8037 = FACE_OUTER_BOUND ( 'NONE', #5645, .T. ) ;
#8038 = VECTOR ( 'NONE', #4327, 1000.000000000000000 ) ;
#8039 = CARTESIAN_POINT ( 'NONE',  ( 0.0000000000000000000, -1.000000000000000000, 0.2030000000000000100 ) ) ;
#8040 = MECHANICAL_DESIGN_GEOMETRIC_PRESENTATION_REPRESENTATION (  '', ( #3301 ), #4724 ) ;
#8041 = VECTOR ( 'NONE', #653, 1000.000000000000000 ) ;
#8042 = DIRECTION ( 'NONE',  ( 1.000000000000000000, 0.0000000000000000000, -0.0000000000000000000 ) ) ;
#8043 = AXIS2_PLACEMENT_3D ( 'NONE', #2116, #8840, #5135 ) ;
#8044 = ORIENTED_EDGE ( 'NONE', *, *, #2989, .T. ) ;
#8045 = DIRECTION ( 'NONE',  ( -0.0000000000000000000, 0.0000000000000000000, 1.000000000000000000 ) ) ;
#8046 = SURFACE_STYLE_FILL_AREA ( #403 ) ;
#8047 = CIRCLE ( 'NONE', #2499, 0.09999992529250974200 ) ;
#8048 = LINE ( 'NONE', #8303, #7359 ) ;
#8049 = CARTESIAN_POINT ( 'NONE',  ( 0.2000000000000000100, -1.700000000000000000, 0.04999999999999999600 ) ) ;
#8050 = ORIENTED_EDGE ( 'NONE', *, *, #1250, .F. ) ;
#8051 = DIRECTION ( 'NONE',  ( 0.0007999997439988406400, 0.9999996800001536000, 0.0000000000000000000 ) ) ;
#8052 = DIRECTION ( 'NONE',  ( 0.0000000000000000000, 1.000000000000000000, -0.0000000000000000000 ) ) ;
#8053 = CYLINDRICAL_SURFACE ( 'NONE', #6227, 0.04998607688890755600 ) ;
#8054 = VECTOR ( 'NONE', #2734, 1000.000000000000000 ) ;
#8055 = CARTESIAN_POINT ( 'NONE',  ( -1.740000000000000000, 1.066775933925917700, 0.2030000000000000100 ) ) ;
#8056 = EDGE_CURVE ( 'NONE', #9261, #6454, #6178, .T. ) ;
#8057 = ORIENTED_EDGE ( 'NONE', *, *, #5612, .F. ) ;
#8058 = CARTESIAN_POINT ( 'NONE',  ( -1.740000000000000000, 1.616775933925918000, 0.2030000000000000100 ) ) ;
#8059 = AXIS2_PLACEMENT_3D ( 'NONE', #139, #52, #8398 ) ;
#8060 = AXIS2_PLACEMENT_3D ( 'NONE', #4319, #9607, #7332 ) ;
#8061 = CARTESIAN_POINT ( 'NONE',  ( -1.750000000000000000, -1.533099999999999900, 0.0000000000000000000 ) ) ;
#8062 = ORIENTED_EDGE ( 'NONE', *, *, #3349, .F. ) ;
#8063 = LINE ( 'NONE', #3465, #2586 ) ;
#8064 = LINE ( 'NONE', #619, #3966 ) ;
#8065 = DIRECTION ( 'NONE',  ( -1.000000000000000000, 0.0000000000000000000, 0.0000000000000000000 ) ) ;
#8066 = CARTESIAN_POINT ( 'NONE',  ( 1.740000000000000000, 1.865000000000000200, 0.2029999999999999600 ) ) ;
#8067 = DIRECTION ( 'NONE',  ( -1.000000000000000000, 0.0000000000000000000, 0.0000000000000000000 ) ) ;
#8068 = FILL_AREA_STYLE ('',( #9502 ) ) ;
#8069 = EDGE_CURVE ( 'NONE', #8408, #4476, #2913, .T. ) ;
#8070 = AXIS2_PLACEMENT_3D ( 'NONE', #7249, #4864, #4178 ) ;
#8071 = VECTOR ( 'NONE', #8739, 1000.000000000000000 ) ;
#8072 = ORIENTED_EDGE ( 'NONE', *, *, #8561, .T. ) ;
#8073 = DIRECTION ( 'NONE',  ( -0.0000000000000000000, -0.0000000000000000000, -1.000000000000000000 ) ) ;
#8074 = CYLINDRICAL_SURFACE ( 'NONE', #7173, 0.04998625954667031100 ) ;
#8075 = APPLICATION_PROTOCOL_DEFINITION ( 'draft international standard', 'automotive_design', 1998, #2181 ) ;
#8076 = ORIENTED_EDGE ( 'NONE', *, *, #1090, .T. ) ;
#8077 = PLANE ( 'NONE',  #3018 ) ;
#8078 = DIRECTION ( 'NONE',  ( 0.0000000000000000000, -0.0000000000000000000, 1.000000000000000000 ) ) ;
#8079 = ADVANCED_FACE ( 'NONE', ( #5615 ), #3033, .T. ) ;
#8080 = ORIENTED_EDGE ( 'NONE', *, *, #7102, .T. ) ;
#8081 = COLOUR_RGB ( '',0.2509803921568627400, 0.2509803921568627400, 0.2509803921568627400 ) ;
#8082 = ORIENTED_EDGE ( 'NONE', *, *, #8891, .T. ) ;
#8083 = VECTOR ( 'NONE', #8507, 1000.000000000000000 ) ;
#8084 =( NAMED_UNIT ( * ) SI_UNIT ( $, .STERADIAN. ) SOLID_ANGLE_UNIT ( ) );
#8085 = EDGE_CURVE ( 'NONE', #8742, #3361, #2794, .T. ) ;
#8086 = EDGE_CURVE ( 'NONE', #1616, #5418, #8512, .T. ) ;
#8087 = DIRECTION ( 'NONE',  ( -0.0000000000000000000, -0.0000000000000000000, -1.000000000000000000 ) ) ;
#8088 = DIRECTION ( 'NONE',  ( -1.000000000000000000, 0.0000000000000000000, 0.0000000000000000000 ) ) ;
#8089 = ORIENTED_EDGE ( 'NONE', *, *, #3639, .T. ) ;
#8090 = VECTOR ( 'NONE', #7871, 1000.000000000000000 ) ;
#8091 = EDGE_LOOP ( 'NONE', ( #4969, #6733, #5621, #8462, #6249, #3529 ) ) ;
#8092 = CIRCLE ( 'NONE', #4948, 0.04998625954667031100 ) ;
#8093 = CARTESIAN_POINT ( 'NONE',  ( 1.750000000000000000, -1.533099999999999900, 0.2030000000000000100 ) ) ;
#8094 = CARTESIAN_POINT ( 'NONE',  ( 1.524999999999999900, 1.625000000000000200, 0.2030000000000000100 ) ) ;
#8095 = CARTESIAN_POINT ( 'NONE',  ( 0.0000000000000000000, -1.875000000000000000, 0.2030000000000000100 ) ) ;
#8096 = AXIS2_PLACEMENT_3D ( 'NONE', #4697, #118, #2413 ) ;
#8097 = CARTESIAN_POINT ( 'NONE',  ( -0.2750000000000000200, -0.2999999999999999900, 0.0000000000000000000 ) ) ;
#8098 = EDGE_CURVE ( 'NONE', #9072, #5297, #6303, .T. ) ;
#8099 = ORIENTED_EDGE ( 'NONE', *, *, #3860, .T. ) ;
#8100 = EDGE_CURVE ( 'NONE', #3448, #36, #686, .T. ) ;
#8101 = SURFACE_SIDE_STYLE ('',( #9584 ) ) ;
#8102 = EDGE_LOOP ( 'NONE', ( #8765, #3439, #1687, #3841, #1259, #7754 ) ) ;
#8103 = EDGE_LOOP ( 'NONE', ( #37, #6739, #6382, #7281, #8615, #3028, #1819, #1002 ) ) ;
#8104 = CARTESIAN_POINT ( 'NONE',  ( 1.740000000000000000, -1.865000000000000200, 0.05000000000000000300 ) ) ;
#8105 = VECTOR ( 'NONE', #6071, 1000.000000000000000 ) ;
#8106 = DIRECTION ( 'NONE',  ( -0.0000000000000000000, -0.0000000000000000000, -1.000000000000000000 ) ) ;
#8107 = ORIENTED_EDGE ( 'NONE', *, *, #22, .F. ) ;
#8108 = CARTESIAN_POINT ( 'NONE',  ( 0.5500000000000000400, -0.1000000000000000100, 0.2030000000000000100 ) ) ;
#8109 = CIRCLE ( 'NONE', #5270, 0.05003631351710512200 ) ;
#8110 = DIRECTION ( 'NONE',  ( -1.000000000000000000, -0.0000000000000000000, -0.0000000000000000000 ) ) ;
#8111 = EDGE_CURVE ( 'NONE', #5882, #7518, #8622, .T. ) ;
#8112 = LINE ( 'NONE', #798, #6128 ) ;
#8113 = AXIS2_PLACEMENT_3D ( 'NONE', #2012, #5003, #8616 ) ;
#8114 = EDGE_LOOP ( 'NONE', ( #6370, #9133, #8888, #423 ) ) ;
#8115 = VERTEX_POINT ( 'NONE', #7558 ) ;
#8116 = DIRECTION ( 'NONE',  ( 0.0000000000000000000, -0.0000000000000000000, 1.000000000000000000 ) ) ;
#8117 = DIRECTION ( 'NONE',  ( 1.000000000000000000, 0.0000000000000000000, 0.0000000000000000000 ) ) ;
#8118 = CIRCLE ( 'NONE', #8746, 0.05003631351710528100 ) ;
#8119 = LINE ( 'NONE', #21, #2743 ) ;
#8120 = ADVANCED_FACE ( 'NONE', ( #2332 ), #6769, .T. ) ;
#8121 = FILL_AREA_STYLE ('',( #5925 ) ) ;
#8122 = ORIENTED_EDGE ( 'NONE', *, *, #7775, .T. ) ;
#8123 = AXIS2_PLACEMENT_3D ( 'NONE', #7094, #5524, #3989 ) ;
#8124 = DIRECTION ( 'NONE',  ( 1.000000000000000000, 0.0000000000000000000, 0.0000000000000000000 ) ) ;
#8125 = ORIENTED_EDGE ( 'NONE', *, *, #135, .F. ) ;
#8126 = ORIENTED_EDGE ( 'NONE', *, *, #7598, .F. ) ;
#8127 = CARTESIAN_POINT ( 'NONE',  ( -1.524999999999999900, 1.625000000000000200, 0.0000000000000000000 ) ) ;
#8128 = CARTESIAN_POINT ( 'NONE',  ( -1.200000000000000000, 1.050000000000000000, 0.04999999999999999600 ) ) ;
#8129 = LINE ( 'NONE', #7887, #2075 ) ;
#8130 = DIRECTION ( 'NONE',  ( -0.0000000000000000000, -0.0000000000000000000, -1.000000000000000000 ) ) ;
#8131 = DIRECTION ( 'NONE',  ( 0.0000000000000000000, -0.0000000000000000000, 1.000000000000000000 ) ) ;
#8132 = ORIENTED_EDGE ( 'NONE', *, *, #4475, .T. ) ;
#8133 = ORIENTED_EDGE ( 'NONE', *, *, #8389, .F. ) ;
#8134 = ORIENTED_EDGE ( 'NONE', *, *, #2898, .T. ) ;
#8135 = ADVANCED_FACE ( 'NONE', ( #4435 ), #8053, .T. ) ;
#8136 = DIRECTION ( 'NONE',  ( -1.000000000000000000, 0.0000000000000000000, 0.0000000000000000000 ) ) ;
#8137 = CIRCLE ( 'NONE', #7448, 0.09999992529250954800 ) ;
#8138 = DIRECTION ( 'NONE',  ( -0.0000000000000000000, -0.0000000000000000000, -1.000000000000000000 ) ) ;
#8139 = LINE ( 'NONE', #5739, #2887 ) ;
#8140 = CARTESIAN_POINT ( 'NONE',  ( -1.524999999999999900, 1.625000000000000200, 0.04999999999999999600 ) ) ;
#8141 = EDGE_CURVE ( 'NONE', #8658, #2761, #2671, .T. ) ;
#8142 = ORIENTED_EDGE ( 'NONE', *, *, #6599, .T. ) ;
#8143 = DIRECTION ( 'NONE',  ( 1.000000000000000000, 0.0000000000000000000, 0.0000000000000000000 ) ) ;
#8144 = ORIENTED_EDGE ( 'NONE', *, *, #4307, .F. ) ;
#8145 = LINE ( 'NONE', #3438, #8484 ) ;
#8146 = FACE_OUTER_BOUND ( 'NONE', #2731, .T. ) ;
#8147 = DIRECTION ( 'NONE',  ( -0.0000000000000000000, -0.0000000000000000000, -1.000000000000000000 ) ) ;
#8148 = ORIENTED_EDGE ( 'NONE', *, *, #8669, .T. ) ;
#8149 = DIRECTION ( 'NONE',  ( -1.000000000000000000, 0.0000000000000000000, 0.0000000000000000000 ) ) ;
#8150 = DIRECTION ( 'NONE',  ( 1.000000000000000000, 0.0000000000000000000, 0.0000000000000000000 ) ) ;
#8151 = AXIS2_PLACEMENT_3D ( 'NONE', #2566, #6341, #8640 ) ;
#8152 = ORIENTED_EDGE ( 'NONE', *, *, #2168, .F. ) ;
#8153 = ORIENTED_EDGE ( 'NONE', *, *, #3231, .F. ) ;
#8154 = EDGE_CURVE ( 'NONE', #1082, #1973, #4079, .T. ) ;
#8155 = FACE_OUTER_BOUND ( 'NONE', #6783, .T. ) ;
#8156 = CARTESIAN_POINT ( 'NONE',  ( 0.5999999999999999800, -1.550000000000000300, 0.0000000000000000000 ) ) ;
#8157 = DIRECTION ( 'NONE',  ( -0.0000000000000000000, -0.0000000000000000000, -1.000000000000000000 ) ) ;
#8158 = FACE_OUTER_BOUND ( 'NONE', #2204, .T. ) ;
#8159 = ORIENTED_EDGE ( 'NONE', *, *, #1729, .F. ) ;
#8160 = CARTESIAN_POINT ( 'NONE',  ( 1.750000000000000000, 0.3418999999999999800, 0.2030000000000000100 ) ) ;
#8161 = CARTESIAN_POINT ( 'NONE',  ( 1.750000000000000000, -0.8330999999999999500, 0.2030000000000000100 ) ) ;
#8162 = LINE ( 'NONE', #625, #8041 ) ;
#8163 = ORIENTED_EDGE ( 'NONE', *, *, #643, .F. ) ;
#8164 = VECTOR ( 'NONE', #993, 1000.000000000000100 ) ;
#8165 = CARTESIAN_POINT ( 'NONE',  ( -0.5999999999999999800, -1.550000000000000300, 0.0000000000000000000 ) ) ;
#8166 = ORIENTED_EDGE ( 'NONE', *, *, #543, .T. ) ;
#8167 = LINE ( 'NONE', #3208, #4663 ) ;
#8168 = EDGE_CURVE ( 'NONE', #2530, #7486, #8391, .T. ) ;
#8169 = CARTESIAN_POINT ( 'NONE',  ( 1.740000000000000000, 1.865000000000000200, 0.2029999999999999600 ) ) ;
#8170 = DIRECTION ( 'NONE',  ( -0.0000000000000000000, 0.0000000000000000000, -1.000000000000000000 ) ) ;
#8171 = ORIENTED_EDGE ( 'NONE', *, *, #2978, .T. ) ;
#8172 = ADVANCED_FACE ( 'NONE', ( #2113 ), #103, .T. ) ;
#8173 = LINE ( 'NONE', #1971, #1290 ) ;
#8174 = FACE_OUTER_BOUND ( 'NONE', #9203, .T. ) ;
#8175 = LINE ( 'NONE', #2284, #3267 ) ;
#8176 = EDGE_LOOP ( 'NONE', ( #7331, #586, #1660, #6355 ) ) ;
#8177 = VERTEX_POINT ( 'NONE', #800 ) ;
#8178 = ORIENTED_EDGE ( 'NONE', *, *, #9589, .T. ) ;
#8179 = EDGE_CURVE ( 'NONE', #9063, #7362, #4314, .T. ) ;
#8180 = EDGE_CURVE ( 'NONE', #5175, #4952, #7823, .T. ) ;
#8181 = CARTESIAN_POINT ( 'NONE',  ( 0.0000000000000000000, 1.325000000000000000, 0.05000000000000000300 ) ) ;
#8182 = VECTOR ( 'NONE', #3351, 1000.000000000000000 ) ;
#8183 = ADVANCED_FACE ( 'NONE', ( #5853 ), #7512, .F. ) ;
#8184 = ADVANCED_FACE ( 'NONE', ( #3842 ), #9117, .T. ) ;
#8185 = EDGE_LOOP ( 'NONE', ( #7418, #6337, #4938, #1965, #1449, #7680, #8949, #937, #514, #5731 ) ) ;
#8186 = STYLED_ITEM ( 'NONE', ( #2208 ), #9440 ) ;
#8187 = DIRECTION ( 'NONE',  ( 0.0000000000000000000, 1.000000000000000000, 0.0000000000000000000 ) ) ;
#8188 = CARTESIAN_POINT ( 'NONE',  ( -0.1750362499360769400, 1.837420233362311800, 0.04999999999999999600 ) ) ;
#8189 = PLANE ( 'NONE',  #5292 ) ;
#8190 = VERTEX_POINT ( 'NONE', #6869 ) ;
#8191 = CARTESIAN_POINT ( 'NONE',  ( 0.1000000000000000100, 0.0000000000000000000, 0.2030000000000000100 ) ) ;
#8192 = UNCERTAINTY_MEASURE_WITH_UNIT (LENGTH_MEASURE( 1.000000000000000100E-005 ), #3010, 'distance_accuracy_value', 'NONE');
#8193 = VECTOR ( 'NONE', #4199, 1000.000000000000000 ) ;
#8194 = DIRECTION ( 'NONE',  ( -0.0000000000000000000, -0.0000000000000000000, -1.000000000000000000 ) ) ;
#8195 = ORIENTED_EDGE ( 'NONE', *, *, #603, .T. ) ;
#8196 =( GEOMETRIC_REPRESENTATION_CONTEXT ( 3 ) GLOBAL_UNCERTAINTY_ASSIGNED_CONTEXT ( ( #9187 ) ) GLOBAL_UNIT_ASSIGNED_CONTEXT ( ( #8413, #153, #4665 ) ) REPRESENTATION_CONTEXT ( 'NONE', 'WORKASPACE' ) );
#8197 = CARTESIAN_POINT ( 'NONE',  ( 1.750000000000000000, 0.5581000000000000400, 0.2030000000000000100 ) ) ;
#8198 = ORIENTED_EDGE ( 'NONE', *, *, #5873, .T. ) ;
#8199 = DIRECTION ( 'NONE',  ( -0.0000000000000000000, -0.0000000000000000000, -1.000000000000000000 ) ) ;
#8200 = VECTOR ( 'NONE', #6635, 1000.000000000000000 ) ;
#8201 = DIRECTION ( 'NONE',  ( 0.4843988282697542200, 0.8748472867711765100, 0.0000000000000000000 ) ) ;
#8202 = VERTEX_POINT ( 'NONE', #4572 ) ;
#8203 = FILL_AREA_STYLE_COLOUR ( '', #6296 ) ;
#8204 = CARTESIAN_POINT ( 'NONE',  ( -0.6262161331061831800, 0.0005078800755116456000, 0.0000000000000000000 ) ) ;
#8205 = FACE_OUTER_BOUND ( 'NONE', #106, .T. ) ;
#8206 = DIRECTION ( 'NONE',  ( -0.0000000000000000000, -0.0000000000000000000, -1.000000000000000000 ) ) ;
#8207 = ORIENTED_EDGE ( 'NONE', *, *, #3570, .F. ) ;
#8208 = AXIS2_PLACEMENT_3D ( 'NONE', #8383, #4609, #948 ) ;
#8209 = LINE ( 'NONE', #4675, #2832 ) ;
#8210 = EDGE_CURVE ( 'NONE', #2764, #4002, #3391, .T. ) ;
#8211 = ORIENTED_EDGE ( 'NONE', *, *, #1436, .T. ) ;
#8212 = EDGE_CURVE ( 'NONE', #7461, #1390, #1874, .T. ) ;
#8213 = FACE_OUTER_BOUND ( 'NONE', #3253, .T. ) ;
#8214 = DIRECTION ( 'NONE',  ( -0.0000000000000000000, 0.0000000000000000000, 1.000000000000000000 ) ) ;
#8215 = CARTESIAN_POINT ( 'NONE',  ( 1.524999999999999900, 1.625000000000000200, 0.0000000000000000000 ) ) ;
#8216 = ORIENTED_EDGE ( 'NONE', *, *, #972, .T. ) ;
#8217 = FACE_OUTER_BOUND ( 'NONE', #1104, .T. ) ;
#8218 = ADVANCED_FACE ( 'NONE', ( #328 ), #919, .T. ) ;
#8219 = CARTESIAN_POINT ( 'NONE',  ( -0.1332871284771444400, 1.865000000000000200, 0.04999999999999999600 ) ) ;
#8220 = DIRECTION ( 'NONE',  ( -1.000000000000000000, 0.0000000000000000000, 0.0000000000000000000 ) ) ;
#8221 = ORIENTED_EDGE ( 'NONE', *, *, #2864, .T. ) ;
#8222 = CARTESIAN_POINT ( 'NONE',  ( -0.2750000000000000200, -1.837499999999999900, 0.04999999999999999600 ) ) ;
#8223 = LINE ( 'NONE', #399, #7300 ) ;
#8224 = AXIS2_PLACEMENT_3D ( 'NONE', #3310, #6281, #1884 ) ;
#8225 = EDGE_CURVE ( 'NONE', #1321, #8371, #8855, .T. ) ;
#8226 = AXIS2_PLACEMENT_3D ( 'NONE', #1491, #8938, #3075 ) ;
#8227 = ORIENTED_EDGE ( 'NONE', *, *, #6948, .F. ) ;
#8228 = DIRECTION ( 'NONE',  ( -0.0000000000000000000, 0.0000000000000000000, 1.000000000000000000 ) ) ;
#8229 = CIRCLE ( 'NONE', #4004, 0.04998625954667008900 ) ;
#8230 = ADVANCED_FACE ( 'NONE', ( #1162 ), #3327, .F. ) ;
#8231 = SURFACE_STYLE_FILL_AREA ( #1619 ) ;
#8232 = DIRECTION ( 'NONE',  ( -0.0000000000000000000, -0.0000000000000000000, -1.000000000000000000 ) ) ;
#8233 = LINE ( 'NONE', #8094, #1358 ) ;
#8234 = CARTESIAN_POINT ( 'NONE',  ( -0.5500000000000000400, 0.0000000000000000000, 0.0000000000000000000 ) ) ;
#8235 = ORIENTED_EDGE ( 'NONE', *, *, #9468, .F. ) ;
#8236 = EDGE_CURVE ( 'NONE', #7850, #9490, #5845, .T. ) ;
#8237 = ORIENTED_EDGE ( 'NONE', *, *, #5361, .T. ) ;
#8238 = EDGE_CURVE ( 'NONE', #5123, #4295, #2784, .T. ) ;
#8239 = VECTOR ( 'NONE', #2522, 1000.000000000000000 ) ;
#8240 = AXIS2_PLACEMENT_3D ( 'NONE', #8358, #6120, #7758 ) ;
#8241 = DIRECTION ( 'NONE',  ( -0.0000000000000000000, -0.0000000000000000000, -1.000000000000000000 ) ) ;
#8242 = CARTESIAN_POINT ( 'NONE',  ( -1.750000000000000000, 0.0000000000000000000, 0.2030000000000000100 ) ) ;
#8243 = ORIENTED_EDGE ( 'NONE', *, *, #5920, .T. ) ;
#8244 = ORIENTED_EDGE ( 'NONE', *, *, #1411, .T. ) ;
#8245 = ORIENTED_EDGE ( 'NONE', *, *, #3403, .F. ) ;
#8246 = CARTESIAN_POINT ( 'NONE',  ( 1.200000000000000000, 0.0000000000000000000, 0.2030000000000000100 ) ) ;
#8247 = EDGE_CURVE ( 'NONE', #5349, #3776, #5352, .T. ) ;
#8248 = PLANE ( 'NONE',  #5054 ) ;
#8249 = CARTESIAN_POINT ( 'NONE',  ( -0.1721671182000000000, -0.1856274672000000100, 0.8008000000000000700 ) ) ;
#8250 = VERTEX_POINT ( 'NONE', #243 ) ;
#8251 = CARTESIAN_POINT ( 'NONE',  ( -1.750000000000000000, -1.366900000000000000, 0.2030000000000000100 ) ) ;
#8252 = ORIENTED_EDGE ( 'NONE', *, *, #658, .F. ) ;
#8253 = EDGE_LOOP ( 'NONE', ( #1923, #3385, #6510, #3696 ) ) ;
#8254 = LINE ( 'NONE', #680, #7454 ) ;
#8255 = CARTESIAN_POINT ( 'NONE',  ( -1.524999999999999900, -1.837499999999999900, 0.0000000000000000000 ) ) ;
#8256 =( LENGTH_UNIT ( ) NAMED_UNIT ( * ) SI_UNIT ( .MILLI., .METRE. ) );
#8257 = ORIENTED_EDGE ( 'NONE', *, *, #3350, .T. ) ;
#8258 = ORIENTED_EDGE ( 'NONE', *, *, #793, .F. ) ;
#8259 = AXIS2_PLACEMENT_3D ( 'NONE', #1231, #2093, #6482 ) ;
#8260 = CARTESIAN_POINT ( 'NONE',  ( 1.712530996695474900, -0.1000137500639230600, 0.2030000000000000100 ) ) ;
#8261 = VECTOR ( 'NONE', #7062, 1000.000000000000000 ) ;
#8262 = ADVANCED_FACE ( 'NONE', ( #7114 ), #6935, .F. ) ;
#8263 = VECTOR ( 'NONE', #2925, 1000.000000000000000 ) ;
#8264 = EDGE_CURVE ( 'NONE', #8470, #1508, #2323, .T. ) ;
#8265 = DIRECTION ( 'NONE',  ( -0.9999996711153252800, 0.0008110297413745397800, 0.0000000000000000000 ) ) ;
#8266 = VERTEX_POINT ( 'NONE', #4038 ) ;
#8267 = ORIENTED_EDGE ( 'NONE', *, *, #8764, .T. ) ;
#8268 = ORIENTED_EDGE ( 'NONE', *, *, #6649, .F. ) ;
#8269 = COLOUR_RGB ( '',0.2509803921568627400, 0.2509803921568627400, 0.2509803921568627400 ) ;
#8270 = VECTOR ( 'NONE', #8716, 1000.000000000000200 ) ;
#8271 = DIRECTION ( 'NONE',  ( -1.000000000000000000, 0.0000000000000000000, 0.0000000000000000000 ) ) ;
#8272 = ADVANCED_FACE ( 'NONE', ( #6523 ), #2544, .F. ) ;
#8273 = STYLED_ITEM ( 'NONE', ( #1908 ), #7367 ) ;
#8274 = EDGE_CURVE ( 'NONE', #4659, #2991, #6759, .T. ) ;
#8275 = ORIENTED_EDGE ( 'NONE', *, *, #253, .F. ) ;
#8276 = EDGE_CURVE ( 'NONE', #984, #7551, #3627, .T. ) ;
#8277 = DIRECTION ( 'NONE',  ( -0.0000000000000000000, 0.0000000000000000000, 1.000000000000000000 ) ) ;
#8278 = VERTEX_POINT ( 'NONE', #7204 ) ;
#8279 = DIRECTION ( 'NONE',  ( 0.0000000000000000000, 0.0000000000000000000, 1.000000000000000000 ) ) ;
#8280 = VECTOR ( 'NONE', #3750, 1000.000000000000000 ) ;
#8281 = ORIENTED_EDGE ( 'NONE', *, *, #7653, .T. ) ;
#8282 = CARTESIAN_POINT ( 'NONE',  ( -0.003669687703586100000, 0.1310032629980705500, 0.8009000000000000600 ) ) ;
#8283 = ORIENTED_EDGE ( 'NONE', *, *, #8404, .F. ) ;
#8284 = CARTESIAN_POINT ( 'NONE',  ( 1.712530996695474700, 1.375006392306896800E-005, 0.2030000000000000100 ) ) ;
#8285 = FACE_OUTER_BOUND ( 'NONE', #8253, .T. ) ;
#8286 = PRESENTATION_STYLE_ASSIGNMENT (( #55 ) ) ;
#8287 = LINE ( 'NONE', #1580, #7610 ) ;
#8288 = EDGE_CURVE ( 'NONE', #7521, #7551, #5471, .T. ) ;
#8289 = ORIENTED_EDGE ( 'NONE', *, *, #1286, .T. ) ;
#8290 = AXIS2_PLACEMENT_3D ( 'NONE', #7838, #3406, #2594 ) ;
#8291 = AXIS2_PLACEMENT_3D ( 'NONE', #8747, #7973, #1918 ) ;
#8292 = DIRECTION ( 'NONE',  ( -0.0000000000000000000, -0.0000000000000000000, -1.000000000000000000 ) ) ;
#8293 = EDGE_LOOP ( 'NONE', ( #8584, #6187, #5433, #3932 ) ) ;
#8294 = DIRECTION ( 'NONE',  ( -0.0000000000000000000, 0.0000000000000000000, 1.000000000000000000 ) ) ;
#8295 = CIRCLE ( 'NONE', #9098, 0.1015999999999996500 ) ;
#8296 = VERTEX_POINT ( 'NONE', #469 ) ;
#8297 = EDGE_CURVE ( 'NONE', #9149, #3972, #8504, .T. ) ;
#8298 = CARTESIAN_POINT ( 'NONE',  ( 1.712500000000000100, 0.8249999999999999600, 0.2030000000000000100 ) ) ;
#8299 = AXIS2_PLACEMENT_3D ( 'NONE', #914, #5356, #845 ) ;
#8300 = ORIENTED_EDGE ( 'NONE', *, *, #9136, .T. ) ;
#8301 = UNCERTAINTY_MEASURE_WITH_UNIT (LENGTH_MEASURE( 1.000000000000000100E-005 ), #6086, 'distance_accuracy_value', 'NONE');
#8302 = CIRCLE ( 'NONE', #1284, 0.05003631351710512200 ) ;
#8303 = CARTESIAN_POINT ( 'NONE',  ( 0.5500000000000000400, -0.8000000000000000400, 0.2030000000000000100 ) ) ;
#8304 = ORIENTED_EDGE ( 'NONE', *, *, #1540, .F. ) ;
#8305 = CYLINDRICAL_SURFACE ( 'NONE', #5780, 0.04998625954667031100 ) ;
#8306 = ADVANCED_FACE ( 'NONE', ( #4194 ), #6414, .T. ) ;
#8307 = DIRECTION ( 'NONE',  ( -0.0000000000000000000, -0.0000000000000000000, -1.000000000000000000 ) ) ;
#8308 = CARTESIAN_POINT ( 'NONE',  ( -1.740000000000000000, -1.865000000000000200, 0.8000000000000000400 ) ) ;
#8309 = DIRECTION ( 'NONE',  ( 1.000000000000000000, 0.0000000000000000000, 0.0000000000000000000 ) ) ;
#8310 = VERTEX_POINT ( 'NONE', #5688 ) ;
#8311 = DIRECTION ( 'NONE',  ( 1.000000000000000000, 0.0000000000000000000, 0.0000000000000000000 ) ) ;
#8312 = FACE_OUTER_BOUND ( 'NONE', #4858, .T. ) ;
#8313 = ORIENTED_EDGE ( 'NONE', *, *, #3773, .F. ) ;
#8314 = AXIS2_PLACEMENT_3D ( 'NONE', #7650, #3103, #707 ) ;
#8315 = LINE ( 'NONE', #1127, #3074 ) ;
#8316 = EDGE_CURVE ( 'NONE', #5620, #2210, #3732, .T. ) ;
#8317 = ADVANCED_FACE ( 'NONE', ( #5729 ), #9406, .F. ) ;
#8318 = DIRECTION ( 'NONE',  ( -1.000000000000000000, 0.0000000000000000000, 0.0000000000000000000 ) ) ;
#8319 = CARTESIAN_POINT ( 'NONE',  ( -1.516775933925917700, 1.865000000000000200, 0.04999999999999999600 ) ) ;
#8320 = ORIENTED_EDGE ( 'NONE', *, *, #1180, .T. ) ;
#8321 = FACE_OUTER_BOUND ( 'NONE', #3734, .T. ) ;
#8322 = ORIENTED_EDGE ( 'NONE', *, *, #4149, .F. ) ;
#8323 = EDGE_LOOP ( 'NONE', ( #7050, #8666, #571, #4111, #8349, #4646 ) ) ;
#8324 = ORIENTED_EDGE ( 'NONE', *, *, #8345, .F. ) ;
#8325 = CIRCLE ( 'NONE', #7702, 0.04998607688890755600 ) ;
#8326 = AXIS2_PLACEMENT_3D ( 'NONE', #9293, #9167, #983 ) ;
#8327 = EDGE_CURVE ( 'NONE', #7850, #3864, #1750, .T. ) ;
#8328 = DIRECTION ( 'NONE',  ( -0.0000000000000000000, -1.000000000000000000, -0.0000000000000000000 ) ) ;
#8329 = ORIENTED_EDGE ( 'NONE', *, *, #8590, .F. ) ;
#8330 = EDGE_CURVE ( 'NONE', #3328, #6106, #9676, .T. ) ;
#8331 = CARTESIAN_POINT ( 'NONE',  ( -0.2596239155999999800, -0.1856274672000000100, 0.8009000000000000600 ) ) ;
#8332 = CARTESIAN_POINT ( 'NONE',  ( 0.0000000000000000000, 0.0000000000000000000, 0.2030000000000000100 ) ) ;
#8333 = ORIENTED_EDGE ( 'NONE', *, *, #2279, .T. ) ;
#8334 = VECTOR ( 'NONE', #9351, 1000.000000000000000 ) ;
#8335 = FACE_OUTER_BOUND ( 'NONE', #7995, .T. ) ;
#8336 = VECTOR ( 'NONE', #1244, 1000.000000000000000 ) ;
#8337 = CARTESIAN_POINT ( 'NONE',  ( -1.224999981323120500, 0.3499999813231205500, 0.2030000000000000100 ) ) ;
#8338 = ORIENTED_EDGE ( 'NONE', *, *, #1648, .T. ) ;
#8339 = DIRECTION ( 'NONE',  ( -0.0000000000000000000, 0.0000000000000000000, 1.000000000000000000 ) ) ;
#8340 = ORIENTED_EDGE ( 'NONE', *, *, #3375, .F. ) ;
#8341 = CARTESIAN_POINT ( 'NONE',  ( 1.750000000000000000, 0.0000000000000000000, 0.2030000000000000100 ) ) ;
#8342 = SURFACE_STYLE_USAGE ( .BOTH. , #9122 ) ;
#8343 = ORIENTED_EDGE ( 'NONE', *, *, #4906, .T. ) ;
#8344 = VECTOR ( 'NONE', #7058, 1000.000000000000000 ) ;
#8345 = EDGE_CURVE ( 'NONE', #7927, #903, #1525, .T. ) ;
#8346 = LINE ( 'NONE', #5248, #8929 ) ;
#8347 = MECHANICAL_DESIGN_GEOMETRIC_PRESENTATION_REPRESENTATION (  '', ( #4353 ), #3489 ) ;
#8348 = CARTESIAN_POINT ( 'NONE',  ( 0.1465623180000000000, -0.1856274672000000100, 0.8009000000000000600 ) ) ;
#8349 = ORIENTED_EDGE ( 'NONE', *, *, #4477, .T. ) ;
#8350 = ORIENTED_EDGE ( 'NONE', *, *, #1152, .T. ) ;
#8351 = VERTEX_POINT ( 'NONE', #5778 ) ;
#8352 = DIRECTION ( 'NONE',  ( -0.0000000000000000000, 0.0000000000000000000, 1.000000000000000000 ) ) ;
#8353 = CARTESIAN_POINT ( 'NONE',  ( -1.712500000000000100, -1.350000000000000100, 0.04999999999999999600 ) ) ;
#8354 = LINE ( 'NONE', #9325, #9534 ) ;
#8355 = DIRECTION ( 'NONE',  ( -0.0000000000000000000, -0.0000000000000000000, -1.000000000000000000 ) ) ;
#8356 = ADVANCED_FACE ( 'NONE', ( #7704 ), #6509, .F. ) ;
#8357 = EDGE_CURVE ( 'NONE', #7230, #2299, #4777, .T. ) ;
#8358 = CARTESIAN_POINT ( 'NONE',  ( 0.2554399259999999800, 0.0000000000000000000, 0.8009000000000000600 ) ) ;
#8359 = ORIENTED_EDGE ( 'NONE', *, *, #1777, .F. ) ;
#8360 = AXIS2_PLACEMENT_3D ( 'NONE', #167, #2312, #9045 ) ;
#8361 = VERTEX_POINT ( 'NONE', #2892 ) ;
#8362 = ORIENTED_EDGE ( 'NONE', *, *, #33, .F. ) ;
#8363 = STYLED_ITEM ( 'NONE', ( #8604 ), #9495 ) ;
#8364 = VECTOR ( 'NONE', #3396, 1000.000000000000000 ) ;
#8365 = CIRCLE ( 'NONE', #5186, 0.04999996264625476000 ) ;
#8366 = CARTESIAN_POINT ( 'NONE',  ( 1.474963750063923200, 1.837420233362311800, 0.2030000000000000100 ) ) ;
#8367 = DIRECTION ( 'NONE',  ( 0.0000000000000000000, 0.0000000000000000000, 1.000000000000000000 ) ) ;
#8368 = DIRECTION ( 'NONE',  ( -1.000000000000000000, 0.0000000000000000000, 0.0000000000000000000 ) ) ;
#8369 = ADVANCED_FACE ( 'NONE', ( #5011 ), #4329, .F. ) ;
#8370 = ORIENTED_EDGE ( 'NONE', *, *, #8696, .F. ) ;
#8371 = VERTEX_POINT ( 'NONE', #7343 ) ;
#8372 = LINE ( 'NONE', #1504, #2426 ) ;
#8373 = MECHANICAL_DESIGN_GEOMETRIC_PRESENTATION_REPRESENTATION (  '', ( #4692 ), #8196 ) ;
#8374 = ORIENTED_EDGE ( 'NONE', *, *, #9069, .T. ) ;
#8375 = CARTESIAN_POINT ( 'NONE',  ( 1.250000000000000000, 1.075000000000000000, 0.04999999999999999600 ) ) ;
#8376 = DIRECTION ( 'NONE',  ( -1.000000000000000000, 0.0000000000000000000, 0.0000000000000000000 ) ) ;
#8377 = DIRECTION ( 'NONE',  ( 0.0000000000000000000, -0.0000000000000000000, 1.000000000000000000 ) ) ;
#8378 = ORIENTED_EDGE ( 'NONE', *, *, #3297, .T. ) ;
#8379 = ORIENTED_EDGE ( 'NONE', *, *, #2898, .F. ) ;
#8380 = LINE ( 'NONE', #3803, #906 ) ;
#8381 = VERTEX_POINT ( 'NONE', #5881 ) ;
#8382 = DIRECTION ( 'NONE',  ( 0.0000000000000000000, -0.0000000000000000000, 1.000000000000000000 ) ) ;
#8383 = CARTESIAN_POINT ( 'NONE',  ( -0.8750000000000000000, 0.0000000000000000000, 0.2030000000000000100 ) ) ;
#8384 = DIRECTION ( 'NONE',  ( 0.0000000000000000000, -0.0000000000000000000, 1.000000000000000000 ) ) ;
#8385 = DIRECTION ( 'NONE',  ( -0.0000000000000000000, 1.000000000000000000, -0.0000000000000000000 ) ) ;
#8386 = VECTOR ( 'NONE', #7559, 1000.000000000000000 ) ;
#8387 = CARTESIAN_POINT ( 'NONE',  ( 1.750000000000000000, 1.341900000000000100, 0.2030000000000000100 ) ) ;
#8388 = ORIENTED_EDGE ( 'NONE', *, *, #8629, .F. ) ;
#8389 = EDGE_CURVE ( 'NONE', #2923, #6237, #9196, .T. ) ;
#8390 = EDGE_CURVE ( 'NONE', #3614, #4830, #3258, .T. ) ;
#8391 = LINE ( 'NONE', #2999, #4791 ) ;
#8392 = PRESENTATION_STYLE_ASSIGNMENT (( #960 ) ) ;
#8393 = ORIENTED_EDGE ( 'NONE', *, *, #8472, .T. ) ;
#8394 = LINE ( 'NONE', #1789, #5717 ) ;
#8395 = CARTESIAN_POINT ( 'NONE',  ( -0.2750000000000000200, -1.700000000000000000, 0.0000000000000000000 ) ) ;
#8396 = ORIENTED_EDGE ( 'NONE', *, *, #3314, .T. ) ;
#8397 = DIRECTION ( 'NONE',  ( 1.000000000000000000, 0.0000000000000000000, 0.0000000000000000000 ) ) ;
#8398 = DIRECTION ( 'NONE',  ( 1.000000000000000000, 0.0000000000000000000, 0.0000000000000000000 ) ) ;
#8399 = PLANE ( 'NONE',  #376 ) ;
#8400 = CIRCLE ( 'NONE', #4375, 0.04998625954667031100 ) ;
#8401 = VERTEX_POINT ( 'NONE', #666 ) ;
#8402 = PRESENTATION_LAYER_ASSIGNMENT (  '', '', ( #8273 ) ) ;
#8403 = EDGE_CURVE ( 'NONE', #5681, #1538, #3954, .T. ) ;
#8404 = EDGE_CURVE ( 'NONE', #2667, #986, #9424, .T. ) ;
#8405 = DIRECTION ( 'NONE',  ( -0.0000000000000000000, -0.0000000000000000000, -1.000000000000000000 ) ) ;
#8406 = EDGE_LOOP ( 'NONE', ( #242, #8780, #2848, #2747 ) ) ;
#8407 = CARTESIAN_POINT ( 'NONE',  ( -0.1000000000000000100, -1.300000000000000300, 0.0000000000000000000 ) ) ;
#8408 = VERTEX_POINT ( 'NONE', #726 ) ;
#8409 = CARTESIAN_POINT ( 'NONE',  ( 0.0000000000000000000, 0.0000000000000000000, 0.0000000000000000000 ) ) ;
#8410 = DIRECTION ( 'NONE',  ( -1.000000000000000000, 0.0000000000000000000, 0.0000000000000000000 ) ) ;
#8411 = LINE ( 'NONE', #4811, #6427 ) ;
#8412 = VECTOR ( 'NONE', #145, 1000.000000000000000 ) ;
#8413 =( LENGTH_UNIT ( ) NAMED_UNIT ( * ) SI_UNIT ( .MILLI., .METRE. ) );
#8414 = VERTEX_POINT ( 'NONE', #1472 ) ;
#8415 = ORIENTED_EDGE ( 'NONE', *, *, #6346, .F. ) ;
#8416 = ADVANCED_FACE ( 'NONE', ( #2677 ), #1440, .F. ) ;
#8417 = EDGE_CURVE ( 'NONE', #8177, #1159, #2446, .T. ) ;
#8418 = VECTOR ( 'NONE', #4007, 1000.000000000000000 ) ;
#8419 = DIRECTION ( 'NONE',  ( 0.0000000000000000000, 0.0000000000000000000, 1.000000000000000000 ) ) ;
#8420 = AXIS2_PLACEMENT_3D ( 'NONE', #3948, #8419, #1681 ) ;
#8421 = LINE ( 'NONE', #2165, #5507 ) ;
#8422 = ORIENTED_EDGE ( 'NONE', *, *, #5183, .T. ) ;
#8423 = AXIS2_PLACEMENT_3D ( 'NONE', #8039, #9573, #3645 ) ;
#8424 =( LENGTH_UNIT ( ) NAMED_UNIT ( * ) SI_UNIT ( .MILLI., .METRE. ) );
#8425 = DIRECTION ( 'NONE',  ( -0.0000000000000000000, 0.0000000000000000000, 1.000000000000000000 ) ) ;
#8426 = LINE ( 'NONE', #8741, #1791 ) ;
#8427 = ORIENTED_EDGE ( 'NONE', *, *, #9587, .T. ) ;
#8428 = DIRECTION ( 'NONE',  ( -0.0000000000000000000, 0.0000000000000000000, 1.000000000000000000 ) ) ;
#8429 = CIRCLE ( 'NONE', #7464, 0.04139239428457278800 ) ;
#8430 = EDGE_CURVE ( 'NONE', #1909, #8960, #9668, .T. ) ;
#8431 =( NAMED_UNIT ( * ) SI_UNIT ( $, .STERADIAN. ) SOLID_ANGLE_UNIT ( ) );
#8432 = AXIS2_PLACEMENT_3D ( 'NONE', #608, #7311, #4262 ) ;
#8433 = CARTESIAN_POINT ( 'NONE',  ( -1.740000000000000000, -1.541775933925917800, 0.2030000000000000100 ) ) ;
#8434 = DIRECTION ( 'NONE',  ( 1.000000000000000000, 0.0000000000000000000, 0.0000000000000000000 ) ) ;
#8435 = ORIENTED_EDGE ( 'NONE', *, *, #2733, .T. ) ;
#8436 = LINE ( 'NONE', #3271, #2036 ) ;
#8437 = CARTESIAN_POINT ( 'NONE',  ( 1.712500000000000100, 1.325000000000000000, 0.2030000000000000100 ) ) ;
#8438 = ORIENTED_EDGE ( 'NONE', *, *, #4149, .T. ) ;
#8439 = ORIENTED_EDGE ( 'NONE', *, *, #3755, .T. ) ;
#8440 = CARTESIAN_POINT ( 'NONE',  ( 0.1679833953000000000, -0.1856274672000000100, 0.8008000000000000700 ) ) ;
#8441 = LINE ( 'NONE', #959, #1571 ) ;
#8442 = DIRECTION ( 'NONE',  ( 0.0000000000000000000, -0.0000000000000000000, 1.000000000000000000 ) ) ;
#8443 = DIRECTION ( 'NONE',  ( 0.0000000000000000000, 0.0000000000000000000, 1.000000000000000000 ) ) ;
#8444 = DIRECTION ( 'NONE',  ( -0.0000000000000000000, -0.0000000000000000000, -1.000000000000000000 ) ) ;
#8445 =( LENGTH_UNIT ( ) NAMED_UNIT ( * ) SI_UNIT ( .MILLI., .METRE. ) );
#8446 = ORIENTED_EDGE ( 'NONE', *, *, #6487, .T. ) ;
#8447 = EDGE_CURVE ( 'NONE', #8278, #6276, #1165, .T. ) ;
#8448 = LINE ( 'NONE', #7086, #5915 ) ;
#8449 = VECTOR ( 'NONE', #6125, 1000.000000000000000 ) ;
#8450 = DIRECTION ( 'NONE',  ( -1.000000000000000000, 0.0000000000000000000, 0.0000000000000000000 ) ) ;
#8451 = CARTESIAN_POINT ( 'NONE',  ( -1.712530996695474900, 0.5250137500639231500, 0.2030000000000000100 ) ) ;
#8452 = ORIENTED_EDGE ( 'NONE', *, *, #9219, .F. ) ;
#8453 = ORIENTED_EDGE ( 'NONE', *, *, #4078, .F. ) ;
#8454 = VERTEX_POINT ( 'NONE', #3683 ) ;
#8455 = VECTOR ( 'NONE', #7447, 1000.000000000000100 ) ;
#8456 = PRESENTATION_STYLE_ASSIGNMENT (( #748 ) ) ;
#8457 = AXIS2_PLACEMENT_3D ( 'NONE', #8754, #2056, #7266 ) ;
#8458 = EDGE_CURVE ( 'NONE', #1973, #5620, #2430, .T. ) ;
#8459 = EDGE_CURVE ( 'NONE', #5926, #5055, #4438, .T. ) ;
#8460 = DIRECTION ( 'NONE',  ( -1.000000000000000000, 0.0000000000000000000, 0.0000000000000000000 ) ) ;
#8461 = PLANE ( 'NONE',  #1511 ) ;
#8462 = ORIENTED_EDGE ( 'NONE', *, *, #8536, .F. ) ;
#8463 = ADVANCED_FACE ( 'NONE', ( #4425 ), #5958, .T. ) ;
#8464 = LINE ( 'NONE', #444, #4511 ) ;
#8465 = DIRECTION ( 'NONE',  ( -0.0000000000000000000, 0.0000000000000000000, 1.000000000000000000 ) ) ;
#8466 = SURFACE_STYLE_USAGE ( .BOTH. , #5439 ) ;
#8467 = DIRECTION ( 'NONE',  ( -1.000000000000000000, 0.0000000000000000000, 0.0000000000000000000 ) ) ;
#8468 = DIRECTION ( 'NONE',  ( 0.0000000000000000000, -0.0000000000000000000, 1.000000000000000000 ) ) ;
#8469 = ORIENTED_EDGE ( 'NONE', *, *, #3786, .T. ) ;
#8470 = VERTEX_POINT ( 'NONE', #5330 ) ;
#8471 = ORIENTED_EDGE ( 'NONE', *, *, #2354, .T. ) ;
#8472 = EDGE_CURVE ( 'NONE', #427, #1568, #6874, .T. ) ;
#8473 = AXIS2_PLACEMENT_3D ( 'NONE', #4448, #5032, #8065 ) ;
#8474 = CYLINDRICAL_SURFACE ( 'NONE', #6930, 0.05003631351710525300 ) ;
#8475 = AXIS2_PLACEMENT_3D ( 'NONE', #6075, #2291, #3160 ) ;
#8476 = UNCERTAINTY_MEASURE_WITH_UNIT (LENGTH_MEASURE( 1.000000000000000100E-005 ), #1999, 'distance_accuracy_value', 'NONE');
#8477 = DIRECTION ( 'NONE',  ( 1.000000000000000000, 0.0000000000000000000, 0.0000000000000000000 ) ) ;
#8478 = CARTESIAN_POINT ( 'NONE',  ( 0.5500000000000000400, 0.0000000000000000000, 0.05000000000000000300 ) ) ;
#8479 = ORIENTED_EDGE ( 'NONE', *, *, #1039, .T. ) ;
#8480 = CARTESIAN_POINT ( 'NONE',  ( -0.2000000000000000100, -1.200000000000000000, 0.0000000000000000000 ) ) ;
#8481 = VERTEX_POINT ( 'NONE', #6035 ) ;
#8482 = DIRECTION ( 'NONE',  ( -0.0000000000000000000, -0.0000000000000000000, -1.000000000000000000 ) ) ;
#8483 = CARTESIAN_POINT ( 'NONE',  ( -1.712530996695474700, 1.374986249936076800, 0.2030000000000000100 ) ) ;
#8484 = VECTOR ( 'NONE', #6528, 1000.000000000000000 ) ;
#8485 = LINE ( 'NONE', #6536, #5334 ) ;
#8486 = ORIENTED_EDGE ( 'NONE', *, *, #7353, .T. ) ;
#8487 = CARTESIAN_POINT ( 'NONE',  ( 0.0000000000000000000, 1.325000000000000000, 0.05000000000000000300 ) ) ;
#8488 = EDGE_CURVE ( 'NONE', #3471, #4295, #3944, .T. ) ;
#8489 = DIRECTION ( 'NONE',  ( -0.0000000000000000000, -0.0000000000000000000, -1.000000000000000000 ) ) ;
#8490 = EDGE_CURVE ( 'NONE', #9048, #1321, #8167, .T. ) ;
#8491 = CARTESIAN_POINT ( 'NONE',  ( -0.5999999626462407800, -0.8000000373537592400, 0.04999999999999999600 ) ) ;
#8492 = ORIENTED_EDGE ( 'NONE', *, *, #8327, .T. ) ;
#8493 = EDGE_LOOP ( 'NONE', ( #7408, #5316, #9137, #2398 ) ) ;
#8494 = LINE ( 'NONE', #9226, #3494 ) ;
#8495 = CARTESIAN_POINT ( 'NONE',  ( -0.0000000000000000000, 0.3250000000000000700, 0.0000000000000000000 ) ) ;
#8496 = DIRECTION ( 'NONE',  ( 0.0000000000000000000, -0.0000000000000000000, 1.000000000000000000 ) ) ;
#8497 = LINE ( 'NONE', #401, #4769 ) ;
#8498 = DIRECTION ( 'NONE',  ( -0.0000000000000000000, 0.0000000000000000000, -1.000000000000000000 ) ) ;
#8499 = CARTESIAN_POINT ( 'NONE',  ( 0.8750000000000000000, 1.500000000000000000, 0.04999999999999999600 ) ) ;
#8500 = VERTEX_POINT ( 'NONE', #8395 ) ;
#8501 = VERTEX_POINT ( 'NONE', #1628 ) ;
#8502 = EDGE_LOOP ( 'NONE', ( #3097, #4890, #5752, #799 ) ) ;
#8503 = CARTESIAN_POINT ( 'NONE',  ( -1.740000000000000000, -1.865000000000000200, 0.05000000000000000300 ) ) ;
#8504 = LINE ( 'NONE', #9310, #565 ) ;
#8505 = VECTOR ( 'NONE', #5541, 1000.000000000000000 ) ;
#8506 = VECTOR ( 'NONE', #9052, 1000.000000000000000 ) ;
#8507 = DIRECTION ( 'NONE',  ( -0.0000000000000000000, -0.0000000000000000000, -1.000000000000000000 ) ) ;
#8508 = EDGE_CURVE ( 'NONE', #5597, #5876, #7693, .T. ) ;
#8509 = ORIENTED_EDGE ( 'NONE', *, *, #5214, .F. ) ;
#8510 = ORIENTED_EDGE ( 'NONE', *, *, #9478, .T. ) ;
#8511 = VECTOR ( 'NONE', #2707, 1000.000000000000000 ) ;
#8512 = LINE ( 'NONE', #6787, #574 ) ;
#8513 = LINE ( 'NONE', #2899, #8280 ) ;
#8514 = ADVANCED_FACE ( 'NONE', ( #1263 ), #132, .F. ) ;
#8515 = ORIENTED_EDGE ( 'NONE', *, *, #7308, .F. ) ;
#8516 = CARTESIAN_POINT ( 'NONE',  ( -1.200000000000000000, 0.5500000000000000400, 0.2030000000000000100 ) ) ;
#8517 = CARTESIAN_POINT ( 'NONE',  ( -1.750000000000000000, 0.0000000000000000000, 0.0000000000000000000 ) ) ;
#8518 = CARTESIAN_POINT ( 'NONE',  ( -1.200000000000000000, 0.3499999999999999800, 0.04999999999999999600 ) ) ;
#8519 = AXIS2_PLACEMENT_3D ( 'NONE', #5296, #817, #7596 ) ;
#8520 = EDGE_CURVE ( 'NONE', #5474, #2574, #4196, .T. ) ;
#8521 = EDGE_LOOP ( 'NONE', ( #623, #5278, #3834, #3279 ) ) ;
#8522 = CARTESIAN_POINT ( 'NONE',  ( 0.0000000000000000000, -1.875000000000000000, 0.2030000000000000100 ) ) ;
#8523 = ORIENTED_EDGE ( 'NONE', *, *, #6781, .T. ) ;
#8524 = CARTESIAN_POINT ( 'NONE',  ( 1.712500000000000100, -0.1499999999999999900, 0.0000000000000000000 ) ) ;
#8525 = VECTOR ( 'NONE', #4379, 1000.000000000000000 ) ;
#8526 = LINE ( 'NONE', #6624, #4214 ) ;
#8527 = ORIENTED_EDGE ( 'NONE', *, *, #2128, .F. ) ;
#8528 = SURFACE_SIDE_STYLE ('',( #2226 ) ) ;
#8529 = CARTESIAN_POINT ( 'NONE',  ( 0.6250000000000000000, 0.0000000000000000000, 0.05000000000000000300 ) ) ;
#8530 = EDGE_LOOP ( 'NONE', ( #7410, #3827, #7698, #558 ) ) ;
#8531 =( GEOMETRIC_REPRESENTATION_CONTEXT ( 3 ) GLOBAL_UNCERTAINTY_ASSIGNED_CONTEXT ( ( #2105 ) ) GLOBAL_UNIT_ASSIGNED_CONTEXT ( ( #8707, #2011, #2745 ) ) REPRESENTATION_CONTEXT ( 'NONE', 'WORKASPACE' ) );
#8532 = VECTOR ( 'NONE', #3636, 1000.000000000000000 ) ;
#8533 = DIRECTION ( 'NONE',  ( -0.0000000000000000000, -1.000000000000000000, -0.0000000000000000000 ) ) ;
#8534 = ORIENTED_EDGE ( 'NONE', *, *, #48, .T. ) ;
#8535 = ADVANCED_FACE ( 'NONE', ( #6412 ), #5397, .F. ) ;
#8536 = EDGE_CURVE ( 'NONE', #5555, #8980, #6183, .T. ) ;
#8537 = CARTESIAN_POINT ( 'NONE',  ( 0.0000000000000000000, -1.200000000000000000, 0.2030000000000000100 ) ) ;
#8538 = DIRECTION ( 'NONE',  ( -0.0000000000000000000, -1.000000000000000000, -0.0000000000000000000 ) ) ;
#8539 = CARTESIAN_POINT ( 'NONE',  ( -1.175036249936076700, -1.837420233362311800, 0.2030000000000000100 ) ) ;
#8540 = CARTESIAN_POINT ( 'NONE',  ( 0.0000000000000000000, 0.0000000000000000000, 0.2030000000000000100 ) ) ;
#8541 = DIRECTION ( 'NONE',  ( -1.000000000000000000, 0.0000000000000000000, 0.0000000000000000000 ) ) ;
#8542 = ORIENTED_EDGE ( 'NONE', *, *, #3959, .F. ) ;
#8543 =( NAMED_UNIT ( * ) PLANE_ANGLE_UNIT ( ) SI_UNIT ( $, .RADIAN. ) );
#8544 = ORIENTED_EDGE ( 'NONE', *, *, #3021, .F. ) ;
#8545 = VECTOR ( 'NONE', #5045, 1000.000000000000000 ) ;
#8546 = EDGE_CURVE ( 'NONE', #8033, #4668, #4883, .T. ) ;
#8547 = EDGE_CURVE ( 'NONE', #6772, #5997, #8394, .T. ) ;
#8548 = CARTESIAN_POINT ( 'NONE',  ( -1.125000000000000200, 0.0000000000000000000, 0.0000000000000000000 ) ) ;
#8549 = DIRECTION ( 'NONE',  ( -0.0000000000000000000, 0.0000000000000000000, 1.000000000000000000 ) ) ;
#8550 = AXIS2_PLACEMENT_3D ( 'NONE', #7348, #7315, #2828 ) ;
#8551 = ORIENTED_EDGE ( 'NONE', *, *, #9269, .T. ) ;
#8552 = AXIS2_PLACEMENT_3D ( 'NONE', #5041, #490, #4780 ) ;
#8553 = DIRECTION ( 'NONE',  ( -0.0000000000000000000, 0.0000000000000000000, 1.000000000000000000 ) ) ;
#8554 = ORIENTED_EDGE ( 'NONE', *, *, #8458, .F. ) ;
#8555 = FACE_OUTER_BOUND ( 'NONE', #3546, .T. ) ;
#8556 = VERTEX_POINT ( 'NONE', #4872 ) ;
#8557 = CARTESIAN_POINT ( 'NONE',  ( 0.1749862499360769500, 1.837530996695474500, 0.2030000000000000100 ) ) ;
#8558 = FACE_OUTER_BOUND ( 'NONE', #1369, .T. ) ;
#8559 = CARTESIAN_POINT ( 'NONE',  ( -1.712530996695474900, -0.1000137500639230600, 0.2030000000000000100 ) ) ;
#8560 = ORIENTED_EDGE ( 'NONE', *, *, #7786, .F. ) ;
#8561 = EDGE_CURVE ( 'NONE', #2574, #5665, #3136, .T. ) ;
#8562 = CARTESIAN_POINT ( 'NONE',  ( 0.0000000000000000000, 1.625000000000000200, 0.2030000000000000100 ) ) ;
#8563 = VERTEX_POINT ( 'NONE', #6349 ) ;
#8564 = CARTESIAN_POINT ( 'NONE',  ( 0.0000000000000000000, -0.8499999999999999800, 0.2030000000000000100 ) ) ;
#8565 = ORIENTED_EDGE ( 'NONE', *, *, #7893, .F. ) ;
#8566 = VECTOR ( 'NONE', #8149, 1000.000000000000000 ) ;
#8567 = ADVANCED_FACE ( 'NONE', ( #431 ), #1085, .F. ) ;
#8568 = CARTESIAN_POINT ( 'NONE',  ( -1.740000000000000000, -0.6582240660740822400, 0.04999999999999999600 ) ) ;
#8569 = VERTEX_POINT ( 'NONE', #6996 ) ;
#8570 = DIRECTION ( 'NONE',  ( -0.0000000000000000000, -0.0000000000000000000, -1.000000000000000000 ) ) ;
#8571 = CARTESIAN_POINT ( 'NONE',  ( -0.1251000000000000200, 1.376700000000000000, 0.04999999999999999600 ) ) ;
#8572 = PLANE ( 'NONE',  #7396 ) ;
#8573 = FACE_OUTER_BOUND ( 'NONE', #8719, .T. ) ;
#8574 = AXIS2_PLACEMENT_3D ( 'NONE', #6257, #7002, #2536 ) ;
#8575 = EDGE_CURVE ( 'NONE', #5482, #2933, #8848, .T. ) ;
#8576 = VERTEX_POINT ( 'NONE', #7030 ) ;
#8577 = EDGE_CURVE ( 'NONE', #6868, #2874, #1154, .T. ) ;
#8578 = VERTEX_POINT ( 'NONE', #2572 ) ;
#8579 = DIRECTION ( 'NONE',  ( -0.0007999997439988406400, -0.9999996800001536000, 0.0000000000000000000 ) ) ;
#8580 = CARTESIAN_POINT ( 'NONE',  ( 1.750000000000000000, 0.0000000000000000000, 0.2030000000000000100 ) ) ;
#8581 = ADVANCED_FACE ( 'NONE', ( #905 ), #4182, .T. ) ;
#8582 = CARTESIAN_POINT ( 'NONE',  ( -0.03680147679334898300, -0.02031140770960651300, 0.8009000000000000600 ) ) ;
#8583 = DIRECTION ( 'NONE',  ( -1.000000000000000000, 0.0000000000000000000, 0.0000000000000000000 ) ) ;
#8584 = ORIENTED_EDGE ( 'NONE', *, *, #2225, .F. ) ;
#8585 = DIRECTION ( 'NONE',  ( 0.0000000000000000000, -0.0000000000000000000, -1.000000000000000000 ) ) ;
#8586 = ORIENTED_EDGE ( 'NONE', *, *, #2616, .T. ) ;
#8587 = ORIENTED_EDGE ( 'NONE', *, *, #3553, .T. ) ;
#8588 = STYLED_ITEM ( 'NONE', ( #486 ), #7200 ) ;
#8589 = CIRCLE ( 'NONE', #5377, 0.04998625954667031100 ) ;
#8590 = EDGE_CURVE ( 'NONE', #1522, #8414, #2903, .T. ) ;
#8591 = CARTESIAN_POINT ( 'NONE',  ( 1.141899999999999900, -1.875000000000000000, 0.2030000000000000100 ) ) ;
#8592 = CARTESIAN_POINT ( 'NONE',  ( 1.474963750063923200, -1.837420233362311800, 0.0000000000000000000 ) ) ;
#8593 = ADVANCED_FACE ( 'NONE', ( #2216 ), #1515, .F. ) ;
#8594 = ORIENTED_EDGE ( 'NONE', *, *, #1375, .T. ) ;
#8595 = CARTESIAN_POINT ( 'NONE',  ( 1.712530996695474700, -0.8000137500639229500, 0.2030000000000000100 ) ) ;
#8596 = VECTOR ( 'NONE', #372, 1000.000000000000000 ) ;
#8597 = VECTOR ( 'NONE', #6467, 1000.000000000000000 ) ;
#8598 = DIRECTION ( 'NONE',  ( -0.0000000000000000000, -0.0000000000000000000, -1.000000000000000000 ) ) ;
#8599 = EDGE_CURVE ( 'NONE', #5357, #4849, #7466, .T. ) ;
#8600 = ORIENTED_EDGE ( 'NONE', *, *, #3375, .T. ) ;
#8601 = AXIS2_PLACEMENT_3D ( 'NONE', #3666, #677, #3607 ) ;
#8602 = ORIENTED_EDGE ( 'NONE', *, *, #6927, .T. ) ;
#8603 = FACE_OUTER_BOUND ( 'NONE', #8091, .T. ) ;
#8604 = PRESENTATION_STYLE_ASSIGNMENT (( #1690 ) ) ;
#8605 = ADVANCED_FACE ( 'NONE', ( #7916 ), #4999, .T. ) ;
#8606 = CARTESIAN_POINT ( 'NONE',  ( 0.2554399259999999800, 0.1721721854999999900, 0.8009000000000000600 ) ) ;
#8607 = DIRECTION ( 'NONE',  ( -0.0000000000000000000, 1.000000000000000000, -0.0000000000000000000 ) ) ;
#8608 = CARTESIAN_POINT ( 'NONE',  ( 1.750000000000000000, 0.03309999999999999700, 0.2030000000000000100 ) ) ;
#8609 = CARTESIAN_POINT ( 'NONE',  ( -1.740000000000000000, 1.865000000000000200, 0.2029999999999999600 ) ) ;
#8610 = ORIENTED_EDGE ( 'NONE', *, *, #1742, .F. ) ;
#8611 = ORIENTED_EDGE ( 'NONE', *, *, #4906, .F. ) ;
#8612 = CARTESIAN_POINT ( 'NONE',  ( 0.2750000000000000200, -0.5000000000000000000, 0.04999999999999999600 ) ) ;
#8613 = CIRCLE ( 'NONE', #2198, 0.05003631351710512200 ) ;
#8614 = MECHANICAL_DESIGN_GEOMETRIC_PRESENTATION_REPRESENTATION (  '', ( #5641 ), #2992 ) ;
#8615 = ORIENTED_EDGE ( 'NONE', *, *, #9331, .F. ) ;
#8616 = DIRECTION ( 'NONE',  ( -1.000000000000000000, 0.0000000000000000000, 0.0000000000000000000 ) ) ;
#8617 = ORIENTED_EDGE ( 'NONE', *, *, #3363, .F. ) ;
#8618 = EDGE_LOOP ( 'NONE', ( #2976, #5023, #1506, #4582, #6546, #1193 ) ) ;
#8619 = ORIENTED_EDGE ( 'NONE', *, *, #219, .T. ) ;
#8620 = CARTESIAN_POINT ( 'NONE',  ( -0.5999999999999999800, 0.05000000000000000300, 0.0000000000000000000 ) ) ;
#8621 = CARTESIAN_POINT ( 'NONE',  ( -1.712530996695474700, 1.025013750063923100, 0.04999999999999999600 ) ) ;
#8622 = LINE ( 'NONE', #6024, #7123 ) ;
#8623 = ORIENTED_EDGE ( 'NONE', *, *, #2773, .F. ) ;
#8624 = ORIENTED_EDGE ( 'NONE', *, *, #9194, .T. ) ;
#8625 = DIRECTION ( 'NONE',  ( 0.0000000000000000000, -0.0000000000000000000, 1.000000000000000000 ) ) ;
#8626 = LINE ( 'NONE', #9460, #8745 ) ;
#8627 = CARTESIAN_POINT ( 'NONE',  ( 0.1679833953000000000, -0.1856274672000000100, 0.8008000000000000700 ) ) ;
#8628 = DIRECTION ( 'NONE',  ( -0.0000000000000000000, -0.0000000000000000000, -1.000000000000000000 ) ) ;
#8629 = EDGE_CURVE ( 'NONE', #4804, #3410, #5237, .T. ) ;
#8630 = LINE ( 'NONE', #7703, #3753 ) ;
#8631 = DIRECTION ( 'NONE',  ( -0.0000000000000000000, -0.0000000000000000000, -1.000000000000000000 ) ) ;
#8632 = VERTEX_POINT ( 'NONE', #4970 ) ;
#8633 = ORIENTED_EDGE ( 'NONE', *, *, #9623, .T. ) ;
#8634 = VECTOR ( 'NONE', #4739, 1000.000000000000000 ) ;
#8635 = CARTESIAN_POINT ( 'NONE',  ( -0.3750000096105933800, 1.837530996695474500, 0.2030000000000000100 ) ) ;
#8636 = DIRECTION ( 'NONE',  ( -0.4788311833334387700, 0.8779069984158337500, 0.0000000000000000000 ) ) ;
#8637 = PLANE ( 'NONE',  #2078 ) ;
#8638 = ORIENTED_EDGE ( 'NONE', *, *, #8012, .T. ) ;
#8639 = AXIS2_PLACEMENT_3D ( 'NONE', #8564, #4097, #6409 ) ;
#8640 = DIRECTION ( 'NONE',  ( 0.0000000000000000000, -0.0000000000000000000, -1.000000000000000000 ) ) ;
#8641 = EDGE_CURVE ( 'NONE', #9622, #2394, #3247, .T. ) ;
#8642 = EDGE_CURVE ( 'NONE', #7130, #9006, #4896, .T. ) ;
#8643 = CARTESIAN_POINT ( 'NONE',  ( 0.0000000000000000000, 0.0000000000000000000, 0.05000000000000000300 ) ) ;
#8644 = DIRECTION ( 'NONE',  ( -0.0000000000000000000, -0.0000000000000000000, -1.000000000000000000 ) ) ;
#8645 = ORIENTED_EDGE ( 'NONE', *, *, #9010, .F. ) ;
#8646 = CIRCLE ( 'NONE', #6168, 0.04999996264625481600 ) ;
#8647 = VECTOR ( 'NONE', #3, 1000.000000000000000 ) ;
#8648 = EDGE_LOOP ( 'NONE', ( #2187, #6193, #2558, #946, #259, #144 ) ) ;
#8649 = DIRECTION ( 'NONE',  ( -0.0000000000000000000, -0.0000000000000000000, -1.000000000000000000 ) ) ;
#8650 = PLANE ( 'NONE',  #5976 ) ;
#8651 = DIRECTION ( 'NONE',  ( -1.000000000000000000, 0.0000000000000000000, 0.0000000000000000000 ) ) ;
#8652 = CYLINDRICAL_SURFACE ( 'NONE', #4417, 0.04998625954667031100 ) ;
#8653 = ADVANCED_FACE ( 'NONE', ( #6658 ), #94, .T. ) ;
#8654 = CARTESIAN_POINT ( 'NONE',  ( 1.740000000000000000, 0.8332240660740820600, 0.2030000000000000100 ) ) ;
#8655 = EDGE_CURVE ( 'NONE', #7927, #1749, #6995, .T. ) ;
#8656 = PRESENTATION_LAYER_ASSIGNMENT (  '', '', ( #4353 ) ) ;
#8657 = LINE ( 'NONE', #1520, #6690 ) ;
#8658 = VERTEX_POINT ( 'NONE', #2656 ) ;
#8659 = VECTOR ( 'NONE', #6202, 1000.000000000000000 ) ;
#8660 = DIRECTION ( 'NONE',  ( -1.000000000000000000, 0.0000000000000000000, 0.0000000000000000000 ) ) ;
#8661 = CARTESIAN_POINT ( 'NONE',  ( -0.2250137500639230700, -1.837530996695474500, 0.0000000000000000000 ) ) ;
#8662 = CARTESIAN_POINT ( 'NONE',  ( -0.5999999626462407800, -1.399999962646240700, 0.04999999999999999600 ) ) ;
#8663 = ORIENTED_EDGE ( 'NONE', *, *, #4023, .F. ) ;
#8664 = CIRCLE ( 'NONE', #5333, 0.04998625954667031100 ) ;
#8665 = ORIENTED_EDGE ( 'NONE', *, *, #4967, .T. ) ;
#8666 = ORIENTED_EDGE ( 'NONE', *, *, #9037, .T. ) ;
#8667 = LINE ( 'NONE', #5336, #6702 ) ;
#8668 = EDGE_CURVE ( 'NONE', #4515, #8755, #7118, .T. ) ;
#8669 = EDGE_CURVE ( 'NONE', #9333, #7235, #1529, .T. ) ;
#8670 = DIRECTION ( 'NONE',  ( -0.0000000000000000000, -0.0000000000000000000, -1.000000000000000000 ) ) ;
#8671 = AXIS2_PLACEMENT_3D ( 'NONE', #6968, #4719, #2576 ) ;
#8672 = DIRECTION ( 'NONE',  ( -1.000000000000000000, 0.0000000000000000000, 0.0000000000000000000 ) ) ;
#8673 = DIRECTION ( 'NONE',  ( 1.000000000000000000, 0.0000000000000000000, 0.0000000000000000000 ) ) ;
#8674 = ORIENTED_EDGE ( 'NONE', *, *, #2300, .F. ) ;
#8675 = DIRECTION ( 'NONE',  ( 0.0000000000000000000, -0.0000000000000000000, 1.000000000000000000 ) ) ;
#8676 = VERTEX_POINT ( 'NONE', #3479 ) ;
#8677 = CARTESIAN_POINT ( 'NONE',  ( -1.740000000000000000, 0.04177593392591787100, 0.2030000000000000100 ) ) ;
#8678 = ORIENTED_EDGE ( 'NONE', *, *, #4486, .F. ) ;
#8679 = LINE ( 'NONE', #249, #4605 ) ;
#8680 = VECTOR ( 'NONE', #4155, 1000.000000000000000 ) ;
#8681 = CARTESIAN_POINT ( 'NONE',  ( 1.124999990389406800, -1.837530996695474700, 0.2030000000000000100 ) ) ;
#8682 = DIRECTION ( 'NONE',  ( -1.000000000000000000, 0.0000000000000000000, 0.0000000000000000000 ) ) ;
#8683 = CARTESIAN_POINT ( 'NONE',  ( -0.5999999626462407800, -0.8000000373537592400, 0.2030000000000000100 ) ) ;
#8684 = ORIENTED_EDGE ( 'NONE', *, *, #6855, .F. ) ;
#8685 = CARTESIAN_POINT ( 'NONE',  ( 0.5999999626462407800, -1.399999962646240700, 0.0000000000000000000 ) ) ;
#8686 = EDGE_LOOP ( 'NONE', ( #7166, #6501, #5427, #8663 ) ) ;
#8687 = VERTEX_POINT ( 'NONE', #9393 ) ;
#8688 = CARTESIAN_POINT ( 'NONE',  ( 0.0000000000000000000, 0.2152124981999999900, 0.8009000000000000600 ) ) ;
#8689 = COLOUR_RGB ( '',1.000000000000000000, 1.000000000000000000, 1.000000000000000000 ) ;
#8690 = CARTESIAN_POINT ( 'NONE',  ( 1.740000000000000000, 1.865000000000000200, 0.8000000000000000400 ) ) ;
#8691 = VERTEX_POINT ( 'NONE', #457 ) ;
#8692 = DIRECTION ( 'NONE',  ( 1.000000000000000000, 0.0000000000000000000, 0.0000000000000000000 ) ) ;
#8693 = LINE ( 'NONE', #5600, #2065 ) ;
#8694 = CARTESIAN_POINT ( 'NONE',  ( -0.3667759339259176700, 1.865000000000000200, 0.04999999999999999600 ) ) ;
#8695 = AXIS2_PLACEMENT_3D ( 'NONE', #4816, #8649, #4188 ) ;
#8696 = EDGE_CURVE ( 'NONE', #5245, #5474, #1634, .T. ) ;
#8697 = EDGE_CURVE ( 'NONE', #5542, #4365, #5608, .T. ) ;
#8698 = ADVANCED_FACE ( 'NONE', ( #2326 ), #7296, .F. ) ;
#8699 = CARTESIAN_POINT ( 'NONE',  ( -1.740000000000000000, 1.865000000000000200, 0.05000000000000000300 ) ) ;
#8700 = DIRECTION ( 'NONE',  ( -1.000000000000000000, 0.0000000000000000000, 0.0000000000000000000 ) ) ;
#8701 = ORIENTED_EDGE ( 'NONE', *, *, #316, .T. ) ;
#8702 = DIRECTION ( 'NONE',  ( -1.000000000000000000, 0.0000000000000000000, 0.0000000000000000000 ) ) ;
#8703 = VERTEX_POINT ( 'NONE', #2914 ) ;
#8704 = CARTESIAN_POINT ( 'NONE',  ( -1.740000000000000000, 0.5667759339259179600, 0.04999999999999999600 ) ) ;
#8705 = VERTEX_POINT ( 'NONE', #4386 ) ;
#8706 = FACE_OUTER_BOUND ( 'NONE', #5251, .T. ) ;
#8707 =( LENGTH_UNIT ( ) NAMED_UNIT ( * ) SI_UNIT ( .MILLI., .METRE. ) );
#8708 =( NAMED_UNIT ( * ) SI_UNIT ( $, .STERADIAN. ) SOLID_ANGLE_UNIT ( ) );
#8709 = ORIENTED_EDGE ( 'NONE', *, *, #5610, .F. ) ;
#8710 = EDGE_LOOP ( 'NONE', ( #1330, #1396, #8997, #1, #181, #2080 ) ) ;
#8711 = EDGE_CURVE ( 'NONE', #3567, #7842, #1754, .T. ) ;
#8712 = CARTESIAN_POINT ( 'NONE',  ( -0.6750566836383621300, 1.374986044749599200, 0.0000000000000000000 ) ) ;
#8713 = EDGE_CURVE ( 'NONE', #5542, #9255, #9316, .T. ) ;
#8714 = FACE_OUTER_BOUND ( 'NONE', #2161, .T. ) ;
#8715 = DIRECTION ( 'NONE',  ( 1.000000000000000000, 0.0000000000000000000, 0.0000000000000000000 ) ) ;
#8716 = DIRECTION ( 'NONE',  ( 0.0008110297413749792100, 0.9999996711153251700, 0.0000000000000000000 ) ) ;
#8717 = CIRCLE ( 'NONE', #6185, 0.04998625954667008900 ) ;
#8719 = EDGE_LOOP ( 'NONE', ( #523, #3497, #2494, #7584, #303, #4887 ) ) ;
#8718 = CARTESIAN_POINT ( 'NONE',  ( 1.712530996695474700, 1.375006392306896800E-005, 0.2030000000000000100 ) ) ;
#8720 = CARTESIAN_POINT ( 'NONE',  ( 0.2750000000000000200, 0.0000000000000000000, 0.0000000000000000000 ) ) ;
#8721 = ORIENTED_EDGE ( 'NONE', *, *, #5348, .F. ) ;
#8722 = ORIENTED_EDGE ( 'NONE', *, *, #4738, .T. ) ;
#8723 = CARTESIAN_POINT ( 'NONE',  ( -0.8250137500639230800, 1.837530996695474500, 0.0000000000000000000 ) ) ;
#8724 = LINE ( 'NONE', #878, #785 ) ;
#8725 = CARTESIAN_POINT ( 'NONE',  ( 1.750000000000000000, 0.0000000000000000000, 0.0000000000000000000 ) ) ;
#8726 = VECTOR ( 'NONE', #8015, 1000.000000000000000 ) ;
#8727 = DIRECTION ( 'NONE',  ( 0.0000000000000000000, 1.000000000000000000, 0.0000000000000000000 ) ) ;
#8728 = ORIENTED_EDGE ( 'NONE', *, *, #8629, .T. ) ;
#8729 = EDGE_CURVE ( 'NONE', #6962, #6158, #210, .T. ) ;
#8730 = CARTESIAN_POINT ( 'NONE',  ( 1.524999999999999900, 1.837499999999999900, 0.0000000000000000000 ) ) ;
#8731 = STYLED_ITEM ( 'NONE', ( #8392 ), #2456 ) ;
#8732 = PRESENTATION_LAYER_ASSIGNMENT (  '', '', ( #8363 ) ) ;
#8733 = LINE ( 'NONE', #5038, #6756 ) ;
#8734 = EDGE_LOOP ( 'NONE', ( #9576, #4181, #1939, #3480, #8551, #3337 ) ) ;
#8735 = VERTEX_POINT ( 'NONE', #2114 ) ;
#8736 = VECTOR ( 'NONE', #7787, 1000.000000000000000 ) ;
#8737 = PLANE ( 'NONE',  #5009 ) ;
#8738 = DIRECTION ( 'NONE',  ( 0.0000000000000000000, -1.000000000000000000, 0.0000000000000000000 ) ) ;
#8739 = DIRECTION ( 'NONE',  ( 0.0000000000000000000, 1.000000000000000000, 0.0000000000000000000 ) ) ;
#8740 = CARTESIAN_POINT ( 'NONE',  ( 0.09724308717369695200, 0.1721742457526031800, 0.8009000000000000600 ) ) ;
#8741 = CARTESIAN_POINT ( 'NONE',  ( 1.524999999999999900, -0.0000000000000000000, 0.05000000000000000300 ) ) ;
#8742 = VERTEX_POINT ( 'NONE', #2947 ) ;
#8743 = CARTESIAN_POINT ( 'NONE',  ( 1.712500000000000100, -0.6500000000000001300, 0.0000000000000000000 ) ) ;
#8744 = VERTEX_POINT ( 'NONE', #2849 ) ;
#8745 = VECTOR ( 'NONE', #8738, 1000.000000000000000 ) ;
#8746 = AXIS2_PLACEMENT_3D ( 'NONE', #1077, #6306, #3986 ) ;
#8747 = CARTESIAN_POINT ( 'NONE',  ( 1.712530996695474900, 0.3749862499360769300, 0.04999999999999999600 ) ) ;
#8748 = CIRCLE ( 'NONE', #9171, 0.04999996264625471100 ) ;
#8749 = CARTESIAN_POINT ( 'NONE',  ( 1.740000000000000000, 1.865000000000000200, 0.05000000000000000300 ) ) ;
#8750 = ORIENTED_EDGE ( 'NONE', *, *, #5562, .T. ) ;
#8751 = CARTESIAN_POINT ( 'NONE',  ( -1.525000009610593300, 1.837530996695474700, 0.2030000000000000100 ) ) ;
#8752 = CARTESIAN_POINT ( 'NONE',  ( 0.1999999252924816500, -0.5999999252924815800, 0.04999999999999999600 ) ) ;
#8753 = CARTESIAN_POINT ( 'NONE',  ( 1.712500000000000100, -0.8499999999999999800, 0.0000000000000000000 ) ) ;
#8754 = CARTESIAN_POINT ( 'NONE',  ( -0.2750000000000000200, 0.0000000000000000000, 0.2030000000000000100 ) ) ;
#8755 = VERTEX_POINT ( 'NONE', #5071 ) ;
#8756 = ADVANCED_FACE ( 'NONE', ( #3138 ), #1361, .F. ) ;
#8757 = FACE_OUTER_BOUND ( 'NONE', #7201, .T. ) ;
#8758 = FACE_OUTER_BOUND ( 'NONE', #8854, .T. ) ;
#8759 = DIRECTION ( 'NONE',  ( 1.000000000000000000, 0.0000000000000000000, 0.0000000000000000000 ) ) ;
#8760 = ORIENTED_EDGE ( 'NONE', *, *, #4862, .T. ) ;
#8761 = CARTESIAN_POINT ( 'NONE',  ( -1.475013750063923100, 1.837530996695474700, 0.04999999999999999600 ) ) ;
#8762 = CARTESIAN_POINT ( 'NONE',  ( -0.2596239155999999800, -0.1856274672000000100, 0.8008000000000000700 ) ) ;
#8763 = CARTESIAN_POINT ( 'NONE',  ( -0.3250137500639230800, 1.837530996695474500, 0.0000000000000000000 ) ) ;
#8764 = EDGE_CURVE ( 'NONE', #2129, #4552, #5253, .T. ) ;
#8765 = ORIENTED_EDGE ( 'NONE', *, *, #1610, .F. ) ;
#8766 = CARTESIAN_POINT ( 'NONE',  ( 0.1250000000000000000, 0.0000000000000000000, 0.05000000000000000300 ) ) ;
#8767 = LINE ( 'NONE', #125, #7382 ) ;
#8768 = DIRECTION ( 'NONE',  ( -1.000000000000000000, 0.0000000000000000000, 0.0000000000000000000 ) ) ;
#8769 = COLOUR_RGB ( '',1.000000000000000000, 1.000000000000000000, 1.000000000000000000 ) ;
#8770 = ORIENTED_EDGE ( 'NONE', *, *, #7340, .F. ) ;
#8771 = DIRECTION ( 'NONE',  ( -1.000000000000000000, 0.0000000000000000000, 0.0000000000000000000 ) ) ;
#8772 = DIRECTION ( 'NONE',  ( 1.000000000000000000, 0.0000000000000000000, 0.0000000000000000000 ) ) ;
#8773 = CARTESIAN_POINT ( 'NONE',  ( -0.05829795300000000000, -0.1856274672000000100, 0.8008000000000000700 ) ) ;
#8774 = ORIENTED_EDGE ( 'NONE', *, *, #5769, .T. ) ;
#8775 = CARTESIAN_POINT ( 'NONE',  ( -1.516775933925917700, 1.865000000000000200, 0.2030000000000000100 ) ) ;
#8776 = CARTESIAN_POINT ( 'NONE',  ( 1.712530996695474700, 1.375006392306896800E-005, 0.0000000000000000000 ) ) ;
#8777 = DIRECTION ( 'NONE',  ( -0.0000000000000000000, -0.0000000000000000000, -1.000000000000000000 ) ) ;
#8778 = VECTOR ( 'NONE', #807, 1000.000000000000000 ) ;
#8779 = EDGE_CURVE ( 'NONE', #3576, #4562, #7591, .T. ) ;
#8780 = ORIENTED_EDGE ( 'NONE', *, *, #3755, .F. ) ;
#8781 = EDGE_CURVE ( 'NONE', #3355, #9647, #3383, .T. ) ;
#8782 = CARTESIAN_POINT ( 'NONE',  ( 0.0000000000000000000, 0.0000000000000000000, 0.2030000000000000100 ) ) ;
#8783 = ORIENTED_EDGE ( 'NONE', *, *, #57, .T. ) ;
#8784 = DIRECTION ( 'NONE',  ( -0.0000000000000000000, 0.0000000000000000000, -1.000000000000000000 ) ) ;
#8785 = ORIENTED_EDGE ( 'NONE', *, *, #4416, .F. ) ;
#8786 = LINE ( 'NONE', #71, #9241 ) ;
#8787 = CARTESIAN_POINT ( 'NONE',  ( 0.1000000000000000100, -0.9000000000000001300, 0.0000000000000000000 ) ) ;
#8788 = EDGE_LOOP ( 'NONE', ( #2002, #2057, #9453, #7023 ) ) ;
#8789 = VECTOR ( 'NONE', #6154, 1000.000000000000000 ) ;
#8790 = DIRECTION ( 'NONE',  ( 0.0000000000000000000, 1.000000000000000000, -0.0000000000000000000 ) ) ;
#8791 = EDGE_CURVE ( 'NONE', #7660, #9321, #9442, .T. ) ;
#8792 = AXIS2_PLACEMENT_3D ( 'NONE', #7056, #2624, #4115 ) ;
#8793 = AXIS2_PLACEMENT_3D ( 'NONE', #2255, #2987, #3744 ) ;
#8794 = ORIENTED_EDGE ( 'NONE', *, *, #2395, .F. ) ;
#8795 = VECTOR ( 'NONE', #5912, 1000.000000000000200 ) ;
#8796 = CARTESIAN_POINT ( 'NONE',  ( -0.5999999626462408900, 3.735375921879065300E-008, 0.04999999999999999600 ) ) ;
#8797 = DIRECTION ( 'NONE',  ( 0.0000000000000000000, -1.000000000000000000, 0.0000000000000000000 ) ) ;
#8798 = ORIENTED_EDGE ( 'NONE', *, *, #9661, .T. ) ;
#8799 = VECTOR ( 'NONE', #197, 1000.000000000000000 ) ;
#8800 = CARTESIAN_POINT ( 'NONE',  ( 0.04532966550000001200, -2.373629999999772200E-005, 0.8009000000000000600 ) ) ;
#8801 = CARTESIAN_POINT ( 'NONE',  ( 1.712500000000000100, -1.550000000000000300, 0.2030000000000000100 ) ) ;
#8802 = LINE ( 'NONE', #4943, #8680 ) ;
#8803 = DIRECTION ( 'NONE',  ( 0.0000000000000000000, 1.000000000000000000, 0.0000000000000000000 ) ) ;
#8804 = ADVANCED_FACE ( 'NONE', ( #3735 ), #6074, .F. ) ;
#8805 = CARTESIAN_POINT ( 'NONE',  ( 0.1749862499360769500, 1.837530996695474500, 0.04999999999999999600 ) ) ;
#8806 = CARTESIAN_POINT ( 'NONE',  ( -1.225000000000000100, 0.3250000000000000700, 0.2030000000000000100 ) ) ;
#8807 = ORIENTED_EDGE ( 'NONE', *, *, #347, .F. ) ;
#8808 = SURFACE_STYLE_FILL_AREA ( #1140 ) ;
#8809 = DIRECTION ( 'NONE',  ( -1.000000000000000000, 0.0000000000000000000, 0.0000000000000000000 ) ) ;
#8810 = COLOUR_RGB ( '',1.000000000000000000, 1.000000000000000000, 1.000000000000000000 ) ;
#8811 = CARTESIAN_POINT ( 'NONE',  ( -1.712500000000000100, -0.8499999999999999800, 0.0000000000000000000 ) ) ;
#8812 = COLOUR_RGB ( '',0.2509803921568627400, 0.2509803921568627400, 0.2509803921568627400 ) ;
#8813 = EDGE_LOOP ( 'NONE', ( #3295, #6305, #7305, #5758 ) ) ;
#8814 = ORIENTED_EDGE ( 'NONE', *, *, #453, .F. ) ;
#8815 = DIRECTION ( 'NONE',  ( 0.0000000000000000000, 1.000000000000000000, -0.0000000000000000000 ) ) ;
#8816 = CIRCLE ( 'NONE', #7583, 0.04999996264625481600 ) ;
#8817 = LINE ( 'NONE', #8775, #288 ) ;
#8818 = CARTESIAN_POINT ( 'NONE',  ( -1.200000000000000000, 0.8499999999999999800, 0.04999999999999999600 ) ) ;
#8819 = STYLED_ITEM ( 'NONE', ( #156 ), #4473 ) ;
#8820 = ORIENTED_EDGE ( 'NONE', *, *, #1757, .F. ) ;
#8821 = EDGE_CURVE ( 'NONE', #8381, #439, #7233, .T. ) ;
#8822 = ORIENTED_EDGE ( 'NONE', *, *, #6093, .F. ) ;
#8823 = CARTESIAN_POINT ( 'NONE',  ( -0.5500000000000000400, -0.6999999999999999600, 0.04999999999999999600 ) ) ;
#8824 = DIRECTION ( 'NONE',  ( -0.0000000000000000000, 0.0000000000000000000, 1.000000000000000000 ) ) ;
#8825 = LINE ( 'NONE', #4050, #2646 ) ;
#8826 = DIRECTION ( 'NONE',  ( -1.000000000000000000, 0.0000000000000000000, 0.0000000000000000000 ) ) ;
#8827 = PLANE ( 'NONE',  #7406 ) ;
#8828 = CARTESIAN_POINT ( 'NONE',  ( 0.0000000000000000000, 0.0000000000000000000, 0.0000000000000000000 ) ) ;
#8829 = ORIENTED_EDGE ( 'NONE', *, *, #5183, .F. ) ;
#8830 = ORIENTED_EDGE ( 'NONE', *, *, #6728, .T. ) ;
#8831 = EDGE_CURVE ( 'NONE', #8296, #9009, #4781, .T. ) ;
#8832 = EDGE_CURVE ( 'NONE', #9501, #7241, #9681, .T. ) ;
#8833 = DIRECTION ( 'NONE',  ( 0.0000000000000000000, 1.000000000000000000, 0.0000000000000000000 ) ) ;
#8834 = CARTESIAN_POINT ( 'NONE',  ( 0.0000000000000000000, 0.0000000000000000000, 0.8000000000000000400 ) ) ;
#8835 = EDGE_LOOP ( 'NONE', ( #80, #1232, #2088, #2270 ) ) ;
#8836 = ORIENTED_EDGE ( 'NONE', *, *, #8212, .F. ) ;
#8837 = VECTOR ( 'NONE', #9190, 1000.000000000000000 ) ;
#8838 = CIRCLE ( 'NONE', #6556, 0.04998625954667033200 ) ;
#8839 = DIRECTION ( 'NONE',  ( 0.0000000000000000000, -1.000000000000000000, 0.0000000000000000000 ) ) ;
#8840 = DIRECTION ( 'NONE',  ( 0.0000000000000000000, 1.000000000000000000, 0.0000000000000000000 ) ) ;
#8841 = DIRECTION ( 'NONE',  ( 0.0000000000000000000, 0.0000000000000000000, 1.000000000000000000 ) ) ;
#8842 = EDGE_CURVE ( 'NONE', #6962, #7091, #2230, .T. ) ;
#8843 = ORIENTED_EDGE ( 'NONE', *, *, #8831, .T. ) ;
#8844 = AXIS2_PLACEMENT_3D ( 'NONE', #1902, #300, #5514 ) ;
#8845 = ORIENTED_EDGE ( 'NONE', *, *, #4738, .F. ) ;
#8846 = DIRECTION ( 'NONE',  ( -0.0000000000000000000, -0.0000000000000000000, -1.000000000000000000 ) ) ;
#8847 = CARTESIAN_POINT ( 'NONE',  ( -1.524999999999999900, 1.625000000000000200, 0.2030000000000000100 ) ) ;
#8848 = CIRCLE ( 'NONE', #2256, 0.04999996264625471100 ) ;
#8849 = LINE ( 'NONE', #6504, #9074 ) ;
#8850 = ADVANCED_FACE ( 'NONE', ( #7931 ), #9115, .F. ) ;
#8851 = LINE ( 'NONE', #8720, #6171 ) ;
#8852 = PLANE ( 'NONE',  #9041 ) ;
#8853 = ORIENTED_EDGE ( 'NONE', *, *, #511, .T. ) ;
#8854 = EDGE_LOOP ( 'NONE', ( #6098, #3556, #2239, #951 ) ) ;
#8855 = LINE ( 'NONE', #8437, #6871 ) ;
#8856 = EDGE_CURVE ( 'NONE', #5542, #8632, #1989, .T. ) ;
#8857 = LINE ( 'NONE', #1128, #9084 ) ;
#8858 = CARTESIAN_POINT ( 'NONE',  ( 0.2000000000000000100, -0.5000000000000000000, 0.0000000000000000000 ) ) ;
#8859 = EDGE_CURVE ( 'NONE', #2385, #9212, #7708, .T. ) ;
#8860 = VECTOR ( 'NONE', #5983, 1000.000000000000000 ) ;
#8861 = MECHANICAL_DESIGN_GEOMETRIC_PRESENTATION_REPRESENTATION (  '', ( #8731 ), #9357 ) ;
#8862 = AXIS2_PLACEMENT_3D ( 'NONE', #1025, #7765, #3362 ) ;
#8863 = CIRCLE ( 'NONE', #4667, 0.04999996264625471100 ) ;
#8864 = ORIENTED_EDGE ( 'NONE', *, *, #1990, .F. ) ;
#8865 = ORIENTED_EDGE ( 'NONE', *, *, #6420, .T. ) ;
#8866 = LINE ( 'NONE', #1878, #9334 ) ;
#8867 = DIRECTION ( 'NONE',  ( 1.000000000000000000, 0.0000000000000000000, 0.0000000000000000000 ) ) ;
#8868 = DIRECTION ( 'NONE',  ( -0.0000000000000000000, -0.0000000000000000000, -1.000000000000000000 ) ) ;
#8869 = DIRECTION ( 'NONE',  ( -0.0000000000000000000, 0.0000000000000000000, 1.000000000000000000 ) ) ;
#8870 = CIRCLE ( 'NONE', #6983, 0.04998625954667008900 ) ;
#8871 = CIRCLE ( 'NONE', #544, 0.09999992529250950600 ) ;
#8872 = ORIENTED_EDGE ( 'NONE', *, *, #1597, .T. ) ;
#8873 = CARTESIAN_POINT ( 'NONE',  ( -0.8750000000000000000, 1.375000000000000000, 0.04999999999999999600 ) ) ;
#8874 = VERTEX_POINT ( 'NONE', #6194 ) ;
#8875 = AXIS2_PLACEMENT_3D ( 'NONE', #1963, #7860, #5022 ) ;
#8876 = DIRECTION ( 'NONE',  ( 1.000000000000000000, 0.0000000000000000000, 0.0000000000000000000 ) ) ;
#8877 = ORIENTED_EDGE ( 'NONE', *, *, #5944, .F. ) ;
#8878 = DIRECTION ( 'NONE',  ( -0.0000000000000000000, -0.0000000000000000000, -1.000000000000000000 ) ) ;
#8879 = VECTOR ( 'NONE', #4983, 1000.000000000000000 ) ;
#8880 = VECTOR ( 'NONE', #1606, 1000.000000000000000 ) ;
#8881 = VERTEX_POINT ( 'NONE', #9144 ) ;
#8882 = DIRECTION ( 'NONE',  ( 1.000000000000000000, 0.0000000000000000000, 0.0000000000000000000 ) ) ;
#8883 = DIRECTION ( 'NONE',  ( -0.0000000000000000000, -0.0000000000000000000, -1.000000000000000000 ) ) ;
#8884 = ORIENTED_EDGE ( 'NONE', *, *, #3139, .F. ) ;
#8885 = DIRECTION ( 'NONE',  ( -1.000000000000000000, 0.0000000000000000000, 0.0000000000000000000 ) ) ;
#8886 = COLOUR_RGB ( '',1.000000000000000000, 1.000000000000000000, 1.000000000000000000 ) ;
#8887 = COLOUR_RGB ( '',1.000000000000000000, 1.000000000000000000, 1.000000000000000000 ) ;
#8888 = ORIENTED_EDGE ( 'NONE', *, *, #2758, .T. ) ;
#8889 = AXIS2_PLACEMENT_3D ( 'NONE', #5646, #7876, #4974 ) ;
#8890 = EDGE_CURVE ( 'NONE', #163, #7842, #8048, .T. ) ;
#8891 = EDGE_CURVE ( 'NONE', #3631, #6399, #1404, .T. ) ;
#8892 = ORIENTED_EDGE ( 'NONE', *, *, #8642, .F. ) ;
#8893 = SURFACE_STYLE_FILL_AREA ( #7060 ) ;
#8894 = DIRECTION ( 'NONE',  ( -0.0000000000000000000, 0.0000000000000000000, 1.000000000000000000 ) ) ;
#8895 = CARTESIAN_POINT ( 'NONE',  ( -0.2750000000000000200, -0.0000000000000000000, 0.05000000000000000300 ) ) ;
#8896 = ORIENTED_EDGE ( 'NONE', *, *, #3908, .F. ) ;
#8897 = PLANE ( 'NONE',  #7421 ) ;
#8898 = LINE ( 'NONE', #4345, #954 ) ;
#8899 = ORIENTED_EDGE ( 'NONE', *, *, #5431, .F. ) ;
#8900 = PLANE ( 'NONE',  #8314 ) ;
#8901 = CARTESIAN_POINT ( 'NONE',  ( -1.524999999999999900, -1.550000000000000300, 0.0000000000000000000 ) ) ;
#8902 = UNCERTAINTY_MEASURE_WITH_UNIT (LENGTH_MEASURE( 1.000000000000000100E-005 ), #4728, 'distance_accuracy_value', 'NONE');
#8903 = AXIS2_PLACEMENT_3D ( 'NONE', #8282, #1585, #2943 ) ;
#8904 = DIRECTION ( 'NONE',  ( 1.000000000000000000, 0.0000000000000000000, 0.0000000000000000000 ) ) ;
#8905 = ORIENTED_EDGE ( 'NONE', *, *, #3280, .F. ) ;
#8906 = AXIS2_PLACEMENT_3D ( 'NONE', #6846, #5321, #7841 ) ;
#8907 = CARTESIAN_POINT ( 'NONE',  ( -0.1750566836383621000, 1.374986044749599200, 0.2030000000000000100 ) ) ;
#8908 = LINE ( 'NONE', #4744, #2719 ) ;
#8909 = ORIENTED_EDGE ( 'NONE', *, *, #6286, .F. ) ;
#8910 = ORIENTED_EDGE ( 'NONE', *, *, #8430, .F. ) ;
#8911 = VECTOR ( 'NONE', #6550, 1000.000000000000000 ) ;
#8912 = DIRECTION ( 'NONE',  ( -1.000000000000000000, 0.0000000000000000000, 0.0000000000000000000 ) ) ;
#8913 = ADVANCED_FACE ( 'NONE', ( #2102 ), #1033, .T. ) ;
#8914 = DIRECTION ( 'NONE',  ( -0.0000000000000000000, -0.0000000000000000000, -1.000000000000000000 ) ) ;
#8915 = DIRECTION ( 'NONE',  ( 0.0000000000000000000, 0.0000000000000000000, 1.000000000000000000 ) ) ;
#8916 =( NAMED_UNIT ( * ) SI_UNIT ( $, .STERADIAN. ) SOLID_ANGLE_UNIT ( ) );
#8917 = ORIENTED_EDGE ( 'NONE', *, *, #6343, .F. ) ;
#8918 = CARTESIAN_POINT ( 'NONE',  ( -1.712500000000000100, 0.5749999999999999600, 0.0000000000000000000 ) ) ;
#8919 = EDGE_LOOP ( 'NONE', ( #5868, #6904, #7210, #5617 ) ) ;
#8920 = FACE_OUTER_BOUND ( 'NONE', #3244, .T. ) ;
#8921 = CYLINDRICAL_SURFACE ( 'NONE', #4397, 0.02499998132312751500 ) ;
#8922 = AXIS2_PLACEMENT_3D ( 'NONE', #5733, #9419, #7250 ) ;
#8923 = AXIS2_PLACEMENT_3D ( 'NONE', #8761, #9517, #5048 ) ;
#8924 = ORIENTED_EDGE ( 'NONE', *, *, #8536, .T. ) ;
#8925 = DIRECTION ( 'NONE',  ( -0.0000000000000000000, -0.0000000000000000000, -1.000000000000000000 ) ) ;
#8926 = ORIENTED_EDGE ( 'NONE', *, *, #382, .F. ) ;
#8927 = LINE ( 'NONE', #1673, #2742 ) ;
#8928 = DIRECTION ( 'NONE',  ( -0.0000000000000000000, 0.0000000000000000000, 1.000000000000000000 ) ) ;
#8929 = VECTOR ( 'NONE', #9202, 1000.000000000000000 ) ;
#8930 = EDGE_CURVE ( 'NONE', #7184, #2658, #7815, .T. ) ;
#8931 = CARTESIAN_POINT ( 'NONE',  ( -0.0000000000000000000, -1.875000000000000000, 0.0000000000000000000 ) ) ;
#8932 = ORIENTED_EDGE ( 'NONE', *, *, #1436, .F. ) ;
#8933 = AXIS2_PLACEMENT_3D ( 'NONE', #5751, #5852, #1961 ) ;
#8934 = DIRECTION ( 'NONE',  ( -0.0000000000000000000, -0.0000000000000000000, -1.000000000000000000 ) ) ;
#8935 = ORIENTED_EDGE ( 'NONE', *, *, #9651, .T. ) ;
#8936 = VERTEX_POINT ( 'NONE', #4571 ) ;
#8937 = FACE_OUTER_BOUND ( 'NONE', #2419, .T. ) ;
#8938 = DIRECTION ( 'NONE',  ( -0.0000000000000000000, 0.0000000000000000000, 1.000000000000000000 ) ) ;
#8939 = ORIENTED_EDGE ( 'NONE', *, *, #1029, .T. ) ;
#8940 = ORIENTED_EDGE ( 'NONE', *, *, #6829, .T. ) ;
#8941 = ORIENTED_EDGE ( 'NONE', *, *, #2289, .T. ) ;
#8942 = CIRCLE ( 'NONE', #5580, 0.04998625954667031100 ) ;
#8943 = CARTESIAN_POINT ( 'NONE',  ( -2.026232172824051100E-016, 0.2152124981999999100, 0.8009000000000000600 ) ) ;
#8944 =( GEOMETRIC_REPRESENTATION_CONTEXT ( 3 ) GLOBAL_UNCERTAINTY_ASSIGNED_CONTEXT ( ( #3106 ) ) GLOBAL_UNIT_ASSIGNED_CONTEXT ( ( #339, #7888, #1804 ) ) REPRESENTATION_CONTEXT ( 'NONE', 'WORKASPACE' ) );
#8945 = ADVANCED_FACE ( 'NONE', ( #2571 ), #7007, .F. ) ;
#8946 = EDGE_CURVE ( 'NONE', #5399, #9280, #567, .T. ) ;
#8947 = DIRECTION ( 'NONE',  ( -0.0000000000000000000, 0.0000000000000000000, 1.000000000000000000 ) ) ;
#8948 = EDGE_LOOP ( 'NONE', ( #8163, #4489, #1122, #5822 ) ) ;
#8949 = ORIENTED_EDGE ( 'NONE', *, *, #7437, .F. ) ;
#8950 = EDGE_LOOP ( 'NONE', ( #3182, #6068, #6429, #5060 ) ) ;
#8951 = VECTOR ( 'NONE', #1422, 1000.000000000000000 ) ;
#8952 = LINE ( 'NONE', #5274, #7214 ) ;
#8953 = VERTEX_POINT ( 'NONE', #1899 ) ;
#8954 = CARTESIAN_POINT ( 'NONE',  ( 0.1200077991000000100, 0.1344677397000000100, 0.8009000000000000600 ) ) ;
#8955 = CARTESIAN_POINT ( 'NONE',  ( 0.5500000000000000400, 0.0000000000000000000, 0.2030000000000000100 ) ) ;
#8956 = DIRECTION ( 'NONE',  ( -0.0000000000000000000, 0.0000000000000000000, 1.000000000000000000 ) ) ;
#8957 = ADVANCED_FACE ( 'NONE', ( #6527 ), #1869, .T. ) ;
#8958 = DIRECTION ( 'NONE',  ( -1.000000000000000000, 0.0000000000000000000, 0.0000000000000000000 ) ) ;
#8959 = PRESENTATION_LAYER_ASSIGNMENT (  '', '', ( #7098 ) ) ;
#8960 = VERTEX_POINT ( 'NONE', #8499 ) ;
#8961 = ORIENTED_EDGE ( 'NONE', *, *, #7720, .F. ) ;
#8962 = EDGE_CURVE ( 'NONE', #5144, #1897, #3839, .T. ) ;
#8963 = EDGE_CURVE ( 'NONE', #6653, #3004, #5465, .T. ) ;
#8964 = VECTOR ( 'NONE', #4642, 1000.000000000000000 ) ;
#8965 = VECTOR ( 'NONE', #5943, 1000.000000000000000 ) ;
#8966 = CARTESIAN_POINT ( 'NONE',  ( -1.588079297753362200, 1.546851659654180400, 0.7500000000000000000 ) ) ;
#8967 = ORIENTED_EDGE ( 'NONE', *, *, #3314, .F. ) ;
#8968 = ORIENTED_EDGE ( 'NONE', *, *, #6366, .T. ) ;
#8969 = EDGE_LOOP ( 'NONE', ( #2691, #4634, #381, #2306 ) ) ;
#8970 = LINE ( 'NONE', #1858, #8736 ) ;
#8971 = VECTOR ( 'NONE', #2438, 1000.000000000000000 ) ;
#8972 = EDGE_CURVE ( 'NONE', #8408, #665, #5002, .T. ) ;
#8973 = AXIS2_PLACEMENT_3D ( 'NONE', #4086, #1015, #318 ) ;
#8974 = VERTEX_POINT ( 'NONE', #8568 ) ;
#8975 = CARTESIAN_POINT ( 'NONE',  ( 1.740000000000000000, 0.04177593392591787100, 0.04999999999999999600 ) ) ;
#8976 = ORIENTED_EDGE ( 'NONE', *, *, #3629, .F. ) ;
#8977 = VECTOR ( 'NONE', #2842, 1000.000000000000000 ) ;
#8978 = LINE ( 'NONE', #8801, #2238 ) ;
#8979 = CARTESIAN_POINT ( 'NONE',  ( 0.6750000000000000400, 1.325000000000000000, 0.2030000000000000100 ) ) ;
#8980 = VERTEX_POINT ( 'NONE', #7110 ) ;
#8981 = DIRECTION ( 'NONE',  ( -1.000000000000000000, 0.0000000000000000000, 0.0000000000000000000 ) ) ;
#8982 = VERTEX_POINT ( 'NONE', #6291 ) ;
#8983 = EDGE_CURVE ( 'NONE', #5245, #8310, #4299, .T. ) ;
#8984 = DIRECTION ( 'NONE',  ( 0.0008110297413749792100, 0.9999996711153251700, 0.0000000000000000000 ) ) ;
#8985 = EDGE_CURVE ( 'NONE', #8033, #5468, #9186, .T. ) ;
#8986 = PRESENTATION_STYLE_ASSIGNMENT (( #7387 ) ) ;
#8987 = DIRECTION ( 'NONE',  ( 1.000000000000000000, 0.0000000000000000000, 0.0000000000000000000 ) ) ;
#8988 = AXIS2_PLACEMENT_3D ( 'NONE', #1246, #2708, #7899 ) ;
#8989 =( LENGTH_UNIT ( ) NAMED_UNIT ( * ) SI_UNIT ( .MILLI., .METRE. ) );
#8990 =( LENGTH_UNIT ( ) NAMED_UNIT ( * ) SI_UNIT ( .MILLI., .METRE. ) );
#8991 = ADVANCED_FACE ( 'NONE', ( #2665 ), #1765, .F. ) ;
#8992 = DIRECTION ( 'NONE',  ( 1.000000000000000000, 0.0000000000000000000, 0.0000000000000000000 ) ) ;
#8993 = ORIENTED_EDGE ( 'NONE', *, *, #6568, .F. ) ;
#8994 = PLANE ( 'NONE',  #1395 ) ;
#8995 = DIRECTION ( 'NONE',  ( -0.0000000000000000000, 0.0000000000000000000, 1.000000000000000000 ) ) ;
#8996 = VECTOR ( 'NONE', #9558, 1000.000000000000000 ) ;
#8997 = ORIENTED_EDGE ( 'NONE', *, *, #1481, .F. ) ;
#8998 = AXIS2_PLACEMENT_3D ( 'NONE', #8661, #4266, #3462 ) ;
#8999 = EDGE_CURVE ( 'NONE', #2991, #452, #4886, .T. ) ;
#9000 = ADVANCED_FACE ( 'NONE', ( #3495 ), #5962, .T. ) ;
#9001 = DIRECTION ( 'NONE',  ( -1.000000000000000000, 6.593761234081947600E-013, 0.0000000000000000000 ) ) ;
#9002 = ORIENTED_EDGE ( 'NONE', *, *, #276, .F. ) ;
#9003 = VECTOR ( 'NONE', #5589, 1000.000000000000000 ) ;
#9004 = CARTESIAN_POINT ( 'NONE',  ( -0.2193119439447634400, 0.2152124981999999900, 0.8009000000000000600 ) ) ;
#9005 = ORIENTED_EDGE ( 'NONE', *, *, #6153, .T. ) ;
#9006 = VERTEX_POINT ( 'NONE', #1134 ) ;
#9007 = AXIS2_PLACEMENT_3D ( 'NONE', #7659, #3855, #3176 ) ;
#9008 = FACE_OUTER_BOUND ( 'NONE', #1699, .T. ) ;
#9009 = VERTEX_POINT ( 'NONE', #7733 ) ;
#9010 = EDGE_CURVE ( 'NONE', #3819, #2285, #7468, .T. ) ;
#9011 = FACE_OUTER_BOUND ( 'NONE', #1814, .T. ) ;
#9012 = DIRECTION ( 'NONE',  ( -0.0000000000000000000, -0.0000000000000000000, -1.000000000000000000 ) ) ;
#9013 = DIRECTION ( 'NONE',  ( 1.000000000000000000, 0.0000000000000000000, 0.0000000000000000000 ) ) ;
#9014 = CARTESIAN_POINT ( 'NONE',  ( 1.740000000000000000, 1.865000000000000200, 0.05000000000000000300 ) ) ;
#9015 = UNCERTAINTY_MEASURE_WITH_UNIT (LENGTH_MEASURE( 1.000000000000000100E-005 ), #7487, 'distance_accuracy_value', 'NONE');
#9016 = CARTESIAN_POINT ( 'NONE',  ( 0.5500000000000000400, 0.0000000000000000000, 0.0000000000000000000 ) ) ;
#9017 = VECTOR ( 'NONE', #2783, 1000.000000000000000 ) ;
#9018 = DIRECTION ( 'NONE',  ( 0.0000000000000000000, -0.0000000000000000000, 1.000000000000000000 ) ) ;
#9019 = EDGE_LOOP ( 'NONE', ( #7063, #5505, #1651, #6562 ) ) ;
#9020 = ORIENTED_EDGE ( 'NONE', *, *, #5547, .F. ) ;
#9021 = LINE ( 'NONE', #8766, #3191 ) ;
#9022 = CARTESIAN_POINT ( 'NONE',  ( -0.8667759339259176700, 1.865000000000000200, 0.04999999999999999600 ) ) ;
#9023 = VECTOR ( 'NONE', #7672, 999.9999999999998900 ) ;
#9024 = PLANE ( 'NONE',  #8903 ) ;
#9025 = ORIENTED_EDGE ( 'NONE', *, *, #5042, .F. ) ;
#9026 = EDGE_CURVE ( 'NONE', #3972, #8500, #6752, .T. ) ;
#9027 = AXIS2_PLACEMENT_3D ( 'NONE', #8284, #1588, #2948 ) ;
#9028 = VERTEX_POINT ( 'NONE', #4067 ) ;
#9029 = CARTESIAN_POINT ( 'NONE',  ( 1.712500000000000100, 1.075000000000000000, 0.2030000000000000100 ) ) ;
#9030 = LINE ( 'NONE', #9061, #6818 ) ;
#9031 = DIRECTION ( 'NONE',  ( 1.000000000000000000, 0.0000000000000000000, 0.0000000000000000000 ) ) ;
#9032 = ADVANCED_FACE ( 'NONE', ( #8158 ), #5685, .T. ) ;
#9033 = ORIENTED_EDGE ( 'NONE', *, *, #9602, .F. ) ;
#9034 = EDGE_CURVE ( 'NONE', #7130, #535, #8497, .T. ) ;
#9035 = EDGE_LOOP ( 'NONE', ( #4051, #717, #2321, #5654 ) ) ;
#9036 = CARTESIAN_POINT ( 'NONE',  ( -1.225000000000000100, 0.3250000000000000700, 0.0000000000000000000 ) ) ;
#9037 = EDGE_CURVE ( 'NONE', #4823, #5572, #4653, .T. ) ;
#9038 = AXIS2_PLACEMENT_3D ( 'NONE', #6896, #6863, #2401 ) ;
#9039 = ORIENTED_EDGE ( 'NONE', *, *, #7276, .T. ) ;
#9040 = VECTOR ( 'NONE', #1911, 1000.000000000000000 ) ;
#9041 = AXIS2_PLACEMENT_3D ( 'NONE', #5079, #602, #5849 ) ;
#9042 = LINE ( 'NONE', #491, #9634 ) ;
#9043 = CARTESIAN_POINT ( 'NONE',  ( 1.740000000000000000, -0.1417759339259178900, 0.04999999999999999600 ) ) ;
#9044 = CARTESIAN_POINT ( 'NONE',  ( -1.740000000000000000, 1.066775933925917700, 0.2030000000000000100 ) ) ;
#9045 = DIRECTION ( 'NONE',  ( -0.0000000000000000000, 0.0000000000000000000, -1.000000000000000000 ) ) ;
#9046 = ORIENTED_EDGE ( 'NONE', *, *, #5686, .T. ) ;
#9047 = CARTESIAN_POINT ( 'NONE',  ( 0.5999999999999999800, 0.05000000000000000300, 0.04999999999999999600 ) ) ;
#9048 = VERTEX_POINT ( 'NONE', #4160 ) ;
#9049 = ADVANCED_FACE ( 'NONE', ( #2434 ), #3452, .T. ) ;
#9050 = ORIENTED_EDGE ( 'NONE', *, *, #3440, .F. ) ;
#9051 = CIRCLE ( 'NONE', #5904, 0.04998625954667008900 ) ;
#9052 = DIRECTION ( 'NONE',  ( 0.0000000000000000000, 1.000000000000000000, -0.0000000000000000000 ) ) ;
#9053 = EDGE_CURVE ( 'NONE', #1113, #618, #306, .T. ) ;
#9054 = AXIS2_PLACEMENT_3D ( 'NONE', #4958, #6490, #1241 ) ;
#9055 = DIRECTION ( 'NONE',  ( 1.000000000000000000, 0.0000000000000000000, 0.0000000000000000000 ) ) ;
#9056 = ORIENTED_EDGE ( 'NONE', *, *, #5562, .F. ) ;
#9057 = ORIENTED_EDGE ( 'NONE', *, *, #554, .T. ) ;
#9058 = SURFACE_SIDE_STYLE ('',( #6028 ) ) ;
#9059 = VECTOR ( 'NONE', #5553, 1000.000000000000000 ) ;
#9060 = DIRECTION ( 'NONE',  ( -0.0000000000000000000, 0.0000000000000000000, 1.000000000000000000 ) ) ;
#9061 = CARTESIAN_POINT ( 'NONE',  ( 0.1749999999999999900, 1.325000000000000000, 0.2030000000000000100 ) ) ;
#9062 = ORIENTED_EDGE ( 'NONE', *, *, #6966, .T. ) ;
#9063 = VERTEX_POINT ( 'NONE', #6384 ) ;
#9064 = CARTESIAN_POINT ( 'NONE',  ( 0.5999999626462407800, -0.8000000373537592400, 0.2030000000000000100 ) ) ;
#9065 = STYLED_ITEM ( 'NONE', ( #7657 ), #6089 ) ;
#9066 = CYLINDRICAL_SURFACE ( 'NONE', #7640, 0.04998625954667031100 ) ;
#9067 = EDGE_CURVE ( 'NONE', #3517, #7245, #6060, .T. ) ;
#9068 = LINE ( 'NONE', #4395, #4643 ) ;
#9069 = EDGE_CURVE ( 'NONE', #8401, #6142, #434, .T. ) ;
#9070 = DIRECTION ( 'NONE',  ( 0.0000000000000000000, -1.000000000000000000, 0.0000000000000000000 ) ) ;
#9071 = VERTEX_POINT ( 'NONE', #2058 ) ;
#9072 = VERTEX_POINT ( 'NONE', #7268 ) ;
#9073 = PRESENTATION_STYLE_ASSIGNMENT (( #8466 ) ) ;
#9074 = VECTOR ( 'NONE', #4356, 1000.000000000000000 ) ;
#9075 = CARTESIAN_POINT ( 'NONE',  ( -0.1250000000000000000, 1.499999999999999800, 0.0000000000000000000 ) ) ;
#9076 = DIRECTION ( 'NONE',  ( -0.0000000000000000000, -0.0000000000000000000, -1.000000000000000000 ) ) ;
#9077 = EDGE_CURVE ( 'NONE', #9674, #3614, #6402, .T. ) ;
#9078 = EDGE_CURVE ( 'NONE', #6868, #903, #1517, .T. ) ;
#9079 = DIRECTION ( 'NONE',  ( -0.0000000000000000000, -0.0000000000000000000, -1.000000000000000000 ) ) ;
#9080 = EDGE_LOOP ( 'NONE', ( #4633, #1200, #6240, #3791 ) ) ;
#9081 = ADVANCED_FACE ( 'NONE', ( #1267 ), #9429, .F. ) ;
#9082 = FILL_AREA_STYLE_COLOUR ( '', #2126 ) ;
#9083 = DIRECTION ( 'NONE',  ( 1.000000000000000000, 0.0000000000000000000, 0.0000000000000000000 ) ) ;
#9084 = VECTOR ( 'NONE', #497, 1000.000000000000000 ) ;
#9085 = EDGE_LOOP ( 'NONE', ( #1427, #4766, #8750, #2445 ) ) ;
#9086 = CARTESIAN_POINT ( 'NONE',  ( 0.1332240660740823300, 1.865000000000000200, 0.2030000000000000100 ) ) ;
#9087 = DIRECTION ( 'NONE',  ( 0.0000000000000000000, -1.000000000000000000, 0.0000000000000000000 ) ) ;
#9088 = VECTOR ( 'NONE', #1116, 1000.000000000000000 ) ;
#9089 = ORIENTED_EDGE ( 'NONE', *, *, #8983, .F. ) ;
#9090 = EDGE_LOOP ( 'NONE', ( #200, #752, #264, #3300, #2167, #7100 ) ) ;
#9091 = CARTESIAN_POINT ( 'NONE',  ( -1.225000000000000100, 0.3250000000000000700, 0.04999999999999999600 ) ) ;
#9092 = FACE_OUTER_BOUND ( 'NONE', #863, .T. ) ;
#9093 = CIRCLE ( 'NONE', #2365, 0.4066519701324284900 ) ;
#9094 = ADVANCED_FACE ( 'NONE', ( #5721 ), #7912, .T. ) ;
#9095 = EDGE_CURVE ( 'NONE', #7502, #6010, #7695, .T. ) ;
#9096 = CARTESIAN_POINT ( 'NONE',  ( -0.2000000000000000100, -0.5000000000000000000, 0.04999999999999999600 ) ) ;
#9097 = FILL_AREA_STYLE ('',( #7627 ) ) ;
#9098 = AXIS2_PLACEMENT_3D ( 'NONE', #7155, #9221, #284 ) ;
#9099 = AXIS2_PLACEMENT_3D ( 'NONE', #1252, #3515, #4903 ) ;
#9100 = CARTESIAN_POINT ( 'NONE',  ( -0.1250000000000000000, 1.499999999999999800, 0.2030000000000000100 ) ) ;
#9101 = CARTESIAN_POINT ( 'NONE',  ( 0.2554399259999999800, 0.0000000000000000000, 0.8009000000000000600 ) ) ;
#9102 = ORIENTED_EDGE ( 'NONE', *, *, #4278, .F. ) ;
#9103 = DIRECTION ( 'NONE',  ( 1.000000000000000000, 0.0000000000000000000, 0.0000000000000000000 ) ) ;
#9104 = VECTOR ( 'NONE', #4166, 1000.000000000000000 ) ;
#9105 = FACE_OUTER_BOUND ( 'NONE', #2294, .T. ) ;
#9106 = ORIENTED_EDGE ( 'NONE', *, *, #6027, .F. ) ;
#9107 = EDGE_CURVE ( 'NONE', #3686, #9404, #907, .T. ) ;
#9108 = DIRECTION ( 'NONE',  ( -0.0000000000000000000, -0.0000000000000000000, -1.000000000000000000 ) ) ;
#9109 = DIRECTION ( 'NONE',  ( 0.0000000000000000000, -0.0000000000000000000, 1.000000000000000000 ) ) ;
#9110 = AXIS2_PLACEMENT_3D ( 'NONE', #2524, #2564, #7778 ) ;
#9111 = DIRECTION ( 'NONE',  ( 1.000000000000000000, 0.0000000000000000000, -0.0000000000000000000 ) ) ;
#9112 = VERTEX_POINT ( 'NONE', #3528 ) ;
#9113 = FACE_OUTER_BOUND ( 'NONE', #7531, .T. ) ;
#9114 = FACE_OUTER_BOUND ( 'NONE', #7400, .T. ) ;
#9115 = PLANE ( 'NONE',  #9415 ) ;
#9116 = ORIENTED_EDGE ( 'NONE', *, *, #4923, .F. ) ;
#9117 = PLANE ( 'NONE',  #1993 ) ;
#9118 = DIRECTION ( 'NONE',  ( 1.000000000000000000, 0.0000000000000000000, -0.0000000000000000000 ) ) ;
#9119 = ORIENTED_EDGE ( 'NONE', *, *, #3665, .F. ) ;
#9120 =( NAMED_UNIT ( * ) PLANE_ANGLE_UNIT ( ) SI_UNIT ( $, .RADIAN. ) );
#9121 = CARTESIAN_POINT ( 'NONE',  ( -0.2209826877447634800, 0.1766074064980616700, 0.8009000000000000600 ) ) ;
#9122 = SURFACE_SIDE_STYLE ('',( #9480 ) ) ;
#9123 = CIRCLE ( 'NONE', #5548, 0.05003631351710522600 ) ;
#9124 = FACE_OUTER_BOUND ( 'NONE', #9684, .T. ) ;
#9125 = EDGE_LOOP ( 'NONE', ( #6392, #5220, #5836, #1704, #6118, #4413, #7168, #3962, #8935, #5603, #3900, #5037, #4205, #5664 ) ) ;
#9126 = AXIS2_PLACEMENT_3D ( 'NONE', #3940, #8468, #4008 ) ;
#9127 = EDGE_CURVE ( 'NONE', #6898, #3134, #8851, .T. ) ;
#9128 = DIRECTION ( 'NONE',  ( -0.4828911962129576700, -0.8756803598459992300, 0.0000000000000000000 ) ) ;
#9129 = CARTESIAN_POINT ( 'NONE',  ( -0.2250137500639230700, -1.837530996695474500, 0.04999999999999999600 ) ) ;
#9130 = CARTESIAN_POINT ( 'NONE',  ( -1.712500000000000100, -0.6500000000000001300, 0.0000000000000000000 ) ) ;
#9131 = DIRECTION ( 'NONE',  ( -1.000000000000000000, 4.338000811896037200E-015, 0.0000000000000000000 ) ) ;
#9132 = CIRCLE ( 'NONE', #4838, 0.04998625954667008900 ) ;
#9133 = ORIENTED_EDGE ( 'NONE', *, *, #7832, .T. ) ;
#9134 = FACE_OUTER_BOUND ( 'NONE', #2833, .T. ) ;
#9135 = DIRECTION ( 'NONE',  ( -0.0000000000000000000, 0.0000000000000000000, 1.000000000000000000 ) ) ;
#9136 = EDGE_CURVE ( 'NONE', #6344, #3360, #4063, .T. ) ;
#9137 = ORIENTED_EDGE ( 'NONE', *, *, #9268, .T. ) ;
#9138 = EDGE_CURVE ( 'NONE', #9006, #3567, #2218, .T. ) ;
#9139 = ORIENTED_EDGE ( 'NONE', *, *, #5447, .F. ) ;
#9140 = PLANE ( 'NONE',  #350 ) ;
#9141 = ORIENTED_EDGE ( 'NONE', *, *, #396, .F. ) ;
#9142 = ADVANCED_FACE ( 'NONE', ( #786 ), #1981, .T. ) ;
#9143 = FACE_OUTER_BOUND ( 'NONE', #7834, .T. ) ;
#9144 = CARTESIAN_POINT ( 'NONE',  ( -1.740000000000000000, -1.358224066074082300, 0.04999999999999999600 ) ) ;
#9145 = CARTESIAN_POINT ( 'NONE',  ( -0.1721671182000000000, 0.0000000000000000000, 0.8009000000000000600 ) ) ;
#9146 = ORIENTED_EDGE ( 'NONE', *, *, #6800, .T. ) ;
#9147 = CARTESIAN_POINT ( 'NONE',  ( -0.6420000000000000200, 1.875000000000000000, 0.2030000000000000100 ) ) ;
#9148 = DIRECTION ( 'NONE',  ( -1.000000000000000000, 0.0000000000000000000, 0.0000000000000000000 ) ) ;
#9149 = VERTEX_POINT ( 'NONE', #664 ) ;
#9150 = CARTESIAN_POINT ( 'NONE',  ( 0.2000000000000000100, -1.000000000000000000, 0.04999999999999999600 ) ) ;
#9151 = CARTESIAN_POINT ( 'NONE',  ( 0.0000000000000000000, 0.0000000000000000000, 0.2030000000000000100 ) ) ;
#9152 = PLANE ( 'NONE',  #2288 ) ;
#9153 = VERTEX_POINT ( 'NONE', #8823 ) ;
#9154 = VECTOR ( 'NONE', #4698, 1000.000000000000000 ) ;
#9155 = CARTESIAN_POINT ( 'NONE',  ( -0.1000000000000000100, 0.0000000000000000000, 0.2030000000000000100 ) ) ;
#9156 = EDGE_CURVE ( 'NONE', #2901, #4484, #2557, .T. ) ;
#9157 = VECTOR ( 'NONE', #2150, 1000.000000000000000 ) ;
#9158 = MECHANICAL_DESIGN_GEOMETRIC_PRESENTATION_REPRESENTATION (  '', ( #5687 ), #1302 ) ;
#9159 = AXIS2_PLACEMENT_3D ( 'NONE', #5708, #2044, #8004 ) ;
#9160 = VERTEX_POINT ( 'NONE', #1405 ) ;
#9161 = EDGE_LOOP ( 'NONE', ( #2584, #8133, #8853, #8268, #8638, #5786 ) ) ;
#9162 = CARTESIAN_POINT ( 'NONE',  ( -0.0000000000000000000, -1.700000000000000000, 0.0000000000000000000 ) ) ;
#9163 = DIRECTION ( 'NONE',  ( 0.0000000000000000000, -1.000000000000000000, 0.0000000000000000000 ) ) ;
#9164 = CARTESIAN_POINT ( 'NONE',  ( 1.200000000000000000, 0.3499999999999999800, 0.2030000000000000100 ) ) ;
#9165 = FACE_OUTER_BOUND ( 'NONE', #58, .T. ) ;
#9166 = CARTESIAN_POINT ( 'NONE',  ( 1.712500000000000100, -0.8499999999999999800, 0.2030000000000000100 ) ) ;
#9167 = DIRECTION ( 'NONE',  ( 0.0000000000000000000, -0.0000000000000000000, 1.000000000000000000 ) ) ;
#9168 = EDGE_CURVE ( 'NONE', #2275, #3268, #6985, .T. ) ;
#9169 = EDGE_CURVE ( 'NONE', #579, #8266, #9670, .T. ) ;
#9170 = VERTEX_POINT ( 'NONE', #2890 ) ;
#9171 = AXIS2_PLACEMENT_3D ( 'NONE', #3867, #4564, #6801 ) ;
#9172 = VERTEX_POINT ( 'NONE', #5812 ) ;
#9173 = ORIENTED_EDGE ( 'NONE', *, *, #3416, .F. ) ;
#9174 =( LENGTH_UNIT ( ) NAMED_UNIT ( * ) SI_UNIT ( .MILLI., .METRE. ) );
#9175 = AXIS2_PLACEMENT_3D ( 'NONE', #9472, #6500, #7261 ) ;
#9176 = VECTOR ( 'NONE', #3292, 1000.000000000000000 ) ;
#9177 = DIRECTION ( 'NONE',  ( -1.000000000000000000, 0.0000000000000000000, 0.0000000000000000000 ) ) ;
#9178 = ORIENTED_EDGE ( 'NONE', *, *, #3616, .F. ) ;
#9179 = VECTOR ( 'NONE', #1913, 1000.000000000000000 ) ;
#9180 = AXIS2_PLACEMENT_3D ( 'NONE', #5182, #9644, #2827 ) ;
#9181 = DIRECTION ( 'NONE',  ( -1.000000000000000000, 0.0000000000000000000, 0.0000000000000000000 ) ) ;
#9182 = DIRECTION ( 'NONE',  ( -0.0000000000000000000, -0.0000000000000000000, -1.000000000000000000 ) ) ;
#9183 =( NAMED_UNIT ( * ) SI_UNIT ( $, .STERADIAN. ) SOLID_ANGLE_UNIT ( ) );
#9184 = EDGE_LOOP ( 'NONE', ( #6405, #378, #383, #1324 ) ) ;
#9185 = ORIENTED_EDGE ( 'NONE', *, *, #7213, .F. ) ;
#9186 = LINE ( 'NONE', #1099, #5240 ) ;
#9187 = UNCERTAINTY_MEASURE_WITH_UNIT (LENGTH_MEASURE( 1.000000000000000100E-005 ), #8413, 'distance_accuracy_value', 'NONE');
#9188 = ADVANCED_FACE ( 'NONE', ( #1021 ), #2219, .F. ) ;
#9189 = DIRECTION ( 'NONE',  ( 0.0000000000000000000, -1.000000000000000000, 0.0000000000000000000 ) ) ;
#9190 = DIRECTION ( 'NONE',  ( 0.0000000000000000000, 1.000000000000000000, 0.0000000000000000000 ) ) ;
#9191 = ORIENTED_EDGE ( 'NONE', *, *, #1689, .T. ) ;
#9192 = AXIS2_PLACEMENT_3D ( 'NONE', #5460, #324, #9338 ) ;
#9193 = ORIENTED_EDGE ( 'NONE', *, *, #3168, .T. ) ;
#9194 = EDGE_CURVE ( 'NONE', #1370, #1920, #1156, .T. ) ;
#9195 = EDGE_CURVE ( 'NONE', #5104, #2339, #556, .T. ) ;
#9196 = CIRCLE ( 'NONE', #8923, 0.04998625954667008900 ) ;
#9197 = LINE ( 'NONE', #5743, #5250 ) ;
#9198 =( NAMED_UNIT ( * ) PLANE_ANGLE_UNIT ( ) SI_UNIT ( $, .RADIAN. ) );
#9199 = ORIENTED_EDGE ( 'NONE', *, *, #7937, .T. ) ;
#9200 = VECTOR ( 'NONE', #4315, 1000.000000000000000 ) ;
#9201 = CARTESIAN_POINT ( 'NONE',  ( 0.0000000000000000000, -1.550000000000000300, 0.0000000000000000000 ) ) ;
#9202 = DIRECTION ( 'NONE',  ( 0.0000000000000000000, -1.000000000000000000, 0.0000000000000000000 ) ) ;
#9203 = EDGE_LOOP ( 'NONE', ( #5124, #4545, #810, #6588 ) ) ;
#9204 = DIRECTION ( 'NONE',  ( -0.0000000000000000000, -0.0000000000000000000, -1.000000000000000000 ) ) ;
#9205 = VECTOR ( 'NONE', #7218, 1000.000000000000000 ) ;
#9206 = CARTESIAN_POINT ( 'NONE',  ( -0.03633650262043652100, 0.02016510538834628100, 0.8009000000000000600 ) ) ;
#9207 = VECTOR ( 'NONE', #9535, 1000.000000000000000 ) ;
#9208 = FACE_OUTER_BOUND ( 'NONE', #4434, .T. ) ;
#9209 = ORIENTED_EDGE ( 'NONE', *, *, #2935, .F. ) ;
#9210 = AXIS2_PLACEMENT_3D ( 'NONE', #6761, #716, #2975 ) ;
#9211 = DIRECTION ( 'NONE',  ( 0.0000000000000000000, -0.0000000000000000000, -1.000000000000000000 ) ) ;
#9212 = VERTEX_POINT ( 'NONE', #2085 ) ;
#9213 = FACE_OUTER_BOUND ( 'NONE', #3820, .T. ) ;
#9214 = DIRECTION ( 'NONE',  ( -0.0000000000000000000, -0.0000000000000000000, -1.000000000000000000 ) ) ;
#9215 = DIRECTION ( 'NONE',  ( -0.0000000000000000000, 0.0000000000000000000, 1.000000000000000000 ) ) ;
#9216 = DIRECTION ( 'NONE',  ( 0.0000000000000000000, -1.000000000000000000, 0.0000000000000000000 ) ) ;
#9217 = EDGE_LOOP ( 'NONE', ( #9611, #636, #8072, #1669 ) ) ;
#9218 = ORIENTED_EDGE ( 'NONE', *, *, #8999, .F. ) ;
#9219 = EDGE_CURVE ( 'NONE', #2079, #3557, #8613, .T. ) ;
#9220 = FACE_OUTER_BOUND ( 'NONE', #1313, .T. ) ;
#9221 = DIRECTION ( 'NONE',  ( 0.0000000000000000000, 0.0000000000000000000, 1.000000000000000000 ) ) ;
#9222 = DIRECTION ( 'NONE',  ( -1.000000000000000000, 0.0000000000000000000, 0.0000000000000000000 ) ) ;
#9223 = DIRECTION ( 'NONE',  ( -1.000000000000000000, 0.0000000000000000000, 0.0000000000000000000 ) ) ;
#9224 = LINE ( 'NONE', #5823, #7260 ) ;
#9225 = ORIENTED_EDGE ( 'NONE', *, *, #3168, .F. ) ;
#9226 = CARTESIAN_POINT ( 'NONE',  ( -1.740000000000000000, -1.865000000000000200, 0.2029999999999999600 ) ) ;
#9227 = DIRECTION ( 'NONE',  ( 0.0000000000000000000, 0.0000000000000000000, 1.000000000000000000 ) ) ;
#9228 = DIRECTION ( 'NONE',  ( -0.0008110297413745396700, -0.9999996711153251700, 0.0000000000000000000 ) ) ;
#9229 = DIRECTION ( 'NONE',  ( -0.0000000000000000000, -0.0000000000000000000, -1.000000000000000000 ) ) ;
#9230 = DIRECTION ( 'NONE',  ( -1.000000000000000000, 0.0000000000000000000, 0.0000000000000000000 ) ) ;
#9231 = EDGE_LOOP ( 'NONE', ( #6051, #1014, #9435, #7686 ) ) ;
#9232 = CIRCLE ( 'NONE', #5097, 0.04998625954667033200 ) ;
#9233 = ORIENTED_EDGE ( 'NONE', *, *, #7469, .T. ) ;
#9234 = LINE ( 'NONE', #2411, #2262 ) ;
#9235 = EDGE_CURVE ( 'NONE', #2210, #5474, #6648, .T. ) ;
#9236 = CARTESIAN_POINT ( 'NONE',  ( -1.141999999999999900, -1.875000000000000000, 0.2030000000000000100 ) ) ;
#9237 = AXIS2_PLACEMENT_3D ( 'NONE', #1137, #9315, #405 ) ;
#9238 = ADVANCED_FACE ( 'NONE', ( #4538 ), #8852, .T. ) ;
#9239 = CARTESIAN_POINT ( 'NONE',  ( 1.200000000000000000, 0.0000000000000000000, 0.05000000000000000300 ) ) ;
#9240 = ORIENTED_EDGE ( 'NONE', *, *, #5279, .F. ) ;
#9241 = VECTOR ( 'NONE', #2361, 1000.000000000000000 ) ;
#9242 = ORIENTED_EDGE ( 'NONE', *, *, #8297, .T. ) ;
#9243 = ORIENTED_EDGE ( 'NONE', *, *, #9282, .F. ) ;
#9244 = CARTESIAN_POINT ( 'NONE',  ( 0.5999999999999999800, 0.05000000000000000300, 0.2030000000000000100 ) ) ;
#9245 = VECTOR ( 'NONE', #2604, 1000.000000000000000 ) ;
#9246 = CARTESIAN_POINT ( 'NONE',  ( -1.750000000000000000, -0.6669000000000001600, 0.2030000000000000100 ) ) ;
#9247 = DIRECTION ( 'NONE',  ( 0.0000000000000000000, 1.000000000000000000, 0.0000000000000000000 ) ) ;
#9248 = CARTESIAN_POINT ( 'NONE',  ( -0.0000000000000000000, 0.8249999999999999600, 0.0000000000000000000 ) ) ;
#9249 = ORIENTED_EDGE ( 'NONE', *, *, #5291, .F. ) ;
#9250 = AXIS2_PLACEMENT_3D ( 'NONE', #7347, #5178, #635 ) ;
#9251 = VECTOR ( 'NONE', #4521, 1000.000000000000000 ) ;
#9252 = VERTEX_POINT ( 'NONE', #8049 ) ;
#9253 = ORIENTED_EDGE ( 'NONE', *, *, #3685, .F. ) ;
#9254 = EDGE_CURVE ( 'NONE', #7344, #727, #9068, .T. ) ;
#9255 = VERTEX_POINT ( 'NONE', #5916 ) ;
#9256 = CIRCLE ( 'NONE', #9312, 0.04998625954667008900 ) ;
#9257 = CARTESIAN_POINT ( 'NONE',  ( 0.8750000000000000000, 0.0000000000000000000, 0.2030000000000000100 ) ) ;
#9258 = LINE ( 'NONE', #7641, #270 ) ;
#9259 = DIRECTION ( 'NONE',  ( 1.000000000000000000, 0.0000000000000000000, 0.0000000000000000000 ) ) ;
#9260 =( NAMED_UNIT ( * ) PLANE_ANGLE_UNIT ( ) SI_UNIT ( $, .RADIAN. ) );
#9261 = VERTEX_POINT ( 'NONE', #6651 ) ;
#9262 = CARTESIAN_POINT ( 'NONE',  ( -1.712500000000000100, 0.3250000000000000700, 0.04999999999999999600 ) ) ;
#9263 = CARTESIAN_POINT ( 'NONE',  ( -1.740000000000000000, -1.865000000000000200, 0.8000000000000000400 ) ) ;
#9264 = CARTESIAN_POINT ( 'NONE',  ( 0.0000000000000000000, -0.6500000000000001300, 0.2030000000000000100 ) ) ;
#9265 = VERTEX_POINT ( 'NONE', #7404 ) ;
#9266 = LINE ( 'NONE', #5896, #5684 ) ;
#9267 = AXIS2_PLACEMENT_3D ( 'NONE', #6516, #8088, #5159 ) ;
#9268 = EDGE_CURVE ( 'NONE', #5198, #3149, #5595, .T. ) ;
#9269 = EDGE_CURVE ( 'NONE', #7245, #4151, #1859, .T. ) ;
#9270 = CARTESIAN_POINT ( 'NONE',  ( 1.250000000000000000, 1.075000000000000000, 0.2030000000000000100 ) ) ;
#9271 = DIRECTION ( 'NONE',  ( 0.0000000000000000000, 1.000000000000000000, 0.0000000000000000000 ) ) ;
#9272 = VERTEX_POINT ( 'NONE', #7500 ) ;
#9273 = FACE_OUTER_BOUND ( 'NONE', #8813, .T. ) ;
#9274 = CARTESIAN_POINT ( 'NONE',  ( -0.0000000000000000000, -1.700000000000000000, 0.0000000000000000000 ) ) ;
#9275 = CIRCLE ( 'NONE', #6713, 0.05003631351710528100 ) ;
#9276 = LINE ( 'NONE', #6632, #1167 ) ;
#9277 = DIRECTION ( 'NONE',  ( -1.000000000000000000, 0.0000000000000000000, 0.0000000000000000000 ) ) ;
#9278 = DIRECTION ( 'NONE',  ( 1.000000000000000000, 0.0000000000000000000, 0.0000000000000000000 ) ) ;
#9279 = ORIENTED_EDGE ( 'NONE', *, *, #6404, .F. ) ;
#9280 = VERTEX_POINT ( 'NONE', #3114 ) ;
#9281 = SURFACE_STYLE_USAGE ( .BOTH. , #5191 ) ;
#9282 = EDGE_CURVE ( 'NONE', #1390, #142, #9305, .T. ) ;
#9283 = VECTOR ( 'NONE', #8052, 1000.000000000000000 ) ;
#9284 = AXIS2_PLACEMENT_3D ( 'NONE', #5573, #4843, #7196 ) ;
#9285 = ADVANCED_FACE ( 'NONE', ( #1967 ), #851, .F. ) ;
#9286 = CARTESIAN_POINT ( 'NONE',  ( 0.0000000000000000000, 1.875000000000000000, 0.2030000000000000100 ) ) ;
#9287 = DIRECTION ( 'NONE',  ( -1.000000000000000000, -9.415030213259482400E-016, 0.0000000000000000000 ) ) ;
#9288 = ORIENTED_EDGE ( 'NONE', *, *, #2801, .F. ) ;
#9289 = ORIENTED_EDGE ( 'NONE', *, *, #5214, .T. ) ;
#9290 = CARTESIAN_POINT ( 'NONE',  ( -1.740000000000000000, 1.865000000000000200, 0.8000000000000000400 ) ) ;
#9291 = ORIENTED_EDGE ( 'NONE', *, *, #7412, .F. ) ;
#9292 = PLANE ( 'NONE',  #9110 ) ;
#9293 = CARTESIAN_POINT ( 'NONE',  ( 1.712530996695474700, 1.575013750063923200, 0.04999999999999999600 ) ) ;
#9294 = VECTOR ( 'NONE', #517, 1000.000000000000000 ) ;
#9295 = SHAPE_DEFINITION_REPRESENTATION ( #6586, #2444 ) ;
#9296 = DIRECTION ( 'NONE',  ( -0.9999996711153252800, 0.0008110297413745397800, 0.0000000000000000000 ) ) ;
#9297 = EDGE_CURVE ( 'NONE', #6549, #4668, #4419, .T. ) ;
#9298 = AXIS2_PLACEMENT_3D ( 'NONE', #627, #531, #7337 ) ;
#9299 = DIRECTION ( 'NONE',  ( -0.0000000000000000000, 0.0000000000000000000, 1.000000000000000000 ) ) ;
#9300 = VERTEX_POINT ( 'NONE', #2986 ) ;
#9301 = VERTEX_POINT ( 'NONE', #2363 ) ;
#9302 = VECTOR ( 'NONE', #4020, 1000.000000000000000 ) ;
#9303 = DIRECTION ( 'NONE',  ( 1.000000000000000000, -0.0000000000000000000, -0.0000000000000000000 ) ) ;
#9304 = CARTESIAN_POINT ( 'NONE',  ( 0.03404548842395866600, -0.01885082682407697800, 0.8009000000000000600 ) ) ;
#9305 = LINE ( 'NONE', #6062, #5344 ) ;
#9307 = ORIENTED_EDGE ( 'NONE', *, *, #4542, .F. ) ;
#9306 = CARTESIAN_POINT ( 'NONE',  ( 0.3667128715228555900, 1.865000000000000200, 0.2030000000000000100 ) ) ;
#9308 = CARTESIAN_POINT ( 'NONE',  ( 0.0000000000000000000, 1.325000000000000000, 0.2030000000000000100 ) ) ;
#9309 = ORIENTED_EDGE ( 'NONE', *, *, #714, .T. ) ;
#9310 = CARTESIAN_POINT ( 'NONE',  ( -0.2000000000000000100, -1.700000000000000000, 0.2030000000000000100 ) ) ;
#9311 = VERTEX_POINT ( 'NONE', #47 ) ;
#9312 = AXIS2_PLACEMENT_3D ( 'NONE', #3658, #2930, #2863 ) ;
#9313 = SURFACE_STYLE_FILL_AREA ( #4691 ) ;
#9314 = CYLINDRICAL_SURFACE ( 'NONE', #4992, 0.04999996264625471100 ) ;
#9315 = DIRECTION ( 'NONE',  ( -0.0000000000000000000, -0.0000000000000000000, -1.000000000000000000 ) ) ;
#9316 = LINE ( 'NONE', #5905, #321 ) ;
#9317 = CARTESIAN_POINT ( 'NONE',  ( 0.0000000000000000000, -0.1499999999999999900, 0.05000000000000000300 ) ) ;
#9318 = EDGE_CURVE ( 'NONE', #1204, #8705, #9417, .T. ) ;
#9319 = CARTESIAN_POINT ( 'NONE',  ( -1.712530996695474700, -0.8000137500639229500, 0.0000000000000000000 ) ) ;
#9320 = ORIENTED_EDGE ( 'NONE', *, *, #3065, .F. ) ;
#9321 = VERTEX_POINT ( 'NONE', #7568 ) ;
#9322 = SURFACE_STYLE_FILL_AREA ( #3909 ) ;
#9323 = LINE ( 'NONE', #7728, #8505 ) ;
#9324 = CARTESIAN_POINT ( 'NONE',  ( 0.1250000000000000000, 1.837499999999999900, 0.04999999999999999600 ) ) ;
#9325 = CARTESIAN_POINT ( 'NONE',  ( 1.712500000000000100, -1.350000000000000100, 0.2030000000000000100 ) ) ;
#9326 = CARTESIAN_POINT ( 'NONE',  ( -1.712530996695474700, -0.8000137500639229500, 0.2030000000000000100 ) ) ;
#9327 = AXIS2_PLACEMENT_3D ( 'NONE', #4878, #7107, #8651 ) ;
#9328 = LINE ( 'NONE', #9290, #7128 ) ;
#9329 = CARTESIAN_POINT ( 'NONE',  ( 0.6249999903894066800, 1.837530996695474500, 0.04999999999999999600 ) ) ;
#9330 = EDGE_CURVE ( 'NONE', #8563, #8556, #4172, .T. ) ;
#9331 = EDGE_CURVE ( 'NONE', #1071, #2210, #9660, .T. ) ;
#9332 = DIRECTION ( 'NONE',  ( 0.0000000000000000000, 0.0000000000000000000, -1.000000000000000000 ) ) ;
#9333 = VERTEX_POINT ( 'NONE', #3710 ) ;
#9334 = VECTOR ( 'NONE', #5792, 1000.000000000000000 ) ;
#9335 = VECTOR ( 'NONE', #7935, 1000.000000000000000 ) ;
#9336 = LINE ( 'NONE', #8503, #3046 ) ;
#9337 = ORIENTED_EDGE ( 'NONE', *, *, #2454, .T. ) ;
#9338 = DIRECTION ( 'NONE',  ( 0.4788311833334387700, -0.8779069984158337500, 0.0000000000000000000 ) ) ;
#9339 = DIRECTION ( 'NONE',  ( -0.0000000000000000000, 0.0000000000000000000, 1.000000000000000000 ) ) ;
#9340 = CARTESIAN_POINT ( 'NONE',  ( 0.0000000000000000000, -1.200000000000000000, 0.0000000000000000000 ) ) ;
#9341 = DIRECTION ( 'NONE',  ( 1.000000000000000000, 0.0000000000000000000, 0.0000000000000000000 ) ) ;
#9342 = VERTEX_POINT ( 'NONE', #4588 ) ;
#9343 = ADVANCED_FACE ( 'NONE', ( #3619 ), #1599, .F. ) ;
#9344 = COLOUR_RGB ( '',1.000000000000000000, 1.000000000000000000, 1.000000000000000000 ) ;
#9345 = FACE_OUTER_BOUND ( 'NONE', #3811, .T. ) ;
#9346 = ORIENTED_EDGE ( 'NONE', *, *, #3054, .F. ) ;
#9347 = AXIS2_PLACEMENT_3D ( 'NONE', #447, #8672, #5704 ) ;
#9348 = DIRECTION ( 'NONE',  ( 0.0000000000000000000, -0.0000000000000000000, 1.000000000000000000 ) ) ;
#9349 = PLANE ( 'NONE',  #750 ) ;
#9350 = ORIENTED_EDGE ( 'NONE', *, *, #48, .F. ) ;
#9351 = DIRECTION ( 'NONE',  ( 0.0000000000000000000, 1.000000000000000000, 0.0000000000000000000 ) ) ;
#9352 = LINE ( 'NONE', #6046, #124 ) ;
#9353 = ORIENTED_EDGE ( 'NONE', *, *, #8972, .T. ) ;
#9354 = EDGE_CURVE ( 'NONE', #1006, #459, #7455, .T. ) ;
#9355 = EDGE_CURVE ( 'NONE', #2122, #9514, #8372, .T. ) ;
#9356 = CARTESIAN_POINT ( 'NONE',  ( -0.3250137500639230800, 1.837530996695474500, 0.2030000000000000100 ) ) ;
#9357 =( GEOMETRIC_REPRESENTATION_CONTEXT ( 3 ) GLOBAL_UNCERTAINTY_ASSIGNED_CONTEXT ( ( #1253 ) ) GLOBAL_UNIT_ASSIGNED_CONTEXT ( ( #7035, #4031, #8431 ) ) REPRESENTATION_CONTEXT ( 'NONE', 'WORKASPACE' ) );
#9358 = DIRECTION ( 'NONE',  ( -0.0000000000000000000, -0.0000000000000000000, -1.000000000000000000 ) ) ;
#9359 = DIRECTION ( 'NONE',  ( -1.000000000000000000, 0.0000000000000000000, 0.0000000000000000000 ) ) ;
#9360 = DIRECTION ( 'NONE',  ( -0.0000000000000000000, 0.0000000000000000000, 1.000000000000000000 ) ) ;
#9361 = VECTOR ( 'NONE', #8194, 1000.000000000000000 ) ;
#9362 = ORIENTED_EDGE ( 'NONE', *, *, #6218, .T. ) ;
#9363 = DIRECTION ( 'NONE',  ( 0.0000000000000000000, -1.000000000000000000, 0.0000000000000000000 ) ) ;
#9364 = DIRECTION ( 'NONE',  ( 0.0000000000000000000, -0.0000000000000000000, 1.000000000000000000 ) ) ;
#9365 = DIRECTION ( 'NONE',  ( 0.0000000000000000000, 0.0000000000000000000, 1.000000000000000000 ) ) ;
#9366 = EDGE_LOOP ( 'NONE', ( #6936, #6491, #9536, #6360 ) ) ;
#9367 = EDGE_LOOP ( 'NONE', ( #6011, #6592, #1843, #296 ) ) ;
#9368 = MECHANICAL_DESIGN_GEOMETRIC_PRESENTATION_REPRESENTATION (  '', ( #6814 ), #7339 ) ;
#9369 = VECTOR ( 'NONE', #2227, 1000.000000000000000 ) ;
#9370 = UNCERTAINTY_MEASURE_WITH_UNIT (LENGTH_MEASURE( 1.000000000000000100E-005 ), #964, 'distance_accuracy_value', 'NONE');
#9371 = DIRECTION ( 'NONE',  ( 0.0000000000000000000, 1.000000000000000000, -0.0000000000000000000 ) ) ;
#9372 = CARTESIAN_POINT ( 'NONE',  ( 0.0000000000000000000, -1.000000000000000000, 0.05000000000000000300 ) ) ;
#9373 = VERTEX_POINT ( 'NONE', #724 ) ;
#9374 = CARTESIAN_POINT ( 'NONE',  ( 0.2554399259999999800, -0.1856274672000000100, 0.8008000000000000700 ) ) ;
#9375 = CARTESIAN_POINT ( 'NONE',  ( -1.712500000000000100, 1.625000000000000200, 0.2030000000000000100 ) ) ;
#9376 = ORIENTED_EDGE ( 'NONE', *, *, #7290, .T. ) ;
#9377 = DIRECTION ( 'NONE',  ( -0.0000000000000000000, 0.0000000000000000000, 1.000000000000000000 ) ) ;
#9378 = CARTESIAN_POINT ( 'NONE',  ( 0.04532966549999999800, -2.373629999999999800E-005, 0.8008000000000000700 ) ) ;
#9379 = AXIS2_PLACEMENT_3D ( 'NONE', #6734, #2184, #5974 ) ;
#9380 = EDGE_LOOP ( 'NONE', ( #4979, #7142, #2034, #7992, #8940, #9362, #1567 ) ) ;
#9381 = EDGE_CURVE ( 'NONE', #9642, #5444, #7910, .T. ) ;
#9382 = ADVANCED_FACE ( 'NONE', ( #1144 ), #754, .F. ) ;
#9383 = VERTEX_POINT ( 'NONE', #9036 ) ;
#9384 = ORIENTED_EDGE ( 'NONE', *, *, #9426, .T. ) ;
#9385 = FACE_OUTER_BOUND ( 'NONE', #1784, .T. ) ;
#9386 = CARTESIAN_POINT ( 'NONE',  ( -1.740000000000000000, 0.8332240660740820600, 0.04999999999999999600 ) ) ;
#9387 = DIRECTION ( 'NONE',  ( 1.000000000000000000, 0.0000000000000000000, 0.0000000000000000000 ) ) ;
#9388 = LINE ( 'NONE', #9578, #7885 ) ;
#9389 = CARTESIAN_POINT ( 'NONE',  ( 1.750000000000000000, 0.8418999999999999800, 0.0000000000000000000 ) ) ;
#9390 = ORIENTED_EDGE ( 'NONE', *, *, #8447, .F. ) ;
#9391 = DIRECTION ( 'NONE',  ( -0.0000000000000000000, -0.0000000000000000000, -1.000000000000000000 ) ) ;
#9392 = ORIENTED_EDGE ( 'NONE', *, *, #2337, .T. ) ;
#9393 = CARTESIAN_POINT ( 'NONE',  ( 0.2667128715228555500, -1.865000000000000200, 0.04999999999999999600 ) ) ;
#9394 = ORIENTED_EDGE ( 'NONE', *, *, #82, .T. ) ;
#9395 = DIRECTION ( 'NONE',  ( 1.000000000000000000, 0.0000000000000000000, -0.0000000000000000000 ) ) ;
#9396 =( GEOMETRIC_REPRESENTATION_CONTEXT ( 3 ) GLOBAL_UNCERTAINTY_ASSIGNED_CONTEXT ( ( #3824 ) ) GLOBAL_UNIT_ASSIGNED_CONTEXT ( ( #8989, #7510, #5311 ) ) REPRESENTATION_CONTEXT ( 'NONE', 'WORKASPACE' ) );
#9397 = VECTOR ( 'NONE', #9519, 1000.000000000000000 ) ;
#9398 = EDGE_CURVE ( 'NONE', #6939, #7426, #425, .T. ) ;
#9399 = EDGE_CURVE ( 'NONE', #6796, #1370, #898, .T. ) ;
#9400 = DIRECTION ( 'NONE',  ( 0.0000000000000000000, -0.0000000000000000000, 1.000000000000000000 ) ) ;
#9401 = CARTESIAN_POINT ( 'NONE',  ( 0.2000000000000000100, -0.5000000000000000000, 0.04999999999999999600 ) ) ;
#9402 = DIRECTION ( 'NONE',  ( 0.0000000000000000000, -1.000000000000000000, 0.0000000000000000000 ) ) ;
#9403 = ORIENTED_EDGE ( 'NONE', *, *, #7937, .F. ) ;
#9404 = VERTEX_POINT ( 'NONE', #9004 ) ;
#9405 = ORIENTED_EDGE ( 'NONE', *, *, #9026, .F. ) ;
#9406 = PLANE ( 'NONE',  #913 ) ;
#9407 = VECTOR ( 'NONE', #7676, 1000.000000000000000 ) ;
#9408 = CARTESIAN_POINT ( 'NONE',  ( -1.750000000000000000, 0.03309999999999999700, 0.2030000000000000100 ) ) ;
#9409 = DIRECTION ( 'NONE',  ( 0.4828911962129577300, 0.8756803598459993500, 0.0000000000000000000 ) ) ;
#9410 =( NAMED_UNIT ( * ) SI_UNIT ( $, .STERADIAN. ) SOLID_ANGLE_UNIT ( ) );
#9411 = EDGE_CURVE ( 'NONE', #8250, #5572, #8952, .T. ) ;
#9412 = ORIENTED_EDGE ( 'NONE', *, *, #527, .F. ) ;
#9413 = AXIS2_PLACEMENT_3D ( 'NONE', #5794, #9498, #3579 ) ;
#9414 = VERTEX_POINT ( 'NONE', #3831 ) ;
#9415 = AXIS2_PLACEMENT_3D ( 'NONE', #1698, #7674, #2375 ) ;
#9416 = DIRECTION ( 'NONE',  ( 0.0000000000000000000, -0.0000000000000000000, 1.000000000000000000 ) ) ;
#9417 = LINE ( 'NONE', #1563, #6160 ) ;
#9418 = CARTESIAN_POINT ( 'NONE',  ( -1.712500000000000100, 1.325000000000000000, 0.0000000000000000000 ) ) ;
#9419 = DIRECTION ( 'NONE',  ( 0.0000000000000000000, -0.0000000000000000000, 1.000000000000000000 ) ) ;
#9420 = DIRECTION ( 'NONE',  ( 1.000000000000000000, 0.0000000000000000000, -0.0000000000000000000 ) ) ;
#9421 = VERTEX_POINT ( 'NONE', #2397 ) ;
#9422 = CARTESIAN_POINT ( 'NONE',  ( 0.0000000000000000000, 0.0000000000000000000, 0.8000000000000000400 ) ) ;
#9423 = VERTEX_POINT ( 'NONE', #6181 ) ;
#9424 = CIRCLE ( 'NONE', #1937, 0.04998625954667008900 ) ;
#9425 = FILL_AREA_STYLE_COLOUR ( '', #5735 ) ;
#9426 = EDGE_CURVE ( 'NONE', #6959, #1260, #7804, .T. ) ;
#9427 = CYLINDRICAL_SURFACE ( 'NONE', #9298, 0.04998607688890748000 ) ;
#9428 = ADVANCED_FACE ( 'NONE', ( #8146 ), #1752, .F. ) ;
#9429 = CYLINDRICAL_SURFACE ( 'NONE', #9683, 0.09999992529250950600 ) ;
#9430 = AXIS2_PLACEMENT_3D ( 'NONE', #1842, #4048, #2595 ) ;
#9431 = DIRECTION ( 'NONE',  ( -0.0000000000000000000, -0.0000000000000000000, -1.000000000000000000 ) ) ;
#9432 = DIRECTION ( 'NONE',  ( 0.0000000000000000000, -0.0000000000000000000, -1.000000000000000000 ) ) ;
#9433 = CIRCLE ( 'NONE', #7736, 0.04998607688890758400 ) ;
#9434 = CARTESIAN_POINT ( 'NONE',  ( -1.712530996695474700, 1.575013750063923200, 0.04999999999999999600 ) ) ;
#9435 = ORIENTED_EDGE ( 'NONE', *, *, #7667, .F. ) ;
#9436 = DIRECTION ( 'NONE',  ( -0.0000000000000000000, -0.0000000000000000000, -1.000000000000000000 ) ) ;
#9437 = CARTESIAN_POINT ( 'NONE',  ( 1.712530996695474900, 0.3749862499360769300, 0.2030000000000000100 ) ) ;
#9438 = VECTOR ( 'NONE', #1992, 1000.000000000000000 ) ;
#9439 = COLOUR_RGB ( '',1.000000000000000000, 1.000000000000000000, 1.000000000000000000 ) ;
#9440 = ADVANCED_FACE ( 'NONE', ( #7582 ), #2462, .F. ) ;
#9441 = VERTEX_POINT ( 'NONE', #2498 ) ;
#9442 = LINE ( 'NONE', #2148, #3507 ) ;
#9443 = SURFACE_STYLE_USAGE ( .BOTH. , #1168 ) ;
#9444 = ORIENTED_EDGE ( 'NONE', *, *, #6488, .T. ) ;
#9445 = AXIS2_PLACEMENT_3D ( 'NONE', #5554, #4134, #3333 ) ;
#9446 = ORIENTED_EDGE ( 'NONE', *, *, #7682, .F. ) ;
#9447 = DIRECTION ( 'NONE',  ( 0.0000000000000000000, -0.0000000000000000000, 1.000000000000000000 ) ) ;
#9448 = PLANE ( 'NONE',  #8933 ) ;
#9449 = CARTESIAN_POINT ( 'NONE',  ( 1.225000000000000100, 0.3250000000000000700, 0.0000000000000000000 ) ) ;
#9450 = EDGE_CURVE ( 'NONE', #4901, #9301, #8838, .T. ) ;
#9451 = CIRCLE ( 'NONE', #9159, 0.09999992529250952000 ) ;
#9452 = LINE ( 'NONE', #5020, #6524 ) ;
#9453 = ORIENTED_EDGE ( 'NONE', *, *, #4649, .T. ) ;
#9454 = CARTESIAN_POINT ( 'NONE',  ( 0.0000000000000000000, 0.0000000000000000000, 0.2030000000000000100 ) ) ;
#9455 = CARTESIAN_POINT ( 'NONE',  ( 0.6250000000000000000, 1.375000000000000000, 0.04999999999999999600 ) ) ;
#9456 = EDGE_LOOP ( 'NONE', ( #7443, #4881, #787, #8924 ) ) ;
#9457 = LINE ( 'NONE', #1146, #7830 ) ;
#9458 = CARTESIAN_POINT ( 'NONE',  ( 1.712500000000000100, -0.1499999999999999900, 0.2030000000000000100 ) ) ;
#9459 = DIRECTION ( 'NONE',  ( 1.000000000000000000, 0.0000000000000000000, 0.0000000000000000000 ) ) ;
#9460 = CARTESIAN_POINT ( 'NONE',  ( -0.2750000000000000200, 0.0000000000000000000, 0.0000000000000000000 ) ) ;
#9461 = LINE ( 'NONE', #1853, #7141 ) ;
#9462 = CARTESIAN_POINT ( 'NONE',  ( 1.141899999999999900, 1.875000000000000000, 0.2030000000000000100 ) ) ;
#9463 = CIRCLE ( 'NONE', #4802, 0.04999996264625471100 ) ;
#9464 = ORIENTED_EDGE ( 'NONE', *, *, #6122, .F. ) ;
#9465 = DIRECTION ( 'NONE',  ( 1.000000000000000000, 0.0000000000000000000, 0.0000000000000000000 ) ) ;
#9466 = PRESENTATION_LAYER_ASSIGNMENT (  '', '', ( #8588 ) ) ;
#9467 = CARTESIAN_POINT ( 'NONE',  ( 1.125000000000000200, 1.837499999999999900, 0.2030000000000000100 ) ) ;
#9468 = EDGE_CURVE ( 'NONE', #1694, #8202, #669, .T. ) ;
#9469 = FILL_AREA_STYLE_COLOUR ( '', #5148 ) ;
#9470 = ORIENTED_EDGE ( 'NONE', *, *, #5406, .T. ) ;
#9471 = VECTOR ( 'NONE', #7115, 1000.000000000000000 ) ;
#9472 = CARTESIAN_POINT ( 'NONE',  ( -0.5999999626462408900, 3.735375921879065300E-008, 0.2030000000000000100 ) ) ;
#9473 = ORIENTED_EDGE ( 'NONE', *, *, #6093, .T. ) ;
#9474 = CARTESIAN_POINT ( 'NONE',  ( -1.740000000000000000, -1.865000000000000200, 0.05000000000000000300 ) ) ;
#9475 = CARTESIAN_POINT ( 'NONE',  ( -1.750000000000000000, -1.533099999999999900, 0.2030000000000000100 ) ) ;
#9476 = CIRCLE ( 'NONE', #9210, 0.05003631351710525300 ) ;
#9477 = ORIENTED_EDGE ( 'NONE', *, *, #3349, .T. ) ;
#9478 = EDGE_CURVE ( 'NONE', #1216, #6470, #5951, .T. ) ;
#9479 = AXIS2_PLACEMENT_3D ( 'NONE', #4807, #4083, #8579 ) ;
#9480 = SURFACE_STYLE_FILL_AREA ( #6813 ) ;
#9481 = ORIENTED_EDGE ( 'NONE', *, *, #2077, .F. ) ;
#9482 = STYLED_ITEM ( 'NONE', ( #5372 ), #7928 ) ;
#9483 = DIRECTION ( 'NONE',  ( -0.0000000000000000000, 0.0000000000000000000, 1.000000000000000000 ) ) ;
#9484 = CARTESIAN_POINT ( 'NONE',  ( -0.5999999999999999800, -1.350000000000000100, 0.0000000000000000000 ) ) ;
#9485 = DIRECTION ( 'NONE',  ( 1.000000000000000000, 0.0000000000000000000, 0.0000000000000000000 ) ) ;
#9486 = CARTESIAN_POINT ( 'NONE',  ( -0.6750000000000000400, 1.325000000000000000, 0.04999999999999999600 ) ) ;
#9487 = PLANE ( 'NONE',  #6282 ) ;
#9488 = ORIENTED_EDGE ( 'NONE', *, *, #4594, .F. ) ;
#9489 = LINE ( 'NONE', #8387, #258 ) ;
#9490 = VERTEX_POINT ( 'NONE', #4715 ) ;
#9491 = ORIENTED_EDGE ( 'NONE', *, *, #451, .T. ) ;
#9492 = VECTOR ( 'NONE', #7069, 1000.000000000000000 ) ;
#9493 = EDGE_CURVE ( 'NONE', #2282, #8691, #5119, .T. ) ;
#9494 = PRESENTATION_STYLE_ASSIGNMENT (( #2203 ) ) ;
#9495 = ADVANCED_FACE ( 'NONE', ( #5835 ), #4617, .F. ) ;
#9496 = DIRECTION ( 'NONE',  ( -0.0000000000000000000, -0.0000000000000000000, -1.000000000000000000 ) ) ;
#9497 = STYLED_ITEM ( 'NONE', ( #6070 ), #2839 ) ;
#9498 = DIRECTION ( 'NONE',  ( 0.0000000000000000000, 1.000000000000000000, 0.0000000000000000000 ) ) ;
#9499 = CARTESIAN_POINT ( 'NONE',  ( 0.6750000000000000400, 1.325000000000000000, 0.0000000000000000000 ) ) ;
#9500 = DIRECTION ( 'NONE',  ( -0.0000000000000000000, -0.0000000000000000000, -1.000000000000000000 ) ) ;
#9501 = VERTEX_POINT ( 'NONE', #4644 ) ;
#9502 = FILL_AREA_STYLE_COLOUR ( '', #6087 ) ;
#9503 = EDGE_LOOP ( 'NONE', ( #2043, #1984, #551, #3700, #6970, #6229, #553, #801, #2178, #2163 ) ) ;
#9504 = EDGE_LOOP ( 'NONE', ( #9225, #4057, #7957, #304 ) ) ;
#9505 = FACE_OUTER_BOUND ( 'NONE', #6705, .T. ) ;
#9506 = DIRECTION ( 'NONE',  ( -1.000000000000000000, 0.0000000000000000000, 0.0000000000000000000 ) ) ;
#9507 = CIRCLE ( 'NONE', #6581, 0.04998625954667008900 ) ;
#9508 = DIRECTION ( 'NONE',  ( 0.0000000000000000000, 0.0000000000000000000, 1.000000000000000000 ) ) ;
#9509 = DIRECTION ( 'NONE',  ( -0.0000000000000000000, -0.0000000000000000000, -1.000000000000000000 ) ) ;
#9510 = DIRECTION ( 'NONE',  ( -1.000000000000000000, 0.0000000000000000000, 0.0000000000000000000 ) ) ;
#9511 = PRESENTATION_LAYER_ASSIGNMENT (  '', '', ( #6814 ) ) ;
#9512 =( LENGTH_UNIT ( ) NAMED_UNIT ( * ) SI_UNIT ( .MILLI., .METRE. ) );
#9513 = EDGE_CURVE ( 'NONE', #9153, #2099, #7794, .T. ) ;
#9514 = VERTEX_POINT ( 'NONE', #2715 ) ;
#9515 = VECTOR ( 'NONE', #5347, 1000.000000000000000 ) ;
#9516 = CARTESIAN_POINT ( 'NONE',  ( 0.05961128720910814600, 0.1930581822864809200, 0.8009000000000000600 ) ) ;
#9517 = DIRECTION ( 'NONE',  ( 0.0000000000000000000, -0.0000000000000000000, 1.000000000000000000 ) ) ;
#9518 = CARTESIAN_POINT ( 'NONE',  ( -1.750000000000000000, -0.1331000000000000000, 0.0000000000000000000 ) ) ;
#9519 = DIRECTION ( 'NONE',  ( -0.0000000000000000000, -0.0000000000000000000, -1.000000000000000000 ) ) ;
#9520 = ORIENTED_EDGE ( 'NONE', *, *, #7786, .T. ) ;
#9521 = ORIENTED_EDGE ( 'NONE', *, *, #4841, .F. ) ;
#9522 = DIRECTION ( 'NONE',  ( 1.000000000000000000, 0.0000000000000000000, -0.0000000000000000000 ) ) ;
#9523 = DIRECTION ( 'NONE',  ( 1.000000000000000000, 0.0000000000000000000, 0.0000000000000000000 ) ) ;
#9524 = CIRCLE ( 'NONE', #235, 0.04999996264625471100 ) ;
#9525 = CARTESIAN_POINT ( 'NONE',  ( -1.712500000000000100, 0.05000000000000000300, 0.0000000000000000000 ) ) ;
#9526 = AXIS2_PLACEMENT_3D ( 'NONE', #5527, #6955, #5451 ) ;
#9527 = EDGE_CURVE ( 'NONE', #8874, #7380, #8139, .T. ) ;
#9528 = DIRECTION ( 'NONE',  ( -0.0000000000000000000, -0.0000000000000000000, -1.000000000000000000 ) ) ;
#9529 = ORIENTED_EDGE ( 'NONE', *, *, #8180, .F. ) ;
#9530 = DIRECTION ( 'NONE',  ( -0.0000000000000000000, -0.0000000000000000000, -1.000000000000000000 ) ) ;
#9531 = VERTEX_POINT ( 'NONE', #8524 ) ;
#9532 = ORIENTED_EDGE ( 'NONE', *, *, #1121, .T. ) ;
#9533 = CARTESIAN_POINT ( 'NONE',  ( -1.750000000000000000, 1.058100000000000000, 0.2030000000000000100 ) ) ;
#9534 = VECTOR ( 'NONE', #3407, 1000.000000000000000 ) ;
#9535 = DIRECTION ( 'NONE',  ( 1.000000000000000000, 0.0000000000000000000, 0.0000000000000000000 ) ) ;
#9536 = ORIENTED_EDGE ( 'NONE', *, *, #4109, .F. ) ;
#9537 =( NAMED_UNIT ( * ) SI_UNIT ( $, .STERADIAN. ) SOLID_ANGLE_UNIT ( ) );
#9538 = ORIENTED_EDGE ( 'NONE', *, *, #8316, .F. ) ;
#9539 = ORIENTED_EDGE ( 'NONE', *, *, #824, .T. ) ;
#9540 = EDGE_CURVE ( 'NONE', #6237, #8115, #7902, .T. ) ;
#9541 = DIRECTION ( 'NONE',  ( -0.0000000000000000000, -0.0000000000000000000, -1.000000000000000000 ) ) ;
#9542 = EDGE_CURVE ( 'NONE', #8569, #7727, #8365, .T. ) ;
#9543 = FACE_OUTER_BOUND ( 'NONE', #7451, .T. ) ;
#9544 = DIRECTION ( 'NONE',  ( 1.000000000000000000, 0.0000000000000000000, 0.0000000000000000000 ) ) ;
#9545 = DIRECTION ( 'NONE',  ( -0.0000000000000000000, 0.0000000000000000000, 1.000000000000000000 ) ) ;
#9546 = ADVANCED_FACE ( 'NONE', ( #4165 ), #419, .T. ) ;
#9547 = DIRECTION ( 'NONE',  ( 0.0000000000000000000, -1.000000000000000000, 0.0000000000000000000 ) ) ;
#9548 = ORIENTED_EDGE ( 'NONE', *, *, #1375, .F. ) ;
#9549 = EDGE_LOOP ( 'NONE', ( #8159, #6947, #3469, #9146, #4978, #2847 ) ) ;
#9550 = PLANE ( 'NONE',  #6299 ) ;
#9551 = FACE_OUTER_BOUND ( 'NONE', #3255, .T. ) ;
#9552 = DIRECTION ( 'NONE',  ( -1.000000000000000000, 0.0000000000000000000, 0.0000000000000000000 ) ) ;
#9553 = VECTOR ( 'NONE', #3774, 1000.000000000000000 ) ;
#9554 = ORIENTED_EDGE ( 'NONE', *, *, #3570, .T. ) ;
#9555 = CARTESIAN_POINT ( 'NONE',  ( 0.5999999999999999800, -1.550000000000000300, 0.04999999999999999600 ) ) ;
#9556 = AXIS2_PLACEMENT_3D ( 'NONE', #2535, #2605, #6318 ) ;
#9557 = AXIS2_PLACEMENT_3D ( 'NONE', #6034, #9671, #3085 ) ;
#9558 = DIRECTION ( 'NONE',  ( -0.0000000000000000000, -0.0000000000000000000, -1.000000000000000000 ) ) ;
#9559 = LINE ( 'NONE', #5998, #8386 ) ;
#9560 = ORIENTED_EDGE ( 'NONE', *, *, #2454, .F. ) ;
#9561 = ORIENTED_EDGE ( 'NONE', *, *, #1107, .F. ) ;
#9562 = LINE ( 'NONE', #8169, #4650 ) ;
#9563 = CARTESIAN_POINT ( 'NONE',  ( 0.0000000000000000000, 0.0000000000000000000, 0.8009000000000000600 ) ) ;
#9564 = PLANE ( 'NONE',  #4321 ) ;
#9565 = CARTESIAN_POINT ( 'NONE',  ( 0.0000000000000000000, -0.8499999999999999800, 0.0000000000000000000 ) ) ;
#9566 = DIRECTION ( 'NONE',  ( -0.0000000000000000000, -0.0000000000000000000, -1.000000000000000000 ) ) ;
#9567 = PLANE ( 'NONE',  #1251 ) ;
#9568 = DIRECTION ( 'NONE',  ( -1.000000000000000000, 0.0000000000000000000, 0.0000000000000000000 ) ) ;
#9569 = ORIENTED_EDGE ( 'NONE', *, *, #4937, .T. ) ;
#9570 = CARTESIAN_POINT ( 'NONE',  ( 1.740000000000000000, -1.541775933925917800, 0.2030000000000000100 ) ) ;
#9571 = ORIENTED_EDGE ( 'NONE', *, *, #4265, .F. ) ;
#9572 = AXIS2_PLACEMENT_3D ( 'NONE', #1455, #6563, #6695 ) ;
#9573 = DIRECTION ( 'NONE',  ( 0.0000000000000000000, -1.000000000000000000, 0.0000000000000000000 ) ) ;
#9574 = CIRCLE ( 'NONE', #5185, 0.04999996264625481600 ) ;
#9575 = CARTESIAN_POINT ( 'NONE',  ( 0.8249433163616378700, 1.374986044749599200, 0.04999999999999999600 ) ) ;
#9576 = ORIENTED_EDGE ( 'NONE', *, *, #122, .F. ) ;
#9577 = APPLICATION_PROTOCOL_DEFINITION ( 'draft international standard', 'automotive_design', 1998, #2853 ) ;
#9578 = CARTESIAN_POINT ( 'NONE',  ( 0.1679833953000000000, 0.1358116410000000100, 0.8009000000000000600 ) ) ;
#9579 = CARTESIAN_POINT ( 'NONE',  ( -0.0000000000000000000, 1.875000000000000000, 0.0000000000000000000 ) ) ;
#9580 = ORIENTED_EDGE ( 'NONE', *, *, #1496, .T. ) ;
#9581 = DIRECTION ( 'NONE',  ( 1.000000000000000000, 0.0000000000000000000, 0.0000000000000000000 ) ) ;
#9582 = ORIENTED_EDGE ( 'NONE', *, *, #2004, .T. ) ;
#9583 = SURFACE_STYLE_FILL_AREA ( #8121 ) ;
#9584 = SURFACE_STYLE_FILL_AREA ( #8068 ) ;
#9585 = AXIS2_PLACEMENT_3D ( 'NONE', #9129, #3109, #9001 ) ;
#9586 = DIRECTION ( 'NONE',  ( -1.000000000000000000, 8.881784791873346700E-016, 0.0000000000000000000 ) ) ;
#9587 = EDGE_CURVE ( 'NONE', #8874, #605, #2201, .T. ) ;
#9588 = DIRECTION ( 'NONE',  ( -1.000000000000000000, 0.0000000000000000000, 0.0000000000000000000 ) ) ;
#9589 = EDGE_CURVE ( 'NONE', #2836, #986, #6387, .T. ) ;
#9590 = LINE ( 'NONE', #6815, #5867 ) ;
#9591 = ORIENTED_EDGE ( 'NONE', *, *, #3487, .F. ) ;
#9592 = DIRECTION ( 'NONE',  ( -0.0000000000000000000, -0.0000000000000000000, -1.000000000000000000 ) ) ;
#9593 = FACE_OUTER_BOUND ( 'NONE', #6749, .T. ) ;
#9594 = DIRECTION ( 'NONE',  ( 0.0000000000000000000, 0.0000000000000000000, 1.000000000000000000 ) ) ;
#9595 = VERTEX_POINT ( 'NONE', #320 ) ;
#9596 = ADVANCED_FACE ( 'NONE', ( #6626 ), #1385, .T. ) ;
#9597 = ORIENTED_EDGE ( 'NONE', *, *, #1219, .F. ) ;
#9598 = CYLINDRICAL_SURFACE ( 'NONE', #6002, 0.04998625954667031100 ) ;
#9599 = DIRECTION ( 'NONE',  ( -0.0000000000000000000, -0.0000000000000000000, -1.000000000000000000 ) ) ;
#9600 = AXIS2_PLACEMENT_3D ( 'NONE', #6909, #5416, #8376 ) ;
#9601 = FACE_OUTER_BOUND ( 'NONE', #4370, .T. ) ;
#9602 = EDGE_CURVE ( 'NONE', #3328, #1988, #4760, .T. ) ;
#9603 = EDGE_LOOP ( 'NONE', ( #7629, #8166, #7313, #3187, #6049, #637 ) ) ;
#9604 = MECHANICAL_DESIGN_GEOMETRIC_PRESENTATION_REPRESENTATION (  '', ( #5407 ), #5931 ) ;
#9605 = CARTESIAN_POINT ( 'NONE',  ( 0.5500000000000000400, 0.0000000000000000000, 0.0000000000000000000 ) ) ;
#9606 = DIRECTION ( 'NONE',  ( 1.000000000000000000, 0.0000000000000000000, 0.0000000000000000000 ) ) ;
#9607 = DIRECTION ( 'NONE',  ( -0.0000000000000000000, 0.0000000000000000000, 1.000000000000000000 ) ) ;
#9608 = ORIENTED_EDGE ( 'NONE', *, *, #9235, .T. ) ;
#9609 = VECTOR ( 'NONE', #8147, 1000.000000000000000 ) ;
#9610 = DIRECTION ( 'NONE',  ( 0.0000000000000000000, -0.0000000000000000000, 1.000000000000000000 ) ) ;
#9611 = ORIENTED_EDGE ( 'NONE', *, *, #813, .F. ) ;
#9612 =( NAMED_UNIT ( * ) SI_UNIT ( $, .STERADIAN. ) SOLID_ANGLE_UNIT ( ) );
#9613 = LINE ( 'NONE', #9270, #501 ) ;
#9614 = STYLED_ITEM ( 'NONE', ( #7355 ), #8306 ) ;
#9615 = ORIENTED_EDGE ( 'NONE', *, *, #2468, .F. ) ;
#9616 = LINE ( 'NONE', #1945, #8090 ) ;
#9617 = EDGE_LOOP ( 'NONE', ( #5842, #7801, #1101, #6809 ) ) ;
#9618 = ORIENTED_EDGE ( 'NONE', *, *, #3363, .T. ) ;
#9619 = CARTESIAN_POINT ( 'NONE',  ( -1.524999999999999900, 0.0000000000000000000, 0.2030000000000000100 ) ) ;
#9620 = CARTESIAN_POINT ( 'NONE',  ( 1.712530996695474700, 1.575013750063923200, 0.2030000000000000100 ) ) ;
#9621 = CARTESIAN_POINT ( 'NONE',  ( -1.740000000000000000, -1.865000000000000200, 0.05000000000000000300 ) ) ;
#9622 = VERTEX_POINT ( 'NONE', #4223 ) ;
#9623 = EDGE_CURVE ( 'NONE', #3355, #6172, #2763, .T. ) ;
#9624 = DIRECTION ( 'NONE',  ( -0.0000000000000000000, -0.0000000000000000000, -1.000000000000000000 ) ) ;
#9625 = DIRECTION ( 'NONE',  ( -1.000000000000000000, 0.0000000000000000000, 0.0000000000000000000 ) ) ;
#9626 = AXIS2_PLACEMENT_3D ( 'NONE', #8740, #7933, #9387 ) ;
#9627 = CARTESIAN_POINT ( 'NONE',  ( -0.8750000000000000000, 0.0000000000000000000, 0.0000000000000000000 ) ) ;
#9628 = FACE_OUTER_BOUND ( 'NONE', #4472, .T. ) ;
#9629 = COLOUR_RGB ( '',1.000000000000000000, 1.000000000000000000, 1.000000000000000000 ) ;
#9630 = CARTESIAN_POINT ( 'NONE',  ( -0.02298047224476346500, 0.1206190755154271800, 0.8008000000000000700 ) ) ;
#9631 = ORIENTED_EDGE ( 'NONE', *, *, #9381, .T. ) ;
#9632 = ORIENTED_EDGE ( 'NONE', *, *, #7598, .T. ) ;
#9633 = VECTOR ( 'NONE', #3578, 1000.000000000000000 ) ;
#9634 = VECTOR ( 'NONE', #7975, 1000.000000000000000 ) ;
#9635 = ORIENTED_EDGE ( 'NONE', *, *, #766, .F. ) ;
#9636 = SURFACE_STYLE_USAGE ( .BOTH. , #70 ) ;
#9637 = AXIS2_PLACEMENT_3D ( 'NONE', #5909, #2855, #8915 ) ;
#9638 = ADVANCED_FACE ( 'NONE', ( #6280 ), #2051, .F. ) ;
#9639 = EDGE_LOOP ( 'NONE', ( #9529, #5543, #3171, #1349, #5773, #2402 ) ) ;
#9640 = EDGE_CURVE ( 'NONE', #9642, #9490, #177, .T. ) ;
#9641 = ORIENTED_EDGE ( 'NONE', *, *, #4907, .F. ) ;
#9642 = VERTEX_POINT ( 'NONE', #1854 ) ;
#9643 = CYLINDRICAL_SURFACE ( 'NONE', #4249, 0.09999992529250950600 ) ;
#9644 = DIRECTION ( 'NONE',  ( 0.0000000000000000000, -0.0000000000000000000, 1.000000000000000000 ) ) ;
#9645 = ORIENTED_EDGE ( 'NONE', *, *, #4712, .F. ) ;
#9646 = ORIENTED_EDGE ( 'NONE', *, *, #2629, .F. ) ;
#9647 = VERTEX_POINT ( 'NONE', #6313 ) ;
#9648 = AXIS2_PLACEMENT_3D ( 'NONE', #3770, #721, #3709 ) ;
#9649 = VECTOR ( 'NONE', #3817, 1000.000000000000000 ) ;
#9650 = EDGE_CURVE ( 'NONE', #2196, #297, #3367, .T. ) ;
#9651 = EDGE_CURVE ( 'NONE', #4640, #5859, #5940, .T. ) ;
#9652 = DIRECTION ( 'NONE',  ( 0.0000000000000000000, 0.0000000000000000000, 1.000000000000000000 ) ) ;
#9653 = DIRECTION ( 'NONE',  ( 1.000000000000000000, 0.0000000000000000000, 0.0000000000000000000 ) ) ;
#9654 = CARTESIAN_POINT ( 'NONE',  ( -1.516775933925917700, -1.865000000000000200, 0.2030000000000000100 ) ) ;
#9655 = CARTESIAN_POINT ( 'NONE',  ( -0.2596239155999999800, 0.1766074065000000100, 0.8009000000000000600 ) ) ;
#9656 = DIRECTION ( 'NONE',  ( 0.0000000000000000000, -1.000000000000000000, 0.0000000000000000000 ) ) ;
#9657 = ORIENTED_EDGE ( 'NONE', *, *, #5013, .T. ) ;
#9658 = ORIENTED_EDGE ( 'NONE', *, *, #7478, .T. ) ;
#9659 = LINE ( 'NONE', #3582, #2545 ) ;
#9660 = LINE ( 'NONE', #1627, #7346 ) ;
#9661 = EDGE_CURVE ( 'NONE', #3490, #5322, #8485, .T. ) ;
#9662 = CARTESIAN_POINT ( 'NONE',  ( 0.5500000000000000400, -1.500000000000000000, 0.0000000000000000000 ) ) ;
#9663 = EDGE_LOOP ( 'NONE', ( #7569, #3660, #7523, #4403 ) ) ;
#9664 = AXIS2_PLACEMENT_3D ( 'NONE', #7145, #1103, #4826 ) ;
#9665 = ORIENTED_EDGE ( 'NONE', *, *, #3094, .T. ) ;
#9666 = AXIS2_PLACEMENT_3D ( 'NONE', #6637, #592, #5168 ) ;
#9667 = DIRECTION ( 'NONE',  ( -0.0000000000000000000, 0.0000000000000000000, -1.000000000000000000 ) ) ;
#9668 = LINE ( 'NONE', #1505, #6170 ) ;
#9669 = LINE ( 'NONE', #8008, #93 ) ;
#9670 = LINE ( 'NONE', #7377, #3014 ) ;
#9671 = DIRECTION ( 'NONE',  ( 1.000000000000000000, 0.0000000000000000000, -0.0000000000000000000 ) ) ;
#9672 = DIRECTION ( 'NONE',  ( 0.0008110297413745396700, 0.9999996711153251700, 0.0000000000000000000 ) ) ;
#9673 = ORIENTED_EDGE ( 'NONE', *, *, #7089, .T. ) ;
#9674 = VERTEX_POINT ( 'NONE', #5004 ) ;
#9675 = VERTEX_POINT ( 'NONE', #1049 ) ;
#9676 = LINE ( 'NONE', #7985, #7813 ) ;
#9677 = EDGE_CURVE ( 'NONE', #8982, #7576, #3927, .T. ) ;
#9678 = FACE_OUTER_BOUND ( 'NONE', #1866, .T. ) ;
#9679 = EDGE_CURVE ( 'NONE', #1321, #6836, #8717, .T. ) ;
#9680 = DIRECTION ( 'NONE',  ( 0.0000000000000000000, -1.000000000000000000, 0.0000000000000000000 ) ) ;
#9681 = LINE ( 'NONE', #81, #1280 ) ;
#9682 = PRESENTATION_LAYER_ASSIGNMENT (  '', '', ( #2064 ) ) ;
#9683 = AXIS2_PLACEMENT_3D ( 'NONE', #7171, #7884, #2696 ) ;
#9684 = EDGE_LOOP ( 'NONE', ( #5762, #9199, #3722, #5387 ) ) ;
#9685 = ADVANCED_FACE ( 'NONE', ( #8026 ), #3821, .T. ) ;
#9686 = DIRECTION ( 'NONE',  ( -1.000000000000000000, 0.0000000000000000000, 0.0000000000000000000 ) ) ;
#9687 = VECTOR ( 'NONE', #6219, 1000.000000000000000 ) ;
#9688 = LINE ( 'NONE', #5053, #2685 ) ;
ENDSEC;
END-ISO-10303-21;
